cell_id	orig.ident	dataset	df_classification_column	df_classification	df_pANN_column	df_pANN
GSE222315_AAACCCAAGGGCAACT-1_1_1_1_1	GSE222315_p4_NAT	GSE222315	DF.classifications_0.25_0.005_289	Doublet	pANN_0.25_0.005_289	0.571428571428571
GSE222315_AAACCCAAGTGCCGAA-1_1_1_1_1	GSE222315_p4_NAT	GSE222315	DF.classifications_0.25_0.005_289	Singlet	pANN_0.25_0.005_289	0.119047619047619
GSE222315_AAACCCAGTTTAGTCG-1_1_1_1_1	GSE222315_p4_NAT	GSE222315	DF.classifications_0.25_0.005_289	Singlet	pANN_0.25_0.005_289	0.261904761904762
GSE222315_AAACCCATCCATTCGC-1_1_1_1_1	GSE222315_p4_NAT	GSE222315	DF.classifications_0.25_0.005_289	Singlet	pANN_0.25_0.005_289	0.166666666666667
GSE222315_AAACGAAAGCGGACAT-1_1_1_1_1	GSE222315_p4_NAT	GSE222315	DF.classifications_0.25_0.005_289	Singlet	pANN_0.25_0.005_289	0.19047619047619
GSE222315_AAACGAACAACCAATC-1_1_1_1_1	GSE222315_p4_NAT	GSE222315	DF.classifications_0.25_0.005_289	Singlet	pANN_0.25_0.005_289	0.357142857142857
GSE222315_AAACGAACACCCAATA-1_1_1_1_1	GSE222315_p4_NAT	GSE222315	DF.classifications_0.25_0.005_289	Singlet	pANN_0.25_0.005_289	0.0238095238095238
GSE222315_AAACGAACACTGCGTG-1_1_1_1_1	GSE222315_p4_NAT	GSE222315	DF.classifications_0.25_0.005_289	Singlet	pANN_0.25_0.005_289	0.166666666666667
GSE222315_AAACGAAGTCGGTACC-1_1_1_1_1	GSE222315_p4_NAT	GSE222315	DF.classifications_0.25_0.005_289	Singlet	pANN_0.25_0.005_289	0.0952380952380952
GSE222315_AAACGAAGTGACTAAA-1_1_1_1_1	GSE222315_p4_NAT	GSE222315	DF.classifications_0.25_0.005_289	Singlet	pANN_0.25_0.005_289	0.142857142857143
GSE222315_AAACGAAGTTGACTAC-1_1_1_1_1	GSE222315_p4_NAT	GSE222315	DF.classifications_0.25_0.005_289	Singlet	pANN_0.25_0.005_289	0.19047619047619
GSE222315_AAACGAATCACACCCT-1_1_1_1_1	GSE222315_p4_NAT	GSE222315	DF.classifications_0.25_0.005_289	Singlet	pANN_0.25_0.005_289	0.30952380952381
GSE222315_AAACGAATCCTACACC-1_1_1_1_1	GSE222315_p4_NAT	GSE222315	DF.classifications_0.25_0.005_289	Singlet	pANN_0.25_0.005_289	0.19047619047619
GSE222315_AAACGCTAGATCGCTT-1_1_1_1_1	GSE222315_p4_NAT	GSE222315	DF.classifications_0.25_0.005_289	Singlet	pANN_0.25_0.005_289	0.0476190476190476
GSE222315_AAACGCTCAGCAAGAC-1_1_1_1_1	GSE222315_p4_NAT	GSE222315	DF.classifications_0.25_0.005_289	Singlet	pANN_0.25_0.005_289	0.0476190476190476
GSE222315_AAAGAACCAACCTAAC-1_1_1_1_1	GSE222315_p4_NAT	GSE222315	DF.classifications_0.25_0.005_289	Singlet	pANN_0.25_0.005_289	0.261904761904762
GSE222315_AAAGAACCAGAAGTTA-1_1_1_1_1	GSE222315_p4_NAT	GSE222315	DF.classifications_0.25_0.005_289	Singlet	pANN_0.25_0.005_289	0.30952380952381
GSE222315_AAAGAACGTATCGCGC-1_1_1_1_1	GSE222315_p4_NAT	GSE222315	DF.classifications_0.25_0.005_289	Singlet	pANN_0.25_0.005_289	0.0714285714285714
GSE222315_AAAGAACGTCGCTCGA-1_1_1_1_1	GSE222315_p4_NAT	GSE222315	DF.classifications_0.25_0.005_289	Singlet	pANN_0.25_0.005_289	0.214285714285714
GSE222315_AAAGAACGTGCTGCAC-1_1_1_1_1	GSE222315_p4_NAT	GSE222315	DF.classifications_0.25_0.005_289	Singlet	pANN_0.25_0.005_289	0.119047619047619
GSE222315_AAAGAACGTTGCGAAG-1_1_1_1_1	GSE222315_p4_NAT	GSE222315	DF.classifications_0.25_0.005_289	Singlet	pANN_0.25_0.005_289	0.0476190476190476
GSE222315_AAAGAACGTTGGACTT-1_1_1_1_1	GSE222315_p4_NAT	GSE222315	DF.classifications_0.25_0.005_289	Doublet	pANN_0.25_0.005_289	0.452380952380952
GSE222315_AAAGAACTCCTCACTG-1_1_1_1_1	GSE222315_p4_NAT	GSE222315	DF.classifications_0.25_0.005_289	Singlet	pANN_0.25_0.005_289	0.0476190476190476
GSE222315_AAAGAACTCTCTTCAA-1_1_1_1_1	GSE222315_p4_NAT	GSE222315	DF.classifications_0.25_0.005_289	Singlet	pANN_0.25_0.005_289	0.166666666666667
GSE222315_AAAGGATAGACTAAGT-1_1_1_1_1	GSE222315_p4_NAT	GSE222315	DF.classifications_0.25_0.005_289	Singlet	pANN_0.25_0.005_289	0.0238095238095238
GSE222315_AAAGGATAGCGTGAGT-1_1_1_1_1	GSE222315_p4_NAT	GSE222315	DF.classifications_0.25_0.005_289	Singlet	pANN_0.25_0.005_289	0.119047619047619
GSE222315_AAAGGATAGCTCCATA-1_1_1_1_1	GSE222315_p4_NAT	GSE222315	DF.classifications_0.25_0.005_289	Singlet	pANN_0.25_0.005_289	0.0238095238095238
GSE222315_AAAGGATAGTCACAGG-1_1_1_1_1	GSE222315_p4_NAT	GSE222315	DF.classifications_0.25_0.005_289	Singlet	pANN_0.25_0.005_289	0.357142857142857
GSE222315_AAAGGATCACGGGTAA-1_1_1_1_1	GSE222315_p4_NAT	GSE222315	DF.classifications_0.25_0.005_289	Singlet	pANN_0.25_0.005_289	0.119047619047619
GSE222315_AAAGGATTCTCCGTGT-1_1_1_1_1	GSE222315_p4_NAT	GSE222315	DF.classifications_0.25_0.005_289	Doublet	pANN_0.25_0.005_289	0.476190476190476
GSE222315_AAAGGGCAGTGGTGGT-1_1_1_1_1	GSE222315_p4_NAT	GSE222315	DF.classifications_0.25_0.005_289	Singlet	pANN_0.25_0.005_289	0.380952380952381
GSE222315_AAAGGGCGTAGGACCA-1_1_1_1_1	GSE222315_p4_NAT	GSE222315	DF.classifications_0.25_0.005_289	Singlet	pANN_0.25_0.005_289	0.285714285714286
GSE222315_AAAGGGCGTGTATTCG-1_1_1_1_1	GSE222315_p4_NAT	GSE222315	DF.classifications_0.25_0.005_289	Singlet	pANN_0.25_0.005_289	0.238095238095238
GSE222315_AAAGGTAAGATTACCC-1_1_1_1_1	GSE222315_p4_NAT	GSE222315	DF.classifications_0.25_0.005_289	Singlet	pANN_0.25_0.005_289	0.0952380952380952
GSE222315_AAAGGTAAGCGTGTTT-1_1_1_1_1	GSE222315_p4_NAT	GSE222315	DF.classifications_0.25_0.005_289	Singlet	pANN_0.25_0.005_289	0
GSE222315_AAAGGTAAGCTCCGAC-1_1_1_1_1	GSE222315_p4_NAT	GSE222315	DF.classifications_0.25_0.005_289	Singlet	pANN_0.25_0.005_289	0.0952380952380952
GSE222315_AAAGGTACAATCGCAT-1_1_1_1_1	GSE222315_p4_NAT	GSE222315	DF.classifications_0.25_0.005_289	Singlet	pANN_0.25_0.005_289	0.30952380952381
GSE222315_AAAGGTACACGTTGGC-1_1_1_1_1	GSE222315_p4_NAT	GSE222315	DF.classifications_0.25_0.005_289	Singlet	pANN_0.25_0.005_289	0.0238095238095238
GSE222315_AAAGGTATCGGATTAC-1_1_1_1_1	GSE222315_p4_NAT	GSE222315	DF.classifications_0.25_0.005_289	Singlet	pANN_0.25_0.005_289	0.166666666666667
GSE222315_AAAGTCCAGGCATCTT-1_1_1_1_1	GSE222315_p4_NAT	GSE222315	DF.classifications_0.25_0.005_289	Singlet	pANN_0.25_0.005_289	0.357142857142857
GSE222315_AAAGTCCCAGTGTACT-1_1_1_1_1	GSE222315_p4_NAT	GSE222315	DF.classifications_0.25_0.005_289	Singlet	pANN_0.25_0.005_289	0.333333333333333
GSE222315_AAAGTCCGTCACTAGT-1_1_1_1_1	GSE222315_p4_NAT	GSE222315	DF.classifications_0.25_0.005_289	Singlet	pANN_0.25_0.005_289	0.333333333333333
GSE222315_AAAGTCCTCTAACACG-1_1_1_1_1	GSE222315_p4_NAT	GSE222315	DF.classifications_0.25_0.005_289	Singlet	pANN_0.25_0.005_289	0.214285714285714
GSE222315_AAAGTGAAGATCCAAA-1_1_1_1_1	GSE222315_p4_NAT	GSE222315	DF.classifications_0.25_0.005_289	Singlet	pANN_0.25_0.005_289	0.0714285714285714
GSE222315_AAAGTGAAGGCAATGC-1_1_1_1_1	GSE222315_p4_NAT	GSE222315	DF.classifications_0.25_0.005_289	Singlet	pANN_0.25_0.005_289	0.0952380952380952
GSE222315_AAAGTGAAGGCCTTGC-1_1_1_1_1	GSE222315_p4_NAT	GSE222315	DF.classifications_0.25_0.005_289	Singlet	pANN_0.25_0.005_289	0.142857142857143
GSE222315_AAAGTGACATGGAGAC-1_1_1_1_1	GSE222315_p4_NAT	GSE222315	DF.classifications_0.25_0.005_289	Singlet	pANN_0.25_0.005_289	0.0238095238095238
GSE222315_AAAGTGAGTAGGCAAC-1_1_1_1_1	GSE222315_p4_NAT	GSE222315	DF.classifications_0.25_0.005_289	Singlet	pANN_0.25_0.005_289	0.285714285714286
GSE222315_AAAGTGAGTCTTACAG-1_1_1_1_1	GSE222315_p4_NAT	GSE222315	DF.classifications_0.25_0.005_289	Singlet	pANN_0.25_0.005_289	0.333333333333333
GSE222315_AAAGTGATCAGACAAA-1_1_1_1_1	GSE222315_p4_NAT	GSE222315	DF.classifications_0.25_0.005_289	Singlet	pANN_0.25_0.005_289	0.119047619047619
GSE222315_AAAGTGATCCACGTGG-1_1_1_1_1	GSE222315_p4_NAT	GSE222315	DF.classifications_0.25_0.005_289	Singlet	pANN_0.25_0.005_289	0.119047619047619
GSE222315_AAAGTGATCGCGTAGC-1_1_1_1_1	GSE222315_p4_NAT	GSE222315	DF.classifications_0.25_0.005_289	Singlet	pANN_0.25_0.005_289	0.119047619047619
GSE222315_AAATGGAAGAGCTGCA-1_1_1_1_1	GSE222315_p4_NAT	GSE222315	DF.classifications_0.25_0.005_289	Singlet	pANN_0.25_0.005_289	0.119047619047619
GSE222315_AAATGGAAGGGTGAGG-1_1_1_1_1	GSE222315_p4_NAT	GSE222315	DF.classifications_0.25_0.005_289	Singlet	pANN_0.25_0.005_289	0.285714285714286
GSE222315_AAATGGACACGTACAT-1_1_1_1_1	GSE222315_p4_NAT	GSE222315	DF.classifications_0.25_0.005_289	Singlet	pANN_0.25_0.005_289	0.119047619047619
GSE222315_AAATGGACATATCGGT-1_1_1_1_1	GSE222315_p4_NAT	GSE222315	DF.classifications_0.25_0.005_289	Singlet	pANN_0.25_0.005_289	0.0714285714285714
GSE222315_AAATGGACATTGCTGA-1_1_1_1_1	GSE222315_p4_NAT	GSE222315	DF.classifications_0.25_0.005_289	Singlet	pANN_0.25_0.005_289	0.142857142857143
GSE222315_AAATGGATCCTGTTGC-1_1_1_1_1	GSE222315_p4_NAT	GSE222315	DF.classifications_0.25_0.005_289	Singlet	pANN_0.25_0.005_289	0.0714285714285714
GSE222315_AAATGGATCGTAGGGA-1_1_1_1_1	GSE222315_p4_NAT	GSE222315	DF.classifications_0.25_0.005_289	Singlet	pANN_0.25_0.005_289	0.261904761904762
GSE222315_AACAAAGAGATAACGT-1_1_1_1_1	GSE222315_p4_NAT	GSE222315	DF.classifications_0.25_0.005_289	Singlet	pANN_0.25_0.005_289	0.333333333333333
GSE222315_AACAAAGAGCATAGGC-1_1_1_1_1	GSE222315_p4_NAT	GSE222315	DF.classifications_0.25_0.005_289	Singlet	pANN_0.25_0.005_289	0.142857142857143
GSE222315_AACAAAGAGCCGAACA-1_1_1_1_1	GSE222315_p4_NAT	GSE222315	DF.classifications_0.25_0.005_289	Singlet	pANN_0.25_0.005_289	0.0238095238095238
GSE222315_AACAAAGAGCCGTAAG-1_1_1_1_1	GSE222315_p4_NAT	GSE222315	DF.classifications_0.25_0.005_289	Singlet	pANN_0.25_0.005_289	0.380952380952381
GSE222315_AACAAAGAGGTTTACC-1_1_1_1_1	GSE222315_p4_NAT	GSE222315	DF.classifications_0.25_0.005_289	Singlet	pANN_0.25_0.005_289	0.0476190476190476
GSE222315_AACAAAGAGTGTACAA-1_1_1_1_1	GSE222315_p4_NAT	GSE222315	DF.classifications_0.25_0.005_289	Singlet	pANN_0.25_0.005_289	0.0714285714285714
GSE222315_AACAAAGCACTCAGAT-1_1_1_1_1	GSE222315_p4_NAT	GSE222315	DF.classifications_0.25_0.005_289	Singlet	pANN_0.25_0.005_289	0.0714285714285714
GSE222315_AACAAAGCATTGTACG-1_1_1_1_1	GSE222315_p4_NAT	GSE222315	DF.classifications_0.25_0.005_289	Singlet	pANN_0.25_0.005_289	0.0952380952380952
GSE222315_AACAAAGGTGACTATC-1_1_1_1_1	GSE222315_p4_NAT	GSE222315	DF.classifications_0.25_0.005_289	Singlet	pANN_0.25_0.005_289	0.0238095238095238
GSE222315_AACAAAGTCGCCACTT-1_1_1_1_1	GSE222315_p4_NAT	GSE222315	DF.classifications_0.25_0.005_289	Singlet	pANN_0.25_0.005_289	0.0238095238095238
GSE222315_AACAACCAGCCGATAG-1_1_1_1_1	GSE222315_p4_NAT	GSE222315	DF.classifications_0.25_0.005_289	Singlet	pANN_0.25_0.005_289	0.0238095238095238
GSE222315_AACAACCAGGCAGCTA-1_1_1_1_1	GSE222315_p4_NAT	GSE222315	DF.classifications_0.25_0.005_289	Singlet	pANN_0.25_0.005_289	0
GSE222315_AACAACCGTACCTATG-1_1_1_1_1	GSE222315_p4_NAT	GSE222315	DF.classifications_0.25_0.005_289	Singlet	pANN_0.25_0.005_289	0.119047619047619
GSE222315_AACAACCGTGACAGCA-1_1_1_1_1	GSE222315_p4_NAT	GSE222315	DF.classifications_0.25_0.005_289	Singlet	pANN_0.25_0.005_289	0.333333333333333
GSE222315_AACAACCTCACTGTTT-1_1_1_1_1	GSE222315_p4_NAT	GSE222315	DF.classifications_0.25_0.005_289	Singlet	pANN_0.25_0.005_289	0.0238095238095238
GSE222315_AACAACCTCATTCACT-1_1_1_1_1	GSE222315_p4_NAT	GSE222315	DF.classifications_0.25_0.005_289	Singlet	pANN_0.25_0.005_289	0.142857142857143
GSE222315_AACAACCTCGGCATAT-1_1_1_1_1	GSE222315_p4_NAT	GSE222315	DF.classifications_0.25_0.005_289	Singlet	pANN_0.25_0.005_289	0.261904761904762
GSE222315_AACAAGAAGAATCGTA-1_1_1_1_1	GSE222315_p4_NAT	GSE222315	DF.classifications_0.25_0.005_289	Singlet	pANN_0.25_0.005_289	0.0714285714285714
GSE222315_AACAAGACAGATACCT-1_1_1_1_1	GSE222315_p4_NAT	GSE222315	DF.classifications_0.25_0.005_289	Singlet	pANN_0.25_0.005_289	0
GSE222315_AACAAGACATGCAGCC-1_1_1_1_1	GSE222315_p4_NAT	GSE222315	DF.classifications_0.25_0.005_289	Singlet	pANN_0.25_0.005_289	0.142857142857143
GSE222315_AACAAGAGTCACTACA-1_1_1_1_1	GSE222315_p4_NAT	GSE222315	DF.classifications_0.25_0.005_289	Singlet	pANN_0.25_0.005_289	0.19047619047619
GSE222315_AACAAGATCATTCTTG-1_1_1_1_1	GSE222315_p4_NAT	GSE222315	DF.classifications_0.25_0.005_289	Doublet	pANN_0.25_0.005_289	0.428571428571429
GSE222315_AACAAGATCGTTCTGC-1_1_1_1_1	GSE222315_p4_NAT	GSE222315	DF.classifications_0.25_0.005_289	Singlet	pANN_0.25_0.005_289	0.119047619047619
GSE222315_AACACACCATTAAGCC-1_1_1_1_1	GSE222315_p4_NAT	GSE222315	DF.classifications_0.25_0.005_289	Singlet	pANN_0.25_0.005_289	0.333333333333333
GSE222315_AACACACGTAGCACAG-1_1_1_1_1	GSE222315_p4_NAT	GSE222315	DF.classifications_0.25_0.005_289	Singlet	pANN_0.25_0.005_289	0
GSE222315_AACACACGTGCCTGCA-1_1_1_1_1	GSE222315_p4_NAT	GSE222315	DF.classifications_0.25_0.005_289	Singlet	pANN_0.25_0.005_289	0.238095238095238
GSE222315_AACACACGTTACGTAC-1_1_1_1_1	GSE222315_p4_NAT	GSE222315	DF.classifications_0.25_0.005_289	Singlet	pANN_0.25_0.005_289	0.380952380952381
GSE222315_AACACACGTTCTCAGA-1_1_1_1_1	GSE222315_p4_NAT	GSE222315	DF.classifications_0.25_0.005_289	Singlet	pANN_0.25_0.005_289	0.238095238095238
GSE222315_AACACACTCATTTGCT-1_1_1_1_1	GSE222315_p4_NAT	GSE222315	DF.classifications_0.25_0.005_289	Doublet	pANN_0.25_0.005_289	0.452380952380952
GSE222315_AACACACTCTCATTTG-1_1_1_1_1	GSE222315_p4_NAT	GSE222315	DF.classifications_0.25_0.005_289	Singlet	pANN_0.25_0.005_289	0.166666666666667
GSE222315_AACACACTCTGCGGCA-1_1_1_1_1	GSE222315_p4_NAT	GSE222315	DF.classifications_0.25_0.005_289	Singlet	pANN_0.25_0.005_289	0.30952380952381
GSE222315_AACAGGGGTTGGTGTT-1_1_1_1_1	GSE222315_p4_NAT	GSE222315	DF.classifications_0.25_0.005_289	Singlet	pANN_0.25_0.005_289	0.357142857142857
GSE222315_AACCAACAGATACAGT-1_1_1_1_1	GSE222315_p4_NAT	GSE222315	DF.classifications_0.25_0.005_289	Singlet	pANN_0.25_0.005_289	0
GSE222315_AACCAACTCCATATGG-1_1_1_1_1	GSE222315_p4_NAT	GSE222315	DF.classifications_0.25_0.005_289	Doublet	pANN_0.25_0.005_289	0.523809523809524
GSE222315_AACCAACTCTTCGCTG-1_1_1_1_1	GSE222315_p4_NAT	GSE222315	DF.classifications_0.25_0.005_289	Singlet	pANN_0.25_0.005_289	0.0476190476190476
GSE222315_AACCACAAGCGGGTTA-1_1_1_1_1	GSE222315_p4_NAT	GSE222315	DF.classifications_0.25_0.005_289	Singlet	pANN_0.25_0.005_289	0.0476190476190476
GSE222315_AACCACACAACAGATA-1_1_1_1_1	GSE222315_p4_NAT	GSE222315	DF.classifications_0.25_0.005_289	Singlet	pANN_0.25_0.005_289	0.0476190476190476
GSE222315_AACCACACAATATCCG-1_1_1_1_1	GSE222315_p4_NAT	GSE222315	DF.classifications_0.25_0.005_289	Singlet	pANN_0.25_0.005_289	0.214285714285714
GSE222315_AACCACACACCTGCTT-1_1_1_1_1	GSE222315_p4_NAT	GSE222315	DF.classifications_0.25_0.005_289	Singlet	pANN_0.25_0.005_289	0.261904761904762
GSE222315_AACCACACACCTTCGT-1_1_1_1_1	GSE222315_p4_NAT	GSE222315	DF.classifications_0.25_0.005_289	Singlet	pANN_0.25_0.005_289	0.166666666666667
GSE222315_AACCACACAGTAGATA-1_1_1_1_1	GSE222315_p4_NAT	GSE222315	DF.classifications_0.25_0.005_289	Singlet	pANN_0.25_0.005_289	0
GSE222315_AACCACACATCGTTCC-1_1_1_1_1	GSE222315_p4_NAT	GSE222315	DF.classifications_0.25_0.005_289	Singlet	pANN_0.25_0.005_289	0
GSE222315_AACCACACATCTGGGC-1_1_1_1_1	GSE222315_p4_NAT	GSE222315	DF.classifications_0.25_0.005_289	Singlet	pANN_0.25_0.005_289	0.166666666666667
GSE222315_AACCACAGTCAGACTT-1_1_1_1_1	GSE222315_p4_NAT	GSE222315	DF.classifications_0.25_0.005_289	Singlet	pANN_0.25_0.005_289	0.380952380952381
GSE222315_AACCACATCCAAGGGA-1_1_1_1_1	GSE222315_p4_NAT	GSE222315	DF.classifications_0.25_0.005_289	Singlet	pANN_0.25_0.005_289	0
GSE222315_AACCATGCATGGCCCA-1_1_1_1_1	GSE222315_p4_NAT	GSE222315	DF.classifications_0.25_0.005_289	Singlet	pANN_0.25_0.005_289	0.19047619047619
GSE222315_AACCATGTCGTTGTGA-1_1_1_1_1	GSE222315_p4_NAT	GSE222315	DF.classifications_0.25_0.005_289	Singlet	pANN_0.25_0.005_289	0.0238095238095238
GSE222315_AACCATGTCTTCGGTC-1_1_1_1_1	GSE222315_p4_NAT	GSE222315	DF.classifications_0.25_0.005_289	Singlet	pANN_0.25_0.005_289	0.238095238095238
GSE222315_AACCCAAAGGTCGTCC-1_1_1_1_1	GSE222315_p4_NAT	GSE222315	DF.classifications_0.25_0.005_289	Singlet	pANN_0.25_0.005_289	0.0714285714285714
GSE222315_AACCCAAAGTAACGAT-1_1_1_1_1	GSE222315_p4_NAT	GSE222315	DF.classifications_0.25_0.005_289	Singlet	pANN_0.25_0.005_289	0.0714285714285714
GSE222315_AACCCAAGTCATCTAG-1_1_1_1_1	GSE222315_p4_NAT	GSE222315	DF.classifications_0.25_0.005_289	Singlet	pANN_0.25_0.005_289	0.357142857142857
GSE222315_AACCCAAGTCCAACGC-1_1_1_1_1	GSE222315_p4_NAT	GSE222315	DF.classifications_0.25_0.005_289	Singlet	pANN_0.25_0.005_289	0.261904761904762
GSE222315_AACCCAAGTCGTTCAA-1_1_1_1_1	GSE222315_p4_NAT	GSE222315	DF.classifications_0.25_0.005_289	Singlet	pANN_0.25_0.005_289	0.238095238095238
GSE222315_AACCCAAGTGCAATGG-1_1_1_1_1	GSE222315_p4_NAT	GSE222315	DF.classifications_0.25_0.005_289	Singlet	pANN_0.25_0.005_289	0.357142857142857
GSE222315_AACCCAATCATTTGTC-1_1_1_1_1	GSE222315_p4_NAT	GSE222315	DF.classifications_0.25_0.005_289	Singlet	pANN_0.25_0.005_289	0.119047619047619
GSE222315_AACCCAATCGCGTTTC-1_1_1_1_1	GSE222315_p4_NAT	GSE222315	DF.classifications_0.25_0.005_289	Singlet	pANN_0.25_0.005_289	0.261904761904762
GSE222315_AACCTGAAGACTCAAA-1_1_1_1_1	GSE222315_p4_NAT	GSE222315	DF.classifications_0.25_0.005_289	Singlet	pANN_0.25_0.005_289	0.142857142857143
GSE222315_AACCTGACACGACAGA-1_1_1_1_1	GSE222315_p4_NAT	GSE222315	DF.classifications_0.25_0.005_289	Singlet	pANN_0.25_0.005_289	0.238095238095238
GSE222315_AACCTGACAGCACACC-1_1_1_1_1	GSE222315_p4_NAT	GSE222315	DF.classifications_0.25_0.005_289	Singlet	pANN_0.25_0.005_289	0.0476190476190476
GSE222315_AACCTGACATCCGATA-1_1_1_1_1	GSE222315_p4_NAT	GSE222315	DF.classifications_0.25_0.005_289	Singlet	pANN_0.25_0.005_289	0.0952380952380952
GSE222315_AACCTGAGTAGCGCTC-1_1_1_1_1	GSE222315_p4_NAT	GSE222315	DF.classifications_0.25_0.005_289	Singlet	pANN_0.25_0.005_289	0.238095238095238
GSE222315_AACCTGAGTTTCCAAG-1_1_1_1_1	GSE222315_p4_NAT	GSE222315	DF.classifications_0.25_0.005_289	Singlet	pANN_0.25_0.005_289	0.142857142857143
GSE222315_AACCTGATCAGTAGGG-1_1_1_1_1	GSE222315_p4_NAT	GSE222315	DF.classifications_0.25_0.005_289	Singlet	pANN_0.25_0.005_289	0.404761904761905
GSE222315_AACCTGATCTCTGACC-1_1_1_1_1	GSE222315_p4_NAT	GSE222315	DF.classifications_0.25_0.005_289	Singlet	pANN_0.25_0.005_289	0.333333333333333
GSE222315_AACCTTTCAACAAGTA-1_1_1_1_1	GSE222315_p4_NAT	GSE222315	DF.classifications_0.25_0.005_289	Singlet	pANN_0.25_0.005_289	0
GSE222315_AACCTTTGTCGCACAC-1_1_1_1_1	GSE222315_p4_NAT	GSE222315	DF.classifications_0.25_0.005_289	Singlet	pANN_0.25_0.005_289	0.119047619047619
GSE222315_AACCTTTGTGGTCAAG-1_1_1_1_1	GSE222315_p4_NAT	GSE222315	DF.classifications_0.25_0.005_289	Doublet	pANN_0.25_0.005_289	0.452380952380952
GSE222315_AACCTTTGTGTTTCTT-1_1_1_1_1	GSE222315_p4_NAT	GSE222315	DF.classifications_0.25_0.005_289	Singlet	pANN_0.25_0.005_289	0.261904761904762
GSE222315_AACCTTTGTTTCGTAG-1_1_1_1_1	GSE222315_p4_NAT	GSE222315	DF.classifications_0.25_0.005_289	Singlet	pANN_0.25_0.005_289	0.166666666666667
GSE222315_AACCTTTTCATTATCC-1_1_1_1_1	GSE222315_p4_NAT	GSE222315	DF.classifications_0.25_0.005_289	Singlet	pANN_0.25_0.005_289	0.19047619047619
GSE222315_AACCTTTTCCGCAACG-1_1_1_1_1	GSE222315_p4_NAT	GSE222315	DF.classifications_0.25_0.005_289	Singlet	pANN_0.25_0.005_289	0.166666666666667
GSE222315_AACGAAAAGTTGAAGT-1_1_1_1_1	GSE222315_p4_NAT	GSE222315	DF.classifications_0.25_0.005_289	Singlet	pANN_0.25_0.005_289	0.238095238095238
GSE222315_AACGAAACAAGAGGTC-1_1_1_1_1	GSE222315_p4_NAT	GSE222315	DF.classifications_0.25_0.005_289	Singlet	pANN_0.25_0.005_289	0.0238095238095238
GSE222315_AACGGGAAGTTCCATG-1_1_1_1_1	GSE222315_p4_NAT	GSE222315	DF.classifications_0.25_0.005_289	Singlet	pANN_0.25_0.005_289	0.0952380952380952
GSE222315_AACGGGACAACAGAGC-1_1_1_1_1	GSE222315_p4_NAT	GSE222315	DF.classifications_0.25_0.005_289	Singlet	pANN_0.25_0.005_289	0.142857142857143
GSE222315_AACGGGACATGACGTT-1_1_1_1_1	GSE222315_p4_NAT	GSE222315	DF.classifications_0.25_0.005_289	Singlet	pANN_0.25_0.005_289	0.285714285714286
GSE222315_AACGGGAGTCTTTCTA-1_1_1_1_1	GSE222315_p4_NAT	GSE222315	DF.classifications_0.25_0.005_289	Singlet	pANN_0.25_0.005_289	0.30952380952381
GSE222315_AACGGGATCACTCACC-1_1_1_1_1	GSE222315_p4_NAT	GSE222315	DF.classifications_0.25_0.005_289	Singlet	pANN_0.25_0.005_289	0
GSE222315_AACGGGATCTGCCTGT-1_1_1_1_1	GSE222315_p4_NAT	GSE222315	DF.classifications_0.25_0.005_289	Singlet	pANN_0.25_0.005_289	0.119047619047619
GSE222315_AACGTCACAACAGCTT-1_1_1_1_1	GSE222315_p4_NAT	GSE222315	DF.classifications_0.25_0.005_289	Singlet	pANN_0.25_0.005_289	0.0238095238095238
GSE222315_AACGTCACAGCATGCC-1_1_1_1_1	GSE222315_p4_NAT	GSE222315	DF.classifications_0.25_0.005_289	Singlet	pANN_0.25_0.005_289	0.285714285714286
GSE222315_AACGTCACAGCGTACC-1_1_1_1_1	GSE222315_p4_NAT	GSE222315	DF.classifications_0.25_0.005_289	Singlet	pANN_0.25_0.005_289	0.119047619047619
GSE222315_AACGTCACATTCACAG-1_1_1_1_1	GSE222315_p4_NAT	GSE222315	DF.classifications_0.25_0.005_289	Singlet	pANN_0.25_0.005_289	0.404761904761905
GSE222315_AACGTCAGTAGTACGG-1_1_1_1_1	GSE222315_p4_NAT	GSE222315	DF.classifications_0.25_0.005_289	Singlet	pANN_0.25_0.005_289	0.119047619047619
GSE222315_AACGTCAGTTCCACAA-1_1_1_1_1	GSE222315_p4_NAT	GSE222315	DF.classifications_0.25_0.005_289	Singlet	pANN_0.25_0.005_289	0.404761904761905
GSE222315_AACGTCATCGCGCTGA-1_1_1_1_1	GSE222315_p4_NAT	GSE222315	DF.classifications_0.25_0.005_289	Singlet	pANN_0.25_0.005_289	0.404761904761905
GSE222315_AACGTCATCGGCATAT-1_1_1_1_1	GSE222315_p4_NAT	GSE222315	DF.classifications_0.25_0.005_289	Singlet	pANN_0.25_0.005_289	0.166666666666667
GSE222315_AACGTCATCTAACGGT-1_1_1_1_1	GSE222315_p4_NAT	GSE222315	DF.classifications_0.25_0.005_289	Singlet	pANN_0.25_0.005_289	0.19047619047619
GSE222315_AACTTCTAGGAACTCG-1_1_1_1_1	GSE222315_p4_NAT	GSE222315	DF.classifications_0.25_0.005_289	Singlet	pANN_0.25_0.005_289	0.0476190476190476
GSE222315_AACTTCTCACGAGGTA-1_1_1_1_1	GSE222315_p4_NAT	GSE222315	DF.classifications_0.25_0.005_289	Singlet	pANN_0.25_0.005_289	0.119047619047619
GSE222315_AACTTCTCATGCACTA-1_1_1_1_1	GSE222315_p4_NAT	GSE222315	DF.classifications_0.25_0.005_289	Singlet	pANN_0.25_0.005_289	0
GSE222315_AACTTCTTCGATAACC-1_1_1_1_1	GSE222315_p4_NAT	GSE222315	DF.classifications_0.25_0.005_289	Singlet	pANN_0.25_0.005_289	0
GSE222315_AAGAACAAGGGAGATA-1_1_1_1_1	GSE222315_p4_NAT	GSE222315	DF.classifications_0.25_0.005_289	Singlet	pANN_0.25_0.005_289	0
GSE222315_AAGAACACAGTCAGTT-1_1_1_1_1	GSE222315_p4_NAT	GSE222315	DF.classifications_0.25_0.005_289	Singlet	pANN_0.25_0.005_289	0.357142857142857
GSE222315_AAGAACAGTTCCTTGC-1_1_1_1_1	GSE222315_p4_NAT	GSE222315	DF.classifications_0.25_0.005_289	Singlet	pANN_0.25_0.005_289	0.285714285714286
GSE222315_AAGAACATCGCGGTAC-1_1_1_1_1	GSE222315_p4_NAT	GSE222315	DF.classifications_0.25_0.005_289	Singlet	pANN_0.25_0.005_289	0.0476190476190476
GSE222315_AAGAACATCGTTCTCG-1_1_1_1_1	GSE222315_p4_NAT	GSE222315	DF.classifications_0.25_0.005_289	Singlet	pANN_0.25_0.005_289	0.214285714285714
GSE222315_AAGACAAAGGCCATAG-1_1_1_1_1	GSE222315_p4_NAT	GSE222315	DF.classifications_0.25_0.005_289	Singlet	pANN_0.25_0.005_289	0.333333333333333
GSE222315_AAGACAAAGGCCCAAA-1_1_1_1_1	GSE222315_p4_NAT	GSE222315	DF.classifications_0.25_0.005_289	Singlet	pANN_0.25_0.005_289	0.285714285714286
GSE222315_AAGACAACAACATCGT-1_1_1_1_1	GSE222315_p4_NAT	GSE222315	DF.classifications_0.25_0.005_289	Singlet	pANN_0.25_0.005_289	0.0714285714285714
GSE222315_AAGACAACAGAATTCC-1_1_1_1_1	GSE222315_p4_NAT	GSE222315	DF.classifications_0.25_0.005_289	Singlet	pANN_0.25_0.005_289	0.119047619047619
GSE222315_AAGACAACATCATGAC-1_1_1_1_1	GSE222315_p4_NAT	GSE222315	DF.classifications_0.25_0.005_289	Singlet	pANN_0.25_0.005_289	0.166666666666667
GSE222315_AAGACAACATGACAAA-1_1_1_1_1	GSE222315_p4_NAT	GSE222315	DF.classifications_0.25_0.005_289	Singlet	pANN_0.25_0.005_289	0.0476190476190476
GSE222315_AAGACAACATTAGGAA-1_1_1_1_1	GSE222315_p4_NAT	GSE222315	DF.classifications_0.25_0.005_289	Doublet	pANN_0.25_0.005_289	0.452380952380952
GSE222315_AAGACAAGTGAGCGAT-1_1_1_1_1	GSE222315_p4_NAT	GSE222315	DF.classifications_0.25_0.005_289	Singlet	pANN_0.25_0.005_289	0.142857142857143
GSE222315_AAGACAAGTGCACATT-1_1_1_1_1	GSE222315_p4_NAT	GSE222315	DF.classifications_0.25_0.005_289	Doublet	pANN_0.25_0.005_289	0.547619047619048
GSE222315_AAGACAATCAAATGAG-1_1_1_1_1	GSE222315_p4_NAT	GSE222315	DF.classifications_0.25_0.005_289	Singlet	pANN_0.25_0.005_289	0.0238095238095238
GSE222315_AAGACAATCATCCTGC-1_1_1_1_1	GSE222315_p4_NAT	GSE222315	DF.classifications_0.25_0.005_289	Singlet	pANN_0.25_0.005_289	0.238095238095238
GSE222315_AAGACTCCAACTCGTA-1_1_1_1_1	GSE222315_p4_NAT	GSE222315	DF.classifications_0.25_0.005_289	Singlet	pANN_0.25_0.005_289	0.380952380952381
GSE222315_AAGACTCCAGAGAGGG-1_1_1_1_1	GSE222315_p4_NAT	GSE222315	DF.classifications_0.25_0.005_289	Singlet	pANN_0.25_0.005_289	0.380952380952381
GSE222315_AAGACTCCAGTTTCAG-1_1_1_1_1	GSE222315_p4_NAT	GSE222315	DF.classifications_0.25_0.005_289	Singlet	pANN_0.25_0.005_289	0.142857142857143
GSE222315_AAGACTCGTTGGAGGT-1_1_1_1_1	GSE222315_p4_NAT	GSE222315	DF.classifications_0.25_0.005_289	Singlet	pANN_0.25_0.005_289	0.142857142857143
GSE222315_AAGACTCTCAATCTCT-1_1_1_1_1	GSE222315_p4_NAT	GSE222315	DF.classifications_0.25_0.005_289	Singlet	pANN_0.25_0.005_289	0.261904761904762
GSE222315_AAGACTCTCACCGACG-1_1_1_1_1	GSE222315_p4_NAT	GSE222315	DF.classifications_0.25_0.005_289	Singlet	pANN_0.25_0.005_289	0.0476190476190476
GSE222315_AAGACTCTCACGGGAA-1_1_1_1_1	GSE222315_p4_NAT	GSE222315	DF.classifications_0.25_0.005_289	Singlet	pANN_0.25_0.005_289	0.19047619047619
GSE222315_AAGACTCTCCCTATTA-1_1_1_1_1	GSE222315_p4_NAT	GSE222315	DF.classifications_0.25_0.005_289	Singlet	pANN_0.25_0.005_289	0.166666666666667
GSE222315_AAGACTCTCTATCGTT-1_1_1_1_1	GSE222315_p4_NAT	GSE222315	DF.classifications_0.25_0.005_289	Singlet	pANN_0.25_0.005_289	0.0238095238095238
GSE222315_AAGATAGAGAAGCGGG-1_1_1_1_1	GSE222315_p4_NAT	GSE222315	DF.classifications_0.25_0.005_289	Singlet	pANN_0.25_0.005_289	0.357142857142857
GSE222315_AAGATAGAGGAGCAAA-1_1_1_1_1	GSE222315_p4_NAT	GSE222315	DF.classifications_0.25_0.005_289	Singlet	pANN_0.25_0.005_289	0.285714285714286
GSE222315_AAGATAGAGGGCAATC-1_1_1_1_1	GSE222315_p4_NAT	GSE222315	DF.classifications_0.25_0.005_289	Singlet	pANN_0.25_0.005_289	0.214285714285714
GSE222315_AAGATAGAGTGGATTA-1_1_1_1_1	GSE222315_p4_NAT	GSE222315	DF.classifications_0.25_0.005_289	Singlet	pANN_0.25_0.005_289	0.142857142857143
GSE222315_AAGATAGCAACCAGAG-1_1_1_1_1	GSE222315_p4_NAT	GSE222315	DF.classifications_0.25_0.005_289	Singlet	pANN_0.25_0.005_289	0.214285714285714
GSE222315_AAGATAGCACGAGGAT-1_1_1_1_1	GSE222315_p4_NAT	GSE222315	DF.classifications_0.25_0.005_289	Singlet	pANN_0.25_0.005_289	0.0238095238095238
GSE222315_AAGATAGGTATGCAAA-1_1_1_1_1	GSE222315_p4_NAT	GSE222315	DF.classifications_0.25_0.005_289	Singlet	pANN_0.25_0.005_289	0.261904761904762
GSE222315_AAGATAGGTCCTTTGC-1_1_1_1_1	GSE222315_p4_NAT	GSE222315	DF.classifications_0.25_0.005_289	Singlet	pANN_0.25_0.005_289	0.119047619047619
GSE222315_AAGATAGGTGCCGAAA-1_1_1_1_1	GSE222315_p4_NAT	GSE222315	DF.classifications_0.25_0.005_289	Singlet	pANN_0.25_0.005_289	0.0476190476190476
GSE222315_AAGATAGGTTTGAACC-1_1_1_1_1	GSE222315_p4_NAT	GSE222315	DF.classifications_0.25_0.005_289	Singlet	pANN_0.25_0.005_289	0.119047619047619
GSE222315_AAGCATCAGAAATTCG-1_1_1_1_1	GSE222315_p4_NAT	GSE222315	DF.classifications_0.25_0.005_289	Singlet	pANN_0.25_0.005_289	0.0952380952380952
GSE222315_AAGCATCAGTCTCTGA-1_1_1_1_1	GSE222315_p4_NAT	GSE222315	DF.classifications_0.25_0.005_289	Singlet	pANN_0.25_0.005_289	0.0238095238095238
GSE222315_AAGCATCCAACCTATG-1_1_1_1_1	GSE222315_p4_NAT	GSE222315	DF.classifications_0.25_0.005_289	Singlet	pANN_0.25_0.005_289	0.0714285714285714
GSE222315_AAGCATCCACAACATC-1_1_1_1_1	GSE222315_p4_NAT	GSE222315	DF.classifications_0.25_0.005_289	Singlet	pANN_0.25_0.005_289	0
GSE222315_AAGCATCCAGCTGAGA-1_1_1_1_1	GSE222315_p4_NAT	GSE222315	DF.classifications_0.25_0.005_289	Doublet	pANN_0.25_0.005_289	0.428571428571429
GSE222315_AAGCATCGTCTCTCTG-1_1_1_1_1	GSE222315_p4_NAT	GSE222315	DF.classifications_0.25_0.005_289	Singlet	pANN_0.25_0.005_289	0.333333333333333
GSE222315_AAGCATCTCAGCGCAC-1_1_1_1_1	GSE222315_p4_NAT	GSE222315	DF.classifications_0.25_0.005_289	Singlet	pANN_0.25_0.005_289	0.0714285714285714
GSE222315_AAGCATCTCTGGTTGA-1_1_1_1_1	GSE222315_p4_NAT	GSE222315	DF.classifications_0.25_0.005_289	Singlet	pANN_0.25_0.005_289	0.119047619047619
GSE222315_AAGCCATAGAAGGATG-1_1_1_1_1	GSE222315_p4_NAT	GSE222315	DF.classifications_0.25_0.005_289	Singlet	pANN_0.25_0.005_289	0.0238095238095238
GSE222315_AAGCCATCATATAGCC-1_1_1_1_1	GSE222315_p4_NAT	GSE222315	DF.classifications_0.25_0.005_289	Singlet	pANN_0.25_0.005_289	0.19047619047619
GSE222315_AAGCCATGTTGCACGC-1_1_1_1_1	GSE222315_p4_NAT	GSE222315	DF.classifications_0.25_0.005_289	Singlet	pANN_0.25_0.005_289	0.0476190476190476
GSE222315_AAGCCATTCCAGCTCT-1_1_1_1_1	GSE222315_p4_NAT	GSE222315	DF.classifications_0.25_0.005_289	Singlet	pANN_0.25_0.005_289	0.142857142857143
GSE222315_AAGCGAGAGGATGAGA-1_1_1_1_1	GSE222315_p4_NAT	GSE222315	DF.classifications_0.25_0.005_289	Singlet	pANN_0.25_0.005_289	0
GSE222315_AAGCGAGCAGAGGGTT-1_1_1_1_1	GSE222315_p4_NAT	GSE222315	DF.classifications_0.25_0.005_289	Singlet	pANN_0.25_0.005_289	0.0714285714285714
GSE222315_AAGCGAGCATCAGTCA-1_1_1_1_1	GSE222315_p4_NAT	GSE222315	DF.classifications_0.25_0.005_289	Singlet	pANN_0.25_0.005_289	0.380952380952381
GSE222315_AAGCGAGGTCAGACTT-1_1_1_1_1	GSE222315_p4_NAT	GSE222315	DF.classifications_0.25_0.005_289	Singlet	pANN_0.25_0.005_289	0.0714285714285714
GSE222315_AAGCGAGTCCACCCTA-1_1_1_1_1	GSE222315_p4_NAT	GSE222315	DF.classifications_0.25_0.005_289	Singlet	pANN_0.25_0.005_289	0.0714285714285714
GSE222315_AAGCGTTCACGCGTCA-1_1_1_1_1	GSE222315_p4_NAT	GSE222315	DF.classifications_0.25_0.005_289	Singlet	pANN_0.25_0.005_289	0.404761904761905
GSE222315_AAGCGTTTCAACACGT-1_1_1_1_1	GSE222315_p4_NAT	GSE222315	DF.classifications_0.25_0.005_289	Singlet	pANN_0.25_0.005_289	0.0714285714285714
GSE222315_AAGCGTTTCTAAGAAG-1_1_1_1_1	GSE222315_p4_NAT	GSE222315	DF.classifications_0.25_0.005_289	Singlet	pANN_0.25_0.005_289	0.142857142857143
GSE222315_AAGGAATAGGCATCTT-1_1_1_1_1	GSE222315_p4_NAT	GSE222315	DF.classifications_0.25_0.005_289	Singlet	pANN_0.25_0.005_289	0.119047619047619
GSE222315_AAGGAATCAGACAAGC-1_1_1_1_1	GSE222315_p4_NAT	GSE222315	DF.classifications_0.25_0.005_289	Singlet	pANN_0.25_0.005_289	0.404761904761905
GSE222315_AAGGAATCAGCCATTA-1_1_1_1_1	GSE222315_p4_NAT	GSE222315	DF.classifications_0.25_0.005_289	Singlet	pANN_0.25_0.005_289	0.357142857142857
GSE222315_AAGGAATTCAGGAAGC-1_1_1_1_1	GSE222315_p4_NAT	GSE222315	DF.classifications_0.25_0.005_289	Singlet	pANN_0.25_0.005_289	0.238095238095238
GSE222315_AAGGAATTCTAAACGC-1_1_1_1_1	GSE222315_p4_NAT	GSE222315	DF.classifications_0.25_0.005_289	Singlet	pANN_0.25_0.005_289	0.19047619047619
GSE222315_AAGGAATTCTTGAACG-1_1_1_1_1	GSE222315_p4_NAT	GSE222315	DF.classifications_0.25_0.005_289	Singlet	pANN_0.25_0.005_289	0.0952380952380952
GSE222315_AAGGTAAAGCCACCGT-1_1_1_1_1	GSE222315_p4_NAT	GSE222315	DF.classifications_0.25_0.005_289	Singlet	pANN_0.25_0.005_289	0.333333333333333
GSE222315_AAGGTAAAGGAACATT-1_1_1_1_1	GSE222315_p4_NAT	GSE222315	DF.classifications_0.25_0.005_289	Singlet	pANN_0.25_0.005_289	0.0238095238095238
GSE222315_AAGGTAACACTTCAAG-1_1_1_1_1	GSE222315_p4_NAT	GSE222315	DF.classifications_0.25_0.005_289	Singlet	pANN_0.25_0.005_289	0.0714285714285714
GSE222315_AAGGTAACAGGGTCTC-1_1_1_1_1	GSE222315_p4_NAT	GSE222315	DF.classifications_0.25_0.005_289	Singlet	pANN_0.25_0.005_289	0.238095238095238
GSE222315_AAGGTAACAGTGAGCA-1_1_1_1_1	GSE222315_p4_NAT	GSE222315	DF.classifications_0.25_0.005_289	Singlet	pANN_0.25_0.005_289	0.0952380952380952
GSE222315_AAGGTAACATGTTTGG-1_1_1_1_1	GSE222315_p4_NAT	GSE222315	DF.classifications_0.25_0.005_289	Singlet	pANN_0.25_0.005_289	0.0714285714285714
GSE222315_AAGGTAAGTGTTCGTA-1_1_1_1_1	GSE222315_p4_NAT	GSE222315	DF.classifications_0.25_0.005_289	Singlet	pANN_0.25_0.005_289	0.333333333333333
GSE222315_AAGGTAATCTAGTGAC-1_1_1_1_1	GSE222315_p4_NAT	GSE222315	DF.classifications_0.25_0.005_289	Singlet	pANN_0.25_0.005_289	0.30952380952381
GSE222315_AAGTACCAGTCATGCT-1_1_1_1_1	GSE222315_p4_NAT	GSE222315	DF.classifications_0.25_0.005_289	Singlet	pANN_0.25_0.005_289	0.0476190476190476
GSE222315_AAGTACCCAAAGGCTG-1_1_1_1_1	GSE222315_p4_NAT	GSE222315	DF.classifications_0.25_0.005_289	Singlet	pANN_0.25_0.005_289	0.142857142857143
GSE222315_AAGTACCGTACCATAC-1_1_1_1_1	GSE222315_p4_NAT	GSE222315	DF.classifications_0.25_0.005_289	Singlet	pANN_0.25_0.005_289	0.0714285714285714
GSE222315_AAGTACCGTCTTCATT-1_1_1_1_1	GSE222315_p4_NAT	GSE222315	DF.classifications_0.25_0.005_289	Singlet	pANN_0.25_0.005_289	0.357142857142857
GSE222315_AAGTACCGTGTAGGAC-1_1_1_1_1	GSE222315_p4_NAT	GSE222315	DF.classifications_0.25_0.005_289	Singlet	pANN_0.25_0.005_289	0.0952380952380952
GSE222315_AAGTCGTCAAACGTGG-1_1_1_1_1	GSE222315_p4_NAT	GSE222315	DF.classifications_0.25_0.005_289	Singlet	pANN_0.25_0.005_289	0.261904761904762
GSE222315_AAGTCGTGTGGCTTGC-1_1_1_1_1	GSE222315_p4_NAT	GSE222315	DF.classifications_0.25_0.005_289	Singlet	pANN_0.25_0.005_289	0.0714285714285714
GSE222315_AAGTCGTTCGCCATAA-1_1_1_1_1	GSE222315_p4_NAT	GSE222315	DF.classifications_0.25_0.005_289	Singlet	pANN_0.25_0.005_289	0.0238095238095238
GSE222315_AAGTGAAAGATGGTCG-1_1_1_1_1	GSE222315_p4_NAT	GSE222315	DF.classifications_0.25_0.005_289	Singlet	pANN_0.25_0.005_289	0.261904761904762
GSE222315_AAGTGAACAAAGGAGA-1_1_1_1_1	GSE222315_p4_NAT	GSE222315	DF.classifications_0.25_0.005_289	Singlet	pANN_0.25_0.005_289	0.166666666666667
GSE222315_AAGTGAACACTTGGCG-1_1_1_1_1	GSE222315_p4_NAT	GSE222315	DF.classifications_0.25_0.005_289	Singlet	pANN_0.25_0.005_289	0.19047619047619
GSE222315_AAGTGAATCACTCACC-1_1_1_1_1	GSE222315_p4_NAT	GSE222315	DF.classifications_0.25_0.005_289	Singlet	pANN_0.25_0.005_289	0
GSE222315_AAGTGAATCTGCTTAT-1_1_1_1_1	GSE222315_p4_NAT	GSE222315	DF.classifications_0.25_0.005_289	Singlet	pANN_0.25_0.005_289	0.30952380952381
GSE222315_AAGTTCGCATTCAGGT-1_1_1_1_1	GSE222315_p4_NAT	GSE222315	DF.classifications_0.25_0.005_289	Singlet	pANN_0.25_0.005_289	0.0476190476190476
GSE222315_AAGTTCGTCAAACGAA-1_1_1_1_1	GSE222315_p4_NAT	GSE222315	DF.classifications_0.25_0.005_289	Singlet	pANN_0.25_0.005_289	0.119047619047619
GSE222315_AATAGAGAGACTAAGT-1_1_1_1_1	GSE222315_p4_NAT	GSE222315	DF.classifications_0.25_0.005_289	Singlet	pANN_0.25_0.005_289	0.166666666666667
GSE222315_AATAGAGAGACTCAAA-1_1_1_1_1	GSE222315_p4_NAT	GSE222315	DF.classifications_0.25_0.005_289	Singlet	pANN_0.25_0.005_289	0.333333333333333
GSE222315_AATAGAGAGCGTGCCT-1_1_1_1_1	GSE222315_p4_NAT	GSE222315	DF.classifications_0.25_0.005_289	Singlet	pANN_0.25_0.005_289	0.19047619047619
GSE222315_AATAGAGAGGCTCACC-1_1_1_1_1	GSE222315_p4_NAT	GSE222315	DF.classifications_0.25_0.005_289	Singlet	pANN_0.25_0.005_289	0.285714285714286
GSE222315_AATAGAGCAAGGGCAT-1_1_1_1_1	GSE222315_p4_NAT	GSE222315	DF.classifications_0.25_0.005_289	Singlet	pANN_0.25_0.005_289	0.0952380952380952
GSE222315_AATAGAGGTACCCACG-1_1_1_1_1	GSE222315_p4_NAT	GSE222315	DF.classifications_0.25_0.005_289	Singlet	pANN_0.25_0.005_289	0.19047619047619
GSE222315_AATAGAGGTAGGTTTC-1_1_1_1_1	GSE222315_p4_NAT	GSE222315	DF.classifications_0.25_0.005_289	Singlet	pANN_0.25_0.005_289	0.404761904761905
GSE222315_AATAGAGGTCGTTGCG-1_1_1_1_1	GSE222315_p4_NAT	GSE222315	DF.classifications_0.25_0.005_289	Singlet	pANN_0.25_0.005_289	0.0238095238095238
GSE222315_AATAGAGGTGTCTTCC-1_1_1_1_1	GSE222315_p4_NAT	GSE222315	DF.classifications_0.25_0.005_289	Doublet	pANN_0.25_0.005_289	0.452380952380952
GSE222315_AATAGAGTCACTGGGC-1_1_1_1_1	GSE222315_p4_NAT	GSE222315	DF.classifications_0.25_0.005_289	Singlet	pANN_0.25_0.005_289	0.0714285714285714
GSE222315_AATAGAGTCAGCGCGT-1_1_1_1_1	GSE222315_p4_NAT	GSE222315	DF.classifications_0.25_0.005_289	Singlet	pANN_0.25_0.005_289	0.19047619047619
GSE222315_AATAGAGTCGCTTGAA-1_1_1_1_1	GSE222315_p4_NAT	GSE222315	DF.classifications_0.25_0.005_289	Doublet	pANN_0.25_0.005_289	0.452380952380952
GSE222315_AATAGAGTCGTCAGAT-1_1_1_1_1	GSE222315_p4_NAT	GSE222315	DF.classifications_0.25_0.005_289	Singlet	pANN_0.25_0.005_289	0.214285714285714
GSE222315_AATAGAGTCGTTCTCG-1_1_1_1_1	GSE222315_p4_NAT	GSE222315	DF.classifications_0.25_0.005_289	Singlet	pANN_0.25_0.005_289	0.0476190476190476
GSE222315_AATCACGAGTAAGCAT-1_1_1_1_1	GSE222315_p4_NAT	GSE222315	DF.classifications_0.25_0.005_289	Singlet	pANN_0.25_0.005_289	0.0714285714285714
GSE222315_AATCACGGTGTCCCTT-1_1_1_1_1	GSE222315_p4_NAT	GSE222315	DF.classifications_0.25_0.005_289	Singlet	pANN_0.25_0.005_289	0.0714285714285714
GSE222315_AATCACGGTTCCATTT-1_1_1_1_1	GSE222315_p4_NAT	GSE222315	DF.classifications_0.25_0.005_289	Singlet	pANN_0.25_0.005_289	0.261904761904762
GSE222315_AATCACGTCCAGTACA-1_1_1_1_1	GSE222315_p4_NAT	GSE222315	DF.classifications_0.25_0.005_289	Singlet	pANN_0.25_0.005_289	0.285714285714286
GSE222315_AATCACGTCGATTCCC-1_1_1_1_1	GSE222315_p4_NAT	GSE222315	DF.classifications_0.25_0.005_289	Singlet	pANN_0.25_0.005_289	0.238095238095238
GSE222315_AATCACGTCGCAGAGA-1_1_1_1_1	GSE222315_p4_NAT	GSE222315	DF.classifications_0.25_0.005_289	Singlet	pANN_0.25_0.005_289	0.0238095238095238
GSE222315_AATCACGTCTTACGGA-1_1_1_1_1	GSE222315_p4_NAT	GSE222315	DF.classifications_0.25_0.005_289	Singlet	pANN_0.25_0.005_289	0.214285714285714
GSE222315_AATCGACAGAAATGGG-1_1_1_1_1	GSE222315_p4_NAT	GSE222315	DF.classifications_0.25_0.005_289	Singlet	pANN_0.25_0.005_289	0.0238095238095238
GSE222315_AATCGACAGCCTCTCT-1_1_1_1_1	GSE222315_p4_NAT	GSE222315	DF.classifications_0.25_0.005_289	Singlet	pANN_0.25_0.005_289	0.142857142857143
GSE222315_AATCGACAGTACCCTA-1_1_1_1_1	GSE222315_p4_NAT	GSE222315	DF.classifications_0.25_0.005_289	Singlet	pANN_0.25_0.005_289	0.0714285714285714
GSE222315_AATCGACCAGAGCGTA-1_1_1_1_1	GSE222315_p4_NAT	GSE222315	DF.classifications_0.25_0.005_289	Singlet	pANN_0.25_0.005_289	0.285714285714286
GSE222315_AATCGACCAGTGGCTC-1_1_1_1_1	GSE222315_p4_NAT	GSE222315	DF.classifications_0.25_0.005_289	Singlet	pANN_0.25_0.005_289	0.30952380952381
GSE222315_AATCGACGTCCTACGG-1_1_1_1_1	GSE222315_p4_NAT	GSE222315	DF.classifications_0.25_0.005_289	Singlet	pANN_0.25_0.005_289	0.119047619047619
GSE222315_AATCGTGCAAGAGTGC-1_1_1_1_1	GSE222315_p4_NAT	GSE222315	DF.classifications_0.25_0.005_289	Singlet	pANN_0.25_0.005_289	0.119047619047619
GSE222315_AATCGTGCACCAGTTA-1_1_1_1_1	GSE222315_p4_NAT	GSE222315	DF.classifications_0.25_0.005_289	Singlet	pANN_0.25_0.005_289	0.285714285714286
GSE222315_AATCGTGCATGGTACT-1_1_1_1_1	GSE222315_p4_NAT	GSE222315	DF.classifications_0.25_0.005_289	Singlet	pANN_0.25_0.005_289	0.119047619047619
GSE222315_AATCGTGCATTGGGAG-1_1_1_1_1	GSE222315_p4_NAT	GSE222315	DF.classifications_0.25_0.005_289	Singlet	pANN_0.25_0.005_289	0.0952380952380952
GSE222315_AATCGTGTCCGTGCGA-1_1_1_1_1	GSE222315_p4_NAT	GSE222315	DF.classifications_0.25_0.005_289	Singlet	pANN_0.25_0.005_289	0.357142857142857
GSE222315_AATCGTGTCGGTCATA-1_1_1_1_1	GSE222315_p4_NAT	GSE222315	DF.classifications_0.25_0.005_289	Singlet	pANN_0.25_0.005_289	0.261904761904762
GSE222315_AATCGTGTCTGCGGAC-1_1_1_1_1	GSE222315_p4_NAT	GSE222315	DF.classifications_0.25_0.005_289	Singlet	pANN_0.25_0.005_289	0.0238095238095238
GSE222315_AATGAAGAGACGGAAA-1_1_1_1_1	GSE222315_p4_NAT	GSE222315	DF.classifications_0.25_0.005_289	Singlet	pANN_0.25_0.005_289	0.0476190476190476
GSE222315_AATGAAGCAAGAAACT-1_1_1_1_1	GSE222315_p4_NAT	GSE222315	DF.classifications_0.25_0.005_289	Singlet	pANN_0.25_0.005_289	0.357142857142857
GSE222315_AATGAAGGTCACCACG-1_1_1_1_1	GSE222315_p4_NAT	GSE222315	DF.classifications_0.25_0.005_289	Singlet	pANN_0.25_0.005_289	0.0714285714285714
GSE222315_AATGAAGTCACTTGTT-1_1_1_1_1	GSE222315_p4_NAT	GSE222315	DF.classifications_0.25_0.005_289	Doublet	pANN_0.25_0.005_289	0.428571428571429
GSE222315_AATGAAGTCTATCGTT-1_1_1_1_1	GSE222315_p4_NAT	GSE222315	DF.classifications_0.25_0.005_289	Singlet	pANN_0.25_0.005_289	0.238095238095238
GSE222315_AATGAAGTCTGGTCAA-1_1_1_1_1	GSE222315_p4_NAT	GSE222315	DF.classifications_0.25_0.005_289	Singlet	pANN_0.25_0.005_289	0.142857142857143
GSE222315_AATGACCAGTCGAATA-1_1_1_1_1	GSE222315_p4_NAT	GSE222315	DF.classifications_0.25_0.005_289	Singlet	pANN_0.25_0.005_289	0
GSE222315_AATGACCCAATTGTGC-1_1_1_1_1	GSE222315_p4_NAT	GSE222315	DF.classifications_0.25_0.005_289	Singlet	pANN_0.25_0.005_289	0.0952380952380952
GSE222315_AATGACCGTATCATGC-1_1_1_1_1	GSE222315_p4_NAT	GSE222315	DF.classifications_0.25_0.005_289	Singlet	pANN_0.25_0.005_289	0.261904761904762
GSE222315_AATGACCGTGAGACCA-1_1_1_1_1	GSE222315_p4_NAT	GSE222315	DF.classifications_0.25_0.005_289	Singlet	pANN_0.25_0.005_289	0
GSE222315_AATGACCGTTCAAGTC-1_1_1_1_1	GSE222315_p4_NAT	GSE222315	DF.classifications_0.25_0.005_289	Singlet	pANN_0.25_0.005_289	0.238095238095238
GSE222315_AATGACCTCACCTCAC-1_1_1_1_1	GSE222315_p4_NAT	GSE222315	DF.classifications_0.25_0.005_289	Singlet	pANN_0.25_0.005_289	0
GSE222315_AATGACCTCCGATCTC-1_1_1_1_1	GSE222315_p4_NAT	GSE222315	DF.classifications_0.25_0.005_289	Singlet	pANN_0.25_0.005_289	0.285714285714286
GSE222315_AATGACCTCCTCTCGA-1_1_1_1_1	GSE222315_p4_NAT	GSE222315	DF.classifications_0.25_0.005_289	Singlet	pANN_0.25_0.005_289	0.0476190476190476
GSE222315_AATGCCAAGCTTCGTA-1_1_1_1_1	GSE222315_p4_NAT	GSE222315	DF.classifications_0.25_0.005_289	Singlet	pANN_0.25_0.005_289	0.0476190476190476
GSE222315_AATGCCAAGGAAGTAG-1_1_1_1_1	GSE222315_p4_NAT	GSE222315	DF.classifications_0.25_0.005_289	Singlet	pANN_0.25_0.005_289	0
GSE222315_AATGCCAAGGTTCACT-1_1_1_1_1	GSE222315_p4_NAT	GSE222315	DF.classifications_0.25_0.005_289	Singlet	pANN_0.25_0.005_289	0.214285714285714
GSE222315_AATGCCACAGCGAACA-1_1_1_1_1	GSE222315_p4_NAT	GSE222315	DF.classifications_0.25_0.005_289	Singlet	pANN_0.25_0.005_289	0.166666666666667
GSE222315_AATGCCAGTGAACCGA-1_1_1_1_1	GSE222315_p4_NAT	GSE222315	DF.classifications_0.25_0.005_289	Singlet	pANN_0.25_0.005_289	0.333333333333333
GSE222315_AATGCCATCGGTTAGT-1_1_1_1_1	GSE222315_p4_NAT	GSE222315	DF.classifications_0.25_0.005_289	Singlet	pANN_0.25_0.005_289	0.119047619047619
GSE222315_AATGGAACAGGCCCTA-1_1_1_1_1	GSE222315_p4_NAT	GSE222315	DF.classifications_0.25_0.005_289	Singlet	pANN_0.25_0.005_289	0.333333333333333
GSE222315_AATGGAAGTCCAAGAG-1_1_1_1_1	GSE222315_p4_NAT	GSE222315	DF.classifications_0.25_0.005_289	Singlet	pANN_0.25_0.005_289	0.119047619047619
GSE222315_AATGGAAGTTACGCCG-1_1_1_1_1	GSE222315_p4_NAT	GSE222315	DF.classifications_0.25_0.005_289	Singlet	pANN_0.25_0.005_289	0.19047619047619
GSE222315_AATGGAAGTTTGTTGG-1_1_1_1_1	GSE222315_p4_NAT	GSE222315	DF.classifications_0.25_0.005_289	Singlet	pANN_0.25_0.005_289	0.19047619047619
GSE222315_AATGGAATCCGATTAG-1_1_1_1_1	GSE222315_p4_NAT	GSE222315	DF.classifications_0.25_0.005_289	Singlet	pANN_0.25_0.005_289	0.0714285714285714
GSE222315_AATGGAATCTCATTGT-1_1_1_1_1	GSE222315_p4_NAT	GSE222315	DF.classifications_0.25_0.005_289	Singlet	pANN_0.25_0.005_289	0.261904761904762
GSE222315_AATGGCTAGCACTCTA-1_1_1_1_1	GSE222315_p4_NAT	GSE222315	DF.classifications_0.25_0.005_289	Singlet	pANN_0.25_0.005_289	0.166666666666667
GSE222315_AATGGCTAGGTCTTTG-1_1_1_1_1	GSE222315_p4_NAT	GSE222315	DF.classifications_0.25_0.005_289	Singlet	pANN_0.25_0.005_289	0.261904761904762
GSE222315_AATGGCTCAGAACTAA-1_1_1_1_1	GSE222315_p4_NAT	GSE222315	DF.classifications_0.25_0.005_289	Singlet	pANN_0.25_0.005_289	0.380952380952381
GSE222315_AATGGCTGTAACTTCG-1_1_1_1_1	GSE222315_p4_NAT	GSE222315	DF.classifications_0.25_0.005_289	Singlet	pANN_0.25_0.005_289	0.0952380952380952
GSE222315_AATGGCTGTCCTCAGG-1_1_1_1_1	GSE222315_p4_NAT	GSE222315	DF.classifications_0.25_0.005_289	Singlet	pANN_0.25_0.005_289	0.0476190476190476
GSE222315_AATGGCTTCCTAAACG-1_1_1_1_1	GSE222315_p4_NAT	GSE222315	DF.classifications_0.25_0.005_289	Singlet	pANN_0.25_0.005_289	0.0476190476190476
GSE222315_AATTCCTAGTTAGAAC-1_1_1_1_1	GSE222315_p4_NAT	GSE222315	DF.classifications_0.25_0.005_289	Doublet	pANN_0.25_0.005_289	0.452380952380952
GSE222315_AATTCCTCAGAGATTA-1_1_1_1_1	GSE222315_p4_NAT	GSE222315	DF.classifications_0.25_0.005_289	Singlet	pANN_0.25_0.005_289	0.214285714285714
GSE222315_AATTCCTGTAATGCTC-1_1_1_1_1	GSE222315_p4_NAT	GSE222315	DF.classifications_0.25_0.005_289	Singlet	pANN_0.25_0.005_289	0.0952380952380952
GSE222315_AATTCCTGTCTTGAAC-1_1_1_1_1	GSE222315_p4_NAT	GSE222315	DF.classifications_0.25_0.005_289	Singlet	pANN_0.25_0.005_289	0.357142857142857
GSE222315_AATTCCTTCTCGGCTT-1_1_1_1_1	GSE222315_p4_NAT	GSE222315	DF.classifications_0.25_0.005_289	Singlet	pANN_0.25_0.005_289	0.285714285714286
GSE222315_AATTTCCAGACCACGA-1_1_1_1_1	GSE222315_p4_NAT	GSE222315	DF.classifications_0.25_0.005_289	Singlet	pANN_0.25_0.005_289	0.0714285714285714
GSE222315_AATTTCCCATCCTGTC-1_1_1_1_1	GSE222315_p4_NAT	GSE222315	DF.classifications_0.25_0.005_289	Singlet	pANN_0.25_0.005_289	0.333333333333333
GSE222315_AATTTCCGTAGCGCCT-1_1_1_1_1	GSE222315_p4_NAT	GSE222315	DF.classifications_0.25_0.005_289	Singlet	pANN_0.25_0.005_289	0.357142857142857
GSE222315_AATTTCCGTGATAGTA-1_1_1_1_1	GSE222315_p4_NAT	GSE222315	DF.classifications_0.25_0.005_289	Singlet	pANN_0.25_0.005_289	0.166666666666667
GSE222315_ACAAAGAAGCACTCCG-1_1_1_1_1	GSE222315_p4_NAT	GSE222315	DF.classifications_0.25_0.005_289	Singlet	pANN_0.25_0.005_289	0.142857142857143
GSE222315_ACAAAGAAGTCACGCC-1_1_1_1_1	GSE222315_p4_NAT	GSE222315	DF.classifications_0.25_0.005_289	Singlet	pANN_0.25_0.005_289	0.214285714285714
GSE222315_ACAAAGACACTTTATC-1_1_1_1_1	GSE222315_p4_NAT	GSE222315	DF.classifications_0.25_0.005_289	Doublet	pANN_0.25_0.005_289	0.428571428571429
GSE222315_ACAAAGACATTCTCCG-1_1_1_1_1	GSE222315_p4_NAT	GSE222315	DF.classifications_0.25_0.005_289	Singlet	pANN_0.25_0.005_289	0.285714285714286
GSE222315_ACAAAGATCGAGTTGT-1_1_1_1_1	GSE222315_p4_NAT	GSE222315	DF.classifications_0.25_0.005_289	Singlet	pANN_0.25_0.005_289	0.142857142857143
GSE222315_ACAACCACACAATGCT-1_1_1_1_1	GSE222315_p4_NAT	GSE222315	DF.classifications_0.25_0.005_289	Singlet	pANN_0.25_0.005_289	0
GSE222315_ACAACCACACGTCGGT-1_1_1_1_1	GSE222315_p4_NAT	GSE222315	DF.classifications_0.25_0.005_289	Singlet	pANN_0.25_0.005_289	0.142857142857143
GSE222315_ACAACCACATCTTTCA-1_1_1_1_1	GSE222315_p4_NAT	GSE222315	DF.classifications_0.25_0.005_289	Singlet	pANN_0.25_0.005_289	0.0476190476190476
GSE222315_ACAACCAGTAACATCC-1_1_1_1_1	GSE222315_p4_NAT	GSE222315	DF.classifications_0.25_0.005_289	Doublet	pANN_0.25_0.005_289	0.452380952380952
GSE222315_ACAACCATCCGCATAA-1_1_1_1_1	GSE222315_p4_NAT	GSE222315	DF.classifications_0.25_0.005_289	Singlet	pANN_0.25_0.005_289	0.0714285714285714
GSE222315_ACAACCATCGAGATAA-1_1_1_1_1	GSE222315_p4_NAT	GSE222315	DF.classifications_0.25_0.005_289	Singlet	pANN_0.25_0.005_289	0.0952380952380952
GSE222315_ACAACCATCTGGTCAA-1_1_1_1_1	GSE222315_p4_NAT	GSE222315	DF.classifications_0.25_0.005_289	Singlet	pANN_0.25_0.005_289	0.404761904761905
GSE222315_ACAAGCTAGCTGAGTG-1_1_1_1_1	GSE222315_p4_NAT	GSE222315	DF.classifications_0.25_0.005_289	Singlet	pANN_0.25_0.005_289	0.0476190476190476
GSE222315_ACAAGCTAGTCATAGA-1_1_1_1_1	GSE222315_p4_NAT	GSE222315	DF.classifications_0.25_0.005_289	Singlet	pANN_0.25_0.005_289	0.0476190476190476
GSE222315_ACAAGCTCAACCAGAG-1_1_1_1_1	GSE222315_p4_NAT	GSE222315	DF.classifications_0.25_0.005_289	Singlet	pANN_0.25_0.005_289	0.0952380952380952
GSE222315_ACAAGCTCAGCACAAG-1_1_1_1_1	GSE222315_p4_NAT	GSE222315	DF.classifications_0.25_0.005_289	Singlet	pANN_0.25_0.005_289	0.166666666666667
GSE222315_ACAAGCTGTAATGCGG-1_1_1_1_1	GSE222315_p4_NAT	GSE222315	DF.classifications_0.25_0.005_289	Singlet	pANN_0.25_0.005_289	0.30952380952381
GSE222315_ACAAGCTGTGCAACGA-1_1_1_1_1	GSE222315_p4_NAT	GSE222315	DF.classifications_0.25_0.005_289	Singlet	pANN_0.25_0.005_289	0.285714285714286
GSE222315_ACAAGCTGTTCGAGCC-1_1_1_1_1	GSE222315_p4_NAT	GSE222315	DF.classifications_0.25_0.005_289	Singlet	pANN_0.25_0.005_289	0.261904761904762
GSE222315_ACAAGCTGTTCTCGCT-1_1_1_1_1	GSE222315_p4_NAT	GSE222315	DF.classifications_0.25_0.005_289	Singlet	pANN_0.25_0.005_289	0.119047619047619
GSE222315_ACAAGCTTCACTTGTT-1_1_1_1_1	GSE222315_p4_NAT	GSE222315	DF.classifications_0.25_0.005_289	Singlet	pANN_0.25_0.005_289	0.214285714285714
GSE222315_ACACAGTAGGGCCTCT-1_1_1_1_1	GSE222315_p4_NAT	GSE222315	DF.classifications_0.25_0.005_289	Singlet	pANN_0.25_0.005_289	0
GSE222315_ACACAGTCACAAACGG-1_1_1_1_1	GSE222315_p4_NAT	GSE222315	DF.classifications_0.25_0.005_289	Singlet	pANN_0.25_0.005_289	0.0238095238095238
GSE222315_ACACAGTGTTGAGAGC-1_1_1_1_1	GSE222315_p4_NAT	GSE222315	DF.classifications_0.25_0.005_289	Singlet	pANN_0.25_0.005_289	0.0714285714285714
GSE222315_ACACAGTTCTTTGATC-1_1_1_1_1	GSE222315_p4_NAT	GSE222315	DF.classifications_0.25_0.005_289	Singlet	pANN_0.25_0.005_289	0.0714285714285714
GSE222315_ACACCAAAGCGCACAA-1_1_1_1_1	GSE222315_p4_NAT	GSE222315	DF.classifications_0.25_0.005_289	Singlet	pANN_0.25_0.005_289	0.0714285714285714
GSE222315_ACACCAAAGTAACAGT-1_1_1_1_1	GSE222315_p4_NAT	GSE222315	DF.classifications_0.25_0.005_289	Singlet	pANN_0.25_0.005_289	0.0238095238095238
GSE222315_ACACCAACACATGAAA-1_1_1_1_1	GSE222315_p4_NAT	GSE222315	DF.classifications_0.25_0.005_289	Singlet	pANN_0.25_0.005_289	0
GSE222315_ACACCAACACCAGGTC-1_1_1_1_1	GSE222315_p4_NAT	GSE222315	DF.classifications_0.25_0.005_289	Singlet	pANN_0.25_0.005_289	0.142857142857143
GSE222315_ACACCAACAGGTACGA-1_1_1_1_1	GSE222315_p4_NAT	GSE222315	DF.classifications_0.25_0.005_289	Singlet	pANN_0.25_0.005_289	0.0238095238095238
GSE222315_ACACGCGAGATGAACT-1_1_1_1_1	GSE222315_p4_NAT	GSE222315	DF.classifications_0.25_0.005_289	Singlet	pANN_0.25_0.005_289	0.142857142857143
GSE222315_ACACGCGAGGTTATAG-1_1_1_1_1	GSE222315_p4_NAT	GSE222315	DF.classifications_0.25_0.005_289	Singlet	pANN_0.25_0.005_289	0.261904761904762
GSE222315_ACACGCGTCACACCCT-1_1_1_1_1	GSE222315_p4_NAT	GSE222315	DF.classifications_0.25_0.005_289	Singlet	pANN_0.25_0.005_289	0.238095238095238
GSE222315_ACACGCGTCCCTCGAT-1_1_1_1_1	GSE222315_p4_NAT	GSE222315	DF.classifications_0.25_0.005_289	Singlet	pANN_0.25_0.005_289	0.0238095238095238
GSE222315_ACACTGACATAGGAGC-1_1_1_1_1	GSE222315_p4_NAT	GSE222315	DF.classifications_0.25_0.005_289	Singlet	pANN_0.25_0.005_289	0.0476190476190476
GSE222315_ACACTGAGTGTTGACT-1_1_1_1_1	GSE222315_p4_NAT	GSE222315	DF.classifications_0.25_0.005_289	Singlet	pANN_0.25_0.005_289	0.0714285714285714
GSE222315_ACACTGATCGTGTGAT-1_1_1_1_1	GSE222315_p4_NAT	GSE222315	DF.classifications_0.25_0.005_289	Singlet	pANN_0.25_0.005_289	0.119047619047619
GSE222315_ACACTGATCTTTCCGG-1_1_1_1_1	GSE222315_p4_NAT	GSE222315	DF.classifications_0.25_0.005_289	Singlet	pANN_0.25_0.005_289	0.0238095238095238
GSE222315_ACAGAAAAGTACGAGC-1_1_1_1_1	GSE222315_p4_NAT	GSE222315	DF.classifications_0.25_0.005_289	Singlet	pANN_0.25_0.005_289	0.0476190476190476
GSE222315_ACAGAAACATCGGAGA-1_1_1_1_1	GSE222315_p4_NAT	GSE222315	DF.classifications_0.25_0.005_289	Singlet	pANN_0.25_0.005_289	0
GSE222315_ACAGAAATCCCAGTGG-1_1_1_1_1	GSE222315_p4_NAT	GSE222315	DF.classifications_0.25_0.005_289	Singlet	pANN_0.25_0.005_289	0.119047619047619
GSE222315_ACAGAAATCTCGGTAA-1_1_1_1_1	GSE222315_p4_NAT	GSE222315	DF.classifications_0.25_0.005_289	Singlet	pANN_0.25_0.005_289	0.261904761904762
GSE222315_ACAGCCGAGTCACTGT-1_1_1_1_1	GSE222315_p4_NAT	GSE222315	DF.classifications_0.25_0.005_289	Singlet	pANN_0.25_0.005_289	0.261904761904762
GSE222315_ACAGCCGCAGGGTTGA-1_1_1_1_1	GSE222315_p4_NAT	GSE222315	DF.classifications_0.25_0.005_289	Singlet	pANN_0.25_0.005_289	0.0476190476190476
GSE222315_ACAGCCGGTCGCCACA-1_1_1_1_1	GSE222315_p4_NAT	GSE222315	DF.classifications_0.25_0.005_289	Singlet	pANN_0.25_0.005_289	0.285714285714286
GSE222315_ACAGCCGTCCTAGCTC-1_1_1_1_1	GSE222315_p4_NAT	GSE222315	DF.classifications_0.25_0.005_289	Singlet	pANN_0.25_0.005_289	0.214285714285714
GSE222315_ACAGCCGTCGATTGGT-1_1_1_1_1	GSE222315_p4_NAT	GSE222315	DF.classifications_0.25_0.005_289	Singlet	pANN_0.25_0.005_289	0.357142857142857
GSE222315_ACAGGGAAGTACAGCG-1_1_1_1_1	GSE222315_p4_NAT	GSE222315	DF.classifications_0.25_0.005_289	Singlet	pANN_0.25_0.005_289	0.19047619047619
GSE222315_ACAGGGACAACCCTCT-1_1_1_1_1	GSE222315_p4_NAT	GSE222315	DF.classifications_0.25_0.005_289	Singlet	pANN_0.25_0.005_289	0.0238095238095238
GSE222315_ACAGGGACAACTGGTT-1_1_1_1_1	GSE222315_p4_NAT	GSE222315	DF.classifications_0.25_0.005_289	Singlet	pANN_0.25_0.005_289	0.119047619047619
GSE222315_ACAGGGACATAATGCC-1_1_1_1_1	GSE222315_p4_NAT	GSE222315	DF.classifications_0.25_0.005_289	Singlet	pANN_0.25_0.005_289	0.0714285714285714
GSE222315_ACAGGGAGTGATAGTA-1_1_1_1_1	GSE222315_p4_NAT	GSE222315	DF.classifications_0.25_0.005_289	Singlet	pANN_0.25_0.005_289	0.285714285714286
GSE222315_ACAGGGATCACTGGGC-1_1_1_1_1	GSE222315_p4_NAT	GSE222315	DF.classifications_0.25_0.005_289	Singlet	pANN_0.25_0.005_289	0.285714285714286
GSE222315_ACATCCCAGCCTCATA-1_1_1_1_1	GSE222315_p4_NAT	GSE222315	DF.classifications_0.25_0.005_289	Singlet	pANN_0.25_0.005_289	0.119047619047619
GSE222315_ACATCCCCAAGAGGTC-1_1_1_1_1	GSE222315_p4_NAT	GSE222315	DF.classifications_0.25_0.005_289	Singlet	pANN_0.25_0.005_289	0.166666666666667
GSE222315_ACATCCCCACACACGC-1_1_1_1_1	GSE222315_p4_NAT	GSE222315	DF.classifications_0.25_0.005_289	Singlet	pANN_0.25_0.005_289	0.357142857142857
GSE222315_ACATCCCCAGAGGCAT-1_1_1_1_1	GSE222315_p4_NAT	GSE222315	DF.classifications_0.25_0.005_289	Doublet	pANN_0.25_0.005_289	0.5
GSE222315_ACATCCCGTAAGCAAT-1_1_1_1_1	GSE222315_p4_NAT	GSE222315	DF.classifications_0.25_0.005_289	Singlet	pANN_0.25_0.005_289	0.166666666666667
GSE222315_ACATCCCGTAATCAAG-1_1_1_1_1	GSE222315_p4_NAT	GSE222315	DF.classifications_0.25_0.005_289	Singlet	pANN_0.25_0.005_289	0.19047619047619
GSE222315_ACATCCCGTAGTGTGG-1_1_1_1_1	GSE222315_p4_NAT	GSE222315	DF.classifications_0.25_0.005_289	Singlet	pANN_0.25_0.005_289	0.285714285714286
GSE222315_ACATCCCGTGCGTTTA-1_1_1_1_1	GSE222315_p4_NAT	GSE222315	DF.classifications_0.25_0.005_289	Doublet	pANN_0.25_0.005_289	0.880952380952381
GSE222315_ACATCCCTCCGATGCG-1_1_1_1_1	GSE222315_p4_NAT	GSE222315	DF.classifications_0.25_0.005_289	Singlet	pANN_0.25_0.005_289	0.0476190476190476
GSE222315_ACATCCCTCTATTCGT-1_1_1_1_1	GSE222315_p4_NAT	GSE222315	DF.classifications_0.25_0.005_289	Doublet	pANN_0.25_0.005_289	0.428571428571429
GSE222315_ACATCGAAGCACACCC-1_1_1_1_1	GSE222315_p4_NAT	GSE222315	DF.classifications_0.25_0.005_289	Singlet	pANN_0.25_0.005_289	0.285714285714286
GSE222315_ACATCGAAGCACGTCC-1_1_1_1_1	GSE222315_p4_NAT	GSE222315	DF.classifications_0.25_0.005_289	Singlet	pANN_0.25_0.005_289	0.333333333333333
GSE222315_ACATCGAAGCGTCTCG-1_1_1_1_1	GSE222315_p4_NAT	GSE222315	DF.classifications_0.25_0.005_289	Singlet	pANN_0.25_0.005_289	0.238095238095238
GSE222315_ACATCGACACATGAAA-1_1_1_1_1	GSE222315_p4_NAT	GSE222315	DF.classifications_0.25_0.005_289	Singlet	pANN_0.25_0.005_289	0.142857142857143
GSE222315_ACATCGACAGATACTC-1_1_1_1_1	GSE222315_p4_NAT	GSE222315	DF.classifications_0.25_0.005_289	Singlet	pANN_0.25_0.005_289	0.166666666666667
GSE222315_ACATCGAGTGTGATGG-1_1_1_1_1	GSE222315_p4_NAT	GSE222315	DF.classifications_0.25_0.005_289	Singlet	pANN_0.25_0.005_289	0.142857142857143
GSE222315_ACATCGATCCTAGCTC-1_1_1_1_1	GSE222315_p4_NAT	GSE222315	DF.classifications_0.25_0.005_289	Singlet	pANN_0.25_0.005_289	0.142857142857143
GSE222315_ACATGCAAGCCATTGT-1_1_1_1_1	GSE222315_p4_NAT	GSE222315	DF.classifications_0.25_0.005_289	Singlet	pANN_0.25_0.005_289	0.0476190476190476
GSE222315_ACATGCAAGGGCAGAG-1_1_1_1_1	GSE222315_p4_NAT	GSE222315	DF.classifications_0.25_0.005_289	Singlet	pANN_0.25_0.005_289	0.333333333333333
GSE222315_ACATGCACACGGCTAC-1_1_1_1_1	GSE222315_p4_NAT	GSE222315	DF.classifications_0.25_0.005_289	Singlet	pANN_0.25_0.005_289	0.0476190476190476
GSE222315_ACATGCACACTAGGCC-1_1_1_1_1	GSE222315_p4_NAT	GSE222315	DF.classifications_0.25_0.005_289	Singlet	pANN_0.25_0.005_289	0.0952380952380952
GSE222315_ACATGCACACTCAGAT-1_1_1_1_1	GSE222315_p4_NAT	GSE222315	DF.classifications_0.25_0.005_289	Singlet	pANN_0.25_0.005_289	0.285714285714286
GSE222315_ACATGCATCCCGTGTT-1_1_1_1_1	GSE222315_p4_NAT	GSE222315	DF.classifications_0.25_0.005_289	Singlet	pANN_0.25_0.005_289	0.166666666666667
GSE222315_ACATGCATCTTCACGC-1_1_1_1_1	GSE222315_p4_NAT	GSE222315	DF.classifications_0.25_0.005_289	Singlet	pANN_0.25_0.005_289	0.214285714285714
GSE222315_ACATTTCAGGCTTCCG-1_1_1_1_1	GSE222315_p4_NAT	GSE222315	DF.classifications_0.25_0.005_289	Singlet	pANN_0.25_0.005_289	0.261904761904762
GSE222315_ACATTTCAGTACCGGA-1_1_1_1_1	GSE222315_p4_NAT	GSE222315	DF.classifications_0.25_0.005_289	Singlet	pANN_0.25_0.005_289	0.0714285714285714
GSE222315_ACATTTCAGTGGACGT-1_1_1_1_1	GSE222315_p4_NAT	GSE222315	DF.classifications_0.25_0.005_289	Singlet	pANN_0.25_0.005_289	0.166666666666667
GSE222315_ACATTTCCATCCGGCA-1_1_1_1_1	GSE222315_p4_NAT	GSE222315	DF.classifications_0.25_0.005_289	Singlet	pANN_0.25_0.005_289	0.214285714285714
GSE222315_ACATTTCGTGAGAGGG-1_1_1_1_1	GSE222315_p4_NAT	GSE222315	DF.classifications_0.25_0.005_289	Singlet	pANN_0.25_0.005_289	0
GSE222315_ACATTTCTCACTGTTT-1_1_1_1_1	GSE222315_p4_NAT	GSE222315	DF.classifications_0.25_0.005_289	Singlet	pANN_0.25_0.005_289	0.166666666666667
GSE222315_ACATTTCTCCCGATCT-1_1_1_1_1	GSE222315_p4_NAT	GSE222315	DF.classifications_0.25_0.005_289	Singlet	pANN_0.25_0.005_289	0
GSE222315_ACATTTCTCTCGTTTA-1_1_1_1_1	GSE222315_p4_NAT	GSE222315	DF.classifications_0.25_0.005_289	Singlet	pANN_0.25_0.005_289	0.166666666666667
GSE222315_ACCAAACAGACCCGCT-1_1_1_1_1	GSE222315_p4_NAT	GSE222315	DF.classifications_0.25_0.005_289	Singlet	pANN_0.25_0.005_289	0.0952380952380952
GSE222315_ACCAAACAGTATGTAG-1_1_1_1_1	GSE222315_p4_NAT	GSE222315	DF.classifications_0.25_0.005_289	Singlet	pANN_0.25_0.005_289	0.238095238095238
GSE222315_ACCAAACGTGTAAATG-1_1_1_1_1	GSE222315_p4_NAT	GSE222315	DF.classifications_0.25_0.005_289	Singlet	pANN_0.25_0.005_289	0.0714285714285714
GSE222315_ACCAAACGTTACACAC-1_1_1_1_1	GSE222315_p4_NAT	GSE222315	DF.classifications_0.25_0.005_289	Singlet	pANN_0.25_0.005_289	0.19047619047619
GSE222315_ACCAAACGTTGCGGCT-1_1_1_1_1	GSE222315_p4_NAT	GSE222315	DF.classifications_0.25_0.005_289	Singlet	pANN_0.25_0.005_289	0.285714285714286
GSE222315_ACCAAACTCGTGGGTC-1_1_1_1_1	GSE222315_p4_NAT	GSE222315	DF.classifications_0.25_0.005_289	Singlet	pANN_0.25_0.005_289	0.285714285714286
GSE222315_ACCAAACTCTCATGGA-1_1_1_1_1	GSE222315_p4_NAT	GSE222315	DF.classifications_0.25_0.005_289	Singlet	pANN_0.25_0.005_289	0.357142857142857
GSE222315_ACCAACACACCATATG-1_1_1_1_1	GSE222315_p4_NAT	GSE222315	DF.classifications_0.25_0.005_289	Singlet	pANN_0.25_0.005_289	0.261904761904762
GSE222315_ACCAACAGTCATACCA-1_1_1_1_1	GSE222315_p4_NAT	GSE222315	DF.classifications_0.25_0.005_289	Singlet	pANN_0.25_0.005_289	0.142857142857143
GSE222315_ACCAACAGTGTGTCCG-1_1_1_1_1	GSE222315_p4_NAT	GSE222315	DF.classifications_0.25_0.005_289	Singlet	pANN_0.25_0.005_289	0.238095238095238
GSE222315_ACCAACATCAAGCTTG-1_1_1_1_1	GSE222315_p4_NAT	GSE222315	DF.classifications_0.25_0.005_289	Singlet	pANN_0.25_0.005_289	0.19047619047619
GSE222315_ACCAACATCATTGTGG-1_1_1_1_1	GSE222315_p4_NAT	GSE222315	DF.classifications_0.25_0.005_289	Singlet	pANN_0.25_0.005_289	0.0714285714285714
GSE222315_ACCACAACAGGTGTGA-1_1_1_1_1	GSE222315_p4_NAT	GSE222315	DF.classifications_0.25_0.005_289	Singlet	pANN_0.25_0.005_289	0.30952380952381
GSE222315_ACCACAACATTACTCT-1_1_1_1_1	GSE222315_p4_NAT	GSE222315	DF.classifications_0.25_0.005_289	Singlet	pANN_0.25_0.005_289	0.285714285714286
GSE222315_ACCACAAGTAGGCAGT-1_1_1_1_1	GSE222315_p4_NAT	GSE222315	DF.classifications_0.25_0.005_289	Singlet	pANN_0.25_0.005_289	0.119047619047619
GSE222315_ACCACAATCGATTGGT-1_1_1_1_1	GSE222315_p4_NAT	GSE222315	DF.classifications_0.25_0.005_289	Singlet	pANN_0.25_0.005_289	0.0238095238095238
GSE222315_ACCATTTAGCACTCCG-1_1_1_1_1	GSE222315_p4_NAT	GSE222315	DF.classifications_0.25_0.005_289	Singlet	pANN_0.25_0.005_289	0.166666666666667
GSE222315_ACCATTTGTACAGGTG-1_1_1_1_1	GSE222315_p4_NAT	GSE222315	DF.classifications_0.25_0.005_289	Doublet	pANN_0.25_0.005_289	0.5
GSE222315_ACCATTTGTTGTGTTG-1_1_1_1_1	GSE222315_p4_NAT	GSE222315	DF.classifications_0.25_0.005_289	Singlet	pANN_0.25_0.005_289	0.166666666666667
GSE222315_ACCATTTTCGGAATTC-1_1_1_1_1	GSE222315_p4_NAT	GSE222315	DF.classifications_0.25_0.005_289	Singlet	pANN_0.25_0.005_289	0.238095238095238
GSE222315_ACCCAAAAGCTGTCCG-1_1_1_1_1	GSE222315_p4_NAT	GSE222315	DF.classifications_0.25_0.005_289	Singlet	pANN_0.25_0.005_289	0.357142857142857
GSE222315_ACCCAAACACTACAGT-1_1_1_1_1	GSE222315_p4_NAT	GSE222315	DF.classifications_0.25_0.005_289	Doublet	pANN_0.25_0.005_289	0.69047619047619
GSE222315_ACCCAAACACTGCGTG-1_1_1_1_1	GSE222315_p4_NAT	GSE222315	DF.classifications_0.25_0.005_289	Singlet	pANN_0.25_0.005_289	0.333333333333333
GSE222315_ACCCAAATCAAATGCC-1_1_1_1_1	GSE222315_p4_NAT	GSE222315	DF.classifications_0.25_0.005_289	Singlet	pANN_0.25_0.005_289	0.333333333333333
GSE222315_ACCCTCAAGACGTCCC-1_1_1_1_1	GSE222315_p4_NAT	GSE222315	DF.classifications_0.25_0.005_289	Singlet	pANN_0.25_0.005_289	0.30952380952381
GSE222315_ACCCTCAAGATTCGAA-1_1_1_1_1	GSE222315_p4_NAT	GSE222315	DF.classifications_0.25_0.005_289	Singlet	pANN_0.25_0.005_289	0.214285714285714
GSE222315_ACCCTCACAAGCAGGT-1_1_1_1_1	GSE222315_p4_NAT	GSE222315	DF.classifications_0.25_0.005_289	Singlet	pANN_0.25_0.005_289	0
GSE222315_ACCCTCACACCTATCC-1_1_1_1_1	GSE222315_p4_NAT	GSE222315	DF.classifications_0.25_0.005_289	Singlet	pANN_0.25_0.005_289	0.30952380952381
GSE222315_ACCCTCACATATAGCC-1_1_1_1_1	GSE222315_p4_NAT	GSE222315	DF.classifications_0.25_0.005_289	Singlet	pANN_0.25_0.005_289	0.0238095238095238
GSE222315_ACCCTCAGTAGACACG-1_1_1_1_1	GSE222315_p4_NAT	GSE222315	DF.classifications_0.25_0.005_289	Singlet	pANN_0.25_0.005_289	0.333333333333333
GSE222315_ACCCTCAGTGACTGTT-1_1_1_1_1	GSE222315_p4_NAT	GSE222315	DF.classifications_0.25_0.005_289	Singlet	pANN_0.25_0.005_289	0
GSE222315_ACCCTCATCAAGTTGC-1_1_1_1_1	GSE222315_p4_NAT	GSE222315	DF.classifications_0.25_0.005_289	Singlet	pANN_0.25_0.005_289	0
GSE222315_ACCCTCATCACTGAAC-1_1_1_1_1	GSE222315_p4_NAT	GSE222315	DF.classifications_0.25_0.005_289	Singlet	pANN_0.25_0.005_289	0
GSE222315_ACCCTCATCATGCAGT-1_1_1_1_1	GSE222315_p4_NAT	GSE222315	DF.classifications_0.25_0.005_289	Singlet	pANN_0.25_0.005_289	0.0952380952380952
GSE222315_ACCCTCATCCTCTCGA-1_1_1_1_1	GSE222315_p4_NAT	GSE222315	DF.classifications_0.25_0.005_289	Singlet	pANN_0.25_0.005_289	0.119047619047619
GSE222315_ACCCTCATCGGCAGTC-1_1_1_1_1	GSE222315_p4_NAT	GSE222315	DF.classifications_0.25_0.005_289	Singlet	pANN_0.25_0.005_289	0.166666666666667
GSE222315_ACCCTTGAGTCTTCCC-1_1_1_1_1	GSE222315_p4_NAT	GSE222315	DF.classifications_0.25_0.005_289	Singlet	pANN_0.25_0.005_289	0.142857142857143
GSE222315_ACCCTTGCAGCACAGA-1_1_1_1_1	GSE222315_p4_NAT	GSE222315	DF.classifications_0.25_0.005_289	Singlet	pANN_0.25_0.005_289	0.0476190476190476
GSE222315_ACCCTTGCATGCGGTC-1_1_1_1_1	GSE222315_p4_NAT	GSE222315	DF.classifications_0.25_0.005_289	Singlet	pANN_0.25_0.005_289	0.0238095238095238
GSE222315_ACCCTTGGTTCGTACA-1_1_1_1_1	GSE222315_p4_NAT	GSE222315	DF.classifications_0.25_0.005_289	Singlet	pANN_0.25_0.005_289	0.0714285714285714
GSE222315_ACCCTTGTCCGACGGT-1_1_1_1_1	GSE222315_p4_NAT	GSE222315	DF.classifications_0.25_0.005_289	Singlet	pANN_0.25_0.005_289	0.0714285714285714
GSE222315_ACCGTTCAGAAGCGAA-1_1_1_1_1	GSE222315_p4_NAT	GSE222315	DF.classifications_0.25_0.005_289	Singlet	pANN_0.25_0.005_289	0.285714285714286
GSE222315_ACCGTTCAGAGAGGTA-1_1_1_1_1	GSE222315_p4_NAT	GSE222315	DF.classifications_0.25_0.005_289	Singlet	pANN_0.25_0.005_289	0.0952380952380952
GSE222315_ACCGTTCCAACATCGT-1_1_1_1_1	GSE222315_p4_NAT	GSE222315	DF.classifications_0.25_0.005_289	Singlet	pANN_0.25_0.005_289	0.19047619047619
GSE222315_ACCGTTCCAAGTCCAT-1_1_1_1_1	GSE222315_p4_NAT	GSE222315	DF.classifications_0.25_0.005_289	Singlet	pANN_0.25_0.005_289	0.0714285714285714
GSE222315_ACCGTTCCAATTGAAG-1_1_1_1_1	GSE222315_p4_NAT	GSE222315	DF.classifications_0.25_0.005_289	Singlet	pANN_0.25_0.005_289	0.214285714285714
GSE222315_ACCGTTCCACAACGAG-1_1_1_1_1	GSE222315_p4_NAT	GSE222315	DF.classifications_0.25_0.005_289	Singlet	pANN_0.25_0.005_289	0.19047619047619
GSE222315_ACCGTTCCACCTCAGG-1_1_1_1_1	GSE222315_p4_NAT	GSE222315	DF.classifications_0.25_0.005_289	Doublet	pANN_0.25_0.005_289	0.452380952380952
GSE222315_ACCGTTCCACTATGTG-1_1_1_1_1	GSE222315_p4_NAT	GSE222315	DF.classifications_0.25_0.005_289	Singlet	pANN_0.25_0.005_289	0.166666666666667
GSE222315_ACCGTTCGTCACTAGT-1_1_1_1_1	GSE222315_p4_NAT	GSE222315	DF.classifications_0.25_0.005_289	Singlet	pANN_0.25_0.005_289	0.0476190476190476
GSE222315_ACCGTTCTCAAGTGTC-1_1_1_1_1	GSE222315_p4_NAT	GSE222315	DF.classifications_0.25_0.005_289	Singlet	pANN_0.25_0.005_289	0.166666666666667
GSE222315_ACCGTTCTCCTTCTTC-1_1_1_1_1	GSE222315_p4_NAT	GSE222315	DF.classifications_0.25_0.005_289	Singlet	pANN_0.25_0.005_289	0.238095238095238
GSE222315_ACCGTTCTCGGCTGTG-1_1_1_1_1	GSE222315_p4_NAT	GSE222315	DF.classifications_0.25_0.005_289	Singlet	pANN_0.25_0.005_289	0.333333333333333
GSE222315_ACCTACCAGATGTTCC-1_1_1_1_1	GSE222315_p4_NAT	GSE222315	DF.classifications_0.25_0.005_289	Singlet	pANN_0.25_0.005_289	0.19047619047619
GSE222315_ACCTACCAGGCACTCC-1_1_1_1_1	GSE222315_p4_NAT	GSE222315	DF.classifications_0.25_0.005_289	Singlet	pANN_0.25_0.005_289	0.0714285714285714
GSE222315_ACCTACCCAAACAGGC-1_1_1_1_1	GSE222315_p4_NAT	GSE222315	DF.classifications_0.25_0.005_289	Singlet	pANN_0.25_0.005_289	0.285714285714286
GSE222315_ACCTACCCAAAGGGTC-1_1_1_1_1	GSE222315_p4_NAT	GSE222315	DF.classifications_0.25_0.005_289	Singlet	pANN_0.25_0.005_289	0.166666666666667
GSE222315_ACCTACCCATCCTGTC-1_1_1_1_1	GSE222315_p4_NAT	GSE222315	DF.classifications_0.25_0.005_289	Singlet	pANN_0.25_0.005_289	0
GSE222315_ACCTACCGTTGCCGAC-1_1_1_1_1	GSE222315_p4_NAT	GSE222315	DF.classifications_0.25_0.005_289	Singlet	pANN_0.25_0.005_289	0
GSE222315_ACCTGAAAGTTCGGTT-1_1_1_1_1	GSE222315_p4_NAT	GSE222315	DF.classifications_0.25_0.005_289	Singlet	pANN_0.25_0.005_289	0.0952380952380952
GSE222315_ACCTGAACAGCTCATA-1_1_1_1_1	GSE222315_p4_NAT	GSE222315	DF.classifications_0.25_0.005_289	Singlet	pANN_0.25_0.005_289	0.142857142857143
GSE222315_ACCTGAACATCCCGTT-1_1_1_1_1	GSE222315_p4_NAT	GSE222315	DF.classifications_0.25_0.005_289	Singlet	pANN_0.25_0.005_289	0.261904761904762
GSE222315_ACCTGAATCTATGTGG-1_1_1_1_1	GSE222315_p4_NAT	GSE222315	DF.classifications_0.25_0.005_289	Singlet	pANN_0.25_0.005_289	0.357142857142857
GSE222315_ACCTGAATCTCTATAC-1_1_1_1_1	GSE222315_p4_NAT	GSE222315	DF.classifications_0.25_0.005_289	Singlet	pANN_0.25_0.005_289	0.166666666666667
GSE222315_ACCTGTCAGCTAGAAT-1_1_1_1_1	GSE222315_p4_NAT	GSE222315	DF.classifications_0.25_0.005_289	Singlet	pANN_0.25_0.005_289	0.404761904761905
GSE222315_ACCTGTCAGGACCCAA-1_1_1_1_1	GSE222315_p4_NAT	GSE222315	DF.classifications_0.25_0.005_289	Singlet	pANN_0.25_0.005_289	0
GSE222315_ACCTGTCAGGGTTAAT-1_1_1_1_1	GSE222315_p4_NAT	GSE222315	DF.classifications_0.25_0.005_289	Singlet	pANN_0.25_0.005_289	0.119047619047619
GSE222315_ACCTGTCAGTCGAAGC-1_1_1_1_1	GSE222315_p4_NAT	GSE222315	DF.classifications_0.25_0.005_289	Singlet	pANN_0.25_0.005_289	0.166666666666667
GSE222315_ACCTGTCAGTTGCCTA-1_1_1_1_1	GSE222315_p4_NAT	GSE222315	DF.classifications_0.25_0.005_289	Singlet	pANN_0.25_0.005_289	0.19047619047619
GSE222315_ACCTGTCCACGATAGG-1_1_1_1_1	GSE222315_p4_NAT	GSE222315	DF.classifications_0.25_0.005_289	Singlet	pANN_0.25_0.005_289	0.0952380952380952
GSE222315_ACCTGTCCATACAGAA-1_1_1_1_1	GSE222315_p4_NAT	GSE222315	DF.classifications_0.25_0.005_289	Singlet	pANN_0.25_0.005_289	0.285714285714286
GSE222315_ACCTGTCGTCGTGTTA-1_1_1_1_1	GSE222315_p4_NAT	GSE222315	DF.classifications_0.25_0.005_289	Singlet	pANN_0.25_0.005_289	0.261904761904762
GSE222315_ACCTGTCGTTCCAGGC-1_1_1_1_1	GSE222315_p4_NAT	GSE222315	DF.classifications_0.25_0.005_289	Singlet	pANN_0.25_0.005_289	0.0714285714285714
GSE222315_ACCTGTCTCCTACCGT-1_1_1_1_1	GSE222315_p4_NAT	GSE222315	DF.classifications_0.25_0.005_289	Singlet	pANN_0.25_0.005_289	0.142857142857143
GSE222315_ACGATCAAGGAAGTAG-1_1_1_1_1	GSE222315_p4_NAT	GSE222315	DF.classifications_0.25_0.005_289	Singlet	pANN_0.25_0.005_289	0.0714285714285714
GSE222315_ACGATCAAGGGTGGGA-1_1_1_1_1	GSE222315_p4_NAT	GSE222315	DF.classifications_0.25_0.005_289	Singlet	pANN_0.25_0.005_289	0
GSE222315_ACGATCACAGCCATTA-1_1_1_1_1	GSE222315_p4_NAT	GSE222315	DF.classifications_0.25_0.005_289	Singlet	pANN_0.25_0.005_289	0.0714285714285714
GSE222315_ACGATCACAGTTTCAG-1_1_1_1_1	GSE222315_p4_NAT	GSE222315	DF.classifications_0.25_0.005_289	Singlet	pANN_0.25_0.005_289	0.0238095238095238
GSE222315_ACGATCACATCTAGAC-1_1_1_1_1	GSE222315_p4_NAT	GSE222315	DF.classifications_0.25_0.005_289	Singlet	pANN_0.25_0.005_289	0.0952380952380952
GSE222315_ACGATCAGTGGTTTGT-1_1_1_1_1	GSE222315_p4_NAT	GSE222315	DF.classifications_0.25_0.005_289	Singlet	pANN_0.25_0.005_289	0.19047619047619
GSE222315_ACGATCAGTTAACCTG-1_1_1_1_1	GSE222315_p4_NAT	GSE222315	DF.classifications_0.25_0.005_289	Singlet	pANN_0.25_0.005_289	0.380952380952381
GSE222315_ACGATCAGTTACCGTA-1_1_1_1_1	GSE222315_p4_NAT	GSE222315	DF.classifications_0.25_0.005_289	Singlet	pANN_0.25_0.005_289	0.0714285714285714
GSE222315_ACGATCATCCTATTTG-1_1_1_1_1	GSE222315_p4_NAT	GSE222315	DF.classifications_0.25_0.005_289	Singlet	pANN_0.25_0.005_289	0.261904761904762
GSE222315_ACGATCATCGAAGCCC-1_1_1_1_1	GSE222315_p4_NAT	GSE222315	DF.classifications_0.25_0.005_289	Singlet	pANN_0.25_0.005_289	0.0714285714285714
GSE222315_ACGATCATCTCTGACC-1_1_1_1_1	GSE222315_p4_NAT	GSE222315	DF.classifications_0.25_0.005_289	Singlet	pANN_0.25_0.005_289	0.0714285714285714
GSE222315_ACGATGTCAAACACCT-1_1_1_1_1	GSE222315_p4_NAT	GSE222315	DF.classifications_0.25_0.005_289	Singlet	pANN_0.25_0.005_289	0.0238095238095238
GSE222315_ACGATGTCATGGGTTT-1_1_1_1_1	GSE222315_p4_NAT	GSE222315	DF.classifications_0.25_0.005_289	Singlet	pANN_0.25_0.005_289	0.214285714285714
GSE222315_ACGATGTGTCCATAGT-1_1_1_1_1	GSE222315_p4_NAT	GSE222315	DF.classifications_0.25_0.005_289	Singlet	pANN_0.25_0.005_289	0.238095238095238
GSE222315_ACGATGTTCCTCACTG-1_1_1_1_1	GSE222315_p4_NAT	GSE222315	DF.classifications_0.25_0.005_289	Singlet	pANN_0.25_0.005_289	0.0714285714285714
GSE222315_ACGATGTTCGAGGCAA-1_1_1_1_1	GSE222315_p4_NAT	GSE222315	DF.classifications_0.25_0.005_289	Singlet	pANN_0.25_0.005_289	0.166666666666667
GSE222315_ACGCACGAGTAGCATA-1_1_1_1_1	GSE222315_p4_NAT	GSE222315	DF.classifications_0.25_0.005_289	Singlet	pANN_0.25_0.005_289	0.333333333333333
GSE222315_ACGCACGCATGGCCCA-1_1_1_1_1	GSE222315_p4_NAT	GSE222315	DF.classifications_0.25_0.005_289	Singlet	pANN_0.25_0.005_289	0.0952380952380952
GSE222315_ACGCACGGTACCCACG-1_1_1_1_1	GSE222315_p4_NAT	GSE222315	DF.classifications_0.25_0.005_289	Singlet	pANN_0.25_0.005_289	0.142857142857143
GSE222315_ACGCACGGTATGCGTT-1_1_1_1_1	GSE222315_p4_NAT	GSE222315	DF.classifications_0.25_0.005_289	Singlet	pANN_0.25_0.005_289	0.261904761904762
GSE222315_ACGCACGGTATGGAGC-1_1_1_1_1	GSE222315_p4_NAT	GSE222315	DF.classifications_0.25_0.005_289	Doublet	pANN_0.25_0.005_289	0.452380952380952
GSE222315_ACGCACGGTCTACAAC-1_1_1_1_1	GSE222315_p4_NAT	GSE222315	DF.classifications_0.25_0.005_289	Singlet	pANN_0.25_0.005_289	0.19047619047619
GSE222315_ACGCACGTCAACACCA-1_1_1_1_1	GSE222315_p4_NAT	GSE222315	DF.classifications_0.25_0.005_289	Singlet	pANN_0.25_0.005_289	0.119047619047619
GSE222315_ACGCACGTCACATACG-1_1_1_1_1	GSE222315_p4_NAT	GSE222315	DF.classifications_0.25_0.005_289	Singlet	pANN_0.25_0.005_289	0.214285714285714
GSE222315_ACGCACGTCTTCCGTG-1_1_1_1_1	GSE222315_p4_NAT	GSE222315	DF.classifications_0.25_0.005_289	Singlet	pANN_0.25_0.005_289	0.166666666666667
GSE222315_ACGGAAGAGCAGTACG-1_1_1_1_1	GSE222315_p4_NAT	GSE222315	DF.classifications_0.25_0.005_289	Singlet	pANN_0.25_0.005_289	0.119047619047619
GSE222315_ACGGAAGAGGTGATCG-1_1_1_1_1	GSE222315_p4_NAT	GSE222315	DF.classifications_0.25_0.005_289	Singlet	pANN_0.25_0.005_289	0.0238095238095238
GSE222315_ACGGAAGGTAGAAACT-1_1_1_1_1	GSE222315_p4_NAT	GSE222315	DF.classifications_0.25_0.005_289	Singlet	pANN_0.25_0.005_289	0
GSE222315_ACGGAAGGTGCTCGTG-1_1_1_1_1	GSE222315_p4_NAT	GSE222315	DF.classifications_0.25_0.005_289	Singlet	pANN_0.25_0.005_289	0.0714285714285714
GSE222315_ACGGGTCCATCACCAA-1_1_1_1_1	GSE222315_p4_NAT	GSE222315	DF.classifications_0.25_0.005_289	Singlet	pANN_0.25_0.005_289	0.119047619047619
GSE222315_ACGGGTCGTCCACTCT-1_1_1_1_1	GSE222315_p4_NAT	GSE222315	DF.classifications_0.25_0.005_289	Singlet	pANN_0.25_0.005_289	0.380952380952381
GSE222315_ACGGGTCGTTAACAGA-1_1_1_1_1	GSE222315_p4_NAT	GSE222315	DF.classifications_0.25_0.005_289	Singlet	pANN_0.25_0.005_289	0.142857142857143
GSE222315_ACGGGTCGTTACCTTT-1_1_1_1_1	GSE222315_p4_NAT	GSE222315	DF.classifications_0.25_0.005_289	Singlet	pANN_0.25_0.005_289	0.0952380952380952
GSE222315_ACGGGTCTCAAAGGTA-1_1_1_1_1	GSE222315_p4_NAT	GSE222315	DF.classifications_0.25_0.005_289	Singlet	pANN_0.25_0.005_289	0.0238095238095238
GSE222315_ACGGGTCTCCTGTAGA-1_1_1_1_1	GSE222315_p4_NAT	GSE222315	DF.classifications_0.25_0.005_289	Singlet	pANN_0.25_0.005_289	0.119047619047619
GSE222315_ACGGGTCTCTGTGTGA-1_1_1_1_1	GSE222315_p4_NAT	GSE222315	DF.classifications_0.25_0.005_289	Singlet	pANN_0.25_0.005_289	0.0714285714285714
GSE222315_ACGGTCGAGGCGATAC-1_1_1_1_1	GSE222315_p4_NAT	GSE222315	DF.classifications_0.25_0.005_289	Singlet	pANN_0.25_0.005_289	0.0476190476190476
GSE222315_ACGGTCGCATAAGCGG-1_1_1_1_1	GSE222315_p4_NAT	GSE222315	DF.classifications_0.25_0.005_289	Singlet	pANN_0.25_0.005_289	0.166666666666667
GSE222315_ACGGTCGCATAGGTAA-1_1_1_1_1	GSE222315_p4_NAT	GSE222315	DF.classifications_0.25_0.005_289	Singlet	pANN_0.25_0.005_289	0.0476190476190476
GSE222315_ACGGTCGGTAGAGACC-1_1_1_1_1	GSE222315_p4_NAT	GSE222315	DF.classifications_0.25_0.005_289	Singlet	pANN_0.25_0.005_289	0.261904761904762
GSE222315_ACGGTCGTCGTAGGAG-1_1_1_1_1	GSE222315_p4_NAT	GSE222315	DF.classifications_0.25_0.005_289	Singlet	pANN_0.25_0.005_289	0
GSE222315_ACGGTCGTCTAACGCA-1_1_1_1_1	GSE222315_p4_NAT	GSE222315	DF.classifications_0.25_0.005_289	Singlet	pANN_0.25_0.005_289	0.166666666666667
GSE222315_ACGGTTAAGACAACTA-1_1_1_1_1	GSE222315_p4_NAT	GSE222315	DF.classifications_0.25_0.005_289	Singlet	pANN_0.25_0.005_289	0.214285714285714
GSE222315_ACGGTTAAGGGTAATT-1_1_1_1_1	GSE222315_p4_NAT	GSE222315	DF.classifications_0.25_0.005_289	Singlet	pANN_0.25_0.005_289	0.261904761904762
GSE222315_ACGGTTAAGTATTAGG-1_1_1_1_1	GSE222315_p4_NAT	GSE222315	DF.classifications_0.25_0.005_289	Singlet	pANN_0.25_0.005_289	0.380952380952381
GSE222315_ACGGTTAAGTTGCCCG-1_1_1_1_1	GSE222315_p4_NAT	GSE222315	DF.classifications_0.25_0.005_289	Singlet	pANN_0.25_0.005_289	0.380952380952381
GSE222315_ACGGTTACAACAAGTA-1_1_1_1_1	GSE222315_p4_NAT	GSE222315	DF.classifications_0.25_0.005_289	Singlet	pANN_0.25_0.005_289	0.0476190476190476
GSE222315_ACGGTTACAATACAGA-1_1_1_1_1	GSE222315_p4_NAT	GSE222315	DF.classifications_0.25_0.005_289	Singlet	pANN_0.25_0.005_289	0.0714285714285714
GSE222315_ACGGTTACAGGTGTTT-1_1_1_1_1	GSE222315_p4_NAT	GSE222315	DF.classifications_0.25_0.005_289	Singlet	pANN_0.25_0.005_289	0.333333333333333
GSE222315_ACGGTTACATACATCG-1_1_1_1_1	GSE222315_p4_NAT	GSE222315	DF.classifications_0.25_0.005_289	Doublet	pANN_0.25_0.005_289	0.452380952380952
GSE222315_ACGGTTAGTATGTCAC-1_1_1_1_1	GSE222315_p4_NAT	GSE222315	DF.classifications_0.25_0.005_289	Singlet	pANN_0.25_0.005_289	0.357142857142857
GSE222315_ACGGTTAGTCGATTCA-1_1_1_1_1	GSE222315_p4_NAT	GSE222315	DF.classifications_0.25_0.005_289	Singlet	pANN_0.25_0.005_289	0.214285714285714
GSE222315_ACGGTTAGTCGTCATA-1_1_1_1_1	GSE222315_p4_NAT	GSE222315	DF.classifications_0.25_0.005_289	Singlet	pANN_0.25_0.005_289	0.357142857142857
GSE222315_ACGGTTAGTCTTTCTA-1_1_1_1_1	GSE222315_p4_NAT	GSE222315	DF.classifications_0.25_0.005_289	Singlet	pANN_0.25_0.005_289	0.166666666666667
GSE222315_ACGGTTATCAGACTGT-1_1_1_1_1	GSE222315_p4_NAT	GSE222315	DF.classifications_0.25_0.005_289	Singlet	pANN_0.25_0.005_289	0.404761904761905
GSE222315_ACGGTTATCGAACCTA-1_1_1_1_1	GSE222315_p4_NAT	GSE222315	DF.classifications_0.25_0.005_289	Singlet	pANN_0.25_0.005_289	0.0714285714285714
GSE222315_ACGTAACAGTCCCAAT-1_1_1_1_1	GSE222315_p4_NAT	GSE222315	DF.classifications_0.25_0.005_289	Singlet	pANN_0.25_0.005_289	0.0952380952380952
GSE222315_ACGTAACCATATAGCC-1_1_1_1_1	GSE222315_p4_NAT	GSE222315	DF.classifications_0.25_0.005_289	Singlet	pANN_0.25_0.005_289	0.166666666666667
GSE222315_ACGTAACGTTTCGTGA-1_1_1_1_1	GSE222315_p4_NAT	GSE222315	DF.classifications_0.25_0.005_289	Singlet	pANN_0.25_0.005_289	0.19047619047619
GSE222315_ACGTAACTCAACGAGG-1_1_1_1_1	GSE222315_p4_NAT	GSE222315	DF.classifications_0.25_0.005_289	Singlet	pANN_0.25_0.005_289	0.0476190476190476
GSE222315_ACGTACAAGAGTTCGG-1_1_1_1_1	GSE222315_p4_NAT	GSE222315	DF.classifications_0.25_0.005_289	Singlet	pANN_0.25_0.005_289	0.357142857142857
GSE222315_ACGTACAAGTCTCTGA-1_1_1_1_1	GSE222315_p4_NAT	GSE222315	DF.classifications_0.25_0.005_289	Singlet	pANN_0.25_0.005_289	0.119047619047619
GSE222315_ACGTACAAGTGCACCC-1_1_1_1_1	GSE222315_p4_NAT	GSE222315	DF.classifications_0.25_0.005_289	Singlet	pANN_0.25_0.005_289	0.238095238095238
GSE222315_ACGTACAGTATACGGG-1_1_1_1_1	GSE222315_p4_NAT	GSE222315	DF.classifications_0.25_0.005_289	Singlet	pANN_0.25_0.005_289	0.238095238095238
GSE222315_ACGTACAGTGAGCCAA-1_1_1_1_1	GSE222315_p4_NAT	GSE222315	DF.classifications_0.25_0.005_289	Singlet	pANN_0.25_0.005_289	0.0714285714285714
GSE222315_ACGTACAGTGCCAAGA-1_1_1_1_1	GSE222315_p4_NAT	GSE222315	DF.classifications_0.25_0.005_289	Singlet	pANN_0.25_0.005_289	0
GSE222315_ACGTACAGTTAGAAAC-1_1_1_1_1	GSE222315_p4_NAT	GSE222315	DF.classifications_0.25_0.005_289	Singlet	pANN_0.25_0.005_289	0.214285714285714
GSE222315_ACGTACATCTGCATGA-1_1_1_1_1	GSE222315_p4_NAT	GSE222315	DF.classifications_0.25_0.005_289	Singlet	pANN_0.25_0.005_289	0.285714285714286
GSE222315_ACGTAGTAGGATACAT-1_1_1_1_1	GSE222315_p4_NAT	GSE222315	DF.classifications_0.25_0.005_289	Singlet	pANN_0.25_0.005_289	0.214285714285714
GSE222315_ACGTAGTAGGGACAGG-1_1_1_1_1	GSE222315_p4_NAT	GSE222315	DF.classifications_0.25_0.005_289	Doublet	pANN_0.25_0.005_289	0.476190476190476
GSE222315_ACGTAGTAGTAACCTC-1_1_1_1_1	GSE222315_p4_NAT	GSE222315	DF.classifications_0.25_0.005_289	Singlet	pANN_0.25_0.005_289	0.0476190476190476
GSE222315_ACGTAGTCATTCACCC-1_1_1_1_1	GSE222315_p4_NAT	GSE222315	DF.classifications_0.25_0.005_289	Singlet	pANN_0.25_0.005_289	0
GSE222315_ACGTAGTTCCGTACGG-1_1_1_1_1	GSE222315_p4_NAT	GSE222315	DF.classifications_0.25_0.005_289	Singlet	pANN_0.25_0.005_289	0.0952380952380952
GSE222315_ACGTCCTAGGGCTTCC-1_1_1_1_1	GSE222315_p4_NAT	GSE222315	DF.classifications_0.25_0.005_289	Singlet	pANN_0.25_0.005_289	0.380952380952381
GSE222315_ACGTCCTAGGTCGAGT-1_1_1_1_1	GSE222315_p4_NAT	GSE222315	DF.classifications_0.25_0.005_289	Singlet	pANN_0.25_0.005_289	0.0476190476190476
GSE222315_ACGTCCTCAAATCGTC-1_1_1_1_1	GSE222315_p4_NAT	GSE222315	DF.classifications_0.25_0.005_289	Singlet	pANN_0.25_0.005_289	0.166666666666667
GSE222315_ACGTCCTCAATCGCGC-1_1_1_1_1	GSE222315_p4_NAT	GSE222315	DF.classifications_0.25_0.005_289	Singlet	pANN_0.25_0.005_289	0.0714285714285714
GSE222315_ACGTCCTCAGAGAAAG-1_1_1_1_1	GSE222315_p4_NAT	GSE222315	DF.classifications_0.25_0.005_289	Singlet	pANN_0.25_0.005_289	0.0714285714285714
GSE222315_ACGTCCTCATCCTCAC-1_1_1_1_1	GSE222315_p4_NAT	GSE222315	DF.classifications_0.25_0.005_289	Singlet	pANN_0.25_0.005_289	0.19047619047619
GSE222315_ACGTCCTGTAACACCT-1_1_1_1_1	GSE222315_p4_NAT	GSE222315	DF.classifications_0.25_0.005_289	Singlet	pANN_0.25_0.005_289	0.0714285714285714
GSE222315_ACGTCCTGTGACTATC-1_1_1_1_1	GSE222315_p4_NAT	GSE222315	DF.classifications_0.25_0.005_289	Singlet	pANN_0.25_0.005_289	0.0714285714285714
GSE222315_ACGTCCTTCCGTATAG-1_1_1_1_1	GSE222315_p4_NAT	GSE222315	DF.classifications_0.25_0.005_289	Singlet	pANN_0.25_0.005_289	0.119047619047619
GSE222315_ACGTTCCAGGCTCCCA-1_1_1_1_1	GSE222315_p4_NAT	GSE222315	DF.classifications_0.25_0.005_289	Singlet	pANN_0.25_0.005_289	0.238095238095238
GSE222315_ACGTTCCGTATACCCA-1_1_1_1_1	GSE222315_p4_NAT	GSE222315	DF.classifications_0.25_0.005_289	Singlet	pANN_0.25_0.005_289	0.285714285714286
GSE222315_ACGTTCCGTTCAAGGG-1_1_1_1_1	GSE222315_p4_NAT	GSE222315	DF.classifications_0.25_0.005_289	Singlet	pANN_0.25_0.005_289	0.0476190476190476
GSE222315_ACTACGAAGTGCGCTC-1_1_1_1_1	GSE222315_p4_NAT	GSE222315	DF.classifications_0.25_0.005_289	Doublet	pANN_0.25_0.005_289	0.476190476190476
GSE222315_ACTACGACAACTACGT-1_1_1_1_1	GSE222315_p4_NAT	GSE222315	DF.classifications_0.25_0.005_289	Singlet	pANN_0.25_0.005_289	0.261904761904762
GSE222315_ACTACGACACGTAGAG-1_1_1_1_1	GSE222315_p4_NAT	GSE222315	DF.classifications_0.25_0.005_289	Singlet	pANN_0.25_0.005_289	0.166666666666667
GSE222315_ACTACGAGTGGATACG-1_1_1_1_1	GSE222315_p4_NAT	GSE222315	DF.classifications_0.25_0.005_289	Singlet	pANN_0.25_0.005_289	0.142857142857143
GSE222315_ACTACGATCACTGATG-1_1_1_1_1	GSE222315_p4_NAT	GSE222315	DF.classifications_0.25_0.005_289	Singlet	pANN_0.25_0.005_289	0.142857142857143
GSE222315_ACTACGATCGGTTAGT-1_1_1_1_1	GSE222315_p4_NAT	GSE222315	DF.classifications_0.25_0.005_289	Singlet	pANN_0.25_0.005_289	0.0952380952380952
GSE222315_ACTATCTAGACGTCCC-1_1_1_1_1	GSE222315_p4_NAT	GSE222315	DF.classifications_0.25_0.005_289	Singlet	pANN_0.25_0.005_289	0.238095238095238
GSE222315_ACTATCTAGCGTACAG-1_1_1_1_1	GSE222315_p4_NAT	GSE222315	DF.classifications_0.25_0.005_289	Singlet	pANN_0.25_0.005_289	0.380952380952381
GSE222315_ACTATCTAGGATATGT-1_1_1_1_1	GSE222315_p4_NAT	GSE222315	DF.classifications_0.25_0.005_289	Singlet	pANN_0.25_0.005_289	0.261904761904762
GSE222315_ACTATCTAGGTCACTT-1_1_1_1_1	GSE222315_p4_NAT	GSE222315	DF.classifications_0.25_0.005_289	Singlet	pANN_0.25_0.005_289	0.214285714285714
GSE222315_ACTATCTAGTTGAAAC-1_1_1_1_1	GSE222315_p4_NAT	GSE222315	DF.classifications_0.25_0.005_289	Singlet	pANN_0.25_0.005_289	0.285714285714286
GSE222315_ACTATCTCAACGACTT-1_1_1_1_1	GSE222315_p4_NAT	GSE222315	DF.classifications_0.25_0.005_289	Singlet	pANN_0.25_0.005_289	0.0238095238095238
GSE222315_ACTATCTCATCCGTTC-1_1_1_1_1	GSE222315_p4_NAT	GSE222315	DF.classifications_0.25_0.005_289	Singlet	pANN_0.25_0.005_289	0.19047619047619
GSE222315_ACTATCTGTTGTTGCA-1_1_1_1_1	GSE222315_p4_NAT	GSE222315	DF.classifications_0.25_0.005_289	Singlet	pANN_0.25_0.005_289	0.142857142857143
GSE222315_ACTATCTTCCAAACCA-1_1_1_1_1	GSE222315_p4_NAT	GSE222315	DF.classifications_0.25_0.005_289	Singlet	pANN_0.25_0.005_289	0.142857142857143
GSE222315_ACTATCTTCGGCATAT-1_1_1_1_1	GSE222315_p4_NAT	GSE222315	DF.classifications_0.25_0.005_289	Singlet	pANN_0.25_0.005_289	0.333333333333333
GSE222315_ACTATCTTCTATGTGG-1_1_1_1_1	GSE222315_p4_NAT	GSE222315	DF.classifications_0.25_0.005_289	Singlet	pANN_0.25_0.005_289	0.404761904761905
GSE222315_ACTATGGAGACCAACG-1_1_1_1_1	GSE222315_p4_NAT	GSE222315	DF.classifications_0.25_0.005_289	Singlet	pANN_0.25_0.005_289	0.0238095238095238
GSE222315_ACTATGGAGCTTTGTG-1_1_1_1_1	GSE222315_p4_NAT	GSE222315	DF.classifications_0.25_0.005_289	Singlet	pANN_0.25_0.005_289	0.142857142857143
GSE222315_ACTATGGAGTCCGCGT-1_1_1_1_1	GSE222315_p4_NAT	GSE222315	DF.classifications_0.25_0.005_289	Doublet	pANN_0.25_0.005_289	0.619047619047619
GSE222315_ACTATGGAGTTCCATG-1_1_1_1_1	GSE222315_p4_NAT	GSE222315	DF.classifications_0.25_0.005_289	Singlet	pANN_0.25_0.005_289	0.357142857142857
GSE222315_ACTATGGCAGCGAACA-1_1_1_1_1	GSE222315_p4_NAT	GSE222315	DF.classifications_0.25_0.005_289	Singlet	pANN_0.25_0.005_289	0.238095238095238
GSE222315_ACTATGGGTACCGGAA-1_1_1_1_1	GSE222315_p4_NAT	GSE222315	DF.classifications_0.25_0.005_289	Singlet	pANN_0.25_0.005_289	0.261904761904762
GSE222315_ACTATGGGTATGAAGT-1_1_1_1_1	GSE222315_p4_NAT	GSE222315	DF.classifications_0.25_0.005_289	Singlet	pANN_0.25_0.005_289	0.0952380952380952
GSE222315_ACTATGGGTTCGGGTC-1_1_1_1_1	GSE222315_p4_NAT	GSE222315	DF.classifications_0.25_0.005_289	Singlet	pANN_0.25_0.005_289	0
GSE222315_ACTATGGTCAAGGTGG-1_1_1_1_1	GSE222315_p4_NAT	GSE222315	DF.classifications_0.25_0.005_289	Singlet	pANN_0.25_0.005_289	0.214285714285714
GSE222315_ACTATGGTCGGATAAA-1_1_1_1_1	GSE222315_p4_NAT	GSE222315	DF.classifications_0.25_0.005_289	Singlet	pANN_0.25_0.005_289	0.166666666666667
GSE222315_ACTATTCAGACTTCCA-1_1_1_1_1	GSE222315_p4_NAT	GSE222315	DF.classifications_0.25_0.005_289	Singlet	pANN_0.25_0.005_289	0.333333333333333
GSE222315_ACTATTCAGGCATTTC-1_1_1_1_1	GSE222315_p4_NAT	GSE222315	DF.classifications_0.25_0.005_289	Singlet	pANN_0.25_0.005_289	0.0952380952380952
GSE222315_ACTATTCAGTAAATGC-1_1_1_1_1	GSE222315_p4_NAT	GSE222315	DF.classifications_0.25_0.005_289	Singlet	pANN_0.25_0.005_289	0.19047619047619
GSE222315_ACTATTCAGTCCGTCG-1_1_1_1_1	GSE222315_p4_NAT	GSE222315	DF.classifications_0.25_0.005_289	Singlet	pANN_0.25_0.005_289	0.30952380952381
GSE222315_ACTATTCAGTGGAAAG-1_1_1_1_1	GSE222315_p4_NAT	GSE222315	DF.classifications_0.25_0.005_289	Singlet	pANN_0.25_0.005_289	0.357142857142857
GSE222315_ACTATTCCACTGTCCT-1_1_1_1_1	GSE222315_p4_NAT	GSE222315	DF.classifications_0.25_0.005_289	Singlet	pANN_0.25_0.005_289	0
GSE222315_ACTATTCCAGGTGTGA-1_1_1_1_1	GSE222315_p4_NAT	GSE222315	DF.classifications_0.25_0.005_289	Singlet	pANN_0.25_0.005_289	0.0238095238095238
GSE222315_ACTATTCTCGCGTGAC-1_1_1_1_1	GSE222315_p4_NAT	GSE222315	DF.classifications_0.25_0.005_289	Singlet	pANN_0.25_0.005_289	0.30952380952381
GSE222315_ACTCCCAAGCCGCTTG-1_1_1_1_1	GSE222315_p4_NAT	GSE222315	DF.classifications_0.25_0.005_289	Singlet	pANN_0.25_0.005_289	0.119047619047619
GSE222315_ACTCCCAAGGTAGCCA-1_1_1_1_1	GSE222315_p4_NAT	GSE222315	DF.classifications_0.25_0.005_289	Singlet	pANN_0.25_0.005_289	0.333333333333333
GSE222315_ACTCCCACAGCTGCCA-1_1_1_1_1	GSE222315_p4_NAT	GSE222315	DF.classifications_0.25_0.005_289	Singlet	pANN_0.25_0.005_289	0.119047619047619
GSE222315_ACTCCCAGTACCACGC-1_1_1_1_1	GSE222315_p4_NAT	GSE222315	DF.classifications_0.25_0.005_289	Singlet	pANN_0.25_0.005_289	0
GSE222315_ACTCCCATCACTTGTT-1_1_1_1_1	GSE222315_p4_NAT	GSE222315	DF.classifications_0.25_0.005_289	Singlet	pANN_0.25_0.005_289	0.0952380952380952
GSE222315_ACTCTCGAGATTGACA-1_1_1_1_1	GSE222315_p4_NAT	GSE222315	DF.classifications_0.25_0.005_289	Singlet	pANN_0.25_0.005_289	0.0476190476190476
GSE222315_ACTCTCGCAGGTGTGA-1_1_1_1_1	GSE222315_p4_NAT	GSE222315	DF.classifications_0.25_0.005_289	Singlet	pANN_0.25_0.005_289	0.30952380952381
GSE222315_ACTCTCGGTCAGTCCG-1_1_1_1_1	GSE222315_p4_NAT	GSE222315	DF.classifications_0.25_0.005_289	Singlet	pANN_0.25_0.005_289	0.166666666666667
GSE222315_ACTCTCGGTCTACTGA-1_1_1_1_1	GSE222315_p4_NAT	GSE222315	DF.classifications_0.25_0.005_289	Singlet	pANN_0.25_0.005_289	0.30952380952381
GSE222315_ACTGATGAGCTTTCCC-1_1_1_1_1	GSE222315_p4_NAT	GSE222315	DF.classifications_0.25_0.005_289	Singlet	pANN_0.25_0.005_289	0.0952380952380952
GSE222315_ACTGATGCATGGAGAC-1_1_1_1_1	GSE222315_p4_NAT	GSE222315	DF.classifications_0.25_0.005_289	Singlet	pANN_0.25_0.005_289	0.166666666666667
GSE222315_ACTGCAAAGTAGGCCA-1_1_1_1_1	GSE222315_p4_NAT	GSE222315	DF.classifications_0.25_0.005_289	Singlet	pANN_0.25_0.005_289	0.166666666666667
GSE222315_ACTGCAAAGTGCTAGG-1_1_1_1_1	GSE222315_p4_NAT	GSE222315	DF.classifications_0.25_0.005_289	Singlet	pANN_0.25_0.005_289	0.0714285714285714
GSE222315_ACTGCAACAGCTCATA-1_1_1_1_1	GSE222315_p4_NAT	GSE222315	DF.classifications_0.25_0.005_289	Singlet	pANN_0.25_0.005_289	0.380952380952381
GSE222315_ACTGCAATCTATCGTT-1_1_1_1_1	GSE222315_p4_NAT	GSE222315	DF.classifications_0.25_0.005_289	Singlet	pANN_0.25_0.005_289	0.19047619047619
GSE222315_ACTGCAATCTCTAAGG-1_1_1_1_1	GSE222315_p4_NAT	GSE222315	DF.classifications_0.25_0.005_289	Singlet	pANN_0.25_0.005_289	0.166666666666667
GSE222315_ACTGTCCAGCACGGAT-1_1_1_1_1	GSE222315_p4_NAT	GSE222315	DF.classifications_0.25_0.005_289	Singlet	pANN_0.25_0.005_289	0.238095238095238
GSE222315_ACTGTCCCACAACGTT-1_1_1_1_1	GSE222315_p4_NAT	GSE222315	DF.classifications_0.25_0.005_289	Singlet	pANN_0.25_0.005_289	0.238095238095238
GSE222315_ACTGTCCCAGCTTTGA-1_1_1_1_1	GSE222315_p4_NAT	GSE222315	DF.classifications_0.25_0.005_289	Singlet	pANN_0.25_0.005_289	0.0238095238095238
GSE222315_ACTGTCCCAGGCTACC-1_1_1_1_1	GSE222315_p4_NAT	GSE222315	DF.classifications_0.25_0.005_289	Singlet	pANN_0.25_0.005_289	0.119047619047619
GSE222315_ACTGTCCTCCAAACCA-1_1_1_1_1	GSE222315_p4_NAT	GSE222315	DF.classifications_0.25_0.005_289	Singlet	pANN_0.25_0.005_289	0.285714285714286
GSE222315_ACTGTGAAGAGTAACT-1_1_1_1_1	GSE222315_p4_NAT	GSE222315	DF.classifications_0.25_0.005_289	Singlet	pANN_0.25_0.005_289	0.0952380952380952
GSE222315_ACTGTGAAGCCTGAAG-1_1_1_1_1	GSE222315_p4_NAT	GSE222315	DF.classifications_0.25_0.005_289	Singlet	pANN_0.25_0.005_289	0.214285714285714
GSE222315_ACTGTGACAAATGGAT-1_1_1_1_1	GSE222315_p4_NAT	GSE222315	DF.classifications_0.25_0.005_289	Singlet	pANN_0.25_0.005_289	0.0238095238095238
GSE222315_ACTGTGACATTGGCAT-1_1_1_1_1	GSE222315_p4_NAT	GSE222315	DF.classifications_0.25_0.005_289	Singlet	pANN_0.25_0.005_289	0.0238095238095238
GSE222315_ACTGTGATCGCGCCAA-1_1_1_1_1	GSE222315_p4_NAT	GSE222315	DF.classifications_0.25_0.005_289	Singlet	pANN_0.25_0.005_289	0.0476190476190476
GSE222315_ACTGTGATCTGGCCAG-1_1_1_1_1	GSE222315_p4_NAT	GSE222315	DF.classifications_0.25_0.005_289	Singlet	pANN_0.25_0.005_289	0.261904761904762
GSE222315_ACTTAGGCACTATGTG-1_1_1_1_1	GSE222315_p4_NAT	GSE222315	DF.classifications_0.25_0.005_289	Singlet	pANN_0.25_0.005_289	0.333333333333333
GSE222315_ACTTAGGGTGGGACAT-1_1_1_1_1	GSE222315_p4_NAT	GSE222315	DF.classifications_0.25_0.005_289	Singlet	pANN_0.25_0.005_289	0.142857142857143
GSE222315_ACTTAGGGTTAGGGTG-1_1_1_1_1	GSE222315_p4_NAT	GSE222315	DF.classifications_0.25_0.005_289	Singlet	pANN_0.25_0.005_289	0.119047619047619
GSE222315_ACTTAGGTCAGCCTCT-1_1_1_1_1	GSE222315_p4_NAT	GSE222315	DF.classifications_0.25_0.005_289	Doublet	pANN_0.25_0.005_289	0.619047619047619
GSE222315_ACTTAGGTCCTCTGCA-1_1_1_1_1	GSE222315_p4_NAT	GSE222315	DF.classifications_0.25_0.005_289	Singlet	pANN_0.25_0.005_289	0.380952380952381
GSE222315_ACTTATCAGATTAGCA-1_1_1_1_1	GSE222315_p4_NAT	GSE222315	DF.classifications_0.25_0.005_289	Singlet	pANN_0.25_0.005_289	0.261904761904762
GSE222315_ACTTATCAGTGCAAAT-1_1_1_1_1	GSE222315_p4_NAT	GSE222315	DF.classifications_0.25_0.005_289	Singlet	pANN_0.25_0.005_289	0.238095238095238
GSE222315_ACTTATCAGTTACGAA-1_1_1_1_1	GSE222315_p4_NAT	GSE222315	DF.classifications_0.25_0.005_289	Singlet	pANN_0.25_0.005_289	0.119047619047619
GSE222315_ACTTATCCAGGGAGAG-1_1_1_1_1	GSE222315_p4_NAT	GSE222315	DF.classifications_0.25_0.005_289	Singlet	pANN_0.25_0.005_289	0.357142857142857
GSE222315_ACTTATCGTAGTCGTT-1_1_1_1_1	GSE222315_p4_NAT	GSE222315	DF.classifications_0.25_0.005_289	Singlet	pANN_0.25_0.005_289	0.0952380952380952
GSE222315_ACTTATCGTGGCCTCA-1_1_1_1_1	GSE222315_p4_NAT	GSE222315	DF.classifications_0.25_0.005_289	Singlet	pANN_0.25_0.005_289	0.238095238095238
GSE222315_ACTTATCTCCATTGGA-1_1_1_1_1	GSE222315_p4_NAT	GSE222315	DF.classifications_0.25_0.005_289	Singlet	pANN_0.25_0.005_289	0.142857142857143
GSE222315_ACTTCCGCAAGTCATC-1_1_1_1_1	GSE222315_p4_NAT	GSE222315	DF.classifications_0.25_0.005_289	Singlet	pANN_0.25_0.005_289	0.0952380952380952
GSE222315_ACTTCCGCACGACTAT-1_1_1_1_1	GSE222315_p4_NAT	GSE222315	DF.classifications_0.25_0.005_289	Singlet	pANN_0.25_0.005_289	0.0476190476190476
GSE222315_ACTTCCGCAGGCTACC-1_1_1_1_1	GSE222315_p4_NAT	GSE222315	DF.classifications_0.25_0.005_289	Singlet	pANN_0.25_0.005_289	0
GSE222315_ACTTCCGGTCTTTCAT-1_1_1_1_1	GSE222315_p4_NAT	GSE222315	DF.classifications_0.25_0.005_289	Singlet	pANN_0.25_0.005_289	0.0238095238095238
GSE222315_ACTTCCGGTGAGGCAT-1_1_1_1_1	GSE222315_p4_NAT	GSE222315	DF.classifications_0.25_0.005_289	Singlet	pANN_0.25_0.005_289	0
GSE222315_ACTTCCGGTGATACAA-1_1_1_1_1	GSE222315_p4_NAT	GSE222315	DF.classifications_0.25_0.005_289	Singlet	pANN_0.25_0.005_289	0.30952380952381
GSE222315_ACTTCCGTCCCTCTCC-1_1_1_1_1	GSE222315_p4_NAT	GSE222315	DF.classifications_0.25_0.005_289	Singlet	pANN_0.25_0.005_289	0.0714285714285714
GSE222315_ACTTCCGTCGCGGACT-1_1_1_1_1	GSE222315_p4_NAT	GSE222315	DF.classifications_0.25_0.005_289	Singlet	pANN_0.25_0.005_289	0.261904761904762
GSE222315_ACTTCCGTCTGGCCTT-1_1_1_1_1	GSE222315_p4_NAT	GSE222315	DF.classifications_0.25_0.005_289	Singlet	pANN_0.25_0.005_289	0.19047619047619
GSE222315_ACTTCGCAGGATATAC-1_1_1_1_1	GSE222315_p4_NAT	GSE222315	DF.classifications_0.25_0.005_289	Singlet	pANN_0.25_0.005_289	0.166666666666667
GSE222315_ACTTCGCCAAGTATAG-1_1_1_1_1	GSE222315_p4_NAT	GSE222315	DF.classifications_0.25_0.005_289	Singlet	pANN_0.25_0.005_289	0.19047619047619
GSE222315_ACTTCGCGTACGCTAT-1_1_1_1_1	GSE222315_p4_NAT	GSE222315	DF.classifications_0.25_0.005_289	Singlet	pANN_0.25_0.005_289	0.119047619047619
GSE222315_ACTTCGCGTGATACAA-1_1_1_1_1	GSE222315_p4_NAT	GSE222315	DF.classifications_0.25_0.005_289	Singlet	pANN_0.25_0.005_289	0.19047619047619
GSE222315_ACTTCGCTCAAGCCCG-1_1_1_1_1	GSE222315_p4_NAT	GSE222315	DF.classifications_0.25_0.005_289	Doublet	pANN_0.25_0.005_289	0.452380952380952
GSE222315_ACTTTCAAGACTCGAG-1_1_1_1_1	GSE222315_p4_NAT	GSE222315	DF.classifications_0.25_0.005_289	Singlet	pANN_0.25_0.005_289	0.380952380952381
GSE222315_ACTTTCAAGTGAACAT-1_1_1_1_1	GSE222315_p4_NAT	GSE222315	DF.classifications_0.25_0.005_289	Singlet	pANN_0.25_0.005_289	0.166666666666667
GSE222315_ACTTTCACACTGGATT-1_1_1_1_1	GSE222315_p4_NAT	GSE222315	DF.classifications_0.25_0.005_289	Singlet	pANN_0.25_0.005_289	0.357142857142857
GSE222315_ACTTTCAGTTAGCGGA-1_1_1_1_1	GSE222315_p4_NAT	GSE222315	DF.classifications_0.25_0.005_289	Doublet	pANN_0.25_0.005_289	0.904761904761905
GSE222315_ACTTTCAGTTCCGTTC-1_1_1_1_1	GSE222315_p4_NAT	GSE222315	DF.classifications_0.25_0.005_289	Doublet	pANN_0.25_0.005_289	0.452380952380952
GSE222315_ACTTTGTAGGCACTCC-1_1_1_1_1	GSE222315_p4_NAT	GSE222315	DF.classifications_0.25_0.005_289	Singlet	pANN_0.25_0.005_289	0.285714285714286
GSE222315_ACTTTGTCACGGATCC-1_1_1_1_1	GSE222315_p4_NAT	GSE222315	DF.classifications_0.25_0.005_289	Singlet	pANN_0.25_0.005_289	0.380952380952381
GSE222315_ACTTTGTCACTGGCCA-1_1_1_1_1	GSE222315_p4_NAT	GSE222315	DF.classifications_0.25_0.005_289	Doublet	pANN_0.25_0.005_289	0.452380952380952
GSE222315_ACTTTGTGTGACGCCT-1_1_1_1_1	GSE222315_p4_NAT	GSE222315	DF.classifications_0.25_0.005_289	Singlet	pANN_0.25_0.005_289	0.214285714285714
GSE222315_ACTTTGTGTGATCGTT-1_1_1_1_1	GSE222315_p4_NAT	GSE222315	DF.classifications_0.25_0.005_289	Singlet	pANN_0.25_0.005_289	0.357142857142857
GSE222315_ACTTTGTTCCTTTAGT-1_1_1_1_1	GSE222315_p4_NAT	GSE222315	DF.classifications_0.25_0.005_289	Singlet	pANN_0.25_0.005_289	0.166666666666667
GSE222315_AGAAATGAGGCTTAAA-1_1_1_1_1	GSE222315_p4_NAT	GSE222315	DF.classifications_0.25_0.005_289	Singlet	pANN_0.25_0.005_289	0
GSE222315_AGAAATGCAAAGCTAA-1_1_1_1_1	GSE222315_p4_NAT	GSE222315	DF.classifications_0.25_0.005_289	Singlet	pANN_0.25_0.005_289	0.119047619047619
GSE222315_AGAAATGCAGTATGAA-1_1_1_1_1	GSE222315_p4_NAT	GSE222315	DF.classifications_0.25_0.005_289	Singlet	pANN_0.25_0.005_289	0.0476190476190476
GSE222315_AGAAATGGTCTACGAT-1_1_1_1_1	GSE222315_p4_NAT	GSE222315	DF.classifications_0.25_0.005_289	Singlet	pANN_0.25_0.005_289	0.357142857142857
GSE222315_AGAAATGGTCTTTATC-1_1_1_1_1	GSE222315_p4_NAT	GSE222315	DF.classifications_0.25_0.005_289	Singlet	pANN_0.25_0.005_289	0.142857142857143
GSE222315_AGAAATGTCATGGGAG-1_1_1_1_1	GSE222315_p4_NAT	GSE222315	DF.classifications_0.25_0.005_289	Singlet	pANN_0.25_0.005_289	0.380952380952381
GSE222315_AGAACAAAGTCATTGC-1_1_1_1_1	GSE222315_p4_NAT	GSE222315	DF.classifications_0.25_0.005_289	Singlet	pANN_0.25_0.005_289	0.214285714285714
GSE222315_AGAACAAGTCCAAGAG-1_1_1_1_1	GSE222315_p4_NAT	GSE222315	DF.classifications_0.25_0.005_289	Singlet	pANN_0.25_0.005_289	0.333333333333333
GSE222315_AGAACAATCCACGAAT-1_1_1_1_1	GSE222315_p4_NAT	GSE222315	DF.classifications_0.25_0.005_289	Singlet	pANN_0.25_0.005_289	0.333333333333333
GSE222315_AGAACCTAGGAATCGC-1_1_1_1_1	GSE222315_p4_NAT	GSE222315	DF.classifications_0.25_0.005_289	Singlet	pANN_0.25_0.005_289	0
GSE222315_AGAACCTCAAAGGATT-1_1_1_1_1	GSE222315_p4_NAT	GSE222315	DF.classifications_0.25_0.005_289	Singlet	pANN_0.25_0.005_289	0.0952380952380952
GSE222315_AGAACCTCAAATCGGG-1_1_1_1_1	GSE222315_p4_NAT	GSE222315	DF.classifications_0.25_0.005_289	Singlet	pANN_0.25_0.005_289	0.0952380952380952
GSE222315_AGAACCTCAACCAGAG-1_1_1_1_1	GSE222315_p4_NAT	GSE222315	DF.classifications_0.25_0.005_289	Singlet	pANN_0.25_0.005_289	0.0952380952380952
GSE222315_AGAACCTCAGTTTCGA-1_1_1_1_1	GSE222315_p4_NAT	GSE222315	DF.classifications_0.25_0.005_289	Singlet	pANN_0.25_0.005_289	0.119047619047619
GSE222315_AGAACCTGTCTGTGCG-1_1_1_1_1	GSE222315_p4_NAT	GSE222315	DF.classifications_0.25_0.005_289	Singlet	pANN_0.25_0.005_289	0.285714285714286
GSE222315_AGAAGCGAGGAGCAAA-1_1_1_1_1	GSE222315_p4_NAT	GSE222315	DF.classifications_0.25_0.005_289	Singlet	pANN_0.25_0.005_289	0.0238095238095238
GSE222315_AGAAGCGAGTGGATTA-1_1_1_1_1	GSE222315_p4_NAT	GSE222315	DF.classifications_0.25_0.005_289	Singlet	pANN_0.25_0.005_289	0.0238095238095238
GSE222315_AGAAGCGCAGATTTCG-1_1_1_1_1	GSE222315_p4_NAT	GSE222315	DF.classifications_0.25_0.005_289	Singlet	pANN_0.25_0.005_289	0.0714285714285714
GSE222315_AGAAGCGTCACATACG-1_1_1_1_1	GSE222315_p4_NAT	GSE222315	DF.classifications_0.25_0.005_289	Singlet	pANN_0.25_0.005_289	0.357142857142857
GSE222315_AGAAGTAAGATACAGT-1_1_1_1_1	GSE222315_p4_NAT	GSE222315	DF.classifications_0.25_0.005_289	Singlet	pANN_0.25_0.005_289	0
GSE222315_AGAAGTAAGTCGAAGC-1_1_1_1_1	GSE222315_p4_NAT	GSE222315	DF.classifications_0.25_0.005_289	Singlet	pANN_0.25_0.005_289	0.0476190476190476
GSE222315_AGAAGTACAAGAGAGA-1_1_1_1_1	GSE222315_p4_NAT	GSE222315	DF.classifications_0.25_0.005_289	Singlet	pANN_0.25_0.005_289	0.0238095238095238
GSE222315_AGAAGTACAGTACTAC-1_1_1_1_1	GSE222315_p4_NAT	GSE222315	DF.classifications_0.25_0.005_289	Singlet	pANN_0.25_0.005_289	0.261904761904762
GSE222315_AGAAGTAGTATGCGTT-1_1_1_1_1	GSE222315_p4_NAT	GSE222315	DF.classifications_0.25_0.005_289	Singlet	pANN_0.25_0.005_289	0.357142857142857
GSE222315_AGAAGTAGTATTTCGG-1_1_1_1_1	GSE222315_p4_NAT	GSE222315	DF.classifications_0.25_0.005_289	Singlet	pANN_0.25_0.005_289	0.0238095238095238
GSE222315_AGAAGTAGTCCACAGC-1_1_1_1_1	GSE222315_p4_NAT	GSE222315	DF.classifications_0.25_0.005_289	Singlet	pANN_0.25_0.005_289	0.214285714285714
GSE222315_AGAAGTATCGTCAAAC-1_1_1_1_1	GSE222315_p4_NAT	GSE222315	DF.classifications_0.25_0.005_289	Singlet	pANN_0.25_0.005_289	0.0476190476190476
GSE222315_AGACAAAAGACAGCGT-1_1_1_1_1	GSE222315_p4_NAT	GSE222315	DF.classifications_0.25_0.005_289	Singlet	pANN_0.25_0.005_289	0.0476190476190476
GSE222315_AGACAAAAGCAAATCA-1_1_1_1_1	GSE222315_p4_NAT	GSE222315	DF.classifications_0.25_0.005_289	Singlet	pANN_0.25_0.005_289	0.19047619047619
GSE222315_AGACAAAAGGGCAACT-1_1_1_1_1	GSE222315_p4_NAT	GSE222315	DF.classifications_0.25_0.005_289	Singlet	pANN_0.25_0.005_289	0.0714285714285714
GSE222315_AGACAAAAGGTTGAGC-1_1_1_1_1	GSE222315_p4_NAT	GSE222315	DF.classifications_0.25_0.005_289	Singlet	pANN_0.25_0.005_289	0.0952380952380952
GSE222315_AGACAAACAAGCGGAT-1_1_1_1_1	GSE222315_p4_NAT	GSE222315	DF.classifications_0.25_0.005_289	Singlet	pANN_0.25_0.005_289	0.0714285714285714
GSE222315_AGACAAACACTGGCGT-1_1_1_1_1	GSE222315_p4_NAT	GSE222315	DF.classifications_0.25_0.005_289	Singlet	pANN_0.25_0.005_289	0.0476190476190476
GSE222315_AGACAAAGTGCCGGTT-1_1_1_1_1	GSE222315_p4_NAT	GSE222315	DF.classifications_0.25_0.005_289	Singlet	pANN_0.25_0.005_289	0.0714285714285714
GSE222315_AGACAAATCCTTCTTC-1_1_1_1_1	GSE222315_p4_NAT	GSE222315	DF.classifications_0.25_0.005_289	Singlet	pANN_0.25_0.005_289	0
GSE222315_AGACAAATCGTGAGAG-1_1_1_1_1	GSE222315_p4_NAT	GSE222315	DF.classifications_0.25_0.005_289	Singlet	pANN_0.25_0.005_289	0.285714285714286
GSE222315_AGACACTAGACCAACG-1_1_1_1_1	GSE222315_p4_NAT	GSE222315	DF.classifications_0.25_0.005_289	Singlet	pANN_0.25_0.005_289	0.261904761904762
GSE222315_AGACACTAGTTGGAGC-1_1_1_1_1	GSE222315_p4_NAT	GSE222315	DF.classifications_0.25_0.005_289	Singlet	pANN_0.25_0.005_289	0.357142857142857
GSE222315_AGACACTCAACTGCCG-1_1_1_1_1	GSE222315_p4_NAT	GSE222315	DF.classifications_0.25_0.005_289	Singlet	pANN_0.25_0.005_289	0.0476190476190476
GSE222315_AGACACTCACGGGCTT-1_1_1_1_1	GSE222315_p4_NAT	GSE222315	DF.classifications_0.25_0.005_289	Singlet	pANN_0.25_0.005_289	0.261904761904762
GSE222315_AGACACTCACTCTGCT-1_1_1_1_1	GSE222315_p4_NAT	GSE222315	DF.classifications_0.25_0.005_289	Singlet	pANN_0.25_0.005_289	0.0714285714285714
GSE222315_AGACACTGTGTCCATA-1_1_1_1_1	GSE222315_p4_NAT	GSE222315	DF.classifications_0.25_0.005_289	Singlet	pANN_0.25_0.005_289	0.19047619047619
GSE222315_AGACACTGTTCTCCAC-1_1_1_1_1	GSE222315_p4_NAT	GSE222315	DF.classifications_0.25_0.005_289	Singlet	pANN_0.25_0.005_289	0.0476190476190476
GSE222315_AGACAGGAGACGAGCT-1_1_1_1_1	GSE222315_p4_NAT	GSE222315	DF.classifications_0.25_0.005_289	Singlet	pANN_0.25_0.005_289	0.0714285714285714
GSE222315_AGACAGGAGGCTCTAT-1_1_1_1_1	GSE222315_p4_NAT	GSE222315	DF.classifications_0.25_0.005_289	Doublet	pANN_0.25_0.005_289	0.428571428571429
GSE222315_AGACAGGCAATGCTCA-1_1_1_1_1	GSE222315_p4_NAT	GSE222315	DF.classifications_0.25_0.005_289	Singlet	pANN_0.25_0.005_289	0.333333333333333
GSE222315_AGACAGGCAGAACCGA-1_1_1_1_1	GSE222315_p4_NAT	GSE222315	DF.classifications_0.25_0.005_289	Singlet	pANN_0.25_0.005_289	0.19047619047619
GSE222315_AGACAGGTCATGGGAG-1_1_1_1_1	GSE222315_p4_NAT	GSE222315	DF.classifications_0.25_0.005_289	Doublet	pANN_0.25_0.005_289	0.5
GSE222315_AGACCATCATGGTGGA-1_1_1_1_1	GSE222315_p4_NAT	GSE222315	DF.classifications_0.25_0.005_289	Singlet	pANN_0.25_0.005_289	0.214285714285714
GSE222315_AGACCATTCGGACTTA-1_1_1_1_1	GSE222315_p4_NAT	GSE222315	DF.classifications_0.25_0.005_289	Singlet	pANN_0.25_0.005_289	0.285714285714286
GSE222315_AGACCATTCTCTGAGA-1_1_1_1_1	GSE222315_p4_NAT	GSE222315	DF.classifications_0.25_0.005_289	Singlet	pANN_0.25_0.005_289	0.166666666666667
GSE222315_AGACCCGCACAAAGCG-1_1_1_1_1	GSE222315_p4_NAT	GSE222315	DF.classifications_0.25_0.005_289	Singlet	pANN_0.25_0.005_289	0.404761904761905
GSE222315_AGACCCGGTACTCAAC-1_1_1_1_1	GSE222315_p4_NAT	GSE222315	DF.classifications_0.25_0.005_289	Singlet	pANN_0.25_0.005_289	0.404761904761905
GSE222315_AGACCCGGTATCGATC-1_1_1_1_1	GSE222315_p4_NAT	GSE222315	DF.classifications_0.25_0.005_289	Singlet	pANN_0.25_0.005_289	0.214285714285714
GSE222315_AGACTCAAGAGCCGTA-1_1_1_1_1	GSE222315_p4_NAT	GSE222315	DF.classifications_0.25_0.005_289	Singlet	pANN_0.25_0.005_289	0.0952380952380952
GSE222315_AGACTCAAGTTGCTCA-1_1_1_1_1	GSE222315_p4_NAT	GSE222315	DF.classifications_0.25_0.005_289	Singlet	pANN_0.25_0.005_289	0.0476190476190476
GSE222315_AGACTCACAGAGCTAG-1_1_1_1_1	GSE222315_p4_NAT	GSE222315	DF.classifications_0.25_0.005_289	Singlet	pANN_0.25_0.005_289	0.0238095238095238
GSE222315_AGACTCACAGCGGATA-1_1_1_1_1	GSE222315_p4_NAT	GSE222315	DF.classifications_0.25_0.005_289	Singlet	pANN_0.25_0.005_289	0.166666666666667
GSE222315_AGACTCAGTAGTCGTT-1_1_1_1_1	GSE222315_p4_NAT	GSE222315	DF.classifications_0.25_0.005_289	Singlet	pANN_0.25_0.005_289	0
GSE222315_AGACTCAGTGAGTTTC-1_1_1_1_1	GSE222315_p4_NAT	GSE222315	DF.classifications_0.25_0.005_289	Singlet	pANN_0.25_0.005_289	0
GSE222315_AGACTCAGTGTGTACT-1_1_1_1_1	GSE222315_p4_NAT	GSE222315	DF.classifications_0.25_0.005_289	Singlet	pANN_0.25_0.005_289	0.238095238095238
GSE222315_AGACTCATCCGAGTGC-1_1_1_1_1	GSE222315_p4_NAT	GSE222315	DF.classifications_0.25_0.005_289	Singlet	pANN_0.25_0.005_289	0.261904761904762
GSE222315_AGACTCATCGCATTAG-1_1_1_1_1	GSE222315_p4_NAT	GSE222315	DF.classifications_0.25_0.005_289	Singlet	pANN_0.25_0.005_289	0.0238095238095238
GSE222315_AGACTCATCGCGGTAC-1_1_1_1_1	GSE222315_p4_NAT	GSE222315	DF.classifications_0.25_0.005_289	Singlet	pANN_0.25_0.005_289	0.0476190476190476
GSE222315_AGACTCATCTTACGTT-1_1_1_1_1	GSE222315_p4_NAT	GSE222315	DF.classifications_0.25_0.005_289	Singlet	pANN_0.25_0.005_289	0
GSE222315_AGAGAATAGCAACAGC-1_1_1_1_1	GSE222315_p4_NAT	GSE222315	DF.classifications_0.25_0.005_289	Singlet	pANN_0.25_0.005_289	0.214285714285714
GSE222315_AGAGAATCAAGGTTGG-1_1_1_1_1	GSE222315_p4_NAT	GSE222315	DF.classifications_0.25_0.005_289	Singlet	pANN_0.25_0.005_289	0.0238095238095238
GSE222315_AGAGAATGTTCAAGTC-1_1_1_1_1	GSE222315_p4_NAT	GSE222315	DF.classifications_0.25_0.005_289	Singlet	pANN_0.25_0.005_289	0
GSE222315_AGAGAATTCACCGGTG-1_1_1_1_1	GSE222315_p4_NAT	GSE222315	DF.classifications_0.25_0.005_289	Singlet	pANN_0.25_0.005_289	0.19047619047619
GSE222315_AGAGAATTCCACCTCA-1_1_1_1_1	GSE222315_p4_NAT	GSE222315	DF.classifications_0.25_0.005_289	Singlet	pANN_0.25_0.005_289	0.0238095238095238
GSE222315_AGAGAATTCGCATTAG-1_1_1_1_1	GSE222315_p4_NAT	GSE222315	DF.classifications_0.25_0.005_289	Singlet	pANN_0.25_0.005_289	0.214285714285714
GSE222315_AGAGAGCAGGTGAGCT-1_1_1_1_1	GSE222315_p4_NAT	GSE222315	DF.classifications_0.25_0.005_289	Singlet	pANN_0.25_0.005_289	0
GSE222315_AGAGAGCCAAGATCCT-1_1_1_1_1	GSE222315_p4_NAT	GSE222315	DF.classifications_0.25_0.005_289	Singlet	pANN_0.25_0.005_289	0.0238095238095238
GSE222315_AGAGAGCCACAAGTGG-1_1_1_1_1	GSE222315_p4_NAT	GSE222315	DF.classifications_0.25_0.005_289	Singlet	pANN_0.25_0.005_289	0.166666666666667
GSE222315_AGAGAGCCACCAATTG-1_1_1_1_1	GSE222315_p4_NAT	GSE222315	DF.classifications_0.25_0.005_289	Singlet	pANN_0.25_0.005_289	0.0476190476190476
GSE222315_AGAGAGCCATCTCAAG-1_1_1_1_1	GSE222315_p4_NAT	GSE222315	DF.classifications_0.25_0.005_289	Doublet	pANN_0.25_0.005_289	0.523809523809524
GSE222315_AGAGAGCGTCTCGACG-1_1_1_1_1	GSE222315_p4_NAT	GSE222315	DF.classifications_0.25_0.005_289	Singlet	pANN_0.25_0.005_289	0
GSE222315_AGAGAGCGTTGCATTG-1_1_1_1_1	GSE222315_p4_NAT	GSE222315	DF.classifications_0.25_0.005_289	Singlet	pANN_0.25_0.005_289	0.0714285714285714
GSE222315_AGAGAGCTCTGAGTCA-1_1_1_1_1	GSE222315_p4_NAT	GSE222315	DF.classifications_0.25_0.005_289	Singlet	pANN_0.25_0.005_289	0.214285714285714
GSE222315_AGAGCAGAGGAACGCT-1_1_1_1_1	GSE222315_p4_NAT	GSE222315	DF.classifications_0.25_0.005_289	Singlet	pANN_0.25_0.005_289	0.19047619047619
GSE222315_AGAGCAGAGTCAAGCG-1_1_1_1_1	GSE222315_p4_NAT	GSE222315	DF.classifications_0.25_0.005_289	Singlet	pANN_0.25_0.005_289	0.119047619047619
GSE222315_AGAGCAGAGTTACGGG-1_1_1_1_1	GSE222315_p4_NAT	GSE222315	DF.classifications_0.25_0.005_289	Singlet	pANN_0.25_0.005_289	0.0476190476190476
GSE222315_AGAGCAGCACGACAAG-1_1_1_1_1	GSE222315_p4_NAT	GSE222315	DF.classifications_0.25_0.005_289	Singlet	pANN_0.25_0.005_289	0
GSE222315_AGAGCAGCAGGACAGT-1_1_1_1_1	GSE222315_p4_NAT	GSE222315	DF.classifications_0.25_0.005_289	Singlet	pANN_0.25_0.005_289	0.119047619047619
GSE222315_AGAGCAGCATGGGTCC-1_1_1_1_1	GSE222315_p4_NAT	GSE222315	DF.classifications_0.25_0.005_289	Singlet	pANN_0.25_0.005_289	0
GSE222315_AGAGCAGGTATAGCTC-1_1_1_1_1	GSE222315_p4_NAT	GSE222315	DF.classifications_0.25_0.005_289	Singlet	pANN_0.25_0.005_289	0.238095238095238
GSE222315_AGAGCAGTCACATCAG-1_1_1_1_1	GSE222315_p4_NAT	GSE222315	DF.classifications_0.25_0.005_289	Singlet	pANN_0.25_0.005_289	0.19047619047619
GSE222315_AGAGCAGTCCCTGGTT-1_1_1_1_1	GSE222315_p4_NAT	GSE222315	DF.classifications_0.25_0.005_289	Singlet	pANN_0.25_0.005_289	0.261904761904762
GSE222315_AGAGCAGTCTAACGGT-1_1_1_1_1	GSE222315_p4_NAT	GSE222315	DF.classifications_0.25_0.005_289	Singlet	pANN_0.25_0.005_289	0.119047619047619
GSE222315_AGAGCCCCAACGATCT-1_1_1_1_1	GSE222315_p4_NAT	GSE222315	DF.classifications_0.25_0.005_289	Singlet	pANN_0.25_0.005_289	0.380952380952381
GSE222315_AGAGCCCCATAGGTAA-1_1_1_1_1	GSE222315_p4_NAT	GSE222315	DF.classifications_0.25_0.005_289	Singlet	pANN_0.25_0.005_289	0.0952380952380952
GSE222315_AGAGCCCTCATATGGC-1_1_1_1_1	GSE222315_p4_NAT	GSE222315	DF.classifications_0.25_0.005_289	Singlet	pANN_0.25_0.005_289	0.166666666666667
GSE222315_AGAGCCCTCTCACTCG-1_1_1_1_1	GSE222315_p4_NAT	GSE222315	DF.classifications_0.25_0.005_289	Singlet	pANN_0.25_0.005_289	0.119047619047619
GSE222315_AGATAGAAGCAATTCC-1_1_1_1_1	GSE222315_p4_NAT	GSE222315	DF.classifications_0.25_0.005_289	Singlet	pANN_0.25_0.005_289	0.119047619047619
GSE222315_AGATAGAAGCGTGTTT-1_1_1_1_1	GSE222315_p4_NAT	GSE222315	DF.classifications_0.25_0.005_289	Singlet	pANN_0.25_0.005_289	0.119047619047619
GSE222315_AGATAGAAGGCTCTAT-1_1_1_1_1	GSE222315_p4_NAT	GSE222315	DF.classifications_0.25_0.005_289	Singlet	pANN_0.25_0.005_289	0.238095238095238
GSE222315_AGATAGAAGGGTCACA-1_1_1_1_1	GSE222315_p4_NAT	GSE222315	DF.classifications_0.25_0.005_289	Singlet	pANN_0.25_0.005_289	0.119047619047619
GSE222315_AGATAGACACGCGTGT-1_1_1_1_1	GSE222315_p4_NAT	GSE222315	DF.classifications_0.25_0.005_289	Singlet	pANN_0.25_0.005_289	0.0476190476190476
GSE222315_AGATAGATCACGTAGT-1_1_1_1_1	GSE222315_p4_NAT	GSE222315	DF.classifications_0.25_0.005_289	Singlet	pANN_0.25_0.005_289	0
GSE222315_AGATAGATCGTCAACA-1_1_1_1_1	GSE222315_p4_NAT	GSE222315	DF.classifications_0.25_0.005_289	Singlet	pANN_0.25_0.005_289	0.333333333333333
GSE222315_AGATCCAAGAAGAACG-1_1_1_1_1	GSE222315_p4_NAT	GSE222315	DF.classifications_0.25_0.005_289	Singlet	pANN_0.25_0.005_289	0.333333333333333
GSE222315_AGATCCAAGTGCAGGT-1_1_1_1_1	GSE222315_p4_NAT	GSE222315	DF.classifications_0.25_0.005_289	Singlet	pANN_0.25_0.005_289	0.0238095238095238
GSE222315_AGATCCACAACGATCT-1_1_1_1_1	GSE222315_p4_NAT	GSE222315	DF.classifications_0.25_0.005_289	Singlet	pANN_0.25_0.005_289	0.380952380952381
GSE222315_AGATCCACACGCCAGT-1_1_1_1_1	GSE222315_p4_NAT	GSE222315	DF.classifications_0.25_0.005_289	Singlet	pANN_0.25_0.005_289	0.0476190476190476
GSE222315_AGATCCAGTACGGCAA-1_1_1_1_1	GSE222315_p4_NAT	GSE222315	DF.classifications_0.25_0.005_289	Singlet	pANN_0.25_0.005_289	0.261904761904762
GSE222315_AGATCCAGTGGCTCTG-1_1_1_1_1	GSE222315_p4_NAT	GSE222315	DF.classifications_0.25_0.005_289	Singlet	pANN_0.25_0.005_289	0.30952380952381
GSE222315_AGATCCAGTTCTCCTG-1_1_1_1_1	GSE222315_p4_NAT	GSE222315	DF.classifications_0.25_0.005_289	Singlet	pANN_0.25_0.005_289	0.0238095238095238
GSE222315_AGATCCATCAAATAGG-1_1_1_1_1	GSE222315_p4_NAT	GSE222315	DF.classifications_0.25_0.005_289	Singlet	pANN_0.25_0.005_289	0.166666666666667
GSE222315_AGATCCATCATCGCCT-1_1_1_1_1	GSE222315_p4_NAT	GSE222315	DF.classifications_0.25_0.005_289	Singlet	pANN_0.25_0.005_289	0.238095238095238
GSE222315_AGATCCATCCGAGCTG-1_1_1_1_1	GSE222315_p4_NAT	GSE222315	DF.classifications_0.25_0.005_289	Singlet	pANN_0.25_0.005_289	0.0238095238095238
GSE222315_AGATCCATCCGCGAGT-1_1_1_1_1	GSE222315_p4_NAT	GSE222315	DF.classifications_0.25_0.005_289	Singlet	pANN_0.25_0.005_289	0.238095238095238
GSE222315_AGATCCATCTCTAGGA-1_1_1_1_1	GSE222315_p4_NAT	GSE222315	DF.classifications_0.25_0.005_289	Singlet	pANN_0.25_0.005_289	0.0238095238095238
GSE222315_AGATCGTAGTTACGGG-1_1_1_1_1	GSE222315_p4_NAT	GSE222315	DF.classifications_0.25_0.005_289	Singlet	pANN_0.25_0.005_289	0.261904761904762
GSE222315_AGATCGTCAAGCGCTC-1_1_1_1_1	GSE222315_p4_NAT	GSE222315	DF.classifications_0.25_0.005_289	Singlet	pANN_0.25_0.005_289	0.261904761904762
GSE222315_AGATCGTCACAGAAGC-1_1_1_1_1	GSE222315_p4_NAT	GSE222315	DF.classifications_0.25_0.005_289	Singlet	pANN_0.25_0.005_289	0.30952380952381
GSE222315_AGATCGTCACTTCAGA-1_1_1_1_1	GSE222315_p4_NAT	GSE222315	DF.classifications_0.25_0.005_289	Singlet	pANN_0.25_0.005_289	0.0238095238095238
GSE222315_AGATCGTGTACTCGCG-1_1_1_1_1	GSE222315_p4_NAT	GSE222315	DF.classifications_0.25_0.005_289	Doublet	pANN_0.25_0.005_289	0.428571428571429
GSE222315_AGATCGTGTGTTATCG-1_1_1_1_1	GSE222315_p4_NAT	GSE222315	DF.classifications_0.25_0.005_289	Singlet	pANN_0.25_0.005_289	0.142857142857143
GSE222315_AGATCGTTCATCACTT-1_1_1_1_1	GSE222315_p4_NAT	GSE222315	DF.classifications_0.25_0.005_289	Singlet	pANN_0.25_0.005_289	0.119047619047619
GSE222315_AGATCGTTCCGGTTCT-1_1_1_1_1	GSE222315_p4_NAT	GSE222315	DF.classifications_0.25_0.005_289	Singlet	pANN_0.25_0.005_289	0.214285714285714
GSE222315_AGATCGTTCGTTGTAG-1_1_1_1_1	GSE222315_p4_NAT	GSE222315	DF.classifications_0.25_0.005_289	Singlet	pANN_0.25_0.005_289	0.142857142857143
GSE222315_AGATGAAAGACATACA-1_1_1_1_1	GSE222315_p4_NAT	GSE222315	DF.classifications_0.25_0.005_289	Singlet	pANN_0.25_0.005_289	0.166666666666667
GSE222315_AGATGAACAACAGCCC-1_1_1_1_1	GSE222315_p4_NAT	GSE222315	DF.classifications_0.25_0.005_289	Singlet	pANN_0.25_0.005_289	0.238095238095238
GSE222315_AGATGAACATTCACCC-1_1_1_1_1	GSE222315_p4_NAT	GSE222315	DF.classifications_0.25_0.005_289	Singlet	pANN_0.25_0.005_289	0.333333333333333
GSE222315_AGATGAAGTTAAGGAT-1_1_1_1_1	GSE222315_p4_NAT	GSE222315	DF.classifications_0.25_0.005_289	Singlet	pANN_0.25_0.005_289	0
GSE222315_AGATGAATCAGCACCG-1_1_1_1_1	GSE222315_p4_NAT	GSE222315	DF.classifications_0.25_0.005_289	Singlet	pANN_0.25_0.005_289	0.0714285714285714
GSE222315_AGATGCTAGACCCTTA-1_1_1_1_1	GSE222315_p4_NAT	GSE222315	DF.classifications_0.25_0.005_289	Singlet	pANN_0.25_0.005_289	0
GSE222315_AGATGCTAGGTTCCGC-1_1_1_1_1	GSE222315_p4_NAT	GSE222315	DF.classifications_0.25_0.005_289	Singlet	pANN_0.25_0.005_289	0.0476190476190476
GSE222315_AGATGCTCAAACGTGG-1_1_1_1_1	GSE222315_p4_NAT	GSE222315	DF.classifications_0.25_0.005_289	Doublet	pANN_0.25_0.005_289	0.5
GSE222315_AGATGCTCAAGACTGG-1_1_1_1_1	GSE222315_p4_NAT	GSE222315	DF.classifications_0.25_0.005_289	Singlet	pANN_0.25_0.005_289	0.0476190476190476
GSE222315_AGATGCTGTAAGCAAT-1_1_1_1_1	GSE222315_p4_NAT	GSE222315	DF.classifications_0.25_0.005_289	Singlet	pANN_0.25_0.005_289	0.261904761904762
GSE222315_AGATGCTGTAGGAGTC-1_1_1_1_1	GSE222315_p4_NAT	GSE222315	DF.classifications_0.25_0.005_289	Singlet	pANN_0.25_0.005_289	0
GSE222315_AGATGCTTCTGCTTTA-1_1_1_1_1	GSE222315_p4_NAT	GSE222315	DF.classifications_0.25_0.005_289	Singlet	pANN_0.25_0.005_289	0.119047619047619
GSE222315_AGCATCAAGGAATTAC-1_1_1_1_1	GSE222315_p4_NAT	GSE222315	DF.classifications_0.25_0.005_289	Singlet	pANN_0.25_0.005_289	0.0952380952380952
GSE222315_AGCATCAAGTCTGGAG-1_1_1_1_1	GSE222315_p4_NAT	GSE222315	DF.classifications_0.25_0.005_289	Singlet	pANN_0.25_0.005_289	0.238095238095238
GSE222315_AGCATCACAACTCCCT-1_1_1_1_1	GSE222315_p4_NAT	GSE222315	DF.classifications_0.25_0.005_289	Singlet	pANN_0.25_0.005_289	0.333333333333333
GSE222315_AGCATCACATCTCGTC-1_1_1_1_1	GSE222315_p4_NAT	GSE222315	DF.classifications_0.25_0.005_289	Singlet	pANN_0.25_0.005_289	0.142857142857143
GSE222315_AGCATCACATGATAGA-1_1_1_1_1	GSE222315_p4_NAT	GSE222315	DF.classifications_0.25_0.005_289	Singlet	pANN_0.25_0.005_289	0.0952380952380952
GSE222315_AGCATCACATGGAGAC-1_1_1_1_1	GSE222315_p4_NAT	GSE222315	DF.classifications_0.25_0.005_289	Singlet	pANN_0.25_0.005_289	0.0714285714285714
GSE222315_AGCATCAGTTGACTGT-1_1_1_1_1	GSE222315_p4_NAT	GSE222315	DF.classifications_0.25_0.005_289	Singlet	pANN_0.25_0.005_289	0.261904761904762
GSE222315_AGCCAATAGCCATATC-1_1_1_1_1	GSE222315_p4_NAT	GSE222315	DF.classifications_0.25_0.005_289	Singlet	pANN_0.25_0.005_289	0.0238095238095238
GSE222315_AGCCAATAGCTGTACT-1_1_1_1_1	GSE222315_p4_NAT	GSE222315	DF.classifications_0.25_0.005_289	Singlet	pANN_0.25_0.005_289	0.0238095238095238
GSE222315_AGCCAATCATGAAAGT-1_1_1_1_1	GSE222315_p4_NAT	GSE222315	DF.classifications_0.25_0.005_289	Singlet	pANN_0.25_0.005_289	0.214285714285714
GSE222315_AGCCAATTCGCCGAGT-1_1_1_1_1	GSE222315_p4_NAT	GSE222315	DF.classifications_0.25_0.005_289	Singlet	pANN_0.25_0.005_289	0.0238095238095238
GSE222315_AGCCAATTCGTGGCTG-1_1_1_1_1	GSE222315_p4_NAT	GSE222315	DF.classifications_0.25_0.005_289	Singlet	pANN_0.25_0.005_289	0.214285714285714
GSE222315_AGCCAATTCTCCGATC-1_1_1_1_1	GSE222315_p4_NAT	GSE222315	DF.classifications_0.25_0.005_289	Singlet	pANN_0.25_0.005_289	0.238095238095238
GSE222315_AGCCACGAGGTAGTCG-1_1_1_1_1	GSE222315_p4_NAT	GSE222315	DF.classifications_0.25_0.005_289	Singlet	pANN_0.25_0.005_289	0.0476190476190476
GSE222315_AGCCACGAGGTCACTT-1_1_1_1_1	GSE222315_p4_NAT	GSE222315	DF.classifications_0.25_0.005_289	Singlet	pANN_0.25_0.005_289	0.19047619047619
GSE222315_AGCCACGTCACCATGA-1_1_1_1_1	GSE222315_p4_NAT	GSE222315	DF.classifications_0.25_0.005_289	Singlet	pANN_0.25_0.005_289	0
GSE222315_AGCCACGTCAGGAAAT-1_1_1_1_1	GSE222315_p4_NAT	GSE222315	DF.classifications_0.25_0.005_289	Singlet	pANN_0.25_0.005_289	0.0476190476190476
GSE222315_AGCCACGTCCTACCGT-1_1_1_1_1	GSE222315_p4_NAT	GSE222315	DF.classifications_0.25_0.005_289	Singlet	pANN_0.25_0.005_289	0.0714285714285714
GSE222315_AGCCAGCCAAACACCT-1_1_1_1_1	GSE222315_p4_NAT	GSE222315	DF.classifications_0.25_0.005_289	Singlet	pANN_0.25_0.005_289	0.0238095238095238
GSE222315_AGCCAGCGTTTGAAAG-1_1_1_1_1	GSE222315_p4_NAT	GSE222315	DF.classifications_0.25_0.005_289	Singlet	pANN_0.25_0.005_289	0
GSE222315_AGCCAGCTCTTGAGCA-1_1_1_1_1	GSE222315_p4_NAT	GSE222315	DF.classifications_0.25_0.005_289	Singlet	pANN_0.25_0.005_289	0.0714285714285714
GSE222315_AGCCAGCTCTTTGCGC-1_1_1_1_1	GSE222315_p4_NAT	GSE222315	DF.classifications_0.25_0.005_289	Singlet	pANN_0.25_0.005_289	0.142857142857143
GSE222315_AGCGATTAGCGCCATC-1_1_1_1_1	GSE222315_p4_NAT	GSE222315	DF.classifications_0.25_0.005_289	Singlet	pANN_0.25_0.005_289	0.0476190476190476
GSE222315_AGCGATTAGTCACTGT-1_1_1_1_1	GSE222315_p4_NAT	GSE222315	DF.classifications_0.25_0.005_289	Singlet	pANN_0.25_0.005_289	0.214285714285714
GSE222315_AGCGCCAAGCAATAGT-1_1_1_1_1	GSE222315_p4_NAT	GSE222315	DF.classifications_0.25_0.005_289	Singlet	pANN_0.25_0.005_289	0.166666666666667
GSE222315_AGCGCCACAACACACT-1_1_1_1_1	GSE222315_p4_NAT	GSE222315	DF.classifications_0.25_0.005_289	Singlet	pANN_0.25_0.005_289	0.214285714285714
GSE222315_AGCGCCAGTATACAGA-1_1_1_1_1	GSE222315_p4_NAT	GSE222315	DF.classifications_0.25_0.005_289	Singlet	pANN_0.25_0.005_289	0.238095238095238
GSE222315_AGCGCCATCACAATGC-1_1_1_1_1	GSE222315_p4_NAT	GSE222315	DF.classifications_0.25_0.005_289	Doublet	pANN_0.25_0.005_289	0.476190476190476
GSE222315_AGCGCCATCGACCATA-1_1_1_1_1	GSE222315_p4_NAT	GSE222315	DF.classifications_0.25_0.005_289	Singlet	pANN_0.25_0.005_289	0.0714285714285714
GSE222315_AGCGCCATCGTCCTTG-1_1_1_1_1	GSE222315_p4_NAT	GSE222315	DF.classifications_0.25_0.005_289	Singlet	pANN_0.25_0.005_289	0
GSE222315_AGCGCCATCTCATTGT-1_1_1_1_1	GSE222315_p4_NAT	GSE222315	DF.classifications_0.25_0.005_289	Singlet	pANN_0.25_0.005_289	0.0952380952380952
GSE222315_AGCGCTGAGGATATGT-1_1_1_1_1	GSE222315_p4_NAT	GSE222315	DF.classifications_0.25_0.005_289	Singlet	pANN_0.25_0.005_289	0.357142857142857
GSE222315_AGCGCTGAGGTAGTAT-1_1_1_1_1	GSE222315_p4_NAT	GSE222315	DF.classifications_0.25_0.005_289	Singlet	pANN_0.25_0.005_289	0.30952380952381
GSE222315_AGCGCTGCAAAGTATG-1_1_1_1_1	GSE222315_p4_NAT	GSE222315	DF.classifications_0.25_0.005_289	Singlet	pANN_0.25_0.005_289	0.166666666666667
GSE222315_AGCGCTGCAAGACTGG-1_1_1_1_1	GSE222315_p4_NAT	GSE222315	DF.classifications_0.25_0.005_289	Singlet	pANN_0.25_0.005_289	0.380952380952381
GSE222315_AGCGCTGCACAACGCC-1_1_1_1_1	GSE222315_p4_NAT	GSE222315	DF.classifications_0.25_0.005_289	Singlet	pANN_0.25_0.005_289	0.119047619047619
GSE222315_AGCGCTGGTCGCTGCA-1_1_1_1_1	GSE222315_p4_NAT	GSE222315	DF.classifications_0.25_0.005_289	Singlet	pANN_0.25_0.005_289	0.261904761904762
GSE222315_AGCGCTGGTCTTAGTG-1_1_1_1_1	GSE222315_p4_NAT	GSE222315	DF.classifications_0.25_0.005_289	Singlet	pANN_0.25_0.005_289	0.142857142857143
GSE222315_AGCGCTGGTGACTGTT-1_1_1_1_1	GSE222315_p4_NAT	GSE222315	DF.classifications_0.25_0.005_289	Singlet	pANN_0.25_0.005_289	0.0238095238095238
GSE222315_AGCGCTGGTGTGTCCG-1_1_1_1_1	GSE222315_p4_NAT	GSE222315	DF.classifications_0.25_0.005_289	Singlet	pANN_0.25_0.005_289	0.0952380952380952
GSE222315_AGCGCTGTCATTTCGT-1_1_1_1_1	GSE222315_p4_NAT	GSE222315	DF.classifications_0.25_0.005_289	Singlet	pANN_0.25_0.005_289	0.142857142857143
GSE222315_AGCGCTGTCGCCTAGG-1_1_1_1_1	GSE222315_p4_NAT	GSE222315	DF.classifications_0.25_0.005_289	Singlet	pANN_0.25_0.005_289	0.238095238095238
GSE222315_AGCGTATCAAGACCTT-1_1_1_1_1	GSE222315_p4_NAT	GSE222315	DF.classifications_0.25_0.005_289	Singlet	pANN_0.25_0.005_289	0.0714285714285714
GSE222315_AGCGTATCACGACGAA-1_1_1_1_1	GSE222315_p4_NAT	GSE222315	DF.classifications_0.25_0.005_289	Doublet	pANN_0.25_0.005_289	0.476190476190476
GSE222315_AGCGTCGTCAGGGATG-1_1_1_1_1	GSE222315_p4_NAT	GSE222315	DF.classifications_0.25_0.005_289	Doublet	pANN_0.25_0.005_289	0.5
GSE222315_AGCTACAAGGTCCTGC-1_1_1_1_1	GSE222315_p4_NAT	GSE222315	DF.classifications_0.25_0.005_289	Singlet	pANN_0.25_0.005_289	0.404761904761905
GSE222315_AGCTACACAAGACCTT-1_1_1_1_1	GSE222315_p4_NAT	GSE222315	DF.classifications_0.25_0.005_289	Singlet	pANN_0.25_0.005_289	0.119047619047619
GSE222315_AGCTACACAGTTGAAA-1_1_1_1_1	GSE222315_p4_NAT	GSE222315	DF.classifications_0.25_0.005_289	Singlet	pANN_0.25_0.005_289	0.19047619047619
GSE222315_AGCTACAGTGACAGCA-1_1_1_1_1	GSE222315_p4_NAT	GSE222315	DF.classifications_0.25_0.005_289	Singlet	pANN_0.25_0.005_289	0.0952380952380952
GSE222315_AGCTACAGTTTCGCTC-1_1_1_1_1	GSE222315_p4_NAT	GSE222315	DF.classifications_0.25_0.005_289	Singlet	pANN_0.25_0.005_289	0.0238095238095238
GSE222315_AGCTACATCATTGCGA-1_1_1_1_1	GSE222315_p4_NAT	GSE222315	DF.classifications_0.25_0.005_289	Singlet	pANN_0.25_0.005_289	0
GSE222315_AGCTACATCTATCCAT-1_1_1_1_1	GSE222315_p4_NAT	GSE222315	DF.classifications_0.25_0.005_289	Singlet	pANN_0.25_0.005_289	0
GSE222315_AGCTCAAAGACCCGCT-1_1_1_1_1	GSE222315_p4_NAT	GSE222315	DF.classifications_0.25_0.005_289	Singlet	pANN_0.25_0.005_289	0.119047619047619
GSE222315_AGCTCAAAGCGCCCAT-1_1_1_1_1	GSE222315_p4_NAT	GSE222315	DF.classifications_0.25_0.005_289	Singlet	pANN_0.25_0.005_289	0.0952380952380952
GSE222315_AGCTCAAAGGACACTG-1_1_1_1_1	GSE222315_p4_NAT	GSE222315	DF.classifications_0.25_0.005_289	Singlet	pANN_0.25_0.005_289	0.261904761904762
GSE222315_AGCTCAAAGGGAGGTG-1_1_1_1_1	GSE222315_p4_NAT	GSE222315	DF.classifications_0.25_0.005_289	Singlet	pANN_0.25_0.005_289	0.30952380952381
GSE222315_AGCTCAAAGTTGTAGA-1_1_1_1_1	GSE222315_p4_NAT	GSE222315	DF.classifications_0.25_0.005_289	Singlet	pANN_0.25_0.005_289	0.142857142857143
GSE222315_AGCTCAACAAGCAATA-1_1_1_1_1	GSE222315_p4_NAT	GSE222315	DF.classifications_0.25_0.005_289	Singlet	pANN_0.25_0.005_289	0.238095238095238
GSE222315_AGCTCAACACAGTATC-1_1_1_1_1	GSE222315_p4_NAT	GSE222315	DF.classifications_0.25_0.005_289	Singlet	pANN_0.25_0.005_289	0.119047619047619
GSE222315_AGCTCAACACTGGATT-1_1_1_1_1	GSE222315_p4_NAT	GSE222315	DF.classifications_0.25_0.005_289	Singlet	pANN_0.25_0.005_289	0.0476190476190476
GSE222315_AGCTCAACATAGCTGT-1_1_1_1_1	GSE222315_p4_NAT	GSE222315	DF.classifications_0.25_0.005_289	Singlet	pANN_0.25_0.005_289	0.0952380952380952
GSE222315_AGCTCAAGTACCGGAA-1_1_1_1_1	GSE222315_p4_NAT	GSE222315	DF.classifications_0.25_0.005_289	Singlet	pANN_0.25_0.005_289	0.0714285714285714
GSE222315_AGCTCAAGTATGCTTG-1_1_1_1_1	GSE222315_p4_NAT	GSE222315	DF.classifications_0.25_0.005_289	Singlet	pANN_0.25_0.005_289	0.166666666666667
GSE222315_AGCTCAAGTTCCGCGA-1_1_1_1_1	GSE222315_p4_NAT	GSE222315	DF.classifications_0.25_0.005_289	Singlet	pANN_0.25_0.005_289	0.142857142857143
GSE222315_AGCTTCCAGCAAACAT-1_1_1_1_1	GSE222315_p4_NAT	GSE222315	DF.classifications_0.25_0.005_289	Singlet	pANN_0.25_0.005_289	0.19047619047619
GSE222315_AGCTTCCAGTTGCCCG-1_1_1_1_1	GSE222315_p4_NAT	GSE222315	DF.classifications_0.25_0.005_289	Singlet	pANN_0.25_0.005_289	0.0714285714285714
GSE222315_AGCTTCCCACGCGGTT-1_1_1_1_1	GSE222315_p4_NAT	GSE222315	DF.classifications_0.25_0.005_289	Singlet	pANN_0.25_0.005_289	0.380952380952381
GSE222315_AGCTTCCCATAAGATG-1_1_1_1_1	GSE222315_p4_NAT	GSE222315	DF.classifications_0.25_0.005_289	Singlet	pANN_0.25_0.005_289	0.238095238095238
GSE222315_AGCTTCCGTAACACCT-1_1_1_1_1	GSE222315_p4_NAT	GSE222315	DF.classifications_0.25_0.005_289	Singlet	pANN_0.25_0.005_289	0.30952380952381
GSE222315_AGCTTCCGTGTCTTCC-1_1_1_1_1	GSE222315_p4_NAT	GSE222315	DF.classifications_0.25_0.005_289	Singlet	pANN_0.25_0.005_289	0.19047619047619
GSE222315_AGCTTCCTCATCGCCT-1_1_1_1_1	GSE222315_p4_NAT	GSE222315	DF.classifications_0.25_0.005_289	Singlet	pANN_0.25_0.005_289	0.261904761904762
GSE222315_AGCTTCCTCTCCCATG-1_1_1_1_1	GSE222315_p4_NAT	GSE222315	DF.classifications_0.25_0.005_289	Singlet	pANN_0.25_0.005_289	0.142857142857143
GSE222315_AGCTTCCTCTGCTCTG-1_1_1_1_1	GSE222315_p4_NAT	GSE222315	DF.classifications_0.25_0.005_289	Singlet	pANN_0.25_0.005_289	0.0476190476190476
GSE222315_AGGAAATAGCGTCAGA-1_1_1_1_1	GSE222315_p4_NAT	GSE222315	DF.classifications_0.25_0.005_289	Singlet	pANN_0.25_0.005_289	0.0476190476190476
GSE222315_AGGAAATAGTCTTCGA-1_1_1_1_1	GSE222315_p4_NAT	GSE222315	DF.classifications_0.25_0.005_289	Doublet	pANN_0.25_0.005_289	0.452380952380952
GSE222315_AGGAAATCAATTCTTC-1_1_1_1_1	GSE222315_p4_NAT	GSE222315	DF.classifications_0.25_0.005_289	Singlet	pANN_0.25_0.005_289	0.357142857142857
GSE222315_AGGAAATCAATTGAAG-1_1_1_1_1	GSE222315_p4_NAT	GSE222315	DF.classifications_0.25_0.005_289	Singlet	pANN_0.25_0.005_289	0.142857142857143
GSE222315_AGGAAATGTACTCCCT-1_1_1_1_1	GSE222315_p4_NAT	GSE222315	DF.classifications_0.25_0.005_289	Singlet	pANN_0.25_0.005_289	0.19047619047619
GSE222315_AGGAATAAGATGAACT-1_1_1_1_1	GSE222315_p4_NAT	GSE222315	DF.classifications_0.25_0.005_289	Singlet	pANN_0.25_0.005_289	0.380952380952381
GSE222315_AGGAATAAGCTGACAG-1_1_1_1_1	GSE222315_p4_NAT	GSE222315	DF.classifications_0.25_0.005_289	Doublet	pANN_0.25_0.005_289	0.642857142857143
GSE222315_AGGAATACAAGACGAC-1_1_1_1_1	GSE222315_p4_NAT	GSE222315	DF.classifications_0.25_0.005_289	Singlet	pANN_0.25_0.005_289	0.0476190476190476
GSE222315_AGGAATACATGTTACG-1_1_1_1_1	GSE222315_p4_NAT	GSE222315	DF.classifications_0.25_0.005_289	Singlet	pANN_0.25_0.005_289	0.0476190476190476
GSE222315_AGGAATAGTCCTTAAG-1_1_1_1_1	GSE222315_p4_NAT	GSE222315	DF.classifications_0.25_0.005_289	Singlet	pANN_0.25_0.005_289	0.0476190476190476
GSE222315_AGGAATAGTGTATTGC-1_1_1_1_1	GSE222315_p4_NAT	GSE222315	DF.classifications_0.25_0.005_289	Singlet	pANN_0.25_0.005_289	0.0238095238095238
GSE222315_AGGAATATCGTTCTAT-1_1_1_1_1	GSE222315_p4_NAT	GSE222315	DF.classifications_0.25_0.005_289	Singlet	pANN_0.25_0.005_289	0
GSE222315_AGGACGAAGCCGTCGT-1_1_1_1_1	GSE222315_p4_NAT	GSE222315	DF.classifications_0.25_0.005_289	Singlet	pANN_0.25_0.005_289	0.0714285714285714
GSE222315_AGGACGACAATACCTG-1_1_1_1_1	GSE222315_p4_NAT	GSE222315	DF.classifications_0.25_0.005_289	Singlet	pANN_0.25_0.005_289	0.142857142857143
GSE222315_AGGACGAGTAGATTGA-1_1_1_1_1	GSE222315_p4_NAT	GSE222315	DF.classifications_0.25_0.005_289	Singlet	pANN_0.25_0.005_289	0.357142857142857
GSE222315_AGGACGAGTCTGCGCA-1_1_1_1_1	GSE222315_p4_NAT	GSE222315	DF.classifications_0.25_0.005_289	Singlet	pANN_0.25_0.005_289	0.0476190476190476
GSE222315_AGGACGAGTGACATCT-1_1_1_1_1	GSE222315_p4_NAT	GSE222315	DF.classifications_0.25_0.005_289	Singlet	pANN_0.25_0.005_289	0.119047619047619
GSE222315_AGGACTTAGCGCCATC-1_1_1_1_1	GSE222315_p4_NAT	GSE222315	DF.classifications_0.25_0.005_289	Singlet	pANN_0.25_0.005_289	0
GSE222315_AGGACTTAGGATTTGA-1_1_1_1_1	GSE222315_p4_NAT	GSE222315	DF.classifications_0.25_0.005_289	Singlet	pANN_0.25_0.005_289	0.119047619047619
GSE222315_AGGACTTAGGCCCACT-1_1_1_1_1	GSE222315_p4_NAT	GSE222315	DF.classifications_0.25_0.005_289	Singlet	pANN_0.25_0.005_289	0.0714285714285714
GSE222315_AGGACTTCAAGTCATC-1_1_1_1_1	GSE222315_p4_NAT	GSE222315	DF.classifications_0.25_0.005_289	Singlet	pANN_0.25_0.005_289	0.0238095238095238
GSE222315_AGGACTTCATCATTTC-1_1_1_1_1	GSE222315_p4_NAT	GSE222315	DF.classifications_0.25_0.005_289	Singlet	pANN_0.25_0.005_289	0.0714285714285714
GSE222315_AGGACTTTCGGCGATC-1_1_1_1_1	GSE222315_p4_NAT	GSE222315	DF.classifications_0.25_0.005_289	Singlet	pANN_0.25_0.005_289	0.19047619047619
GSE222315_AGGACTTTCGGCTGGT-1_1_1_1_1	GSE222315_p4_NAT	GSE222315	DF.classifications_0.25_0.005_289	Doublet	pANN_0.25_0.005_289	0.452380952380952
GSE222315_AGGAGGTAGAATTGCA-1_1_1_1_1	GSE222315_p4_NAT	GSE222315	DF.classifications_0.25_0.005_289	Singlet	pANN_0.25_0.005_289	0.214285714285714
GSE222315_AGGAGGTAGAGGACTC-1_1_1_1_1	GSE222315_p4_NAT	GSE222315	DF.classifications_0.25_0.005_289	Singlet	pANN_0.25_0.005_289	0
GSE222315_AGGAGGTAGCTTTCTT-1_1_1_1_1	GSE222315_p4_NAT	GSE222315	DF.classifications_0.25_0.005_289	Singlet	pANN_0.25_0.005_289	0.261904761904762
GSE222315_AGGAGGTAGTAACCTC-1_1_1_1_1	GSE222315_p4_NAT	GSE222315	DF.classifications_0.25_0.005_289	Singlet	pANN_0.25_0.005_289	0.404761904761905
GSE222315_AGGAGGTAGTCTAGCT-1_1_1_1_1	GSE222315_p4_NAT	GSE222315	DF.classifications_0.25_0.005_289	Singlet	pANN_0.25_0.005_289	0
GSE222315_AGGAGGTCACCGTCTT-1_1_1_1_1	GSE222315_p4_NAT	GSE222315	DF.classifications_0.25_0.005_289	Singlet	pANN_0.25_0.005_289	0.19047619047619
GSE222315_AGGAGGTCACTTTATC-1_1_1_1_1	GSE222315_p4_NAT	GSE222315	DF.classifications_0.25_0.005_289	Singlet	pANN_0.25_0.005_289	0
GSE222315_AGGAGGTCAGTGACCC-1_1_1_1_1	GSE222315_p4_NAT	GSE222315	DF.classifications_0.25_0.005_289	Singlet	pANN_0.25_0.005_289	0.0476190476190476
GSE222315_AGGAGGTGTAGCACGA-1_1_1_1_1	GSE222315_p4_NAT	GSE222315	DF.classifications_0.25_0.005_289	Singlet	pANN_0.25_0.005_289	0.333333333333333
GSE222315_AGGAGGTGTCTTTCAT-1_1_1_1_1	GSE222315_p4_NAT	GSE222315	DF.classifications_0.25_0.005_289	Singlet	pANN_0.25_0.005_289	0.0238095238095238
GSE222315_AGGAGGTGTTCGATTG-1_1_1_1_1	GSE222315_p4_NAT	GSE222315	DF.classifications_0.25_0.005_289	Singlet	pANN_0.25_0.005_289	0.214285714285714
GSE222315_AGGAGGTTCAGGAACG-1_1_1_1_1	GSE222315_p4_NAT	GSE222315	DF.classifications_0.25_0.005_289	Singlet	pANN_0.25_0.005_289	0.0476190476190476
GSE222315_AGGATAAGTATTGAGA-1_1_1_1_1	GSE222315_p4_NAT	GSE222315	DF.classifications_0.25_0.005_289	Singlet	pANN_0.25_0.005_289	0.214285714285714
GSE222315_AGGATAAGTGTACGCC-1_1_1_1_1	GSE222315_p4_NAT	GSE222315	DF.classifications_0.25_0.005_289	Singlet	pANN_0.25_0.005_289	0.214285714285714
GSE222315_AGGATAATCAGTCAGT-1_1_1_1_1	GSE222315_p4_NAT	GSE222315	DF.classifications_0.25_0.005_289	Singlet	pANN_0.25_0.005_289	0.380952380952381
GSE222315_AGGATAATCCTTTAGT-1_1_1_1_1	GSE222315_p4_NAT	GSE222315	DF.classifications_0.25_0.005_289	Singlet	pANN_0.25_0.005_289	0.0952380952380952
GSE222315_AGGATCTCAGTCTTCC-1_1_1_1_1	GSE222315_p4_NAT	GSE222315	DF.classifications_0.25_0.005_289	Singlet	pANN_0.25_0.005_289	0.238095238095238
GSE222315_AGGATCTCAGTTCACA-1_1_1_1_1	GSE222315_p4_NAT	GSE222315	DF.classifications_0.25_0.005_289	Singlet	pANN_0.25_0.005_289	0.380952380952381
GSE222315_AGGATCTCATGACGTT-1_1_1_1_1	GSE222315_p4_NAT	GSE222315	DF.classifications_0.25_0.005_289	Singlet	pANN_0.25_0.005_289	0.238095238095238
GSE222315_AGGATCTGTTGCACGC-1_1_1_1_1	GSE222315_p4_NAT	GSE222315	DF.classifications_0.25_0.005_289	Singlet	pANN_0.25_0.005_289	0.238095238095238
GSE222315_AGGATCTTCGGTGAAG-1_1_1_1_1	GSE222315_p4_NAT	GSE222315	DF.classifications_0.25_0.005_289	Singlet	pANN_0.25_0.005_289	0
GSE222315_AGGCATTCACGCAGTC-1_1_1_1_1	GSE222315_p4_NAT	GSE222315	DF.classifications_0.25_0.005_289	Singlet	pANN_0.25_0.005_289	0.0238095238095238
GSE222315_AGGCATTGTCAAAGTA-1_1_1_1_1	GSE222315_p4_NAT	GSE222315	DF.classifications_0.25_0.005_289	Singlet	pANN_0.25_0.005_289	0.166666666666667
GSE222315_AGGCATTGTTAGAAAC-1_1_1_1_1	GSE222315_p4_NAT	GSE222315	DF.classifications_0.25_0.005_289	Singlet	pANN_0.25_0.005_289	0.19047619047619
GSE222315_AGGCATTGTTCAACGT-1_1_1_1_1	GSE222315_p4_NAT	GSE222315	DF.classifications_0.25_0.005_289	Singlet	pANN_0.25_0.005_289	0.333333333333333
GSE222315_AGGCCACAGAGGTTTA-1_1_1_1_1	GSE222315_p4_NAT	GSE222315	DF.classifications_0.25_0.005_289	Singlet	pANN_0.25_0.005_289	0.357142857142857
GSE222315_AGGCCACAGCCAAGTG-1_1_1_1_1	GSE222315_p4_NAT	GSE222315	DF.classifications_0.25_0.005_289	Singlet	pANN_0.25_0.005_289	0.261904761904762
GSE222315_AGGCCACAGTCTCTGA-1_1_1_1_1	GSE222315_p4_NAT	GSE222315	DF.classifications_0.25_0.005_289	Singlet	pANN_0.25_0.005_289	0.333333333333333
GSE222315_AGGCCACGTGTCCAAT-1_1_1_1_1	GSE222315_p4_NAT	GSE222315	DF.classifications_0.25_0.005_289	Singlet	pANN_0.25_0.005_289	0.166666666666667
GSE222315_AGGCCACGTGTTGACT-1_1_1_1_1	GSE222315_p4_NAT	GSE222315	DF.classifications_0.25_0.005_289	Singlet	pANN_0.25_0.005_289	0.261904761904762
GSE222315_AGGCCACTCCATCCGT-1_1_1_1_1	GSE222315_p4_NAT	GSE222315	DF.classifications_0.25_0.005_289	Singlet	pANN_0.25_0.005_289	0.19047619047619
GSE222315_AGGCTGCAGACCTTTG-1_1_1_1_1	GSE222315_p4_NAT	GSE222315	DF.classifications_0.25_0.005_289	Singlet	pANN_0.25_0.005_289	0.0952380952380952
GSE222315_AGGCTGCAGTCGTCTA-1_1_1_1_1	GSE222315_p4_NAT	GSE222315	DF.classifications_0.25_0.005_289	Singlet	pANN_0.25_0.005_289	0.214285714285714
GSE222315_AGGCTGCGTGCTCTCT-1_1_1_1_1	GSE222315_p4_NAT	GSE222315	DF.classifications_0.25_0.005_289	Doublet	pANN_0.25_0.005_289	0.5
GSE222315_AGGGAGTAGCGCAATG-1_1_1_1_1	GSE222315_p4_NAT	GSE222315	DF.classifications_0.25_0.005_289	Singlet	pANN_0.25_0.005_289	0.0952380952380952
GSE222315_AGGGAGTCATTCAGCA-1_1_1_1_1	GSE222315_p4_NAT	GSE222315	DF.classifications_0.25_0.005_289	Singlet	pANN_0.25_0.005_289	0.214285714285714
GSE222315_AGGGAGTGTACCGCGT-1_1_1_1_1	GSE222315_p4_NAT	GSE222315	DF.classifications_0.25_0.005_289	Singlet	pANN_0.25_0.005_289	0.404761904761905
GSE222315_AGGGAGTGTTGGGTTT-1_1_1_1_1	GSE222315_p4_NAT	GSE222315	DF.classifications_0.25_0.005_289	Singlet	pANN_0.25_0.005_289	0.214285714285714
GSE222315_AGGGAGTTCAGCTTCC-1_1_1_1_1	GSE222315_p4_NAT	GSE222315	DF.classifications_0.25_0.005_289	Singlet	pANN_0.25_0.005_289	0.0476190476190476
GSE222315_AGGGAGTTCCGCTAGG-1_1_1_1_1	GSE222315_p4_NAT	GSE222315	DF.classifications_0.25_0.005_289	Singlet	pANN_0.25_0.005_289	0
GSE222315_AGGGCCTCAGGTATGG-1_1_1_1_1	GSE222315_p4_NAT	GSE222315	DF.classifications_0.25_0.005_289	Singlet	pANN_0.25_0.005_289	0.357142857142857
GSE222315_AGGGCCTCAGTATGAA-1_1_1_1_1	GSE222315_p4_NAT	GSE222315	DF.classifications_0.25_0.005_289	Singlet	pANN_0.25_0.005_289	0.119047619047619
GSE222315_AGGGCCTGTAAGCTCT-1_1_1_1_1	GSE222315_p4_NAT	GSE222315	DF.classifications_0.25_0.005_289	Singlet	pANN_0.25_0.005_289	0.0238095238095238
GSE222315_AGGGCCTGTACGCTAT-1_1_1_1_1	GSE222315_p4_NAT	GSE222315	DF.classifications_0.25_0.005_289	Singlet	pANN_0.25_0.005_289	0.0952380952380952
GSE222315_AGGGCCTTCATTACTC-1_1_1_1_1	GSE222315_p4_NAT	GSE222315	DF.classifications_0.25_0.005_289	Singlet	pANN_0.25_0.005_289	0.119047619047619
GSE222315_AGGGCCTTCCATTTGT-1_1_1_1_1	GSE222315_p4_NAT	GSE222315	DF.classifications_0.25_0.005_289	Singlet	pANN_0.25_0.005_289	0.285714285714286
GSE222315_AGGGCCTTCCTGGGTG-1_1_1_1_1	GSE222315_p4_NAT	GSE222315	DF.classifications_0.25_0.005_289	Singlet	pANN_0.25_0.005_289	0.333333333333333
GSE222315_AGGGCTCAGCAGGGAG-1_1_1_1_1	GSE222315_p4_NAT	GSE222315	DF.classifications_0.25_0.005_289	Singlet	pANN_0.25_0.005_289	0.0238095238095238
GSE222315_AGGGCTCAGGAGCAAA-1_1_1_1_1	GSE222315_p4_NAT	GSE222315	DF.classifications_0.25_0.005_289	Singlet	pANN_0.25_0.005_289	0.142857142857143
GSE222315_AGGGCTCAGGGAGGCA-1_1_1_1_1	GSE222315_p4_NAT	GSE222315	DF.classifications_0.25_0.005_289	Singlet	pANN_0.25_0.005_289	0.142857142857143
GSE222315_AGGGCTCGTATCCTCC-1_1_1_1_1	GSE222315_p4_NAT	GSE222315	DF.classifications_0.25_0.005_289	Singlet	pANN_0.25_0.005_289	0
GSE222315_AGGGCTCGTGGTAATA-1_1_1_1_1	GSE222315_p4_NAT	GSE222315	DF.classifications_0.25_0.005_289	Singlet	pANN_0.25_0.005_289	0.0952380952380952
GSE222315_AGGGCTCTCCAAGCAT-1_1_1_1_1	GSE222315_p4_NAT	GSE222315	DF.classifications_0.25_0.005_289	Singlet	pANN_0.25_0.005_289	0.0952380952380952
GSE222315_AGGGTCCCACGCTTAA-1_1_1_1_1	GSE222315_p4_NAT	GSE222315	DF.classifications_0.25_0.005_289	Singlet	pANN_0.25_0.005_289	0
GSE222315_AGGGTCCCATGTTTGG-1_1_1_1_1	GSE222315_p4_NAT	GSE222315	DF.classifications_0.25_0.005_289	Singlet	pANN_0.25_0.005_289	0.0238095238095238
GSE222315_AGGGTCCGTCGCACAC-1_1_1_1_1	GSE222315_p4_NAT	GSE222315	DF.classifications_0.25_0.005_289	Singlet	pANN_0.25_0.005_289	0.119047619047619
GSE222315_AGGGTCCGTTTACTGG-1_1_1_1_1	GSE222315_p4_NAT	GSE222315	DF.classifications_0.25_0.005_289	Singlet	pANN_0.25_0.005_289	0.166666666666667
GSE222315_AGGGTCCTCTTCACGC-1_1_1_1_1	GSE222315_p4_NAT	GSE222315	DF.classifications_0.25_0.005_289	Doublet	pANN_0.25_0.005_289	0.428571428571429
GSE222315_AGGGTGAAGATGGGCT-1_1_1_1_1	GSE222315_p4_NAT	GSE222315	DF.classifications_0.25_0.005_289	Singlet	pANN_0.25_0.005_289	0.0952380952380952
GSE222315_AGGGTGAAGCCTATTG-1_1_1_1_1	GSE222315_p4_NAT	GSE222315	DF.classifications_0.25_0.005_289	Doublet	pANN_0.25_0.005_289	0.452380952380952
GSE222315_AGGGTGAAGGTTGGAC-1_1_1_1_1	GSE222315_p4_NAT	GSE222315	DF.classifications_0.25_0.005_289	Singlet	pANN_0.25_0.005_289	0.0714285714285714
GSE222315_AGGGTGAAGTCATTGC-1_1_1_1_1	GSE222315_p4_NAT	GSE222315	DF.classifications_0.25_0.005_289	Singlet	pANN_0.25_0.005_289	0.261904761904762
GSE222315_AGGGTTTAGAGTCCGA-1_1_1_1_1	GSE222315_p4_NAT	GSE222315	DF.classifications_0.25_0.005_289	Singlet	pANN_0.25_0.005_289	0.0952380952380952
GSE222315_AGGGTTTAGCCGATAG-1_1_1_1_1	GSE222315_p4_NAT	GSE222315	DF.classifications_0.25_0.005_289	Singlet	pANN_0.25_0.005_289	0.0476190476190476
GSE222315_AGGGTTTAGTCATCCA-1_1_1_1_1	GSE222315_p4_NAT	GSE222315	DF.classifications_0.25_0.005_289	Singlet	pANN_0.25_0.005_289	0.0714285714285714
GSE222315_AGGGTTTGTCAAGTTC-1_1_1_1_1	GSE222315_p4_NAT	GSE222315	DF.classifications_0.25_0.005_289	Singlet	pANN_0.25_0.005_289	0.333333333333333
GSE222315_AGGGTTTGTCTACATG-1_1_1_1_1	GSE222315_p4_NAT	GSE222315	DF.classifications_0.25_0.005_289	Singlet	pANN_0.25_0.005_289	0
GSE222315_AGGGTTTTCATCGGGC-1_1_1_1_1	GSE222315_p4_NAT	GSE222315	DF.classifications_0.25_0.005_289	Singlet	pANN_0.25_0.005_289	0.166666666666667
GSE222315_AGGTAGGAGGATTCCT-1_1_1_1_1	GSE222315_p4_NAT	GSE222315	DF.classifications_0.25_0.005_289	Singlet	pANN_0.25_0.005_289	0.214285714285714
GSE222315_AGGTAGGCATGGGTCC-1_1_1_1_1	GSE222315_p4_NAT	GSE222315	DF.classifications_0.25_0.005_289	Singlet	pANN_0.25_0.005_289	0.142857142857143
GSE222315_AGGTAGGGTCGTATTG-1_1_1_1_1	GSE222315_p4_NAT	GSE222315	DF.classifications_0.25_0.005_289	Singlet	pANN_0.25_0.005_289	0.0476190476190476
GSE222315_AGGTAGGGTCTGCAAT-1_1_1_1_1	GSE222315_p4_NAT	GSE222315	DF.classifications_0.25_0.005_289	Singlet	pANN_0.25_0.005_289	0.0476190476190476
GSE222315_AGGTAGGTCGAACGCC-1_1_1_1_1	GSE222315_p4_NAT	GSE222315	DF.classifications_0.25_0.005_289	Singlet	pANN_0.25_0.005_289	0.238095238095238
GSE222315_AGGTAGGTCGCAGAGA-1_1_1_1_1	GSE222315_p4_NAT	GSE222315	DF.classifications_0.25_0.005_289	Singlet	pANN_0.25_0.005_289	0.0714285714285714
GSE222315_AGGTCATAGAACCCGA-1_1_1_1_1	GSE222315_p4_NAT	GSE222315	DF.classifications_0.25_0.005_289	Singlet	pANN_0.25_0.005_289	0.0238095238095238
GSE222315_AGGTCATAGACGACTG-1_1_1_1_1	GSE222315_p4_NAT	GSE222315	DF.classifications_0.25_0.005_289	Singlet	pANN_0.25_0.005_289	0.119047619047619
GSE222315_AGGTCATAGGAATGTT-1_1_1_1_1	GSE222315_p4_NAT	GSE222315	DF.classifications_0.25_0.005_289	Singlet	pANN_0.25_0.005_289	0.19047619047619
GSE222315_AGGTCATAGGCCCACT-1_1_1_1_1	GSE222315_p4_NAT	GSE222315	DF.classifications_0.25_0.005_289	Singlet	pANN_0.25_0.005_289	0.19047619047619
GSE222315_AGGTCATAGGCTCAAG-1_1_1_1_1	GSE222315_p4_NAT	GSE222315	DF.classifications_0.25_0.005_289	Singlet	pANN_0.25_0.005_289	0.261904761904762
GSE222315_AGGTCATAGGTCACCC-1_1_1_1_1	GSE222315_p4_NAT	GSE222315	DF.classifications_0.25_0.005_289	Singlet	pANN_0.25_0.005_289	0.119047619047619
GSE222315_AGGTCATCAACTCCCT-1_1_1_1_1	GSE222315_p4_NAT	GSE222315	DF.classifications_0.25_0.005_289	Singlet	pANN_0.25_0.005_289	0.261904761904762
GSE222315_AGGTCATCACACCTTC-1_1_1_1_1	GSE222315_p4_NAT	GSE222315	DF.classifications_0.25_0.005_289	Singlet	pANN_0.25_0.005_289	0.142857142857143
GSE222315_AGGTCATCATCAGTCA-1_1_1_1_1	GSE222315_p4_NAT	GSE222315	DF.classifications_0.25_0.005_289	Singlet	pANN_0.25_0.005_289	0.0476190476190476
GSE222315_AGGTCATCATGTAACC-1_1_1_1_1	GSE222315_p4_NAT	GSE222315	DF.classifications_0.25_0.005_289	Singlet	pANN_0.25_0.005_289	0.333333333333333
GSE222315_AGGTCATTCGGCCTTT-1_1_1_1_1	GSE222315_p4_NAT	GSE222315	DF.classifications_0.25_0.005_289	Singlet	pANN_0.25_0.005_289	0.0714285714285714
GSE222315_AGGTCATTCTTTCTAG-1_1_1_1_1	GSE222315_p4_NAT	GSE222315	DF.classifications_0.25_0.005_289	Singlet	pANN_0.25_0.005_289	0.19047619047619
GSE222315_AGGTCTAAGGCAGCTA-1_1_1_1_1	GSE222315_p4_NAT	GSE222315	DF.classifications_0.25_0.005_289	Singlet	pANN_0.25_0.005_289	0.0238095238095238
GSE222315_AGGTCTAAGGGATCGT-1_1_1_1_1	GSE222315_p4_NAT	GSE222315	DF.classifications_0.25_0.005_289	Singlet	pANN_0.25_0.005_289	0.238095238095238
GSE222315_AGGTCTACAACACGTT-1_1_1_1_1	GSE222315_p4_NAT	GSE222315	DF.classifications_0.25_0.005_289	Singlet	pANN_0.25_0.005_289	0.142857142857143
GSE222315_AGGTCTACACTACACA-1_1_1_1_1	GSE222315_p4_NAT	GSE222315	DF.classifications_0.25_0.005_289	Singlet	pANN_0.25_0.005_289	0.0714285714285714
GSE222315_AGGTCTACATTAAGCC-1_1_1_1_1	GSE222315_p4_NAT	GSE222315	DF.classifications_0.25_0.005_289	Singlet	pANN_0.25_0.005_289	0.0238095238095238
GSE222315_AGGTCTAGTGACATCT-1_1_1_1_1	GSE222315_p4_NAT	GSE222315	DF.classifications_0.25_0.005_289	Singlet	pANN_0.25_0.005_289	0.261904761904762
GSE222315_AGGTCTAGTGACTATC-1_1_1_1_1	GSE222315_p4_NAT	GSE222315	DF.classifications_0.25_0.005_289	Doublet	pANN_0.25_0.005_289	0.619047619047619
GSE222315_AGGTCTAGTGGCATCC-1_1_1_1_1	GSE222315_p4_NAT	GSE222315	DF.classifications_0.25_0.005_289	Singlet	pANN_0.25_0.005_289	0.142857142857143
GSE222315_AGGTCTATCCAAGCAT-1_1_1_1_1	GSE222315_p4_NAT	GSE222315	DF.classifications_0.25_0.005_289	Singlet	pANN_0.25_0.005_289	0
GSE222315_AGGTGTTAGAGGTTTA-1_1_1_1_1	GSE222315_p4_NAT	GSE222315	DF.classifications_0.25_0.005_289	Singlet	pANN_0.25_0.005_289	0.0476190476190476
GSE222315_AGGTGTTAGCAGAAAG-1_1_1_1_1	GSE222315_p4_NAT	GSE222315	DF.classifications_0.25_0.005_289	Singlet	pANN_0.25_0.005_289	0.0238095238095238
GSE222315_AGGTGTTAGTAGTCCT-1_1_1_1_1	GSE222315_p4_NAT	GSE222315	DF.classifications_0.25_0.005_289	Singlet	pANN_0.25_0.005_289	0
GSE222315_AGGTGTTAGTCTACCA-1_1_1_1_1	GSE222315_p4_NAT	GSE222315	DF.classifications_0.25_0.005_289	Singlet	pANN_0.25_0.005_289	0.19047619047619
GSE222315_AGGTGTTCACAAATCC-1_1_1_1_1	GSE222315_p4_NAT	GSE222315	DF.classifications_0.25_0.005_289	Singlet	pANN_0.25_0.005_289	0.0714285714285714
GSE222315_AGGTGTTCATTGAGGG-1_1_1_1_1	GSE222315_p4_NAT	GSE222315	DF.classifications_0.25_0.005_289	Singlet	pANN_0.25_0.005_289	0.285714285714286
GSE222315_AGGTGTTGTGAACGGT-1_1_1_1_1	GSE222315_p4_NAT	GSE222315	DF.classifications_0.25_0.005_289	Singlet	pANN_0.25_0.005_289	0.285714285714286
GSE222315_AGGTGTTGTGGTATGG-1_1_1_1_1	GSE222315_p4_NAT	GSE222315	DF.classifications_0.25_0.005_289	Singlet	pANN_0.25_0.005_289	0.0476190476190476
GSE222315_AGGTGTTGTTGCTTGA-1_1_1_1_1	GSE222315_p4_NAT	GSE222315	DF.classifications_0.25_0.005_289	Singlet	pANN_0.25_0.005_289	0.119047619047619
GSE222315_AGGTGTTTCCTATTGT-1_1_1_1_1	GSE222315_p4_NAT	GSE222315	DF.classifications_0.25_0.005_289	Singlet	pANN_0.25_0.005_289	0
GSE222315_AGGTGTTTCGGTCGAC-1_1_1_1_1	GSE222315_p4_NAT	GSE222315	DF.classifications_0.25_0.005_289	Singlet	pANN_0.25_0.005_289	0.214285714285714
GSE222315_AGGTTACAGACCAAGC-1_1_1_1_1	GSE222315_p4_NAT	GSE222315	DF.classifications_0.25_0.005_289	Singlet	pANN_0.25_0.005_289	0.0952380952380952
GSE222315_AGGTTACCATGCCGAC-1_1_1_1_1	GSE222315_p4_NAT	GSE222315	DF.classifications_0.25_0.005_289	Singlet	pANN_0.25_0.005_289	0.357142857142857
GSE222315_AGGTTACTCTAGGAAA-1_1_1_1_1	GSE222315_p4_NAT	GSE222315	DF.classifications_0.25_0.005_289	Singlet	pANN_0.25_0.005_289	0
GSE222315_AGGTTGTAGCCAACCC-1_1_1_1_1	GSE222315_p4_NAT	GSE222315	DF.classifications_0.25_0.005_289	Singlet	pANN_0.25_0.005_289	0.142857142857143
GSE222315_AGGTTGTCAGCAAGAC-1_1_1_1_1	GSE222315_p4_NAT	GSE222315	DF.classifications_0.25_0.005_289	Singlet	pANN_0.25_0.005_289	0.0952380952380952
GSE222315_AGGTTGTGTTGGCCGT-1_1_1_1_1	GSE222315_p4_NAT	GSE222315	DF.classifications_0.25_0.005_289	Singlet	pANN_0.25_0.005_289	0.238095238095238
GSE222315_AGGTTGTTCCTTTGAT-1_1_1_1_1	GSE222315_p4_NAT	GSE222315	DF.classifications_0.25_0.005_289	Singlet	pANN_0.25_0.005_289	0.0476190476190476
GSE222315_AGGTTGTTCGCTGATA-1_1_1_1_1	GSE222315_p4_NAT	GSE222315	DF.classifications_0.25_0.005_289	Doublet	pANN_0.25_0.005_289	0.452380952380952
GSE222315_AGTAACCAGACGCAGT-1_1_1_1_1	GSE222315_p4_NAT	GSE222315	DF.classifications_0.25_0.005_289	Singlet	pANN_0.25_0.005_289	0.0238095238095238
GSE222315_AGTAACCAGGCTCCCA-1_1_1_1_1	GSE222315_p4_NAT	GSE222315	DF.classifications_0.25_0.005_289	Singlet	pANN_0.25_0.005_289	0.0714285714285714
GSE222315_AGTAACCAGGGCAACT-1_1_1_1_1	GSE222315_p4_NAT	GSE222315	DF.classifications_0.25_0.005_289	Singlet	pANN_0.25_0.005_289	0.333333333333333
GSE222315_AGTAACCCAGCCATTA-1_1_1_1_1	GSE222315_p4_NAT	GSE222315	DF.classifications_0.25_0.005_289	Singlet	pANN_0.25_0.005_289	0.238095238095238
GSE222315_AGTAACCCAGGACAGT-1_1_1_1_1	GSE222315_p4_NAT	GSE222315	DF.classifications_0.25_0.005_289	Singlet	pANN_0.25_0.005_289	0.142857142857143
GSE222315_AGTAACCCATCAGTCA-1_1_1_1_1	GSE222315_p4_NAT	GSE222315	DF.classifications_0.25_0.005_289	Singlet	pANN_0.25_0.005_289	0.0238095238095238
GSE222315_AGTAACCCATCCTAAG-1_1_1_1_1	GSE222315_p4_NAT	GSE222315	DF.classifications_0.25_0.005_289	Singlet	pANN_0.25_0.005_289	0.0238095238095238
GSE222315_AGTAACCGTTATTCTC-1_1_1_1_1	GSE222315_p4_NAT	GSE222315	DF.classifications_0.25_0.005_289	Singlet	pANN_0.25_0.005_289	0.214285714285714
GSE222315_AGTAACCGTTCGTGCG-1_1_1_1_1	GSE222315_p4_NAT	GSE222315	DF.classifications_0.25_0.005_289	Singlet	pANN_0.25_0.005_289	0.404761904761905
GSE222315_AGTAACCTCACGGGAA-1_1_1_1_1	GSE222315_p4_NAT	GSE222315	DF.classifications_0.25_0.005_289	Singlet	pANN_0.25_0.005_289	0.0714285714285714
GSE222315_AGTAACCTCGACATCA-1_1_1_1_1	GSE222315_p4_NAT	GSE222315	DF.classifications_0.25_0.005_289	Singlet	pANN_0.25_0.005_289	0.238095238095238
GSE222315_AGTACCAAGTGACCTT-1_1_1_1_1	GSE222315_p4_NAT	GSE222315	DF.classifications_0.25_0.005_289	Singlet	pANN_0.25_0.005_289	0.0238095238095238
GSE222315_AGTACCACAGCGACCT-1_1_1_1_1	GSE222315_p4_NAT	GSE222315	DF.classifications_0.25_0.005_289	Singlet	pANN_0.25_0.005_289	0.142857142857143
GSE222315_AGTACCAGTCCACTCT-1_1_1_1_1	GSE222315_p4_NAT	GSE222315	DF.classifications_0.25_0.005_289	Singlet	pANN_0.25_0.005_289	0.0476190476190476
GSE222315_AGTACCAGTTGAGAGC-1_1_1_1_1	GSE222315_p4_NAT	GSE222315	DF.classifications_0.25_0.005_289	Singlet	pANN_0.25_0.005_289	0.333333333333333
GSE222315_AGTACCATCAAACCCA-1_1_1_1_1	GSE222315_p4_NAT	GSE222315	DF.classifications_0.25_0.005_289	Singlet	pANN_0.25_0.005_289	0.285714285714286
GSE222315_AGTACTGAGTGGTGGT-1_1_1_1_1	GSE222315_p4_NAT	GSE222315	DF.classifications_0.25_0.005_289	Singlet	pANN_0.25_0.005_289	0
GSE222315_AGTACTGCAACAAGAT-1_1_1_1_1	GSE222315_p4_NAT	GSE222315	DF.classifications_0.25_0.005_289	Singlet	pANN_0.25_0.005_289	0.0476190476190476
GSE222315_AGTACTGGTACGCTTA-1_1_1_1_1	GSE222315_p4_NAT	GSE222315	DF.classifications_0.25_0.005_289	Singlet	pANN_0.25_0.005_289	0.238095238095238
GSE222315_AGTACTGGTGGATCAG-1_1_1_1_1	GSE222315_p4_NAT	GSE222315	DF.classifications_0.25_0.005_289	Singlet	pANN_0.25_0.005_289	0.380952380952381
GSE222315_AGTACTGTCATCGTAG-1_1_1_1_1	GSE222315_p4_NAT	GSE222315	DF.classifications_0.25_0.005_289	Singlet	pANN_0.25_0.005_289	0.142857142857143
GSE222315_AGTACTGTCCTTACCG-1_1_1_1_1	GSE222315_p4_NAT	GSE222315	DF.classifications_0.25_0.005_289	Singlet	pANN_0.25_0.005_289	0
GSE222315_AGTAGCTAGCGGTAAC-1_1_1_1_1	GSE222315_p4_NAT	GSE222315	DF.classifications_0.25_0.005_289	Singlet	pANN_0.25_0.005_289	0.214285714285714
GSE222315_AGTAGCTCAATTCACG-1_1_1_1_1	GSE222315_p4_NAT	GSE222315	DF.classifications_0.25_0.005_289	Singlet	pANN_0.25_0.005_289	0
GSE222315_AGTAGCTGTATGGTTC-1_1_1_1_1	GSE222315_p4_NAT	GSE222315	DF.classifications_0.25_0.005_289	Singlet	pANN_0.25_0.005_289	0.214285714285714
GSE222315_AGTAGCTGTATGTCCA-1_1_1_1_1	GSE222315_p4_NAT	GSE222315	DF.classifications_0.25_0.005_289	Singlet	pANN_0.25_0.005_289	0.19047619047619
GSE222315_AGTAGCTGTCCGGCAT-1_1_1_1_1	GSE222315_p4_NAT	GSE222315	DF.classifications_0.25_0.005_289	Singlet	pANN_0.25_0.005_289	0.0952380952380952
GSE222315_AGTAGCTGTGGGCTTC-1_1_1_1_1	GSE222315_p4_NAT	GSE222315	DF.classifications_0.25_0.005_289	Singlet	pANN_0.25_0.005_289	0.285714285714286
GSE222315_AGTAGCTGTTGGGAAC-1_1_1_1_1	GSE222315_p4_NAT	GSE222315	DF.classifications_0.25_0.005_289	Singlet	pANN_0.25_0.005_289	0.0952380952380952
GSE222315_AGTAGTCAGATTACCC-1_1_1_1_1	GSE222315_p4_NAT	GSE222315	DF.classifications_0.25_0.005_289	Singlet	pANN_0.25_0.005_289	0
GSE222315_AGTAGTCAGCAACCAG-1_1_1_1_1	GSE222315_p4_NAT	GSE222315	DF.classifications_0.25_0.005_289	Singlet	pANN_0.25_0.005_289	0.0476190476190476
GSE222315_AGTAGTCAGCCAGACA-1_1_1_1_1	GSE222315_p4_NAT	GSE222315	DF.classifications_0.25_0.005_289	Singlet	pANN_0.25_0.005_289	0
GSE222315_AGTAGTCAGCTAAATG-1_1_1_1_1	GSE222315_p4_NAT	GSE222315	DF.classifications_0.25_0.005_289	Singlet	pANN_0.25_0.005_289	0.285714285714286
GSE222315_AGTAGTCCAGCCGTTG-1_1_1_1_1	GSE222315_p4_NAT	GSE222315	DF.classifications_0.25_0.005_289	Singlet	pANN_0.25_0.005_289	0.214285714285714
GSE222315_AGTAGTCCAGTCTCTC-1_1_1_1_1	GSE222315_p4_NAT	GSE222315	DF.classifications_0.25_0.005_289	Singlet	pANN_0.25_0.005_289	0.333333333333333
GSE222315_AGTAGTCCAGTGAGCA-1_1_1_1_1	GSE222315_p4_NAT	GSE222315	DF.classifications_0.25_0.005_289	Singlet	pANN_0.25_0.005_289	0.0476190476190476
GSE222315_AGTAGTCTCGCGTGCA-1_1_1_1_1	GSE222315_p4_NAT	GSE222315	DF.classifications_0.25_0.005_289	Singlet	pANN_0.25_0.005_289	0.0238095238095238
GSE222315_AGTCAACAGCGATCGA-1_1_1_1_1	GSE222315_p4_NAT	GSE222315	DF.classifications_0.25_0.005_289	Singlet	pANN_0.25_0.005_289	0.261904761904762
GSE222315_AGTCAACAGTAAGAGG-1_1_1_1_1	GSE222315_p4_NAT	GSE222315	DF.classifications_0.25_0.005_289	Singlet	pANN_0.25_0.005_289	0.0476190476190476
GSE222315_AGTCAACCAAACACGG-1_1_1_1_1	GSE222315_p4_NAT	GSE222315	DF.classifications_0.25_0.005_289	Doublet	pANN_0.25_0.005_289	0.619047619047619
GSE222315_AGTCAACCACCGGTCA-1_1_1_1_1	GSE222315_p4_NAT	GSE222315	DF.classifications_0.25_0.005_289	Singlet	pANN_0.25_0.005_289	0.357142857142857
GSE222315_AGTCAACCAGAACTAA-1_1_1_1_1	GSE222315_p4_NAT	GSE222315	DF.classifications_0.25_0.005_289	Singlet	pANN_0.25_0.005_289	0.357142857142857
GSE222315_AGTCAACCAGACAAGC-1_1_1_1_1	GSE222315_p4_NAT	GSE222315	DF.classifications_0.25_0.005_289	Singlet	pANN_0.25_0.005_289	0.142857142857143
GSE222315_AGTCAACCATGACACT-1_1_1_1_1	GSE222315_p4_NAT	GSE222315	DF.classifications_0.25_0.005_289	Singlet	pANN_0.25_0.005_289	0.19047619047619
GSE222315_AGTCAACTCCTCTCTT-1_1_1_1_1	GSE222315_p4_NAT	GSE222315	DF.classifications_0.25_0.005_289	Singlet	pANN_0.25_0.005_289	0.238095238095238
GSE222315_AGTCACAAGTTCCGTA-1_1_1_1_1	GSE222315_p4_NAT	GSE222315	DF.classifications_0.25_0.005_289	Singlet	pANN_0.25_0.005_289	0.380952380952381
GSE222315_AGTCACAAGTTTGAGA-1_1_1_1_1	GSE222315_p4_NAT	GSE222315	DF.classifications_0.25_0.005_289	Singlet	pANN_0.25_0.005_289	0.0714285714285714
GSE222315_AGTCACACACAAGTTC-1_1_1_1_1	GSE222315_p4_NAT	GSE222315	DF.classifications_0.25_0.005_289	Singlet	pANN_0.25_0.005_289	0.119047619047619
GSE222315_AGTCACAGTACGACTT-1_1_1_1_1	GSE222315_p4_NAT	GSE222315	DF.classifications_0.25_0.005_289	Singlet	pANN_0.25_0.005_289	0.261904761904762
GSE222315_AGTCACAGTAGTCTGT-1_1_1_1_1	GSE222315_p4_NAT	GSE222315	DF.classifications_0.25_0.005_289	Singlet	pANN_0.25_0.005_289	0
GSE222315_AGTCACAGTGCCCAGT-1_1_1_1_1	GSE222315_p4_NAT	GSE222315	DF.classifications_0.25_0.005_289	Singlet	pANN_0.25_0.005_289	0.357142857142857
GSE222315_AGTCACATCGCTTTAT-1_1_1_1_1	GSE222315_p4_NAT	GSE222315	DF.classifications_0.25_0.005_289	Singlet	pANN_0.25_0.005_289	0.166666666666667
GSE222315_AGTCATGGTAACTTCG-1_1_1_1_1	GSE222315_p4_NAT	GSE222315	DF.classifications_0.25_0.005_289	Singlet	pANN_0.25_0.005_289	0.0238095238095238
GSE222315_AGTCATGGTCCTCATC-1_1_1_1_1	GSE222315_p4_NAT	GSE222315	DF.classifications_0.25_0.005_289	Singlet	pANN_0.25_0.005_289	0.119047619047619
GSE222315_AGTCATGGTCCTGAAT-1_1_1_1_1	GSE222315_p4_NAT	GSE222315	DF.classifications_0.25_0.005_289	Singlet	pANN_0.25_0.005_289	0.119047619047619
GSE222315_AGTCATGGTGGAGAAA-1_1_1_1_1	GSE222315_p4_NAT	GSE222315	DF.classifications_0.25_0.005_289	Singlet	pANN_0.25_0.005_289	0.0952380952380952
GSE222315_AGTCATGGTGTATACC-1_1_1_1_1	GSE222315_p4_NAT	GSE222315	DF.classifications_0.25_0.005_289	Singlet	pANN_0.25_0.005_289	0.0714285714285714
GSE222315_AGTCATGTCACTACTT-1_1_1_1_1	GSE222315_p4_NAT	GSE222315	DF.classifications_0.25_0.005_289	Singlet	pANN_0.25_0.005_289	0.0476190476190476
GSE222315_AGTCATGTCCTGGTCT-1_1_1_1_1	GSE222315_p4_NAT	GSE222315	DF.classifications_0.25_0.005_289	Singlet	pANN_0.25_0.005_289	0.19047619047619
GSE222315_AGTCATGTCGGACGTC-1_1_1_1_1	GSE222315_p4_NAT	GSE222315	DF.classifications_0.25_0.005_289	Singlet	pANN_0.25_0.005_289	0.261904761904762
GSE222315_AGTCTCCAGACTGGGT-1_1_1_1_1	GSE222315_p4_NAT	GSE222315	DF.classifications_0.25_0.005_289	Singlet	pANN_0.25_0.005_289	0.0476190476190476
GSE222315_AGTCTCCAGAGGACTC-1_1_1_1_1	GSE222315_p4_NAT	GSE222315	DF.classifications_0.25_0.005_289	Singlet	pANN_0.25_0.005_289	0.0476190476190476
GSE222315_AGTCTCCAGCACCAGA-1_1_1_1_1	GSE222315_p4_NAT	GSE222315	DF.classifications_0.25_0.005_289	Singlet	pANN_0.25_0.005_289	0.261904761904762
GSE222315_AGTCTCCAGCATATGA-1_1_1_1_1	GSE222315_p4_NAT	GSE222315	DF.classifications_0.25_0.005_289	Singlet	pANN_0.25_0.005_289	0.333333333333333
GSE222315_AGTCTCCAGGTAGATT-1_1_1_1_1	GSE222315_p4_NAT	GSE222315	DF.classifications_0.25_0.005_289	Singlet	pANN_0.25_0.005_289	0.238095238095238
GSE222315_AGTCTCCCATCCAATG-1_1_1_1_1	GSE222315_p4_NAT	GSE222315	DF.classifications_0.25_0.005_289	Singlet	pANN_0.25_0.005_289	0.0952380952380952
GSE222315_AGTCTCCGTACAGAAT-1_1_1_1_1	GSE222315_p4_NAT	GSE222315	DF.classifications_0.25_0.005_289	Singlet	pANN_0.25_0.005_289	0.142857142857143
GSE222315_AGTCTCCGTGTAAATG-1_1_1_1_1	GSE222315_p4_NAT	GSE222315	DF.classifications_0.25_0.005_289	Singlet	pANN_0.25_0.005_289	0.0714285714285714
GSE222315_AGTCTCCGTTAGAAGT-1_1_1_1_1	GSE222315_p4_NAT	GSE222315	DF.classifications_0.25_0.005_289	Singlet	pANN_0.25_0.005_289	0.30952380952381
GSE222315_AGTCTCCGTTATCTGG-1_1_1_1_1	GSE222315_p4_NAT	GSE222315	DF.classifications_0.25_0.005_289	Singlet	pANN_0.25_0.005_289	0.142857142857143
GSE222315_AGTCTCCTCCTACGAA-1_1_1_1_1	GSE222315_p4_NAT	GSE222315	DF.classifications_0.25_0.005_289	Singlet	pANN_0.25_0.005_289	0.142857142857143
GSE222315_AGTCTCCTCGATACGT-1_1_1_1_1	GSE222315_p4_NAT	GSE222315	DF.classifications_0.25_0.005_289	Singlet	pANN_0.25_0.005_289	0.19047619047619
GSE222315_AGTCTCCTCTCAATCT-1_1_1_1_1	GSE222315_p4_NAT	GSE222315	DF.classifications_0.25_0.005_289	Doublet	pANN_0.25_0.005_289	0.476190476190476
GSE222315_AGTGACTAGAGGCGTT-1_1_1_1_1	GSE222315_p4_NAT	GSE222315	DF.classifications_0.25_0.005_289	Singlet	pANN_0.25_0.005_289	0.214285714285714
GSE222315_AGTGACTAGCCGAACA-1_1_1_1_1	GSE222315_p4_NAT	GSE222315	DF.classifications_0.25_0.005_289	Singlet	pANN_0.25_0.005_289	0.0238095238095238
GSE222315_AGTGACTAGGATGCGT-1_1_1_1_1	GSE222315_p4_NAT	GSE222315	DF.classifications_0.25_0.005_289	Singlet	pANN_0.25_0.005_289	0
GSE222315_AGTGACTCACGGCTAC-1_1_1_1_1	GSE222315_p4_NAT	GSE222315	DF.classifications_0.25_0.005_289	Singlet	pANN_0.25_0.005_289	0.261904761904762
GSE222315_AGTGACTCACTAGGCC-1_1_1_1_1	GSE222315_p4_NAT	GSE222315	DF.classifications_0.25_0.005_289	Singlet	pANN_0.25_0.005_289	0.0238095238095238
GSE222315_AGTGACTCAGTGTGCC-1_1_1_1_1	GSE222315_p4_NAT	GSE222315	DF.classifications_0.25_0.005_289	Singlet	pANN_0.25_0.005_289	0.166666666666667
GSE222315_AGTGACTTCAGTGTCA-1_1_1_1_1	GSE222315_p4_NAT	GSE222315	DF.classifications_0.25_0.005_289	Singlet	pANN_0.25_0.005_289	0.0238095238095238
GSE222315_AGTGACTTCTGGTCAA-1_1_1_1_1	GSE222315_p4_NAT	GSE222315	DF.classifications_0.25_0.005_289	Singlet	pANN_0.25_0.005_289	0.142857142857143
GSE222315_AGTGATCAGACATATG-1_1_1_1_1	GSE222315_p4_NAT	GSE222315	DF.classifications_0.25_0.005_289	Singlet	pANN_0.25_0.005_289	0.0714285714285714
GSE222315_AGTGATCAGACTTCGT-1_1_1_1_1	GSE222315_p4_NAT	GSE222315	DF.classifications_0.25_0.005_289	Singlet	pANN_0.25_0.005_289	0.261904761904762
GSE222315_AGTGATCAGCACCAGA-1_1_1_1_1	GSE222315_p4_NAT	GSE222315	DF.classifications_0.25_0.005_289	Singlet	pANN_0.25_0.005_289	0.261904761904762
GSE222315_AGTGATCAGCTAATGA-1_1_1_1_1	GSE222315_p4_NAT	GSE222315	DF.classifications_0.25_0.005_289	Singlet	pANN_0.25_0.005_289	0.404761904761905
GSE222315_AGTGATCCACGCAGTC-1_1_1_1_1	GSE222315_p4_NAT	GSE222315	DF.classifications_0.25_0.005_289	Singlet	pANN_0.25_0.005_289	0.261904761904762
GSE222315_AGTGATCCAGCAGACA-1_1_1_1_1	GSE222315_p4_NAT	GSE222315	DF.classifications_0.25_0.005_289	Singlet	pANN_0.25_0.005_289	0.119047619047619
GSE222315_AGTGATCGTAGCGTTT-1_1_1_1_1	GSE222315_p4_NAT	GSE222315	DF.classifications_0.25_0.005_289	Singlet	pANN_0.25_0.005_289	0.404761904761905
GSE222315_AGTGATCGTCCTCATC-1_1_1_1_1	GSE222315_p4_NAT	GSE222315	DF.classifications_0.25_0.005_289	Singlet	pANN_0.25_0.005_289	0.0952380952380952
GSE222315_AGTGATCGTGGCGTAA-1_1_1_1_1	GSE222315_p4_NAT	GSE222315	DF.classifications_0.25_0.005_289	Singlet	pANN_0.25_0.005_289	0.333333333333333
GSE222315_AGTGATCGTGTGTACT-1_1_1_1_1	GSE222315_p4_NAT	GSE222315	DF.classifications_0.25_0.005_289	Singlet	pANN_0.25_0.005_289	0.0238095238095238
GSE222315_AGTGCCGAGAATCGTA-1_1_1_1_1	GSE222315_p4_NAT	GSE222315	DF.classifications_0.25_0.005_289	Singlet	pANN_0.25_0.005_289	0.214285714285714
GSE222315_AGTGCCGAGCCGATTT-1_1_1_1_1	GSE222315_p4_NAT	GSE222315	DF.classifications_0.25_0.005_289	Singlet	pANN_0.25_0.005_289	0.0952380952380952
GSE222315_AGTGCCGAGCGCGTTC-1_1_1_1_1	GSE222315_p4_NAT	GSE222315	DF.classifications_0.25_0.005_289	Singlet	pANN_0.25_0.005_289	0.357142857142857
GSE222315_AGTGCCGAGCTTCATG-1_1_1_1_1	GSE222315_p4_NAT	GSE222315	DF.classifications_0.25_0.005_289	Singlet	pANN_0.25_0.005_289	0.0952380952380952
GSE222315_AGTGCCGAGTGCGTCC-1_1_1_1_1	GSE222315_p4_NAT	GSE222315	DF.classifications_0.25_0.005_289	Singlet	pANN_0.25_0.005_289	0.0952380952380952
GSE222315_AGTGCCGCAGGCTATT-1_1_1_1_1	GSE222315_p4_NAT	GSE222315	DF.classifications_0.25_0.005_289	Singlet	pANN_0.25_0.005_289	0
GSE222315_AGTGCCGCAGGTTCGC-1_1_1_1_1	GSE222315_p4_NAT	GSE222315	DF.classifications_0.25_0.005_289	Singlet	pANN_0.25_0.005_289	0.0714285714285714
GSE222315_AGTGCCGGTATCACGT-1_1_1_1_1	GSE222315_p4_NAT	GSE222315	DF.classifications_0.25_0.005_289	Singlet	pANN_0.25_0.005_289	0.0714285714285714
GSE222315_AGTGCCGTCGTTCTAT-1_1_1_1_1	GSE222315_p4_NAT	GSE222315	DF.classifications_0.25_0.005_289	Singlet	pANN_0.25_0.005_289	0.142857142857143
GSE222315_AGTGCCGTCTGTCAGA-1_1_1_1_1	GSE222315_p4_NAT	GSE222315	DF.classifications_0.25_0.005_289	Singlet	pANN_0.25_0.005_289	0.0952380952380952
GSE222315_AGTGTTGCACAAATCC-1_1_1_1_1	GSE222315_p4_NAT	GSE222315	DF.classifications_0.25_0.005_289	Singlet	pANN_0.25_0.005_289	0.261904761904762
GSE222315_AGTGTTGCACAGCGCT-1_1_1_1_1	GSE222315_p4_NAT	GSE222315	DF.classifications_0.25_0.005_289	Singlet	pANN_0.25_0.005_289	0.166666666666667
GSE222315_AGTGTTGCAGAGGCAT-1_1_1_1_1	GSE222315_p4_NAT	GSE222315	DF.classifications_0.25_0.005_289	Singlet	pANN_0.25_0.005_289	0.0476190476190476
GSE222315_AGTGTTGCATGCGGTC-1_1_1_1_1	GSE222315_p4_NAT	GSE222315	DF.classifications_0.25_0.005_289	Singlet	pANN_0.25_0.005_289	0
GSE222315_AGTGTTGGTAAGATAC-1_1_1_1_1	GSE222315_p4_NAT	GSE222315	DF.classifications_0.25_0.005_289	Singlet	pANN_0.25_0.005_289	0.119047619047619
GSE222315_AGTGTTGGTAATGCGG-1_1_1_1_1	GSE222315_p4_NAT	GSE222315	DF.classifications_0.25_0.005_289	Singlet	pANN_0.25_0.005_289	0.0238095238095238
GSE222315_AGTGTTGGTCGATTAC-1_1_1_1_1	GSE222315_p4_NAT	GSE222315	DF.classifications_0.25_0.005_289	Singlet	pANN_0.25_0.005_289	0.261904761904762
GSE222315_AGTTAGCAGCCGAATG-1_1_1_1_1	GSE222315_p4_NAT	GSE222315	DF.classifications_0.25_0.005_289	Singlet	pANN_0.25_0.005_289	0.0714285714285714
GSE222315_AGTTAGCCATGGGTTT-1_1_1_1_1	GSE222315_p4_NAT	GSE222315	DF.classifications_0.25_0.005_289	Singlet	pANN_0.25_0.005_289	0.166666666666667
GSE222315_AGTTAGCGTAGACTGG-1_1_1_1_1	GSE222315_p4_NAT	GSE222315	DF.classifications_0.25_0.005_289	Singlet	pANN_0.25_0.005_289	0.333333333333333
GSE222315_AGTTAGCGTCGAGATG-1_1_1_1_1	GSE222315_p4_NAT	GSE222315	DF.classifications_0.25_0.005_289	Singlet	pANN_0.25_0.005_289	0.285714285714286
GSE222315_AGTTAGCGTGGCATCC-1_1_1_1_1	GSE222315_p4_NAT	GSE222315	DF.classifications_0.25_0.005_289	Singlet	pANN_0.25_0.005_289	0.166666666666667
GSE222315_AGTTCCCAGGAGCAAA-1_1_1_1_1	GSE222315_p4_NAT	GSE222315	DF.classifications_0.25_0.005_289	Singlet	pANN_0.25_0.005_289	0.0476190476190476
GSE222315_AGTTCCCAGGTGCCTC-1_1_1_1_1	GSE222315_p4_NAT	GSE222315	DF.classifications_0.25_0.005_289	Singlet	pANN_0.25_0.005_289	0.333333333333333
GSE222315_AGTTCCCAGGTTATAG-1_1_1_1_1	GSE222315_p4_NAT	GSE222315	DF.classifications_0.25_0.005_289	Singlet	pANN_0.25_0.005_289	0
GSE222315_AGTTCCCAGTCCGTCG-1_1_1_1_1	GSE222315_p4_NAT	GSE222315	DF.classifications_0.25_0.005_289	Singlet	pANN_0.25_0.005_289	0
GSE222315_AGTTCCCCAATTTCCT-1_1_1_1_1	GSE222315_p4_NAT	GSE222315	DF.classifications_0.25_0.005_289	Singlet	pANN_0.25_0.005_289	0.30952380952381
GSE222315_AGTTCCCTCCGCAACG-1_1_1_1_1	GSE222315_p4_NAT	GSE222315	DF.classifications_0.25_0.005_289	Doublet	pANN_0.25_0.005_289	0.523809523809524
GSE222315_AGTTCGAAGGCACTCC-1_1_1_1_1	GSE222315_p4_NAT	GSE222315	DF.classifications_0.25_0.005_289	Singlet	pANN_0.25_0.005_289	0.404761904761905
GSE222315_AGTTCGACAATCACGT-1_1_1_1_1	GSE222315_p4_NAT	GSE222315	DF.classifications_0.25_0.005_289	Singlet	pANN_0.25_0.005_289	0.30952380952381
GSE222315_AGTTCGACAGGACTTT-1_1_1_1_1	GSE222315_p4_NAT	GSE222315	DF.classifications_0.25_0.005_289	Singlet	pANN_0.25_0.005_289	0.238095238095238
GSE222315_AGTTCGACATACCGTA-1_1_1_1_1	GSE222315_p4_NAT	GSE222315	DF.classifications_0.25_0.005_289	Singlet	pANN_0.25_0.005_289	0.166666666666667
GSE222315_AGTTCGAGTCTTGCTC-1_1_1_1_1	GSE222315_p4_NAT	GSE222315	DF.classifications_0.25_0.005_289	Singlet	pANN_0.25_0.005_289	0.30952380952381
GSE222315_ATACCGAGTCTCTCTG-1_1_1_1_1	GSE222315_p4_NAT	GSE222315	DF.classifications_0.25_0.005_289	Singlet	pANN_0.25_0.005_289	0.166666666666667
GSE222315_ATACCGATCGGTCGAC-1_1_1_1_1	GSE222315_p4_NAT	GSE222315	DF.classifications_0.25_0.005_289	Singlet	pANN_0.25_0.005_289	0.19047619047619
GSE222315_ATACCTTCAGGTCCGT-1_1_1_1_1	GSE222315_p4_NAT	GSE222315	DF.classifications_0.25_0.005_289	Singlet	pANN_0.25_0.005_289	0.0476190476190476
GSE222315_ATACCTTCATCAGCGC-1_1_1_1_1	GSE222315_p4_NAT	GSE222315	DF.classifications_0.25_0.005_289	Singlet	pANN_0.25_0.005_289	0.214285714285714
GSE222315_ATACCTTTCTAGCCTC-1_1_1_1_1	GSE222315_p4_NAT	GSE222315	DF.classifications_0.25_0.005_289	Singlet	pANN_0.25_0.005_289	0.166666666666667
GSE222315_ATACCTTTCTGTCTCG-1_1_1_1_1	GSE222315_p4_NAT	GSE222315	DF.classifications_0.25_0.005_289	Singlet	pANN_0.25_0.005_289	0
GSE222315_ATACTTCCAGAAGTTA-1_1_1_1_1	GSE222315_p4_NAT	GSE222315	DF.classifications_0.25_0.005_289	Singlet	pANN_0.25_0.005_289	0.30952380952381
GSE222315_ATACTTCCATGTAACC-1_1_1_1_1	GSE222315_p4_NAT	GSE222315	DF.classifications_0.25_0.005_289	Singlet	pANN_0.25_0.005_289	0.166666666666667
GSE222315_ATACTTCGTCTACAGT-1_1_1_1_1	GSE222315_p4_NAT	GSE222315	DF.classifications_0.25_0.005_289	Singlet	pANN_0.25_0.005_289	0.333333333333333
GSE222315_ATACTTCTCACCGACG-1_1_1_1_1	GSE222315_p4_NAT	GSE222315	DF.classifications_0.25_0.005_289	Singlet	pANN_0.25_0.005_289	0.166666666666667
GSE222315_ATACTTCTCACCTTGC-1_1_1_1_1	GSE222315_p4_NAT	GSE222315	DF.classifications_0.25_0.005_289	Singlet	pANN_0.25_0.005_289	0.0238095238095238
GSE222315_ATAGACCAGACCTGGA-1_1_1_1_1	GSE222315_p4_NAT	GSE222315	DF.classifications_0.25_0.005_289	Singlet	pANN_0.25_0.005_289	0.142857142857143
GSE222315_ATAGACCAGACTCTTG-1_1_1_1_1	GSE222315_p4_NAT	GSE222315	DF.classifications_0.25_0.005_289	Singlet	pANN_0.25_0.005_289	0
GSE222315_ATAGACCAGCCATATC-1_1_1_1_1	GSE222315_p4_NAT	GSE222315	DF.classifications_0.25_0.005_289	Singlet	pANN_0.25_0.005_289	0.285714285714286
GSE222315_ATAGACCCATTAAGCC-1_1_1_1_1	GSE222315_p4_NAT	GSE222315	DF.classifications_0.25_0.005_289	Singlet	pANN_0.25_0.005_289	0.214285714285714
GSE222315_ATAGAGAAGGGACCAT-1_1_1_1_1	GSE222315_p4_NAT	GSE222315	DF.classifications_0.25_0.005_289	Singlet	pANN_0.25_0.005_289	0.0714285714285714
GSE222315_ATAGAGATCATAGGCT-1_1_1_1_1	GSE222315_p4_NAT	GSE222315	DF.classifications_0.25_0.005_289	Singlet	pANN_0.25_0.005_289	0.285714285714286
GSE222315_ATAGAGATCCTTCTGG-1_1_1_1_1	GSE222315_p4_NAT	GSE222315	DF.classifications_0.25_0.005_289	Singlet	pANN_0.25_0.005_289	0.19047619047619
GSE222315_ATAGAGATCTTCGATT-1_1_1_1_1	GSE222315_p4_NAT	GSE222315	DF.classifications_0.25_0.005_289	Doublet	pANN_0.25_0.005_289	0.523809523809524
GSE222315_ATAGGCTAGCGTTGTT-1_1_1_1_1	GSE222315_p4_NAT	GSE222315	DF.classifications_0.25_0.005_289	Singlet	pANN_0.25_0.005_289	0.214285714285714
GSE222315_ATAGGCTAGGAGTATT-1_1_1_1_1	GSE222315_p4_NAT	GSE222315	DF.classifications_0.25_0.005_289	Singlet	pANN_0.25_0.005_289	0.0714285714285714
GSE222315_ATAGGCTGTCATTCCC-1_1_1_1_1	GSE222315_p4_NAT	GSE222315	DF.classifications_0.25_0.005_289	Doublet	pANN_0.25_0.005_289	0.571428571428571
GSE222315_ATAGGCTTCGGTAACT-1_1_1_1_1	GSE222315_p4_NAT	GSE222315	DF.classifications_0.25_0.005_289	Singlet	pANN_0.25_0.005_289	0.19047619047619
GSE222315_ATAGGCTTCTGCAGCG-1_1_1_1_1	GSE222315_p4_NAT	GSE222315	DF.classifications_0.25_0.005_289	Singlet	pANN_0.25_0.005_289	0.0238095238095238
GSE222315_ATATCCTAGCGACAGT-1_1_1_1_1	GSE222315_p4_NAT	GSE222315	DF.classifications_0.25_0.005_289	Singlet	pANN_0.25_0.005_289	0.19047619047619
GSE222315_ATATCCTCAAACGAGC-1_1_1_1_1	GSE222315_p4_NAT	GSE222315	DF.classifications_0.25_0.005_289	Singlet	pANN_0.25_0.005_289	0.285714285714286
GSE222315_ATATCCTCACCAGCTG-1_1_1_1_1	GSE222315_p4_NAT	GSE222315	DF.classifications_0.25_0.005_289	Singlet	pANN_0.25_0.005_289	0.19047619047619
GSE222315_ATATCCTCAGGTGGAT-1_1_1_1_1	GSE222315_p4_NAT	GSE222315	DF.classifications_0.25_0.005_289	Singlet	pANN_0.25_0.005_289	0.380952380952381
GSE222315_ATATCCTGTAATTGGA-1_1_1_1_1	GSE222315_p4_NAT	GSE222315	DF.classifications_0.25_0.005_289	Singlet	pANN_0.25_0.005_289	0.238095238095238
GSE222315_ATATCCTGTAGCGTAG-1_1_1_1_1	GSE222315_p4_NAT	GSE222315	DF.classifications_0.25_0.005_289	Singlet	pANN_0.25_0.005_289	0.0714285714285714
GSE222315_ATATCCTGTCCGACGT-1_1_1_1_1	GSE222315_p4_NAT	GSE222315	DF.classifications_0.25_0.005_289	Singlet	pANN_0.25_0.005_289	0.0238095238095238
GSE222315_ATATCCTGTGTGCCTG-1_1_1_1_1	GSE222315_p4_NAT	GSE222315	DF.classifications_0.25_0.005_289	Singlet	pANN_0.25_0.005_289	0.0714285714285714
GSE222315_ATATCCTTCACGGTCG-1_1_1_1_1	GSE222315_p4_NAT	GSE222315	DF.classifications_0.25_0.005_289	Singlet	pANN_0.25_0.005_289	0.404761904761905
GSE222315_ATATCCTTCCATATGG-1_1_1_1_1	GSE222315_p4_NAT	GSE222315	DF.classifications_0.25_0.005_289	Singlet	pANN_0.25_0.005_289	0
GSE222315_ATATCCTTCTGGGCCA-1_1_1_1_1	GSE222315_p4_NAT	GSE222315	DF.classifications_0.25_0.005_289	Singlet	pANN_0.25_0.005_289	0.404761904761905
GSE222315_ATCACAGAGTACAACA-1_1_1_1_1	GSE222315_p4_NAT	GSE222315	DF.classifications_0.25_0.005_289	Singlet	pANN_0.25_0.005_289	0.0476190476190476
GSE222315_ATCACAGAGTCATCCA-1_1_1_1_1	GSE222315_p4_NAT	GSE222315	DF.classifications_0.25_0.005_289	Singlet	pANN_0.25_0.005_289	0.0476190476190476
GSE222315_ATCACAGGTGAGTTTC-1_1_1_1_1	GSE222315_p4_NAT	GSE222315	DF.classifications_0.25_0.005_289	Singlet	pANN_0.25_0.005_289	0.238095238095238
GSE222315_ATCACAGGTGTGATGG-1_1_1_1_1	GSE222315_p4_NAT	GSE222315	DF.classifications_0.25_0.005_289	Singlet	pANN_0.25_0.005_289	0.214285714285714
GSE222315_ATCACAGTCAGCGCAC-1_1_1_1_1	GSE222315_p4_NAT	GSE222315	DF.classifications_0.25_0.005_289	Singlet	pANN_0.25_0.005_289	0.261904761904762
GSE222315_ATCACGAAGAGCCGTA-1_1_1_1_1	GSE222315_p4_NAT	GSE222315	DF.classifications_0.25_0.005_289	Singlet	pANN_0.25_0.005_289	0.285714285714286
GSE222315_ATCACGACACAGTCAT-1_1_1_1_1	GSE222315_p4_NAT	GSE222315	DF.classifications_0.25_0.005_289	Singlet	pANN_0.25_0.005_289	0.142857142857143
GSE222315_ATCACGAGTTCTGACA-1_1_1_1_1	GSE222315_p4_NAT	GSE222315	DF.classifications_0.25_0.005_289	Singlet	pANN_0.25_0.005_289	0.333333333333333
GSE222315_ATCACGATCACCACAA-1_1_1_1_1	GSE222315_p4_NAT	GSE222315	DF.classifications_0.25_0.005_289	Singlet	pANN_0.25_0.005_289	0.142857142857143
GSE222315_ATCACGATCCACACCT-1_1_1_1_1	GSE222315_p4_NAT	GSE222315	DF.classifications_0.25_0.005_289	Singlet	pANN_0.25_0.005_289	0.19047619047619
GSE222315_ATCACGATCTCTCGAC-1_1_1_1_1	GSE222315_p4_NAT	GSE222315	DF.classifications_0.25_0.005_289	Singlet	pANN_0.25_0.005_289	0.30952380952381
GSE222315_ATCACTTAGAAACACT-1_1_1_1_1	GSE222315_p4_NAT	GSE222315	DF.classifications_0.25_0.005_289	Singlet	pANN_0.25_0.005_289	0
GSE222315_ATCACTTAGAATTTGG-1_1_1_1_1	GSE222315_p4_NAT	GSE222315	DF.classifications_0.25_0.005_289	Singlet	pANN_0.25_0.005_289	0.261904761904762
GSE222315_ATCACTTAGACGACTG-1_1_1_1_1	GSE222315_p4_NAT	GSE222315	DF.classifications_0.25_0.005_289	Singlet	pANN_0.25_0.005_289	0.238095238095238
GSE222315_ATCACTTCAAGAGTAT-1_1_1_1_1	GSE222315_p4_NAT	GSE222315	DF.classifications_0.25_0.005_289	Singlet	pANN_0.25_0.005_289	0.142857142857143
GSE222315_ATCACTTCAAGCGAAC-1_1_1_1_1	GSE222315_p4_NAT	GSE222315	DF.classifications_0.25_0.005_289	Singlet	pANN_0.25_0.005_289	0.30952380952381
GSE222315_ATCACTTCAGTCCGTG-1_1_1_1_1	GSE222315_p4_NAT	GSE222315	DF.classifications_0.25_0.005_289	Singlet	pANN_0.25_0.005_289	0.238095238095238
GSE222315_ATCACTTGTATGTCCA-1_1_1_1_1	GSE222315_p4_NAT	GSE222315	DF.classifications_0.25_0.005_289	Singlet	pANN_0.25_0.005_289	0.0476190476190476
GSE222315_ATCACTTTCCACCTCA-1_1_1_1_1	GSE222315_p4_NAT	GSE222315	DF.classifications_0.25_0.005_289	Singlet	pANN_0.25_0.005_289	0.0476190476190476
GSE222315_ATCACTTTCCGCGGAT-1_1_1_1_1	GSE222315_p4_NAT	GSE222315	DF.classifications_0.25_0.005_289	Singlet	pANN_0.25_0.005_289	0.238095238095238
GSE222315_ATCACTTTCGAGCTGC-1_1_1_1_1	GSE222315_p4_NAT	GSE222315	DF.classifications_0.25_0.005_289	Singlet	pANN_0.25_0.005_289	0.0238095238095238
GSE222315_ATCAGGTAGATGCGAC-1_1_1_1_1	GSE222315_p4_NAT	GSE222315	DF.classifications_0.25_0.005_289	Singlet	pANN_0.25_0.005_289	0.0476190476190476
GSE222315_ATCAGGTAGCACGATG-1_1_1_1_1	GSE222315_p4_NAT	GSE222315	DF.classifications_0.25_0.005_289	Singlet	pANN_0.25_0.005_289	0.0714285714285714
GSE222315_ATCAGGTAGCATTTCG-1_1_1_1_1	GSE222315_p4_NAT	GSE222315	DF.classifications_0.25_0.005_289	Singlet	pANN_0.25_0.005_289	0.333333333333333
GSE222315_ATCAGGTAGGAGTACC-1_1_1_1_1	GSE222315_p4_NAT	GSE222315	DF.classifications_0.25_0.005_289	Singlet	pANN_0.25_0.005_289	0.238095238095238
GSE222315_ATCAGGTCACTGTTCC-1_1_1_1_1	GSE222315_p4_NAT	GSE222315	DF.classifications_0.25_0.005_289	Singlet	pANN_0.25_0.005_289	0.333333333333333
GSE222315_ATCAGGTGTCTCACAA-1_1_1_1_1	GSE222315_p4_NAT	GSE222315	DF.classifications_0.25_0.005_289	Singlet	pANN_0.25_0.005_289	0.404761904761905
GSE222315_ATCAGGTTCTCACTCG-1_1_1_1_1	GSE222315_p4_NAT	GSE222315	DF.classifications_0.25_0.005_289	Singlet	pANN_0.25_0.005_289	0.0238095238095238
GSE222315_ATCATTCAGCAAGGAA-1_1_1_1_1	GSE222315_p4_NAT	GSE222315	DF.classifications_0.25_0.005_289	Singlet	pANN_0.25_0.005_289	0.0714285714285714
GSE222315_ATCATTCGTAGACAGC-1_1_1_1_1	GSE222315_p4_NAT	GSE222315	DF.classifications_0.25_0.005_289	Singlet	pANN_0.25_0.005_289	0.0714285714285714
GSE222315_ATCCACCCAACCCTCT-1_1_1_1_1	GSE222315_p4_NAT	GSE222315	DF.classifications_0.25_0.005_289	Singlet	pANN_0.25_0.005_289	0.166666666666667
GSE222315_ATCCACCCAAGCACAG-1_1_1_1_1	GSE222315_p4_NAT	GSE222315	DF.classifications_0.25_0.005_289	Singlet	pANN_0.25_0.005_289	0
GSE222315_ATCCACCCATGGAGAC-1_1_1_1_1	GSE222315_p4_NAT	GSE222315	DF.classifications_0.25_0.005_289	Singlet	pANN_0.25_0.005_289	0.0476190476190476
GSE222315_ATCCACCTCCGATTAG-1_1_1_1_1	GSE222315_p4_NAT	GSE222315	DF.classifications_0.25_0.005_289	Singlet	pANN_0.25_0.005_289	0.380952380952381
GSE222315_ATCCATTAGCCAACCC-1_1_1_1_1	GSE222315_p4_NAT	GSE222315	DF.classifications_0.25_0.005_289	Singlet	pANN_0.25_0.005_289	0.142857142857143
GSE222315_ATCCATTCAGATCATC-1_1_1_1_1	GSE222315_p4_NAT	GSE222315	DF.classifications_0.25_0.005_289	Singlet	pANN_0.25_0.005_289	0.19047619047619
GSE222315_ATCCATTGTAGGTGCA-1_1_1_1_1	GSE222315_p4_NAT	GSE222315	DF.classifications_0.25_0.005_289	Singlet	pANN_0.25_0.005_289	0
GSE222315_ATCCATTGTGTTCCAA-1_1_1_1_1	GSE222315_p4_NAT	GSE222315	DF.classifications_0.25_0.005_289	Singlet	pANN_0.25_0.005_289	0.0952380952380952
GSE222315_ATCCATTTCAAAGGAT-1_1_1_1_1	GSE222315_p4_NAT	GSE222315	DF.classifications_0.25_0.005_289	Singlet	pANN_0.25_0.005_289	0.166666666666667
GSE222315_ATCCATTTCATCGTAG-1_1_1_1_1	GSE222315_p4_NAT	GSE222315	DF.classifications_0.25_0.005_289	Singlet	pANN_0.25_0.005_289	0.30952380952381
GSE222315_ATCCATTTCTTCCCAG-1_1_1_1_1	GSE222315_p4_NAT	GSE222315	DF.classifications_0.25_0.005_289	Singlet	pANN_0.25_0.005_289	0.404761904761905
GSE222315_ATCCCTGAGATGCTTC-1_1_1_1_1	GSE222315_p4_NAT	GSE222315	DF.classifications_0.25_0.005_289	Singlet	pANN_0.25_0.005_289	0.0714285714285714
GSE222315_ATCCCTGCAACGATCT-1_1_1_1_1	GSE222315_p4_NAT	GSE222315	DF.classifications_0.25_0.005_289	Singlet	pANN_0.25_0.005_289	0.142857142857143
GSE222315_ATCCCTGCAACTGGTT-1_1_1_1_1	GSE222315_p4_NAT	GSE222315	DF.classifications_0.25_0.005_289	Singlet	pANN_0.25_0.005_289	0.0714285714285714
GSE222315_ATCCCTGCAGTTGCGC-1_1_1_1_1	GSE222315_p4_NAT	GSE222315	DF.classifications_0.25_0.005_289	Doublet	pANN_0.25_0.005_289	0.452380952380952
GSE222315_ATCCCTGGTGACATCT-1_1_1_1_1	GSE222315_p4_NAT	GSE222315	DF.classifications_0.25_0.005_289	Singlet	pANN_0.25_0.005_289	0.30952380952381
GSE222315_ATCCCTGGTTTAGAGA-1_1_1_1_1	GSE222315_p4_NAT	GSE222315	DF.classifications_0.25_0.005_289	Singlet	pANN_0.25_0.005_289	0.261904761904762
GSE222315_ATCCGTCCAACGATTC-1_1_1_1_1	GSE222315_p4_NAT	GSE222315	DF.classifications_0.25_0.005_289	Singlet	pANN_0.25_0.005_289	0.119047619047619
GSE222315_ATCCGTCCATACCGTA-1_1_1_1_1	GSE222315_p4_NAT	GSE222315	DF.classifications_0.25_0.005_289	Singlet	pANN_0.25_0.005_289	0
GSE222315_ATCCGTCCATGGCCAC-1_1_1_1_1	GSE222315_p4_NAT	GSE222315	DF.classifications_0.25_0.005_289	Singlet	pANN_0.25_0.005_289	0.0476190476190476
GSE222315_ATCCGTCGTGGTCAAG-1_1_1_1_1	GSE222315_p4_NAT	GSE222315	DF.classifications_0.25_0.005_289	Singlet	pANN_0.25_0.005_289	0.142857142857143
GSE222315_ATCCGTCGTTGACTAC-1_1_1_1_1	GSE222315_p4_NAT	GSE222315	DF.classifications_0.25_0.005_289	Singlet	pANN_0.25_0.005_289	0.30952380952381
GSE222315_ATCCGTCTCGGTAGAG-1_1_1_1_1	GSE222315_p4_NAT	GSE222315	DF.classifications_0.25_0.005_289	Singlet	pANN_0.25_0.005_289	0
GSE222315_ATCCTATAGGATGAGA-1_1_1_1_1	GSE222315_p4_NAT	GSE222315	DF.classifications_0.25_0.005_289	Singlet	pANN_0.25_0.005_289	0.0952380952380952
GSE222315_ATCCTATCATCGGATT-1_1_1_1_1	GSE222315_p4_NAT	GSE222315	DF.classifications_0.25_0.005_289	Singlet	pANN_0.25_0.005_289	0.166666666666667
GSE222315_ATCCTATTCAAGAAAC-1_1_1_1_1	GSE222315_p4_NAT	GSE222315	DF.classifications_0.25_0.005_289	Singlet	pANN_0.25_0.005_289	0.0476190476190476
GSE222315_ATCGATGAGATTGATG-1_1_1_1_1	GSE222315_p4_NAT	GSE222315	DF.classifications_0.25_0.005_289	Singlet	pANN_0.25_0.005_289	0.0952380952380952
GSE222315_ATCGATGAGCCTCACG-1_1_1_1_1	GSE222315_p4_NAT	GSE222315	DF.classifications_0.25_0.005_289	Singlet	pANN_0.25_0.005_289	0.238095238095238
GSE222315_ATCGATGAGCGGACAT-1_1_1_1_1	GSE222315_p4_NAT	GSE222315	DF.classifications_0.25_0.005_289	Singlet	pANN_0.25_0.005_289	0.0238095238095238
GSE222315_ATCGATGAGTCTAGCT-1_1_1_1_1	GSE222315_p4_NAT	GSE222315	DF.classifications_0.25_0.005_289	Singlet	pANN_0.25_0.005_289	0.19047619047619
GSE222315_ATCGATGCACGCTATA-1_1_1_1_1	GSE222315_p4_NAT	GSE222315	DF.classifications_0.25_0.005_289	Singlet	pANN_0.25_0.005_289	0.333333333333333
GSE222315_ATCGATGCACTTGTCC-1_1_1_1_1	GSE222315_p4_NAT	GSE222315	DF.classifications_0.25_0.005_289	Singlet	pANN_0.25_0.005_289	0.285714285714286
GSE222315_ATCGATGCAGCACAAG-1_1_1_1_1	GSE222315_p4_NAT	GSE222315	DF.classifications_0.25_0.005_289	Singlet	pANN_0.25_0.005_289	0.166666666666667
GSE222315_ATCGATGGTCCCTAAA-1_1_1_1_1	GSE222315_p4_NAT	GSE222315	DF.classifications_0.25_0.005_289	Singlet	pANN_0.25_0.005_289	0.0476190476190476
GSE222315_ATCGATGTCGGCTGGT-1_1_1_1_1	GSE222315_p4_NAT	GSE222315	DF.classifications_0.25_0.005_289	Singlet	pANN_0.25_0.005_289	0.238095238095238
GSE222315_ATCGCCTAGACCAACG-1_1_1_1_1	GSE222315_p4_NAT	GSE222315	DF.classifications_0.25_0.005_289	Singlet	pANN_0.25_0.005_289	0.142857142857143
GSE222315_ATCGCCTAGAGTCTTC-1_1_1_1_1	GSE222315_p4_NAT	GSE222315	DF.classifications_0.25_0.005_289	Singlet	pANN_0.25_0.005_289	0.119047619047619
GSE222315_ATCGCCTAGATTAGTG-1_1_1_1_1	GSE222315_p4_NAT	GSE222315	DF.classifications_0.25_0.005_289	Singlet	pANN_0.25_0.005_289	0.0238095238095238
GSE222315_ATCGCCTAGCGCCTAC-1_1_1_1_1	GSE222315_p4_NAT	GSE222315	DF.classifications_0.25_0.005_289	Singlet	pANN_0.25_0.005_289	0.0238095238095238
GSE222315_ATCGCCTAGCTATCCA-1_1_1_1_1	GSE222315_p4_NAT	GSE222315	DF.classifications_0.25_0.005_289	Singlet	pANN_0.25_0.005_289	0.19047619047619
GSE222315_ATCGCCTAGCTTCTAG-1_1_1_1_1	GSE222315_p4_NAT	GSE222315	DF.classifications_0.25_0.005_289	Singlet	pANN_0.25_0.005_289	0.142857142857143
GSE222315_ATCGCCTCAATGCTCA-1_1_1_1_1	GSE222315_p4_NAT	GSE222315	DF.classifications_0.25_0.005_289	Singlet	pANN_0.25_0.005_289	0.333333333333333
GSE222315_ATCGCCTCACACAGAG-1_1_1_1_1	GSE222315_p4_NAT	GSE222315	DF.classifications_0.25_0.005_289	Singlet	pANN_0.25_0.005_289	0.30952380952381
GSE222315_ATCGCCTCAGTTAGAA-1_1_1_1_1	GSE222315_p4_NAT	GSE222315	DF.classifications_0.25_0.005_289	Singlet	pANN_0.25_0.005_289	0.0476190476190476
GSE222315_ATCGCCTCATAGCACT-1_1_1_1_1	GSE222315_p4_NAT	GSE222315	DF.classifications_0.25_0.005_289	Singlet	pANN_0.25_0.005_289	0.166666666666667
GSE222315_ATCGCCTCATTGAAGA-1_1_1_1_1	GSE222315_p4_NAT	GSE222315	DF.classifications_0.25_0.005_289	Doublet	pANN_0.25_0.005_289	0.452380952380952
GSE222315_ATCGCCTGTGCACAAG-1_1_1_1_1	GSE222315_p4_NAT	GSE222315	DF.classifications_0.25_0.005_289	Singlet	pANN_0.25_0.005_289	0.166666666666667
GSE222315_ATCGGATAGCATCAGG-1_1_1_1_1	GSE222315_p4_NAT	GSE222315	DF.classifications_0.25_0.005_289	Singlet	pANN_0.25_0.005_289	0
GSE222315_ATCGGATAGGTGGGTT-1_1_1_1_1	GSE222315_p4_NAT	GSE222315	DF.classifications_0.25_0.005_289	Singlet	pANN_0.25_0.005_289	0.142857142857143
GSE222315_ATCGGATAGTGTTGTC-1_1_1_1_1	GSE222315_p4_NAT	GSE222315	DF.classifications_0.25_0.005_289	Singlet	pANN_0.25_0.005_289	0.166666666666667
GSE222315_ATCGGATGTACCGCGT-1_1_1_1_1	GSE222315_p4_NAT	GSE222315	DF.classifications_0.25_0.005_289	Singlet	pANN_0.25_0.005_289	0.0714285714285714
GSE222315_ATCGGATGTCGCATCG-1_1_1_1_1	GSE222315_p4_NAT	GSE222315	DF.classifications_0.25_0.005_289	Singlet	pANN_0.25_0.005_289	0.0714285714285714
GSE222315_ATCGGATGTTTACTTC-1_1_1_1_1	GSE222315_p4_NAT	GSE222315	DF.classifications_0.25_0.005_289	Singlet	pANN_0.25_0.005_289	0.0476190476190476
GSE222315_ATCGGCGAGCCTAACT-1_1_1_1_1	GSE222315_p4_NAT	GSE222315	DF.classifications_0.25_0.005_289	Singlet	pANN_0.25_0.005_289	0.261904761904762
GSE222315_ATCGGCGAGCGCGTTC-1_1_1_1_1	GSE222315_p4_NAT	GSE222315	DF.classifications_0.25_0.005_289	Doublet	pANN_0.25_0.005_289	0.5
GSE222315_ATCGGCGAGCGTTACT-1_1_1_1_1	GSE222315_p4_NAT	GSE222315	DF.classifications_0.25_0.005_289	Singlet	pANN_0.25_0.005_289	0.19047619047619
GSE222315_ATCGGCGAGGGAGATA-1_1_1_1_1	GSE222315_p4_NAT	GSE222315	DF.classifications_0.25_0.005_289	Singlet	pANN_0.25_0.005_289	0.119047619047619
GSE222315_ATCGGCGGTATGCTAC-1_1_1_1_1	GSE222315_p4_NAT	GSE222315	DF.classifications_0.25_0.005_289	Singlet	pANN_0.25_0.005_289	0.357142857142857
GSE222315_ATCGGCGGTCTACAGT-1_1_1_1_1	GSE222315_p4_NAT	GSE222315	DF.classifications_0.25_0.005_289	Singlet	pANN_0.25_0.005_289	0.261904761904762
GSE222315_ATCGTAGAGACCATGG-1_1_1_1_1	GSE222315_p4_NAT	GSE222315	DF.classifications_0.25_0.005_289	Singlet	pANN_0.25_0.005_289	0.0476190476190476
GSE222315_ATCGTAGAGGGCAGGA-1_1_1_1_1	GSE222315_p4_NAT	GSE222315	DF.classifications_0.25_0.005_289	Singlet	pANN_0.25_0.005_289	0.0952380952380952
GSE222315_ATCGTAGCAATGAGCG-1_1_1_1_1	GSE222315_p4_NAT	GSE222315	DF.classifications_0.25_0.005_289	Singlet	pANN_0.25_0.005_289	0.0714285714285714
GSE222315_ATCGTAGGTTTCCATT-1_1_1_1_1	GSE222315_p4_NAT	GSE222315	DF.classifications_0.25_0.005_289	Singlet	pANN_0.25_0.005_289	0.261904761904762
GSE222315_ATCGTAGTCGTTATCT-1_1_1_1_1	GSE222315_p4_NAT	GSE222315	DF.classifications_0.25_0.005_289	Singlet	pANN_0.25_0.005_289	0.261904761904762
GSE222315_ATCGTCCAGCTTCGTA-1_1_1_1_1	GSE222315_p4_NAT	GSE222315	DF.classifications_0.25_0.005_289	Singlet	pANN_0.25_0.005_289	0.19047619047619
GSE222315_ATCGTCCCAGTTGTCA-1_1_1_1_1	GSE222315_p4_NAT	GSE222315	DF.classifications_0.25_0.005_289	Singlet	pANN_0.25_0.005_289	0.333333333333333
GSE222315_ATCGTCCGTCACTACA-1_1_1_1_1	GSE222315_p4_NAT	GSE222315	DF.classifications_0.25_0.005_289	Singlet	pANN_0.25_0.005_289	0.0952380952380952
GSE222315_ATCGTCCGTTACGTAC-1_1_1_1_1	GSE222315_p4_NAT	GSE222315	DF.classifications_0.25_0.005_289	Singlet	pANN_0.25_0.005_289	0.19047619047619
GSE222315_ATCGTCCTCGTGGGAA-1_1_1_1_1	GSE222315_p4_NAT	GSE222315	DF.classifications_0.25_0.005_289	Singlet	pANN_0.25_0.005_289	0.0714285714285714
GSE222315_ATCGTCCTCTGTTCAT-1_1_1_1_1	GSE222315_p4_NAT	GSE222315	DF.classifications_0.25_0.005_289	Singlet	pANN_0.25_0.005_289	0.285714285714286
GSE222315_ATCGTGAAGACGGTCA-1_1_1_1_1	GSE222315_p4_NAT	GSE222315	DF.classifications_0.25_0.005_289	Doublet	pANN_0.25_0.005_289	0.452380952380952
GSE222315_ATCGTGAAGCACTCTA-1_1_1_1_1	GSE222315_p4_NAT	GSE222315	DF.classifications_0.25_0.005_289	Singlet	pANN_0.25_0.005_289	0.0952380952380952
GSE222315_ATCGTGACAAACAGGC-1_1_1_1_1	GSE222315_p4_NAT	GSE222315	DF.classifications_0.25_0.005_289	Singlet	pANN_0.25_0.005_289	0.142857142857143
GSE222315_ATCGTGACAAATAGCA-1_1_1_1_1	GSE222315_p4_NAT	GSE222315	DF.classifications_0.25_0.005_289	Singlet	pANN_0.25_0.005_289	0.214285714285714
GSE222315_ATCGTGACATAAGATG-1_1_1_1_1	GSE222315_p4_NAT	GSE222315	DF.classifications_0.25_0.005_289	Singlet	pANN_0.25_0.005_289	0.119047619047619
GSE222315_ATCGTGATCCACAAGT-1_1_1_1_1	GSE222315_p4_NAT	GSE222315	DF.classifications_0.25_0.005_289	Singlet	pANN_0.25_0.005_289	0.142857142857143
GSE222315_ATCGTGATCCTAGCCT-1_1_1_1_1	GSE222315_p4_NAT	GSE222315	DF.classifications_0.25_0.005_289	Singlet	pANN_0.25_0.005_289	0.142857142857143
GSE222315_ATCGTGATCTTTCTAG-1_1_1_1_1	GSE222315_p4_NAT	GSE222315	DF.classifications_0.25_0.005_289	Singlet	pANN_0.25_0.005_289	0
GSE222315_ATCTCTAAGCCTCCAG-1_1_1_1_1	GSE222315_p4_NAT	GSE222315	DF.classifications_0.25_0.005_289	Singlet	pANN_0.25_0.005_289	0.380952380952381
GSE222315_ATCTCTACAAGGTACG-1_1_1_1_1	GSE222315_p4_NAT	GSE222315	DF.classifications_0.25_0.005_289	Singlet	pANN_0.25_0.005_289	0.261904761904762
GSE222315_ATCTCTACAGCGTTTA-1_1_1_1_1	GSE222315_p4_NAT	GSE222315	DF.classifications_0.25_0.005_289	Singlet	pANN_0.25_0.005_289	0.30952380952381
GSE222315_ATCTCTAGTGCTTATG-1_1_1_1_1	GSE222315_p4_NAT	GSE222315	DF.classifications_0.25_0.005_289	Singlet	pANN_0.25_0.005_289	0.0476190476190476
GSE222315_ATCTCTAGTGGACCTC-1_1_1_1_1	GSE222315_p4_NAT	GSE222315	DF.classifications_0.25_0.005_289	Singlet	pANN_0.25_0.005_289	0.119047619047619
GSE222315_ATCTCTAGTTTACCTT-1_1_1_1_1	GSE222315_p4_NAT	GSE222315	DF.classifications_0.25_0.005_289	Singlet	pANN_0.25_0.005_289	0.142857142857143
GSE222315_ATCTCTATCAGTCACA-1_1_1_1_1	GSE222315_p4_NAT	GSE222315	DF.classifications_0.25_0.005_289	Singlet	pANN_0.25_0.005_289	0.166666666666667
GSE222315_ATCTTCAAGCGATGCA-1_1_1_1_1	GSE222315_p4_NAT	GSE222315	DF.classifications_0.25_0.005_289	Singlet	pANN_0.25_0.005_289	0.0952380952380952
GSE222315_ATCTTCAGTGGTTTAC-1_1_1_1_1	GSE222315_p4_NAT	GSE222315	DF.classifications_0.25_0.005_289	Singlet	pANN_0.25_0.005_289	0
GSE222315_ATCTTCAGTTTCGTAG-1_1_1_1_1	GSE222315_p4_NAT	GSE222315	DF.classifications_0.25_0.005_289	Singlet	pANN_0.25_0.005_289	0.0476190476190476
GSE222315_ATCTTCATCAAGCGTT-1_1_1_1_1	GSE222315_p4_NAT	GSE222315	DF.classifications_0.25_0.005_289	Singlet	pANN_0.25_0.005_289	0.238095238095238
GSE222315_ATCTTCATCATGTCTT-1_1_1_1_1	GSE222315_p4_NAT	GSE222315	DF.classifications_0.25_0.005_289	Singlet	pANN_0.25_0.005_289	0.0476190476190476
GSE222315_ATGAAAGAGACGAAGA-1_1_1_1_1	GSE222315_p4_NAT	GSE222315	DF.classifications_0.25_0.005_289	Singlet	pANN_0.25_0.005_289	0.214285714285714
GSE222315_ATGAAAGAGAGTATAC-1_1_1_1_1	GSE222315_p4_NAT	GSE222315	DF.classifications_0.25_0.005_289	Singlet	pANN_0.25_0.005_289	0.0238095238095238
GSE222315_ATGAAAGAGCCTATTG-1_1_1_1_1	GSE222315_p4_NAT	GSE222315	DF.classifications_0.25_0.005_289	Singlet	pANN_0.25_0.005_289	0.0952380952380952
GSE222315_ATGAAAGAGTATGAGT-1_1_1_1_1	GSE222315_p4_NAT	GSE222315	DF.classifications_0.25_0.005_289	Singlet	pANN_0.25_0.005_289	0.0714285714285714
GSE222315_ATGAAAGGTCGCCACA-1_1_1_1_1	GSE222315_p4_NAT	GSE222315	DF.classifications_0.25_0.005_289	Singlet	pANN_0.25_0.005_289	0.0714285714285714
GSE222315_ATGACCAAGCCTCATA-1_1_1_1_1	GSE222315_p4_NAT	GSE222315	DF.classifications_0.25_0.005_289	Singlet	pANN_0.25_0.005_289	0.261904761904762
GSE222315_ATGACCACAATGGCCC-1_1_1_1_1	GSE222315_p4_NAT	GSE222315	DF.classifications_0.25_0.005_289	Singlet	pANN_0.25_0.005_289	0.142857142857143
GSE222315_ATGACCACAGACAATA-1_1_1_1_1	GSE222315_p4_NAT	GSE222315	DF.classifications_0.25_0.005_289	Singlet	pANN_0.25_0.005_289	0.380952380952381
GSE222315_ATGACCAGTAACTGCT-1_1_1_1_1	GSE222315_p4_NAT	GSE222315	DF.classifications_0.25_0.005_289	Singlet	pANN_0.25_0.005_289	0.166666666666667
GSE222315_ATGACCAGTCCATACA-1_1_1_1_1	GSE222315_p4_NAT	GSE222315	DF.classifications_0.25_0.005_289	Singlet	pANN_0.25_0.005_289	0.0714285714285714
GSE222315_ATGACCATCGCATGAT-1_1_1_1_1	GSE222315_p4_NAT	GSE222315	DF.classifications_0.25_0.005_289	Singlet	pANN_0.25_0.005_289	0.0714285714285714
GSE222315_ATGAGGGCAATACAGA-1_1_1_1_1	GSE222315_p4_NAT	GSE222315	DF.classifications_0.25_0.005_289	Singlet	pANN_0.25_0.005_289	0
GSE222315_ATGAGGGCACAAGCTT-1_1_1_1_1	GSE222315_p4_NAT	GSE222315	DF.classifications_0.25_0.005_289	Singlet	pANN_0.25_0.005_289	0.142857142857143
GSE222315_ATGAGGGTCGATACGT-1_1_1_1_1	GSE222315_p4_NAT	GSE222315	DF.classifications_0.25_0.005_289	Singlet	pANN_0.25_0.005_289	0.0476190476190476
GSE222315_ATGAGTCCAAAGACGC-1_1_1_1_1	GSE222315_p4_NAT	GSE222315	DF.classifications_0.25_0.005_289	Singlet	pANN_0.25_0.005_289	0.0952380952380952
GSE222315_ATGAGTCCATCGCTCT-1_1_1_1_1	GSE222315_p4_NAT	GSE222315	DF.classifications_0.25_0.005_289	Singlet	pANN_0.25_0.005_289	0
GSE222315_ATGAGTCTCCACGAAT-1_1_1_1_1	GSE222315_p4_NAT	GSE222315	DF.classifications_0.25_0.005_289	Singlet	pANN_0.25_0.005_289	0.333333333333333
GSE222315_ATGATCGAGATGGTCG-1_1_1_1_1	GSE222315_p4_NAT	GSE222315	DF.classifications_0.25_0.005_289	Singlet	pANN_0.25_0.005_289	0.19047619047619
GSE222315_ATGATCGCATGCAGGA-1_1_1_1_1	GSE222315_p4_NAT	GSE222315	DF.classifications_0.25_0.005_289	Singlet	pANN_0.25_0.005_289	0.166666666666667
GSE222315_ATGATCGGTAACGGTG-1_1_1_1_1	GSE222315_p4_NAT	GSE222315	DF.classifications_0.25_0.005_289	Singlet	pANN_0.25_0.005_289	0.142857142857143
GSE222315_ATGATCGGTCCGGACT-1_1_1_1_1	GSE222315_p4_NAT	GSE222315	DF.classifications_0.25_0.005_289	Singlet	pANN_0.25_0.005_289	0.333333333333333
GSE222315_ATGATCGGTCGTGATT-1_1_1_1_1	GSE222315_p4_NAT	GSE222315	DF.classifications_0.25_0.005_289	Singlet	pANN_0.25_0.005_289	0.238095238095238
GSE222315_ATGATCGTCTGAATGC-1_1_1_1_1	GSE222315_p4_NAT	GSE222315	DF.classifications_0.25_0.005_289	Doublet	pANN_0.25_0.005_289	0.523809523809524
GSE222315_ATGCATGAGGTATCTC-1_1_1_1_1	GSE222315_p4_NAT	GSE222315	DF.classifications_0.25_0.005_289	Singlet	pANN_0.25_0.005_289	0.142857142857143
GSE222315_ATGCATGCAGAGACTG-1_1_1_1_1	GSE222315_p4_NAT	GSE222315	DF.classifications_0.25_0.005_289	Singlet	pANN_0.25_0.005_289	0.261904761904762
GSE222315_ATGCATGCATCTAACG-1_1_1_1_1	GSE222315_p4_NAT	GSE222315	DF.classifications_0.25_0.005_289	Singlet	pANN_0.25_0.005_289	0.285714285714286
GSE222315_ATGCATGGTCTAGGTT-1_1_1_1_1	GSE222315_p4_NAT	GSE222315	DF.classifications_0.25_0.005_289	Singlet	pANN_0.25_0.005_289	0.261904761904762
GSE222315_ATGCATGGTTGAATCC-1_1_1_1_1	GSE222315_p4_NAT	GSE222315	DF.classifications_0.25_0.005_289	Singlet	pANN_0.25_0.005_289	0.142857142857143
GSE222315_ATGCCTCAGCTTGTGT-1_1_1_1_1	GSE222315_p4_NAT	GSE222315	DF.classifications_0.25_0.005_289	Singlet	pANN_0.25_0.005_289	0.142857142857143
GSE222315_ATGCCTCCAAGTTGGG-1_1_1_1_1	GSE222315_p4_NAT	GSE222315	DF.classifications_0.25_0.005_289	Singlet	pANN_0.25_0.005_289	0
GSE222315_ATGCCTCCAGCACAAG-1_1_1_1_1	GSE222315_p4_NAT	GSE222315	DF.classifications_0.25_0.005_289	Singlet	pANN_0.25_0.005_289	0.285714285714286
GSE222315_ATGCCTCCATTGACCA-1_1_1_1_1	GSE222315_p4_NAT	GSE222315	DF.classifications_0.25_0.005_289	Singlet	pANN_0.25_0.005_289	0.119047619047619
GSE222315_ATGCCTCGTCAGGTAG-1_1_1_1_1	GSE222315_p4_NAT	GSE222315	DF.classifications_0.25_0.005_289	Singlet	pANN_0.25_0.005_289	0.166666666666667
GSE222315_ATGCCTCGTCCAACGC-1_1_1_1_1	GSE222315_p4_NAT	GSE222315	DF.classifications_0.25_0.005_289	Singlet	pANN_0.25_0.005_289	0.0476190476190476
GSE222315_ATGCCTCGTCGTATGT-1_1_1_1_1	GSE222315_p4_NAT	GSE222315	DF.classifications_0.25_0.005_289	Singlet	pANN_0.25_0.005_289	0.142857142857143
GSE222315_ATGCCTCGTCTGTGGC-1_1_1_1_1	GSE222315_p4_NAT	GSE222315	DF.classifications_0.25_0.005_289	Singlet	pANN_0.25_0.005_289	0.0476190476190476
GSE222315_ATGCGATAGCGCGTTC-1_1_1_1_1	GSE222315_p4_NAT	GSE222315	DF.classifications_0.25_0.005_289	Singlet	pANN_0.25_0.005_289	0.0476190476190476
GSE222315_ATGCGATCACACCTTC-1_1_1_1_1	GSE222315_p4_NAT	GSE222315	DF.classifications_0.25_0.005_289	Singlet	pANN_0.25_0.005_289	0.238095238095238
GSE222315_ATGCGATGTACGAGCA-1_1_1_1_1	GSE222315_p4_NAT	GSE222315	DF.classifications_0.25_0.005_289	Singlet	pANN_0.25_0.005_289	0.261904761904762
GSE222315_ATGCGATGTATTAAGG-1_1_1_1_1	GSE222315_p4_NAT	GSE222315	DF.classifications_0.25_0.005_289	Singlet	pANN_0.25_0.005_289	0.0476190476190476
GSE222315_ATGCGATGTCAAGGCA-1_1_1_1_1	GSE222315_p4_NAT	GSE222315	DF.classifications_0.25_0.005_289	Singlet	pANN_0.25_0.005_289	0.238095238095238
GSE222315_ATGCGATTCCGTAGTA-1_1_1_1_1	GSE222315_p4_NAT	GSE222315	DF.classifications_0.25_0.005_289	Singlet	pANN_0.25_0.005_289	0.214285714285714
GSE222315_ATGCGATTCGGCTCTT-1_1_1_1_1	GSE222315_p4_NAT	GSE222315	DF.classifications_0.25_0.005_289	Singlet	pANN_0.25_0.005_289	0.404761904761905
GSE222315_ATGGAGGAGAAGCCAC-1_1_1_1_1	GSE222315_p4_NAT	GSE222315	DF.classifications_0.25_0.005_289	Singlet	pANN_0.25_0.005_289	0.0952380952380952
GSE222315_ATGGAGGAGACCTCAT-1_1_1_1_1	GSE222315_p4_NAT	GSE222315	DF.classifications_0.25_0.005_289	Singlet	pANN_0.25_0.005_289	0.0238095238095238
GSE222315_ATGGAGGAGAGTTGTA-1_1_1_1_1	GSE222315_p4_NAT	GSE222315	DF.classifications_0.25_0.005_289	Singlet	pANN_0.25_0.005_289	0.0238095238095238
GSE222315_ATGGAGGAGCACCGTC-1_1_1_1_1	GSE222315_p4_NAT	GSE222315	DF.classifications_0.25_0.005_289	Singlet	pANN_0.25_0.005_289	0.142857142857143
GSE222315_ATGGAGGGTACGTAGG-1_1_1_1_1	GSE222315_p4_NAT	GSE222315	DF.classifications_0.25_0.005_289	Doublet	pANN_0.25_0.005_289	0.452380952380952
GSE222315_ATGGAGGGTATGTCAC-1_1_1_1_1	GSE222315_p4_NAT	GSE222315	DF.classifications_0.25_0.005_289	Singlet	pANN_0.25_0.005_289	0.166666666666667
GSE222315_ATGGAGGGTGTGCTTA-1_1_1_1_1	GSE222315_p4_NAT	GSE222315	DF.classifications_0.25_0.005_289	Singlet	pANN_0.25_0.005_289	0.357142857142857
GSE222315_ATGGAGGTCATCACTT-1_1_1_1_1	GSE222315_p4_NAT	GSE222315	DF.classifications_0.25_0.005_289	Singlet	pANN_0.25_0.005_289	0.261904761904762
GSE222315_ATGGAGGTCCTGATAG-1_1_1_1_1	GSE222315_p4_NAT	GSE222315	DF.classifications_0.25_0.005_289	Doublet	pANN_0.25_0.005_289	0.452380952380952
GSE222315_ATGGATCAGTTGGACG-1_1_1_1_1	GSE222315_p4_NAT	GSE222315	DF.classifications_0.25_0.005_289	Singlet	pANN_0.25_0.005_289	0.30952380952381
GSE222315_ATGGATCCACCAGGTC-1_1_1_1_1	GSE222315_p4_NAT	GSE222315	DF.classifications_0.25_0.005_289	Singlet	pANN_0.25_0.005_289	0.0476190476190476
GSE222315_ATGGATCGTCCGATCG-1_1_1_1_1	GSE222315_p4_NAT	GSE222315	DF.classifications_0.25_0.005_289	Singlet	pANN_0.25_0.005_289	0.0476190476190476
GSE222315_ATGGATCTCCTACACC-1_1_1_1_1	GSE222315_p4_NAT	GSE222315	DF.classifications_0.25_0.005_289	Singlet	pANN_0.25_0.005_289	0
GSE222315_ATGGATCTCGCTTGCT-1_1_1_1_1	GSE222315_p4_NAT	GSE222315	DF.classifications_0.25_0.005_289	Singlet	pANN_0.25_0.005_289	0.142857142857143
GSE222315_ATGGATCTCTCTGCCA-1_1_1_1_1	GSE222315_p4_NAT	GSE222315	DF.classifications_0.25_0.005_289	Singlet	pANN_0.25_0.005_289	0.238095238095238
GSE222315_ATGGGAGAGAATCCCT-1_1_1_1_1	GSE222315_p4_NAT	GSE222315	DF.classifications_0.25_0.005_289	Singlet	pANN_0.25_0.005_289	0.214285714285714
GSE222315_ATGGGAGCACCGGTCA-1_1_1_1_1	GSE222315_p4_NAT	GSE222315	DF.classifications_0.25_0.005_289	Singlet	pANN_0.25_0.005_289	0.0238095238095238
GSE222315_ATGGGAGGTCATAGTC-1_1_1_1_1	GSE222315_p4_NAT	GSE222315	DF.classifications_0.25_0.005_289	Singlet	pANN_0.25_0.005_289	0.0238095238095238
GSE222315_ATGGGAGGTCGCTTGG-1_1_1_1_1	GSE222315_p4_NAT	GSE222315	DF.classifications_0.25_0.005_289	Singlet	pANN_0.25_0.005_289	0.0952380952380952
GSE222315_ATGGGAGTCACTGGGC-1_1_1_1_1	GSE222315_p4_NAT	GSE222315	DF.classifications_0.25_0.005_289	Singlet	pANN_0.25_0.005_289	0.0238095238095238
GSE222315_ATGGGAGTCGAATCCA-1_1_1_1_1	GSE222315_p4_NAT	GSE222315	DF.classifications_0.25_0.005_289	Singlet	pANN_0.25_0.005_289	0.0952380952380952
GSE222315_ATGGGTTAGTCCTACA-1_1_1_1_1	GSE222315_p4_NAT	GSE222315	DF.classifications_0.25_0.005_289	Singlet	pANN_0.25_0.005_289	0.261904761904762
GSE222315_ATGGGTTGTTTGGAAA-1_1_1_1_1	GSE222315_p4_NAT	GSE222315	DF.classifications_0.25_0.005_289	Singlet	pANN_0.25_0.005_289	0.0238095238095238
GSE222315_ATGGGTTTCCCTCGAT-1_1_1_1_1	GSE222315_p4_NAT	GSE222315	DF.classifications_0.25_0.005_289	Singlet	pANN_0.25_0.005_289	0.166666666666667
GSE222315_ATGGTTGAGAACTCCT-1_1_1_1_1	GSE222315_p4_NAT	GSE222315	DF.classifications_0.25_0.005_289	Singlet	pANN_0.25_0.005_289	0.142857142857143
GSE222315_ATGGTTGAGGAGAGGC-1_1_1_1_1	GSE222315_p4_NAT	GSE222315	DF.classifications_0.25_0.005_289	Singlet	pANN_0.25_0.005_289	0.214285714285714
GSE222315_ATGGTTGGTAGGAGGG-1_1_1_1_1	GSE222315_p4_NAT	GSE222315	DF.classifications_0.25_0.005_289	Singlet	pANN_0.25_0.005_289	0.30952380952381
GSE222315_ATGGTTGGTCCGAAAG-1_1_1_1_1	GSE222315_p4_NAT	GSE222315	DF.classifications_0.25_0.005_289	Singlet	pANN_0.25_0.005_289	0.261904761904762
GSE222315_ATGGTTGGTGCTTATG-1_1_1_1_1	GSE222315_p4_NAT	GSE222315	DF.classifications_0.25_0.005_289	Singlet	pANN_0.25_0.005_289	0.119047619047619
GSE222315_ATGGTTGTCTATGCCC-1_1_1_1_1	GSE222315_p4_NAT	GSE222315	DF.classifications_0.25_0.005_289	Singlet	pANN_0.25_0.005_289	0.19047619047619
GSE222315_ATGTCCCAGAGATGCC-1_1_1_1_1	GSE222315_p4_NAT	GSE222315	DF.classifications_0.25_0.005_289	Singlet	pANN_0.25_0.005_289	0.19047619047619
GSE222315_ATGTCCCAGATAACAC-1_1_1_1_1	GSE222315_p4_NAT	GSE222315	DF.classifications_0.25_0.005_289	Singlet	pANN_0.25_0.005_289	0.333333333333333
GSE222315_ATGTCCCCATGCAGGA-1_1_1_1_1	GSE222315_p4_NAT	GSE222315	DF.classifications_0.25_0.005_289	Singlet	pANN_0.25_0.005_289	0.285714285714286
GSE222315_ATGTCCCGTCTTACTT-1_1_1_1_1	GSE222315_p4_NAT	GSE222315	DF.classifications_0.25_0.005_289	Singlet	pANN_0.25_0.005_289	0.238095238095238
GSE222315_ATGTCCCGTGGAGGTT-1_1_1_1_1	GSE222315_p4_NAT	GSE222315	DF.classifications_0.25_0.005_289	Singlet	pANN_0.25_0.005_289	0.19047619047619
GSE222315_ATGTCCCTCGAGTCTA-1_1_1_1_1	GSE222315_p4_NAT	GSE222315	DF.classifications_0.25_0.005_289	Singlet	pANN_0.25_0.005_289	0.0714285714285714
GSE222315_ATGTCCCTCGTTTACT-1_1_1_1_1	GSE222315_p4_NAT	GSE222315	DF.classifications_0.25_0.005_289	Singlet	pANN_0.25_0.005_289	0.19047619047619
GSE222315_ATGTCTTAGATGATTG-1_1_1_1_1	GSE222315_p4_NAT	GSE222315	DF.classifications_0.25_0.005_289	Singlet	pANN_0.25_0.005_289	0.285714285714286
GSE222315_ATGTCTTAGCACGTCC-1_1_1_1_1	GSE222315_p4_NAT	GSE222315	DF.classifications_0.25_0.005_289	Singlet	pANN_0.25_0.005_289	0.30952380952381
GSE222315_ATGTCTTAGCCAGAGT-1_1_1_1_1	GSE222315_p4_NAT	GSE222315	DF.classifications_0.25_0.005_289	Singlet	pANN_0.25_0.005_289	0
GSE222315_ATGTCTTAGGCTGTAG-1_1_1_1_1	GSE222315_p4_NAT	GSE222315	DF.classifications_0.25_0.005_289	Singlet	pANN_0.25_0.005_289	0.285714285714286
GSE222315_ATGTCTTAGGGCAACT-1_1_1_1_1	GSE222315_p4_NAT	GSE222315	DF.classifications_0.25_0.005_289	Singlet	pANN_0.25_0.005_289	0.0476190476190476
GSE222315_ATGTCTTCAATACCTG-1_1_1_1_1	GSE222315_p4_NAT	GSE222315	DF.classifications_0.25_0.005_289	Singlet	pANN_0.25_0.005_289	0.238095238095238
GSE222315_ATGTCTTCAATGCTCA-1_1_1_1_1	GSE222315_p4_NAT	GSE222315	DF.classifications_0.25_0.005_289	Singlet	pANN_0.25_0.005_289	0
GSE222315_ATGTCTTCACATACGT-1_1_1_1_1	GSE222315_p4_NAT	GSE222315	DF.classifications_0.25_0.005_289	Singlet	pANN_0.25_0.005_289	0.261904761904762
GSE222315_ATGTCTTCAGAGAATT-1_1_1_1_1	GSE222315_p4_NAT	GSE222315	DF.classifications_0.25_0.005_289	Singlet	pANN_0.25_0.005_289	0.285714285714286
GSE222315_ATGTCTTGTACGACAG-1_1_1_1_1	GSE222315_p4_NAT	GSE222315	DF.classifications_0.25_0.005_289	Singlet	pANN_0.25_0.005_289	0.0476190476190476
GSE222315_ATTACCTCATCAGTGT-1_1_1_1_1	GSE222315_p4_NAT	GSE222315	DF.classifications_0.25_0.005_289	Singlet	pANN_0.25_0.005_289	0.357142857142857
GSE222315_ATTACCTTCCCGTAAA-1_1_1_1_1	GSE222315_p4_NAT	GSE222315	DF.classifications_0.25_0.005_289	Singlet	pANN_0.25_0.005_289	0
GSE222315_ATTACTCAGATTGAGT-1_1_1_1_1	GSE222315_p4_NAT	GSE222315	DF.classifications_0.25_0.005_289	Singlet	pANN_0.25_0.005_289	0.238095238095238
GSE222315_ATTACTCAGGTTACAA-1_1_1_1_1	GSE222315_p4_NAT	GSE222315	DF.classifications_0.25_0.005_289	Singlet	pANN_0.25_0.005_289	0.0476190476190476
GSE222315_ATTACTCCACCCAACG-1_1_1_1_1	GSE222315_p4_NAT	GSE222315	DF.classifications_0.25_0.005_289	Singlet	pANN_0.25_0.005_289	0.0952380952380952
GSE222315_ATTACTCCAGACAAAT-1_1_1_1_1	GSE222315_p4_NAT	GSE222315	DF.classifications_0.25_0.005_289	Singlet	pANN_0.25_0.005_289	0.238095238095238
GSE222315_ATTACTCCAGAGTAAT-1_1_1_1_1	GSE222315_p4_NAT	GSE222315	DF.classifications_0.25_0.005_289	Singlet	pANN_0.25_0.005_289	0.166666666666667
GSE222315_ATTACTCCAGCAATTC-1_1_1_1_1	GSE222315_p4_NAT	GSE222315	DF.classifications_0.25_0.005_289	Singlet	pANN_0.25_0.005_289	0.0238095238095238
GSE222315_ATTACTCGTAGCTTAC-1_1_1_1_1	GSE222315_p4_NAT	GSE222315	DF.classifications_0.25_0.005_289	Doublet	pANN_0.25_0.005_289	0.547619047619048
GSE222315_ATTACTCGTCACAATC-1_1_1_1_1	GSE222315_p4_NAT	GSE222315	DF.classifications_0.25_0.005_289	Singlet	pANN_0.25_0.005_289	0.333333333333333
GSE222315_ATTACTCGTGTTATCG-1_1_1_1_1	GSE222315_p4_NAT	GSE222315	DF.classifications_0.25_0.005_289	Singlet	pANN_0.25_0.005_289	0.0476190476190476
GSE222315_ATTACTCTCCATCACC-1_1_1_1_1	GSE222315_p4_NAT	GSE222315	DF.classifications_0.25_0.005_289	Singlet	pANN_0.25_0.005_289	0.19047619047619
GSE222315_ATTACTCTCCGATTAG-1_1_1_1_1	GSE222315_p4_NAT	GSE222315	DF.classifications_0.25_0.005_289	Singlet	pANN_0.25_0.005_289	0.0952380952380952
GSE222315_ATTACTCTCCTACCGT-1_1_1_1_1	GSE222315_p4_NAT	GSE222315	DF.classifications_0.25_0.005_289	Singlet	pANN_0.25_0.005_289	0.0476190476190476
GSE222315_ATTACTCTCGGCTGAC-1_1_1_1_1	GSE222315_p4_NAT	GSE222315	DF.classifications_0.25_0.005_289	Singlet	pANN_0.25_0.005_289	0.0476190476190476
GSE222315_ATTATCCCAAAGGAGA-1_1_1_1_1	GSE222315_p4_NAT	GSE222315	DF.classifications_0.25_0.005_289	Singlet	pANN_0.25_0.005_289	0.0238095238095238
GSE222315_ATTATCCCAGCAGTAG-1_1_1_1_1	GSE222315_p4_NAT	GSE222315	DF.classifications_0.25_0.005_289	Doublet	pANN_0.25_0.005_289	0.595238095238095
GSE222315_ATTATCCCAGCATTGT-1_1_1_1_1	GSE222315_p4_NAT	GSE222315	DF.classifications_0.25_0.005_289	Singlet	pANN_0.25_0.005_289	0.19047619047619
GSE222315_ATTATCCCAGGATCTT-1_1_1_1_1	GSE222315_p4_NAT	GSE222315	DF.classifications_0.25_0.005_289	Singlet	pANN_0.25_0.005_289	0.238095238095238
GSE222315_ATTATCCCATAACTCG-1_1_1_1_1	GSE222315_p4_NAT	GSE222315	DF.classifications_0.25_0.005_289	Singlet	pANN_0.25_0.005_289	0.119047619047619
GSE222315_ATTATCCGTGAGGAAA-1_1_1_1_1	GSE222315_p4_NAT	GSE222315	DF.classifications_0.25_0.005_289	Doublet	pANN_0.25_0.005_289	0.476190476190476
GSE222315_ATTATCCTCCTAAACG-1_1_1_1_1	GSE222315_p4_NAT	GSE222315	DF.classifications_0.25_0.005_289	Singlet	pANN_0.25_0.005_289	0.0476190476190476
GSE222315_ATTATCCTCTCCCATG-1_1_1_1_1	GSE222315_p4_NAT	GSE222315	DF.classifications_0.25_0.005_289	Singlet	pANN_0.25_0.005_289	0.0714285714285714
GSE222315_ATTCACTAGCGCCATC-1_1_1_1_1	GSE222315_p4_NAT	GSE222315	DF.classifications_0.25_0.005_289	Singlet	pANN_0.25_0.005_289	0.238095238095238
GSE222315_ATTCACTAGCGTATGG-1_1_1_1_1	GSE222315_p4_NAT	GSE222315	DF.classifications_0.25_0.005_289	Singlet	pANN_0.25_0.005_289	0.0952380952380952
GSE222315_ATTCACTAGGGAGAAT-1_1_1_1_1	GSE222315_p4_NAT	GSE222315	DF.classifications_0.25_0.005_289	Singlet	pANN_0.25_0.005_289	0.0476190476190476
GSE222315_ATTCACTAGTAGTCAA-1_1_1_1_1	GSE222315_p4_NAT	GSE222315	DF.classifications_0.25_0.005_289	Singlet	pANN_0.25_0.005_289	0.30952380952381
GSE222315_ATTCACTCACCCGTAG-1_1_1_1_1	GSE222315_p4_NAT	GSE222315	DF.classifications_0.25_0.005_289	Singlet	pANN_0.25_0.005_289	0.333333333333333
GSE222315_ATTCACTCATGGAATA-1_1_1_1_1	GSE222315_p4_NAT	GSE222315	DF.classifications_0.25_0.005_289	Doublet	pANN_0.25_0.005_289	0.428571428571429
GSE222315_ATTCACTGTGTTTCTT-1_1_1_1_1	GSE222315_p4_NAT	GSE222315	DF.classifications_0.25_0.005_289	Singlet	pANN_0.25_0.005_289	0.119047619047619
GSE222315_ATTCACTTCCCACAGG-1_1_1_1_1	GSE222315_p4_NAT	GSE222315	DF.classifications_0.25_0.005_289	Singlet	pANN_0.25_0.005_289	0.261904761904762
GSE222315_ATTCACTTCGCTGCGA-1_1_1_1_1	GSE222315_p4_NAT	GSE222315	DF.classifications_0.25_0.005_289	Singlet	pANN_0.25_0.005_289	0.0714285714285714
GSE222315_ATTCAGGGTCCAAAGG-1_1_1_1_1	GSE222315_p4_NAT	GSE222315	DF.classifications_0.25_0.005_289	Singlet	pANN_0.25_0.005_289	0.142857142857143
GSE222315_ATTCAGGTCTTCGACC-1_1_1_1_1	GSE222315_p4_NAT	GSE222315	DF.classifications_0.25_0.005_289	Singlet	pANN_0.25_0.005_289	0.0714285714285714
GSE222315_ATTCATCCACCCAAGC-1_1_1_1_1	GSE222315_p4_NAT	GSE222315	DF.classifications_0.25_0.005_289	Singlet	pANN_0.25_0.005_289	0.30952380952381
GSE222315_ATTCATCCAGACCTGC-1_1_1_1_1	GSE222315_p4_NAT	GSE222315	DF.classifications_0.25_0.005_289	Singlet	pANN_0.25_0.005_289	0.0476190476190476
GSE222315_ATTCATCGTGCATTTG-1_1_1_1_1	GSE222315_p4_NAT	GSE222315	DF.classifications_0.25_0.005_289	Singlet	pANN_0.25_0.005_289	0.285714285714286
GSE222315_ATTCATCGTTACCCTC-1_1_1_1_1	GSE222315_p4_NAT	GSE222315	DF.classifications_0.25_0.005_289	Singlet	pANN_0.25_0.005_289	0
GSE222315_ATTCATCTCGACGACC-1_1_1_1_1	GSE222315_p4_NAT	GSE222315	DF.classifications_0.25_0.005_289	Singlet	pANN_0.25_0.005_289	0.0476190476190476
GSE222315_ATTCATCTCTATCGGA-1_1_1_1_1	GSE222315_p4_NAT	GSE222315	DF.classifications_0.25_0.005_289	Singlet	pANN_0.25_0.005_289	0
GSE222315_ATTCATCTCTGGCCAG-1_1_1_1_1	GSE222315_p4_NAT	GSE222315	DF.classifications_0.25_0.005_289	Singlet	pANN_0.25_0.005_289	0.285714285714286
GSE222315_ATTCCATAGAATCTAG-1_1_1_1_1	GSE222315_p4_NAT	GSE222315	DF.classifications_0.25_0.005_289	Singlet	pANN_0.25_0.005_289	0.261904761904762
GSE222315_ATTCCATAGCCATTGT-1_1_1_1_1	GSE222315_p4_NAT	GSE222315	DF.classifications_0.25_0.005_289	Singlet	pANN_0.25_0.005_289	0.357142857142857
GSE222315_ATTCCATCACCCTAAA-1_1_1_1_1	GSE222315_p4_NAT	GSE222315	DF.classifications_0.25_0.005_289	Singlet	pANN_0.25_0.005_289	0.238095238095238
GSE222315_ATTCCCGAGATTGACA-1_1_1_1_1	GSE222315_p4_NAT	GSE222315	DF.classifications_0.25_0.005_289	Singlet	pANN_0.25_0.005_289	0.0476190476190476
GSE222315_ATTCCCGAGGTCCAGA-1_1_1_1_1	GSE222315_p4_NAT	GSE222315	DF.classifications_0.25_0.005_289	Doublet	pANN_0.25_0.005_289	0.452380952380952
GSE222315_ATTCCCGCAATACGAA-1_1_1_1_1	GSE222315_p4_NAT	GSE222315	DF.classifications_0.25_0.005_289	Singlet	pANN_0.25_0.005_289	0.0476190476190476
GSE222315_ATTCCCGCACTTGTGA-1_1_1_1_1	GSE222315_p4_NAT	GSE222315	DF.classifications_0.25_0.005_289	Singlet	pANN_0.25_0.005_289	0.166666666666667
GSE222315_ATTCCCGGTCGACTGC-1_1_1_1_1	GSE222315_p4_NAT	GSE222315	DF.classifications_0.25_0.005_289	Singlet	pANN_0.25_0.005_289	0.0238095238095238
GSE222315_ATTCCCGGTCGTATTG-1_1_1_1_1	GSE222315_p4_NAT	GSE222315	DF.classifications_0.25_0.005_289	Singlet	pANN_0.25_0.005_289	0.0238095238095238
GSE222315_ATTCCCGGTGAATGAT-1_1_1_1_1	GSE222315_p4_NAT	GSE222315	DF.classifications_0.25_0.005_289	Singlet	pANN_0.25_0.005_289	0.261904761904762
GSE222315_ATTCCTACAAAGCAAT-1_1_1_1_1	GSE222315_p4_NAT	GSE222315	DF.classifications_0.25_0.005_289	Singlet	pANN_0.25_0.005_289	0.119047619047619
GSE222315_ATTCCTACACGGGCTT-1_1_1_1_1	GSE222315_p4_NAT	GSE222315	DF.classifications_0.25_0.005_289	Singlet	pANN_0.25_0.005_289	0.261904761904762
GSE222315_ATTCCTAGTACAGCGA-1_1_1_1_1	GSE222315_p4_NAT	GSE222315	DF.classifications_0.25_0.005_289	Singlet	pANN_0.25_0.005_289	0.238095238095238
GSE222315_ATTCCTAGTTGTGCAT-1_1_1_1_1	GSE222315_p4_NAT	GSE222315	DF.classifications_0.25_0.005_289	Singlet	pANN_0.25_0.005_289	0.261904761904762
GSE222315_ATTCCTATCCTCACCA-1_1_1_1_1	GSE222315_p4_NAT	GSE222315	DF.classifications_0.25_0.005_289	Singlet	pANN_0.25_0.005_289	0.0952380952380952
GSE222315_ATTCCTATCTAAACGC-1_1_1_1_1	GSE222315_p4_NAT	GSE222315	DF.classifications_0.25_0.005_289	Singlet	pANN_0.25_0.005_289	0.119047619047619
GSE222315_ATTCGTTCAACTCATG-1_1_1_1_1	GSE222315_p4_NAT	GSE222315	DF.classifications_0.25_0.005_289	Singlet	pANN_0.25_0.005_289	0.380952380952381
GSE222315_ATTCGTTCACTAGGCC-1_1_1_1_1	GSE222315_p4_NAT	GSE222315	DF.classifications_0.25_0.005_289	Singlet	pANN_0.25_0.005_289	0.0238095238095238
GSE222315_ATTCGTTCAGCATCTA-1_1_1_1_1	GSE222315_p4_NAT	GSE222315	DF.classifications_0.25_0.005_289	Singlet	pANN_0.25_0.005_289	0.333333333333333
GSE222315_ATTCGTTCAGTAGATA-1_1_1_1_1	GSE222315_p4_NAT	GSE222315	DF.classifications_0.25_0.005_289	Singlet	pANN_0.25_0.005_289	0.380952380952381
GSE222315_ATTCGTTGTACGCTTA-1_1_1_1_1	GSE222315_p4_NAT	GSE222315	DF.classifications_0.25_0.005_289	Singlet	pANN_0.25_0.005_289	0.261904761904762
GSE222315_ATTCGTTTCCGTATAG-1_1_1_1_1	GSE222315_p4_NAT	GSE222315	DF.classifications_0.25_0.005_289	Singlet	pANN_0.25_0.005_289	0.0476190476190476
GSE222315_ATTCGTTTCGTCGCTT-1_1_1_1_1	GSE222315_p4_NAT	GSE222315	DF.classifications_0.25_0.005_289	Singlet	pANN_0.25_0.005_289	0.285714285714286
GSE222315_ATTCTACAGAATTGCA-1_1_1_1_1	GSE222315_p4_NAT	GSE222315	DF.classifications_0.25_0.005_289	Singlet	pANN_0.25_0.005_289	0.333333333333333
GSE222315_ATTCTACAGCACAAAT-1_1_1_1_1	GSE222315_p4_NAT	GSE222315	DF.classifications_0.25_0.005_289	Singlet	pANN_0.25_0.005_289	0.238095238095238
GSE222315_ATTCTACAGGAGACCT-1_1_1_1_1	GSE222315_p4_NAT	GSE222315	DF.classifications_0.25_0.005_289	Singlet	pANN_0.25_0.005_289	0.0238095238095238
GSE222315_ATTCTACCAACCAGAG-1_1_1_1_1	GSE222315_p4_NAT	GSE222315	DF.classifications_0.25_0.005_289	Singlet	pANN_0.25_0.005_289	0.285714285714286
GSE222315_ATTCTACCACATTACG-1_1_1_1_1	GSE222315_p4_NAT	GSE222315	DF.classifications_0.25_0.005_289	Singlet	pANN_0.25_0.005_289	0.0476190476190476
GSE222315_ATTCTACGTAGGTTTC-1_1_1_1_1	GSE222315_p4_NAT	GSE222315	DF.classifications_0.25_0.005_289	Singlet	pANN_0.25_0.005_289	0.30952380952381
GSE222315_ATTCTTGCAAACACGG-1_1_1_1_1	GSE222315_p4_NAT	GSE222315	DF.classifications_0.25_0.005_289	Singlet	pANN_0.25_0.005_289	0
GSE222315_ATTCTTGCATGTCAGT-1_1_1_1_1	GSE222315_p4_NAT	GSE222315	DF.classifications_0.25_0.005_289	Singlet	pANN_0.25_0.005_289	0.333333333333333
GSE222315_ATTCTTGGTCATGACT-1_1_1_1_1	GSE222315_p4_NAT	GSE222315	DF.classifications_0.25_0.005_289	Singlet	pANN_0.25_0.005_289	0.214285714285714
GSE222315_ATTCTTGGTTACTCAG-1_1_1_1_1	GSE222315_p4_NAT	GSE222315	DF.classifications_0.25_0.005_289	Singlet	pANN_0.25_0.005_289	0.238095238095238
GSE222315_ATTCTTGGTTCCCAAA-1_1_1_1_1	GSE222315_p4_NAT	GSE222315	DF.classifications_0.25_0.005_289	Singlet	pANN_0.25_0.005_289	0.0238095238095238
GSE222315_ATTCTTGTCCGCAAAT-1_1_1_1_1	GSE222315_p4_NAT	GSE222315	DF.classifications_0.25_0.005_289	Singlet	pANN_0.25_0.005_289	0.0714285714285714
GSE222315_ATTCTTGTCGTGGTAT-1_1_1_1_1	GSE222315_p4_NAT	GSE222315	DF.classifications_0.25_0.005_289	Singlet	pANN_0.25_0.005_289	0
GSE222315_ATTGGGTAGCCTGAGA-1_1_1_1_1	GSE222315_p4_NAT	GSE222315	DF.classifications_0.25_0.005_289	Singlet	pANN_0.25_0.005_289	0.261904761904762
GSE222315_ATTGGGTAGTCCGCGT-1_1_1_1_1	GSE222315_p4_NAT	GSE222315	DF.classifications_0.25_0.005_289	Singlet	pANN_0.25_0.005_289	0.142857142857143
GSE222315_ATTGGGTAGTGCTCGC-1_1_1_1_1	GSE222315_p4_NAT	GSE222315	DF.classifications_0.25_0.005_289	Singlet	pANN_0.25_0.005_289	0.261904761904762
GSE222315_ATTGGGTCAGTAGAAT-1_1_1_1_1	GSE222315_p4_NAT	GSE222315	DF.classifications_0.25_0.005_289	Singlet	pANN_0.25_0.005_289	0.30952380952381
GSE222315_ATTGGGTGTGAGACCA-1_1_1_1_1	GSE222315_p4_NAT	GSE222315	DF.classifications_0.25_0.005_289	Doublet	pANN_0.25_0.005_289	0.547619047619048
GSE222315_ATTGGGTTCACTTGTT-1_1_1_1_1	GSE222315_p4_NAT	GSE222315	DF.classifications_0.25_0.005_289	Singlet	pANN_0.25_0.005_289	0.0714285714285714
GSE222315_ATTGGGTTCGACGACC-1_1_1_1_1	GSE222315_p4_NAT	GSE222315	DF.classifications_0.25_0.005_289	Singlet	pANN_0.25_0.005_289	0.30952380952381
GSE222315_ATTGTTCAGCGTACAG-1_1_1_1_1	GSE222315_p4_NAT	GSE222315	DF.classifications_0.25_0.005_289	Singlet	pANN_0.25_0.005_289	0.0714285714285714
GSE222315_ATTGTTCAGGCGTTGA-1_1_1_1_1	GSE222315_p4_NAT	GSE222315	DF.classifications_0.25_0.005_289	Singlet	pANN_0.25_0.005_289	0.238095238095238
GSE222315_ATTGTTCCATATTCGG-1_1_1_1_1	GSE222315_p4_NAT	GSE222315	DF.classifications_0.25_0.005_289	Singlet	pANN_0.25_0.005_289	0.166666666666667
GSE222315_ATTGTTCGTATGACAA-1_1_1_1_1	GSE222315_p4_NAT	GSE222315	DF.classifications_0.25_0.005_289	Singlet	pANN_0.25_0.005_289	0.166666666666667
GSE222315_ATTGTTCGTGAACCGA-1_1_1_1_1	GSE222315_p4_NAT	GSE222315	DF.classifications_0.25_0.005_289	Singlet	pANN_0.25_0.005_289	0
GSE222315_ATTGTTCGTGCATTTG-1_1_1_1_1	GSE222315_p4_NAT	GSE222315	DF.classifications_0.25_0.005_289	Singlet	pANN_0.25_0.005_289	0.119047619047619
GSE222315_ATTGTTCTCATCGACA-1_1_1_1_1	GSE222315_p4_NAT	GSE222315	DF.classifications_0.25_0.005_289	Singlet	pANN_0.25_0.005_289	0.380952380952381
GSE222315_ATTGTTCTCCTTCACG-1_1_1_1_1	GSE222315_p4_NAT	GSE222315	DF.classifications_0.25_0.005_289	Doublet	pANN_0.25_0.005_289	0.452380952380952
GSE222315_ATTGTTCTCGAAGCCC-1_1_1_1_1	GSE222315_p4_NAT	GSE222315	DF.classifications_0.25_0.005_289	Singlet	pANN_0.25_0.005_289	0.19047619047619
GSE222315_ATTGTTCTCTAGTTCT-1_1_1_1_1	GSE222315_p4_NAT	GSE222315	DF.classifications_0.25_0.005_289	Singlet	pANN_0.25_0.005_289	0.380952380952381
GSE222315_ATTTACCAGCCATCCG-1_1_1_1_1	GSE222315_p4_NAT	GSE222315	DF.classifications_0.25_0.005_289	Singlet	pANN_0.25_0.005_289	0.166666666666667
GSE222315_ATTTACCAGGTCTACT-1_1_1_1_1	GSE222315_p4_NAT	GSE222315	DF.classifications_0.25_0.005_289	Singlet	pANN_0.25_0.005_289	0.142857142857143
GSE222315_ATTTACCCAGCTAACT-1_1_1_1_1	GSE222315_p4_NAT	GSE222315	DF.classifications_0.25_0.005_289	Singlet	pANN_0.25_0.005_289	0.214285714285714
GSE222315_ATTTACCGTCAGTCTA-1_1_1_1_1	GSE222315_p4_NAT	GSE222315	DF.classifications_0.25_0.005_289	Singlet	pANN_0.25_0.005_289	0.119047619047619
GSE222315_ATTTACCGTCCAGAAG-1_1_1_1_1	GSE222315_p4_NAT	GSE222315	DF.classifications_0.25_0.005_289	Singlet	pANN_0.25_0.005_289	0.261904761904762
GSE222315_ATTTACCGTCTCGGAC-1_1_1_1_1	GSE222315_p4_NAT	GSE222315	DF.classifications_0.25_0.005_289	Singlet	pANN_0.25_0.005_289	0.0714285714285714
GSE222315_ATTTACCTCACGTCCT-1_1_1_1_1	GSE222315_p4_NAT	GSE222315	DF.classifications_0.25_0.005_289	Singlet	pANN_0.25_0.005_289	0.261904761904762
GSE222315_ATTTACCTCGGATACT-1_1_1_1_1	GSE222315_p4_NAT	GSE222315	DF.classifications_0.25_0.005_289	Singlet	pANN_0.25_0.005_289	0.0476190476190476
GSE222315_ATTTCACAGCGGGTAT-1_1_1_1_1	GSE222315_p4_NAT	GSE222315	DF.classifications_0.25_0.005_289	Singlet	pANN_0.25_0.005_289	0
GSE222315_ATTTCACAGTCATAGA-1_1_1_1_1	GSE222315_p4_NAT	GSE222315	DF.classifications_0.25_0.005_289	Singlet	pANN_0.25_0.005_289	0.261904761904762
GSE222315_ATTTCACAGTTCCGGC-1_1_1_1_1	GSE222315_p4_NAT	GSE222315	DF.classifications_0.25_0.005_289	Singlet	pANN_0.25_0.005_289	0
GSE222315_ATTTCACGTAGTGATA-1_1_1_1_1	GSE222315_p4_NAT	GSE222315	DF.classifications_0.25_0.005_289	Singlet	pANN_0.25_0.005_289	0
GSE222315_ATTTCACGTTTACACG-1_1_1_1_1	GSE222315_p4_NAT	GSE222315	DF.classifications_0.25_0.005_289	Singlet	pANN_0.25_0.005_289	0
GSE222315_ATTTCTGAGAAGCGAA-1_1_1_1_1	GSE222315_p4_NAT	GSE222315	DF.classifications_0.25_0.005_289	Singlet	pANN_0.25_0.005_289	0.119047619047619
GSE222315_ATTTCTGCATCCGAAT-1_1_1_1_1	GSE222315_p4_NAT	GSE222315	DF.classifications_0.25_0.005_289	Singlet	pANN_0.25_0.005_289	0.142857142857143
GSE222315_ATTTCTGGTCATCTAG-1_1_1_1_1	GSE222315_p4_NAT	GSE222315	DF.classifications_0.25_0.005_289	Doublet	pANN_0.25_0.005_289	0.5
GSE222315_ATTTCTGTCAGGTAAA-1_1_1_1_1	GSE222315_p4_NAT	GSE222315	DF.classifications_0.25_0.005_289	Singlet	pANN_0.25_0.005_289	0.0238095238095238
GSE222315_ATTTCTGTCCGATGCG-1_1_1_1_1	GSE222315_p4_NAT	GSE222315	DF.classifications_0.25_0.005_289	Singlet	pANN_0.25_0.005_289	0.19047619047619
GSE222315_ATTTCTGTCCGTACGG-1_1_1_1_1	GSE222315_p4_NAT	GSE222315	DF.classifications_0.25_0.005_289	Singlet	pANN_0.25_0.005_289	0.238095238095238
GSE222315_ATTTCTGTCTATCGTT-1_1_1_1_1	GSE222315_p4_NAT	GSE222315	DF.classifications_0.25_0.005_289	Singlet	pANN_0.25_0.005_289	0.119047619047619
GSE222315_ATTTCTGTCTTACACT-1_1_1_1_1	GSE222315_p4_NAT	GSE222315	DF.classifications_0.25_0.005_289	Singlet	pANN_0.25_0.005_289	0.214285714285714
GSE222315_CAAAGAACACTCGATA-1_1_1_1_1	GSE222315_p4_NAT	GSE222315	DF.classifications_0.25_0.005_289	Singlet	pANN_0.25_0.005_289	0.19047619047619
GSE222315_CAAAGAACACTGGATT-1_1_1_1_1	GSE222315_p4_NAT	GSE222315	DF.classifications_0.25_0.005_289	Singlet	pANN_0.25_0.005_289	0.0476190476190476
GSE222315_CAAAGAATCACACCGG-1_1_1_1_1	GSE222315_p4_NAT	GSE222315	DF.classifications_0.25_0.005_289	Singlet	pANN_0.25_0.005_289	0.214285714285714
GSE222315_CAAAGAATCCCGTTGT-1_1_1_1_1	GSE222315_p4_NAT	GSE222315	DF.classifications_0.25_0.005_289	Singlet	pANN_0.25_0.005_289	0.119047619047619
GSE222315_CAAAGAATCCCTTTGG-1_1_1_1_1	GSE222315_p4_NAT	GSE222315	DF.classifications_0.25_0.005_289	Singlet	pANN_0.25_0.005_289	0.30952380952381
GSE222315_CAAAGAATCGAGATAA-1_1_1_1_1	GSE222315_p4_NAT	GSE222315	DF.classifications_0.25_0.005_289	Singlet	pANN_0.25_0.005_289	0.0476190476190476
GSE222315_CAAAGAATCGTTCTAT-1_1_1_1_1	GSE222315_p4_NAT	GSE222315	DF.classifications_0.25_0.005_289	Singlet	pANN_0.25_0.005_289	0.0238095238095238
GSE222315_CAACAACAGAACTTCC-1_1_1_1_1	GSE222315_p4_NAT	GSE222315	DF.classifications_0.25_0.005_289	Singlet	pANN_0.25_0.005_289	0.19047619047619
GSE222315_CAACAACCACTGAGGA-1_1_1_1_1	GSE222315_p4_NAT	GSE222315	DF.classifications_0.25_0.005_289	Singlet	pANN_0.25_0.005_289	0.0952380952380952
GSE222315_CAACAACCAGACGGAT-1_1_1_1_1	GSE222315_p4_NAT	GSE222315	DF.classifications_0.25_0.005_289	Singlet	pANN_0.25_0.005_289	0
GSE222315_CAACAACCAGTCTCTC-1_1_1_1_1	GSE222315_p4_NAT	GSE222315	DF.classifications_0.25_0.005_289	Singlet	pANN_0.25_0.005_289	0.238095238095238
GSE222315_CAACAGTCACGTATAC-1_1_1_1_1	GSE222315_p4_NAT	GSE222315	DF.classifications_0.25_0.005_289	Singlet	pANN_0.25_0.005_289	0.19047619047619
GSE222315_CAACAGTGTCGCGTTG-1_1_1_1_1	GSE222315_p4_NAT	GSE222315	DF.classifications_0.25_0.005_289	Singlet	pANN_0.25_0.005_289	0.142857142857143
GSE222315_CAACCAACAACGTTAC-1_1_1_1_1	GSE222315_p4_NAT	GSE222315	DF.classifications_0.25_0.005_289	Singlet	pANN_0.25_0.005_289	0.142857142857143
GSE222315_CAACCAACAGGATCTT-1_1_1_1_1	GSE222315_p4_NAT	GSE222315	DF.classifications_0.25_0.005_289	Singlet	pANN_0.25_0.005_289	0.214285714285714
GSE222315_CAACCAAGTAACTGCT-1_1_1_1_1	GSE222315_p4_NAT	GSE222315	DF.classifications_0.25_0.005_289	Singlet	pANN_0.25_0.005_289	0.261904761904762
GSE222315_CAACCAATCTCTCTTC-1_1_1_1_1	GSE222315_p4_NAT	GSE222315	DF.classifications_0.25_0.005_289	Singlet	pANN_0.25_0.005_289	0.0952380952380952
GSE222315_CAACCAATCTTTGCGC-1_1_1_1_1	GSE222315_p4_NAT	GSE222315	DF.classifications_0.25_0.005_289	Singlet	pANN_0.25_0.005_289	0.119047619047619
GSE222315_CAACCTCAGAGAGAAC-1_1_1_1_1	GSE222315_p4_NAT	GSE222315	DF.classifications_0.25_0.005_289	Doublet	pANN_0.25_0.005_289	0.428571428571429
GSE222315_CAACCTCAGGTCACCC-1_1_1_1_1	GSE222315_p4_NAT	GSE222315	DF.classifications_0.25_0.005_289	Singlet	pANN_0.25_0.005_289	0.30952380952381
GSE222315_CAACCTCGTATTCTCT-1_1_1_1_1	GSE222315_p4_NAT	GSE222315	DF.classifications_0.25_0.005_289	Singlet	pANN_0.25_0.005_289	0.19047619047619
GSE222315_CAACCTCTCACGAACT-1_1_1_1_1	GSE222315_p4_NAT	GSE222315	DF.classifications_0.25_0.005_289	Singlet	pANN_0.25_0.005_289	0.261904761904762
GSE222315_CAACCTCTCATTGCCC-1_1_1_1_1	GSE222315_p4_NAT	GSE222315	DF.classifications_0.25_0.005_289	Singlet	pANN_0.25_0.005_289	0.0714285714285714
GSE222315_CAACCTCTCTTACCGC-1_1_1_1_1	GSE222315_p4_NAT	GSE222315	DF.classifications_0.25_0.005_289	Singlet	pANN_0.25_0.005_289	0.285714285714286
GSE222315_CAACGATAGACCACGA-1_1_1_1_1	GSE222315_p4_NAT	GSE222315	DF.classifications_0.25_0.005_289	Singlet	pANN_0.25_0.005_289	0.0952380952380952
GSE222315_CAACGATAGGTTGGAC-1_1_1_1_1	GSE222315_p4_NAT	GSE222315	DF.classifications_0.25_0.005_289	Singlet	pANN_0.25_0.005_289	0.119047619047619
GSE222315_CAACGATAGTAATCCC-1_1_1_1_1	GSE222315_p4_NAT	GSE222315	DF.classifications_0.25_0.005_289	Doublet	pANN_0.25_0.005_289	0.428571428571429
GSE222315_CAACGATCAGAGCGTA-1_1_1_1_1	GSE222315_p4_NAT	GSE222315	DF.classifications_0.25_0.005_289	Singlet	pANN_0.25_0.005_289	0.333333333333333
GSE222315_CAACGATCAGGAACCA-1_1_1_1_1	GSE222315_p4_NAT	GSE222315	DF.classifications_0.25_0.005_289	Singlet	pANN_0.25_0.005_289	0.0238095238095238
GSE222315_CAACGATGTCTCGGGT-1_1_1_1_1	GSE222315_p4_NAT	GSE222315	DF.classifications_0.25_0.005_289	Singlet	pANN_0.25_0.005_289	0.214285714285714
GSE222315_CAACGATGTTCATCTT-1_1_1_1_1	GSE222315_p4_NAT	GSE222315	DF.classifications_0.25_0.005_289	Singlet	pANN_0.25_0.005_289	0.214285714285714
GSE222315_CAACGGCAGAGGTCAC-1_1_1_1_1	GSE222315_p4_NAT	GSE222315	DF.classifications_0.25_0.005_289	Singlet	pANN_0.25_0.005_289	0.0238095238095238
GSE222315_CAACGGCAGATTTGCC-1_1_1_1_1	GSE222315_p4_NAT	GSE222315	DF.classifications_0.25_0.005_289	Singlet	pANN_0.25_0.005_289	0.0952380952380952
GSE222315_CAACGGCAGCCATTGT-1_1_1_1_1	GSE222315_p4_NAT	GSE222315	DF.classifications_0.25_0.005_289	Singlet	pANN_0.25_0.005_289	0.142857142857143
GSE222315_CAACGGCAGCTTCGTA-1_1_1_1_1	GSE222315_p4_NAT	GSE222315	DF.classifications_0.25_0.005_289	Singlet	pANN_0.25_0.005_289	0.30952380952381
GSE222315_CAACGGCAGGAACGCT-1_1_1_1_1	GSE222315_p4_NAT	GSE222315	DF.classifications_0.25_0.005_289	Singlet	pANN_0.25_0.005_289	0.166666666666667
GSE222315_CAACGGCAGGGTCACA-1_1_1_1_1	GSE222315_p4_NAT	GSE222315	DF.classifications_0.25_0.005_289	Singlet	pANN_0.25_0.005_289	0.214285714285714
GSE222315_CAACGGCCAACCAATC-1_1_1_1_1	GSE222315_p4_NAT	GSE222315	DF.classifications_0.25_0.005_289	Singlet	pANN_0.25_0.005_289	0.0714285714285714
GSE222315_CAACGGCCAAGAGTGC-1_1_1_1_1	GSE222315_p4_NAT	GSE222315	DF.classifications_0.25_0.005_289	Singlet	pANN_0.25_0.005_289	0.214285714285714
GSE222315_CAACGGCCAATCCTTT-1_1_1_1_1	GSE222315_p4_NAT	GSE222315	DF.classifications_0.25_0.005_289	Doublet	pANN_0.25_0.005_289	0.476190476190476
GSE222315_CAACGGCCAATTCACG-1_1_1_1_1	GSE222315_p4_NAT	GSE222315	DF.classifications_0.25_0.005_289	Singlet	pANN_0.25_0.005_289	0.0952380952380952
GSE222315_CAACGGCCATGGTACT-1_1_1_1_1	GSE222315_p4_NAT	GSE222315	DF.classifications_0.25_0.005_289	Singlet	pANN_0.25_0.005_289	0.30952380952381
GSE222315_CAACGGCGTGTAAACA-1_1_1_1_1	GSE222315_p4_NAT	GSE222315	DF.classifications_0.25_0.005_289	Doublet	pANN_0.25_0.005_289	0.547619047619048
GSE222315_CAACGGCTCAGTGTGT-1_1_1_1_1	GSE222315_p4_NAT	GSE222315	DF.classifications_0.25_0.005_289	Singlet	pANN_0.25_0.005_289	0.0476190476190476
GSE222315_CAAGACTCACAGCTGC-1_1_1_1_1	GSE222315_p4_NAT	GSE222315	DF.classifications_0.25_0.005_289	Singlet	pANN_0.25_0.005_289	0.119047619047619
GSE222315_CAAGACTCACGTAGTT-1_1_1_1_1	GSE222315_p4_NAT	GSE222315	DF.classifications_0.25_0.005_289	Singlet	pANN_0.25_0.005_289	0.380952380952381
GSE222315_CAAGACTCAGGGATAC-1_1_1_1_1	GSE222315_p4_NAT	GSE222315	DF.classifications_0.25_0.005_289	Singlet	pANN_0.25_0.005_289	0
GSE222315_CAAGACTGTGTATTCG-1_1_1_1_1	GSE222315_p4_NAT	GSE222315	DF.classifications_0.25_0.005_289	Singlet	pANN_0.25_0.005_289	0.0238095238095238
GSE222315_CAAGACTGTTTGGAAA-1_1_1_1_1	GSE222315_p4_NAT	GSE222315	DF.classifications_0.25_0.005_289	Singlet	pANN_0.25_0.005_289	0.0238095238095238
GSE222315_CAAGAGGAGGCCATAG-1_1_1_1_1	GSE222315_p4_NAT	GSE222315	DF.classifications_0.25_0.005_289	Singlet	pANN_0.25_0.005_289	0.119047619047619
GSE222315_CAAGAGGAGTCACGCC-1_1_1_1_1	GSE222315_p4_NAT	GSE222315	DF.classifications_0.25_0.005_289	Singlet	pANN_0.25_0.005_289	0.142857142857143
GSE222315_CAAGAGGCATAACAGA-1_1_1_1_1	GSE222315_p4_NAT	GSE222315	DF.classifications_0.25_0.005_289	Singlet	pANN_0.25_0.005_289	0.166666666666667
GSE222315_CAAGAGGGTTACCCTC-1_1_1_1_1	GSE222315_p4_NAT	GSE222315	DF.classifications_0.25_0.005_289	Singlet	pANN_0.25_0.005_289	0.0476190476190476
GSE222315_CAAGAGGTCCGAGGCT-1_1_1_1_1	GSE222315_p4_NAT	GSE222315	DF.classifications_0.25_0.005_289	Singlet	pANN_0.25_0.005_289	0.30952380952381
GSE222315_CAAGAGGTCTAGTCAG-1_1_1_1_1	GSE222315_p4_NAT	GSE222315	DF.classifications_0.25_0.005_289	Singlet	pANN_0.25_0.005_289	0.238095238095238
GSE222315_CAAGCTACAACCCTAA-1_1_1_1_1	GSE222315_p4_NAT	GSE222315	DF.classifications_0.25_0.005_289	Singlet	pANN_0.25_0.005_289	0.261904761904762
GSE222315_CAAGCTACACAATTCG-1_1_1_1_1	GSE222315_p4_NAT	GSE222315	DF.classifications_0.25_0.005_289	Singlet	pANN_0.25_0.005_289	0.261904761904762
GSE222315_CAAGCTAGTCAGTCGC-1_1_1_1_1	GSE222315_p4_NAT	GSE222315	DF.classifications_0.25_0.005_289	Singlet	pANN_0.25_0.005_289	0.119047619047619
GSE222315_CAAGCTATCCCTCTAG-1_1_1_1_1	GSE222315_p4_NAT	GSE222315	DF.classifications_0.25_0.005_289	Singlet	pANN_0.25_0.005_289	0.0952380952380952
GSE222315_CAAGGGAAGCACCTGC-1_1_1_1_1	GSE222315_p4_NAT	GSE222315	DF.classifications_0.25_0.005_289	Singlet	pANN_0.25_0.005_289	0.0238095238095238
GSE222315_CAAGGGAAGCATCAAA-1_1_1_1_1	GSE222315_p4_NAT	GSE222315	DF.classifications_0.25_0.005_289	Singlet	pANN_0.25_0.005_289	0.142857142857143
GSE222315_CAAGGGAAGGAATCGC-1_1_1_1_1	GSE222315_p4_NAT	GSE222315	DF.classifications_0.25_0.005_289	Singlet	pANN_0.25_0.005_289	0.142857142857143
GSE222315_CAAGGGAAGGCCTTCG-1_1_1_1_1	GSE222315_p4_NAT	GSE222315	DF.classifications_0.25_0.005_289	Singlet	pANN_0.25_0.005_289	0.261904761904762
GSE222315_CAAGGGACAAACGTGG-1_1_1_1_1	GSE222315_p4_NAT	GSE222315	DF.classifications_0.25_0.005_289	Singlet	pANN_0.25_0.005_289	0.142857142857143
GSE222315_CAAGGGACATTGACAC-1_1_1_1_1	GSE222315_p4_NAT	GSE222315	DF.classifications_0.25_0.005_289	Singlet	pANN_0.25_0.005_289	0.0238095238095238
GSE222315_CAAGGGAGTACCCGAC-1_1_1_1_1	GSE222315_p4_NAT	GSE222315	DF.classifications_0.25_0.005_289	Singlet	pANN_0.25_0.005_289	0.0476190476190476
GSE222315_CAAGGGATCATCACTT-1_1_1_1_1	GSE222315_p4_NAT	GSE222315	DF.classifications_0.25_0.005_289	Singlet	pANN_0.25_0.005_289	0.119047619047619
GSE222315_CAATACGAGAGAGGGC-1_1_1_1_1	GSE222315_p4_NAT	GSE222315	DF.classifications_0.25_0.005_289	Singlet	pANN_0.25_0.005_289	0.142857142857143
GSE222315_CAATACGAGCATTGAA-1_1_1_1_1	GSE222315_p4_NAT	GSE222315	DF.classifications_0.25_0.005_289	Singlet	pANN_0.25_0.005_289	0.0952380952380952
GSE222315_CAATACGAGGGAGAAT-1_1_1_1_1	GSE222315_p4_NAT	GSE222315	DF.classifications_0.25_0.005_289	Singlet	pANN_0.25_0.005_289	0.19047619047619
GSE222315_CAATACGCAAACAGGC-1_1_1_1_1	GSE222315_p4_NAT	GSE222315	DF.classifications_0.25_0.005_289	Singlet	pANN_0.25_0.005_289	0.119047619047619
GSE222315_CAATACGCAAATAGCA-1_1_1_1_1	GSE222315_p4_NAT	GSE222315	DF.classifications_0.25_0.005_289	Singlet	pANN_0.25_0.005_289	0.166666666666667
GSE222315_CAATACGCAACAGCCC-1_1_1_1_1	GSE222315_p4_NAT	GSE222315	DF.classifications_0.25_0.005_289	Singlet	pANN_0.25_0.005_289	0.0952380952380952
GSE222315_CAATACGCAGCATGCC-1_1_1_1_1	GSE222315_p4_NAT	GSE222315	DF.classifications_0.25_0.005_289	Singlet	pANN_0.25_0.005_289	0.166666666666667
GSE222315_CAATACGCAGCTGTCG-1_1_1_1_1	GSE222315_p4_NAT	GSE222315	DF.classifications_0.25_0.005_289	Singlet	pANN_0.25_0.005_289	0.19047619047619
GSE222315_CAATACGGTCCAGCCA-1_1_1_1_1	GSE222315_p4_NAT	GSE222315	DF.classifications_0.25_0.005_289	Singlet	pANN_0.25_0.005_289	0.0714285714285714
GSE222315_CAATACGGTCTGTCCT-1_1_1_1_1	GSE222315_p4_NAT	GSE222315	DF.classifications_0.25_0.005_289	Singlet	pANN_0.25_0.005_289	0.238095238095238
GSE222315_CAATACGGTGGCCTCA-1_1_1_1_1	GSE222315_p4_NAT	GSE222315	DF.classifications_0.25_0.005_289	Singlet	pANN_0.25_0.005_289	0.238095238095238
GSE222315_CAATACGGTGGTTTGT-1_1_1_1_1	GSE222315_p4_NAT	GSE222315	DF.classifications_0.25_0.005_289	Singlet	pANN_0.25_0.005_289	0.0714285714285714
GSE222315_CAATACGGTTCGGGTC-1_1_1_1_1	GSE222315_p4_NAT	GSE222315	DF.classifications_0.25_0.005_289	Singlet	pANN_0.25_0.005_289	0.119047619047619
GSE222315_CAATACGTCCTTCACG-1_1_1_1_1	GSE222315_p4_NAT	GSE222315	DF.classifications_0.25_0.005_289	Doublet	pANN_0.25_0.005_289	0.428571428571429
GSE222315_CAATCGAAGGAGATAG-1_1_1_1_1	GSE222315_p4_NAT	GSE222315	DF.classifications_0.25_0.005_289	Singlet	pANN_0.25_0.005_289	0.238095238095238
GSE222315_CAATCGACAAATGAAC-1_1_1_1_1	GSE222315_p4_NAT	GSE222315	DF.classifications_0.25_0.005_289	Singlet	pANN_0.25_0.005_289	0.0238095238095238
GSE222315_CAATCGACAACATACC-1_1_1_1_1	GSE222315_p4_NAT	GSE222315	DF.classifications_0.25_0.005_289	Singlet	pANN_0.25_0.005_289	0.119047619047619
GSE222315_CAATCGACACCGTGAC-1_1_1_1_1	GSE222315_p4_NAT	GSE222315	DF.classifications_0.25_0.005_289	Singlet	pANN_0.25_0.005_289	0.0952380952380952
GSE222315_CAATCGACAGGCAATG-1_1_1_1_1	GSE222315_p4_NAT	GSE222315	DF.classifications_0.25_0.005_289	Singlet	pANN_0.25_0.005_289	0.261904761904762
GSE222315_CAATCGAGTAATGCTC-1_1_1_1_1	GSE222315_p4_NAT	GSE222315	DF.classifications_0.25_0.005_289	Singlet	pANN_0.25_0.005_289	0.0952380952380952
GSE222315_CAATCGAGTACGCGTC-1_1_1_1_1	GSE222315_p4_NAT	GSE222315	DF.classifications_0.25_0.005_289	Singlet	pANN_0.25_0.005_289	0.285714285714286
GSE222315_CAATCGAGTACTCCCT-1_1_1_1_1	GSE222315_p4_NAT	GSE222315	DF.classifications_0.25_0.005_289	Singlet	pANN_0.25_0.005_289	0.142857142857143
GSE222315_CAATCGAGTCGTACAT-1_1_1_1_1	GSE222315_p4_NAT	GSE222315	DF.classifications_0.25_0.005_289	Singlet	pANN_0.25_0.005_289	0
GSE222315_CAATCGATCCAATCCC-1_1_1_1_1	GSE222315_p4_NAT	GSE222315	DF.classifications_0.25_0.005_289	Singlet	pANN_0.25_0.005_289	0.119047619047619
GSE222315_CAATGACAGCACTAGG-1_1_1_1_1	GSE222315_p4_NAT	GSE222315	DF.classifications_0.25_0.005_289	Singlet	pANN_0.25_0.005_289	0.0714285714285714
GSE222315_CAATGACAGTCTACCA-1_1_1_1_1	GSE222315_p4_NAT	GSE222315	DF.classifications_0.25_0.005_289	Singlet	pANN_0.25_0.005_289	0.166666666666667
GSE222315_CAATGACCACGGGTAA-1_1_1_1_1	GSE222315_p4_NAT	GSE222315	DF.classifications_0.25_0.005_289	Singlet	pANN_0.25_0.005_289	0.166666666666667
GSE222315_CAATGACCAGGACGAT-1_1_1_1_1	GSE222315_p4_NAT	GSE222315	DF.classifications_0.25_0.005_289	Singlet	pANN_0.25_0.005_289	0.0952380952380952
GSE222315_CAATGACCATGTGGCC-1_1_1_1_1	GSE222315_p4_NAT	GSE222315	DF.classifications_0.25_0.005_289	Singlet	pANN_0.25_0.005_289	0.0714285714285714
GSE222315_CAATTTCCACCGTCTT-1_1_1_1_1	GSE222315_p4_NAT	GSE222315	DF.classifications_0.25_0.005_289	Singlet	pANN_0.25_0.005_289	0.0476190476190476
GSE222315_CAATTTCCAGACACAG-1_1_1_1_1	GSE222315_p4_NAT	GSE222315	DF.classifications_0.25_0.005_289	Singlet	pANN_0.25_0.005_289	0.119047619047619
GSE222315_CAATTTCCATACCACA-1_1_1_1_1	GSE222315_p4_NAT	GSE222315	DF.classifications_0.25_0.005_289	Singlet	pANN_0.25_0.005_289	0.214285714285714
GSE222315_CAATTTCGTAACTAAG-1_1_1_1_1	GSE222315_p4_NAT	GSE222315	DF.classifications_0.25_0.005_289	Singlet	pANN_0.25_0.005_289	0
GSE222315_CAATTTCGTCTTTCTA-1_1_1_1_1	GSE222315_p4_NAT	GSE222315	DF.classifications_0.25_0.005_289	Singlet	pANN_0.25_0.005_289	0.214285714285714
GSE222315_CAATTTCGTGTCGATT-1_1_1_1_1	GSE222315_p4_NAT	GSE222315	DF.classifications_0.25_0.005_289	Singlet	pANN_0.25_0.005_289	0.0714285714285714
GSE222315_CAATTTCGTTGACTAC-1_1_1_1_1	GSE222315_p4_NAT	GSE222315	DF.classifications_0.25_0.005_289	Singlet	pANN_0.25_0.005_289	0.261904761904762
GSE222315_CAATTTCGTTGACTGT-1_1_1_1_1	GSE222315_p4_NAT	GSE222315	DF.classifications_0.25_0.005_289	Doublet	pANN_0.25_0.005_289	0.452380952380952
GSE222315_CAATTTCTCTGCATAG-1_1_1_1_1	GSE222315_p4_NAT	GSE222315	DF.classifications_0.25_0.005_289	Singlet	pANN_0.25_0.005_289	0.0238095238095238
GSE222315_CACAACAAGAATCGAT-1_1_1_1_1	GSE222315_p4_NAT	GSE222315	DF.classifications_0.25_0.005_289	Singlet	pANN_0.25_0.005_289	0.238095238095238
GSE222315_CACAACACAAAGCTCT-1_1_1_1_1	GSE222315_p4_NAT	GSE222315	DF.classifications_0.25_0.005_289	Singlet	pANN_0.25_0.005_289	0
GSE222315_CACAACAGTACCAATC-1_1_1_1_1	GSE222315_p4_NAT	GSE222315	DF.classifications_0.25_0.005_289	Singlet	pANN_0.25_0.005_289	0.285714285714286
GSE222315_CACAACAGTTAAGAAC-1_1_1_1_1	GSE222315_p4_NAT	GSE222315	DF.classifications_0.25_0.005_289	Singlet	pANN_0.25_0.005_289	0.166666666666667
GSE222315_CACAACATCCCATAGA-1_1_1_1_1	GSE222315_p4_NAT	GSE222315	DF.classifications_0.25_0.005_289	Singlet	pANN_0.25_0.005_289	0.0952380952380952
GSE222315_CACACAACACTAACCA-1_1_1_1_1	GSE222315_p4_NAT	GSE222315	DF.classifications_0.25_0.005_289	Singlet	pANN_0.25_0.005_289	0.0952380952380952
GSE222315_CACACAACATCCGCGA-1_1_1_1_1	GSE222315_p4_NAT	GSE222315	DF.classifications_0.25_0.005_289	Singlet	pANN_0.25_0.005_289	0.404761904761905
GSE222315_CACACAAGTACTGGGA-1_1_1_1_1	GSE222315_p4_NAT	GSE222315	DF.classifications_0.25_0.005_289	Singlet	pANN_0.25_0.005_289	0.142857142857143
GSE222315_CACACAAGTAGTCTGT-1_1_1_1_1	GSE222315_p4_NAT	GSE222315	DF.classifications_0.25_0.005_289	Singlet	pANN_0.25_0.005_289	0.285714285714286
GSE222315_CACACAAGTGCCCACA-1_1_1_1_1	GSE222315_p4_NAT	GSE222315	DF.classifications_0.25_0.005_289	Singlet	pANN_0.25_0.005_289	0.142857142857143
GSE222315_CACACAATCGCAGTGC-1_1_1_1_1	GSE222315_p4_NAT	GSE222315	DF.classifications_0.25_0.005_289	Singlet	pANN_0.25_0.005_289	0.19047619047619
GSE222315_CACACAATCGGCATTA-1_1_1_1_1	GSE222315_p4_NAT	GSE222315	DF.classifications_0.25_0.005_289	Singlet	pANN_0.25_0.005_289	0.238095238095238
GSE222315_CACAGATAGACTTCGT-1_1_1_1_1	GSE222315_p4_NAT	GSE222315	DF.classifications_0.25_0.005_289	Singlet	pANN_0.25_0.005_289	0.30952380952381
GSE222315_CACAGATAGCCGGATA-1_1_1_1_1	GSE222315_p4_NAT	GSE222315	DF.classifications_0.25_0.005_289	Singlet	pANN_0.25_0.005_289	0.0952380952380952
GSE222315_CACAGATAGCGGGTTA-1_1_1_1_1	GSE222315_p4_NAT	GSE222315	DF.classifications_0.25_0.005_289	Singlet	pANN_0.25_0.005_289	0.166666666666667
GSE222315_CACAGATAGGTAAGAG-1_1_1_1_1	GSE222315_p4_NAT	GSE222315	DF.classifications_0.25_0.005_289	Singlet	pANN_0.25_0.005_289	0.19047619047619
GSE222315_CACAGATAGTAGGTTA-1_1_1_1_1	GSE222315_p4_NAT	GSE222315	DF.classifications_0.25_0.005_289	Singlet	pANN_0.25_0.005_289	0.30952380952381
GSE222315_CACAGATTCCTCTTTC-1_1_1_1_1	GSE222315_p4_NAT	GSE222315	DF.classifications_0.25_0.005_289	Singlet	pANN_0.25_0.005_289	0.0238095238095238
GSE222315_CACAGATTCGGTCACG-1_1_1_1_1	GSE222315_p4_NAT	GSE222315	DF.classifications_0.25_0.005_289	Singlet	pANN_0.25_0.005_289	0.19047619047619
GSE222315_CACAGGCAGACCAGAC-1_1_1_1_1	GSE222315_p4_NAT	GSE222315	DF.classifications_0.25_0.005_289	Singlet	pANN_0.25_0.005_289	0.214285714285714
GSE222315_CACAGGCAGCACCTGC-1_1_1_1_1	GSE222315_p4_NAT	GSE222315	DF.classifications_0.25_0.005_289	Singlet	pANN_0.25_0.005_289	0.214285714285714
GSE222315_CACAGGCAGTGTTCAC-1_1_1_1_1	GSE222315_p4_NAT	GSE222315	DF.classifications_0.25_0.005_289	Singlet	pANN_0.25_0.005_289	0.214285714285714
GSE222315_CACAGGCCAGAGCTAG-1_1_1_1_1	GSE222315_p4_NAT	GSE222315	DF.classifications_0.25_0.005_289	Singlet	pANN_0.25_0.005_289	0.0714285714285714
GSE222315_CACAGGCGTCGAACGA-1_1_1_1_1	GSE222315_p4_NAT	GSE222315	DF.classifications_0.25_0.005_289	Singlet	pANN_0.25_0.005_289	0.0714285714285714
GSE222315_CACAGGCTCGTTCCTG-1_1_1_1_1	GSE222315_p4_NAT	GSE222315	DF.classifications_0.25_0.005_289	Singlet	pANN_0.25_0.005_289	0.333333333333333
GSE222315_CACATGAAGGATGCGT-1_1_1_1_1	GSE222315_p4_NAT	GSE222315	DF.classifications_0.25_0.005_289	Singlet	pANN_0.25_0.005_289	0.0714285714285714
GSE222315_CACATGAAGTCCCTAA-1_1_1_1_1	GSE222315_p4_NAT	GSE222315	DF.classifications_0.25_0.005_289	Singlet	pANN_0.25_0.005_289	0.0238095238095238
GSE222315_CACATGACAATCTCTT-1_1_1_1_1	GSE222315_p4_NAT	GSE222315	DF.classifications_0.25_0.005_289	Doublet	pANN_0.25_0.005_289	0.476190476190476
GSE222315_CACATGACAATGAACA-1_1_1_1_1	GSE222315_p4_NAT	GSE222315	DF.classifications_0.25_0.005_289	Singlet	pANN_0.25_0.005_289	0.0714285714285714
GSE222315_CACATGACACAGTATC-1_1_1_1_1	GSE222315_p4_NAT	GSE222315	DF.classifications_0.25_0.005_289	Singlet	pANN_0.25_0.005_289	0.0476190476190476
GSE222315_CACATGACACGTAACT-1_1_1_1_1	GSE222315_p4_NAT	GSE222315	DF.classifications_0.25_0.005_289	Singlet	pANN_0.25_0.005_289	0.0476190476190476
GSE222315_CACATGACAGTTCTAG-1_1_1_1_1	GSE222315_p4_NAT	GSE222315	DF.classifications_0.25_0.005_289	Singlet	pANN_0.25_0.005_289	0.0714285714285714
GSE222315_CACATGACATCTCATT-1_1_1_1_1	GSE222315_p4_NAT	GSE222315	DF.classifications_0.25_0.005_289	Singlet	pANN_0.25_0.005_289	0.0952380952380952
GSE222315_CACATGATCCACAGGC-1_1_1_1_1	GSE222315_p4_NAT	GSE222315	DF.classifications_0.25_0.005_289	Singlet	pANN_0.25_0.005_289	0.119047619047619
GSE222315_CACATGATCCCTCTCC-1_1_1_1_1	GSE222315_p4_NAT	GSE222315	DF.classifications_0.25_0.005_289	Singlet	pANN_0.25_0.005_289	0.0714285714285714
GSE222315_CACATGATCTAGCCTC-1_1_1_1_1	GSE222315_p4_NAT	GSE222315	DF.classifications_0.25_0.005_289	Singlet	pANN_0.25_0.005_289	0.380952380952381
GSE222315_CACCAAAAGACTGGGT-1_1_1_1_1	GSE222315_p4_NAT	GSE222315	DF.classifications_0.25_0.005_289	Singlet	pANN_0.25_0.005_289	0.285714285714286
GSE222315_CACCAAAAGCTAATCC-1_1_1_1_1	GSE222315_p4_NAT	GSE222315	DF.classifications_0.25_0.005_289	Singlet	pANN_0.25_0.005_289	0
GSE222315_CACCAAAAGCTAGAAT-1_1_1_1_1	GSE222315_p4_NAT	GSE222315	DF.classifications_0.25_0.005_289	Singlet	pANN_0.25_0.005_289	0.214285714285714
GSE222315_CACCAAAGTAAGCGGT-1_1_1_1_1	GSE222315_p4_NAT	GSE222315	DF.classifications_0.25_0.005_289	Singlet	pANN_0.25_0.005_289	0.19047619047619
GSE222315_CACCAAAGTCTACACA-1_1_1_1_1	GSE222315_p4_NAT	GSE222315	DF.classifications_0.25_0.005_289	Singlet	pANN_0.25_0.005_289	0.0952380952380952
GSE222315_CACCAAATCACCCTTG-1_1_1_1_1	GSE222315_p4_NAT	GSE222315	DF.classifications_0.25_0.005_289	Singlet	pANN_0.25_0.005_289	0.261904761904762
GSE222315_CACCAAATCAGGACGA-1_1_1_1_1	GSE222315_p4_NAT	GSE222315	DF.classifications_0.25_0.005_289	Singlet	pANN_0.25_0.005_289	0.238095238095238
GSE222315_CACCGTTAGAGCCCAA-1_1_1_1_1	GSE222315_p4_NAT	GSE222315	DF.classifications_0.25_0.005_289	Singlet	pANN_0.25_0.005_289	0.380952380952381
GSE222315_CACCGTTAGCAACCAG-1_1_1_1_1	GSE222315_p4_NAT	GSE222315	DF.classifications_0.25_0.005_289	Singlet	pANN_0.25_0.005_289	0.404761904761905
GSE222315_CACCGTTAGGTATAGT-1_1_1_1_1	GSE222315_p4_NAT	GSE222315	DF.classifications_0.25_0.005_289	Singlet	pANN_0.25_0.005_289	0.214285714285714
GSE222315_CACCGTTCAACGTATC-1_1_1_1_1	GSE222315_p4_NAT	GSE222315	DF.classifications_0.25_0.005_289	Singlet	pANN_0.25_0.005_289	0.357142857142857
GSE222315_CACCGTTCAGGCTTGC-1_1_1_1_1	GSE222315_p4_NAT	GSE222315	DF.classifications_0.25_0.005_289	Singlet	pANN_0.25_0.005_289	0.0714285714285714
GSE222315_CACCGTTGTACACGTT-1_1_1_1_1	GSE222315_p4_NAT	GSE222315	DF.classifications_0.25_0.005_289	Singlet	pANN_0.25_0.005_289	0.214285714285714
GSE222315_CACCGTTGTCGTCAGC-1_1_1_1_1	GSE222315_p4_NAT	GSE222315	DF.classifications_0.25_0.005_289	Singlet	pANN_0.25_0.005_289	0
GSE222315_CACCGTTGTGCATGTT-1_1_1_1_1	GSE222315_p4_NAT	GSE222315	DF.classifications_0.25_0.005_289	Doublet	pANN_0.25_0.005_289	0.5
GSE222315_CACGAATAGATTAGAC-1_1_1_1_1	GSE222315_p4_NAT	GSE222315	DF.classifications_0.25_0.005_289	Singlet	pANN_0.25_0.005_289	0.142857142857143
GSE222315_CACGAATAGCCAACCC-1_1_1_1_1	GSE222315_p4_NAT	GSE222315	DF.classifications_0.25_0.005_289	Singlet	pANN_0.25_0.005_289	0.0476190476190476
GSE222315_CACGAATAGTTCCTGA-1_1_1_1_1	GSE222315_p4_NAT	GSE222315	DF.classifications_0.25_0.005_289	Singlet	pANN_0.25_0.005_289	0.0476190476190476
GSE222315_CACGAATGTCGACGCT-1_1_1_1_1	GSE222315_p4_NAT	GSE222315	DF.classifications_0.25_0.005_289	Singlet	pANN_0.25_0.005_289	0.166666666666667
GSE222315_CACGAATGTCGTGCCA-1_1_1_1_1	GSE222315_p4_NAT	GSE222315	DF.classifications_0.25_0.005_289	Singlet	pANN_0.25_0.005_289	0.261904761904762
GSE222315_CACGAATTCAGGGATG-1_1_1_1_1	GSE222315_p4_NAT	GSE222315	DF.classifications_0.25_0.005_289	Singlet	pANN_0.25_0.005_289	0.119047619047619
GSE222315_CACGAATTCGCCAGTG-1_1_1_1_1	GSE222315_p4_NAT	GSE222315	DF.classifications_0.25_0.005_289	Singlet	pANN_0.25_0.005_289	0
GSE222315_CACGGGTCAATTGCTG-1_1_1_1_1	GSE222315_p4_NAT	GSE222315	DF.classifications_0.25_0.005_289	Singlet	pANN_0.25_0.005_289	0.166666666666667
GSE222315_CACGGGTGTAGCGAGT-1_1_1_1_1	GSE222315_p4_NAT	GSE222315	DF.classifications_0.25_0.005_289	Singlet	pANN_0.25_0.005_289	0.0476190476190476
GSE222315_CACGGGTGTCGTCAGC-1_1_1_1_1	GSE222315_p4_NAT	GSE222315	DF.classifications_0.25_0.005_289	Singlet	pANN_0.25_0.005_289	0.214285714285714
GSE222315_CACGGGTTCGAGAAAT-1_1_1_1_1	GSE222315_p4_NAT	GSE222315	DF.classifications_0.25_0.005_289	Singlet	pANN_0.25_0.005_289	0.238095238095238
GSE222315_CACGTGGAGCCTAACT-1_1_1_1_1	GSE222315_p4_NAT	GSE222315	DF.classifications_0.25_0.005_289	Singlet	pANN_0.25_0.005_289	0.119047619047619
GSE222315_CACGTGGAGCTCACTA-1_1_1_1_1	GSE222315_p4_NAT	GSE222315	DF.classifications_0.25_0.005_289	Singlet	pANN_0.25_0.005_289	0.285714285714286
GSE222315_CACGTGGCACGCAAAG-1_1_1_1_1	GSE222315_p4_NAT	GSE222315	DF.classifications_0.25_0.005_289	Singlet	pANN_0.25_0.005_289	0.380952380952381
GSE222315_CACGTGGCAGCGGATA-1_1_1_1_1	GSE222315_p4_NAT	GSE222315	DF.classifications_0.25_0.005_289	Singlet	pANN_0.25_0.005_289	0
GSE222315_CACGTGGGTCTAGATC-1_1_1_1_1	GSE222315_p4_NAT	GSE222315	DF.classifications_0.25_0.005_289	Singlet	pANN_0.25_0.005_289	0.0714285714285714
GSE222315_CACGTGGGTTGCTAGT-1_1_1_1_1	GSE222315_p4_NAT	GSE222315	DF.classifications_0.25_0.005_289	Singlet	pANN_0.25_0.005_289	0.19047619047619
GSE222315_CACGTGGTCAATCGGT-1_1_1_1_1	GSE222315_p4_NAT	GSE222315	DF.classifications_0.25_0.005_289	Singlet	pANN_0.25_0.005_289	0.142857142857143
GSE222315_CACGTGGTCACCCTTG-1_1_1_1_1	GSE222315_p4_NAT	GSE222315	DF.classifications_0.25_0.005_289	Singlet	pANN_0.25_0.005_289	0.19047619047619
GSE222315_CACGTGGTCGGTCTGG-1_1_1_1_1	GSE222315_p4_NAT	GSE222315	DF.classifications_0.25_0.005_289	Singlet	pANN_0.25_0.005_289	0.166666666666667
GSE222315_CACGTGGTCGTTCTCG-1_1_1_1_1	GSE222315_p4_NAT	GSE222315	DF.classifications_0.25_0.005_289	Singlet	pANN_0.25_0.005_289	0.333333333333333
GSE222315_CACGTTCGTGCCTTTC-1_1_1_1_1	GSE222315_p4_NAT	GSE222315	DF.classifications_0.25_0.005_289	Singlet	pANN_0.25_0.005_289	0
GSE222315_CACGTTCGTTTACTTC-1_1_1_1_1	GSE222315_p4_NAT	GSE222315	DF.classifications_0.25_0.005_289	Singlet	pANN_0.25_0.005_289	0.238095238095238
GSE222315_CACGTTCTCAACCTCC-1_1_1_1_1	GSE222315_p4_NAT	GSE222315	DF.classifications_0.25_0.005_289	Singlet	pANN_0.25_0.005_289	0.0238095238095238
GSE222315_CACGTTCTCCAACCGG-1_1_1_1_1	GSE222315_p4_NAT	GSE222315	DF.classifications_0.25_0.005_289	Singlet	pANN_0.25_0.005_289	0.0714285714285714
GSE222315_CACGTTCTCGCAGAGA-1_1_1_1_1	GSE222315_p4_NAT	GSE222315	DF.classifications_0.25_0.005_289	Singlet	pANN_0.25_0.005_289	0.238095238095238
GSE222315_CACTAAGAGCAATAAC-1_1_1_1_1	GSE222315_p4_NAT	GSE222315	DF.classifications_0.25_0.005_289	Singlet	pANN_0.25_0.005_289	0.0476190476190476
GSE222315_CACTAAGCATTAGGCT-1_1_1_1_1	GSE222315_p4_NAT	GSE222315	DF.classifications_0.25_0.005_289	Singlet	pANN_0.25_0.005_289	0.166666666666667
GSE222315_CACTAAGGTACGACAG-1_1_1_1_1	GSE222315_p4_NAT	GSE222315	DF.classifications_0.25_0.005_289	Singlet	pANN_0.25_0.005_289	0.333333333333333
GSE222315_CACTAAGGTGGATCGA-1_1_1_1_1	GSE222315_p4_NAT	GSE222315	DF.classifications_0.25_0.005_289	Singlet	pANN_0.25_0.005_289	0.333333333333333
GSE222315_CACTAAGGTTATCCAG-1_1_1_1_1	GSE222315_p4_NAT	GSE222315	DF.classifications_0.25_0.005_289	Singlet	pANN_0.25_0.005_289	0.166666666666667
GSE222315_CACTAAGTCTATTTCG-1_1_1_1_1	GSE222315_p4_NAT	GSE222315	DF.classifications_0.25_0.005_289	Singlet	pANN_0.25_0.005_289	0.214285714285714
GSE222315_CACTGAAAGTTCCAGT-1_1_1_1_1	GSE222315_p4_NAT	GSE222315	DF.classifications_0.25_0.005_289	Doublet	pANN_0.25_0.005_289	0.476190476190476
GSE222315_CACTGAACATCCGGTG-1_1_1_1_1	GSE222315_p4_NAT	GSE222315	DF.classifications_0.25_0.005_289	Singlet	pANN_0.25_0.005_289	0.0476190476190476
GSE222315_CACTGAAGTTTACTTC-1_1_1_1_1	GSE222315_p4_NAT	GSE222315	DF.classifications_0.25_0.005_289	Singlet	pANN_0.25_0.005_289	0.357142857142857
GSE222315_CACTGAATCAACCCGG-1_1_1_1_1	GSE222315_p4_NAT	GSE222315	DF.classifications_0.25_0.005_289	Singlet	pANN_0.25_0.005_289	0.166666666666667
GSE222315_CACTGAATCACCCTCA-1_1_1_1_1	GSE222315_p4_NAT	GSE222315	DF.classifications_0.25_0.005_289	Singlet	pANN_0.25_0.005_289	0.238095238095238
GSE222315_CACTGGGAGAATCGTA-1_1_1_1_1	GSE222315_p4_NAT	GSE222315	DF.classifications_0.25_0.005_289	Singlet	pANN_0.25_0.005_289	0.285714285714286
GSE222315_CACTGGGCAAGTCCAT-1_1_1_1_1	GSE222315_p4_NAT	GSE222315	DF.classifications_0.25_0.005_289	Singlet	pANN_0.25_0.005_289	0.238095238095238
GSE222315_CACTGGGCAGGACTAG-1_1_1_1_1	GSE222315_p4_NAT	GSE222315	DF.classifications_0.25_0.005_289	Singlet	pANN_0.25_0.005_289	0.119047619047619
GSE222315_CACTGGGCAGTCAACT-1_1_1_1_1	GSE222315_p4_NAT	GSE222315	DF.classifications_0.25_0.005_289	Singlet	pANN_0.25_0.005_289	0.404761904761905
GSE222315_CACTGGGTCTGGTTGA-1_1_1_1_1	GSE222315_p4_NAT	GSE222315	DF.classifications_0.25_0.005_289	Singlet	pANN_0.25_0.005_289	0.357142857142857
GSE222315_CACTGTCAGGTCACAG-1_1_1_1_1	GSE222315_p4_NAT	GSE222315	DF.classifications_0.25_0.005_289	Singlet	pANN_0.25_0.005_289	0.0952380952380952
GSE222315_CACTGTCCATATCTGG-1_1_1_1_1	GSE222315_p4_NAT	GSE222315	DF.classifications_0.25_0.005_289	Singlet	pANN_0.25_0.005_289	0.261904761904762
GSE222315_CACTGTCGTCCGACGT-1_1_1_1_1	GSE222315_p4_NAT	GSE222315	DF.classifications_0.25_0.005_289	Singlet	pANN_0.25_0.005_289	0
GSE222315_CACTGTCGTTGTACGT-1_1_1_1_1	GSE222315_p4_NAT	GSE222315	DF.classifications_0.25_0.005_289	Singlet	pANN_0.25_0.005_289	0.0476190476190476
GSE222315_CACTGTCTCCGGCAAC-1_1_1_1_1	GSE222315_p4_NAT	GSE222315	DF.classifications_0.25_0.005_289	Singlet	pANN_0.25_0.005_289	0.238095238095238
GSE222315_CACTTCGCAACCACAT-1_1_1_1_1	GSE222315_p4_NAT	GSE222315	DF.classifications_0.25_0.005_289	Singlet	pANN_0.25_0.005_289	0
GSE222315_CACTTCGCAACCAGAG-1_1_1_1_1	GSE222315_p4_NAT	GSE222315	DF.classifications_0.25_0.005_289	Singlet	pANN_0.25_0.005_289	0.0238095238095238
GSE222315_CACTTCGCACTATGTG-1_1_1_1_1	GSE222315_p4_NAT	GSE222315	DF.classifications_0.25_0.005_289	Singlet	pANN_0.25_0.005_289	0.166666666666667
GSE222315_CACTTCGCAGGTGGAT-1_1_1_1_1	GSE222315_p4_NAT	GSE222315	DF.classifications_0.25_0.005_289	Singlet	pANN_0.25_0.005_289	0
GSE222315_CACTTCGCATCCGGCA-1_1_1_1_1	GSE222315_p4_NAT	GSE222315	DF.classifications_0.25_0.005_289	Singlet	pANN_0.25_0.005_289	0.19047619047619
GSE222315_CACTTCGGTTCGGACC-1_1_1_1_1	GSE222315_p4_NAT	GSE222315	DF.classifications_0.25_0.005_289	Singlet	pANN_0.25_0.005_289	0.333333333333333
GSE222315_CACTTCGTCATTCGGA-1_1_1_1_1	GSE222315_p4_NAT	GSE222315	DF.classifications_0.25_0.005_289	Singlet	pANN_0.25_0.005_289	0.357142857142857
GSE222315_CACTTCGTCCAACCAA-1_1_1_1_1	GSE222315_p4_NAT	GSE222315	DF.classifications_0.25_0.005_289	Singlet	pANN_0.25_0.005_289	0.0476190476190476
GSE222315_CACTTCGTCGCGGACT-1_1_1_1_1	GSE222315_p4_NAT	GSE222315	DF.classifications_0.25_0.005_289	Singlet	pANN_0.25_0.005_289	0
GSE222315_CACTTCGTCGTTACCC-1_1_1_1_1	GSE222315_p4_NAT	GSE222315	DF.classifications_0.25_0.005_289	Singlet	pANN_0.25_0.005_289	0.214285714285714
GSE222315_CAGAGCCAGAGCAGTC-1_1_1_1_1	GSE222315_p4_NAT	GSE222315	DF.classifications_0.25_0.005_289	Singlet	pANN_0.25_0.005_289	0.119047619047619
GSE222315_CAGAGCCAGAGTTGTA-1_1_1_1_1	GSE222315_p4_NAT	GSE222315	DF.classifications_0.25_0.005_289	Singlet	pANN_0.25_0.005_289	0.166666666666667
GSE222315_CAGAGCCAGCCTCCAG-1_1_1_1_1	GSE222315_p4_NAT	GSE222315	DF.classifications_0.25_0.005_289	Singlet	pANN_0.25_0.005_289	0.285714285714286
GSE222315_CAGAGCCAGCGTCTCG-1_1_1_1_1	GSE222315_p4_NAT	GSE222315	DF.classifications_0.25_0.005_289	Singlet	pANN_0.25_0.005_289	0.166666666666667
GSE222315_CAGAGCCCATACAGCT-1_1_1_1_1	GSE222315_p4_NAT	GSE222315	DF.classifications_0.25_0.005_289	Singlet	pANN_0.25_0.005_289	0.19047619047619
GSE222315_CAGAGCCCATCAACCA-1_1_1_1_1	GSE222315_p4_NAT	GSE222315	DF.classifications_0.25_0.005_289	Singlet	pANN_0.25_0.005_289	0
GSE222315_CAGAGCCCATGAAGGC-1_1_1_1_1	GSE222315_p4_NAT	GSE222315	DF.classifications_0.25_0.005_289	Singlet	pANN_0.25_0.005_289	0.261904761904762
GSE222315_CAGAGCCGTCCAGCCA-1_1_1_1_1	GSE222315_p4_NAT	GSE222315	DF.classifications_0.25_0.005_289	Singlet	pANN_0.25_0.005_289	0.0714285714285714
GSE222315_CAGAGCCTCAGGAACG-1_1_1_1_1	GSE222315_p4_NAT	GSE222315	DF.classifications_0.25_0.005_289	Singlet	pANN_0.25_0.005_289	0.0238095238095238
GSE222315_CAGAGCCTCCGAAATC-1_1_1_1_1	GSE222315_p4_NAT	GSE222315	DF.classifications_0.25_0.005_289	Singlet	pANN_0.25_0.005_289	0.166666666666667
GSE222315_CAGATACAGAGGGTGG-1_1_1_1_1	GSE222315_p4_NAT	GSE222315	DF.classifications_0.25_0.005_289	Doublet	pANN_0.25_0.005_289	0.428571428571429
GSE222315_CAGATACAGATGCAGC-1_1_1_1_1	GSE222315_p4_NAT	GSE222315	DF.classifications_0.25_0.005_289	Singlet	pANN_0.25_0.005_289	0.0476190476190476
GSE222315_CAGATACAGGCTCCCA-1_1_1_1_1	GSE222315_p4_NAT	GSE222315	DF.classifications_0.25_0.005_289	Singlet	pANN_0.25_0.005_289	0.0238095238095238
GSE222315_CAGATACAGGGAGTTC-1_1_1_1_1	GSE222315_p4_NAT	GSE222315	DF.classifications_0.25_0.005_289	Singlet	pANN_0.25_0.005_289	0.142857142857143
GSE222315_CAGATACAGTCTCTGA-1_1_1_1_1	GSE222315_p4_NAT	GSE222315	DF.classifications_0.25_0.005_289	Singlet	pANN_0.25_0.005_289	0.30952380952381
GSE222315_CAGATACCACCACTGG-1_1_1_1_1	GSE222315_p4_NAT	GSE222315	DF.classifications_0.25_0.005_289	Singlet	pANN_0.25_0.005_289	0.0476190476190476
GSE222315_CAGATACGTCAGGTGA-1_1_1_1_1	GSE222315_p4_NAT	GSE222315	DF.classifications_0.25_0.005_289	Singlet	pANN_0.25_0.005_289	0.19047619047619
GSE222315_CAGATACGTCATGGCC-1_1_1_1_1	GSE222315_p4_NAT	GSE222315	DF.classifications_0.25_0.005_289	Singlet	pANN_0.25_0.005_289	0.0238095238095238
GSE222315_CAGATACTCATCTACT-1_1_1_1_1	GSE222315_p4_NAT	GSE222315	DF.classifications_0.25_0.005_289	Singlet	pANN_0.25_0.005_289	0.357142857142857
GSE222315_CAGATACTCCAAGCAT-1_1_1_1_1	GSE222315_p4_NAT	GSE222315	DF.classifications_0.25_0.005_289	Singlet	pANN_0.25_0.005_289	0.0238095238095238
GSE222315_CAGATACTCCCTGTTG-1_1_1_1_1	GSE222315_p4_NAT	GSE222315	DF.classifications_0.25_0.005_289	Singlet	pANN_0.25_0.005_289	0
GSE222315_CAGATACTCCTCTAGC-1_1_1_1_1	GSE222315_p4_NAT	GSE222315	DF.classifications_0.25_0.005_289	Singlet	pANN_0.25_0.005_289	0
GSE222315_CAGATACTCGAGGCAA-1_1_1_1_1	GSE222315_p4_NAT	GSE222315	DF.classifications_0.25_0.005_289	Singlet	pANN_0.25_0.005_289	0.0952380952380952
GSE222315_CAGATACTCTTGGGCG-1_1_1_1_1	GSE222315_p4_NAT	GSE222315	DF.classifications_0.25_0.005_289	Singlet	pANN_0.25_0.005_289	0
GSE222315_CAGATCAGTTATCTTC-1_1_1_1_1	GSE222315_p4_NAT	GSE222315	DF.classifications_0.25_0.005_289	Singlet	pANN_0.25_0.005_289	0.0952380952380952
GSE222315_CAGATCATCCACAGCG-1_1_1_1_1	GSE222315_p4_NAT	GSE222315	DF.classifications_0.25_0.005_289	Singlet	pANN_0.25_0.005_289	0.19047619047619
GSE222315_CAGATCATCGCTTACC-1_1_1_1_1	GSE222315_p4_NAT	GSE222315	DF.classifications_0.25_0.005_289	Doublet	pANN_0.25_0.005_289	0.428571428571429
GSE222315_CAGATCATCGGCATTA-1_1_1_1_1	GSE222315_p4_NAT	GSE222315	DF.classifications_0.25_0.005_289	Doublet	pANN_0.25_0.005_289	0.452380952380952
GSE222315_CAGATTGAGCCTGTGC-1_1_1_1_1	GSE222315_p4_NAT	GSE222315	DF.classifications_0.25_0.005_289	Singlet	pANN_0.25_0.005_289	0.0238095238095238
GSE222315_CAGATTGAGGTCCAGA-1_1_1_1_1	GSE222315_p4_NAT	GSE222315	DF.classifications_0.25_0.005_289	Singlet	pANN_0.25_0.005_289	0.166666666666667
GSE222315_CAGATTGCAAGACAAT-1_1_1_1_1	GSE222315_p4_NAT	GSE222315	DF.classifications_0.25_0.005_289	Singlet	pANN_0.25_0.005_289	0
GSE222315_CAGATTGGTCTCACAA-1_1_1_1_1	GSE222315_p4_NAT	GSE222315	DF.classifications_0.25_0.005_289	Doublet	pANN_0.25_0.005_289	0.738095238095238
GSE222315_CAGATTGGTTCTTCAT-1_1_1_1_1	GSE222315_p4_NAT	GSE222315	DF.classifications_0.25_0.005_289	Singlet	pANN_0.25_0.005_289	0.19047619047619
GSE222315_CAGATTGTCGATCCCT-1_1_1_1_1	GSE222315_p4_NAT	GSE222315	DF.classifications_0.25_0.005_289	Singlet	pANN_0.25_0.005_289	0.119047619047619
GSE222315_CAGATTGTCTGTCCCA-1_1_1_1_1	GSE222315_p4_NAT	GSE222315	DF.classifications_0.25_0.005_289	Singlet	pANN_0.25_0.005_289	0.261904761904762
GSE222315_CAGCAATCAATATCCG-1_1_1_1_1	GSE222315_p4_NAT	GSE222315	DF.classifications_0.25_0.005_289	Singlet	pANN_0.25_0.005_289	0.404761904761905
GSE222315_CAGCAATGTCGTACAT-1_1_1_1_1	GSE222315_p4_NAT	GSE222315	DF.classifications_0.25_0.005_289	Singlet	pANN_0.25_0.005_289	0.0238095238095238
GSE222315_CAGCAATGTGACTGAG-1_1_1_1_1	GSE222315_p4_NAT	GSE222315	DF.classifications_0.25_0.005_289	Singlet	pANN_0.25_0.005_289	0.404761904761905
GSE222315_CAGCAATGTGCAGGAT-1_1_1_1_1	GSE222315_p4_NAT	GSE222315	DF.classifications_0.25_0.005_289	Singlet	pANN_0.25_0.005_289	0.214285714285714
GSE222315_CAGCAATTCCAAATGC-1_1_1_1_1	GSE222315_p4_NAT	GSE222315	DF.classifications_0.25_0.005_289	Singlet	pANN_0.25_0.005_289	0.142857142857143
GSE222315_CAGCAATTCCGTTGAA-1_1_1_1_1	GSE222315_p4_NAT	GSE222315	DF.classifications_0.25_0.005_289	Singlet	pANN_0.25_0.005_289	0
GSE222315_CAGCAATTCGTAGTGT-1_1_1_1_1	GSE222315_p4_NAT	GSE222315	DF.classifications_0.25_0.005_289	Singlet	pANN_0.25_0.005_289	0.214285714285714
GSE222315_CAGCAATTCTTTGATC-1_1_1_1_1	GSE222315_p4_NAT	GSE222315	DF.classifications_0.25_0.005_289	Singlet	pANN_0.25_0.005_289	0.261904761904762
GSE222315_CAGCACGGTGGTCAAG-1_1_1_1_1	GSE222315_p4_NAT	GSE222315	DF.classifications_0.25_0.005_289	Doublet	pANN_0.25_0.005_289	0.523809523809524
GSE222315_CAGCACGTCATGGATC-1_1_1_1_1	GSE222315_p4_NAT	GSE222315	DF.classifications_0.25_0.005_289	Singlet	pANN_0.25_0.005_289	0.19047619047619
GSE222315_CAGCACGTCCATTGTT-1_1_1_1_1	GSE222315_p4_NAT	GSE222315	DF.classifications_0.25_0.005_289	Singlet	pANN_0.25_0.005_289	0.357142857142857
GSE222315_CAGCAGCAGACGGATC-1_1_1_1_1	GSE222315_p4_NAT	GSE222315	DF.classifications_0.25_0.005_289	Singlet	pANN_0.25_0.005_289	0
GSE222315_CAGCAGCAGTACTCGT-1_1_1_1_1	GSE222315_p4_NAT	GSE222315	DF.classifications_0.25_0.005_289	Singlet	pANN_0.25_0.005_289	0.404761904761905
GSE222315_CAGCAGCCAGCCCACA-1_1_1_1_1	GSE222315_p4_NAT	GSE222315	DF.classifications_0.25_0.005_289	Singlet	pANN_0.25_0.005_289	0.166666666666667
GSE222315_CAGCAGCGTAAGACCG-1_1_1_1_1	GSE222315_p4_NAT	GSE222315	DF.classifications_0.25_0.005_289	Singlet	pANN_0.25_0.005_289	0.0238095238095238
GSE222315_CAGCAGCGTGGAGGTT-1_1_1_1_1	GSE222315_p4_NAT	GSE222315	DF.classifications_0.25_0.005_289	Singlet	pANN_0.25_0.005_289	0.166666666666667
GSE222315_CAGCAGCGTTACCCAA-1_1_1_1_1	GSE222315_p4_NAT	GSE222315	DF.classifications_0.25_0.005_289	Doublet	pANN_0.25_0.005_289	0.476190476190476
GSE222315_CAGCAGCGTTCAATCG-1_1_1_1_1	GSE222315_p4_NAT	GSE222315	DF.classifications_0.25_0.005_289	Singlet	pANN_0.25_0.005_289	0.380952380952381
GSE222315_CAGCAGCTCCGTGTCT-1_1_1_1_1	GSE222315_p4_NAT	GSE222315	DF.classifications_0.25_0.005_289	Singlet	pANN_0.25_0.005_289	0.30952380952381
GSE222315_CAGCAGCTCCTTCGAC-1_1_1_1_1	GSE222315_p4_NAT	GSE222315	DF.classifications_0.25_0.005_289	Singlet	pANN_0.25_0.005_289	0.0714285714285714
GSE222315_CAGCAGCTCTGGGTCG-1_1_1_1_1	GSE222315_p4_NAT	GSE222315	DF.classifications_0.25_0.005_289	Singlet	pANN_0.25_0.005_289	0.142857142857143
GSE222315_CAGCCAGAGGAACATT-1_1_1_1_1	GSE222315_p4_NAT	GSE222315	DF.classifications_0.25_0.005_289	Singlet	pANN_0.25_0.005_289	0.0476190476190476
GSE222315_CAGCCAGCAGACCTGC-1_1_1_1_1	GSE222315_p4_NAT	GSE222315	DF.classifications_0.25_0.005_289	Singlet	pANN_0.25_0.005_289	0.214285714285714
GSE222315_CAGCCAGGTGCTCCGA-1_1_1_1_1	GSE222315_p4_NAT	GSE222315	DF.classifications_0.25_0.005_289	Singlet	pANN_0.25_0.005_289	0.0952380952380952
GSE222315_CAGCCAGGTGTGGACA-1_1_1_1_1	GSE222315_p4_NAT	GSE222315	DF.classifications_0.25_0.005_289	Doublet	pANN_0.25_0.005_289	0.5
GSE222315_CAGCCAGTCTCAACGA-1_1_1_1_1	GSE222315_p4_NAT	GSE222315	DF.classifications_0.25_0.005_289	Singlet	pANN_0.25_0.005_289	0
GSE222315_CAGCGTGAGGCATGCA-1_1_1_1_1	GSE222315_p4_NAT	GSE222315	DF.classifications_0.25_0.005_289	Singlet	pANN_0.25_0.005_289	0.0238095238095238
GSE222315_CAGCGTGCACTTCAGA-1_1_1_1_1	GSE222315_p4_NAT	GSE222315	DF.classifications_0.25_0.005_289	Singlet	pANN_0.25_0.005_289	0.119047619047619
GSE222315_CAGCGTGGTCCTCCTA-1_1_1_1_1	GSE222315_p4_NAT	GSE222315	DF.classifications_0.25_0.005_289	Singlet	pANN_0.25_0.005_289	0.261904761904762
GSE222315_CAGCGTGGTGCATGAG-1_1_1_1_1	GSE222315_p4_NAT	GSE222315	DF.classifications_0.25_0.005_289	Singlet	pANN_0.25_0.005_289	0.166666666666667
GSE222315_CAGCGTGGTGTACATC-1_1_1_1_1	GSE222315_p4_NAT	GSE222315	DF.classifications_0.25_0.005_289	Singlet	pANN_0.25_0.005_289	0.238095238095238
GSE222315_CAGCGTGGTTAACAGA-1_1_1_1_1	GSE222315_p4_NAT	GSE222315	DF.classifications_0.25_0.005_289	Singlet	pANN_0.25_0.005_289	0.0476190476190476
GSE222315_CAGCGTGTCCTACCAC-1_1_1_1_1	GSE222315_p4_NAT	GSE222315	DF.classifications_0.25_0.005_289	Singlet	pANN_0.25_0.005_289	0.357142857142857
GSE222315_CAGCGTGTCCTGGTCT-1_1_1_1_1	GSE222315_p4_NAT	GSE222315	DF.classifications_0.25_0.005_289	Singlet	pANN_0.25_0.005_289	0.0476190476190476
GSE222315_CAGGCCACAACTCGTA-1_1_1_1_1	GSE222315_p4_NAT	GSE222315	DF.classifications_0.25_0.005_289	Singlet	pANN_0.25_0.005_289	0.285714285714286
GSE222315_CAGGCCATCCAACCAA-1_1_1_1_1	GSE222315_p4_NAT	GSE222315	DF.classifications_0.25_0.005_289	Singlet	pANN_0.25_0.005_289	0.238095238095238
GSE222315_CAGGCCATCCACCTCA-1_1_1_1_1	GSE222315_p4_NAT	GSE222315	DF.classifications_0.25_0.005_289	Singlet	pANN_0.25_0.005_289	0.214285714285714
GSE222315_CAGGCCATCCCGAGAC-1_1_1_1_1	GSE222315_p4_NAT	GSE222315	DF.classifications_0.25_0.005_289	Singlet	pANN_0.25_0.005_289	0.357142857142857
GSE222315_CAGGCCATCGATGCAT-1_1_1_1_1	GSE222315_p4_NAT	GSE222315	DF.classifications_0.25_0.005_289	Singlet	pANN_0.25_0.005_289	0
GSE222315_CAGGGCTAGCCACCGT-1_1_1_1_1	GSE222315_p4_NAT	GSE222315	DF.classifications_0.25_0.005_289	Singlet	pANN_0.25_0.005_289	0.214285714285714
GSE222315_CAGGGCTCACCTGCTT-1_1_1_1_1	GSE222315_p4_NAT	GSE222315	DF.classifications_0.25_0.005_289	Singlet	pANN_0.25_0.005_289	0.261904761904762
GSE222315_CAGGGCTGTACAGAGC-1_1_1_1_1	GSE222315_p4_NAT	GSE222315	DF.classifications_0.25_0.005_289	Singlet	pANN_0.25_0.005_289	0.0952380952380952
GSE222315_CAGGGCTGTCCACTCT-1_1_1_1_1	GSE222315_p4_NAT	GSE222315	DF.classifications_0.25_0.005_289	Doublet	pANN_0.25_0.005_289	0.738095238095238
GSE222315_CAGGGCTTCACAGAGG-1_1_1_1_1	GSE222315_p4_NAT	GSE222315	DF.classifications_0.25_0.005_289	Singlet	pANN_0.25_0.005_289	0.214285714285714
GSE222315_CAGGGCTTCGAAACAA-1_1_1_1_1	GSE222315_p4_NAT	GSE222315	DF.classifications_0.25_0.005_289	Singlet	pANN_0.25_0.005_289	0.404761904761905
GSE222315_CAGGGCTTCGGAATTC-1_1_1_1_1	GSE222315_p4_NAT	GSE222315	DF.classifications_0.25_0.005_289	Singlet	pANN_0.25_0.005_289	0.119047619047619
GSE222315_CAGGTATAGAGCTGCA-1_1_1_1_1	GSE222315_p4_NAT	GSE222315	DF.classifications_0.25_0.005_289	Singlet	pANN_0.25_0.005_289	0
GSE222315_CAGGTATTCAATCAGC-1_1_1_1_1	GSE222315_p4_NAT	GSE222315	DF.classifications_0.25_0.005_289	Singlet	pANN_0.25_0.005_289	0.0714285714285714
GSE222315_CAGGTATTCGCTTGCT-1_1_1_1_1	GSE222315_p4_NAT	GSE222315	DF.classifications_0.25_0.005_289	Singlet	pANN_0.25_0.005_289	0.214285714285714
GSE222315_CAGGTATTCTCGGGAC-1_1_1_1_1	GSE222315_p4_NAT	GSE222315	DF.classifications_0.25_0.005_289	Singlet	pANN_0.25_0.005_289	0.0476190476190476
GSE222315_CAGTGCGAGTGCACCC-1_1_1_1_1	GSE222315_p4_NAT	GSE222315	DF.classifications_0.25_0.005_289	Singlet	pANN_0.25_0.005_289	0.142857142857143
GSE222315_CAGTGCGGTACCCAGC-1_1_1_1_1	GSE222315_p4_NAT	GSE222315	DF.classifications_0.25_0.005_289	Singlet	pANN_0.25_0.005_289	0.0238095238095238
GSE222315_CAGTGCGTCCAAGCTA-1_1_1_1_1	GSE222315_p4_NAT	GSE222315	DF.classifications_0.25_0.005_289	Singlet	pANN_0.25_0.005_289	0
GSE222315_CAGTTAGAGCACCAGA-1_1_1_1_1	GSE222315_p4_NAT	GSE222315	DF.classifications_0.25_0.005_289	Singlet	pANN_0.25_0.005_289	0.238095238095238
GSE222315_CAGTTAGAGGTACATA-1_1_1_1_1	GSE222315_p4_NAT	GSE222315	DF.classifications_0.25_0.005_289	Singlet	pANN_0.25_0.005_289	0.357142857142857
GSE222315_CAGTTAGAGTCACAGG-1_1_1_1_1	GSE222315_p4_NAT	GSE222315	DF.classifications_0.25_0.005_289	Singlet	pANN_0.25_0.005_289	0.0714285714285714
GSE222315_CAGTTAGAGTGTACAA-1_1_1_1_1	GSE222315_p4_NAT	GSE222315	DF.classifications_0.25_0.005_289	Singlet	pANN_0.25_0.005_289	0.19047619047619
GSE222315_CAGTTAGCACTGTCGG-1_1_1_1_1	GSE222315_p4_NAT	GSE222315	DF.classifications_0.25_0.005_289	Doublet	pANN_0.25_0.005_289	0.523809523809524
GSE222315_CAGTTAGGTTATGGTC-1_1_1_1_1	GSE222315_p4_NAT	GSE222315	DF.classifications_0.25_0.005_289	Singlet	pANN_0.25_0.005_289	0.0476190476190476
GSE222315_CAGTTAGTCGGATACT-1_1_1_1_1	GSE222315_p4_NAT	GSE222315	DF.classifications_0.25_0.005_289	Doublet	pANN_0.25_0.005_289	0.738095238095238
GSE222315_CAGTTAGTCGGTTCAA-1_1_1_1_1	GSE222315_p4_NAT	GSE222315	DF.classifications_0.25_0.005_289	Singlet	pANN_0.25_0.005_289	0.285714285714286
GSE222315_CAGTTCCCAGTAGGAC-1_1_1_1_1	GSE222315_p4_NAT	GSE222315	DF.classifications_0.25_0.005_289	Singlet	pANN_0.25_0.005_289	0.142857142857143
GSE222315_CAGTTCCGTAACACCT-1_1_1_1_1	GSE222315_p4_NAT	GSE222315	DF.classifications_0.25_0.005_289	Doublet	pANN_0.25_0.005_289	0.476190476190476
GSE222315_CAGTTCCGTAAGTAGT-1_1_1_1_1	GSE222315_p4_NAT	GSE222315	DF.classifications_0.25_0.005_289	Singlet	pANN_0.25_0.005_289	0
GSE222315_CAGTTCCGTGGTACAG-1_1_1_1_1	GSE222315_p4_NAT	GSE222315	DF.classifications_0.25_0.005_289	Singlet	pANN_0.25_0.005_289	0.214285714285714
GSE222315_CAGTTCCTCATGTCAG-1_1_1_1_1	GSE222315_p4_NAT	GSE222315	DF.classifications_0.25_0.005_289	Singlet	pANN_0.25_0.005_289	0.0714285714285714
GSE222315_CAGTTCCTCGTACCTC-1_1_1_1_1	GSE222315_p4_NAT	GSE222315	DF.classifications_0.25_0.005_289	Singlet	pANN_0.25_0.005_289	0.0476190476190476
GSE222315_CAGTTCCTCTCTGAGA-1_1_1_1_1	GSE222315_p4_NAT	GSE222315	DF.classifications_0.25_0.005_289	Singlet	pANN_0.25_0.005_289	0.0714285714285714
GSE222315_CAGTTCCTCTCTGCCA-1_1_1_1_1	GSE222315_p4_NAT	GSE222315	DF.classifications_0.25_0.005_289	Singlet	pANN_0.25_0.005_289	0.0714285714285714
GSE222315_CAGTTCCTCTTCGTGC-1_1_1_1_1	GSE222315_p4_NAT	GSE222315	DF.classifications_0.25_0.005_289	Singlet	pANN_0.25_0.005_289	0.214285714285714
GSE222315_CATAAGCAGTAGACAT-1_1_1_1_1	GSE222315_p4_NAT	GSE222315	DF.classifications_0.25_0.005_289	Singlet	pANN_0.25_0.005_289	0.261904761904762
GSE222315_CATAAGCCACAATCTG-1_1_1_1_1	GSE222315_p4_NAT	GSE222315	DF.classifications_0.25_0.005_289	Singlet	pANN_0.25_0.005_289	0.238095238095238
GSE222315_CATAAGCCATACAGAA-1_1_1_1_1	GSE222315_p4_NAT	GSE222315	DF.classifications_0.25_0.005_289	Singlet	pANN_0.25_0.005_289	0.0238095238095238
GSE222315_CATAAGCCATGGAGAC-1_1_1_1_1	GSE222315_p4_NAT	GSE222315	DF.classifications_0.25_0.005_289	Singlet	pANN_0.25_0.005_289	0.0952380952380952
GSE222315_CATAAGCGTTCAAACC-1_1_1_1_1	GSE222315_p4_NAT	GSE222315	DF.classifications_0.25_0.005_289	Singlet	pANN_0.25_0.005_289	0.285714285714286
GSE222315_CATAAGCGTTCCCACT-1_1_1_1_1	GSE222315_p4_NAT	GSE222315	DF.classifications_0.25_0.005_289	Singlet	pANN_0.25_0.005_289	0.0714285714285714
GSE222315_CATAAGCTCAAGTCTG-1_1_1_1_1	GSE222315_p4_NAT	GSE222315	DF.classifications_0.25_0.005_289	Singlet	pANN_0.25_0.005_289	0.119047619047619
GSE222315_CATAAGCTCCGATAAC-1_1_1_1_1	GSE222315_p4_NAT	GSE222315	DF.classifications_0.25_0.005_289	Singlet	pANN_0.25_0.005_289	0.404761904761905
GSE222315_CATAAGCTCGTGTCAA-1_1_1_1_1	GSE222315_p4_NAT	GSE222315	DF.classifications_0.25_0.005_289	Singlet	pANN_0.25_0.005_289	0.0238095238095238
GSE222315_CATAAGCTCTTCGACC-1_1_1_1_1	GSE222315_p4_NAT	GSE222315	DF.classifications_0.25_0.005_289	Singlet	pANN_0.25_0.005_289	0.214285714285714
GSE222315_CATACAGAGGATCACG-1_1_1_1_1	GSE222315_p4_NAT	GSE222315	DF.classifications_0.25_0.005_289	Singlet	pANN_0.25_0.005_289	0.142857142857143
GSE222315_CATACAGAGGGAGATA-1_1_1_1_1	GSE222315_p4_NAT	GSE222315	DF.classifications_0.25_0.005_289	Singlet	pANN_0.25_0.005_289	0.261904761904762
GSE222315_CATACAGCAACCTATG-1_1_1_1_1	GSE222315_p4_NAT	GSE222315	DF.classifications_0.25_0.005_289	Singlet	pANN_0.25_0.005_289	0.166666666666667
GSE222315_CATACAGCACCACTGG-1_1_1_1_1	GSE222315_p4_NAT	GSE222315	DF.classifications_0.25_0.005_289	Singlet	pANN_0.25_0.005_289	0.0238095238095238
GSE222315_CATACAGCAGTATGAA-1_1_1_1_1	GSE222315_p4_NAT	GSE222315	DF.classifications_0.25_0.005_289	Singlet	pANN_0.25_0.005_289	0.404761904761905
GSE222315_CATACAGGTAGTGTGG-1_1_1_1_1	GSE222315_p4_NAT	GSE222315	DF.classifications_0.25_0.005_289	Singlet	pANN_0.25_0.005_289	0.19047619047619
GSE222315_CATACAGGTCGTTGCG-1_1_1_1_1	GSE222315_p4_NAT	GSE222315	DF.classifications_0.25_0.005_289	Singlet	pANN_0.25_0.005_289	0.214285714285714
GSE222315_CATACAGGTCTACGAT-1_1_1_1_1	GSE222315_p4_NAT	GSE222315	DF.classifications_0.25_0.005_289	Singlet	pANN_0.25_0.005_289	0.119047619047619
GSE222315_CATACAGTCCGTGTCT-1_1_1_1_1	GSE222315_p4_NAT	GSE222315	DF.classifications_0.25_0.005_289	Singlet	pANN_0.25_0.005_289	0
GSE222315_CATACCCAGATTCGCT-1_1_1_1_1	GSE222315_p4_NAT	GSE222315	DF.classifications_0.25_0.005_289	Singlet	pANN_0.25_0.005_289	0.0238095238095238
GSE222315_CATACCCAGCCAAGGT-1_1_1_1_1	GSE222315_p4_NAT	GSE222315	DF.classifications_0.25_0.005_289	Singlet	pANN_0.25_0.005_289	0.0952380952380952
GSE222315_CATACCCAGTGTACCT-1_1_1_1_1	GSE222315_p4_NAT	GSE222315	DF.classifications_0.25_0.005_289	Singlet	pANN_0.25_0.005_289	0.0952380952380952
GSE222315_CATACCCCAGAACTCT-1_1_1_1_1	GSE222315_p4_NAT	GSE222315	DF.classifications_0.25_0.005_289	Doublet	pANN_0.25_0.005_289	0.476190476190476
GSE222315_CATACCCGTCACGCTG-1_1_1_1_1	GSE222315_p4_NAT	GSE222315	DF.classifications_0.25_0.005_289	Singlet	pANN_0.25_0.005_289	0.238095238095238
GSE222315_CATACCCGTTCAGGTT-1_1_1_1_1	GSE222315_p4_NAT	GSE222315	DF.classifications_0.25_0.005_289	Doublet	pANN_0.25_0.005_289	0.5
GSE222315_CATACCCGTTGGACTT-1_1_1_1_1	GSE222315_p4_NAT	GSE222315	DF.classifications_0.25_0.005_289	Singlet	pANN_0.25_0.005_289	0.19047619047619
GSE222315_CATACCCTCACTTATC-1_1_1_1_1	GSE222315_p4_NAT	GSE222315	DF.classifications_0.25_0.005_289	Singlet	pANN_0.25_0.005_289	0.166666666666667
GSE222315_CATACTTAGTGAGTTA-1_1_1_1_1	GSE222315_p4_NAT	GSE222315	DF.classifications_0.25_0.005_289	Singlet	pANN_0.25_0.005_289	0.30952380952381
GSE222315_CATACTTCATAGAGGC-1_1_1_1_1	GSE222315_p4_NAT	GSE222315	DF.classifications_0.25_0.005_289	Singlet	pANN_0.25_0.005_289	0.30952380952381
GSE222315_CATACTTCATGTGGCC-1_1_1_1_1	GSE222315_p4_NAT	GSE222315	DF.classifications_0.25_0.005_289	Singlet	pANN_0.25_0.005_289	0.0714285714285714
GSE222315_CATACTTTCCACACCT-1_1_1_1_1	GSE222315_p4_NAT	GSE222315	DF.classifications_0.25_0.005_289	Singlet	pANN_0.25_0.005_289	0.333333333333333
GSE222315_CATACTTTCCATTTCA-1_1_1_1_1	GSE222315_p4_NAT	GSE222315	DF.classifications_0.25_0.005_289	Singlet	pANN_0.25_0.005_289	0.333333333333333
GSE222315_CATACTTTCCGGCTTT-1_1_1_1_1	GSE222315_p4_NAT	GSE222315	DF.classifications_0.25_0.005_289	Singlet	pANN_0.25_0.005_289	0.19047619047619
GSE222315_CATAGACAGGAAGTAG-1_1_1_1_1	GSE222315_p4_NAT	GSE222315	DF.classifications_0.25_0.005_289	Singlet	pANN_0.25_0.005_289	0.0714285714285714
GSE222315_CATAGACAGGTTGGTG-1_1_1_1_1	GSE222315_p4_NAT	GSE222315	DF.classifications_0.25_0.005_289	Doublet	pANN_0.25_0.005_289	0.642857142857143
GSE222315_CATAGACAGTATCTGC-1_1_1_1_1	GSE222315_p4_NAT	GSE222315	DF.classifications_0.25_0.005_289	Singlet	pANN_0.25_0.005_289	0.0476190476190476
GSE222315_CATAGACCAAATGCGG-1_1_1_1_1	GSE222315_p4_NAT	GSE222315	DF.classifications_0.25_0.005_289	Singlet	pANN_0.25_0.005_289	0.0714285714285714
GSE222315_CATAGACGTACAAAGT-1_1_1_1_1	GSE222315_p4_NAT	GSE222315	DF.classifications_0.25_0.005_289	Singlet	pANN_0.25_0.005_289	0.214285714285714
GSE222315_CATAGACGTCAAGGCA-1_1_1_1_1	GSE222315_p4_NAT	GSE222315	DF.classifications_0.25_0.005_289	Singlet	pANN_0.25_0.005_289	0.0476190476190476
GSE222315_CATAGACGTCGTCATA-1_1_1_1_1	GSE222315_p4_NAT	GSE222315	DF.classifications_0.25_0.005_289	Singlet	pANN_0.25_0.005_289	0.19047619047619
GSE222315_CATAGACGTGTCCGTG-1_1_1_1_1	GSE222315_p4_NAT	GSE222315	DF.classifications_0.25_0.005_289	Singlet	pANN_0.25_0.005_289	0.285714285714286
GSE222315_CATAGACTCATTTCCA-1_1_1_1_1	GSE222315_p4_NAT	GSE222315	DF.classifications_0.25_0.005_289	Singlet	pANN_0.25_0.005_289	0.380952380952381
GSE222315_CATCAAGAGAGGATGA-1_1_1_1_1	GSE222315_p4_NAT	GSE222315	DF.classifications_0.25_0.005_289	Singlet	pANN_0.25_0.005_289	0.285714285714286
GSE222315_CATCAAGAGATCCCAT-1_1_1_1_1	GSE222315_p4_NAT	GSE222315	DF.classifications_0.25_0.005_289	Singlet	pANN_0.25_0.005_289	0.142857142857143
GSE222315_CATCAAGCAAACCACT-1_1_1_1_1	GSE222315_p4_NAT	GSE222315	DF.classifications_0.25_0.005_289	Singlet	pANN_0.25_0.005_289	0.261904761904762
GSE222315_CATCAAGCAGAGTTGG-1_1_1_1_1	GSE222315_p4_NAT	GSE222315	DF.classifications_0.25_0.005_289	Singlet	pANN_0.25_0.005_289	0
GSE222315_CATCAAGGTCGTTTCC-1_1_1_1_1	GSE222315_p4_NAT	GSE222315	DF.classifications_0.25_0.005_289	Singlet	pANN_0.25_0.005_289	0
GSE222315_CATCCACAGTCAGGGT-1_1_1_1_1	GSE222315_p4_NAT	GSE222315	DF.classifications_0.25_0.005_289	Singlet	pANN_0.25_0.005_289	0.142857142857143
GSE222315_CATCCACCAGTCGGAA-1_1_1_1_1	GSE222315_p4_NAT	GSE222315	DF.classifications_0.25_0.005_289	Singlet	pANN_0.25_0.005_289	0.238095238095238
GSE222315_CATCCACTCGGTCTGG-1_1_1_1_1	GSE222315_p4_NAT	GSE222315	DF.classifications_0.25_0.005_289	Doublet	pANN_0.25_0.005_289	0.428571428571429
GSE222315_CATCCCAAGACTCATC-1_1_1_1_1	GSE222315_p4_NAT	GSE222315	DF.classifications_0.25_0.005_289	Singlet	pANN_0.25_0.005_289	0.0952380952380952
GSE222315_CATCCCAAGGAACTAT-1_1_1_1_1	GSE222315_p4_NAT	GSE222315	DF.classifications_0.25_0.005_289	Singlet	pANN_0.25_0.005_289	0.0238095238095238
GSE222315_CATCCCACAATCCTAG-1_1_1_1_1	GSE222315_p4_NAT	GSE222315	DF.classifications_0.25_0.005_289	Singlet	pANN_0.25_0.005_289	0
GSE222315_CATCCCACACTCCGGA-1_1_1_1_1	GSE222315_p4_NAT	GSE222315	DF.classifications_0.25_0.005_289	Singlet	pANN_0.25_0.005_289	0.214285714285714
GSE222315_CATCCCAGTTGTGCAT-1_1_1_1_1	GSE222315_p4_NAT	GSE222315	DF.classifications_0.25_0.005_289	Singlet	pANN_0.25_0.005_289	0.0952380952380952
GSE222315_CATCCCATCGACATTG-1_1_1_1_1	GSE222315_p4_NAT	GSE222315	DF.classifications_0.25_0.005_289	Singlet	pANN_0.25_0.005_289	0.214285714285714
GSE222315_CATCCCATCTTGGAAC-1_1_1_1_1	GSE222315_p4_NAT	GSE222315	DF.classifications_0.25_0.005_289	Singlet	pANN_0.25_0.005_289	0.285714285714286
GSE222315_CATCCGTAGGCTAAAT-1_1_1_1_1	GSE222315_p4_NAT	GSE222315	DF.classifications_0.25_0.005_289	Singlet	pANN_0.25_0.005_289	0
GSE222315_CATCCGTCAATGAAAC-1_1_1_1_1	GSE222315_p4_NAT	GSE222315	DF.classifications_0.25_0.005_289	Singlet	pANN_0.25_0.005_289	0.30952380952381
GSE222315_CATCCGTGTGACTGAG-1_1_1_1_1	GSE222315_p4_NAT	GSE222315	DF.classifications_0.25_0.005_289	Singlet	pANN_0.25_0.005_289	0.0952380952380952
GSE222315_CATCCGTGTGTGTGTT-1_1_1_1_1	GSE222315_p4_NAT	GSE222315	DF.classifications_0.25_0.005_289	Singlet	pANN_0.25_0.005_289	0
GSE222315_CATCCGTTCCGTTGAA-1_1_1_1_1	GSE222315_p4_NAT	GSE222315	DF.classifications_0.25_0.005_289	Singlet	pANN_0.25_0.005_289	0.119047619047619
GSE222315_CATCCGTTCTCAATCT-1_1_1_1_1	GSE222315_p4_NAT	GSE222315	DF.classifications_0.25_0.005_289	Singlet	pANN_0.25_0.005_289	0.0952380952380952
GSE222315_CATCGCTAGGACTAAT-1_1_1_1_1	GSE222315_p4_NAT	GSE222315	DF.classifications_0.25_0.005_289	Singlet	pANN_0.25_0.005_289	0.142857142857143
GSE222315_CATCGCTGTGTGTGGA-1_1_1_1_1	GSE222315_p4_NAT	GSE222315	DF.classifications_0.25_0.005_289	Singlet	pANN_0.25_0.005_289	0.0714285714285714
GSE222315_CATCGCTTCTTTCAGT-1_1_1_1_1	GSE222315_p4_NAT	GSE222315	DF.classifications_0.25_0.005_289	Singlet	pANN_0.25_0.005_289	0.142857142857143
GSE222315_CATCGGGAGGTCCAGA-1_1_1_1_1	GSE222315_p4_NAT	GSE222315	DF.classifications_0.25_0.005_289	Singlet	pANN_0.25_0.005_289	0
GSE222315_CATCGGGAGTTGTCAC-1_1_1_1_1	GSE222315_p4_NAT	GSE222315	DF.classifications_0.25_0.005_289	Singlet	pANN_0.25_0.005_289	0
GSE222315_CATCGGGCAATGTCAC-1_1_1_1_1	GSE222315_p4_NAT	GSE222315	DF.classifications_0.25_0.005_289	Singlet	pANN_0.25_0.005_289	0.19047619047619
GSE222315_CATCGGGCAGTAGATA-1_1_1_1_1	GSE222315_p4_NAT	GSE222315	DF.classifications_0.25_0.005_289	Singlet	pANN_0.25_0.005_289	0.0952380952380952
GSE222315_CATCGGGCATCGCTCT-1_1_1_1_1	GSE222315_p4_NAT	GSE222315	DF.classifications_0.25_0.005_289	Singlet	pANN_0.25_0.005_289	0.19047619047619
GSE222315_CATCGGGCATGGATCT-1_1_1_1_1	GSE222315_p4_NAT	GSE222315	DF.classifications_0.25_0.005_289	Singlet	pANN_0.25_0.005_289	0.166666666666667
GSE222315_CATCGGGGTGGTACAG-1_1_1_1_1	GSE222315_p4_NAT	GSE222315	DF.classifications_0.25_0.005_289	Singlet	pANN_0.25_0.005_289	0.0952380952380952
GSE222315_CATCGGGGTTGACTAC-1_1_1_1_1	GSE222315_p4_NAT	GSE222315	DF.classifications_0.25_0.005_289	Singlet	pANN_0.25_0.005_289	0.0476190476190476
GSE222315_CATCGGGTCACAAGAA-1_1_1_1_1	GSE222315_p4_NAT	GSE222315	DF.classifications_0.25_0.005_289	Singlet	pANN_0.25_0.005_289	0.0952380952380952
GSE222315_CATCGGGTCCTGTAGA-1_1_1_1_1	GSE222315_p4_NAT	GSE222315	DF.classifications_0.25_0.005_289	Singlet	pANN_0.25_0.005_289	0.333333333333333
GSE222315_CATCGGGTCGGTCATA-1_1_1_1_1	GSE222315_p4_NAT	GSE222315	DF.classifications_0.25_0.005_289	Singlet	pANN_0.25_0.005_289	0.0238095238095238
GSE222315_CATCGTCAGGCGATAC-1_1_1_1_1	GSE222315_p4_NAT	GSE222315	DF.classifications_0.25_0.005_289	Singlet	pANN_0.25_0.005_289	0.142857142857143
GSE222315_CATCGTCCAATTGTGC-1_1_1_1_1	GSE222315_p4_NAT	GSE222315	DF.classifications_0.25_0.005_289	Singlet	pANN_0.25_0.005_289	0.0238095238095238
GSE222315_CATCGTCCACATTCTT-1_1_1_1_1	GSE222315_p4_NAT	GSE222315	DF.classifications_0.25_0.005_289	Singlet	pANN_0.25_0.005_289	0
GSE222315_CATCGTCGTGAGTCAG-1_1_1_1_1	GSE222315_p4_NAT	GSE222315	DF.classifications_0.25_0.005_289	Singlet	pANN_0.25_0.005_289	0.357142857142857
GSE222315_CATGAGTAGACTACGG-1_1_1_1_1	GSE222315_p4_NAT	GSE222315	DF.classifications_0.25_0.005_289	Singlet	pANN_0.25_0.005_289	0
GSE222315_CATGAGTAGCAGGGAG-1_1_1_1_1	GSE222315_p4_NAT	GSE222315	DF.classifications_0.25_0.005_289	Singlet	pANN_0.25_0.005_289	0.19047619047619
GSE222315_CATGAGTAGTGTTCCA-1_1_1_1_1	GSE222315_p4_NAT	GSE222315	DF.classifications_0.25_0.005_289	Singlet	pANN_0.25_0.005_289	0.166666666666667
GSE222315_CATGAGTCAAACGGCA-1_1_1_1_1	GSE222315_p4_NAT	GSE222315	DF.classifications_0.25_0.005_289	Singlet	pANN_0.25_0.005_289	0.261904761904762
GSE222315_CATGAGTCAGAACTCT-1_1_1_1_1	GSE222315_p4_NAT	GSE222315	DF.classifications_0.25_0.005_289	Singlet	pANN_0.25_0.005_289	0.19047619047619
GSE222315_CATGAGTGTGATTCTG-1_1_1_1_1	GSE222315_p4_NAT	GSE222315	DF.classifications_0.25_0.005_289	Singlet	pANN_0.25_0.005_289	0.333333333333333
GSE222315_CATGCAAAGCTAAACA-1_1_1_1_1	GSE222315_p4_NAT	GSE222315	DF.classifications_0.25_0.005_289	Singlet	pANN_0.25_0.005_289	0.0714285714285714
GSE222315_CATGCAAAGGAAACGA-1_1_1_1_1	GSE222315_p4_NAT	GSE222315	DF.classifications_0.25_0.005_289	Singlet	pANN_0.25_0.005_289	0.333333333333333
GSE222315_CATGCAACACCGTGGT-1_1_1_1_1	GSE222315_p4_NAT	GSE222315	DF.classifications_0.25_0.005_289	Singlet	pANN_0.25_0.005_289	0.0952380952380952
GSE222315_CATGCAATCAAGGTGG-1_1_1_1_1	GSE222315_p4_NAT	GSE222315	DF.classifications_0.25_0.005_289	Singlet	pANN_0.25_0.005_289	0.0476190476190476
GSE222315_CATGCAATCTTGGTGA-1_1_1_1_1	GSE222315_p4_NAT	GSE222315	DF.classifications_0.25_0.005_289	Singlet	pANN_0.25_0.005_289	0.0714285714285714
GSE222315_CATGCCTAGCACGATG-1_1_1_1_1	GSE222315_p4_NAT	GSE222315	DF.classifications_0.25_0.005_289	Singlet	pANN_0.25_0.005_289	0.0238095238095238
GSE222315_CATGCCTAGGCTGAAC-1_1_1_1_1	GSE222315_p4_NAT	GSE222315	DF.classifications_0.25_0.005_289	Singlet	pANN_0.25_0.005_289	0.261904761904762
GSE222315_CATGCCTGTGACACGA-1_1_1_1_1	GSE222315_p4_NAT	GSE222315	DF.classifications_0.25_0.005_289	Doublet	pANN_0.25_0.005_289	0.476190476190476
GSE222315_CATGCCTGTTGCTTGA-1_1_1_1_1	GSE222315_p4_NAT	GSE222315	DF.classifications_0.25_0.005_289	Singlet	pANN_0.25_0.005_289	0.142857142857143
GSE222315_CATGCCTTCCGCACGA-1_1_1_1_1	GSE222315_p4_NAT	GSE222315	DF.classifications_0.25_0.005_289	Singlet	pANN_0.25_0.005_289	0.261904761904762
GSE222315_CATGCCTTCCGCATAA-1_1_1_1_1	GSE222315_p4_NAT	GSE222315	DF.classifications_0.25_0.005_289	Singlet	pANN_0.25_0.005_289	0.166666666666667
GSE222315_CATGCGGAGCATGCGA-1_1_1_1_1	GSE222315_p4_NAT	GSE222315	DF.classifications_0.25_0.005_289	Singlet	pANN_0.25_0.005_289	0.0238095238095238
GSE222315_CATGCGGAGCCGCACT-1_1_1_1_1	GSE222315_p4_NAT	GSE222315	DF.classifications_0.25_0.005_289	Singlet	pANN_0.25_0.005_289	0.30952380952381
GSE222315_CATGCGGCACACACTA-1_1_1_1_1	GSE222315_p4_NAT	GSE222315	DF.classifications_0.25_0.005_289	Singlet	pANN_0.25_0.005_289	0.285714285714286
GSE222315_CATGCGGCACCCTTGT-1_1_1_1_1	GSE222315_p4_NAT	GSE222315	DF.classifications_0.25_0.005_289	Singlet	pANN_0.25_0.005_289	0.214285714285714
GSE222315_CATGCGGCACGATAGG-1_1_1_1_1	GSE222315_p4_NAT	GSE222315	DF.classifications_0.25_0.005_289	Singlet	pANN_0.25_0.005_289	0.0714285714285714
GSE222315_CATGCGGGTACCTTCC-1_1_1_1_1	GSE222315_p4_NAT	GSE222315	DF.classifications_0.25_0.005_289	Singlet	pANN_0.25_0.005_289	0.214285714285714
GSE222315_CATGCGGGTTGCCTAA-1_1_1_1_1	GSE222315_p4_NAT	GSE222315	DF.classifications_0.25_0.005_289	Singlet	pANN_0.25_0.005_289	0.119047619047619
GSE222315_CATGCGGTCATCGTAG-1_1_1_1_1	GSE222315_p4_NAT	GSE222315	DF.classifications_0.25_0.005_289	Singlet	pANN_0.25_0.005_289	0.238095238095238
GSE222315_CATGCGGTCTAGCAAC-1_1_1_1_1	GSE222315_p4_NAT	GSE222315	DF.classifications_0.25_0.005_289	Singlet	pANN_0.25_0.005_289	0
GSE222315_CATGCGGTCTCGACGG-1_1_1_1_1	GSE222315_p4_NAT	GSE222315	DF.classifications_0.25_0.005_289	Singlet	pANN_0.25_0.005_289	0.0238095238095238
GSE222315_CATGCTCAGAGCCGAT-1_1_1_1_1	GSE222315_p4_NAT	GSE222315	DF.classifications_0.25_0.005_289	Doublet	pANN_0.25_0.005_289	0.452380952380952
GSE222315_CATGCTCAGTCGGCAA-1_1_1_1_1	GSE222315_p4_NAT	GSE222315	DF.classifications_0.25_0.005_289	Singlet	pANN_0.25_0.005_289	0.119047619047619
GSE222315_CATGCTCAGTGACACG-1_1_1_1_1	GSE222315_p4_NAT	GSE222315	DF.classifications_0.25_0.005_289	Singlet	pANN_0.25_0.005_289	0.0714285714285714
GSE222315_CATGCTCCAATTCTCT-1_1_1_1_1	GSE222315_p4_NAT	GSE222315	DF.classifications_0.25_0.005_289	Singlet	pANN_0.25_0.005_289	0
GSE222315_CATGCTCGTTCTCCTG-1_1_1_1_1	GSE222315_p4_NAT	GSE222315	DF.classifications_0.25_0.005_289	Singlet	pANN_0.25_0.005_289	0.0238095238095238
GSE222315_CATGCTCTCCTACACC-1_1_1_1_1	GSE222315_p4_NAT	GSE222315	DF.classifications_0.25_0.005_289	Singlet	pANN_0.25_0.005_289	0.142857142857143
GSE222315_CATGGATAGTTTGGCT-1_1_1_1_1	GSE222315_p4_NAT	GSE222315	DF.classifications_0.25_0.005_289	Singlet	pANN_0.25_0.005_289	0.261904761904762
GSE222315_CATGGATCAACAGAGC-1_1_1_1_1	GSE222315_p4_NAT	GSE222315	DF.classifications_0.25_0.005_289	Singlet	pANN_0.25_0.005_289	0.19047619047619
GSE222315_CATGGATCACCTAAAC-1_1_1_1_1	GSE222315_p4_NAT	GSE222315	DF.classifications_0.25_0.005_289	Singlet	pANN_0.25_0.005_289	0.214285714285714
GSE222315_CATGGATCAGCTCTGG-1_1_1_1_1	GSE222315_p4_NAT	GSE222315	DF.classifications_0.25_0.005_289	Singlet	pANN_0.25_0.005_289	0
GSE222315_CATGGATGTAGCGAGT-1_1_1_1_1	GSE222315_p4_NAT	GSE222315	DF.classifications_0.25_0.005_289	Singlet	pANN_0.25_0.005_289	0.0238095238095238
GSE222315_CATGGATTCAAAGGTA-1_1_1_1_1	GSE222315_p4_NAT	GSE222315	DF.classifications_0.25_0.005_289	Singlet	pANN_0.25_0.005_289	0
GSE222315_CATGGATTCCTTCTGG-1_1_1_1_1	GSE222315_p4_NAT	GSE222315	DF.classifications_0.25_0.005_289	Singlet	pANN_0.25_0.005_289	0.142857142857143
GSE222315_CATGGATTCTATCGTT-1_1_1_1_1	GSE222315_p4_NAT	GSE222315	DF.classifications_0.25_0.005_289	Singlet	pANN_0.25_0.005_289	0.238095238095238
GSE222315_CATGGATTCTCTGCCA-1_1_1_1_1	GSE222315_p4_NAT	GSE222315	DF.classifications_0.25_0.005_289	Singlet	pANN_0.25_0.005_289	0.214285714285714
GSE222315_CATGGTAAGGTGGCTA-1_1_1_1_1	GSE222315_p4_NAT	GSE222315	DF.classifications_0.25_0.005_289	Singlet	pANN_0.25_0.005_289	0
GSE222315_CATGGTAAGTTTCAGC-1_1_1_1_1	GSE222315_p4_NAT	GSE222315	DF.classifications_0.25_0.005_289	Singlet	pANN_0.25_0.005_289	0.166666666666667
GSE222315_CATGGTAGTACAGTAA-1_1_1_1_1	GSE222315_p4_NAT	GSE222315	DF.classifications_0.25_0.005_289	Singlet	pANN_0.25_0.005_289	0.0238095238095238
GSE222315_CATGGTAGTTAGTTCG-1_1_1_1_1	GSE222315_p4_NAT	GSE222315	DF.classifications_0.25_0.005_289	Singlet	pANN_0.25_0.005_289	0.142857142857143
GSE222315_CATGGTAGTTCAAACC-1_1_1_1_1	GSE222315_p4_NAT	GSE222315	DF.classifications_0.25_0.005_289	Singlet	pANN_0.25_0.005_289	0.119047619047619
GSE222315_CATGGTAGTTGAGTCT-1_1_1_1_1	GSE222315_p4_NAT	GSE222315	DF.classifications_0.25_0.005_289	Singlet	pANN_0.25_0.005_289	0.19047619047619
GSE222315_CATGGTATCGTGGGTC-1_1_1_1_1	GSE222315_p4_NAT	GSE222315	DF.classifications_0.25_0.005_289	Singlet	pANN_0.25_0.005_289	0.119047619047619
GSE222315_CATTCATAGAATCGAT-1_1_1_1_1	GSE222315_p4_NAT	GSE222315	DF.classifications_0.25_0.005_289	Singlet	pANN_0.25_0.005_289	0.119047619047619
GSE222315_CATTCATCACCAGCGT-1_1_1_1_1	GSE222315_p4_NAT	GSE222315	DF.classifications_0.25_0.005_289	Singlet	pANN_0.25_0.005_289	0.0714285714285714
GSE222315_CATTCATCAGCTATAC-1_1_1_1_1	GSE222315_p4_NAT	GSE222315	DF.classifications_0.25_0.005_289	Singlet	pANN_0.25_0.005_289	0.261904761904762
GSE222315_CATTCATCATCTCGTC-1_1_1_1_1	GSE222315_p4_NAT	GSE222315	DF.classifications_0.25_0.005_289	Singlet	pANN_0.25_0.005_289	0.333333333333333
GSE222315_CATTCATTCTCTATAC-1_1_1_1_1	GSE222315_p4_NAT	GSE222315	DF.classifications_0.25_0.005_289	Singlet	pANN_0.25_0.005_289	0.0714285714285714
GSE222315_CATTCATTCTTCACGC-1_1_1_1_1	GSE222315_p4_NAT	GSE222315	DF.classifications_0.25_0.005_289	Singlet	pANN_0.25_0.005_289	0.0952380952380952
GSE222315_CATTCCGAGCATGGGT-1_1_1_1_1	GSE222315_p4_NAT	GSE222315	DF.classifications_0.25_0.005_289	Singlet	pANN_0.25_0.005_289	0.0714285714285714
GSE222315_CATTCCGAGCGGGTTA-1_1_1_1_1	GSE222315_p4_NAT	GSE222315	DF.classifications_0.25_0.005_289	Singlet	pANN_0.25_0.005_289	0.30952380952381
GSE222315_CATTCCGAGTCACGAG-1_1_1_1_1	GSE222315_p4_NAT	GSE222315	DF.classifications_0.25_0.005_289	Singlet	pANN_0.25_0.005_289	0.166666666666667
GSE222315_CATTCCGCAACTCATG-1_1_1_1_1	GSE222315_p4_NAT	GSE222315	DF.classifications_0.25_0.005_289	Singlet	pANN_0.25_0.005_289	0.119047619047619
GSE222315_CATTCCGCAGGCGTTC-1_1_1_1_1	GSE222315_p4_NAT	GSE222315	DF.classifications_0.25_0.005_289	Singlet	pANN_0.25_0.005_289	0.333333333333333
GSE222315_CATTCCGGTACGACAG-1_1_1_1_1	GSE222315_p4_NAT	GSE222315	DF.classifications_0.25_0.005_289	Singlet	pANN_0.25_0.005_289	0.0714285714285714
GSE222315_CATTCCGTCATGCTAG-1_1_1_1_1	GSE222315_p4_NAT	GSE222315	DF.classifications_0.25_0.005_289	Singlet	pANN_0.25_0.005_289	0.0952380952380952
GSE222315_CATTCTAAGAACAGGA-1_1_1_1_1	GSE222315_p4_NAT	GSE222315	DF.classifications_0.25_0.005_289	Singlet	pANN_0.25_0.005_289	0.119047619047619
GSE222315_CATTCTAAGACCAAAT-1_1_1_1_1	GSE222315_p4_NAT	GSE222315	DF.classifications_0.25_0.005_289	Singlet	pANN_0.25_0.005_289	0.0476190476190476
GSE222315_CATTCTAAGCCAAGCA-1_1_1_1_1	GSE222315_p4_NAT	GSE222315	DF.classifications_0.25_0.005_289	Singlet	pANN_0.25_0.005_289	0.142857142857143
GSE222315_CATTCTAAGCTGACCC-1_1_1_1_1	GSE222315_p4_NAT	GSE222315	DF.classifications_0.25_0.005_289	Singlet	pANN_0.25_0.005_289	0.0952380952380952
GSE222315_CATTCTAAGCTGGCTC-1_1_1_1_1	GSE222315_p4_NAT	GSE222315	DF.classifications_0.25_0.005_289	Singlet	pANN_0.25_0.005_289	0.238095238095238
GSE222315_CATTCTACAATTTCTC-1_1_1_1_1	GSE222315_p4_NAT	GSE222315	DF.classifications_0.25_0.005_289	Singlet	pANN_0.25_0.005_289	0.238095238095238
GSE222315_CATTCTACACCTGTCT-1_1_1_1_1	GSE222315_p4_NAT	GSE222315	DF.classifications_0.25_0.005_289	Singlet	pANN_0.25_0.005_289	0.0238095238095238
GSE222315_CATTCTAGTGAAGCGT-1_1_1_1_1	GSE222315_p4_NAT	GSE222315	DF.classifications_0.25_0.005_289	Singlet	pANN_0.25_0.005_289	0.119047619047619
GSE222315_CATTCTATCATGGAGG-1_1_1_1_1	GSE222315_p4_NAT	GSE222315	DF.classifications_0.25_0.005_289	Singlet	pANN_0.25_0.005_289	0.166666666666667
GSE222315_CATTGCCAGGGTAATT-1_1_1_1_1	GSE222315_p4_NAT	GSE222315	DF.classifications_0.25_0.005_289	Singlet	pANN_0.25_0.005_289	0.0476190476190476
GSE222315_CATTGCCGTGCCTACG-1_1_1_1_1	GSE222315_p4_NAT	GSE222315	DF.classifications_0.25_0.005_289	Singlet	pANN_0.25_0.005_289	0.0714285714285714
GSE222315_CATTGCCGTGGAGGTT-1_1_1_1_1	GSE222315_p4_NAT	GSE222315	DF.classifications_0.25_0.005_289	Singlet	pANN_0.25_0.005_289	0.166666666666667
GSE222315_CATTGCCTCAGTCAGT-1_1_1_1_1	GSE222315_p4_NAT	GSE222315	DF.classifications_0.25_0.005_289	Singlet	pANN_0.25_0.005_289	0.119047619047619
GSE222315_CATTGCCTCTCAGAAC-1_1_1_1_1	GSE222315_p4_NAT	GSE222315	DF.classifications_0.25_0.005_289	Singlet	pANN_0.25_0.005_289	0.0238095238095238
GSE222315_CATTGTTAGTGCACAG-1_1_1_1_1	GSE222315_p4_NAT	GSE222315	DF.classifications_0.25_0.005_289	Singlet	pANN_0.25_0.005_289	0.0952380952380952
GSE222315_CATTGTTCAGAAGTTA-1_1_1_1_1	GSE222315_p4_NAT	GSE222315	DF.classifications_0.25_0.005_289	Singlet	pANN_0.25_0.005_289	0.357142857142857
GSE222315_CATTGTTCAGTGGCTC-1_1_1_1_1	GSE222315_p4_NAT	GSE222315	DF.classifications_0.25_0.005_289	Singlet	pANN_0.25_0.005_289	0.357142857142857
GSE222315_CATTGTTCATAGCACT-1_1_1_1_1	GSE222315_p4_NAT	GSE222315	DF.classifications_0.25_0.005_289	Singlet	pANN_0.25_0.005_289	0.142857142857143
GSE222315_CATTGTTCATCGAAGG-1_1_1_1_1	GSE222315_p4_NAT	GSE222315	DF.classifications_0.25_0.005_289	Singlet	pANN_0.25_0.005_289	0.0952380952380952
GSE222315_CATTGTTCATCGGTTA-1_1_1_1_1	GSE222315_p4_NAT	GSE222315	DF.classifications_0.25_0.005_289	Singlet	pANN_0.25_0.005_289	0.142857142857143
GSE222315_CATTGTTGTATACCTG-1_1_1_1_1	GSE222315_p4_NAT	GSE222315	DF.classifications_0.25_0.005_289	Singlet	pANN_0.25_0.005_289	0.0476190476190476
GSE222315_CATTGTTGTATCAGGG-1_1_1_1_1	GSE222315_p4_NAT	GSE222315	DF.classifications_0.25_0.005_289	Singlet	pANN_0.25_0.005_289	0.238095238095238
GSE222315_CATTGTTGTCTGTAAC-1_1_1_1_1	GSE222315_p4_NAT	GSE222315	DF.classifications_0.25_0.005_289	Singlet	pANN_0.25_0.005_289	0.119047619047619
GSE222315_CATTGTTGTGTGGTCC-1_1_1_1_1	GSE222315_p4_NAT	GSE222315	DF.classifications_0.25_0.005_289	Singlet	pANN_0.25_0.005_289	0.0714285714285714
GSE222315_CATTGTTTCATTGTTC-1_1_1_1_1	GSE222315_p4_NAT	GSE222315	DF.classifications_0.25_0.005_289	Singlet	pANN_0.25_0.005_289	0.0714285714285714
GSE222315_CATTTCAAGGCGTCCT-1_1_1_1_1	GSE222315_p4_NAT	GSE222315	DF.classifications_0.25_0.005_289	Singlet	pANN_0.25_0.005_289	0.0238095238095238
GSE222315_CATTTCACAAGTATAG-1_1_1_1_1	GSE222315_p4_NAT	GSE222315	DF.classifications_0.25_0.005_289	Singlet	pANN_0.25_0.005_289	0.285714285714286
GSE222315_CATTTCAGTATACAGA-1_1_1_1_1	GSE222315_p4_NAT	GSE222315	DF.classifications_0.25_0.005_289	Singlet	pANN_0.25_0.005_289	0.119047619047619
GSE222315_CATTTCAGTATGTGTC-1_1_1_1_1	GSE222315_p4_NAT	GSE222315	DF.classifications_0.25_0.005_289	Singlet	pANN_0.25_0.005_289	0.30952380952381
GSE222315_CATTTCAGTCGTCGGT-1_1_1_1_1	GSE222315_p4_NAT	GSE222315	DF.classifications_0.25_0.005_289	Singlet	pANN_0.25_0.005_289	0.333333333333333
GSE222315_CATTTCAGTCTACGTA-1_1_1_1_1	GSE222315_p4_NAT	GSE222315	DF.classifications_0.25_0.005_289	Singlet	pANN_0.25_0.005_289	0.119047619047619
GSE222315_CATTTCAGTGGCTACC-1_1_1_1_1	GSE222315_p4_NAT	GSE222315	DF.classifications_0.25_0.005_289	Singlet	pANN_0.25_0.005_289	0
GSE222315_CATTTCATCATCCCGT-1_1_1_1_1	GSE222315_p4_NAT	GSE222315	DF.classifications_0.25_0.005_289	Singlet	pANN_0.25_0.005_289	0
GSE222315_CATTTCATCCTCTAGC-1_1_1_1_1	GSE222315_p4_NAT	GSE222315	DF.classifications_0.25_0.005_289	Singlet	pANN_0.25_0.005_289	0.333333333333333
GSE222315_CATTTCATCTTGATTC-1_1_1_1_1	GSE222315_p4_NAT	GSE222315	DF.classifications_0.25_0.005_289	Singlet	pANN_0.25_0.005_289	0.214285714285714
GSE222315_CCAAGCGAGCCTCACG-1_1_1_1_1	GSE222315_p4_NAT	GSE222315	DF.classifications_0.25_0.005_289	Singlet	pANN_0.25_0.005_289	0.119047619047619
GSE222315_CCAAGCGAGCTTGTTG-1_1_1_1_1	GSE222315_p4_NAT	GSE222315	DF.classifications_0.25_0.005_289	Singlet	pANN_0.25_0.005_289	0.261904761904762
GSE222315_CCAAGCGAGGCTTAAA-1_1_1_1_1	GSE222315_p4_NAT	GSE222315	DF.classifications_0.25_0.005_289	Singlet	pANN_0.25_0.005_289	0.0952380952380952
GSE222315_CCAAGCGGTCTATGAC-1_1_1_1_1	GSE222315_p4_NAT	GSE222315	DF.classifications_0.25_0.005_289	Singlet	pANN_0.25_0.005_289	0
GSE222315_CCAAGCGTCAGAACCT-1_1_1_1_1	GSE222315_p4_NAT	GSE222315	DF.classifications_0.25_0.005_289	Singlet	pANN_0.25_0.005_289	0.0238095238095238
GSE222315_CCAAGCGTCTATACGG-1_1_1_1_1	GSE222315_p4_NAT	GSE222315	DF.classifications_0.25_0.005_289	Doublet	pANN_0.25_0.005_289	0.666666666666667
GSE222315_CCAATGAAGAAACTCA-1_1_1_1_1	GSE222315_p4_NAT	GSE222315	DF.classifications_0.25_0.005_289	Singlet	pANN_0.25_0.005_289	0.0952380952380952
GSE222315_CCAATGACATTAGGAA-1_1_1_1_1	GSE222315_p4_NAT	GSE222315	DF.classifications_0.25_0.005_289	Singlet	pANN_0.25_0.005_289	0.238095238095238
GSE222315_CCAATGACATTGCAAC-1_1_1_1_1	GSE222315_p4_NAT	GSE222315	DF.classifications_0.25_0.005_289	Singlet	pANN_0.25_0.005_289	0
GSE222315_CCAATGATCGTGTTCC-1_1_1_1_1	GSE222315_p4_NAT	GSE222315	DF.classifications_0.25_0.005_289	Singlet	pANN_0.25_0.005_289	0.30952380952381
GSE222315_CCAATGATCTTGATTC-1_1_1_1_1	GSE222315_p4_NAT	GSE222315	DF.classifications_0.25_0.005_289	Singlet	pANN_0.25_0.005_289	0
GSE222315_CCAATTTAGACATCAA-1_1_1_1_1	GSE222315_p4_NAT	GSE222315	DF.classifications_0.25_0.005_289	Singlet	pANN_0.25_0.005_289	0.0476190476190476
GSE222315_CCAATTTAGCGAGTAC-1_1_1_1_1	GSE222315_p4_NAT	GSE222315	DF.classifications_0.25_0.005_289	Singlet	pANN_0.25_0.005_289	0.0714285714285714
GSE222315_CCAATTTAGCGATCGA-1_1_1_1_1	GSE222315_p4_NAT	GSE222315	DF.classifications_0.25_0.005_289	Doublet	pANN_0.25_0.005_289	0.428571428571429
GSE222315_CCAATTTCAATGCAAA-1_1_1_1_1	GSE222315_p4_NAT	GSE222315	DF.classifications_0.25_0.005_289	Singlet	pANN_0.25_0.005_289	0.333333333333333
GSE222315_CCAATTTGTCGAATTC-1_1_1_1_1	GSE222315_p4_NAT	GSE222315	DF.classifications_0.25_0.005_289	Singlet	pANN_0.25_0.005_289	0.0714285714285714
GSE222315_CCAATTTGTTCTCCTG-1_1_1_1_1	GSE222315_p4_NAT	GSE222315	DF.classifications_0.25_0.005_289	Singlet	pANN_0.25_0.005_289	0.119047619047619
GSE222315_CCAATTTTCCAATCCC-1_1_1_1_1	GSE222315_p4_NAT	GSE222315	DF.classifications_0.25_0.005_289	Doublet	pANN_0.25_0.005_289	0.5
GSE222315_CCAATTTTCCTGTACC-1_1_1_1_1	GSE222315_p4_NAT	GSE222315	DF.classifications_0.25_0.005_289	Singlet	pANN_0.25_0.005_289	0.0238095238095238
GSE222315_CCAATTTTCGAGAACG-1_1_1_1_1	GSE222315_p4_NAT	GSE222315	DF.classifications_0.25_0.005_289	Singlet	pANN_0.25_0.005_289	0.0476190476190476
GSE222315_CCAATTTTCTTCCGTG-1_1_1_1_1	GSE222315_p4_NAT	GSE222315	DF.classifications_0.25_0.005_289	Singlet	pANN_0.25_0.005_289	0.0476190476190476
GSE222315_CCACAAAAGGAACTCG-1_1_1_1_1	GSE222315_p4_NAT	GSE222315	DF.classifications_0.25_0.005_289	Singlet	pANN_0.25_0.005_289	0.0238095238095238
GSE222315_CCACAAAAGGAGGCAG-1_1_1_1_1	GSE222315_p4_NAT	GSE222315	DF.classifications_0.25_0.005_289	Singlet	pANN_0.25_0.005_289	0.166666666666667
GSE222315_CCACAAAAGGTTGTTC-1_1_1_1_1	GSE222315_p4_NAT	GSE222315	DF.classifications_0.25_0.005_289	Singlet	pANN_0.25_0.005_289	0.142857142857143
GSE222315_CCACACTAGCTACTGT-1_1_1_1_1	GSE222315_p4_NAT	GSE222315	DF.classifications_0.25_0.005_289	Singlet	pANN_0.25_0.005_289	0.333333333333333
GSE222315_CCACACTAGGAACATT-1_1_1_1_1	GSE222315_p4_NAT	GSE222315	DF.classifications_0.25_0.005_289	Singlet	pANN_0.25_0.005_289	0.0476190476190476
GSE222315_CCACACTAGTTCAACC-1_1_1_1_1	GSE222315_p4_NAT	GSE222315	DF.classifications_0.25_0.005_289	Singlet	pANN_0.25_0.005_289	0.0476190476190476
GSE222315_CCACACTCACCTTCGT-1_1_1_1_1	GSE222315_p4_NAT	GSE222315	DF.classifications_0.25_0.005_289	Singlet	pANN_0.25_0.005_289	0
GSE222315_CCACACTCACTCATAG-1_1_1_1_1	GSE222315_p4_NAT	GSE222315	DF.classifications_0.25_0.005_289	Singlet	pANN_0.25_0.005_289	0.119047619047619
GSE222315_CCACACTCAGGAACCA-1_1_1_1_1	GSE222315_p4_NAT	GSE222315	DF.classifications_0.25_0.005_289	Singlet	pANN_0.25_0.005_289	0.238095238095238
GSE222315_CCACACTGTATACCTG-1_1_1_1_1	GSE222315_p4_NAT	GSE222315	DF.classifications_0.25_0.005_289	Singlet	pANN_0.25_0.005_289	0.214285714285714
GSE222315_CCACACTGTATGGTAA-1_1_1_1_1	GSE222315_p4_NAT	GSE222315	DF.classifications_0.25_0.005_289	Singlet	pANN_0.25_0.005_289	0.142857142857143
GSE222315_CCACACTGTCACAGTT-1_1_1_1_1	GSE222315_p4_NAT	GSE222315	DF.classifications_0.25_0.005_289	Singlet	pANN_0.25_0.005_289	0.380952380952381
GSE222315_CCACACTGTGTCTTCC-1_1_1_1_1	GSE222315_p4_NAT	GSE222315	DF.classifications_0.25_0.005_289	Singlet	pANN_0.25_0.005_289	0.214285714285714
GSE222315_CCACACTGTTGTGTAC-1_1_1_1_1	GSE222315_p4_NAT	GSE222315	DF.classifications_0.25_0.005_289	Singlet	pANN_0.25_0.005_289	0.0952380952380952
GSE222315_CCACCATAGAGCTGCA-1_1_1_1_1	GSE222315_p4_NAT	GSE222315	DF.classifications_0.25_0.005_289	Doublet	pANN_0.25_0.005_289	0.547619047619048
GSE222315_CCACCATCAATTGCCA-1_1_1_1_1	GSE222315_p4_NAT	GSE222315	DF.classifications_0.25_0.005_289	Singlet	pANN_0.25_0.005_289	0.142857142857143
GSE222315_CCACCATCATTCGATG-1_1_1_1_1	GSE222315_p4_NAT	GSE222315	DF.classifications_0.25_0.005_289	Singlet	pANN_0.25_0.005_289	0.0238095238095238
GSE222315_CCACCATCATTGTCGA-1_1_1_1_1	GSE222315_p4_NAT	GSE222315	DF.classifications_0.25_0.005_289	Singlet	pANN_0.25_0.005_289	0.0476190476190476
GSE222315_CCACCATGTTATAGCC-1_1_1_1_1	GSE222315_p4_NAT	GSE222315	DF.classifications_0.25_0.005_289	Singlet	pANN_0.25_0.005_289	0.285714285714286
GSE222315_CCACGAGAGTTTGGCT-1_1_1_1_1	GSE222315_p4_NAT	GSE222315	DF.classifications_0.25_0.005_289	Singlet	pANN_0.25_0.005_289	0.214285714285714
GSE222315_CCACGAGCAATCGAAA-1_1_1_1_1	GSE222315_p4_NAT	GSE222315	DF.classifications_0.25_0.005_289	Singlet	pANN_0.25_0.005_289	0.214285714285714
GSE222315_CCACGAGCATATCGGT-1_1_1_1_1	GSE222315_p4_NAT	GSE222315	DF.classifications_0.25_0.005_289	Singlet	pANN_0.25_0.005_289	0.0238095238095238
GSE222315_CCACGAGCATTGAGCT-1_1_1_1_1	GSE222315_p4_NAT	GSE222315	DF.classifications_0.25_0.005_289	Singlet	pANN_0.25_0.005_289	0.0238095238095238
GSE222315_CCACGAGGTACAGAGC-1_1_1_1_1	GSE222315_p4_NAT	GSE222315	DF.classifications_0.25_0.005_289	Singlet	pANN_0.25_0.005_289	0.0476190476190476
GSE222315_CCACGAGTCAGATTGC-1_1_1_1_1	GSE222315_p4_NAT	GSE222315	DF.classifications_0.25_0.005_289	Singlet	pANN_0.25_0.005_289	0.0476190476190476
GSE222315_CCACGTTAGTCACACT-1_1_1_1_1	GSE222315_p4_NAT	GSE222315	DF.classifications_0.25_0.005_289	Singlet	pANN_0.25_0.005_289	0.0238095238095238
GSE222315_CCACGTTCAAGTGATA-1_1_1_1_1	GSE222315_p4_NAT	GSE222315	DF.classifications_0.25_0.005_289	Singlet	pANN_0.25_0.005_289	0.119047619047619
GSE222315_CCACGTTGTTCCCAAA-1_1_1_1_1	GSE222315_p4_NAT	GSE222315	DF.classifications_0.25_0.005_289	Singlet	pANN_0.25_0.005_289	0.238095238095238
GSE222315_CCACGTTTCCATCTCG-1_1_1_1_1	GSE222315_p4_NAT	GSE222315	DF.classifications_0.25_0.005_289	Singlet	pANN_0.25_0.005_289	0.214285714285714
GSE222315_CCACTTGAGGCTCCCA-1_1_1_1_1	GSE222315_p4_NAT	GSE222315	DF.classifications_0.25_0.005_289	Singlet	pANN_0.25_0.005_289	0.0238095238095238
GSE222315_CCACTTGAGTAAGAGG-1_1_1_1_1	GSE222315_p4_NAT	GSE222315	DF.classifications_0.25_0.005_289	Singlet	pANN_0.25_0.005_289	0.0714285714285714
GSE222315_CCACTTGCAAAGAACT-1_1_1_1_1	GSE222315_p4_NAT	GSE222315	DF.classifications_0.25_0.005_289	Singlet	pANN_0.25_0.005_289	0
GSE222315_CCACTTGCAACCGATT-1_1_1_1_1	GSE222315_p4_NAT	GSE222315	DF.classifications_0.25_0.005_289	Singlet	pANN_0.25_0.005_289	0.0952380952380952
GSE222315_CCACTTGCACTGAATC-1_1_1_1_1	GSE222315_p4_NAT	GSE222315	DF.classifications_0.25_0.005_289	Singlet	pANN_0.25_0.005_289	0
GSE222315_CCACTTGGTTTCAGAC-1_1_1_1_1	GSE222315_p4_NAT	GSE222315	DF.classifications_0.25_0.005_289	Singlet	pANN_0.25_0.005_289	0.238095238095238
GSE222315_CCACTTGTCCTCCACA-1_1_1_1_1	GSE222315_p4_NAT	GSE222315	DF.classifications_0.25_0.005_289	Singlet	pANN_0.25_0.005_289	0.0238095238095238
GSE222315_CCACTTGTCTCGTCAC-1_1_1_1_1	GSE222315_p4_NAT	GSE222315	DF.classifications_0.25_0.005_289	Singlet	pANN_0.25_0.005_289	0.380952380952381
GSE222315_CCATAAGCACGCGGTT-1_1_1_1_1	GSE222315_p4_NAT	GSE222315	DF.classifications_0.25_0.005_289	Singlet	pANN_0.25_0.005_289	0.380952380952381
GSE222315_CCATAAGGTAATCAAG-1_1_1_1_1	GSE222315_p4_NAT	GSE222315	DF.classifications_0.25_0.005_289	Singlet	pANN_0.25_0.005_289	0
GSE222315_CCATAAGGTGAGCGAT-1_1_1_1_1	GSE222315_p4_NAT	GSE222315	DF.classifications_0.25_0.005_289	Singlet	pANN_0.25_0.005_289	0.119047619047619
GSE222315_CCATAAGGTTCAAACC-1_1_1_1_1	GSE222315_p4_NAT	GSE222315	DF.classifications_0.25_0.005_289	Singlet	pANN_0.25_0.005_289	0.30952380952381
GSE222315_CCATAAGGTTTGTGGT-1_1_1_1_1	GSE222315_p4_NAT	GSE222315	DF.classifications_0.25_0.005_289	Singlet	pANN_0.25_0.005_289	0.166666666666667
GSE222315_CCATAAGTCGGTAGGA-1_1_1_1_1	GSE222315_p4_NAT	GSE222315	DF.classifications_0.25_0.005_289	Doublet	pANN_0.25_0.005_289	0.452380952380952
GSE222315_CCATAAGTCTGGGCCA-1_1_1_1_1	GSE222315_p4_NAT	GSE222315	DF.classifications_0.25_0.005_289	Singlet	pANN_0.25_0.005_289	0.0238095238095238
GSE222315_CCATCACAGAGGCTGT-1_1_1_1_1	GSE222315_p4_NAT	GSE222315	DF.classifications_0.25_0.005_289	Singlet	pANN_0.25_0.005_289	0.238095238095238
GSE222315_CCATCACAGATGAATC-1_1_1_1_1	GSE222315_p4_NAT	GSE222315	DF.classifications_0.25_0.005_289	Singlet	pANN_0.25_0.005_289	0.261904761904762
GSE222315_CCATCACAGTCTAGAA-1_1_1_1_1	GSE222315_p4_NAT	GSE222315	DF.classifications_0.25_0.005_289	Singlet	pANN_0.25_0.005_289	0.142857142857143
GSE222315_CCATCACCAAGGTACG-1_1_1_1_1	GSE222315_p4_NAT	GSE222315	DF.classifications_0.25_0.005_289	Singlet	pANN_0.25_0.005_289	0.0714285714285714
GSE222315_CCATCACCACTTCTCG-1_1_1_1_1	GSE222315_p4_NAT	GSE222315	DF.classifications_0.25_0.005_289	Singlet	pANN_0.25_0.005_289	0.238095238095238
GSE222315_CCATCACGTGGTTTAC-1_1_1_1_1	GSE222315_p4_NAT	GSE222315	DF.classifications_0.25_0.005_289	Doublet	pANN_0.25_0.005_289	0.452380952380952
GSE222315_CCATCACGTTGTTGCA-1_1_1_1_1	GSE222315_p4_NAT	GSE222315	DF.classifications_0.25_0.005_289	Singlet	pANN_0.25_0.005_289	0.19047619047619
GSE222315_CCATCACTCAACTACG-1_1_1_1_1	GSE222315_p4_NAT	GSE222315	DF.classifications_0.25_0.005_289	Singlet	pANN_0.25_0.005_289	0.357142857142857
GSE222315_CCATCACTCTTACGTT-1_1_1_1_1	GSE222315_p4_NAT	GSE222315	DF.classifications_0.25_0.005_289	Singlet	pANN_0.25_0.005_289	0.0476190476190476
GSE222315_CCCAACTAGCACCTGC-1_1_1_1_1	GSE222315_p4_NAT	GSE222315	DF.classifications_0.25_0.005_289	Singlet	pANN_0.25_0.005_289	0.0238095238095238
GSE222315_CCCAACTAGCTGGTGA-1_1_1_1_1	GSE222315_p4_NAT	GSE222315	DF.classifications_0.25_0.005_289	Singlet	pANN_0.25_0.005_289	0.214285714285714
GSE222315_CCCAACTCAACGCCCA-1_1_1_1_1	GSE222315_p4_NAT	GSE222315	DF.classifications_0.25_0.005_289	Singlet	pANN_0.25_0.005_289	0.166666666666667
GSE222315_CCCAACTCACAAGCTT-1_1_1_1_1	GSE222315_p4_NAT	GSE222315	DF.classifications_0.25_0.005_289	Singlet	pANN_0.25_0.005_289	0.285714285714286
GSE222315_CCCAACTCATCTCGTC-1_1_1_1_1	GSE222315_p4_NAT	GSE222315	DF.classifications_0.25_0.005_289	Singlet	pANN_0.25_0.005_289	0.380952380952381
GSE222315_CCCATTGAGACCAAAT-1_1_1_1_1	GSE222315_p4_NAT	GSE222315	DF.classifications_0.25_0.005_289	Doublet	pANN_0.25_0.005_289	0.476190476190476
GSE222315_CCCATTGCACCGTGAC-1_1_1_1_1	GSE222315_p4_NAT	GSE222315	DF.classifications_0.25_0.005_289	Singlet	pANN_0.25_0.005_289	0.19047619047619
GSE222315_CCCATTGTCAAGTGGG-1_1_1_1_1	GSE222315_p4_NAT	GSE222315	DF.classifications_0.25_0.005_289	Singlet	pANN_0.25_0.005_289	0.142857142857143
GSE222315_CCCATTGTCCGTGTAA-1_1_1_1_1	GSE222315_p4_NAT	GSE222315	DF.classifications_0.25_0.005_289	Singlet	pANN_0.25_0.005_289	0.238095238095238
GSE222315_CCCATTGTCGCTTGAA-1_1_1_1_1	GSE222315_p4_NAT	GSE222315	DF.classifications_0.25_0.005_289	Singlet	pANN_0.25_0.005_289	0
GSE222315_CCCATTGTCTCCACTG-1_1_1_1_1	GSE222315_p4_NAT	GSE222315	DF.classifications_0.25_0.005_289	Singlet	pANN_0.25_0.005_289	0.238095238095238
GSE222315_CCCATTGTCTCTCGCA-1_1_1_1_1	GSE222315_p4_NAT	GSE222315	DF.classifications_0.25_0.005_289	Singlet	pANN_0.25_0.005_289	0.285714285714286
GSE222315_CCCGAAGAGTGCAACG-1_1_1_1_1	GSE222315_p4_NAT	GSE222315	DF.classifications_0.25_0.005_289	Singlet	pANN_0.25_0.005_289	0
GSE222315_CCCGAAGCACCTCGTT-1_1_1_1_1	GSE222315_p4_NAT	GSE222315	DF.classifications_0.25_0.005_289	Singlet	pANN_0.25_0.005_289	0.214285714285714
GSE222315_CCCGAAGCACTTGGGC-1_1_1_1_1	GSE222315_p4_NAT	GSE222315	DF.classifications_0.25_0.005_289	Singlet	pANN_0.25_0.005_289	0.142857142857143
GSE222315_CCCGAAGCAGTCAGCC-1_1_1_1_1	GSE222315_p4_NAT	GSE222315	DF.classifications_0.25_0.005_289	Singlet	pANN_0.25_0.005_289	0.119047619047619
GSE222315_CCCGAAGGTACCTAAC-1_1_1_1_1	GSE222315_p4_NAT	GSE222315	DF.classifications_0.25_0.005_289	Singlet	pANN_0.25_0.005_289	0.0238095238095238
GSE222315_CCCGAAGGTTGGGCCT-1_1_1_1_1	GSE222315_p4_NAT	GSE222315	DF.classifications_0.25_0.005_289	Singlet	pANN_0.25_0.005_289	0.0714285714285714
GSE222315_CCCGGAAAGAAACCCG-1_1_1_1_1	GSE222315_p4_NAT	GSE222315	DF.classifications_0.25_0.005_289	Singlet	pANN_0.25_0.005_289	0.0952380952380952
GSE222315_CCCGGAAAGAGTCCGA-1_1_1_1_1	GSE222315_p4_NAT	GSE222315	DF.classifications_0.25_0.005_289	Singlet	pANN_0.25_0.005_289	0.0714285714285714
GSE222315_CCCGGAAAGCCGTTGC-1_1_1_1_1	GSE222315_p4_NAT	GSE222315	DF.classifications_0.25_0.005_289	Singlet	pANN_0.25_0.005_289	0.30952380952381
GSE222315_CCCGGAAAGTAGGAAG-1_1_1_1_1	GSE222315_p4_NAT	GSE222315	DF.classifications_0.25_0.005_289	Singlet	pANN_0.25_0.005_289	0.0238095238095238
GSE222315_CCCGGAAAGTATAACG-1_1_1_1_1	GSE222315_p4_NAT	GSE222315	DF.classifications_0.25_0.005_289	Singlet	pANN_0.25_0.005_289	0
GSE222315_CCCGGAACAGGCCCTA-1_1_1_1_1	GSE222315_p4_NAT	GSE222315	DF.classifications_0.25_0.005_289	Singlet	pANN_0.25_0.005_289	0.0476190476190476
GSE222315_CCCGGAAGTCATTGCA-1_1_1_1_1	GSE222315_p4_NAT	GSE222315	DF.classifications_0.25_0.005_289	Singlet	pANN_0.25_0.005_289	0.261904761904762
GSE222315_CCCGGAAGTTTCGTTT-1_1_1_1_1	GSE222315_p4_NAT	GSE222315	DF.classifications_0.25_0.005_289	Singlet	pANN_0.25_0.005_289	0.0714285714285714
GSE222315_CCCGGAATCATTGAGC-1_1_1_1_1	GSE222315_p4_NAT	GSE222315	DF.classifications_0.25_0.005_289	Singlet	pANN_0.25_0.005_289	0.142857142857143
GSE222315_CCCGGAATCTCATAGG-1_1_1_1_1	GSE222315_p4_NAT	GSE222315	DF.classifications_0.25_0.005_289	Singlet	pANN_0.25_0.005_289	0
GSE222315_CCCTAACAGGCCTAAG-1_1_1_1_1	GSE222315_p4_NAT	GSE222315	DF.classifications_0.25_0.005_289	Singlet	pANN_0.25_0.005_289	0.19047619047619
GSE222315_CCCTAACCAGCGATTT-1_1_1_1_1	GSE222315_p4_NAT	GSE222315	DF.classifications_0.25_0.005_289	Singlet	pANN_0.25_0.005_289	0.261904761904762
GSE222315_CCCTAACCATGCCGAC-1_1_1_1_1	GSE222315_p4_NAT	GSE222315	DF.classifications_0.25_0.005_289	Singlet	pANN_0.25_0.005_289	0.0476190476190476
GSE222315_CCCTCAAAGGCATGGT-1_1_1_1_1	GSE222315_p4_NAT	GSE222315	DF.classifications_0.25_0.005_289	Singlet	pANN_0.25_0.005_289	0.0476190476190476
GSE222315_CCCTCAAAGTGCACCC-1_1_1_1_1	GSE222315_p4_NAT	GSE222315	DF.classifications_0.25_0.005_289	Singlet	pANN_0.25_0.005_289	0.0476190476190476
GSE222315_CCCTCAAGTGGTCTGC-1_1_1_1_1	GSE222315_p4_NAT	GSE222315	DF.classifications_0.25_0.005_289	Singlet	pANN_0.25_0.005_289	0.0714285714285714
GSE222315_CCCTCAAGTTAAACAG-1_1_1_1_1	GSE222315_p4_NAT	GSE222315	DF.classifications_0.25_0.005_289	Singlet	pANN_0.25_0.005_289	0.0952380952380952
GSE222315_CCCTCTCCAATGAGCG-1_1_1_1_1	GSE222315_p4_NAT	GSE222315	DF.classifications_0.25_0.005_289	Singlet	pANN_0.25_0.005_289	0.0238095238095238
GSE222315_CCCTCTCGTAATGTGA-1_1_1_1_1	GSE222315_p4_NAT	GSE222315	DF.classifications_0.25_0.005_289	Singlet	pANN_0.25_0.005_289	0.30952380952381
GSE222315_CCCTCTCTCACGAGGA-1_1_1_1_1	GSE222315_p4_NAT	GSE222315	DF.classifications_0.25_0.005_289	Singlet	pANN_0.25_0.005_289	0.0238095238095238
GSE222315_CCCTCTCTCGCAGAGA-1_1_1_1_1	GSE222315_p4_NAT	GSE222315	DF.classifications_0.25_0.005_289	Singlet	pANN_0.25_0.005_289	0.261904761904762
GSE222315_CCCTCTCTCTTACGGA-1_1_1_1_1	GSE222315_p4_NAT	GSE222315	DF.classifications_0.25_0.005_289	Doublet	pANN_0.25_0.005_289	0.428571428571429
GSE222315_CCCTGATAGCCTCTGG-1_1_1_1_1	GSE222315_p4_NAT	GSE222315	DF.classifications_0.25_0.005_289	Singlet	pANN_0.25_0.005_289	0.238095238095238
GSE222315_CCCTGATCAAGTGGAC-1_1_1_1_1	GSE222315_p4_NAT	GSE222315	DF.classifications_0.25_0.005_289	Singlet	pANN_0.25_0.005_289	0.380952380952381
GSE222315_CCCTGATCATGAAGGC-1_1_1_1_1	GSE222315_p4_NAT	GSE222315	DF.classifications_0.25_0.005_289	Singlet	pANN_0.25_0.005_289	0.166666666666667
GSE222315_CCCTGATGTACGCTTA-1_1_1_1_1	GSE222315_p4_NAT	GSE222315	DF.classifications_0.25_0.005_289	Singlet	pANN_0.25_0.005_289	0.261904761904762
GSE222315_CCCTGATGTTGCGAAG-1_1_1_1_1	GSE222315_p4_NAT	GSE222315	DF.classifications_0.25_0.005_289	Singlet	pANN_0.25_0.005_289	0.119047619047619
GSE222315_CCCTGATTCAAAGGAT-1_1_1_1_1	GSE222315_p4_NAT	GSE222315	DF.classifications_0.25_0.005_289	Singlet	pANN_0.25_0.005_289	0.261904761904762
GSE222315_CCCTTAGAGACATGCG-1_1_1_1_1	GSE222315_p4_NAT	GSE222315	DF.classifications_0.25_0.005_289	Singlet	pANN_0.25_0.005_289	0.0476190476190476
GSE222315_CCCTTAGAGGTTGCCC-1_1_1_1_1	GSE222315_p4_NAT	GSE222315	DF.classifications_0.25_0.005_289	Singlet	pANN_0.25_0.005_289	0.238095238095238
GSE222315_CCCTTAGCAGCTACAT-1_1_1_1_1	GSE222315_p4_NAT	GSE222315	DF.classifications_0.25_0.005_289	Doublet	pANN_0.25_0.005_289	0.452380952380952
GSE222315_CCCTTAGCATAGGAGC-1_1_1_1_1	GSE222315_p4_NAT	GSE222315	DF.classifications_0.25_0.005_289	Singlet	pANN_0.25_0.005_289	0.30952380952381
GSE222315_CCCTTAGGTCTCTCAC-1_1_1_1_1	GSE222315_p4_NAT	GSE222315	DF.classifications_0.25_0.005_289	Singlet	pANN_0.25_0.005_289	0.0714285714285714
GSE222315_CCCTTAGTCTGGAGAG-1_1_1_1_1	GSE222315_p4_NAT	GSE222315	DF.classifications_0.25_0.005_289	Singlet	pANN_0.25_0.005_289	0.142857142857143
GSE222315_CCGAACGAGACCACGA-1_1_1_1_1	GSE222315_p4_NAT	GSE222315	DF.classifications_0.25_0.005_289	Singlet	pANN_0.25_0.005_289	0.30952380952381
GSE222315_CCGAACGCAGATCCTA-1_1_1_1_1	GSE222315_p4_NAT	GSE222315	DF.classifications_0.25_0.005_289	Singlet	pANN_0.25_0.005_289	0.0952380952380952
GSE222315_CCGAACGGTCCAGTTA-1_1_1_1_1	GSE222315_p4_NAT	GSE222315	DF.classifications_0.25_0.005_289	Singlet	pANN_0.25_0.005_289	0.0476190476190476
GSE222315_CCGAACGGTGTCCGTG-1_1_1_1_1	GSE222315_p4_NAT	GSE222315	DF.classifications_0.25_0.005_289	Singlet	pANN_0.25_0.005_289	0.166666666666667
GSE222315_CCGAACGTCGTGGGTC-1_1_1_1_1	GSE222315_p4_NAT	GSE222315	DF.classifications_0.25_0.005_289	Singlet	pANN_0.25_0.005_289	0.0476190476190476
GSE222315_CCGATCTAGTGCGCTC-1_1_1_1_1	GSE222315_p4_NAT	GSE222315	DF.classifications_0.25_0.005_289	Singlet	pANN_0.25_0.005_289	0.357142857142857
GSE222315_CCGATCTGTTCAGGTT-1_1_1_1_1	GSE222315_p4_NAT	GSE222315	DF.classifications_0.25_0.005_289	Singlet	pANN_0.25_0.005_289	0.19047619047619
GSE222315_CCGATCTTCCTATGGA-1_1_1_1_1	GSE222315_p4_NAT	GSE222315	DF.classifications_0.25_0.005_289	Singlet	pANN_0.25_0.005_289	0.142857142857143
GSE222315_CCGATGGAGCAAGGAA-1_1_1_1_1	GSE222315_p4_NAT	GSE222315	DF.classifications_0.25_0.005_289	Singlet	pANN_0.25_0.005_289	0.0952380952380952
GSE222315_CCGATGGAGTAGGCCA-1_1_1_1_1	GSE222315_p4_NAT	GSE222315	DF.classifications_0.25_0.005_289	Singlet	pANN_0.25_0.005_289	0
GSE222315_CCGATGGGTGTCCCTT-1_1_1_1_1	GSE222315_p4_NAT	GSE222315	DF.classifications_0.25_0.005_289	Singlet	pANN_0.25_0.005_289	0.166666666666667
GSE222315_CCGATGGTCGCTACGG-1_1_1_1_1	GSE222315_p4_NAT	GSE222315	DF.classifications_0.25_0.005_289	Singlet	pANN_0.25_0.005_289	0.0952380952380952
GSE222315_CCGATGGTCTGGTTGA-1_1_1_1_1	GSE222315_p4_NAT	GSE222315	DF.classifications_0.25_0.005_289	Singlet	pANN_0.25_0.005_289	0.214285714285714
GSE222315_CCGCAAGAGACGCCAA-1_1_1_1_1	GSE222315_p4_NAT	GSE222315	DF.classifications_0.25_0.005_289	Singlet	pANN_0.25_0.005_289	0.0238095238095238
GSE222315_CCGCAAGAGCACTGGA-1_1_1_1_1	GSE222315_p4_NAT	GSE222315	DF.classifications_0.25_0.005_289	Singlet	pANN_0.25_0.005_289	0.119047619047619
GSE222315_CCGCAAGAGTTCCGGC-1_1_1_1_1	GSE222315_p4_NAT	GSE222315	DF.classifications_0.25_0.005_289	Singlet	pANN_0.25_0.005_289	0.0714285714285714
GSE222315_CCGCAAGGTCGAGCAA-1_1_1_1_1	GSE222315_p4_NAT	GSE222315	DF.classifications_0.25_0.005_289	Singlet	pANN_0.25_0.005_289	0.142857142857143
GSE222315_CCGCAAGTCTGCGGCA-1_1_1_1_1	GSE222315_p4_NAT	GSE222315	DF.classifications_0.25_0.005_289	Singlet	pANN_0.25_0.005_289	0.380952380952381
GSE222315_CCGGACAAGAAGCCAC-1_1_1_1_1	GSE222315_p4_NAT	GSE222315	DF.classifications_0.25_0.005_289	Doublet	pANN_0.25_0.005_289	0.428571428571429
GSE222315_CCGGACAAGGCGAACT-1_1_1_1_1	GSE222315_p4_NAT	GSE222315	DF.classifications_0.25_0.005_289	Singlet	pANN_0.25_0.005_289	0.19047619047619
GSE222315_CCGGACACATCGGAGA-1_1_1_1_1	GSE222315_p4_NAT	GSE222315	DF.classifications_0.25_0.005_289	Singlet	pANN_0.25_0.005_289	0.285714285714286
GSE222315_CCGGACAGTCGCTTAA-1_1_1_1_1	GSE222315_p4_NAT	GSE222315	DF.classifications_0.25_0.005_289	Singlet	pANN_0.25_0.005_289	0.285714285714286
GSE222315_CCGGACATCAAGGAGC-1_1_1_1_1	GSE222315_p4_NAT	GSE222315	DF.classifications_0.25_0.005_289	Singlet	pANN_0.25_0.005_289	0.0238095238095238
GSE222315_CCGGACATCTAGTGTG-1_1_1_1_1	GSE222315_p4_NAT	GSE222315	DF.classifications_0.25_0.005_289	Singlet	pANN_0.25_0.005_289	0.238095238095238
GSE222315_CCGGGTAAGCGTGCTC-1_1_1_1_1	GSE222315_p4_NAT	GSE222315	DF.classifications_0.25_0.005_289	Singlet	pANN_0.25_0.005_289	0.119047619047619
GSE222315_CCGGGTAAGGGCAGTT-1_1_1_1_1	GSE222315_p4_NAT	GSE222315	DF.classifications_0.25_0.005_289	Singlet	pANN_0.25_0.005_289	0
GSE222315_CCGGGTACACTAGTAC-1_1_1_1_1	GSE222315_p4_NAT	GSE222315	DF.classifications_0.25_0.005_289	Singlet	pANN_0.25_0.005_289	0.0476190476190476
GSE222315_CCGGGTACATGGCCAC-1_1_1_1_1	GSE222315_p4_NAT	GSE222315	DF.classifications_0.25_0.005_289	Singlet	pANN_0.25_0.005_289	0.404761904761905
GSE222315_CCGGTAGAGGACAGTC-1_1_1_1_1	GSE222315_p4_NAT	GSE222315	DF.classifications_0.25_0.005_289	Singlet	pANN_0.25_0.005_289	0.0714285714285714
GSE222315_CCGGTAGAGGGTACAC-1_1_1_1_1	GSE222315_p4_NAT	GSE222315	DF.classifications_0.25_0.005_289	Singlet	pANN_0.25_0.005_289	0.214285714285714
GSE222315_CCGGTAGGTCCCACGA-1_1_1_1_1	GSE222315_p4_NAT	GSE222315	DF.classifications_0.25_0.005_289	Singlet	pANN_0.25_0.005_289	0.357142857142857
GSE222315_CCGGTAGGTTCAAGGG-1_1_1_1_1	GSE222315_p4_NAT	GSE222315	DF.classifications_0.25_0.005_289	Singlet	pANN_0.25_0.005_289	0.19047619047619
GSE222315_CCGGTAGTCCACTTTA-1_1_1_1_1	GSE222315_p4_NAT	GSE222315	DF.classifications_0.25_0.005_289	Singlet	pANN_0.25_0.005_289	0.357142857142857
GSE222315_CCGGTAGTCGAATCCA-1_1_1_1_1	GSE222315_p4_NAT	GSE222315	DF.classifications_0.25_0.005_289	Singlet	pANN_0.25_0.005_289	0.19047619047619
GSE222315_CCGGTAGTCTTTCGAT-1_1_1_1_1	GSE222315_p4_NAT	GSE222315	DF.classifications_0.25_0.005_289	Singlet	pANN_0.25_0.005_289	0.119047619047619
GSE222315_CCGGTGAAGAATAGTC-1_1_1_1_1	GSE222315_p4_NAT	GSE222315	DF.classifications_0.25_0.005_289	Singlet	pANN_0.25_0.005_289	0.0238095238095238
GSE222315_CCGGTGACACCAGGTC-1_1_1_1_1	GSE222315_p4_NAT	GSE222315	DF.classifications_0.25_0.005_289	Singlet	pANN_0.25_0.005_289	0.0952380952380952
GSE222315_CCGGTGACATCGTCCT-1_1_1_1_1	GSE222315_p4_NAT	GSE222315	DF.classifications_0.25_0.005_289	Singlet	pANN_0.25_0.005_289	0.30952380952381
GSE222315_CCGGTGACATGACGTT-1_1_1_1_1	GSE222315_p4_NAT	GSE222315	DF.classifications_0.25_0.005_289	Singlet	pANN_0.25_0.005_289	0
GSE222315_CCGGTGAGTCAAACGG-1_1_1_1_1	GSE222315_p4_NAT	GSE222315	DF.classifications_0.25_0.005_289	Singlet	pANN_0.25_0.005_289	0.0476190476190476
GSE222315_CCGGTGAGTGGCTACC-1_1_1_1_1	GSE222315_p4_NAT	GSE222315	DF.classifications_0.25_0.005_289	Doublet	pANN_0.25_0.005_289	0.428571428571429
GSE222315_CCGGTGAGTTGACTGT-1_1_1_1_1	GSE222315_p4_NAT	GSE222315	DF.classifications_0.25_0.005_289	Singlet	pANN_0.25_0.005_289	0.0238095238095238
GSE222315_CCGGTGATCCATGAGT-1_1_1_1_1	GSE222315_p4_NAT	GSE222315	DF.classifications_0.25_0.005_289	Singlet	pANN_0.25_0.005_289	0.380952380952381
GSE222315_CCGGTGATCGAGCCTG-1_1_1_1_1	GSE222315_p4_NAT	GSE222315	DF.classifications_0.25_0.005_289	Doublet	pANN_0.25_0.005_289	0.547619047619048
GSE222315_CCGTAGGAGCGGACAT-1_1_1_1_1	GSE222315_p4_NAT	GSE222315	DF.classifications_0.25_0.005_289	Singlet	pANN_0.25_0.005_289	0.238095238095238
GSE222315_CCGTAGGCAATAGTCC-1_1_1_1_1	GSE222315_p4_NAT	GSE222315	DF.classifications_0.25_0.005_289	Singlet	pANN_0.25_0.005_289	0.166666666666667
GSE222315_CCGTAGGCAGAGTGTG-1_1_1_1_1	GSE222315_p4_NAT	GSE222315	DF.classifications_0.25_0.005_289	Singlet	pANN_0.25_0.005_289	0.119047619047619
GSE222315_CCGTAGGGTTCTCTCG-1_1_1_1_1	GSE222315_p4_NAT	GSE222315	DF.classifications_0.25_0.005_289	Singlet	pANN_0.25_0.005_289	0.0238095238095238
GSE222315_CCGTAGGTCACTCGAA-1_1_1_1_1	GSE222315_p4_NAT	GSE222315	DF.classifications_0.25_0.005_289	Singlet	pANN_0.25_0.005_289	0.333333333333333
GSE222315_CCGTGAGAGTTTAGGA-1_1_1_1_1	GSE222315_p4_NAT	GSE222315	DF.classifications_0.25_0.005_289	Singlet	pANN_0.25_0.005_289	0.261904761904762
GSE222315_CCGTGAGCATCTCCCA-1_1_1_1_1	GSE222315_p4_NAT	GSE222315	DF.classifications_0.25_0.005_289	Singlet	pANN_0.25_0.005_289	0.0238095238095238
GSE222315_CCGTGAGCATGGATCT-1_1_1_1_1	GSE222315_p4_NAT	GSE222315	DF.classifications_0.25_0.005_289	Singlet	pANN_0.25_0.005_289	0.119047619047619
GSE222315_CCGTGAGGTCTCAGAT-1_1_1_1_1	GSE222315_p4_NAT	GSE222315	DF.classifications_0.25_0.005_289	Singlet	pANN_0.25_0.005_289	0.357142857142857
GSE222315_CCGTGAGTCTTGCGCT-1_1_1_1_1	GSE222315_p4_NAT	GSE222315	DF.classifications_0.25_0.005_289	Singlet	pANN_0.25_0.005_289	0.0238095238095238
GSE222315_CCGTTCAAGATCGCTT-1_1_1_1_1	GSE222315_p4_NAT	GSE222315	DF.classifications_0.25_0.005_289	Singlet	pANN_0.25_0.005_289	0.142857142857143
GSE222315_CCGTTCACACGTCTCT-1_1_1_1_1	GSE222315_p4_NAT	GSE222315	DF.classifications_0.25_0.005_289	Doublet	pANN_0.25_0.005_289	0.547619047619048
GSE222315_CCGTTCAGTGGGTTGA-1_1_1_1_1	GSE222315_p4_NAT	GSE222315	DF.classifications_0.25_0.005_289	Singlet	pANN_0.25_0.005_289	0
GSE222315_CCGTTCATCAGGAAAT-1_1_1_1_1	GSE222315_p4_NAT	GSE222315	DF.classifications_0.25_0.005_289	Singlet	pANN_0.25_0.005_289	0.285714285714286
GSE222315_CCGTTCATCCCGAACG-1_1_1_1_1	GSE222315_p4_NAT	GSE222315	DF.classifications_0.25_0.005_289	Singlet	pANN_0.25_0.005_289	0.0238095238095238
GSE222315_CCGTTCATCGATGGAG-1_1_1_1_1	GSE222315_p4_NAT	GSE222315	DF.classifications_0.25_0.005_289	Singlet	pANN_0.25_0.005_289	0
GSE222315_CCGTTCATCTTGGAAC-1_1_1_1_1	GSE222315_p4_NAT	GSE222315	DF.classifications_0.25_0.005_289	Singlet	pANN_0.25_0.005_289	0.19047619047619
GSE222315_CCTAACCCACATTCTT-1_1_1_1_1	GSE222315_p4_NAT	GSE222315	DF.classifications_0.25_0.005_289	Singlet	pANN_0.25_0.005_289	0.142857142857143
GSE222315_CCTAACCGTACGATGG-1_1_1_1_1	GSE222315_p4_NAT	GSE222315	DF.classifications_0.25_0.005_289	Singlet	pANN_0.25_0.005_289	0.0476190476190476
GSE222315_CCTAACCGTTGCACGC-1_1_1_1_1	GSE222315_p4_NAT	GSE222315	DF.classifications_0.25_0.005_289	Singlet	pANN_0.25_0.005_289	0.19047619047619
GSE222315_CCTAACCTCTGAACGT-1_1_1_1_1	GSE222315_p4_NAT	GSE222315	DF.classifications_0.25_0.005_289	Singlet	pANN_0.25_0.005_289	0.285714285714286
GSE222315_CCTAAGACACCATAAC-1_1_1_1_1	GSE222315_p4_NAT	GSE222315	DF.classifications_0.25_0.005_289	Singlet	pANN_0.25_0.005_289	0
GSE222315_CCTAAGACAGTCGCAC-1_1_1_1_1	GSE222315_p4_NAT	GSE222315	DF.classifications_0.25_0.005_289	Singlet	pANN_0.25_0.005_289	0.0714285714285714
GSE222315_CCTAAGATCCGACAGC-1_1_1_1_1	GSE222315_p4_NAT	GSE222315	DF.classifications_0.25_0.005_289	Singlet	pANN_0.25_0.005_289	0.119047619047619
GSE222315_CCTAAGATCGGAACTT-1_1_1_1_1	GSE222315_p4_NAT	GSE222315	DF.classifications_0.25_0.005_289	Singlet	pANN_0.25_0.005_289	0.0238095238095238
GSE222315_CCTACGTAGACTAAGT-1_1_1_1_1	GSE222315_p4_NAT	GSE222315	DF.classifications_0.25_0.005_289	Singlet	pANN_0.25_0.005_289	0.166666666666667
GSE222315_CCTACGTAGGTGCTAG-1_1_1_1_1	GSE222315_p4_NAT	GSE222315	DF.classifications_0.25_0.005_289	Doublet	pANN_0.25_0.005_289	0.523809523809524
GSE222315_CCTACGTGTATGCAAA-1_1_1_1_1	GSE222315_p4_NAT	GSE222315	DF.classifications_0.25_0.005_289	Singlet	pANN_0.25_0.005_289	0.285714285714286
GSE222315_CCTACGTGTCACGCTG-1_1_1_1_1	GSE222315_p4_NAT	GSE222315	DF.classifications_0.25_0.005_289	Doublet	pANN_0.25_0.005_289	0.428571428571429
GSE222315_CCTACGTGTCCGCAGT-1_1_1_1_1	GSE222315_p4_NAT	GSE222315	DF.classifications_0.25_0.005_289	Singlet	pANN_0.25_0.005_289	0.238095238095238
GSE222315_CCTACGTGTTAAGACA-1_1_1_1_1	GSE222315_p4_NAT	GSE222315	DF.classifications_0.25_0.005_289	Singlet	pANN_0.25_0.005_289	0.0476190476190476
GSE222315_CCTACGTTCCACGTCT-1_1_1_1_1	GSE222315_p4_NAT	GSE222315	DF.classifications_0.25_0.005_289	Singlet	pANN_0.25_0.005_289	0.0714285714285714
GSE222315_CCTACGTTCGGCTTCT-1_1_1_1_1	GSE222315_p4_NAT	GSE222315	DF.classifications_0.25_0.005_289	Singlet	pANN_0.25_0.005_289	0.0238095238095238
GSE222315_CCTATCGCAATAAGGT-1_1_1_1_1	GSE222315_p4_NAT	GSE222315	DF.classifications_0.25_0.005_289	Singlet	pANN_0.25_0.005_289	0.333333333333333
GSE222315_CCTATCGCATGGAACG-1_1_1_1_1	GSE222315_p4_NAT	GSE222315	DF.classifications_0.25_0.005_289	Singlet	pANN_0.25_0.005_289	0
GSE222315_CCTATCGGTCACTCAA-1_1_1_1_1	GSE222315_p4_NAT	GSE222315	DF.classifications_0.25_0.005_289	Singlet	pANN_0.25_0.005_289	0
GSE222315_CCTATCGGTCATGACT-1_1_1_1_1	GSE222315_p4_NAT	GSE222315	DF.classifications_0.25_0.005_289	Singlet	pANN_0.25_0.005_289	0
GSE222315_CCTATCGGTGCAAGAC-1_1_1_1_1	GSE222315_p4_NAT	GSE222315	DF.classifications_0.25_0.005_289	Singlet	pANN_0.25_0.005_289	0.0238095238095238
GSE222315_CCTATCGGTTGCAACT-1_1_1_1_1	GSE222315_p4_NAT	GSE222315	DF.classifications_0.25_0.005_289	Singlet	pANN_0.25_0.005_289	0.19047619047619
GSE222315_CCTATCGGTTGGGAAC-1_1_1_1_1	GSE222315_p4_NAT	GSE222315	DF.classifications_0.25_0.005_289	Singlet	pANN_0.25_0.005_289	0.333333333333333
GSE222315_CCTATCGTCCAACCAA-1_1_1_1_1	GSE222315_p4_NAT	GSE222315	DF.classifications_0.25_0.005_289	Singlet	pANN_0.25_0.005_289	0.0476190476190476
GSE222315_CCTATCGTCGCGTGCA-1_1_1_1_1	GSE222315_p4_NAT	GSE222315	DF.classifications_0.25_0.005_289	Singlet	pANN_0.25_0.005_289	0.285714285714286
GSE222315_CCTATCGTCTTCGACC-1_1_1_1_1	GSE222315_p4_NAT	GSE222315	DF.classifications_0.25_0.005_289	Singlet	pANN_0.25_0.005_289	0.0714285714285714
GSE222315_CCTCAACAGACAGCTG-1_1_1_1_1	GSE222315_p4_NAT	GSE222315	DF.classifications_0.25_0.005_289	Singlet	pANN_0.25_0.005_289	0.380952380952381
GSE222315_CCTCAACAGACTTCAC-1_1_1_1_1	GSE222315_p4_NAT	GSE222315	DF.classifications_0.25_0.005_289	Singlet	pANN_0.25_0.005_289	0.0238095238095238
GSE222315_CCTCAACAGTCGTCTA-1_1_1_1_1	GSE222315_p4_NAT	GSE222315	DF.classifications_0.25_0.005_289	Singlet	pANN_0.25_0.005_289	0.142857142857143
GSE222315_CCTCAACGTAACATCC-1_1_1_1_1	GSE222315_p4_NAT	GSE222315	DF.classifications_0.25_0.005_289	Singlet	pANN_0.25_0.005_289	0.380952380952381
GSE222315_CCTCAACGTAATACCC-1_1_1_1_1	GSE222315_p4_NAT	GSE222315	DF.classifications_0.25_0.005_289	Singlet	pANN_0.25_0.005_289	0.333333333333333
GSE222315_CCTCAACTCCAGCACG-1_1_1_1_1	GSE222315_p4_NAT	GSE222315	DF.classifications_0.25_0.005_289	Singlet	pANN_0.25_0.005_289	0.30952380952381
GSE222315_CCTCACAAGGTTCACT-1_1_1_1_1	GSE222315_p4_NAT	GSE222315	DF.classifications_0.25_0.005_289	Singlet	pANN_0.25_0.005_289	0.261904761904762
GSE222315_CCTCACAAGTCTGGAG-1_1_1_1_1	GSE222315_p4_NAT	GSE222315	DF.classifications_0.25_0.005_289	Singlet	pANN_0.25_0.005_289	0.357142857142857
GSE222315_CCTCACACAGGAATCG-1_1_1_1_1	GSE222315_p4_NAT	GSE222315	DF.classifications_0.25_0.005_289	Singlet	pANN_0.25_0.005_289	0.238095238095238
GSE222315_CCTCACACATCGAGCC-1_1_1_1_1	GSE222315_p4_NAT	GSE222315	DF.classifications_0.25_0.005_289	Singlet	pANN_0.25_0.005_289	0.0952380952380952
GSE222315_CCTCACAGTAAGATCA-1_1_1_1_1	GSE222315_p4_NAT	GSE222315	DF.classifications_0.25_0.005_289	Singlet	pANN_0.25_0.005_289	0.214285714285714
GSE222315_CCTCACATCGGCATTA-1_1_1_1_1	GSE222315_p4_NAT	GSE222315	DF.classifications_0.25_0.005_289	Singlet	pANN_0.25_0.005_289	0.0714285714285714
GSE222315_CCTCACATCTGAGGCC-1_1_1_1_1	GSE222315_p4_NAT	GSE222315	DF.classifications_0.25_0.005_289	Singlet	pANN_0.25_0.005_289	0.0238095238095238
GSE222315_CCTCAGTAGGTGAGAA-1_1_1_1_1	GSE222315_p4_NAT	GSE222315	DF.classifications_0.25_0.005_289	Singlet	pANN_0.25_0.005_289	0.214285714285714
GSE222315_CCTCAGTAGTAACCGG-1_1_1_1_1	GSE222315_p4_NAT	GSE222315	DF.classifications_0.25_0.005_289	Singlet	pANN_0.25_0.005_289	0.119047619047619
GSE222315_CCTCAGTCAGCGACAA-1_1_1_1_1	GSE222315_p4_NAT	GSE222315	DF.classifications_0.25_0.005_289	Singlet	pANN_0.25_0.005_289	0.214285714285714
GSE222315_CCTCAGTCAGGTTTAC-1_1_1_1_1	GSE222315_p4_NAT	GSE222315	DF.classifications_0.25_0.005_289	Singlet	pANN_0.25_0.005_289	0.285714285714286
GSE222315_CCTCAGTCATTCTTCA-1_1_1_1_1	GSE222315_p4_NAT	GSE222315	DF.classifications_0.25_0.005_289	Singlet	pANN_0.25_0.005_289	0.19047619047619
GSE222315_CCTCAGTGTCGCAGTC-1_1_1_1_1	GSE222315_p4_NAT	GSE222315	DF.classifications_0.25_0.005_289	Singlet	pANN_0.25_0.005_289	0.30952380952381
GSE222315_CCTCAGTGTGAGAGGG-1_1_1_1_1	GSE222315_p4_NAT	GSE222315	DF.classifications_0.25_0.005_289	Singlet	pANN_0.25_0.005_289	0.261904761904762
GSE222315_CCTCAGTGTTCATCTT-1_1_1_1_1	GSE222315_p4_NAT	GSE222315	DF.classifications_0.25_0.005_289	Doublet	pANN_0.25_0.005_289	0.642857142857143
GSE222315_CCTCAGTTCCTCACCA-1_1_1_1_1	GSE222315_p4_NAT	GSE222315	DF.classifications_0.25_0.005_289	Singlet	pANN_0.25_0.005_289	0.0714285714285714
GSE222315_CCTCAGTTCGCATTGA-1_1_1_1_1	GSE222315_p4_NAT	GSE222315	DF.classifications_0.25_0.005_289	Singlet	pANN_0.25_0.005_289	0.119047619047619
GSE222315_CCTCAGTTCTCCGATC-1_1_1_1_1	GSE222315_p4_NAT	GSE222315	DF.classifications_0.25_0.005_289	Singlet	pANN_0.25_0.005_289	0.261904761904762
GSE222315_CCTCATGAGTGAATAC-1_1_1_1_1	GSE222315_p4_NAT	GSE222315	DF.classifications_0.25_0.005_289	Singlet	pANN_0.25_0.005_289	0.142857142857143
GSE222315_CCTCATGCAGGGACTA-1_1_1_1_1	GSE222315_p4_NAT	GSE222315	DF.classifications_0.25_0.005_289	Singlet	pANN_0.25_0.005_289	0.214285714285714
GSE222315_CCTCATGCATGATAGA-1_1_1_1_1	GSE222315_p4_NAT	GSE222315	DF.classifications_0.25_0.005_289	Singlet	pANN_0.25_0.005_289	0.19047619047619
GSE222315_CCTCATGGTCGTACTA-1_1_1_1_1	GSE222315_p4_NAT	GSE222315	DF.classifications_0.25_0.005_289	Singlet	pANN_0.25_0.005_289	0.333333333333333
GSE222315_CCTCATGGTGTCATTG-1_1_1_1_1	GSE222315_p4_NAT	GSE222315	DF.classifications_0.25_0.005_289	Singlet	pANN_0.25_0.005_289	0.214285714285714
GSE222315_CCTCATGTCACAACCA-1_1_1_1_1	GSE222315_p4_NAT	GSE222315	DF.classifications_0.25_0.005_289	Singlet	pANN_0.25_0.005_289	0
GSE222315_CCTCATGTCAGCGGAA-1_1_1_1_1	GSE222315_p4_NAT	GSE222315	DF.classifications_0.25_0.005_289	Singlet	pANN_0.25_0.005_289	0
GSE222315_CCTCATGTCGAAGCAG-1_1_1_1_1	GSE222315_p4_NAT	GSE222315	DF.classifications_0.25_0.005_289	Singlet	pANN_0.25_0.005_289	0.0952380952380952
GSE222315_CCTCATGTCGTGCACG-1_1_1_1_1	GSE222315_p4_NAT	GSE222315	DF.classifications_0.25_0.005_289	Singlet	pANN_0.25_0.005_289	0.19047619047619
GSE222315_CCTCCAAAGAATACAC-1_1_1_1_1	GSE222315_p4_NAT	GSE222315	DF.classifications_0.25_0.005_289	Singlet	pANN_0.25_0.005_289	0.357142857142857
GSE222315_CCTCCAAAGTGTAGAT-1_1_1_1_1	GSE222315_p4_NAT	GSE222315	DF.classifications_0.25_0.005_289	Singlet	pANN_0.25_0.005_289	0
GSE222315_CCTCCAAAGTTGTAAG-1_1_1_1_1	GSE222315_p4_NAT	GSE222315	DF.classifications_0.25_0.005_289	Singlet	pANN_0.25_0.005_289	0.30952380952381
GSE222315_CCTCCAAGTAACAGTA-1_1_1_1_1	GSE222315_p4_NAT	GSE222315	DF.classifications_0.25_0.005_289	Singlet	pANN_0.25_0.005_289	0.0238095238095238
GSE222315_CCTCCAAGTACCGGAA-1_1_1_1_1	GSE222315_p4_NAT	GSE222315	DF.classifications_0.25_0.005_289	Singlet	pANN_0.25_0.005_289	0
GSE222315_CCTCCAAGTATGAAAC-1_1_1_1_1	GSE222315_p4_NAT	GSE222315	DF.classifications_0.25_0.005_289	Singlet	pANN_0.25_0.005_289	0.0952380952380952
GSE222315_CCTCCAAGTTCATCTT-1_1_1_1_1	GSE222315_p4_NAT	GSE222315	DF.classifications_0.25_0.005_289	Singlet	pANN_0.25_0.005_289	0.166666666666667
GSE222315_CCTCCAATCCCAATAG-1_1_1_1_1	GSE222315_p4_NAT	GSE222315	DF.classifications_0.25_0.005_289	Singlet	pANN_0.25_0.005_289	0.261904761904762
GSE222315_CCTCCTCAGATGCAGC-1_1_1_1_1	GSE222315_p4_NAT	GSE222315	DF.classifications_0.25_0.005_289	Singlet	pANN_0.25_0.005_289	0
GSE222315_CCTCCTCGTGCACATT-1_1_1_1_1	GSE222315_p4_NAT	GSE222315	DF.classifications_0.25_0.005_289	Singlet	pANN_0.25_0.005_289	0.214285714285714
GSE222315_CCTCCTCGTGCCCACA-1_1_1_1_1	GSE222315_p4_NAT	GSE222315	DF.classifications_0.25_0.005_289	Singlet	pANN_0.25_0.005_289	0.30952380952381
GSE222315_CCTCCTCGTTAAGGAT-1_1_1_1_1	GSE222315_p4_NAT	GSE222315	DF.classifications_0.25_0.005_289	Singlet	pANN_0.25_0.005_289	0.0476190476190476
GSE222315_CCTCCTCTCATCTCTA-1_1_1_1_1	GSE222315_p4_NAT	GSE222315	DF.classifications_0.25_0.005_289	Singlet	pANN_0.25_0.005_289	0.0714285714285714
GSE222315_CCTCTAGCAAATGAGT-1_1_1_1_1	GSE222315_p4_NAT	GSE222315	DF.classifications_0.25_0.005_289	Singlet	pANN_0.25_0.005_289	0
GSE222315_CCTCTAGCACCCAAGC-1_1_1_1_1	GSE222315_p4_NAT	GSE222315	DF.classifications_0.25_0.005_289	Singlet	pANN_0.25_0.005_289	0
GSE222315_CCTCTAGCAGCGCTTG-1_1_1_1_1	GSE222315_p4_NAT	GSE222315	DF.classifications_0.25_0.005_289	Singlet	pANN_0.25_0.005_289	0.0476190476190476
GSE222315_CCTCTAGCAGCTATAC-1_1_1_1_1	GSE222315_p4_NAT	GSE222315	DF.classifications_0.25_0.005_289	Singlet	pANN_0.25_0.005_289	0.30952380952381
GSE222315_CCTCTAGCATATTCGG-1_1_1_1_1	GSE222315_p4_NAT	GSE222315	DF.classifications_0.25_0.005_289	Singlet	pANN_0.25_0.005_289	0.119047619047619
GSE222315_CCTCTCCCAATTTCGG-1_1_1_1_1	GSE222315_p4_NAT	GSE222315	DF.classifications_0.25_0.005_289	Singlet	pANN_0.25_0.005_289	0.0952380952380952
GSE222315_CCTCTCCCACGCAGTC-1_1_1_1_1	GSE222315_p4_NAT	GSE222315	DF.classifications_0.25_0.005_289	Singlet	pANN_0.25_0.005_289	0.0238095238095238
GSE222315_CCTCTCCGTAGTACGG-1_1_1_1_1	GSE222315_p4_NAT	GSE222315	DF.classifications_0.25_0.005_289	Doublet	pANN_0.25_0.005_289	0.523809523809524
GSE222315_CCTCTCCGTTTCGTAG-1_1_1_1_1	GSE222315_p4_NAT	GSE222315	DF.classifications_0.25_0.005_289	Singlet	pANN_0.25_0.005_289	0.0476190476190476
GSE222315_CCTCTCCTCAGCATTG-1_1_1_1_1	GSE222315_p4_NAT	GSE222315	DF.classifications_0.25_0.005_289	Singlet	pANN_0.25_0.005_289	0.261904761904762
GSE222315_CCTCTCCTCAGTGTGT-1_1_1_1_1	GSE222315_p4_NAT	GSE222315	DF.classifications_0.25_0.005_289	Singlet	pANN_0.25_0.005_289	0.0714285714285714
GSE222315_CCTCTCCTCGAAGAAT-1_1_1_1_1	GSE222315_p4_NAT	GSE222315	DF.classifications_0.25_0.005_289	Singlet	pANN_0.25_0.005_289	0
GSE222315_CCTCTCCTCTTCGGTC-1_1_1_1_1	GSE222315_p4_NAT	GSE222315	DF.classifications_0.25_0.005_289	Singlet	pANN_0.25_0.005_289	0.0952380952380952
GSE222315_CCTGCATCAAAGGCAC-1_1_1_1_1	GSE222315_p4_NAT	GSE222315	DF.classifications_0.25_0.005_289	Singlet	pANN_0.25_0.005_289	0.285714285714286
GSE222315_CCTGCATCAGAGGTTG-1_1_1_1_1	GSE222315_p4_NAT	GSE222315	DF.classifications_0.25_0.005_289	Singlet	pANN_0.25_0.005_289	0.30952380952381
GSE222315_CCTGCATTCTTAAGGC-1_1_1_1_1	GSE222315_p4_NAT	GSE222315	DF.classifications_0.25_0.005_289	Singlet	pANN_0.25_0.005_289	0
GSE222315_CCTGTTGAGCACTCAT-1_1_1_1_1	GSE222315_p4_NAT	GSE222315	DF.classifications_0.25_0.005_289	Singlet	pANN_0.25_0.005_289	0.357142857142857
GSE222315_CCTGTTGAGGAGTCTG-1_1_1_1_1	GSE222315_p4_NAT	GSE222315	DF.classifications_0.25_0.005_289	Singlet	pANN_0.25_0.005_289	0.238095238095238
GSE222315_CCTGTTGGTACTGCGC-1_1_1_1_1	GSE222315_p4_NAT	GSE222315	DF.classifications_0.25_0.005_289	Doublet	pANN_0.25_0.005_289	0.428571428571429
GSE222315_CCTGTTGTCTCACCCA-1_1_1_1_1	GSE222315_p4_NAT	GSE222315	DF.classifications_0.25_0.005_289	Singlet	pANN_0.25_0.005_289	0.30952380952381
GSE222315_CCTTCAGAGCGCTGCT-1_1_1_1_1	GSE222315_p4_NAT	GSE222315	DF.classifications_0.25_0.005_289	Singlet	pANN_0.25_0.005_289	0.214285714285714
GSE222315_CCTTCAGAGGTCATAA-1_1_1_1_1	GSE222315_p4_NAT	GSE222315	DF.classifications_0.25_0.005_289	Singlet	pANN_0.25_0.005_289	0.261904761904762
GSE222315_CCTTCAGGTACGTTCA-1_1_1_1_1	GSE222315_p4_NAT	GSE222315	DF.classifications_0.25_0.005_289	Singlet	pANN_0.25_0.005_289	0.285714285714286
GSE222315_CCTTCAGTCCGAACGC-1_1_1_1_1	GSE222315_p4_NAT	GSE222315	DF.classifications_0.25_0.005_289	Singlet	pANN_0.25_0.005_289	0.333333333333333
GSE222315_CCTTCAGTCTGTCGTC-1_1_1_1_1	GSE222315_p4_NAT	GSE222315	DF.classifications_0.25_0.005_289	Singlet	pANN_0.25_0.005_289	0.0238095238095238
GSE222315_CCTTGTGAGAGGTGCT-1_1_1_1_1	GSE222315_p4_NAT	GSE222315	DF.classifications_0.25_0.005_289	Singlet	pANN_0.25_0.005_289	0.261904761904762
GSE222315_CCTTGTGAGGCTCACC-1_1_1_1_1	GSE222315_p4_NAT	GSE222315	DF.classifications_0.25_0.005_289	Singlet	pANN_0.25_0.005_289	0.0952380952380952
GSE222315_CCTTGTGAGGTACAGC-1_1_1_1_1	GSE222315_p4_NAT	GSE222315	DF.classifications_0.25_0.005_289	Singlet	pANN_0.25_0.005_289	0
GSE222315_CCTTGTGAGTACAGAT-1_1_1_1_1	GSE222315_p4_NAT	GSE222315	DF.classifications_0.25_0.005_289	Doublet	pANN_0.25_0.005_289	0.452380952380952
GSE222315_CCTTGTGAGTCACAGG-1_1_1_1_1	GSE222315_p4_NAT	GSE222315	DF.classifications_0.25_0.005_289	Singlet	pANN_0.25_0.005_289	0.0238095238095238
GSE222315_CCTTGTGGTGAATAAC-1_1_1_1_1	GSE222315_p4_NAT	GSE222315	DF.classifications_0.25_0.005_289	Singlet	pANN_0.25_0.005_289	0.166666666666667
GSE222315_CCTTTGGAGAACCCGA-1_1_1_1_1	GSE222315_p4_NAT	GSE222315	DF.classifications_0.25_0.005_289	Singlet	pANN_0.25_0.005_289	0.0238095238095238
GSE222315_CCTTTGGAGGTACAAT-1_1_1_1_1	GSE222315_p4_NAT	GSE222315	DF.classifications_0.25_0.005_289	Singlet	pANN_0.25_0.005_289	0.0952380952380952
GSE222315_CCTTTGGCATGGGATG-1_1_1_1_1	GSE222315_p4_NAT	GSE222315	DF.classifications_0.25_0.005_289	Singlet	pANN_0.25_0.005_289	0.0952380952380952
GSE222315_CCTTTGGGTACCGCGT-1_1_1_1_1	GSE222315_p4_NAT	GSE222315	DF.classifications_0.25_0.005_289	Singlet	pANN_0.25_0.005_289	0.142857142857143
GSE222315_CCTTTGGGTCGATTTG-1_1_1_1_1	GSE222315_p4_NAT	GSE222315	DF.classifications_0.25_0.005_289	Singlet	pANN_0.25_0.005_289	0
GSE222315_CGAAGGACAGATTTCG-1_1_1_1_1	GSE222315_p4_NAT	GSE222315	DF.classifications_0.25_0.005_289	Singlet	pANN_0.25_0.005_289	0.30952380952381
GSE222315_CGAAGGACAGGCCCTA-1_1_1_1_1	GSE222315_p4_NAT	GSE222315	DF.classifications_0.25_0.005_289	Singlet	pANN_0.25_0.005_289	0.0714285714285714
GSE222315_CGAAGGACAGTAGTGG-1_1_1_1_1	GSE222315_p4_NAT	GSE222315	DF.classifications_0.25_0.005_289	Doublet	pANN_0.25_0.005_289	0.452380952380952
GSE222315_CGAAGGAGTCCGCAGT-1_1_1_1_1	GSE222315_p4_NAT	GSE222315	DF.classifications_0.25_0.005_289	Singlet	pANN_0.25_0.005_289	0.285714285714286
GSE222315_CGAAGGATCGAGTCCG-1_1_1_1_1	GSE222315_p4_NAT	GSE222315	DF.classifications_0.25_0.005_289	Singlet	pANN_0.25_0.005_289	0.119047619047619
GSE222315_CGAAGTTGTCCGAAGA-1_1_1_1_1	GSE222315_p4_NAT	GSE222315	DF.classifications_0.25_0.005_289	Singlet	pANN_0.25_0.005_289	0.214285714285714
GSE222315_CGAAGTTGTCTGTGGC-1_1_1_1_1	GSE222315_p4_NAT	GSE222315	DF.classifications_0.25_0.005_289	Doublet	pANN_0.25_0.005_289	0.428571428571429
GSE222315_CGAAGTTTCGGCATAT-1_1_1_1_1	GSE222315_p4_NAT	GSE222315	DF.classifications_0.25_0.005_289	Singlet	pANN_0.25_0.005_289	0.0476190476190476
GSE222315_CGAATTGAGAATGTTG-1_1_1_1_1	GSE222315_p4_NAT	GSE222315	DF.classifications_0.25_0.005_289	Singlet	pANN_0.25_0.005_289	0.285714285714286
GSE222315_CGAATTGAGACCTGGA-1_1_1_1_1	GSE222315_p4_NAT	GSE222315	DF.classifications_0.25_0.005_289	Singlet	pANN_0.25_0.005_289	0.261904761904762
GSE222315_CGAATTGAGAGAATCT-1_1_1_1_1	GSE222315_p4_NAT	GSE222315	DF.classifications_0.25_0.005_289	Singlet	pANN_0.25_0.005_289	0.0714285714285714
GSE222315_CGAATTGAGCCGATAG-1_1_1_1_1	GSE222315_p4_NAT	GSE222315	DF.classifications_0.25_0.005_289	Singlet	pANN_0.25_0.005_289	0.285714285714286
GSE222315_CGAATTGAGGTAGCAC-1_1_1_1_1	GSE222315_p4_NAT	GSE222315	DF.classifications_0.25_0.005_289	Singlet	pANN_0.25_0.005_289	0.119047619047619
GSE222315_CGAATTGAGGTGCATG-1_1_1_1_1	GSE222315_p4_NAT	GSE222315	DF.classifications_0.25_0.005_289	Singlet	pANN_0.25_0.005_289	0.119047619047619
GSE222315_CGAATTGCAAGCTCTA-1_1_1_1_1	GSE222315_p4_NAT	GSE222315	DF.classifications_0.25_0.005_289	Singlet	pANN_0.25_0.005_289	0.119047619047619
GSE222315_CGAATTGGTTCACCGG-1_1_1_1_1	GSE222315_p4_NAT	GSE222315	DF.classifications_0.25_0.005_289	Singlet	pANN_0.25_0.005_289	0.30952380952381
GSE222315_CGAATTGGTTCATCTT-1_1_1_1_1	GSE222315_p4_NAT	GSE222315	DF.classifications_0.25_0.005_289	Singlet	pANN_0.25_0.005_289	0.19047619047619
GSE222315_CGACAGCAGACGAGCT-1_1_1_1_1	GSE222315_p4_NAT	GSE222315	DF.classifications_0.25_0.005_289	Singlet	pANN_0.25_0.005_289	0.119047619047619
GSE222315_CGACAGCTCATCGTAG-1_1_1_1_1	GSE222315_p4_NAT	GSE222315	DF.classifications_0.25_0.005_289	Singlet	pANN_0.25_0.005_289	0.166666666666667
GSE222315_CGACAGCTCTCCCAAC-1_1_1_1_1	GSE222315_p4_NAT	GSE222315	DF.classifications_0.25_0.005_289	Singlet	pANN_0.25_0.005_289	0.0238095238095238
GSE222315_CGAGAAGGTGAACCGA-1_1_1_1_1	GSE222315_p4_NAT	GSE222315	DF.classifications_0.25_0.005_289	Singlet	pANN_0.25_0.005_289	0.30952380952381
GSE222315_CGAGAAGGTTTCGGCG-1_1_1_1_1	GSE222315_p4_NAT	GSE222315	DF.classifications_0.25_0.005_289	Singlet	pANN_0.25_0.005_289	0.119047619047619
GSE222315_CGAGAAGTCAGGGTAG-1_1_1_1_1	GSE222315_p4_NAT	GSE222315	DF.classifications_0.25_0.005_289	Singlet	pANN_0.25_0.005_289	0
GSE222315_CGAGAAGTCGACACCG-1_1_1_1_1	GSE222315_p4_NAT	GSE222315	DF.classifications_0.25_0.005_289	Singlet	pANN_0.25_0.005_289	0.119047619047619
GSE222315_CGAGAAGTCGCATAGT-1_1_1_1_1	GSE222315_p4_NAT	GSE222315	DF.classifications_0.25_0.005_289	Doublet	pANN_0.25_0.005_289	0.476190476190476
GSE222315_CGAGAAGTCTTCACAT-1_1_1_1_1	GSE222315_p4_NAT	GSE222315	DF.classifications_0.25_0.005_289	Singlet	pANN_0.25_0.005_289	0.166666666666667
GSE222315_CGAGGAAAGAGCATAT-1_1_1_1_1	GSE222315_p4_NAT	GSE222315	DF.classifications_0.25_0.005_289	Singlet	pANN_0.25_0.005_289	0.119047619047619
GSE222315_CGAGGAAAGCCTTCTC-1_1_1_1_1	GSE222315_p4_NAT	GSE222315	DF.classifications_0.25_0.005_289	Singlet	pANN_0.25_0.005_289	0.142857142857143
GSE222315_CGAGGAAAGCGGTAGT-1_1_1_1_1	GSE222315_p4_NAT	GSE222315	DF.classifications_0.25_0.005_289	Singlet	pANN_0.25_0.005_289	0.119047619047619
GSE222315_CGAGGAAAGCTCCATA-1_1_1_1_1	GSE222315_p4_NAT	GSE222315	DF.classifications_0.25_0.005_289	Singlet	pANN_0.25_0.005_289	0.0714285714285714
GSE222315_CGAGGAAAGGCAGGTT-1_1_1_1_1	GSE222315_p4_NAT	GSE222315	DF.classifications_0.25_0.005_289	Singlet	pANN_0.25_0.005_289	0.238095238095238
GSE222315_CGAGGAAGTGACTAAA-1_1_1_1_1	GSE222315_p4_NAT	GSE222315	DF.classifications_0.25_0.005_289	Doublet	pANN_0.25_0.005_289	0.428571428571429
GSE222315_CGAGGAAGTGATGAAT-1_1_1_1_1	GSE222315_p4_NAT	GSE222315	DF.classifications_0.25_0.005_289	Singlet	pANN_0.25_0.005_289	0.19047619047619
GSE222315_CGAGGAATCACGGGAA-1_1_1_1_1	GSE222315_p4_NAT	GSE222315	DF.classifications_0.25_0.005_289	Singlet	pANN_0.25_0.005_289	0.261904761904762
GSE222315_CGAGGAATCTGTCTCG-1_1_1_1_1	GSE222315_p4_NAT	GSE222315	DF.classifications_0.25_0.005_289	Singlet	pANN_0.25_0.005_289	0.0476190476190476
GSE222315_CGAGGCTAGAGTATAC-1_1_1_1_1	GSE222315_p4_NAT	GSE222315	DF.classifications_0.25_0.005_289	Singlet	pANN_0.25_0.005_289	0.214285714285714
GSE222315_CGAGGCTAGCTGACTT-1_1_1_1_1	GSE222315_p4_NAT	GSE222315	DF.classifications_0.25_0.005_289	Singlet	pANN_0.25_0.005_289	0.404761904761905
GSE222315_CGAGGCTCACTCTCGT-1_1_1_1_1	GSE222315_p4_NAT	GSE222315	DF.classifications_0.25_0.005_289	Singlet	pANN_0.25_0.005_289	0
GSE222315_CGAGGCTGTAGTTAGA-1_1_1_1_1	GSE222315_p4_NAT	GSE222315	DF.classifications_0.25_0.005_289	Singlet	pANN_0.25_0.005_289	0.357142857142857
GSE222315_CGAGGCTGTCGTACAT-1_1_1_1_1	GSE222315_p4_NAT	GSE222315	DF.classifications_0.25_0.005_289	Singlet	pANN_0.25_0.005_289	0
GSE222315_CGAGGCTGTTAGGGTG-1_1_1_1_1	GSE222315_p4_NAT	GSE222315	DF.classifications_0.25_0.005_289	Singlet	pANN_0.25_0.005_289	0.0714285714285714
GSE222315_CGAGGCTTCCCTTTGG-1_1_1_1_1	GSE222315_p4_NAT	GSE222315	DF.classifications_0.25_0.005_289	Singlet	pANN_0.25_0.005_289	0.0238095238095238
GSE222315_CGAGGCTTCGCCTTTG-1_1_1_1_1	GSE222315_p4_NAT	GSE222315	DF.classifications_0.25_0.005_289	Singlet	pANN_0.25_0.005_289	0.238095238095238
GSE222315_CGAGGCTTCGGAAACG-1_1_1_1_1	GSE222315_p4_NAT	GSE222315	DF.classifications_0.25_0.005_289	Singlet	pANN_0.25_0.005_289	0.119047619047619
GSE222315_CGAGGCTTCGTTACCC-1_1_1_1_1	GSE222315_p4_NAT	GSE222315	DF.classifications_0.25_0.005_289	Singlet	pANN_0.25_0.005_289	0.0238095238095238
GSE222315_CGAGGCTTCTGGCTGG-1_1_1_1_1	GSE222315_p4_NAT	GSE222315	DF.classifications_0.25_0.005_289	Singlet	pANN_0.25_0.005_289	0.0476190476190476
GSE222315_CGAGTGCCAAGGTACG-1_1_1_1_1	GSE222315_p4_NAT	GSE222315	DF.classifications_0.25_0.005_289	Singlet	pANN_0.25_0.005_289	0.119047619047619
GSE222315_CGAGTGCTCACATTGG-1_1_1_1_1	GSE222315_p4_NAT	GSE222315	DF.classifications_0.25_0.005_289	Singlet	pANN_0.25_0.005_289	0.214285714285714
GSE222315_CGAGTGCTCCCGATCT-1_1_1_1_1	GSE222315_p4_NAT	GSE222315	DF.classifications_0.25_0.005_289	Singlet	pANN_0.25_0.005_289	0.0238095238095238
GSE222315_CGAGTGCTCCCTCGTA-1_1_1_1_1	GSE222315_p4_NAT	GSE222315	DF.classifications_0.25_0.005_289	Singlet	pANN_0.25_0.005_289	0.119047619047619
GSE222315_CGAGTGCTCTTGGTGA-1_1_1_1_1	GSE222315_p4_NAT	GSE222315	DF.classifications_0.25_0.005_289	Singlet	pANN_0.25_0.005_289	0.0476190476190476
GSE222315_CGAGTTAAGGCGATAC-1_1_1_1_1	GSE222315_p4_NAT	GSE222315	DF.classifications_0.25_0.005_289	Singlet	pANN_0.25_0.005_289	0.214285714285714
GSE222315_CGAGTTACAACCGTAT-1_1_1_1_1	GSE222315_p4_NAT	GSE222315	DF.classifications_0.25_0.005_289	Singlet	pANN_0.25_0.005_289	0.142857142857143
GSE222315_CGAGTTACACAATGTC-1_1_1_1_1	GSE222315_p4_NAT	GSE222315	DF.classifications_0.25_0.005_289	Singlet	pANN_0.25_0.005_289	0.238095238095238
GSE222315_CGAGTTACACCAAATC-1_1_1_1_1	GSE222315_p4_NAT	GSE222315	DF.classifications_0.25_0.005_289	Singlet	pANN_0.25_0.005_289	0.0952380952380952
GSE222315_CGAGTTACAGAGTCTT-1_1_1_1_1	GSE222315_p4_NAT	GSE222315	DF.classifications_0.25_0.005_289	Singlet	pANN_0.25_0.005_289	0.404761904761905
GSE222315_CGAGTTACAGTTGTCA-1_1_1_1_1	GSE222315_p4_NAT	GSE222315	DF.classifications_0.25_0.005_289	Singlet	pANN_0.25_0.005_289	0.166666666666667
GSE222315_CGAGTTAGTACTGAGG-1_1_1_1_1	GSE222315_p4_NAT	GSE222315	DF.classifications_0.25_0.005_289	Singlet	pANN_0.25_0.005_289	0.0952380952380952
GSE222315_CGAGTTAGTATCGTTG-1_1_1_1_1	GSE222315_p4_NAT	GSE222315	DF.classifications_0.25_0.005_289	Singlet	pANN_0.25_0.005_289	0.19047619047619
GSE222315_CGAGTTAGTTCTCGCT-1_1_1_1_1	GSE222315_p4_NAT	GSE222315	DF.classifications_0.25_0.005_289	Singlet	pANN_0.25_0.005_289	0
GSE222315_CGAGTTATCTCGGGAC-1_1_1_1_1	GSE222315_p4_NAT	GSE222315	DF.classifications_0.25_0.005_289	Singlet	pANN_0.25_0.005_289	0.0238095238095238
GSE222315_CGAGTTATCTCTTAAC-1_1_1_1_1	GSE222315_p4_NAT	GSE222315	DF.classifications_0.25_0.005_289	Singlet	pANN_0.25_0.005_289	0
GSE222315_CGATCGGCAAGAGTTA-1_1_1_1_1	GSE222315_p4_NAT	GSE222315	DF.classifications_0.25_0.005_289	Singlet	pANN_0.25_0.005_289	0.166666666666667
GSE222315_CGATCGGCATGACGGA-1_1_1_1_1	GSE222315_p4_NAT	GSE222315	DF.classifications_0.25_0.005_289	Singlet	pANN_0.25_0.005_289	0.0714285714285714
GSE222315_CGATCGGGTCAGGTGA-1_1_1_1_1	GSE222315_p4_NAT	GSE222315	DF.classifications_0.25_0.005_289	Singlet	pANN_0.25_0.005_289	0.0952380952380952
GSE222315_CGATGCGAGACTTAAG-1_1_1_1_1	GSE222315_p4_NAT	GSE222315	DF.classifications_0.25_0.005_289	Singlet	pANN_0.25_0.005_289	0.261904761904762
GSE222315_CGATGCGAGAGATCGC-1_1_1_1_1	GSE222315_p4_NAT	GSE222315	DF.classifications_0.25_0.005_289	Singlet	pANN_0.25_0.005_289	0.214285714285714
GSE222315_CGATGCGAGCTGTCCG-1_1_1_1_1	GSE222315_p4_NAT	GSE222315	DF.classifications_0.25_0.005_289	Singlet	pANN_0.25_0.005_289	0.19047619047619
GSE222315_CGATGCGAGGGTACAC-1_1_1_1_1	GSE222315_p4_NAT	GSE222315	DF.classifications_0.25_0.005_289	Singlet	pANN_0.25_0.005_289	0.0238095238095238
GSE222315_CGATGCGCACATATCG-1_1_1_1_1	GSE222315_p4_NAT	GSE222315	DF.classifications_0.25_0.005_289	Singlet	pANN_0.25_0.005_289	0.261904761904762
GSE222315_CGATGCGCACTGAGGA-1_1_1_1_1	GSE222315_p4_NAT	GSE222315	DF.classifications_0.25_0.005_289	Singlet	pANN_0.25_0.005_289	0.238095238095238
GSE222315_CGATGCGCATGAAAGT-1_1_1_1_1	GSE222315_p4_NAT	GSE222315	DF.classifications_0.25_0.005_289	Singlet	pANN_0.25_0.005_289	0.119047619047619
GSE222315_CGATGCGGTCGCTGCA-1_1_1_1_1	GSE222315_p4_NAT	GSE222315	DF.classifications_0.25_0.005_289	Singlet	pANN_0.25_0.005_289	0.261904761904762
GSE222315_CGATGCGGTGTGAGCA-1_1_1_1_1	GSE222315_p4_NAT	GSE222315	DF.classifications_0.25_0.005_289	Doublet	pANN_0.25_0.005_289	0.428571428571429
GSE222315_CGATGCGGTTTGACAC-1_1_1_1_1	GSE222315_p4_NAT	GSE222315	DF.classifications_0.25_0.005_289	Singlet	pANN_0.25_0.005_289	0.285714285714286
GSE222315_CGATGCGTCATGCCCT-1_1_1_1_1	GSE222315_p4_NAT	GSE222315	DF.classifications_0.25_0.005_289	Singlet	pANN_0.25_0.005_289	0.166666666666667
GSE222315_CGATGGCAGCAGTAAT-1_1_1_1_1	GSE222315_p4_NAT	GSE222315	DF.classifications_0.25_0.005_289	Singlet	pANN_0.25_0.005_289	0.0238095238095238
GSE222315_CGATGGCAGCGATGCA-1_1_1_1_1	GSE222315_p4_NAT	GSE222315	DF.classifications_0.25_0.005_289	Singlet	pANN_0.25_0.005_289	0.261904761904762
GSE222315_CGATGGCAGCGCTGAA-1_1_1_1_1	GSE222315_p4_NAT	GSE222315	DF.classifications_0.25_0.005_289	Singlet	pANN_0.25_0.005_289	0.285714285714286
GSE222315_CGATGGCAGTTGCCCG-1_1_1_1_1	GSE222315_p4_NAT	GSE222315	DF.classifications_0.25_0.005_289	Singlet	pANN_0.25_0.005_289	0.19047619047619
GSE222315_CGATGGCAGTTTGCTG-1_1_1_1_1	GSE222315_p4_NAT	GSE222315	DF.classifications_0.25_0.005_289	Singlet	pANN_0.25_0.005_289	0.214285714285714
GSE222315_CGATGGCGTAGAGATT-1_1_1_1_1	GSE222315_p4_NAT	GSE222315	DF.classifications_0.25_0.005_289	Singlet	pANN_0.25_0.005_289	0.333333333333333
GSE222315_CGATGGCGTCCTGTCT-1_1_1_1_1	GSE222315_p4_NAT	GSE222315	DF.classifications_0.25_0.005_289	Singlet	pANN_0.25_0.005_289	0.238095238095238
GSE222315_CGATGGCGTCTCAGGC-1_1_1_1_1	GSE222315_p4_NAT	GSE222315	DF.classifications_0.25_0.005_289	Singlet	pANN_0.25_0.005_289	0
GSE222315_CGATGGCGTGCAGGAT-1_1_1_1_1	GSE222315_p4_NAT	GSE222315	DF.classifications_0.25_0.005_289	Singlet	pANN_0.25_0.005_289	0.19047619047619
GSE222315_CGATGGCGTGGTCCCA-1_1_1_1_1	GSE222315_p4_NAT	GSE222315	DF.classifications_0.25_0.005_289	Singlet	pANN_0.25_0.005_289	0.214285714285714
GSE222315_CGATGGCGTGTCTTCC-1_1_1_1_1	GSE222315_p4_NAT	GSE222315	DF.classifications_0.25_0.005_289	Singlet	pANN_0.25_0.005_289	0.0714285714285714
GSE222315_CGATGGCTCACGATCA-1_1_1_1_1	GSE222315_p4_NAT	GSE222315	DF.classifications_0.25_0.005_289	Singlet	pANN_0.25_0.005_289	0.0714285714285714
GSE222315_CGATGGCTCTTCACGC-1_1_1_1_1	GSE222315_p4_NAT	GSE222315	DF.classifications_0.25_0.005_289	Singlet	pANN_0.25_0.005_289	0.214285714285714
GSE222315_CGCAGGTAGTATGCAA-1_1_1_1_1	GSE222315_p4_NAT	GSE222315	DF.classifications_0.25_0.005_289	Singlet	pANN_0.25_0.005_289	0.0952380952380952
GSE222315_CGCAGGTAGTCGGGAT-1_1_1_1_1	GSE222315_p4_NAT	GSE222315	DF.classifications_0.25_0.005_289	Singlet	pANN_0.25_0.005_289	0.19047619047619
GSE222315_CGCAGGTCAGAGCCCT-1_1_1_1_1	GSE222315_p4_NAT	GSE222315	DF.classifications_0.25_0.005_289	Singlet	pANN_0.25_0.005_289	0.30952380952381
GSE222315_CGCAGGTGTCTTCGAA-1_1_1_1_1	GSE222315_p4_NAT	GSE222315	DF.classifications_0.25_0.005_289	Singlet	pANN_0.25_0.005_289	0.166666666666667
GSE222315_CGCAGGTTCCCTGGTT-1_1_1_1_1	GSE222315_p4_NAT	GSE222315	DF.classifications_0.25_0.005_289	Singlet	pANN_0.25_0.005_289	0.0714285714285714
GSE222315_CGCAGGTTCCTCTAAT-1_1_1_1_1	GSE222315_p4_NAT	GSE222315	DF.classifications_0.25_0.005_289	Singlet	pANN_0.25_0.005_289	0.166666666666667
GSE222315_CGCATAAAGTAGCTCT-1_1_1_1_1	GSE222315_p4_NAT	GSE222315	DF.classifications_0.25_0.005_289	Singlet	pANN_0.25_0.005_289	0.0714285714285714
GSE222315_CGCATAAAGTCACGCC-1_1_1_1_1	GSE222315_p4_NAT	GSE222315	DF.classifications_0.25_0.005_289	Singlet	pANN_0.25_0.005_289	0.214285714285714
GSE222315_CGCATAAGTCTGTAAC-1_1_1_1_1	GSE222315_p4_NAT	GSE222315	DF.classifications_0.25_0.005_289	Singlet	pANN_0.25_0.005_289	0.285714285714286
GSE222315_CGCATAAGTTGGGACA-1_1_1_1_1	GSE222315_p4_NAT	GSE222315	DF.classifications_0.25_0.005_289	Singlet	pANN_0.25_0.005_289	0.214285714285714
GSE222315_CGCATAATCATATGGC-1_1_1_1_1	GSE222315_p4_NAT	GSE222315	DF.classifications_0.25_0.005_289	Singlet	pANN_0.25_0.005_289	0.0238095238095238
GSE222315_CGCATGGCAGCTCATA-1_1_1_1_1	GSE222315_p4_NAT	GSE222315	DF.classifications_0.25_0.005_289	Singlet	pANN_0.25_0.005_289	0.142857142857143
GSE222315_CGCATGGCATTATGCG-1_1_1_1_1	GSE222315_p4_NAT	GSE222315	DF.classifications_0.25_0.005_289	Singlet	pANN_0.25_0.005_289	0.238095238095238
GSE222315_CGCATGGGTACTTGTG-1_1_1_1_1	GSE222315_p4_NAT	GSE222315	DF.classifications_0.25_0.005_289	Singlet	pANN_0.25_0.005_289	0.238095238095238
GSE222315_CGCCAGAAGCAATAAC-1_1_1_1_1	GSE222315_p4_NAT	GSE222315	DF.classifications_0.25_0.005_289	Singlet	pANN_0.25_0.005_289	0.357142857142857
GSE222315_CGCCAGAAGCTAAATG-1_1_1_1_1	GSE222315_p4_NAT	GSE222315	DF.classifications_0.25_0.005_289	Singlet	pANN_0.25_0.005_289	0.0238095238095238
GSE222315_CGCCAGACAACCGTGC-1_1_1_1_1	GSE222315_p4_NAT	GSE222315	DF.classifications_0.25_0.005_289	Singlet	pANN_0.25_0.005_289	0.357142857142857
GSE222315_CGCCAGACACACACTA-1_1_1_1_1	GSE222315_p4_NAT	GSE222315	DF.classifications_0.25_0.005_289	Singlet	pANN_0.25_0.005_289	0.30952380952381
GSE222315_CGCCAGAGTTGTGTAC-1_1_1_1_1	GSE222315_p4_NAT	GSE222315	DF.classifications_0.25_0.005_289	Singlet	pANN_0.25_0.005_289	0.0952380952380952
GSE222315_CGCCAGATCCTTGGAA-1_1_1_1_1	GSE222315_p4_NAT	GSE222315	DF.classifications_0.25_0.005_289	Singlet	pANN_0.25_0.005_289	0.0476190476190476
GSE222315_CGCCATTAGAACCGCA-1_1_1_1_1	GSE222315_p4_NAT	GSE222315	DF.classifications_0.25_0.005_289	Singlet	pANN_0.25_0.005_289	0
GSE222315_CGCCATTAGAGTATAC-1_1_1_1_1	GSE222315_p4_NAT	GSE222315	DF.classifications_0.25_0.005_289	Singlet	pANN_0.25_0.005_289	0.261904761904762
GSE222315_CGCCATTAGCACGGAT-1_1_1_1_1	GSE222315_p4_NAT	GSE222315	DF.classifications_0.25_0.005_289	Singlet	pANN_0.25_0.005_289	0.380952380952381
GSE222315_CGCCATTAGTGGACGT-1_1_1_1_1	GSE222315_p4_NAT	GSE222315	DF.classifications_0.25_0.005_289	Singlet	pANN_0.25_0.005_289	0.0476190476190476
GSE222315_CGCCATTCATGAATAG-1_1_1_1_1	GSE222315_p4_NAT	GSE222315	DF.classifications_0.25_0.005_289	Singlet	pANN_0.25_0.005_289	0.0714285714285714
GSE222315_CGCCATTGTCGCTTAA-1_1_1_1_1	GSE222315_p4_NAT	GSE222315	DF.classifications_0.25_0.005_289	Singlet	pANN_0.25_0.005_289	0.261904761904762
GSE222315_CGCCATTGTGTACGCC-1_1_1_1_1	GSE222315_p4_NAT	GSE222315	DF.classifications_0.25_0.005_289	Singlet	pANN_0.25_0.005_289	0.0238095238095238
GSE222315_CGCCATTTCCTATGGA-1_1_1_1_1	GSE222315_p4_NAT	GSE222315	DF.classifications_0.25_0.005_289	Singlet	pANN_0.25_0.005_289	0.119047619047619
GSE222315_CGCCATTTCTATCGTT-1_1_1_1_1	GSE222315_p4_NAT	GSE222315	DF.classifications_0.25_0.005_289	Singlet	pANN_0.25_0.005_289	0.238095238095238
GSE222315_CGCGTGAAGAGAGGGC-1_1_1_1_1	GSE222315_p4_NAT	GSE222315	DF.classifications_0.25_0.005_289	Singlet	pANN_0.25_0.005_289	0
GSE222315_CGCGTGAAGCCTCAAT-1_1_1_1_1	GSE222315_p4_NAT	GSE222315	DF.classifications_0.25_0.005_289	Singlet	pANN_0.25_0.005_289	0.380952380952381
GSE222315_CGCGTGACAAGACCTT-1_1_1_1_1	GSE222315_p4_NAT	GSE222315	DF.classifications_0.25_0.005_289	Singlet	pANN_0.25_0.005_289	0.214285714285714
GSE222315_CGCGTGAGTACCAGAG-1_1_1_1_1	GSE222315_p4_NAT	GSE222315	DF.classifications_0.25_0.005_289	Singlet	pANN_0.25_0.005_289	0.214285714285714
GSE222315_CGCGTGAGTGCATCTA-1_1_1_1_1	GSE222315_p4_NAT	GSE222315	DF.classifications_0.25_0.005_289	Singlet	pANN_0.25_0.005_289	0.0238095238095238
GSE222315_CGCGTGATCATTGCTT-1_1_1_1_1	GSE222315_p4_NAT	GSE222315	DF.classifications_0.25_0.005_289	Singlet	pANN_0.25_0.005_289	0.238095238095238
GSE222315_CGCGTGATCGAAACAA-1_1_1_1_1	GSE222315_p4_NAT	GSE222315	DF.classifications_0.25_0.005_289	Singlet	pANN_0.25_0.005_289	0.30952380952381
GSE222315_CGGAACCAGAACTGAT-1_1_1_1_1	GSE222315_p4_NAT	GSE222315	DF.classifications_0.25_0.005_289	Singlet	pANN_0.25_0.005_289	0
GSE222315_CGGAACCCACAACGTT-1_1_1_1_1	GSE222315_p4_NAT	GSE222315	DF.classifications_0.25_0.005_289	Singlet	pANN_0.25_0.005_289	0.333333333333333
GSE222315_CGGAACCCACATGTTG-1_1_1_1_1	GSE222315_p4_NAT	GSE222315	DF.classifications_0.25_0.005_289	Singlet	pANN_0.25_0.005_289	0.0476190476190476
GSE222315_CGGAACCCACTACGGC-1_1_1_1_1	GSE222315_p4_NAT	GSE222315	DF.classifications_0.25_0.005_289	Singlet	pANN_0.25_0.005_289	0.119047619047619
GSE222315_CGGAACCCAGCATACT-1_1_1_1_1	GSE222315_p4_NAT	GSE222315	DF.classifications_0.25_0.005_289	Singlet	pANN_0.25_0.005_289	0.0952380952380952
GSE222315_CGGAACCCATCCTAAG-1_1_1_1_1	GSE222315_p4_NAT	GSE222315	DF.classifications_0.25_0.005_289	Singlet	pANN_0.25_0.005_289	0.142857142857143
GSE222315_CGGAACCGTCCGGTCA-1_1_1_1_1	GSE222315_p4_NAT	GSE222315	DF.classifications_0.25_0.005_289	Singlet	pANN_0.25_0.005_289	0
GSE222315_CGGAACCGTCGACGCT-1_1_1_1_1	GSE222315_p4_NAT	GSE222315	DF.classifications_0.25_0.005_289	Singlet	pANN_0.25_0.005_289	0.404761904761905
GSE222315_CGGAACCGTCGAGCTC-1_1_1_1_1	GSE222315_p4_NAT	GSE222315	DF.classifications_0.25_0.005_289	Singlet	pANN_0.25_0.005_289	0
GSE222315_CGGAATTAGTAGGATT-1_1_1_1_1	GSE222315_p4_NAT	GSE222315	DF.classifications_0.25_0.005_289	Singlet	pANN_0.25_0.005_289	0
GSE222315_CGGAATTAGTGACCTT-1_1_1_1_1	GSE222315_p4_NAT	GSE222315	DF.classifications_0.25_0.005_289	Singlet	pANN_0.25_0.005_289	0.214285714285714
GSE222315_CGGAATTCAGAGGGTT-1_1_1_1_1	GSE222315_p4_NAT	GSE222315	DF.classifications_0.25_0.005_289	Singlet	pANN_0.25_0.005_289	0.0714285714285714
GSE222315_CGGAATTGTAGAGACC-1_1_1_1_1	GSE222315_p4_NAT	GSE222315	DF.classifications_0.25_0.005_289	Singlet	pANN_0.25_0.005_289	0
GSE222315_CGGAATTGTAGCGCTC-1_1_1_1_1	GSE222315_p4_NAT	GSE222315	DF.classifications_0.25_0.005_289	Singlet	pANN_0.25_0.005_289	0.0476190476190476
GSE222315_CGGAATTGTTGTCCCT-1_1_1_1_1	GSE222315_p4_NAT	GSE222315	DF.classifications_0.25_0.005_289	Singlet	pANN_0.25_0.005_289	0.238095238095238
GSE222315_CGGAATTTCATAGAGA-1_1_1_1_1	GSE222315_p4_NAT	GSE222315	DF.classifications_0.25_0.005_289	Singlet	pANN_0.25_0.005_289	0.0714285714285714
GSE222315_CGGAATTTCCAGCAAT-1_1_1_1_1	GSE222315_p4_NAT	GSE222315	DF.classifications_0.25_0.005_289	Singlet	pANN_0.25_0.005_289	0
GSE222315_CGGAATTTCCCTTTGG-1_1_1_1_1	GSE222315_p4_NAT	GSE222315	DF.classifications_0.25_0.005_289	Singlet	pANN_0.25_0.005_289	0.119047619047619
GSE222315_CGGACACCAATGCTCA-1_1_1_1_1	GSE222315_p4_NAT	GSE222315	DF.classifications_0.25_0.005_289	Singlet	pANN_0.25_0.005_289	0.357142857142857
GSE222315_CGGACACCACAGCCAC-1_1_1_1_1	GSE222315_p4_NAT	GSE222315	DF.classifications_0.25_0.005_289	Singlet	pANN_0.25_0.005_289	0.142857142857143
GSE222315_CGGACACCACCAGCTG-1_1_1_1_1	GSE222315_p4_NAT	GSE222315	DF.classifications_0.25_0.005_289	Singlet	pANN_0.25_0.005_289	0.119047619047619
GSE222315_CGGACACTCCTTCTTC-1_1_1_1_1	GSE222315_p4_NAT	GSE222315	DF.classifications_0.25_0.005_289	Singlet	pANN_0.25_0.005_289	0.238095238095238
GSE222315_CGGACACTCGCTTTAT-1_1_1_1_1	GSE222315_p4_NAT	GSE222315	DF.classifications_0.25_0.005_289	Singlet	pANN_0.25_0.005_289	0
GSE222315_CGGACACTCTGACAGT-1_1_1_1_1	GSE222315_p4_NAT	GSE222315	DF.classifications_0.25_0.005_289	Singlet	pANN_0.25_0.005_289	0.0952380952380952
GSE222315_CGGAGAAAGACGACGT-1_1_1_1_1	GSE222315_p4_NAT	GSE222315	DF.classifications_0.25_0.005_289	Singlet	pANN_0.25_0.005_289	0.333333333333333
GSE222315_CGGAGAAAGACGGATC-1_1_1_1_1	GSE222315_p4_NAT	GSE222315	DF.classifications_0.25_0.005_289	Singlet	pANN_0.25_0.005_289	0.0476190476190476
GSE222315_CGGAGAAAGCTAAGTA-1_1_1_1_1	GSE222315_p4_NAT	GSE222315	DF.classifications_0.25_0.005_289	Singlet	pANN_0.25_0.005_289	0.0476190476190476
GSE222315_CGGAGAAAGGTTCAGG-1_1_1_1_1	GSE222315_p4_NAT	GSE222315	DF.classifications_0.25_0.005_289	Singlet	pANN_0.25_0.005_289	0.0238095238095238
GSE222315_CGGAGAAAGTTATGGA-1_1_1_1_1	GSE222315_p4_NAT	GSE222315	DF.classifications_0.25_0.005_289	Singlet	pANN_0.25_0.005_289	0.166666666666667
GSE222315_CGGAGAACAGTTGTTG-1_1_1_1_1	GSE222315_p4_NAT	GSE222315	DF.classifications_0.25_0.005_289	Singlet	pANN_0.25_0.005_289	0.0952380952380952
GSE222315_CGGAGAAGTAGGGTAC-1_1_1_1_1	GSE222315_p4_NAT	GSE222315	DF.classifications_0.25_0.005_289	Singlet	pANN_0.25_0.005_289	0.166666666666667
GSE222315_CGGAGAAGTTGTGCAT-1_1_1_1_1	GSE222315_p4_NAT	GSE222315	DF.classifications_0.25_0.005_289	Singlet	pANN_0.25_0.005_289	0.333333333333333
GSE222315_CGGAGAATCAGCACCG-1_1_1_1_1	GSE222315_p4_NAT	GSE222315	DF.classifications_0.25_0.005_289	Singlet	pANN_0.25_0.005_289	0.0476190476190476
GSE222315_CGGAGAATCTAAACGC-1_1_1_1_1	GSE222315_p4_NAT	GSE222315	DF.classifications_0.25_0.005_289	Singlet	pANN_0.25_0.005_289	0.142857142857143
GSE222315_CGGCAGTCACAACCGC-1_1_1_1_1	GSE222315_p4_NAT	GSE222315	DF.classifications_0.25_0.005_289	Singlet	pANN_0.25_0.005_289	0.119047619047619
GSE222315_CGGCAGTCAGTGAGCA-1_1_1_1_1	GSE222315_p4_NAT	GSE222315	DF.classifications_0.25_0.005_289	Singlet	pANN_0.25_0.005_289	0.142857142857143
GSE222315_CGGCAGTCATAAGCGG-1_1_1_1_1	GSE222315_p4_NAT	GSE222315	DF.classifications_0.25_0.005_289	Singlet	pANN_0.25_0.005_289	0.142857142857143
GSE222315_CGGCAGTGTGGAAATT-1_1_1_1_1	GSE222315_p4_NAT	GSE222315	DF.classifications_0.25_0.005_289	Singlet	pANN_0.25_0.005_289	0.261904761904762
GSE222315_CGGGACTAGACCAAGC-1_1_1_1_1	GSE222315_p4_NAT	GSE222315	DF.classifications_0.25_0.005_289	Singlet	pANN_0.25_0.005_289	0.119047619047619
GSE222315_CGGGACTAGTGGATTA-1_1_1_1_1	GSE222315_p4_NAT	GSE222315	DF.classifications_0.25_0.005_289	Singlet	pANN_0.25_0.005_289	0.142857142857143
GSE222315_CGGGACTCACTTCAGA-1_1_1_1_1	GSE222315_p4_NAT	GSE222315	DF.classifications_0.25_0.005_289	Doublet	pANN_0.25_0.005_289	0.476190476190476
GSE222315_CGGGACTCATTCACCC-1_1_1_1_1	GSE222315_p4_NAT	GSE222315	DF.classifications_0.25_0.005_289	Singlet	pANN_0.25_0.005_289	0.285714285714286
GSE222315_CGGGACTGTAAGCGGT-1_1_1_1_1	GSE222315_p4_NAT	GSE222315	DF.classifications_0.25_0.005_289	Singlet	pANN_0.25_0.005_289	0.380952380952381
GSE222315_CGGGCATAGGACGCAT-1_1_1_1_1	GSE222315_p4_NAT	GSE222315	DF.classifications_0.25_0.005_289	Singlet	pANN_0.25_0.005_289	0.166666666666667
GSE222315_CGGGCATCAAGTCCCG-1_1_1_1_1	GSE222315_p4_NAT	GSE222315	DF.classifications_0.25_0.005_289	Singlet	pANN_0.25_0.005_289	0.261904761904762
GSE222315_CGGGCATCACGACCTG-1_1_1_1_1	GSE222315_p4_NAT	GSE222315	DF.classifications_0.25_0.005_289	Singlet	pANN_0.25_0.005_289	0.333333333333333
GSE222315_CGGGCATCAGGTAGTG-1_1_1_1_1	GSE222315_p4_NAT	GSE222315	DF.classifications_0.25_0.005_289	Singlet	pANN_0.25_0.005_289	0.214285714285714
GSE222315_CGGGCATTCGCTGTCT-1_1_1_1_1	GSE222315_p4_NAT	GSE222315	DF.classifications_0.25_0.005_289	Singlet	pANN_0.25_0.005_289	0.214285714285714
GSE222315_CGGGTCAAGAGGTTTA-1_1_1_1_1	GSE222315_p4_NAT	GSE222315	DF.classifications_0.25_0.005_289	Singlet	pANN_0.25_0.005_289	0.333333333333333
GSE222315_CGGGTCACAAGCTACT-1_1_1_1_1	GSE222315_p4_NAT	GSE222315	DF.classifications_0.25_0.005_289	Singlet	pANN_0.25_0.005_289	0.0238095238095238
GSE222315_CGGGTCATCAAGTCGT-1_1_1_1_1	GSE222315_p4_NAT	GSE222315	DF.classifications_0.25_0.005_289	Singlet	pANN_0.25_0.005_289	0.285714285714286
GSE222315_CGGGTCATCTGGCCGA-1_1_1_1_1	GSE222315_p4_NAT	GSE222315	DF.classifications_0.25_0.005_289	Singlet	pANN_0.25_0.005_289	0.0476190476190476
GSE222315_CGGGTGTAGATTGAGT-1_1_1_1_1	GSE222315_p4_NAT	GSE222315	DF.classifications_0.25_0.005_289	Singlet	pANN_0.25_0.005_289	0.0714285714285714
GSE222315_CGGGTGTAGGTGCTTT-1_1_1_1_1	GSE222315_p4_NAT	GSE222315	DF.classifications_0.25_0.005_289	Singlet	pANN_0.25_0.005_289	0.166666666666667
GSE222315_CGGGTGTCAAGCGGAT-1_1_1_1_1	GSE222315_p4_NAT	GSE222315	DF.classifications_0.25_0.005_289	Singlet	pANN_0.25_0.005_289	0.238095238095238
GSE222315_CGGGTGTCAATACCTG-1_1_1_1_1	GSE222315_p4_NAT	GSE222315	DF.classifications_0.25_0.005_289	Singlet	pANN_0.25_0.005_289	0.119047619047619
GSE222315_CGGGTGTCACCTCTAC-1_1_1_1_1	GSE222315_p4_NAT	GSE222315	DF.classifications_0.25_0.005_289	Singlet	pANN_0.25_0.005_289	0.333333333333333
GSE222315_CGGGTGTCACCTCTGT-1_1_1_1_1	GSE222315_p4_NAT	GSE222315	DF.classifications_0.25_0.005_289	Singlet	pANN_0.25_0.005_289	0.119047619047619
GSE222315_CGGGTGTCAGAGACTG-1_1_1_1_1	GSE222315_p4_NAT	GSE222315	DF.classifications_0.25_0.005_289	Singlet	pANN_0.25_0.005_289	0.142857142857143
GSE222315_CGGGTGTCAGTATGAA-1_1_1_1_1	GSE222315_p4_NAT	GSE222315	DF.classifications_0.25_0.005_289	Singlet	pANN_0.25_0.005_289	0.333333333333333
GSE222315_CGGGTGTTCGGCATTA-1_1_1_1_1	GSE222315_p4_NAT	GSE222315	DF.classifications_0.25_0.005_289	Singlet	pANN_0.25_0.005_289	0.166666666666667
GSE222315_CGGTCAGAGCAGCCTC-1_1_1_1_1	GSE222315_p4_NAT	GSE222315	DF.classifications_0.25_0.005_289	Singlet	pANN_0.25_0.005_289	0.142857142857143
GSE222315_CGGTCAGGTGCAGATG-1_1_1_1_1	GSE222315_p4_NAT	GSE222315	DF.classifications_0.25_0.005_289	Singlet	pANN_0.25_0.005_289	0.285714285714286
GSE222315_CGGTCAGTCGAAGAAT-1_1_1_1_1	GSE222315_p4_NAT	GSE222315	DF.classifications_0.25_0.005_289	Singlet	pANN_0.25_0.005_289	0.0476190476190476
GSE222315_CGTAAGTAGTACGTCT-1_1_1_1_1	GSE222315_p4_NAT	GSE222315	DF.classifications_0.25_0.005_289	Singlet	pANN_0.25_0.005_289	0.214285714285714
GSE222315_CGTAAGTCACAGCTGC-1_1_1_1_1	GSE222315_p4_NAT	GSE222315	DF.classifications_0.25_0.005_289	Singlet	pANN_0.25_0.005_289	0.238095238095238
GSE222315_CGTAAGTCATCTGGGC-1_1_1_1_1	GSE222315_p4_NAT	GSE222315	DF.classifications_0.25_0.005_289	Singlet	pANN_0.25_0.005_289	0.166666666666667
GSE222315_CGTAAGTTCCCTTGGT-1_1_1_1_1	GSE222315_p4_NAT	GSE222315	DF.classifications_0.25_0.005_289	Singlet	pANN_0.25_0.005_289	0.0476190476190476
GSE222315_CGTAAGTTCCTCTAGC-1_1_1_1_1	GSE222315_p4_NAT	GSE222315	DF.classifications_0.25_0.005_289	Singlet	pANN_0.25_0.005_289	0.404761904761905
GSE222315_CGTAAGTTCTCTATAC-1_1_1_1_1	GSE222315_p4_NAT	GSE222315	DF.classifications_0.25_0.005_289	Singlet	pANN_0.25_0.005_289	0.0952380952380952
GSE222315_CGTAATGAGATCGCTT-1_1_1_1_1	GSE222315_p4_NAT	GSE222315	DF.classifications_0.25_0.005_289	Singlet	pANN_0.25_0.005_289	0.0238095238095238
GSE222315_CGTAATGAGCCAACCC-1_1_1_1_1	GSE222315_p4_NAT	GSE222315	DF.classifications_0.25_0.005_289	Singlet	pANN_0.25_0.005_289	0.285714285714286
GSE222315_CGTAATGAGGCTGTAG-1_1_1_1_1	GSE222315_p4_NAT	GSE222315	DF.classifications_0.25_0.005_289	Singlet	pANN_0.25_0.005_289	0.261904761904762
GSE222315_CGTAATGAGGTAGACC-1_1_1_1_1	GSE222315_p4_NAT	GSE222315	DF.classifications_0.25_0.005_289	Singlet	pANN_0.25_0.005_289	0.119047619047619
GSE222315_CGTAATGAGGTATAGT-1_1_1_1_1	GSE222315_p4_NAT	GSE222315	DF.classifications_0.25_0.005_289	Singlet	pANN_0.25_0.005_289	0.0238095238095238
GSE222315_CGTAATGCACCTGATA-1_1_1_1_1	GSE222315_p4_NAT	GSE222315	DF.classifications_0.25_0.005_289	Singlet	pANN_0.25_0.005_289	0
GSE222315_CGTAATGCACGTTCGG-1_1_1_1_1	GSE222315_p4_NAT	GSE222315	DF.classifications_0.25_0.005_289	Singlet	pANN_0.25_0.005_289	0.333333333333333
GSE222315_CGTAATGCAGCTAACT-1_1_1_1_1	GSE222315_p4_NAT	GSE222315	DF.classifications_0.25_0.005_289	Singlet	pANN_0.25_0.005_289	0.142857142857143
GSE222315_CGTAATGCATTGCCTC-1_1_1_1_1	GSE222315_p4_NAT	GSE222315	DF.classifications_0.25_0.005_289	Singlet	pANN_0.25_0.005_289	0.238095238095238
GSE222315_CGTAATGTCCTCGATC-1_1_1_1_1	GSE222315_p4_NAT	GSE222315	DF.classifications_0.25_0.005_289	Singlet	pANN_0.25_0.005_289	0.0952380952380952
GSE222315_CGTAATGTCTGTCAGA-1_1_1_1_1	GSE222315_p4_NAT	GSE222315	DF.classifications_0.25_0.005_289	Singlet	pANN_0.25_0.005_289	0.0238095238095238
GSE222315_CGTAGTAAGCCACCGT-1_1_1_1_1	GSE222315_p4_NAT	GSE222315	DF.classifications_0.25_0.005_289	Doublet	pANN_0.25_0.005_289	0.428571428571429
GSE222315_CGTAGTACAGGTTTAC-1_1_1_1_1	GSE222315_p4_NAT	GSE222315	DF.classifications_0.25_0.005_289	Singlet	pANN_0.25_0.005_289	0.0952380952380952
GSE222315_CGTAGTAGTTCTCTAT-1_1_1_1_1	GSE222315_p4_NAT	GSE222315	DF.classifications_0.25_0.005_289	Singlet	pANN_0.25_0.005_289	0.0238095238095238
GSE222315_CGTAGTATCCTTACCG-1_1_1_1_1	GSE222315_p4_NAT	GSE222315	DF.classifications_0.25_0.005_289	Singlet	pANN_0.25_0.005_289	0.404761904761905
GSE222315_CGTCAAAAGGTAGTCG-1_1_1_1_1	GSE222315_p4_NAT	GSE222315	DF.classifications_0.25_0.005_289	Singlet	pANN_0.25_0.005_289	0.166666666666667
GSE222315_CGTCAAAGTGAAGCTG-1_1_1_1_1	GSE222315_p4_NAT	GSE222315	DF.classifications_0.25_0.005_289	Singlet	pANN_0.25_0.005_289	0.0952380952380952
GSE222315_CGTCAAAGTGCTTCAA-1_1_1_1_1	GSE222315_p4_NAT	GSE222315	DF.classifications_0.25_0.005_289	Singlet	pANN_0.25_0.005_289	0.0238095238095238
GSE222315_CGTCAAATCCACTGAA-1_1_1_1_1	GSE222315_p4_NAT	GSE222315	DF.classifications_0.25_0.005_289	Singlet	pANN_0.25_0.005_289	0.0238095238095238
GSE222315_CGTCAAATCGAAATCC-1_1_1_1_1	GSE222315_p4_NAT	GSE222315	DF.classifications_0.25_0.005_289	Singlet	pANN_0.25_0.005_289	0.238095238095238
GSE222315_CGTCCATAGCTAAATG-1_1_1_1_1	GSE222315_p4_NAT	GSE222315	DF.classifications_0.25_0.005_289	Singlet	pANN_0.25_0.005_289	0.30952380952381
GSE222315_CGTCCATTCCCGAAAT-1_1_1_1_1	GSE222315_p4_NAT	GSE222315	DF.classifications_0.25_0.005_289	Singlet	pANN_0.25_0.005_289	0
GSE222315_CGTCCATTCGCAATGT-1_1_1_1_1	GSE222315_p4_NAT	GSE222315	DF.classifications_0.25_0.005_289	Singlet	pANN_0.25_0.005_289	0.261904761904762
GSE222315_CGTCCATTCGCTAGCG-1_1_1_1_1	GSE222315_p4_NAT	GSE222315	DF.classifications_0.25_0.005_289	Singlet	pANN_0.25_0.005_289	0.0238095238095238
GSE222315_CGTCCATTCTGTGTGA-1_1_1_1_1	GSE222315_p4_NAT	GSE222315	DF.classifications_0.25_0.005_289	Singlet	pANN_0.25_0.005_289	0.380952380952381
GSE222315_CGTGAATCAGCTAACT-1_1_1_1_1	GSE222315_p4_NAT	GSE222315	DF.classifications_0.25_0.005_289	Singlet	pANN_0.25_0.005_289	0.285714285714286
GSE222315_CGTGAATGTCTTAGTG-1_1_1_1_1	GSE222315_p4_NAT	GSE222315	DF.classifications_0.25_0.005_289	Singlet	pANN_0.25_0.005_289	0.166666666666667
GSE222315_CGTGAATGTGGATACG-1_1_1_1_1	GSE222315_p4_NAT	GSE222315	DF.classifications_0.25_0.005_289	Singlet	pANN_0.25_0.005_289	0.333333333333333
GSE222315_CGTGAATGTGTATACC-1_1_1_1_1	GSE222315_p4_NAT	GSE222315	DF.classifications_0.25_0.005_289	Singlet	pANN_0.25_0.005_289	0.142857142857143
GSE222315_CGTGAATTCATGTCAG-1_1_1_1_1	GSE222315_p4_NAT	GSE222315	DF.classifications_0.25_0.005_289	Singlet	pANN_0.25_0.005_289	0.261904761904762
GSE222315_CGTGAATTCCTTCTAA-1_1_1_1_1	GSE222315_p4_NAT	GSE222315	DF.classifications_0.25_0.005_289	Singlet	pANN_0.25_0.005_289	0.0476190476190476
GSE222315_CGTGAATTCGCCAACG-1_1_1_1_1	GSE222315_p4_NAT	GSE222315	DF.classifications_0.25_0.005_289	Singlet	pANN_0.25_0.005_289	0
GSE222315_CGTGAATTCTCTGGTC-1_1_1_1_1	GSE222315_p4_NAT	GSE222315	DF.classifications_0.25_0.005_289	Singlet	pANN_0.25_0.005_289	0.285714285714286
GSE222315_CGTGATACAACTACGT-1_1_1_1_1	GSE222315_p4_NAT	GSE222315	DF.classifications_0.25_0.005_289	Singlet	pANN_0.25_0.005_289	0.357142857142857
GSE222315_CGTGATAGTCCAGAAG-1_1_1_1_1	GSE222315_p4_NAT	GSE222315	DF.classifications_0.25_0.005_289	Singlet	pANN_0.25_0.005_289	0.0952380952380952
GSE222315_CGTGATATCGCCGTGA-1_1_1_1_1	GSE222315_p4_NAT	GSE222315	DF.classifications_0.25_0.005_289	Singlet	pANN_0.25_0.005_289	0.380952380952381
GSE222315_CGTGATATCTCGCTTG-1_1_1_1_1	GSE222315_p4_NAT	GSE222315	DF.classifications_0.25_0.005_289	Singlet	pANN_0.25_0.005_289	0.261904761904762
GSE222315_CGTGCTTCAACGTATC-1_1_1_1_1	GSE222315_p4_NAT	GSE222315	DF.classifications_0.25_0.005_289	Singlet	pANN_0.25_0.005_289	0.166666666666667
GSE222315_CGTGCTTCAGGCTTGC-1_1_1_1_1	GSE222315_p4_NAT	GSE222315	DF.classifications_0.25_0.005_289	Singlet	pANN_0.25_0.005_289	0.119047619047619
GSE222315_CGTGCTTGTGGAAGTC-1_1_1_1_1	GSE222315_p4_NAT	GSE222315	DF.classifications_0.25_0.005_289	Singlet	pANN_0.25_0.005_289	0.166666666666667
GSE222315_CGTGCTTTCAACTCTT-1_1_1_1_1	GSE222315_p4_NAT	GSE222315	DF.classifications_0.25_0.005_289	Singlet	pANN_0.25_0.005_289	0.261904761904762
GSE222315_CGTGCTTTCCGATCGG-1_1_1_1_1	GSE222315_p4_NAT	GSE222315	DF.classifications_0.25_0.005_289	Singlet	pANN_0.25_0.005_289	0.214285714285714
GSE222315_CGTGTCTAGAGCCGAT-1_1_1_1_1	GSE222315_p4_NAT	GSE222315	DF.classifications_0.25_0.005_289	Singlet	pANN_0.25_0.005_289	0.0476190476190476
GSE222315_CGTGTCTAGCGAGTCA-1_1_1_1_1	GSE222315_p4_NAT	GSE222315	DF.classifications_0.25_0.005_289	Singlet	pANN_0.25_0.005_289	0.238095238095238
GSE222315_CGTGTCTGTAGTATAG-1_1_1_1_1	GSE222315_p4_NAT	GSE222315	DF.classifications_0.25_0.005_289	Singlet	pANN_0.25_0.005_289	0.19047619047619
GSE222315_CGTGTCTTCAAGAATG-1_1_1_1_1	GSE222315_p4_NAT	GSE222315	DF.classifications_0.25_0.005_289	Doublet	pANN_0.25_0.005_289	0.642857142857143
GSE222315_CGTGTCTTCTGTTCAT-1_1_1_1_1	GSE222315_p4_NAT	GSE222315	DF.classifications_0.25_0.005_289	Singlet	pANN_0.25_0.005_289	0.214285714285714
GSE222315_CGTTAGAAGAGTTGAT-1_1_1_1_1	GSE222315_p4_NAT	GSE222315	DF.classifications_0.25_0.005_289	Singlet	pANN_0.25_0.005_289	0.285714285714286
GSE222315_CGTTAGAAGCTGTGCC-1_1_1_1_1	GSE222315_p4_NAT	GSE222315	DF.classifications_0.25_0.005_289	Singlet	pANN_0.25_0.005_289	0.166666666666667
GSE222315_CGTTAGAAGTCATGGG-1_1_1_1_1	GSE222315_p4_NAT	GSE222315	DF.classifications_0.25_0.005_289	Singlet	pANN_0.25_0.005_289	0.333333333333333
GSE222315_CGTTAGACACATGTTG-1_1_1_1_1	GSE222315_p4_NAT	GSE222315	DF.classifications_0.25_0.005_289	Singlet	pANN_0.25_0.005_289	0.19047619047619
GSE222315_CGTTAGAGTCTCAGGC-1_1_1_1_1	GSE222315_p4_NAT	GSE222315	DF.classifications_0.25_0.005_289	Singlet	pANN_0.25_0.005_289	0.285714285714286
GSE222315_CGTTAGAGTGCCTAAT-1_1_1_1_1	GSE222315_p4_NAT	GSE222315	DF.classifications_0.25_0.005_289	Singlet	pANN_0.25_0.005_289	0.166666666666667
GSE222315_CGTTAGATCACTGTTT-1_1_1_1_1	GSE222315_p4_NAT	GSE222315	DF.classifications_0.25_0.005_289	Doublet	pANN_0.25_0.005_289	0.523809523809524
GSE222315_CGTTAGATCTGGAGAG-1_1_1_1_1	GSE222315_p4_NAT	GSE222315	DF.classifications_0.25_0.005_289	Singlet	pANN_0.25_0.005_289	0.119047619047619
GSE222315_CGTTCTGCATCTCATT-1_1_1_1_1	GSE222315_p4_NAT	GSE222315	DF.classifications_0.25_0.005_289	Singlet	pANN_0.25_0.005_289	0.142857142857143
GSE222315_CGTTCTGCATGTGCTA-1_1_1_1_1	GSE222315_p4_NAT	GSE222315	DF.classifications_0.25_0.005_289	Singlet	pANN_0.25_0.005_289	0.0952380952380952
GSE222315_CGTTCTGGTGAATTAG-1_1_1_1_1	GSE222315_p4_NAT	GSE222315	DF.classifications_0.25_0.005_289	Singlet	pANN_0.25_0.005_289	0.214285714285714
GSE222315_CGTTCTGGTGGGCTCT-1_1_1_1_1	GSE222315_p4_NAT	GSE222315	DF.classifications_0.25_0.005_289	Doublet	pANN_0.25_0.005_289	0.452380952380952
GSE222315_CGTTCTGTCCTCTGCA-1_1_1_1_1	GSE222315_p4_NAT	GSE222315	DF.classifications_0.25_0.005_289	Singlet	pANN_0.25_0.005_289	0
GSE222315_CGTTCTGTCTCGGTAA-1_1_1_1_1	GSE222315_p4_NAT	GSE222315	DF.classifications_0.25_0.005_289	Singlet	pANN_0.25_0.005_289	0.119047619047619
GSE222315_CGTTGGGAGTAAACGT-1_1_1_1_1	GSE222315_p4_NAT	GSE222315	DF.classifications_0.25_0.005_289	Singlet	pANN_0.25_0.005_289	0.333333333333333
GSE222315_CGTTGGGGTATTTCGG-1_1_1_1_1	GSE222315_p4_NAT	GSE222315	DF.classifications_0.25_0.005_289	Singlet	pANN_0.25_0.005_289	0.19047619047619
GSE222315_CGTTGGGGTTCGTGCG-1_1_1_1_1	GSE222315_p4_NAT	GSE222315	DF.classifications_0.25_0.005_289	Singlet	pANN_0.25_0.005_289	0.0476190476190476
GSE222315_CGTTGGGTCAGCAATC-1_1_1_1_1	GSE222315_p4_NAT	GSE222315	DF.classifications_0.25_0.005_289	Singlet	pANN_0.25_0.005_289	0.285714285714286
GSE222315_CGTTGGGTCGTTCAGA-1_1_1_1_1	GSE222315_p4_NAT	GSE222315	DF.classifications_0.25_0.005_289	Singlet	pANN_0.25_0.005_289	0.0714285714285714
GSE222315_CTAACCCAGACCATGG-1_1_1_1_1	GSE222315_p4_NAT	GSE222315	DF.classifications_0.25_0.005_289	Doublet	pANN_0.25_0.005_289	0.476190476190476
GSE222315_CTAACCCAGATGAATC-1_1_1_1_1	GSE222315_p4_NAT	GSE222315	DF.classifications_0.25_0.005_289	Singlet	pANN_0.25_0.005_289	0.119047619047619
GSE222315_CTAACCCAGGTACTGG-1_1_1_1_1	GSE222315_p4_NAT	GSE222315	DF.classifications_0.25_0.005_289	Singlet	pANN_0.25_0.005_289	0.261904761904762
GSE222315_CTAACCCCAGTCGCAC-1_1_1_1_1	GSE222315_p4_NAT	GSE222315	DF.classifications_0.25_0.005_289	Singlet	pANN_0.25_0.005_289	0.30952380952381
GSE222315_CTAACCCCATAATGCC-1_1_1_1_1	GSE222315_p4_NAT	GSE222315	DF.classifications_0.25_0.005_289	Singlet	pANN_0.25_0.005_289	0.0714285714285714
GSE222315_CTAACCCCATCAGCAT-1_1_1_1_1	GSE222315_p4_NAT	GSE222315	DF.classifications_0.25_0.005_289	Singlet	pANN_0.25_0.005_289	0.142857142857143
GSE222315_CTAACCCGTAAGGAGA-1_1_1_1_1	GSE222315_p4_NAT	GSE222315	DF.classifications_0.25_0.005_289	Singlet	pANN_0.25_0.005_289	0.142857142857143
GSE222315_CTAACCCGTTCTCGCT-1_1_1_1_1	GSE222315_p4_NAT	GSE222315	DF.classifications_0.25_0.005_289	Singlet	pANN_0.25_0.005_289	0.238095238095238
GSE222315_CTAACCCTCAAAGAAC-1_1_1_1_1	GSE222315_p4_NAT	GSE222315	DF.classifications_0.25_0.005_289	Singlet	pANN_0.25_0.005_289	0.0476190476190476
GSE222315_CTAACCCTCAGTCATG-1_1_1_1_1	GSE222315_p4_NAT	GSE222315	DF.classifications_0.25_0.005_289	Singlet	pANN_0.25_0.005_289	0.0476190476190476
GSE222315_CTAACCCTCATTGCCC-1_1_1_1_1	GSE222315_p4_NAT	GSE222315	DF.classifications_0.25_0.005_289	Singlet	pANN_0.25_0.005_289	0
GSE222315_CTAACTTAGCTCGTGC-1_1_1_1_1	GSE222315_p4_NAT	GSE222315	DF.classifications_0.25_0.005_289	Singlet	pANN_0.25_0.005_289	0.285714285714286
GSE222315_CTAACTTAGGATGTTA-1_1_1_1_1	GSE222315_p4_NAT	GSE222315	DF.classifications_0.25_0.005_289	Singlet	pANN_0.25_0.005_289	0.285714285714286
GSE222315_CTAACTTAGTCAGGGT-1_1_1_1_1	GSE222315_p4_NAT	GSE222315	DF.classifications_0.25_0.005_289	Singlet	pANN_0.25_0.005_289	0
GSE222315_CTAACTTCAAACCACT-1_1_1_1_1	GSE222315_p4_NAT	GSE222315	DF.classifications_0.25_0.005_289	Singlet	pANN_0.25_0.005_289	0.0952380952380952
GSE222315_CTAACTTGTAATCAAG-1_1_1_1_1	GSE222315_p4_NAT	GSE222315	DF.classifications_0.25_0.005_289	Singlet	pANN_0.25_0.005_289	0.333333333333333
GSE222315_CTAACTTTCAAACTGC-1_1_1_1_1	GSE222315_p4_NAT	GSE222315	DF.classifications_0.25_0.005_289	Singlet	pANN_0.25_0.005_289	0.19047619047619
GSE222315_CTAACTTTCCGTGGGT-1_1_1_1_1	GSE222315_p4_NAT	GSE222315	DF.classifications_0.25_0.005_289	Singlet	pANN_0.25_0.005_289	0.0476190476190476
GSE222315_CTAAGTGAGCGGACAT-1_1_1_1_1	GSE222315_p4_NAT	GSE222315	DF.classifications_0.25_0.005_289	Singlet	pANN_0.25_0.005_289	0
GSE222315_CTAAGTGCACTACCGG-1_1_1_1_1	GSE222315_p4_NAT	GSE222315	DF.classifications_0.25_0.005_289	Singlet	pANN_0.25_0.005_289	0.119047619047619
GSE222315_CTAAGTGCAGCTACAT-1_1_1_1_1	GSE222315_p4_NAT	GSE222315	DF.classifications_0.25_0.005_289	Singlet	pANN_0.25_0.005_289	0.0714285714285714
GSE222315_CTAAGTGGTGTCCCTT-1_1_1_1_1	GSE222315_p4_NAT	GSE222315	DF.classifications_0.25_0.005_289	Singlet	pANN_0.25_0.005_289	0.285714285714286
GSE222315_CTAAGTGTCCACGGAC-1_1_1_1_1	GSE222315_p4_NAT	GSE222315	DF.classifications_0.25_0.005_289	Singlet	pANN_0.25_0.005_289	0.0238095238095238
GSE222315_CTAAGTGTCCGTAATG-1_1_1_1_1	GSE222315_p4_NAT	GSE222315	DF.classifications_0.25_0.005_289	Singlet	pANN_0.25_0.005_289	0.0238095238095238
GSE222315_CTAAGTGTCCTTTAGT-1_1_1_1_1	GSE222315_p4_NAT	GSE222315	DF.classifications_0.25_0.005_289	Singlet	pANN_0.25_0.005_289	0.238095238095238
GSE222315_CTAAGTGTCGGACCAC-1_1_1_1_1	GSE222315_p4_NAT	GSE222315	DF.classifications_0.25_0.005_289	Singlet	pANN_0.25_0.005_289	0
GSE222315_CTAAGTGTCTGAGATC-1_1_1_1_1	GSE222315_p4_NAT	GSE222315	DF.classifications_0.25_0.005_289	Doublet	pANN_0.25_0.005_289	0.452380952380952
GSE222315_CTACAGACACGCGGTT-1_1_1_1_1	GSE222315_p4_NAT	GSE222315	DF.classifications_0.25_0.005_289	Singlet	pANN_0.25_0.005_289	0.19047619047619
GSE222315_CTACAGACAGCCGTCA-1_1_1_1_1	GSE222315_p4_NAT	GSE222315	DF.classifications_0.25_0.005_289	Singlet	pANN_0.25_0.005_289	0.19047619047619
GSE222315_CTACAGACATAACTCG-1_1_1_1_1	GSE222315_p4_NAT	GSE222315	DF.classifications_0.25_0.005_289	Singlet	pANN_0.25_0.005_289	0.333333333333333
GSE222315_CTACAGACATCGCTAA-1_1_1_1_1	GSE222315_p4_NAT	GSE222315	DF.classifications_0.25_0.005_289	Singlet	pANN_0.25_0.005_289	0.238095238095238
GSE222315_CTACAGATCGGAATTC-1_1_1_1_1	GSE222315_p4_NAT	GSE222315	DF.classifications_0.25_0.005_289	Singlet	pANN_0.25_0.005_289	0.357142857142857
GSE222315_CTACAGATCTCACTCG-1_1_1_1_1	GSE222315_p4_NAT	GSE222315	DF.classifications_0.25_0.005_289	Singlet	pANN_0.25_0.005_289	0
GSE222315_CTACATTAGGGCAATC-1_1_1_1_1	GSE222315_p4_NAT	GSE222315	DF.classifications_0.25_0.005_289	Singlet	pANN_0.25_0.005_289	0.380952380952381
GSE222315_CTACATTAGTGCAAAT-1_1_1_1_1	GSE222315_p4_NAT	GSE222315	DF.classifications_0.25_0.005_289	Singlet	pANN_0.25_0.005_289	0.142857142857143
GSE222315_CTACATTCAGCGTACC-1_1_1_1_1	GSE222315_p4_NAT	GSE222315	DF.classifications_0.25_0.005_289	Singlet	pANN_0.25_0.005_289	0.119047619047619
GSE222315_CTACATTGTACTCGCG-1_1_1_1_1	GSE222315_p4_NAT	GSE222315	DF.classifications_0.25_0.005_289	Doublet	pANN_0.25_0.005_289	0.69047619047619
GSE222315_CTACATTGTGTGCTTA-1_1_1_1_1	GSE222315_p4_NAT	GSE222315	DF.classifications_0.25_0.005_289	Singlet	pANN_0.25_0.005_289	0.380952380952381
GSE222315_CTACATTTCATTGCGA-1_1_1_1_1	GSE222315_p4_NAT	GSE222315	DF.classifications_0.25_0.005_289	Singlet	pANN_0.25_0.005_289	0.0476190476190476
GSE222315_CTACATTTCGGTCTAA-1_1_1_1_1	GSE222315_p4_NAT	GSE222315	DF.classifications_0.25_0.005_289	Singlet	pANN_0.25_0.005_289	0
GSE222315_CTACCCAAGAAATGGG-1_1_1_1_1	GSE222315_p4_NAT	GSE222315	DF.classifications_0.25_0.005_289	Singlet	pANN_0.25_0.005_289	0.119047619047619
GSE222315_CTACCCAAGCACTCTA-1_1_1_1_1	GSE222315_p4_NAT	GSE222315	DF.classifications_0.25_0.005_289	Singlet	pANN_0.25_0.005_289	0.0476190476190476
GSE222315_CTACCCAAGGTGCCTC-1_1_1_1_1	GSE222315_p4_NAT	GSE222315	DF.classifications_0.25_0.005_289	Singlet	pANN_0.25_0.005_289	0.142857142857143
GSE222315_CTACCCACAGGAATCG-1_1_1_1_1	GSE222315_p4_NAT	GSE222315	DF.classifications_0.25_0.005_289	Singlet	pANN_0.25_0.005_289	0.238095238095238
GSE222315_CTACCCACATGGAAGC-1_1_1_1_1	GSE222315_p4_NAT	GSE222315	DF.classifications_0.25_0.005_289	Singlet	pANN_0.25_0.005_289	0
GSE222315_CTACCCAGTACGTGAG-1_1_1_1_1	GSE222315_p4_NAT	GSE222315	DF.classifications_0.25_0.005_289	Singlet	pANN_0.25_0.005_289	0.357142857142857
GSE222315_CTACCCATCTGCCCTA-1_1_1_1_1	GSE222315_p4_NAT	GSE222315	DF.classifications_0.25_0.005_289	Singlet	pANN_0.25_0.005_289	0.238095238095238
GSE222315_CTACCTGCAGAGTCTT-1_1_1_1_1	GSE222315_p4_NAT	GSE222315	DF.classifications_0.25_0.005_289	Singlet	pANN_0.25_0.005_289	0.0238095238095238
GSE222315_CTACCTGGTCATGGCC-1_1_1_1_1	GSE222315_p4_NAT	GSE222315	DF.classifications_0.25_0.005_289	Singlet	pANN_0.25_0.005_289	0
GSE222315_CTACCTGGTGCCTAAT-1_1_1_1_1	GSE222315_p4_NAT	GSE222315	DF.classifications_0.25_0.005_289	Singlet	pANN_0.25_0.005_289	0.214285714285714
GSE222315_CTACCTGGTTAAGACA-1_1_1_1_1	GSE222315_p4_NAT	GSE222315	DF.classifications_0.25_0.005_289	Singlet	pANN_0.25_0.005_289	0.0952380952380952
GSE222315_CTACGGGAGTACAGCG-1_1_1_1_1	GSE222315_p4_NAT	GSE222315	DF.classifications_0.25_0.005_289	Singlet	pANN_0.25_0.005_289	0.19047619047619
GSE222315_CTACGGGCAGCGGATA-1_1_1_1_1	GSE222315_p4_NAT	GSE222315	DF.classifications_0.25_0.005_289	Singlet	pANN_0.25_0.005_289	0.238095238095238
GSE222315_CTACGGGCATCCGGTG-1_1_1_1_1	GSE222315_p4_NAT	GSE222315	DF.classifications_0.25_0.005_289	Singlet	pANN_0.25_0.005_289	0
GSE222315_CTACGGGGTATATGGA-1_1_1_1_1	GSE222315_p4_NAT	GSE222315	DF.classifications_0.25_0.005_289	Singlet	pANN_0.25_0.005_289	0.0476190476190476
GSE222315_CTACGGGGTTTAGAGA-1_1_1_1_1	GSE222315_p4_NAT	GSE222315	DF.classifications_0.25_0.005_289	Singlet	pANN_0.25_0.005_289	0.261904761904762
GSE222315_CTACGGGTCCGATCTC-1_1_1_1_1	GSE222315_p4_NAT	GSE222315	DF.classifications_0.25_0.005_289	Singlet	pANN_0.25_0.005_289	0.0476190476190476
GSE222315_CTACTATCATAAGCGG-1_1_1_1_1	GSE222315_p4_NAT	GSE222315	DF.classifications_0.25_0.005_289	Doublet	pANN_0.25_0.005_289	0.428571428571429
GSE222315_CTACTATGTACGAAAT-1_1_1_1_1	GSE222315_p4_NAT	GSE222315	DF.classifications_0.25_0.005_289	Singlet	pANN_0.25_0.005_289	0.238095238095238
GSE222315_CTACTATTCGACGCGT-1_1_1_1_1	GSE222315_p4_NAT	GSE222315	DF.classifications_0.25_0.005_289	Singlet	pANN_0.25_0.005_289	0.0476190476190476
GSE222315_CTACTATTCTGGGCAC-1_1_1_1_1	GSE222315_p4_NAT	GSE222315	DF.classifications_0.25_0.005_289	Singlet	pANN_0.25_0.005_289	0.119047619047619
GSE222315_CTAGACAAGACCAACG-1_1_1_1_1	GSE222315_p4_NAT	GSE222315	DF.classifications_0.25_0.005_289	Singlet	pANN_0.25_0.005_289	0.119047619047619
GSE222315_CTAGACACACTCGATA-1_1_1_1_1	GSE222315_p4_NAT	GSE222315	DF.classifications_0.25_0.005_289	Singlet	pANN_0.25_0.005_289	0.214285714285714
GSE222315_CTAGACAGTGGGATTG-1_1_1_1_1	GSE222315_p4_NAT	GSE222315	DF.classifications_0.25_0.005_289	Singlet	pANN_0.25_0.005_289	0.0714285714285714
GSE222315_CTAGACATCTCTGGTC-1_1_1_1_1	GSE222315_p4_NAT	GSE222315	DF.classifications_0.25_0.005_289	Doublet	pANN_0.25_0.005_289	0.452380952380952
GSE222315_CTAGACATCTGGGATT-1_1_1_1_1	GSE222315_p4_NAT	GSE222315	DF.classifications_0.25_0.005_289	Doublet	pANN_0.25_0.005_289	0.523809523809524
GSE222315_CTAGGTAAGCCATCCG-1_1_1_1_1	GSE222315_p4_NAT	GSE222315	DF.classifications_0.25_0.005_289	Singlet	pANN_0.25_0.005_289	0.142857142857143
GSE222315_CTAGGTAAGGACATCG-1_1_1_1_1	GSE222315_p4_NAT	GSE222315	DF.classifications_0.25_0.005_289	Singlet	pANN_0.25_0.005_289	0.0238095238095238
GSE222315_CTAGGTAAGTTGAAGT-1_1_1_1_1	GSE222315_p4_NAT	GSE222315	DF.classifications_0.25_0.005_289	Singlet	pANN_0.25_0.005_289	0.0476190476190476
GSE222315_CTAGGTACACACCTTC-1_1_1_1_1	GSE222315_p4_NAT	GSE222315	DF.classifications_0.25_0.005_289	Singlet	pANN_0.25_0.005_289	0.0476190476190476
GSE222315_CTAGGTACAGTTAGGG-1_1_1_1_1	GSE222315_p4_NAT	GSE222315	DF.classifications_0.25_0.005_289	Singlet	pANN_0.25_0.005_289	0.357142857142857
GSE222315_CTAGGTAGTCACGACC-1_1_1_1_1	GSE222315_p4_NAT	GSE222315	DF.classifications_0.25_0.005_289	Singlet	pANN_0.25_0.005_289	0.19047619047619
GSE222315_CTAGGTATCAAGCCAT-1_1_1_1_1	GSE222315_p4_NAT	GSE222315	DF.classifications_0.25_0.005_289	Singlet	pANN_0.25_0.005_289	0.0476190476190476
GSE222315_CTAGGTATCACTACTT-1_1_1_1_1	GSE222315_p4_NAT	GSE222315	DF.classifications_0.25_0.005_289	Singlet	pANN_0.25_0.005_289	0.261904761904762
GSE222315_CTAGGTATCGCTGATA-1_1_1_1_1	GSE222315_p4_NAT	GSE222315	DF.classifications_0.25_0.005_289	Singlet	pANN_0.25_0.005_289	0.119047619047619
GSE222315_CTATAGGAGAGGTCGT-1_1_1_1_1	GSE222315_p4_NAT	GSE222315	DF.classifications_0.25_0.005_289	Doublet	pANN_0.25_0.005_289	0.452380952380952
GSE222315_CTATAGGGTATCTCGA-1_1_1_1_1	GSE222315_p4_NAT	GSE222315	DF.classifications_0.25_0.005_289	Doublet	pANN_0.25_0.005_289	0.452380952380952
GSE222315_CTATAGGTCAGTGTTG-1_1_1_1_1	GSE222315_p4_NAT	GSE222315	DF.classifications_0.25_0.005_289	Singlet	pANN_0.25_0.005_289	0.0238095238095238
GSE222315_CTATAGGTCGAGGCAA-1_1_1_1_1	GSE222315_p4_NAT	GSE222315	DF.classifications_0.25_0.005_289	Singlet	pANN_0.25_0.005_289	0.261904761904762
GSE222315_CTATAGGTCTCTCGCA-1_1_1_1_1	GSE222315_p4_NAT	GSE222315	DF.classifications_0.25_0.005_289	Singlet	pANN_0.25_0.005_289	0.19047619047619
GSE222315_CTATCCGAGGGTCACA-1_1_1_1_1	GSE222315_p4_NAT	GSE222315	DF.classifications_0.25_0.005_289	Singlet	pANN_0.25_0.005_289	0.30952380952381
GSE222315_CTATCCGCAACTGCTA-1_1_1_1_1	GSE222315_p4_NAT	GSE222315	DF.classifications_0.25_0.005_289	Singlet	pANN_0.25_0.005_289	0.119047619047619
GSE222315_CTATCCGCAAGTTCCA-1_1_1_1_1	GSE222315_p4_NAT	GSE222315	DF.classifications_0.25_0.005_289	Singlet	pANN_0.25_0.005_289	0.142857142857143
GSE222315_CTATCCGCACAATGCT-1_1_1_1_1	GSE222315_p4_NAT	GSE222315	DF.classifications_0.25_0.005_289	Singlet	pANN_0.25_0.005_289	0.0714285714285714
GSE222315_CTATCCGCATCCTATT-1_1_1_1_1	GSE222315_p4_NAT	GSE222315	DF.classifications_0.25_0.005_289	Singlet	pANN_0.25_0.005_289	0.0238095238095238
GSE222315_CTATCCGGTCGATGCC-1_1_1_1_1	GSE222315_p4_NAT	GSE222315	DF.classifications_0.25_0.005_289	Singlet	pANN_0.25_0.005_289	0.19047619047619
GSE222315_CTATCCGTCATGTCTT-1_1_1_1_1	GSE222315_p4_NAT	GSE222315	DF.classifications_0.25_0.005_289	Singlet	pANN_0.25_0.005_289	0.19047619047619
GSE222315_CTATCCGTCCGAAATC-1_1_1_1_1	GSE222315_p4_NAT	GSE222315	DF.classifications_0.25_0.005_289	Singlet	pANN_0.25_0.005_289	0.261904761904762
GSE222315_CTATCTACAAGACCGA-1_1_1_1_1	GSE222315_p4_NAT	GSE222315	DF.classifications_0.25_0.005_289	Doublet	pANN_0.25_0.005_289	0.452380952380952
GSE222315_CTATCTACACGACGTC-1_1_1_1_1	GSE222315_p4_NAT	GSE222315	DF.classifications_0.25_0.005_289	Singlet	pANN_0.25_0.005_289	0.404761904761905
GSE222315_CTATCTACAGAGTGTG-1_1_1_1_1	GSE222315_p4_NAT	GSE222315	DF.classifications_0.25_0.005_289	Singlet	pANN_0.25_0.005_289	0.142857142857143
GSE222315_CTATCTAGTCCCTAAA-1_1_1_1_1	GSE222315_p4_NAT	GSE222315	DF.classifications_0.25_0.005_289	Singlet	pANN_0.25_0.005_289	0.0238095238095238
GSE222315_CTCAACCAGTGCTCAT-1_1_1_1_1	GSE222315_p4_NAT	GSE222315	DF.classifications_0.25_0.005_289	Singlet	pANN_0.25_0.005_289	0.0476190476190476
GSE222315_CTCAACCCAAGAGTAT-1_1_1_1_1	GSE222315_p4_NAT	GSE222315	DF.classifications_0.25_0.005_289	Singlet	pANN_0.25_0.005_289	0.214285714285714
GSE222315_CTCAACCGTCCAGGTC-1_1_1_1_1	GSE222315_p4_NAT	GSE222315	DF.classifications_0.25_0.005_289	Singlet	pANN_0.25_0.005_289	0.238095238095238
GSE222315_CTCAACCTCACAGTGT-1_1_1_1_1	GSE222315_p4_NAT	GSE222315	DF.classifications_0.25_0.005_289	Singlet	pANN_0.25_0.005_289	0.142857142857143
GSE222315_CTCAACCTCCGATAAC-1_1_1_1_1	GSE222315_p4_NAT	GSE222315	DF.classifications_0.25_0.005_289	Singlet	pANN_0.25_0.005_289	0.0476190476190476
GSE222315_CTCAACCTCGCTGTTC-1_1_1_1_1	GSE222315_p4_NAT	GSE222315	DF.classifications_0.25_0.005_289	Singlet	pANN_0.25_0.005_289	0
GSE222315_CTCAACCTCTCCTGCA-1_1_1_1_1	GSE222315_p4_NAT	GSE222315	DF.classifications_0.25_0.005_289	Singlet	pANN_0.25_0.005_289	0.238095238095238
GSE222315_CTCAACCTCTGGGAGA-1_1_1_1_1	GSE222315_p4_NAT	GSE222315	DF.classifications_0.25_0.005_289	Singlet	pANN_0.25_0.005_289	0.404761904761905
GSE222315_CTCAAGACACCTTCGT-1_1_1_1_1	GSE222315_p4_NAT	GSE222315	DF.classifications_0.25_0.005_289	Singlet	pANN_0.25_0.005_289	0.238095238095238
GSE222315_CTCAAGACAGATGCGA-1_1_1_1_1	GSE222315_p4_NAT	GSE222315	DF.classifications_0.25_0.005_289	Singlet	pANN_0.25_0.005_289	0.238095238095238
GSE222315_CTCAAGACATAGCTGT-1_1_1_1_1	GSE222315_p4_NAT	GSE222315	DF.classifications_0.25_0.005_289	Singlet	pANN_0.25_0.005_289	0.0952380952380952
GSE222315_CTCAAGAGTGAATATG-1_1_1_1_1	GSE222315_p4_NAT	GSE222315	DF.classifications_0.25_0.005_289	Singlet	pANN_0.25_0.005_289	0.166666666666667
GSE222315_CTCAAGAGTGATCATC-1_1_1_1_1	GSE222315_p4_NAT	GSE222315	DF.classifications_0.25_0.005_289	Doublet	pANN_0.25_0.005_289	0.428571428571429
GSE222315_CTCAATTAGCTGTTAC-1_1_1_1_1	GSE222315_p4_NAT	GSE222315	DF.classifications_0.25_0.005_289	Singlet	pANN_0.25_0.005_289	0.0476190476190476
GSE222315_CTCAATTGTGATACAA-1_1_1_1_1	GSE222315_p4_NAT	GSE222315	DF.classifications_0.25_0.005_289	Singlet	pANN_0.25_0.005_289	0.0238095238095238
GSE222315_CTCAATTGTGTCGCTG-1_1_1_1_1	GSE222315_p4_NAT	GSE222315	DF.classifications_0.25_0.005_289	Singlet	pANN_0.25_0.005_289	0.0476190476190476
GSE222315_CTCAATTTCCAAGGGA-1_1_1_1_1	GSE222315_p4_NAT	GSE222315	DF.classifications_0.25_0.005_289	Singlet	pANN_0.25_0.005_289	0.214285714285714
GSE222315_CTCACTGGTAGCGTTT-1_1_1_1_1	GSE222315_p4_NAT	GSE222315	DF.classifications_0.25_0.005_289	Singlet	pANN_0.25_0.005_289	0.238095238095238
GSE222315_CTCACTGGTCCGACGT-1_1_1_1_1	GSE222315_p4_NAT	GSE222315	DF.classifications_0.25_0.005_289	Singlet	pANN_0.25_0.005_289	0.0714285714285714
GSE222315_CTCACTGGTTTCCATT-1_1_1_1_1	GSE222315_p4_NAT	GSE222315	DF.classifications_0.25_0.005_289	Singlet	pANN_0.25_0.005_289	0.0476190476190476
GSE222315_CTCACTGTCAAGCGTT-1_1_1_1_1	GSE222315_p4_NAT	GSE222315	DF.classifications_0.25_0.005_289	Singlet	pANN_0.25_0.005_289	0.0476190476190476
GSE222315_CTCAGAAAGCCTGAGA-1_1_1_1_1	GSE222315_p4_NAT	GSE222315	DF.classifications_0.25_0.005_289	Singlet	pANN_0.25_0.005_289	0.119047619047619
GSE222315_CTCAGAAAGGCCTTCG-1_1_1_1_1	GSE222315_p4_NAT	GSE222315	DF.classifications_0.25_0.005_289	Singlet	pANN_0.25_0.005_289	0.0714285714285714
GSE222315_CTCAGAAAGTTGAAGT-1_1_1_1_1	GSE222315_p4_NAT	GSE222315	DF.classifications_0.25_0.005_289	Singlet	pANN_0.25_0.005_289	0.238095238095238
GSE222315_CTCAGAAGTGGCCCAT-1_1_1_1_1	GSE222315_p4_NAT	GSE222315	DF.classifications_0.25_0.005_289	Singlet	pANN_0.25_0.005_289	0.166666666666667
GSE222315_CTCAGAAGTGGGTTGA-1_1_1_1_1	GSE222315_p4_NAT	GSE222315	DF.classifications_0.25_0.005_289	Singlet	pANN_0.25_0.005_289	0.0238095238095238
GSE222315_CTCAGAATCACACGAT-1_1_1_1_1	GSE222315_p4_NAT	GSE222315	DF.classifications_0.25_0.005_289	Singlet	pANN_0.25_0.005_289	0
GSE222315_CTCAGAATCCGCTGTT-1_1_1_1_1	GSE222315_p4_NAT	GSE222315	DF.classifications_0.25_0.005_289	Singlet	pANN_0.25_0.005_289	0.166666666666667
GSE222315_CTCAGAATCTGGCCAG-1_1_1_1_1	GSE222315_p4_NAT	GSE222315	DF.classifications_0.25_0.005_289	Singlet	pANN_0.25_0.005_289	0.0238095238095238
GSE222315_CTCAGGGAGTGTTGAA-1_1_1_1_1	GSE222315_p4_NAT	GSE222315	DF.classifications_0.25_0.005_289	Singlet	pANN_0.25_0.005_289	0.0476190476190476
GSE222315_CTCAGGGCACGTAGAG-1_1_1_1_1	GSE222315_p4_NAT	GSE222315	DF.classifications_0.25_0.005_289	Singlet	pANN_0.25_0.005_289	0.0714285714285714
GSE222315_CTCAGGGCATTCCTCG-1_1_1_1_1	GSE222315_p4_NAT	GSE222315	DF.classifications_0.25_0.005_289	Singlet	pANN_0.25_0.005_289	0.0714285714285714
GSE222315_CTCAGGGGTAACTTCG-1_1_1_1_1	GSE222315_p4_NAT	GSE222315	DF.classifications_0.25_0.005_289	Singlet	pANN_0.25_0.005_289	0
GSE222315_CTCAGGGTCCGAGAAG-1_1_1_1_1	GSE222315_p4_NAT	GSE222315	DF.classifications_0.25_0.005_289	Doublet	pANN_0.25_0.005_289	0.714285714285714
GSE222315_CTCAGTCCACCATTCC-1_1_1_1_1	GSE222315_p4_NAT	GSE222315	DF.classifications_0.25_0.005_289	Singlet	pANN_0.25_0.005_289	0.19047619047619
GSE222315_CTCAGTCCAGAGGCTA-1_1_1_1_1	GSE222315_p4_NAT	GSE222315	DF.classifications_0.25_0.005_289	Singlet	pANN_0.25_0.005_289	0.142857142857143
GSE222315_CTCAGTCGTATCGATC-1_1_1_1_1	GSE222315_p4_NAT	GSE222315	DF.classifications_0.25_0.005_289	Singlet	pANN_0.25_0.005_289	0
GSE222315_CTCAGTCGTGCCCGTA-1_1_1_1_1	GSE222315_p4_NAT	GSE222315	DF.classifications_0.25_0.005_289	Singlet	pANN_0.25_0.005_289	0.0238095238095238
GSE222315_CTCAGTCGTTAACCTG-1_1_1_1_1	GSE222315_p4_NAT	GSE222315	DF.classifications_0.25_0.005_289	Singlet	pANN_0.25_0.005_289	0.0714285714285714
GSE222315_CTCAGTCTCCTTGGAA-1_1_1_1_1	GSE222315_p4_NAT	GSE222315	DF.classifications_0.25_0.005_289	Singlet	pANN_0.25_0.005_289	0.214285714285714
GSE222315_CTCATCGAGGTCTACT-1_1_1_1_1	GSE222315_p4_NAT	GSE222315	DF.classifications_0.25_0.005_289	Singlet	pANN_0.25_0.005_289	0.238095238095238
GSE222315_CTCATCGCATGATCTG-1_1_1_1_1	GSE222315_p4_NAT	GSE222315	DF.classifications_0.25_0.005_289	Singlet	pANN_0.25_0.005_289	0.0476190476190476
GSE222315_CTCATCGGTACAATAG-1_1_1_1_1	GSE222315_p4_NAT	GSE222315	DF.classifications_0.25_0.005_289	Singlet	pANN_0.25_0.005_289	0.0476190476190476
GSE222315_CTCATCGTCGTAGTGT-1_1_1_1_1	GSE222315_p4_NAT	GSE222315	DF.classifications_0.25_0.005_289	Singlet	pANN_0.25_0.005_289	0.0238095238095238
GSE222315_CTCATCGTCTTCTGGC-1_1_1_1_1	GSE222315_p4_NAT	GSE222315	DF.classifications_0.25_0.005_289	Singlet	pANN_0.25_0.005_289	0.261904761904762
GSE222315_CTCATGCAGATGCTAA-1_1_1_1_1	GSE222315_p4_NAT	GSE222315	DF.classifications_0.25_0.005_289	Singlet	pANN_0.25_0.005_289	0.404761904761905
GSE222315_CTCATGCAGGCCACCT-1_1_1_1_1	GSE222315_p4_NAT	GSE222315	DF.classifications_0.25_0.005_289	Singlet	pANN_0.25_0.005_289	0.142857142857143
GSE222315_CTCATGCCACAAATCC-1_1_1_1_1	GSE222315_p4_NAT	GSE222315	DF.classifications_0.25_0.005_289	Singlet	pANN_0.25_0.005_289	0.333333333333333
GSE222315_CTCATGCGTAGGATAT-1_1_1_1_1	GSE222315_p4_NAT	GSE222315	DF.classifications_0.25_0.005_289	Singlet	pANN_0.25_0.005_289	0.0238095238095238
GSE222315_CTCATGCGTATCCTCC-1_1_1_1_1	GSE222315_p4_NAT	GSE222315	DF.classifications_0.25_0.005_289	Singlet	pANN_0.25_0.005_289	0.0476190476190476
GSE222315_CTCATGCGTCAAACGG-1_1_1_1_1	GSE222315_p4_NAT	GSE222315	DF.classifications_0.25_0.005_289	Doublet	pANN_0.25_0.005_289	0.452380952380952
GSE222315_CTCATGCGTGGAAGTC-1_1_1_1_1	GSE222315_p4_NAT	GSE222315	DF.classifications_0.25_0.005_289	Singlet	pANN_0.25_0.005_289	0.261904761904762
GSE222315_CTCATGCGTTCTCAGA-1_1_1_1_1	GSE222315_p4_NAT	GSE222315	DF.classifications_0.25_0.005_289	Singlet	pANN_0.25_0.005_289	0.357142857142857
GSE222315_CTCATGCGTTGGTACT-1_1_1_1_1	GSE222315_p4_NAT	GSE222315	DF.classifications_0.25_0.005_289	Singlet	pANN_0.25_0.005_289	0.0238095238095238
GSE222315_CTCATGCTCCATACTT-1_1_1_1_1	GSE222315_p4_NAT	GSE222315	DF.classifications_0.25_0.005_289	Singlet	pANN_0.25_0.005_289	0.166666666666667
GSE222315_CTCATTAAGATCCCGC-1_1_1_1_1	GSE222315_p4_NAT	GSE222315	DF.classifications_0.25_0.005_289	Singlet	pANN_0.25_0.005_289	0.238095238095238
GSE222315_CTCATTAAGGTTCAGG-1_1_1_1_1	GSE222315_p4_NAT	GSE222315	DF.classifications_0.25_0.005_289	Singlet	pANN_0.25_0.005_289	0.214285714285714
GSE222315_CTCATTACACCCTAAA-1_1_1_1_1	GSE222315_p4_NAT	GSE222315	DF.classifications_0.25_0.005_289	Singlet	pANN_0.25_0.005_289	0.214285714285714
GSE222315_CTCATTACAGTGAGCA-1_1_1_1_1	GSE222315_p4_NAT	GSE222315	DF.classifications_0.25_0.005_289	Singlet	pANN_0.25_0.005_289	0.0714285714285714
GSE222315_CTCATTAGTATCGTGT-1_1_1_1_1	GSE222315_p4_NAT	GSE222315	DF.classifications_0.25_0.005_289	Singlet	pANN_0.25_0.005_289	0.214285714285714
GSE222315_CTCATTAGTATGCTAC-1_1_1_1_1	GSE222315_p4_NAT	GSE222315	DF.classifications_0.25_0.005_289	Singlet	pANN_0.25_0.005_289	0.0714285714285714
GSE222315_CTCATTAGTGGCAGAT-1_1_1_1_1	GSE222315_p4_NAT	GSE222315	DF.classifications_0.25_0.005_289	Singlet	pANN_0.25_0.005_289	0.142857142857143
GSE222315_CTCATTAGTTGTGCAT-1_1_1_1_1	GSE222315_p4_NAT	GSE222315	DF.classifications_0.25_0.005_289	Singlet	pANN_0.25_0.005_289	0.0714285714285714
GSE222315_CTCATTATCCACCTCA-1_1_1_1_1	GSE222315_p4_NAT	GSE222315	DF.classifications_0.25_0.005_289	Singlet	pANN_0.25_0.005_289	0.119047619047619
GSE222315_CTCATTATCCTGTACC-1_1_1_1_1	GSE222315_p4_NAT	GSE222315	DF.classifications_0.25_0.005_289	Singlet	pANN_0.25_0.005_289	0
GSE222315_CTCCAACAGGGATCAC-1_1_1_1_1	GSE222315_p4_NAT	GSE222315	DF.classifications_0.25_0.005_289	Singlet	pANN_0.25_0.005_289	0.19047619047619
GSE222315_CTCCAACCAATACGAA-1_1_1_1_1	GSE222315_p4_NAT	GSE222315	DF.classifications_0.25_0.005_289	Singlet	pANN_0.25_0.005_289	0.0238095238095238
GSE222315_CTCCAACGTGCCTAAT-1_1_1_1_1	GSE222315_p4_NAT	GSE222315	DF.classifications_0.25_0.005_289	Singlet	pANN_0.25_0.005_289	0.0476190476190476
GSE222315_CTCCACAAGGGTTGCA-1_1_1_1_1	GSE222315_p4_NAT	GSE222315	DF.classifications_0.25_0.005_289	Singlet	pANN_0.25_0.005_289	0.166666666666667
GSE222315_CTCCACAAGTGCAAAT-1_1_1_1_1	GSE222315_p4_NAT	GSE222315	DF.classifications_0.25_0.005_289	Singlet	pANN_0.25_0.005_289	0.119047619047619
GSE222315_CTCCACACATCGATCA-1_1_1_1_1	GSE222315_p4_NAT	GSE222315	DF.classifications_0.25_0.005_289	Singlet	pANN_0.25_0.005_289	0.119047619047619
GSE222315_CTCCACAGTTCAGCGC-1_1_1_1_1	GSE222315_p4_NAT	GSE222315	DF.classifications_0.25_0.005_289	Singlet	pANN_0.25_0.005_289	0.19047619047619
GSE222315_CTCCACATCACTTTGT-1_1_1_1_1	GSE222315_p4_NAT	GSE222315	DF.classifications_0.25_0.005_289	Singlet	pANN_0.25_0.005_289	0.0714285714285714
GSE222315_CTCCACATCCACTGGG-1_1_1_1_1	GSE222315_p4_NAT	GSE222315	DF.classifications_0.25_0.005_289	Singlet	pANN_0.25_0.005_289	0.0714285714285714
GSE222315_CTCCATGCACAGTCGC-1_1_1_1_1	GSE222315_p4_NAT	GSE222315	DF.classifications_0.25_0.005_289	Singlet	pANN_0.25_0.005_289	0.0714285714285714
GSE222315_CTCCATGCATAATGCC-1_1_1_1_1	GSE222315_p4_NAT	GSE222315	DF.classifications_0.25_0.005_289	Singlet	pANN_0.25_0.005_289	0.261904761904762
GSE222315_CTCCATGGTCGTATGT-1_1_1_1_1	GSE222315_p4_NAT	GSE222315	DF.classifications_0.25_0.005_289	Singlet	pANN_0.25_0.005_289	0.166666666666667
GSE222315_CTCCATGTCACAGTGT-1_1_1_1_1	GSE222315_p4_NAT	GSE222315	DF.classifications_0.25_0.005_289	Singlet	pANN_0.25_0.005_289	0.142857142857143
GSE222315_CTCCATGTCAGCCTTC-1_1_1_1_1	GSE222315_p4_NAT	GSE222315	DF.classifications_0.25_0.005_289	Singlet	pANN_0.25_0.005_289	0.0238095238095238
GSE222315_CTCCATGTCTTGGAAC-1_1_1_1_1	GSE222315_p4_NAT	GSE222315	DF.classifications_0.25_0.005_289	Singlet	pANN_0.25_0.005_289	0.0952380952380952
GSE222315_CTCCCAAAGCACTCCG-1_1_1_1_1	GSE222315_p4_NAT	GSE222315	DF.classifications_0.25_0.005_289	Doublet	pANN_0.25_0.005_289	0.428571428571429
GSE222315_CTCCCAAAGGCTAACG-1_1_1_1_1	GSE222315_p4_NAT	GSE222315	DF.classifications_0.25_0.005_289	Singlet	pANN_0.25_0.005_289	0.166666666666667
GSE222315_CTCCCAACACATACGT-1_1_1_1_1	GSE222315_p4_NAT	GSE222315	DF.classifications_0.25_0.005_289	Singlet	pANN_0.25_0.005_289	0.357142857142857
GSE222315_CTCCCAACACTTGGCG-1_1_1_1_1	GSE222315_p4_NAT	GSE222315	DF.classifications_0.25_0.005_289	Singlet	pANN_0.25_0.005_289	0.0238095238095238
GSE222315_CTCCCAAGTAGGAAAG-1_1_1_1_1	GSE222315_p4_NAT	GSE222315	DF.classifications_0.25_0.005_289	Singlet	pANN_0.25_0.005_289	0.357142857142857
GSE222315_CTCCCAAGTCACAGTT-1_1_1_1_1	GSE222315_p4_NAT	GSE222315	DF.classifications_0.25_0.005_289	Singlet	pANN_0.25_0.005_289	0.0714285714285714
GSE222315_CTCCCAAGTGGTCCGT-1_1_1_1_1	GSE222315_p4_NAT	GSE222315	DF.classifications_0.25_0.005_289	Singlet	pANN_0.25_0.005_289	0.357142857142857
GSE222315_CTCCCAAGTTAGTTCG-1_1_1_1_1	GSE222315_p4_NAT	GSE222315	DF.classifications_0.25_0.005_289	Doublet	pANN_0.25_0.005_289	0.523809523809524
GSE222315_CTCCCAATCTCCGATC-1_1_1_1_1	GSE222315_p4_NAT	GSE222315	DF.classifications_0.25_0.005_289	Singlet	pANN_0.25_0.005_289	0.285714285714286
GSE222315_CTCCCTCAGATACAGT-1_1_1_1_1	GSE222315_p4_NAT	GSE222315	DF.classifications_0.25_0.005_289	Singlet	pANN_0.25_0.005_289	0.166666666666667
GSE222315_CTCCCTCAGCAAACAT-1_1_1_1_1	GSE222315_p4_NAT	GSE222315	DF.classifications_0.25_0.005_289	Singlet	pANN_0.25_0.005_289	0.19047619047619
GSE222315_CTCCCTCAGCCTGGAA-1_1_1_1_1	GSE222315_p4_NAT	GSE222315	DF.classifications_0.25_0.005_289	Singlet	pANN_0.25_0.005_289	0.0714285714285714
GSE222315_CTCCCTCAGTGGTTCT-1_1_1_1_1	GSE222315_p4_NAT	GSE222315	DF.classifications_0.25_0.005_289	Singlet	pANN_0.25_0.005_289	0.0476190476190476
GSE222315_CTCCCTCGTAAGTTAG-1_1_1_1_1	GSE222315_p4_NAT	GSE222315	DF.classifications_0.25_0.005_289	Singlet	pANN_0.25_0.005_289	0.166666666666667
GSE222315_CTCCCTCTCTCACTCG-1_1_1_1_1	GSE222315_p4_NAT	GSE222315	DF.classifications_0.25_0.005_289	Singlet	pANN_0.25_0.005_289	0.214285714285714
GSE222315_CTCCGATAGATGGTAT-1_1_1_1_1	GSE222315_p4_NAT	GSE222315	DF.classifications_0.25_0.005_289	Singlet	pANN_0.25_0.005_289	0.214285714285714
GSE222315_CTCCGATAGCGGTAGT-1_1_1_1_1	GSE222315_p4_NAT	GSE222315	DF.classifications_0.25_0.005_289	Singlet	pANN_0.25_0.005_289	0.214285714285714
GSE222315_CTCCGATAGGTCATAA-1_1_1_1_1	GSE222315_p4_NAT	GSE222315	DF.classifications_0.25_0.005_289	Singlet	pANN_0.25_0.005_289	0.0952380952380952
GSE222315_CTCCGATCAACTTGGT-1_1_1_1_1	GSE222315_p4_NAT	GSE222315	DF.classifications_0.25_0.005_289	Singlet	pANN_0.25_0.005_289	0
GSE222315_CTCCGATCAGTATGAA-1_1_1_1_1	GSE222315_p4_NAT	GSE222315	DF.classifications_0.25_0.005_289	Singlet	pANN_0.25_0.005_289	0.0238095238095238
GSE222315_CTCCGATGTATCGTGT-1_1_1_1_1	GSE222315_p4_NAT	GSE222315	DF.classifications_0.25_0.005_289	Singlet	pANN_0.25_0.005_289	0
GSE222315_CTCCGATGTCACTAGT-1_1_1_1_1	GSE222315_p4_NAT	GSE222315	DF.classifications_0.25_0.005_289	Singlet	pANN_0.25_0.005_289	0.238095238095238
GSE222315_CTCCGATTCCAACCAA-1_1_1_1_1	GSE222315_p4_NAT	GSE222315	DF.classifications_0.25_0.005_289	Singlet	pANN_0.25_0.005_289	0.119047619047619
GSE222315_CTCCGATTCCACTGGG-1_1_1_1_1	GSE222315_p4_NAT	GSE222315	DF.classifications_0.25_0.005_289	Singlet	pANN_0.25_0.005_289	0
GSE222315_CTCCGATTCCACTTCG-1_1_1_1_1	GSE222315_p4_NAT	GSE222315	DF.classifications_0.25_0.005_289	Singlet	pANN_0.25_0.005_289	0.0714285714285714
GSE222315_CTCCGATTCGCCGAGT-1_1_1_1_1	GSE222315_p4_NAT	GSE222315	DF.classifications_0.25_0.005_289	Singlet	pANN_0.25_0.005_289	0.0714285714285714
GSE222315_CTCCTCCAGAGTTGCG-1_1_1_1_1	GSE222315_p4_NAT	GSE222315	DF.classifications_0.25_0.005_289	Singlet	pANN_0.25_0.005_289	0.238095238095238
GSE222315_CTCCTCCAGCGTGCTC-1_1_1_1_1	GSE222315_p4_NAT	GSE222315	DF.classifications_0.25_0.005_289	Singlet	pANN_0.25_0.005_289	0.0476190476190476
GSE222315_CTCCTCCAGGTAGTAT-1_1_1_1_1	GSE222315_p4_NAT	GSE222315	DF.classifications_0.25_0.005_289	Singlet	pANN_0.25_0.005_289	0.0952380952380952
GSE222315_CTCCTCCGTAGGCTGA-1_1_1_1_1	GSE222315_p4_NAT	GSE222315	DF.classifications_0.25_0.005_289	Singlet	pANN_0.25_0.005_289	0.0714285714285714
GSE222315_CTCCTCCGTTCGGACC-1_1_1_1_1	GSE222315_p4_NAT	GSE222315	DF.classifications_0.25_0.005_289	Singlet	pANN_0.25_0.005_289	0.380952380952381
GSE222315_CTCCTCCTCCGACAGC-1_1_1_1_1	GSE222315_p4_NAT	GSE222315	DF.classifications_0.25_0.005_289	Singlet	pANN_0.25_0.005_289	0.119047619047619
GSE222315_CTCCTCCTCTGCGGCA-1_1_1_1_1	GSE222315_p4_NAT	GSE222315	DF.classifications_0.25_0.005_289	Singlet	pANN_0.25_0.005_289	0.166666666666667
GSE222315_CTCCTTTAGAATCTAG-1_1_1_1_1	GSE222315_p4_NAT	GSE222315	DF.classifications_0.25_0.005_289	Singlet	pANN_0.25_0.005_289	0.0238095238095238
GSE222315_CTCCTTTGTGGCTTGC-1_1_1_1_1	GSE222315_p4_NAT	GSE222315	DF.classifications_0.25_0.005_289	Singlet	pANN_0.25_0.005_289	0.0476190476190476
GSE222315_CTCCTTTTCCCATTCG-1_1_1_1_1	GSE222315_p4_NAT	GSE222315	DF.classifications_0.25_0.005_289	Singlet	pANN_0.25_0.005_289	0.119047619047619
GSE222315_CTCCTTTTCGACCCAG-1_1_1_1_1	GSE222315_p4_NAT	GSE222315	DF.classifications_0.25_0.005_289	Singlet	pANN_0.25_0.005_289	0.30952380952381
GSE222315_CTCGAGGAGCCATTTG-1_1_1_1_1	GSE222315_p4_NAT	GSE222315	DF.classifications_0.25_0.005_289	Singlet	pANN_0.25_0.005_289	0.0476190476190476
GSE222315_CTCGAGGAGCCGATTT-1_1_1_1_1	GSE222315_p4_NAT	GSE222315	DF.classifications_0.25_0.005_289	Singlet	pANN_0.25_0.005_289	0.333333333333333
GSE222315_CTCGAGGAGCGGTATG-1_1_1_1_1	GSE222315_p4_NAT	GSE222315	DF.classifications_0.25_0.005_289	Singlet	pANN_0.25_0.005_289	0.238095238095238
GSE222315_CTCGAGGAGGTTGACG-1_1_1_1_1	GSE222315_p4_NAT	GSE222315	DF.classifications_0.25_0.005_289	Doublet	pANN_0.25_0.005_289	0.523809523809524
GSE222315_CTCGAGGCACCCATAA-1_1_1_1_1	GSE222315_p4_NAT	GSE222315	DF.classifications_0.25_0.005_289	Singlet	pANN_0.25_0.005_289	0.19047619047619
GSE222315_CTCGAGGCAGAACTAA-1_1_1_1_1	GSE222315_p4_NAT	GSE222315	DF.classifications_0.25_0.005_289	Singlet	pANN_0.25_0.005_289	0
GSE222315_CTCGAGGCAGACCCGT-1_1_1_1_1	GSE222315_p4_NAT	GSE222315	DF.classifications_0.25_0.005_289	Singlet	pANN_0.25_0.005_289	0.142857142857143
GSE222315_CTCGAGGGTAACGGTG-1_1_1_1_1	GSE222315_p4_NAT	GSE222315	DF.classifications_0.25_0.005_289	Singlet	pANN_0.25_0.005_289	0.357142857142857
GSE222315_CTCGAGGGTCTCTCTG-1_1_1_1_1	GSE222315_p4_NAT	GSE222315	DF.classifications_0.25_0.005_289	Singlet	pANN_0.25_0.005_289	0.261904761904762
GSE222315_CTCTCAGAGCATTGTC-1_1_1_1_1	GSE222315_p4_NAT	GSE222315	DF.classifications_0.25_0.005_289	Singlet	pANN_0.25_0.005_289	0.119047619047619
GSE222315_CTCTCAGAGTCCCGGT-1_1_1_1_1	GSE222315_p4_NAT	GSE222315	DF.classifications_0.25_0.005_289	Singlet	pANN_0.25_0.005_289	0.0476190476190476
GSE222315_CTCTCAGGTTCGGTTA-1_1_1_1_1	GSE222315_p4_NAT	GSE222315	DF.classifications_0.25_0.005_289	Singlet	pANN_0.25_0.005_289	0.238095238095238
GSE222315_CTCTCAGGTTTAGAGA-1_1_1_1_1	GSE222315_p4_NAT	GSE222315	DF.classifications_0.25_0.005_289	Singlet	pANN_0.25_0.005_289	0.0714285714285714
GSE222315_CTCTCAGTCATCGCAA-1_1_1_1_1	GSE222315_p4_NAT	GSE222315	DF.classifications_0.25_0.005_289	Singlet	pANN_0.25_0.005_289	0.0476190476190476
GSE222315_CTCTCAGTCATCGCCT-1_1_1_1_1	GSE222315_p4_NAT	GSE222315	DF.classifications_0.25_0.005_289	Doublet	pANN_0.25_0.005_289	0.452380952380952
GSE222315_CTCTCAGTCTCATTGT-1_1_1_1_1	GSE222315_p4_NAT	GSE222315	DF.classifications_0.25_0.005_289	Singlet	pANN_0.25_0.005_289	0.166666666666667
GSE222315_CTCTCGAAGTATGAAC-1_1_1_1_1	GSE222315_p4_NAT	GSE222315	DF.classifications_0.25_0.005_289	Singlet	pANN_0.25_0.005_289	0.261904761904762
GSE222315_CTCTCGACACAAGTGG-1_1_1_1_1	GSE222315_p4_NAT	GSE222315	DF.classifications_0.25_0.005_289	Singlet	pANN_0.25_0.005_289	0.0238095238095238
GSE222315_CTCTCGACAGAAGCTG-1_1_1_1_1	GSE222315_p4_NAT	GSE222315	DF.classifications_0.25_0.005_289	Singlet	pANN_0.25_0.005_289	0.357142857142857
GSE222315_CTCTCGACATGGAGAC-1_1_1_1_1	GSE222315_p4_NAT	GSE222315	DF.classifications_0.25_0.005_289	Singlet	pANN_0.25_0.005_289	0.214285714285714
GSE222315_CTCTCGAGTAGCGCCT-1_1_1_1_1	GSE222315_p4_NAT	GSE222315	DF.classifications_0.25_0.005_289	Singlet	pANN_0.25_0.005_289	0.357142857142857
GSE222315_CTCTCGAGTAGTTCCA-1_1_1_1_1	GSE222315_p4_NAT	GSE222315	DF.classifications_0.25_0.005_289	Singlet	pANN_0.25_0.005_289	0.0714285714285714
GSE222315_CTCTCGAGTCTGTCAA-1_1_1_1_1	GSE222315_p4_NAT	GSE222315	DF.classifications_0.25_0.005_289	Singlet	pANN_0.25_0.005_289	0.404761904761905
GSE222315_CTCTCGATCAAGCGTT-1_1_1_1_1	GSE222315_p4_NAT	GSE222315	DF.classifications_0.25_0.005_289	Singlet	pANN_0.25_0.005_289	0.0714285714285714
GSE222315_CTCTCGATCATACGGT-1_1_1_1_1	GSE222315_p4_NAT	GSE222315	DF.classifications_0.25_0.005_289	Singlet	pANN_0.25_0.005_289	0.166666666666667
GSE222315_CTCTGGTAGACGCATG-1_1_1_1_1	GSE222315_p4_NAT	GSE222315	DF.classifications_0.25_0.005_289	Singlet	pANN_0.25_0.005_289	0.30952380952381
GSE222315_CTCTGGTAGCATGCGA-1_1_1_1_1	GSE222315_p4_NAT	GSE222315	DF.classifications_0.25_0.005_289	Singlet	pANN_0.25_0.005_289	0.142857142857143
GSE222315_CTCTGGTAGCTGGTGA-1_1_1_1_1	GSE222315_p4_NAT	GSE222315	DF.classifications_0.25_0.005_289	Singlet	pANN_0.25_0.005_289	0.0476190476190476
GSE222315_CTCTGGTAGGTAGGCT-1_1_1_1_1	GSE222315_p4_NAT	GSE222315	DF.classifications_0.25_0.005_289	Singlet	pANN_0.25_0.005_289	0.0952380952380952
GSE222315_CTCTGGTAGTAATTGG-1_1_1_1_1	GSE222315_p4_NAT	GSE222315	DF.classifications_0.25_0.005_289	Singlet	pANN_0.25_0.005_289	0.0714285714285714
GSE222315_CTCTGGTCAGACCGCT-1_1_1_1_1	GSE222315_p4_NAT	GSE222315	DF.classifications_0.25_0.005_289	Singlet	pANN_0.25_0.005_289	0.0238095238095238
GSE222315_CTCTGGTCAGCGTATT-1_1_1_1_1	GSE222315_p4_NAT	GSE222315	DF.classifications_0.25_0.005_289	Singlet	pANN_0.25_0.005_289	0.357142857142857
GSE222315_CTCTGGTCATAACGGG-1_1_1_1_1	GSE222315_p4_NAT	GSE222315	DF.classifications_0.25_0.005_289	Singlet	pANN_0.25_0.005_289	0.119047619047619
GSE222315_CTCTGGTGTTCTTGCC-1_1_1_1_1	GSE222315_p4_NAT	GSE222315	DF.classifications_0.25_0.005_289	Singlet	pANN_0.25_0.005_289	0.166666666666667
GSE222315_CTCTGGTTCCGTAGTA-1_1_1_1_1	GSE222315_p4_NAT	GSE222315	DF.classifications_0.25_0.005_289	Doublet	pANN_0.25_0.005_289	0.5
GSE222315_CTCTGGTTCTCACTCG-1_1_1_1_1	GSE222315_p4_NAT	GSE222315	DF.classifications_0.25_0.005_289	Singlet	pANN_0.25_0.005_289	0.261904761904762
GSE222315_CTCTGGTTCTCCAAGA-1_1_1_1_1	GSE222315_p4_NAT	GSE222315	DF.classifications_0.25_0.005_289	Singlet	pANN_0.25_0.005_289	0.166666666666667
GSE222315_CTGAATGCATAGTCAC-1_1_1_1_1	GSE222315_p4_NAT	GSE222315	DF.classifications_0.25_0.005_289	Singlet	pANN_0.25_0.005_289	0.166666666666667
GSE222315_CTGAATGGTTTGCCGG-1_1_1_1_1	GSE222315_p4_NAT	GSE222315	DF.classifications_0.25_0.005_289	Singlet	pANN_0.25_0.005_289	0.30952380952381
GSE222315_CTGAGCGAGACGTCGA-1_1_1_1_1	GSE222315_p4_NAT	GSE222315	DF.classifications_0.25_0.005_289	Singlet	pANN_0.25_0.005_289	0.30952380952381
GSE222315_CTGAGCGCAACTGGTT-1_1_1_1_1	GSE222315_p4_NAT	GSE222315	DF.classifications_0.25_0.005_289	Doublet	pANN_0.25_0.005_289	0.666666666666667
GSE222315_CTGAGCGCAGAATTCC-1_1_1_1_1	GSE222315_p4_NAT	GSE222315	DF.classifications_0.25_0.005_289	Singlet	pANN_0.25_0.005_289	0.0714285714285714
GSE222315_CTGAGCGGTGCTCTTC-1_1_1_1_1	GSE222315_p4_NAT	GSE222315	DF.classifications_0.25_0.005_289	Singlet	pANN_0.25_0.005_289	0.238095238095238
GSE222315_CTGAGCGTCCTCACGT-1_1_1_1_1	GSE222315_p4_NAT	GSE222315	DF.classifications_0.25_0.005_289	Singlet	pANN_0.25_0.005_289	0
GSE222315_CTGAGCGTCTTCACGC-1_1_1_1_1	GSE222315_p4_NAT	GSE222315	DF.classifications_0.25_0.005_289	Singlet	pANN_0.25_0.005_289	0.214285714285714
GSE222315_CTGAGGCAGCCTCGTG-1_1_1_1_1	GSE222315_p4_NAT	GSE222315	DF.classifications_0.25_0.005_289	Singlet	pANN_0.25_0.005_289	0.0952380952380952
GSE222315_CTGAGGCCAAGATCCT-1_1_1_1_1	GSE222315_p4_NAT	GSE222315	DF.classifications_0.25_0.005_289	Singlet	pANN_0.25_0.005_289	0.0238095238095238
GSE222315_CTGAGGCCAAGGCAAC-1_1_1_1_1	GSE222315_p4_NAT	GSE222315	DF.classifications_0.25_0.005_289	Singlet	pANN_0.25_0.005_289	0.0714285714285714
GSE222315_CTGAGGCCATCGTCCT-1_1_1_1_1	GSE222315_p4_NAT	GSE222315	DF.classifications_0.25_0.005_289	Singlet	pANN_0.25_0.005_289	0.0476190476190476
GSE222315_CTGAGGCGTCAACACT-1_1_1_1_1	GSE222315_p4_NAT	GSE222315	DF.classifications_0.25_0.005_289	Singlet	pANN_0.25_0.005_289	0.166666666666667
GSE222315_CTGAGGCTCACATCAG-1_1_1_1_1	GSE222315_p4_NAT	GSE222315	DF.classifications_0.25_0.005_289	Singlet	pANN_0.25_0.005_289	0.357142857142857
GSE222315_CTGAGGCTCTCAACCC-1_1_1_1_1	GSE222315_p4_NAT	GSE222315	DF.classifications_0.25_0.005_289	Singlet	pANN_0.25_0.005_289	0.333333333333333
GSE222315_CTGAGGCTCTTGATTC-1_1_1_1_1	GSE222315_p4_NAT	GSE222315	DF.classifications_0.25_0.005_289	Singlet	pANN_0.25_0.005_289	0.214285714285714
GSE222315_CTGATCCAGCTATCTG-1_1_1_1_1	GSE222315_p4_NAT	GSE222315	DF.classifications_0.25_0.005_289	Singlet	pANN_0.25_0.005_289	0
GSE222315_CTGATCCAGTTAGTAG-1_1_1_1_1	GSE222315_p4_NAT	GSE222315	DF.classifications_0.25_0.005_289	Singlet	pANN_0.25_0.005_289	0.0952380952380952
GSE222315_CTGATCCCAGAGCTAG-1_1_1_1_1	GSE222315_p4_NAT	GSE222315	DF.classifications_0.25_0.005_289	Singlet	pANN_0.25_0.005_289	0
GSE222315_CTGATCCCAGCATACT-1_1_1_1_1	GSE222315_p4_NAT	GSE222315	DF.classifications_0.25_0.005_289	Singlet	pANN_0.25_0.005_289	0.214285714285714
GSE222315_CTGATCCGTCTAGGTT-1_1_1_1_1	GSE222315_p4_NAT	GSE222315	DF.classifications_0.25_0.005_289	Singlet	pANN_0.25_0.005_289	0.214285714285714
GSE222315_CTGCAGGCACTCATAG-1_1_1_1_1	GSE222315_p4_NAT	GSE222315	DF.classifications_0.25_0.005_289	Singlet	pANN_0.25_0.005_289	0.0238095238095238
GSE222315_CTGCAGGCATGCCGAC-1_1_1_1_1	GSE222315_p4_NAT	GSE222315	DF.classifications_0.25_0.005_289	Singlet	pANN_0.25_0.005_289	0.380952380952381
GSE222315_CTGCAGGTCAAGTGTC-1_1_1_1_1	GSE222315_p4_NAT	GSE222315	DF.classifications_0.25_0.005_289	Singlet	pANN_0.25_0.005_289	0.285714285714286
GSE222315_CTGCAGGTCGAGATAA-1_1_1_1_1	GSE222315_p4_NAT	GSE222315	DF.classifications_0.25_0.005_289	Singlet	pANN_0.25_0.005_289	0.261904761904762
GSE222315_CTGCAGGTCTCGAGTA-1_1_1_1_1	GSE222315_p4_NAT	GSE222315	DF.classifications_0.25_0.005_289	Singlet	pANN_0.25_0.005_289	0.333333333333333
GSE222315_CTGCATCAGTCACAGG-1_1_1_1_1	GSE222315_p4_NAT	GSE222315	DF.classifications_0.25_0.005_289	Singlet	pANN_0.25_0.005_289	0.166666666666667
GSE222315_CTGCATCCACAGCATT-1_1_1_1_1	GSE222315_p4_NAT	GSE222315	DF.classifications_0.25_0.005_289	Singlet	pANN_0.25_0.005_289	0.238095238095238
GSE222315_CTGCATCGTCACAATC-1_1_1_1_1	GSE222315_p4_NAT	GSE222315	DF.classifications_0.25_0.005_289	Singlet	pANN_0.25_0.005_289	0.0714285714285714
GSE222315_CTGCATCGTCCCACGA-1_1_1_1_1	GSE222315_p4_NAT	GSE222315	DF.classifications_0.25_0.005_289	Singlet	pANN_0.25_0.005_289	0
GSE222315_CTGCATCTCGACCCAG-1_1_1_1_1	GSE222315_p4_NAT	GSE222315	DF.classifications_0.25_0.005_289	Singlet	pANN_0.25_0.005_289	0.380952380952381
GSE222315_CTGCATCTCTCAGTCC-1_1_1_1_1	GSE222315_p4_NAT	GSE222315	DF.classifications_0.25_0.005_289	Singlet	pANN_0.25_0.005_289	0.0476190476190476
GSE222315_CTGCCATAGAAAGCGA-1_1_1_1_1	GSE222315_p4_NAT	GSE222315	DF.classifications_0.25_0.005_289	Singlet	pANN_0.25_0.005_289	0.0476190476190476
GSE222315_CTGCCATAGCATCAAA-1_1_1_1_1	GSE222315_p4_NAT	GSE222315	DF.classifications_0.25_0.005_289	Singlet	pANN_0.25_0.005_289	0.238095238095238
GSE222315_CTGCCATAGCGCAATG-1_1_1_1_1	GSE222315_p4_NAT	GSE222315	DF.classifications_0.25_0.005_289	Singlet	pANN_0.25_0.005_289	0.19047619047619
GSE222315_CTGCCATTCAACTACG-1_1_1_1_1	GSE222315_p4_NAT	GSE222315	DF.classifications_0.25_0.005_289	Singlet	pANN_0.25_0.005_289	0.0238095238095238
GSE222315_CTGCCATTCCGCGAGT-1_1_1_1_1	GSE222315_p4_NAT	GSE222315	DF.classifications_0.25_0.005_289	Singlet	pANN_0.25_0.005_289	0.214285714285714
GSE222315_CTGCCTAAGAGGGTGG-1_1_1_1_1	GSE222315_p4_NAT	GSE222315	DF.classifications_0.25_0.005_289	Singlet	pANN_0.25_0.005_289	0.0952380952380952
GSE222315_CTGCCTACACATGTTG-1_1_1_1_1	GSE222315_p4_NAT	GSE222315	DF.classifications_0.25_0.005_289	Singlet	pANN_0.25_0.005_289	0.30952380952381
GSE222315_CTGCCTACATCCGGTG-1_1_1_1_1	GSE222315_p4_NAT	GSE222315	DF.classifications_0.25_0.005_289	Singlet	pANN_0.25_0.005_289	0.19047619047619
GSE222315_CTGCCTAGTGCCAAGA-1_1_1_1_1	GSE222315_p4_NAT	GSE222315	DF.classifications_0.25_0.005_289	Singlet	pANN_0.25_0.005_289	0.0238095238095238
GSE222315_CTGCCTATCTATTGTC-1_1_1_1_1	GSE222315_p4_NAT	GSE222315	DF.classifications_0.25_0.005_289	Singlet	pANN_0.25_0.005_289	0.30952380952381
GSE222315_CTGCGAGGTGGTCCGT-1_1_1_1_1	GSE222315_p4_NAT	GSE222315	DF.classifications_0.25_0.005_289	Singlet	pANN_0.25_0.005_289	0.380952380952381
GSE222315_CTGCGAGTCAATCGGT-1_1_1_1_1	GSE222315_p4_NAT	GSE222315	DF.classifications_0.25_0.005_289	Singlet	pANN_0.25_0.005_289	0.119047619047619
GSE222315_CTGCGAGTCGCAAGAG-1_1_1_1_1	GSE222315_p4_NAT	GSE222315	DF.classifications_0.25_0.005_289	Singlet	pANN_0.25_0.005_289	0.0952380952380952
GSE222315_CTGCTCAAGCAAACAT-1_1_1_1_1	GSE222315_p4_NAT	GSE222315	DF.classifications_0.25_0.005_289	Singlet	pANN_0.25_0.005_289	0.285714285714286
GSE222315_CTGCTCAAGTGCTACT-1_1_1_1_1	GSE222315_p4_NAT	GSE222315	DF.classifications_0.25_0.005_289	Singlet	pANN_0.25_0.005_289	0.357142857142857
GSE222315_CTGCTCAGTATCACGT-1_1_1_1_1	GSE222315_p4_NAT	GSE222315	DF.classifications_0.25_0.005_289	Singlet	pANN_0.25_0.005_289	0
GSE222315_CTGCTCAGTTGCTCAA-1_1_1_1_1	GSE222315_p4_NAT	GSE222315	DF.classifications_0.25_0.005_289	Singlet	pANN_0.25_0.005_289	0.0952380952380952
GSE222315_CTGCTCATCCACCTGT-1_1_1_1_1	GSE222315_p4_NAT	GSE222315	DF.classifications_0.25_0.005_289	Singlet	pANN_0.25_0.005_289	0.0476190476190476
GSE222315_CTGCTCATCCCAACTC-1_1_1_1_1	GSE222315_p4_NAT	GSE222315	DF.classifications_0.25_0.005_289	Singlet	pANN_0.25_0.005_289	0.238095238095238
GSE222315_CTGGACGAGCCTGACC-1_1_1_1_1	GSE222315_p4_NAT	GSE222315	DF.classifications_0.25_0.005_289	Singlet	pANN_0.25_0.005_289	0.214285714285714
GSE222315_CTGGACGAGCTTCGTA-1_1_1_1_1	GSE222315_p4_NAT	GSE222315	DF.classifications_0.25_0.005_289	Singlet	pANN_0.25_0.005_289	0.0952380952380952
GSE222315_CTGGACGAGGATTTAG-1_1_1_1_1	GSE222315_p4_NAT	GSE222315	DF.classifications_0.25_0.005_289	Singlet	pANN_0.25_0.005_289	0.238095238095238
GSE222315_CTGGACGCATCATGAC-1_1_1_1_1	GSE222315_p4_NAT	GSE222315	DF.classifications_0.25_0.005_289	Singlet	pANN_0.25_0.005_289	0.0714285714285714
GSE222315_CTGGACGTCGACCAAT-1_1_1_1_1	GSE222315_p4_NAT	GSE222315	DF.classifications_0.25_0.005_289	Singlet	pANN_0.25_0.005_289	0
GSE222315_CTGGACGTCGCTATTT-1_1_1_1_1	GSE222315_p4_NAT	GSE222315	DF.classifications_0.25_0.005_289	Singlet	pANN_0.25_0.005_289	0.333333333333333
GSE222315_CTGGACGTCTCCAAGA-1_1_1_1_1	GSE222315_p4_NAT	GSE222315	DF.classifications_0.25_0.005_289	Singlet	pANN_0.25_0.005_289	0.119047619047619
GSE222315_CTGGACGTCTGGACTA-1_1_1_1_1	GSE222315_p4_NAT	GSE222315	DF.classifications_0.25_0.005_289	Singlet	pANN_0.25_0.005_289	0.19047619047619
GSE222315_CTGGCAGAGCAGCCCT-1_1_1_1_1	GSE222315_p4_NAT	GSE222315	DF.classifications_0.25_0.005_289	Singlet	pANN_0.25_0.005_289	0.0238095238095238
GSE222315_CTGGCAGGTGAGCAGT-1_1_1_1_1	GSE222315_p4_NAT	GSE222315	DF.classifications_0.25_0.005_289	Singlet	pANN_0.25_0.005_289	0.261904761904762
GSE222315_CTGGCAGTCAACCTCC-1_1_1_1_1	GSE222315_p4_NAT	GSE222315	DF.classifications_0.25_0.005_289	Singlet	pANN_0.25_0.005_289	0.166666666666667
GSE222315_CTGGCAGTCAAGTGTC-1_1_1_1_1	GSE222315_p4_NAT	GSE222315	DF.classifications_0.25_0.005_289	Singlet	pANN_0.25_0.005_289	0.380952380952381
GSE222315_CTGGCAGTCCGTAGGC-1_1_1_1_1	GSE222315_p4_NAT	GSE222315	DF.classifications_0.25_0.005_289	Singlet	pANN_0.25_0.005_289	0.0952380952380952
GSE222315_CTGGTCTAGTCTAGCT-1_1_1_1_1	GSE222315_p4_NAT	GSE222315	DF.classifications_0.25_0.005_289	Singlet	pANN_0.25_0.005_289	0.142857142857143
GSE222315_CTGGTCTCAGTCACGC-1_1_1_1_1	GSE222315_p4_NAT	GSE222315	DF.classifications_0.25_0.005_289	Singlet	pANN_0.25_0.005_289	0.0476190476190476
GSE222315_CTGGTCTGTTTAGAGA-1_1_1_1_1	GSE222315_p4_NAT	GSE222315	DF.classifications_0.25_0.005_289	Singlet	pANN_0.25_0.005_289	0.357142857142857
GSE222315_CTGGTCTTCTCTTAAC-1_1_1_1_1	GSE222315_p4_NAT	GSE222315	DF.classifications_0.25_0.005_289	Singlet	pANN_0.25_0.005_289	0.0476190476190476
GSE222315_CTGTACCAGCTCTGTA-1_1_1_1_1	GSE222315_p4_NAT	GSE222315	DF.classifications_0.25_0.005_289	Singlet	pANN_0.25_0.005_289	0.142857142857143
GSE222315_CTGTACCGTCGTTTCC-1_1_1_1_1	GSE222315_p4_NAT	GSE222315	DF.classifications_0.25_0.005_289	Singlet	pANN_0.25_0.005_289	0.0952380952380952
GSE222315_CTGTACCGTCTTGTCC-1_1_1_1_1	GSE222315_p4_NAT	GSE222315	DF.classifications_0.25_0.005_289	Singlet	pANN_0.25_0.005_289	0.166666666666667
GSE222315_CTGTAGAAGGGCTAAC-1_1_1_1_1	GSE222315_p4_NAT	GSE222315	DF.classifications_0.25_0.005_289	Singlet	pANN_0.25_0.005_289	0.19047619047619
GSE222315_CTGTAGAAGTCATCCA-1_1_1_1_1	GSE222315_p4_NAT	GSE222315	DF.classifications_0.25_0.005_289	Singlet	pANN_0.25_0.005_289	0
GSE222315_CTGTAGACATTGTACG-1_1_1_1_1	GSE222315_p4_NAT	GSE222315	DF.classifications_0.25_0.005_289	Singlet	pANN_0.25_0.005_289	0.0714285714285714
GSE222315_CTGTAGAGTATCAGGG-1_1_1_1_1	GSE222315_p4_NAT	GSE222315	DF.classifications_0.25_0.005_289	Singlet	pANN_0.25_0.005_289	0.261904761904762
GSE222315_CTGTAGAGTCATGGCC-1_1_1_1_1	GSE222315_p4_NAT	GSE222315	DF.classifications_0.25_0.005_289	Singlet	pANN_0.25_0.005_289	0.30952380952381
GSE222315_CTGTAGATCCCATAGA-1_1_1_1_1	GSE222315_p4_NAT	GSE222315	DF.classifications_0.25_0.005_289	Singlet	pANN_0.25_0.005_289	0
GSE222315_CTGTAGATCGAGAAGC-1_1_1_1_1	GSE222315_p4_NAT	GSE222315	DF.classifications_0.25_0.005_289	Singlet	pANN_0.25_0.005_289	0
GSE222315_CTGTATTAGGTGCTTT-1_1_1_1_1	GSE222315_p4_NAT	GSE222315	DF.classifications_0.25_0.005_289	Singlet	pANN_0.25_0.005_289	0.214285714285714
GSE222315_CTGTATTAGTAGCATA-1_1_1_1_1	GSE222315_p4_NAT	GSE222315	DF.classifications_0.25_0.005_289	Singlet	pANN_0.25_0.005_289	0.0238095238095238
GSE222315_CTGTATTGTGCTGTCG-1_1_1_1_1	GSE222315_p4_NAT	GSE222315	DF.classifications_0.25_0.005_289	Singlet	pANN_0.25_0.005_289	0.0952380952380952
GSE222315_CTGTATTGTTGTATGC-1_1_1_1_1	GSE222315_p4_NAT	GSE222315	DF.classifications_0.25_0.005_289	Singlet	pANN_0.25_0.005_289	0.0476190476190476
GSE222315_CTGTATTTCCCATTTA-1_1_1_1_1	GSE222315_p4_NAT	GSE222315	DF.classifications_0.25_0.005_289	Singlet	pANN_0.25_0.005_289	0.285714285714286
GSE222315_CTGTCGTAGGGCTGAT-1_1_1_1_1	GSE222315_p4_NAT	GSE222315	DF.classifications_0.25_0.005_289	Singlet	pANN_0.25_0.005_289	0.119047619047619
GSE222315_CTGTCGTCATGGATCT-1_1_1_1_1	GSE222315_p4_NAT	GSE222315	DF.classifications_0.25_0.005_289	Singlet	pANN_0.25_0.005_289	0.0714285714285714
GSE222315_CTGTCGTCATGTACGT-1_1_1_1_1	GSE222315_p4_NAT	GSE222315	DF.classifications_0.25_0.005_289	Singlet	pANN_0.25_0.005_289	0.119047619047619
GSE222315_CTGTCGTGTCCGGCAT-1_1_1_1_1	GSE222315_p4_NAT	GSE222315	DF.classifications_0.25_0.005_289	Singlet	pANN_0.25_0.005_289	0.166666666666667
GSE222315_CTGTCGTTCTCTATAC-1_1_1_1_1	GSE222315_p4_NAT	GSE222315	DF.classifications_0.25_0.005_289	Singlet	pANN_0.25_0.005_289	0.0476190476190476
GSE222315_CTGTGAAAGACCATGG-1_1_1_1_1	GSE222315_p4_NAT	GSE222315	DF.classifications_0.25_0.005_289	Doublet	pANN_0.25_0.005_289	0.428571428571429
GSE222315_CTGTGAAAGGGCAGTT-1_1_1_1_1	GSE222315_p4_NAT	GSE222315	DF.classifications_0.25_0.005_289	Singlet	pANN_0.25_0.005_289	0.0952380952380952
GSE222315_CTGTGAAAGGGTACAC-1_1_1_1_1	GSE222315_p4_NAT	GSE222315	DF.classifications_0.25_0.005_289	Singlet	pANN_0.25_0.005_289	0.285714285714286
GSE222315_CTGTGAAGTATGATCC-1_1_1_1_1	GSE222315_p4_NAT	GSE222315	DF.classifications_0.25_0.005_289	Singlet	pANN_0.25_0.005_289	0.0952380952380952
GSE222315_CTGTGAAGTTCGGTTA-1_1_1_1_1	GSE222315_p4_NAT	GSE222315	DF.classifications_0.25_0.005_289	Singlet	pANN_0.25_0.005_289	0.238095238095238
GSE222315_CTGTGAAGTTTGAAAG-1_1_1_1_1	GSE222315_p4_NAT	GSE222315	DF.classifications_0.25_0.005_289	Doublet	pANN_0.25_0.005_289	0.5
GSE222315_CTGTGAATCCCGTAAA-1_1_1_1_1	GSE222315_p4_NAT	GSE222315	DF.classifications_0.25_0.005_289	Singlet	pANN_0.25_0.005_289	0
GSE222315_CTGTGAATCTGGGAGA-1_1_1_1_1	GSE222315_p4_NAT	GSE222315	DF.classifications_0.25_0.005_289	Singlet	pANN_0.25_0.005_289	0.166666666666667
GSE222315_CTGTGAATCTGTCTCG-1_1_1_1_1	GSE222315_p4_NAT	GSE222315	DF.classifications_0.25_0.005_289	Singlet	pANN_0.25_0.005_289	0.0952380952380952
GSE222315_CTGTGGGAGCGTATAA-1_1_1_1_1	GSE222315_p4_NAT	GSE222315	DF.classifications_0.25_0.005_289	Singlet	pANN_0.25_0.005_289	0.380952380952381
GSE222315_CTGTGGGCAGAACTTC-1_1_1_1_1	GSE222315_p4_NAT	GSE222315	DF.classifications_0.25_0.005_289	Singlet	pANN_0.25_0.005_289	0.0476190476190476
GSE222315_CTGTGGGGTTGTCCCT-1_1_1_1_1	GSE222315_p4_NAT	GSE222315	DF.classifications_0.25_0.005_289	Singlet	pANN_0.25_0.005_289	0.333333333333333
GSE222315_CTGTGGGTCGCACGAC-1_1_1_1_1	GSE222315_p4_NAT	GSE222315	DF.classifications_0.25_0.005_289	Singlet	pANN_0.25_0.005_289	0.166666666666667
GSE222315_CTTACCGAGTCTTCCC-1_1_1_1_1	GSE222315_p4_NAT	GSE222315	DF.classifications_0.25_0.005_289	Singlet	pANN_0.25_0.005_289	0.285714285714286
GSE222315_CTTACCGGTAAGTAGT-1_1_1_1_1	GSE222315_p4_NAT	GSE222315	DF.classifications_0.25_0.005_289	Singlet	pANN_0.25_0.005_289	0.0952380952380952
GSE222315_CTTACCGGTGTTCATG-1_1_1_1_1	GSE222315_p4_NAT	GSE222315	DF.classifications_0.25_0.005_289	Singlet	pANN_0.25_0.005_289	0.214285714285714
GSE222315_CTTACCGGTTGAATCC-1_1_1_1_1	GSE222315_p4_NAT	GSE222315	DF.classifications_0.25_0.005_289	Singlet	pANN_0.25_0.005_289	0.0238095238095238
GSE222315_CTTACCGTCCTATGGA-1_1_1_1_1	GSE222315_p4_NAT	GSE222315	DF.classifications_0.25_0.005_289	Singlet	pANN_0.25_0.005_289	0.142857142857143
GSE222315_CTTAGGAAGATAGCTA-1_1_1_1_1	GSE222315_p4_NAT	GSE222315	DF.classifications_0.25_0.005_289	Singlet	pANN_0.25_0.005_289	0.214285714285714
GSE222315_CTTAGGAAGCGATCGA-1_1_1_1_1	GSE222315_p4_NAT	GSE222315	DF.classifications_0.25_0.005_289	Singlet	pANN_0.25_0.005_289	0.166666666666667
GSE222315_CTTAGGAAGGCGAACT-1_1_1_1_1	GSE222315_p4_NAT	GSE222315	DF.classifications_0.25_0.005_289	Doublet	pANN_0.25_0.005_289	0.666666666666667
GSE222315_CTTAGGAGTACTAACC-1_1_1_1_1	GSE222315_p4_NAT	GSE222315	DF.classifications_0.25_0.005_289	Singlet	pANN_0.25_0.005_289	0
GSE222315_CTTAGGAGTCCGGCAT-1_1_1_1_1	GSE222315_p4_NAT	GSE222315	DF.classifications_0.25_0.005_289	Singlet	pANN_0.25_0.005_289	0.0476190476190476
GSE222315_CTTAGGAGTCGATTTG-1_1_1_1_1	GSE222315_p4_NAT	GSE222315	DF.classifications_0.25_0.005_289	Singlet	pANN_0.25_0.005_289	0.214285714285714
GSE222315_CTTAGGATCCCTGGTT-1_1_1_1_1	GSE222315_p4_NAT	GSE222315	DF.classifications_0.25_0.005_289	Singlet	pANN_0.25_0.005_289	0.0238095238095238
GSE222315_CTTCAATAGATGGCAC-1_1_1_1_1	GSE222315_p4_NAT	GSE222315	DF.classifications_0.25_0.005_289	Doublet	pANN_0.25_0.005_289	0.452380952380952
GSE222315_CTTCAATAGCTCCCTT-1_1_1_1_1	GSE222315_p4_NAT	GSE222315	DF.classifications_0.25_0.005_289	Doublet	pANN_0.25_0.005_289	0.428571428571429
GSE222315_CTTCAATAGGCTTAGG-1_1_1_1_1	GSE222315_p4_NAT	GSE222315	DF.classifications_0.25_0.005_289	Singlet	pANN_0.25_0.005_289	0.30952380952381
GSE222315_CTTCAATCATGGCTGC-1_1_1_1_1	GSE222315_p4_NAT	GSE222315	DF.classifications_0.25_0.005_289	Singlet	pANN_0.25_0.005_289	0.0714285714285714
GSE222315_CTTCAATTCAGACAAA-1_1_1_1_1	GSE222315_p4_NAT	GSE222315	DF.classifications_0.25_0.005_289	Singlet	pANN_0.25_0.005_289	0.0476190476190476
GSE222315_CTTCAATTCCCTGTTG-1_1_1_1_1	GSE222315_p4_NAT	GSE222315	DF.classifications_0.25_0.005_289	Singlet	pANN_0.25_0.005_289	0.166666666666667
GSE222315_CTTCCGAAGGACTTCT-1_1_1_1_1	GSE222315_p4_NAT	GSE222315	DF.classifications_0.25_0.005_289	Singlet	pANN_0.25_0.005_289	0.0238095238095238
GSE222315_CTTCCGACAACCGCCA-1_1_1_1_1	GSE222315_p4_NAT	GSE222315	DF.classifications_0.25_0.005_289	Singlet	pANN_0.25_0.005_289	0.0476190476190476
GSE222315_CTTCCGACAGTTTGGT-1_1_1_1_1	GSE222315_p4_NAT	GSE222315	DF.classifications_0.25_0.005_289	Singlet	pANN_0.25_0.005_289	0.238095238095238
GSE222315_CTTCCGAGTACTCCCT-1_1_1_1_1	GSE222315_p4_NAT	GSE222315	DF.classifications_0.25_0.005_289	Singlet	pANN_0.25_0.005_289	0.19047619047619
GSE222315_CTTCCGAGTCTTGAGT-1_1_1_1_1	GSE222315_p4_NAT	GSE222315	DF.classifications_0.25_0.005_289	Singlet	pANN_0.25_0.005_289	0.0952380952380952
GSE222315_CTTCCGAGTGTCCGGT-1_1_1_1_1	GSE222315_p4_NAT	GSE222315	DF.classifications_0.25_0.005_289	Singlet	pANN_0.25_0.005_289	0.0238095238095238
GSE222315_CTTCCGAGTTATAGAG-1_1_1_1_1	GSE222315_p4_NAT	GSE222315	DF.classifications_0.25_0.005_289	Doublet	pANN_0.25_0.005_289	0.476190476190476
GSE222315_CTTCCGAGTTTGCCGG-1_1_1_1_1	GSE222315_p4_NAT	GSE222315	DF.classifications_0.25_0.005_289	Singlet	pANN_0.25_0.005_289	0.19047619047619
GSE222315_CTTCCGATCCATTTCA-1_1_1_1_1	GSE222315_p4_NAT	GSE222315	DF.classifications_0.25_0.005_289	Singlet	pANN_0.25_0.005_289	0.19047619047619
GSE222315_CTTCCGATCGCGGACT-1_1_1_1_1	GSE222315_p4_NAT	GSE222315	DF.classifications_0.25_0.005_289	Singlet	pANN_0.25_0.005_289	0.0476190476190476
GSE222315_CTTCCTTAGGGCAACT-1_1_1_1_1	GSE222315_p4_NAT	GSE222315	DF.classifications_0.25_0.005_289	Singlet	pANN_0.25_0.005_289	0.357142857142857
GSE222315_CTTCCTTAGTTCCTGA-1_1_1_1_1	GSE222315_p4_NAT	GSE222315	DF.classifications_0.25_0.005_289	Singlet	pANN_0.25_0.005_289	0.238095238095238
GSE222315_CTTCCTTCATGTTCGA-1_1_1_1_1	GSE222315_p4_NAT	GSE222315	DF.classifications_0.25_0.005_289	Singlet	pANN_0.25_0.005_289	0.30952380952381
GSE222315_CTTCCTTGTTCCTTGC-1_1_1_1_1	GSE222315_p4_NAT	GSE222315	DF.classifications_0.25_0.005_289	Singlet	pANN_0.25_0.005_289	0.119047619047619
GSE222315_CTTCGGTCACAGAAGC-1_1_1_1_1	GSE222315_p4_NAT	GSE222315	DF.classifications_0.25_0.005_289	Singlet	pANN_0.25_0.005_289	0.357142857142857
GSE222315_CTTCGGTCAGTGTATC-1_1_1_1_1	GSE222315_p4_NAT	GSE222315	DF.classifications_0.25_0.005_289	Singlet	pANN_0.25_0.005_289	0
GSE222315_CTTCGGTCATCGTCCT-1_1_1_1_1	GSE222315_p4_NAT	GSE222315	DF.classifications_0.25_0.005_289	Singlet	pANN_0.25_0.005_289	0
GSE222315_CTTCGGTCATGGAACG-1_1_1_1_1	GSE222315_p4_NAT	GSE222315	DF.classifications_0.25_0.005_289	Singlet	pANN_0.25_0.005_289	0.285714285714286
GSE222315_CTTCGGTGTCATAGTC-1_1_1_1_1	GSE222315_p4_NAT	GSE222315	DF.classifications_0.25_0.005_289	Singlet	pANN_0.25_0.005_289	0.0238095238095238
GSE222315_CTTCGGTGTCGATTCA-1_1_1_1_1	GSE222315_p4_NAT	GSE222315	DF.classifications_0.25_0.005_289	Singlet	pANN_0.25_0.005_289	0.0714285714285714
GSE222315_CTTCGGTGTGGTCTGC-1_1_1_1_1	GSE222315_p4_NAT	GSE222315	DF.classifications_0.25_0.005_289	Singlet	pANN_0.25_0.005_289	0.285714285714286
GSE222315_CTTCGGTGTGTGCCTG-1_1_1_1_1	GSE222315_p4_NAT	GSE222315	DF.classifications_0.25_0.005_289	Singlet	pANN_0.25_0.005_289	0
GSE222315_CTTCGGTGTTGTTGCA-1_1_1_1_1	GSE222315_p4_NAT	GSE222315	DF.classifications_0.25_0.005_289	Singlet	pANN_0.25_0.005_289	0.285714285714286
GSE222315_CTTCGGTTCGGTTAGT-1_1_1_1_1	GSE222315_p4_NAT	GSE222315	DF.classifications_0.25_0.005_289	Singlet	pANN_0.25_0.005_289	0.19047619047619
GSE222315_CTTCGGTTCTACGCGG-1_1_1_1_1	GSE222315_p4_NAT	GSE222315	DF.classifications_0.25_0.005_289	Singlet	pANN_0.25_0.005_289	0.0476190476190476
GSE222315_CTTCTAAAGGAACATT-1_1_1_1_1	GSE222315_p4_NAT	GSE222315	DF.classifications_0.25_0.005_289	Singlet	pANN_0.25_0.005_289	0
GSE222315_CTTCTAACAACTTGGT-1_1_1_1_1	GSE222315_p4_NAT	GSE222315	DF.classifications_0.25_0.005_289	Singlet	pANN_0.25_0.005_289	0.30952380952381
GSE222315_CTTCTAAGTAAGGCCA-1_1_1_1_1	GSE222315_p4_NAT	GSE222315	DF.classifications_0.25_0.005_289	Singlet	pANN_0.25_0.005_289	0
GSE222315_CTTCTAAGTCTGTGGC-1_1_1_1_1	GSE222315_p4_NAT	GSE222315	DF.classifications_0.25_0.005_289	Singlet	pANN_0.25_0.005_289	0.166666666666667
GSE222315_CTTCTAAGTGGAGGTT-1_1_1_1_1	GSE222315_p4_NAT	GSE222315	DF.classifications_0.25_0.005_289	Singlet	pANN_0.25_0.005_289	0.19047619047619
GSE222315_CTTCTAATCACTCTTA-1_1_1_1_1	GSE222315_p4_NAT	GSE222315	DF.classifications_0.25_0.005_289	Singlet	pANN_0.25_0.005_289	0.142857142857143
GSE222315_CTTCTAATCCGATCGG-1_1_1_1_1	GSE222315_p4_NAT	GSE222315	DF.classifications_0.25_0.005_289	Singlet	pANN_0.25_0.005_289	0.404761904761905
GSE222315_CTTCTAATCCTACAAG-1_1_1_1_1	GSE222315_p4_NAT	GSE222315	DF.classifications_0.25_0.005_289	Singlet	pANN_0.25_0.005_289	0
GSE222315_CTTCTCTAGCCTTGAT-1_1_1_1_1	GSE222315_p4_NAT	GSE222315	DF.classifications_0.25_0.005_289	Doublet	pANN_0.25_0.005_289	0.428571428571429
GSE222315_CTTCTCTAGGGCGAAG-1_1_1_1_1	GSE222315_p4_NAT	GSE222315	DF.classifications_0.25_0.005_289	Doublet	pANN_0.25_0.005_289	0.547619047619048
GSE222315_CTTCTCTAGTCCCAGC-1_1_1_1_1	GSE222315_p4_NAT	GSE222315	DF.classifications_0.25_0.005_289	Singlet	pANN_0.25_0.005_289	0.119047619047619
GSE222315_CTTCTCTCAGATACTC-1_1_1_1_1	GSE222315_p4_NAT	GSE222315	DF.classifications_0.25_0.005_289	Singlet	pANN_0.25_0.005_289	0
GSE222315_CTTCTCTCAGTCCGTG-1_1_1_1_1	GSE222315_p4_NAT	GSE222315	DF.classifications_0.25_0.005_289	Singlet	pANN_0.25_0.005_289	0.214285714285714
GSE222315_CTTCTCTTCGACCTAA-1_1_1_1_1	GSE222315_p4_NAT	GSE222315	DF.classifications_0.25_0.005_289	Singlet	pANN_0.25_0.005_289	0.214285714285714
GSE222315_CTTGAGAAGGCCTGCT-1_1_1_1_1	GSE222315_p4_NAT	GSE222315	DF.classifications_0.25_0.005_289	Singlet	pANN_0.25_0.005_289	0.0714285714285714
GSE222315_CTTGAGACACCGGAAA-1_1_1_1_1	GSE222315_p4_NAT	GSE222315	DF.classifications_0.25_0.005_289	Singlet	pANN_0.25_0.005_289	0
GSE222315_CTTGAGACATCGGCCA-1_1_1_1_1	GSE222315_p4_NAT	GSE222315	DF.classifications_0.25_0.005_289	Singlet	pANN_0.25_0.005_289	0.19047619047619
GSE222315_CTTGAGATCATTCTTG-1_1_1_1_1	GSE222315_p4_NAT	GSE222315	DF.classifications_0.25_0.005_289	Singlet	pANN_0.25_0.005_289	0.0952380952380952
GSE222315_CTTGAGATCGTAACTG-1_1_1_1_1	GSE222315_p4_NAT	GSE222315	DF.classifications_0.25_0.005_289	Singlet	pANN_0.25_0.005_289	0.214285714285714
GSE222315_CTTGAGATCTGCATGA-1_1_1_1_1	GSE222315_p4_NAT	GSE222315	DF.classifications_0.25_0.005_289	Singlet	pANN_0.25_0.005_289	0.261904761904762
GSE222315_CTTGATTAGCACTCTA-1_1_1_1_1	GSE222315_p4_NAT	GSE222315	DF.classifications_0.25_0.005_289	Singlet	pANN_0.25_0.005_289	0.0952380952380952
GSE222315_CTTGATTAGTGCGCTC-1_1_1_1_1	GSE222315_p4_NAT	GSE222315	DF.classifications_0.25_0.005_289	Singlet	pANN_0.25_0.005_289	0
GSE222315_CTTGATTCAAAGCTAA-1_1_1_1_1	GSE222315_p4_NAT	GSE222315	DF.classifications_0.25_0.005_289	Singlet	pANN_0.25_0.005_289	0.19047619047619
GSE222315_CTTGATTCACGTCGGT-1_1_1_1_1	GSE222315_p4_NAT	GSE222315	DF.classifications_0.25_0.005_289	Singlet	pANN_0.25_0.005_289	0.285714285714286
GSE222315_CTTGATTCACTAGTAC-1_1_1_1_1	GSE222315_p4_NAT	GSE222315	DF.classifications_0.25_0.005_289	Singlet	pANN_0.25_0.005_289	0.214285714285714
GSE222315_CTTGATTCATCTGTTT-1_1_1_1_1	GSE222315_p4_NAT	GSE222315	DF.classifications_0.25_0.005_289	Singlet	pANN_0.25_0.005_289	0.0238095238095238
GSE222315_CTTGATTGTGTCCTAA-1_1_1_1_1	GSE222315_p4_NAT	GSE222315	DF.classifications_0.25_0.005_289	Singlet	pANN_0.25_0.005_289	0.261904761904762
GSE222315_CTTGATTTCCTCAGAA-1_1_1_1_1	GSE222315_p4_NAT	GSE222315	DF.classifications_0.25_0.005_289	Singlet	pANN_0.25_0.005_289	0.166666666666667
GSE222315_CTTTCAAAGCTTTGTG-1_1_1_1_1	GSE222315_p4_NAT	GSE222315	DF.classifications_0.25_0.005_289	Singlet	pANN_0.25_0.005_289	0
GSE222315_CTTTCAAAGGTCGACA-1_1_1_1_1	GSE222315_p4_NAT	GSE222315	DF.classifications_0.25_0.005_289	Singlet	pANN_0.25_0.005_289	0.214285714285714
GSE222315_CTTTCAAAGTACGAGC-1_1_1_1_1	GSE222315_p4_NAT	GSE222315	DF.classifications_0.25_0.005_289	Singlet	pANN_0.25_0.005_289	0.0238095238095238
GSE222315_CTTTCAACAGATTCGT-1_1_1_1_1	GSE222315_p4_NAT	GSE222315	DF.classifications_0.25_0.005_289	Singlet	pANN_0.25_0.005_289	0.214285714285714
GSE222315_CTTTCAAGTCCACAGC-1_1_1_1_1	GSE222315_p4_NAT	GSE222315	DF.classifications_0.25_0.005_289	Singlet	pANN_0.25_0.005_289	0.0476190476190476
GSE222315_CTTTCAATCAAGGCTT-1_1_1_1_1	GSE222315_p4_NAT	GSE222315	DF.classifications_0.25_0.005_289	Singlet	pANN_0.25_0.005_289	0.357142857142857
GSE222315_CTTTCGGAGGAGACCT-1_1_1_1_1	GSE222315_p4_NAT	GSE222315	DF.classifications_0.25_0.005_289	Singlet	pANN_0.25_0.005_289	0.0238095238095238
GSE222315_CTTTCGGAGTCTGGAG-1_1_1_1_1	GSE222315_p4_NAT	GSE222315	DF.classifications_0.25_0.005_289	Singlet	pANN_0.25_0.005_289	0.0238095238095238
GSE222315_CTTTCGGGTATCCTCC-1_1_1_1_1	GSE222315_p4_NAT	GSE222315	DF.classifications_0.25_0.005_289	Singlet	pANN_0.25_0.005_289	0.261904761904762
GSE222315_CTTTCGGGTGCAAGAC-1_1_1_1_1	GSE222315_p4_NAT	GSE222315	DF.classifications_0.25_0.005_289	Singlet	pANN_0.25_0.005_289	0.166666666666667
GSE222315_GAAACCTAGGCTCCCA-1_1_1_1_1	GSE222315_p4_NAT	GSE222315	DF.classifications_0.25_0.005_289	Doublet	pANN_0.25_0.005_289	0.476190476190476
GSE222315_GAAACCTAGGGAACAA-1_1_1_1_1	GSE222315_p4_NAT	GSE222315	DF.classifications_0.25_0.005_289	Singlet	pANN_0.25_0.005_289	0.357142857142857
GSE222315_GAAACCTAGTTGGACG-1_1_1_1_1	GSE222315_p4_NAT	GSE222315	DF.classifications_0.25_0.005_289	Singlet	pANN_0.25_0.005_289	0.0238095238095238
GSE222315_GAAACCTCAAGCGATG-1_1_1_1_1	GSE222315_p4_NAT	GSE222315	DF.classifications_0.25_0.005_289	Singlet	pANN_0.25_0.005_289	0.119047619047619
GSE222315_GAAACCTCATAGACTC-1_1_1_1_1	GSE222315_p4_NAT	GSE222315	DF.classifications_0.25_0.005_289	Singlet	pANN_0.25_0.005_289	0.357142857142857
GSE222315_GAAACCTCATGCGGTC-1_1_1_1_1	GSE222315_p4_NAT	GSE222315	DF.classifications_0.25_0.005_289	Singlet	pANN_0.25_0.005_289	0.0238095238095238
GSE222315_GAAACCTTCACAACCA-1_1_1_1_1	GSE222315_p4_NAT	GSE222315	DF.classifications_0.25_0.005_289	Singlet	pANN_0.25_0.005_289	0
GSE222315_GAAACCTTCCAAACCA-1_1_1_1_1	GSE222315_p4_NAT	GSE222315	DF.classifications_0.25_0.005_289	Singlet	pANN_0.25_0.005_289	0.0714285714285714
GSE222315_GAAACCTTCCGGTAGC-1_1_1_1_1	GSE222315_p4_NAT	GSE222315	DF.classifications_0.25_0.005_289	Singlet	pANN_0.25_0.005_289	0.0714285714285714
GSE222315_GAAACCTTCTATGCCC-1_1_1_1_1	GSE222315_p4_NAT	GSE222315	DF.classifications_0.25_0.005_289	Singlet	pANN_0.25_0.005_289	0.119047619047619
GSE222315_GAAATGAAGCCGTCGT-1_1_1_1_1	GSE222315_p4_NAT	GSE222315	DF.classifications_0.25_0.005_289	Singlet	pANN_0.25_0.005_289	0.285714285714286
GSE222315_GAAATGACAACGGCCT-1_1_1_1_1	GSE222315_p4_NAT	GSE222315	DF.classifications_0.25_0.005_289	Singlet	pANN_0.25_0.005_289	0.19047619047619
GSE222315_GAAATGACACGAGGTA-1_1_1_1_1	GSE222315_p4_NAT	GSE222315	DF.classifications_0.25_0.005_289	Singlet	pANN_0.25_0.005_289	0.0952380952380952
GSE222315_GAAATGACATTGTGCA-1_1_1_1_1	GSE222315_p4_NAT	GSE222315	DF.classifications_0.25_0.005_289	Singlet	pANN_0.25_0.005_289	0.0238095238095238
GSE222315_GAAATGAGTAGAGGAA-1_1_1_1_1	GSE222315_p4_NAT	GSE222315	DF.classifications_0.25_0.005_289	Singlet	pANN_0.25_0.005_289	0.0238095238095238
GSE222315_GAAATGATCCATAGAC-1_1_1_1_1	GSE222315_p4_NAT	GSE222315	DF.classifications_0.25_0.005_289	Singlet	pANN_0.25_0.005_289	0.119047619047619
GSE222315_GAAATGATCTCGTGAA-1_1_1_1_1	GSE222315_p4_NAT	GSE222315	DF.classifications_0.25_0.005_289	Singlet	pANN_0.25_0.005_289	0.0952380952380952
GSE222315_GAACACTAGAGTCTTC-1_1_1_1_1	GSE222315_p4_NAT	GSE222315	DF.classifications_0.25_0.005_289	Singlet	pANN_0.25_0.005_289	0.0952380952380952
GSE222315_GAACACTCAACTAGAA-1_1_1_1_1	GSE222315_p4_NAT	GSE222315	DF.classifications_0.25_0.005_289	Doublet	pANN_0.25_0.005_289	0.428571428571429
GSE222315_GAACACTCATTACTCT-1_1_1_1_1	GSE222315_p4_NAT	GSE222315	DF.classifications_0.25_0.005_289	Singlet	pANN_0.25_0.005_289	0.214285714285714
GSE222315_GAACACTTCAGCTGAT-1_1_1_1_1	GSE222315_p4_NAT	GSE222315	DF.classifications_0.25_0.005_289	Singlet	pANN_0.25_0.005_289	0.0476190476190476
GSE222315_GAACGTTAGCATTGAA-1_1_1_1_1	GSE222315_p4_NAT	GSE222315	DF.classifications_0.25_0.005_289	Doublet	pANN_0.25_0.005_289	0.428571428571429
GSE222315_GAACGTTGTGGGCTCT-1_1_1_1_1	GSE222315_p4_NAT	GSE222315	DF.classifications_0.25_0.005_289	Singlet	pANN_0.25_0.005_289	0.238095238095238
GSE222315_GAACGTTTCAAAGCCT-1_1_1_1_1	GSE222315_p4_NAT	GSE222315	DF.classifications_0.25_0.005_289	Singlet	pANN_0.25_0.005_289	0.238095238095238
GSE222315_GAACGTTTCAGGACGA-1_1_1_1_1	GSE222315_p4_NAT	GSE222315	DF.classifications_0.25_0.005_289	Singlet	pANN_0.25_0.005_289	0.285714285714286
GSE222315_GAACGTTTCCAAGGGA-1_1_1_1_1	GSE222315_p4_NAT	GSE222315	DF.classifications_0.25_0.005_289	Singlet	pANN_0.25_0.005_289	0.166666666666667
GSE222315_GAACGTTTCGTAATGC-1_1_1_1_1	GSE222315_p4_NAT	GSE222315	DF.classifications_0.25_0.005_289	Singlet	pANN_0.25_0.005_289	0.30952380952381
GSE222315_GAACGTTTCTCCCATG-1_1_1_1_1	GSE222315_p4_NAT	GSE222315	DF.classifications_0.25_0.005_289	Singlet	pANN_0.25_0.005_289	0.142857142857143
GSE222315_GAACTGTAGAGTGTTA-1_1_1_1_1	GSE222315_p4_NAT	GSE222315	DF.classifications_0.25_0.005_289	Singlet	pANN_0.25_0.005_289	0.142857142857143
GSE222315_GAACTGTAGTCGCGAA-1_1_1_1_1	GSE222315_p4_NAT	GSE222315	DF.classifications_0.25_0.005_289	Singlet	pANN_0.25_0.005_289	0.380952380952381
GSE222315_GAACTGTAGTGGTGGT-1_1_1_1_1	GSE222315_p4_NAT	GSE222315	DF.classifications_0.25_0.005_289	Singlet	pANN_0.25_0.005_289	0.285714285714286
GSE222315_GAACTGTGTACCACGC-1_1_1_1_1	GSE222315_p4_NAT	GSE222315	DF.classifications_0.25_0.005_289	Singlet	pANN_0.25_0.005_289	0.0952380952380952
GSE222315_GAACTGTGTGGGCTCT-1_1_1_1_1	GSE222315_p4_NAT	GSE222315	DF.classifications_0.25_0.005_289	Singlet	pANN_0.25_0.005_289	0.30952380952381
GSE222315_GAACTGTTCAACCCGG-1_1_1_1_1	GSE222315_p4_NAT	GSE222315	DF.classifications_0.25_0.005_289	Singlet	pANN_0.25_0.005_289	0.119047619047619
GSE222315_GAACTGTTCCTCTTTC-1_1_1_1_1	GSE222315_p4_NAT	GSE222315	DF.classifications_0.25_0.005_289	Singlet	pANN_0.25_0.005_289	0.285714285714286
GSE222315_GAAGAATAGCGTATGG-1_1_1_1_1	GSE222315_p4_NAT	GSE222315	DF.classifications_0.25_0.005_289	Singlet	pANN_0.25_0.005_289	0.333333333333333
GSE222315_GAAGAATAGTTCATCG-1_1_1_1_1	GSE222315_p4_NAT	GSE222315	DF.classifications_0.25_0.005_289	Singlet	pANN_0.25_0.005_289	0.0714285714285714
GSE222315_GAAGAATCAATACGAA-1_1_1_1_1	GSE222315_p4_NAT	GSE222315	DF.classifications_0.25_0.005_289	Singlet	pANN_0.25_0.005_289	0.238095238095238
GSE222315_GAAGAATCAGACCATT-1_1_1_1_1	GSE222315_p4_NAT	GSE222315	DF.classifications_0.25_0.005_289	Singlet	pANN_0.25_0.005_289	0.142857142857143
GSE222315_GAAGAATCATCGTGCG-1_1_1_1_1	GSE222315_p4_NAT	GSE222315	DF.classifications_0.25_0.005_289	Doublet	pANN_0.25_0.005_289	0.452380952380952
GSE222315_GAAGAATGTAACCCTA-1_1_1_1_1	GSE222315_p4_NAT	GSE222315	DF.classifications_0.25_0.005_289	Singlet	pANN_0.25_0.005_289	0.0476190476190476
GSE222315_GAAGAATGTAGTTAGA-1_1_1_1_1	GSE222315_p4_NAT	GSE222315	DF.classifications_0.25_0.005_289	Singlet	pANN_0.25_0.005_289	0.0238095238095238
GSE222315_GAAGCCCCAATTAGGA-1_1_1_1_1	GSE222315_p4_NAT	GSE222315	DF.classifications_0.25_0.005_289	Singlet	pANN_0.25_0.005_289	0.0952380952380952
GSE222315_GAAGCCCCACGAAAGC-1_1_1_1_1	GSE222315_p4_NAT	GSE222315	DF.classifications_0.25_0.005_289	Singlet	pANN_0.25_0.005_289	0.119047619047619
GSE222315_GAAGCCCGTAGACAGC-1_1_1_1_1	GSE222315_p4_NAT	GSE222315	DF.classifications_0.25_0.005_289	Singlet	pANN_0.25_0.005_289	0.19047619047619
GSE222315_GAAGCCCGTAGCTTGT-1_1_1_1_1	GSE222315_p4_NAT	GSE222315	DF.classifications_0.25_0.005_289	Singlet	pANN_0.25_0.005_289	0.380952380952381
GSE222315_GAAGCCCGTCAAGCCC-1_1_1_1_1	GSE222315_p4_NAT	GSE222315	DF.classifications_0.25_0.005_289	Singlet	pANN_0.25_0.005_289	0.214285714285714
GSE222315_GAAGCCCGTCTCTCCA-1_1_1_1_1	GSE222315_p4_NAT	GSE222315	DF.classifications_0.25_0.005_289	Singlet	pANN_0.25_0.005_289	0.0714285714285714
GSE222315_GAAGCCCGTTCAATCG-1_1_1_1_1	GSE222315_p4_NAT	GSE222315	DF.classifications_0.25_0.005_289	Singlet	pANN_0.25_0.005_289	0.0714285714285714
GSE222315_GAAGCCCGTTTCCCAC-1_1_1_1_1	GSE222315_p4_NAT	GSE222315	DF.classifications_0.25_0.005_289	Singlet	pANN_0.25_0.005_289	0.19047619047619
GSE222315_GAAGCCCTCACTACGA-1_1_1_1_1	GSE222315_p4_NAT	GSE222315	DF.classifications_0.25_0.005_289	Singlet	pANN_0.25_0.005_289	0
GSE222315_GAAGCCCTCTGAACGT-1_1_1_1_1	GSE222315_p4_NAT	GSE222315	DF.classifications_0.25_0.005_289	Singlet	pANN_0.25_0.005_289	0.0476190476190476
GSE222315_GAAGCGAAGCATGCGA-1_1_1_1_1	GSE222315_p4_NAT	GSE222315	DF.classifications_0.25_0.005_289	Singlet	pANN_0.25_0.005_289	0.285714285714286
GSE222315_GAAGCGAAGGCGTTAG-1_1_1_1_1	GSE222315_p4_NAT	GSE222315	DF.classifications_0.25_0.005_289	Singlet	pANN_0.25_0.005_289	0.214285714285714
GSE222315_GAAGCGAAGGTAGCCA-1_1_1_1_1	GSE222315_p4_NAT	GSE222315	DF.classifications_0.25_0.005_289	Singlet	pANN_0.25_0.005_289	0.0238095238095238
GSE222315_GAAGCGAAGGTCACCC-1_1_1_1_1	GSE222315_p4_NAT	GSE222315	DF.classifications_0.25_0.005_289	Singlet	pANN_0.25_0.005_289	0.166666666666667
GSE222315_GAAGCGACACATATGC-1_1_1_1_1	GSE222315_p4_NAT	GSE222315	DF.classifications_0.25_0.005_289	Singlet	pANN_0.25_0.005_289	0.0476190476190476
GSE222315_GAAGCGACATCAGCGC-1_1_1_1_1	GSE222315_p4_NAT	GSE222315	DF.classifications_0.25_0.005_289	Singlet	pANN_0.25_0.005_289	0.0476190476190476
GSE222315_GAAGCGAGTTGTGGCC-1_1_1_1_1	GSE222315_p4_NAT	GSE222315	DF.classifications_0.25_0.005_289	Singlet	pANN_0.25_0.005_289	0.261904761904762
GSE222315_GAAGCGATCACGAACT-1_1_1_1_1	GSE222315_p4_NAT	GSE222315	DF.classifications_0.25_0.005_289	Singlet	pANN_0.25_0.005_289	0.19047619047619
GSE222315_GAAGCGATCGCATTAG-1_1_1_1_1	GSE222315_p4_NAT	GSE222315	DF.classifications_0.25_0.005_289	Singlet	pANN_0.25_0.005_289	0.0952380952380952
GSE222315_GAAGGACAGCATGCGA-1_1_1_1_1	GSE222315_p4_NAT	GSE222315	DF.classifications_0.25_0.005_289	Singlet	pANN_0.25_0.005_289	0.142857142857143
GSE222315_GAAGGACAGCTGTACT-1_1_1_1_1	GSE222315_p4_NAT	GSE222315	DF.classifications_0.25_0.005_289	Singlet	pANN_0.25_0.005_289	0.0714285714285714
GSE222315_GAAGGACAGGCATGGT-1_1_1_1_1	GSE222315_p4_NAT	GSE222315	DF.classifications_0.25_0.005_289	Singlet	pANN_0.25_0.005_289	0.142857142857143
GSE222315_GAAGGACAGGGCATGT-1_1_1_1_1	GSE222315_p4_NAT	GSE222315	DF.classifications_0.25_0.005_289	Singlet	pANN_0.25_0.005_289	0.261904761904762
GSE222315_GAAGGACAGGTCCTGC-1_1_1_1_1	GSE222315_p4_NAT	GSE222315	DF.classifications_0.25_0.005_289	Doublet	pANN_0.25_0.005_289	0.476190476190476
GSE222315_GAAGGACAGTTCACTG-1_1_1_1_1	GSE222315_p4_NAT	GSE222315	DF.classifications_0.25_0.005_289	Singlet	pANN_0.25_0.005_289	0.166666666666667
GSE222315_GAAGGACCACATACGT-1_1_1_1_1	GSE222315_p4_NAT	GSE222315	DF.classifications_0.25_0.005_289	Singlet	pANN_0.25_0.005_289	0.0714285714285714
GSE222315_GAAGGACGTCTTGCGG-1_1_1_1_1	GSE222315_p4_NAT	GSE222315	DF.classifications_0.25_0.005_289	Singlet	pANN_0.25_0.005_289	0.119047619047619
GSE222315_GAAGGACTCGATACTG-1_1_1_1_1	GSE222315_p4_NAT	GSE222315	DF.classifications_0.25_0.005_289	Singlet	pANN_0.25_0.005_289	0.19047619047619
GSE222315_GAAGGACTCTGCCCTA-1_1_1_1_1	GSE222315_p4_NAT	GSE222315	DF.classifications_0.25_0.005_289	Singlet	pANN_0.25_0.005_289	0.333333333333333
GSE222315_GAAGGACTCTTTCGAT-1_1_1_1_1	GSE222315_p4_NAT	GSE222315	DF.classifications_0.25_0.005_289	Singlet	pANN_0.25_0.005_289	0.19047619047619
GSE222315_GAAGGGTCAGCCTACG-1_1_1_1_1	GSE222315_p4_NAT	GSE222315	DF.classifications_0.25_0.005_289	Singlet	pANN_0.25_0.005_289	0.30952380952381
GSE222315_GAAGGGTGTCCAGCCA-1_1_1_1_1	GSE222315_p4_NAT	GSE222315	DF.classifications_0.25_0.005_289	Singlet	pANN_0.25_0.005_289	0.166666666666667
GSE222315_GAAGGGTGTCTTCTAT-1_1_1_1_1	GSE222315_p4_NAT	GSE222315	DF.classifications_0.25_0.005_289	Singlet	pANN_0.25_0.005_289	0.0476190476190476
GSE222315_GAAGGGTTCATTTGGG-1_1_1_1_1	GSE222315_p4_NAT	GSE222315	DF.classifications_0.25_0.005_289	Singlet	pANN_0.25_0.005_289	0.380952380952381
GSE222315_GAAGGGTTCCACTTCG-1_1_1_1_1	GSE222315_p4_NAT	GSE222315	DF.classifications_0.25_0.005_289	Singlet	pANN_0.25_0.005_289	0
GSE222315_GAAGTAAAGAATTGCA-1_1_1_1_1	GSE222315_p4_NAT	GSE222315	DF.classifications_0.25_0.005_289	Singlet	pANN_0.25_0.005_289	0.0952380952380952
GSE222315_GAAGTAAAGCATTGAA-1_1_1_1_1	GSE222315_p4_NAT	GSE222315	DF.classifications_0.25_0.005_289	Singlet	pANN_0.25_0.005_289	0.119047619047619
GSE222315_GAAGTAAAGGAGAGGC-1_1_1_1_1	GSE222315_p4_NAT	GSE222315	DF.classifications_0.25_0.005_289	Doublet	pANN_0.25_0.005_289	0.452380952380952
GSE222315_GAAGTAAAGGGTTAAT-1_1_1_1_1	GSE222315_p4_NAT	GSE222315	DF.classifications_0.25_0.005_289	Singlet	pANN_0.25_0.005_289	0.19047619047619
GSE222315_GAAGTAACAAAGGAGA-1_1_1_1_1	GSE222315_p4_NAT	GSE222315	DF.classifications_0.25_0.005_289	Singlet	pANN_0.25_0.005_289	0.357142857142857
GSE222315_GAAGTAAGTATGCTAC-1_1_1_1_1	GSE222315_p4_NAT	GSE222315	DF.classifications_0.25_0.005_289	Singlet	pANN_0.25_0.005_289	0.0238095238095238
GSE222315_GAAGTAATCGTGGAAG-1_1_1_1_1	GSE222315_p4_NAT	GSE222315	DF.classifications_0.25_0.005_289	Singlet	pANN_0.25_0.005_289	0.0714285714285714
GSE222315_GAATAGAAGAAGAGCA-1_1_1_1_1	GSE222315_p4_NAT	GSE222315	DF.classifications_0.25_0.005_289	Singlet	pANN_0.25_0.005_289	0.214285714285714
GSE222315_GAATAGAAGAGTCTTC-1_1_1_1_1	GSE222315_p4_NAT	GSE222315	DF.classifications_0.25_0.005_289	Singlet	pANN_0.25_0.005_289	0.142857142857143
GSE222315_GAATAGAAGCTTGTTG-1_1_1_1_1	GSE222315_p4_NAT	GSE222315	DF.classifications_0.25_0.005_289	Singlet	pANN_0.25_0.005_289	0.19047619047619
GSE222315_GAATAGACACCCTTAC-1_1_1_1_1	GSE222315_p4_NAT	GSE222315	DF.classifications_0.25_0.005_289	Singlet	pANN_0.25_0.005_289	0.166666666666667
GSE222315_GAATAGAGTGTGACCC-1_1_1_1_1	GSE222315_p4_NAT	GSE222315	DF.classifications_0.25_0.005_289	Singlet	pANN_0.25_0.005_289	0.30952380952381
GSE222315_GAATAGATCTAGAACC-1_1_1_1_1	GSE222315_p4_NAT	GSE222315	DF.classifications_0.25_0.005_289	Singlet	pANN_0.25_0.005_289	0.238095238095238
GSE222315_GAATAGATCTCAGGCG-1_1_1_1_1	GSE222315_p4_NAT	GSE222315	DF.classifications_0.25_0.005_289	Singlet	pANN_0.25_0.005_289	0.261904761904762
GSE222315_GAATCACAGGTGATCG-1_1_1_1_1	GSE222315_p4_NAT	GSE222315	DF.classifications_0.25_0.005_289	Singlet	pANN_0.25_0.005_289	0.238095238095238
GSE222315_GAATCACCAACTCGTA-1_1_1_1_1	GSE222315_p4_NAT	GSE222315	DF.classifications_0.25_0.005_289	Singlet	pANN_0.25_0.005_289	0.142857142857143
GSE222315_GAATCACCAGCATGCC-1_1_1_1_1	GSE222315_p4_NAT	GSE222315	DF.classifications_0.25_0.005_289	Singlet	pANN_0.25_0.005_289	0.30952380952381
GSE222315_GAATCACCATCTAGAC-1_1_1_1_1	GSE222315_p4_NAT	GSE222315	DF.classifications_0.25_0.005_289	Singlet	pANN_0.25_0.005_289	0.0714285714285714
GSE222315_GAATCACCATGCAGCC-1_1_1_1_1	GSE222315_p4_NAT	GSE222315	DF.classifications_0.25_0.005_289	Singlet	pANN_0.25_0.005_289	0.261904761904762
GSE222315_GAATCACGTAACGATA-1_1_1_1_1	GSE222315_p4_NAT	GSE222315	DF.classifications_0.25_0.005_289	Singlet	pANN_0.25_0.005_289	0.0238095238095238
GSE222315_GAATCACTCTCCGATC-1_1_1_1_1	GSE222315_p4_NAT	GSE222315	DF.classifications_0.25_0.005_289	Singlet	pANN_0.25_0.005_289	0
GSE222315_GAATCGTAGTATTAGG-1_1_1_1_1	GSE222315_p4_NAT	GSE222315	DF.classifications_0.25_0.005_289	Singlet	pANN_0.25_0.005_289	0.166666666666667
GSE222315_GAATCGTCAACACGTT-1_1_1_1_1	GSE222315_p4_NAT	GSE222315	DF.classifications_0.25_0.005_289	Singlet	pANN_0.25_0.005_289	0.0238095238095238
GSE222315_GAATCGTGTACGGGAT-1_1_1_1_1	GSE222315_p4_NAT	GSE222315	DF.classifications_0.25_0.005_289	Singlet	pANN_0.25_0.005_289	0.285714285714286
GSE222315_GAATCGTTCAAGAAAC-1_1_1_1_1	GSE222315_p4_NAT	GSE222315	DF.classifications_0.25_0.005_289	Doublet	pANN_0.25_0.005_289	0.523809523809524
GSE222315_GAATCGTTCCATACTT-1_1_1_1_1	GSE222315_p4_NAT	GSE222315	DF.classifications_0.25_0.005_289	Singlet	pANN_0.25_0.005_289	0.333333333333333
GSE222315_GAATCGTTCCTCTCTT-1_1_1_1_1	GSE222315_p4_NAT	GSE222315	DF.classifications_0.25_0.005_289	Doublet	pANN_0.25_0.005_289	0.428571428571429
GSE222315_GAATCGTTCGCGCTGA-1_1_1_1_1	GSE222315_p4_NAT	GSE222315	DF.classifications_0.25_0.005_289	Doublet	pANN_0.25_0.005_289	0.428571428571429
GSE222315_GACACGCAGCTTCATG-1_1_1_1_1	GSE222315_p4_NAT	GSE222315	DF.classifications_0.25_0.005_289	Singlet	pANN_0.25_0.005_289	0
GSE222315_GACACGCAGGCCTAGA-1_1_1_1_1	GSE222315_p4_NAT	GSE222315	DF.classifications_0.25_0.005_289	Singlet	pANN_0.25_0.005_289	0.214285714285714
GSE222315_GACACGCCATGGTACT-1_1_1_1_1	GSE222315_p4_NAT	GSE222315	DF.classifications_0.25_0.005_289	Singlet	pANN_0.25_0.005_289	0.333333333333333
GSE222315_GACACGCTCAACACGT-1_1_1_1_1	GSE222315_p4_NAT	GSE222315	DF.classifications_0.25_0.005_289	Singlet	pANN_0.25_0.005_289	0.0476190476190476
GSE222315_GACACGCTCGATACTG-1_1_1_1_1	GSE222315_p4_NAT	GSE222315	DF.classifications_0.25_0.005_289	Doublet	pANN_0.25_0.005_289	0.595238095238095
GSE222315_GACACGCTCGCTCCTA-1_1_1_1_1	GSE222315_p4_NAT	GSE222315	DF.classifications_0.25_0.005_289	Singlet	pANN_0.25_0.005_289	0.0714285714285714
GSE222315_GACAGCCAGCCTGAGA-1_1_1_1_1	GSE222315_p4_NAT	GSE222315	DF.classifications_0.25_0.005_289	Singlet	pANN_0.25_0.005_289	0.238095238095238
GSE222315_GACAGCCAGGCTGAAC-1_1_1_1_1	GSE222315_p4_NAT	GSE222315	DF.classifications_0.25_0.005_289	Singlet	pANN_0.25_0.005_289	0.19047619047619
GSE222315_GACAGCCCAAGTACCT-1_1_1_1_1	GSE222315_p4_NAT	GSE222315	DF.classifications_0.25_0.005_289	Singlet	pANN_0.25_0.005_289	0.0952380952380952
GSE222315_GACAGCCCACATATGC-1_1_1_1_1	GSE222315_p4_NAT	GSE222315	DF.classifications_0.25_0.005_289	Singlet	pANN_0.25_0.005_289	0
GSE222315_GACAGCCGTTCGTTCC-1_1_1_1_1	GSE222315_p4_NAT	GSE222315	DF.classifications_0.25_0.005_289	Doublet	pANN_0.25_0.005_289	0.523809523809524
GSE222315_GACAGCCGTTTGGGTT-1_1_1_1_1	GSE222315_p4_NAT	GSE222315	DF.classifications_0.25_0.005_289	Singlet	pANN_0.25_0.005_289	0.0714285714285714
GSE222315_GACAGCCTCACTTTGT-1_1_1_1_1	GSE222315_p4_NAT	GSE222315	DF.classifications_0.25_0.005_289	Doublet	pANN_0.25_0.005_289	0.5
GSE222315_GACAGCCTCATCCTAT-1_1_1_1_1	GSE222315_p4_NAT	GSE222315	DF.classifications_0.25_0.005_289	Singlet	pANN_0.25_0.005_289	0.0714285714285714
GSE222315_GACAGCCTCTTCTCAA-1_1_1_1_1	GSE222315_p4_NAT	GSE222315	DF.classifications_0.25_0.005_289	Singlet	pANN_0.25_0.005_289	0.238095238095238
GSE222315_GACATCAAGACTCTTG-1_1_1_1_1	GSE222315_p4_NAT	GSE222315	DF.classifications_0.25_0.005_289	Singlet	pANN_0.25_0.005_289	0
GSE222315_GACATCAAGTATGGAT-1_1_1_1_1	GSE222315_p4_NAT	GSE222315	DF.classifications_0.25_0.005_289	Doublet	pANN_0.25_0.005_289	0.476190476190476
GSE222315_GACATCAAGTCGAAAT-1_1_1_1_1	GSE222315_p4_NAT	GSE222315	DF.classifications_0.25_0.005_289	Singlet	pANN_0.25_0.005_289	0.142857142857143
GSE222315_GACATCACACTTGACA-1_1_1_1_1	GSE222315_p4_NAT	GSE222315	DF.classifications_0.25_0.005_289	Singlet	pANN_0.25_0.005_289	0.142857142857143
GSE222315_GACATCAGTAACGTTC-1_1_1_1_1	GSE222315_p4_NAT	GSE222315	DF.classifications_0.25_0.005_289	Singlet	pANN_0.25_0.005_289	0.0476190476190476
GSE222315_GACATCAGTACTGAGG-1_1_1_1_1	GSE222315_p4_NAT	GSE222315	DF.classifications_0.25_0.005_289	Singlet	pANN_0.25_0.005_289	0.142857142857143
GSE222315_GACATCAGTCGTAATC-1_1_1_1_1	GSE222315_p4_NAT	GSE222315	DF.classifications_0.25_0.005_289	Singlet	pANN_0.25_0.005_289	0.30952380952381
GSE222315_GACATCAGTGAGATTA-1_1_1_1_1	GSE222315_p4_NAT	GSE222315	DF.classifications_0.25_0.005_289	Singlet	pANN_0.25_0.005_289	0.0952380952380952
GSE222315_GACATCATCGCACGAC-1_1_1_1_1	GSE222315_p4_NAT	GSE222315	DF.classifications_0.25_0.005_289	Singlet	pANN_0.25_0.005_289	0
GSE222315_GACATCATCTGTGCGG-1_1_1_1_1	GSE222315_p4_NAT	GSE222315	DF.classifications_0.25_0.005_289	Doublet	pANN_0.25_0.005_289	0.452380952380952
GSE222315_GACCAATAGGTACATA-1_1_1_1_1	GSE222315_p4_NAT	GSE222315	DF.classifications_0.25_0.005_289	Singlet	pANN_0.25_0.005_289	0.214285714285714
GSE222315_GACCAATGTGAGTAGC-1_1_1_1_1	GSE222315_p4_NAT	GSE222315	DF.classifications_0.25_0.005_289	Singlet	pANN_0.25_0.005_289	0.0714285714285714
GSE222315_GACCAATTCTAGCAAC-1_1_1_1_1	GSE222315_p4_NAT	GSE222315	DF.classifications_0.25_0.005_289	Singlet	pANN_0.25_0.005_289	0.19047619047619
GSE222315_GACCAATTCTTAGGAC-1_1_1_1_1	GSE222315_p4_NAT	GSE222315	DF.classifications_0.25_0.005_289	Singlet	pANN_0.25_0.005_289	0.119047619047619
GSE222315_GACCCAGAGAATTTGG-1_1_1_1_1	GSE222315_p4_NAT	GSE222315	DF.classifications_0.25_0.005_289	Singlet	pANN_0.25_0.005_289	0.0714285714285714
GSE222315_GACCCAGCAGATACCT-1_1_1_1_1	GSE222315_p4_NAT	GSE222315	DF.classifications_0.25_0.005_289	Singlet	pANN_0.25_0.005_289	0.380952380952381
GSE222315_GACCCAGCATAGTCGT-1_1_1_1_1	GSE222315_p4_NAT	GSE222315	DF.classifications_0.25_0.005_289	Singlet	pANN_0.25_0.005_289	0.0476190476190476
GSE222315_GACCCAGCATGTCAGT-1_1_1_1_1	GSE222315_p4_NAT	GSE222315	DF.classifications_0.25_0.005_289	Singlet	pANN_0.25_0.005_289	0.142857142857143
GSE222315_GACCCAGGTATGGAAT-1_1_1_1_1	GSE222315_p4_NAT	GSE222315	DF.classifications_0.25_0.005_289	Singlet	pANN_0.25_0.005_289	0.357142857142857
GSE222315_GACCCAGGTGAGTGAC-1_1_1_1_1	GSE222315_p4_NAT	GSE222315	DF.classifications_0.25_0.005_289	Singlet	pANN_0.25_0.005_289	0
GSE222315_GACCCAGGTTTGACAC-1_1_1_1_1	GSE222315_p4_NAT	GSE222315	DF.classifications_0.25_0.005_289	Singlet	pANN_0.25_0.005_289	0.0952380952380952
GSE222315_GACCCAGTCGCTGATA-1_1_1_1_1	GSE222315_p4_NAT	GSE222315	DF.classifications_0.25_0.005_289	Singlet	pANN_0.25_0.005_289	0.214285714285714
GSE222315_GACCCAGTCTCGTCAC-1_1_1_1_1	GSE222315_p4_NAT	GSE222315	DF.classifications_0.25_0.005_289	Singlet	pANN_0.25_0.005_289	0.357142857142857
GSE222315_GACCCAGTCTTGTTAC-1_1_1_1_1	GSE222315_p4_NAT	GSE222315	DF.classifications_0.25_0.005_289	Singlet	pANN_0.25_0.005_289	0.214285714285714
GSE222315_GACCCTTGTCTAGATC-1_1_1_1_1	GSE222315_p4_NAT	GSE222315	DF.classifications_0.25_0.005_289	Singlet	pANN_0.25_0.005_289	0.357142857142857
GSE222315_GACCCTTTCAGAATAG-1_1_1_1_1	GSE222315_p4_NAT	GSE222315	DF.classifications_0.25_0.005_289	Singlet	pANN_0.25_0.005_289	0.119047619047619
GSE222315_GACCCTTTCCGTTGAA-1_1_1_1_1	GSE222315_p4_NAT	GSE222315	DF.classifications_0.25_0.005_289	Singlet	pANN_0.25_0.005_289	0.0714285714285714
GSE222315_GACCCTTTCGCTATTT-1_1_1_1_1	GSE222315_p4_NAT	GSE222315	DF.classifications_0.25_0.005_289	Singlet	pANN_0.25_0.005_289	0.0476190476190476
GSE222315_GACCCTTTCTTCTGTA-1_1_1_1_1	GSE222315_p4_NAT	GSE222315	DF.classifications_0.25_0.005_289	Singlet	pANN_0.25_0.005_289	0.0238095238095238
GSE222315_GACCGTGAGCATCCCG-1_1_1_1_1	GSE222315_p4_NAT	GSE222315	DF.classifications_0.25_0.005_289	Singlet	pANN_0.25_0.005_289	0.285714285714286
GSE222315_GACCGTGAGGTCACTT-1_1_1_1_1	GSE222315_p4_NAT	GSE222315	DF.classifications_0.25_0.005_289	Singlet	pANN_0.25_0.005_289	0.357142857142857
GSE222315_GACCGTGAGTCACTCA-1_1_1_1_1	GSE222315_p4_NAT	GSE222315	DF.classifications_0.25_0.005_289	Singlet	pANN_0.25_0.005_289	0.380952380952381
GSE222315_GACCGTGAGTTACGTC-1_1_1_1_1	GSE222315_p4_NAT	GSE222315	DF.classifications_0.25_0.005_289	Singlet	pANN_0.25_0.005_289	0.261904761904762
GSE222315_GACCGTGCAACAGATA-1_1_1_1_1	GSE222315_p4_NAT	GSE222315	DF.classifications_0.25_0.005_289	Singlet	pANN_0.25_0.005_289	0.19047619047619
GSE222315_GACCGTGCAAGTTTGC-1_1_1_1_1	GSE222315_p4_NAT	GSE222315	DF.classifications_0.25_0.005_289	Singlet	pANN_0.25_0.005_289	0.238095238095238
GSE222315_GACCGTGGTGTCTAAC-1_1_1_1_1	GSE222315_p4_NAT	GSE222315	DF.classifications_0.25_0.005_289	Singlet	pANN_0.25_0.005_289	0.0238095238095238
GSE222315_GACCGTGGTTCTCGTC-1_1_1_1_1	GSE222315_p4_NAT	GSE222315	DF.classifications_0.25_0.005_289	Singlet	pANN_0.25_0.005_289	0.0714285714285714
GSE222315_GACCGTGTCCATTGCC-1_1_1_1_1	GSE222315_p4_NAT	GSE222315	DF.classifications_0.25_0.005_289	Singlet	pANN_0.25_0.005_289	0.285714285714286
GSE222315_GACCGTGTCCCTCTCC-1_1_1_1_1	GSE222315_p4_NAT	GSE222315	DF.classifications_0.25_0.005_289	Singlet	pANN_0.25_0.005_289	0.0476190476190476
GSE222315_GACCGTGTCCGCAGTG-1_1_1_1_1	GSE222315_p4_NAT	GSE222315	DF.classifications_0.25_0.005_289	Singlet	pANN_0.25_0.005_289	0.0238095238095238
GSE222315_GACCGTGTCGAGGCAA-1_1_1_1_1	GSE222315_p4_NAT	GSE222315	DF.classifications_0.25_0.005_289	Singlet	pANN_0.25_0.005_289	0.0714285714285714
GSE222315_GACCTTCCAACCCTAA-1_1_1_1_1	GSE222315_p4_NAT	GSE222315	DF.classifications_0.25_0.005_289	Singlet	pANN_0.25_0.005_289	0.0238095238095238
GSE222315_GACCTTCCAACCGCTG-1_1_1_1_1	GSE222315_p4_NAT	GSE222315	DF.classifications_0.25_0.005_289	Singlet	pANN_0.25_0.005_289	0.238095238095238
GSE222315_GACCTTCCAAGAGTAT-1_1_1_1_1	GSE222315_p4_NAT	GSE222315	DF.classifications_0.25_0.005_289	Singlet	pANN_0.25_0.005_289	0.380952380952381
GSE222315_GACCTTCGTGCTCGTG-1_1_1_1_1	GSE222315_p4_NAT	GSE222315	DF.classifications_0.25_0.005_289	Singlet	pANN_0.25_0.005_289	0.285714285714286
GSE222315_GACCTTCTCTCTCGAC-1_1_1_1_1	GSE222315_p4_NAT	GSE222315	DF.classifications_0.25_0.005_289	Singlet	pANN_0.25_0.005_289	0.0714285714285714
GSE222315_GACGCTGAGCATGTTC-1_1_1_1_1	GSE222315_p4_NAT	GSE222315	DF.classifications_0.25_0.005_289	Singlet	pANN_0.25_0.005_289	0.238095238095238
GSE222315_GACGCTGAGCTGTTCA-1_1_1_1_1	GSE222315_p4_NAT	GSE222315	DF.classifications_0.25_0.005_289	Singlet	pANN_0.25_0.005_289	0.0952380952380952
GSE222315_GACGCTGGTATCAGCT-1_1_1_1_1	GSE222315_p4_NAT	GSE222315	DF.classifications_0.25_0.005_289	Singlet	pANN_0.25_0.005_289	0.142857142857143
GSE222315_GACGCTGGTTATGTGC-1_1_1_1_1	GSE222315_p4_NAT	GSE222315	DF.classifications_0.25_0.005_289	Singlet	pANN_0.25_0.005_289	0
GSE222315_GACGCTGGTTCGGCCA-1_1_1_1_1	GSE222315_p4_NAT	GSE222315	DF.classifications_0.25_0.005_289	Singlet	pANN_0.25_0.005_289	0.0714285714285714
GSE222315_GACGCTGGTTGCCGCA-1_1_1_1_1	GSE222315_p4_NAT	GSE222315	DF.classifications_0.25_0.005_289	Singlet	pANN_0.25_0.005_289	0.0714285714285714
GSE222315_GACGCTGGTTTCGATG-1_1_1_1_1	GSE222315_p4_NAT	GSE222315	DF.classifications_0.25_0.005_289	Singlet	pANN_0.25_0.005_289	0.0952380952380952
GSE222315_GACGCTGTCGCTAAAC-1_1_1_1_1	GSE222315_p4_NAT	GSE222315	DF.classifications_0.25_0.005_289	Singlet	pANN_0.25_0.005_289	0.142857142857143
GSE222315_GACGTTAAGCGTTCCG-1_1_1_1_1	GSE222315_p4_NAT	GSE222315	DF.classifications_0.25_0.005_289	Singlet	pANN_0.25_0.005_289	0.166666666666667
GSE222315_GACGTTACAGCAGGAT-1_1_1_1_1	GSE222315_p4_NAT	GSE222315	DF.classifications_0.25_0.005_289	Singlet	pANN_0.25_0.005_289	0
GSE222315_GACGTTAGTCCAAATC-1_1_1_1_1	GSE222315_p4_NAT	GSE222315	DF.classifications_0.25_0.005_289	Singlet	pANN_0.25_0.005_289	0.357142857142857
GSE222315_GACTATGAGAGAGTGA-1_1_1_1_1	GSE222315_p4_NAT	GSE222315	DF.classifications_0.25_0.005_289	Singlet	pANN_0.25_0.005_289	0.166666666666667
GSE222315_GACTATGCAAAGGGCT-1_1_1_1_1	GSE222315_p4_NAT	GSE222315	DF.classifications_0.25_0.005_289	Singlet	pANN_0.25_0.005_289	0.214285714285714
GSE222315_GACTATGTCGCGGACT-1_1_1_1_1	GSE222315_p4_NAT	GSE222315	DF.classifications_0.25_0.005_289	Singlet	pANN_0.25_0.005_289	0
GSE222315_GACTATGTCGCGTCGA-1_1_1_1_1	GSE222315_p4_NAT	GSE222315	DF.classifications_0.25_0.005_289	Singlet	pANN_0.25_0.005_289	0
GSE222315_GACTCAAAGAGCAACC-1_1_1_1_1	GSE222315_p4_NAT	GSE222315	DF.classifications_0.25_0.005_289	Singlet	pANN_0.25_0.005_289	0
GSE222315_GACTCAAAGATGTTAG-1_1_1_1_1	GSE222315_p4_NAT	GSE222315	DF.classifications_0.25_0.005_289	Singlet	pANN_0.25_0.005_289	0.238095238095238
GSE222315_GACTCAAAGCACAAAT-1_1_1_1_1	GSE222315_p4_NAT	GSE222315	DF.classifications_0.25_0.005_289	Singlet	pANN_0.25_0.005_289	0.119047619047619
GSE222315_GACTCAAAGGGACACT-1_1_1_1_1	GSE222315_p4_NAT	GSE222315	DF.classifications_0.25_0.005_289	Singlet	pANN_0.25_0.005_289	0.119047619047619
GSE222315_GACTCAACAAGGAGTC-1_1_1_1_1	GSE222315_p4_NAT	GSE222315	DF.classifications_0.25_0.005_289	Singlet	pANN_0.25_0.005_289	0.19047619047619
GSE222315_GACTCAAGTCAGTTTG-1_1_1_1_1	GSE222315_p4_NAT	GSE222315	DF.classifications_0.25_0.005_289	Singlet	pANN_0.25_0.005_289	0.0238095238095238
GSE222315_GACTCAATCCGGTTCT-1_1_1_1_1	GSE222315_p4_NAT	GSE222315	DF.classifications_0.25_0.005_289	Singlet	pANN_0.25_0.005_289	0.0714285714285714
GSE222315_GACTCAATCGAAGTGG-1_1_1_1_1	GSE222315_p4_NAT	GSE222315	DF.classifications_0.25_0.005_289	Singlet	pANN_0.25_0.005_289	0.166666666666667
GSE222315_GACTCAATCGATACTG-1_1_1_1_1	GSE222315_p4_NAT	GSE222315	DF.classifications_0.25_0.005_289	Singlet	pANN_0.25_0.005_289	0.30952380952381
GSE222315_GACTCTCCACACCTGG-1_1_1_1_1	GSE222315_p4_NAT	GSE222315	DF.classifications_0.25_0.005_289	Singlet	pANN_0.25_0.005_289	0.142857142857143
GSE222315_GACTCTCGTGGTTTAC-1_1_1_1_1	GSE222315_p4_NAT	GSE222315	DF.classifications_0.25_0.005_289	Singlet	pANN_0.25_0.005_289	0.0238095238095238
GSE222315_GACTCTCTCCGCGAGT-1_1_1_1_1	GSE222315_p4_NAT	GSE222315	DF.classifications_0.25_0.005_289	Singlet	pANN_0.25_0.005_289	0.214285714285714
GSE222315_GACTGATAGAAATGGG-1_1_1_1_1	GSE222315_p4_NAT	GSE222315	DF.classifications_0.25_0.005_289	Singlet	pANN_0.25_0.005_289	0.357142857142857
GSE222315_GACTGATAGTTCTACG-1_1_1_1_1	GSE222315_p4_NAT	GSE222315	DF.classifications_0.25_0.005_289	Singlet	pANN_0.25_0.005_289	0.166666666666667
GSE222315_GACTGATAGTTGCATC-1_1_1_1_1	GSE222315_p4_NAT	GSE222315	DF.classifications_0.25_0.005_289	Singlet	pANN_0.25_0.005_289	0.404761904761905
GSE222315_GACTGATCAAGTCCCG-1_1_1_1_1	GSE222315_p4_NAT	GSE222315	DF.classifications_0.25_0.005_289	Singlet	pANN_0.25_0.005_289	0.238095238095238
GSE222315_GACTGATCAGGTACGA-1_1_1_1_1	GSE222315_p4_NAT	GSE222315	DF.classifications_0.25_0.005_289	Singlet	pANN_0.25_0.005_289	0.0952380952380952
GSE222315_GACTGATCATGTCTAG-1_1_1_1_1	GSE222315_p4_NAT	GSE222315	DF.classifications_0.25_0.005_289	Singlet	pANN_0.25_0.005_289	0.0952380952380952
GSE222315_GACTGATGTATGTCCA-1_1_1_1_1	GSE222315_p4_NAT	GSE222315	DF.classifications_0.25_0.005_289	Singlet	pANN_0.25_0.005_289	0.238095238095238
GSE222315_GACTGATGTCCGTACG-1_1_1_1_1	GSE222315_p4_NAT	GSE222315	DF.classifications_0.25_0.005_289	Singlet	pANN_0.25_0.005_289	0.0952380952380952
GSE222315_GACTGATGTCGAACAG-1_1_1_1_1	GSE222315_p4_NAT	GSE222315	DF.classifications_0.25_0.005_289	Singlet	pANN_0.25_0.005_289	0.19047619047619
GSE222315_GACTGATGTTTGGGTT-1_1_1_1_1	GSE222315_p4_NAT	GSE222315	DF.classifications_0.25_0.005_289	Singlet	pANN_0.25_0.005_289	0.0476190476190476
GSE222315_GACTGATTCTTTCAGT-1_1_1_1_1	GSE222315_p4_NAT	GSE222315	DF.classifications_0.25_0.005_289	Singlet	pANN_0.25_0.005_289	0.119047619047619
GSE222315_GACTTCCAGAGCAACC-1_1_1_1_1	GSE222315_p4_NAT	GSE222315	DF.classifications_0.25_0.005_289	Singlet	pANN_0.25_0.005_289	0
GSE222315_GACTTCCAGCCGTTGC-1_1_1_1_1	GSE222315_p4_NAT	GSE222315	DF.classifications_0.25_0.005_289	Singlet	pANN_0.25_0.005_289	0.19047619047619
GSE222315_GACTTCCAGGAAAGTG-1_1_1_1_1	GSE222315_p4_NAT	GSE222315	DF.classifications_0.25_0.005_289	Singlet	pANN_0.25_0.005_289	0.333333333333333
GSE222315_GACTTCCAGGTCGAGT-1_1_1_1_1	GSE222315_p4_NAT	GSE222315	DF.classifications_0.25_0.005_289	Singlet	pANN_0.25_0.005_289	0.19047619047619
GSE222315_GACTTCCCATCGAAGG-1_1_1_1_1	GSE222315_p4_NAT	GSE222315	DF.classifications_0.25_0.005_289	Singlet	pANN_0.25_0.005_289	0.238095238095238
GSE222315_GACTTCCCATGGCTAT-1_1_1_1_1	GSE222315_p4_NAT	GSE222315	DF.classifications_0.25_0.005_289	Singlet	pANN_0.25_0.005_289	0.238095238095238
GSE222315_GACTTCCGTACCTTCC-1_1_1_1_1	GSE222315_p4_NAT	GSE222315	DF.classifications_0.25_0.005_289	Singlet	pANN_0.25_0.005_289	0.30952380952381
GSE222315_GACTTCCGTTGTGTAC-1_1_1_1_1	GSE222315_p4_NAT	GSE222315	DF.classifications_0.25_0.005_289	Singlet	pANN_0.25_0.005_289	0.0952380952380952
GSE222315_GACTTCCGTTTCCAAG-1_1_1_1_1	GSE222315_p4_NAT	GSE222315	DF.classifications_0.25_0.005_289	Singlet	pANN_0.25_0.005_289	0.357142857142857
GSE222315_GACTTCCGTTTCGACA-1_1_1_1_1	GSE222315_p4_NAT	GSE222315	DF.classifications_0.25_0.005_289	Singlet	pANN_0.25_0.005_289	0.119047619047619
GSE222315_GACTTCCTCAGTCACA-1_1_1_1_1	GSE222315_p4_NAT	GSE222315	DF.classifications_0.25_0.005_289	Singlet	pANN_0.25_0.005_289	0.19047619047619
GSE222315_GACTTCCTCATTTCCA-1_1_1_1_1	GSE222315_p4_NAT	GSE222315	DF.classifications_0.25_0.005_289	Singlet	pANN_0.25_0.005_289	0.119047619047619
GSE222315_GACTTCCTCCCTCGAT-1_1_1_1_1	GSE222315_p4_NAT	GSE222315	DF.classifications_0.25_0.005_289	Singlet	pANN_0.25_0.005_289	0.380952380952381
GSE222315_GACTTCCTCTTCGGAA-1_1_1_1_1	GSE222315_p4_NAT	GSE222315	DF.classifications_0.25_0.005_289	Singlet	pANN_0.25_0.005_289	0.119047619047619
GSE222315_GAGAAATAGCTGTTCA-1_1_1_1_1	GSE222315_p4_NAT	GSE222315	DF.classifications_0.25_0.005_289	Singlet	pANN_0.25_0.005_289	0.0952380952380952
GSE222315_GAGAAATAGTCATACC-1_1_1_1_1	GSE222315_p4_NAT	GSE222315	DF.classifications_0.25_0.005_289	Singlet	pANN_0.25_0.005_289	0.0476190476190476
GSE222315_GAGAAATAGTTTCTTC-1_1_1_1_1	GSE222315_p4_NAT	GSE222315	DF.classifications_0.25_0.005_289	Singlet	pANN_0.25_0.005_289	0.0714285714285714
GSE222315_GAGAAATCAACAGATA-1_1_1_1_1	GSE222315_p4_NAT	GSE222315	DF.classifications_0.25_0.005_289	Singlet	pANN_0.25_0.005_289	0.0238095238095238
GSE222315_GAGAAATGTTCTCAGA-1_1_1_1_1	GSE222315_p4_NAT	GSE222315	DF.classifications_0.25_0.005_289	Singlet	pANN_0.25_0.005_289	0.285714285714286
GSE222315_GAGAAATTCCGCTAGG-1_1_1_1_1	GSE222315_p4_NAT	GSE222315	DF.classifications_0.25_0.005_289	Singlet	pANN_0.25_0.005_289	0.19047619047619
GSE222315_GAGACCCAGAACCGCA-1_1_1_1_1	GSE222315_p4_NAT	GSE222315	DF.classifications_0.25_0.005_289	Singlet	pANN_0.25_0.005_289	0.0238095238095238
GSE222315_GAGACCCGTTCTTGTT-1_1_1_1_1	GSE222315_p4_NAT	GSE222315	DF.classifications_0.25_0.005_289	Singlet	pANN_0.25_0.005_289	0.0238095238095238
GSE222315_GAGACCCGTTGTCTAG-1_1_1_1_1	GSE222315_p4_NAT	GSE222315	DF.classifications_0.25_0.005_289	Singlet	pANN_0.25_0.005_289	0.119047619047619
GSE222315_GAGACCCTCCCAACTC-1_1_1_1_1	GSE222315_p4_NAT	GSE222315	DF.classifications_0.25_0.005_289	Singlet	pANN_0.25_0.005_289	0.0476190476190476
GSE222315_GAGACCCTCGCTGTCT-1_1_1_1_1	GSE222315_p4_NAT	GSE222315	DF.classifications_0.25_0.005_289	Doublet	pANN_0.25_0.005_289	0.428571428571429
GSE222315_GAGACCCTCTAAGGAA-1_1_1_1_1	GSE222315_p4_NAT	GSE222315	DF.classifications_0.25_0.005_289	Singlet	pANN_0.25_0.005_289	0.0952380952380952
GSE222315_GAGACTTAGAGAGTGA-1_1_1_1_1	GSE222315_p4_NAT	GSE222315	DF.classifications_0.25_0.005_289	Singlet	pANN_0.25_0.005_289	0.0476190476190476
GSE222315_GAGACTTAGATGCCGA-1_1_1_1_1	GSE222315_p4_NAT	GSE222315	DF.classifications_0.25_0.005_289	Singlet	pANN_0.25_0.005_289	0.0238095238095238
GSE222315_GAGACTTCAGCACAAG-1_1_1_1_1	GSE222315_p4_NAT	GSE222315	DF.classifications_0.25_0.005_289	Singlet	pANN_0.25_0.005_289	0.166666666666667
GSE222315_GAGACTTCAGCTAACT-1_1_1_1_1	GSE222315_p4_NAT	GSE222315	DF.classifications_0.25_0.005_289	Singlet	pANN_0.25_0.005_289	0.333333333333333
GSE222315_GAGACTTCATCATTTC-1_1_1_1_1	GSE222315_p4_NAT	GSE222315	DF.classifications_0.25_0.005_289	Singlet	pANN_0.25_0.005_289	0.0238095238095238
GSE222315_GAGACTTGTCTTGTCC-1_1_1_1_1	GSE222315_p4_NAT	GSE222315	DF.classifications_0.25_0.005_289	Doublet	pANN_0.25_0.005_289	0.452380952380952
GSE222315_GAGACTTGTGACCTGC-1_1_1_1_1	GSE222315_p4_NAT	GSE222315	DF.classifications_0.25_0.005_289	Singlet	pANN_0.25_0.005_289	0.238095238095238
GSE222315_GAGACTTGTGCAAGAC-1_1_1_1_1	GSE222315_p4_NAT	GSE222315	DF.classifications_0.25_0.005_289	Singlet	pANN_0.25_0.005_289	0.166666666666667
GSE222315_GAGACTTGTTCATCTT-1_1_1_1_1	GSE222315_p4_NAT	GSE222315	DF.classifications_0.25_0.005_289	Singlet	pANN_0.25_0.005_289	0.285714285714286
GSE222315_GAGACTTTCATCCTAT-1_1_1_1_1	GSE222315_p4_NAT	GSE222315	DF.classifications_0.25_0.005_289	Singlet	pANN_0.25_0.005_289	0.142857142857143
GSE222315_GAGACTTTCGCCGTGA-1_1_1_1_1	GSE222315_p4_NAT	GSE222315	DF.classifications_0.25_0.005_289	Singlet	pANN_0.25_0.005_289	0.0952380952380952
GSE222315_GAGAGGTAGCGCTTCG-1_1_1_1_1	GSE222315_p4_NAT	GSE222315	DF.classifications_0.25_0.005_289	Singlet	pANN_0.25_0.005_289	0.0238095238095238
GSE222315_GAGAGGTAGTTAGTAG-1_1_1_1_1	GSE222315_p4_NAT	GSE222315	DF.classifications_0.25_0.005_289	Singlet	pANN_0.25_0.005_289	0.19047619047619
GSE222315_GAGAGGTCACGTGAGA-1_1_1_1_1	GSE222315_p4_NAT	GSE222315	DF.classifications_0.25_0.005_289	Singlet	pANN_0.25_0.005_289	0.19047619047619
GSE222315_GAGAGGTCAGCAGTGA-1_1_1_1_1	GSE222315_p4_NAT	GSE222315	DF.classifications_0.25_0.005_289	Singlet	pANN_0.25_0.005_289	0.19047619047619
GSE222315_GAGAGGTGTAGTATAG-1_1_1_1_1	GSE222315_p4_NAT	GSE222315	DF.classifications_0.25_0.005_289	Singlet	pANN_0.25_0.005_289	0.0714285714285714
GSE222315_GAGAGGTGTCGAGCTC-1_1_1_1_1	GSE222315_p4_NAT	GSE222315	DF.classifications_0.25_0.005_289	Singlet	pANN_0.25_0.005_289	0.357142857142857
GSE222315_GAGAGGTTCCGCGGAT-1_1_1_1_1	GSE222315_p4_NAT	GSE222315	DF.classifications_0.25_0.005_289	Singlet	pANN_0.25_0.005_289	0.0238095238095238
GSE222315_GAGAGGTTCGTCAACA-1_1_1_1_1	GSE222315_p4_NAT	GSE222315	DF.classifications_0.25_0.005_289	Singlet	pANN_0.25_0.005_289	0.0714285714285714
GSE222315_GAGAGGTTCTACTCAT-1_1_1_1_1	GSE222315_p4_NAT	GSE222315	DF.classifications_0.25_0.005_289	Singlet	pANN_0.25_0.005_289	0.19047619047619
GSE222315_GAGATGGCACTGTGAT-1_1_1_1_1	GSE222315_p4_NAT	GSE222315	DF.classifications_0.25_0.005_289	Singlet	pANN_0.25_0.005_289	0.261904761904762
GSE222315_GAGATGGCAGGACTTT-1_1_1_1_1	GSE222315_p4_NAT	GSE222315	DF.classifications_0.25_0.005_289	Singlet	pANN_0.25_0.005_289	0.19047619047619
GSE222315_GAGATGGCATAAGCGG-1_1_1_1_1	GSE222315_p4_NAT	GSE222315	DF.classifications_0.25_0.005_289	Singlet	pANN_0.25_0.005_289	0.0714285714285714
GSE222315_GAGATGGGTCCATCTC-1_1_1_1_1	GSE222315_p4_NAT	GSE222315	DF.classifications_0.25_0.005_289	Singlet	pANN_0.25_0.005_289	0.333333333333333
GSE222315_GAGCCTGAGTAGGCCA-1_1_1_1_1	GSE222315_p4_NAT	GSE222315	DF.classifications_0.25_0.005_289	Singlet	pANN_0.25_0.005_289	0.119047619047619
GSE222315_GAGCCTGCATCCTGTC-1_1_1_1_1	GSE222315_p4_NAT	GSE222315	DF.classifications_0.25_0.005_289	Doublet	pANN_0.25_0.005_289	0.5
GSE222315_GAGCCTGGTTAGCTAC-1_1_1_1_1	GSE222315_p4_NAT	GSE222315	DF.classifications_0.25_0.005_289	Singlet	pANN_0.25_0.005_289	0.380952380952381
GSE222315_GAGCCTGTCCCGAACG-1_1_1_1_1	GSE222315_p4_NAT	GSE222315	DF.classifications_0.25_0.005_289	Singlet	pANN_0.25_0.005_289	0.119047619047619
GSE222315_GAGCCTGTCGCATGAT-1_1_1_1_1	GSE222315_p4_NAT	GSE222315	DF.classifications_0.25_0.005_289	Singlet	pANN_0.25_0.005_289	0.166666666666667
GSE222315_GAGCCTGTCGGTCTAA-1_1_1_1_1	GSE222315_p4_NAT	GSE222315	DF.classifications_0.25_0.005_289	Singlet	pANN_0.25_0.005_289	0.119047619047619
GSE222315_GAGCTGCAGAGCAGTC-1_1_1_1_1	GSE222315_p4_NAT	GSE222315	DF.classifications_0.25_0.005_289	Singlet	pANN_0.25_0.005_289	0.261904761904762
GSE222315_GAGCTGCAGTCTCCTC-1_1_1_1_1	GSE222315_p4_NAT	GSE222315	DF.classifications_0.25_0.005_289	Singlet	pANN_0.25_0.005_289	0.357142857142857
GSE222315_GAGCTGCCAAGATGTA-1_1_1_1_1	GSE222315_p4_NAT	GSE222315	DF.classifications_0.25_0.005_289	Singlet	pANN_0.25_0.005_289	0.214285714285714
GSE222315_GAGCTGCCACTACCGG-1_1_1_1_1	GSE222315_p4_NAT	GSE222315	DF.classifications_0.25_0.005_289	Singlet	pANN_0.25_0.005_289	0.238095238095238
GSE222315_GAGCTGCCAGAGAGGG-1_1_1_1_1	GSE222315_p4_NAT	GSE222315	DF.classifications_0.25_0.005_289	Singlet	pANN_0.25_0.005_289	0.285714285714286
GSE222315_GAGCTGCCAGCAGTTT-1_1_1_1_1	GSE222315_p4_NAT	GSE222315	DF.classifications_0.25_0.005_289	Singlet	pANN_0.25_0.005_289	0.0714285714285714
GSE222315_GAGCTGCGTCGTCAGC-1_1_1_1_1	GSE222315_p4_NAT	GSE222315	DF.classifications_0.25_0.005_289	Singlet	pANN_0.25_0.005_289	0.19047619047619
GSE222315_GAGCTGCGTCTACATG-1_1_1_1_1	GSE222315_p4_NAT	GSE222315	DF.classifications_0.25_0.005_289	Singlet	pANN_0.25_0.005_289	0.214285714285714
GSE222315_GAGCTGCTCCTCACGT-1_1_1_1_1	GSE222315_p4_NAT	GSE222315	DF.classifications_0.25_0.005_289	Singlet	pANN_0.25_0.005_289	0.333333333333333
GSE222315_GAGCTGCTCGGTATGT-1_1_1_1_1	GSE222315_p4_NAT	GSE222315	DF.classifications_0.25_0.005_289	Singlet	pANN_0.25_0.005_289	0.238095238095238
GSE222315_GAGCTGCTCGTTGTTT-1_1_1_1_1	GSE222315_p4_NAT	GSE222315	DF.classifications_0.25_0.005_289	Singlet	pANN_0.25_0.005_289	0.0238095238095238
GSE222315_GAGCTGCTCTTCCTAA-1_1_1_1_1	GSE222315_p4_NAT	GSE222315	DF.classifications_0.25_0.005_289	Singlet	pANN_0.25_0.005_289	0.119047619047619
GSE222315_GAGGCAAAGGGACAGG-1_1_1_1_1	GSE222315_p4_NAT	GSE222315	DF.classifications_0.25_0.005_289	Singlet	pANN_0.25_0.005_289	0.142857142857143
GSE222315_GAGGCAAAGTCATCGT-1_1_1_1_1	GSE222315_p4_NAT	GSE222315	DF.classifications_0.25_0.005_289	Singlet	pANN_0.25_0.005_289	0.214285714285714
GSE222315_GAGGCAAGTTCATCGA-1_1_1_1_1	GSE222315_p4_NAT	GSE222315	DF.classifications_0.25_0.005_289	Singlet	pANN_0.25_0.005_289	0.19047619047619
GSE222315_GAGGCAAGTTGTCAGT-1_1_1_1_1	GSE222315_p4_NAT	GSE222315	DF.classifications_0.25_0.005_289	Singlet	pANN_0.25_0.005_289	0.0714285714285714
GSE222315_GAGGCAATCCCGAAAT-1_1_1_1_1	GSE222315_p4_NAT	GSE222315	DF.classifications_0.25_0.005_289	Singlet	pANN_0.25_0.005_289	0.404761904761905
GSE222315_GAGGCAATCGAACCAT-1_1_1_1_1	GSE222315_p4_NAT	GSE222315	DF.classifications_0.25_0.005_289	Singlet	pANN_0.25_0.005_289	0.357142857142857
GSE222315_GAGGCAATCGAGTGGA-1_1_1_1_1	GSE222315_p4_NAT	GSE222315	DF.classifications_0.25_0.005_289	Singlet	pANN_0.25_0.005_289	0
GSE222315_GAGGCAATCTGCTGAA-1_1_1_1_1	GSE222315_p4_NAT	GSE222315	DF.classifications_0.25_0.005_289	Singlet	pANN_0.25_0.005_289	0.0238095238095238
GSE222315_GAGGCCTAGTTACTCG-1_1_1_1_1	GSE222315_p4_NAT	GSE222315	DF.classifications_0.25_0.005_289	Singlet	pANN_0.25_0.005_289	0.214285714285714
GSE222315_GAGGCCTGTACATACC-1_1_1_1_1	GSE222315_p4_NAT	GSE222315	DF.classifications_0.25_0.005_289	Singlet	pANN_0.25_0.005_289	0.0714285714285714
GSE222315_GAGGCCTTCTTGCGCT-1_1_1_1_1	GSE222315_p4_NAT	GSE222315	DF.classifications_0.25_0.005_289	Singlet	pANN_0.25_0.005_289	0.142857142857143
GSE222315_GAGGGATAGAATAACC-1_1_1_1_1	GSE222315_p4_NAT	GSE222315	DF.classifications_0.25_0.005_289	Singlet	pANN_0.25_0.005_289	0.19047619047619
GSE222315_GAGGGATAGTATTCCG-1_1_1_1_1	GSE222315_p4_NAT	GSE222315	DF.classifications_0.25_0.005_289	Singlet	pANN_0.25_0.005_289	0
GSE222315_GAGGGATCATCCGGTG-1_1_1_1_1	GSE222315_p4_NAT	GSE222315	DF.classifications_0.25_0.005_289	Singlet	pANN_0.25_0.005_289	0.166666666666667
GSE222315_GAGGGATTCCTTGAAG-1_1_1_1_1	GSE222315_p4_NAT	GSE222315	DF.classifications_0.25_0.005_289	Singlet	pANN_0.25_0.005_289	0.357142857142857
GSE222315_GAGGGATTCTGTAAGC-1_1_1_1_1	GSE222315_p4_NAT	GSE222315	DF.classifications_0.25_0.005_289	Singlet	pANN_0.25_0.005_289	0.285714285714286
GSE222315_GAGGGTACAAAGCTCT-1_1_1_1_1	GSE222315_p4_NAT	GSE222315	DF.classifications_0.25_0.005_289	Singlet	pANN_0.25_0.005_289	0.214285714285714
GSE222315_GAGGGTACAAGTTCCA-1_1_1_1_1	GSE222315_p4_NAT	GSE222315	DF.classifications_0.25_0.005_289	Singlet	pANN_0.25_0.005_289	0.119047619047619
GSE222315_GAGGGTACATGGCACC-1_1_1_1_1	GSE222315_p4_NAT	GSE222315	DF.classifications_0.25_0.005_289	Singlet	pANN_0.25_0.005_289	0.19047619047619
GSE222315_GAGGGTAGTGGTATGG-1_1_1_1_1	GSE222315_p4_NAT	GSE222315	DF.classifications_0.25_0.005_289	Singlet	pANN_0.25_0.005_289	0.261904761904762
GSE222315_GAGGGTAGTTGAATCC-1_1_1_1_1	GSE222315_p4_NAT	GSE222315	DF.classifications_0.25_0.005_289	Singlet	pANN_0.25_0.005_289	0.19047619047619
GSE222315_GAGGGTATCATGCTAG-1_1_1_1_1	GSE222315_p4_NAT	GSE222315	DF.classifications_0.25_0.005_289	Singlet	pANN_0.25_0.005_289	0.404761904761905
GSE222315_GAGGGTATCGAGATAA-1_1_1_1_1	GSE222315_p4_NAT	GSE222315	DF.classifications_0.25_0.005_289	Singlet	pANN_0.25_0.005_289	0.261904761904762
GSE222315_GAGGGTATCGCTGTCT-1_1_1_1_1	GSE222315_p4_NAT	GSE222315	DF.classifications_0.25_0.005_289	Singlet	pANN_0.25_0.005_289	0.0952380952380952
GSE222315_GAGTCATAGGATCACG-1_1_1_1_1	GSE222315_p4_NAT	GSE222315	DF.classifications_0.25_0.005_289	Singlet	pANN_0.25_0.005_289	0.119047619047619
GSE222315_GAGTCATAGGGACACT-1_1_1_1_1	GSE222315_p4_NAT	GSE222315	DF.classifications_0.25_0.005_289	Singlet	pANN_0.25_0.005_289	0.0476190476190476
GSE222315_GAGTCATCAAGCACCC-1_1_1_1_1	GSE222315_p4_NAT	GSE222315	DF.classifications_0.25_0.005_289	Singlet	pANN_0.25_0.005_289	0.238095238095238
GSE222315_GAGTCATCAGTAACAA-1_1_1_1_1	GSE222315_p4_NAT	GSE222315	DF.classifications_0.25_0.005_289	Singlet	pANN_0.25_0.005_289	0.261904761904762
GSE222315_GAGTCATGTGTCCAAT-1_1_1_1_1	GSE222315_p4_NAT	GSE222315	DF.classifications_0.25_0.005_289	Singlet	pANN_0.25_0.005_289	0.357142857142857
GSE222315_GAGTCATTCAGGGTAG-1_1_1_1_1	GSE222315_p4_NAT	GSE222315	DF.classifications_0.25_0.005_289	Singlet	pANN_0.25_0.005_289	0.0238095238095238
GSE222315_GAGTCATTCATCGCAA-1_1_1_1_1	GSE222315_p4_NAT	GSE222315	DF.classifications_0.25_0.005_289	Singlet	pANN_0.25_0.005_289	0
GSE222315_GAGTCTACAGCTGTCG-1_1_1_1_1	GSE222315_p4_NAT	GSE222315	DF.classifications_0.25_0.005_289	Singlet	pANN_0.25_0.005_289	0.142857142857143
GSE222315_GAGTCTAGTATGAAGT-1_1_1_1_1	GSE222315_p4_NAT	GSE222315	DF.classifications_0.25_0.005_289	Singlet	pANN_0.25_0.005_289	0.19047619047619
GSE222315_GAGTGAGAGACCAACG-1_1_1_1_1	GSE222315_p4_NAT	GSE222315	DF.classifications_0.25_0.005_289	Singlet	pANN_0.25_0.005_289	0.30952380952381
GSE222315_GAGTGAGAGGCACAAC-1_1_1_1_1	GSE222315_p4_NAT	GSE222315	DF.classifications_0.25_0.005_289	Singlet	pANN_0.25_0.005_289	0.166666666666667
GSE222315_GAGTGAGCACACGCCA-1_1_1_1_1	GSE222315_p4_NAT	GSE222315	DF.classifications_0.25_0.005_289	Singlet	pANN_0.25_0.005_289	0.0714285714285714
GSE222315_GAGTGAGCAGAGCCCT-1_1_1_1_1	GSE222315_p4_NAT	GSE222315	DF.classifications_0.25_0.005_289	Singlet	pANN_0.25_0.005_289	0.0476190476190476
GSE222315_GAGTGAGGTGGAACAC-1_1_1_1_1	GSE222315_p4_NAT	GSE222315	DF.classifications_0.25_0.005_289	Singlet	pANN_0.25_0.005_289	0.285714285714286
GSE222315_GAGTGAGGTGGAGGTT-1_1_1_1_1	GSE222315_p4_NAT	GSE222315	DF.classifications_0.25_0.005_289	Singlet	pANN_0.25_0.005_289	0.0952380952380952
GSE222315_GAGTGAGTCAATGTCG-1_1_1_1_1	GSE222315_p4_NAT	GSE222315	DF.classifications_0.25_0.005_289	Singlet	pANN_0.25_0.005_289	0.285714285714286
GSE222315_GAGTGAGTCGCTTTAT-1_1_1_1_1	GSE222315_p4_NAT	GSE222315	DF.classifications_0.25_0.005_289	Singlet	pANN_0.25_0.005_289	0.0714285714285714
GSE222315_GAGTGAGTCTCGACCT-1_1_1_1_1	GSE222315_p4_NAT	GSE222315	DF.classifications_0.25_0.005_289	Singlet	pANN_0.25_0.005_289	0.19047619047619
GSE222315_GAGTGTTAGAGCAAGA-1_1_1_1_1	GSE222315_p4_NAT	GSE222315	DF.classifications_0.25_0.005_289	Singlet	pANN_0.25_0.005_289	0.119047619047619
GSE222315_GAGTGTTCAAGTGGTG-1_1_1_1_1	GSE222315_p4_NAT	GSE222315	DF.classifications_0.25_0.005_289	Singlet	pANN_0.25_0.005_289	0.0238095238095238
GSE222315_GAGTGTTCATACTGAC-1_1_1_1_1	GSE222315_p4_NAT	GSE222315	DF.classifications_0.25_0.005_289	Singlet	pANN_0.25_0.005_289	0.0238095238095238
GSE222315_GAGTGTTGTTACCTTT-1_1_1_1_1	GSE222315_p4_NAT	GSE222315	DF.classifications_0.25_0.005_289	Singlet	pANN_0.25_0.005_289	0.19047619047619
GSE222315_GAGTGTTTCAACCTCC-1_1_1_1_1	GSE222315_p4_NAT	GSE222315	DF.classifications_0.25_0.005_289	Singlet	pANN_0.25_0.005_289	0.357142857142857
GSE222315_GAGTGTTTCACTGGTA-1_1_1_1_1	GSE222315_p4_NAT	GSE222315	DF.classifications_0.25_0.005_289	Singlet	pANN_0.25_0.005_289	0.0476190476190476
GSE222315_GAGTGTTTCATCTACT-1_1_1_1_1	GSE222315_p4_NAT	GSE222315	DF.classifications_0.25_0.005_289	Singlet	pANN_0.25_0.005_289	0.19047619047619
GSE222315_GAGTGTTTCCAAATGC-1_1_1_1_1	GSE222315_p4_NAT	GSE222315	DF.classifications_0.25_0.005_289	Singlet	pANN_0.25_0.005_289	0.142857142857143
GSE222315_GAGTTACAGCATGTTC-1_1_1_1_1	GSE222315_p4_NAT	GSE222315	DF.classifications_0.25_0.005_289	Singlet	pANN_0.25_0.005_289	0.0952380952380952
GSE222315_GAGTTACAGCGGTAGT-1_1_1_1_1	GSE222315_p4_NAT	GSE222315	DF.classifications_0.25_0.005_289	Singlet	pANN_0.25_0.005_289	0.0238095238095238
GSE222315_GAGTTACAGGTGCCAA-1_1_1_1_1	GSE222315_p4_NAT	GSE222315	DF.classifications_0.25_0.005_289	Singlet	pANN_0.25_0.005_289	0
GSE222315_GAGTTACAGTGATTCC-1_1_1_1_1	GSE222315_p4_NAT	GSE222315	DF.classifications_0.25_0.005_289	Singlet	pANN_0.25_0.005_289	0.0952380952380952
GSE222315_GAGTTACCACCATATG-1_1_1_1_1	GSE222315_p4_NAT	GSE222315	DF.classifications_0.25_0.005_289	Singlet	pANN_0.25_0.005_289	0.0238095238095238
GSE222315_GAGTTACCACGTTGGC-1_1_1_1_1	GSE222315_p4_NAT	GSE222315	DF.classifications_0.25_0.005_289	Singlet	pANN_0.25_0.005_289	0.142857142857143
GSE222315_GAGTTACCACTACCGG-1_1_1_1_1	GSE222315_p4_NAT	GSE222315	DF.classifications_0.25_0.005_289	Singlet	pANN_0.25_0.005_289	0.142857142857143
GSE222315_GAGTTACGTGAGATAT-1_1_1_1_1	GSE222315_p4_NAT	GSE222315	DF.classifications_0.25_0.005_289	Singlet	pANN_0.25_0.005_289	0.0238095238095238
GSE222315_GAGTTACTCGTAACTG-1_1_1_1_1	GSE222315_p4_NAT	GSE222315	DF.classifications_0.25_0.005_289	Singlet	pANN_0.25_0.005_289	0.119047619047619
GSE222315_GAGTTGTCAAGGTCAG-1_1_1_1_1	GSE222315_p4_NAT	GSE222315	DF.classifications_0.25_0.005_289	Singlet	pANN_0.25_0.005_289	0.261904761904762
GSE222315_GAGTTGTCACCGCTGA-1_1_1_1_1	GSE222315_p4_NAT	GSE222315	DF.classifications_0.25_0.005_289	Singlet	pANN_0.25_0.005_289	0.0952380952380952
GSE222315_GAGTTGTCACTTGTCC-1_1_1_1_1	GSE222315_p4_NAT	GSE222315	DF.classifications_0.25_0.005_289	Singlet	pANN_0.25_0.005_289	0.0714285714285714
GSE222315_GAGTTTGAGGCCTTGC-1_1_1_1_1	GSE222315_p4_NAT	GSE222315	DF.classifications_0.25_0.005_289	Singlet	pANN_0.25_0.005_289	0.19047619047619
GSE222315_GAGTTTGAGGCTTAGG-1_1_1_1_1	GSE222315_p4_NAT	GSE222315	DF.classifications_0.25_0.005_289	Singlet	pANN_0.25_0.005_289	0.0476190476190476
GSE222315_GAGTTTGAGGTAAGGA-1_1_1_1_1	GSE222315_p4_NAT	GSE222315	DF.classifications_0.25_0.005_289	Singlet	pANN_0.25_0.005_289	0.19047619047619
GSE222315_GAGTTTGAGTTACGGG-1_1_1_1_1	GSE222315_p4_NAT	GSE222315	DF.classifications_0.25_0.005_289	Singlet	pANN_0.25_0.005_289	0.142857142857143
GSE222315_GAGTTTGGTAACAGTA-1_1_1_1_1	GSE222315_p4_NAT	GSE222315	DF.classifications_0.25_0.005_289	Singlet	pANN_0.25_0.005_289	0.142857142857143
GSE222315_GAGTTTGGTCGGCACT-1_1_1_1_1	GSE222315_p4_NAT	GSE222315	DF.classifications_0.25_0.005_289	Singlet	pANN_0.25_0.005_289	0.0476190476190476
GSE222315_GAGTTTGGTGGGTCAA-1_1_1_1_1	GSE222315_p4_NAT	GSE222315	DF.classifications_0.25_0.005_289	Singlet	pANN_0.25_0.005_289	0.142857142857143
GSE222315_GAGTTTGTCATAGGCT-1_1_1_1_1	GSE222315_p4_NAT	GSE222315	DF.classifications_0.25_0.005_289	Singlet	pANN_0.25_0.005_289	0.0238095238095238
GSE222315_GATAGAAAGCGTATGG-1_1_1_1_1	GSE222315_p4_NAT	GSE222315	DF.classifications_0.25_0.005_289	Singlet	pANN_0.25_0.005_289	0.19047619047619
GSE222315_GATAGAAAGCTGTTCA-1_1_1_1_1	GSE222315_p4_NAT	GSE222315	DF.classifications_0.25_0.005_289	Doublet	pANN_0.25_0.005_289	0.452380952380952
GSE222315_GATAGAAAGTCTAGCT-1_1_1_1_1	GSE222315_p4_NAT	GSE222315	DF.classifications_0.25_0.005_289	Singlet	pANN_0.25_0.005_289	0.285714285714286
GSE222315_GATAGAAGTGCTGTCG-1_1_1_1_1	GSE222315_p4_NAT	GSE222315	DF.classifications_0.25_0.005_289	Singlet	pANN_0.25_0.005_289	0.214285714285714
GSE222315_GATAGAATCCCTCTCC-1_1_1_1_1	GSE222315_p4_NAT	GSE222315	DF.classifications_0.25_0.005_289	Singlet	pANN_0.25_0.005_289	0.357142857142857
GSE222315_GATAGAATCGATACAC-1_1_1_1_1	GSE222315_p4_NAT	GSE222315	DF.classifications_0.25_0.005_289	Singlet	pANN_0.25_0.005_289	0.166666666666667
GSE222315_GATAGAATCGTGGCGT-1_1_1_1_1	GSE222315_p4_NAT	GSE222315	DF.classifications_0.25_0.005_289	Singlet	pANN_0.25_0.005_289	0.166666666666667
GSE222315_GATAGCTAGCCGCTTG-1_1_1_1_1	GSE222315_p4_NAT	GSE222315	DF.classifications_0.25_0.005_289	Singlet	pANN_0.25_0.005_289	0.0714285714285714
GSE222315_GATAGCTAGCGCCTAC-1_1_1_1_1	GSE222315_p4_NAT	GSE222315	DF.classifications_0.25_0.005_289	Singlet	pANN_0.25_0.005_289	0.380952380952381
GSE222315_GATAGCTAGGTCGTAG-1_1_1_1_1	GSE222315_p4_NAT	GSE222315	DF.classifications_0.25_0.005_289	Singlet	pANN_0.25_0.005_289	0.119047619047619
GSE222315_GATAGCTAGTGGACTG-1_1_1_1_1	GSE222315_p4_NAT	GSE222315	DF.classifications_0.25_0.005_289	Singlet	pANN_0.25_0.005_289	0.261904761904762
GSE222315_GATAGCTCACGTCATA-1_1_1_1_1	GSE222315_p4_NAT	GSE222315	DF.classifications_0.25_0.005_289	Singlet	pANN_0.25_0.005_289	0.19047619047619
GSE222315_GATAGCTCAGAGTGTG-1_1_1_1_1	GSE222315_p4_NAT	GSE222315	DF.classifications_0.25_0.005_289	Singlet	pANN_0.25_0.005_289	0.19047619047619
GSE222315_GATAGCTCAGCCTTCT-1_1_1_1_1	GSE222315_p4_NAT	GSE222315	DF.classifications_0.25_0.005_289	Singlet	pANN_0.25_0.005_289	0.0952380952380952
GSE222315_GATCACACAATCCTTT-1_1_1_1_1	GSE222315_p4_NAT	GSE222315	DF.classifications_0.25_0.005_289	Singlet	pANN_0.25_0.005_289	0.0952380952380952
GSE222315_GATCACACACTGAGTT-1_1_1_1_1	GSE222315_p4_NAT	GSE222315	DF.classifications_0.25_0.005_289	Singlet	pANN_0.25_0.005_289	0.0952380952380952
GSE222315_GATCACAGTCCTTTGC-1_1_1_1_1	GSE222315_p4_NAT	GSE222315	DF.classifications_0.25_0.005_289	Singlet	pANN_0.25_0.005_289	0.285714285714286
GSE222315_GATCACATCACCCTTG-1_1_1_1_1	GSE222315_p4_NAT	GSE222315	DF.classifications_0.25_0.005_289	Singlet	pANN_0.25_0.005_289	0.0714285714285714
GSE222315_GATCACATCCCGTGTT-1_1_1_1_1	GSE222315_p4_NAT	GSE222315	DF.classifications_0.25_0.005_289	Singlet	pANN_0.25_0.005_289	0
GSE222315_GATCACATCGGTAAGG-1_1_1_1_1	GSE222315_p4_NAT	GSE222315	DF.classifications_0.25_0.005_289	Singlet	pANN_0.25_0.005_289	0.166666666666667
GSE222315_GATCAGTAGCGACCCT-1_1_1_1_1	GSE222315_p4_NAT	GSE222315	DF.classifications_0.25_0.005_289	Singlet	pANN_0.25_0.005_289	0.0238095238095238
GSE222315_GATCAGTAGTGGTCAG-1_1_1_1_1	GSE222315_p4_NAT	GSE222315	DF.classifications_0.25_0.005_289	Singlet	pANN_0.25_0.005_289	0.166666666666667
GSE222315_GATCAGTCATAGGAGC-1_1_1_1_1	GSE222315_p4_NAT	GSE222315	DF.classifications_0.25_0.005_289	Singlet	pANN_0.25_0.005_289	0.0952380952380952
GSE222315_GATCAGTGTAGCTCGC-1_1_1_1_1	GSE222315_p4_NAT	GSE222315	DF.classifications_0.25_0.005_289	Singlet	pANN_0.25_0.005_289	0.261904761904762
GSE222315_GATCAGTGTTCTTGCC-1_1_1_1_1	GSE222315_p4_NAT	GSE222315	DF.classifications_0.25_0.005_289	Singlet	pANN_0.25_0.005_289	0.0952380952380952
GSE222315_GATCAGTTCACCGGTG-1_1_1_1_1	GSE222315_p4_NAT	GSE222315	DF.classifications_0.25_0.005_289	Singlet	pANN_0.25_0.005_289	0.285714285714286
GSE222315_GATCAGTTCCGGTAGC-1_1_1_1_1	GSE222315_p4_NAT	GSE222315	DF.classifications_0.25_0.005_289	Singlet	pANN_0.25_0.005_289	0.19047619047619
GSE222315_GATCAGTTCCGTTGGG-1_1_1_1_1	GSE222315_p4_NAT	GSE222315	DF.classifications_0.25_0.005_289	Singlet	pANN_0.25_0.005_289	0.0238095238095238
GSE222315_GATCAGTTCGAATCCA-1_1_1_1_1	GSE222315_p4_NAT	GSE222315	DF.classifications_0.25_0.005_289	Singlet	pANN_0.25_0.005_289	0.238095238095238
GSE222315_GATCAGTTCGCTCATC-1_1_1_1_1	GSE222315_p4_NAT	GSE222315	DF.classifications_0.25_0.005_289	Singlet	pANN_0.25_0.005_289	0.0714285714285714
GSE222315_GATCATGAGCTCGGCT-1_1_1_1_1	GSE222315_p4_NAT	GSE222315	DF.classifications_0.25_0.005_289	Singlet	pANN_0.25_0.005_289	0.119047619047619
GSE222315_GATCATGAGTACCCTA-1_1_1_1_1	GSE222315_p4_NAT	GSE222315	DF.classifications_0.25_0.005_289	Singlet	pANN_0.25_0.005_289	0.261904761904762
GSE222315_GATCATGCACGTGAGA-1_1_1_1_1	GSE222315_p4_NAT	GSE222315	DF.classifications_0.25_0.005_289	Singlet	pANN_0.25_0.005_289	0.0476190476190476
GSE222315_GATCATGCACTGAGTT-1_1_1_1_1	GSE222315_p4_NAT	GSE222315	DF.classifications_0.25_0.005_289	Singlet	pANN_0.25_0.005_289	0.0714285714285714
GSE222315_GATCATGCATGAAGGC-1_1_1_1_1	GSE222315_p4_NAT	GSE222315	DF.classifications_0.25_0.005_289	Singlet	pANN_0.25_0.005_289	0.0476190476190476
GSE222315_GATCATGCATGTACGT-1_1_1_1_1	GSE222315_p4_NAT	GSE222315	DF.classifications_0.25_0.005_289	Singlet	pANN_0.25_0.005_289	0.0476190476190476
GSE222315_GATCATGGTAGTATAG-1_1_1_1_1	GSE222315_p4_NAT	GSE222315	DF.classifications_0.25_0.005_289	Singlet	pANN_0.25_0.005_289	0.142857142857143
GSE222315_GATCATGGTGCCCTTT-1_1_1_1_1	GSE222315_p4_NAT	GSE222315	DF.classifications_0.25_0.005_289	Singlet	pANN_0.25_0.005_289	0.0238095238095238
GSE222315_GATCATGGTTCTTGTT-1_1_1_1_1	GSE222315_p4_NAT	GSE222315	DF.classifications_0.25_0.005_289	Singlet	pANN_0.25_0.005_289	0.19047619047619
GSE222315_GATCATGGTTGAATCC-1_1_1_1_1	GSE222315_p4_NAT	GSE222315	DF.classifications_0.25_0.005_289	Singlet	pANN_0.25_0.005_289	0.19047619047619
GSE222315_GATCATGGTTGCCATA-1_1_1_1_1	GSE222315_p4_NAT	GSE222315	DF.classifications_0.25_0.005_289	Singlet	pANN_0.25_0.005_289	0.0476190476190476
GSE222315_GATCATGTCGCGATCG-1_1_1_1_1	GSE222315_p4_NAT	GSE222315	DF.classifications_0.25_0.005_289	Singlet	pANN_0.25_0.005_289	0.333333333333333
GSE222315_GATCATGTCGGTAGGA-1_1_1_1_1	GSE222315_p4_NAT	GSE222315	DF.classifications_0.25_0.005_289	Doublet	pANN_0.25_0.005_289	0.452380952380952
GSE222315_GATCATGTCGTTGCCT-1_1_1_1_1	GSE222315_p4_NAT	GSE222315	DF.classifications_0.25_0.005_289	Singlet	pANN_0.25_0.005_289	0.0476190476190476
GSE222315_GATCATGTCTCAATCT-1_1_1_1_1	GSE222315_p4_NAT	GSE222315	DF.classifications_0.25_0.005_289	Doublet	pANN_0.25_0.005_289	0.476190476190476
GSE222315_GATCCCTAGACTCAAA-1_1_1_1_1	GSE222315_p4_NAT	GSE222315	DF.classifications_0.25_0.005_289	Singlet	pANN_0.25_0.005_289	0.214285714285714
GSE222315_GATCCCTAGCTCGACC-1_1_1_1_1	GSE222315_p4_NAT	GSE222315	DF.classifications_0.25_0.005_289	Singlet	pANN_0.25_0.005_289	0.0952380952380952
GSE222315_GATCCCTAGGTGGCTA-1_1_1_1_1	GSE222315_p4_NAT	GSE222315	DF.classifications_0.25_0.005_289	Singlet	pANN_0.25_0.005_289	0.0238095238095238
GSE222315_GATCCCTGTTCCGCAG-1_1_1_1_1	GSE222315_p4_NAT	GSE222315	DF.classifications_0.25_0.005_289	Singlet	pANN_0.25_0.005_289	0.0476190476190476
GSE222315_GATCCCTTCAATCGGT-1_1_1_1_1	GSE222315_p4_NAT	GSE222315	DF.classifications_0.25_0.005_289	Singlet	pANN_0.25_0.005_289	0.30952380952381
GSE222315_GATCCCTTCGAGAAAT-1_1_1_1_1	GSE222315_p4_NAT	GSE222315	DF.classifications_0.25_0.005_289	Singlet	pANN_0.25_0.005_289	0.357142857142857
GSE222315_GATCGTAAGAGTGAAG-1_1_1_1_1	GSE222315_p4_NAT	GSE222315	DF.classifications_0.25_0.005_289	Singlet	pANN_0.25_0.005_289	0.0238095238095238
GSE222315_GATCGTAAGTGCCCGT-1_1_1_1_1	GSE222315_p4_NAT	GSE222315	DF.classifications_0.25_0.005_289	Singlet	pANN_0.25_0.005_289	0.333333333333333
GSE222315_GATCGTACAATTGGTC-1_1_1_1_1	GSE222315_p4_NAT	GSE222315	DF.classifications_0.25_0.005_289	Singlet	pANN_0.25_0.005_289	0.30952380952381
GSE222315_GATCGTACAGGACATG-1_1_1_1_1	GSE222315_p4_NAT	GSE222315	DF.classifications_0.25_0.005_289	Singlet	pANN_0.25_0.005_289	0.19047619047619
GSE222315_GATCGTAGTCTACGTA-1_1_1_1_1	GSE222315_p4_NAT	GSE222315	DF.classifications_0.25_0.005_289	Singlet	pANN_0.25_0.005_289	0.0476190476190476
GSE222315_GATCGTAGTGGGTTGA-1_1_1_1_1	GSE222315_p4_NAT	GSE222315	DF.classifications_0.25_0.005_289	Singlet	pANN_0.25_0.005_289	0.119047619047619
GSE222315_GATCGTAGTTCCCACT-1_1_1_1_1	GSE222315_p4_NAT	GSE222315	DF.classifications_0.25_0.005_289	Singlet	pANN_0.25_0.005_289	0.0238095238095238
GSE222315_GATCGTATCAAGCCCG-1_1_1_1_1	GSE222315_p4_NAT	GSE222315	DF.classifications_0.25_0.005_289	Singlet	pANN_0.25_0.005_289	0.261904761904762
GSE222315_GATCGTATCCACGTGG-1_1_1_1_1	GSE222315_p4_NAT	GSE222315	DF.classifications_0.25_0.005_289	Singlet	pANN_0.25_0.005_289	0
GSE222315_GATCGTATCGCCGTGA-1_1_1_1_1	GSE222315_p4_NAT	GSE222315	DF.classifications_0.25_0.005_289	Singlet	pANN_0.25_0.005_289	0.19047619047619
GSE222315_GATGACTAGGTCACAG-1_1_1_1_1	GSE222315_p4_NAT	GSE222315	DF.classifications_0.25_0.005_289	Singlet	pANN_0.25_0.005_289	0.0476190476190476
GSE222315_GATGACTAGTTACGAA-1_1_1_1_1	GSE222315_p4_NAT	GSE222315	DF.classifications_0.25_0.005_289	Singlet	pANN_0.25_0.005_289	0.0952380952380952
GSE222315_GATGACTCATCAGTCA-1_1_1_1_1	GSE222315_p4_NAT	GSE222315	DF.classifications_0.25_0.005_289	Singlet	pANN_0.25_0.005_289	0
GSE222315_GATGACTTCCGCGAGT-1_1_1_1_1	GSE222315_p4_NAT	GSE222315	DF.classifications_0.25_0.005_289	Singlet	pANN_0.25_0.005_289	0.0952380952380952
GSE222315_GATGACTTCGAGAGAC-1_1_1_1_1	GSE222315_p4_NAT	GSE222315	DF.classifications_0.25_0.005_289	Singlet	pANN_0.25_0.005_289	0.0952380952380952
GSE222315_GATGACTTCTTACCGC-1_1_1_1_1	GSE222315_p4_NAT	GSE222315	DF.classifications_0.25_0.005_289	Singlet	pANN_0.25_0.005_289	0.238095238095238
GSE222315_GATGAGGCAAGATGGC-1_1_1_1_1	GSE222315_p4_NAT	GSE222315	DF.classifications_0.25_0.005_289	Singlet	pANN_0.25_0.005_289	0.0476190476190476
GSE222315_GATGAGGCACCCTAAA-1_1_1_1_1	GSE222315_p4_NAT	GSE222315	DF.classifications_0.25_0.005_289	Singlet	pANN_0.25_0.005_289	0
GSE222315_GATGAGGGTGTAGTGG-1_1_1_1_1	GSE222315_p4_NAT	GSE222315	DF.classifications_0.25_0.005_289	Doublet	pANN_0.25_0.005_289	0.452380952380952
GSE222315_GATGAGGTCCAGCTCT-1_1_1_1_1	GSE222315_p4_NAT	GSE222315	DF.classifications_0.25_0.005_289	Doublet	pANN_0.25_0.005_289	0.595238095238095
GSE222315_GATGATCCACGTTGGC-1_1_1_1_1	GSE222315_p4_NAT	GSE222315	DF.classifications_0.25_0.005_289	Singlet	pANN_0.25_0.005_289	0.214285714285714
GSE222315_GATGCTAAGAAAGCGA-1_1_1_1_1	GSE222315_p4_NAT	GSE222315	DF.classifications_0.25_0.005_289	Doublet	pANN_0.25_0.005_289	0.452380952380952
GSE222315_GATGCTAAGGGTAGCT-1_1_1_1_1	GSE222315_p4_NAT	GSE222315	DF.classifications_0.25_0.005_289	Singlet	pANN_0.25_0.005_289	0.30952380952381
GSE222315_GATGCTAAGGTAGGCT-1_1_1_1_1	GSE222315_p4_NAT	GSE222315	DF.classifications_0.25_0.005_289	Singlet	pANN_0.25_0.005_289	0.0476190476190476
GSE222315_GATGCTACAAATGAAC-1_1_1_1_1	GSE222315_p4_NAT	GSE222315	DF.classifications_0.25_0.005_289	Singlet	pANN_0.25_0.005_289	0.0714285714285714
GSE222315_GATGCTACACTGCGAC-1_1_1_1_1	GSE222315_p4_NAT	GSE222315	DF.classifications_0.25_0.005_289	Singlet	pANN_0.25_0.005_289	0.19047619047619
GSE222315_GATGCTAGTAACGATA-1_1_1_1_1	GSE222315_p4_NAT	GSE222315	DF.classifications_0.25_0.005_289	Doublet	pANN_0.25_0.005_289	0.428571428571429
GSE222315_GATGCTATCATTCGTT-1_1_1_1_1	GSE222315_p4_NAT	GSE222315	DF.classifications_0.25_0.005_289	Singlet	pANN_0.25_0.005_289	0
GSE222315_GATGCTATCCGTCACT-1_1_1_1_1	GSE222315_p4_NAT	GSE222315	DF.classifications_0.25_0.005_289	Singlet	pANN_0.25_0.005_289	0.0714285714285714
GSE222315_GATGCTATCTCTCCGA-1_1_1_1_1	GSE222315_p4_NAT	GSE222315	DF.classifications_0.25_0.005_289	Singlet	pANN_0.25_0.005_289	0.19047619047619
GSE222315_GATGGAGAGGCACCAA-1_1_1_1_1	GSE222315_p4_NAT	GSE222315	DF.classifications_0.25_0.005_289	Singlet	pANN_0.25_0.005_289	0
GSE222315_GATGGAGCAACAGAGC-1_1_1_1_1	GSE222315_p4_NAT	GSE222315	DF.classifications_0.25_0.005_289	Singlet	pANN_0.25_0.005_289	0
GSE222315_GATGGAGCAGAGATGC-1_1_1_1_1	GSE222315_p4_NAT	GSE222315	DF.classifications_0.25_0.005_289	Singlet	pANN_0.25_0.005_289	0.404761904761905
GSE222315_GATGGAGGTAATCAAG-1_1_1_1_1	GSE222315_p4_NAT	GSE222315	DF.classifications_0.25_0.005_289	Singlet	pANN_0.25_0.005_289	0.142857142857143
GSE222315_GATGGAGGTAGAGATT-1_1_1_1_1	GSE222315_p4_NAT	GSE222315	DF.classifications_0.25_0.005_289	Singlet	pANN_0.25_0.005_289	0.19047619047619
GSE222315_GATGGAGGTCGGCCTA-1_1_1_1_1	GSE222315_p4_NAT	GSE222315	DF.classifications_0.25_0.005_289	Singlet	pANN_0.25_0.005_289	0.0476190476190476
GSE222315_GATGGAGGTGTGTCCG-1_1_1_1_1	GSE222315_p4_NAT	GSE222315	DF.classifications_0.25_0.005_289	Singlet	pANN_0.25_0.005_289	0.357142857142857
GSE222315_GATGGAGGTTACCGTA-1_1_1_1_1	GSE222315_p4_NAT	GSE222315	DF.classifications_0.25_0.005_289	Singlet	pANN_0.25_0.005_289	0
GSE222315_GATGGAGTCTAACGCA-1_1_1_1_1	GSE222315_p4_NAT	GSE222315	DF.classifications_0.25_0.005_289	Singlet	pANN_0.25_0.005_289	0.166666666666667
GSE222315_GATGGAGTCTTGCGCT-1_1_1_1_1	GSE222315_p4_NAT	GSE222315	DF.classifications_0.25_0.005_289	Singlet	pANN_0.25_0.005_289	0.19047619047619
GSE222315_GATGTTGAGCCGGATA-1_1_1_1_1	GSE222315_p4_NAT	GSE222315	DF.classifications_0.25_0.005_289	Doublet	pANN_0.25_0.005_289	0.476190476190476
GSE222315_GATGTTGAGGTTCACT-1_1_1_1_1	GSE222315_p4_NAT	GSE222315	DF.classifications_0.25_0.005_289	Singlet	pANN_0.25_0.005_289	0
GSE222315_GATGTTGCACGACGTC-1_1_1_1_1	GSE222315_p4_NAT	GSE222315	DF.classifications_0.25_0.005_289	Singlet	pANN_0.25_0.005_289	0.19047619047619
GSE222315_GATGTTGCATCTTAGG-1_1_1_1_1	GSE222315_p4_NAT	GSE222315	DF.classifications_0.25_0.005_289	Singlet	pANN_0.25_0.005_289	0.380952380952381
GSE222315_GATGTTGTCGATTTCT-1_1_1_1_1	GSE222315_p4_NAT	GSE222315	DF.classifications_0.25_0.005_289	Singlet	pANN_0.25_0.005_289	0.0714285714285714
GSE222315_GATTCGAAGTGCAGGT-1_1_1_1_1	GSE222315_p4_NAT	GSE222315	DF.classifications_0.25_0.005_289	Singlet	pANN_0.25_0.005_289	0.0714285714285714
GSE222315_GATTCGAGTCTAACGT-1_1_1_1_1	GSE222315_p4_NAT	GSE222315	DF.classifications_0.25_0.005_289	Singlet	pANN_0.25_0.005_289	0.0952380952380952
GSE222315_GATTCGAGTGTACATC-1_1_1_1_1	GSE222315_p4_NAT	GSE222315	DF.classifications_0.25_0.005_289	Singlet	pANN_0.25_0.005_289	0.166666666666667
GSE222315_GATTCGAGTTGTTGAC-1_1_1_1_1	GSE222315_p4_NAT	GSE222315	DF.classifications_0.25_0.005_289	Singlet	pANN_0.25_0.005_289	0.0238095238095238
GSE222315_GATTCGATCGGAAACG-1_1_1_1_1	GSE222315_p4_NAT	GSE222315	DF.classifications_0.25_0.005_289	Singlet	pANN_0.25_0.005_289	0.166666666666667
GSE222315_GATTCTTAGCCTATCA-1_1_1_1_1	GSE222315_p4_NAT	GSE222315	DF.classifications_0.25_0.005_289	Singlet	pANN_0.25_0.005_289	0
GSE222315_GATTCTTAGGTGCGAT-1_1_1_1_1	GSE222315_p4_NAT	GSE222315	DF.classifications_0.25_0.005_289	Singlet	pANN_0.25_0.005_289	0.380952380952381
GSE222315_GATTCTTCAAGACAAT-1_1_1_1_1	GSE222315_p4_NAT	GSE222315	DF.classifications_0.25_0.005_289	Singlet	pANN_0.25_0.005_289	0.0714285714285714
GSE222315_GATTCTTGTTAGGAGC-1_1_1_1_1	GSE222315_p4_NAT	GSE222315	DF.classifications_0.25_0.005_289	Singlet	pANN_0.25_0.005_289	0.261904761904762
GSE222315_GATTCTTGTTGCAACT-1_1_1_1_1	GSE222315_p4_NAT	GSE222315	DF.classifications_0.25_0.005_289	Doublet	pANN_0.25_0.005_289	0.476190476190476
GSE222315_GATTCTTTCGACACTA-1_1_1_1_1	GSE222315_p4_NAT	GSE222315	DF.classifications_0.25_0.005_289	Singlet	pANN_0.25_0.005_289	0.380952380952381
GSE222315_GATTGGTCAATCTCTT-1_1_1_1_1	GSE222315_p4_NAT	GSE222315	DF.classifications_0.25_0.005_289	Singlet	pANN_0.25_0.005_289	0.0476190476190476
GSE222315_GATTGGTCAGAATTCC-1_1_1_1_1	GSE222315_p4_NAT	GSE222315	DF.classifications_0.25_0.005_289	Singlet	pANN_0.25_0.005_289	0.30952380952381
GSE222315_GATTGGTCAGGTTCAT-1_1_1_1_1	GSE222315_p4_NAT	GSE222315	DF.classifications_0.25_0.005_289	Singlet	pANN_0.25_0.005_289	0.166666666666667
GSE222315_GATTGGTCAGTAGAAT-1_1_1_1_1	GSE222315_p4_NAT	GSE222315	DF.classifications_0.25_0.005_289	Singlet	pANN_0.25_0.005_289	0.0476190476190476
GSE222315_GATTGGTGTTGAAGTA-1_1_1_1_1	GSE222315_p4_NAT	GSE222315	DF.classifications_0.25_0.005_289	Singlet	pANN_0.25_0.005_289	0.19047619047619
GSE222315_GATTGGTTCGCGTAGC-1_1_1_1_1	GSE222315_p4_NAT	GSE222315	DF.classifications_0.25_0.005_289	Singlet	pANN_0.25_0.005_289	0.166666666666667
GSE222315_GATTTCTAGAAGCCAC-1_1_1_1_1	GSE222315_p4_NAT	GSE222315	DF.classifications_0.25_0.005_289	Singlet	pANN_0.25_0.005_289	0.285714285714286
GSE222315_GATTTCTAGGCTTAGG-1_1_1_1_1	GSE222315_p4_NAT	GSE222315	DF.classifications_0.25_0.005_289	Singlet	pANN_0.25_0.005_289	0.0714285714285714
GSE222315_GATTTCTAGGTCATTC-1_1_1_1_1	GSE222315_p4_NAT	GSE222315	DF.classifications_0.25_0.005_289	Singlet	pANN_0.25_0.005_289	0.333333333333333
GSE222315_GATTTCTCACTAGGCC-1_1_1_1_1	GSE222315_p4_NAT	GSE222315	DF.classifications_0.25_0.005_289	Singlet	pANN_0.25_0.005_289	0.0476190476190476
GSE222315_GATTTCTCAGTTAGAA-1_1_1_1_1	GSE222315_p4_NAT	GSE222315	DF.classifications_0.25_0.005_289	Singlet	pANN_0.25_0.005_289	0.0952380952380952
GSE222315_GATTTCTGTCCGGACT-1_1_1_1_1	GSE222315_p4_NAT	GSE222315	DF.classifications_0.25_0.005_289	Singlet	pANN_0.25_0.005_289	0.0952380952380952
GSE222315_GATTTCTGTTCCACGG-1_1_1_1_1	GSE222315_p4_NAT	GSE222315	DF.classifications_0.25_0.005_289	Singlet	pANN_0.25_0.005_289	0.0952380952380952
GSE222315_GATTTCTGTTCCTACC-1_1_1_1_1	GSE222315_p4_NAT	GSE222315	DF.classifications_0.25_0.005_289	Singlet	pANN_0.25_0.005_289	0.0714285714285714
GSE222315_GCAACATAGACTTAAG-1_1_1_1_1	GSE222315_p4_NAT	GSE222315	DF.classifications_0.25_0.005_289	Singlet	pANN_0.25_0.005_289	0.380952380952381
GSE222315_GCAACATCAGCGAACA-1_1_1_1_1	GSE222315_p4_NAT	GSE222315	DF.classifications_0.25_0.005_289	Singlet	pANN_0.25_0.005_289	0.142857142857143
GSE222315_GCAACATCAGGGAATC-1_1_1_1_1	GSE222315_p4_NAT	GSE222315	DF.classifications_0.25_0.005_289	Singlet	pANN_0.25_0.005_289	0.142857142857143
GSE222315_GCAACATCATCGCCTT-1_1_1_1_1	GSE222315_p4_NAT	GSE222315	DF.classifications_0.25_0.005_289	Singlet	pANN_0.25_0.005_289	0.261904761904762
GSE222315_GCAACATTCCACTTTA-1_1_1_1_1	GSE222315_p4_NAT	GSE222315	DF.classifications_0.25_0.005_289	Singlet	pANN_0.25_0.005_289	0.30952380952381
GSE222315_GCAACATTCTTACACT-1_1_1_1_1	GSE222315_p4_NAT	GSE222315	DF.classifications_0.25_0.005_289	Singlet	pANN_0.25_0.005_289	0.285714285714286
GSE222315_GCAACATTCTTGTTAC-1_1_1_1_1	GSE222315_p4_NAT	GSE222315	DF.classifications_0.25_0.005_289	Doublet	pANN_0.25_0.005_289	0.476190476190476
GSE222315_GCAACCGAGGCCACCT-1_1_1_1_1	GSE222315_p4_NAT	GSE222315	DF.classifications_0.25_0.005_289	Singlet	pANN_0.25_0.005_289	0.30952380952381
GSE222315_GCAACCGAGTGTGTTC-1_1_1_1_1	GSE222315_p4_NAT	GSE222315	DF.classifications_0.25_0.005_289	Singlet	pANN_0.25_0.005_289	0.238095238095238
GSE222315_GCAACCGCAAGCCATT-1_1_1_1_1	GSE222315_p4_NAT	GSE222315	DF.classifications_0.25_0.005_289	Singlet	pANN_0.25_0.005_289	0.0476190476190476
GSE222315_GCAACCGCACTACGGC-1_1_1_1_1	GSE222315_p4_NAT	GSE222315	DF.classifications_0.25_0.005_289	Singlet	pANN_0.25_0.005_289	0.238095238095238
GSE222315_GCAACCGGTAATGCGG-1_1_1_1_1	GSE222315_p4_NAT	GSE222315	DF.classifications_0.25_0.005_289	Doublet	pANN_0.25_0.005_289	0.452380952380952
GSE222315_GCAACCGGTCCCGCAA-1_1_1_1_1	GSE222315_p4_NAT	GSE222315	DF.classifications_0.25_0.005_289	Singlet	pANN_0.25_0.005_289	0.285714285714286
GSE222315_GCAACCGTCAGCTTGA-1_1_1_1_1	GSE222315_p4_NAT	GSE222315	DF.classifications_0.25_0.005_289	Singlet	pANN_0.25_0.005_289	0.30952380952381
GSE222315_GCACATAAGATTTGCC-1_1_1_1_1	GSE222315_p4_NAT	GSE222315	DF.classifications_0.25_0.005_289	Singlet	pANN_0.25_0.005_289	0.0238095238095238
GSE222315_GCACATAAGCCTAGGA-1_1_1_1_1	GSE222315_p4_NAT	GSE222315	DF.classifications_0.25_0.005_289	Singlet	pANN_0.25_0.005_289	0.0476190476190476
GSE222315_GCACATACACTACTTT-1_1_1_1_1	GSE222315_p4_NAT	GSE222315	DF.classifications_0.25_0.005_289	Singlet	pANN_0.25_0.005_289	0.0476190476190476
GSE222315_GCACATATCTTGGAAC-1_1_1_1_1	GSE222315_p4_NAT	GSE222315	DF.classifications_0.25_0.005_289	Singlet	pANN_0.25_0.005_289	0.142857142857143
GSE222315_GCACGGTAGAAGAGCA-1_1_1_1_1	GSE222315_p4_NAT	GSE222315	DF.classifications_0.25_0.005_289	Singlet	pANN_0.25_0.005_289	0.380952380952381
GSE222315_GCACGGTAGGGTCACA-1_1_1_1_1	GSE222315_p4_NAT	GSE222315	DF.classifications_0.25_0.005_289	Doublet	pANN_0.25_0.005_289	0.880952380952381
GSE222315_GCACGGTCACAGAGCA-1_1_1_1_1	GSE222315_p4_NAT	GSE222315	DF.classifications_0.25_0.005_289	Singlet	pANN_0.25_0.005_289	0.0952380952380952
GSE222315_GCACGGTCACTCCCTA-1_1_1_1_1	GSE222315_p4_NAT	GSE222315	DF.classifications_0.25_0.005_289	Singlet	pANN_0.25_0.005_289	0.0238095238095238
GSE222315_GCACGGTTCACACGAT-1_1_1_1_1	GSE222315_p4_NAT	GSE222315	DF.classifications_0.25_0.005_289	Singlet	pANN_0.25_0.005_289	0.0238095238095238
GSE222315_GCACGGTTCGGTCGGT-1_1_1_1_1	GSE222315_p4_NAT	GSE222315	DF.classifications_0.25_0.005_289	Singlet	pANN_0.25_0.005_289	0.238095238095238
GSE222315_GCACGTGAGAGTCCGA-1_1_1_1_1	GSE222315_p4_NAT	GSE222315	DF.classifications_0.25_0.005_289	Singlet	pANN_0.25_0.005_289	0.119047619047619
GSE222315_GCACGTGAGCGGATCA-1_1_1_1_1	GSE222315_p4_NAT	GSE222315	DF.classifications_0.25_0.005_289	Singlet	pANN_0.25_0.005_289	0.119047619047619
GSE222315_GCACGTGAGTTGCGAG-1_1_1_1_1	GSE222315_p4_NAT	GSE222315	DF.classifications_0.25_0.005_289	Singlet	pANN_0.25_0.005_289	0.30952380952381
GSE222315_GCACGTGCAATCTAGC-1_1_1_1_1	GSE222315_p4_NAT	GSE222315	DF.classifications_0.25_0.005_289	Singlet	pANN_0.25_0.005_289	0.238095238095238
GSE222315_GCACGTGGTCCCTGAG-1_1_1_1_1	GSE222315_p4_NAT	GSE222315	DF.classifications_0.25_0.005_289	Singlet	pANN_0.25_0.005_289	0.19047619047619
GSE222315_GCACGTGGTCGTAATC-1_1_1_1_1	GSE222315_p4_NAT	GSE222315	DF.classifications_0.25_0.005_289	Singlet	pANN_0.25_0.005_289	0.119047619047619
GSE222315_GCACGTGTCATACGAC-1_1_1_1_1	GSE222315_p4_NAT	GSE222315	DF.classifications_0.25_0.005_289	Singlet	pANN_0.25_0.005_289	0.261904761904762
GSE222315_GCACGTGTCTTGTGCC-1_1_1_1_1	GSE222315_p4_NAT	GSE222315	DF.classifications_0.25_0.005_289	Singlet	pANN_0.25_0.005_289	0.0476190476190476
GSE222315_GCACTAAAGGGCAGAG-1_1_1_1_1	GSE222315_p4_NAT	GSE222315	DF.classifications_0.25_0.005_289	Singlet	pANN_0.25_0.005_289	0
GSE222315_GCACTAAAGTAACGTA-1_1_1_1_1	GSE222315_p4_NAT	GSE222315	DF.classifications_0.25_0.005_289	Singlet	pANN_0.25_0.005_289	0.119047619047619
GSE222315_GCACTAACAGACCAAG-1_1_1_1_1	GSE222315_p4_NAT	GSE222315	DF.classifications_0.25_0.005_289	Singlet	pANN_0.25_0.005_289	0.30952380952381
GSE222315_GCACTAAGTACAATAG-1_1_1_1_1	GSE222315_p4_NAT	GSE222315	DF.classifications_0.25_0.005_289	Singlet	pANN_0.25_0.005_289	0.142857142857143
GSE222315_GCACTAAGTCGCAACC-1_1_1_1_1	GSE222315_p4_NAT	GSE222315	DF.classifications_0.25_0.005_289	Singlet	pANN_0.25_0.005_289	0.0476190476190476
GSE222315_GCACTAAGTGTCTCCT-1_1_1_1_1	GSE222315_p4_NAT	GSE222315	DF.classifications_0.25_0.005_289	Singlet	pANN_0.25_0.005_289	0.285714285714286
GSE222315_GCACTAATCAAGCTGT-1_1_1_1_1	GSE222315_p4_NAT	GSE222315	DF.classifications_0.25_0.005_289	Singlet	pANN_0.25_0.005_289	0.0238095238095238
GSE222315_GCACTAATCGCCAGAC-1_1_1_1_1	GSE222315_p4_NAT	GSE222315	DF.classifications_0.25_0.005_289	Singlet	pANN_0.25_0.005_289	0.0714285714285714
GSE222315_GCAGCCAAGGATACCG-1_1_1_1_1	GSE222315_p4_NAT	GSE222315	DF.classifications_0.25_0.005_289	Singlet	pANN_0.25_0.005_289	0.30952380952381
GSE222315_GCAGCCACACCTCGTT-1_1_1_1_1	GSE222315_p4_NAT	GSE222315	DF.classifications_0.25_0.005_289	Singlet	pANN_0.25_0.005_289	0.238095238095238
GSE222315_GCAGCCACACTACGGC-1_1_1_1_1	GSE222315_p4_NAT	GSE222315	DF.classifications_0.25_0.005_289	Singlet	pANN_0.25_0.005_289	0.214285714285714
GSE222315_GCAGCCACACTGCATA-1_1_1_1_1	GSE222315_p4_NAT	GSE222315	DF.classifications_0.25_0.005_289	Singlet	pANN_0.25_0.005_289	0.357142857142857
GSE222315_GCAGCCACAGAGTTGG-1_1_1_1_1	GSE222315_p4_NAT	GSE222315	DF.classifications_0.25_0.005_289	Singlet	pANN_0.25_0.005_289	0.0952380952380952
GSE222315_GCAGCCACAGCTGGTC-1_1_1_1_1	GSE222315_p4_NAT	GSE222315	DF.classifications_0.25_0.005_289	Singlet	pANN_0.25_0.005_289	0.0238095238095238
GSE222315_GCAGCCACAGGAGGAG-1_1_1_1_1	GSE222315_p4_NAT	GSE222315	DF.classifications_0.25_0.005_289	Singlet	pANN_0.25_0.005_289	0.0238095238095238
GSE222315_GCAGCCAGTCATCACA-1_1_1_1_1	GSE222315_p4_NAT	GSE222315	DF.classifications_0.25_0.005_289	Singlet	pANN_0.25_0.005_289	0.166666666666667
GSE222315_GCAGCCATCTGCACCT-1_1_1_1_1	GSE222315_p4_NAT	GSE222315	DF.classifications_0.25_0.005_289	Singlet	pANN_0.25_0.005_289	0.19047619047619
GSE222315_GCAGCTGAGACATACA-1_1_1_1_1	GSE222315_p4_NAT	GSE222315	DF.classifications_0.25_0.005_289	Doublet	pANN_0.25_0.005_289	0.428571428571429
GSE222315_GCAGCTGAGGAAGTCC-1_1_1_1_1	GSE222315_p4_NAT	GSE222315	DF.classifications_0.25_0.005_289	Singlet	pANN_0.25_0.005_289	0
GSE222315_GCAGCTGCAGACCCGT-1_1_1_1_1	GSE222315_p4_NAT	GSE222315	DF.classifications_0.25_0.005_289	Singlet	pANN_0.25_0.005_289	0.214285714285714
GSE222315_GCAGCTGGTCCTTAAG-1_1_1_1_1	GSE222315_p4_NAT	GSE222315	DF.classifications_0.25_0.005_289	Singlet	pANN_0.25_0.005_289	0.261904761904762
GSE222315_GCAGCTGTCATGAGGG-1_1_1_1_1	GSE222315_p4_NAT	GSE222315	DF.classifications_0.25_0.005_289	Singlet	pANN_0.25_0.005_289	0.357142857142857
GSE222315_GCAGCTGTCATTGAGC-1_1_1_1_1	GSE222315_p4_NAT	GSE222315	DF.classifications_0.25_0.005_289	Singlet	pANN_0.25_0.005_289	0.0238095238095238
GSE222315_GCAGCTGTCGAATGCT-1_1_1_1_1	GSE222315_p4_NAT	GSE222315	DF.classifications_0.25_0.005_289	Singlet	pANN_0.25_0.005_289	0
GSE222315_GCAGCTGTCGGACTGC-1_1_1_1_1	GSE222315_p4_NAT	GSE222315	DF.classifications_0.25_0.005_289	Doublet	pANN_0.25_0.005_289	0.428571428571429
GSE222315_GCAGGCTAGAATAGTC-1_1_1_1_1	GSE222315_p4_NAT	GSE222315	DF.classifications_0.25_0.005_289	Singlet	pANN_0.25_0.005_289	0.333333333333333
GSE222315_GCAGGCTCACCTATCC-1_1_1_1_1	GSE222315_p4_NAT	GSE222315	DF.classifications_0.25_0.005_289	Singlet	pANN_0.25_0.005_289	0.0476190476190476
GSE222315_GCAGGCTCAGTGAGCA-1_1_1_1_1	GSE222315_p4_NAT	GSE222315	DF.classifications_0.25_0.005_289	Doublet	pANN_0.25_0.005_289	0.476190476190476
GSE222315_GCAGGCTGTGTTTCTT-1_1_1_1_1	GSE222315_p4_NAT	GSE222315	DF.classifications_0.25_0.005_289	Singlet	pANN_0.25_0.005_289	0.0952380952380952
GSE222315_GCAGGCTTCGCTATTT-1_1_1_1_1	GSE222315_p4_NAT	GSE222315	DF.classifications_0.25_0.005_289	Singlet	pANN_0.25_0.005_289	0.0476190476190476
GSE222315_GCAGGCTTCTACACTT-1_1_1_1_1	GSE222315_p4_NAT	GSE222315	DF.classifications_0.25_0.005_289	Singlet	pANN_0.25_0.005_289	0.19047619047619
GSE222315_GCAGTTACAAGAGATT-1_1_1_1_1	GSE222315_p4_NAT	GSE222315	DF.classifications_0.25_0.005_289	Singlet	pANN_0.25_0.005_289	0.0476190476190476
GSE222315_GCAGTTACACTTTAGG-1_1_1_1_1	GSE222315_p4_NAT	GSE222315	DF.classifications_0.25_0.005_289	Singlet	pANN_0.25_0.005_289	0.0714285714285714
GSE222315_GCAGTTATCAACGTGT-1_1_1_1_1	GSE222315_p4_NAT	GSE222315	DF.classifications_0.25_0.005_289	Singlet	pANN_0.25_0.005_289	0.333333333333333
GSE222315_GCAGTTATCTCGACCT-1_1_1_1_1	GSE222315_p4_NAT	GSE222315	DF.classifications_0.25_0.005_289	Singlet	pANN_0.25_0.005_289	0.404761904761905
GSE222315_GCATCGGGTTAGGACG-1_1_1_1_1	GSE222315_p4_NAT	GSE222315	DF.classifications_0.25_0.005_289	Singlet	pANN_0.25_0.005_289	0.0476190476190476
GSE222315_GCATCGGGTTTATGCG-1_1_1_1_1	GSE222315_p4_NAT	GSE222315	DF.classifications_0.25_0.005_289	Singlet	pANN_0.25_0.005_289	0.166666666666667
GSE222315_GCATCTCGTGGATACG-1_1_1_1_1	GSE222315_p4_NAT	GSE222315	DF.classifications_0.25_0.005_289	Singlet	pANN_0.25_0.005_289	0.261904761904762
GSE222315_GCATCTCTCATCACAG-1_1_1_1_1	GSE222315_p4_NAT	GSE222315	DF.classifications_0.25_0.005_289	Singlet	pANN_0.25_0.005_289	0.0952380952380952
GSE222315_GCATCTCTCGAGAGCA-1_1_1_1_1	GSE222315_p4_NAT	GSE222315	DF.classifications_0.25_0.005_289	Singlet	pANN_0.25_0.005_289	0.0476190476190476
GSE222315_GCATCTCTCGGACTGC-1_1_1_1_1	GSE222315_p4_NAT	GSE222315	DF.classifications_0.25_0.005_289	Singlet	pANN_0.25_0.005_289	0.214285714285714
GSE222315_GCATCTCTCTAAGCCA-1_1_1_1_1	GSE222315_p4_NAT	GSE222315	DF.classifications_0.25_0.005_289	Singlet	pANN_0.25_0.005_289	0.0714285714285714
GSE222315_GCATGATAGCTGTCCG-1_1_1_1_1	GSE222315_p4_NAT	GSE222315	DF.classifications_0.25_0.005_289	Singlet	pANN_0.25_0.005_289	0.0952380952380952
GSE222315_GCATGATCAACGAGGT-1_1_1_1_1	GSE222315_p4_NAT	GSE222315	DF.classifications_0.25_0.005_289	Singlet	pANN_0.25_0.005_289	0.0952380952380952
GSE222315_GCATGATCAGCATGCC-1_1_1_1_1	GSE222315_p4_NAT	GSE222315	DF.classifications_0.25_0.005_289	Singlet	pANN_0.25_0.005_289	0.19047619047619
GSE222315_GCATGATGTCAGGCAA-1_1_1_1_1	GSE222315_p4_NAT	GSE222315	DF.classifications_0.25_0.005_289	Singlet	pANN_0.25_0.005_289	0.30952380952381
GSE222315_GCATGATGTGCTGATT-1_1_1_1_1	GSE222315_p4_NAT	GSE222315	DF.classifications_0.25_0.005_289	Singlet	pANN_0.25_0.005_289	0.119047619047619
GSE222315_GCATGATGTTCAATCG-1_1_1_1_1	GSE222315_p4_NAT	GSE222315	DF.classifications_0.25_0.005_289	Singlet	pANN_0.25_0.005_289	0.0714285714285714
GSE222315_GCATGATTCCATCTCG-1_1_1_1_1	GSE222315_p4_NAT	GSE222315	DF.classifications_0.25_0.005_289	Singlet	pANN_0.25_0.005_289	0.0952380952380952
GSE222315_GCATGATTCTTCGCTG-1_1_1_1_1	GSE222315_p4_NAT	GSE222315	DF.classifications_0.25_0.005_289	Doublet	pANN_0.25_0.005_289	0.5
GSE222315_GCATTAGAGGCCCACT-1_1_1_1_1	GSE222315_p4_NAT	GSE222315	DF.classifications_0.25_0.005_289	Singlet	pANN_0.25_0.005_289	0.238095238095238
GSE222315_GCATTAGCACGCTTAA-1_1_1_1_1	GSE222315_p4_NAT	GSE222315	DF.classifications_0.25_0.005_289	Singlet	pANN_0.25_0.005_289	0.30952380952381
GSE222315_GCATTAGGTAACATAG-1_1_1_1_1	GSE222315_p4_NAT	GSE222315	DF.classifications_0.25_0.005_289	Singlet	pANN_0.25_0.005_289	0.119047619047619
GSE222315_GCATTAGGTCGGAACA-1_1_1_1_1	GSE222315_p4_NAT	GSE222315	DF.classifications_0.25_0.005_289	Singlet	pANN_0.25_0.005_289	0
GSE222315_GCCAACGAGACCAGCA-1_1_1_1_1	GSE222315_p4_NAT	GSE222315	DF.classifications_0.25_0.005_289	Singlet	pANN_0.25_0.005_289	0.142857142857143
GSE222315_GCCAACGAGACTCCGC-1_1_1_1_1	GSE222315_p4_NAT	GSE222315	DF.classifications_0.25_0.005_289	Singlet	pANN_0.25_0.005_289	0.19047619047619
GSE222315_GCCAACGAGAGACAAG-1_1_1_1_1	GSE222315_p4_NAT	GSE222315	DF.classifications_0.25_0.005_289	Singlet	pANN_0.25_0.005_289	0.285714285714286
GSE222315_GCCAACGAGATGACCG-1_1_1_1_1	GSE222315_p4_NAT	GSE222315	DF.classifications_0.25_0.005_289	Singlet	pANN_0.25_0.005_289	0.142857142857143
GSE222315_GCCAACGAGATGATTG-1_1_1_1_1	GSE222315_p4_NAT	GSE222315	DF.classifications_0.25_0.005_289	Singlet	pANN_0.25_0.005_289	0.404761904761905
GSE222315_GCCAACGCATCCTATT-1_1_1_1_1	GSE222315_p4_NAT	GSE222315	DF.classifications_0.25_0.005_289	Singlet	pANN_0.25_0.005_289	0.0476190476190476
GSE222315_GCCAACGGTCATGGCC-1_1_1_1_1	GSE222315_p4_NAT	GSE222315	DF.classifications_0.25_0.005_289	Singlet	pANN_0.25_0.005_289	0.285714285714286
GSE222315_GCCAGCAAGAAATTCG-1_1_1_1_1	GSE222315_p4_NAT	GSE222315	DF.classifications_0.25_0.005_289	Singlet	pANN_0.25_0.005_289	0.119047619047619
GSE222315_GCCAGCACAACTGTGT-1_1_1_1_1	GSE222315_p4_NAT	GSE222315	DF.classifications_0.25_0.005_289	Singlet	pANN_0.25_0.005_289	0.214285714285714
GSE222315_GCCAGCACACGTAGAG-1_1_1_1_1	GSE222315_p4_NAT	GSE222315	DF.classifications_0.25_0.005_289	Singlet	pANN_0.25_0.005_289	0.0952380952380952
GSE222315_GCCAGCACATCCTCAC-1_1_1_1_1	GSE222315_p4_NAT	GSE222315	DF.classifications_0.25_0.005_289	Singlet	pANN_0.25_0.005_289	0.0714285714285714
GSE222315_GCCAGCACATCGTGGC-1_1_1_1_1	GSE222315_p4_NAT	GSE222315	DF.classifications_0.25_0.005_289	Singlet	pANN_0.25_0.005_289	0.0238095238095238
GSE222315_GCCAGCAGTCTGTAGT-1_1_1_1_1	GSE222315_p4_NAT	GSE222315	DF.classifications_0.25_0.005_289	Singlet	pANN_0.25_0.005_289	0.214285714285714
GSE222315_GCCAGCATCTCTGAGA-1_1_1_1_1	GSE222315_p4_NAT	GSE222315	DF.classifications_0.25_0.005_289	Doublet	pANN_0.25_0.005_289	0.476190476190476
GSE222315_GCCAGGTAGCCATATC-1_1_1_1_1	GSE222315_p4_NAT	GSE222315	DF.classifications_0.25_0.005_289	Singlet	pANN_0.25_0.005_289	0.0714285714285714
GSE222315_GCCAGGTAGCCATCCG-1_1_1_1_1	GSE222315_p4_NAT	GSE222315	DF.classifications_0.25_0.005_289	Singlet	pANN_0.25_0.005_289	0.119047619047619
GSE222315_GCCAGGTAGGAGCAAA-1_1_1_1_1	GSE222315_p4_NAT	GSE222315	DF.classifications_0.25_0.005_289	Singlet	pANN_0.25_0.005_289	0.214285714285714
GSE222315_GCCAGGTCAAGACAAT-1_1_1_1_1	GSE222315_p4_NAT	GSE222315	DF.classifications_0.25_0.005_289	Singlet	pANN_0.25_0.005_289	0.119047619047619
GSE222315_GCCAGGTCAGCTCGGT-1_1_1_1_1	GSE222315_p4_NAT	GSE222315	DF.classifications_0.25_0.005_289	Singlet	pANN_0.25_0.005_289	0.0238095238095238
GSE222315_GCCAGTGAGACCCTTA-1_1_1_1_1	GSE222315_p4_NAT	GSE222315	DF.classifications_0.25_0.005_289	Singlet	pANN_0.25_0.005_289	0.119047619047619
GSE222315_GCCAGTGAGATCCCAT-1_1_1_1_1	GSE222315_p4_NAT	GSE222315	DF.classifications_0.25_0.005_289	Singlet	pANN_0.25_0.005_289	0.0238095238095238
GSE222315_GCCAGTGAGGCACGAT-1_1_1_1_1	GSE222315_p4_NAT	GSE222315	DF.classifications_0.25_0.005_289	Singlet	pANN_0.25_0.005_289	0.0714285714285714
GSE222315_GCCAGTGAGTCGGGAT-1_1_1_1_1	GSE222315_p4_NAT	GSE222315	DF.classifications_0.25_0.005_289	Singlet	pANN_0.25_0.005_289	0.238095238095238
GSE222315_GCCAGTGCACATAGCT-1_1_1_1_1	GSE222315_p4_NAT	GSE222315	DF.classifications_0.25_0.005_289	Singlet	pANN_0.25_0.005_289	0.166666666666667
GSE222315_GCCAGTGTCAAGCGTT-1_1_1_1_1	GSE222315_p4_NAT	GSE222315	DF.classifications_0.25_0.005_289	Singlet	pANN_0.25_0.005_289	0.119047619047619
GSE222315_GCCAGTGTCGCTCATC-1_1_1_1_1	GSE222315_p4_NAT	GSE222315	DF.classifications_0.25_0.005_289	Singlet	pANN_0.25_0.005_289	0.119047619047619
GSE222315_GCCAGTGTCTAGAACC-1_1_1_1_1	GSE222315_p4_NAT	GSE222315	DF.classifications_0.25_0.005_289	Singlet	pANN_0.25_0.005_289	0.30952380952381
GSE222315_GCCATGGAGAGGACTC-1_1_1_1_1	GSE222315_p4_NAT	GSE222315	DF.classifications_0.25_0.005_289	Singlet	pANN_0.25_0.005_289	0.30952380952381
GSE222315_GCCATGGCACATATCG-1_1_1_1_1	GSE222315_p4_NAT	GSE222315	DF.classifications_0.25_0.005_289	Singlet	pANN_0.25_0.005_289	0.142857142857143
GSE222315_GCCATGGCAGTGACCC-1_1_1_1_1	GSE222315_p4_NAT	GSE222315	DF.classifications_0.25_0.005_289	Singlet	pANN_0.25_0.005_289	0.0476190476190476
GSE222315_GCCATGGGTGATACAA-1_1_1_1_1	GSE222315_p4_NAT	GSE222315	DF.classifications_0.25_0.005_289	Singlet	pANN_0.25_0.005_289	0.0238095238095238
GSE222315_GCCATTCAGCTCGCAC-1_1_1_1_1	GSE222315_p4_NAT	GSE222315	DF.classifications_0.25_0.005_289	Singlet	pANN_0.25_0.005_289	0.142857142857143
GSE222315_GCCATTCAGGTCGAGT-1_1_1_1_1	GSE222315_p4_NAT	GSE222315	DF.classifications_0.25_0.005_289	Singlet	pANN_0.25_0.005_289	0.119047619047619
GSE222315_GCCATTCCACAGTGTT-1_1_1_1_1	GSE222315_p4_NAT	GSE222315	DF.classifications_0.25_0.005_289	Singlet	pANN_0.25_0.005_289	0.166666666666667
GSE222315_GCCATTCCACCATAAC-1_1_1_1_1	GSE222315_p4_NAT	GSE222315	DF.classifications_0.25_0.005_289	Singlet	pANN_0.25_0.005_289	0.0476190476190476
GSE222315_GCCATTCCAGAGTGAC-1_1_1_1_1	GSE222315_p4_NAT	GSE222315	DF.classifications_0.25_0.005_289	Singlet	pANN_0.25_0.005_289	0
GSE222315_GCCATTCGTCACTTAG-1_1_1_1_1	GSE222315_p4_NAT	GSE222315	DF.classifications_0.25_0.005_289	Singlet	pANN_0.25_0.005_289	0.19047619047619
GSE222315_GCCATTCTCGCCCAGA-1_1_1_1_1	GSE222315_p4_NAT	GSE222315	DF.classifications_0.25_0.005_289	Doublet	pANN_0.25_0.005_289	0.714285714285714
GSE222315_GCCATTCTCGTACACA-1_1_1_1_1	GSE222315_p4_NAT	GSE222315	DF.classifications_0.25_0.005_289	Singlet	pANN_0.25_0.005_289	0.119047619047619
GSE222315_GCCATTCTCTGAGTCA-1_1_1_1_1	GSE222315_p4_NAT	GSE222315	DF.classifications_0.25_0.005_289	Singlet	pANN_0.25_0.005_289	0.0238095238095238
GSE222315_GCCCAGAAGATGGCAC-1_1_1_1_1	GSE222315_p4_NAT	GSE222315	DF.classifications_0.25_0.005_289	Singlet	pANN_0.25_0.005_289	0.142857142857143
GSE222315_GCCCAGACACTCGATA-1_1_1_1_1	GSE222315_p4_NAT	GSE222315	DF.classifications_0.25_0.005_289	Singlet	pANN_0.25_0.005_289	0.0476190476190476
GSE222315_GCCCAGAGTGAGGAAA-1_1_1_1_1	GSE222315_p4_NAT	GSE222315	DF.classifications_0.25_0.005_289	Singlet	pANN_0.25_0.005_289	0.285714285714286
GSE222315_GCCCAGAGTTCGGACC-1_1_1_1_1	GSE222315_p4_NAT	GSE222315	DF.classifications_0.25_0.005_289	Singlet	pANN_0.25_0.005_289	0.166666666666667
GSE222315_GCCCAGATCAGACCGC-1_1_1_1_1	GSE222315_p4_NAT	GSE222315	DF.classifications_0.25_0.005_289	Singlet	pANN_0.25_0.005_289	0
GSE222315_GCCCAGATCCATCTAT-1_1_1_1_1	GSE222315_p4_NAT	GSE222315	DF.classifications_0.25_0.005_289	Singlet	pANN_0.25_0.005_289	0.238095238095238
GSE222315_GCCCGAAAGAGGATGA-1_1_1_1_1	GSE222315_p4_NAT	GSE222315	DF.classifications_0.25_0.005_289	Singlet	pANN_0.25_0.005_289	0.0714285714285714
GSE222315_GCCCGAAAGCCAGAGT-1_1_1_1_1	GSE222315_p4_NAT	GSE222315	DF.classifications_0.25_0.005_289	Singlet	pANN_0.25_0.005_289	0.166666666666667
GSE222315_GCCCGAAAGCGGTAGT-1_1_1_1_1	GSE222315_p4_NAT	GSE222315	DF.classifications_0.25_0.005_289	Singlet	pANN_0.25_0.005_289	0.30952380952381
GSE222315_GCCCGAAAGGGACAGG-1_1_1_1_1	GSE222315_p4_NAT	GSE222315	DF.classifications_0.25_0.005_289	Singlet	pANN_0.25_0.005_289	0.142857142857143
GSE222315_GCCCGAAAGGGCTTCC-1_1_1_1_1	GSE222315_p4_NAT	GSE222315	DF.classifications_0.25_0.005_289	Singlet	pANN_0.25_0.005_289	0.142857142857143
GSE222315_GCCCGAACACAACGCC-1_1_1_1_1	GSE222315_p4_NAT	GSE222315	DF.classifications_0.25_0.005_289	Singlet	pANN_0.25_0.005_289	0.0238095238095238
GSE222315_GCCCGAACACCCTAGG-1_1_1_1_1	GSE222315_p4_NAT	GSE222315	DF.classifications_0.25_0.005_289	Singlet	pANN_0.25_0.005_289	0.0952380952380952
GSE222315_GCCCGAACACCGTGAC-1_1_1_1_1	GSE222315_p4_NAT	GSE222315	DF.classifications_0.25_0.005_289	Singlet	pANN_0.25_0.005_289	0
GSE222315_GCCCGAACACGCTGTG-1_1_1_1_1	GSE222315_p4_NAT	GSE222315	DF.classifications_0.25_0.005_289	Singlet	pANN_0.25_0.005_289	0.214285714285714
GSE222315_GCCCGAACAGCATCTA-1_1_1_1_1	GSE222315_p4_NAT	GSE222315	DF.classifications_0.25_0.005_289	Singlet	pANN_0.25_0.005_289	0.142857142857143
GSE222315_GCCCGAACAGTATGAA-1_1_1_1_1	GSE222315_p4_NAT	GSE222315	DF.classifications_0.25_0.005_289	Singlet	pANN_0.25_0.005_289	0.214285714285714
GSE222315_GCCCGAACATCGAAGG-1_1_1_1_1	GSE222315_p4_NAT	GSE222315	DF.classifications_0.25_0.005_289	Singlet	pANN_0.25_0.005_289	0.0238095238095238
GSE222315_GCCCGAAGTCTCTCAC-1_1_1_1_1	GSE222315_p4_NAT	GSE222315	DF.classifications_0.25_0.005_289	Singlet	pANN_0.25_0.005_289	0.0476190476190476
GSE222315_GCCCGAAGTTACGCCG-1_1_1_1_1	GSE222315_p4_NAT	GSE222315	DF.classifications_0.25_0.005_289	Singlet	pANN_0.25_0.005_289	0.0952380952380952
GSE222315_GCCCGAATCGCACGGT-1_1_1_1_1	GSE222315_p4_NAT	GSE222315	DF.classifications_0.25_0.005_289	Singlet	pANN_0.25_0.005_289	0.0238095238095238
GSE222315_GCCGATGAGGGATCTG-1_1_1_1_1	GSE222315_p4_NAT	GSE222315	DF.classifications_0.25_0.005_289	Singlet	pANN_0.25_0.005_289	0.333333333333333
GSE222315_GCCGATGAGTCTAACC-1_1_1_1_1	GSE222315_p4_NAT	GSE222315	DF.classifications_0.25_0.005_289	Singlet	pANN_0.25_0.005_289	0.0476190476190476
GSE222315_GCCGATGCAAGGTCAG-1_1_1_1_1	GSE222315_p4_NAT	GSE222315	DF.classifications_0.25_0.005_289	Singlet	pANN_0.25_0.005_289	0.0476190476190476
GSE222315_GCCGATGCACAATCTG-1_1_1_1_1	GSE222315_p4_NAT	GSE222315	DF.classifications_0.25_0.005_289	Singlet	pANN_0.25_0.005_289	0.285714285714286
GSE222315_GCCGATGCACTGCTTC-1_1_1_1_1	GSE222315_p4_NAT	GSE222315	DF.classifications_0.25_0.005_289	Singlet	pANN_0.25_0.005_289	0.0952380952380952
GSE222315_GCCGATGCATCTAACG-1_1_1_1_1	GSE222315_p4_NAT	GSE222315	DF.classifications_0.25_0.005_289	Singlet	pANN_0.25_0.005_289	0
GSE222315_GCCGATGGTCTGCAAT-1_1_1_1_1	GSE222315_p4_NAT	GSE222315	DF.classifications_0.25_0.005_289	Singlet	pANN_0.25_0.005_289	0.285714285714286
GSE222315_GCCGATGTCGATCCAA-1_1_1_1_1	GSE222315_p4_NAT	GSE222315	DF.classifications_0.25_0.005_289	Singlet	pANN_0.25_0.005_289	0.119047619047619
GSE222315_GCCGATGTCGCAGAGA-1_1_1_1_1	GSE222315_p4_NAT	GSE222315	DF.classifications_0.25_0.005_289	Singlet	pANN_0.25_0.005_289	0.166666666666667
GSE222315_GCCGTGACAAGCTCTA-1_1_1_1_1	GSE222315_p4_NAT	GSE222315	DF.classifications_0.25_0.005_289	Singlet	pANN_0.25_0.005_289	0.214285714285714
GSE222315_GCCGTGAGTGATCATC-1_1_1_1_1	GSE222315_p4_NAT	GSE222315	DF.classifications_0.25_0.005_289	Singlet	pANN_0.25_0.005_289	0.238095238095238
GSE222315_GCCTGTTAGAGTCAGC-1_1_1_1_1	GSE222315_p4_NAT	GSE222315	DF.classifications_0.25_0.005_289	Singlet	pANN_0.25_0.005_289	0.30952380952381
GSE222315_GCCTGTTAGCACTAGG-1_1_1_1_1	GSE222315_p4_NAT	GSE222315	DF.classifications_0.25_0.005_289	Singlet	pANN_0.25_0.005_289	0.0952380952380952
GSE222315_GCCTGTTAGCTCCCTT-1_1_1_1_1	GSE222315_p4_NAT	GSE222315	DF.classifications_0.25_0.005_289	Singlet	pANN_0.25_0.005_289	0.166666666666667
GSE222315_GCCTGTTAGGTTGTTC-1_1_1_1_1	GSE222315_p4_NAT	GSE222315	DF.classifications_0.25_0.005_289	Singlet	pANN_0.25_0.005_289	0.166666666666667
GSE222315_GCCTGTTAGTATCTGC-1_1_1_1_1	GSE222315_p4_NAT	GSE222315	DF.classifications_0.25_0.005_289	Singlet	pANN_0.25_0.005_289	0.166666666666667
GSE222315_GCCTGTTCAACACTAC-1_1_1_1_1	GSE222315_p4_NAT	GSE222315	DF.classifications_0.25_0.005_289	Singlet	pANN_0.25_0.005_289	0.0476190476190476
GSE222315_GCCTGTTCAATGACCT-1_1_1_1_1	GSE222315_p4_NAT	GSE222315	DF.classifications_0.25_0.005_289	Singlet	pANN_0.25_0.005_289	0.404761904761905
GSE222315_GCCTGTTCACACACGC-1_1_1_1_1	GSE222315_p4_NAT	GSE222315	DF.classifications_0.25_0.005_289	Singlet	pANN_0.25_0.005_289	0.0952380952380952
GSE222315_GCCTGTTGTACAAAGT-1_1_1_1_1	GSE222315_p4_NAT	GSE222315	DF.classifications_0.25_0.005_289	Singlet	pANN_0.25_0.005_289	0.285714285714286
GSE222315_GCCTGTTGTACGGGAT-1_1_1_1_1	GSE222315_p4_NAT	GSE222315	DF.classifications_0.25_0.005_289	Singlet	pANN_0.25_0.005_289	0.261904761904762
GSE222315_GCCTGTTGTATGAGCG-1_1_1_1_1	GSE222315_p4_NAT	GSE222315	DF.classifications_0.25_0.005_289	Singlet	pANN_0.25_0.005_289	0
GSE222315_GCGAGAAAGGTACTGG-1_1_1_1_1	GSE222315_p4_NAT	GSE222315	DF.classifications_0.25_0.005_289	Singlet	pANN_0.25_0.005_289	0.0714285714285714
GSE222315_GCGAGAAGTGATACTC-1_1_1_1_1	GSE222315_p4_NAT	GSE222315	DF.classifications_0.25_0.005_289	Singlet	pANN_0.25_0.005_289	0.261904761904762
GSE222315_GCGAGAATCAGCTGTA-1_1_1_1_1	GSE222315_p4_NAT	GSE222315	DF.classifications_0.25_0.005_289	Singlet	pANN_0.25_0.005_289	0.333333333333333
GSE222315_GCGAGAATCTCCGCAT-1_1_1_1_1	GSE222315_p4_NAT	GSE222315	DF.classifications_0.25_0.005_289	Singlet	pANN_0.25_0.005_289	0.142857142857143
GSE222315_GCGAGAATCTGCGATA-1_1_1_1_1	GSE222315_p4_NAT	GSE222315	DF.classifications_0.25_0.005_289	Singlet	pANN_0.25_0.005_289	0.0952380952380952
GSE222315_GCGATCGAGGGCCCTT-1_1_1_1_1	GSE222315_p4_NAT	GSE222315	DF.classifications_0.25_0.005_289	Singlet	pANN_0.25_0.005_289	0.119047619047619
GSE222315_GCGATCGCAAGGAGTC-1_1_1_1_1	GSE222315_p4_NAT	GSE222315	DF.classifications_0.25_0.005_289	Doublet	pANN_0.25_0.005_289	0.476190476190476
GSE222315_GCGATCGCAGCACAAG-1_1_1_1_1	GSE222315_p4_NAT	GSE222315	DF.classifications_0.25_0.005_289	Singlet	pANN_0.25_0.005_289	0.0476190476190476
GSE222315_GCGATCGCAGGAATAT-1_1_1_1_1	GSE222315_p4_NAT	GSE222315	DF.classifications_0.25_0.005_289	Singlet	pANN_0.25_0.005_289	0.119047619047619
GSE222315_GCGATCGCATGTGGTT-1_1_1_1_1	GSE222315_p4_NAT	GSE222315	DF.classifications_0.25_0.005_289	Singlet	pANN_0.25_0.005_289	0.19047619047619
GSE222315_GCGATCGTCGACACCG-1_1_1_1_1	GSE222315_p4_NAT	GSE222315	DF.classifications_0.25_0.005_289	Singlet	pANN_0.25_0.005_289	0.0714285714285714
GSE222315_GCGATCGTCTGCGAGC-1_1_1_1_1	GSE222315_p4_NAT	GSE222315	DF.classifications_0.25_0.005_289	Singlet	pANN_0.25_0.005_289	0.333333333333333
GSE222315_GCGGAAAAGATTGCGG-1_1_1_1_1	GSE222315_p4_NAT	GSE222315	DF.classifications_0.25_0.005_289	Singlet	pANN_0.25_0.005_289	0.261904761904762
GSE222315_GCGGAAACAAGTCATC-1_1_1_1_1	GSE222315_p4_NAT	GSE222315	DF.classifications_0.25_0.005_289	Singlet	pANN_0.25_0.005_289	0
GSE222315_GCGGAAAGTATGAGCG-1_1_1_1_1	GSE222315_p4_NAT	GSE222315	DF.classifications_0.25_0.005_289	Singlet	pANN_0.25_0.005_289	0.0714285714285714
GSE222315_GCGGAAAGTCCCTGTT-1_1_1_1_1	GSE222315_p4_NAT	GSE222315	DF.classifications_0.25_0.005_289	Singlet	pANN_0.25_0.005_289	0.404761904761905
GSE222315_GCGGAAAGTCGAACGA-1_1_1_1_1	GSE222315_p4_NAT	GSE222315	DF.classifications_0.25_0.005_289	Singlet	pANN_0.25_0.005_289	0.19047619047619
GSE222315_GCGGAAAGTGCATACT-1_1_1_1_1	GSE222315_p4_NAT	GSE222315	DF.classifications_0.25_0.005_289	Singlet	pANN_0.25_0.005_289	0.0238095238095238
GSE222315_GCGGATCAGCGCTTCG-1_1_1_1_1	GSE222315_p4_NAT	GSE222315	DF.classifications_0.25_0.005_289	Singlet	pANN_0.25_0.005_289	0.285714285714286
GSE222315_GCGGATCAGTACAACA-1_1_1_1_1	GSE222315_p4_NAT	GSE222315	DF.classifications_0.25_0.005_289	Singlet	pANN_0.25_0.005_289	0.261904761904762
GSE222315_GCGGATCGTAGGCAGT-1_1_1_1_1	GSE222315_p4_NAT	GSE222315	DF.classifications_0.25_0.005_289	Singlet	pANN_0.25_0.005_289	0.142857142857143
GSE222315_GCGGATCTCAATCGGT-1_1_1_1_1	GSE222315_p4_NAT	GSE222315	DF.classifications_0.25_0.005_289	Singlet	pANN_0.25_0.005_289	0.0476190476190476
GSE222315_GCGGATCTCCGGACGT-1_1_1_1_1	GSE222315_p4_NAT	GSE222315	DF.classifications_0.25_0.005_289	Singlet	pANN_0.25_0.005_289	0.0952380952380952
GSE222315_GCGTGCACAGTCACGC-1_1_1_1_1	GSE222315_p4_NAT	GSE222315	DF.classifications_0.25_0.005_289	Singlet	pANN_0.25_0.005_289	0.214285714285714
GSE222315_GCGTGCATCCAAAGGG-1_1_1_1_1	GSE222315_p4_NAT	GSE222315	DF.classifications_0.25_0.005_289	Singlet	pANN_0.25_0.005_289	0.261904761904762
GSE222315_GCGTGCATCTAAACGC-1_1_1_1_1	GSE222315_p4_NAT	GSE222315	DF.classifications_0.25_0.005_289	Singlet	pANN_0.25_0.005_289	0.214285714285714
GSE222315_GCGTGCATCTGCATGA-1_1_1_1_1	GSE222315_p4_NAT	GSE222315	DF.classifications_0.25_0.005_289	Singlet	pANN_0.25_0.005_289	0.261904761904762
GSE222315_GCGTTTCCATTGACCA-1_1_1_1_1	GSE222315_p4_NAT	GSE222315	DF.classifications_0.25_0.005_289	Singlet	pANN_0.25_0.005_289	0.119047619047619
GSE222315_GCGTTTCGTCCTGTCT-1_1_1_1_1	GSE222315_p4_NAT	GSE222315	DF.classifications_0.25_0.005_289	Singlet	pANN_0.25_0.005_289	0.19047619047619
GSE222315_GCGTTTCGTGCAAGAC-1_1_1_1_1	GSE222315_p4_NAT	GSE222315	DF.classifications_0.25_0.005_289	Singlet	pANN_0.25_0.005_289	0.142857142857143
GSE222315_GCGTTTCGTGGGTTGA-1_1_1_1_1	GSE222315_p4_NAT	GSE222315	DF.classifications_0.25_0.005_289	Singlet	pANN_0.25_0.005_289	0.0714285714285714
GSE222315_GCGTTTCTCGTTAGTG-1_1_1_1_1	GSE222315_p4_NAT	GSE222315	DF.classifications_0.25_0.005_289	Singlet	pANN_0.25_0.005_289	0.142857142857143
GSE222315_GCGTTTCTCTTCTAAC-1_1_1_1_1	GSE222315_p4_NAT	GSE222315	DF.classifications_0.25_0.005_289	Singlet	pANN_0.25_0.005_289	0.0238095238095238
GSE222315_GCTACAAAGGGCATGT-1_1_1_1_1	GSE222315_p4_NAT	GSE222315	DF.classifications_0.25_0.005_289	Singlet	pANN_0.25_0.005_289	0.0238095238095238
GSE222315_GCTACAAAGGTCCCGT-1_1_1_1_1	GSE222315_p4_NAT	GSE222315	DF.classifications_0.25_0.005_289	Singlet	pANN_0.25_0.005_289	0.166666666666667
GSE222315_GCTACAAAGTGTTCCA-1_1_1_1_1	GSE222315_p4_NAT	GSE222315	DF.classifications_0.25_0.005_289	Doublet	pANN_0.25_0.005_289	0.595238095238095
GSE222315_GCTACAAAGTTGCGAG-1_1_1_1_1	GSE222315_p4_NAT	GSE222315	DF.classifications_0.25_0.005_289	Singlet	pANN_0.25_0.005_289	0.19047619047619
GSE222315_GCTACAACACAAAGCG-1_1_1_1_1	GSE222315_p4_NAT	GSE222315	DF.classifications_0.25_0.005_289	Singlet	pANN_0.25_0.005_289	0.119047619047619
GSE222315_GCTACAACAGGGAATC-1_1_1_1_1	GSE222315_p4_NAT	GSE222315	DF.classifications_0.25_0.005_289	Singlet	pANN_0.25_0.005_289	0
GSE222315_GCTACAAGTCAACGCC-1_1_1_1_1	GSE222315_p4_NAT	GSE222315	DF.classifications_0.25_0.005_289	Singlet	pANN_0.25_0.005_289	0.357142857142857
GSE222315_GCTACCTAGTAGGGTC-1_1_1_1_1	GSE222315_p4_NAT	GSE222315	DF.classifications_0.25_0.005_289	Singlet	pANN_0.25_0.005_289	0.166666666666667
GSE222315_GCTACCTCAAGACAAT-1_1_1_1_1	GSE222315_p4_NAT	GSE222315	DF.classifications_0.25_0.005_289	Singlet	pANN_0.25_0.005_289	0.214285714285714
GSE222315_GCTACCTCATCCAACA-1_1_1_1_1	GSE222315_p4_NAT	GSE222315	DF.classifications_0.25_0.005_289	Singlet	pANN_0.25_0.005_289	0.214285714285714
GSE222315_GCTACCTGTCCGGATC-1_1_1_1_1	GSE222315_p4_NAT	GSE222315	DF.classifications_0.25_0.005_289	Singlet	pANN_0.25_0.005_289	0.0952380952380952
GSE222315_GCTACCTTCTGGCCAG-1_1_1_1_1	GSE222315_p4_NAT	GSE222315	DF.classifications_0.25_0.005_289	Singlet	pANN_0.25_0.005_289	0.166666666666667
GSE222315_GCTACCTTCTTCGACC-1_1_1_1_1	GSE222315_p4_NAT	GSE222315	DF.classifications_0.25_0.005_289	Singlet	pANN_0.25_0.005_289	0.119047619047619
GSE222315_GCTCAAAAGACGGTTG-1_1_1_1_1	GSE222315_p4_NAT	GSE222315	DF.classifications_0.25_0.005_289	Doublet	pANN_0.25_0.005_289	0.476190476190476
GSE222315_GCTCAAACAAGTGACG-1_1_1_1_1	GSE222315_p4_NAT	GSE222315	DF.classifications_0.25_0.005_289	Singlet	pANN_0.25_0.005_289	0.166666666666667
GSE222315_GCTCAAACAGGGCTTC-1_1_1_1_1	GSE222315_p4_NAT	GSE222315	DF.classifications_0.25_0.005_289	Singlet	pANN_0.25_0.005_289	0
GSE222315_GCTCAAATCAGGACAG-1_1_1_1_1	GSE222315_p4_NAT	GSE222315	DF.classifications_0.25_0.005_289	Singlet	pANN_0.25_0.005_289	0.19047619047619
GSE222315_GCTCAAATCAGGGTAG-1_1_1_1_1	GSE222315_p4_NAT	GSE222315	DF.classifications_0.25_0.005_289	Singlet	pANN_0.25_0.005_289	0.0476190476190476
GSE222315_GCTGAATGTAGTCTTG-1_1_1_1_1	GSE222315_p4_NAT	GSE222315	DF.classifications_0.25_0.005_289	Singlet	pANN_0.25_0.005_289	0.166666666666667
GSE222315_GCTGAATTCCTCTAGC-1_1_1_1_1	GSE222315_p4_NAT	GSE222315	DF.classifications_0.25_0.005_289	Singlet	pANN_0.25_0.005_289	0
GSE222315_GCTGAATTCGAAGGAC-1_1_1_1_1	GSE222315_p4_NAT	GSE222315	DF.classifications_0.25_0.005_289	Singlet	pANN_0.25_0.005_289	0.238095238095238
GSE222315_GCTGAATTCGTGCAGC-1_1_1_1_1	GSE222315_p4_NAT	GSE222315	DF.classifications_0.25_0.005_289	Singlet	pANN_0.25_0.005_289	0.285714285714286
GSE222315_GCTGAATTCTGTGCAA-1_1_1_1_1	GSE222315_p4_NAT	GSE222315	DF.classifications_0.25_0.005_289	Singlet	pANN_0.25_0.005_289	0.214285714285714
GSE222315_GCTGCAGAGAAGGCTC-1_1_1_1_1	GSE222315_p4_NAT	GSE222315	DF.classifications_0.25_0.005_289	Singlet	pANN_0.25_0.005_289	0.238095238095238
GSE222315_GCTGCAGAGGATATGT-1_1_1_1_1	GSE222315_p4_NAT	GSE222315	DF.classifications_0.25_0.005_289	Singlet	pANN_0.25_0.005_289	0.261904761904762
GSE222315_GCTGCAGTCACCTACC-1_1_1_1_1	GSE222315_p4_NAT	GSE222315	DF.classifications_0.25_0.005_289	Singlet	pANN_0.25_0.005_289	0.0714285714285714
GSE222315_GCTGCAGTCTGCGGCA-1_1_1_1_1	GSE222315_p4_NAT	GSE222315	DF.classifications_0.25_0.005_289	Singlet	pANN_0.25_0.005_289	0.0952380952380952
GSE222315_GCTGGGTAGGGTTAGC-1_1_1_1_1	GSE222315_p4_NAT	GSE222315	DF.classifications_0.25_0.005_289	Singlet	pANN_0.25_0.005_289	0.333333333333333
GSE222315_GCTGGGTCAACCCGCA-1_1_1_1_1	GSE222315_p4_NAT	GSE222315	DF.classifications_0.25_0.005_289	Singlet	pANN_0.25_0.005_289	0.0476190476190476
GSE222315_GCTGGGTCAATTGCTG-1_1_1_1_1	GSE222315_p4_NAT	GSE222315	DF.classifications_0.25_0.005_289	Singlet	pANN_0.25_0.005_289	0.285714285714286
GSE222315_GCTGGGTGTACCTTCC-1_1_1_1_1	GSE222315_p4_NAT	GSE222315	DF.classifications_0.25_0.005_289	Singlet	pANN_0.25_0.005_289	0.238095238095238
GSE222315_GCTGGGTGTCCGGTGT-1_1_1_1_1	GSE222315_p4_NAT	GSE222315	DF.classifications_0.25_0.005_289	Singlet	pANN_0.25_0.005_289	0.261904761904762
GSE222315_GCTGGGTGTCCTACAA-1_1_1_1_1	GSE222315_p4_NAT	GSE222315	DF.classifications_0.25_0.005_289	Singlet	pANN_0.25_0.005_289	0.0476190476190476
GSE222315_GCTGGGTGTTAATGAG-1_1_1_1_1	GSE222315_p4_NAT	GSE222315	DF.classifications_0.25_0.005_289	Singlet	pANN_0.25_0.005_289	0.0952380952380952
GSE222315_GCTTCACAGCGGACAT-1_1_1_1_1	GSE222315_p4_NAT	GSE222315	DF.classifications_0.25_0.005_289	Singlet	pANN_0.25_0.005_289	0.0238095238095238
GSE222315_GCTTCACCAAGGAGTC-1_1_1_1_1	GSE222315_p4_NAT	GSE222315	DF.classifications_0.25_0.005_289	Singlet	pANN_0.25_0.005_289	0.238095238095238
GSE222315_GCTTCACCACACCTGG-1_1_1_1_1	GSE222315_p4_NAT	GSE222315	DF.classifications_0.25_0.005_289	Singlet	pANN_0.25_0.005_289	0.0714285714285714
GSE222315_GCTTCACCACATATCG-1_1_1_1_1	GSE222315_p4_NAT	GSE222315	DF.classifications_0.25_0.005_289	Singlet	pANN_0.25_0.005_289	0.214285714285714
GSE222315_GCTTCACCACCATAAC-1_1_1_1_1	GSE222315_p4_NAT	GSE222315	DF.classifications_0.25_0.005_289	Singlet	pANN_0.25_0.005_289	0.0238095238095238
GSE222315_GCTTCACCACGCAAAG-1_1_1_1_1	GSE222315_p4_NAT	GSE222315	DF.classifications_0.25_0.005_289	Singlet	pANN_0.25_0.005_289	0.119047619047619
GSE222315_GCTTCACCAGCGTGAA-1_1_1_1_1	GSE222315_p4_NAT	GSE222315	DF.classifications_0.25_0.005_289	Singlet	pANN_0.25_0.005_289	0.285714285714286
GSE222315_GCTTCACCAGGAAGTC-1_1_1_1_1	GSE222315_p4_NAT	GSE222315	DF.classifications_0.25_0.005_289	Singlet	pANN_0.25_0.005_289	0
GSE222315_GCTTCACCATACTTTC-1_1_1_1_1	GSE222315_p4_NAT	GSE222315	DF.classifications_0.25_0.005_289	Singlet	pANN_0.25_0.005_289	0.261904761904762
GSE222315_GCTTCACGTATTCCTT-1_1_1_1_1	GSE222315_p4_NAT	GSE222315	DF.classifications_0.25_0.005_289	Singlet	pANN_0.25_0.005_289	0.142857142857143
GSE222315_GCTTCACGTGCAGATG-1_1_1_1_1	GSE222315_p4_NAT	GSE222315	DF.classifications_0.25_0.005_289	Singlet	pANN_0.25_0.005_289	0.238095238095238
GSE222315_GCTTCACGTTCGGCGT-1_1_1_1_1	GSE222315_p4_NAT	GSE222315	DF.classifications_0.25_0.005_289	Singlet	pANN_0.25_0.005_289	0.119047619047619
GSE222315_GCTTCACTCCCATGGG-1_1_1_1_1	GSE222315_p4_NAT	GSE222315	DF.classifications_0.25_0.005_289	Singlet	pANN_0.25_0.005_289	0.119047619047619
GSE222315_GCTTCACTCCGCAGTG-1_1_1_1_1	GSE222315_p4_NAT	GSE222315	DF.classifications_0.25_0.005_289	Singlet	pANN_0.25_0.005_289	0.238095238095238
GSE222315_GCTTCACTCTTGCGCT-1_1_1_1_1	GSE222315_p4_NAT	GSE222315	DF.classifications_0.25_0.005_289	Singlet	pANN_0.25_0.005_289	0.238095238095238
GSE222315_GCTTGGGAGCCTGACC-1_1_1_1_1	GSE222315_p4_NAT	GSE222315	DF.classifications_0.25_0.005_289	Singlet	pANN_0.25_0.005_289	0.0952380952380952
GSE222315_GCTTGGGCAAATAAGC-1_1_1_1_1	GSE222315_p4_NAT	GSE222315	DF.classifications_0.25_0.005_289	Singlet	pANN_0.25_0.005_289	0.0238095238095238
GSE222315_GCTTGGGCAGTCCGTG-1_1_1_1_1	GSE222315_p4_NAT	GSE222315	DF.classifications_0.25_0.005_289	Singlet	pANN_0.25_0.005_289	0.357142857142857
GSE222315_GCTTGGGGTATGGAGC-1_1_1_1_1	GSE222315_p4_NAT	GSE222315	DF.classifications_0.25_0.005_289	Singlet	pANN_0.25_0.005_289	0
GSE222315_GCTTGGGGTGACAGGT-1_1_1_1_1	GSE222315_p4_NAT	GSE222315	DF.classifications_0.25_0.005_289	Singlet	pANN_0.25_0.005_289	0.0238095238095238
GSE222315_GCTTGGGGTTCTAACG-1_1_1_1_1	GSE222315_p4_NAT	GSE222315	DF.classifications_0.25_0.005_289	Singlet	pANN_0.25_0.005_289	0.261904761904762
GSE222315_GCTTGGGGTTTACCTT-1_1_1_1_1	GSE222315_p4_NAT	GSE222315	DF.classifications_0.25_0.005_289	Doublet	pANN_0.25_0.005_289	0.476190476190476
GSE222315_GCTTTCGAGCGGCTCT-1_1_1_1_1	GSE222315_p4_NAT	GSE222315	DF.classifications_0.25_0.005_289	Singlet	pANN_0.25_0.005_289	0.119047619047619
GSE222315_GCTTTCGAGTCGAGGT-1_1_1_1_1	GSE222315_p4_NAT	GSE222315	DF.classifications_0.25_0.005_289	Singlet	pANN_0.25_0.005_289	0.166666666666667
GSE222315_GCTTTCGCAACCACGC-1_1_1_1_1	GSE222315_p4_NAT	GSE222315	DF.classifications_0.25_0.005_289	Singlet	pANN_0.25_0.005_289	0.0714285714285714
GSE222315_GCTTTCGCAGATTAAG-1_1_1_1_1	GSE222315_p4_NAT	GSE222315	DF.classifications_0.25_0.005_289	Singlet	pANN_0.25_0.005_289	0.166666666666667
GSE222315_GCTTTCGCAGTAGGAC-1_1_1_1_1	GSE222315_p4_NAT	GSE222315	DF.classifications_0.25_0.005_289	Singlet	pANN_0.25_0.005_289	0.380952380952381
GSE222315_GCTTTCGGTATCACCA-1_1_1_1_1	GSE222315_p4_NAT	GSE222315	DF.classifications_0.25_0.005_289	Singlet	pANN_0.25_0.005_289	0.30952380952381
GSE222315_GCTTTCGGTGTATTCG-1_1_1_1_1	GSE222315_p4_NAT	GSE222315	DF.classifications_0.25_0.005_289	Singlet	pANN_0.25_0.005_289	0.0238095238095238
GSE222315_GCTTTCGGTTCCTACC-1_1_1_1_1	GSE222315_p4_NAT	GSE222315	DF.classifications_0.25_0.005_289	Singlet	pANN_0.25_0.005_289	0.0476190476190476
GSE222315_GCTTTCGGTTTGTTGG-1_1_1_1_1	GSE222315_p4_NAT	GSE222315	DF.classifications_0.25_0.005_289	Singlet	pANN_0.25_0.005_289	0.0952380952380952
GSE222315_GCTTTCGTCCCATAAG-1_1_1_1_1	GSE222315_p4_NAT	GSE222315	DF.classifications_0.25_0.005_289	Singlet	pANN_0.25_0.005_289	0.357142857142857
GSE222315_GCTTTCGTCCCTATTA-1_1_1_1_1	GSE222315_p4_NAT	GSE222315	DF.classifications_0.25_0.005_289	Singlet	pANN_0.25_0.005_289	0.166666666666667
GSE222315_GGAACCCAGTGTACAA-1_1_1_1_1	GSE222315_p4_NAT	GSE222315	DF.classifications_0.25_0.005_289	Singlet	pANN_0.25_0.005_289	0.142857142857143
GSE222315_GGAACCCCATTCGATG-1_1_1_1_1	GSE222315_p4_NAT	GSE222315	DF.classifications_0.25_0.005_289	Doublet	pANN_0.25_0.005_289	0.428571428571429
GSE222315_GGAACCCTCAAACCTG-1_1_1_1_1	GSE222315_p4_NAT	GSE222315	DF.classifications_0.25_0.005_289	Singlet	pANN_0.25_0.005_289	0.214285714285714
GSE222315_GGAACCCTCGTTCTGC-1_1_1_1_1	GSE222315_p4_NAT	GSE222315	DF.classifications_0.25_0.005_289	Singlet	pANN_0.25_0.005_289	0.285714285714286
GSE222315_GGAAGTGAGTATGACA-1_1_1_1_1	GSE222315_p4_NAT	GSE222315	DF.classifications_0.25_0.005_289	Singlet	pANN_0.25_0.005_289	0.119047619047619
GSE222315_GGAAGTGCACCAGACC-1_1_1_1_1	GSE222315_p4_NAT	GSE222315	DF.classifications_0.25_0.005_289	Singlet	pANN_0.25_0.005_289	0.238095238095238
GSE222315_GGAAGTGCACGTAGTT-1_1_1_1_1	GSE222315_p4_NAT	GSE222315	DF.classifications_0.25_0.005_289	Singlet	pANN_0.25_0.005_289	0.0952380952380952
GSE222315_GGAAGTGCATGAAGGC-1_1_1_1_1	GSE222315_p4_NAT	GSE222315	DF.classifications_0.25_0.005_289	Singlet	pANN_0.25_0.005_289	0.0238095238095238
GSE222315_GGAAGTGGTGGACAGT-1_1_1_1_1	GSE222315_p4_NAT	GSE222315	DF.classifications_0.25_0.005_289	Singlet	pANN_0.25_0.005_289	0.0952380952380952
GSE222315_GGAAGTGGTGGCAGAT-1_1_1_1_1	GSE222315_p4_NAT	GSE222315	DF.classifications_0.25_0.005_289	Singlet	pANN_0.25_0.005_289	0.0714285714285714
GSE222315_GGAAGTGTCCATTGTT-1_1_1_1_1	GSE222315_p4_NAT	GSE222315	DF.classifications_0.25_0.005_289	Singlet	pANN_0.25_0.005_289	0.0952380952380952
GSE222315_GGAATCTCAACGACAG-1_1_1_1_1	GSE222315_p4_NAT	GSE222315	DF.classifications_0.25_0.005_289	Singlet	pANN_0.25_0.005_289	0.0952380952380952
GSE222315_GGAATCTCACTTTAGG-1_1_1_1_1	GSE222315_p4_NAT	GSE222315	DF.classifications_0.25_0.005_289	Singlet	pANN_0.25_0.005_289	0.0952380952380952
GSE222315_GGAATCTCAGGCATTT-1_1_1_1_1	GSE222315_p4_NAT	GSE222315	DF.classifications_0.25_0.005_289	Singlet	pANN_0.25_0.005_289	0.380952380952381
GSE222315_GGAATCTGTAGACGGT-1_1_1_1_1	GSE222315_p4_NAT	GSE222315	DF.classifications_0.25_0.005_289	Singlet	pANN_0.25_0.005_289	0.19047619047619
GSE222315_GGAATGGAGGGTATAT-1_1_1_1_1	GSE222315_p4_NAT	GSE222315	DF.classifications_0.25_0.005_289	Singlet	pANN_0.25_0.005_289	0.0238095238095238
GSE222315_GGAATGGCAACGACAG-1_1_1_1_1	GSE222315_p4_NAT	GSE222315	DF.classifications_0.25_0.005_289	Singlet	pANN_0.25_0.005_289	0.214285714285714
GSE222315_GGAATGGGTTTGAACC-1_1_1_1_1	GSE222315_p4_NAT	GSE222315	DF.classifications_0.25_0.005_289	Singlet	pANN_0.25_0.005_289	0.0714285714285714
GSE222315_GGAATGGTCCCATGGG-1_1_1_1_1	GSE222315_p4_NAT	GSE222315	DF.classifications_0.25_0.005_289	Singlet	pANN_0.25_0.005_289	0.261904761904762
GSE222315_GGAATGGTCTCATTAC-1_1_1_1_1	GSE222315_p4_NAT	GSE222315	DF.classifications_0.25_0.005_289	Singlet	pANN_0.25_0.005_289	0.19047619047619
GSE222315_GGACGTCAGCGTCAAG-1_1_1_1_1	GSE222315_p4_NAT	GSE222315	DF.classifications_0.25_0.005_289	Singlet	pANN_0.25_0.005_289	0.142857142857143
GSE222315_GGACGTCCAAGTCGTT-1_1_1_1_1	GSE222315_p4_NAT	GSE222315	DF.classifications_0.25_0.005_289	Singlet	pANN_0.25_0.005_289	0.0476190476190476
GSE222315_GGACGTCCAGAAGCGT-1_1_1_1_1	GSE222315_p4_NAT	GSE222315	DF.classifications_0.25_0.005_289	Singlet	pANN_0.25_0.005_289	0.0714285714285714
GSE222315_GGACGTCCAGTGAGCA-1_1_1_1_1	GSE222315_p4_NAT	GSE222315	DF.classifications_0.25_0.005_289	Singlet	pANN_0.25_0.005_289	0.0476190476190476
GSE222315_GGACGTCGTCGCTTGG-1_1_1_1_1	GSE222315_p4_NAT	GSE222315	DF.classifications_0.25_0.005_289	Singlet	pANN_0.25_0.005_289	0.261904761904762
GSE222315_GGACGTCGTGCGGTAA-1_1_1_1_1	GSE222315_p4_NAT	GSE222315	DF.classifications_0.25_0.005_289	Singlet	pANN_0.25_0.005_289	0.142857142857143
GSE222315_GGACGTCGTTCGTACA-1_1_1_1_1	GSE222315_p4_NAT	GSE222315	DF.classifications_0.25_0.005_289	Singlet	pANN_0.25_0.005_289	0.166666666666667
GSE222315_GGACGTCTCTCTGCTG-1_1_1_1_1	GSE222315_p4_NAT	GSE222315	DF.classifications_0.25_0.005_289	Singlet	pANN_0.25_0.005_289	0.119047619047619
GSE222315_GGAGAACAGTCTGCAT-1_1_1_1_1	GSE222315_p4_NAT	GSE222315	DF.classifications_0.25_0.005_289	Singlet	pANN_0.25_0.005_289	0.333333333333333
GSE222315_GGAGAACCAATGAAAC-1_1_1_1_1	GSE222315_p4_NAT	GSE222315	DF.classifications_0.25_0.005_289	Singlet	pANN_0.25_0.005_289	0.119047619047619
GSE222315_GGAGAACCAGAGTTCT-1_1_1_1_1	GSE222315_p4_NAT	GSE222315	DF.classifications_0.25_0.005_289	Singlet	pANN_0.25_0.005_289	0
GSE222315_GGAGAACCATTCCTAT-1_1_1_1_1	GSE222315_p4_NAT	GSE222315	DF.classifications_0.25_0.005_289	Singlet	pANN_0.25_0.005_289	0.142857142857143
GSE222315_GGAGAACGTGAGAACC-1_1_1_1_1	GSE222315_p4_NAT	GSE222315	DF.classifications_0.25_0.005_289	Singlet	pANN_0.25_0.005_289	0.380952380952381
GSE222315_GGAGAACTCAGGGATG-1_1_1_1_1	GSE222315_p4_NAT	GSE222315	DF.classifications_0.25_0.005_289	Singlet	pANN_0.25_0.005_289	0.214285714285714
GSE222315_GGAGAACTCCTCACTG-1_1_1_1_1	GSE222315_p4_NAT	GSE222315	DF.classifications_0.25_0.005_289	Singlet	pANN_0.25_0.005_289	0.0476190476190476
GSE222315_GGAGAACTCTAGACCA-1_1_1_1_1	GSE222315_p4_NAT	GSE222315	DF.classifications_0.25_0.005_289	Singlet	pANN_0.25_0.005_289	0.0952380952380952
GSE222315_GGAGATGAGCCTCGTG-1_1_1_1_1	GSE222315_p4_NAT	GSE222315	DF.classifications_0.25_0.005_289	Singlet	pANN_0.25_0.005_289	0.214285714285714
GSE222315_GGAGATGCAGGTTCCG-1_1_1_1_1	GSE222315_p4_NAT	GSE222315	DF.classifications_0.25_0.005_289	Singlet	pANN_0.25_0.005_289	0.357142857142857
GSE222315_GGAGATGCATGCGGTC-1_1_1_1_1	GSE222315_p4_NAT	GSE222315	DF.classifications_0.25_0.005_289	Singlet	pANN_0.25_0.005_289	0.0714285714285714
GSE222315_GGAGATGGTCCACATA-1_1_1_1_1	GSE222315_p4_NAT	GSE222315	DF.classifications_0.25_0.005_289	Singlet	pANN_0.25_0.005_289	0.333333333333333
GSE222315_GGAGATGGTGGCGTAA-1_1_1_1_1	GSE222315_p4_NAT	GSE222315	DF.classifications_0.25_0.005_289	Singlet	pANN_0.25_0.005_289	0.166666666666667
GSE222315_GGAGATGTCCGTTGAA-1_1_1_1_1	GSE222315_p4_NAT	GSE222315	DF.classifications_0.25_0.005_289	Singlet	pANN_0.25_0.005_289	0.333333333333333
GSE222315_GGAGCAAAGAGAGTGA-1_1_1_1_1	GSE222315_p4_NAT	GSE222315	DF.classifications_0.25_0.005_289	Singlet	pANN_0.25_0.005_289	0.19047619047619
GSE222315_GGAGCAAAGGTCGAGT-1_1_1_1_1	GSE222315_p4_NAT	GSE222315	DF.classifications_0.25_0.005_289	Singlet	pANN_0.25_0.005_289	0.238095238095238
GSE222315_GGAGCAACACCCTAAA-1_1_1_1_1	GSE222315_p4_NAT	GSE222315	DF.classifications_0.25_0.005_289	Singlet	pANN_0.25_0.005_289	0.0238095238095238
GSE222315_GGAGCAACATTGACAC-1_1_1_1_1	GSE222315_p4_NAT	GSE222315	DF.classifications_0.25_0.005_289	Singlet	pANN_0.25_0.005_289	0
GSE222315_GGAGCAAGTTGCAACT-1_1_1_1_1	GSE222315_p4_NAT	GSE222315	DF.classifications_0.25_0.005_289	Singlet	pANN_0.25_0.005_289	0.19047619047619
GSE222315_GGAGCAATCAATCGGT-1_1_1_1_1	GSE222315_p4_NAT	GSE222315	DF.classifications_0.25_0.005_289	Singlet	pANN_0.25_0.005_289	0.214285714285714
GSE222315_GGAGCAATCTCTCGCA-1_1_1_1_1	GSE222315_p4_NAT	GSE222315	DF.classifications_0.25_0.005_289	Singlet	pANN_0.25_0.005_289	0
GSE222315_GGAGGATGTGGTCTAT-1_1_1_1_1	GSE222315_p4_NAT	GSE222315	DF.classifications_0.25_0.005_289	Singlet	pANN_0.25_0.005_289	0.119047619047619
GSE222315_GGAGGATTCCGGACGT-1_1_1_1_1	GSE222315_p4_NAT	GSE222315	DF.classifications_0.25_0.005_289	Singlet	pANN_0.25_0.005_289	0.0476190476190476
GSE222315_GGAGGTAAGAAGTCCG-1_1_1_1_1	GSE222315_p4_NAT	GSE222315	DF.classifications_0.25_0.005_289	Singlet	pANN_0.25_0.005_289	0
GSE222315_GGAGGTACAAATCAGA-1_1_1_1_1	GSE222315_p4_NAT	GSE222315	DF.classifications_0.25_0.005_289	Singlet	pANN_0.25_0.005_289	0.357142857142857
GSE222315_GGAGGTAGTGAAGCGT-1_1_1_1_1	GSE222315_p4_NAT	GSE222315	DF.classifications_0.25_0.005_289	Singlet	pANN_0.25_0.005_289	0.19047619047619
GSE222315_GGAGGTAGTGGTCCCA-1_1_1_1_1	GSE222315_p4_NAT	GSE222315	DF.classifications_0.25_0.005_289	Singlet	pANN_0.25_0.005_289	0.0476190476190476
GSE222315_GGAGGTAGTTTAGACC-1_1_1_1_1	GSE222315_p4_NAT	GSE222315	DF.classifications_0.25_0.005_289	Singlet	pANN_0.25_0.005_289	0.119047619047619
GSE222315_GGATCTAGTCTGCGCA-1_1_1_1_1	GSE222315_p4_NAT	GSE222315	DF.classifications_0.25_0.005_289	Singlet	pANN_0.25_0.005_289	0.0238095238095238
GSE222315_GGATCTAGTTCGTTCC-1_1_1_1_1	GSE222315_p4_NAT	GSE222315	DF.classifications_0.25_0.005_289	Doublet	pANN_0.25_0.005_289	0.428571428571429
GSE222315_GGATGTTAGCTCCATA-1_1_1_1_1	GSE222315_p4_NAT	GSE222315	DF.classifications_0.25_0.005_289	Singlet	pANN_0.25_0.005_289	0.0238095238095238
GSE222315_GGATGTTCACTAACCA-1_1_1_1_1	GSE222315_p4_NAT	GSE222315	DF.classifications_0.25_0.005_289	Singlet	pANN_0.25_0.005_289	0.0714285714285714
GSE222315_GGATGTTCAGAGCGTA-1_1_1_1_1	GSE222315_p4_NAT	GSE222315	DF.classifications_0.25_0.005_289	Singlet	pANN_0.25_0.005_289	0.0714285714285714
GSE222315_GGATGTTTCAGTCAGT-1_1_1_1_1	GSE222315_p4_NAT	GSE222315	DF.classifications_0.25_0.005_289	Singlet	pANN_0.25_0.005_289	0.357142857142857
GSE222315_GGATGTTTCCCTCGAT-1_1_1_1_1	GSE222315_p4_NAT	GSE222315	DF.classifications_0.25_0.005_289	Singlet	pANN_0.25_0.005_289	0
GSE222315_GGCACGTAGACTCATC-1_1_1_1_1	GSE222315_p4_NAT	GSE222315	DF.classifications_0.25_0.005_289	Singlet	pANN_0.25_0.005_289	0.119047619047619
GSE222315_GGCACGTAGCCAGAGT-1_1_1_1_1	GSE222315_p4_NAT	GSE222315	DF.classifications_0.25_0.005_289	Singlet	pANN_0.25_0.005_289	0.0238095238095238
GSE222315_GGCACGTAGCTGAGTG-1_1_1_1_1	GSE222315_p4_NAT	GSE222315	DF.classifications_0.25_0.005_289	Singlet	pANN_0.25_0.005_289	0.142857142857143
GSE222315_GGCACGTGTGAGTAGC-1_1_1_1_1	GSE222315_p4_NAT	GSE222315	DF.classifications_0.25_0.005_289	Singlet	pANN_0.25_0.005_289	0.166666666666667
GSE222315_GGCACGTTCAACGTGT-1_1_1_1_1	GSE222315_p4_NAT	GSE222315	DF.classifications_0.25_0.005_289	Singlet	pANN_0.25_0.005_289	0.0952380952380952
GSE222315_GGCACGTTCATCGACA-1_1_1_1_1	GSE222315_p4_NAT	GSE222315	DF.classifications_0.25_0.005_289	Singlet	pANN_0.25_0.005_289	0.261904761904762
GSE222315_GGCACGTTCTGTGCGG-1_1_1_1_1	GSE222315_p4_NAT	GSE222315	DF.classifications_0.25_0.005_289	Singlet	pANN_0.25_0.005_289	0.119047619047619
GSE222315_GGCAGTCCACTGGCGT-1_1_1_1_1	GSE222315_p4_NAT	GSE222315	DF.classifications_0.25_0.005_289	Singlet	pANN_0.25_0.005_289	0.380952380952381
GSE222315_GGCAGTCCAGAGAGGG-1_1_1_1_1	GSE222315_p4_NAT	GSE222315	DF.classifications_0.25_0.005_289	Singlet	pANN_0.25_0.005_289	0.261904761904762
GSE222315_GGCAGTCGTTAATGAG-1_1_1_1_1	GSE222315_p4_NAT	GSE222315	DF.classifications_0.25_0.005_289	Singlet	pANN_0.25_0.005_289	0.0714285714285714
GSE222315_GGCAGTCGTTATGACC-1_1_1_1_1	GSE222315_p4_NAT	GSE222315	DF.classifications_0.25_0.005_289	Singlet	pANN_0.25_0.005_289	0.0476190476190476
GSE222315_GGCAGTCTCACTACGA-1_1_1_1_1	GSE222315_p4_NAT	GSE222315	DF.classifications_0.25_0.005_289	Singlet	pANN_0.25_0.005_289	0.285714285714286
GSE222315_GGCAGTCTCCTATTTG-1_1_1_1_1	GSE222315_p4_NAT	GSE222315	DF.classifications_0.25_0.005_289	Singlet	pANN_0.25_0.005_289	0.119047619047619
GSE222315_GGCAGTCTCGAACGCC-1_1_1_1_1	GSE222315_p4_NAT	GSE222315	DF.classifications_0.25_0.005_289	Singlet	pANN_0.25_0.005_289	0.0952380952380952
GSE222315_GGCAGTCTCGAGTCCG-1_1_1_1_1	GSE222315_p4_NAT	GSE222315	DF.classifications_0.25_0.005_289	Singlet	pANN_0.25_0.005_289	0.19047619047619
GSE222315_GGCAGTCTCTCGCTCA-1_1_1_1_1	GSE222315_p4_NAT	GSE222315	DF.classifications_0.25_0.005_289	Doublet	pANN_0.25_0.005_289	0.523809523809524
GSE222315_GGCGTCAAGACGACGT-1_1_1_1_1	GSE222315_p4_NAT	GSE222315	DF.classifications_0.25_0.005_289	Singlet	pANN_0.25_0.005_289	0.0476190476190476
GSE222315_GGCGTCAAGGAAACGA-1_1_1_1_1	GSE222315_p4_NAT	GSE222315	DF.classifications_0.25_0.005_289	Singlet	pANN_0.25_0.005_289	0.0952380952380952
GSE222315_GGCGTCAAGGTATTGA-1_1_1_1_1	GSE222315_p4_NAT	GSE222315	DF.classifications_0.25_0.005_289	Singlet	pANN_0.25_0.005_289	0.166666666666667
GSE222315_GGCGTCACAGTCAGTT-1_1_1_1_1	GSE222315_p4_NAT	GSE222315	DF.classifications_0.25_0.005_289	Singlet	pANN_0.25_0.005_289	0.119047619047619
GSE222315_GGCGTCAGTCCTCAGG-1_1_1_1_1	GSE222315_p4_NAT	GSE222315	DF.classifications_0.25_0.005_289	Singlet	pANN_0.25_0.005_289	0.0238095238095238
GSE222315_GGCGTCAGTTCCATTT-1_1_1_1_1	GSE222315_p4_NAT	GSE222315	DF.classifications_0.25_0.005_289	Singlet	pANN_0.25_0.005_289	0.214285714285714
GSE222315_GGCGTCATCCGCGATG-1_1_1_1_1	GSE222315_p4_NAT	GSE222315	DF.classifications_0.25_0.005_289	Singlet	pANN_0.25_0.005_289	0.0952380952380952
GSE222315_GGCGTCATCCTCTCTT-1_1_1_1_1	GSE222315_p4_NAT	GSE222315	DF.classifications_0.25_0.005_289	Singlet	pANN_0.25_0.005_289	0.0952380952380952
GSE222315_GGCGTCATCTGCCTCA-1_1_1_1_1	GSE222315_p4_NAT	GSE222315	DF.classifications_0.25_0.005_289	Singlet	pANN_0.25_0.005_289	0.285714285714286
GSE222315_GGCTGTGAGAGTGTGC-1_1_1_1_1	GSE222315_p4_NAT	GSE222315	DF.classifications_0.25_0.005_289	Singlet	pANN_0.25_0.005_289	0.0952380952380952
GSE222315_GGCTGTGAGATTAGTG-1_1_1_1_1	GSE222315_p4_NAT	GSE222315	DF.classifications_0.25_0.005_289	Singlet	pANN_0.25_0.005_289	0.166666666666667
GSE222315_GGCTGTGCACACCGCA-1_1_1_1_1	GSE222315_p4_NAT	GSE222315	DF.classifications_0.25_0.005_289	Singlet	pANN_0.25_0.005_289	0.0238095238095238
GSE222315_GGCTGTGGTATCGCTA-1_1_1_1_1	GSE222315_p4_NAT	GSE222315	DF.classifications_0.25_0.005_289	Singlet	pANN_0.25_0.005_289	0.0714285714285714
GSE222315_GGCTGTGGTCGGATTT-1_1_1_1_1	GSE222315_p4_NAT	GSE222315	DF.classifications_0.25_0.005_289	Singlet	pANN_0.25_0.005_289	0.19047619047619
GSE222315_GGCTGTGGTGCGACAA-1_1_1_1_1	GSE222315_p4_NAT	GSE222315	DF.classifications_0.25_0.005_289	Singlet	pANN_0.25_0.005_289	0.166666666666667
GSE222315_GGCTGTGGTTGTAAAG-1_1_1_1_1	GSE222315_p4_NAT	GSE222315	DF.classifications_0.25_0.005_289	Singlet	pANN_0.25_0.005_289	0.0714285714285714
GSE222315_GGCTGTGTCAGACCTA-1_1_1_1_1	GSE222315_p4_NAT	GSE222315	DF.classifications_0.25_0.005_289	Singlet	pANN_0.25_0.005_289	0.0476190476190476
GSE222315_GGCTGTGTCCGTTGGG-1_1_1_1_1	GSE222315_p4_NAT	GSE222315	DF.classifications_0.25_0.005_289	Singlet	pANN_0.25_0.005_289	0.214285714285714
GSE222315_GGCTGTGTCTCTTCAA-1_1_1_1_1	GSE222315_p4_NAT	GSE222315	DF.classifications_0.25_0.005_289	Singlet	pANN_0.25_0.005_289	0.333333333333333
GSE222315_GGCTTGGCATCGTTCC-1_1_1_1_1	GSE222315_p4_NAT	GSE222315	DF.classifications_0.25_0.005_289	Singlet	pANN_0.25_0.005_289	0.0476190476190476
GSE222315_GGCTTGGGTATGTCTG-1_1_1_1_1	GSE222315_p4_NAT	GSE222315	DF.classifications_0.25_0.005_289	Singlet	pANN_0.25_0.005_289	0.0952380952380952
GSE222315_GGCTTTCAGTCGTTAC-1_1_1_1_1	GSE222315_p4_NAT	GSE222315	DF.classifications_0.25_0.005_289	Singlet	pANN_0.25_0.005_289	0.142857142857143
GSE222315_GGCTTTCCAATACCTG-1_1_1_1_1	GSE222315_p4_NAT	GSE222315	DF.classifications_0.25_0.005_289	Singlet	pANN_0.25_0.005_289	0.0952380952380952
GSE222315_GGCTTTCCATCCGCGA-1_1_1_1_1	GSE222315_p4_NAT	GSE222315	DF.classifications_0.25_0.005_289	Singlet	pANN_0.25_0.005_289	0.380952380952381
GSE222315_GGCTTTCGTCTGTGTA-1_1_1_1_1	GSE222315_p4_NAT	GSE222315	DF.classifications_0.25_0.005_289	Singlet	pANN_0.25_0.005_289	0.285714285714286
GSE222315_GGCTTTCTCGATGCTA-1_1_1_1_1	GSE222315_p4_NAT	GSE222315	DF.classifications_0.25_0.005_289	Singlet	pANN_0.25_0.005_289	0.214285714285714
GSE222315_GGGAAGTAGATGAACT-1_1_1_1_1	GSE222315_p4_NAT	GSE222315	DF.classifications_0.25_0.005_289	Singlet	pANN_0.25_0.005_289	0.166666666666667
GSE222315_GGGAAGTCACTAGGTT-1_1_1_1_1	GSE222315_p4_NAT	GSE222315	DF.classifications_0.25_0.005_289	Singlet	pANN_0.25_0.005_289	0.0714285714285714
GSE222315_GGGAAGTGTCAAGCGA-1_1_1_1_1	GSE222315_p4_NAT	GSE222315	DF.classifications_0.25_0.005_289	Singlet	pANN_0.25_0.005_289	0.261904761904762
GSE222315_GGGAAGTGTTACAGCT-1_1_1_1_1	GSE222315_p4_NAT	GSE222315	DF.classifications_0.25_0.005_289	Singlet	pANN_0.25_0.005_289	0.404761904761905
GSE222315_GGGAAGTTCACCTCTG-1_1_1_1_1	GSE222315_p4_NAT	GSE222315	DF.classifications_0.25_0.005_289	Singlet	pANN_0.25_0.005_289	0.261904761904762
GSE222315_GGGAAGTTCCAAATGC-1_1_1_1_1	GSE222315_p4_NAT	GSE222315	DF.classifications_0.25_0.005_289	Singlet	pANN_0.25_0.005_289	0.30952380952381
GSE222315_GGGAAGTTCGGACCAC-1_1_1_1_1	GSE222315_p4_NAT	GSE222315	DF.classifications_0.25_0.005_289	Singlet	pANN_0.25_0.005_289	0.238095238095238
GSE222315_GGGACAAAGACCCTTA-1_1_1_1_1	GSE222315_p4_NAT	GSE222315	DF.classifications_0.25_0.005_289	Singlet	pANN_0.25_0.005_289	0
GSE222315_GGGACAAAGGGTGAAA-1_1_1_1_1	GSE222315_p4_NAT	GSE222315	DF.classifications_0.25_0.005_289	Singlet	pANN_0.25_0.005_289	0.285714285714286
GSE222315_GGGACAACAAGCTACT-1_1_1_1_1	GSE222315_p4_NAT	GSE222315	DF.classifications_0.25_0.005_289	Singlet	pANN_0.25_0.005_289	0
GSE222315_GGGACAACATACAGGG-1_1_1_1_1	GSE222315_p4_NAT	GSE222315	DF.classifications_0.25_0.005_289	Singlet	pANN_0.25_0.005_289	0.19047619047619
GSE222315_GGGACAACATCATTTC-1_1_1_1_1	GSE222315_p4_NAT	GSE222315	DF.classifications_0.25_0.005_289	Singlet	pANN_0.25_0.005_289	0
GSE222315_GGGACAACATCCCGTT-1_1_1_1_1	GSE222315_p4_NAT	GSE222315	DF.classifications_0.25_0.005_289	Singlet	pANN_0.25_0.005_289	0.0952380952380952
GSE222315_GGGACAACATCTCGTC-1_1_1_1_1	GSE222315_p4_NAT	GSE222315	DF.classifications_0.25_0.005_289	Singlet	pANN_0.25_0.005_289	0.261904761904762
GSE222315_GGGACAATCTTCTGGC-1_1_1_1_1	GSE222315_p4_NAT	GSE222315	DF.classifications_0.25_0.005_289	Singlet	pANN_0.25_0.005_289	0.333333333333333
GSE222315_GGGACCTAGGATATGT-1_1_1_1_1	GSE222315_p4_NAT	GSE222315	DF.classifications_0.25_0.005_289	Singlet	pANN_0.25_0.005_289	0.30952380952381
GSE222315_GGGACCTAGTCCTGTA-1_1_1_1_1	GSE222315_p4_NAT	GSE222315	DF.classifications_0.25_0.005_289	Singlet	pANN_0.25_0.005_289	0.0238095238095238
GSE222315_GGGACCTCAATCAAGA-1_1_1_1_1	GSE222315_p4_NAT	GSE222315	DF.classifications_0.25_0.005_289	Singlet	pANN_0.25_0.005_289	0.19047619047619
GSE222315_GGGACCTCACCAGCCA-1_1_1_1_1	GSE222315_p4_NAT	GSE222315	DF.classifications_0.25_0.005_289	Singlet	pANN_0.25_0.005_289	0.142857142857143
GSE222315_GGGACCTCAGAAATCA-1_1_1_1_1	GSE222315_p4_NAT	GSE222315	DF.classifications_0.25_0.005_289	Singlet	pANN_0.25_0.005_289	0.0476190476190476
GSE222315_GGGACCTGTAACCAGG-1_1_1_1_1	GSE222315_p4_NAT	GSE222315	DF.classifications_0.25_0.005_289	Singlet	pANN_0.25_0.005_289	0.214285714285714
GSE222315_GGGACCTGTCAGACTT-1_1_1_1_1	GSE222315_p4_NAT	GSE222315	DF.classifications_0.25_0.005_289	Singlet	pANN_0.25_0.005_289	0.380952380952381
GSE222315_GGGACCTGTGCTGCAC-1_1_1_1_1	GSE222315_p4_NAT	GSE222315	DF.classifications_0.25_0.005_289	Singlet	pANN_0.25_0.005_289	0.0238095238095238
GSE222315_GGGACCTTCGACCATA-1_1_1_1_1	GSE222315_p4_NAT	GSE222315	DF.classifications_0.25_0.005_289	Singlet	pANN_0.25_0.005_289	0.0952380952380952
GSE222315_GGGACCTTCTGGTCAA-1_1_1_1_1	GSE222315_p4_NAT	GSE222315	DF.classifications_0.25_0.005_289	Singlet	pANN_0.25_0.005_289	0.166666666666667
GSE222315_GGGACTCAGTATAACG-1_1_1_1_1	GSE222315_p4_NAT	GSE222315	DF.classifications_0.25_0.005_289	Singlet	pANN_0.25_0.005_289	0
GSE222315_GGGACTCAGTGCAGCA-1_1_1_1_1	GSE222315_p4_NAT	GSE222315	DF.classifications_0.25_0.005_289	Singlet	pANN_0.25_0.005_289	0.0714285714285714
GSE222315_GGGACTCTCTCTAAGG-1_1_1_1_1	GSE222315_p4_NAT	GSE222315	DF.classifications_0.25_0.005_289	Singlet	pANN_0.25_0.005_289	0.142857142857143
GSE222315_GGGAGATAGGCTCTCG-1_1_1_1_1	GSE222315_p4_NAT	GSE222315	DF.classifications_0.25_0.005_289	Singlet	pANN_0.25_0.005_289	0.119047619047619
GSE222315_GGGAGATGTTCGGTTA-1_1_1_1_1	GSE222315_p4_NAT	GSE222315	DF.classifications_0.25_0.005_289	Singlet	pANN_0.25_0.005_289	0.333333333333333
GSE222315_GGGAGATTCCACATAG-1_1_1_1_1	GSE222315_p4_NAT	GSE222315	DF.classifications_0.25_0.005_289	Singlet	pANN_0.25_0.005_289	0.19047619047619
GSE222315_GGGAGATTCGACCACG-1_1_1_1_1	GSE222315_p4_NAT	GSE222315	DF.classifications_0.25_0.005_289	Singlet	pANN_0.25_0.005_289	0.214285714285714
GSE222315_GGGAGATTCGCATTAG-1_1_1_1_1	GSE222315_p4_NAT	GSE222315	DF.classifications_0.25_0.005_289	Singlet	pANN_0.25_0.005_289	0.0476190476190476
GSE222315_GGGAGATTCGGTCTGG-1_1_1_1_1	GSE222315_p4_NAT	GSE222315	DF.classifications_0.25_0.005_289	Singlet	pANN_0.25_0.005_289	0.214285714285714
GSE222315_GGGAGTACACATACTG-1_1_1_1_1	GSE222315_p4_NAT	GSE222315	DF.classifications_0.25_0.005_289	Singlet	pANN_0.25_0.005_289	0.404761904761905
GSE222315_GGGAGTATCATTGCCC-1_1_1_1_1	GSE222315_p4_NAT	GSE222315	DF.classifications_0.25_0.005_289	Singlet	pANN_0.25_0.005_289	0.0238095238095238
GSE222315_GGGATCCAGCTCGTGC-1_1_1_1_1	GSE222315_p4_NAT	GSE222315	DF.classifications_0.25_0.005_289	Doublet	pANN_0.25_0.005_289	0.452380952380952
GSE222315_GGGATCCAGGCATCAG-1_1_1_1_1	GSE222315_p4_NAT	GSE222315	DF.classifications_0.25_0.005_289	Singlet	pANN_0.25_0.005_289	0
GSE222315_GGGATCCAGGGCAATC-1_1_1_1_1	GSE222315_p4_NAT	GSE222315	DF.classifications_0.25_0.005_289	Singlet	pANN_0.25_0.005_289	0
GSE222315_GGGATCCCAACCAACT-1_1_1_1_1	GSE222315_p4_NAT	GSE222315	DF.classifications_0.25_0.005_289	Singlet	pANN_0.25_0.005_289	0.30952380952381
GSE222315_GGGATCCCAAGTGGCA-1_1_1_1_1	GSE222315_p4_NAT	GSE222315	DF.classifications_0.25_0.005_289	Singlet	pANN_0.25_0.005_289	0
GSE222315_GGGATCCCACCAAAGG-1_1_1_1_1	GSE222315_p4_NAT	GSE222315	DF.classifications_0.25_0.005_289	Singlet	pANN_0.25_0.005_289	0.357142857142857
GSE222315_GGGATCCGTGTCCATA-1_1_1_1_1	GSE222315_p4_NAT	GSE222315	DF.classifications_0.25_0.005_289	Singlet	pANN_0.25_0.005_289	0
GSE222315_GGGATCCGTTCTCCTG-1_1_1_1_1	GSE222315_p4_NAT	GSE222315	DF.classifications_0.25_0.005_289	Singlet	pANN_0.25_0.005_289	0.19047619047619
GSE222315_GGGATCCTCTCACCCA-1_1_1_1_1	GSE222315_p4_NAT	GSE222315	DF.classifications_0.25_0.005_289	Singlet	pANN_0.25_0.005_289	0.119047619047619
GSE222315_GGGATGAAGCCGTAAG-1_1_1_1_1	GSE222315_p4_NAT	GSE222315	DF.classifications_0.25_0.005_289	Doublet	pANN_0.25_0.005_289	0.785714285714286
GSE222315_GGGATGAAGTCATGCT-1_1_1_1_1	GSE222315_p4_NAT	GSE222315	DF.classifications_0.25_0.005_289	Singlet	pANN_0.25_0.005_289	0.261904761904762
GSE222315_GGGATGAGTCTACTGA-1_1_1_1_1	GSE222315_p4_NAT	GSE222315	DF.classifications_0.25_0.005_289	Singlet	pANN_0.25_0.005_289	0.119047619047619
GSE222315_GGGATGAGTGTCCTAA-1_1_1_1_1	GSE222315_p4_NAT	GSE222315	DF.classifications_0.25_0.005_289	Singlet	pANN_0.25_0.005_289	0.214285714285714
GSE222315_GGGATGATCTATTTCG-1_1_1_1_1	GSE222315_p4_NAT	GSE222315	DF.classifications_0.25_0.005_289	Singlet	pANN_0.25_0.005_289	0.0714285714285714
GSE222315_GGGCCATAGCGCCTCA-1_1_1_1_1	GSE222315_p4_NAT	GSE222315	DF.classifications_0.25_0.005_289	Singlet	pANN_0.25_0.005_289	0.0952380952380952
GSE222315_GGGCCATCAATCGTCA-1_1_1_1_1	GSE222315_p4_NAT	GSE222315	DF.classifications_0.25_0.005_289	Singlet	pANN_0.25_0.005_289	0.0238095238095238
GSE222315_GGGCCATGTCAAGCCC-1_1_1_1_1	GSE222315_p4_NAT	GSE222315	DF.classifications_0.25_0.005_289	Singlet	pANN_0.25_0.005_289	0.285714285714286
GSE222315_GGGCCATGTCCACATA-1_1_1_1_1	GSE222315_p4_NAT	GSE222315	DF.classifications_0.25_0.005_289	Singlet	pANN_0.25_0.005_289	0.19047619047619
GSE222315_GGGCCATTCCTCTGCA-1_1_1_1_1	GSE222315_p4_NAT	GSE222315	DF.classifications_0.25_0.005_289	Singlet	pANN_0.25_0.005_289	0.0714285714285714
GSE222315_GGGCGTTAGGCCGCTT-1_1_1_1_1	GSE222315_p4_NAT	GSE222315	DF.classifications_0.25_0.005_289	Singlet	pANN_0.25_0.005_289	0
GSE222315_GGGCGTTCACATGGTT-1_1_1_1_1	GSE222315_p4_NAT	GSE222315	DF.classifications_0.25_0.005_289	Singlet	pANN_0.25_0.005_289	0.357142857142857
GSE222315_GGGCGTTGTGAGCCAA-1_1_1_1_1	GSE222315_p4_NAT	GSE222315	DF.classifications_0.25_0.005_289	Singlet	pANN_0.25_0.005_289	0.119047619047619
GSE222315_GGGCGTTTCACTCTTA-1_1_1_1_1	GSE222315_p4_NAT	GSE222315	DF.classifications_0.25_0.005_289	Singlet	pANN_0.25_0.005_289	0.119047619047619
GSE222315_GGGCGTTTCATGAGGG-1_1_1_1_1	GSE222315_p4_NAT	GSE222315	DF.classifications_0.25_0.005_289	Singlet	pANN_0.25_0.005_289	0.285714285714286
GSE222315_GGGCGTTTCGACGATT-1_1_1_1_1	GSE222315_p4_NAT	GSE222315	DF.classifications_0.25_0.005_289	Singlet	pANN_0.25_0.005_289	0.0952380952380952
GSE222315_GGGCGTTTCGAGGCAA-1_1_1_1_1	GSE222315_p4_NAT	GSE222315	DF.classifications_0.25_0.005_289	Singlet	pANN_0.25_0.005_289	0.285714285714286
GSE222315_GGGCTACAGCCAAGCA-1_1_1_1_1	GSE222315_p4_NAT	GSE222315	DF.classifications_0.25_0.005_289	Singlet	pANN_0.25_0.005_289	0.166666666666667
GSE222315_GGGCTACAGGGATCAC-1_1_1_1_1	GSE222315_p4_NAT	GSE222315	DF.classifications_0.25_0.005_289	Singlet	pANN_0.25_0.005_289	0.380952380952381
GSE222315_GGGCTACAGTCGGCCT-1_1_1_1_1	GSE222315_p4_NAT	GSE222315	DF.classifications_0.25_0.005_289	Doublet	pANN_0.25_0.005_289	0.428571428571429
GSE222315_GGGCTACGTATAATGG-1_1_1_1_1	GSE222315_p4_NAT	GSE222315	DF.classifications_0.25_0.005_289	Singlet	pANN_0.25_0.005_289	0.30952380952381
GSE222315_GGGCTACGTATCACGT-1_1_1_1_1	GSE222315_p4_NAT	GSE222315	DF.classifications_0.25_0.005_289	Singlet	pANN_0.25_0.005_289	0.19047619047619
GSE222315_GGGCTACTCCAGCTCT-1_1_1_1_1	GSE222315_p4_NAT	GSE222315	DF.classifications_0.25_0.005_289	Singlet	pANN_0.25_0.005_289	0
GSE222315_GGGCTCACAAAGGCTG-1_1_1_1_1	GSE222315_p4_NAT	GSE222315	DF.classifications_0.25_0.005_289	Singlet	pANN_0.25_0.005_289	0.142857142857143
GSE222315_GGGCTCACAACACGAG-1_1_1_1_1	GSE222315_p4_NAT	GSE222315	DF.classifications_0.25_0.005_289	Singlet	pANN_0.25_0.005_289	0.285714285714286
GSE222315_GGGCTCACACTCTGCT-1_1_1_1_1	GSE222315_p4_NAT	GSE222315	DF.classifications_0.25_0.005_289	Singlet	pANN_0.25_0.005_289	0.0952380952380952
GSE222315_GGGCTCACAGGGAATC-1_1_1_1_1	GSE222315_p4_NAT	GSE222315	DF.classifications_0.25_0.005_289	Singlet	pANN_0.25_0.005_289	0.0952380952380952
GSE222315_GGGCTCATCAACCGAT-1_1_1_1_1	GSE222315_p4_NAT	GSE222315	DF.classifications_0.25_0.005_289	Singlet	pANN_0.25_0.005_289	0.19047619047619
GSE222315_GGGCTCATCCGAGAAG-1_1_1_1_1	GSE222315_p4_NAT	GSE222315	DF.classifications_0.25_0.005_289	Singlet	pANN_0.25_0.005_289	0.380952380952381
GSE222315_GGGCTCATCCTATTTG-1_1_1_1_1	GSE222315_p4_NAT	GSE222315	DF.classifications_0.25_0.005_289	Singlet	pANN_0.25_0.005_289	0.238095238095238
GSE222315_GGGCTCATCGACGTCG-1_1_1_1_1	GSE222315_p4_NAT	GSE222315	DF.classifications_0.25_0.005_289	Singlet	pANN_0.25_0.005_289	0
GSE222315_GGGCTCATCTGCGGGT-1_1_1_1_1	GSE222315_p4_NAT	GSE222315	DF.classifications_0.25_0.005_289	Singlet	pANN_0.25_0.005_289	0
GSE222315_GGGTAGACAAGTCATC-1_1_1_1_1	GSE222315_p4_NAT	GSE222315	DF.classifications_0.25_0.005_289	Singlet	pANN_0.25_0.005_289	0.0714285714285714
GSE222315_GGGTAGACACATGACT-1_1_1_1_1	GSE222315_p4_NAT	GSE222315	DF.classifications_0.25_0.005_289	Singlet	pANN_0.25_0.005_289	0.30952380952381
GSE222315_GGGTAGATCCACGTCT-1_1_1_1_1	GSE222315_p4_NAT	GSE222315	DF.classifications_0.25_0.005_289	Singlet	pANN_0.25_0.005_289	0
GSE222315_GGGTATTAGAACAGGA-1_1_1_1_1	GSE222315_p4_NAT	GSE222315	DF.classifications_0.25_0.005_289	Singlet	pANN_0.25_0.005_289	0.166666666666667
GSE222315_GGGTATTAGCAGGCTA-1_1_1_1_1	GSE222315_p4_NAT	GSE222315	DF.classifications_0.25_0.005_289	Singlet	pANN_0.25_0.005_289	0.119047619047619
GSE222315_GGGTATTAGCTGTCCG-1_1_1_1_1	GSE222315_p4_NAT	GSE222315	DF.classifications_0.25_0.005_289	Singlet	pANN_0.25_0.005_289	0.166666666666667
GSE222315_GGGTATTAGGCAGGGA-1_1_1_1_1	GSE222315_p4_NAT	GSE222315	DF.classifications_0.25_0.005_289	Singlet	pANN_0.25_0.005_289	0.0476190476190476
GSE222315_GGGTATTAGGCCTGAA-1_1_1_1_1	GSE222315_p4_NAT	GSE222315	DF.classifications_0.25_0.005_289	Singlet	pANN_0.25_0.005_289	0.0238095238095238
GSE222315_GGGTATTAGTACAGCG-1_1_1_1_1	GSE222315_p4_NAT	GSE222315	DF.classifications_0.25_0.005_289	Singlet	pANN_0.25_0.005_289	0.0952380952380952
GSE222315_GGGTATTAGTTCTACG-1_1_1_1_1	GSE222315_p4_NAT	GSE222315	DF.classifications_0.25_0.005_289	Singlet	pANN_0.25_0.005_289	0
GSE222315_GGGTATTGTTAGGACG-1_1_1_1_1	GSE222315_p4_NAT	GSE222315	DF.classifications_0.25_0.005_289	Singlet	pANN_0.25_0.005_289	0.238095238095238
GSE222315_GGGTATTGTTGGGATG-1_1_1_1_1	GSE222315_p4_NAT	GSE222315	DF.classifications_0.25_0.005_289	Singlet	pANN_0.25_0.005_289	0.0476190476190476
GSE222315_GGGTATTTCCTTCAGC-1_1_1_1_1	GSE222315_p4_NAT	GSE222315	DF.classifications_0.25_0.005_289	Singlet	pANN_0.25_0.005_289	0.285714285714286
GSE222315_GGGTATTTCTGGTGCG-1_1_1_1_1	GSE222315_p4_NAT	GSE222315	DF.classifications_0.25_0.005_289	Singlet	pANN_0.25_0.005_289	0.0238095238095238
GSE222315_GGGTCACAGGAAGAAC-1_1_1_1_1	GSE222315_p4_NAT	GSE222315	DF.classifications_0.25_0.005_289	Singlet	pANN_0.25_0.005_289	0.166666666666667
GSE222315_GGGTCACAGTCTCCTC-1_1_1_1_1	GSE222315_p4_NAT	GSE222315	DF.classifications_0.25_0.005_289	Singlet	pANN_0.25_0.005_289	0.214285714285714
GSE222315_GGGTCACCAAGTGGCA-1_1_1_1_1	GSE222315_p4_NAT	GSE222315	DF.classifications_0.25_0.005_289	Singlet	pANN_0.25_0.005_289	0.142857142857143
GSE222315_GGGTCACGTGCCTAAT-1_1_1_1_1	GSE222315_p4_NAT	GSE222315	DF.classifications_0.25_0.005_289	Singlet	pANN_0.25_0.005_289	0.142857142857143
GSE222315_GGGTCACGTTGCCGCA-1_1_1_1_1	GSE222315_p4_NAT	GSE222315	DF.classifications_0.25_0.005_289	Singlet	pANN_0.25_0.005_289	0.357142857142857
GSE222315_GGGTCACGTTTACGAC-1_1_1_1_1	GSE222315_p4_NAT	GSE222315	DF.classifications_0.25_0.005_289	Singlet	pANN_0.25_0.005_289	0
GSE222315_GGGTCACTCTCTAAGG-1_1_1_1_1	GSE222315_p4_NAT	GSE222315	DF.classifications_0.25_0.005_289	Singlet	pANN_0.25_0.005_289	0.142857142857143
GSE222315_GGGTCACTCTGTCCCA-1_1_1_1_1	GSE222315_p4_NAT	GSE222315	DF.classifications_0.25_0.005_289	Singlet	pANN_0.25_0.005_289	0.333333333333333
GSE222315_GGGTCTGAGGTCTTTG-1_1_1_1_1	GSE222315_p4_NAT	GSE222315	DF.classifications_0.25_0.005_289	Singlet	pANN_0.25_0.005_289	0.142857142857143
GSE222315_GGGTCTGCAAAGGCAC-1_1_1_1_1	GSE222315_p4_NAT	GSE222315	DF.classifications_0.25_0.005_289	Singlet	pANN_0.25_0.005_289	0.214285714285714
GSE222315_GGGTCTGCAACTCCCT-1_1_1_1_1	GSE222315_p4_NAT	GSE222315	DF.classifications_0.25_0.005_289	Singlet	pANN_0.25_0.005_289	0.0714285714285714
GSE222315_GGGTCTGCAGCGTGAA-1_1_1_1_1	GSE222315_p4_NAT	GSE222315	DF.classifications_0.25_0.005_289	Singlet	pANN_0.25_0.005_289	0.166666666666667
GSE222315_GGGTCTGGTTGTGTTG-1_1_1_1_1	GSE222315_p4_NAT	GSE222315	DF.classifications_0.25_0.005_289	Singlet	pANN_0.25_0.005_289	0.0952380952380952
GSE222315_GGGTCTGTCACCTCTG-1_1_1_1_1	GSE222315_p4_NAT	GSE222315	DF.classifications_0.25_0.005_289	Singlet	pANN_0.25_0.005_289	0
GSE222315_GGGTGAAAGACCGTTT-1_1_1_1_1	GSE222315_p4_NAT	GSE222315	DF.classifications_0.25_0.005_289	Singlet	pANN_0.25_0.005_289	0.119047619047619
GSE222315_GGGTGAAAGTAATTGG-1_1_1_1_1	GSE222315_p4_NAT	GSE222315	DF.classifications_0.25_0.005_289	Singlet	pANN_0.25_0.005_289	0.285714285714286
GSE222315_GGGTGAACATTGGCAT-1_1_1_1_1	GSE222315_p4_NAT	GSE222315	DF.classifications_0.25_0.005_289	Singlet	pANN_0.25_0.005_289	0.0714285714285714
GSE222315_GGGTGTCAGACCAGAC-1_1_1_1_1	GSE222315_p4_NAT	GSE222315	DF.classifications_0.25_0.005_289	Singlet	pANN_0.25_0.005_289	0.166666666666667
GSE222315_GGGTGTCAGAGTGTGC-1_1_1_1_1	GSE222315_p4_NAT	GSE222315	DF.classifications_0.25_0.005_289	Singlet	pANN_0.25_0.005_289	0.238095238095238
GSE222315_GGGTGTCAGCGACATG-1_1_1_1_1	GSE222315_p4_NAT	GSE222315	DF.classifications_0.25_0.005_289	Singlet	pANN_0.25_0.005_289	0
GSE222315_GGGTGTCAGGACTTCT-1_1_1_1_1	GSE222315_p4_NAT	GSE222315	DF.classifications_0.25_0.005_289	Singlet	pANN_0.25_0.005_289	0.166666666666667
GSE222315_GGGTGTCCAAGAGATT-1_1_1_1_1	GSE222315_p4_NAT	GSE222315	DF.classifications_0.25_0.005_289	Singlet	pANN_0.25_0.005_289	0.0476190476190476
GSE222315_GGGTGTCCAATTTCGG-1_1_1_1_1	GSE222315_p4_NAT	GSE222315	DF.classifications_0.25_0.005_289	Singlet	pANN_0.25_0.005_289	0.333333333333333
GSE222315_GGGTGTCGTTGTGTAC-1_1_1_1_1	GSE222315_p4_NAT	GSE222315	DF.classifications_0.25_0.005_289	Singlet	pANN_0.25_0.005_289	0.0238095238095238
GSE222315_GGGTGTCTCCGCACTT-1_1_1_1_1	GSE222315_p4_NAT	GSE222315	DF.classifications_0.25_0.005_289	Singlet	pANN_0.25_0.005_289	0.357142857142857
GSE222315_GGGTGTCTCCGGTAGC-1_1_1_1_1	GSE222315_p4_NAT	GSE222315	DF.classifications_0.25_0.005_289	Singlet	pANN_0.25_0.005_289	0.333333333333333
GSE222315_GGGTTATAGCGTCAGA-1_1_1_1_1	GSE222315_p4_NAT	GSE222315	DF.classifications_0.25_0.005_289	Singlet	pANN_0.25_0.005_289	0
GSE222315_GGGTTATCAGGGAATC-1_1_1_1_1	GSE222315_p4_NAT	GSE222315	DF.classifications_0.25_0.005_289	Singlet	pANN_0.25_0.005_289	0.285714285714286
GSE222315_GGGTTATGTCGGTGAA-1_1_1_1_1	GSE222315_p4_NAT	GSE222315	DF.classifications_0.25_0.005_289	Singlet	pANN_0.25_0.005_289	0.404761904761905
GSE222315_GGGTTTACAGCTTCCT-1_1_1_1_1	GSE222315_p4_NAT	GSE222315	DF.classifications_0.25_0.005_289	Singlet	pANN_0.25_0.005_289	0
GSE222315_GGGTTTAGTACGAAAT-1_1_1_1_1	GSE222315_p4_NAT	GSE222315	DF.classifications_0.25_0.005_289	Singlet	pANN_0.25_0.005_289	0.0714285714285714
GSE222315_GGGTTTAGTCCTGTTC-1_1_1_1_1	GSE222315_p4_NAT	GSE222315	DF.classifications_0.25_0.005_289	Singlet	pANN_0.25_0.005_289	0.19047619047619
GSE222315_GGGTTTAGTTAAGCAA-1_1_1_1_1	GSE222315_p4_NAT	GSE222315	DF.classifications_0.25_0.005_289	Singlet	pANN_0.25_0.005_289	0.238095238095238
GSE222315_GGGTTTATCCTGTAGA-1_1_1_1_1	GSE222315_p4_NAT	GSE222315	DF.classifications_0.25_0.005_289	Singlet	pANN_0.25_0.005_289	0.0238095238095238
GSE222315_GGTAACTCAGCGTTTA-1_1_1_1_1	GSE222315_p4_NAT	GSE222315	DF.classifications_0.25_0.005_289	Singlet	pANN_0.25_0.005_289	0.0714285714285714
GSE222315_GGTAACTCAGTAGGAC-1_1_1_1_1	GSE222315_p4_NAT	GSE222315	DF.classifications_0.25_0.005_289	Singlet	pANN_0.25_0.005_289	0.238095238095238
GSE222315_GGTAACTGTATTAAGG-1_1_1_1_1	GSE222315_p4_NAT	GSE222315	DF.classifications_0.25_0.005_289	Singlet	pANN_0.25_0.005_289	0.261904761904762
GSE222315_GGTAACTGTCCGGATC-1_1_1_1_1	GSE222315_p4_NAT	GSE222315	DF.classifications_0.25_0.005_289	Singlet	pANN_0.25_0.005_289	0
GSE222315_GGTAACTGTGTCCATA-1_1_1_1_1	GSE222315_p4_NAT	GSE222315	DF.classifications_0.25_0.005_289	Singlet	pANN_0.25_0.005_289	0.285714285714286
GSE222315_GGTAACTTCAGTGATC-1_1_1_1_1	GSE222315_p4_NAT	GSE222315	DF.classifications_0.25_0.005_289	Singlet	pANN_0.25_0.005_289	0.261904761904762
GSE222315_GGTAACTTCATAGGCT-1_1_1_1_1	GSE222315_p4_NAT	GSE222315	DF.classifications_0.25_0.005_289	Singlet	pANN_0.25_0.005_289	0.142857142857143
GSE222315_GGTAACTTCCCATAGA-1_1_1_1_1	GSE222315_p4_NAT	GSE222315	DF.classifications_0.25_0.005_289	Singlet	pANN_0.25_0.005_289	0.238095238095238
GSE222315_GGTAACTTCCCATTTA-1_1_1_1_1	GSE222315_p4_NAT	GSE222315	DF.classifications_0.25_0.005_289	Singlet	pANN_0.25_0.005_289	0.30952380952381
GSE222315_GGTAACTTCCGGTAGC-1_1_1_1_1	GSE222315_p4_NAT	GSE222315	DF.classifications_0.25_0.005_289	Singlet	pANN_0.25_0.005_289	0.261904761904762
GSE222315_GGTAACTTCGATGCTA-1_1_1_1_1	GSE222315_p4_NAT	GSE222315	DF.classifications_0.25_0.005_289	Singlet	pANN_0.25_0.005_289	0.214285714285714
GSE222315_GGTAATCAGATTGATG-1_1_1_1_1	GSE222315_p4_NAT	GSE222315	DF.classifications_0.25_0.005_289	Singlet	pANN_0.25_0.005_289	0.166666666666667
GSE222315_GGTAATCAGCATTGTC-1_1_1_1_1	GSE222315_p4_NAT	GSE222315	DF.classifications_0.25_0.005_289	Singlet	pANN_0.25_0.005_289	0.142857142857143
GSE222315_GGTAATCCAACACACT-1_1_1_1_1	GSE222315_p4_NAT	GSE222315	DF.classifications_0.25_0.005_289	Singlet	pANN_0.25_0.005_289	0.142857142857143
GSE222315_GGTAATCCAACAGCCC-1_1_1_1_1	GSE222315_p4_NAT	GSE222315	DF.classifications_0.25_0.005_289	Singlet	pANN_0.25_0.005_289	0.166666666666667
GSE222315_GGTAATCCAAGTGGTG-1_1_1_1_1	GSE222315_p4_NAT	GSE222315	DF.classifications_0.25_0.005_289	Doublet	pANN_0.25_0.005_289	0.428571428571429
GSE222315_GGTAATCGTAGCTGTT-1_1_1_1_1	GSE222315_p4_NAT	GSE222315	DF.classifications_0.25_0.005_289	Singlet	pANN_0.25_0.005_289	0.261904761904762
GSE222315_GGTAATCTCGCCTCTA-1_1_1_1_1	GSE222315_p4_NAT	GSE222315	DF.classifications_0.25_0.005_289	Doublet	pANN_0.25_0.005_289	0.5
GSE222315_GGTAATCTCGGATTAC-1_1_1_1_1	GSE222315_p4_NAT	GSE222315	DF.classifications_0.25_0.005_289	Singlet	pANN_0.25_0.005_289	0.166666666666667
GSE222315_GGTAATCTCTGCTAGA-1_1_1_1_1	GSE222315_p4_NAT	GSE222315	DF.classifications_0.25_0.005_289	Singlet	pANN_0.25_0.005_289	0.166666666666667
GSE222315_GGTAGAGAGAAACTAC-1_1_1_1_1	GSE222315_p4_NAT	GSE222315	DF.classifications_0.25_0.005_289	Singlet	pANN_0.25_0.005_289	0.285714285714286
GSE222315_GGTAGAGCACCTGATA-1_1_1_1_1	GSE222315_p4_NAT	GSE222315	DF.classifications_0.25_0.005_289	Singlet	pANN_0.25_0.005_289	0.0238095238095238
GSE222315_GGTAGAGGTATTAAGG-1_1_1_1_1	GSE222315_p4_NAT	GSE222315	DF.classifications_0.25_0.005_289	Singlet	pANN_0.25_0.005_289	0.166666666666667
GSE222315_GGTAGAGGTTACCTTT-1_1_1_1_1	GSE222315_p4_NAT	GSE222315	DF.classifications_0.25_0.005_289	Singlet	pANN_0.25_0.005_289	0.119047619047619
GSE222315_GGTAGAGGTTTCCAAG-1_1_1_1_1	GSE222315_p4_NAT	GSE222315	DF.classifications_0.25_0.005_289	Singlet	pANN_0.25_0.005_289	0.119047619047619
GSE222315_GGTAGAGTCCATCTGC-1_1_1_1_1	GSE222315_p4_NAT	GSE222315	DF.classifications_0.25_0.005_289	Singlet	pANN_0.25_0.005_289	0.0952380952380952
GSE222315_GGTAGAGTCCTTGAAG-1_1_1_1_1	GSE222315_p4_NAT	GSE222315	DF.classifications_0.25_0.005_289	Singlet	pANN_0.25_0.005_289	0.0476190476190476
GSE222315_GGTAGAGTCGCTGTTC-1_1_1_1_1	GSE222315_p4_NAT	GSE222315	DF.classifications_0.25_0.005_289	Singlet	pANN_0.25_0.005_289	0.166666666666667
GSE222315_GGTAGAGTCGGTAGAG-1_1_1_1_1	GSE222315_p4_NAT	GSE222315	DF.classifications_0.25_0.005_289	Singlet	pANN_0.25_0.005_289	0
GSE222315_GGTAGAGTCGTAGAGG-1_1_1_1_1	GSE222315_p4_NAT	GSE222315	DF.classifications_0.25_0.005_289	Singlet	pANN_0.25_0.005_289	0.0476190476190476
GSE222315_GGTAGAGTCTTCTGGC-1_1_1_1_1	GSE222315_p4_NAT	GSE222315	DF.classifications_0.25_0.005_289	Singlet	pANN_0.25_0.005_289	0.214285714285714
GSE222315_GGTCACGAGCCATATC-1_1_1_1_1	GSE222315_p4_NAT	GSE222315	DF.classifications_0.25_0.005_289	Singlet	pANN_0.25_0.005_289	0
GSE222315_GGTCACGCAAATGAGT-1_1_1_1_1	GSE222315_p4_NAT	GSE222315	DF.classifications_0.25_0.005_289	Singlet	pANN_0.25_0.005_289	0.0952380952380952
GSE222315_GGTCACGCAACGCATT-1_1_1_1_1	GSE222315_p4_NAT	GSE222315	DF.classifications_0.25_0.005_289	Doublet	pANN_0.25_0.005_289	0.428571428571429
GSE222315_GGTCACGGTATGGTAA-1_1_1_1_1	GSE222315_p4_NAT	GSE222315	DF.classifications_0.25_0.005_289	Singlet	pANN_0.25_0.005_289	0.0714285714285714
GSE222315_GGTCACGGTCCTTAAG-1_1_1_1_1	GSE222315_p4_NAT	GSE222315	DF.classifications_0.25_0.005_289	Singlet	pANN_0.25_0.005_289	0.142857142857143
GSE222315_GGTCACGGTGTCTTCC-1_1_1_1_1	GSE222315_p4_NAT	GSE222315	DF.classifications_0.25_0.005_289	Singlet	pANN_0.25_0.005_289	0.119047619047619
GSE222315_GGTCACGGTTATGACC-1_1_1_1_1	GSE222315_p4_NAT	GSE222315	DF.classifications_0.25_0.005_289	Singlet	pANN_0.25_0.005_289	0.0476190476190476
GSE222315_GGTCTGGAGGACTATA-1_1_1_1_1	GSE222315_p4_NAT	GSE222315	DF.classifications_0.25_0.005_289	Singlet	pANN_0.25_0.005_289	0.0476190476190476
GSE222315_GGTCTGGAGGCACTCC-1_1_1_1_1	GSE222315_p4_NAT	GSE222315	DF.classifications_0.25_0.005_289	Singlet	pANN_0.25_0.005_289	0.30952380952381
GSE222315_GGTCTGGAGGCATTTC-1_1_1_1_1	GSE222315_p4_NAT	GSE222315	DF.classifications_0.25_0.005_289	Singlet	pANN_0.25_0.005_289	0.119047619047619
GSE222315_GGTCTGGTCGCTATTT-1_1_1_1_1	GSE222315_p4_NAT	GSE222315	DF.classifications_0.25_0.005_289	Singlet	pANN_0.25_0.005_289	0
GSE222315_GGTCTGGTCGCTTAAG-1_1_1_1_1	GSE222315_p4_NAT	GSE222315	DF.classifications_0.25_0.005_289	Doublet	pANN_0.25_0.005_289	0.452380952380952
GSE222315_GGTCTGGTCTACACTT-1_1_1_1_1	GSE222315_p4_NAT	GSE222315	DF.classifications_0.25_0.005_289	Singlet	pANN_0.25_0.005_289	0.142857142857143
GSE222315_GGTGAAGAGGCGTCCT-1_1_1_1_1	GSE222315_p4_NAT	GSE222315	DF.classifications_0.25_0.005_289	Singlet	pANN_0.25_0.005_289	0.19047619047619
GSE222315_GGTGAAGAGGTTGGAC-1_1_1_1_1	GSE222315_p4_NAT	GSE222315	DF.classifications_0.25_0.005_289	Singlet	pANN_0.25_0.005_289	0
GSE222315_GGTGAAGAGTCGTTAC-1_1_1_1_1	GSE222315_p4_NAT	GSE222315	DF.classifications_0.25_0.005_289	Singlet	pANN_0.25_0.005_289	0.238095238095238
GSE222315_GGTGAAGCACCGTGGT-1_1_1_1_1	GSE222315_p4_NAT	GSE222315	DF.classifications_0.25_0.005_289	Singlet	pANN_0.25_0.005_289	0.0714285714285714
GSE222315_GGTGAAGCACTCCTGT-1_1_1_1_1	GSE222315_p4_NAT	GSE222315	DF.classifications_0.25_0.005_289	Singlet	pANN_0.25_0.005_289	0.261904761904762
GSE222315_GGTGAAGGTCCGGTGT-1_1_1_1_1	GSE222315_p4_NAT	GSE222315	DF.classifications_0.25_0.005_289	Singlet	pANN_0.25_0.005_289	0.0238095238095238
GSE222315_GGTGAAGTCGGCTTCT-1_1_1_1_1	GSE222315_p4_NAT	GSE222315	DF.classifications_0.25_0.005_289	Singlet	pANN_0.25_0.005_289	0.0714285714285714
GSE222315_GGTGATTGTGTCCAAT-1_1_1_1_1	GSE222315_p4_NAT	GSE222315	DF.classifications_0.25_0.005_289	Singlet	pANN_0.25_0.005_289	0.238095238095238
GSE222315_GGTGATTTCACTACTT-1_1_1_1_1	GSE222315_p4_NAT	GSE222315	DF.classifications_0.25_0.005_289	Singlet	pANN_0.25_0.005_289	0.119047619047619
GSE222315_GGTGATTTCAGATTGC-1_1_1_1_1	GSE222315_p4_NAT	GSE222315	DF.classifications_0.25_0.005_289	Singlet	pANN_0.25_0.005_289	0.0238095238095238
GSE222315_GGTGGCTCAAATACAG-1_1_1_1_1	GSE222315_p4_NAT	GSE222315	DF.classifications_0.25_0.005_289	Singlet	pANN_0.25_0.005_289	0
GSE222315_GGTGGCTCAGGTCAAG-1_1_1_1_1	GSE222315_p4_NAT	GSE222315	DF.classifications_0.25_0.005_289	Singlet	pANN_0.25_0.005_289	0.261904761904762
GSE222315_GGTGGCTCAGGTTACT-1_1_1_1_1	GSE222315_p4_NAT	GSE222315	DF.classifications_0.25_0.005_289	Singlet	pANN_0.25_0.005_289	0.380952380952381
GSE222315_GGTGGCTGTGTATCCA-1_1_1_1_1	GSE222315_p4_NAT	GSE222315	DF.classifications_0.25_0.005_289	Singlet	pANN_0.25_0.005_289	0.261904761904762
GSE222315_GGTGGCTGTTTAGACC-1_1_1_1_1	GSE222315_p4_NAT	GSE222315	DF.classifications_0.25_0.005_289	Singlet	pANN_0.25_0.005_289	0
GSE222315_GGTGGCTTCCGATGTA-1_1_1_1_1	GSE222315_p4_NAT	GSE222315	DF.classifications_0.25_0.005_289	Singlet	pANN_0.25_0.005_289	0.30952380952381
GSE222315_GGTGTCGAGAATAACC-1_1_1_1_1	GSE222315_p4_NAT	GSE222315	DF.classifications_0.25_0.005_289	Singlet	pANN_0.25_0.005_289	0.0952380952380952
GSE222315_GGTGTCGAGGCCGCTT-1_1_1_1_1	GSE222315_p4_NAT	GSE222315	DF.classifications_0.25_0.005_289	Singlet	pANN_0.25_0.005_289	0.166666666666667
GSE222315_GGTGTCGCAACCGTAT-1_1_1_1_1	GSE222315_p4_NAT	GSE222315	DF.classifications_0.25_0.005_289	Singlet	pANN_0.25_0.005_289	0.333333333333333
GSE222315_GGTGTCGCATGTTCAG-1_1_1_1_1	GSE222315_p4_NAT	GSE222315	DF.classifications_0.25_0.005_289	Singlet	pANN_0.25_0.005_289	0.238095238095238
GSE222315_GGTGTCGGTTGCTGAT-1_1_1_1_1	GSE222315_p4_NAT	GSE222315	DF.classifications_0.25_0.005_289	Singlet	pANN_0.25_0.005_289	0.238095238095238
GSE222315_GGTGTCGTCCTTATCA-1_1_1_1_1	GSE222315_p4_NAT	GSE222315	DF.classifications_0.25_0.005_289	Singlet	pANN_0.25_0.005_289	0.0714285714285714
GSE222315_GGTGTTAGTATGTGTC-1_1_1_1_1	GSE222315_p4_NAT	GSE222315	DF.classifications_0.25_0.005_289	Singlet	pANN_0.25_0.005_289	0.119047619047619
GSE222315_GGTGTTAGTGCAAGAC-1_1_1_1_1	GSE222315_p4_NAT	GSE222315	DF.classifications_0.25_0.005_289	Singlet	pANN_0.25_0.005_289	0.166666666666667
GSE222315_GGTGTTATCGGTATGT-1_1_1_1_1	GSE222315_p4_NAT	GSE222315	DF.classifications_0.25_0.005_289	Singlet	pANN_0.25_0.005_289	0.238095238095238
GSE222315_GGTGTTATCGGTGTAT-1_1_1_1_1	GSE222315_p4_NAT	GSE222315	DF.classifications_0.25_0.005_289	Singlet	pANN_0.25_0.005_289	0
GSE222315_GGTTAACAGAGTGTGC-1_1_1_1_1	GSE222315_p4_NAT	GSE222315	DF.classifications_0.25_0.005_289	Singlet	pANN_0.25_0.005_289	0.142857142857143
GSE222315_GGTTAACAGTGTTGTC-1_1_1_1_1	GSE222315_p4_NAT	GSE222315	DF.classifications_0.25_0.005_289	Doublet	pANN_0.25_0.005_289	0.476190476190476
GSE222315_GGTTAACGTCATAACC-1_1_1_1_1	GSE222315_p4_NAT	GSE222315	DF.classifications_0.25_0.005_289	Singlet	pANN_0.25_0.005_289	0.0952380952380952
GSE222315_GGTTAACGTGGTCCGT-1_1_1_1_1	GSE222315_p4_NAT	GSE222315	DF.classifications_0.25_0.005_289	Doublet	pANN_0.25_0.005_289	0.476190476190476
GSE222315_GGTTAACGTTCAACGT-1_1_1_1_1	GSE222315_p4_NAT	GSE222315	DF.classifications_0.25_0.005_289	Singlet	pANN_0.25_0.005_289	0
GSE222315_GGTTAACTCACTGTCC-1_1_1_1_1	GSE222315_p4_NAT	GSE222315	DF.classifications_0.25_0.005_289	Singlet	pANN_0.25_0.005_289	0.142857142857143
GSE222315_GGTTAACTCCGATTAG-1_1_1_1_1	GSE222315_p4_NAT	GSE222315	DF.classifications_0.25_0.005_289	Singlet	pANN_0.25_0.005_289	0.333333333333333
GSE222315_GGTTAACTCCTCACGT-1_1_1_1_1	GSE222315_p4_NAT	GSE222315	DF.classifications_0.25_0.005_289	Singlet	pANN_0.25_0.005_289	0.0714285714285714
GSE222315_GGTTCTCAGCGCCTCA-1_1_1_1_1	GSE222315_p4_NAT	GSE222315	DF.classifications_0.25_0.005_289	Singlet	pANN_0.25_0.005_289	0.0238095238095238
GSE222315_GGTTCTCCAGCAGTAG-1_1_1_1_1	GSE222315_p4_NAT	GSE222315	DF.classifications_0.25_0.005_289	Singlet	pANN_0.25_0.005_289	0.214285714285714
GSE222315_GGTTCTCGTGTATTGC-1_1_1_1_1	GSE222315_p4_NAT	GSE222315	DF.classifications_0.25_0.005_289	Doublet	pANN_0.25_0.005_289	0.571428571428571
GSE222315_GGTTCTCGTTTCGATG-1_1_1_1_1	GSE222315_p4_NAT	GSE222315	DF.classifications_0.25_0.005_289	Singlet	pANN_0.25_0.005_289	0.0238095238095238
GSE222315_GGTTCTCTCCAGCTCT-1_1_1_1_1	GSE222315_p4_NAT	GSE222315	DF.classifications_0.25_0.005_289	Singlet	pANN_0.25_0.005_289	0.214285714285714
GSE222315_GGTTCTCTCCAGTACA-1_1_1_1_1	GSE222315_p4_NAT	GSE222315	DF.classifications_0.25_0.005_289	Singlet	pANN_0.25_0.005_289	0.0476190476190476
GSE222315_GGTTGTAAGTTCGCAT-1_1_1_1_1	GSE222315_p4_NAT	GSE222315	DF.classifications_0.25_0.005_289	Singlet	pANN_0.25_0.005_289	0.333333333333333
GSE222315_GGTTGTACATGAAAGT-1_1_1_1_1	GSE222315_p4_NAT	GSE222315	DF.classifications_0.25_0.005_289	Singlet	pANN_0.25_0.005_289	0
GSE222315_GGTTGTAGTCTTGAAC-1_1_1_1_1	GSE222315_p4_NAT	GSE222315	DF.classifications_0.25_0.005_289	Singlet	pANN_0.25_0.005_289	0.0714285714285714
GSE222315_GGTTGTAGTGAATGAT-1_1_1_1_1	GSE222315_p4_NAT	GSE222315	DF.classifications_0.25_0.005_289	Singlet	pANN_0.25_0.005_289	0.0952380952380952
GSE222315_GGTTGTATCGGCACTG-1_1_1_1_1	GSE222315_p4_NAT	GSE222315	DF.classifications_0.25_0.005_289	Singlet	pANN_0.25_0.005_289	0.238095238095238
GSE222315_GTAACACGTAAGAACT-1_1_1_1_1	GSE222315_p4_NAT	GSE222315	DF.classifications_0.25_0.005_289	Singlet	pANN_0.25_0.005_289	0.261904761904762
GSE222315_GTAACACGTACCCGCA-1_1_1_1_1	GSE222315_p4_NAT	GSE222315	DF.classifications_0.25_0.005_289	Singlet	pANN_0.25_0.005_289	0
GSE222315_GTAACACGTGAGTTTC-1_1_1_1_1	GSE222315_p4_NAT	GSE222315	DF.classifications_0.25_0.005_289	Singlet	pANN_0.25_0.005_289	0
GSE222315_GTAACACTCGTCGATA-1_1_1_1_1	GSE222315_p4_NAT	GSE222315	DF.classifications_0.25_0.005_289	Singlet	pANN_0.25_0.005_289	0.238095238095238
GSE222315_GTAACCAAGAGTAACT-1_1_1_1_1	GSE222315_p4_NAT	GSE222315	DF.classifications_0.25_0.005_289	Singlet	pANN_0.25_0.005_289	0.30952380952381
GSE222315_GTAACCAAGTGCCAGA-1_1_1_1_1	GSE222315_p4_NAT	GSE222315	DF.classifications_0.25_0.005_289	Singlet	pANN_0.25_0.005_289	0.166666666666667
GSE222315_GTAACCACACCTCTGT-1_1_1_1_1	GSE222315_p4_NAT	GSE222315	DF.classifications_0.25_0.005_289	Singlet	pANN_0.25_0.005_289	0.0238095238095238
GSE222315_GTAACCAGTCCCGCAA-1_1_1_1_1	GSE222315_p4_NAT	GSE222315	DF.classifications_0.25_0.005_289	Singlet	pANN_0.25_0.005_289	0.285714285714286
GSE222315_GTAACCATCCTAAGTG-1_1_1_1_1	GSE222315_p4_NAT	GSE222315	DF.classifications_0.25_0.005_289	Singlet	pANN_0.25_0.005_289	0.333333333333333
GSE222315_GTAAGTCCATCGTGCG-1_1_1_1_1	GSE222315_p4_NAT	GSE222315	DF.classifications_0.25_0.005_289	Singlet	pANN_0.25_0.005_289	0
GSE222315_GTAAGTCGTTCAAAGA-1_1_1_1_1	GSE222315_p4_NAT	GSE222315	DF.classifications_0.25_0.005_289	Singlet	pANN_0.25_0.005_289	0.357142857142857
GSE222315_GTAAGTCGTTTGTGGT-1_1_1_1_1	GSE222315_p4_NAT	GSE222315	DF.classifications_0.25_0.005_289	Singlet	pANN_0.25_0.005_289	0.214285714285714
GSE222315_GTAAGTCTCACTGGTA-1_1_1_1_1	GSE222315_p4_NAT	GSE222315	DF.classifications_0.25_0.005_289	Singlet	pANN_0.25_0.005_289	0
GSE222315_GTAAGTCTCTATACTC-1_1_1_1_1	GSE222315_p4_NAT	GSE222315	DF.classifications_0.25_0.005_289	Singlet	pANN_0.25_0.005_289	0.404761904761905
GSE222315_GTAAGTCTCTCGACCT-1_1_1_1_1	GSE222315_p4_NAT	GSE222315	DF.classifications_0.25_0.005_289	Singlet	pANN_0.25_0.005_289	0
GSE222315_GTAATCGAGATACATG-1_1_1_1_1	GSE222315_p4_NAT	GSE222315	DF.classifications_0.25_0.005_289	Singlet	pANN_0.25_0.005_289	0
GSE222315_GTAATCGCAATACGAA-1_1_1_1_1	GSE222315_p4_NAT	GSE222315	DF.classifications_0.25_0.005_289	Singlet	pANN_0.25_0.005_289	0.0476190476190476
GSE222315_GTAATCGCACCCAATA-1_1_1_1_1	GSE222315_p4_NAT	GSE222315	DF.classifications_0.25_0.005_289	Singlet	pANN_0.25_0.005_289	0.142857142857143
GSE222315_GTAATCGCATCGTCCT-1_1_1_1_1	GSE222315_p4_NAT	GSE222315	DF.classifications_0.25_0.005_289	Singlet	pANN_0.25_0.005_289	0.119047619047619
GSE222315_GTAATCGGTCCCAAAT-1_1_1_1_1	GSE222315_p4_NAT	GSE222315	DF.classifications_0.25_0.005_289	Singlet	pANN_0.25_0.005_289	0.238095238095238
GSE222315_GTAATGCAGGTAGTAT-1_1_1_1_1	GSE222315_p4_NAT	GSE222315	DF.classifications_0.25_0.005_289	Singlet	pANN_0.25_0.005_289	0.261904761904762
GSE222315_GTAATGCGTAGAGATT-1_1_1_1_1	GSE222315_p4_NAT	GSE222315	DF.classifications_0.25_0.005_289	Singlet	pANN_0.25_0.005_289	0.0476190476190476
GSE222315_GTAATGCTCTCTCTAA-1_1_1_1_1	GSE222315_p4_NAT	GSE222315	DF.classifications_0.25_0.005_289	Singlet	pANN_0.25_0.005_289	0.119047619047619
GSE222315_GTACAACAGCGCTTCG-1_1_1_1_1	GSE222315_p4_NAT	GSE222315	DF.classifications_0.25_0.005_289	Singlet	pANN_0.25_0.005_289	0.0714285714285714
GSE222315_GTACAACAGGCCTAAG-1_1_1_1_1	GSE222315_p4_NAT	GSE222315	DF.classifications_0.25_0.005_289	Singlet	pANN_0.25_0.005_289	0
GSE222315_GTACAACAGTAGACCG-1_1_1_1_1	GSE222315_p4_NAT	GSE222315	DF.classifications_0.25_0.005_289	Singlet	pANN_0.25_0.005_289	0.333333333333333
GSE222315_GTACAACAGTCCGCGT-1_1_1_1_1	GSE222315_p4_NAT	GSE222315	DF.classifications_0.25_0.005_289	Singlet	pANN_0.25_0.005_289	0.19047619047619
GSE222315_GTACAACCACCTGCTT-1_1_1_1_1	GSE222315_p4_NAT	GSE222315	DF.classifications_0.25_0.005_289	Singlet	pANN_0.25_0.005_289	0.19047619047619
GSE222315_GTACAACCAGATTTCG-1_1_1_1_1	GSE222315_p4_NAT	GSE222315	DF.classifications_0.25_0.005_289	Singlet	pANN_0.25_0.005_289	0.0714285714285714
GSE222315_GTACAGTAGATACGAT-1_1_1_1_1	GSE222315_p4_NAT	GSE222315	DF.classifications_0.25_0.005_289	Singlet	pANN_0.25_0.005_289	0.142857142857143
GSE222315_GTACAGTAGGGCAGTT-1_1_1_1_1	GSE222315_p4_NAT	GSE222315	DF.classifications_0.25_0.005_289	Singlet	pANN_0.25_0.005_289	0.30952380952381
GSE222315_GTACAGTCAAGCCCAC-1_1_1_1_1	GSE222315_p4_NAT	GSE222315	DF.classifications_0.25_0.005_289	Singlet	pANN_0.25_0.005_289	0.142857142857143
GSE222315_GTACAGTGTGTCATCA-1_1_1_1_1	GSE222315_p4_NAT	GSE222315	DF.classifications_0.25_0.005_289	Singlet	pANN_0.25_0.005_289	0.0714285714285714
GSE222315_GTACAGTTCTATCGTT-1_1_1_1_1	GSE222315_p4_NAT	GSE222315	DF.classifications_0.25_0.005_289	Singlet	pANN_0.25_0.005_289	0.380952380952381
GSE222315_GTACAGTTCTCAACCC-1_1_1_1_1	GSE222315_p4_NAT	GSE222315	DF.classifications_0.25_0.005_289	Singlet	pANN_0.25_0.005_289	0.404761904761905
GSE222315_GTAGAAACACCGTCGA-1_1_1_1_1	GSE222315_p4_NAT	GSE222315	DF.classifications_0.25_0.005_289	Singlet	pANN_0.25_0.005_289	0.0952380952380952
GSE222315_GTAGAAACAGGCGAAT-1_1_1_1_1	GSE222315_p4_NAT	GSE222315	DF.classifications_0.25_0.005_289	Singlet	pANN_0.25_0.005_289	0.0238095238095238
GSE222315_GTAGAAATCCTTTAGT-1_1_1_1_1	GSE222315_p4_NAT	GSE222315	DF.classifications_0.25_0.005_289	Singlet	pANN_0.25_0.005_289	0.30952380952381
GSE222315_GTAGAAATCTGAGGTT-1_1_1_1_1	GSE222315_p4_NAT	GSE222315	DF.classifications_0.25_0.005_289	Singlet	pANN_0.25_0.005_289	0.285714285714286
GSE222315_GTAGAGGAGAACGCGT-1_1_1_1_1	GSE222315_p4_NAT	GSE222315	DF.classifications_0.25_0.005_289	Singlet	pANN_0.25_0.005_289	0.0238095238095238
GSE222315_GTAGAGGCAGCTTCCT-1_1_1_1_1	GSE222315_p4_NAT	GSE222315	DF.classifications_0.25_0.005_289	Singlet	pANN_0.25_0.005_289	0.285714285714286
GSE222315_GTAGAGGCATCGTTCC-1_1_1_1_1	GSE222315_p4_NAT	GSE222315	DF.classifications_0.25_0.005_289	Singlet	pANN_0.25_0.005_289	0.285714285714286
GSE222315_GTAGAGGGTACGATGG-1_1_1_1_1	GSE222315_p4_NAT	GSE222315	DF.classifications_0.25_0.005_289	Singlet	pANN_0.25_0.005_289	0.380952380952381
GSE222315_GTAGAGGGTAGGATAT-1_1_1_1_1	GSE222315_p4_NAT	GSE222315	DF.classifications_0.25_0.005_289	Doublet	pANN_0.25_0.005_289	0.69047619047619
GSE222315_GTAGAGGGTGATACAA-1_1_1_1_1	GSE222315_p4_NAT	GSE222315	DF.classifications_0.25_0.005_289	Singlet	pANN_0.25_0.005_289	0.0238095238095238
GSE222315_GTAGAGGTCAACTGAC-1_1_1_1_1	GSE222315_p4_NAT	GSE222315	DF.classifications_0.25_0.005_289	Singlet	pANN_0.25_0.005_289	0.333333333333333
GSE222315_GTAGAGGTCACTTCTA-1_1_1_1_1	GSE222315_p4_NAT	GSE222315	DF.classifications_0.25_0.005_289	Singlet	pANN_0.25_0.005_289	0.119047619047619
GSE222315_GTAGATCCAGCTGCCA-1_1_1_1_1	GSE222315_p4_NAT	GSE222315	DF.classifications_0.25_0.005_289	Singlet	pANN_0.25_0.005_289	0.142857142857143
GSE222315_GTAGATCGTTATGGTC-1_1_1_1_1	GSE222315_p4_NAT	GSE222315	DF.classifications_0.25_0.005_289	Singlet	pANN_0.25_0.005_289	0.261904761904762
GSE222315_GTAGATCGTTTCCATT-1_1_1_1_1	GSE222315_p4_NAT	GSE222315	DF.classifications_0.25_0.005_289	Singlet	pANN_0.25_0.005_289	0.142857142857143
GSE222315_GTAGATCTCCACATAG-1_1_1_1_1	GSE222315_p4_NAT	GSE222315	DF.classifications_0.25_0.005_289	Singlet	pANN_0.25_0.005_289	0.404761904761905
GSE222315_GTAGCTAAGGTCCTGC-1_1_1_1_1	GSE222315_p4_NAT	GSE222315	DF.classifications_0.25_0.005_289	Singlet	pANN_0.25_0.005_289	0.142857142857143
GSE222315_GTAGCTACACACACGC-1_1_1_1_1	GSE222315_p4_NAT	GSE222315	DF.classifications_0.25_0.005_289	Singlet	pANN_0.25_0.005_289	0.214285714285714
GSE222315_GTAGCTACATGTTCGA-1_1_1_1_1	GSE222315_p4_NAT	GSE222315	DF.classifications_0.25_0.005_289	Singlet	pANN_0.25_0.005_289	0.0714285714285714
GSE222315_GTAGCTAGTCTTGCTC-1_1_1_1_1	GSE222315_p4_NAT	GSE222315	DF.classifications_0.25_0.005_289	Singlet	pANN_0.25_0.005_289	0.166666666666667
GSE222315_GTAGCTAGTGGACTGA-1_1_1_1_1	GSE222315_p4_NAT	GSE222315	DF.classifications_0.25_0.005_289	Singlet	pANN_0.25_0.005_289	0.261904761904762
GSE222315_GTAGCTATCGCGATCG-1_1_1_1_1	GSE222315_p4_NAT	GSE222315	DF.classifications_0.25_0.005_289	Singlet	pANN_0.25_0.005_289	0.285714285714286
GSE222315_GTAGCTATCGTGTGGC-1_1_1_1_1	GSE222315_p4_NAT	GSE222315	DF.classifications_0.25_0.005_289	Singlet	pANN_0.25_0.005_289	0.261904761904762
GSE222315_GTAGGAGCAAGATTGA-1_1_1_1_1	GSE222315_p4_NAT	GSE222315	DF.classifications_0.25_0.005_289	Singlet	pANN_0.25_0.005_289	0.404761904761905
GSE222315_GTAGGAGCACCGAATT-1_1_1_1_1	GSE222315_p4_NAT	GSE222315	DF.classifications_0.25_0.005_289	Singlet	pANN_0.25_0.005_289	0.214285714285714
GSE222315_GTAGGAGGTACTGAGG-1_1_1_1_1	GSE222315_p4_NAT	GSE222315	DF.classifications_0.25_0.005_289	Singlet	pANN_0.25_0.005_289	0.166666666666667
GSE222315_GTAGGAGGTCACGTGC-1_1_1_1_1	GSE222315_p4_NAT	GSE222315	DF.classifications_0.25_0.005_289	Singlet	pANN_0.25_0.005_289	0.0476190476190476
GSE222315_GTAGGAGGTCCGAAAG-1_1_1_1_1	GSE222315_p4_NAT	GSE222315	DF.classifications_0.25_0.005_289	Singlet	pANN_0.25_0.005_289	0.238095238095238
GSE222315_GTAGGAGTCTTCTGGC-1_1_1_1_1	GSE222315_p4_NAT	GSE222315	DF.classifications_0.25_0.005_289	Singlet	pANN_0.25_0.005_289	0.0952380952380952
GSE222315_GTAGGAGTCTTTGCTA-1_1_1_1_1	GSE222315_p4_NAT	GSE222315	DF.classifications_0.25_0.005_289	Singlet	pANN_0.25_0.005_289	0.119047619047619
GSE222315_GTAGGTTAGGATACAT-1_1_1_1_1	GSE222315_p4_NAT	GSE222315	DF.classifications_0.25_0.005_289	Singlet	pANN_0.25_0.005_289	0.0476190476190476
GSE222315_GTAGGTTAGGGCAGTT-1_1_1_1_1	GSE222315_p4_NAT	GSE222315	DF.classifications_0.25_0.005_289	Singlet	pANN_0.25_0.005_289	0.404761904761905
GSE222315_GTAGGTTAGTTGGAGC-1_1_1_1_1	GSE222315_p4_NAT	GSE222315	DF.classifications_0.25_0.005_289	Singlet	pANN_0.25_0.005_289	0.285714285714286
GSE222315_GTAGGTTCAACGGTAG-1_1_1_1_1	GSE222315_p4_NAT	GSE222315	DF.classifications_0.25_0.005_289	Singlet	pANN_0.25_0.005_289	0.380952380952381
GSE222315_GTAGGTTGTCATTCCC-1_1_1_1_1	GSE222315_p4_NAT	GSE222315	DF.classifications_0.25_0.005_289	Singlet	pANN_0.25_0.005_289	0.0476190476190476
GSE222315_GTAGGTTGTTAACAGA-1_1_1_1_1	GSE222315_p4_NAT	GSE222315	DF.classifications_0.25_0.005_289	Singlet	pANN_0.25_0.005_289	0.0952380952380952
GSE222315_GTAGGTTTCCGTAGTA-1_1_1_1_1	GSE222315_p4_NAT	GSE222315	DF.classifications_0.25_0.005_289	Singlet	pANN_0.25_0.005_289	0.0476190476190476
GSE222315_GTAGTACAGAAAGCGA-1_1_1_1_1	GSE222315_p4_NAT	GSE222315	DF.classifications_0.25_0.005_289	Singlet	pANN_0.25_0.005_289	0.19047619047619
GSE222315_GTAGTACAGCCATTTG-1_1_1_1_1	GSE222315_p4_NAT	GSE222315	DF.classifications_0.25_0.005_289	Singlet	pANN_0.25_0.005_289	0.0238095238095238
GSE222315_GTAGTACAGCTTAAGA-1_1_1_1_1	GSE222315_p4_NAT	GSE222315	DF.classifications_0.25_0.005_289	Doublet	pANN_0.25_0.005_289	0.452380952380952
GSE222315_GTAGTACCAAACGTGG-1_1_1_1_1	GSE222315_p4_NAT	GSE222315	DF.classifications_0.25_0.005_289	Singlet	pANN_0.25_0.005_289	0.19047619047619
GSE222315_GTAGTACCACATTCGA-1_1_1_1_1	GSE222315_p4_NAT	GSE222315	DF.classifications_0.25_0.005_289	Singlet	pANN_0.25_0.005_289	0.0952380952380952
GSE222315_GTAGTACGTCATCCCT-1_1_1_1_1	GSE222315_p4_NAT	GSE222315	DF.classifications_0.25_0.005_289	Singlet	pANN_0.25_0.005_289	0.0238095238095238
GSE222315_GTAGTACTCCATGAGT-1_1_1_1_1	GSE222315_p4_NAT	GSE222315	DF.classifications_0.25_0.005_289	Singlet	pANN_0.25_0.005_289	0
GSE222315_GTAGTACTCCTACAAG-1_1_1_1_1	GSE222315_p4_NAT	GSE222315	DF.classifications_0.25_0.005_289	Singlet	pANN_0.25_0.005_289	0.0238095238095238
GSE222315_GTATTGGAGACGGTTG-1_1_1_1_1	GSE222315_p4_NAT	GSE222315	DF.classifications_0.25_0.005_289	Singlet	pANN_0.25_0.005_289	0.30952380952381
GSE222315_GTATTGGAGGAACTCG-1_1_1_1_1	GSE222315_p4_NAT	GSE222315	DF.classifications_0.25_0.005_289	Singlet	pANN_0.25_0.005_289	0.142857142857143
GSE222315_GTATTGGAGGGACCAT-1_1_1_1_1	GSE222315_p4_NAT	GSE222315	DF.classifications_0.25_0.005_289	Singlet	pANN_0.25_0.005_289	0.357142857142857
GSE222315_GTATTGGAGTGATAGT-1_1_1_1_1	GSE222315_p4_NAT	GSE222315	DF.classifications_0.25_0.005_289	Singlet	pANN_0.25_0.005_289	0.0714285714285714
GSE222315_GTATTGGAGTTGTACC-1_1_1_1_1	GSE222315_p4_NAT	GSE222315	DF.classifications_0.25_0.005_289	Singlet	pANN_0.25_0.005_289	0.0714285714285714
GSE222315_GTATTGGCACGCGGTT-1_1_1_1_1	GSE222315_p4_NAT	GSE222315	DF.classifications_0.25_0.005_289	Singlet	pANN_0.25_0.005_289	0.166666666666667
GSE222315_GTATTGGCAGCACGAA-1_1_1_1_1	GSE222315_p4_NAT	GSE222315	DF.classifications_0.25_0.005_289	Singlet	pANN_0.25_0.005_289	0.285714285714286
GSE222315_GTATTGGGTGATACTC-1_1_1_1_1	GSE222315_p4_NAT	GSE222315	DF.classifications_0.25_0.005_289	Singlet	pANN_0.25_0.005_289	0.0952380952380952
GSE222315_GTATTGGTCATTGGTG-1_1_1_1_1	GSE222315_p4_NAT	GSE222315	DF.classifications_0.25_0.005_289	Singlet	pANN_0.25_0.005_289	0.19047619047619
GSE222315_GTATTGGTCTGTAAGC-1_1_1_1_1	GSE222315_p4_NAT	GSE222315	DF.classifications_0.25_0.005_289	Singlet	pANN_0.25_0.005_289	0.214285714285714
GSE222315_GTATTTCAGCCTATCA-1_1_1_1_1	GSE222315_p4_NAT	GSE222315	DF.classifications_0.25_0.005_289	Singlet	pANN_0.25_0.005_289	0.19047619047619
GSE222315_GTATTTCAGTCAGGGT-1_1_1_1_1	GSE222315_p4_NAT	GSE222315	DF.classifications_0.25_0.005_289	Singlet	pANN_0.25_0.005_289	0.0714285714285714
GSE222315_GTATTTCCATCGCCTT-1_1_1_1_1	GSE222315_p4_NAT	GSE222315	DF.classifications_0.25_0.005_289	Singlet	pANN_0.25_0.005_289	0.261904761904762
GSE222315_GTATTTCGTATCAGGG-1_1_1_1_1	GSE222315_p4_NAT	GSE222315	DF.classifications_0.25_0.005_289	Singlet	pANN_0.25_0.005_289	0.0238095238095238
GSE222315_GTATTTCGTCATCGGC-1_1_1_1_1	GSE222315_p4_NAT	GSE222315	DF.classifications_0.25_0.005_289	Singlet	pANN_0.25_0.005_289	0
GSE222315_GTATTTCTCCTTCTGG-1_1_1_1_1	GSE222315_p4_NAT	GSE222315	DF.classifications_0.25_0.005_289	Singlet	pANN_0.25_0.005_289	0.0476190476190476
GSE222315_GTATTTCTCGGAATGG-1_1_1_1_1	GSE222315_p4_NAT	GSE222315	DF.classifications_0.25_0.005_289	Singlet	pANN_0.25_0.005_289	0.238095238095238
GSE222315_GTCAAACCAACACGTT-1_1_1_1_1	GSE222315_p4_NAT	GSE222315	DF.classifications_0.25_0.005_289	Singlet	pANN_0.25_0.005_289	0.238095238095238
GSE222315_GTCAAACCAATACGAA-1_1_1_1_1	GSE222315_p4_NAT	GSE222315	DF.classifications_0.25_0.005_289	Singlet	pANN_0.25_0.005_289	0.0714285714285714
GSE222315_GTCAAACGTCGTGTTA-1_1_1_1_1	GSE222315_p4_NAT	GSE222315	DF.classifications_0.25_0.005_289	Singlet	pANN_0.25_0.005_289	0.0952380952380952
GSE222315_GTCAAGTGTAAGATCA-1_1_1_1_1	GSE222315_p4_NAT	GSE222315	DF.classifications_0.25_0.005_289	Singlet	pANN_0.25_0.005_289	0.285714285714286
GSE222315_GTCAAGTGTTCAAGTC-1_1_1_1_1	GSE222315_p4_NAT	GSE222315	DF.classifications_0.25_0.005_289	Singlet	pANN_0.25_0.005_289	0
GSE222315_GTCAAGTTCCCATACC-1_1_1_1_1	GSE222315_p4_NAT	GSE222315	DF.classifications_0.25_0.005_289	Singlet	pANN_0.25_0.005_289	0
GSE222315_GTCAAGTTCTCTAGGA-1_1_1_1_1	GSE222315_p4_NAT	GSE222315	DF.classifications_0.25_0.005_289	Singlet	pANN_0.25_0.005_289	0.142857142857143
GSE222315_GTCACGGCACCTCTAC-1_1_1_1_1	GSE222315_p4_NAT	GSE222315	DF.classifications_0.25_0.005_289	Singlet	pANN_0.25_0.005_289	0.404761904761905
GSE222315_GTCACGGCACTTTATC-1_1_1_1_1	GSE222315_p4_NAT	GSE222315	DF.classifications_0.25_0.005_289	Singlet	pANN_0.25_0.005_289	0.30952380952381
GSE222315_GTCACGGCAGGCTCTG-1_1_1_1_1	GSE222315_p4_NAT	GSE222315	DF.classifications_0.25_0.005_289	Singlet	pANN_0.25_0.005_289	0.238095238095238
GSE222315_GTCACGGCAGGTGAGT-1_1_1_1_1	GSE222315_p4_NAT	GSE222315	DF.classifications_0.25_0.005_289	Singlet	pANN_0.25_0.005_289	0.333333333333333
GSE222315_GTCACGGGTGAGGATC-1_1_1_1_1	GSE222315_p4_NAT	GSE222315	DF.classifications_0.25_0.005_289	Singlet	pANN_0.25_0.005_289	0.0476190476190476
GSE222315_GTCACGGTCACAGTGT-1_1_1_1_1	GSE222315_p4_NAT	GSE222315	DF.classifications_0.25_0.005_289	Singlet	pANN_0.25_0.005_289	0
GSE222315_GTCACGGTCCTCACGT-1_1_1_1_1	GSE222315_p4_NAT	GSE222315	DF.classifications_0.25_0.005_289	Singlet	pANN_0.25_0.005_289	0.261904761904762
GSE222315_GTCACGGTCTCTCGAC-1_1_1_1_1	GSE222315_p4_NAT	GSE222315	DF.classifications_0.25_0.005_289	Singlet	pANN_0.25_0.005_289	0.0476190476190476
GSE222315_GTCACTCAGGAGATAG-1_1_1_1_1	GSE222315_p4_NAT	GSE222315	DF.classifications_0.25_0.005_289	Singlet	pANN_0.25_0.005_289	0.404761904761905
GSE222315_GTCACTCGTGACACAG-1_1_1_1_1	GSE222315_p4_NAT	GSE222315	DF.classifications_0.25_0.005_289	Singlet	pANN_0.25_0.005_289	0.0238095238095238
GSE222315_GTCACTCGTGGTCTTA-1_1_1_1_1	GSE222315_p4_NAT	GSE222315	DF.classifications_0.25_0.005_289	Singlet	pANN_0.25_0.005_289	0.142857142857143
GSE222315_GTCACTCGTTACTCAG-1_1_1_1_1	GSE222315_p4_NAT	GSE222315	DF.classifications_0.25_0.005_289	Singlet	pANN_0.25_0.005_289	0.214285714285714
GSE222315_GTCACTCTCCCTTCCC-1_1_1_1_1	GSE222315_p4_NAT	GSE222315	DF.classifications_0.25_0.005_289	Singlet	pANN_0.25_0.005_289	0
GSE222315_GTCAGCGAGCCTGAGA-1_1_1_1_1	GSE222315_p4_NAT	GSE222315	DF.classifications_0.25_0.005_289	Doublet	pANN_0.25_0.005_289	0.452380952380952
GSE222315_GTCAGCGAGTCACTGT-1_1_1_1_1	GSE222315_p4_NAT	GSE222315	DF.classifications_0.25_0.005_289	Singlet	pANN_0.25_0.005_289	0
GSE222315_GTCAGCGTCAACTGAC-1_1_1_1_1	GSE222315_p4_NAT	GSE222315	DF.classifications_0.25_0.005_289	Singlet	pANN_0.25_0.005_289	0.0238095238095238
GSE222315_GTCAGCGTCCCTCATG-1_1_1_1_1	GSE222315_p4_NAT	GSE222315	DF.classifications_0.25_0.005_289	Singlet	pANN_0.25_0.005_289	0.142857142857143
GSE222315_GTCAGCGTCGTCCTTG-1_1_1_1_1	GSE222315_p4_NAT	GSE222315	DF.classifications_0.25_0.005_289	Singlet	pANN_0.25_0.005_289	0.214285714285714
GSE222315_GTCAGCGTCTGCAGCG-1_1_1_1_1	GSE222315_p4_NAT	GSE222315	DF.classifications_0.25_0.005_289	Singlet	pANN_0.25_0.005_289	0.238095238095238
GSE222315_GTCATCCAGACCTCCG-1_1_1_1_1	GSE222315_p4_NAT	GSE222315	DF.classifications_0.25_0.005_289	Singlet	pANN_0.25_0.005_289	0.0238095238095238
GSE222315_GTCATCCAGACGTCCC-1_1_1_1_1	GSE222315_p4_NAT	GSE222315	DF.classifications_0.25_0.005_289	Singlet	pANN_0.25_0.005_289	0.0714285714285714
GSE222315_GTCATCCCAGAGAAAG-1_1_1_1_1	GSE222315_p4_NAT	GSE222315	DF.classifications_0.25_0.005_289	Singlet	pANN_0.25_0.005_289	0.214285714285714
GSE222315_GTCATCCCATGCACTA-1_1_1_1_1	GSE222315_p4_NAT	GSE222315	DF.classifications_0.25_0.005_289	Singlet	pANN_0.25_0.005_289	0.261904761904762
GSE222315_GTCATCCGTTGAGTCT-1_1_1_1_1	GSE222315_p4_NAT	GSE222315	DF.classifications_0.25_0.005_289	Singlet	pANN_0.25_0.005_289	0.261904761904762
GSE222315_GTCATCCGTTTACGAC-1_1_1_1_1	GSE222315_p4_NAT	GSE222315	DF.classifications_0.25_0.005_289	Singlet	pANN_0.25_0.005_289	0
GSE222315_GTCATCCTCATGCCAA-1_1_1_1_1	GSE222315_p4_NAT	GSE222315	DF.classifications_0.25_0.005_289	Singlet	pANN_0.25_0.005_289	0.0714285714285714
GSE222315_GTCATCCTCCAGCACG-1_1_1_1_1	GSE222315_p4_NAT	GSE222315	DF.classifications_0.25_0.005_289	Singlet	pANN_0.25_0.005_289	0.285714285714286
GSE222315_GTCATCCTCTACTCAT-1_1_1_1_1	GSE222315_p4_NAT	GSE222315	DF.classifications_0.25_0.005_289	Singlet	pANN_0.25_0.005_289	0
GSE222315_GTCATGAAGCACCAGA-1_1_1_1_1	GSE222315_p4_NAT	GSE222315	DF.classifications_0.25_0.005_289	Singlet	pANN_0.25_0.005_289	0.166666666666667
GSE222315_GTCATGAAGCCTGTCG-1_1_1_1_1	GSE222315_p4_NAT	GSE222315	DF.classifications_0.25_0.005_289	Singlet	pANN_0.25_0.005_289	0.333333333333333
GSE222315_GTCATGACAGACATCT-1_1_1_1_1	GSE222315_p4_NAT	GSE222315	DF.classifications_0.25_0.005_289	Singlet	pANN_0.25_0.005_289	0.119047619047619
GSE222315_GTCATGACAGCACCCA-1_1_1_1_1	GSE222315_p4_NAT	GSE222315	DF.classifications_0.25_0.005_289	Singlet	pANN_0.25_0.005_289	0.0952380952380952
GSE222315_GTCATGAGTCTTAGTG-1_1_1_1_1	GSE222315_p4_NAT	GSE222315	DF.classifications_0.25_0.005_289	Singlet	pANN_0.25_0.005_289	0.285714285714286
GSE222315_GTCATGAGTGTGTCCG-1_1_1_1_1	GSE222315_p4_NAT	GSE222315	DF.classifications_0.25_0.005_289	Singlet	pANN_0.25_0.005_289	0.0476190476190476
GSE222315_GTCATGATCAAGTCTG-1_1_1_1_1	GSE222315_p4_NAT	GSE222315	DF.classifications_0.25_0.005_289	Singlet	pANN_0.25_0.005_289	0.142857142857143
GSE222315_GTCATGATCTGTCTCG-1_1_1_1_1	GSE222315_p4_NAT	GSE222315	DF.classifications_0.25_0.005_289	Singlet	pANN_0.25_0.005_289	0.238095238095238
GSE222315_GTCATTTAGAAAGTCT-1_1_1_1_1	GSE222315_p4_NAT	GSE222315	DF.classifications_0.25_0.005_289	Singlet	pANN_0.25_0.005_289	0.214285714285714
GSE222315_GTCATTTAGCATGCAG-1_1_1_1_1	GSE222315_p4_NAT	GSE222315	DF.classifications_0.25_0.005_289	Singlet	pANN_0.25_0.005_289	0.119047619047619
GSE222315_GTCATTTAGGGCAGGA-1_1_1_1_1	GSE222315_p4_NAT	GSE222315	DF.classifications_0.25_0.005_289	Singlet	pANN_0.25_0.005_289	0.142857142857143
GSE222315_GTCATTTCATCGATGT-1_1_1_1_1	GSE222315_p4_NAT	GSE222315	DF.classifications_0.25_0.005_289	Doublet	pANN_0.25_0.005_289	0.452380952380952
GSE222315_GTCATTTCATGAAGGC-1_1_1_1_1	GSE222315_p4_NAT	GSE222315	DF.classifications_0.25_0.005_289	Singlet	pANN_0.25_0.005_289	0.119047619047619
GSE222315_GTCATTTGTCACTCTC-1_1_1_1_1	GSE222315_p4_NAT	GSE222315	DF.classifications_0.25_0.005_289	Singlet	pANN_0.25_0.005_289	0.238095238095238
GSE222315_GTCATTTGTCAGCTTA-1_1_1_1_1	GSE222315_p4_NAT	GSE222315	DF.classifications_0.25_0.005_289	Singlet	pANN_0.25_0.005_289	0.142857142857143
GSE222315_GTCATTTGTGAAGCGT-1_1_1_1_1	GSE222315_p4_NAT	GSE222315	DF.classifications_0.25_0.005_289	Singlet	pANN_0.25_0.005_289	0.0476190476190476
GSE222315_GTCATTTGTGTATTCG-1_1_1_1_1	GSE222315_p4_NAT	GSE222315	DF.classifications_0.25_0.005_289	Singlet	pANN_0.25_0.005_289	0
GSE222315_GTCATTTGTTCTGACA-1_1_1_1_1	GSE222315_p4_NAT	GSE222315	DF.classifications_0.25_0.005_289	Singlet	pANN_0.25_0.005_289	0.0476190476190476
GSE222315_GTCATTTGTTTCGTAG-1_1_1_1_1	GSE222315_p4_NAT	GSE222315	DF.classifications_0.25_0.005_289	Singlet	pANN_0.25_0.005_289	0.119047619047619
GSE222315_GTCCACTAGAGCTGAC-1_1_1_1_1	GSE222315_p4_NAT	GSE222315	DF.classifications_0.25_0.005_289	Singlet	pANN_0.25_0.005_289	0.0238095238095238
GSE222315_GTCCACTAGCACCGAA-1_1_1_1_1	GSE222315_p4_NAT	GSE222315	DF.classifications_0.25_0.005_289	Singlet	pANN_0.25_0.005_289	0.238095238095238
GSE222315_GTCCACTAGCTAGCCC-1_1_1_1_1	GSE222315_p4_NAT	GSE222315	DF.classifications_0.25_0.005_289	Singlet	pANN_0.25_0.005_289	0.0714285714285714
GSE222315_GTCCACTCAACGATCT-1_1_1_1_1	GSE222315_p4_NAT	GSE222315	DF.classifications_0.25_0.005_289	Singlet	pANN_0.25_0.005_289	0.357142857142857
GSE222315_GTCCACTCATCCTCAC-1_1_1_1_1	GSE222315_p4_NAT	GSE222315	DF.classifications_0.25_0.005_289	Singlet	pANN_0.25_0.005_289	0.19047619047619
GSE222315_GTCCACTGTCATTCCC-1_1_1_1_1	GSE222315_p4_NAT	GSE222315	DF.classifications_0.25_0.005_289	Singlet	pANN_0.25_0.005_289	0.261904761904762
GSE222315_GTCCACTGTGACATCT-1_1_1_1_1	GSE222315_p4_NAT	GSE222315	DF.classifications_0.25_0.005_289	Doublet	pANN_0.25_0.005_289	0.428571428571429
GSE222315_GTCCACTGTGCATTAC-1_1_1_1_1	GSE222315_p4_NAT	GSE222315	DF.classifications_0.25_0.005_289	Singlet	pANN_0.25_0.005_289	0.0476190476190476
GSE222315_GTCCACTGTTAGAAGT-1_1_1_1_1	GSE222315_p4_NAT	GSE222315	DF.classifications_0.25_0.005_289	Singlet	pANN_0.25_0.005_289	0.119047619047619
GSE222315_GTCCCATAGGTAGGCT-1_1_1_1_1	GSE222315_p4_NAT	GSE222315	DF.classifications_0.25_0.005_289	Singlet	pANN_0.25_0.005_289	0.261904761904762
GSE222315_GTCCCATAGTTGCTGT-1_1_1_1_1	GSE222315_p4_NAT	GSE222315	DF.classifications_0.25_0.005_289	Singlet	pANN_0.25_0.005_289	0.19047619047619
GSE222315_GTCCCATCAATTCACG-1_1_1_1_1	GSE222315_p4_NAT	GSE222315	DF.classifications_0.25_0.005_289	Singlet	pANN_0.25_0.005_289	0.214285714285714
GSE222315_GTCCCATCACATACGT-1_1_1_1_1	GSE222315_p4_NAT	GSE222315	DF.classifications_0.25_0.005_289	Singlet	pANN_0.25_0.005_289	0.142857142857143
GSE222315_GTCCCATCACGTTCGG-1_1_1_1_1	GSE222315_p4_NAT	GSE222315	DF.classifications_0.25_0.005_289	Singlet	pANN_0.25_0.005_289	0.0952380952380952
GSE222315_GTCCTCAAGCTGTTAC-1_1_1_1_1	GSE222315_p4_NAT	GSE222315	DF.classifications_0.25_0.005_289	Singlet	pANN_0.25_0.005_289	0.0238095238095238
GSE222315_GTCCTCAAGGTCCGAA-1_1_1_1_1	GSE222315_p4_NAT	GSE222315	DF.classifications_0.25_0.005_289	Singlet	pANN_0.25_0.005_289	0.261904761904762
GSE222315_GTCCTCAAGGTTGACG-1_1_1_1_1	GSE222315_p4_NAT	GSE222315	DF.classifications_0.25_0.005_289	Singlet	pANN_0.25_0.005_289	0.380952380952381
GSE222315_GTCCTCAGTTCAAGGG-1_1_1_1_1	GSE222315_p4_NAT	GSE222315	DF.classifications_0.25_0.005_289	Singlet	pANN_0.25_0.005_289	0
GSE222315_GTCCTCATCAACACGT-1_1_1_1_1	GSE222315_p4_NAT	GSE222315	DF.classifications_0.25_0.005_289	Singlet	pANN_0.25_0.005_289	0.0714285714285714
GSE222315_GTCCTCATCTACGGGC-1_1_1_1_1	GSE222315_p4_NAT	GSE222315	DF.classifications_0.25_0.005_289	Singlet	pANN_0.25_0.005_289	0.0952380952380952
GSE222315_GTCGAATAGACTGTTC-1_1_1_1_1	GSE222315_p4_NAT	GSE222315	DF.classifications_0.25_0.005_289	Singlet	pANN_0.25_0.005_289	0.0238095238095238
GSE222315_GTCGAATCAGCGTATT-1_1_1_1_1	GSE222315_p4_NAT	GSE222315	DF.classifications_0.25_0.005_289	Singlet	pANN_0.25_0.005_289	0.0476190476190476
GSE222315_GTCGAATGTTGCATTG-1_1_1_1_1	GSE222315_p4_NAT	GSE222315	DF.classifications_0.25_0.005_289	Singlet	pANN_0.25_0.005_289	0.0238095238095238
GSE222315_GTCGAATTCGCTGATA-1_1_1_1_1	GSE222315_p4_NAT	GSE222315	DF.classifications_0.25_0.005_289	Singlet	pANN_0.25_0.005_289	0.285714285714286
GSE222315_GTCGAATTCTTTGCGC-1_1_1_1_1	GSE222315_p4_NAT	GSE222315	DF.classifications_0.25_0.005_289	Singlet	pANN_0.25_0.005_289	0.0238095238095238
GSE222315_GTCGCGACAGAACTCT-1_1_1_1_1	GSE222315_p4_NAT	GSE222315	DF.classifications_0.25_0.005_289	Singlet	pANN_0.25_0.005_289	0.0714285714285714
GSE222315_GTCGCGACAGAGAGGG-1_1_1_1_1	GSE222315_p4_NAT	GSE222315	DF.classifications_0.25_0.005_289	Singlet	pANN_0.25_0.005_289	0.0714285714285714
GSE222315_GTCGCGACAGAGTAAT-1_1_1_1_1	GSE222315_p4_NAT	GSE222315	DF.classifications_0.25_0.005_289	Singlet	pANN_0.25_0.005_289	0.119047619047619
GSE222315_GTCGCGACATAGGAGC-1_1_1_1_1	GSE222315_p4_NAT	GSE222315	DF.classifications_0.25_0.005_289	Singlet	pANN_0.25_0.005_289	0.0476190476190476
GSE222315_GTCGCGATCGTGTTCC-1_1_1_1_1	GSE222315_p4_NAT	GSE222315	DF.classifications_0.25_0.005_289	Singlet	pANN_0.25_0.005_289	0.119047619047619
GSE222315_GTCGTAAAGATTGATG-1_1_1_1_1	GSE222315_p4_NAT	GSE222315	DF.classifications_0.25_0.005_289	Singlet	pANN_0.25_0.005_289	0
GSE222315_GTCGTAAAGCCGAATG-1_1_1_1_1	GSE222315_p4_NAT	GSE222315	DF.classifications_0.25_0.005_289	Singlet	pANN_0.25_0.005_289	0.261904761904762
GSE222315_GTCGTAAGTAATGTGA-1_1_1_1_1	GSE222315_p4_NAT	GSE222315	DF.classifications_0.25_0.005_289	Singlet	pANN_0.25_0.005_289	0.214285714285714
GSE222315_GTCGTAAGTTCCCAAA-1_1_1_1_1	GSE222315_p4_NAT	GSE222315	DF.classifications_0.25_0.005_289	Singlet	pANN_0.25_0.005_289	0.404761904761905
GSE222315_GTCGTAATCTACCTTA-1_1_1_1_1	GSE222315_p4_NAT	GSE222315	DF.classifications_0.25_0.005_289	Singlet	pANN_0.25_0.005_289	0.142857142857143
GSE222315_GTCGTAATCTCGTCGT-1_1_1_1_1	GSE222315_p4_NAT	GSE222315	DF.classifications_0.25_0.005_289	Singlet	pANN_0.25_0.005_289	0.19047619047619
GSE222315_GTCGTTCAGCACTAAA-1_1_1_1_1	GSE222315_p4_NAT	GSE222315	DF.classifications_0.25_0.005_289	Singlet	pANN_0.25_0.005_289	0.0952380952380952
GSE222315_GTCGTTCCAAACCATC-1_1_1_1_1	GSE222315_p4_NAT	GSE222315	DF.classifications_0.25_0.005_289	Singlet	pANN_0.25_0.005_289	0.166666666666667
GSE222315_GTCGTTCCAACTTGGT-1_1_1_1_1	GSE222315_p4_NAT	GSE222315	DF.classifications_0.25_0.005_289	Singlet	pANN_0.25_0.005_289	0.0238095238095238
GSE222315_GTCGTTCCAAGCAGGT-1_1_1_1_1	GSE222315_p4_NAT	GSE222315	DF.classifications_0.25_0.005_289	Singlet	pANN_0.25_0.005_289	0.285714285714286
GSE222315_GTCGTTCCAGTAACCT-1_1_1_1_1	GSE222315_p4_NAT	GSE222315	DF.classifications_0.25_0.005_289	Singlet	pANN_0.25_0.005_289	0.285714285714286
GSE222315_GTCGTTCCATCGCCTT-1_1_1_1_1	GSE222315_p4_NAT	GSE222315	DF.classifications_0.25_0.005_289	Singlet	pANN_0.25_0.005_289	0.214285714285714
GSE222315_GTCGTTCGTCTTCTAT-1_1_1_1_1	GSE222315_p4_NAT	GSE222315	DF.classifications_0.25_0.005_289	Singlet	pANN_0.25_0.005_289	0.166666666666667
GSE222315_GTCGTTCGTGAGTGAC-1_1_1_1_1	GSE222315_p4_NAT	GSE222315	DF.classifications_0.25_0.005_289	Singlet	pANN_0.25_0.005_289	0.333333333333333
GSE222315_GTCGTTCGTGCATTAC-1_1_1_1_1	GSE222315_p4_NAT	GSE222315	DF.classifications_0.25_0.005_289	Singlet	pANN_0.25_0.005_289	0.30952380952381
GSE222315_GTCGTTCTCAAGCTGT-1_1_1_1_1	GSE222315_p4_NAT	GSE222315	DF.classifications_0.25_0.005_289	Singlet	pANN_0.25_0.005_289	0.0714285714285714
GSE222315_GTCTACCCAGGCGAAT-1_1_1_1_1	GSE222315_p4_NAT	GSE222315	DF.classifications_0.25_0.005_289	Singlet	pANN_0.25_0.005_289	0.0952380952380952
GSE222315_GTCTACCGTAGTAAGT-1_1_1_1_1	GSE222315_p4_NAT	GSE222315	DF.classifications_0.25_0.005_289	Singlet	pANN_0.25_0.005_289	0.404761904761905
GSE222315_GTCTACCGTCGTTCAA-1_1_1_1_1	GSE222315_p4_NAT	GSE222315	DF.classifications_0.25_0.005_289	Singlet	pANN_0.25_0.005_289	0.0238095238095238
GSE222315_GTCTACCGTGGCCACT-1_1_1_1_1	GSE222315_p4_NAT	GSE222315	DF.classifications_0.25_0.005_289	Singlet	pANN_0.25_0.005_289	0.30952380952381
GSE222315_GTCTAGAAGCCTCACG-1_1_1_1_1	GSE222315_p4_NAT	GSE222315	DF.classifications_0.25_0.005_289	Singlet	pANN_0.25_0.005_289	0.0952380952380952
GSE222315_GTCTAGAAGCGTGCCT-1_1_1_1_1	GSE222315_p4_NAT	GSE222315	DF.classifications_0.25_0.005_289	Singlet	pANN_0.25_0.005_289	0.380952380952381
GSE222315_GTCTAGAAGCGTTCAT-1_1_1_1_1	GSE222315_p4_NAT	GSE222315	DF.classifications_0.25_0.005_289	Singlet	pANN_0.25_0.005_289	0.0952380952380952
GSE222315_GTCTAGAAGTGCTCAT-1_1_1_1_1	GSE222315_p4_NAT	GSE222315	DF.classifications_0.25_0.005_289	Singlet	pANN_0.25_0.005_289	0.119047619047619
GSE222315_GTCTAGAGTTTGTTCT-1_1_1_1_1	GSE222315_p4_NAT	GSE222315	DF.classifications_0.25_0.005_289	Singlet	pANN_0.25_0.005_289	0.30952380952381
GSE222315_GTCTAGATCGAACGGA-1_1_1_1_1	GSE222315_p4_NAT	GSE222315	DF.classifications_0.25_0.005_289	Singlet	pANN_0.25_0.005_289	0.261904761904762
GSE222315_GTCTCACAGCACCCAC-1_1_1_1_1	GSE222315_p4_NAT	GSE222315	DF.classifications_0.25_0.005_289	Singlet	pANN_0.25_0.005_289	0.119047619047619
GSE222315_GTCTCACAGGGATGTC-1_1_1_1_1	GSE222315_p4_NAT	GSE222315	DF.classifications_0.25_0.005_289	Singlet	pANN_0.25_0.005_289	0.0238095238095238
GSE222315_GTCTCACCAAACCACT-1_1_1_1_1	GSE222315_p4_NAT	GSE222315	DF.classifications_0.25_0.005_289	Singlet	pANN_0.25_0.005_289	0.0476190476190476
GSE222315_GTCTCACCAACACAAA-1_1_1_1_1	GSE222315_p4_NAT	GSE222315	DF.classifications_0.25_0.005_289	Singlet	pANN_0.25_0.005_289	0.214285714285714
GSE222315_GTCTCACCAGAACATA-1_1_1_1_1	GSE222315_p4_NAT	GSE222315	DF.classifications_0.25_0.005_289	Singlet	pANN_0.25_0.005_289	0.19047619047619
GSE222315_GTCTCACGTAAGTTAG-1_1_1_1_1	GSE222315_p4_NAT	GSE222315	DF.classifications_0.25_0.005_289	Singlet	pANN_0.25_0.005_289	0.142857142857143
GSE222315_GTCTCACGTGGCACTC-1_1_1_1_1	GSE222315_p4_NAT	GSE222315	DF.classifications_0.25_0.005_289	Singlet	pANN_0.25_0.005_289	0.214285714285714
GSE222315_GTCTCACTCATTGTTC-1_1_1_1_1	GSE222315_p4_NAT	GSE222315	DF.classifications_0.25_0.005_289	Singlet	pANN_0.25_0.005_289	0.0952380952380952
GSE222315_GTCTCACTCCCAAGTA-1_1_1_1_1	GSE222315_p4_NAT	GSE222315	DF.classifications_0.25_0.005_289	Singlet	pANN_0.25_0.005_289	0.166666666666667
GSE222315_GTCTCACTCCCTCATG-1_1_1_1_1	GSE222315_p4_NAT	GSE222315	DF.classifications_0.25_0.005_289	Singlet	pANN_0.25_0.005_289	0.19047619047619
GSE222315_GTCTCACTCCGTTGAA-1_1_1_1_1	GSE222315_p4_NAT	GSE222315	DF.classifications_0.25_0.005_289	Singlet	pANN_0.25_0.005_289	0.119047619047619
GSE222315_GTCTCACTCTAAGCGT-1_1_1_1_1	GSE222315_p4_NAT	GSE222315	DF.classifications_0.25_0.005_289	Singlet	pANN_0.25_0.005_289	0.30952380952381
GSE222315_GTCTGTCAGACCAGCA-1_1_1_1_1	GSE222315_p4_NAT	GSE222315	DF.classifications_0.25_0.005_289	Singlet	pANN_0.25_0.005_289	0
GSE222315_GTCTGTCAGATCCCAT-1_1_1_1_1	GSE222315_p4_NAT	GSE222315	DF.classifications_0.25_0.005_289	Singlet	pANN_0.25_0.005_289	0.0714285714285714
GSE222315_GTCTGTCAGGTTGGTG-1_1_1_1_1	GSE222315_p4_NAT	GSE222315	DF.classifications_0.25_0.005_289	Doublet	pANN_0.25_0.005_289	0.5
GSE222315_GTCTGTCCACCCTTAC-1_1_1_1_1	GSE222315_p4_NAT	GSE222315	DF.classifications_0.25_0.005_289	Singlet	pANN_0.25_0.005_289	0.285714285714286
GSE222315_GTCTGTCGTGGCAACA-1_1_1_1_1	GSE222315_p4_NAT	GSE222315	DF.classifications_0.25_0.005_289	Singlet	pANN_0.25_0.005_289	0.404761904761905
GSE222315_GTCTGTCGTGTCTTGA-1_1_1_1_1	GSE222315_p4_NAT	GSE222315	DF.classifications_0.25_0.005_289	Singlet	pANN_0.25_0.005_289	0.261904761904762
GSE222315_GTCTGTCGTTCCCACT-1_1_1_1_1	GSE222315_p4_NAT	GSE222315	DF.classifications_0.25_0.005_289	Singlet	pANN_0.25_0.005_289	0.0238095238095238
GSE222315_GTCTGTCTCTGGTCAA-1_1_1_1_1	GSE222315_p4_NAT	GSE222315	DF.classifications_0.25_0.005_289	Singlet	pANN_0.25_0.005_289	0.30952380952381
GSE222315_GTCTTTAAGAAGCGCT-1_1_1_1_1	GSE222315_p4_NAT	GSE222315	DF.classifications_0.25_0.005_289	Singlet	pANN_0.25_0.005_289	0.0476190476190476
GSE222315_GTCTTTAAGTGCGTCC-1_1_1_1_1	GSE222315_p4_NAT	GSE222315	DF.classifications_0.25_0.005_289	Singlet	pANN_0.25_0.005_289	0.380952380952381
GSE222315_GTCTTTACAAAGAGTT-1_1_1_1_1	GSE222315_p4_NAT	GSE222315	DF.classifications_0.25_0.005_289	Singlet	pANN_0.25_0.005_289	0.0238095238095238
GSE222315_GTCTTTACAAGCTCTA-1_1_1_1_1	GSE222315_p4_NAT	GSE222315	DF.classifications_0.25_0.005_289	Singlet	pANN_0.25_0.005_289	0
GSE222315_GTCTTTACAGTTGCGC-1_1_1_1_1	GSE222315_p4_NAT	GSE222315	DF.classifications_0.25_0.005_289	Singlet	pANN_0.25_0.005_289	0
GSE222315_GTCTTTATCATCTACT-1_1_1_1_1	GSE222315_p4_NAT	GSE222315	DF.classifications_0.25_0.005_289	Singlet	pANN_0.25_0.005_289	0.285714285714286
GSE222315_GTCTTTATCTGCATAG-1_1_1_1_1	GSE222315_p4_NAT	GSE222315	DF.classifications_0.25_0.005_289	Singlet	pANN_0.25_0.005_289	0.30952380952381
GSE222315_GTCTTTATCTGCTGAA-1_1_1_1_1	GSE222315_p4_NAT	GSE222315	DF.classifications_0.25_0.005_289	Singlet	pANN_0.25_0.005_289	0.0238095238095238
GSE222315_GTGACGCAGATCCTAC-1_1_1_1_1	GSE222315_p4_NAT	GSE222315	DF.classifications_0.25_0.005_289	Singlet	pANN_0.25_0.005_289	0
GSE222315_GTGACGCAGTCATTGC-1_1_1_1_1	GSE222315_p4_NAT	GSE222315	DF.classifications_0.25_0.005_289	Singlet	pANN_0.25_0.005_289	0
GSE222315_GTGACGCTCTGGTGGC-1_1_1_1_1	GSE222315_p4_NAT	GSE222315	DF.classifications_0.25_0.005_289	Singlet	pANN_0.25_0.005_289	0.285714285714286
GSE222315_GTGAGCCAGAGGTTTA-1_1_1_1_1	GSE222315_p4_NAT	GSE222315	DF.classifications_0.25_0.005_289	Singlet	pANN_0.25_0.005_289	0.19047619047619
GSE222315_GTGAGCCAGTGCAGGT-1_1_1_1_1	GSE222315_p4_NAT	GSE222315	DF.classifications_0.25_0.005_289	Singlet	pANN_0.25_0.005_289	0
GSE222315_GTGAGCCGTCGGCCTA-1_1_1_1_1	GSE222315_p4_NAT	GSE222315	DF.classifications_0.25_0.005_289	Doublet	pANN_0.25_0.005_289	0.80952380952381
GSE222315_GTGAGCCGTGGGTTGA-1_1_1_1_1	GSE222315_p4_NAT	GSE222315	DF.classifications_0.25_0.005_289	Singlet	pANN_0.25_0.005_289	0.214285714285714
GSE222315_GTGAGCCGTTAAGAAC-1_1_1_1_1	GSE222315_p4_NAT	GSE222315	DF.classifications_0.25_0.005_289	Singlet	pANN_0.25_0.005_289	0.0714285714285714
GSE222315_GTGAGCCGTTGGTAGG-1_1_1_1_1	GSE222315_p4_NAT	GSE222315	DF.classifications_0.25_0.005_289	Singlet	pANN_0.25_0.005_289	0.261904761904762
GSE222315_GTGAGCCGTTTACGTG-1_1_1_1_1	GSE222315_p4_NAT	GSE222315	DF.classifications_0.25_0.005_289	Doublet	pANN_0.25_0.005_289	0.619047619047619
GSE222315_GTGAGCCTCACAAGGG-1_1_1_1_1	GSE222315_p4_NAT	GSE222315	DF.classifications_0.25_0.005_289	Singlet	pANN_0.25_0.005_289	0.142857142857143
GSE222315_GTGAGCCTCTACCTTA-1_1_1_1_1	GSE222315_p4_NAT	GSE222315	DF.classifications_0.25_0.005_289	Singlet	pANN_0.25_0.005_289	0.285714285714286
GSE222315_GTGAGCCTCTAGAACC-1_1_1_1_1	GSE222315_p4_NAT	GSE222315	DF.classifications_0.25_0.005_289	Singlet	pANN_0.25_0.005_289	0.214285714285714
GSE222315_GTGAGCCTCTCCACTG-1_1_1_1_1	GSE222315_p4_NAT	GSE222315	DF.classifications_0.25_0.005_289	Singlet	pANN_0.25_0.005_289	0.214285714285714
GSE222315_GTGAGCCTCTTCACAT-1_1_1_1_1	GSE222315_p4_NAT	GSE222315	DF.classifications_0.25_0.005_289	Singlet	pANN_0.25_0.005_289	0.0952380952380952
GSE222315_GTGAGGAGTAGGTCAG-1_1_1_1_1	GSE222315_p4_NAT	GSE222315	DF.classifications_0.25_0.005_289	Singlet	pANN_0.25_0.005_289	0.404761904761905
GSE222315_GTGAGGAGTTGGTGTT-1_1_1_1_1	GSE222315_p4_NAT	GSE222315	DF.classifications_0.25_0.005_289	Singlet	pANN_0.25_0.005_289	0.166666666666667
GSE222315_GTGAGGATCAATCGGT-1_1_1_1_1	GSE222315_p4_NAT	GSE222315	DF.classifications_0.25_0.005_289	Singlet	pANN_0.25_0.005_289	0.19047619047619
GSE222315_GTGAGTTAGTTGGAGC-1_1_1_1_1	GSE222315_p4_NAT	GSE222315	DF.classifications_0.25_0.005_289	Singlet	pANN_0.25_0.005_289	0.238095238095238
GSE222315_GTGAGTTCACTTCAAG-1_1_1_1_1	GSE222315_p4_NAT	GSE222315	DF.classifications_0.25_0.005_289	Singlet	pANN_0.25_0.005_289	0
GSE222315_GTGAGTTGTACCCGCA-1_1_1_1_1	GSE222315_p4_NAT	GSE222315	DF.classifications_0.25_0.005_289	Singlet	pANN_0.25_0.005_289	0.0476190476190476
GSE222315_GTGAGTTGTTCCGTTC-1_1_1_1_1	GSE222315_p4_NAT	GSE222315	DF.classifications_0.25_0.005_289	Singlet	pANN_0.25_0.005_289	0
GSE222315_GTGATGTAGAACAGGA-1_1_1_1_1	GSE222315_p4_NAT	GSE222315	DF.classifications_0.25_0.005_289	Singlet	pANN_0.25_0.005_289	0.238095238095238
GSE222315_GTGATGTAGGCCGCTT-1_1_1_1_1	GSE222315_p4_NAT	GSE222315	DF.classifications_0.25_0.005_289	Singlet	pANN_0.25_0.005_289	0.0714285714285714
GSE222315_GTGATGTCACCTCTAC-1_1_1_1_1	GSE222315_p4_NAT	GSE222315	DF.classifications_0.25_0.005_289	Singlet	pANN_0.25_0.005_289	0
GSE222315_GTGATGTCAGTAGAAT-1_1_1_1_1	GSE222315_p4_NAT	GSE222315	DF.classifications_0.25_0.005_289	Singlet	pANN_0.25_0.005_289	0.0238095238095238
GSE222315_GTGATGTGTAGCTGCC-1_1_1_1_1	GSE222315_p4_NAT	GSE222315	DF.classifications_0.25_0.005_289	Singlet	pANN_0.25_0.005_289	0.285714285714286
GSE222315_GTGATGTGTCTGTGAT-1_1_1_1_1	GSE222315_p4_NAT	GSE222315	DF.classifications_0.25_0.005_289	Singlet	pANN_0.25_0.005_289	0.0476190476190476
GSE222315_GTGATGTGTGGCTCTG-1_1_1_1_1	GSE222315_p4_NAT	GSE222315	DF.classifications_0.25_0.005_289	Singlet	pANN_0.25_0.005_289	0.142857142857143
GSE222315_GTGCACGAGCGATGGT-1_1_1_1_1	GSE222315_p4_NAT	GSE222315	DF.classifications_0.25_0.005_289	Singlet	pANN_0.25_0.005_289	0.0952380952380952
GSE222315_GTGCACGGTCAGCGTC-1_1_1_1_1	GSE222315_p4_NAT	GSE222315	DF.classifications_0.25_0.005_289	Doublet	pANN_0.25_0.005_289	0.452380952380952
GSE222315_GTGCACGTCTGCGAGC-1_1_1_1_1	GSE222315_p4_NAT	GSE222315	DF.classifications_0.25_0.005_289	Singlet	pANN_0.25_0.005_289	0.261904761904762
GSE222315_GTGCAGCAGACAACTA-1_1_1_1_1	GSE222315_p4_NAT	GSE222315	DF.classifications_0.25_0.005_289	Singlet	pANN_0.25_0.005_289	0.357142857142857
GSE222315_GTGCAGCAGTCAGCGA-1_1_1_1_1	GSE222315_p4_NAT	GSE222315	DF.classifications_0.25_0.005_289	Singlet	pANN_0.25_0.005_289	0.214285714285714
GSE222315_GTGCAGCAGTCATCCA-1_1_1_1_1	GSE222315_p4_NAT	GSE222315	DF.classifications_0.25_0.005_289	Singlet	pANN_0.25_0.005_289	0.0238095238095238
GSE222315_GTGCAGCTCAAGCCCG-1_1_1_1_1	GSE222315_p4_NAT	GSE222315	DF.classifications_0.25_0.005_289	Singlet	pANN_0.25_0.005_289	0.166666666666667
GSE222315_GTGCAGCTCCGTGGTG-1_1_1_1_1	GSE222315_p4_NAT	GSE222315	DF.classifications_0.25_0.005_289	Singlet	pANN_0.25_0.005_289	0.0476190476190476
GSE222315_GTGCGTGAGCGATTCT-1_1_1_1_1	GSE222315_p4_NAT	GSE222315	DF.classifications_0.25_0.005_289	Singlet	pANN_0.25_0.005_289	0.19047619047619
GSE222315_GTGCGTGAGGTTACAA-1_1_1_1_1	GSE222315_p4_NAT	GSE222315	DF.classifications_0.25_0.005_289	Singlet	pANN_0.25_0.005_289	0.238095238095238
GSE222315_GTGCGTGGTGTAAATG-1_1_1_1_1	GSE222315_p4_NAT	GSE222315	DF.classifications_0.25_0.005_289	Doublet	pANN_0.25_0.005_289	0.619047619047619
GSE222315_GTGCGTGTCCAAACCA-1_1_1_1_1	GSE222315_p4_NAT	GSE222315	DF.classifications_0.25_0.005_289	Singlet	pANN_0.25_0.005_289	0.261904761904762
GSE222315_GTGCTGGAGGAAGTCC-1_1_1_1_1	GSE222315_p4_NAT	GSE222315	DF.classifications_0.25_0.005_289	Singlet	pANN_0.25_0.005_289	0.0238095238095238
GSE222315_GTGCTGGCAAGTCCCG-1_1_1_1_1	GSE222315_p4_NAT	GSE222315	DF.classifications_0.25_0.005_289	Singlet	pANN_0.25_0.005_289	0.119047619047619
GSE222315_GTGCTGGCACCAGTTA-1_1_1_1_1	GSE222315_p4_NAT	GSE222315	DF.classifications_0.25_0.005_289	Singlet	pANN_0.25_0.005_289	0.285714285714286
GSE222315_GTGCTGGTCCCATAGA-1_1_1_1_1	GSE222315_p4_NAT	GSE222315	DF.classifications_0.25_0.005_289	Singlet	pANN_0.25_0.005_289	0.166666666666667
GSE222315_GTGCTTCAGGACAGCT-1_1_1_1_1	GSE222315_p4_NAT	GSE222315	DF.classifications_0.25_0.005_289	Singlet	pANN_0.25_0.005_289	0
GSE222315_GTGCTTCCAGTGACCC-1_1_1_1_1	GSE222315_p4_NAT	GSE222315	DF.classifications_0.25_0.005_289	Singlet	pANN_0.25_0.005_289	0.214285714285714
GSE222315_GTGCTTCGTGGCAACA-1_1_1_1_1	GSE222315_p4_NAT	GSE222315	DF.classifications_0.25_0.005_289	Singlet	pANN_0.25_0.005_289	0.0238095238095238
GSE222315_GTGCTTCTCAGCACCG-1_1_1_1_1	GSE222315_p4_NAT	GSE222315	DF.classifications_0.25_0.005_289	Singlet	pANN_0.25_0.005_289	0.119047619047619
GSE222315_GTGCTTCTCTGGTTGA-1_1_1_1_1	GSE222315_p4_NAT	GSE222315	DF.classifications_0.25_0.005_289	Singlet	pANN_0.25_0.005_289	0.119047619047619
GSE222315_GTGGAAGAGATTGATG-1_1_1_1_1	GSE222315_p4_NAT	GSE222315	DF.classifications_0.25_0.005_289	Singlet	pANN_0.25_0.005_289	0
GSE222315_GTGGAAGAGGACACTG-1_1_1_1_1	GSE222315_p4_NAT	GSE222315	DF.classifications_0.25_0.005_289	Singlet	pANN_0.25_0.005_289	0.19047619047619
GSE222315_GTGGAAGGTCAAACGG-1_1_1_1_1	GSE222315_p4_NAT	GSE222315	DF.classifications_0.25_0.005_289	Singlet	pANN_0.25_0.005_289	0.285714285714286
GSE222315_GTGGAAGGTTAGGCTT-1_1_1_1_1	GSE222315_p4_NAT	GSE222315	DF.classifications_0.25_0.005_289	Singlet	pANN_0.25_0.005_289	0.0238095238095238
GSE222315_GTGGAAGTCCCATTTA-1_1_1_1_1	GSE222315_p4_NAT	GSE222315	DF.classifications_0.25_0.005_289	Singlet	pANN_0.25_0.005_289	0.380952380952381
GSE222315_GTGGAAGTCCTCAGAA-1_1_1_1_1	GSE222315_p4_NAT	GSE222315	DF.classifications_0.25_0.005_289	Singlet	pANN_0.25_0.005_289	0.0952380952380952
GSE222315_GTGGAGAAGCGCCATC-1_1_1_1_1	GSE222315_p4_NAT	GSE222315	DF.classifications_0.25_0.005_289	Doublet	pANN_0.25_0.005_289	0.428571428571429
GSE222315_GTGGAGACAATACCCA-1_1_1_1_1	GSE222315_p4_NAT	GSE222315	DF.classifications_0.25_0.005_289	Singlet	pANN_0.25_0.005_289	0.238095238095238
GSE222315_GTGGAGACAGAGGCAT-1_1_1_1_1	GSE222315_p4_NAT	GSE222315	DF.classifications_0.25_0.005_289	Singlet	pANN_0.25_0.005_289	0.214285714285714
GSE222315_GTGGCGTAGACCCGCT-1_1_1_1_1	GSE222315_p4_NAT	GSE222315	DF.classifications_0.25_0.005_289	Singlet	pANN_0.25_0.005_289	0.0476190476190476
GSE222315_GTGGCGTAGAGGGCGA-1_1_1_1_1	GSE222315_p4_NAT	GSE222315	DF.classifications_0.25_0.005_289	Singlet	pANN_0.25_0.005_289	0.214285714285714
GSE222315_GTGGCGTAGCACTTTG-1_1_1_1_1	GSE222315_p4_NAT	GSE222315	DF.classifications_0.25_0.005_289	Singlet	pANN_0.25_0.005_289	0.333333333333333
GSE222315_GTGGCGTCAAGGGTCA-1_1_1_1_1	GSE222315_p4_NAT	GSE222315	DF.classifications_0.25_0.005_289	Singlet	pANN_0.25_0.005_289	0.30952380952381
GSE222315_GTGGCGTGTACAAGTA-1_1_1_1_1	GSE222315_p4_NAT	GSE222315	DF.classifications_0.25_0.005_289	Singlet	pANN_0.25_0.005_289	0.0952380952380952
GSE222315_GTGGGAAAGACAAGCC-1_1_1_1_1	GSE222315_p4_NAT	GSE222315	DF.classifications_0.25_0.005_289	Singlet	pANN_0.25_0.005_289	0.333333333333333
GSE222315_GTGGGAAAGTCAAGCG-1_1_1_1_1	GSE222315_p4_NAT	GSE222315	DF.classifications_0.25_0.005_289	Singlet	pANN_0.25_0.005_289	0.142857142857143
GSE222315_GTGGGAAAGTCCTGCG-1_1_1_1_1	GSE222315_p4_NAT	GSE222315	DF.classifications_0.25_0.005_289	Singlet	pANN_0.25_0.005_289	0.0952380952380952
GSE222315_GTGGGAACAAACACCT-1_1_1_1_1	GSE222315_p4_NAT	GSE222315	DF.classifications_0.25_0.005_289	Singlet	pANN_0.25_0.005_289	0.19047619047619
GSE222315_GTGGGAACACACCGAC-1_1_1_1_1	GSE222315_p4_NAT	GSE222315	DF.classifications_0.25_0.005_289	Singlet	pANN_0.25_0.005_289	0.142857142857143
GSE222315_GTGGGAACACGAGGTA-1_1_1_1_1	GSE222315_p4_NAT	GSE222315	DF.classifications_0.25_0.005_289	Singlet	pANN_0.25_0.005_289	0.214285714285714
GSE222315_GTGGGAAGTGTCACAT-1_1_1_1_1	GSE222315_p4_NAT	GSE222315	DF.classifications_0.25_0.005_289	Singlet	pANN_0.25_0.005_289	0.30952380952381
GSE222315_GTGGGAATCCTGTAAG-1_1_1_1_1	GSE222315_p4_NAT	GSE222315	DF.classifications_0.25_0.005_289	Singlet	pANN_0.25_0.005_289	0
GSE222315_GTGGGAATCTACTTCA-1_1_1_1_1	GSE222315_p4_NAT	GSE222315	DF.classifications_0.25_0.005_289	Singlet	pANN_0.25_0.005_289	0.404761904761905
GSE222315_GTGGTTAAGCATGCAG-1_1_1_1_1	GSE222315_p4_NAT	GSE222315	DF.classifications_0.25_0.005_289	Singlet	pANN_0.25_0.005_289	0.166666666666667
GSE222315_GTGGTTACACGTACAT-1_1_1_1_1	GSE222315_p4_NAT	GSE222315	DF.classifications_0.25_0.005_289	Singlet	pANN_0.25_0.005_289	0.357142857142857
GSE222315_GTGGTTACAGGTACGA-1_1_1_1_1	GSE222315_p4_NAT	GSE222315	DF.classifications_0.25_0.005_289	Singlet	pANN_0.25_0.005_289	0.357142857142857
GSE222315_GTGGTTACATGGCTAT-1_1_1_1_1	GSE222315_p4_NAT	GSE222315	DF.classifications_0.25_0.005_289	Singlet	pANN_0.25_0.005_289	0.261904761904762
GSE222315_GTGGTTAGTCGAATTC-1_1_1_1_1	GSE222315_p4_NAT	GSE222315	DF.classifications_0.25_0.005_289	Singlet	pANN_0.25_0.005_289	0.214285714285714
GSE222315_GTGGTTATCCCTTCCC-1_1_1_1_1	GSE222315_p4_NAT	GSE222315	DF.classifications_0.25_0.005_289	Singlet	pANN_0.25_0.005_289	0.119047619047619
GSE222315_GTGTAACCAGTAGAAT-1_1_1_1_1	GSE222315_p4_NAT	GSE222315	DF.classifications_0.25_0.005_289	Singlet	pANN_0.25_0.005_289	0.0238095238095238
GSE222315_GTGTAACGTCTAGGTT-1_1_1_1_1	GSE222315_p4_NAT	GSE222315	DF.classifications_0.25_0.005_289	Singlet	pANN_0.25_0.005_289	0.119047619047619
GSE222315_GTGTAACGTTGCTGAT-1_1_1_1_1	GSE222315_p4_NAT	GSE222315	DF.classifications_0.25_0.005_289	Singlet	pANN_0.25_0.005_289	0.119047619047619
GSE222315_GTGTAACGTTTCTATC-1_1_1_1_1	GSE222315_p4_NAT	GSE222315	DF.classifications_0.25_0.005_289	Singlet	pANN_0.25_0.005_289	0.0238095238095238
GSE222315_GTGTAACTCTAGGAAA-1_1_1_1_1	GSE222315_p4_NAT	GSE222315	DF.classifications_0.25_0.005_289	Singlet	pANN_0.25_0.005_289	0.142857142857143
GSE222315_GTGTCCTAGTACAACA-1_1_1_1_1	GSE222315_p4_NAT	GSE222315	DF.classifications_0.25_0.005_289	Singlet	pANN_0.25_0.005_289	0.166666666666667
GSE222315_GTGTCCTGTGGGTTGA-1_1_1_1_1	GSE222315_p4_NAT	GSE222315	DF.classifications_0.25_0.005_289	Singlet	pANN_0.25_0.005_289	0.166666666666667
GSE222315_GTGTCCTTCACATACG-1_1_1_1_1	GSE222315_p4_NAT	GSE222315	DF.classifications_0.25_0.005_289	Singlet	pANN_0.25_0.005_289	0.119047619047619
GSE222315_GTGTCCTTCGCGCTGA-1_1_1_1_1	GSE222315_p4_NAT	GSE222315	DF.classifications_0.25_0.005_289	Singlet	pANN_0.25_0.005_289	0.119047619047619
GSE222315_GTGTGATTCACGATAC-1_1_1_1_1	GSE222315_p4_NAT	GSE222315	DF.classifications_0.25_0.005_289	Singlet	pANN_0.25_0.005_289	0.119047619047619
GSE222315_GTGTGATTCGTTCCTG-1_1_1_1_1	GSE222315_p4_NAT	GSE222315	DF.classifications_0.25_0.005_289	Singlet	pANN_0.25_0.005_289	0.142857142857143
GSE222315_GTGTGATTCTCGTCAC-1_1_1_1_1	GSE222315_p4_NAT	GSE222315	DF.classifications_0.25_0.005_289	Singlet	pANN_0.25_0.005_289	0
GSE222315_GTGTGGCAGCACGTCC-1_1_1_1_1	GSE222315_p4_NAT	GSE222315	DF.classifications_0.25_0.005_289	Singlet	pANN_0.25_0.005_289	0.404761904761905
GSE222315_GTGTGGCAGGGATCGT-1_1_1_1_1	GSE222315_p4_NAT	GSE222315	DF.classifications_0.25_0.005_289	Doublet	pANN_0.25_0.005_289	0.452380952380952
GSE222315_GTGTGGCCAAATAAGC-1_1_1_1_1	GSE222315_p4_NAT	GSE222315	DF.classifications_0.25_0.005_289	Singlet	pANN_0.25_0.005_289	0.0952380952380952
GSE222315_GTGTGGCCACGCGCTA-1_1_1_1_1	GSE222315_p4_NAT	GSE222315	DF.classifications_0.25_0.005_289	Singlet	pANN_0.25_0.005_289	0.380952380952381
GSE222315_GTGTGGCCATCGGAGA-1_1_1_1_1	GSE222315_p4_NAT	GSE222315	DF.classifications_0.25_0.005_289	Singlet	pANN_0.25_0.005_289	0
GSE222315_GTGTGGCGTACAGAGC-1_1_1_1_1	GSE222315_p4_NAT	GSE222315	DF.classifications_0.25_0.005_289	Singlet	pANN_0.25_0.005_289	0.142857142857143
GSE222315_GTGTGGCGTTATGTGC-1_1_1_1_1	GSE222315_p4_NAT	GSE222315	DF.classifications_0.25_0.005_289	Singlet	pANN_0.25_0.005_289	0
GSE222315_GTGTGGCTCTTCTCAA-1_1_1_1_1	GSE222315_p4_NAT	GSE222315	DF.classifications_0.25_0.005_289	Singlet	pANN_0.25_0.005_289	0.0952380952380952
GSE222315_GTGTTAGAGCTCATAC-1_1_1_1_1	GSE222315_p4_NAT	GSE222315	DF.classifications_0.25_0.005_289	Singlet	pANN_0.25_0.005_289	0.238095238095238
GSE222315_GTGTTAGAGGGCGAGA-1_1_1_1_1	GSE222315_p4_NAT	GSE222315	DF.classifications_0.25_0.005_289	Singlet	pANN_0.25_0.005_289	0.0238095238095238
GSE222315_GTGTTAGCATCTTAGG-1_1_1_1_1	GSE222315_p4_NAT	GSE222315	DF.classifications_0.25_0.005_289	Singlet	pANN_0.25_0.005_289	0.0476190476190476
GSE222315_GTGTTAGGTATGGTAA-1_1_1_1_1	GSE222315_p4_NAT	GSE222315	DF.classifications_0.25_0.005_289	Singlet	pANN_0.25_0.005_289	0
GSE222315_GTGTTAGGTGCGGTAA-1_1_1_1_1	GSE222315_p4_NAT	GSE222315	DF.classifications_0.25_0.005_289	Singlet	pANN_0.25_0.005_289	0.166666666666667
GSE222315_GTGTTAGGTTGCCATA-1_1_1_1_1	GSE222315_p4_NAT	GSE222315	DF.classifications_0.25_0.005_289	Singlet	pANN_0.25_0.005_289	0.261904761904762
GSE222315_GTGTTAGTCCCAACTC-1_1_1_1_1	GSE222315_p4_NAT	GSE222315	DF.classifications_0.25_0.005_289	Singlet	pANN_0.25_0.005_289	0.238095238095238
GSE222315_GTGTTAGTCCTATGGA-1_1_1_1_1	GSE222315_p4_NAT	GSE222315	DF.classifications_0.25_0.005_289	Doublet	pANN_0.25_0.005_289	0.547619047619048
GSE222315_GTGTTAGTCGGTAAGG-1_1_1_1_1	GSE222315_p4_NAT	GSE222315	DF.classifications_0.25_0.005_289	Singlet	pANN_0.25_0.005_289	0.166666666666667
GSE222315_GTGTTAGTCGTAACAC-1_1_1_1_1	GSE222315_p4_NAT	GSE222315	DF.classifications_0.25_0.005_289	Singlet	pANN_0.25_0.005_289	0.166666666666667
GSE222315_GTGTTAGTCTACTCAT-1_1_1_1_1	GSE222315_p4_NAT	GSE222315	DF.classifications_0.25_0.005_289	Singlet	pANN_0.25_0.005_289	0.166666666666667
GSE222315_GTGTTCCAGGTCGAGT-1_1_1_1_1	GSE222315_p4_NAT	GSE222315	DF.classifications_0.25_0.005_289	Singlet	pANN_0.25_0.005_289	0
GSE222315_GTGTTCCCATCCTTCG-1_1_1_1_1	GSE222315_p4_NAT	GSE222315	DF.classifications_0.25_0.005_289	Singlet	pANN_0.25_0.005_289	0.0714285714285714
GSE222315_GTGTTCCGTCTTCAAG-1_1_1_1_1	GSE222315_p4_NAT	GSE222315	DF.classifications_0.25_0.005_289	Singlet	pANN_0.25_0.005_289	0.19047619047619
GSE222315_GTGTTCCGTGGGACAT-1_1_1_1_1	GSE222315_p4_NAT	GSE222315	DF.classifications_0.25_0.005_289	Singlet	pANN_0.25_0.005_289	0.333333333333333
GSE222315_GTTACAGCAGTATGAA-1_1_1_1_1	GSE222315_p4_NAT	GSE222315	DF.classifications_0.25_0.005_289	Singlet	pANN_0.25_0.005_289	0.119047619047619
GSE222315_GTTACAGCATACACCA-1_1_1_1_1	GSE222315_p4_NAT	GSE222315	DF.classifications_0.25_0.005_289	Singlet	pANN_0.25_0.005_289	0.30952380952381
GSE222315_GTTACAGTCTAAGAAG-1_1_1_1_1	GSE222315_p4_NAT	GSE222315	DF.classifications_0.25_0.005_289	Singlet	pANN_0.25_0.005_289	0
GSE222315_GTTACCCAGACGAAGA-1_1_1_1_1	GSE222315_p4_NAT	GSE222315	DF.classifications_0.25_0.005_289	Singlet	pANN_0.25_0.005_289	0.0952380952380952
GSE222315_GTTACCCAGACTGGGT-1_1_1_1_1	GSE222315_p4_NAT	GSE222315	DF.classifications_0.25_0.005_289	Singlet	pANN_0.25_0.005_289	0.0714285714285714
GSE222315_GTTACCCCATATGAAG-1_1_1_1_1	GSE222315_p4_NAT	GSE222315	DF.classifications_0.25_0.005_289	Singlet	pANN_0.25_0.005_289	0.404761904761905
GSE222315_GTTACCCGTCCAGCAC-1_1_1_1_1	GSE222315_p4_NAT	GSE222315	DF.classifications_0.25_0.005_289	Singlet	pANN_0.25_0.005_289	0.119047619047619
GSE222315_GTTACCCTCCTACTGC-1_1_1_1_1	GSE222315_p4_NAT	GSE222315	DF.classifications_0.25_0.005_289	Singlet	pANN_0.25_0.005_289	0
GSE222315_GTTACCCTCTGCCTCA-1_1_1_1_1	GSE222315_p4_NAT	GSE222315	DF.classifications_0.25_0.005_289	Singlet	pANN_0.25_0.005_289	0.380952380952381
GSE222315_GTTACGAAGGTCCTGC-1_1_1_1_1	GSE222315_p4_NAT	GSE222315	DF.classifications_0.25_0.005_289	Singlet	pANN_0.25_0.005_289	0.0476190476190476
GSE222315_GTTACGAAGTACAACA-1_1_1_1_1	GSE222315_p4_NAT	GSE222315	DF.classifications_0.25_0.005_289	Singlet	pANN_0.25_0.005_289	0.166666666666667
GSE222315_GTTACGAAGTACTGGG-1_1_1_1_1	GSE222315_p4_NAT	GSE222315	DF.classifications_0.25_0.005_289	Doublet	pANN_0.25_0.005_289	0.761904761904762
GSE222315_GTTACGAAGTCGCCAC-1_1_1_1_1	GSE222315_p4_NAT	GSE222315	DF.classifications_0.25_0.005_289	Singlet	pANN_0.25_0.005_289	0.0952380952380952
GSE222315_GTTACGACATCAGTGT-1_1_1_1_1	GSE222315_p4_NAT	GSE222315	DF.classifications_0.25_0.005_289	Singlet	pANN_0.25_0.005_289	0.0952380952380952
GSE222315_GTTACGACATGCAGGA-1_1_1_1_1	GSE222315_p4_NAT	GSE222315	DF.classifications_0.25_0.005_289	Singlet	pANN_0.25_0.005_289	0.30952380952381
GSE222315_GTTACGATCGGTGAAG-1_1_1_1_1	GSE222315_p4_NAT	GSE222315	DF.classifications_0.25_0.005_289	Singlet	pANN_0.25_0.005_289	0.0238095238095238
GSE222315_GTTAGACAGCAGCCTC-1_1_1_1_1	GSE222315_p4_NAT	GSE222315	DF.classifications_0.25_0.005_289	Singlet	pANN_0.25_0.005_289	0.0714285714285714
GSE222315_GTTAGACCAATGGCAG-1_1_1_1_1	GSE222315_p4_NAT	GSE222315	DF.classifications_0.25_0.005_289	Singlet	pANN_0.25_0.005_289	0.357142857142857
GSE222315_GTTAGACCACAGCCAC-1_1_1_1_1	GSE222315_p4_NAT	GSE222315	DF.classifications_0.25_0.005_289	Singlet	pANN_0.25_0.005_289	0.285714285714286
GSE222315_GTTAGACCACGGATCC-1_1_1_1_1	GSE222315_p4_NAT	GSE222315	DF.classifications_0.25_0.005_289	Singlet	pANN_0.25_0.005_289	0
GSE222315_GTTAGACCAGGGACTA-1_1_1_1_1	GSE222315_p4_NAT	GSE222315	DF.classifications_0.25_0.005_289	Singlet	pANN_0.25_0.005_289	0.261904761904762
GSE222315_GTTAGACGTTCCTAGA-1_1_1_1_1	GSE222315_p4_NAT	GSE222315	DF.classifications_0.25_0.005_289	Doublet	pANN_0.25_0.005_289	0.476190476190476
GSE222315_GTTAGACGTTTACACG-1_1_1_1_1	GSE222315_p4_NAT	GSE222315	DF.classifications_0.25_0.005_289	Singlet	pANN_0.25_0.005_289	0.119047619047619
GSE222315_GTTAGACTCCTACCGT-1_1_1_1_1	GSE222315_p4_NAT	GSE222315	DF.classifications_0.25_0.005_289	Singlet	pANN_0.25_0.005_289	0.238095238095238
GSE222315_GTTAGACTCTTTCCAA-1_1_1_1_1	GSE222315_p4_NAT	GSE222315	DF.classifications_0.25_0.005_289	Singlet	pANN_0.25_0.005_289	0.380952380952381
GSE222315_GTTAGTGCACTGGATT-1_1_1_1_1	GSE222315_p4_NAT	GSE222315	DF.classifications_0.25_0.005_289	Singlet	pANN_0.25_0.005_289	0.261904761904762
GSE222315_GTTAGTGGTTAAGAAC-1_1_1_1_1	GSE222315_p4_NAT	GSE222315	DF.classifications_0.25_0.005_289	Singlet	pANN_0.25_0.005_289	0.0476190476190476
GSE222315_GTTAGTGTCCCTTCCC-1_1_1_1_1	GSE222315_p4_NAT	GSE222315	DF.classifications_0.25_0.005_289	Singlet	pANN_0.25_0.005_289	0.166666666666667
GSE222315_GTTAGTGTCTGTCAGA-1_1_1_1_1	GSE222315_p4_NAT	GSE222315	DF.classifications_0.25_0.005_289	Singlet	pANN_0.25_0.005_289	0.119047619047619
GSE222315_GTTATGGAGTCTGTAC-1_1_1_1_1	GSE222315_p4_NAT	GSE222315	DF.classifications_0.25_0.005_289	Singlet	pANN_0.25_0.005_289	0.238095238095238
GSE222315_GTTATGGCACGTAGTT-1_1_1_1_1	GSE222315_p4_NAT	GSE222315	DF.classifications_0.25_0.005_289	Singlet	pANN_0.25_0.005_289	0.142857142857143
GSE222315_GTTATGGGTCTTACTT-1_1_1_1_1	GSE222315_p4_NAT	GSE222315	DF.classifications_0.25_0.005_289	Singlet	pANN_0.25_0.005_289	0.0952380952380952
GSE222315_GTTATGGGTTAAGAAC-1_1_1_1_1	GSE222315_p4_NAT	GSE222315	DF.classifications_0.25_0.005_289	Singlet	pANN_0.25_0.005_289	0.333333333333333
GSE222315_GTTATGGTCCTGCCAT-1_1_1_1_1	GSE222315_p4_NAT	GSE222315	DF.classifications_0.25_0.005_289	Singlet	pANN_0.25_0.005_289	0.214285714285714
GSE222315_GTTCATTCAACCGGAA-1_1_1_1_1	GSE222315_p4_NAT	GSE222315	DF.classifications_0.25_0.005_289	Singlet	pANN_0.25_0.005_289	0.119047619047619
GSE222315_GTTCATTGTCTCGGAC-1_1_1_1_1	GSE222315_p4_NAT	GSE222315	DF.classifications_0.25_0.005_289	Singlet	pANN_0.25_0.005_289	0.30952380952381
GSE222315_GTTCATTGTGCGAGTA-1_1_1_1_1	GSE222315_p4_NAT	GSE222315	DF.classifications_0.25_0.005_289	Singlet	pANN_0.25_0.005_289	0.19047619047619
GSE222315_GTTCATTGTTGCTAGT-1_1_1_1_1	GSE222315_p4_NAT	GSE222315	DF.classifications_0.25_0.005_289	Singlet	pANN_0.25_0.005_289	0.0476190476190476
GSE222315_GTTCATTTCCTTGAAG-1_1_1_1_1	GSE222315_p4_NAT	GSE222315	DF.classifications_0.25_0.005_289	Singlet	pANN_0.25_0.005_289	0
GSE222315_GTTCATTTCTGAATGC-1_1_1_1_1	GSE222315_p4_NAT	GSE222315	DF.classifications_0.25_0.005_289	Singlet	pANN_0.25_0.005_289	0.30952380952381
GSE222315_GTTCCGTAGACAGCTG-1_1_1_1_1	GSE222315_p4_NAT	GSE222315	DF.classifications_0.25_0.005_289	Singlet	pANN_0.25_0.005_289	0
GSE222315_GTTCCGTAGATCACCT-1_1_1_1_1	GSE222315_p4_NAT	GSE222315	DF.classifications_0.25_0.005_289	Singlet	pANN_0.25_0.005_289	0.0476190476190476
GSE222315_GTTCCGTCAATTCACG-1_1_1_1_1	GSE222315_p4_NAT	GSE222315	DF.classifications_0.25_0.005_289	Singlet	pANN_0.25_0.005_289	0
GSE222315_GTTCCGTCACTTCATT-1_1_1_1_1	GSE222315_p4_NAT	GSE222315	DF.classifications_0.25_0.005_289	Singlet	pANN_0.25_0.005_289	0.0952380952380952
GSE222315_GTTCCGTGTACAGCGA-1_1_1_1_1	GSE222315_p4_NAT	GSE222315	DF.classifications_0.25_0.005_289	Singlet	pANN_0.25_0.005_289	0.214285714285714
GSE222315_GTTCCGTGTACTCGAT-1_1_1_1_1	GSE222315_p4_NAT	GSE222315	DF.classifications_0.25_0.005_289	Singlet	pANN_0.25_0.005_289	0.214285714285714
GSE222315_GTTCCGTGTCGTCGGT-1_1_1_1_1	GSE222315_p4_NAT	GSE222315	DF.classifications_0.25_0.005_289	Singlet	pANN_0.25_0.005_289	0.0476190476190476
GSE222315_GTTCGCTAGATTGATG-1_1_1_1_1	GSE222315_p4_NAT	GSE222315	DF.classifications_0.25_0.005_289	Singlet	pANN_0.25_0.005_289	0.166666666666667
GSE222315_GTTCGCTAGTGCCTCG-1_1_1_1_1	GSE222315_p4_NAT	GSE222315	DF.classifications_0.25_0.005_289	Singlet	pANN_0.25_0.005_289	0.30952380952381
GSE222315_GTTCGCTAGTTCGGTT-1_1_1_1_1	GSE222315_p4_NAT	GSE222315	DF.classifications_0.25_0.005_289	Singlet	pANN_0.25_0.005_289	0.214285714285714
GSE222315_GTTCGCTCAAGACCGA-1_1_1_1_1	GSE222315_p4_NAT	GSE222315	DF.classifications_0.25_0.005_289	Singlet	pANN_0.25_0.005_289	0.0952380952380952
GSE222315_GTTCGCTCAAGTGGTG-1_1_1_1_1	GSE222315_p4_NAT	GSE222315	DF.classifications_0.25_0.005_289	Singlet	pANN_0.25_0.005_289	0
GSE222315_GTTCGCTCACCTGATA-1_1_1_1_1	GSE222315_p4_NAT	GSE222315	DF.classifications_0.25_0.005_289	Singlet	pANN_0.25_0.005_289	0.261904761904762
GSE222315_GTTCGCTGTGCGCTCA-1_1_1_1_1	GSE222315_p4_NAT	GSE222315	DF.classifications_0.25_0.005_289	Singlet	pANN_0.25_0.005_289	0.214285714285714
GSE222315_GTTCGCTGTTTCTTAC-1_1_1_1_1	GSE222315_p4_NAT	GSE222315	DF.classifications_0.25_0.005_289	Singlet	pANN_0.25_0.005_289	0.142857142857143
GSE222315_GTTCGCTTCAGCACCG-1_1_1_1_1	GSE222315_p4_NAT	GSE222315	DF.classifications_0.25_0.005_289	Singlet	pANN_0.25_0.005_289	0.238095238095238
GSE222315_GTTCGCTTCCAGCACG-1_1_1_1_1	GSE222315_p4_NAT	GSE222315	DF.classifications_0.25_0.005_289	Singlet	pANN_0.25_0.005_289	0.357142857142857
GSE222315_GTTCGCTTCTTAGGAC-1_1_1_1_1	GSE222315_p4_NAT	GSE222315	DF.classifications_0.25_0.005_289	Singlet	pANN_0.25_0.005_289	0.166666666666667
GSE222315_GTTCTATAGAAACTGT-1_1_1_1_1	GSE222315_p4_NAT	GSE222315	DF.classifications_0.25_0.005_289	Singlet	pANN_0.25_0.005_289	0.119047619047619
GSE222315_GTTCTATCAAACGAGC-1_1_1_1_1	GSE222315_p4_NAT	GSE222315	DF.classifications_0.25_0.005_289	Singlet	pANN_0.25_0.005_289	0.119047619047619
GSE222315_GTTCTATCACAGCTGC-1_1_1_1_1	GSE222315_p4_NAT	GSE222315	DF.classifications_0.25_0.005_289	Singlet	pANN_0.25_0.005_289	0.0952380952380952
GSE222315_GTTCTATGTTTACGTG-1_1_1_1_1	GSE222315_p4_NAT	GSE222315	DF.classifications_0.25_0.005_289	Singlet	pANN_0.25_0.005_289	0.0952380952380952
GSE222315_GTTCTATTCAAGCCGC-1_1_1_1_1	GSE222315_p4_NAT	GSE222315	DF.classifications_0.25_0.005_289	Singlet	pANN_0.25_0.005_289	0.0238095238095238
GSE222315_GTTGAACAGCGCAATG-1_1_1_1_1	GSE222315_p4_NAT	GSE222315	DF.classifications_0.25_0.005_289	Singlet	pANN_0.25_0.005_289	0
GSE222315_GTTGAACCATGAGATA-1_1_1_1_1	GSE222315_p4_NAT	GSE222315	DF.classifications_0.25_0.005_289	Singlet	pANN_0.25_0.005_289	0.380952380952381
GSE222315_GTTGAACGTAGCGTAG-1_1_1_1_1	GSE222315_p4_NAT	GSE222315	DF.classifications_0.25_0.005_289	Singlet	pANN_0.25_0.005_289	0.238095238095238
GSE222315_GTTGAACGTCAACACT-1_1_1_1_1	GSE222315_p4_NAT	GSE222315	DF.classifications_0.25_0.005_289	Singlet	pANN_0.25_0.005_289	0
GSE222315_GTTGAACTCCGGTTCT-1_1_1_1_1	GSE222315_p4_NAT	GSE222315	DF.classifications_0.25_0.005_289	Singlet	pANN_0.25_0.005_289	0.0238095238095238
GSE222315_GTTGAACTCCGTGGTG-1_1_1_1_1	GSE222315_p4_NAT	GSE222315	DF.classifications_0.25_0.005_289	Singlet	pANN_0.25_0.005_289	0.142857142857143
GSE222315_GTTGAACTCGCGTTTC-1_1_1_1_1	GSE222315_p4_NAT	GSE222315	DF.classifications_0.25_0.005_289	Singlet	pANN_0.25_0.005_289	0.285714285714286
GSE222315_GTTGAACTCTAAGAAG-1_1_1_1_1	GSE222315_p4_NAT	GSE222315	DF.classifications_0.25_0.005_289	Singlet	pANN_0.25_0.005_289	0.0238095238095238
GSE222315_GTTGCGGAGAGAAGGT-1_1_1_1_1	GSE222315_p4_NAT	GSE222315	DF.classifications_0.25_0.005_289	Singlet	pANN_0.25_0.005_289	0.19047619047619
GSE222315_GTTGCGGAGGTCTACT-1_1_1_1_1	GSE222315_p4_NAT	GSE222315	DF.classifications_0.25_0.005_289	Singlet	pANN_0.25_0.005_289	0.30952380952381
GSE222315_GTTGCGGCATAACTCG-1_1_1_1_1	GSE222315_p4_NAT	GSE222315	DF.classifications_0.25_0.005_289	Singlet	pANN_0.25_0.005_289	0.404761904761905
GSE222315_GTTGCGGGTCTAGGCC-1_1_1_1_1	GSE222315_p4_NAT	GSE222315	DF.classifications_0.25_0.005_289	Singlet	pANN_0.25_0.005_289	0.142857142857143
GSE222315_GTTGCTCAGAGATTCA-1_1_1_1_1	GSE222315_p4_NAT	GSE222315	DF.classifications_0.25_0.005_289	Singlet	pANN_0.25_0.005_289	0.0714285714285714
GSE222315_GTTGCTCAGCGCTTCG-1_1_1_1_1	GSE222315_p4_NAT	GSE222315	DF.classifications_0.25_0.005_289	Singlet	pANN_0.25_0.005_289	0.119047619047619
GSE222315_GTTGCTCAGTCCCGAC-1_1_1_1_1	GSE222315_p4_NAT	GSE222315	DF.classifications_0.25_0.005_289	Singlet	pANN_0.25_0.005_289	0.19047619047619
GSE222315_GTTGCTCCACCGTACG-1_1_1_1_1	GSE222315_p4_NAT	GSE222315	DF.classifications_0.25_0.005_289	Singlet	pANN_0.25_0.005_289	0.142857142857143
GSE222315_GTTGCTCCACGATTCA-1_1_1_1_1	GSE222315_p4_NAT	GSE222315	DF.classifications_0.25_0.005_289	Singlet	pANN_0.25_0.005_289	0.142857142857143
GSE222315_GTTGCTCCATAATCGC-1_1_1_1_1	GSE222315_p4_NAT	GSE222315	DF.classifications_0.25_0.005_289	Singlet	pANN_0.25_0.005_289	0.0476190476190476
GSE222315_GTTGCTCCATTCTCCG-1_1_1_1_1	GSE222315_p4_NAT	GSE222315	DF.classifications_0.25_0.005_289	Singlet	pANN_0.25_0.005_289	0.214285714285714
GSE222315_GTTGCTCCATTCTTCA-1_1_1_1_1	GSE222315_p4_NAT	GSE222315	DF.classifications_0.25_0.005_289	Singlet	pANN_0.25_0.005_289	0.214285714285714
GSE222315_GTTGCTCGTACAAGCG-1_1_1_1_1	GSE222315_p4_NAT	GSE222315	DF.classifications_0.25_0.005_289	Singlet	pANN_0.25_0.005_289	0.166666666666667
GSE222315_GTTGCTCGTTGACTGT-1_1_1_1_1	GSE222315_p4_NAT	GSE222315	DF.classifications_0.25_0.005_289	Singlet	pANN_0.25_0.005_289	0.285714285714286
GSE222315_GTTGCTCTCGGTAAGG-1_1_1_1_1	GSE222315_p4_NAT	GSE222315	DF.classifications_0.25_0.005_289	Singlet	pANN_0.25_0.005_289	0.166666666666667
GSE222315_GTTGTAGAGATGCCGA-1_1_1_1_1	GSE222315_p4_NAT	GSE222315	DF.classifications_0.25_0.005_289	Singlet	pANN_0.25_0.005_289	0.0952380952380952
GSE222315_GTTGTAGCAAATTAGG-1_1_1_1_1	GSE222315_p4_NAT	GSE222315	DF.classifications_0.25_0.005_289	Singlet	pANN_0.25_0.005_289	0.0238095238095238
GSE222315_GTTGTAGCAACTGCCG-1_1_1_1_1	GSE222315_p4_NAT	GSE222315	DF.classifications_0.25_0.005_289	Singlet	pANN_0.25_0.005_289	0.285714285714286
GSE222315_GTTGTAGCAAGATCCT-1_1_1_1_1	GSE222315_p4_NAT	GSE222315	DF.classifications_0.25_0.005_289	Singlet	pANN_0.25_0.005_289	0.285714285714286
GSE222315_GTTGTAGGTCCTGTTC-1_1_1_1_1	GSE222315_p4_NAT	GSE222315	DF.classifications_0.25_0.005_289	Singlet	pANN_0.25_0.005_289	0.0238095238095238
GSE222315_GTTGTCCAGACATACA-1_1_1_1_1	GSE222315_p4_NAT	GSE222315	DF.classifications_0.25_0.005_289	Singlet	pANN_0.25_0.005_289	0.0714285714285714
GSE222315_GTTGTCCAGATGTAGT-1_1_1_1_1	GSE222315_p4_NAT	GSE222315	DF.classifications_0.25_0.005_289	Singlet	pANN_0.25_0.005_289	0.166666666666667
GSE222315_GTTGTCCAGCCTATCA-1_1_1_1_1	GSE222315_p4_NAT	GSE222315	DF.classifications_0.25_0.005_289	Singlet	pANN_0.25_0.005_289	0.0714285714285714
GSE222315_GTTGTCCCAATCAGCT-1_1_1_1_1	GSE222315_p4_NAT	GSE222315	DF.classifications_0.25_0.005_289	Singlet	pANN_0.25_0.005_289	0
GSE222315_GTTGTCCCAATCTCTT-1_1_1_1_1	GSE222315_p4_NAT	GSE222315	DF.classifications_0.25_0.005_289	Doublet	pANN_0.25_0.005_289	0.452380952380952
GSE222315_GTTGTCCGTGCCGTAC-1_1_1_1_1	GSE222315_p4_NAT	GSE222315	DF.classifications_0.25_0.005_289	Singlet	pANN_0.25_0.005_289	0.0714285714285714
GSE222315_GTTGTCCGTGTTCCTC-1_1_1_1_1	GSE222315_p4_NAT	GSE222315	DF.classifications_0.25_0.005_289	Singlet	pANN_0.25_0.005_289	0.0238095238095238
GSE222315_GTTGTCCTCTGTAAGC-1_1_1_1_1	GSE222315_p4_NAT	GSE222315	DF.classifications_0.25_0.005_289	Singlet	pANN_0.25_0.005_289	0.238095238095238
GSE222315_GTTGTGAAGAGGGTCT-1_1_1_1_1	GSE222315_p4_NAT	GSE222315	DF.classifications_0.25_0.005_289	Singlet	pANN_0.25_0.005_289	0.0714285714285714
GSE222315_GTTGTGAAGGTCTACT-1_1_1_1_1	GSE222315_p4_NAT	GSE222315	DF.classifications_0.25_0.005_289	Singlet	pANN_0.25_0.005_289	0.119047619047619
GSE222315_GTTGTGAAGTAAACAC-1_1_1_1_1	GSE222315_p4_NAT	GSE222315	DF.classifications_0.25_0.005_289	Singlet	pANN_0.25_0.005_289	0.0714285714285714
GSE222315_GTTGTGAAGTAGACAT-1_1_1_1_1	GSE222315_p4_NAT	GSE222315	DF.classifications_0.25_0.005_289	Singlet	pANN_0.25_0.005_289	0.214285714285714
GSE222315_GTTGTGAAGTTGAATG-1_1_1_1_1	GSE222315_p4_NAT	GSE222315	DF.classifications_0.25_0.005_289	Singlet	pANN_0.25_0.005_289	0.0714285714285714
GSE222315_GTTGTGAGTTCGTTCC-1_1_1_1_1	GSE222315_p4_NAT	GSE222315	DF.classifications_0.25_0.005_289	Singlet	pANN_0.25_0.005_289	0.0476190476190476
GSE222315_GTTGTGAGTTCTTAGG-1_1_1_1_1	GSE222315_p4_NAT	GSE222315	DF.classifications_0.25_0.005_289	Singlet	pANN_0.25_0.005_289	0.142857142857143
GSE222315_GTTGTGATCTTTACAC-1_1_1_1_1	GSE222315_p4_NAT	GSE222315	DF.classifications_0.25_0.005_289	Singlet	pANN_0.25_0.005_289	0.428571428571429
GSE222315_GTTTACTAGAGCAACC-1_1_1_1_1	GSE222315_p4_NAT	GSE222315	DF.classifications_0.25_0.005_289	Singlet	pANN_0.25_0.005_289	0.214285714285714
GSE222315_GTTTACTAGTCGCCAC-1_1_1_1_1	GSE222315_p4_NAT	GSE222315	DF.classifications_0.25_0.005_289	Singlet	pANN_0.25_0.005_289	0.19047619047619
GSE222315_GTTTACTCAAGTATCC-1_1_1_1_1	GSE222315_p4_NAT	GSE222315	DF.classifications_0.25_0.005_289	Singlet	pANN_0.25_0.005_289	0.214285714285714
GSE222315_GTTTACTGTACAAAGT-1_1_1_1_1	GSE222315_p4_NAT	GSE222315	DF.classifications_0.25_0.005_289	Singlet	pANN_0.25_0.005_289	0.380952380952381
GSE222315_GTTTACTGTGACTGTT-1_1_1_1_1	GSE222315_p4_NAT	GSE222315	DF.classifications_0.25_0.005_289	Singlet	pANN_0.25_0.005_289	0.0952380952380952
GSE222315_GTTTACTGTGAGAACC-1_1_1_1_1	GSE222315_p4_NAT	GSE222315	DF.classifications_0.25_0.005_289	Singlet	pANN_0.25_0.005_289	0.0238095238095238
GSE222315_GTTTACTTCGCGAAGA-1_1_1_1_1	GSE222315_p4_NAT	GSE222315	DF.classifications_0.25_0.005_289	Singlet	pANN_0.25_0.005_289	0.214285714285714
GSE222315_GTTTGGAAGGTCCAGA-1_1_1_1_1	GSE222315_p4_NAT	GSE222315	DF.classifications_0.25_0.005_289	Singlet	pANN_0.25_0.005_289	0.261904761904762
GSE222315_GTTTGGACAGTCGCTG-1_1_1_1_1	GSE222315_p4_NAT	GSE222315	DF.classifications_0.25_0.005_289	Singlet	pANN_0.25_0.005_289	0.30952380952381
GSE222315_GTTTGGAGTGGCTGCT-1_1_1_1_1	GSE222315_p4_NAT	GSE222315	DF.classifications_0.25_0.005_289	Singlet	pANN_0.25_0.005_289	0
GSE222315_GTTTGGATCCAATGCA-1_1_1_1_1	GSE222315_p4_NAT	GSE222315	DF.classifications_0.25_0.005_289	Singlet	pANN_0.25_0.005_289	0.214285714285714
GSE222315_TAACACGAGGTTCCAT-1_1_1_1_1	GSE222315_p4_NAT	GSE222315	DF.classifications_0.25_0.005_289	Singlet	pANN_0.25_0.005_289	0
GSE222315_TAACACGAGTCTAACC-1_1_1_1_1	GSE222315_p4_NAT	GSE222315	DF.classifications_0.25_0.005_289	Singlet	pANN_0.25_0.005_289	0.261904761904762
GSE222315_TAACACGCATTGAGCT-1_1_1_1_1	GSE222315_p4_NAT	GSE222315	DF.classifications_0.25_0.005_289	Singlet	pANN_0.25_0.005_289	0.380952380952381
GSE222315_TAACACGGTACCTAGT-1_1_1_1_1	GSE222315_p4_NAT	GSE222315	DF.classifications_0.25_0.005_289	Singlet	pANN_0.25_0.005_289	0.166666666666667
GSE222315_TAACACGGTGAATATG-1_1_1_1_1	GSE222315_p4_NAT	GSE222315	DF.classifications_0.25_0.005_289	Doublet	pANN_0.25_0.005_289	0.738095238095238
GSE222315_TAACACGTCCACATAG-1_1_1_1_1	GSE222315_p4_NAT	GSE222315	DF.classifications_0.25_0.005_289	Singlet	pANN_0.25_0.005_289	0.0238095238095238
GSE222315_TAACACGTCCTCTAAT-1_1_1_1_1	GSE222315_p4_NAT	GSE222315	DF.classifications_0.25_0.005_289	Singlet	pANN_0.25_0.005_289	0.261904761904762
GSE222315_TAACACGTCCTTATAC-1_1_1_1_1	GSE222315_p4_NAT	GSE222315	DF.classifications_0.25_0.005_289	Singlet	pANN_0.25_0.005_289	0.214285714285714
GSE222315_TAACCAGAGGCGATAC-1_1_1_1_1	GSE222315_p4_NAT	GSE222315	DF.classifications_0.25_0.005_289	Singlet	pANN_0.25_0.005_289	0.166666666666667
GSE222315_TAACCAGCAATGCAGG-1_1_1_1_1	GSE222315_p4_NAT	GSE222315	DF.classifications_0.25_0.005_289	Singlet	pANN_0.25_0.005_289	0.119047619047619
GSE222315_TAACCAGGTCGCACGT-1_1_1_1_1	GSE222315_p4_NAT	GSE222315	DF.classifications_0.25_0.005_289	Singlet	pANN_0.25_0.005_289	0.261904761904762
GSE222315_TAACCAGGTGGTCTTA-1_1_1_1_1	GSE222315_p4_NAT	GSE222315	DF.classifications_0.25_0.005_289	Singlet	pANN_0.25_0.005_289	0.333333333333333
GSE222315_TAACCAGGTTACCCAA-1_1_1_1_1	GSE222315_p4_NAT	GSE222315	DF.classifications_0.25_0.005_289	Singlet	pANN_0.25_0.005_289	0.119047619047619
GSE222315_TAACCAGGTTGTTGTG-1_1_1_1_1	GSE222315_p4_NAT	GSE222315	DF.classifications_0.25_0.005_289	Doublet	pANN_0.25_0.005_289	0.452380952380952
GSE222315_TAACGACCAATAGAGT-1_1_1_1_1	GSE222315_p4_NAT	GSE222315	DF.classifications_0.25_0.005_289	Singlet	pANN_0.25_0.005_289	0.0476190476190476
GSE222315_TAACGACCACTTGGGC-1_1_1_1_1	GSE222315_p4_NAT	GSE222315	DF.classifications_0.25_0.005_289	Singlet	pANN_0.25_0.005_289	0.238095238095238
GSE222315_TAACGACGTCGCATTA-1_1_1_1_1	GSE222315_p4_NAT	GSE222315	DF.classifications_0.25_0.005_289	Singlet	pANN_0.25_0.005_289	0.0952380952380952
GSE222315_TAACGACGTGCTCCGA-1_1_1_1_1	GSE222315_p4_NAT	GSE222315	DF.classifications_0.25_0.005_289	Singlet	pANN_0.25_0.005_289	0.0952380952380952
GSE222315_TAACGACGTGTCTAAC-1_1_1_1_1	GSE222315_p4_NAT	GSE222315	DF.classifications_0.25_0.005_289	Singlet	pANN_0.25_0.005_289	0.380952380952381
GSE222315_TAACTTCAGTCAATCC-1_1_1_1_1	GSE222315_p4_NAT	GSE222315	DF.classifications_0.25_0.005_289	Singlet	pANN_0.25_0.005_289	0.261904761904762
GSE222315_TAACTTCAGTCGAAGC-1_1_1_1_1	GSE222315_p4_NAT	GSE222315	DF.classifications_0.25_0.005_289	Singlet	pANN_0.25_0.005_289	0.261904761904762
GSE222315_TAACTTCCATGACAAA-1_1_1_1_1	GSE222315_p4_NAT	GSE222315	DF.classifications_0.25_0.005_289	Singlet	pANN_0.25_0.005_289	0.0952380952380952
GSE222315_TAACTTCGTGTCTAAC-1_1_1_1_1	GSE222315_p4_NAT	GSE222315	DF.classifications_0.25_0.005_289	Singlet	pANN_0.25_0.005_289	0.261904761904762
GSE222315_TAACTTCGTGTTACTG-1_1_1_1_1	GSE222315_p4_NAT	GSE222315	DF.classifications_0.25_0.005_289	Singlet	pANN_0.25_0.005_289	0.0238095238095238
GSE222315_TAACTTCTCAACTGGT-1_1_1_1_1	GSE222315_p4_NAT	GSE222315	DF.classifications_0.25_0.005_289	Singlet	pANN_0.25_0.005_289	0.214285714285714
GSE222315_TAAGCACAGCAACCAG-1_1_1_1_1	GSE222315_p4_NAT	GSE222315	DF.classifications_0.25_0.005_289	Singlet	pANN_0.25_0.005_289	0
GSE222315_TAAGCACAGCACTAGG-1_1_1_1_1	GSE222315_p4_NAT	GSE222315	DF.classifications_0.25_0.005_289	Singlet	pANN_0.25_0.005_289	0.285714285714286
GSE222315_TAAGCACGTCGCCTAG-1_1_1_1_1	GSE222315_p4_NAT	GSE222315	DF.classifications_0.25_0.005_289	Singlet	pANN_0.25_0.005_289	0.428571428571429
GSE222315_TAAGCACGTGCACGCT-1_1_1_1_1	GSE222315_p4_NAT	GSE222315	DF.classifications_0.25_0.005_289	Singlet	pANN_0.25_0.005_289	0.214285714285714
GSE222315_TAAGCACGTGGTCCCA-1_1_1_1_1	GSE222315_p4_NAT	GSE222315	DF.classifications_0.25_0.005_289	Singlet	pANN_0.25_0.005_289	0.0952380952380952
GSE222315_TAAGCACGTTCCTACC-1_1_1_1_1	GSE222315_p4_NAT	GSE222315	DF.classifications_0.25_0.005_289	Singlet	pANN_0.25_0.005_289	0.0714285714285714
GSE222315_TAAGCACGTTGTCAGT-1_1_1_1_1	GSE222315_p4_NAT	GSE222315	DF.classifications_0.25_0.005_289	Singlet	pANN_0.25_0.005_289	0.166666666666667
GSE222315_TAAGCACTCCCTTTGG-1_1_1_1_1	GSE222315_p4_NAT	GSE222315	DF.classifications_0.25_0.005_289	Doublet	pANN_0.25_0.005_289	0.523809523809524
GSE222315_TAAGCACTCTTTGATC-1_1_1_1_1	GSE222315_p4_NAT	GSE222315	DF.classifications_0.25_0.005_289	Singlet	pANN_0.25_0.005_289	0.142857142857143
GSE222315_TAAGCCAAGCGCTGCT-1_1_1_1_1	GSE222315_p4_NAT	GSE222315	DF.classifications_0.25_0.005_289	Singlet	pANN_0.25_0.005_289	0.404761904761905
GSE222315_TAAGCCAGTCCAGAAG-1_1_1_1_1	GSE222315_p4_NAT	GSE222315	DF.classifications_0.25_0.005_289	Singlet	pANN_0.25_0.005_289	0.285714285714286
GSE222315_TAAGCCAGTGTTCCTC-1_1_1_1_1	GSE222315_p4_NAT	GSE222315	DF.classifications_0.25_0.005_289	Doublet	pANN_0.25_0.005_289	0.5
GSE222315_TAAGCCATCGACGATT-1_1_1_1_1	GSE222315_p4_NAT	GSE222315	DF.classifications_0.25_0.005_289	Singlet	pANN_0.25_0.005_289	0.142857142857143
GSE222315_TAAGCGTAGTGAGTGC-1_1_1_1_1	GSE222315_p4_NAT	GSE222315	DF.classifications_0.25_0.005_289	Singlet	pANN_0.25_0.005_289	0.214285714285714
GSE222315_TAAGCGTAGTTGGCGA-1_1_1_1_1	GSE222315_p4_NAT	GSE222315	DF.classifications_0.25_0.005_289	Singlet	pANN_0.25_0.005_289	0.261904761904762
GSE222315_TAAGCGTCACAGAGAC-1_1_1_1_1	GSE222315_p4_NAT	GSE222315	DF.classifications_0.25_0.005_289	Singlet	pANN_0.25_0.005_289	0
GSE222315_TAAGCGTCATTGTACG-1_1_1_1_1	GSE222315_p4_NAT	GSE222315	DF.classifications_0.25_0.005_289	Singlet	pANN_0.25_0.005_289	0.166666666666667
GSE222315_TAAGCGTGTTTCGTTT-1_1_1_1_1	GSE222315_p4_NAT	GSE222315	DF.classifications_0.25_0.005_289	Singlet	pANN_0.25_0.005_289	0.0238095238095238
GSE222315_TAAGCGTTCCAACTAG-1_1_1_1_1	GSE222315_p4_NAT	GSE222315	DF.classifications_0.25_0.005_289	Singlet	pANN_0.25_0.005_289	0.0714285714285714
GSE222315_TAAGCGTTCGAATCCA-1_1_1_1_1	GSE222315_p4_NAT	GSE222315	DF.classifications_0.25_0.005_289	Singlet	pANN_0.25_0.005_289	0.0238095238095238
GSE222315_TAAGCGTTCTCGCCTA-1_1_1_1_1	GSE222315_p4_NAT	GSE222315	DF.classifications_0.25_0.005_289	Singlet	pANN_0.25_0.005_289	0.380952380952381
GSE222315_TAAGTCGAGCGAACTG-1_1_1_1_1	GSE222315_p4_NAT	GSE222315	DF.classifications_0.25_0.005_289	Singlet	pANN_0.25_0.005_289	0.0238095238095238
GSE222315_TAAGTCGAGGCACCAA-1_1_1_1_1	GSE222315_p4_NAT	GSE222315	DF.classifications_0.25_0.005_289	Singlet	pANN_0.25_0.005_289	0.142857142857143
GSE222315_TAAGTCGAGTATAGGT-1_1_1_1_1	GSE222315_p4_NAT	GSE222315	DF.classifications_0.25_0.005_289	Singlet	pANN_0.25_0.005_289	0.261904761904762
GSE222315_TAAGTCGCATCGAACT-1_1_1_1_1	GSE222315_p4_NAT	GSE222315	DF.classifications_0.25_0.005_289	Singlet	pANN_0.25_0.005_289	0.285714285714286
GSE222315_TAATCTCAGACCCGCT-1_1_1_1_1	GSE222315_p4_NAT	GSE222315	DF.classifications_0.25_0.005_289	Singlet	pANN_0.25_0.005_289	0.0476190476190476
GSE222315_TAATCTCAGTGGTCAG-1_1_1_1_1	GSE222315_p4_NAT	GSE222315	DF.classifications_0.25_0.005_289	Singlet	pANN_0.25_0.005_289	0.285714285714286
GSE222315_TAATCTCAGTTAGTAG-1_1_1_1_1	GSE222315_p4_NAT	GSE222315	DF.classifications_0.25_0.005_289	Singlet	pANN_0.25_0.005_289	0.0952380952380952
GSE222315_TAATCTCCACCATATG-1_1_1_1_1	GSE222315_p4_NAT	GSE222315	DF.classifications_0.25_0.005_289	Singlet	pANN_0.25_0.005_289	0.142857142857143
GSE222315_TAATTCCAGGGCATGT-1_1_1_1_1	GSE222315_p4_NAT	GSE222315	DF.classifications_0.25_0.005_289	Singlet	pANN_0.25_0.005_289	0.404761904761905
GSE222315_TAATTCCCAAGCGAGT-1_1_1_1_1	GSE222315_p4_NAT	GSE222315	DF.classifications_0.25_0.005_289	Doublet	pANN_0.25_0.005_289	0.476190476190476
GSE222315_TAATTCCCAATACCCA-1_1_1_1_1	GSE222315_p4_NAT	GSE222315	DF.classifications_0.25_0.005_289	Singlet	pANN_0.25_0.005_289	0.166666666666667
GSE222315_TAATTCCTCCATTGGA-1_1_1_1_1	GSE222315_p4_NAT	GSE222315	DF.classifications_0.25_0.005_289	Singlet	pANN_0.25_0.005_289	0.261904761904762
GSE222315_TACAACGAGACATGCG-1_1_1_1_1	GSE222315_p4_NAT	GSE222315	DF.classifications_0.25_0.005_289	Singlet	pANN_0.25_0.005_289	0.428571428571429
GSE222315_TACAACGAGATCGGTG-1_1_1_1_1	GSE222315_p4_NAT	GSE222315	DF.classifications_0.25_0.005_289	Singlet	pANN_0.25_0.005_289	0.19047619047619
GSE222315_TACAACGGTAGCGTAG-1_1_1_1_1	GSE222315_p4_NAT	GSE222315	DF.classifications_0.25_0.005_289	Singlet	pANN_0.25_0.005_289	0.166666666666667
GSE222315_TACAACGGTATGGTAA-1_1_1_1_1	GSE222315_p4_NAT	GSE222315	DF.classifications_0.25_0.005_289	Singlet	pANN_0.25_0.005_289	0.142857142857143
GSE222315_TACACCCAGAGGGCGA-1_1_1_1_1	GSE222315_p4_NAT	GSE222315	DF.classifications_0.25_0.005_289	Singlet	pANN_0.25_0.005_289	0.333333333333333
GSE222315_TACACCCAGCTTTCCC-1_1_1_1_1	GSE222315_p4_NAT	GSE222315	DF.classifications_0.25_0.005_289	Singlet	pANN_0.25_0.005_289	0.214285714285714
GSE222315_TACACCCCAAGAGATT-1_1_1_1_1	GSE222315_p4_NAT	GSE222315	DF.classifications_0.25_0.005_289	Singlet	pANN_0.25_0.005_289	0.0476190476190476
GSE222315_TACACCCTCGGTTGTA-1_1_1_1_1	GSE222315_p4_NAT	GSE222315	DF.classifications_0.25_0.005_289	Singlet	pANN_0.25_0.005_289	0.0714285714285714
GSE222315_TACACCCTCTTACTGT-1_1_1_1_1	GSE222315_p4_NAT	GSE222315	DF.classifications_0.25_0.005_289	Singlet	pANN_0.25_0.005_289	0.0238095238095238
GSE222315_TACAGGTAGATCGACG-1_1_1_1_1	GSE222315_p4_NAT	GSE222315	DF.classifications_0.25_0.005_289	Singlet	pANN_0.25_0.005_289	0.0238095238095238
GSE222315_TACAGGTAGCGCAATG-1_1_1_1_1	GSE222315_p4_NAT	GSE222315	DF.classifications_0.25_0.005_289	Singlet	pANN_0.25_0.005_289	0
GSE222315_TACAGGTCATTAGGAA-1_1_1_1_1	GSE222315_p4_NAT	GSE222315	DF.classifications_0.25_0.005_289	Singlet	pANN_0.25_0.005_289	0.238095238095238
GSE222315_TACAGGTGTCGCTTGG-1_1_1_1_1	GSE222315_p4_NAT	GSE222315	DF.classifications_0.25_0.005_289	Singlet	pANN_0.25_0.005_289	0.0952380952380952
GSE222315_TACAGGTTCTAAGCCA-1_1_1_1_1	GSE222315_p4_NAT	GSE222315	DF.classifications_0.25_0.005_289	Singlet	pANN_0.25_0.005_289	0.0714285714285714
GSE222315_TACATTCAGACTTGTC-1_1_1_1_1	GSE222315_p4_NAT	GSE222315	DF.classifications_0.25_0.005_289	Singlet	pANN_0.25_0.005_289	0.0238095238095238
GSE222315_TACATTCAGATAGTCA-1_1_1_1_1	GSE222315_p4_NAT	GSE222315	DF.classifications_0.25_0.005_289	Singlet	pANN_0.25_0.005_289	0.0714285714285714
GSE222315_TACATTCAGCCATCCG-1_1_1_1_1	GSE222315_p4_NAT	GSE222315	DF.classifications_0.25_0.005_289	Singlet	pANN_0.25_0.005_289	0.142857142857143
GSE222315_TACATTCAGTTGCATC-1_1_1_1_1	GSE222315_p4_NAT	GSE222315	DF.classifications_0.25_0.005_289	Singlet	pANN_0.25_0.005_289	0.214285714285714
GSE222315_TACATTCCAGAGCCCT-1_1_1_1_1	GSE222315_p4_NAT	GSE222315	DF.classifications_0.25_0.005_289	Singlet	pANN_0.25_0.005_289	0.261904761904762
GSE222315_TACATTCGTAAGGCCA-1_1_1_1_1	GSE222315_p4_NAT	GSE222315	DF.classifications_0.25_0.005_289	Singlet	pANN_0.25_0.005_289	0.0714285714285714
GSE222315_TACATTCGTAGAGACC-1_1_1_1_1	GSE222315_p4_NAT	GSE222315	DF.classifications_0.25_0.005_289	Singlet	pANN_0.25_0.005_289	0.0238095238095238
GSE222315_TACATTCGTATCGATC-1_1_1_1_1	GSE222315_p4_NAT	GSE222315	DF.classifications_0.25_0.005_289	Singlet	pANN_0.25_0.005_289	0.142857142857143
GSE222315_TACATTCGTCTGCATA-1_1_1_1_1	GSE222315_p4_NAT	GSE222315	DF.classifications_0.25_0.005_289	Singlet	pANN_0.25_0.005_289	0
GSE222315_TACATTCGTGGGATTG-1_1_1_1_1	GSE222315_p4_NAT	GSE222315	DF.classifications_0.25_0.005_289	Singlet	pANN_0.25_0.005_289	0.238095238095238
GSE222315_TACATTCTCACGGGCT-1_1_1_1_1	GSE222315_p4_NAT	GSE222315	DF.classifications_0.25_0.005_289	Singlet	pANN_0.25_0.005_289	0.0238095238095238
GSE222315_TACATTCTCTCATTTG-1_1_1_1_1	GSE222315_p4_NAT	GSE222315	DF.classifications_0.25_0.005_289	Singlet	pANN_0.25_0.005_289	0.214285714285714
GSE222315_TACATTCTCTGAATGC-1_1_1_1_1	GSE222315_p4_NAT	GSE222315	DF.classifications_0.25_0.005_289	Singlet	pANN_0.25_0.005_289	0.0952380952380952
GSE222315_TACCCACAGCATGATA-1_1_1_1_1	GSE222315_p4_NAT	GSE222315	DF.classifications_0.25_0.005_289	Singlet	pANN_0.25_0.005_289	0
GSE222315_TACCCACAGTAGGAAG-1_1_1_1_1	GSE222315_p4_NAT	GSE222315	DF.classifications_0.25_0.005_289	Singlet	pANN_0.25_0.005_289	0.214285714285714
GSE222315_TACCCACAGTATGACA-1_1_1_1_1	GSE222315_p4_NAT	GSE222315	DF.classifications_0.25_0.005_289	Singlet	pANN_0.25_0.005_289	0.380952380952381
GSE222315_TACCCACGTAATCAAG-1_1_1_1_1	GSE222315_p4_NAT	GSE222315	DF.classifications_0.25_0.005_289	Singlet	pANN_0.25_0.005_289	0.166666666666667
GSE222315_TACCCACTCCGTTTCG-1_1_1_1_1	GSE222315_p4_NAT	GSE222315	DF.classifications_0.25_0.005_289	Singlet	pANN_0.25_0.005_289	0.142857142857143
GSE222315_TACCCACTCGTCGCTT-1_1_1_1_1	GSE222315_p4_NAT	GSE222315	DF.classifications_0.25_0.005_289	Singlet	pANN_0.25_0.005_289	0.142857142857143
GSE222315_TACCCACTCTCATTGT-1_1_1_1_1	GSE222315_p4_NAT	GSE222315	DF.classifications_0.25_0.005_289	Singlet	pANN_0.25_0.005_289	0
GSE222315_TACCCGTAGCATTTCG-1_1_1_1_1	GSE222315_p4_NAT	GSE222315	DF.classifications_0.25_0.005_289	Singlet	pANN_0.25_0.005_289	0.0476190476190476
GSE222315_TACCCGTAGGTCCAGA-1_1_1_1_1	GSE222315_p4_NAT	GSE222315	DF.classifications_0.25_0.005_289	Singlet	pANN_0.25_0.005_289	0
GSE222315_TACCCGTCAATCCTAG-1_1_1_1_1	GSE222315_p4_NAT	GSE222315	DF.classifications_0.25_0.005_289	Singlet	pANN_0.25_0.005_289	0.214285714285714
GSE222315_TACCCGTCAATTGCCA-1_1_1_1_1	GSE222315_p4_NAT	GSE222315	DF.classifications_0.25_0.005_289	Singlet	pANN_0.25_0.005_289	0.380952380952381
GSE222315_TACCCGTGTACATTGC-1_1_1_1_1	GSE222315_p4_NAT	GSE222315	DF.classifications_0.25_0.005_289	Singlet	pANN_0.25_0.005_289	0.19047619047619
GSE222315_TACCCGTGTCCGGACT-1_1_1_1_1	GSE222315_p4_NAT	GSE222315	DF.classifications_0.25_0.005_289	Singlet	pANN_0.25_0.005_289	0.119047619047619
GSE222315_TACCCGTGTTGCTTGA-1_1_1_1_1	GSE222315_p4_NAT	GSE222315	DF.classifications_0.25_0.005_289	Singlet	pANN_0.25_0.005_289	0.0476190476190476
GSE222315_TACCCGTGTTGGATCT-1_1_1_1_1	GSE222315_p4_NAT	GSE222315	DF.classifications_0.25_0.005_289	Singlet	pANN_0.25_0.005_289	0.142857142857143
GSE222315_TACCCGTTCTTCCCGA-1_1_1_1_1	GSE222315_p4_NAT	GSE222315	DF.classifications_0.25_0.005_289	Singlet	pANN_0.25_0.005_289	0.166666666666667
GSE222315_TACCGAAAGCGAGAAA-1_1_1_1_1	GSE222315_p4_NAT	GSE222315	DF.classifications_0.25_0.005_289	Singlet	pANN_0.25_0.005_289	0.238095238095238
GSE222315_TACCGAACAACTCATG-1_1_1_1_1	GSE222315_p4_NAT	GSE222315	DF.classifications_0.25_0.005_289	Singlet	pANN_0.25_0.005_289	0.404761904761905
GSE222315_TACCGAACAATGGCCC-1_1_1_1_1	GSE222315_p4_NAT	GSE222315	DF.classifications_0.25_0.005_289	Doublet	pANN_0.25_0.005_289	0.452380952380952
GSE222315_TACCGAACACCCTCTA-1_1_1_1_1	GSE222315_p4_NAT	GSE222315	DF.classifications_0.25_0.005_289	Singlet	pANN_0.25_0.005_289	0.285714285714286
GSE222315_TACCGAAGTAACTTCG-1_1_1_1_1	GSE222315_p4_NAT	GSE222315	DF.classifications_0.25_0.005_289	Singlet	pANN_0.25_0.005_289	0.0714285714285714
GSE222315_TACCGAAGTAGCCCTG-1_1_1_1_1	GSE222315_p4_NAT	GSE222315	DF.classifications_0.25_0.005_289	Singlet	pANN_0.25_0.005_289	0.142857142857143
GSE222315_TACCGAATCCGTAGGC-1_1_1_1_1	GSE222315_p4_NAT	GSE222315	DF.classifications_0.25_0.005_289	Singlet	pANN_0.25_0.005_289	0.166666666666667
GSE222315_TACCGAATCTTTGCTA-1_1_1_1_1	GSE222315_p4_NAT	GSE222315	DF.classifications_0.25_0.005_289	Singlet	pANN_0.25_0.005_289	0.0476190476190476
GSE222315_TACCGGGAGGTTCACT-1_1_1_1_1	GSE222315_p4_NAT	GSE222315	DF.classifications_0.25_0.005_289	Singlet	pANN_0.25_0.005_289	0.261904761904762
GSE222315_TACCGGGCAATACGCT-1_1_1_1_1	GSE222315_p4_NAT	GSE222315	DF.classifications_0.25_0.005_289	Singlet	pANN_0.25_0.005_289	0.0476190476190476
GSE222315_TACCGGGCATATCGGT-1_1_1_1_1	GSE222315_p4_NAT	GSE222315	DF.classifications_0.25_0.005_289	Singlet	pANN_0.25_0.005_289	0.19047619047619
GSE222315_TACCGGGGTTCCACGG-1_1_1_1_1	GSE222315_p4_NAT	GSE222315	DF.classifications_0.25_0.005_289	Singlet	pANN_0.25_0.005_289	0.0952380952380952
GSE222315_TACCGGGGTTCCTACC-1_1_1_1_1	GSE222315_p4_NAT	GSE222315	DF.classifications_0.25_0.005_289	Singlet	pANN_0.25_0.005_289	0.428571428571429
GSE222315_TACCGGGGTTTGATCG-1_1_1_1_1	GSE222315_p4_NAT	GSE222315	DF.classifications_0.25_0.005_289	Singlet	pANN_0.25_0.005_289	0.380952380952381
GSE222315_TACCGGGTCCATTCAT-1_1_1_1_1	GSE222315_p4_NAT	GSE222315	DF.classifications_0.25_0.005_289	Singlet	pANN_0.25_0.005_289	0.0714285714285714
GSE222315_TACCGGGTCGCAAGAG-1_1_1_1_1	GSE222315_p4_NAT	GSE222315	DF.classifications_0.25_0.005_289	Singlet	pANN_0.25_0.005_289	0.0238095238095238
GSE222315_TACCGGGTCTCAATCT-1_1_1_1_1	GSE222315_p4_NAT	GSE222315	DF.classifications_0.25_0.005_289	Singlet	pANN_0.25_0.005_289	0
GSE222315_TACCTCGCAGAGATTA-1_1_1_1_1	GSE222315_p4_NAT	GSE222315	DF.classifications_0.25_0.005_289	Singlet	pANN_0.25_0.005_289	0
GSE222315_TACCTCGCATACACCA-1_1_1_1_1	GSE222315_p4_NAT	GSE222315	DF.classifications_0.25_0.005_289	Singlet	pANN_0.25_0.005_289	0.261904761904762
GSE222315_TACCTCGGTAGGTACG-1_1_1_1_1	GSE222315_p4_NAT	GSE222315	DF.classifications_0.25_0.005_289	Singlet	pANN_0.25_0.005_289	0.238095238095238
GSE222315_TACCTCGGTGGGTCAA-1_1_1_1_1	GSE222315_p4_NAT	GSE222315	DF.classifications_0.25_0.005_289	Singlet	pANN_0.25_0.005_289	0.119047619047619
GSE222315_TACCTCGGTGTACATC-1_1_1_1_1	GSE222315_p4_NAT	GSE222315	DF.classifications_0.25_0.005_289	Doublet	pANN_0.25_0.005_289	0.476190476190476
GSE222315_TACCTGCAGTGGTTCT-1_1_1_1_1	GSE222315_p4_NAT	GSE222315	DF.classifications_0.25_0.005_289	Singlet	pANN_0.25_0.005_289	0.0238095238095238
GSE222315_TACCTGCCAACTAGAA-1_1_1_1_1	GSE222315_p4_NAT	GSE222315	DF.classifications_0.25_0.005_289	Singlet	pANN_0.25_0.005_289	0.0476190476190476
GSE222315_TACCTGCCACGTCGTG-1_1_1_1_1	GSE222315_p4_NAT	GSE222315	DF.classifications_0.25_0.005_289	Singlet	pANN_0.25_0.005_289	0.0714285714285714
GSE222315_TACCTGCCAGGTTCGC-1_1_1_1_1	GSE222315_p4_NAT	GSE222315	DF.classifications_0.25_0.005_289	Singlet	pANN_0.25_0.005_289	0.19047619047619
GSE222315_TACCTGCGTCTTGCTC-1_1_1_1_1	GSE222315_p4_NAT	GSE222315	DF.classifications_0.25_0.005_289	Singlet	pANN_0.25_0.005_289	0.0714285714285714
GSE222315_TACCTGCGTTCTCCCA-1_1_1_1_1	GSE222315_p4_NAT	GSE222315	DF.classifications_0.25_0.005_289	Singlet	pANN_0.25_0.005_289	0.0238095238095238
GSE222315_TACCTGCTCACTAGCA-1_1_1_1_1	GSE222315_p4_NAT	GSE222315	DF.classifications_0.25_0.005_289	Singlet	pANN_0.25_0.005_289	0.0952380952380952
GSE222315_TACCTGCTCCTACCGT-1_1_1_1_1	GSE222315_p4_NAT	GSE222315	DF.classifications_0.25_0.005_289	Singlet	pANN_0.25_0.005_289	0.0476190476190476
GSE222315_TACGCTCAGCGCCCAT-1_1_1_1_1	GSE222315_p4_NAT	GSE222315	DF.classifications_0.25_0.005_289	Singlet	pANN_0.25_0.005_289	0.285714285714286
GSE222315_TACGCTCGTACGGGAT-1_1_1_1_1	GSE222315_p4_NAT	GSE222315	DF.classifications_0.25_0.005_289	Singlet	pANN_0.25_0.005_289	0.357142857142857
GSE222315_TACGCTCGTCCAAGAG-1_1_1_1_1	GSE222315_p4_NAT	GSE222315	DF.classifications_0.25_0.005_289	Singlet	pANN_0.25_0.005_289	0.0714285714285714
GSE222315_TACGCTCGTCGCACGT-1_1_1_1_1	GSE222315_p4_NAT	GSE222315	DF.classifications_0.25_0.005_289	Singlet	pANN_0.25_0.005_289	0.0238095238095238
GSE222315_TACGCTCGTGTGTACT-1_1_1_1_1	GSE222315_p4_NAT	GSE222315	DF.classifications_0.25_0.005_289	Singlet	pANN_0.25_0.005_289	0.357142857142857
GSE222315_TACGCTCGTTGCGGAA-1_1_1_1_1	GSE222315_p4_NAT	GSE222315	DF.classifications_0.25_0.005_289	Singlet	pANN_0.25_0.005_289	0.119047619047619
GSE222315_TACGCTCTCCGAGAAG-1_1_1_1_1	GSE222315_p4_NAT	GSE222315	DF.classifications_0.25_0.005_289	Singlet	pANN_0.25_0.005_289	0.333333333333333
GSE222315_TACGCTCTCTATGCCC-1_1_1_1_1	GSE222315_p4_NAT	GSE222315	DF.classifications_0.25_0.005_289	Singlet	pANN_0.25_0.005_289	0.119047619047619
GSE222315_TACGGGCAGCCGAATG-1_1_1_1_1	GSE222315_p4_NAT	GSE222315	DF.classifications_0.25_0.005_289	Singlet	pANN_0.25_0.005_289	0.0714285714285714
GSE222315_TACGGGCAGCTATCTG-1_1_1_1_1	GSE222315_p4_NAT	GSE222315	DF.classifications_0.25_0.005_289	Singlet	pANN_0.25_0.005_289	0.166666666666667
GSE222315_TACGGGCAGTCAGCGA-1_1_1_1_1	GSE222315_p4_NAT	GSE222315	DF.classifications_0.25_0.005_289	Singlet	pANN_0.25_0.005_289	0.214285714285714
GSE222315_TACGGGCGTTTGGCTA-1_1_1_1_1	GSE222315_p4_NAT	GSE222315	DF.classifications_0.25_0.005_289	Singlet	pANN_0.25_0.005_289	0.0714285714285714
GSE222315_TACGGGCTCGGAATTC-1_1_1_1_1	GSE222315_p4_NAT	GSE222315	DF.classifications_0.25_0.005_289	Singlet	pANN_0.25_0.005_289	0
GSE222315_TACGGGCTCTTACCAT-1_1_1_1_1	GSE222315_p4_NAT	GSE222315	DF.classifications_0.25_0.005_289	Singlet	pANN_0.25_0.005_289	0.428571428571429
GSE222315_TACGGGCTCTTGGTGA-1_1_1_1_1	GSE222315_p4_NAT	GSE222315	DF.classifications_0.25_0.005_289	Singlet	pANN_0.25_0.005_289	0.0714285714285714
GSE222315_TACGGTAAGACGGTCA-1_1_1_1_1	GSE222315_p4_NAT	GSE222315	DF.classifications_0.25_0.005_289	Singlet	pANN_0.25_0.005_289	0.0476190476190476
GSE222315_TACGGTAAGTAAACTG-1_1_1_1_1	GSE222315_p4_NAT	GSE222315	DF.classifications_0.25_0.005_289	Singlet	pANN_0.25_0.005_289	0.0476190476190476
GSE222315_TACGGTACACGCGGTT-1_1_1_1_1	GSE222315_p4_NAT	GSE222315	DF.classifications_0.25_0.005_289	Singlet	pANN_0.25_0.005_289	0.119047619047619
GSE222315_TACGGTAGTCATGACT-1_1_1_1_1	GSE222315_p4_NAT	GSE222315	DF.classifications_0.25_0.005_289	Singlet	pANN_0.25_0.005_289	0.214285714285714
GSE222315_TACGGTAGTCCTTGTC-1_1_1_1_1	GSE222315_p4_NAT	GSE222315	DF.classifications_0.25_0.005_289	Singlet	pANN_0.25_0.005_289	0.261904761904762
GSE222315_TACGGTAGTTAGCGGA-1_1_1_1_1	GSE222315_p4_NAT	GSE222315	DF.classifications_0.25_0.005_289	Singlet	pANN_0.25_0.005_289	0.166666666666667
GSE222315_TACGGTAGTTCGATTG-1_1_1_1_1	GSE222315_p4_NAT	GSE222315	DF.classifications_0.25_0.005_289	Singlet	pANN_0.25_0.005_289	0.0714285714285714
GSE222315_TACGGTATCAAGTAAG-1_1_1_1_1	GSE222315_p4_NAT	GSE222315	DF.classifications_0.25_0.005_289	Singlet	pANN_0.25_0.005_289	0
GSE222315_TACGGTATCACGACTA-1_1_1_1_1	GSE222315_p4_NAT	GSE222315	DF.classifications_0.25_0.005_289	Singlet	pANN_0.25_0.005_289	0.0952380952380952
GSE222315_TACGGTATCCGATCGG-1_1_1_1_1	GSE222315_p4_NAT	GSE222315	DF.classifications_0.25_0.005_289	Singlet	pANN_0.25_0.005_289	0.119047619047619
GSE222315_TACGGTATCGGAAACG-1_1_1_1_1	GSE222315_p4_NAT	GSE222315	DF.classifications_0.25_0.005_289	Singlet	pANN_0.25_0.005_289	0.285714285714286
GSE222315_TACGTCCAGACATACA-1_1_1_1_1	GSE222315_p4_NAT	GSE222315	DF.classifications_0.25_0.005_289	Singlet	pANN_0.25_0.005_289	0.19047619047619
GSE222315_TACGTCCAGATGCTAA-1_1_1_1_1	GSE222315_p4_NAT	GSE222315	DF.classifications_0.25_0.005_289	Singlet	pANN_0.25_0.005_289	0.0476190476190476
GSE222315_TACGTCCAGGTTATAG-1_1_1_1_1	GSE222315_p4_NAT	GSE222315	DF.classifications_0.25_0.005_289	Singlet	pANN_0.25_0.005_289	0.238095238095238
GSE222315_TACGTCCCAAATGAGT-1_1_1_1_1	GSE222315_p4_NAT	GSE222315	DF.classifications_0.25_0.005_289	Singlet	pANN_0.25_0.005_289	0.238095238095238
GSE222315_TACGTCCCACGACAAG-1_1_1_1_1	GSE222315_p4_NAT	GSE222315	DF.classifications_0.25_0.005_289	Singlet	pANN_0.25_0.005_289	0.214285714285714
GSE222315_TACGTCCCACGCTATA-1_1_1_1_1	GSE222315_p4_NAT	GSE222315	DF.classifications_0.25_0.005_289	Singlet	pANN_0.25_0.005_289	0.30952380952381
GSE222315_TACGTCCCATTCACCC-1_1_1_1_1	GSE222315_p4_NAT	GSE222315	DF.classifications_0.25_0.005_289	Singlet	pANN_0.25_0.005_289	0.0238095238095238
GSE222315_TACGTCCGTAACGTTC-1_1_1_1_1	GSE222315_p4_NAT	GSE222315	DF.classifications_0.25_0.005_289	Singlet	pANN_0.25_0.005_289	0.0238095238095238
GSE222315_TACGTCCGTAAGATAC-1_1_1_1_1	GSE222315_p4_NAT	GSE222315	DF.classifications_0.25_0.005_289	Singlet	pANN_0.25_0.005_289	0.0238095238095238
GSE222315_TACGTCCTCTGGCCAG-1_1_1_1_1	GSE222315_p4_NAT	GSE222315	DF.classifications_0.25_0.005_289	Singlet	pANN_0.25_0.005_289	0.285714285714286
GSE222315_TACTGCCAGTATGATG-1_1_1_1_1	GSE222315_p4_NAT	GSE222315	DF.classifications_0.25_0.005_289	Singlet	pANN_0.25_0.005_289	0.0238095238095238
GSE222315_TACTGCCCACGTCTCT-1_1_1_1_1	GSE222315_p4_NAT	GSE222315	DF.classifications_0.25_0.005_289	Singlet	pANN_0.25_0.005_289	0.142857142857143
GSE222315_TACTGCCCAGCATGCC-1_1_1_1_1	GSE222315_p4_NAT	GSE222315	DF.classifications_0.25_0.005_289	Singlet	pANN_0.25_0.005_289	0.0714285714285714
GSE222315_TACTGCCCATAACCCA-1_1_1_1_1	GSE222315_p4_NAT	GSE222315	DF.classifications_0.25_0.005_289	Singlet	pANN_0.25_0.005_289	0.0238095238095238
GSE222315_TACTGCCCATCAGTGT-1_1_1_1_1	GSE222315_p4_NAT	GSE222315	DF.classifications_0.25_0.005_289	Singlet	pANN_0.25_0.005_289	0.166666666666667
GSE222315_TACTGCCCATTGACAC-1_1_1_1_1	GSE222315_p4_NAT	GSE222315	DF.classifications_0.25_0.005_289	Doublet	pANN_0.25_0.005_289	0.785714285714286
GSE222315_TACTGCCGTGATCATC-1_1_1_1_1	GSE222315_p4_NAT	GSE222315	DF.classifications_0.25_0.005_289	Singlet	pANN_0.25_0.005_289	0.142857142857143
GSE222315_TACTGCCTCAATCAGC-1_1_1_1_1	GSE222315_p4_NAT	GSE222315	DF.classifications_0.25_0.005_289	Singlet	pANN_0.25_0.005_289	0.30952380952381
GSE222315_TACTGCCTCACCGGGT-1_1_1_1_1	GSE222315_p4_NAT	GSE222315	DF.classifications_0.25_0.005_289	Singlet	pANN_0.25_0.005_289	0.0952380952380952
GSE222315_TACTGCCTCCGCAACG-1_1_1_1_1	GSE222315_p4_NAT	GSE222315	DF.classifications_0.25_0.005_289	Singlet	pANN_0.25_0.005_289	0.30952380952381
GSE222315_TACTTACAGGACTGGT-1_1_1_1_1	GSE222315_p4_NAT	GSE222315	DF.classifications_0.25_0.005_289	Singlet	pANN_0.25_0.005_289	0.0238095238095238
GSE222315_TACTTACAGTAGCATA-1_1_1_1_1	GSE222315_p4_NAT	GSE222315	DF.classifications_0.25_0.005_289	Singlet	pANN_0.25_0.005_289	0.19047619047619
GSE222315_TACTTACCACATGAAA-1_1_1_1_1	GSE222315_p4_NAT	GSE222315	DF.classifications_0.25_0.005_289	Singlet	pANN_0.25_0.005_289	0.119047619047619
GSE222315_TACTTACCACGTAACT-1_1_1_1_1	GSE222315_p4_NAT	GSE222315	DF.classifications_0.25_0.005_289	Singlet	pANN_0.25_0.005_289	0.142857142857143
GSE222315_TACTTACGTGGAAGTC-1_1_1_1_1	GSE222315_p4_NAT	GSE222315	DF.classifications_0.25_0.005_289	Singlet	pANN_0.25_0.005_289	0.238095238095238
GSE222315_TACTTACTCCTTATGT-1_1_1_1_1	GSE222315_p4_NAT	GSE222315	DF.classifications_0.25_0.005_289	Singlet	pANN_0.25_0.005_289	0.0476190476190476
GSE222315_TACTTACTCTCTGCCA-1_1_1_1_1	GSE222315_p4_NAT	GSE222315	DF.classifications_0.25_0.005_289	Singlet	pANN_0.25_0.005_289	0.19047619047619
GSE222315_TACTTCACACAAGCCC-1_1_1_1_1	GSE222315_p4_NAT	GSE222315	DF.classifications_0.25_0.005_289	Singlet	pANN_0.25_0.005_289	0.214285714285714
GSE222315_TACTTCACAGCTGTTA-1_1_1_1_1	GSE222315_p4_NAT	GSE222315	DF.classifications_0.25_0.005_289	Singlet	pANN_0.25_0.005_289	0.119047619047619
GSE222315_TACTTCAGTCTTGTCC-1_1_1_1_1	GSE222315_p4_NAT	GSE222315	DF.classifications_0.25_0.005_289	Singlet	pANN_0.25_0.005_289	0.380952380952381
GSE222315_TACTTCAGTTCCACAA-1_1_1_1_1	GSE222315_p4_NAT	GSE222315	DF.classifications_0.25_0.005_289	Singlet	pANN_0.25_0.005_289	0.30952380952381
GSE222315_TACTTCATCATTCGGA-1_1_1_1_1	GSE222315_p4_NAT	GSE222315	DF.classifications_0.25_0.005_289	Singlet	pANN_0.25_0.005_289	0.0952380952380952
GSE222315_TACTTCATCGCTGTTC-1_1_1_1_1	GSE222315_p4_NAT	GSE222315	DF.classifications_0.25_0.005_289	Singlet	pANN_0.25_0.005_289	0.380952380952381
GSE222315_TACTTCATCTACCCAC-1_1_1_1_1	GSE222315_p4_NAT	GSE222315	DF.classifications_0.25_0.005_289	Singlet	pANN_0.25_0.005_289	0.0952380952380952
GSE222315_TACTTCATCTCTGAGA-1_1_1_1_1	GSE222315_p4_NAT	GSE222315	DF.classifications_0.25_0.005_289	Singlet	pANN_0.25_0.005_289	0.142857142857143
GSE222315_TACTTGTAGATCGCCC-1_1_1_1_1	GSE222315_p4_NAT	GSE222315	DF.classifications_0.25_0.005_289	Singlet	pANN_0.25_0.005_289	0
GSE222315_TACTTGTAGGGTTAAT-1_1_1_1_1	GSE222315_p4_NAT	GSE222315	DF.classifications_0.25_0.005_289	Singlet	pANN_0.25_0.005_289	0.119047619047619
GSE222315_TACTTGTAGTATGACA-1_1_1_1_1	GSE222315_p4_NAT	GSE222315	DF.classifications_0.25_0.005_289	Singlet	pANN_0.25_0.005_289	0.261904761904762
GSE222315_TACTTGTCAAGGCAAC-1_1_1_1_1	GSE222315_p4_NAT	GSE222315	DF.classifications_0.25_0.005_289	Singlet	pANN_0.25_0.005_289	0.0476190476190476
GSE222315_TACTTGTCACACCAGC-1_1_1_1_1	GSE222315_p4_NAT	GSE222315	DF.classifications_0.25_0.005_289	Singlet	pANN_0.25_0.005_289	0.142857142857143
GSE222315_TACTTGTCAGAGAATT-1_1_1_1_1	GSE222315_p4_NAT	GSE222315	DF.classifications_0.25_0.005_289	Singlet	pANN_0.25_0.005_289	0.404761904761905
GSE222315_TACTTGTGTAGATCCT-1_1_1_1_1	GSE222315_p4_NAT	GSE222315	DF.classifications_0.25_0.005_289	Singlet	pANN_0.25_0.005_289	0
GSE222315_TACTTGTGTAGTACGG-1_1_1_1_1	GSE222315_p4_NAT	GSE222315	DF.classifications_0.25_0.005_289	Singlet	pANN_0.25_0.005_289	0.142857142857143
GSE222315_TAGACCACAAGCACAG-1_1_1_1_1	GSE222315_p4_NAT	GSE222315	DF.classifications_0.25_0.005_289	Singlet	pANN_0.25_0.005_289	0.261904761904762
GSE222315_TAGACCAGTTGTAGCT-1_1_1_1_1	GSE222315_p4_NAT	GSE222315	DF.classifications_0.25_0.005_289	Singlet	pANN_0.25_0.005_289	0
GSE222315_TAGACCATCAGTGTTG-1_1_1_1_1	GSE222315_p4_NAT	GSE222315	DF.classifications_0.25_0.005_289	Singlet	pANN_0.25_0.005_289	0
GSE222315_TAGACCATCATGAAAG-1_1_1_1_1	GSE222315_p4_NAT	GSE222315	DF.classifications_0.25_0.005_289	Singlet	pANN_0.25_0.005_289	0.166666666666667
GSE222315_TAGACTGAGCTAATCC-1_1_1_1_1	GSE222315_p4_NAT	GSE222315	DF.classifications_0.25_0.005_289	Singlet	pANN_0.25_0.005_289	0
GSE222315_TAGACTGCACAATCTG-1_1_1_1_1	GSE222315_p4_NAT	GSE222315	DF.classifications_0.25_0.005_289	Singlet	pANN_0.25_0.005_289	0.0714285714285714
GSE222315_TAGACTGCACCCAACG-1_1_1_1_1	GSE222315_p4_NAT	GSE222315	DF.classifications_0.25_0.005_289	Singlet	pANN_0.25_0.005_289	0.19047619047619
GSE222315_TAGACTGGTCTTGCTC-1_1_1_1_1	GSE222315_p4_NAT	GSE222315	DF.classifications_0.25_0.005_289	Singlet	pANN_0.25_0.005_289	0.214285714285714
GSE222315_TAGACTGGTGTCCGTG-1_1_1_1_1	GSE222315_p4_NAT	GSE222315	DF.classifications_0.25_0.005_289	Singlet	pANN_0.25_0.005_289	0.285714285714286
GSE222315_TAGACTGGTTCTGACA-1_1_1_1_1	GSE222315_p4_NAT	GSE222315	DF.classifications_0.25_0.005_289	Singlet	pANN_0.25_0.005_289	0.0714285714285714
GSE222315_TAGACTGTCCATTCGC-1_1_1_1_1	GSE222315_p4_NAT	GSE222315	DF.classifications_0.25_0.005_289	Singlet	pANN_0.25_0.005_289	0.142857142857143
GSE222315_TAGACTGTCCCGTGTT-1_1_1_1_1	GSE222315_p4_NAT	GSE222315	DF.classifications_0.25_0.005_289	Singlet	pANN_0.25_0.005_289	0.285714285714286
GSE222315_TAGACTGTCCTAACAG-1_1_1_1_1	GSE222315_p4_NAT	GSE222315	DF.classifications_0.25_0.005_289	Singlet	pANN_0.25_0.005_289	0.333333333333333
GSE222315_TAGACTGTCGCCAATA-1_1_1_1_1	GSE222315_p4_NAT	GSE222315	DF.classifications_0.25_0.005_289	Singlet	pANN_0.25_0.005_289	0.0238095238095238
GSE222315_TAGAGTCAGTGGATAT-1_1_1_1_1	GSE222315_p4_NAT	GSE222315	DF.classifications_0.25_0.005_289	Singlet	pANN_0.25_0.005_289	0.0238095238095238
GSE222315_TAGAGTCCAGGACAGT-1_1_1_1_1	GSE222315_p4_NAT	GSE222315	DF.classifications_0.25_0.005_289	Singlet	pANN_0.25_0.005_289	0.380952380952381
GSE222315_TAGAGTCGTACCGGCT-1_1_1_1_1	GSE222315_p4_NAT	GSE222315	DF.classifications_0.25_0.005_289	Singlet	pANN_0.25_0.005_289	0.0952380952380952
GSE222315_TAGAGTCGTTGTTTGG-1_1_1_1_1	GSE222315_p4_NAT	GSE222315	DF.classifications_0.25_0.005_289	Doublet	pANN_0.25_0.005_289	0.452380952380952
GSE222315_TAGAGTCTCCCGAGAC-1_1_1_1_1	GSE222315_p4_NAT	GSE222315	DF.classifications_0.25_0.005_289	Singlet	pANN_0.25_0.005_289	0.142857142857143
GSE222315_TAGATCGAGCCAAGCA-1_1_1_1_1	GSE222315_p4_NAT	GSE222315	DF.classifications_0.25_0.005_289	Singlet	pANN_0.25_0.005_289	0
GSE222315_TAGATCGCACAACGTT-1_1_1_1_1	GSE222315_p4_NAT	GSE222315	DF.classifications_0.25_0.005_289	Singlet	pANN_0.25_0.005_289	0.261904761904762
GSE222315_TAGATCGCACTATGTG-1_1_1_1_1	GSE222315_p4_NAT	GSE222315	DF.classifications_0.25_0.005_289	Singlet	pANN_0.25_0.005_289	0.30952380952381
GSE222315_TAGATCGGTCGCGTTG-1_1_1_1_1	GSE222315_p4_NAT	GSE222315	DF.classifications_0.25_0.005_289	Singlet	pANN_0.25_0.005_289	0.30952380952381
GSE222315_TAGATCGTCAGCTCTC-1_1_1_1_1	GSE222315_p4_NAT	GSE222315	DF.classifications_0.25_0.005_289	Singlet	pANN_0.25_0.005_289	0.0238095238095238
GSE222315_TAGATCGTCGGCATAT-1_1_1_1_1	GSE222315_p4_NAT	GSE222315	DF.classifications_0.25_0.005_289	Singlet	pANN_0.25_0.005_289	0.0952380952380952
GSE222315_TAGCACACAAACGAGC-1_1_1_1_1	GSE222315_p4_NAT	GSE222315	DF.classifications_0.25_0.005_289	Singlet	pANN_0.25_0.005_289	0.0476190476190476
GSE222315_TAGCACACACGGATCC-1_1_1_1_1	GSE222315_p4_NAT	GSE222315	DF.classifications_0.25_0.005_289	Singlet	pANN_0.25_0.005_289	0.214285714285714
GSE222315_TAGCACATCCCAACTC-1_1_1_1_1	GSE222315_p4_NAT	GSE222315	DF.classifications_0.25_0.005_289	Singlet	pANN_0.25_0.005_289	0.0714285714285714
GSE222315_TAGGAGGAGAGGTCGT-1_1_1_1_1	GSE222315_p4_NAT	GSE222315	DF.classifications_0.25_0.005_289	Singlet	pANN_0.25_0.005_289	0.0952380952380952
GSE222315_TAGGAGGAGTCTCCTC-1_1_1_1_1	GSE222315_p4_NAT	GSE222315	DF.classifications_0.25_0.005_289	Singlet	pANN_0.25_0.005_289	0.261904761904762
GSE222315_TAGGAGGCAGATTTCG-1_1_1_1_1	GSE222315_p4_NAT	GSE222315	DF.classifications_0.25_0.005_289	Singlet	pANN_0.25_0.005_289	0.0714285714285714
GSE222315_TAGGAGGGTCCAAAGG-1_1_1_1_1	GSE222315_p4_NAT	GSE222315	DF.classifications_0.25_0.005_289	Singlet	pANN_0.25_0.005_289	0
GSE222315_TAGGAGGTCCGCGATG-1_1_1_1_1	GSE222315_p4_NAT	GSE222315	DF.classifications_0.25_0.005_289	Singlet	pANN_0.25_0.005_289	0.166666666666667
GSE222315_TAGGAGGTCGGTCAGC-1_1_1_1_1	GSE222315_p4_NAT	GSE222315	DF.classifications_0.25_0.005_289	Singlet	pANN_0.25_0.005_289	0.404761904761905
GSE222315_TAGGGTTAGATCACTC-1_1_1_1_1	GSE222315_p4_NAT	GSE222315	DF.classifications_0.25_0.005_289	Singlet	pANN_0.25_0.005_289	0.261904761904762
GSE222315_TAGGGTTAGGGATCAC-1_1_1_1_1	GSE222315_p4_NAT	GSE222315	DF.classifications_0.25_0.005_289	Singlet	pANN_0.25_0.005_289	0.19047619047619
GSE222315_TAGGGTTAGGGTACGT-1_1_1_1_1	GSE222315_p4_NAT	GSE222315	DF.classifications_0.25_0.005_289	Singlet	pANN_0.25_0.005_289	0.333333333333333
GSE222315_TAGGGTTCAACTCATG-1_1_1_1_1	GSE222315_p4_NAT	GSE222315	DF.classifications_0.25_0.005_289	Singlet	pANN_0.25_0.005_289	0.214285714285714
GSE222315_TAGGGTTCAATTCTCT-1_1_1_1_1	GSE222315_p4_NAT	GSE222315	DF.classifications_0.25_0.005_289	Singlet	pANN_0.25_0.005_289	0.142857142857143
GSE222315_TAGGGTTGTATCTCTT-1_1_1_1_1	GSE222315_p4_NAT	GSE222315	DF.classifications_0.25_0.005_289	Singlet	pANN_0.25_0.005_289	0.142857142857143
GSE222315_TAGGGTTTCACGACTA-1_1_1_1_1	GSE222315_p4_NAT	GSE222315	DF.classifications_0.25_0.005_289	Singlet	pANN_0.25_0.005_289	0.0714285714285714
GSE222315_TAGGGTTTCCACCTCA-1_1_1_1_1	GSE222315_p4_NAT	GSE222315	DF.classifications_0.25_0.005_289	Singlet	pANN_0.25_0.005_289	0.238095238095238
GSE222315_TAGGTACGTATCTCGA-1_1_1_1_1	GSE222315_p4_NAT	GSE222315	DF.classifications_0.25_0.005_289	Singlet	pANN_0.25_0.005_289	0.119047619047619
GSE222315_TAGGTACTCGATCCAA-1_1_1_1_1	GSE222315_p4_NAT	GSE222315	DF.classifications_0.25_0.005_289	Singlet	pANN_0.25_0.005_289	0.238095238095238
GSE222315_TAGGTACTCTCAAAGC-1_1_1_1_1	GSE222315_p4_NAT	GSE222315	DF.classifications_0.25_0.005_289	Singlet	pANN_0.25_0.005_289	0.261904761904762
GSE222315_TAGGTTGAGATGAATC-1_1_1_1_1	GSE222315_p4_NAT	GSE222315	DF.classifications_0.25_0.005_289	Singlet	pANN_0.25_0.005_289	0.30952380952381
GSE222315_TAGGTTGAGTCGAAGC-1_1_1_1_1	GSE222315_p4_NAT	GSE222315	DF.classifications_0.25_0.005_289	Doublet	pANN_0.25_0.005_289	0.5
GSE222315_TAGGTTGAGTCTTGGT-1_1_1_1_1	GSE222315_p4_NAT	GSE222315	DF.classifications_0.25_0.005_289	Singlet	pANN_0.25_0.005_289	0.30952380952381
GSE222315_TAGGTTGCATGCGGTC-1_1_1_1_1	GSE222315_p4_NAT	GSE222315	DF.classifications_0.25_0.005_289	Singlet	pANN_0.25_0.005_289	0.30952380952381
GSE222315_TAGGTTGGTAGAGTTA-1_1_1_1_1	GSE222315_p4_NAT	GSE222315	DF.classifications_0.25_0.005_289	Singlet	pANN_0.25_0.005_289	0.261904761904762
GSE222315_TAGGTTGTCAGTCAGT-1_1_1_1_1	GSE222315_p4_NAT	GSE222315	DF.classifications_0.25_0.005_289	Singlet	pANN_0.25_0.005_289	0.19047619047619
GSE222315_TAGTGCAAGATCGCTT-1_1_1_1_1	GSE222315_p4_NAT	GSE222315	DF.classifications_0.25_0.005_289	Singlet	pANN_0.25_0.005_289	0.380952380952381
GSE222315_TAGTGCACAATCTGCA-1_1_1_1_1	GSE222315_p4_NAT	GSE222315	DF.classifications_0.25_0.005_289	Singlet	pANN_0.25_0.005_289	0.0238095238095238
GSE222315_TAGTGCACATTGTGCA-1_1_1_1_1	GSE222315_p4_NAT	GSE222315	DF.classifications_0.25_0.005_289	Singlet	pANN_0.25_0.005_289	0.0952380952380952
GSE222315_TAGTGCAGTTCAATCG-1_1_1_1_1	GSE222315_p4_NAT	GSE222315	DF.classifications_0.25_0.005_289	Singlet	pANN_0.25_0.005_289	0.333333333333333
GSE222315_TAGTGCAGTTGCAAGG-1_1_1_1_1	GSE222315_p4_NAT	GSE222315	DF.classifications_0.25_0.005_289	Singlet	pANN_0.25_0.005_289	0
GSE222315_TAGTGCATCAAAGAAC-1_1_1_1_1	GSE222315_p4_NAT	GSE222315	DF.classifications_0.25_0.005_289	Singlet	pANN_0.25_0.005_289	0.0476190476190476
GSE222315_TATACCTAGATCCCGC-1_1_1_1_1	GSE222315_p4_NAT	GSE222315	DF.classifications_0.25_0.005_289	Singlet	pANN_0.25_0.005_289	0.166666666666667
GSE222315_TATACCTGTCTAACTG-1_1_1_1_1	GSE222315_p4_NAT	GSE222315	DF.classifications_0.25_0.005_289	Singlet	pANN_0.25_0.005_289	0
GSE222315_TATACCTGTGCGACAA-1_1_1_1_1	GSE222315_p4_NAT	GSE222315	DF.classifications_0.25_0.005_289	Singlet	pANN_0.25_0.005_289	0.0952380952380952
GSE222315_TATACCTGTTAAGAAC-1_1_1_1_1	GSE222315_p4_NAT	GSE222315	DF.classifications_0.25_0.005_289	Singlet	pANN_0.25_0.005_289	0.0714285714285714
GSE222315_TATACCTTCCGTCAAA-1_1_1_1_1	GSE222315_p4_NAT	GSE222315	DF.classifications_0.25_0.005_289	Singlet	pANN_0.25_0.005_289	0.0476190476190476
GSE222315_TATATCCAGCTGAGTG-1_1_1_1_1	GSE222315_p4_NAT	GSE222315	DF.classifications_0.25_0.005_289	Singlet	pANN_0.25_0.005_289	0.238095238095238
GSE222315_TATATCCAGTGGCCTC-1_1_1_1_1	GSE222315_p4_NAT	GSE222315	DF.classifications_0.25_0.005_289	Singlet	pANN_0.25_0.005_289	0.333333333333333
GSE222315_TATATCCAGTTCATCG-1_1_1_1_1	GSE222315_p4_NAT	GSE222315	DF.classifications_0.25_0.005_289	Singlet	pANN_0.25_0.005_289	0.30952380952381
GSE222315_TATATCCCAGTTCACA-1_1_1_1_1	GSE222315_p4_NAT	GSE222315	DF.classifications_0.25_0.005_289	Singlet	pANN_0.25_0.005_289	0
GSE222315_TATATCCTCAATGTCG-1_1_1_1_1	GSE222315_p4_NAT	GSE222315	DF.classifications_0.25_0.005_289	Singlet	pANN_0.25_0.005_289	0.285714285714286
GSE222315_TATCAGGAGATTACCC-1_1_1_1_1	GSE222315_p4_NAT	GSE222315	DF.classifications_0.25_0.005_289	Singlet	pANN_0.25_0.005_289	0.0952380952380952
GSE222315_TATCAGGAGTGTTCAC-1_1_1_1_1	GSE222315_p4_NAT	GSE222315	DF.classifications_0.25_0.005_289	Singlet	pANN_0.25_0.005_289	0.261904761904762
GSE222315_TATCAGGAGTTCCAGT-1_1_1_1_1	GSE222315_p4_NAT	GSE222315	DF.classifications_0.25_0.005_289	Singlet	pANN_0.25_0.005_289	0.142857142857143
GSE222315_TATCAGGCAATGAAAC-1_1_1_1_1	GSE222315_p4_NAT	GSE222315	DF.classifications_0.25_0.005_289	Singlet	pANN_0.25_0.005_289	0.214285714285714
GSE222315_TATCAGGCAGATCATC-1_1_1_1_1	GSE222315_p4_NAT	GSE222315	DF.classifications_0.25_0.005_289	Singlet	pANN_0.25_0.005_289	0
GSE222315_TATCAGGCAGCTTTCC-1_1_1_1_1	GSE222315_p4_NAT	GSE222315	DF.classifications_0.25_0.005_289	Singlet	pANN_0.25_0.005_289	0.166666666666667
GSE222315_TATCAGGGTTATCTTC-1_1_1_1_1	GSE222315_p4_NAT	GSE222315	DF.classifications_0.25_0.005_289	Singlet	pANN_0.25_0.005_289	0.285714285714286
GSE222315_TATCAGGTCCCGTTCA-1_1_1_1_1	GSE222315_p4_NAT	GSE222315	DF.classifications_0.25_0.005_289	Singlet	pANN_0.25_0.005_289	0.119047619047619
GSE222315_TATCAGGTCGCGCCAA-1_1_1_1_1	GSE222315_p4_NAT	GSE222315	DF.classifications_0.25_0.005_289	Singlet	pANN_0.25_0.005_289	0.119047619047619
GSE222315_TATCAGGTCGTAACTG-1_1_1_1_1	GSE222315_p4_NAT	GSE222315	DF.classifications_0.25_0.005_289	Singlet	pANN_0.25_0.005_289	0.238095238095238
GSE222315_TATCAGGTCTCAGAAC-1_1_1_1_1	GSE222315_p4_NAT	GSE222315	DF.classifications_0.25_0.005_289	Singlet	pANN_0.25_0.005_289	0.142857142857143
GSE222315_TATCAGGTCTGGAAGG-1_1_1_1_1	GSE222315_p4_NAT	GSE222315	DF.classifications_0.25_0.005_289	Singlet	pANN_0.25_0.005_289	0.0238095238095238
GSE222315_TATCCTAAGGCCCGTT-1_1_1_1_1	GSE222315_p4_NAT	GSE222315	DF.classifications_0.25_0.005_289	Singlet	pANN_0.25_0.005_289	0.166666666666667
GSE222315_TATCCTACAGAGTAAT-1_1_1_1_1	GSE222315_p4_NAT	GSE222315	DF.classifications_0.25_0.005_289	Singlet	pANN_0.25_0.005_289	0.19047619047619
GSE222315_TATCCTAGTCTGTCAA-1_1_1_1_1	GSE222315_p4_NAT	GSE222315	DF.classifications_0.25_0.005_289	Singlet	pANN_0.25_0.005_289	0.166666666666667
GSE222315_TATCCTAGTGGCTAGA-1_1_1_1_1	GSE222315_p4_NAT	GSE222315	DF.classifications_0.25_0.005_289	Singlet	pANN_0.25_0.005_289	0.0476190476190476
GSE222315_TATCCTATCTTCCTAA-1_1_1_1_1	GSE222315_p4_NAT	GSE222315	DF.classifications_0.25_0.005_289	Singlet	pANN_0.25_0.005_289	0.380952380952381
GSE222315_TATCGCCCATACAGGG-1_1_1_1_1	GSE222315_p4_NAT	GSE222315	DF.classifications_0.25_0.005_289	Singlet	pANN_0.25_0.005_289	0.0714285714285714
GSE222315_TATCGCCGTCAACATC-1_1_1_1_1	GSE222315_p4_NAT	GSE222315	DF.classifications_0.25_0.005_289	Singlet	pANN_0.25_0.005_289	0.261904761904762
GSE222315_TATCGCCGTGGTCCGT-1_1_1_1_1	GSE222315_p4_NAT	GSE222315	DF.classifications_0.25_0.005_289	Singlet	pANN_0.25_0.005_289	0.166666666666667
GSE222315_TATCGCCTCACAAGAA-1_1_1_1_1	GSE222315_p4_NAT	GSE222315	DF.classifications_0.25_0.005_289	Singlet	pANN_0.25_0.005_289	0.166666666666667
GSE222315_TATCGCCTCAGCTGAT-1_1_1_1_1	GSE222315_p4_NAT	GSE222315	DF.classifications_0.25_0.005_289	Singlet	pANN_0.25_0.005_289	0.214285714285714
GSE222315_TATCGCCTCTGCAGCG-1_1_1_1_1	GSE222315_p4_NAT	GSE222315	DF.classifications_0.25_0.005_289	Singlet	pANN_0.25_0.005_289	0.0476190476190476
GSE222315_TATCTGTAGATAGTGT-1_1_1_1_1	GSE222315_p4_NAT	GSE222315	DF.classifications_0.25_0.005_289	Singlet	pANN_0.25_0.005_289	0.0476190476190476
GSE222315_TATCTGTAGATCGCCC-1_1_1_1_1	GSE222315_p4_NAT	GSE222315	DF.classifications_0.25_0.005_289	Singlet	pANN_0.25_0.005_289	0.261904761904762
GSE222315_TATCTGTAGATTGACA-1_1_1_1_1	GSE222315_p4_NAT	GSE222315	DF.classifications_0.25_0.005_289	Singlet	pANN_0.25_0.005_289	0.30952380952381
GSE222315_TATCTGTCACGACGAA-1_1_1_1_1	GSE222315_p4_NAT	GSE222315	DF.classifications_0.25_0.005_289	Singlet	pANN_0.25_0.005_289	0.238095238095238
GSE222315_TATCTGTCATCGAAGG-1_1_1_1_1	GSE222315_p4_NAT	GSE222315	DF.classifications_0.25_0.005_289	Singlet	pANN_0.25_0.005_289	0.357142857142857
GSE222315_TATCTGTGTCCAGAAG-1_1_1_1_1	GSE222315_p4_NAT	GSE222315	DF.classifications_0.25_0.005_289	Singlet	pANN_0.25_0.005_289	0.166666666666667
GSE222315_TATCTGTGTTTGGGAG-1_1_1_1_1	GSE222315_p4_NAT	GSE222315	DF.classifications_0.25_0.005_289	Singlet	pANN_0.25_0.005_289	0.214285714285714
GSE222315_TATCTGTTCATGCCCT-1_1_1_1_1	GSE222315_p4_NAT	GSE222315	DF.classifications_0.25_0.005_289	Singlet	pANN_0.25_0.005_289	0.0952380952380952
GSE222315_TATCTGTTCCGATCTC-1_1_1_1_1	GSE222315_p4_NAT	GSE222315	DF.classifications_0.25_0.005_289	Singlet	pANN_0.25_0.005_289	0.19047619047619
GSE222315_TATCTGTTCGTTCAGA-1_1_1_1_1	GSE222315_p4_NAT	GSE222315	DF.classifications_0.25_0.005_289	Singlet	pANN_0.25_0.005_289	0.119047619047619
GSE222315_TATCTGTTCTACCCAC-1_1_1_1_1	GSE222315_p4_NAT	GSE222315	DF.classifications_0.25_0.005_289	Singlet	pANN_0.25_0.005_289	0.0952380952380952
GSE222315_TATCTGTTCTCGACGG-1_1_1_1_1	GSE222315_p4_NAT	GSE222315	DF.classifications_0.25_0.005_289	Singlet	pANN_0.25_0.005_289	0.238095238095238
GSE222315_TATCTTGAGACGGTCA-1_1_1_1_1	GSE222315_p4_NAT	GSE222315	DF.classifications_0.25_0.005_289	Singlet	pANN_0.25_0.005_289	0.0952380952380952
GSE222315_TATCTTGAGCGCCTAC-1_1_1_1_1	GSE222315_p4_NAT	GSE222315	DF.classifications_0.25_0.005_289	Singlet	pANN_0.25_0.005_289	0
GSE222315_TATCTTGAGCTATCCA-1_1_1_1_1	GSE222315_p4_NAT	GSE222315	DF.classifications_0.25_0.005_289	Doublet	pANN_0.25_0.005_289	0.595238095238095
GSE222315_TATCTTGAGGGTGAGG-1_1_1_1_1	GSE222315_p4_NAT	GSE222315	DF.classifications_0.25_0.005_289	Singlet	pANN_0.25_0.005_289	0.19047619047619
GSE222315_TATCTTGCAAACAGGC-1_1_1_1_1	GSE222315_p4_NAT	GSE222315	DF.classifications_0.25_0.005_289	Singlet	pANN_0.25_0.005_289	0.119047619047619
GSE222315_TATCTTGCAACAAAGT-1_1_1_1_1	GSE222315_p4_NAT	GSE222315	DF.classifications_0.25_0.005_289	Doublet	pANN_0.25_0.005_289	0.452380952380952
GSE222315_TATCTTGCAAGGGCAT-1_1_1_1_1	GSE222315_p4_NAT	GSE222315	DF.classifications_0.25_0.005_289	Singlet	pANN_0.25_0.005_289	0
GSE222315_TATCTTGCATCGGAAG-1_1_1_1_1	GSE222315_p4_NAT	GSE222315	DF.classifications_0.25_0.005_289	Singlet	pANN_0.25_0.005_289	0.285714285714286
GSE222315_TATCTTGGTCACTCAA-1_1_1_1_1	GSE222315_p4_NAT	GSE222315	DF.classifications_0.25_0.005_289	Singlet	pANN_0.25_0.005_289	0.0952380952380952
GSE222315_TATCTTGGTGCGACAA-1_1_1_1_1	GSE222315_p4_NAT	GSE222315	DF.classifications_0.25_0.005_289	Singlet	pANN_0.25_0.005_289	0.0714285714285714
GSE222315_TATCTTGTCATAGACC-1_1_1_1_1	GSE222315_p4_NAT	GSE222315	DF.classifications_0.25_0.005_289	Singlet	pANN_0.25_0.005_289	0.238095238095238
GSE222315_TATCTTGTCATTGTTC-1_1_1_1_1	GSE222315_p4_NAT	GSE222315	DF.classifications_0.25_0.005_289	Singlet	pANN_0.25_0.005_289	0.0952380952380952
GSE222315_TATCTTGTCGGCTTGG-1_1_1_1_1	GSE222315_p4_NAT	GSE222315	DF.classifications_0.25_0.005_289	Doublet	pANN_0.25_0.005_289	0.547619047619048
GSE222315_TATGTTCAGCGACATG-1_1_1_1_1	GSE222315_p4_NAT	GSE222315	DF.classifications_0.25_0.005_289	Doublet	pANN_0.25_0.005_289	0.452380952380952
GSE222315_TATGTTCCAAGCGCAA-1_1_1_1_1	GSE222315_p4_NAT	GSE222315	DF.classifications_0.25_0.005_289	Singlet	pANN_0.25_0.005_289	0.142857142857143
GSE222315_TATGTTCCACTGGAAG-1_1_1_1_1	GSE222315_p4_NAT	GSE222315	DF.classifications_0.25_0.005_289	Singlet	pANN_0.25_0.005_289	0.0714285714285714
GSE222315_TATTCCAGTCGTATTG-1_1_1_1_1	GSE222315_p4_NAT	GSE222315	DF.classifications_0.25_0.005_289	Doublet	pANN_0.25_0.005_289	0.476190476190476
GSE222315_TATTCCAGTGTGATGG-1_1_1_1_1	GSE222315_p4_NAT	GSE222315	DF.classifications_0.25_0.005_289	Singlet	pANN_0.25_0.005_289	0.0714285714285714
GSE222315_TATTCCATCCTAGCCT-1_1_1_1_1	GSE222315_p4_NAT	GSE222315	DF.classifications_0.25_0.005_289	Singlet	pANN_0.25_0.005_289	0.357142857142857
GSE222315_TATTGCTAGCGTGAAC-1_1_1_1_1	GSE222315_p4_NAT	GSE222315	DF.classifications_0.25_0.005_289	Singlet	pANN_0.25_0.005_289	0.142857142857143
GSE222315_TATTGCTAGTTGTACC-1_1_1_1_1	GSE222315_p4_NAT	GSE222315	DF.classifications_0.25_0.005_289	Singlet	pANN_0.25_0.005_289	0.404761904761905
GSE222315_TATTGCTGTGCCGAAA-1_1_1_1_1	GSE222315_p4_NAT	GSE222315	DF.classifications_0.25_0.005_289	Singlet	pANN_0.25_0.005_289	0.214285714285714
GSE222315_TATTGCTTCCATTTAC-1_1_1_1_1	GSE222315_p4_NAT	GSE222315	DF.classifications_0.25_0.005_289	Singlet	pANN_0.25_0.005_289	0.0476190476190476
GSE222315_TATTGGGAGCAGCACA-1_1_1_1_1	GSE222315_p4_NAT	GSE222315	DF.classifications_0.25_0.005_289	Singlet	pANN_0.25_0.005_289	0
GSE222315_TATTGGGCACCAGACC-1_1_1_1_1	GSE222315_p4_NAT	GSE222315	DF.classifications_0.25_0.005_289	Singlet	pANN_0.25_0.005_289	0.333333333333333
GSE222315_TATTGGGCATGTAACC-1_1_1_1_1	GSE222315_p4_NAT	GSE222315	DF.classifications_0.25_0.005_289	Singlet	pANN_0.25_0.005_289	0.0476190476190476
GSE222315_TATTGGGGTACTCCCT-1_1_1_1_1	GSE222315_p4_NAT	GSE222315	DF.classifications_0.25_0.005_289	Singlet	pANN_0.25_0.005_289	0.0952380952380952
GSE222315_TATTGGGGTCTGTGGC-1_1_1_1_1	GSE222315_p4_NAT	GSE222315	DF.classifications_0.25_0.005_289	Singlet	pANN_0.25_0.005_289	0.30952380952381
GSE222315_TATTGGGGTTGCTGAT-1_1_1_1_1	GSE222315_p4_NAT	GSE222315	DF.classifications_0.25_0.005_289	Singlet	pANN_0.25_0.005_289	0.261904761904762
GSE222315_TATTGGGTCGCTACAA-1_1_1_1_1	GSE222315_p4_NAT	GSE222315	DF.classifications_0.25_0.005_289	Singlet	pANN_0.25_0.005_289	0.0476190476190476
GSE222315_TATTGGGTCGGTCATA-1_1_1_1_1	GSE222315_p4_NAT	GSE222315	DF.classifications_0.25_0.005_289	Singlet	pANN_0.25_0.005_289	0.333333333333333
GSE222315_TATTGGGTCTAAGCGT-1_1_1_1_1	GSE222315_p4_NAT	GSE222315	DF.classifications_0.25_0.005_289	Singlet	pANN_0.25_0.005_289	0.166666666666667
GSE222315_TATTTCGAGCTCCCTT-1_1_1_1_1	GSE222315_p4_NAT	GSE222315	DF.classifications_0.25_0.005_289	Singlet	pANN_0.25_0.005_289	0.119047619047619
GSE222315_TATTTCGAGGTCTGGA-1_1_1_1_1	GSE222315_p4_NAT	GSE222315	DF.classifications_0.25_0.005_289	Singlet	pANN_0.25_0.005_289	0.0476190476190476
GSE222315_TATTTCGCAACGAGGT-1_1_1_1_1	GSE222315_p4_NAT	GSE222315	DF.classifications_0.25_0.005_289	Singlet	pANN_0.25_0.005_289	0.30952380952381
GSE222315_TATTTCGCACTACCCT-1_1_1_1_1	GSE222315_p4_NAT	GSE222315	DF.classifications_0.25_0.005_289	Singlet	pANN_0.25_0.005_289	0.285714285714286
GSE222315_TATTTCGCACTAGTAC-1_1_1_1_1	GSE222315_p4_NAT	GSE222315	DF.classifications_0.25_0.005_289	Singlet	pANN_0.25_0.005_289	0.261904761904762
GSE222315_TATTTCGCATCAGCGC-1_1_1_1_1	GSE222315_p4_NAT	GSE222315	DF.classifications_0.25_0.005_289	Singlet	pANN_0.25_0.005_289	0.404761904761905
GSE222315_TATTTCGTCCAAGGGA-1_1_1_1_1	GSE222315_p4_NAT	GSE222315	DF.classifications_0.25_0.005_289	Singlet	pANN_0.25_0.005_289	0.380952380952381
GSE222315_TATTTCGTCCCAACTC-1_1_1_1_1	GSE222315_p4_NAT	GSE222315	DF.classifications_0.25_0.005_289	Singlet	pANN_0.25_0.005_289	0.166666666666667
GSE222315_TATTTCGTCGGCCAAC-1_1_1_1_1	GSE222315_p4_NAT	GSE222315	DF.classifications_0.25_0.005_289	Singlet	pANN_0.25_0.005_289	0.214285714285714
GSE222315_TCAAGACAGTCCTGTA-1_1_1_1_1	GSE222315_p4_NAT	GSE222315	DF.classifications_0.25_0.005_289	Singlet	pANN_0.25_0.005_289	0.380952380952381
GSE222315_TCAAGACCATATGAAG-1_1_1_1_1	GSE222315_p4_NAT	GSE222315	DF.classifications_0.25_0.005_289	Doublet	pANN_0.25_0.005_289	0.523809523809524
GSE222315_TCAAGACGTACGGATG-1_1_1_1_1	GSE222315_p4_NAT	GSE222315	DF.classifications_0.25_0.005_289	Singlet	pANN_0.25_0.005_289	0.0952380952380952
GSE222315_TCAAGACTCATTCACT-1_1_1_1_1	GSE222315_p4_NAT	GSE222315	DF.classifications_0.25_0.005_289	Singlet	pANN_0.25_0.005_289	0.0714285714285714
GSE222315_TCAAGACTCTGACCCT-1_1_1_1_1	GSE222315_p4_NAT	GSE222315	DF.classifications_0.25_0.005_289	Singlet	pANN_0.25_0.005_289	0
GSE222315_TCAAGCACACAACGCC-1_1_1_1_1	GSE222315_p4_NAT	GSE222315	DF.classifications_0.25_0.005_289	Singlet	pANN_0.25_0.005_289	0.0952380952380952
GSE222315_TCAAGCATCCACGAAT-1_1_1_1_1	GSE222315_p4_NAT	GSE222315	DF.classifications_0.25_0.005_289	Singlet	pANN_0.25_0.005_289	0.0714285714285714
GSE222315_TCAAGCATCGCGGTAC-1_1_1_1_1	GSE222315_p4_NAT	GSE222315	DF.classifications_0.25_0.005_289	Singlet	pANN_0.25_0.005_289	0.30952380952381
GSE222315_TCAAGTGAGGGACCAT-1_1_1_1_1	GSE222315_p4_NAT	GSE222315	DF.classifications_0.25_0.005_289	Singlet	pANN_0.25_0.005_289	0.238095238095238
GSE222315_TCAAGTGAGTGGTGGT-1_1_1_1_1	GSE222315_p4_NAT	GSE222315	DF.classifications_0.25_0.005_289	Singlet	pANN_0.25_0.005_289	0.285714285714286
GSE222315_TCAAGTGCAAATGGCG-1_1_1_1_1	GSE222315_p4_NAT	GSE222315	DF.classifications_0.25_0.005_289	Singlet	pANN_0.25_0.005_289	0.0238095238095238
GSE222315_TCAAGTGCAACAGCCC-1_1_1_1_1	GSE222315_p4_NAT	GSE222315	DF.classifications_0.25_0.005_289	Singlet	pANN_0.25_0.005_289	0.166666666666667
GSE222315_TCAAGTGCATGAAGCG-1_1_1_1_1	GSE222315_p4_NAT	GSE222315	DF.classifications_0.25_0.005_289	Singlet	pANN_0.25_0.005_289	0.0952380952380952
GSE222315_TCAAGTGCATGCGGTC-1_1_1_1_1	GSE222315_p4_NAT	GSE222315	DF.classifications_0.25_0.005_289	Singlet	pANN_0.25_0.005_289	0.19047619047619
GSE222315_TCAAGTGCATTGGATC-1_1_1_1_1	GSE222315_p4_NAT	GSE222315	DF.classifications_0.25_0.005_289	Singlet	pANN_0.25_0.005_289	0.238095238095238
GSE222315_TCAAGTGGTGATTAGA-1_1_1_1_1	GSE222315_p4_NAT	GSE222315	DF.classifications_0.25_0.005_289	Singlet	pANN_0.25_0.005_289	0.0476190476190476
GSE222315_TCAAGTGGTGTGGTCC-1_1_1_1_1	GSE222315_p4_NAT	GSE222315	DF.classifications_0.25_0.005_289	Singlet	pANN_0.25_0.005_289	0.0238095238095238
GSE222315_TCAAGTGTCTAGTACG-1_1_1_1_1	GSE222315_p4_NAT	GSE222315	DF.classifications_0.25_0.005_289	Singlet	pANN_0.25_0.005_289	0.380952380952381
GSE222315_TCAATCTGTCTGTGCG-1_1_1_1_1	GSE222315_p4_NAT	GSE222315	DF.classifications_0.25_0.005_289	Singlet	pANN_0.25_0.005_289	0.404761904761905
GSE222315_TCAATCTTCGCTCCTA-1_1_1_1_1	GSE222315_p4_NAT	GSE222315	DF.classifications_0.25_0.005_289	Doublet	pANN_0.25_0.005_289	0.5
GSE222315_TCAATTCAGTTGTCGT-1_1_1_1_1	GSE222315_p4_NAT	GSE222315	DF.classifications_0.25_0.005_289	Singlet	pANN_0.25_0.005_289	0.0714285714285714
GSE222315_TCAATTCGTGCCCTTT-1_1_1_1_1	GSE222315_p4_NAT	GSE222315	DF.classifications_0.25_0.005_289	Singlet	pANN_0.25_0.005_289	0.166666666666667
GSE222315_TCAATTCGTTTCACAG-1_1_1_1_1	GSE222315_p4_NAT	GSE222315	DF.classifications_0.25_0.005_289	Singlet	pANN_0.25_0.005_289	0.30952380952381
GSE222315_TCAATTCTCACCTCAC-1_1_1_1_1	GSE222315_p4_NAT	GSE222315	DF.classifications_0.25_0.005_289	Singlet	pANN_0.25_0.005_289	0.214285714285714
GSE222315_TCACAAGAGCACTCGC-1_1_1_1_1	GSE222315_p4_NAT	GSE222315	DF.classifications_0.25_0.005_289	Singlet	pANN_0.25_0.005_289	0.214285714285714
GSE222315_TCACAAGAGTACAGCG-1_1_1_1_1	GSE222315_p4_NAT	GSE222315	DF.classifications_0.25_0.005_289	Singlet	pANN_0.25_0.005_289	0.0238095238095238
GSE222315_TCACAAGCATGGGAAC-1_1_1_1_1	GSE222315_p4_NAT	GSE222315	DF.classifications_0.25_0.005_289	Singlet	pANN_0.25_0.005_289	0.166666666666667
GSE222315_TCACAAGGTACCTTCC-1_1_1_1_1	GSE222315_p4_NAT	GSE222315	DF.classifications_0.25_0.005_289	Singlet	pANN_0.25_0.005_289	0.238095238095238
GSE222315_TCACAAGGTCGTTATG-1_1_1_1_1	GSE222315_p4_NAT	GSE222315	DF.classifications_0.25_0.005_289	Singlet	pANN_0.25_0.005_289	0.404761904761905
GSE222315_TCACAAGTCGAGAGAC-1_1_1_1_1	GSE222315_p4_NAT	GSE222315	DF.classifications_0.25_0.005_289	Singlet	pANN_0.25_0.005_289	0.285714285714286
GSE222315_TCACAAGTCTTGGAAC-1_1_1_1_1	GSE222315_p4_NAT	GSE222315	DF.classifications_0.25_0.005_289	Singlet	pANN_0.25_0.005_289	0.380952380952381
GSE222315_TCACACCAGACCCGCT-1_1_1_1_1	GSE222315_p4_NAT	GSE222315	DF.classifications_0.25_0.005_289	Singlet	pANN_0.25_0.005_289	0
GSE222315_TCACACCAGCAATAGT-1_1_1_1_1	GSE222315_p4_NAT	GSE222315	DF.classifications_0.25_0.005_289	Singlet	pANN_0.25_0.005_289	0.0952380952380952
GSE222315_TCACACCAGCCTGCCA-1_1_1_1_1	GSE222315_p4_NAT	GSE222315	DF.classifications_0.25_0.005_289	Singlet	pANN_0.25_0.005_289	0.142857142857143
GSE222315_TCACACCAGGCTCCCA-1_1_1_1_1	GSE222315_p4_NAT	GSE222315	DF.classifications_0.25_0.005_289	Singlet	pANN_0.25_0.005_289	0.333333333333333
GSE222315_TCACACCAGGTTCCAT-1_1_1_1_1	GSE222315_p4_NAT	GSE222315	DF.classifications_0.25_0.005_289	Singlet	pANN_0.25_0.005_289	0.261904761904762
GSE222315_TCACACCCACGACGAA-1_1_1_1_1	GSE222315_p4_NAT	GSE222315	DF.classifications_0.25_0.005_289	Singlet	pANN_0.25_0.005_289	0.19047619047619
GSE222315_TCACACCCACGTCGTG-1_1_1_1_1	GSE222315_p4_NAT	GSE222315	DF.classifications_0.25_0.005_289	Singlet	pANN_0.25_0.005_289	0.0952380952380952
GSE222315_TCACACCGTAAGGTCG-1_1_1_1_1	GSE222315_p4_NAT	GSE222315	DF.classifications_0.25_0.005_289	Singlet	pANN_0.25_0.005_289	0.0476190476190476
GSE222315_TCACACCGTCGTCTCT-1_1_1_1_1	GSE222315_p4_NAT	GSE222315	DF.classifications_0.25_0.005_289	Singlet	pANN_0.25_0.005_289	0.142857142857143
GSE222315_TCACACCGTTGTGGCC-1_1_1_1_1	GSE222315_p4_NAT	GSE222315	DF.classifications_0.25_0.005_289	Singlet	pANN_0.25_0.005_289	0.0476190476190476
GSE222315_TCACATTAGATGCAGC-1_1_1_1_1	GSE222315_p4_NAT	GSE222315	DF.classifications_0.25_0.005_289	Singlet	pANN_0.25_0.005_289	0.119047619047619
GSE222315_TCACATTAGGGTTAGC-1_1_1_1_1	GSE222315_p4_NAT	GSE222315	DF.classifications_0.25_0.005_289	Singlet	pANN_0.25_0.005_289	0.333333333333333
GSE222315_TCACATTAGTCATCGT-1_1_1_1_1	GSE222315_p4_NAT	GSE222315	DF.classifications_0.25_0.005_289	Singlet	pANN_0.25_0.005_289	0.0476190476190476
GSE222315_TCACATTCACACCTTC-1_1_1_1_1	GSE222315_p4_NAT	GSE222315	DF.classifications_0.25_0.005_289	Singlet	pANN_0.25_0.005_289	0.142857142857143
GSE222315_TCACATTGTTTACACG-1_1_1_1_1	GSE222315_p4_NAT	GSE222315	DF.classifications_0.25_0.005_289	Singlet	pANN_0.25_0.005_289	0.119047619047619
GSE222315_TCACGCTAGGGCCAAT-1_1_1_1_1	GSE222315_p4_NAT	GSE222315	DF.classifications_0.25_0.005_289	Singlet	pANN_0.25_0.005_289	0.0714285714285714
GSE222315_TCACGCTCAAATGCGG-1_1_1_1_1	GSE222315_p4_NAT	GSE222315	DF.classifications_0.25_0.005_289	Singlet	pANN_0.25_0.005_289	0
GSE222315_TCACGCTGTCTTGAGT-1_1_1_1_1	GSE222315_p4_NAT	GSE222315	DF.classifications_0.25_0.005_289	Singlet	pANN_0.25_0.005_289	0.0476190476190476
GSE222315_TCACGCTTCACTGAAC-1_1_1_1_1	GSE222315_p4_NAT	GSE222315	DF.classifications_0.25_0.005_289	Singlet	pANN_0.25_0.005_289	0.0952380952380952
GSE222315_TCACGCTTCCATACTT-1_1_1_1_1	GSE222315_p4_NAT	GSE222315	DF.classifications_0.25_0.005_289	Singlet	pANN_0.25_0.005_289	0.0238095238095238
GSE222315_TCACGCTTCTCATAGG-1_1_1_1_1	GSE222315_p4_NAT	GSE222315	DF.classifications_0.25_0.005_289	Singlet	pANN_0.25_0.005_289	0
GSE222315_TCACGGGCACCCTAGG-1_1_1_1_1	GSE222315_p4_NAT	GSE222315	DF.classifications_0.25_0.005_289	Singlet	pANN_0.25_0.005_289	0.0714285714285714
GSE222315_TCACGGGCAGAATCGG-1_1_1_1_1	GSE222315_p4_NAT	GSE222315	DF.classifications_0.25_0.005_289	Singlet	pANN_0.25_0.005_289	0.19047619047619
GSE222315_TCACGGGGTAGTGGCA-1_1_1_1_1	GSE222315_p4_NAT	GSE222315	DF.classifications_0.25_0.005_289	Singlet	pANN_0.25_0.005_289	0.0714285714285714
GSE222315_TCACGGGGTTGAGAGC-1_1_1_1_1	GSE222315_p4_NAT	GSE222315	DF.classifications_0.25_0.005_289	Singlet	pANN_0.25_0.005_289	0.0238095238095238
GSE222315_TCACGGGTCGGTTCAA-1_1_1_1_1	GSE222315_p4_NAT	GSE222315	DF.classifications_0.25_0.005_289	Singlet	pANN_0.25_0.005_289	0.238095238095238
GSE222315_TCACTATAGCATTTCG-1_1_1_1_1	GSE222315_p4_NAT	GSE222315	DF.classifications_0.25_0.005_289	Singlet	pANN_0.25_0.005_289	0.30952380952381
GSE222315_TCACTATCACGGCCAT-1_1_1_1_1	GSE222315_p4_NAT	GSE222315	DF.classifications_0.25_0.005_289	Singlet	pANN_0.25_0.005_289	0.238095238095238
GSE222315_TCACTATCAGTCGCTG-1_1_1_1_1	GSE222315_p4_NAT	GSE222315	DF.classifications_0.25_0.005_289	Singlet	pANN_0.25_0.005_289	0.238095238095238
GSE222315_TCACTATCATCAGCTA-1_1_1_1_1	GSE222315_p4_NAT	GSE222315	DF.classifications_0.25_0.005_289	Singlet	pANN_0.25_0.005_289	0
GSE222315_TCACTATGTACTCAAC-1_1_1_1_1	GSE222315_p4_NAT	GSE222315	DF.classifications_0.25_0.005_289	Singlet	pANN_0.25_0.005_289	0.19047619047619
GSE222315_TCACTATTCCGATCTC-1_1_1_1_1	GSE222315_p4_NAT	GSE222315	DF.classifications_0.25_0.005_289	Singlet	pANN_0.25_0.005_289	0.261904761904762
GSE222315_TCACTCGAGGATGAGA-1_1_1_1_1	GSE222315_p4_NAT	GSE222315	DF.classifications_0.25_0.005_289	Singlet	pANN_0.25_0.005_289	0.19047619047619
GSE222315_TCACTCGCAATCTCGA-1_1_1_1_1	GSE222315_p4_NAT	GSE222315	DF.classifications_0.25_0.005_289	Singlet	pANN_0.25_0.005_289	0.285714285714286
GSE222315_TCACTCGCACACCTAA-1_1_1_1_1	GSE222315_p4_NAT	GSE222315	DF.classifications_0.25_0.005_289	Singlet	pANN_0.25_0.005_289	0.119047619047619
GSE222315_TCACTCGGTCTTTATC-1_1_1_1_1	GSE222315_p4_NAT	GSE222315	DF.classifications_0.25_0.005_289	Singlet	pANN_0.25_0.005_289	0.238095238095238
GSE222315_TCACTCGTCCACTTCG-1_1_1_1_1	GSE222315_p4_NAT	GSE222315	DF.classifications_0.25_0.005_289	Singlet	pANN_0.25_0.005_289	0.0238095238095238
GSE222315_TCACTCGTCTCGAGTA-1_1_1_1_1	GSE222315_p4_NAT	GSE222315	DF.classifications_0.25_0.005_289	Singlet	pANN_0.25_0.005_289	0.119047619047619
GSE222315_TCAGCAAAGGACTTCT-1_1_1_1_1	GSE222315_p4_NAT	GSE222315	DF.classifications_0.25_0.005_289	Singlet	pANN_0.25_0.005_289	0.357142857142857
GSE222315_TCAGCAACAACGGCCT-1_1_1_1_1	GSE222315_p4_NAT	GSE222315	DF.classifications_0.25_0.005_289	Singlet	pANN_0.25_0.005_289	0.214285714285714
GSE222315_TCAGCAACAAGATGGC-1_1_1_1_1	GSE222315_p4_NAT	GSE222315	DF.classifications_0.25_0.005_289	Singlet	pANN_0.25_0.005_289	0.19047619047619
GSE222315_TCAGCAACAAGTGGGT-1_1_1_1_1	GSE222315_p4_NAT	GSE222315	DF.classifications_0.25_0.005_289	Singlet	pANN_0.25_0.005_289	0
GSE222315_TCAGCAACATAGAATG-1_1_1_1_1	GSE222315_p4_NAT	GSE222315	DF.classifications_0.25_0.005_289	Singlet	pANN_0.25_0.005_289	0.142857142857143
GSE222315_TCAGCAAGTACGCGTC-1_1_1_1_1	GSE222315_p4_NAT	GSE222315	DF.classifications_0.25_0.005_289	Singlet	pANN_0.25_0.005_289	0.119047619047619
GSE222315_TCAGCAAGTCTGGTTA-1_1_1_1_1	GSE222315_p4_NAT	GSE222315	DF.classifications_0.25_0.005_289	Singlet	pANN_0.25_0.005_289	0.261904761904762
GSE222315_TCAGCAATCGACCACG-1_1_1_1_1	GSE222315_p4_NAT	GSE222315	DF.classifications_0.25_0.005_289	Singlet	pANN_0.25_0.005_289	0.333333333333333
GSE222315_TCAGCAATCTGTGTGA-1_1_1_1_1	GSE222315_p4_NAT	GSE222315	DF.classifications_0.25_0.005_289	Singlet	pANN_0.25_0.005_289	0.0952380952380952
GSE222315_TCAGCCTAGATGCGAC-1_1_1_1_1	GSE222315_p4_NAT	GSE222315	DF.classifications_0.25_0.005_289	Singlet	pANN_0.25_0.005_289	0.166666666666667
GSE222315_TCAGCCTAGGTTCATC-1_1_1_1_1	GSE222315_p4_NAT	GSE222315	DF.classifications_0.25_0.005_289	Singlet	pANN_0.25_0.005_289	0.0952380952380952
GSE222315_TCAGCCTAGTTGGCGA-1_1_1_1_1	GSE222315_p4_NAT	GSE222315	DF.classifications_0.25_0.005_289	Singlet	pANN_0.25_0.005_289	0.0952380952380952
GSE222315_TCAGCCTCAGTGACCC-1_1_1_1_1	GSE222315_p4_NAT	GSE222315	DF.classifications_0.25_0.005_289	Singlet	pANN_0.25_0.005_289	0
GSE222315_TCAGCCTGTCAACATC-1_1_1_1_1	GSE222315_p4_NAT	GSE222315	DF.classifications_0.25_0.005_289	Singlet	pANN_0.25_0.005_289	0.0238095238095238
GSE222315_TCAGCCTGTCTACGTA-1_1_1_1_1	GSE222315_p4_NAT	GSE222315	DF.classifications_0.25_0.005_289	Singlet	pANN_0.25_0.005_289	0
GSE222315_TCAGCCTTCGAACCAT-1_1_1_1_1	GSE222315_p4_NAT	GSE222315	DF.classifications_0.25_0.005_289	Singlet	pANN_0.25_0.005_289	0.119047619047619
GSE222315_TCAGCCTTCGATCCAA-1_1_1_1_1	GSE222315_p4_NAT	GSE222315	DF.classifications_0.25_0.005_289	Singlet	pANN_0.25_0.005_289	0.357142857142857
GSE222315_TCAGCCTTCGGTCGGT-1_1_1_1_1	GSE222315_p4_NAT	GSE222315	DF.classifications_0.25_0.005_289	Singlet	pANN_0.25_0.005_289	0.428571428571429
GSE222315_TCAGGGCAGCAAGCCA-1_1_1_1_1	GSE222315_p4_NAT	GSE222315	DF.classifications_0.25_0.005_289	Singlet	pANN_0.25_0.005_289	0.261904761904762
GSE222315_TCAGGGCGTCACTCTC-1_1_1_1_1	GSE222315_p4_NAT	GSE222315	DF.classifications_0.25_0.005_289	Singlet	pANN_0.25_0.005_289	0.0952380952380952
GSE222315_TCAGGGCGTGTTAAAG-1_1_1_1_1	GSE222315_p4_NAT	GSE222315	DF.classifications_0.25_0.005_289	Singlet	pANN_0.25_0.005_289	0.0952380952380952
GSE222315_TCAGGGCGTTCGGGTC-1_1_1_1_1	GSE222315_p4_NAT	GSE222315	DF.classifications_0.25_0.005_289	Singlet	pANN_0.25_0.005_289	0.19047619047619
GSE222315_TCAGGTAAGCCGTCGT-1_1_1_1_1	GSE222315_p4_NAT	GSE222315	DF.classifications_0.25_0.005_289	Singlet	pANN_0.25_0.005_289	0.0952380952380952
GSE222315_TCAGGTACAAGGCCTC-1_1_1_1_1	GSE222315_p4_NAT	GSE222315	DF.classifications_0.25_0.005_289	Singlet	pANN_0.25_0.005_289	0.357142857142857
GSE222315_TCAGGTACAATACCTG-1_1_1_1_1	GSE222315_p4_NAT	GSE222315	DF.classifications_0.25_0.005_289	Singlet	pANN_0.25_0.005_289	0.238095238095238
GSE222315_TCAGGTAGTGTGGTCC-1_1_1_1_1	GSE222315_p4_NAT	GSE222315	DF.classifications_0.25_0.005_289	Singlet	pANN_0.25_0.005_289	0.119047619047619
GSE222315_TCAGGTAGTTTACGAC-1_1_1_1_1	GSE222315_p4_NAT	GSE222315	DF.classifications_0.25_0.005_289	Singlet	pANN_0.25_0.005_289	0.0238095238095238
GSE222315_TCAGGTATCCGCTTAC-1_1_1_1_1	GSE222315_p4_NAT	GSE222315	DF.classifications_0.25_0.005_289	Singlet	pANN_0.25_0.005_289	0.285714285714286
GSE222315_TCAGTCCAGCCGGAAT-1_1_1_1_1	GSE222315_p4_NAT	GSE222315	DF.classifications_0.25_0.005_289	Singlet	pANN_0.25_0.005_289	0.214285714285714
GSE222315_TCAGTCCAGGTTAGTA-1_1_1_1_1	GSE222315_p4_NAT	GSE222315	DF.classifications_0.25_0.005_289	Doublet	pANN_0.25_0.005_289	0.761904761904762
GSE222315_TCAGTCCTCGAGAGAC-1_1_1_1_1	GSE222315_p4_NAT	GSE222315	DF.classifications_0.25_0.005_289	Singlet	pANN_0.25_0.005_289	0.285714285714286
GSE222315_TCAGTCCTCTTCTCAA-1_1_1_1_1	GSE222315_p4_NAT	GSE222315	DF.classifications_0.25_0.005_289	Singlet	pANN_0.25_0.005_289	0.0476190476190476
GSE222315_TCAGTGAAGCTGTCCG-1_1_1_1_1	GSE222315_p4_NAT	GSE222315	DF.classifications_0.25_0.005_289	Singlet	pANN_0.25_0.005_289	0.0238095238095238
GSE222315_TCAGTGAGTAGTTAGA-1_1_1_1_1	GSE222315_p4_NAT	GSE222315	DF.classifications_0.25_0.005_289	Singlet	pANN_0.25_0.005_289	0.261904761904762
GSE222315_TCAGTTTAGATAACGT-1_1_1_1_1	GSE222315_p4_NAT	GSE222315	DF.classifications_0.25_0.005_289	Singlet	pANN_0.25_0.005_289	0.0476190476190476
GSE222315_TCAGTTTAGCGCCGTT-1_1_1_1_1	GSE222315_p4_NAT	GSE222315	DF.classifications_0.25_0.005_289	Singlet	pANN_0.25_0.005_289	0.214285714285714
GSE222315_TCAGTTTAGGTTCCGC-1_1_1_1_1	GSE222315_p4_NAT	GSE222315	DF.classifications_0.25_0.005_289	Singlet	pANN_0.25_0.005_289	0.380952380952381
GSE222315_TCAGTTTCAATTGCAC-1_1_1_1_1	GSE222315_p4_NAT	GSE222315	DF.classifications_0.25_0.005_289	Singlet	pANN_0.25_0.005_289	0
GSE222315_TCAGTTTGTGCAACGA-1_1_1_1_1	GSE222315_p4_NAT	GSE222315	DF.classifications_0.25_0.005_289	Doublet	pANN_0.25_0.005_289	0.476190476190476
GSE222315_TCAGTTTTCCTGGTCT-1_1_1_1_1	GSE222315_p4_NAT	GSE222315	DF.classifications_0.25_0.005_289	Singlet	pANN_0.25_0.005_289	0.0952380952380952
GSE222315_TCAGTTTTCGCTCTAC-1_1_1_1_1	GSE222315_p4_NAT	GSE222315	DF.classifications_0.25_0.005_289	Singlet	pANN_0.25_0.005_289	0
GSE222315_TCAGTTTTCTATACGG-1_1_1_1_1	GSE222315_p4_NAT	GSE222315	DF.classifications_0.25_0.005_289	Singlet	pANN_0.25_0.005_289	0.261904761904762
GSE222315_TCATACTAGACCAAAT-1_1_1_1_1	GSE222315_p4_NAT	GSE222315	DF.classifications_0.25_0.005_289	Singlet	pANN_0.25_0.005_289	0.214285714285714
GSE222315_TCATACTAGGAGGGTG-1_1_1_1_1	GSE222315_p4_NAT	GSE222315	DF.classifications_0.25_0.005_289	Singlet	pANN_0.25_0.005_289	0.333333333333333
GSE222315_TCATACTAGTATAGGT-1_1_1_1_1	GSE222315_p4_NAT	GSE222315	DF.classifications_0.25_0.005_289	Singlet	pANN_0.25_0.005_289	0.238095238095238
GSE222315_TCATACTCATAAGCGG-1_1_1_1_1	GSE222315_p4_NAT	GSE222315	DF.classifications_0.25_0.005_289	Singlet	pANN_0.25_0.005_289	0
GSE222315_TCATACTGTCACAGAG-1_1_1_1_1	GSE222315_p4_NAT	GSE222315	DF.classifications_0.25_0.005_289	Singlet	pANN_0.25_0.005_289	0.142857142857143
GSE222315_TCATACTGTCCTTAAG-1_1_1_1_1	GSE222315_p4_NAT	GSE222315	DF.classifications_0.25_0.005_289	Singlet	pANN_0.25_0.005_289	0.0952380952380952
GSE222315_TCATACTGTTTGGCTA-1_1_1_1_1	GSE222315_p4_NAT	GSE222315	DF.classifications_0.25_0.005_289	Singlet	pANN_0.25_0.005_289	0.0714285714285714
GSE222315_TCATATCCAAAGCGTG-1_1_1_1_1	GSE222315_p4_NAT	GSE222315	DF.classifications_0.25_0.005_289	Singlet	pANN_0.25_0.005_289	0.0238095238095238
GSE222315_TCATATCGTAGACGTG-1_1_1_1_1	GSE222315_p4_NAT	GSE222315	DF.classifications_0.25_0.005_289	Singlet	pANN_0.25_0.005_289	0.19047619047619
GSE222315_TCATATCGTCCCTCAT-1_1_1_1_1	GSE222315_p4_NAT	GSE222315	DF.classifications_0.25_0.005_289	Singlet	pANN_0.25_0.005_289	0.238095238095238
GSE222315_TCATATCGTGACCGAA-1_1_1_1_1	GSE222315_p4_NAT	GSE222315	DF.classifications_0.25_0.005_289	Singlet	pANN_0.25_0.005_289	0.119047619047619
GSE222315_TCATATCGTTCCGTTC-1_1_1_1_1	GSE222315_p4_NAT	GSE222315	DF.classifications_0.25_0.005_289	Singlet	pANN_0.25_0.005_289	0.0476190476190476
GSE222315_TCATATCTCAAGGCTT-1_1_1_1_1	GSE222315_p4_NAT	GSE222315	DF.classifications_0.25_0.005_289	Singlet	pANN_0.25_0.005_289	0.30952380952381
GSE222315_TCATCATAGAATCGAT-1_1_1_1_1	GSE222315_p4_NAT	GSE222315	DF.classifications_0.25_0.005_289	Singlet	pANN_0.25_0.005_289	0.19047619047619
GSE222315_TCATCATAGCTTTCCC-1_1_1_1_1	GSE222315_p4_NAT	GSE222315	DF.classifications_0.25_0.005_289	Singlet	pANN_0.25_0.005_289	0
GSE222315_TCATCATCACAGCTGC-1_1_1_1_1	GSE222315_p4_NAT	GSE222315	DF.classifications_0.25_0.005_289	Singlet	pANN_0.25_0.005_289	0.285714285714286
GSE222315_TCATCATCAGTCACGC-1_1_1_1_1	GSE222315_p4_NAT	GSE222315	DF.classifications_0.25_0.005_289	Singlet	pANN_0.25_0.005_289	0.238095238095238
GSE222315_TCATCATGTGTCTTAG-1_1_1_1_1	GSE222315_p4_NAT	GSE222315	DF.classifications_0.25_0.005_289	Singlet	pANN_0.25_0.005_289	0.19047619047619
GSE222315_TCATCATTCCGATGTA-1_1_1_1_1	GSE222315_p4_NAT	GSE222315	DF.classifications_0.25_0.005_289	Doublet	pANN_0.25_0.005_289	0.785714285714286
GSE222315_TCATCATTCTAGGCCG-1_1_1_1_1	GSE222315_p4_NAT	GSE222315	DF.classifications_0.25_0.005_289	Singlet	pANN_0.25_0.005_289	0.0952380952380952
GSE222315_TCATCCGAGACGACTG-1_1_1_1_1	GSE222315_p4_NAT	GSE222315	DF.classifications_0.25_0.005_289	Singlet	pANN_0.25_0.005_289	0.0952380952380952
GSE222315_TCATCCGGTGGTAACG-1_1_1_1_1	GSE222315_p4_NAT	GSE222315	DF.classifications_0.25_0.005_289	Singlet	pANN_0.25_0.005_289	0.333333333333333
GSE222315_TCATCCGTCCAGGACC-1_1_1_1_1	GSE222315_p4_NAT	GSE222315	DF.classifications_0.25_0.005_289	Singlet	pANN_0.25_0.005_289	0.0714285714285714
GSE222315_TCATCCGTCCGGCAAC-1_1_1_1_1	GSE222315_p4_NAT	GSE222315	DF.classifications_0.25_0.005_289	Singlet	pANN_0.25_0.005_289	0.261904761904762
GSE222315_TCATGAGGTGATACCT-1_1_1_1_1	GSE222315_p4_NAT	GSE222315	DF.classifications_0.25_0.005_289	Singlet	pANN_0.25_0.005_289	0.166666666666667
GSE222315_TCATGAGGTGCTCGTG-1_1_1_1_1	GSE222315_p4_NAT	GSE222315	DF.classifications_0.25_0.005_289	Singlet	pANN_0.25_0.005_289	0.357142857142857
GSE222315_TCATGAGGTTGGCCGT-1_1_1_1_1	GSE222315_p4_NAT	GSE222315	DF.classifications_0.25_0.005_289	Singlet	pANN_0.25_0.005_289	0.166666666666667
GSE222315_TCATGAGTCACTTTGT-1_1_1_1_1	GSE222315_p4_NAT	GSE222315	DF.classifications_0.25_0.005_289	Singlet	pANN_0.25_0.005_289	0.142857142857143
GSE222315_TCATGAGTCAGGCGAA-1_1_1_1_1	GSE222315_p4_NAT	GSE222315	DF.classifications_0.25_0.005_289	Singlet	pANN_0.25_0.005_289	0.357142857142857
GSE222315_TCATGAGTCCATGCAA-1_1_1_1_1	GSE222315_p4_NAT	GSE222315	DF.classifications_0.25_0.005_289	Singlet	pANN_0.25_0.005_289	0.0714285714285714
GSE222315_TCATGAGTCCATTGGA-1_1_1_1_1	GSE222315_p4_NAT	GSE222315	DF.classifications_0.25_0.005_289	Singlet	pANN_0.25_0.005_289	0.0476190476190476
GSE222315_TCATGAGTCTGTGCTC-1_1_1_1_1	GSE222315_p4_NAT	GSE222315	DF.classifications_0.25_0.005_289	Singlet	pANN_0.25_0.005_289	0.0952380952380952
GSE222315_TCATGCCAGGTCGAGT-1_1_1_1_1	GSE222315_p4_NAT	GSE222315	DF.classifications_0.25_0.005_289	Doublet	pANN_0.25_0.005_289	0.5
GSE222315_TCATGCCCACAGTATC-1_1_1_1_1	GSE222315_p4_NAT	GSE222315	DF.classifications_0.25_0.005_289	Singlet	pANN_0.25_0.005_289	0.0476190476190476
GSE222315_TCATGCCGTGACTGAG-1_1_1_1_1	GSE222315_p4_NAT	GSE222315	DF.classifications_0.25_0.005_289	Singlet	pANN_0.25_0.005_289	0
GSE222315_TCATGCCTCAACGTGT-1_1_1_1_1	GSE222315_p4_NAT	GSE222315	DF.classifications_0.25_0.005_289	Singlet	pANN_0.25_0.005_289	0.285714285714286
GSE222315_TCATGCCTCGCCTAGG-1_1_1_1_1	GSE222315_p4_NAT	GSE222315	DF.classifications_0.25_0.005_289	Singlet	pANN_0.25_0.005_289	0.166666666666667
GSE222315_TCATGGAAGATGCTTC-1_1_1_1_1	GSE222315_p4_NAT	GSE222315	DF.classifications_0.25_0.005_289	Singlet	pANN_0.25_0.005_289	0.0714285714285714
GSE222315_TCATGGAAGCGACAGT-1_1_1_1_1	GSE222315_p4_NAT	GSE222315	DF.classifications_0.25_0.005_289	Singlet	pANN_0.25_0.005_289	0.0952380952380952
GSE222315_TCATGGAAGCTAAACA-1_1_1_1_1	GSE222315_p4_NAT	GSE222315	DF.classifications_0.25_0.005_289	Singlet	pANN_0.25_0.005_289	0.0238095238095238
GSE222315_TCATGGAGTCACATTG-1_1_1_1_1	GSE222315_p4_NAT	GSE222315	DF.classifications_0.25_0.005_289	Singlet	pANN_0.25_0.005_289	0.0714285714285714
GSE222315_TCATGGAGTCGGTACC-1_1_1_1_1	GSE222315_p4_NAT	GSE222315	DF.classifications_0.25_0.005_289	Singlet	pANN_0.25_0.005_289	0.261904761904762
GSE222315_TCATGGAGTTCTATCT-1_1_1_1_1	GSE222315_p4_NAT	GSE222315	DF.classifications_0.25_0.005_289	Singlet	pANN_0.25_0.005_289	0.0952380952380952
GSE222315_TCATGGATCCATCCGT-1_1_1_1_1	GSE222315_p4_NAT	GSE222315	DF.classifications_0.25_0.005_289	Singlet	pANN_0.25_0.005_289	0.0238095238095238
GSE222315_TCATGTTAGCCTCAAT-1_1_1_1_1	GSE222315_p4_NAT	GSE222315	DF.classifications_0.25_0.005_289	Singlet	pANN_0.25_0.005_289	0.214285714285714
GSE222315_TCATGTTAGCGTTCCG-1_1_1_1_1	GSE222315_p4_NAT	GSE222315	DF.classifications_0.25_0.005_289	Singlet	pANN_0.25_0.005_289	0.119047619047619
GSE222315_TCATGTTAGGACAGCT-1_1_1_1_1	GSE222315_p4_NAT	GSE222315	DF.classifications_0.25_0.005_289	Singlet	pANN_0.25_0.005_289	0.214285714285714
GSE222315_TCATGTTAGTTCACTG-1_1_1_1_1	GSE222315_p4_NAT	GSE222315	DF.classifications_0.25_0.005_289	Singlet	pANN_0.25_0.005_289	0.19047619047619
GSE222315_TCATGTTCAGCTGAGA-1_1_1_1_1	GSE222315_p4_NAT	GSE222315	DF.classifications_0.25_0.005_289	Singlet	pANN_0.25_0.005_289	0.357142857142857
GSE222315_TCATTACAGACTCAAA-1_1_1_1_1	GSE222315_p4_NAT	GSE222315	DF.classifications_0.25_0.005_289	Singlet	pANN_0.25_0.005_289	0.19047619047619
GSE222315_TCATTACAGGGACACT-1_1_1_1_1	GSE222315_p4_NAT	GSE222315	DF.classifications_0.25_0.005_289	Singlet	pANN_0.25_0.005_289	0.214285714285714
GSE222315_TCATTACAGTTTGCTG-1_1_1_1_1	GSE222315_p4_NAT	GSE222315	DF.classifications_0.25_0.005_289	Singlet	pANN_0.25_0.005_289	0
GSE222315_TCATTACGTTTGGCTA-1_1_1_1_1	GSE222315_p4_NAT	GSE222315	DF.classifications_0.25_0.005_289	Singlet	pANN_0.25_0.005_289	0
GSE222315_TCATTACTCTAAACGC-1_1_1_1_1	GSE222315_p4_NAT	GSE222315	DF.classifications_0.25_0.005_289	Singlet	pANN_0.25_0.005_289	0.142857142857143
GSE222315_TCATTCAAGTCGAGGT-1_1_1_1_1	GSE222315_p4_NAT	GSE222315	DF.classifications_0.25_0.005_289	Singlet	pANN_0.25_0.005_289	0.30952380952381
GSE222315_TCATTCAGTAATGCGG-1_1_1_1_1	GSE222315_p4_NAT	GSE222315	DF.classifications_0.25_0.005_289	Singlet	pANN_0.25_0.005_289	0.119047619047619
GSE222315_TCATTCAGTACGTTCA-1_1_1_1_1	GSE222315_p4_NAT	GSE222315	DF.classifications_0.25_0.005_289	Singlet	pANN_0.25_0.005_289	0.285714285714286
GSE222315_TCATTCAGTACTAGCT-1_1_1_1_1	GSE222315_p4_NAT	GSE222315	DF.classifications_0.25_0.005_289	Singlet	pANN_0.25_0.005_289	0.0476190476190476
GSE222315_TCATTCAGTGCATCTA-1_1_1_1_1	GSE222315_p4_NAT	GSE222315	DF.classifications_0.25_0.005_289	Singlet	pANN_0.25_0.005_289	0
GSE222315_TCATTCATCACTGTCC-1_1_1_1_1	GSE222315_p4_NAT	GSE222315	DF.classifications_0.25_0.005_289	Singlet	pANN_0.25_0.005_289	0.285714285714286
GSE222315_TCATTCATCAGACATC-1_1_1_1_1	GSE222315_p4_NAT	GSE222315	DF.classifications_0.25_0.005_289	Singlet	pANN_0.25_0.005_289	0.166666666666667
GSE222315_TCATTGTAGACGGTTG-1_1_1_1_1	GSE222315_p4_NAT	GSE222315	DF.classifications_0.25_0.005_289	Singlet	pANN_0.25_0.005_289	0
GSE222315_TCATTGTAGATGCTTC-1_1_1_1_1	GSE222315_p4_NAT	GSE222315	DF.classifications_0.25_0.005_289	Singlet	pANN_0.25_0.005_289	0.19047619047619
GSE222315_TCATTGTCACAGCCTG-1_1_1_1_1	GSE222315_p4_NAT	GSE222315	DF.classifications_0.25_0.005_289	Singlet	pANN_0.25_0.005_289	0.119047619047619
GSE222315_TCATTGTGTACCCAGC-1_1_1_1_1	GSE222315_p4_NAT	GSE222315	DF.classifications_0.25_0.005_289	Singlet	pANN_0.25_0.005_289	0.0714285714285714
GSE222315_TCATTGTGTATGGTAA-1_1_1_1_1	GSE222315_p4_NAT	GSE222315	DF.classifications_0.25_0.005_289	Singlet	pANN_0.25_0.005_289	0.0238095238095238
GSE222315_TCATTGTGTCTGTGTA-1_1_1_1_1	GSE222315_p4_NAT	GSE222315	DF.classifications_0.25_0.005_289	Singlet	pANN_0.25_0.005_289	0.119047619047619
GSE222315_TCATTGTGTGAGCCAA-1_1_1_1_1	GSE222315_p4_NAT	GSE222315	DF.classifications_0.25_0.005_289	Singlet	pANN_0.25_0.005_289	0.428571428571429
GSE222315_TCATTGTTCGCAAGAG-1_1_1_1_1	GSE222315_p4_NAT	GSE222315	DF.classifications_0.25_0.005_289	Singlet	pANN_0.25_0.005_289	0.333333333333333
GSE222315_TCATTGTTCGGCCCAA-1_1_1_1_1	GSE222315_p4_NAT	GSE222315	DF.classifications_0.25_0.005_289	Singlet	pANN_0.25_0.005_289	0.0952380952380952
GSE222315_TCATTTGAGCTCCCTT-1_1_1_1_1	GSE222315_p4_NAT	GSE222315	DF.classifications_0.25_0.005_289	Singlet	pANN_0.25_0.005_289	0.238095238095238
GSE222315_TCATTTGTCGTGTCAA-1_1_1_1_1	GSE222315_p4_NAT	GSE222315	DF.classifications_0.25_0.005_289	Singlet	pANN_0.25_0.005_289	0.0952380952380952
GSE222315_TCCACCAAGACAACAT-1_1_1_1_1	GSE222315_p4_NAT	GSE222315	DF.classifications_0.25_0.005_289	Singlet	pANN_0.25_0.005_289	0.0476190476190476
GSE222315_TCCACCACAAATGATG-1_1_1_1_1	GSE222315_p4_NAT	GSE222315	DF.classifications_0.25_0.005_289	Singlet	pANN_0.25_0.005_289	0.261904761904762
GSE222315_TCCACCACAACACTAC-1_1_1_1_1	GSE222315_p4_NAT	GSE222315	DF.classifications_0.25_0.005_289	Singlet	pANN_0.25_0.005_289	0.119047619047619
GSE222315_TCCACCACACCAGGTC-1_1_1_1_1	GSE222315_p4_NAT	GSE222315	DF.classifications_0.25_0.005_289	Singlet	pANN_0.25_0.005_289	0
GSE222315_TCCACCAGTTCTCTAT-1_1_1_1_1	GSE222315_p4_NAT	GSE222315	DF.classifications_0.25_0.005_289	Singlet	pANN_0.25_0.005_289	0.0238095238095238
GSE222315_TCCACCATCCATCGTC-1_1_1_1_1	GSE222315_p4_NAT	GSE222315	DF.classifications_0.25_0.005_289	Singlet	pANN_0.25_0.005_289	0.19047619047619
GSE222315_TCCACCATCGTACACA-1_1_1_1_1	GSE222315_p4_NAT	GSE222315	DF.classifications_0.25_0.005_289	Singlet	pANN_0.25_0.005_289	0.0476190476190476
GSE222315_TCCACCATCGTGGGAA-1_1_1_1_1	GSE222315_p4_NAT	GSE222315	DF.classifications_0.25_0.005_289	Singlet	pANN_0.25_0.005_289	0.238095238095238
GSE222315_TCCACGTAGAAACTAC-1_1_1_1_1	GSE222315_p4_NAT	GSE222315	DF.classifications_0.25_0.005_289	Singlet	pANN_0.25_0.005_289	0.119047619047619
GSE222315_TCCACGTAGAGCACTG-1_1_1_1_1	GSE222315_p4_NAT	GSE222315	DF.classifications_0.25_0.005_289	Singlet	pANN_0.25_0.005_289	0.142857142857143
GSE222315_TCCACGTAGTATGATG-1_1_1_1_1	GSE222315_p4_NAT	GSE222315	DF.classifications_0.25_0.005_289	Singlet	pANN_0.25_0.005_289	0.214285714285714
GSE222315_TCCACGTCAGAACATA-1_1_1_1_1	GSE222315_p4_NAT	GSE222315	DF.classifications_0.25_0.005_289	Singlet	pANN_0.25_0.005_289	0.119047619047619
GSE222315_TCCACGTCAGCCTATA-1_1_1_1_1	GSE222315_p4_NAT	GSE222315	DF.classifications_0.25_0.005_289	Singlet	pANN_0.25_0.005_289	0.142857142857143
GSE222315_TCCACGTGTCGAACGA-1_1_1_1_1	GSE222315_p4_NAT	GSE222315	DF.classifications_0.25_0.005_289	Singlet	pANN_0.25_0.005_289	0.357142857142857
GSE222315_TCCACGTTCATCCCGT-1_1_1_1_1	GSE222315_p4_NAT	GSE222315	DF.classifications_0.25_0.005_289	Singlet	pANN_0.25_0.005_289	0.119047619047619
GSE222315_TCCAGAAAGAAGCTGC-1_1_1_1_1	GSE222315_p4_NAT	GSE222315	DF.classifications_0.25_0.005_289	Singlet	pANN_0.25_0.005_289	0.30952380952381
GSE222315_TCCAGAACAAGACAAT-1_1_1_1_1	GSE222315_p4_NAT	GSE222315	DF.classifications_0.25_0.005_289	Singlet	pANN_0.25_0.005_289	0.261904761904762
GSE222315_TCCAGAATCTCTGACC-1_1_1_1_1	GSE222315_p4_NAT	GSE222315	DF.classifications_0.25_0.005_289	Singlet	pANN_0.25_0.005_289	0.119047619047619
GSE222315_TCCATCGAGTAGCCAG-1_1_1_1_1	GSE222315_p4_NAT	GSE222315	DF.classifications_0.25_0.005_289	Singlet	pANN_0.25_0.005_289	0.0238095238095238
GSE222315_TCCATCGCAAGTATAG-1_1_1_1_1	GSE222315_p4_NAT	GSE222315	DF.classifications_0.25_0.005_289	Doublet	pANN_0.25_0.005_289	0.5
GSE222315_TCCATCGGTGAGAACC-1_1_1_1_1	GSE222315_p4_NAT	GSE222315	DF.classifications_0.25_0.005_289	Singlet	pANN_0.25_0.005_289	0.0238095238095238
GSE222315_TCCATCGGTGTTTCTT-1_1_1_1_1	GSE222315_p4_NAT	GSE222315	DF.classifications_0.25_0.005_289	Singlet	pANN_0.25_0.005_289	0.142857142857143
GSE222315_TCCATGCAGACTACGG-1_1_1_1_1	GSE222315_p4_NAT	GSE222315	DF.classifications_0.25_0.005_289	Singlet	pANN_0.25_0.005_289	0.142857142857143
GSE222315_TCCATGCAGGTATTGA-1_1_1_1_1	GSE222315_p4_NAT	GSE222315	DF.classifications_0.25_0.005_289	Singlet	pANN_0.25_0.005_289	0
GSE222315_TCCATGCCAAGAGTGC-1_1_1_1_1	GSE222315_p4_NAT	GSE222315	DF.classifications_0.25_0.005_289	Singlet	pANN_0.25_0.005_289	0.0952380952380952
GSE222315_TCCATGCCACCTGCGA-1_1_1_1_1	GSE222315_p4_NAT	GSE222315	DF.classifications_0.25_0.005_289	Singlet	pANN_0.25_0.005_289	0.0476190476190476
GSE222315_TCCATGCGTGCTCTCT-1_1_1_1_1	GSE222315_p4_NAT	GSE222315	DF.classifications_0.25_0.005_289	Doublet	pANN_0.25_0.005_289	0.666666666666667
GSE222315_TCCATGCGTTCGGCCA-1_1_1_1_1	GSE222315_p4_NAT	GSE222315	DF.classifications_0.25_0.005_289	Singlet	pANN_0.25_0.005_289	0.357142857142857
GSE222315_TCCATGCTCTCTTCAA-1_1_1_1_1	GSE222315_p4_NAT	GSE222315	DF.classifications_0.25_0.005_289	Singlet	pANN_0.25_0.005_289	0
GSE222315_TCCATGCTCTTGGTCC-1_1_1_1_1	GSE222315_p4_NAT	GSE222315	DF.classifications_0.25_0.005_289	Singlet	pANN_0.25_0.005_289	0.380952380952381
GSE222315_TCCCACAAGAAGTGTT-1_1_1_1_1	GSE222315_p4_NAT	GSE222315	DF.classifications_0.25_0.005_289	Singlet	pANN_0.25_0.005_289	0.0476190476190476
GSE222315_TCCCACAAGGAAAGGT-1_1_1_1_1	GSE222315_p4_NAT	GSE222315	DF.classifications_0.25_0.005_289	Singlet	pANN_0.25_0.005_289	0.261904761904762
GSE222315_TCCCACAAGTAACGTA-1_1_1_1_1	GSE222315_p4_NAT	GSE222315	DF.classifications_0.25_0.005_289	Singlet	pANN_0.25_0.005_289	0.0476190476190476
GSE222315_TCCCACACATGCCATA-1_1_1_1_1	GSE222315_p4_NAT	GSE222315	DF.classifications_0.25_0.005_289	Singlet	pANN_0.25_0.005_289	0.119047619047619
GSE222315_TCCCACAGTACAGTCT-1_1_1_1_1	GSE222315_p4_NAT	GSE222315	DF.classifications_0.25_0.005_289	Singlet	pANN_0.25_0.005_289	0.333333333333333
GSE222315_TCCCACAGTCAACACT-1_1_1_1_1	GSE222315_p4_NAT	GSE222315	DF.classifications_0.25_0.005_289	Singlet	pANN_0.25_0.005_289	0.214285714285714
GSE222315_TCCCACAGTCTCACAA-1_1_1_1_1	GSE222315_p4_NAT	GSE222315	DF.classifications_0.25_0.005_289	Singlet	pANN_0.25_0.005_289	0.0476190476190476
GSE222315_TCCCACAGTCTCGCGA-1_1_1_1_1	GSE222315_p4_NAT	GSE222315	DF.classifications_0.25_0.005_289	Singlet	pANN_0.25_0.005_289	0.0476190476190476
GSE222315_TCCCAGTAGGCATCTT-1_1_1_1_1	GSE222315_p4_NAT	GSE222315	DF.classifications_0.25_0.005_289	Singlet	pANN_0.25_0.005_289	0.0238095238095238
GSE222315_TCCCAGTCAACCGGAA-1_1_1_1_1	GSE222315_p4_NAT	GSE222315	DF.classifications_0.25_0.005_289	Singlet	pANN_0.25_0.005_289	0.119047619047619
GSE222315_TCCCAGTCAGAATGTA-1_1_1_1_1	GSE222315_p4_NAT	GSE222315	DF.classifications_0.25_0.005_289	Singlet	pANN_0.25_0.005_289	0.380952380952381
GSE222315_TCCCAGTGTTGCGAAG-1_1_1_1_1	GSE222315_p4_NAT	GSE222315	DF.classifications_0.25_0.005_289	Singlet	pANN_0.25_0.005_289	0.404761904761905
GSE222315_TCCCAGTTCAAGTAAG-1_1_1_1_1	GSE222315_p4_NAT	GSE222315	DF.classifications_0.25_0.005_289	Singlet	pANN_0.25_0.005_289	0.142857142857143
GSE222315_TCCCAGTTCAGACCGC-1_1_1_1_1	GSE222315_p4_NAT	GSE222315	DF.classifications_0.25_0.005_289	Singlet	pANN_0.25_0.005_289	0
GSE222315_TCCCATGAGTCAATCC-1_1_1_1_1	GSE222315_p4_NAT	GSE222315	DF.classifications_0.25_0.005_289	Doublet	pANN_0.25_0.005_289	0.476190476190476
GSE222315_TCCCATGCAAGGCTTT-1_1_1_1_1	GSE222315_p4_NAT	GSE222315	DF.classifications_0.25_0.005_289	Singlet	pANN_0.25_0.005_289	0.0238095238095238
GSE222315_TCCCATGCAGATTAAG-1_1_1_1_1	GSE222315_p4_NAT	GSE222315	DF.classifications_0.25_0.005_289	Singlet	pANN_0.25_0.005_289	0.0952380952380952
GSE222315_TCCCATGGTGGTGATG-1_1_1_1_1	GSE222315_p4_NAT	GSE222315	DF.classifications_0.25_0.005_289	Singlet	pANN_0.25_0.005_289	0
GSE222315_TCCCATGGTGTCCACG-1_1_1_1_1	GSE222315_p4_NAT	GSE222315	DF.classifications_0.25_0.005_289	Singlet	pANN_0.25_0.005_289	0.380952380952381
GSE222315_TCCCATGTCCTCTAAT-1_1_1_1_1	GSE222315_p4_NAT	GSE222315	DF.classifications_0.25_0.005_289	Singlet	pANN_0.25_0.005_289	0.380952380952381
GSE222315_TCCCATGTCGGAGTGA-1_1_1_1_1	GSE222315_p4_NAT	GSE222315	DF.classifications_0.25_0.005_289	Singlet	pANN_0.25_0.005_289	0.0952380952380952
GSE222315_TCCCATGTCTTGGATG-1_1_1_1_1	GSE222315_p4_NAT	GSE222315	DF.classifications_0.25_0.005_289	Doublet	pANN_0.25_0.005_289	0.5
GSE222315_TCCGAAACAACGAGGT-1_1_1_1_1	GSE222315_p4_NAT	GSE222315	DF.classifications_0.25_0.005_289	Singlet	pANN_0.25_0.005_289	0.19047619047619
GSE222315_TCCGAAACAACGGTAG-1_1_1_1_1	GSE222315_p4_NAT	GSE222315	DF.classifications_0.25_0.005_289	Singlet	pANN_0.25_0.005_289	0.0238095238095238
GSE222315_TCCGAAACACGACGTC-1_1_1_1_1	GSE222315_p4_NAT	GSE222315	DF.classifications_0.25_0.005_289	Singlet	pANN_0.25_0.005_289	0
GSE222315_TCCGATCAGATAACGT-1_1_1_1_1	GSE222315_p4_NAT	GSE222315	DF.classifications_0.25_0.005_289	Singlet	pANN_0.25_0.005_289	0.0476190476190476
GSE222315_TCCGATCAGATGTTAG-1_1_1_1_1	GSE222315_p4_NAT	GSE222315	DF.classifications_0.25_0.005_289	Singlet	pANN_0.25_0.005_289	0.0952380952380952
GSE222315_TCCGATCAGCATGCAG-1_1_1_1_1	GSE222315_p4_NAT	GSE222315	DF.classifications_0.25_0.005_289	Singlet	pANN_0.25_0.005_289	0.0238095238095238
GSE222315_TCCGATCAGGATATAC-1_1_1_1_1	GSE222315_p4_NAT	GSE222315	DF.classifications_0.25_0.005_289	Singlet	pANN_0.25_0.005_289	0.0714285714285714
GSE222315_TCCGATCCAAACACCT-1_1_1_1_1	GSE222315_p4_NAT	GSE222315	DF.classifications_0.25_0.005_289	Singlet	pANN_0.25_0.005_289	0.214285714285714
GSE222315_TCCGATCCAAGCCCAC-1_1_1_1_1	GSE222315_p4_NAT	GSE222315	DF.classifications_0.25_0.005_289	Singlet	pANN_0.25_0.005_289	0.214285714285714
GSE222315_TCCGATCCAGACAATA-1_1_1_1_1	GSE222315_p4_NAT	GSE222315	DF.classifications_0.25_0.005_289	Singlet	pANN_0.25_0.005_289	0.333333333333333
GSE222315_TCCGATCCAGAGTCTT-1_1_1_1_1	GSE222315_p4_NAT	GSE222315	DF.classifications_0.25_0.005_289	Singlet	pANN_0.25_0.005_289	0.357142857142857
GSE222315_TCCGATCCATCACAGT-1_1_1_1_1	GSE222315_p4_NAT	GSE222315	DF.classifications_0.25_0.005_289	Singlet	pANN_0.25_0.005_289	0.142857142857143
GSE222315_TCCGATCGTGATGGCA-1_1_1_1_1	GSE222315_p4_NAT	GSE222315	DF.classifications_0.25_0.005_289	Singlet	pANN_0.25_0.005_289	0
GSE222315_TCCGATCTCACGACTA-1_1_1_1_1	GSE222315_p4_NAT	GSE222315	DF.classifications_0.25_0.005_289	Singlet	pANN_0.25_0.005_289	0.0952380952380952
GSE222315_TCCGATCTCACGGGCT-1_1_1_1_1	GSE222315_p4_NAT	GSE222315	DF.classifications_0.25_0.005_289	Singlet	pANN_0.25_0.005_289	0.285714285714286
GSE222315_TCCGATCTCGAAATCC-1_1_1_1_1	GSE222315_p4_NAT	GSE222315	DF.classifications_0.25_0.005_289	Singlet	pANN_0.25_0.005_289	0.166666666666667
GSE222315_TCCGATCTCTGAGTCA-1_1_1_1_1	GSE222315_p4_NAT	GSE222315	DF.classifications_0.25_0.005_289	Singlet	pANN_0.25_0.005_289	0.214285714285714
GSE222315_TCCGATCTCTGTCGCT-1_1_1_1_1	GSE222315_p4_NAT	GSE222315	DF.classifications_0.25_0.005_289	Singlet	pANN_0.25_0.005_289	0.0952380952380952
GSE222315_TCCGGGAAGGTATAGT-1_1_1_1_1	GSE222315_p4_NAT	GSE222315	DF.classifications_0.25_0.005_289	Singlet	pANN_0.25_0.005_289	0.0952380952380952
GSE222315_TCCGGGAAGTCGCCAC-1_1_1_1_1	GSE222315_p4_NAT	GSE222315	DF.classifications_0.25_0.005_289	Singlet	pANN_0.25_0.005_289	0.380952380952381
GSE222315_TCCGGGAAGTGTTGAA-1_1_1_1_1	GSE222315_p4_NAT	GSE222315	DF.classifications_0.25_0.005_289	Singlet	pANN_0.25_0.005_289	0.261904761904762
GSE222315_TCCGGGACAAGTTCCA-1_1_1_1_1	GSE222315_p4_NAT	GSE222315	DF.classifications_0.25_0.005_289	Singlet	pANN_0.25_0.005_289	0.19047619047619
GSE222315_TCCGGGACACTCTAGA-1_1_1_1_1	GSE222315_p4_NAT	GSE222315	DF.classifications_0.25_0.005_289	Doublet	pANN_0.25_0.005_289	0.452380952380952
GSE222315_TCCGGGACATCATCTT-1_1_1_1_1	GSE222315_p4_NAT	GSE222315	DF.classifications_0.25_0.005_289	Singlet	pANN_0.25_0.005_289	0.285714285714286
GSE222315_TCCGGGACATTGAAGA-1_1_1_1_1	GSE222315_p4_NAT	GSE222315	DF.classifications_0.25_0.005_289	Singlet	pANN_0.25_0.005_289	0.285714285714286
GSE222315_TCCGGGAGTACTGCCG-1_1_1_1_1	GSE222315_p4_NAT	GSE222315	DF.classifications_0.25_0.005_289	Singlet	pANN_0.25_0.005_289	0.333333333333333
GSE222315_TCCGGGATCAACCTTT-1_1_1_1_1	GSE222315_p4_NAT	GSE222315	DF.classifications_0.25_0.005_289	Singlet	pANN_0.25_0.005_289	0
GSE222315_TCCGGGATCGATCCCT-1_1_1_1_1	GSE222315_p4_NAT	GSE222315	DF.classifications_0.25_0.005_289	Singlet	pANN_0.25_0.005_289	0.166666666666667
GSE222315_TCCGGGATCGGACCAC-1_1_1_1_1	GSE222315_p4_NAT	GSE222315	DF.classifications_0.25_0.005_289	Singlet	pANN_0.25_0.005_289	0.0238095238095238
GSE222315_TCCGGGATCGTCTACC-1_1_1_1_1	GSE222315_p4_NAT	GSE222315	DF.classifications_0.25_0.005_289	Singlet	pANN_0.25_0.005_289	0.238095238095238
GSE222315_TCCGTGTCAGCAGAAC-1_1_1_1_1	GSE222315_p4_NAT	GSE222315	DF.classifications_0.25_0.005_289	Singlet	pANN_0.25_0.005_289	0
GSE222315_TCCGTGTGTCATCCGG-1_1_1_1_1	GSE222315_p4_NAT	GSE222315	DF.classifications_0.25_0.005_289	Singlet	pANN_0.25_0.005_289	0.261904761904762
GSE222315_TCCGTGTGTGTCGATT-1_1_1_1_1	GSE222315_p4_NAT	GSE222315	DF.classifications_0.25_0.005_289	Doublet	pANN_0.25_0.005_289	0.452380952380952
GSE222315_TCCGTGTTCAAGTAAG-1_1_1_1_1	GSE222315_p4_NAT	GSE222315	DF.classifications_0.25_0.005_289	Singlet	pANN_0.25_0.005_289	0.0238095238095238
GSE222315_TCCGTGTTCATTCCTA-1_1_1_1_1	GSE222315_p4_NAT	GSE222315	DF.classifications_0.25_0.005_289	Singlet	pANN_0.25_0.005_289	0.0952380952380952
GSE222315_TCCGTGTTCCACAGGC-1_1_1_1_1	GSE222315_p4_NAT	GSE222315	DF.classifications_0.25_0.005_289	Singlet	pANN_0.25_0.005_289	0.142857142857143
GSE222315_TCCGTGTTCGAGTCTA-1_1_1_1_1	GSE222315_p4_NAT	GSE222315	DF.classifications_0.25_0.005_289	Singlet	pANN_0.25_0.005_289	0.30952380952381
GSE222315_TCCTAATAGAAACTAC-1_1_1_1_1	GSE222315_p4_NAT	GSE222315	DF.classifications_0.25_0.005_289	Singlet	pANN_0.25_0.005_289	0.119047619047619
GSE222315_TCCTAATCAGATACCT-1_1_1_1_1	GSE222315_p4_NAT	GSE222315	DF.classifications_0.25_0.005_289	Singlet	pANN_0.25_0.005_289	0.0476190476190476
GSE222315_TCCTAATGTATACAGA-1_1_1_1_1	GSE222315_p4_NAT	GSE222315	DF.classifications_0.25_0.005_289	Singlet	pANN_0.25_0.005_289	0.166666666666667
GSE222315_TCCTAATGTGGTCTAT-1_1_1_1_1	GSE222315_p4_NAT	GSE222315	DF.classifications_0.25_0.005_289	Singlet	pANN_0.25_0.005_289	0.19047619047619
GSE222315_TCCTCCCAGCTACTAC-1_1_1_1_1	GSE222315_p4_NAT	GSE222315	DF.classifications_0.25_0.005_289	Singlet	pANN_0.25_0.005_289	0.142857142857143
GSE222315_TCCTCCCAGTAGATCA-1_1_1_1_1	GSE222315_p4_NAT	GSE222315	DF.classifications_0.25_0.005_289	Singlet	pANN_0.25_0.005_289	0.0476190476190476
GSE222315_TCCTCCCGTCACATTG-1_1_1_1_1	GSE222315_p4_NAT	GSE222315	DF.classifications_0.25_0.005_289	Singlet	pANN_0.25_0.005_289	0.30952380952381
GSE222315_TCCTCGACAACACGTT-1_1_1_1_1	GSE222315_p4_NAT	GSE222315	DF.classifications_0.25_0.005_289	Singlet	pANN_0.25_0.005_289	0.357142857142857
GSE222315_TCCTCGACACGGCTAC-1_1_1_1_1	GSE222315_p4_NAT	GSE222315	DF.classifications_0.25_0.005_289	Singlet	pANN_0.25_0.005_289	0.142857142857143
GSE222315_TCCTCGAGTATGAAAC-1_1_1_1_1	GSE222315_p4_NAT	GSE222315	DF.classifications_0.25_0.005_289	Singlet	pANN_0.25_0.005_289	0.0238095238095238
GSE222315_TCCTCGAGTATTTCGG-1_1_1_1_1	GSE222315_p4_NAT	GSE222315	DF.classifications_0.25_0.005_289	Singlet	pANN_0.25_0.005_289	0.0238095238095238
GSE222315_TCCTCGATCCAATCTT-1_1_1_1_1	GSE222315_p4_NAT	GSE222315	DF.classifications_0.25_0.005_289	Singlet	pANN_0.25_0.005_289	0
GSE222315_TCCTCGATCTCGTGGG-1_1_1_1_1	GSE222315_p4_NAT	GSE222315	DF.classifications_0.25_0.005_289	Singlet	pANN_0.25_0.005_289	0.166666666666667
GSE222315_TCCTCTTAGATTACCC-1_1_1_1_1	GSE222315_p4_NAT	GSE222315	DF.classifications_0.25_0.005_289	Singlet	pANN_0.25_0.005_289	0.0238095238095238
GSE222315_TCCTCTTAGCATAGGC-1_1_1_1_1	GSE222315_p4_NAT	GSE222315	DF.classifications_0.25_0.005_289	Singlet	pANN_0.25_0.005_289	0.0476190476190476
GSE222315_TCCTCTTAGCCGTAAG-1_1_1_1_1	GSE222315_p4_NAT	GSE222315	DF.classifications_0.25_0.005_289	Singlet	pANN_0.25_0.005_289	0.0476190476190476
GSE222315_TCCTCTTAGGATACAT-1_1_1_1_1	GSE222315_p4_NAT	GSE222315	DF.classifications_0.25_0.005_289	Singlet	pANN_0.25_0.005_289	0.0238095238095238
GSE222315_TCCTCTTCATCCGATA-1_1_1_1_1	GSE222315_p4_NAT	GSE222315	DF.classifications_0.25_0.005_289	Singlet	pANN_0.25_0.005_289	0.380952380952381
GSE222315_TCCTCTTCATTGACCA-1_1_1_1_1	GSE222315_p4_NAT	GSE222315	DF.classifications_0.25_0.005_289	Singlet	pANN_0.25_0.005_289	0.0476190476190476
GSE222315_TCCTCTTTCAAGCCTA-1_1_1_1_1	GSE222315_p4_NAT	GSE222315	DF.classifications_0.25_0.005_289	Singlet	pANN_0.25_0.005_289	0.333333333333333
GSE222315_TCCTCTTTCATCCTGC-1_1_1_1_1	GSE222315_p4_NAT	GSE222315	DF.classifications_0.25_0.005_289	Singlet	pANN_0.25_0.005_289	0.0476190476190476
GSE222315_TCCTCTTTCCAAACCA-1_1_1_1_1	GSE222315_p4_NAT	GSE222315	DF.classifications_0.25_0.005_289	Singlet	pANN_0.25_0.005_289	0.214285714285714
GSE222315_TCCTCTTTCCCGTGTT-1_1_1_1_1	GSE222315_p4_NAT	GSE222315	DF.classifications_0.25_0.005_289	Singlet	pANN_0.25_0.005_289	0.357142857142857
GSE222315_TCCTGCAAGCGATCGA-1_1_1_1_1	GSE222315_p4_NAT	GSE222315	DF.classifications_0.25_0.005_289	Singlet	pANN_0.25_0.005_289	0.30952380952381
GSE222315_TCCTGCACACGTGAGA-1_1_1_1_1	GSE222315_p4_NAT	GSE222315	DF.classifications_0.25_0.005_289	Singlet	pANN_0.25_0.005_289	0.238095238095238
GSE222315_TCCTGCACAGTCTGGC-1_1_1_1_1	GSE222315_p4_NAT	GSE222315	DF.classifications_0.25_0.005_289	Singlet	pANN_0.25_0.005_289	0.380952380952381
GSE222315_TCCTTCTAGACAGCTG-1_1_1_1_1	GSE222315_p4_NAT	GSE222315	DF.classifications_0.25_0.005_289	Singlet	pANN_0.25_0.005_289	0.0476190476190476
GSE222315_TCCTTCTCAGACAAGC-1_1_1_1_1	GSE222315_p4_NAT	GSE222315	DF.classifications_0.25_0.005_289	Singlet	pANN_0.25_0.005_289	0.0952380952380952
GSE222315_TCCTTCTCAGAGAATT-1_1_1_1_1	GSE222315_p4_NAT	GSE222315	DF.classifications_0.25_0.005_289	Singlet	pANN_0.25_0.005_289	0.19047619047619
GSE222315_TCCTTCTGTGCGAACA-1_1_1_1_1	GSE222315_p4_NAT	GSE222315	DF.classifications_0.25_0.005_289	Singlet	pANN_0.25_0.005_289	0.0238095238095238
GSE222315_TCCTTCTGTTGGGACA-1_1_1_1_1	GSE222315_p4_NAT	GSE222315	DF.classifications_0.25_0.005_289	Singlet	pANN_0.25_0.005_289	0.0952380952380952
GSE222315_TCCTTCTTCAGTCCGG-1_1_1_1_1	GSE222315_p4_NAT	GSE222315	DF.classifications_0.25_0.005_289	Singlet	pANN_0.25_0.005_289	0
GSE222315_TCCTTCTTCCGTATAG-1_1_1_1_1	GSE222315_p4_NAT	GSE222315	DF.classifications_0.25_0.005_289	Singlet	pANN_0.25_0.005_289	0.261904761904762
GSE222315_TCCTTTCAGACAACAT-1_1_1_1_1	GSE222315_p4_NAT	GSE222315	DF.classifications_0.25_0.005_289	Singlet	pANN_0.25_0.005_289	0.0714285714285714
GSE222315_TCCTTTCAGTTCGCAT-1_1_1_1_1	GSE222315_p4_NAT	GSE222315	DF.classifications_0.25_0.005_289	Singlet	pANN_0.25_0.005_289	0.0476190476190476
GSE222315_TCCTTTCGTTGACTGT-1_1_1_1_1	GSE222315_p4_NAT	GSE222315	DF.classifications_0.25_0.005_289	Singlet	pANN_0.25_0.005_289	0.119047619047619
GSE222315_TCGAACAAGGGCATGT-1_1_1_1_1	GSE222315_p4_NAT	GSE222315	DF.classifications_0.25_0.005_289	Singlet	pANN_0.25_0.005_289	0.142857142857143
GSE222315_TCGAACACATATGGCT-1_1_1_1_1	GSE222315_p4_NAT	GSE222315	DF.classifications_0.25_0.005_289	Singlet	pANN_0.25_0.005_289	0.214285714285714
GSE222315_TCGAACATCACCTACC-1_1_1_1_1	GSE222315_p4_NAT	GSE222315	DF.classifications_0.25_0.005_289	Singlet	pANN_0.25_0.005_289	0.119047619047619
GSE222315_TCGAACATCTACTGAG-1_1_1_1_1	GSE222315_p4_NAT	GSE222315	DF.classifications_0.25_0.005_289	Singlet	pANN_0.25_0.005_289	0.261904761904762
GSE222315_TCGAACATCTCGGCTT-1_1_1_1_1	GSE222315_p4_NAT	GSE222315	DF.classifications_0.25_0.005_289	Singlet	pANN_0.25_0.005_289	0.0476190476190476
GSE222315_TCGAAGTAGCTAGAGC-1_1_1_1_1	GSE222315_p4_NAT	GSE222315	DF.classifications_0.25_0.005_289	Singlet	pANN_0.25_0.005_289	0.261904761904762
GSE222315_TCGAAGTAGGTTCATC-1_1_1_1_1	GSE222315_p4_NAT	GSE222315	DF.classifications_0.25_0.005_289	Singlet	pANN_0.25_0.005_289	0.166666666666667
GSE222315_TCGAAGTCACTGAGTT-1_1_1_1_1	GSE222315_p4_NAT	GSE222315	DF.classifications_0.25_0.005_289	Singlet	pANN_0.25_0.005_289	0.0952380952380952
GSE222315_TCGAAGTCATAATGAG-1_1_1_1_1	GSE222315_p4_NAT	GSE222315	DF.classifications_0.25_0.005_289	Singlet	pANN_0.25_0.005_289	0.380952380952381
GSE222315_TCGAAGTCATAGGAGC-1_1_1_1_1	GSE222315_p4_NAT	GSE222315	DF.classifications_0.25_0.005_289	Singlet	pANN_0.25_0.005_289	0.0238095238095238
GSE222315_TCGAAGTGTGTCTAAC-1_1_1_1_1	GSE222315_p4_NAT	GSE222315	DF.classifications_0.25_0.005_289	Singlet	pANN_0.25_0.005_289	0.238095238095238
GSE222315_TCGAAGTGTTGAAGTA-1_1_1_1_1	GSE222315_p4_NAT	GSE222315	DF.classifications_0.25_0.005_289	Singlet	pANN_0.25_0.005_289	0.119047619047619
GSE222315_TCGAAGTGTTTAGTCG-1_1_1_1_1	GSE222315_p4_NAT	GSE222315	DF.classifications_0.25_0.005_289	Singlet	pANN_0.25_0.005_289	0.0476190476190476
GSE222315_TCGAAGTTCCAATCCC-1_1_1_1_1	GSE222315_p4_NAT	GSE222315	DF.classifications_0.25_0.005_289	Singlet	pANN_0.25_0.005_289	0.166666666666667
GSE222315_TCGAAGTTCGGTCTAA-1_1_1_1_1	GSE222315_p4_NAT	GSE222315	DF.classifications_0.25_0.005_289	Doublet	pANN_0.25_0.005_289	0.452380952380952
GSE222315_TCGACCTAGACATCCT-1_1_1_1_1	GSE222315_p4_NAT	GSE222315	DF.classifications_0.25_0.005_289	Singlet	pANN_0.25_0.005_289	0.428571428571429
GSE222315_TCGACCTAGTATGTAG-1_1_1_1_1	GSE222315_p4_NAT	GSE222315	DF.classifications_0.25_0.005_289	Singlet	pANN_0.25_0.005_289	0.285714285714286
GSE222315_TCGACCTAGTGGACTG-1_1_1_1_1	GSE222315_p4_NAT	GSE222315	DF.classifications_0.25_0.005_289	Singlet	pANN_0.25_0.005_289	0.214285714285714
GSE222315_TCGACCTCAAGTTCGT-1_1_1_1_1	GSE222315_p4_NAT	GSE222315	DF.classifications_0.25_0.005_289	Singlet	pANN_0.25_0.005_289	0.142857142857143
GSE222315_TCGACCTCATATGCGT-1_1_1_1_1	GSE222315_p4_NAT	GSE222315	DF.classifications_0.25_0.005_289	Singlet	pANN_0.25_0.005_289	0.238095238095238
GSE222315_TCGACCTCATCTGTTT-1_1_1_1_1	GSE222315_p4_NAT	GSE222315	DF.classifications_0.25_0.005_289	Singlet	pANN_0.25_0.005_289	0
GSE222315_TCGACCTTCTAGATCG-1_1_1_1_1	GSE222315_p4_NAT	GSE222315	DF.classifications_0.25_0.005_289	Singlet	pANN_0.25_0.005_289	0.0476190476190476
GSE222315_TCGACGGCACTTTATC-1_1_1_1_1	GSE222315_p4_NAT	GSE222315	DF.classifications_0.25_0.005_289	Singlet	pANN_0.25_0.005_289	0.261904761904762
GSE222315_TCGACGGCAGTTCCAA-1_1_1_1_1	GSE222315_p4_NAT	GSE222315	DF.classifications_0.25_0.005_289	Singlet	pANN_0.25_0.005_289	0.0476190476190476
GSE222315_TCGACGGGTCTTACAG-1_1_1_1_1	GSE222315_p4_NAT	GSE222315	DF.classifications_0.25_0.005_289	Singlet	pANN_0.25_0.005_289	0.0952380952380952
GSE222315_TCGACGGGTTCAGCTA-1_1_1_1_1	GSE222315_p4_NAT	GSE222315	DF.classifications_0.25_0.005_289	Singlet	pANN_0.25_0.005_289	0.30952380952381
GSE222315_TCGACGGTCGTAGGGA-1_1_1_1_1	GSE222315_p4_NAT	GSE222315	DF.classifications_0.25_0.005_289	Singlet	pANN_0.25_0.005_289	0.166666666666667
GSE222315_TCGACGGTCTTCACAT-1_1_1_1_1	GSE222315_p4_NAT	GSE222315	DF.classifications_0.25_0.005_289	Singlet	pANN_0.25_0.005_289	0
GSE222315_TCGATTTAGATCGCTT-1_1_1_1_1	GSE222315_p4_NAT	GSE222315	DF.classifications_0.25_0.005_289	Singlet	pANN_0.25_0.005_289	0.214285714285714
GSE222315_TCGATTTCAACACTAC-1_1_1_1_1	GSE222315_p4_NAT	GSE222315	DF.classifications_0.25_0.005_289	Singlet	pANN_0.25_0.005_289	0.19047619047619
GSE222315_TCGATTTCAATGACCT-1_1_1_1_1	GSE222315_p4_NAT	GSE222315	DF.classifications_0.25_0.005_289	Singlet	pANN_0.25_0.005_289	0.0952380952380952
GSE222315_TCGATTTCATGGCCCA-1_1_1_1_1	GSE222315_p4_NAT	GSE222315	DF.classifications_0.25_0.005_289	Singlet	pANN_0.25_0.005_289	0.238095238095238
GSE222315_TCGATTTGTAACAGTA-1_1_1_1_1	GSE222315_p4_NAT	GSE222315	DF.classifications_0.25_0.005_289	Singlet	pANN_0.25_0.005_289	0.0952380952380952
GSE222315_TCGATTTGTAGTATAG-1_1_1_1_1	GSE222315_p4_NAT	GSE222315	DF.classifications_0.25_0.005_289	Singlet	pANN_0.25_0.005_289	0
GSE222315_TCGATTTGTCGGTACC-1_1_1_1_1	GSE222315_p4_NAT	GSE222315	DF.classifications_0.25_0.005_289	Singlet	pANN_0.25_0.005_289	0
GSE222315_TCGATTTGTGGCTGCT-1_1_1_1_1	GSE222315_p4_NAT	GSE222315	DF.classifications_0.25_0.005_289	Singlet	pANN_0.25_0.005_289	0.19047619047619
GSE222315_TCGATTTGTTACCCAA-1_1_1_1_1	GSE222315_p4_NAT	GSE222315	DF.classifications_0.25_0.005_289	Singlet	pANN_0.25_0.005_289	0
GSE222315_TCGCACTAGAGGCCAT-1_1_1_1_1	GSE222315_p4_NAT	GSE222315	DF.classifications_0.25_0.005_289	Singlet	pANN_0.25_0.005_289	0.357142857142857
GSE222315_TCGCACTAGATTTGCC-1_1_1_1_1	GSE222315_p4_NAT	GSE222315	DF.classifications_0.25_0.005_289	Singlet	pANN_0.25_0.005_289	0.166666666666667
GSE222315_TCGCACTAGGATGAGA-1_1_1_1_1	GSE222315_p4_NAT	GSE222315	DF.classifications_0.25_0.005_289	Singlet	pANN_0.25_0.005_289	0
GSE222315_TCGCACTCACACGGAA-1_1_1_1_1	GSE222315_p4_NAT	GSE222315	DF.classifications_0.25_0.005_289	Singlet	pANN_0.25_0.005_289	0.428571428571429
GSE222315_TCGCACTCACACTGGC-1_1_1_1_1	GSE222315_p4_NAT	GSE222315	DF.classifications_0.25_0.005_289	Singlet	pANN_0.25_0.005_289	0
GSE222315_TCGCACTCACTCGATA-1_1_1_1_1	GSE222315_p4_NAT	GSE222315	DF.classifications_0.25_0.005_289	Singlet	pANN_0.25_0.005_289	0.261904761904762
GSE222315_TCGCACTCATGAATCC-1_1_1_1_1	GSE222315_p4_NAT	GSE222315	DF.classifications_0.25_0.005_289	Singlet	pANN_0.25_0.005_289	0.238095238095238
GSE222315_TCGCACTGTCACTTCC-1_1_1_1_1	GSE222315_p4_NAT	GSE222315	DF.classifications_0.25_0.005_289	Singlet	pANN_0.25_0.005_289	0.19047619047619
GSE222315_TCGCACTGTTCGAAGG-1_1_1_1_1	GSE222315_p4_NAT	GSE222315	DF.classifications_0.25_0.005_289	Singlet	pANN_0.25_0.005_289	0.380952380952381
GSE222315_TCGCACTTCCGAGCTG-1_1_1_1_1	GSE222315_p4_NAT	GSE222315	DF.classifications_0.25_0.005_289	Singlet	pANN_0.25_0.005_289	0.428571428571429
GSE222315_TCGCACTTCTGAGCAT-1_1_1_1_1	GSE222315_p4_NAT	GSE222315	DF.classifications_0.25_0.005_289	Singlet	pANN_0.25_0.005_289	0.119047619047619
GSE222315_TCGCAGGAGAAGGATG-1_1_1_1_1	GSE222315_p4_NAT	GSE222315	DF.classifications_0.25_0.005_289	Singlet	pANN_0.25_0.005_289	0.357142857142857
GSE222315_TCGCAGGAGGTGCCAA-1_1_1_1_1	GSE222315_p4_NAT	GSE222315	DF.classifications_0.25_0.005_289	Singlet	pANN_0.25_0.005_289	0
GSE222315_TCGCAGGAGTCATGCT-1_1_1_1_1	GSE222315_p4_NAT	GSE222315	DF.classifications_0.25_0.005_289	Doublet	pANN_0.25_0.005_289	0.523809523809524
GSE222315_TCGCAGGGTAACGTTC-1_1_1_1_1	GSE222315_p4_NAT	GSE222315	DF.classifications_0.25_0.005_289	Singlet	pANN_0.25_0.005_289	0.166666666666667
GSE222315_TCGCAGGGTGGCAGAT-1_1_1_1_1	GSE222315_p4_NAT	GSE222315	DF.classifications_0.25_0.005_289	Singlet	pANN_0.25_0.005_289	0.380952380952381
GSE222315_TCGCAGGGTTACGGAG-1_1_1_1_1	GSE222315_p4_NAT	GSE222315	DF.classifications_0.25_0.005_289	Singlet	pANN_0.25_0.005_289	0.0476190476190476
GSE222315_TCGCAGGGTTTACACG-1_1_1_1_1	GSE222315_p4_NAT	GSE222315	DF.classifications_0.25_0.005_289	Singlet	pANN_0.25_0.005_289	0.166666666666667
GSE222315_TCGCAGGTCCGTTGAA-1_1_1_1_1	GSE222315_p4_NAT	GSE222315	DF.classifications_0.25_0.005_289	Singlet	pANN_0.25_0.005_289	0.119047619047619
GSE222315_TCGCTCAAGGACTGGT-1_1_1_1_1	GSE222315_p4_NAT	GSE222315	DF.classifications_0.25_0.005_289	Singlet	pANN_0.25_0.005_289	0.333333333333333
GSE222315_TCGCTCAAGTAAACAC-1_1_1_1_1	GSE222315_p4_NAT	GSE222315	DF.classifications_0.25_0.005_289	Singlet	pANN_0.25_0.005_289	0.142857142857143
GSE222315_TCGCTCATCATGTCAG-1_1_1_1_1	GSE222315_p4_NAT	GSE222315	DF.classifications_0.25_0.005_289	Singlet	pANN_0.25_0.005_289	0
GSE222315_TCGCTCATCCAACTAG-1_1_1_1_1	GSE222315_p4_NAT	GSE222315	DF.classifications_0.25_0.005_289	Singlet	pANN_0.25_0.005_289	0.261904761904762
GSE222315_TCGCTTGAGCGGATCA-1_1_1_1_1	GSE222315_p4_NAT	GSE222315	DF.classifications_0.25_0.005_289	Singlet	pANN_0.25_0.005_289	0
GSE222315_TCGCTTGAGTTTCGGT-1_1_1_1_1	GSE222315_p4_NAT	GSE222315	DF.classifications_0.25_0.005_289	Singlet	pANN_0.25_0.005_289	0.333333333333333
GSE222315_TCGCTTGCAAGTATCC-1_1_1_1_1	GSE222315_p4_NAT	GSE222315	DF.classifications_0.25_0.005_289	Singlet	pANN_0.25_0.005_289	0
GSE222315_TCGCTTGGTCGCATTA-1_1_1_1_1	GSE222315_p4_NAT	GSE222315	DF.classifications_0.25_0.005_289	Singlet	pANN_0.25_0.005_289	0.0714285714285714
GSE222315_TCGCTTGGTTAGAAGT-1_1_1_1_1	GSE222315_p4_NAT	GSE222315	DF.classifications_0.25_0.005_289	Singlet	pANN_0.25_0.005_289	0.261904761904762
GSE222315_TCGCTTGGTTTACTTC-1_1_1_1_1	GSE222315_p4_NAT	GSE222315	DF.classifications_0.25_0.005_289	Singlet	pANN_0.25_0.005_289	0.0952380952380952
GSE222315_TCGCTTGTCAATCGGT-1_1_1_1_1	GSE222315_p4_NAT	GSE222315	DF.classifications_0.25_0.005_289	Singlet	pANN_0.25_0.005_289	0.119047619047619
GSE222315_TCGCTTGTCCATCTCG-1_1_1_1_1	GSE222315_p4_NAT	GSE222315	DF.classifications_0.25_0.005_289	Singlet	pANN_0.25_0.005_289	0.0952380952380952
GSE222315_TCGCTTGTCCCTATTA-1_1_1_1_1	GSE222315_p4_NAT	GSE222315	DF.classifications_0.25_0.005_289	Singlet	pANN_0.25_0.005_289	0.142857142857143
GSE222315_TCGCTTGTCGTAGTGT-1_1_1_1_1	GSE222315_p4_NAT	GSE222315	DF.classifications_0.25_0.005_289	Singlet	pANN_0.25_0.005_289	0.0238095238095238
GSE222315_TCGGATACAGTGAGCA-1_1_1_1_1	GSE222315_p4_NAT	GSE222315	DF.classifications_0.25_0.005_289	Singlet	pANN_0.25_0.005_289	0.238095238095238
GSE222315_TCGGATACAGTGGGTA-1_1_1_1_1	GSE222315_p4_NAT	GSE222315	DF.classifications_0.25_0.005_289	Singlet	pANN_0.25_0.005_289	0.357142857142857
GSE222315_TCGGATACATAGATCC-1_1_1_1_1	GSE222315_p4_NAT	GSE222315	DF.classifications_0.25_0.005_289	Singlet	pANN_0.25_0.005_289	0.333333333333333
GSE222315_TCGGATACATTAAAGG-1_1_1_1_1	GSE222315_p4_NAT	GSE222315	DF.classifications_0.25_0.005_289	Singlet	pANN_0.25_0.005_289	0.0476190476190476
GSE222315_TCGGATAGTCGTGCCA-1_1_1_1_1	GSE222315_p4_NAT	GSE222315	DF.classifications_0.25_0.005_289	Singlet	pANN_0.25_0.005_289	0.0238095238095238
GSE222315_TCGGATAGTGGAACCA-1_1_1_1_1	GSE222315_p4_NAT	GSE222315	DF.classifications_0.25_0.005_289	Singlet	pANN_0.25_0.005_289	0.0476190476190476
GSE222315_TCGGATAGTGTGTGGA-1_1_1_1_1	GSE222315_p4_NAT	GSE222315	DF.classifications_0.25_0.005_289	Singlet	pANN_0.25_0.005_289	0.19047619047619
GSE222315_TCGGATATCTGACAGT-1_1_1_1_1	GSE222315_p4_NAT	GSE222315	DF.classifications_0.25_0.005_289	Singlet	pANN_0.25_0.005_289	0.166666666666667
GSE222315_TCGGGACAGAAGATCT-1_1_1_1_1	GSE222315_p4_NAT	GSE222315	DF.classifications_0.25_0.005_289	Singlet	pANN_0.25_0.005_289	0
GSE222315_TCGGGACAGGTTGGTG-1_1_1_1_1	GSE222315_p4_NAT	GSE222315	DF.classifications_0.25_0.005_289	Singlet	pANN_0.25_0.005_289	0.0952380952380952
GSE222315_TCGGGACAGTGTGTTC-1_1_1_1_1	GSE222315_p4_NAT	GSE222315	DF.classifications_0.25_0.005_289	Singlet	pANN_0.25_0.005_289	0.0238095238095238
GSE222315_TCGGGACCAGAGGCTA-1_1_1_1_1	GSE222315_p4_NAT	GSE222315	DF.classifications_0.25_0.005_289	Singlet	pANN_0.25_0.005_289	0.333333333333333
GSE222315_TCGGGACGTAGTCCTA-1_1_1_1_1	GSE222315_p4_NAT	GSE222315	DF.classifications_0.25_0.005_289	Singlet	pANN_0.25_0.005_289	0.0238095238095238
GSE222315_TCGGGACGTCTTACAG-1_1_1_1_1	GSE222315_p4_NAT	GSE222315	DF.classifications_0.25_0.005_289	Singlet	pANN_0.25_0.005_289	0.214285714285714
GSE222315_TCGGGACTCTAGCAAC-1_1_1_1_1	GSE222315_p4_NAT	GSE222315	DF.classifications_0.25_0.005_289	Singlet	pANN_0.25_0.005_289	0.0238095238095238
GSE222315_TCGGGACTCTGTGCAA-1_1_1_1_1	GSE222315_p4_NAT	GSE222315	DF.classifications_0.25_0.005_289	Singlet	pANN_0.25_0.005_289	0
GSE222315_TCGGGACTCTTAAGGC-1_1_1_1_1	GSE222315_p4_NAT	GSE222315	DF.classifications_0.25_0.005_289	Singlet	pANN_0.25_0.005_289	0.0952380952380952
GSE222315_TCGGGCACACAAATCC-1_1_1_1_1	GSE222315_p4_NAT	GSE222315	DF.classifications_0.25_0.005_289	Singlet	pANN_0.25_0.005_289	0.0714285714285714
GSE222315_TCGGGCACAGTGGTGA-1_1_1_1_1	GSE222315_p4_NAT	GSE222315	DF.classifications_0.25_0.005_289	Singlet	pANN_0.25_0.005_289	0.0476190476190476
GSE222315_TCGGGCACATGGGATG-1_1_1_1_1	GSE222315_p4_NAT	GSE222315	DF.classifications_0.25_0.005_289	Singlet	pANN_0.25_0.005_289	0.357142857142857
GSE222315_TCGGGCAGTATGAGAT-1_1_1_1_1	GSE222315_p4_NAT	GSE222315	DF.classifications_0.25_0.005_289	Singlet	pANN_0.25_0.005_289	0.119047619047619
GSE222315_TCGGGCAGTGGATGAC-1_1_1_1_1	GSE222315_p4_NAT	GSE222315	DF.classifications_0.25_0.005_289	Doublet	pANN_0.25_0.005_289	0.5
GSE222315_TCGGGCAGTTGTTGTG-1_1_1_1_1	GSE222315_p4_NAT	GSE222315	DF.classifications_0.25_0.005_289	Singlet	pANN_0.25_0.005_289	0.238095238095238
GSE222315_TCGGGTGAGCGATGCA-1_1_1_1_1	GSE222315_p4_NAT	GSE222315	DF.classifications_0.25_0.005_289	Singlet	pANN_0.25_0.005_289	0.333333333333333
GSE222315_TCGGGTGCAGATCATC-1_1_1_1_1	GSE222315_p4_NAT	GSE222315	DF.classifications_0.25_0.005_289	Singlet	pANN_0.25_0.005_289	0
GSE222315_TCGGGTGGTCCTGAAT-1_1_1_1_1	GSE222315_p4_NAT	GSE222315	DF.classifications_0.25_0.005_289	Singlet	pANN_0.25_0.005_289	0.0952380952380952
GSE222315_TCGGGTGTCAAGTCGT-1_1_1_1_1	GSE222315_p4_NAT	GSE222315	DF.classifications_0.25_0.005_289	Singlet	pANN_0.25_0.005_289	0
GSE222315_TCGGGTGTCGACCCAG-1_1_1_1_1	GSE222315_p4_NAT	GSE222315	DF.classifications_0.25_0.005_289	Singlet	pANN_0.25_0.005_289	0.380952380952381
GSE222315_TCGGTCTAGAAGGGAT-1_1_1_1_1	GSE222315_p4_NAT	GSE222315	DF.classifications_0.25_0.005_289	Singlet	pANN_0.25_0.005_289	0.214285714285714
GSE222315_TCGGTCTAGAGGGTCT-1_1_1_1_1	GSE222315_p4_NAT	GSE222315	DF.classifications_0.25_0.005_289	Singlet	pANN_0.25_0.005_289	0.0476190476190476
GSE222315_TCGGTCTAGCGTACAG-1_1_1_1_1	GSE222315_p4_NAT	GSE222315	DF.classifications_0.25_0.005_289	Singlet	pANN_0.25_0.005_289	0.30952380952381
GSE222315_TCGGTCTAGTTTCAGC-1_1_1_1_1	GSE222315_p4_NAT	GSE222315	DF.classifications_0.25_0.005_289	Singlet	pANN_0.25_0.005_289	0
GSE222315_TCGGTCTGTAGCCAGA-1_1_1_1_1	GSE222315_p4_NAT	GSE222315	DF.classifications_0.25_0.005_289	Singlet	pANN_0.25_0.005_289	0
GSE222315_TCGGTCTGTTACGTAC-1_1_1_1_1	GSE222315_p4_NAT	GSE222315	DF.classifications_0.25_0.005_289	Singlet	pANN_0.25_0.005_289	0.119047619047619
GSE222315_TCGGTCTGTTTACTGG-1_1_1_1_1	GSE222315_p4_NAT	GSE222315	DF.classifications_0.25_0.005_289	Singlet	pANN_0.25_0.005_289	0.238095238095238
GSE222315_TCGGTCTTCAAATAGG-1_1_1_1_1	GSE222315_p4_NAT	GSE222315	DF.classifications_0.25_0.005_289	Singlet	pANN_0.25_0.005_289	0.261904761904762
GSE222315_TCGGTCTTCAAGCCTA-1_1_1_1_1	GSE222315_p4_NAT	GSE222315	DF.classifications_0.25_0.005_289	Singlet	pANN_0.25_0.005_289	0
GSE222315_TCGTAGAAGAATTTGG-1_1_1_1_1	GSE222315_p4_NAT	GSE222315	DF.classifications_0.25_0.005_289	Singlet	pANN_0.25_0.005_289	0.30952380952381
GSE222315_TCGTAGAAGAGGTCAC-1_1_1_1_1	GSE222315_p4_NAT	GSE222315	DF.classifications_0.25_0.005_289	Singlet	pANN_0.25_0.005_289	0.0952380952380952
GSE222315_TCGTAGACACTTTAGG-1_1_1_1_1	GSE222315_p4_NAT	GSE222315	DF.classifications_0.25_0.005_289	Singlet	pANN_0.25_0.005_289	0.119047619047619
GSE222315_TCGTAGACATCGCTGG-1_1_1_1_1	GSE222315_p4_NAT	GSE222315	DF.classifications_0.25_0.005_289	Singlet	pANN_0.25_0.005_289	0.357142857142857
GSE222315_TCGTAGAGTGAATGAT-1_1_1_1_1	GSE222315_p4_NAT	GSE222315	DF.classifications_0.25_0.005_289	Singlet	pANN_0.25_0.005_289	0.0952380952380952
GSE222315_TCGTAGAGTTGCTAGT-1_1_1_1_1	GSE222315_p4_NAT	GSE222315	DF.classifications_0.25_0.005_289	Singlet	pANN_0.25_0.005_289	0.404761904761905
GSE222315_TCGTAGATCAAACTGC-1_1_1_1_1	GSE222315_p4_NAT	GSE222315	DF.classifications_0.25_0.005_289	Singlet	pANN_0.25_0.005_289	0.0238095238095238
GSE222315_TCGTCCAAGCGATGAC-1_1_1_1_1	GSE222315_p4_NAT	GSE222315	DF.classifications_0.25_0.005_289	Singlet	pANN_0.25_0.005_289	0.142857142857143
GSE222315_TCGTCCACACTGAGTT-1_1_1_1_1	GSE222315_p4_NAT	GSE222315	DF.classifications_0.25_0.005_289	Singlet	pANN_0.25_0.005_289	0.30952380952381
GSE222315_TCGTCCAGTACCTTCC-1_1_1_1_1	GSE222315_p4_NAT	GSE222315	DF.classifications_0.25_0.005_289	Singlet	pANN_0.25_0.005_289	0.0952380952380952
GSE222315_TCGTCCAGTGTACATC-1_1_1_1_1	GSE222315_p4_NAT	GSE222315	DF.classifications_0.25_0.005_289	Singlet	pANN_0.25_0.005_289	0.19047619047619
GSE222315_TCGTCCATCGCTGCGA-1_1_1_1_1	GSE222315_p4_NAT	GSE222315	DF.classifications_0.25_0.005_289	Singlet	pANN_0.25_0.005_289	0.0476190476190476
GSE222315_TCGTGCTCAACGCATT-1_1_1_1_1	GSE222315_p4_NAT	GSE222315	DF.classifications_0.25_0.005_289	Singlet	pANN_0.25_0.005_289	0.166666666666667
GSE222315_TCGTGCTGTAACATCC-1_1_1_1_1	GSE222315_p4_NAT	GSE222315	DF.classifications_0.25_0.005_289	Singlet	pANN_0.25_0.005_289	0.0714285714285714
GSE222315_TCGTGCTGTAGGAGGG-1_1_1_1_1	GSE222315_p4_NAT	GSE222315	DF.classifications_0.25_0.005_289	Singlet	pANN_0.25_0.005_289	0.0238095238095238
GSE222315_TCGTGCTGTGCACGCT-1_1_1_1_1	GSE222315_p4_NAT	GSE222315	DF.classifications_0.25_0.005_289	Singlet	pANN_0.25_0.005_289	0.333333333333333
GSE222315_TCGTGCTGTTAATGAG-1_1_1_1_1	GSE222315_p4_NAT	GSE222315	DF.classifications_0.25_0.005_289	Singlet	pANN_0.25_0.005_289	0.166666666666667
GSE222315_TCGTGCTTCAACGTGT-1_1_1_1_1	GSE222315_p4_NAT	GSE222315	DF.classifications_0.25_0.005_289	Singlet	pANN_0.25_0.005_289	0.333333333333333
GSE222315_TCGTGCTTCCTACTGC-1_1_1_1_1	GSE222315_p4_NAT	GSE222315	DF.classifications_0.25_0.005_289	Singlet	pANN_0.25_0.005_289	0.19047619047619
GSE222315_TCGTGCTTCTATCACT-1_1_1_1_1	GSE222315_p4_NAT	GSE222315	DF.classifications_0.25_0.005_289	Singlet	pANN_0.25_0.005_289	0.0238095238095238
GSE222315_TCGTGGGGTTCTCCAC-1_1_1_1_1	GSE222315_p4_NAT	GSE222315	DF.classifications_0.25_0.005_289	Doublet	pANN_0.25_0.005_289	0.5
GSE222315_TCGTGGGTCAATGTCG-1_1_1_1_1	GSE222315_p4_NAT	GSE222315	DF.classifications_0.25_0.005_289	Singlet	pANN_0.25_0.005_289	0.0952380952380952
GSE222315_TCTAACTAGGTACAAT-1_1_1_1_1	GSE222315_p4_NAT	GSE222315	DF.classifications_0.25_0.005_289	Singlet	pANN_0.25_0.005_289	0.19047619047619
GSE222315_TCTAACTAGTATGACA-1_1_1_1_1	GSE222315_p4_NAT	GSE222315	DF.classifications_0.25_0.005_289	Singlet	pANN_0.25_0.005_289	0.30952380952381
GSE222315_TCTAACTCAGCTTTGA-1_1_1_1_1	GSE222315_p4_NAT	GSE222315	DF.classifications_0.25_0.005_289	Singlet	pANN_0.25_0.005_289	0.30952380952381
GSE222315_TCTAACTTCCTGTTGC-1_1_1_1_1	GSE222315_p4_NAT	GSE222315	DF.classifications_0.25_0.005_289	Singlet	pANN_0.25_0.005_289	0.119047619047619
GSE222315_TCTAACTTCTCCGCAT-1_1_1_1_1	GSE222315_p4_NAT	GSE222315	DF.classifications_0.25_0.005_289	Singlet	pANN_0.25_0.005_289	0.0714285714285714
GSE222315_TCTACATAGCCATCCG-1_1_1_1_1	GSE222315_p4_NAT	GSE222315	DF.classifications_0.25_0.005_289	Singlet	pANN_0.25_0.005_289	0.142857142857143
GSE222315_TCTACATAGCTAAGTA-1_1_1_1_1	GSE222315_p4_NAT	GSE222315	DF.classifications_0.25_0.005_289	Singlet	pANN_0.25_0.005_289	0.0476190476190476
GSE222315_TCTACATCACCGCTGA-1_1_1_1_1	GSE222315_p4_NAT	GSE222315	DF.classifications_0.25_0.005_289	Singlet	pANN_0.25_0.005_289	0.0714285714285714
GSE222315_TCTACATCAGATTAAG-1_1_1_1_1	GSE222315_p4_NAT	GSE222315	DF.classifications_0.25_0.005_289	Singlet	pANN_0.25_0.005_289	0.0714285714285714
GSE222315_TCTACATGTATGGGAC-1_1_1_1_1	GSE222315_p4_NAT	GSE222315	DF.classifications_0.25_0.005_289	Singlet	pANN_0.25_0.005_289	0.0714285714285714
GSE222315_TCTACATTCCTGCTAC-1_1_1_1_1	GSE222315_p4_NAT	GSE222315	DF.classifications_0.25_0.005_289	Singlet	pANN_0.25_0.005_289	0.214285714285714
GSE222315_TCTACATTCGAGCTGC-1_1_1_1_1	GSE222315_p4_NAT	GSE222315	DF.classifications_0.25_0.005_289	Singlet	pANN_0.25_0.005_289	0.142857142857143
GSE222315_TCTACATTCTCGGCTT-1_1_1_1_1	GSE222315_p4_NAT	GSE222315	DF.classifications_0.25_0.005_289	Singlet	pANN_0.25_0.005_289	0.142857142857143
GSE222315_TCTACATTCTTGCAGA-1_1_1_1_1	GSE222315_p4_NAT	GSE222315	DF.classifications_0.25_0.005_289	Singlet	pANN_0.25_0.005_289	0.238095238095238
GSE222315_TCTACCGAGGAATGTT-1_1_1_1_1	GSE222315_p4_NAT	GSE222315	DF.classifications_0.25_0.005_289	Singlet	pANN_0.25_0.005_289	0
GSE222315_TCTACCGCAAGCGCAA-1_1_1_1_1	GSE222315_p4_NAT	GSE222315	DF.classifications_0.25_0.005_289	Singlet	pANN_0.25_0.005_289	0.0476190476190476
GSE222315_TCTACCGCACGGTGTC-1_1_1_1_1	GSE222315_p4_NAT	GSE222315	DF.classifications_0.25_0.005_289	Singlet	pANN_0.25_0.005_289	0.142857142857143
GSE222315_TCTACCGCAGCTGTTA-1_1_1_1_1	GSE222315_p4_NAT	GSE222315	DF.classifications_0.25_0.005_289	Singlet	pANN_0.25_0.005_289	0.285714285714286
GSE222315_TCTACCGGTACAACGG-1_1_1_1_1	GSE222315_p4_NAT	GSE222315	DF.classifications_0.25_0.005_289	Singlet	pANN_0.25_0.005_289	0.380952380952381
GSE222315_TCTACCGGTCAAACGG-1_1_1_1_1	GSE222315_p4_NAT	GSE222315	DF.classifications_0.25_0.005_289	Singlet	pANN_0.25_0.005_289	0.142857142857143
GSE222315_TCTACCGGTTCAGGTT-1_1_1_1_1	GSE222315_p4_NAT	GSE222315	DF.classifications_0.25_0.005_289	Singlet	pANN_0.25_0.005_289	0.142857142857143
GSE222315_TCTACCGTCCTGGGAC-1_1_1_1_1	GSE222315_p4_NAT	GSE222315	DF.classifications_0.25_0.005_289	Singlet	pANN_0.25_0.005_289	0.0476190476190476
GSE222315_TCTATACAGGGTCAAC-1_1_1_1_1	GSE222315_p4_NAT	GSE222315	DF.classifications_0.25_0.005_289	Singlet	pANN_0.25_0.005_289	0.142857142857143
GSE222315_TCTATACCAAACTCTG-1_1_1_1_1	GSE222315_p4_NAT	GSE222315	DF.classifications_0.25_0.005_289	Singlet	pANN_0.25_0.005_289	0.0714285714285714
GSE222315_TCTATACCACGACGTC-1_1_1_1_1	GSE222315_p4_NAT	GSE222315	DF.classifications_0.25_0.005_289	Singlet	pANN_0.25_0.005_289	0.166666666666667
GSE222315_TCTATACCACTTGTGA-1_1_1_1_1	GSE222315_p4_NAT	GSE222315	DF.classifications_0.25_0.005_289	Singlet	pANN_0.25_0.005_289	0.238095238095238
GSE222315_TCTATACCAGGTCCCA-1_1_1_1_1	GSE222315_p4_NAT	GSE222315	DF.classifications_0.25_0.005_289	Singlet	pANN_0.25_0.005_289	0.19047619047619
GSE222315_TCTATACGTTCTTAGG-1_1_1_1_1	GSE222315_p4_NAT	GSE222315	DF.classifications_0.25_0.005_289	Singlet	pANN_0.25_0.005_289	0.119047619047619
GSE222315_TCTATACTCATCTCTA-1_1_1_1_1	GSE222315_p4_NAT	GSE222315	DF.classifications_0.25_0.005_289	Singlet	pANN_0.25_0.005_289	0.166666666666667
GSE222315_TCTATACTCCACGTAA-1_1_1_1_1	GSE222315_p4_NAT	GSE222315	DF.classifications_0.25_0.005_289	Singlet	pANN_0.25_0.005_289	0
GSE222315_TCTATACTCTATACGG-1_1_1_1_1	GSE222315_p4_NAT	GSE222315	DF.classifications_0.25_0.005_289	Singlet	pANN_0.25_0.005_289	0.0476190476190476
GSE222315_TCTATACTCTGAGTCA-1_1_1_1_1	GSE222315_p4_NAT	GSE222315	DF.classifications_0.25_0.005_289	Singlet	pANN_0.25_0.005_289	0
GSE222315_TCTATCAAGATAACAC-1_1_1_1_1	GSE222315_p4_NAT	GSE222315	DF.classifications_0.25_0.005_289	Singlet	pANN_0.25_0.005_289	0.19047619047619
GSE222315_TCTATCAAGTCATAGA-1_1_1_1_1	GSE222315_p4_NAT	GSE222315	DF.classifications_0.25_0.005_289	Doublet	pANN_0.25_0.005_289	0.547619047619048
GSE222315_TCTATCACAACATCGT-1_1_1_1_1	GSE222315_p4_NAT	GSE222315	DF.classifications_0.25_0.005_289	Doublet	pANN_0.25_0.005_289	0.619047619047619
GSE222315_TCTATCACACATGAAA-1_1_1_1_1	GSE222315_p4_NAT	GSE222315	DF.classifications_0.25_0.005_289	Singlet	pANN_0.25_0.005_289	0.166666666666667
GSE222315_TCTATCAGTATCGCGC-1_1_1_1_1	GSE222315_p4_NAT	GSE222315	DF.classifications_0.25_0.005_289	Singlet	pANN_0.25_0.005_289	0.30952380952381
GSE222315_TCTATCAGTGCTGCAC-1_1_1_1_1	GSE222315_p4_NAT	GSE222315	DF.classifications_0.25_0.005_289	Singlet	pANN_0.25_0.005_289	0.0238095238095238
GSE222315_TCTATCAGTGCTTATG-1_1_1_1_1	GSE222315_p4_NAT	GSE222315	DF.classifications_0.25_0.005_289	Singlet	pANN_0.25_0.005_289	0.119047619047619
GSE222315_TCTATCATCCATACAG-1_1_1_1_1	GSE222315_p4_NAT	GSE222315	DF.classifications_0.25_0.005_289	Singlet	pANN_0.25_0.005_289	0.285714285714286
GSE222315_TCTATCATCCCGTTCA-1_1_1_1_1	GSE222315_p4_NAT	GSE222315	DF.classifications_0.25_0.005_289	Singlet	pANN_0.25_0.005_289	0.0238095238095238
GSE222315_TCTATCATCGTTGTAG-1_1_1_1_1	GSE222315_p4_NAT	GSE222315	DF.classifications_0.25_0.005_289	Singlet	pANN_0.25_0.005_289	0
GSE222315_TCTCACGAGACAGCTG-1_1_1_1_1	GSE222315_p4_NAT	GSE222315	DF.classifications_0.25_0.005_289	Singlet	pANN_0.25_0.005_289	0.404761904761905
GSE222315_TCTCACGAGTATGTAG-1_1_1_1_1	GSE222315_p4_NAT	GSE222315	DF.classifications_0.25_0.005_289	Singlet	pANN_0.25_0.005_289	0.0238095238095238
GSE222315_TCTCACGCAGTCAACT-1_1_1_1_1	GSE222315_p4_NAT	GSE222315	DF.classifications_0.25_0.005_289	Singlet	pANN_0.25_0.005_289	0.30952380952381
GSE222315_TCTCACGCATACATCG-1_1_1_1_1	GSE222315_p4_NAT	GSE222315	DF.classifications_0.25_0.005_289	Singlet	pANN_0.25_0.005_289	0.0714285714285714
GSE222315_TCTCACGCATCGCTAA-1_1_1_1_1	GSE222315_p4_NAT	GSE222315	DF.classifications_0.25_0.005_289	Singlet	pANN_0.25_0.005_289	0
GSE222315_TCTCACGGTTACCCTC-1_1_1_1_1	GSE222315_p4_NAT	GSE222315	DF.classifications_0.25_0.005_289	Singlet	pANN_0.25_0.005_289	0.0714285714285714
GSE222315_TCTCACGGTTATCTGG-1_1_1_1_1	GSE222315_p4_NAT	GSE222315	DF.classifications_0.25_0.005_289	Singlet	pANN_0.25_0.005_289	0.214285714285714
GSE222315_TCTCACGTCACAAGGG-1_1_1_1_1	GSE222315_p4_NAT	GSE222315	DF.classifications_0.25_0.005_289	Singlet	pANN_0.25_0.005_289	0.19047619047619
GSE222315_TCTCAGCCACTGTCGG-1_1_1_1_1	GSE222315_p4_NAT	GSE222315	DF.classifications_0.25_0.005_289	Singlet	pANN_0.25_0.005_289	0.0476190476190476
GSE222315_TCTCAGCGTATACCTG-1_1_1_1_1	GSE222315_p4_NAT	GSE222315	DF.classifications_0.25_0.005_289	Singlet	pANN_0.25_0.005_289	0.238095238095238
GSE222315_TCTCAGCTCCATTTCA-1_1_1_1_1	GSE222315_p4_NAT	GSE222315	DF.classifications_0.25_0.005_289	Singlet	pANN_0.25_0.005_289	0.404761904761905
GSE222315_TCTCAGCTCTTCCCGA-1_1_1_1_1	GSE222315_p4_NAT	GSE222315	DF.classifications_0.25_0.005_289	Singlet	pANN_0.25_0.005_289	0.380952380952381
GSE222315_TCTCCGAAGACGACTG-1_1_1_1_1	GSE222315_p4_NAT	GSE222315	DF.classifications_0.25_0.005_289	Singlet	pANN_0.25_0.005_289	0.404761904761905
GSE222315_TCTCCGAAGCCAAGTG-1_1_1_1_1	GSE222315_p4_NAT	GSE222315	DF.classifications_0.25_0.005_289	Singlet	pANN_0.25_0.005_289	0.285714285714286
GSE222315_TCTCCGACAAAGCTAA-1_1_1_1_1	GSE222315_p4_NAT	GSE222315	DF.classifications_0.25_0.005_289	Singlet	pANN_0.25_0.005_289	0.0476190476190476
GSE222315_TCTCCGACAAGTACCT-1_1_1_1_1	GSE222315_p4_NAT	GSE222315	DF.classifications_0.25_0.005_289	Singlet	pANN_0.25_0.005_289	0.357142857142857
GSE222315_TCTCCGACACGGATCC-1_1_1_1_1	GSE222315_p4_NAT	GSE222315	DF.classifications_0.25_0.005_289	Singlet	pANN_0.25_0.005_289	0.119047619047619
GSE222315_TCTCCGACAGACTCTA-1_1_1_1_1	GSE222315_p4_NAT	GSE222315	DF.classifications_0.25_0.005_289	Singlet	pANN_0.25_0.005_289	0.0238095238095238
GSE222315_TCTCCGAGTAGCTTTG-1_1_1_1_1	GSE222315_p4_NAT	GSE222315	DF.classifications_0.25_0.005_289	Singlet	pANN_0.25_0.005_289	0.0238095238095238
GSE222315_TCTCCGATCACGTAGT-1_1_1_1_1	GSE222315_p4_NAT	GSE222315	DF.classifications_0.25_0.005_289	Singlet	pANN_0.25_0.005_289	0.214285714285714
GSE222315_TCTCCGATCGACCCAG-1_1_1_1_1	GSE222315_p4_NAT	GSE222315	DF.classifications_0.25_0.005_289	Singlet	pANN_0.25_0.005_289	0.119047619047619
GSE222315_TCTCCGATCGTGCACG-1_1_1_1_1	GSE222315_p4_NAT	GSE222315	DF.classifications_0.25_0.005_289	Doublet	pANN_0.25_0.005_289	0.452380952380952
GSE222315_TCTCCGATCTTAGGAC-1_1_1_1_1	GSE222315_p4_NAT	GSE222315	DF.classifications_0.25_0.005_289	Singlet	pANN_0.25_0.005_289	0.214285714285714
GSE222315_TCTCTGGAGACCAAAT-1_1_1_1_1	GSE222315_p4_NAT	GSE222315	DF.classifications_0.25_0.005_289	Singlet	pANN_0.25_0.005_289	0.166666666666667
GSE222315_TCTCTGGAGAGTAACT-1_1_1_1_1	GSE222315_p4_NAT	GSE222315	DF.classifications_0.25_0.005_289	Doublet	pANN_0.25_0.005_289	0.452380952380952
GSE222315_TCTCTGGAGATGCTTC-1_1_1_1_1	GSE222315_p4_NAT	GSE222315	DF.classifications_0.25_0.005_289	Singlet	pANN_0.25_0.005_289	0.333333333333333
GSE222315_TCTCTGGAGGTCTTTG-1_1_1_1_1	GSE222315_p4_NAT	GSE222315	DF.classifications_0.25_0.005_289	Singlet	pANN_0.25_0.005_289	0.238095238095238
GSE222315_TCTCTGGAGTCTCTGA-1_1_1_1_1	GSE222315_p4_NAT	GSE222315	DF.classifications_0.25_0.005_289	Singlet	pANN_0.25_0.005_289	0.30952380952381
GSE222315_TCTCTGGCAGAAATTG-1_1_1_1_1	GSE222315_p4_NAT	GSE222315	DF.classifications_0.25_0.005_289	Singlet	pANN_0.25_0.005_289	0.333333333333333
GSE222315_TCTCTGGCAGCGGATA-1_1_1_1_1	GSE222315_p4_NAT	GSE222315	DF.classifications_0.25_0.005_289	Singlet	pANN_0.25_0.005_289	0.380952380952381
GSE222315_TCTCTGGCATTAAGCC-1_1_1_1_1	GSE222315_p4_NAT	GSE222315	DF.classifications_0.25_0.005_289	Singlet	pANN_0.25_0.005_289	0.238095238095238
GSE222315_TCTGCCAAGTACGTCT-1_1_1_1_1	GSE222315_p4_NAT	GSE222315	DF.classifications_0.25_0.005_289	Singlet	pANN_0.25_0.005_289	0.0714285714285714
GSE222315_TCTGCCACAGCACCCA-1_1_1_1_1	GSE222315_p4_NAT	GSE222315	DF.classifications_0.25_0.005_289	Singlet	pANN_0.25_0.005_289	0.166666666666667
GSE222315_TCTGCCAGTGTTATCG-1_1_1_1_1	GSE222315_p4_NAT	GSE222315	DF.classifications_0.25_0.005_289	Singlet	pANN_0.25_0.005_289	0.0238095238095238
GSE222315_TCTGCCATCATTGTTC-1_1_1_1_1	GSE222315_p4_NAT	GSE222315	DF.classifications_0.25_0.005_289	Singlet	pANN_0.25_0.005_289	0.19047619047619
GSE222315_TCTGGCTAGAAGCGCT-1_1_1_1_1	GSE222315_p4_NAT	GSE222315	DF.classifications_0.25_0.005_289	Singlet	pANN_0.25_0.005_289	0.0952380952380952
GSE222315_TCTGGCTAGATAGCAT-1_1_1_1_1	GSE222315_p4_NAT	GSE222315	DF.classifications_0.25_0.005_289	Singlet	pANN_0.25_0.005_289	0.119047619047619
GSE222315_TCTGGCTAGTGGACTG-1_1_1_1_1	GSE222315_p4_NAT	GSE222315	DF.classifications_0.25_0.005_289	Singlet	pANN_0.25_0.005_289	0.142857142857143
GSE222315_TCTGGCTGTCGTCATA-1_1_1_1_1	GSE222315_p4_NAT	GSE222315	DF.classifications_0.25_0.005_289	Singlet	pANN_0.25_0.005_289	0.0476190476190476
GSE222315_TCTGGCTGTGGAGGTT-1_1_1_1_1	GSE222315_p4_NAT	GSE222315	DF.classifications_0.25_0.005_289	Singlet	pANN_0.25_0.005_289	0.357142857142857
GSE222315_TCTGGCTTCCGTAGTA-1_1_1_1_1	GSE222315_p4_NAT	GSE222315	DF.classifications_0.25_0.005_289	Singlet	pANN_0.25_0.005_289	0.0714285714285714
GSE222315_TCTGTCGCAAACTCGT-1_1_1_1_1	GSE222315_p4_NAT	GSE222315	DF.classifications_0.25_0.005_289	Singlet	pANN_0.25_0.005_289	0.0952380952380952
GSE222315_TCTGTCGCAATGGCAG-1_1_1_1_1	GSE222315_p4_NAT	GSE222315	DF.classifications_0.25_0.005_289	Singlet	pANN_0.25_0.005_289	0.0714285714285714
GSE222315_TCTGTCGCATTGAAAG-1_1_1_1_1	GSE222315_p4_NAT	GSE222315	DF.classifications_0.25_0.005_289	Singlet	pANN_0.25_0.005_289	0.0952380952380952
GSE222315_TCTGTCGGTATCAGGG-1_1_1_1_1	GSE222315_p4_NAT	GSE222315	DF.classifications_0.25_0.005_289	Singlet	pANN_0.25_0.005_289	0.30952380952381
GSE222315_TCTTAGTAGTGTAGAT-1_1_1_1_1	GSE222315_p4_NAT	GSE222315	DF.classifications_0.25_0.005_289	Singlet	pANN_0.25_0.005_289	0.0952380952380952
GSE222315_TCTTAGTCATACACCA-1_1_1_1_1	GSE222315_p4_NAT	GSE222315	DF.classifications_0.25_0.005_289	Singlet	pANN_0.25_0.005_289	0.0714285714285714
GSE222315_TCTTAGTGTACCTAGT-1_1_1_1_1	GSE222315_p4_NAT	GSE222315	DF.classifications_0.25_0.005_289	Singlet	pANN_0.25_0.005_289	0.285714285714286
GSE222315_TCTTAGTGTGTAGTGG-1_1_1_1_1	GSE222315_p4_NAT	GSE222315	DF.classifications_0.25_0.005_289	Singlet	pANN_0.25_0.005_289	0.238095238095238
GSE222315_TCTTCCTAGCTGGCTC-1_1_1_1_1	GSE222315_p4_NAT	GSE222315	DF.classifications_0.25_0.005_289	Singlet	pANN_0.25_0.005_289	0.30952380952381
GSE222315_TCTTCCTAGGTTCTAC-1_1_1_1_1	GSE222315_p4_NAT	GSE222315	DF.classifications_0.25_0.005_289	Singlet	pANN_0.25_0.005_289	0.0476190476190476
GSE222315_TCTTCCTCAACCACAT-1_1_1_1_1	GSE222315_p4_NAT	GSE222315	DF.classifications_0.25_0.005_289	Singlet	pANN_0.25_0.005_289	0.214285714285714
GSE222315_TCTTCCTCACCAGACC-1_1_1_1_1	GSE222315_p4_NAT	GSE222315	DF.classifications_0.25_0.005_289	Singlet	pANN_0.25_0.005_289	0.0476190476190476
GSE222315_TCTTCCTCAGTAACAA-1_1_1_1_1	GSE222315_p4_NAT	GSE222315	DF.classifications_0.25_0.005_289	Singlet	pANN_0.25_0.005_289	0.119047619047619
GSE222315_TCTTCCTGTCACTCAA-1_1_1_1_1	GSE222315_p4_NAT	GSE222315	DF.classifications_0.25_0.005_289	Singlet	pANN_0.25_0.005_289	0.333333333333333
GSE222315_TCTTCCTGTGGCCTCA-1_1_1_1_1	GSE222315_p4_NAT	GSE222315	DF.classifications_0.25_0.005_289	Singlet	pANN_0.25_0.005_289	0.261904761904762
GSE222315_TCTTCCTGTGGTAATA-1_1_1_1_1	GSE222315_p4_NAT	GSE222315	DF.classifications_0.25_0.005_289	Singlet	pANN_0.25_0.005_289	0.380952380952381
GSE222315_TCTTCCTTCGGCCTTT-1_1_1_1_1	GSE222315_p4_NAT	GSE222315	DF.classifications_0.25_0.005_289	Singlet	pANN_0.25_0.005_289	0.357142857142857
GSE222315_TCTTGCGAGACGGATC-1_1_1_1_1	GSE222315_p4_NAT	GSE222315	DF.classifications_0.25_0.005_289	Singlet	pANN_0.25_0.005_289	0.285714285714286
GSE222315_TCTTGCGAGAGCCTGA-1_1_1_1_1	GSE222315_p4_NAT	GSE222315	DF.classifications_0.25_0.005_289	Singlet	pANN_0.25_0.005_289	0.261904761904762
GSE222315_TCTTGCGAGGTACCTT-1_1_1_1_1	GSE222315_p4_NAT	GSE222315	DF.classifications_0.25_0.005_289	Singlet	pANN_0.25_0.005_289	0.261904761904762
GSE222315_TCTTGCGCAGGTTACT-1_1_1_1_1	GSE222315_p4_NAT	GSE222315	DF.classifications_0.25_0.005_289	Singlet	pANN_0.25_0.005_289	0.333333333333333
GSE222315_TCTTGCGGTACAATAG-1_1_1_1_1	GSE222315_p4_NAT	GSE222315	DF.classifications_0.25_0.005_289	Singlet	pANN_0.25_0.005_289	0.214285714285714
GSE222315_TCTTGCGGTCATTCCC-1_1_1_1_1	GSE222315_p4_NAT	GSE222315	DF.classifications_0.25_0.005_289	Singlet	pANN_0.25_0.005_289	0.238095238095238
GSE222315_TCTTGCGTCACATCAG-1_1_1_1_1	GSE222315_p4_NAT	GSE222315	DF.classifications_0.25_0.005_289	Singlet	pANN_0.25_0.005_289	0.0476190476190476
GSE222315_TCTTGCGTCACGACTA-1_1_1_1_1	GSE222315_p4_NAT	GSE222315	DF.classifications_0.25_0.005_289	Singlet	pANN_0.25_0.005_289	0.142857142857143
GSE222315_TCTTGCGTCCATCTAT-1_1_1_1_1	GSE222315_p4_NAT	GSE222315	DF.classifications_0.25_0.005_289	Singlet	pANN_0.25_0.005_289	0.357142857142857
GSE222315_TCTTTGAAGGTCGTGA-1_1_1_1_1	GSE222315_p4_NAT	GSE222315	DF.classifications_0.25_0.005_289	Singlet	pANN_0.25_0.005_289	0.19047619047619
GSE222315_TCTTTGACAACAGCCC-1_1_1_1_1	GSE222315_p4_NAT	GSE222315	DF.classifications_0.25_0.005_289	Singlet	pANN_0.25_0.005_289	0.0714285714285714
GSE222315_TCTTTGACAGCGTACC-1_1_1_1_1	GSE222315_p4_NAT	GSE222315	DF.classifications_0.25_0.005_289	Singlet	pANN_0.25_0.005_289	0.261904761904762
GSE222315_TCTTTGACAGCTGTCG-1_1_1_1_1	GSE222315_p4_NAT	GSE222315	DF.classifications_0.25_0.005_289	Singlet	pANN_0.25_0.005_289	0.119047619047619
GSE222315_TCTTTGACATCAGCTA-1_1_1_1_1	GSE222315_p4_NAT	GSE222315	DF.classifications_0.25_0.005_289	Singlet	pANN_0.25_0.005_289	0.214285714285714
GSE222315_TCTTTGAGTACGTTCA-1_1_1_1_1	GSE222315_p4_NAT	GSE222315	DF.classifications_0.25_0.005_289	Singlet	pANN_0.25_0.005_289	0
GSE222315_TCTTTGAGTAGAGCTG-1_1_1_1_1	GSE222315_p4_NAT	GSE222315	DF.classifications_0.25_0.005_289	Singlet	pANN_0.25_0.005_289	0.380952380952381
GSE222315_TCTTTGAGTCTAGATC-1_1_1_1_1	GSE222315_p4_NAT	GSE222315	DF.classifications_0.25_0.005_289	Singlet	pANN_0.25_0.005_289	0.238095238095238
GSE222315_TCTTTGAGTGGTTTAC-1_1_1_1_1	GSE222315_p4_NAT	GSE222315	DF.classifications_0.25_0.005_289	Singlet	pANN_0.25_0.005_289	0
GSE222315_TCTTTGATCAAAGACA-1_1_1_1_1	GSE222315_p4_NAT	GSE222315	DF.classifications_0.25_0.005_289	Doublet	pANN_0.25_0.005_289	0.452380952380952
GSE222315_TCTTTGATCATGCCGG-1_1_1_1_1	GSE222315_p4_NAT	GSE222315	DF.classifications_0.25_0.005_289	Singlet	pANN_0.25_0.005_289	0.0714285714285714
GSE222315_TCTTTGATCCGAAATC-1_1_1_1_1	GSE222315_p4_NAT	GSE222315	DF.classifications_0.25_0.005_289	Singlet	pANN_0.25_0.005_289	0.0476190476190476
GSE222315_TCTTTGATCCGTTTCG-1_1_1_1_1	GSE222315_p4_NAT	GSE222315	DF.classifications_0.25_0.005_289	Singlet	pANN_0.25_0.005_289	0.0714285714285714
GSE222315_TCTTTGATCCTTACCG-1_1_1_1_1	GSE222315_p4_NAT	GSE222315	DF.classifications_0.25_0.005_289	Singlet	pANN_0.25_0.005_289	0.0476190476190476
GSE222315_TGAACGTAGGAAAGTG-1_1_1_1_1	GSE222315_p4_NAT	GSE222315	DF.classifications_0.25_0.005_289	Singlet	pANN_0.25_0.005_289	0.142857142857143
GSE222315_TGAACGTCACAGCATT-1_1_1_1_1	GSE222315_p4_NAT	GSE222315	DF.classifications_0.25_0.005_289	Singlet	pANN_0.25_0.005_289	0.119047619047619
GSE222315_TGAACGTCATTAAAGG-1_1_1_1_1	GSE222315_p4_NAT	GSE222315	DF.classifications_0.25_0.005_289	Singlet	pANN_0.25_0.005_289	0.30952380952381
GSE222315_TGAACGTTCAAAGGAT-1_1_1_1_1	GSE222315_p4_NAT	GSE222315	DF.classifications_0.25_0.005_289	Singlet	pANN_0.25_0.005_289	0.261904761904762
GSE222315_TGAACGTTCAAGCCAT-1_1_1_1_1	GSE222315_p4_NAT	GSE222315	DF.classifications_0.25_0.005_289	Singlet	pANN_0.25_0.005_289	0.0476190476190476
GSE222315_TGAATCGGTCGCGGTT-1_1_1_1_1	GSE222315_p4_NAT	GSE222315	DF.classifications_0.25_0.005_289	Singlet	pANN_0.25_0.005_289	0.166666666666667
GSE222315_TGAATCGGTGCACATT-1_1_1_1_1	GSE222315_p4_NAT	GSE222315	DF.classifications_0.25_0.005_289	Singlet	pANN_0.25_0.005_289	0.261904761904762
GSE222315_TGAATCGGTTAACAGA-1_1_1_1_1	GSE222315_p4_NAT	GSE222315	DF.classifications_0.25_0.005_289	Singlet	pANN_0.25_0.005_289	0
GSE222315_TGAATCGGTTCGGCCA-1_1_1_1_1	GSE222315_p4_NAT	GSE222315	DF.classifications_0.25_0.005_289	Singlet	pANN_0.25_0.005_289	0.285714285714286
GSE222315_TGAATCGGTTCTGACA-1_1_1_1_1	GSE222315_p4_NAT	GSE222315	DF.classifications_0.25_0.005_289	Singlet	pANN_0.25_0.005_289	0.30952380952381
GSE222315_TGAATCGGTTGAATCC-1_1_1_1_1	GSE222315_p4_NAT	GSE222315	DF.classifications_0.25_0.005_289	Singlet	pANN_0.25_0.005_289	0
GSE222315_TGAATCGTCGACCACG-1_1_1_1_1	GSE222315_p4_NAT	GSE222315	DF.classifications_0.25_0.005_289	Singlet	pANN_0.25_0.005_289	0.0476190476190476
GSE222315_TGAATCGTCTGAATCG-1_1_1_1_1	GSE222315_p4_NAT	GSE222315	DF.classifications_0.25_0.005_289	Singlet	pANN_0.25_0.005_289	0.19047619047619
GSE222315_TGAATCGTCTGGCCAG-1_1_1_1_1	GSE222315_p4_NAT	GSE222315	DF.classifications_0.25_0.005_289	Singlet	pANN_0.25_0.005_289	0.142857142857143
GSE222315_TGAATGCCAACCGACC-1_1_1_1_1	GSE222315_p4_NAT	GSE222315	DF.classifications_0.25_0.005_289	Singlet	pANN_0.25_0.005_289	0.19047619047619
GSE222315_TGAATGCCAACGAGGT-1_1_1_1_1	GSE222315_p4_NAT	GSE222315	DF.classifications_0.25_0.005_289	Singlet	pANN_0.25_0.005_289	0.333333333333333
GSE222315_TGAATGCCACTATCCC-1_1_1_1_1	GSE222315_p4_NAT	GSE222315	DF.classifications_0.25_0.005_289	Singlet	pANN_0.25_0.005_289	0
GSE222315_TGAATGCCAGCGTTGC-1_1_1_1_1	GSE222315_p4_NAT	GSE222315	DF.classifications_0.25_0.005_289	Singlet	pANN_0.25_0.005_289	0.261904761904762
GSE222315_TGAATGCCATGTCGTA-1_1_1_1_1	GSE222315_p4_NAT	GSE222315	DF.classifications_0.25_0.005_289	Singlet	pANN_0.25_0.005_289	0.166666666666667
GSE222315_TGAATGCGTCGAGCTC-1_1_1_1_1	GSE222315_p4_NAT	GSE222315	DF.classifications_0.25_0.005_289	Singlet	pANN_0.25_0.005_289	0.357142857142857
GSE222315_TGAATGCTCTGACCCT-1_1_1_1_1	GSE222315_p4_NAT	GSE222315	DF.classifications_0.25_0.005_289	Singlet	pANN_0.25_0.005_289	0.119047619047619
GSE222315_TGACAGTAGAATCTAG-1_1_1_1_1	GSE222315_p4_NAT	GSE222315	DF.classifications_0.25_0.005_289	Singlet	pANN_0.25_0.005_289	0.214285714285714
GSE222315_TGACAGTCAAATGGAT-1_1_1_1_1	GSE222315_p4_NAT	GSE222315	DF.classifications_0.25_0.005_289	Singlet	pANN_0.25_0.005_289	0.285714285714286
GSE222315_TGACAGTGTCTCGACG-1_1_1_1_1	GSE222315_p4_NAT	GSE222315	DF.classifications_0.25_0.005_289	Singlet	pANN_0.25_0.005_289	0.285714285714286
GSE222315_TGACAGTTCTGATGGT-1_1_1_1_1	GSE222315_p4_NAT	GSE222315	DF.classifications_0.25_0.005_289	Singlet	pANN_0.25_0.005_289	0.119047619047619
GSE222315_TGACCCTAGATACGAT-1_1_1_1_1	GSE222315_p4_NAT	GSE222315	DF.classifications_0.25_0.005_289	Singlet	pANN_0.25_0.005_289	0.214285714285714
GSE222315_TGACCCTAGATAGCAT-1_1_1_1_1	GSE222315_p4_NAT	GSE222315	DF.classifications_0.25_0.005_289	Singlet	pANN_0.25_0.005_289	0.380952380952381
GSE222315_TGACCCTCAACGACAG-1_1_1_1_1	GSE222315_p4_NAT	GSE222315	DF.classifications_0.25_0.005_289	Doublet	pANN_0.25_0.005_289	0.523809523809524
GSE222315_TGACCCTGTGCATTTG-1_1_1_1_1	GSE222315_p4_NAT	GSE222315	DF.classifications_0.25_0.005_289	Singlet	pANN_0.25_0.005_289	0
GSE222315_TGACCCTGTGGCAACA-1_1_1_1_1	GSE222315_p4_NAT	GSE222315	DF.classifications_0.25_0.005_289	Singlet	pANN_0.25_0.005_289	0.166666666666667
GSE222315_TGACGCGCAATAGAGT-1_1_1_1_1	GSE222315_p4_NAT	GSE222315	DF.classifications_0.25_0.005_289	Singlet	pANN_0.25_0.005_289	0.357142857142857
GSE222315_TGACGCGGTATGGTAA-1_1_1_1_1	GSE222315_p4_NAT	GSE222315	DF.classifications_0.25_0.005_289	Doublet	pANN_0.25_0.005_289	0.452380952380952
GSE222315_TGACGCGGTCGAATTC-1_1_1_1_1	GSE222315_p4_NAT	GSE222315	DF.classifications_0.25_0.005_289	Singlet	pANN_0.25_0.005_289	0.261904761904762
GSE222315_TGACGCGTCAAGGTGG-1_1_1_1_1	GSE222315_p4_NAT	GSE222315	DF.classifications_0.25_0.005_289	Singlet	pANN_0.25_0.005_289	0
GSE222315_TGACTCCAGCGACTGA-1_1_1_1_1	GSE222315_p4_NAT	GSE222315	DF.classifications_0.25_0.005_289	Singlet	pANN_0.25_0.005_289	0
GSE222315_TGACTCCAGCGTCTCG-1_1_1_1_1	GSE222315_p4_NAT	GSE222315	DF.classifications_0.25_0.005_289	Singlet	pANN_0.25_0.005_289	0
GSE222315_TGACTCCAGCTAGAGC-1_1_1_1_1	GSE222315_p4_NAT	GSE222315	DF.classifications_0.25_0.005_289	Singlet	pANN_0.25_0.005_289	0.0238095238095238
GSE222315_TGACTCCCAAAGGGCT-1_1_1_1_1	GSE222315_p4_NAT	GSE222315	DF.classifications_0.25_0.005_289	Singlet	pANN_0.25_0.005_289	0.261904761904762
GSE222315_TGACTCCGTCTCAGGC-1_1_1_1_1	GSE222315_p4_NAT	GSE222315	DF.classifications_0.25_0.005_289	Singlet	pANN_0.25_0.005_289	0.285714285714286
GSE222315_TGACTCCGTTCAAGTC-1_1_1_1_1	GSE222315_p4_NAT	GSE222315	DF.classifications_0.25_0.005_289	Singlet	pANN_0.25_0.005_289	0.238095238095238
GSE222315_TGACTCCTCATAGGCT-1_1_1_1_1	GSE222315_p4_NAT	GSE222315	DF.classifications_0.25_0.005_289	Singlet	pANN_0.25_0.005_289	0.238095238095238
GSE222315_TGACTCCTCGGCATAT-1_1_1_1_1	GSE222315_p4_NAT	GSE222315	DF.classifications_0.25_0.005_289	Singlet	pANN_0.25_0.005_289	0.0238095238095238
GSE222315_TGAGACTAGCGTCAAG-1_1_1_1_1	GSE222315_p4_NAT	GSE222315	DF.classifications_0.25_0.005_289	Singlet	pANN_0.25_0.005_289	0.428571428571429
GSE222315_TGAGACTAGGCTTAGG-1_1_1_1_1	GSE222315_p4_NAT	GSE222315	DF.classifications_0.25_0.005_289	Singlet	pANN_0.25_0.005_289	0
GSE222315_TGAGACTCAAGCGCTC-1_1_1_1_1	GSE222315_p4_NAT	GSE222315	DF.classifications_0.25_0.005_289	Singlet	pANN_0.25_0.005_289	0.166666666666667
GSE222315_TGAGACTCAATAGTCC-1_1_1_1_1	GSE222315_p4_NAT	GSE222315	DF.classifications_0.25_0.005_289	Singlet	pANN_0.25_0.005_289	0.380952380952381
GSE222315_TGAGACTCACAGTACT-1_1_1_1_1	GSE222315_p4_NAT	GSE222315	DF.classifications_0.25_0.005_289	Singlet	pANN_0.25_0.005_289	0.142857142857143
GSE222315_TGAGACTCACTGAATC-1_1_1_1_1	GSE222315_p4_NAT	GSE222315	DF.classifications_0.25_0.005_289	Singlet	pANN_0.25_0.005_289	0.0714285714285714
GSE222315_TGAGACTGTAGAATAC-1_1_1_1_1	GSE222315_p4_NAT	GSE222315	DF.classifications_0.25_0.005_289	Singlet	pANN_0.25_0.005_289	0.261904761904762
GSE222315_TGAGACTGTCGATTTG-1_1_1_1_1	GSE222315_p4_NAT	GSE222315	DF.classifications_0.25_0.005_289	Singlet	pANN_0.25_0.005_289	0.380952380952381
GSE222315_TGAGACTTCAAGCGTT-1_1_1_1_1	GSE222315_p4_NAT	GSE222315	DF.classifications_0.25_0.005_289	Singlet	pANN_0.25_0.005_289	0.142857142857143
GSE222315_TGAGACTTCGCCAACG-1_1_1_1_1	GSE222315_p4_NAT	GSE222315	DF.classifications_0.25_0.005_289	Singlet	pANN_0.25_0.005_289	0.0952380952380952
GSE222315_TGAGCATAGACGCATG-1_1_1_1_1	GSE222315_p4_NAT	GSE222315	DF.classifications_0.25_0.005_289	Singlet	pANN_0.25_0.005_289	0
GSE222315_TGAGCATAGAGCATTA-1_1_1_1_1	GSE222315_p4_NAT	GSE222315	DF.classifications_0.25_0.005_289	Singlet	pANN_0.25_0.005_289	0.333333333333333
GSE222315_TGAGCATAGTGCACCC-1_1_1_1_1	GSE222315_p4_NAT	GSE222315	DF.classifications_0.25_0.005_289	Singlet	pANN_0.25_0.005_289	0.166666666666667
GSE222315_TGAGCATCACCGAATT-1_1_1_1_1	GSE222315_p4_NAT	GSE222315	DF.classifications_0.25_0.005_289	Doublet	pANN_0.25_0.005_289	0.523809523809524
GSE222315_TGAGCATCATGATAGA-1_1_1_1_1	GSE222315_p4_NAT	GSE222315	DF.classifications_0.25_0.005_289	Singlet	pANN_0.25_0.005_289	0
GSE222315_TGAGCATCATGGAATA-1_1_1_1_1	GSE222315_p4_NAT	GSE222315	DF.classifications_0.25_0.005_289	Singlet	pANN_0.25_0.005_289	0.357142857142857
GSE222315_TGAGCATGTCATAAAG-1_1_1_1_1	GSE222315_p4_NAT	GSE222315	DF.classifications_0.25_0.005_289	Singlet	pANN_0.25_0.005_289	0.166666666666667
GSE222315_TGAGCATGTCTGCGCA-1_1_1_1_1	GSE222315_p4_NAT	GSE222315	DF.classifications_0.25_0.005_289	Singlet	pANN_0.25_0.005_289	0.214285714285714
GSE222315_TGAGCATTCCTCAGAA-1_1_1_1_1	GSE222315_p4_NAT	GSE222315	DF.classifications_0.25_0.005_289	Doublet	pANN_0.25_0.005_289	0.476190476190476
GSE222315_TGAGCGCAGCTCGTGC-1_1_1_1_1	GSE222315_p4_NAT	GSE222315	DF.classifications_0.25_0.005_289	Singlet	pANN_0.25_0.005_289	0.19047619047619
GSE222315_TGAGCGCCAAGTGGCA-1_1_1_1_1	GSE222315_p4_NAT	GSE222315	DF.classifications_0.25_0.005_289	Singlet	pANN_0.25_0.005_289	0.333333333333333
GSE222315_TGAGCGCCACCAAATC-1_1_1_1_1	GSE222315_p4_NAT	GSE222315	DF.classifications_0.25_0.005_289	Singlet	pANN_0.25_0.005_289	0.261904761904762
GSE222315_TGAGCGCGTACACTCA-1_1_1_1_1	GSE222315_p4_NAT	GSE222315	DF.classifications_0.25_0.005_289	Singlet	pANN_0.25_0.005_289	0.119047619047619
GSE222315_TGAGCGCTCACTGGTA-1_1_1_1_1	GSE222315_p4_NAT	GSE222315	DF.classifications_0.25_0.005_289	Singlet	pANN_0.25_0.005_289	0.0714285714285714
GSE222315_TGAGCGCTCGTGGTAT-1_1_1_1_1	GSE222315_p4_NAT	GSE222315	DF.classifications_0.25_0.005_289	Singlet	pANN_0.25_0.005_289	0.142857142857143
GSE222315_TGAGGAGAGAACCGCA-1_1_1_1_1	GSE222315_p4_NAT	GSE222315	DF.classifications_0.25_0.005_289	Singlet	pANN_0.25_0.005_289	0
GSE222315_TGAGGAGAGACCAGAC-1_1_1_1_1	GSE222315_p4_NAT	GSE222315	DF.classifications_0.25_0.005_289	Singlet	pANN_0.25_0.005_289	0.0952380952380952
GSE222315_TGAGGAGAGCTAAATG-1_1_1_1_1	GSE222315_p4_NAT	GSE222315	DF.classifications_0.25_0.005_289	Singlet	pANN_0.25_0.005_289	0.333333333333333
GSE222315_TGAGGAGAGGAGAGGC-1_1_1_1_1	GSE222315_p4_NAT	GSE222315	DF.classifications_0.25_0.005_289	Singlet	pANN_0.25_0.005_289	0.0952380952380952
GSE222315_TGAGGAGCACCTGCTT-1_1_1_1_1	GSE222315_p4_NAT	GSE222315	DF.classifications_0.25_0.005_289	Singlet	pANN_0.25_0.005_289	0.238095238095238
GSE222315_TGAGGAGCAGAGATGC-1_1_1_1_1	GSE222315_p4_NAT	GSE222315	DF.classifications_0.25_0.005_289	Singlet	pANN_0.25_0.005_289	0.0952380952380952
GSE222315_TGAGGAGCAGTCGAGA-1_1_1_1_1	GSE222315_p4_NAT	GSE222315	DF.classifications_0.25_0.005_289	Singlet	pANN_0.25_0.005_289	0.214285714285714
GSE222315_TGAGGAGCATCGGTTA-1_1_1_1_1	GSE222315_p4_NAT	GSE222315	DF.classifications_0.25_0.005_289	Doublet	pANN_0.25_0.005_289	0.857142857142857
GSE222315_TGAGGAGGTATCTTCT-1_1_1_1_1	GSE222315_p4_NAT	GSE222315	DF.classifications_0.25_0.005_289	Singlet	pANN_0.25_0.005_289	0.0238095238095238
GSE222315_TGAGGAGGTGTGACCC-1_1_1_1_1	GSE222315_p4_NAT	GSE222315	DF.classifications_0.25_0.005_289	Doublet	pANN_0.25_0.005_289	0.619047619047619
GSE222315_TGAGGAGGTTCTCGTC-1_1_1_1_1	GSE222315_p4_NAT	GSE222315	DF.classifications_0.25_0.005_289	Singlet	pANN_0.25_0.005_289	0.0476190476190476
GSE222315_TGAGGAGGTTTGGGTT-1_1_1_1_1	GSE222315_p4_NAT	GSE222315	DF.classifications_0.25_0.005_289	Singlet	pANN_0.25_0.005_289	0.19047619047619
GSE222315_TGAGGAGTCCCATTTA-1_1_1_1_1	GSE222315_p4_NAT	GSE222315	DF.classifications_0.25_0.005_289	Singlet	pANN_0.25_0.005_289	0.261904761904762
GSE222315_TGAGGAGTCCTAGCCT-1_1_1_1_1	GSE222315_p4_NAT	GSE222315	DF.classifications_0.25_0.005_289	Singlet	pANN_0.25_0.005_289	0.0714285714285714
GSE222315_TGAGGAGTCGATTGAC-1_1_1_1_1	GSE222315_p4_NAT	GSE222315	DF.classifications_0.25_0.005_289	Singlet	pANN_0.25_0.005_289	0.0476190476190476
GSE222315_TGAGGAGTCTGCCTGT-1_1_1_1_1	GSE222315_p4_NAT	GSE222315	DF.classifications_0.25_0.005_289	Singlet	pANN_0.25_0.005_289	0.30952380952381
GSE222315_TGAGGGAAGTAGACAT-1_1_1_1_1	GSE222315_p4_NAT	GSE222315	DF.classifications_0.25_0.005_289	Singlet	pANN_0.25_0.005_289	0.19047619047619
GSE222315_TGAGGGACACTACAGT-1_1_1_1_1	GSE222315_p4_NAT	GSE222315	DF.classifications_0.25_0.005_289	Doublet	pANN_0.25_0.005_289	0.476190476190476
GSE222315_TGAGGGACATCGAAGG-1_1_1_1_1	GSE222315_p4_NAT	GSE222315	DF.classifications_0.25_0.005_289	Singlet	pANN_0.25_0.005_289	0
GSE222315_TGAGGGAGTACACGCC-1_1_1_1_1	GSE222315_p4_NAT	GSE222315	DF.classifications_0.25_0.005_289	Singlet	pANN_0.25_0.005_289	0
GSE222315_TGAGGTTGTATGGAAT-1_1_1_1_1	GSE222315_p4_NAT	GSE222315	DF.classifications_0.25_0.005_289	Singlet	pANN_0.25_0.005_289	0.30952380952381
GSE222315_TGAGGTTGTTAAGGAT-1_1_1_1_1	GSE222315_p4_NAT	GSE222315	DF.classifications_0.25_0.005_289	Singlet	pANN_0.25_0.005_289	0.19047619047619
GSE222315_TGAGGTTGTTATTCCT-1_1_1_1_1	GSE222315_p4_NAT	GSE222315	DF.classifications_0.25_0.005_289	Singlet	pANN_0.25_0.005_289	0.261904761904762
GSE222315_TGAGGTTTCGATGCTA-1_1_1_1_1	GSE222315_p4_NAT	GSE222315	DF.classifications_0.25_0.005_289	Singlet	pANN_0.25_0.005_289	0.0952380952380952
GSE222315_TGAGGTTTCGCCAGTG-1_1_1_1_1	GSE222315_p4_NAT	GSE222315	DF.classifications_0.25_0.005_289	Singlet	pANN_0.25_0.005_289	0.0952380952380952
GSE222315_TGAGTCAAGAGCGACT-1_1_1_1_1	GSE222315_p4_NAT	GSE222315	DF.classifications_0.25_0.005_289	Singlet	pANN_0.25_0.005_289	0.261904761904762
GSE222315_TGAGTCAAGTTACGAA-1_1_1_1_1	GSE222315_p4_NAT	GSE222315	DF.classifications_0.25_0.005_289	Singlet	pANN_0.25_0.005_289	0
GSE222315_TGAGTCACACACCTTC-1_1_1_1_1	GSE222315_p4_NAT	GSE222315	DF.classifications_0.25_0.005_289	Singlet	pANN_0.25_0.005_289	0.380952380952381
GSE222315_TGAGTCAGTACTGAGG-1_1_1_1_1	GSE222315_p4_NAT	GSE222315	DF.classifications_0.25_0.005_289	Singlet	pANN_0.25_0.005_289	0.19047619047619
GSE222315_TGAGTCATCAGTGTGT-1_1_1_1_1	GSE222315_p4_NAT	GSE222315	DF.classifications_0.25_0.005_289	Singlet	pANN_0.25_0.005_289	0.0952380952380952
GSE222315_TGAGTCATCCATAAGC-1_1_1_1_1	GSE222315_p4_NAT	GSE222315	DF.classifications_0.25_0.005_289	Singlet	pANN_0.25_0.005_289	0.428571428571429
GSE222315_TGAGTCATCGACCCAG-1_1_1_1_1	GSE222315_p4_NAT	GSE222315	DF.classifications_0.25_0.005_289	Singlet	pANN_0.25_0.005_289	0.0476190476190476
GSE222315_TGATCAGAGGGCTGAT-1_1_1_1_1	GSE222315_p4_NAT	GSE222315	DF.classifications_0.25_0.005_289	Singlet	pANN_0.25_0.005_289	0.30952380952381
GSE222315_TGATCAGCATAAGCGG-1_1_1_1_1	GSE222315_p4_NAT	GSE222315	DF.classifications_0.25_0.005_289	Singlet	pANN_0.25_0.005_289	0.214285714285714
GSE222315_TGATCAGTCCGGTTCT-1_1_1_1_1	GSE222315_p4_NAT	GSE222315	DF.classifications_0.25_0.005_289	Singlet	pANN_0.25_0.005_289	0.30952380952381
GSE222315_TGATCTTAGGTAGTAT-1_1_1_1_1	GSE222315_p4_NAT	GSE222315	DF.classifications_0.25_0.005_289	Singlet	pANN_0.25_0.005_289	0.238095238095238
GSE222315_TGATCTTAGTGTGTTC-1_1_1_1_1	GSE222315_p4_NAT	GSE222315	DF.classifications_0.25_0.005_289	Singlet	pANN_0.25_0.005_289	0.142857142857143
GSE222315_TGATCTTGTAACGCGA-1_1_1_1_1	GSE222315_p4_NAT	GSE222315	DF.classifications_0.25_0.005_289	Singlet	pANN_0.25_0.005_289	0.333333333333333
GSE222315_TGATCTTGTCACAATC-1_1_1_1_1	GSE222315_p4_NAT	GSE222315	DF.classifications_0.25_0.005_289	Singlet	pANN_0.25_0.005_289	0.285714285714286
GSE222315_TGATCTTGTCCGAAGA-1_1_1_1_1	GSE222315_p4_NAT	GSE222315	DF.classifications_0.25_0.005_289	Singlet	pANN_0.25_0.005_289	0.142857142857143
GSE222315_TGATCTTGTCGCTTAA-1_1_1_1_1	GSE222315_p4_NAT	GSE222315	DF.classifications_0.25_0.005_289	Singlet	pANN_0.25_0.005_289	0.333333333333333
GSE222315_TGATCTTGTTATTCCT-1_1_1_1_1	GSE222315_p4_NAT	GSE222315	DF.classifications_0.25_0.005_289	Singlet	pANN_0.25_0.005_289	0.0238095238095238
GSE222315_TGATCTTTCCCGTTCA-1_1_1_1_1	GSE222315_p4_NAT	GSE222315	DF.classifications_0.25_0.005_289	Singlet	pANN_0.25_0.005_289	0.0952380952380952
GSE222315_TGATGCAAGCCAACCC-1_1_1_1_1	GSE222315_p4_NAT	GSE222315	DF.classifications_0.25_0.005_289	Singlet	pANN_0.25_0.005_289	0.357142857142857
GSE222315_TGATGCACAACAGAGC-1_1_1_1_1	GSE222315_p4_NAT	GSE222315	DF.classifications_0.25_0.005_289	Singlet	pANN_0.25_0.005_289	0.285714285714286
GSE222315_TGATGCACAATAACCC-1_1_1_1_1	GSE222315_p4_NAT	GSE222315	DF.classifications_0.25_0.005_289	Singlet	pANN_0.25_0.005_289	0.119047619047619
GSE222315_TGATGCACAGGATTCT-1_1_1_1_1	GSE222315_p4_NAT	GSE222315	DF.classifications_0.25_0.005_289	Singlet	pANN_0.25_0.005_289	0.119047619047619
GSE222315_TGATGCACATGTACGT-1_1_1_1_1	GSE222315_p4_NAT	GSE222315	DF.classifications_0.25_0.005_289	Singlet	pANN_0.25_0.005_289	0.166666666666667
GSE222315_TGATGCAGTACTCGAT-1_1_1_1_1	GSE222315_p4_NAT	GSE222315	DF.classifications_0.25_0.005_289	Singlet	pANN_0.25_0.005_289	0.119047619047619
GSE222315_TGATGCATCTGAGAAA-1_1_1_1_1	GSE222315_p4_NAT	GSE222315	DF.classifications_0.25_0.005_289	Singlet	pANN_0.25_0.005_289	0.142857142857143
GSE222315_TGATGGTAGAAGCGAA-1_1_1_1_1	GSE222315_p4_NAT	GSE222315	DF.classifications_0.25_0.005_289	Singlet	pANN_0.25_0.005_289	0.404761904761905
GSE222315_TGATGGTAGCTCATAC-1_1_1_1_1	GSE222315_p4_NAT	GSE222315	DF.classifications_0.25_0.005_289	Singlet	pANN_0.25_0.005_289	0.142857142857143
GSE222315_TGATGGTCAGGATTCT-1_1_1_1_1	GSE222315_p4_NAT	GSE222315	DF.classifications_0.25_0.005_289	Singlet	pANN_0.25_0.005_289	0.0714285714285714
GSE222315_TGATGGTCAGTCCGTG-1_1_1_1_1	GSE222315_p4_NAT	GSE222315	DF.classifications_0.25_0.005_289	Singlet	pANN_0.25_0.005_289	0.261904761904762
GSE222315_TGATGGTGTCTTCCGT-1_1_1_1_1	GSE222315_p4_NAT	GSE222315	DF.classifications_0.25_0.005_289	Singlet	pANN_0.25_0.005_289	0.0476190476190476
GSE222315_TGATGGTGTGCAACGA-1_1_1_1_1	GSE222315_p4_NAT	GSE222315	DF.classifications_0.25_0.005_289	Singlet	pANN_0.25_0.005_289	0.238095238095238
GSE222315_TGATGGTTCTAGCAAC-1_1_1_1_1	GSE222315_p4_NAT	GSE222315	DF.classifications_0.25_0.005_289	Singlet	pANN_0.25_0.005_289	0.142857142857143
GSE222315_TGATTCTTCAAAGACA-1_1_1_1_1	GSE222315_p4_NAT	GSE222315	DF.classifications_0.25_0.005_289	Singlet	pANN_0.25_0.005_289	0.119047619047619
GSE222315_TGATTCTTCGATTCCC-1_1_1_1_1	GSE222315_p4_NAT	GSE222315	DF.classifications_0.25_0.005_289	Singlet	pANN_0.25_0.005_289	0.238095238095238
GSE222315_TGATTTCAGATGTAGT-1_1_1_1_1	GSE222315_p4_NAT	GSE222315	DF.classifications_0.25_0.005_289	Singlet	pANN_0.25_0.005_289	0.0238095238095238
GSE222315_TGATTTCAGCATTTGC-1_1_1_1_1	GSE222315_p4_NAT	GSE222315	DF.classifications_0.25_0.005_289	Singlet	pANN_0.25_0.005_289	0
GSE222315_TGATTTCAGGTGCGAT-1_1_1_1_1	GSE222315_p4_NAT	GSE222315	DF.classifications_0.25_0.005_289	Singlet	pANN_0.25_0.005_289	0.214285714285714
GSE222315_TGATTTCGTGCTCTTC-1_1_1_1_1	GSE222315_p4_NAT	GSE222315	DF.classifications_0.25_0.005_289	Singlet	pANN_0.25_0.005_289	0
GSE222315_TGATTTCTCGTTGTTT-1_1_1_1_1	GSE222315_p4_NAT	GSE222315	DF.classifications_0.25_0.005_289	Singlet	pANN_0.25_0.005_289	0.285714285714286
GSE222315_TGATTTCTCTTCGTAT-1_1_1_1_1	GSE222315_p4_NAT	GSE222315	DF.classifications_0.25_0.005_289	Singlet	pANN_0.25_0.005_289	0.0952380952380952
GSE222315_TGCACGGAGCACGGAT-1_1_1_1_1	GSE222315_p4_NAT	GSE222315	DF.classifications_0.25_0.005_289	Singlet	pANN_0.25_0.005_289	0.166666666666667
GSE222315_TGCACGGAGTATAGAC-1_1_1_1_1	GSE222315_p4_NAT	GSE222315	DF.classifications_0.25_0.005_289	Singlet	pANN_0.25_0.005_289	0
GSE222315_TGCACGGCAACCGCCA-1_1_1_1_1	GSE222315_p4_NAT	GSE222315	DF.classifications_0.25_0.005_289	Singlet	pANN_0.25_0.005_289	0.0952380952380952
GSE222315_TGCACGGCAAGACCGA-1_1_1_1_1	GSE222315_p4_NAT	GSE222315	DF.classifications_0.25_0.005_289	Singlet	pANN_0.25_0.005_289	0.19047619047619
GSE222315_TGCACGGCAGAAGCGT-1_1_1_1_1	GSE222315_p4_NAT	GSE222315	DF.classifications_0.25_0.005_289	Singlet	pANN_0.25_0.005_289	0.333333333333333
GSE222315_TGCACGGGTAACGTTC-1_1_1_1_1	GSE222315_p4_NAT	GSE222315	DF.classifications_0.25_0.005_289	Singlet	pANN_0.25_0.005_289	0.0714285714285714
GSE222315_TGCACGGGTTCTTAGG-1_1_1_1_1	GSE222315_p4_NAT	GSE222315	DF.classifications_0.25_0.005_289	Singlet	pANN_0.25_0.005_289	0.119047619047619
GSE222315_TGCAGATAGTCCCGGT-1_1_1_1_1	GSE222315_p4_NAT	GSE222315	DF.classifications_0.25_0.005_289	Singlet	pANN_0.25_0.005_289	0.0952380952380952
GSE222315_TGCAGATAGTGGATTA-1_1_1_1_1	GSE222315_p4_NAT	GSE222315	DF.classifications_0.25_0.005_289	Singlet	pANN_0.25_0.005_289	0.214285714285714
GSE222315_TGCAGATGTAACATCC-1_1_1_1_1	GSE222315_p4_NAT	GSE222315	DF.classifications_0.25_0.005_289	Singlet	pANN_0.25_0.005_289	0.0714285714285714
GSE222315_TGCAGATGTTCTTGTT-1_1_1_1_1	GSE222315_p4_NAT	GSE222315	DF.classifications_0.25_0.005_289	Singlet	pANN_0.25_0.005_289	0.0714285714285714
GSE222315_TGCAGGCAGAGTACCG-1_1_1_1_1	GSE222315_p4_NAT	GSE222315	DF.classifications_0.25_0.005_289	Singlet	pANN_0.25_0.005_289	0.238095238095238
GSE222315_TGCAGGCAGATTGGGC-1_1_1_1_1	GSE222315_p4_NAT	GSE222315	DF.classifications_0.25_0.005_289	Doublet	pANN_0.25_0.005_289	0.547619047619048
GSE222315_TGCAGGCAGCAAACAT-1_1_1_1_1	GSE222315_p4_NAT	GSE222315	DF.classifications_0.25_0.005_289	Singlet	pANN_0.25_0.005_289	0.142857142857143
GSE222315_TGCAGGCGTACTGCGC-1_1_1_1_1	GSE222315_p4_NAT	GSE222315	DF.classifications_0.25_0.005_289	Singlet	pANN_0.25_0.005_289	0.428571428571429
GSE222315_TGCAGGCGTGGAATGC-1_1_1_1_1	GSE222315_p4_NAT	GSE222315	DF.classifications_0.25_0.005_289	Singlet	pANN_0.25_0.005_289	0.0476190476190476
GSE222315_TGCAGGCTCAGTCAGT-1_1_1_1_1	GSE222315_p4_NAT	GSE222315	DF.classifications_0.25_0.005_289	Singlet	pANN_0.25_0.005_289	0.261904761904762
GSE222315_TGCAGGCTCGTTCCCA-1_1_1_1_1	GSE222315_p4_NAT	GSE222315	DF.classifications_0.25_0.005_289	Doublet	pANN_0.25_0.005_289	0.452380952380952
GSE222315_TGCAGGCTCTCTGAGA-1_1_1_1_1	GSE222315_p4_NAT	GSE222315	DF.classifications_0.25_0.005_289	Singlet	pANN_0.25_0.005_289	0.380952380952381
GSE222315_TGCAGTAAGCGTTCAT-1_1_1_1_1	GSE222315_p4_NAT	GSE222315	DF.classifications_0.25_0.005_289	Singlet	pANN_0.25_0.005_289	0.0952380952380952
GSE222315_TGCAGTAAGTCACGAG-1_1_1_1_1	GSE222315_p4_NAT	GSE222315	DF.classifications_0.25_0.005_289	Singlet	pANN_0.25_0.005_289	0.285714285714286
GSE222315_TGCAGTACAAATAAGC-1_1_1_1_1	GSE222315_p4_NAT	GSE222315	DF.classifications_0.25_0.005_289	Singlet	pANN_0.25_0.005_289	0.357142857142857
GSE222315_TGCAGTACAAATGGTA-1_1_1_1_1	GSE222315_p4_NAT	GSE222315	DF.classifications_0.25_0.005_289	Singlet	pANN_0.25_0.005_289	0.19047619047619
GSE222315_TGCAGTACAAGTCGTT-1_1_1_1_1	GSE222315_p4_NAT	GSE222315	DF.classifications_0.25_0.005_289	Singlet	pANN_0.25_0.005_289	0.0238095238095238
GSE222315_TGCAGTACAGTTGAAA-1_1_1_1_1	GSE222315_p4_NAT	GSE222315	DF.classifications_0.25_0.005_289	Singlet	pANN_0.25_0.005_289	0.166666666666667
GSE222315_TGCAGTACATAGAATG-1_1_1_1_1	GSE222315_p4_NAT	GSE222315	DF.classifications_0.25_0.005_289	Singlet	pANN_0.25_0.005_289	0.333333333333333
GSE222315_TGCAGTACATGAGAAT-1_1_1_1_1	GSE222315_p4_NAT	GSE222315	DF.classifications_0.25_0.005_289	Singlet	pANN_0.25_0.005_289	0.214285714285714
GSE222315_TGCAGTACATTCTGTT-1_1_1_1_1	GSE222315_p4_NAT	GSE222315	DF.classifications_0.25_0.005_289	Singlet	pANN_0.25_0.005_289	0.214285714285714
GSE222315_TGCAGTAGTCAAATCC-1_1_1_1_1	GSE222315_p4_NAT	GSE222315	DF.classifications_0.25_0.005_289	Singlet	pANN_0.25_0.005_289	0.0714285714285714
GSE222315_TGCAGTAGTGACCGAA-1_1_1_1_1	GSE222315_p4_NAT	GSE222315	DF.classifications_0.25_0.005_289	Singlet	pANN_0.25_0.005_289	0.357142857142857
GSE222315_TGCAGTAGTTCGAGCC-1_1_1_1_1	GSE222315_p4_NAT	GSE222315	DF.classifications_0.25_0.005_289	Singlet	pANN_0.25_0.005_289	0.30952380952381
GSE222315_TGCATCCAGGTACAGC-1_1_1_1_1	GSE222315_p4_NAT	GSE222315	DF.classifications_0.25_0.005_289	Singlet	pANN_0.25_0.005_289	0.19047619047619
GSE222315_TGCATCCCATGACCCG-1_1_1_1_1	GSE222315_p4_NAT	GSE222315	DF.classifications_0.25_0.005_289	Singlet	pANN_0.25_0.005_289	0.333333333333333
GSE222315_TGCATCCGTACTCCCT-1_1_1_1_1	GSE222315_p4_NAT	GSE222315	DF.classifications_0.25_0.005_289	Singlet	pANN_0.25_0.005_289	0.119047619047619
GSE222315_TGCATCCTCATGCCCT-1_1_1_1_1	GSE222315_p4_NAT	GSE222315	DF.classifications_0.25_0.005_289	Singlet	pANN_0.25_0.005_289	0.0714285714285714
GSE222315_TGCATGAAGCTATCCA-1_1_1_1_1	GSE222315_p4_NAT	GSE222315	DF.classifications_0.25_0.005_289	Singlet	pANN_0.25_0.005_289	0.0238095238095238
GSE222315_TGCATGAAGTAATTGG-1_1_1_1_1	GSE222315_p4_NAT	GSE222315	DF.classifications_0.25_0.005_289	Singlet	pANN_0.25_0.005_289	0.404761904761905
GSE222315_TGCATGAAGTGGTGGT-1_1_1_1_1	GSE222315_p4_NAT	GSE222315	DF.classifications_0.25_0.005_289	Singlet	pANN_0.25_0.005_289	0
GSE222315_TGCATGACACCGGTCA-1_1_1_1_1	GSE222315_p4_NAT	GSE222315	DF.classifications_0.25_0.005_289	Singlet	pANN_0.25_0.005_289	0.0714285714285714
GSE222315_TGCATGACATAAGCGG-1_1_1_1_1	GSE222315_p4_NAT	GSE222315	DF.classifications_0.25_0.005_289	Singlet	pANN_0.25_0.005_289	0.380952380952381
GSE222315_TGCATGATCGAAACAA-1_1_1_1_1	GSE222315_p4_NAT	GSE222315	DF.classifications_0.25_0.005_289	Singlet	pANN_0.25_0.005_289	0.119047619047619
GSE222315_TGCCGAGAGACAACTA-1_1_1_1_1	GSE222315_p4_NAT	GSE222315	DF.classifications_0.25_0.005_289	Singlet	pANN_0.25_0.005_289	0.19047619047619
GSE222315_TGCCGAGTCGACTCCT-1_1_1_1_1	GSE222315_p4_NAT	GSE222315	DF.classifications_0.25_0.005_289	Singlet	pANN_0.25_0.005_289	0.30952380952381
GSE222315_TGCGACGAGAAACACT-1_1_1_1_1	GSE222315_p4_NAT	GSE222315	DF.classifications_0.25_0.005_289	Singlet	pANN_0.25_0.005_289	0.238095238095238
GSE222315_TGCGACGAGCAGCAGT-1_1_1_1_1	GSE222315_p4_NAT	GSE222315	DF.classifications_0.25_0.005_289	Singlet	pANN_0.25_0.005_289	0.0238095238095238
GSE222315_TGCGACGAGTCTTCCC-1_1_1_1_1	GSE222315_p4_NAT	GSE222315	DF.classifications_0.25_0.005_289	Singlet	pANN_0.25_0.005_289	0
GSE222315_TGCGACGCACGTGAGA-1_1_1_1_1	GSE222315_p4_NAT	GSE222315	DF.classifications_0.25_0.005_289	Singlet	pANN_0.25_0.005_289	0.0238095238095238
GSE222315_TGCGACGCACTACAGT-1_1_1_1_1	GSE222315_p4_NAT	GSE222315	DF.classifications_0.25_0.005_289	Singlet	pANN_0.25_0.005_289	0
GSE222315_TGCGACGGTTCTCAGA-1_1_1_1_1	GSE222315_p4_NAT	GSE222315	DF.classifications_0.25_0.005_289	Singlet	pANN_0.25_0.005_289	0.19047619047619
GSE222315_TGCGATAAGTTGCTGT-1_1_1_1_1	GSE222315_p4_NAT	GSE222315	DF.classifications_0.25_0.005_289	Singlet	pANN_0.25_0.005_289	0.238095238095238
GSE222315_TGCGATACACATGGTT-1_1_1_1_1	GSE222315_p4_NAT	GSE222315	DF.classifications_0.25_0.005_289	Singlet	pANN_0.25_0.005_289	0.357142857142857
GSE222315_TGCGATACATCCCACT-1_1_1_1_1	GSE222315_p4_NAT	GSE222315	DF.classifications_0.25_0.005_289	Singlet	pANN_0.25_0.005_289	0.0238095238095238
GSE222315_TGCGATACATTCCTCG-1_1_1_1_1	GSE222315_p4_NAT	GSE222315	DF.classifications_0.25_0.005_289	Singlet	pANN_0.25_0.005_289	0.0952380952380952
GSE222315_TGCGATAGTGCCTGAC-1_1_1_1_1	GSE222315_p4_NAT	GSE222315	DF.classifications_0.25_0.005_289	Singlet	pANN_0.25_0.005_289	0.166666666666667
GSE222315_TGCGATATCATCGCAA-1_1_1_1_1	GSE222315_p4_NAT	GSE222315	DF.classifications_0.25_0.005_289	Singlet	pANN_0.25_0.005_289	0.428571428571429
GSE222315_TGCGATATCCCGTGAG-1_1_1_1_1	GSE222315_p4_NAT	GSE222315	DF.classifications_0.25_0.005_289	Singlet	pANN_0.25_0.005_289	0.30952380952381
GSE222315_TGCGATATCGTCGATA-1_1_1_1_1	GSE222315_p4_NAT	GSE222315	DF.classifications_0.25_0.005_289	Singlet	pANN_0.25_0.005_289	0.0238095238095238
GSE222315_TGCGGCACAGACATCT-1_1_1_1_1	GSE222315_p4_NAT	GSE222315	DF.classifications_0.25_0.005_289	Singlet	pANN_0.25_0.005_289	0.0238095238095238
GSE222315_TGCGGCACATTGTGCA-1_1_1_1_1	GSE222315_p4_NAT	GSE222315	DF.classifications_0.25_0.005_289	Singlet	pANN_0.25_0.005_289	0.357142857142857
GSE222315_TGCGGCATCCACTAGA-1_1_1_1_1	GSE222315_p4_NAT	GSE222315	DF.classifications_0.25_0.005_289	Singlet	pANN_0.25_0.005_289	0.119047619047619
GSE222315_TGCGGCATCCTTGACC-1_1_1_1_1	GSE222315_p4_NAT	GSE222315	DF.classifications_0.25_0.005_289	Singlet	pANN_0.25_0.005_289	0.261904761904762
GSE222315_TGCGGCATCGTCGACG-1_1_1_1_1	GSE222315_p4_NAT	GSE222315	DF.classifications_0.25_0.005_289	Singlet	pANN_0.25_0.005_289	0.0476190476190476
GSE222315_TGCGGGTCAGGTGGAT-1_1_1_1_1	GSE222315_p4_NAT	GSE222315	DF.classifications_0.25_0.005_289	Singlet	pANN_0.25_0.005_289	0.166666666666667
GSE222315_TGCGGGTGTGGCGTAA-1_1_1_1_1	GSE222315_p4_NAT	GSE222315	DF.classifications_0.25_0.005_289	Singlet	pANN_0.25_0.005_289	0.166666666666667
GSE222315_TGCTCCACAGCAGGAT-1_1_1_1_1	GSE222315_p4_NAT	GSE222315	DF.classifications_0.25_0.005_289	Singlet	pANN_0.25_0.005_289	0.0952380952380952
GSE222315_TGCTCCACATTCCTCG-1_1_1_1_1	GSE222315_p4_NAT	GSE222315	DF.classifications_0.25_0.005_289	Singlet	pANN_0.25_0.005_289	0.0238095238095238
GSE222315_TGCTCCAGTGCAACGA-1_1_1_1_1	GSE222315_p4_NAT	GSE222315	DF.classifications_0.25_0.005_289	Singlet	pANN_0.25_0.005_289	0
GSE222315_TGCTCCAGTGCCGAAA-1_1_1_1_1	GSE222315_p4_NAT	GSE222315	DF.classifications_0.25_0.005_289	Singlet	pANN_0.25_0.005_289	0.142857142857143
GSE222315_TGCTCCATCATGCAGT-1_1_1_1_1	GSE222315_p4_NAT	GSE222315	DF.classifications_0.25_0.005_289	Singlet	pANN_0.25_0.005_289	0.0714285714285714
GSE222315_TGCTCGTAGCGTTACT-1_1_1_1_1	GSE222315_p4_NAT	GSE222315	DF.classifications_0.25_0.005_289	Singlet	pANN_0.25_0.005_289	0.0476190476190476
GSE222315_TGCTCGTAGTCCGTCG-1_1_1_1_1	GSE222315_p4_NAT	GSE222315	DF.classifications_0.25_0.005_289	Singlet	pANN_0.25_0.005_289	0
GSE222315_TGCTCGTCACAAATCC-1_1_1_1_1	GSE222315_p4_NAT	GSE222315	DF.classifications_0.25_0.005_289	Singlet	pANN_0.25_0.005_289	0.19047619047619
GSE222315_TGCTCGTGTACAGCGA-1_1_1_1_1	GSE222315_p4_NAT	GSE222315	DF.classifications_0.25_0.005_289	Singlet	pANN_0.25_0.005_289	0.0476190476190476
GSE222315_TGCTCGTGTTGGCTAT-1_1_1_1_1	GSE222315_p4_NAT	GSE222315	DF.classifications_0.25_0.005_289	Singlet	pANN_0.25_0.005_289	0.166666666666667
GSE222315_TGCTCGTTCAACTGGT-1_1_1_1_1	GSE222315_p4_NAT	GSE222315	DF.classifications_0.25_0.005_289	Singlet	pANN_0.25_0.005_289	0.238095238095238
GSE222315_TGCTCGTTCCCTCGAT-1_1_1_1_1	GSE222315_p4_NAT	GSE222315	DF.classifications_0.25_0.005_289	Singlet	pANN_0.25_0.005_289	0.166666666666667
GSE222315_TGCTCGTTCGACGTCG-1_1_1_1_1	GSE222315_p4_NAT	GSE222315	DF.classifications_0.25_0.005_289	Singlet	pANN_0.25_0.005_289	0.214285714285714
GSE222315_TGCTCGTTCTGGGATT-1_1_1_1_1	GSE222315_p4_NAT	GSE222315	DF.classifications_0.25_0.005_289	Singlet	pANN_0.25_0.005_289	0.285714285714286
GSE222315_TGCTGAAAGTCTGTAC-1_1_1_1_1	GSE222315_p4_NAT	GSE222315	DF.classifications_0.25_0.005_289	Singlet	pANN_0.25_0.005_289	0.0952380952380952
GSE222315_TGCTGAACAACACACT-1_1_1_1_1	GSE222315_p4_NAT	GSE222315	DF.classifications_0.25_0.005_289	Singlet	pANN_0.25_0.005_289	0.285714285714286
GSE222315_TGCTGAACAGCGACCT-1_1_1_1_1	GSE222315_p4_NAT	GSE222315	DF.classifications_0.25_0.005_289	Singlet	pANN_0.25_0.005_289	0.0238095238095238
GSE222315_TGCTGAACAGGCTACC-1_1_1_1_1	GSE222315_p4_NAT	GSE222315	DF.classifications_0.25_0.005_289	Singlet	pANN_0.25_0.005_289	0.0476190476190476
GSE222315_TGCTGAACATCATCTT-1_1_1_1_1	GSE222315_p4_NAT	GSE222315	DF.classifications_0.25_0.005_289	Singlet	pANN_0.25_0.005_289	0.0714285714285714
GSE222315_TGCTGAACATCCTTCG-1_1_1_1_1	GSE222315_p4_NAT	GSE222315	DF.classifications_0.25_0.005_289	Singlet	pANN_0.25_0.005_289	0.119047619047619
GSE222315_TGCTGAAGTCAGTTTG-1_1_1_1_1	GSE222315_p4_NAT	GSE222315	DF.classifications_0.25_0.005_289	Singlet	pANN_0.25_0.005_289	0.261904761904762
GSE222315_TGCTGAAGTCGTCGGT-1_1_1_1_1	GSE222315_p4_NAT	GSE222315	DF.classifications_0.25_0.005_289	Singlet	pANN_0.25_0.005_289	0.0476190476190476
GSE222315_TGCTGAAGTCTGTCCT-1_1_1_1_1	GSE222315_p4_NAT	GSE222315	DF.classifications_0.25_0.005_289	Singlet	pANN_0.25_0.005_289	0.119047619047619
GSE222315_TGCTGAAGTGCCTTCT-1_1_1_1_1	GSE222315_p4_NAT	GSE222315	DF.classifications_0.25_0.005_289	Singlet	pANN_0.25_0.005_289	0.19047619047619
GSE222315_TGCTGAAGTGCGACAA-1_1_1_1_1	GSE222315_p4_NAT	GSE222315	DF.classifications_0.25_0.005_289	Singlet	pANN_0.25_0.005_289	0.19047619047619
GSE222315_TGCTGAAGTTAATGAG-1_1_1_1_1	GSE222315_p4_NAT	GSE222315	DF.classifications_0.25_0.005_289	Singlet	pANN_0.25_0.005_289	0.261904761904762
GSE222315_TGCTGAAGTTAGAGTA-1_1_1_1_1	GSE222315_p4_NAT	GSE222315	DF.classifications_0.25_0.005_289	Singlet	pANN_0.25_0.005_289	0.0238095238095238
GSE222315_TGCTGAATCCTCTCTT-1_1_1_1_1	GSE222315_p4_NAT	GSE222315	DF.classifications_0.25_0.005_289	Singlet	pANN_0.25_0.005_289	0.166666666666667
GSE222315_TGCTGAATCGAGTGGA-1_1_1_1_1	GSE222315_p4_NAT	GSE222315	DF.classifications_0.25_0.005_289	Singlet	pANN_0.25_0.005_289	0.404761904761905
GSE222315_TGCTGAATCGCTTTAT-1_1_1_1_1	GSE222315_p4_NAT	GSE222315	DF.classifications_0.25_0.005_289	Singlet	pANN_0.25_0.005_289	0.166666666666667
GSE222315_TGCTGAATCTGGAGAG-1_1_1_1_1	GSE222315_p4_NAT	GSE222315	DF.classifications_0.25_0.005_289	Singlet	pANN_0.25_0.005_289	0.357142857142857
GSE222315_TGCTTCGAGCCTTTCC-1_1_1_1_1	GSE222315_p4_NAT	GSE222315	DF.classifications_0.25_0.005_289	Singlet	pANN_0.25_0.005_289	0.166666666666667
GSE222315_TGCTTCGAGGCCTGCT-1_1_1_1_1	GSE222315_p4_NAT	GSE222315	DF.classifications_0.25_0.005_289	Singlet	pANN_0.25_0.005_289	0.261904761904762
GSE222315_TGCTTCGAGTAAAGCT-1_1_1_1_1	GSE222315_p4_NAT	GSE222315	DF.classifications_0.25_0.005_289	Singlet	pANN_0.25_0.005_289	0.380952380952381
GSE222315_TGCTTCGCAGCGTGCT-1_1_1_1_1	GSE222315_p4_NAT	GSE222315	DF.classifications_0.25_0.005_289	Singlet	pANN_0.25_0.005_289	0.0952380952380952
GSE222315_TGCTTCGGTACCATAC-1_1_1_1_1	GSE222315_p4_NAT	GSE222315	DF.classifications_0.25_0.005_289	Singlet	pANN_0.25_0.005_289	0.238095238095238
GSE222315_TGCTTCGGTTAGGACG-1_1_1_1_1	GSE222315_p4_NAT	GSE222315	DF.classifications_0.25_0.005_289	Singlet	pANN_0.25_0.005_289	0.0476190476190476
GSE222315_TGCTTCGTCTCGGTCT-1_1_1_1_1	GSE222315_p4_NAT	GSE222315	DF.classifications_0.25_0.005_289	Singlet	pANN_0.25_0.005_289	0.0476190476190476
GSE222315_TGCTTGCAGAGTGTGC-1_1_1_1_1	GSE222315_p4_NAT	GSE222315	DF.classifications_0.25_0.005_289	Singlet	pANN_0.25_0.005_289	0.30952380952381
GSE222315_TGCTTGCAGCGATCGA-1_1_1_1_1	GSE222315_p4_NAT	GSE222315	DF.classifications_0.25_0.005_289	Singlet	pANN_0.25_0.005_289	0.19047619047619
GSE222315_TGCTTGCAGTATCCTG-1_1_1_1_1	GSE222315_p4_NAT	GSE222315	DF.classifications_0.25_0.005_289	Singlet	pANN_0.25_0.005_289	0
GSE222315_TGCTTGCCAAGTGATA-1_1_1_1_1	GSE222315_p4_NAT	GSE222315	DF.classifications_0.25_0.005_289	Singlet	pANN_0.25_0.005_289	0
GSE222315_TGCTTGCGTGCTAGCC-1_1_1_1_1	GSE222315_p4_NAT	GSE222315	DF.classifications_0.25_0.005_289	Singlet	pANN_0.25_0.005_289	0.0714285714285714
GSE222315_TGCTTGCTCGTGTGAT-1_1_1_1_1	GSE222315_p4_NAT	GSE222315	DF.classifications_0.25_0.005_289	Singlet	pANN_0.25_0.005_289	0
GSE222315_TGGAACTAGAAGTCTA-1_1_1_1_1	GSE222315_p4_NAT	GSE222315	DF.classifications_0.25_0.005_289	Singlet	pANN_0.25_0.005_289	0.0952380952380952
GSE222315_TGGAACTAGCGTGCTC-1_1_1_1_1	GSE222315_p4_NAT	GSE222315	DF.classifications_0.25_0.005_289	Singlet	pANN_0.25_0.005_289	0.0476190476190476
GSE222315_TGGAACTAGGATATGT-1_1_1_1_1	GSE222315_p4_NAT	GSE222315	DF.classifications_0.25_0.005_289	Singlet	pANN_0.25_0.005_289	0.0238095238095238
GSE222315_TGGAACTAGGCTATCT-1_1_1_1_1	GSE222315_p4_NAT	GSE222315	DF.classifications_0.25_0.005_289	Singlet	pANN_0.25_0.005_289	0.0476190476190476
GSE222315_TGGAACTCAAGCCATT-1_1_1_1_1	GSE222315_p4_NAT	GSE222315	DF.classifications_0.25_0.005_289	Singlet	pANN_0.25_0.005_289	0.19047619047619
GSE222315_TGGAACTGTCTACGTA-1_1_1_1_1	GSE222315_p4_NAT	GSE222315	DF.classifications_0.25_0.005_289	Singlet	pANN_0.25_0.005_289	0
GSE222315_TGGAGAGAGCCGTCGT-1_1_1_1_1	GSE222315_p4_NAT	GSE222315	DF.classifications_0.25_0.005_289	Singlet	pANN_0.25_0.005_289	0.261904761904762
GSE222315_TGGAGAGAGCGTGTTT-1_1_1_1_1	GSE222315_p4_NAT	GSE222315	DF.classifications_0.25_0.005_289	Singlet	pANN_0.25_0.005_289	0.285714285714286
GSE222315_TGGAGAGCACTTTATC-1_1_1_1_1	GSE222315_p4_NAT	GSE222315	DF.classifications_0.25_0.005_289	Singlet	pANN_0.25_0.005_289	0.380952380952381
GSE222315_TGGAGAGCATGTTCAG-1_1_1_1_1	GSE222315_p4_NAT	GSE222315	DF.classifications_0.25_0.005_289	Singlet	pANN_0.25_0.005_289	0.0238095238095238
GSE222315_TGGAGAGGTGGCAGAT-1_1_1_1_1	GSE222315_p4_NAT	GSE222315	DF.classifications_0.25_0.005_289	Singlet	pANN_0.25_0.005_289	0.166666666666667
GSE222315_TGGAGAGTCATTCGGA-1_1_1_1_1	GSE222315_p4_NAT	GSE222315	DF.classifications_0.25_0.005_289	Singlet	pANN_0.25_0.005_289	0
GSE222315_TGGAGAGTCGCTGCGA-1_1_1_1_1	GSE222315_p4_NAT	GSE222315	DF.classifications_0.25_0.005_289	Singlet	pANN_0.25_0.005_289	0.214285714285714
GSE222315_TGGAGGAAGTCCGCGT-1_1_1_1_1	GSE222315_p4_NAT	GSE222315	DF.classifications_0.25_0.005_289	Singlet	pANN_0.25_0.005_289	0.0714285714285714
GSE222315_TGGAGGACATAGGAGC-1_1_1_1_1	GSE222315_p4_NAT	GSE222315	DF.classifications_0.25_0.005_289	Singlet	pANN_0.25_0.005_289	0.0238095238095238
GSE222315_TGGAGGAGTTCGAAGG-1_1_1_1_1	GSE222315_p4_NAT	GSE222315	DF.classifications_0.25_0.005_289	Singlet	pANN_0.25_0.005_289	0.166666666666667
GSE222315_TGGAGGATCATCGCCT-1_1_1_1_1	GSE222315_p4_NAT	GSE222315	DF.classifications_0.25_0.005_289	Singlet	pANN_0.25_0.005_289	0.0952380952380952
GSE222315_TGGATCAAGAATCTAG-1_1_1_1_1	GSE222315_p4_NAT	GSE222315	DF.classifications_0.25_0.005_289	Singlet	pANN_0.25_0.005_289	0
GSE222315_TGGATCAAGTGGCGAT-1_1_1_1_1	GSE222315_p4_NAT	GSE222315	DF.classifications_0.25_0.005_289	Singlet	pANN_0.25_0.005_289	0.0952380952380952
GSE222315_TGGATCACAATCTGCA-1_1_1_1_1	GSE222315_p4_NAT	GSE222315	DF.classifications_0.25_0.005_289	Singlet	pANN_0.25_0.005_289	0.261904761904762
GSE222315_TGGATCAGTCACCACG-1_1_1_1_1	GSE222315_p4_NAT	GSE222315	DF.classifications_0.25_0.005_289	Singlet	pANN_0.25_0.005_289	0.19047619047619
GSE222315_TGGATCAGTTCTCCCA-1_1_1_1_1	GSE222315_p4_NAT	GSE222315	DF.classifications_0.25_0.005_289	Singlet	pANN_0.25_0.005_289	0.0714285714285714
GSE222315_TGGATCAGTTGGGTAG-1_1_1_1_1	GSE222315_p4_NAT	GSE222315	DF.classifications_0.25_0.005_289	Singlet	pANN_0.25_0.005_289	0.214285714285714
GSE222315_TGGATCATCAATCCAG-1_1_1_1_1	GSE222315_p4_NAT	GSE222315	DF.classifications_0.25_0.005_289	Singlet	pANN_0.25_0.005_289	0.261904761904762
GSE222315_TGGATCATCTCAGGCG-1_1_1_1_1	GSE222315_p4_NAT	GSE222315	DF.classifications_0.25_0.005_289	Singlet	pANN_0.25_0.005_289	0.166666666666667
GSE222315_TGGATCATCTGGCCTT-1_1_1_1_1	GSE222315_p4_NAT	GSE222315	DF.classifications_0.25_0.005_289	Singlet	pANN_0.25_0.005_289	0.0714285714285714
GSE222315_TGGATGTAGAACAGGA-1_1_1_1_1	GSE222315_p4_NAT	GSE222315	DF.classifications_0.25_0.005_289	Singlet	pANN_0.25_0.005_289	0.0714285714285714
GSE222315_TGGATGTAGGTTACCT-1_1_1_1_1	GSE222315_p4_NAT	GSE222315	DF.classifications_0.25_0.005_289	Singlet	pANN_0.25_0.005_289	0.261904761904762
GSE222315_TGGATGTGTAGATTAG-1_1_1_1_1	GSE222315_p4_NAT	GSE222315	DF.classifications_0.25_0.005_289	Singlet	pANN_0.25_0.005_289	0
GSE222315_TGGATGTTCGCAGTGC-1_1_1_1_1	GSE222315_p4_NAT	GSE222315	DF.classifications_0.25_0.005_289	Singlet	pANN_0.25_0.005_289	0.0714285714285714
GSE222315_TGGATGTTCGCATTGA-1_1_1_1_1	GSE222315_p4_NAT	GSE222315	DF.classifications_0.25_0.005_289	Singlet	pANN_0.25_0.005_289	0.238095238095238
GSE222315_TGGATGTTCTCATTGT-1_1_1_1_1	GSE222315_p4_NAT	GSE222315	DF.classifications_0.25_0.005_289	Singlet	pANN_0.25_0.005_289	0
GSE222315_TGGCGTGAGCTGAGTG-1_1_1_1_1	GSE222315_p4_NAT	GSE222315	DF.classifications_0.25_0.005_289	Singlet	pANN_0.25_0.005_289	0.30952380952381
GSE222315_TGGCGTGAGGAAAGTG-1_1_1_1_1	GSE222315_p4_NAT	GSE222315	DF.classifications_0.25_0.005_289	Singlet	pANN_0.25_0.005_289	0.119047619047619
GSE222315_TGGCGTGGTGCCTTCT-1_1_1_1_1	GSE222315_p4_NAT	GSE222315	DF.classifications_0.25_0.005_289	Singlet	pANN_0.25_0.005_289	0.0476190476190476
GSE222315_TGGGAAGAGTTACTCG-1_1_1_1_1	GSE222315_p4_NAT	GSE222315	DF.classifications_0.25_0.005_289	Singlet	pANN_0.25_0.005_289	0.166666666666667
GSE222315_TGGGAAGGTCTAGATC-1_1_1_1_1	GSE222315_p4_NAT	GSE222315	DF.classifications_0.25_0.005_289	Singlet	pANN_0.25_0.005_289	0.261904761904762
GSE222315_TGGGAAGGTGGCGTAA-1_1_1_1_1	GSE222315_p4_NAT	GSE222315	DF.classifications_0.25_0.005_289	Singlet	pANN_0.25_0.005_289	0
GSE222315_TGGGAAGGTGTGCCTG-1_1_1_1_1	GSE222315_p4_NAT	GSE222315	DF.classifications_0.25_0.005_289	Singlet	pANN_0.25_0.005_289	0
GSE222315_TGGGAAGTCGTTACCC-1_1_1_1_1	GSE222315_p4_NAT	GSE222315	DF.classifications_0.25_0.005_289	Singlet	pANN_0.25_0.005_289	0.166666666666667
GSE222315_TGGGAGAAGAATTGTG-1_1_1_1_1	GSE222315_p4_NAT	GSE222315	DF.classifications_0.25_0.005_289	Singlet	pANN_0.25_0.005_289	0.142857142857143
GSE222315_TGGGAGAAGGTGCTTT-1_1_1_1_1	GSE222315_p4_NAT	GSE222315	DF.classifications_0.25_0.005_289	Singlet	pANN_0.25_0.005_289	0.238095238095238
GSE222315_TGGGAGACAGAGAATT-1_1_1_1_1	GSE222315_p4_NAT	GSE222315	DF.classifications_0.25_0.005_289	Singlet	pANN_0.25_0.005_289	0.0476190476190476
GSE222315_TGGGAGAGTATCACGT-1_1_1_1_1	GSE222315_p4_NAT	GSE222315	DF.classifications_0.25_0.005_289	Doublet	pANN_0.25_0.005_289	0.476190476190476
GSE222315_TGGGAGAGTCTTGTCC-1_1_1_1_1	GSE222315_p4_NAT	GSE222315	DF.classifications_0.25_0.005_289	Singlet	pANN_0.25_0.005_289	0.333333333333333
GSE222315_TGGGAGAGTGTCTTAG-1_1_1_1_1	GSE222315_p4_NAT	GSE222315	DF.classifications_0.25_0.005_289	Singlet	pANN_0.25_0.005_289	0
GSE222315_TGGGATTCAAAGAACT-1_1_1_1_1	GSE222315_p4_NAT	GSE222315	DF.classifications_0.25_0.005_289	Singlet	pANN_0.25_0.005_289	0
GSE222315_TGGGATTCACGTACAT-1_1_1_1_1	GSE222315_p4_NAT	GSE222315	DF.classifications_0.25_0.005_289	Singlet	pANN_0.25_0.005_289	0.0952380952380952
GSE222315_TGGGATTGTACCGGCT-1_1_1_1_1	GSE222315_p4_NAT	GSE222315	DF.classifications_0.25_0.005_289	Singlet	pANN_0.25_0.005_289	0.261904761904762
GSE222315_TGGGATTGTCGCACGT-1_1_1_1_1	GSE222315_p4_NAT	GSE222315	DF.classifications_0.25_0.005_289	Singlet	pANN_0.25_0.005_289	0.0714285714285714
GSE222315_TGGGATTGTCTCACAA-1_1_1_1_1	GSE222315_p4_NAT	GSE222315	DF.classifications_0.25_0.005_289	Singlet	pANN_0.25_0.005_289	0.238095238095238
GSE222315_TGGGATTTCCAAACCA-1_1_1_1_1	GSE222315_p4_NAT	GSE222315	DF.classifications_0.25_0.005_289	Singlet	pANN_0.25_0.005_289	0.0952380952380952
GSE222315_TGGGATTTCTCCAATT-1_1_1_1_1	GSE222315_p4_NAT	GSE222315	DF.classifications_0.25_0.005_289	Singlet	pANN_0.25_0.005_289	0.19047619047619
GSE222315_TGGGCGTCAAGAGCTG-1_1_1_1_1	GSE222315_p4_NAT	GSE222315	DF.classifications_0.25_0.005_289	Singlet	pANN_0.25_0.005_289	0.166666666666667
GSE222315_TGGGCGTCACAAGTTC-1_1_1_1_1	GSE222315_p4_NAT	GSE222315	DF.classifications_0.25_0.005_289	Singlet	pANN_0.25_0.005_289	0.333333333333333
GSE222315_TGGGCGTCAGAAATTG-1_1_1_1_1	GSE222315_p4_NAT	GSE222315	DF.classifications_0.25_0.005_289	Singlet	pANN_0.25_0.005_289	0.285714285714286
GSE222315_TGGGCGTGTACGGATG-1_1_1_1_1	GSE222315_p4_NAT	GSE222315	DF.classifications_0.25_0.005_289	Singlet	pANN_0.25_0.005_289	0.238095238095238
GSE222315_TGGGCGTGTATAGGAT-1_1_1_1_1	GSE222315_p4_NAT	GSE222315	DF.classifications_0.25_0.005_289	Singlet	pANN_0.25_0.005_289	0.0238095238095238
GSE222315_TGGGCGTGTCCTCATC-1_1_1_1_1	GSE222315_p4_NAT	GSE222315	DF.classifications_0.25_0.005_289	Singlet	pANN_0.25_0.005_289	0.30952380952381
GSE222315_TGGGCGTTCAAACCTG-1_1_1_1_1	GSE222315_p4_NAT	GSE222315	DF.classifications_0.25_0.005_289	Singlet	pANN_0.25_0.005_289	0.333333333333333
GSE222315_TGGGCGTTCAAGTCTG-1_1_1_1_1	GSE222315_p4_NAT	GSE222315	DF.classifications_0.25_0.005_289	Singlet	pANN_0.25_0.005_289	0.357142857142857
GSE222315_TGGGCGTTCCATCACC-1_1_1_1_1	GSE222315_p4_NAT	GSE222315	DF.classifications_0.25_0.005_289	Singlet	pANN_0.25_0.005_289	0.119047619047619
GSE222315_TGGGCGTTCCGTGTCT-1_1_1_1_1	GSE222315_p4_NAT	GSE222315	DF.classifications_0.25_0.005_289	Singlet	pANN_0.25_0.005_289	0.428571428571429
GSE222315_TGGGCGTTCGCAACAT-1_1_1_1_1	GSE222315_p4_NAT	GSE222315	DF.classifications_0.25_0.005_289	Singlet	pANN_0.25_0.005_289	0.285714285714286
GSE222315_TGGGCTGAGCTCACTA-1_1_1_1_1	GSE222315_p4_NAT	GSE222315	DF.classifications_0.25_0.005_289	Singlet	pANN_0.25_0.005_289	0.0952380952380952
GSE222315_TGGGCTGGTAGCGTTT-1_1_1_1_1	GSE222315_p4_NAT	GSE222315	DF.classifications_0.25_0.005_289	Singlet	pANN_0.25_0.005_289	0.261904761904762
GSE222315_TGGGCTGGTCCGGTGT-1_1_1_1_1	GSE222315_p4_NAT	GSE222315	DF.classifications_0.25_0.005_289	Singlet	pANN_0.25_0.005_289	0.119047619047619
GSE222315_TGGGCTGGTTCCCACT-1_1_1_1_1	GSE222315_p4_NAT	GSE222315	DF.classifications_0.25_0.005_289	Singlet	pANN_0.25_0.005_289	0.0952380952380952
GSE222315_TGGGCTGTCCGCACTT-1_1_1_1_1	GSE222315_p4_NAT	GSE222315	DF.classifications_0.25_0.005_289	Singlet	pANN_0.25_0.005_289	0.261904761904762
GSE222315_TGGGTTAAGCATCTTG-1_1_1_1_1	GSE222315_p4_NAT	GSE222315	DF.classifications_0.25_0.005_289	Singlet	pANN_0.25_0.005_289	0.166666666666667
GSE222315_TGGGTTAAGCCTCATA-1_1_1_1_1	GSE222315_p4_NAT	GSE222315	DF.classifications_0.25_0.005_289	Singlet	pANN_0.25_0.005_289	0.119047619047619
GSE222315_TGGGTTACACAAATCC-1_1_1_1_1	GSE222315_p4_NAT	GSE222315	DF.classifications_0.25_0.005_289	Singlet	pANN_0.25_0.005_289	0.119047619047619
GSE222315_TGGGTTAGTGTCACAT-1_1_1_1_1	GSE222315_p4_NAT	GSE222315	DF.classifications_0.25_0.005_289	Singlet	pANN_0.25_0.005_289	0.0952380952380952
GSE222315_TGGGTTATCTAAGCGT-1_1_1_1_1	GSE222315_p4_NAT	GSE222315	DF.classifications_0.25_0.005_289	Singlet	pANN_0.25_0.005_289	0.238095238095238
GSE222315_TGGGTTATCTCGCAGG-1_1_1_1_1	GSE222315_p4_NAT	GSE222315	DF.classifications_0.25_0.005_289	Singlet	pANN_0.25_0.005_289	0.357142857142857
GSE222315_TGGTACAAGCTTAGTC-1_1_1_1_1	GSE222315_p4_NAT	GSE222315	DF.classifications_0.25_0.005_289	Singlet	pANN_0.25_0.005_289	0.357142857142857
GSE222315_TGGTACAAGGTCGAGT-1_1_1_1_1	GSE222315_p4_NAT	GSE222315	DF.classifications_0.25_0.005_289	Singlet	pANN_0.25_0.005_289	0.30952380952381
GSE222315_TGGTACACACACACTA-1_1_1_1_1	GSE222315_p4_NAT	GSE222315	DF.classifications_0.25_0.005_289	Doublet	pANN_0.25_0.005_289	0.5
GSE222315_TGGTACAGTATCGGTT-1_1_1_1_1	GSE222315_p4_NAT	GSE222315	DF.classifications_0.25_0.005_289	Singlet	pANN_0.25_0.005_289	0.30952380952381
GSE222315_TGGTACAGTTACGGAG-1_1_1_1_1	GSE222315_p4_NAT	GSE222315	DF.classifications_0.25_0.005_289	Singlet	pANN_0.25_0.005_289	0.238095238095238
GSE222315_TGGTACATCCTCTTTC-1_1_1_1_1	GSE222315_p4_NAT	GSE222315	DF.classifications_0.25_0.005_289	Singlet	pANN_0.25_0.005_289	0
GSE222315_TGGTACATCGCCAGAC-1_1_1_1_1	GSE222315_p4_NAT	GSE222315	DF.classifications_0.25_0.005_289	Singlet	pANN_0.25_0.005_289	0.0714285714285714
GSE222315_TGGTACATCTGACCCT-1_1_1_1_1	GSE222315_p4_NAT	GSE222315	DF.classifications_0.25_0.005_289	Singlet	pANN_0.25_0.005_289	0.30952380952381
GSE222315_TGGTAGTAGCGTCGAA-1_1_1_1_1	GSE222315_p4_NAT	GSE222315	DF.classifications_0.25_0.005_289	Singlet	pANN_0.25_0.005_289	0.214285714285714
GSE222315_TGGTAGTAGGTCATAA-1_1_1_1_1	GSE222315_p4_NAT	GSE222315	DF.classifications_0.25_0.005_289	Singlet	pANN_0.25_0.005_289	0
GSE222315_TGGTAGTCAAACTGCT-1_1_1_1_1	GSE222315_p4_NAT	GSE222315	DF.classifications_0.25_0.005_289	Singlet	pANN_0.25_0.005_289	0.0476190476190476
GSE222315_TGGTAGTCAGCTTCCT-1_1_1_1_1	GSE222315_p4_NAT	GSE222315	DF.classifications_0.25_0.005_289	Singlet	pANN_0.25_0.005_289	0.0238095238095238
GSE222315_TGGTAGTGTCGGTGTC-1_1_1_1_1	GSE222315_p4_NAT	GSE222315	DF.classifications_0.25_0.005_289	Singlet	pANN_0.25_0.005_289	0
GSE222315_TGGTGATAGAGCTGAC-1_1_1_1_1	GSE222315_p4_NAT	GSE222315	DF.classifications_0.25_0.005_289	Singlet	pANN_0.25_0.005_289	0.166666666666667
GSE222315_TGGTGATAGCGAGGAG-1_1_1_1_1	GSE222315_p4_NAT	GSE222315	DF.classifications_0.25_0.005_289	Singlet	pANN_0.25_0.005_289	0.0714285714285714
GSE222315_TGGTGATCACCGTACG-1_1_1_1_1	GSE222315_p4_NAT	GSE222315	DF.classifications_0.25_0.005_289	Singlet	pANN_0.25_0.005_289	0
GSE222315_TGGTGATTCCAGCCTT-1_1_1_1_1	GSE222315_p4_NAT	GSE222315	DF.classifications_0.25_0.005_289	Singlet	pANN_0.25_0.005_289	0.214285714285714
GSE222315_TGGTGATTCGCAAGAG-1_1_1_1_1	GSE222315_p4_NAT	GSE222315	DF.classifications_0.25_0.005_289	Doublet	pANN_0.25_0.005_289	0.738095238095238
GSE222315_TGGTGATTCGCCTTTG-1_1_1_1_1	GSE222315_p4_NAT	GSE222315	DF.classifications_0.25_0.005_289	Singlet	pANN_0.25_0.005_289	0
GSE222315_TGGTGATTCTCACCCA-1_1_1_1_1	GSE222315_p4_NAT	GSE222315	DF.classifications_0.25_0.005_289	Singlet	pANN_0.25_0.005_289	0.238095238095238
GSE222315_TGGTTAGAGATTAGCA-1_1_1_1_1	GSE222315_p4_NAT	GSE222315	DF.classifications_0.25_0.005_289	Singlet	pANN_0.25_0.005_289	0.238095238095238
GSE222315_TGGTTAGAGGTCATAA-1_1_1_1_1	GSE222315_p4_NAT	GSE222315	DF.classifications_0.25_0.005_289	Singlet	pANN_0.25_0.005_289	0.0952380952380952
GSE222315_TGGTTAGAGTAATTGG-1_1_1_1_1	GSE222315_p4_NAT	GSE222315	DF.classifications_0.25_0.005_289	Singlet	pANN_0.25_0.005_289	0.166666666666667
GSE222315_TGGTTAGCATCGTTCC-1_1_1_1_1	GSE222315_p4_NAT	GSE222315	DF.classifications_0.25_0.005_289	Singlet	pANN_0.25_0.005_289	0
GSE222315_TGGTTAGGTCAAAGTA-1_1_1_1_1	GSE222315_p4_NAT	GSE222315	DF.classifications_0.25_0.005_289	Doublet	pANN_0.25_0.005_289	0.476190476190476
GSE222315_TGGTTAGGTCACGACC-1_1_1_1_1	GSE222315_p4_NAT	GSE222315	DF.classifications_0.25_0.005_289	Singlet	pANN_0.25_0.005_289	0.261904761904762
GSE222315_TGGTTAGGTGAGATTA-1_1_1_1_1	GSE222315_p4_NAT	GSE222315	DF.classifications_0.25_0.005_289	Singlet	pANN_0.25_0.005_289	0
GSE222315_TGGTTAGTCCCGAATA-1_1_1_1_1	GSE222315_p4_NAT	GSE222315	DF.classifications_0.25_0.005_289	Singlet	pANN_0.25_0.005_289	0.0238095238095238
GSE222315_TGGTTAGTCTAAGCGT-1_1_1_1_1	GSE222315_p4_NAT	GSE222315	DF.classifications_0.25_0.005_289	Singlet	pANN_0.25_0.005_289	0.30952380952381
GSE222315_TGTAACGAGATACAGT-1_1_1_1_1	GSE222315_p4_NAT	GSE222315	DF.classifications_0.25_0.005_289	Singlet	pANN_0.25_0.005_289	0.166666666666667
GSE222315_TGTAACGAGCGCATCC-1_1_1_1_1	GSE222315_p4_NAT	GSE222315	DF.classifications_0.25_0.005_289	Singlet	pANN_0.25_0.005_289	0.0952380952380952
GSE222315_TGTAACGCAAATAGCA-1_1_1_1_1	GSE222315_p4_NAT	GSE222315	DF.classifications_0.25_0.005_289	Singlet	pANN_0.25_0.005_289	0.0714285714285714
GSE222315_TGTAACGCACATACTG-1_1_1_1_1	GSE222315_p4_NAT	GSE222315	DF.classifications_0.25_0.005_289	Singlet	pANN_0.25_0.005_289	0.166666666666667
GSE222315_TGTAACGCACGACGAA-1_1_1_1_1	GSE222315_p4_NAT	GSE222315	DF.classifications_0.25_0.005_289	Singlet	pANN_0.25_0.005_289	0.357142857142857
GSE222315_TGTAACGCAGAATGTA-1_1_1_1_1	GSE222315_p4_NAT	GSE222315	DF.classifications_0.25_0.005_289	Singlet	pANN_0.25_0.005_289	0.19047619047619
GSE222315_TGTAACGGTTTCTATC-1_1_1_1_1	GSE222315_p4_NAT	GSE222315	DF.classifications_0.25_0.005_289	Singlet	pANN_0.25_0.005_289	0.166666666666667
GSE222315_TGTAACGTCCAGCTCT-1_1_1_1_1	GSE222315_p4_NAT	GSE222315	DF.classifications_0.25_0.005_289	Singlet	pANN_0.25_0.005_289	0.261904761904762
GSE222315_TGTAACGTCTCATAGG-1_1_1_1_1	GSE222315_p4_NAT	GSE222315	DF.classifications_0.25_0.005_289	Singlet	pANN_0.25_0.005_289	0.333333333333333
GSE222315_TGTAAGCCAAGCACAG-1_1_1_1_1	GSE222315_p4_NAT	GSE222315	DF.classifications_0.25_0.005_289	Singlet	pANN_0.25_0.005_289	0.333333333333333
GSE222315_TGTAAGCCACTCTGCT-1_1_1_1_1	GSE222315_p4_NAT	GSE222315	DF.classifications_0.25_0.005_289	Singlet	pANN_0.25_0.005_289	0.404761904761905
GSE222315_TGTAAGCCAGCGCGTT-1_1_1_1_1	GSE222315_p4_NAT	GSE222315	DF.classifications_0.25_0.005_289	Singlet	pANN_0.25_0.005_289	0.119047619047619
GSE222315_TGTAAGCGTAGACGTG-1_1_1_1_1	GSE222315_p4_NAT	GSE222315	DF.classifications_0.25_0.005_289	Singlet	pANN_0.25_0.005_289	0.380952380952381
GSE222315_TGTAAGCGTCGTTCAA-1_1_1_1_1	GSE222315_p4_NAT	GSE222315	DF.classifications_0.25_0.005_289	Singlet	pANN_0.25_0.005_289	0.285714285714286
GSE222315_TGTAAGCGTGGACCAA-1_1_1_1_1	GSE222315_p4_NAT	GSE222315	DF.classifications_0.25_0.005_289	Doublet	pANN_0.25_0.005_289	0.642857142857143
GSE222315_TGTAAGCGTTAAACCC-1_1_1_1_1	GSE222315_p4_NAT	GSE222315	DF.classifications_0.25_0.005_289	Singlet	pANN_0.25_0.005_289	0
GSE222315_TGTACAGAGCCGAATG-1_1_1_1_1	GSE222315_p4_NAT	GSE222315	DF.classifications_0.25_0.005_289	Singlet	pANN_0.25_0.005_289	0
GSE222315_TGTACAGAGCGAACTG-1_1_1_1_1	GSE222315_p4_NAT	GSE222315	DF.classifications_0.25_0.005_289	Singlet	pANN_0.25_0.005_289	0.0238095238095238
GSE222315_TGTACAGCAAGCGGAT-1_1_1_1_1	GSE222315_p4_NAT	GSE222315	DF.classifications_0.25_0.005_289	Singlet	pANN_0.25_0.005_289	0.214285714285714
GSE222315_TGTACAGCATCCTTGC-1_1_1_1_1	GSE222315_p4_NAT	GSE222315	DF.classifications_0.25_0.005_289	Doublet	pANN_0.25_0.005_289	0.476190476190476
GSE222315_TGTACAGTCAGCTGTA-1_1_1_1_1	GSE222315_p4_NAT	GSE222315	DF.classifications_0.25_0.005_289	Singlet	pANN_0.25_0.005_289	0.30952380952381
GSE222315_TGTACAGTCCCTCGAT-1_1_1_1_1	GSE222315_p4_NAT	GSE222315	DF.classifications_0.25_0.005_289	Singlet	pANN_0.25_0.005_289	0.19047619047619
GSE222315_TGTAGACAGTACAGAT-1_1_1_1_1	GSE222315_p4_NAT	GSE222315	DF.classifications_0.25_0.005_289	Singlet	pANN_0.25_0.005_289	0.166666666666667
GSE222315_TGTAGACAGTGATAGT-1_1_1_1_1	GSE222315_p4_NAT	GSE222315	DF.classifications_0.25_0.005_289	Singlet	pANN_0.25_0.005_289	0.261904761904762
GSE222315_TGTAGACCACCTGTCT-1_1_1_1_1	GSE222315_p4_NAT	GSE222315	DF.classifications_0.25_0.005_289	Singlet	pANN_0.25_0.005_289	0.0476190476190476
GSE222315_TGTAGACCAGCGAACA-1_1_1_1_1	GSE222315_p4_NAT	GSE222315	DF.classifications_0.25_0.005_289	Singlet	pANN_0.25_0.005_289	0.214285714285714
GSE222315_TGTAGACGTCCAGCCA-1_1_1_1_1	GSE222315_p4_NAT	GSE222315	DF.classifications_0.25_0.005_289	Singlet	pANN_0.25_0.005_289	0
GSE222315_TGTAGACTCGCTAAAC-1_1_1_1_1	GSE222315_p4_NAT	GSE222315	DF.classifications_0.25_0.005_289	Singlet	pANN_0.25_0.005_289	0.0952380952380952
GSE222315_TGTCAGAAGCGCTGCT-1_1_1_1_1	GSE222315_p4_NAT	GSE222315	DF.classifications_0.25_0.005_289	Doublet	pANN_0.25_0.005_289	0.476190476190476
GSE222315_TGTCAGAAGTAGTCTC-1_1_1_1_1	GSE222315_p4_NAT	GSE222315	DF.classifications_0.25_0.005_289	Singlet	pANN_0.25_0.005_289	0.0714285714285714
GSE222315_TGTCAGATCGCGTTTC-1_1_1_1_1	GSE222315_p4_NAT	GSE222315	DF.classifications_0.25_0.005_289	Singlet	pANN_0.25_0.005_289	0.0238095238095238
GSE222315_TGTCCACAGGTTGTTC-1_1_1_1_1	GSE222315_p4_NAT	GSE222315	DF.classifications_0.25_0.005_289	Singlet	pANN_0.25_0.005_289	0.0714285714285714
GSE222315_TGTCCACCAACTTCTT-1_1_1_1_1	GSE222315_p4_NAT	GSE222315	DF.classifications_0.25_0.005_289	Singlet	pANN_0.25_0.005_289	0.214285714285714
GSE222315_TGTCCACCAAGACAAT-1_1_1_1_1	GSE222315_p4_NAT	GSE222315	DF.classifications_0.25_0.005_289	Singlet	pANN_0.25_0.005_289	0.238095238095238
GSE222315_TGTCCACCATACGCAT-1_1_1_1_1	GSE222315_p4_NAT	GSE222315	DF.classifications_0.25_0.005_289	Singlet	pANN_0.25_0.005_289	0.261904761904762
GSE222315_TGTCCACGTCTCACGG-1_1_1_1_1	GSE222315_p4_NAT	GSE222315	DF.classifications_0.25_0.005_289	Singlet	pANN_0.25_0.005_289	0.19047619047619
GSE222315_TGTCCACGTCTGATCA-1_1_1_1_1	GSE222315_p4_NAT	GSE222315	DF.classifications_0.25_0.005_289	Singlet	pANN_0.25_0.005_289	0.0476190476190476
GSE222315_TGTCCACTCAAGATAG-1_1_1_1_1	GSE222315_p4_NAT	GSE222315	DF.classifications_0.25_0.005_289	Singlet	pANN_0.25_0.005_289	0.142857142857143
GSE222315_TGTCCACTCATACGGT-1_1_1_1_1	GSE222315_p4_NAT	GSE222315	DF.classifications_0.25_0.005_289	Singlet	pANN_0.25_0.005_289	0.166666666666667
GSE222315_TGTCCACTCCCTTGGT-1_1_1_1_1	GSE222315_p4_NAT	GSE222315	DF.classifications_0.25_0.005_289	Singlet	pANN_0.25_0.005_289	0.404761904761905
GSE222315_TGTCCCAAGGTTCCAT-1_1_1_1_1	GSE222315_p4_NAT	GSE222315	DF.classifications_0.25_0.005_289	Doublet	pANN_0.25_0.005_289	0.476190476190476
GSE222315_TGTCCCAAGTAGGAAG-1_1_1_1_1	GSE222315_p4_NAT	GSE222315	DF.classifications_0.25_0.005_289	Singlet	pANN_0.25_0.005_289	0.30952380952381
GSE222315_TGTCCCACATGGATCT-1_1_1_1_1	GSE222315_p4_NAT	GSE222315	DF.classifications_0.25_0.005_289	Singlet	pANN_0.25_0.005_289	0.261904761904762
GSE222315_TGTCCCAGTACGTGAG-1_1_1_1_1	GSE222315_p4_NAT	GSE222315	DF.classifications_0.25_0.005_289	Singlet	pANN_0.25_0.005_289	0.30952380952381
GSE222315_TGTCCCATCACCGGTG-1_1_1_1_1	GSE222315_p4_NAT	GSE222315	DF.classifications_0.25_0.005_289	Singlet	pANN_0.25_0.005_289	0.0714285714285714
GSE222315_TGTCCCATCCAGCAAT-1_1_1_1_1	GSE222315_p4_NAT	GSE222315	DF.classifications_0.25_0.005_289	Singlet	pANN_0.25_0.005_289	0.0714285714285714
GSE222315_TGTCCCATCGCTATTT-1_1_1_1_1	GSE222315_p4_NAT	GSE222315	DF.classifications_0.25_0.005_289	Singlet	pANN_0.25_0.005_289	0.166666666666667
GSE222315_TGTCCTGAGATCGCCC-1_1_1_1_1	GSE222315_p4_NAT	GSE222315	DF.classifications_0.25_0.005_289	Singlet	pANN_0.25_0.005_289	0.142857142857143
GSE222315_TGTCCTGGTCATATGC-1_1_1_1_1	GSE222315_p4_NAT	GSE222315	DF.classifications_0.25_0.005_289	Singlet	pANN_0.25_0.005_289	0.214285714285714
GSE222315_TGTCCTGGTCGATTTG-1_1_1_1_1	GSE222315_p4_NAT	GSE222315	DF.classifications_0.25_0.005_289	Singlet	pANN_0.25_0.005_289	0.0714285714285714
GSE222315_TGTCCTGGTTAAGGGC-1_1_1_1_1	GSE222315_p4_NAT	GSE222315	DF.classifications_0.25_0.005_289	Singlet	pANN_0.25_0.005_289	0.0476190476190476
GSE222315_TGTCCTGTCCAAGAGG-1_1_1_1_1	GSE222315_p4_NAT	GSE222315	DF.classifications_0.25_0.005_289	Singlet	pANN_0.25_0.005_289	0.0952380952380952
GSE222315_TGTCCTGTCTTTGCGC-1_1_1_1_1	GSE222315_p4_NAT	GSE222315	DF.classifications_0.25_0.005_289	Doublet	pANN_0.25_0.005_289	0.642857142857143
GSE222315_TGTGAGTGTCACTCAA-1_1_1_1_1	GSE222315_p4_NAT	GSE222315	DF.classifications_0.25_0.005_289	Singlet	pANN_0.25_0.005_289	0.0238095238095238
GSE222315_TGTGAGTGTCCAAATC-1_1_1_1_1	GSE222315_p4_NAT	GSE222315	DF.classifications_0.25_0.005_289	Singlet	pANN_0.25_0.005_289	0.0238095238095238
GSE222315_TGTGAGTTCTGCGTCT-1_1_1_1_1	GSE222315_p4_NAT	GSE222315	DF.classifications_0.25_0.005_289	Singlet	pANN_0.25_0.005_289	0.333333333333333
GSE222315_TGTGATGAGCTGTGCC-1_1_1_1_1	GSE222315_p4_NAT	GSE222315	DF.classifications_0.25_0.005_289	Singlet	pANN_0.25_0.005_289	0.166666666666667
GSE222315_TGTGATGAGGGCCTCT-1_1_1_1_1	GSE222315_p4_NAT	GSE222315	DF.classifications_0.25_0.005_289	Singlet	pANN_0.25_0.005_289	0
GSE222315_TGTGATGAGTAAATGC-1_1_1_1_1	GSE222315_p4_NAT	GSE222315	DF.classifications_0.25_0.005_289	Singlet	pANN_0.25_0.005_289	0.0952380952380952
GSE222315_TGTGATGCACTTCTCG-1_1_1_1_1	GSE222315_p4_NAT	GSE222315	DF.classifications_0.25_0.005_289	Singlet	pANN_0.25_0.005_289	0.0952380952380952
GSE222315_TGTGATGGTTATGTCG-1_1_1_1_1	GSE222315_p4_NAT	GSE222315	DF.classifications_0.25_0.005_289	Singlet	pANN_0.25_0.005_289	0.214285714285714
GSE222315_TGTGATGTCACAAGGG-1_1_1_1_1	GSE222315_p4_NAT	GSE222315	DF.classifications_0.25_0.005_289	Singlet	pANN_0.25_0.005_289	0.0238095238095238
GSE222315_TGTGATGTCATTGCGA-1_1_1_1_1	GSE222315_p4_NAT	GSE222315	DF.classifications_0.25_0.005_289	Singlet	pANN_0.25_0.005_289	0
GSE222315_TGTGATGTCGTTGTGA-1_1_1_1_1	GSE222315_p4_NAT	GSE222315	DF.classifications_0.25_0.005_289	Singlet	pANN_0.25_0.005_289	0.0238095238095238
GSE222315_TGTGCGGAGAGAGGGC-1_1_1_1_1	GSE222315_p4_NAT	GSE222315	DF.classifications_0.25_0.005_289	Singlet	pANN_0.25_0.005_289	0.30952380952381
GSE222315_TGTGCGGCAAACCGGA-1_1_1_1_1	GSE222315_p4_NAT	GSE222315	DF.classifications_0.25_0.005_289	Singlet	pANN_0.25_0.005_289	0.119047619047619
GSE222315_TGTGCGGCAACACAGG-1_1_1_1_1	GSE222315_p4_NAT	GSE222315	DF.classifications_0.25_0.005_289	Singlet	pANN_0.25_0.005_289	0.166666666666667
GSE222315_TGTGCGGGTAGCTGCC-1_1_1_1_1	GSE222315_p4_NAT	GSE222315	DF.classifications_0.25_0.005_289	Singlet	pANN_0.25_0.005_289	0
GSE222315_TGTGCGGGTATGCGGA-1_1_1_1_1	GSE222315_p4_NAT	GSE222315	DF.classifications_0.25_0.005_289	Singlet	pANN_0.25_0.005_289	0.0238095238095238
GSE222315_TGTGCGGGTTATTCTC-1_1_1_1_1	GSE222315_p4_NAT	GSE222315	DF.classifications_0.25_0.005_289	Singlet	pANN_0.25_0.005_289	0
GSE222315_TGTGGCGCACTCCACT-1_1_1_1_1	GSE222315_p4_NAT	GSE222315	DF.classifications_0.25_0.005_289	Singlet	pANN_0.25_0.005_289	0.0476190476190476
GSE222315_TGTGTGAAGGGCGAAG-1_1_1_1_1	GSE222315_p4_NAT	GSE222315	DF.classifications_0.25_0.005_289	Singlet	pANN_0.25_0.005_289	0.0238095238095238
GSE222315_TGTGTGACAGGGTCTC-1_1_1_1_1	GSE222315_p4_NAT	GSE222315	DF.classifications_0.25_0.005_289	Singlet	pANN_0.25_0.005_289	0.0476190476190476
GSE222315_TGTGTGAGTACGATGG-1_1_1_1_1	GSE222315_p4_NAT	GSE222315	DF.classifications_0.25_0.005_289	Singlet	pANN_0.25_0.005_289	0.0476190476190476
GSE222315_TGTGTGAGTGGTCTCG-1_1_1_1_1	GSE222315_p4_NAT	GSE222315	DF.classifications_0.25_0.005_289	Singlet	pANN_0.25_0.005_289	0.380952380952381
GSE222315_TGTGTGAGTTTACACG-1_1_1_1_1	GSE222315_p4_NAT	GSE222315	DF.classifications_0.25_0.005_289	Doublet	pANN_0.25_0.005_289	0.452380952380952
GSE222315_TGTGTGATCATCGCTC-1_1_1_1_1	GSE222315_p4_NAT	GSE222315	DF.classifications_0.25_0.005_289	Singlet	pANN_0.25_0.005_289	0.19047619047619
GSE222315_TGTGTGATCCCGATCT-1_1_1_1_1	GSE222315_p4_NAT	GSE222315	DF.classifications_0.25_0.005_289	Singlet	pANN_0.25_0.005_289	0.142857142857143
GSE222315_TGTGTGATCCTCACGT-1_1_1_1_1	GSE222315_p4_NAT	GSE222315	DF.classifications_0.25_0.005_289	Singlet	pANN_0.25_0.005_289	0.119047619047619
GSE222315_TGTTACTAGCACTGGA-1_1_1_1_1	GSE222315_p4_NAT	GSE222315	DF.classifications_0.25_0.005_289	Singlet	pANN_0.25_0.005_289	0.142857142857143
GSE222315_TGTTACTCAAGCGAAC-1_1_1_1_1	GSE222315_p4_NAT	GSE222315	DF.classifications_0.25_0.005_289	Singlet	pANN_0.25_0.005_289	0.19047619047619
GSE222315_TGTTACTTCACCGACG-1_1_1_1_1	GSE222315_p4_NAT	GSE222315	DF.classifications_0.25_0.005_289	Singlet	pANN_0.25_0.005_289	0.142857142857143
GSE222315_TGTTACTTCGAGTGGA-1_1_1_1_1	GSE222315_p4_NAT	GSE222315	DF.classifications_0.25_0.005_289	Singlet	pANN_0.25_0.005_289	0.119047619047619
GSE222315_TGTTCATAGGAGCAAA-1_1_1_1_1	GSE222315_p4_NAT	GSE222315	DF.classifications_0.25_0.005_289	Singlet	pANN_0.25_0.005_289	0.238095238095238
GSE222315_TGTTCATCAAGCTCTA-1_1_1_1_1	GSE222315_p4_NAT	GSE222315	DF.classifications_0.25_0.005_289	Singlet	pANN_0.25_0.005_289	0
GSE222315_TGTTCATCAATCAGCT-1_1_1_1_1	GSE222315_p4_NAT	GSE222315	DF.classifications_0.25_0.005_289	Singlet	pANN_0.25_0.005_289	0.0952380952380952
GSE222315_TGTTCATCACAATGAA-1_1_1_1_1	GSE222315_p4_NAT	GSE222315	DF.classifications_0.25_0.005_289	Singlet	pANN_0.25_0.005_289	0.0238095238095238
GSE222315_TGTTCATCAGGCACTC-1_1_1_1_1	GSE222315_p4_NAT	GSE222315	DF.classifications_0.25_0.005_289	Singlet	pANN_0.25_0.005_289	0.238095238095238
GSE222315_TGTTCATGTATTTCCT-1_1_1_1_1	GSE222315_p4_NAT	GSE222315	DF.classifications_0.25_0.005_289	Singlet	pANN_0.25_0.005_289	0.0476190476190476
GSE222315_TGTTCCGAGTGGAATT-1_1_1_1_1	GSE222315_p4_NAT	GSE222315	DF.classifications_0.25_0.005_289	Singlet	pANN_0.25_0.005_289	0.285714285714286
GSE222315_TGTTCCGCACTCCTGT-1_1_1_1_1	GSE222315_p4_NAT	GSE222315	DF.classifications_0.25_0.005_289	Singlet	pANN_0.25_0.005_289	0.285714285714286
GSE222315_TGTTCCGCACTGGAAG-1_1_1_1_1	GSE222315_p4_NAT	GSE222315	DF.classifications_0.25_0.005_289	Singlet	pANN_0.25_0.005_289	0.19047619047619
GSE222315_TGTTCCGCAGAACTCT-1_1_1_1_1	GSE222315_p4_NAT	GSE222315	DF.classifications_0.25_0.005_289	Singlet	pANN_0.25_0.005_289	0.357142857142857
GSE222315_TGTTCCGGTCGTATGT-1_1_1_1_1	GSE222315_p4_NAT	GSE222315	DF.classifications_0.25_0.005_289	Singlet	pANN_0.25_0.005_289	0.0952380952380952
GSE222315_TGTTCCGGTTCGGCCA-1_1_1_1_1	GSE222315_p4_NAT	GSE222315	DF.classifications_0.25_0.005_289	Singlet	pANN_0.25_0.005_289	0.0952380952380952
GSE222315_TGTTCCGTCATGGAGG-1_1_1_1_1	GSE222315_p4_NAT	GSE222315	DF.classifications_0.25_0.005_289	Singlet	pANN_0.25_0.005_289	0.142857142857143
GSE222315_TGTTCCGTCGTCGCTT-1_1_1_1_1	GSE222315_p4_NAT	GSE222315	DF.classifications_0.25_0.005_289	Singlet	pANN_0.25_0.005_289	0.166666666666667
GSE222315_TGTTCTAAGGCATCAG-1_1_1_1_1	GSE222315_p4_NAT	GSE222315	DF.classifications_0.25_0.005_289	Singlet	pANN_0.25_0.005_289	0.238095238095238
GSE222315_TGTTCTACACCGGCTA-1_1_1_1_1	GSE222315_p4_NAT	GSE222315	DF.classifications_0.25_0.005_289	Singlet	pANN_0.25_0.005_289	0.333333333333333
GSE222315_TGTTCTACACCGTCTT-1_1_1_1_1	GSE222315_p4_NAT	GSE222315	DF.classifications_0.25_0.005_289	Singlet	pANN_0.25_0.005_289	0
GSE222315_TGTTCTACAGGCTATT-1_1_1_1_1	GSE222315_p4_NAT	GSE222315	DF.classifications_0.25_0.005_289	Singlet	pANN_0.25_0.005_289	0.404761904761905
GSE222315_TGTTCTATCACCTTAT-1_1_1_1_1	GSE222315_p4_NAT	GSE222315	DF.classifications_0.25_0.005_289	Singlet	pANN_0.25_0.005_289	0.261904761904762
GSE222315_TGTTCTATCTGAATGC-1_1_1_1_1	GSE222315_p4_NAT	GSE222315	DF.classifications_0.25_0.005_289	Singlet	pANN_0.25_0.005_289	0.0476190476190476
GSE222315_TGTTGAGCAACTGATC-1_1_1_1_1	GSE222315_p4_NAT	GSE222315	DF.classifications_0.25_0.005_289	Singlet	pANN_0.25_0.005_289	0.214285714285714
GSE222315_TGTTGAGCAAGGGTCA-1_1_1_1_1	GSE222315_p4_NAT	GSE222315	DF.classifications_0.25_0.005_289	Singlet	pANN_0.25_0.005_289	0.30952380952381
GSE222315_TGTTGAGCAGCAGACA-1_1_1_1_1	GSE222315_p4_NAT	GSE222315	DF.classifications_0.25_0.005_289	Singlet	pANN_0.25_0.005_289	0.0476190476190476
GSE222315_TGTTGAGGTACAAAGT-1_1_1_1_1	GSE222315_p4_NAT	GSE222315	DF.classifications_0.25_0.005_289	Singlet	pANN_0.25_0.005_289	0.333333333333333
GSE222315_TGTTGAGGTACTCCCT-1_1_1_1_1	GSE222315_p4_NAT	GSE222315	DF.classifications_0.25_0.005_289	Singlet	pANN_0.25_0.005_289	0.119047619047619
GSE222315_TGTTGAGGTATGAGAT-1_1_1_1_1	GSE222315_p4_NAT	GSE222315	DF.classifications_0.25_0.005_289	Singlet	pANN_0.25_0.005_289	0.333333333333333
GSE222315_TGTTGAGGTTTCGTGA-1_1_1_1_1	GSE222315_p4_NAT	GSE222315	DF.classifications_0.25_0.005_289	Singlet	pANN_0.25_0.005_289	0.30952380952381
GSE222315_TGTTGAGTCATGCAGT-1_1_1_1_1	GSE222315_p4_NAT	GSE222315	DF.classifications_0.25_0.005_289	Doublet	pANN_0.25_0.005_289	0.476190476190476
GSE222315_TGTTGAGTCTGGGCGT-1_1_1_1_1	GSE222315_p4_NAT	GSE222315	DF.classifications_0.25_0.005_289	Singlet	pANN_0.25_0.005_289	0.166666666666667
GSE222315_TGTTGAGTCTTCGATT-1_1_1_1_1	GSE222315_p4_NAT	GSE222315	DF.classifications_0.25_0.005_289	Singlet	pANN_0.25_0.005_289	0.285714285714286
GSE222315_TGTTGGAAGCCTCTTC-1_1_1_1_1	GSE222315_p4_NAT	GSE222315	DF.classifications_0.25_0.005_289	Singlet	pANN_0.25_0.005_289	0.166666666666667
GSE222315_TGTTGGAAGGTGGGTT-1_1_1_1_1	GSE222315_p4_NAT	GSE222315	DF.classifications_0.25_0.005_289	Singlet	pANN_0.25_0.005_289	0.0476190476190476
GSE222315_TGTTGGACAAAGGCTG-1_1_1_1_1	GSE222315_p4_NAT	GSE222315	DF.classifications_0.25_0.005_289	Singlet	pANN_0.25_0.005_289	0.0238095238095238
GSE222315_TGTTGGACAACCAATC-1_1_1_1_1	GSE222315_p4_NAT	GSE222315	DF.classifications_0.25_0.005_289	Singlet	pANN_0.25_0.005_289	0.142857142857143
GSE222315_TGTTGGACAGCTCCTT-1_1_1_1_1	GSE222315_p4_NAT	GSE222315	DF.classifications_0.25_0.005_289	Singlet	pANN_0.25_0.005_289	0.166666666666667
GSE222315_TGTTGGACATGCAGGA-1_1_1_1_1	GSE222315_p4_NAT	GSE222315	DF.classifications_0.25_0.005_289	Singlet	pANN_0.25_0.005_289	0.214285714285714
GSE222315_TGTTGGAGTAACAAGT-1_1_1_1_1	GSE222315_p4_NAT	GSE222315	DF.classifications_0.25_0.005_289	Singlet	pANN_0.25_0.005_289	0.119047619047619
GSE222315_TGTTGGATCGACGCGT-1_1_1_1_1	GSE222315_p4_NAT	GSE222315	DF.classifications_0.25_0.005_289	Singlet	pANN_0.25_0.005_289	0.0238095238095238
GSE222315_TGTTGGATCGCTAAAC-1_1_1_1_1	GSE222315_p4_NAT	GSE222315	DF.classifications_0.25_0.005_289	Singlet	pANN_0.25_0.005_289	0.261904761904762
GSE222315_TGTTTGTAGCTGTTAC-1_1_1_1_1	GSE222315_p4_NAT	GSE222315	DF.classifications_0.25_0.005_289	Singlet	pANN_0.25_0.005_289	0.0952380952380952
GSE222315_TGTTTGTAGGAACGTC-1_1_1_1_1	GSE222315_p4_NAT	GSE222315	DF.classifications_0.25_0.005_289	Singlet	pANN_0.25_0.005_289	0.261904761904762
GSE222315_TGTTTGTCACATTGTG-1_1_1_1_1	GSE222315_p4_NAT	GSE222315	DF.classifications_0.25_0.005_289	Singlet	pANN_0.25_0.005_289	0.333333333333333
GSE222315_TGTTTGTGTCCTGTCT-1_1_1_1_1	GSE222315_p4_NAT	GSE222315	DF.classifications_0.25_0.005_289	Singlet	pANN_0.25_0.005_289	0.0476190476190476
GSE222315_TGTTTGTTCGATCCCT-1_1_1_1_1	GSE222315_p4_NAT	GSE222315	DF.classifications_0.25_0.005_289	Singlet	pANN_0.25_0.005_289	0.142857142857143
GSE222315_TTAATCCAGGCATGGT-1_1_1_1_1	GSE222315_p4_NAT	GSE222315	DF.classifications_0.25_0.005_289	Singlet	pANN_0.25_0.005_289	0.0952380952380952
GSE222315_TTAATCCCATTGCAAC-1_1_1_1_1	GSE222315_p4_NAT	GSE222315	DF.classifications_0.25_0.005_289	Singlet	pANN_0.25_0.005_289	0.142857142857143
GSE222315_TTAATCCGTTCGGTAT-1_1_1_1_1	GSE222315_p4_NAT	GSE222315	DF.classifications_0.25_0.005_289	Singlet	pANN_0.25_0.005_289	0.285714285714286
GSE222315_TTAATCCTCCTGTTAT-1_1_1_1_1	GSE222315_p4_NAT	GSE222315	DF.classifications_0.25_0.005_289	Singlet	pANN_0.25_0.005_289	0.166666666666667
GSE222315_TTACAGGAGATAGCTA-1_1_1_1_1	GSE222315_p4_NAT	GSE222315	DF.classifications_0.25_0.005_289	Singlet	pANN_0.25_0.005_289	0.0238095238095238
GSE222315_TTACAGGAGATTAGAC-1_1_1_1_1	GSE222315_p4_NAT	GSE222315	DF.classifications_0.25_0.005_289	Singlet	pANN_0.25_0.005_289	0.19047619047619
GSE222315_TTACAGGCACCCTAAA-1_1_1_1_1	GSE222315_p4_NAT	GSE222315	DF.classifications_0.25_0.005_289	Singlet	pANN_0.25_0.005_289	0.166666666666667
GSE222315_TTACAGGCAGAGGCTA-1_1_1_1_1	GSE222315_p4_NAT	GSE222315	DF.classifications_0.25_0.005_289	Singlet	pANN_0.25_0.005_289	0.0238095238095238
GSE222315_TTACAGGCAGCGATTT-1_1_1_1_1	GSE222315_p4_NAT	GSE222315	DF.classifications_0.25_0.005_289	Singlet	pANN_0.25_0.005_289	0.214285714285714
GSE222315_TTACAGGGTCGTTGGC-1_1_1_1_1	GSE222315_p4_NAT	GSE222315	DF.classifications_0.25_0.005_289	Singlet	pANN_0.25_0.005_289	0.261904761904762
GSE222315_TTACAGGTCGTGAGAG-1_1_1_1_1	GSE222315_p4_NAT	GSE222315	DF.classifications_0.25_0.005_289	Singlet	pANN_0.25_0.005_289	0.357142857142857
GSE222315_TTACAGGTCTAAGGAA-1_1_1_1_1	GSE222315_p4_NAT	GSE222315	DF.classifications_0.25_0.005_289	Singlet	pANN_0.25_0.005_289	0.0714285714285714
GSE222315_TTACAGGTCTGGTGCG-1_1_1_1_1	GSE222315_p4_NAT	GSE222315	DF.classifications_0.25_0.005_289	Singlet	pANN_0.25_0.005_289	0.142857142857143
GSE222315_TTACCATAGAGCATCG-1_1_1_1_1	GSE222315_p4_NAT	GSE222315	DF.classifications_0.25_0.005_289	Doublet	pANN_0.25_0.005_289	0.523809523809524
GSE222315_TTACCATGTATCGGTT-1_1_1_1_1	GSE222315_p4_NAT	GSE222315	DF.classifications_0.25_0.005_289	Singlet	pANN_0.25_0.005_289	0.404761904761905
GSE222315_TTACCATGTGGGACAT-1_1_1_1_1	GSE222315_p4_NAT	GSE222315	DF.classifications_0.25_0.005_289	Singlet	pANN_0.25_0.005_289	0.166666666666667
GSE222315_TTACCATGTTGGGTTT-1_1_1_1_1	GSE222315_p4_NAT	GSE222315	DF.classifications_0.25_0.005_289	Doublet	pANN_0.25_0.005_289	0.5
GSE222315_TTACCGCAGACCTCCG-1_1_1_1_1	GSE222315_p4_NAT	GSE222315	DF.classifications_0.25_0.005_289	Singlet	pANN_0.25_0.005_289	0.142857142857143
GSE222315_TTACCGCAGACGTCCC-1_1_1_1_1	GSE222315_p4_NAT	GSE222315	DF.classifications_0.25_0.005_289	Singlet	pANN_0.25_0.005_289	0.214285714285714
GSE222315_TTACCGCCATAGTCGT-1_1_1_1_1	GSE222315_p4_NAT	GSE222315	DF.classifications_0.25_0.005_289	Singlet	pANN_0.25_0.005_289	0.142857142857143
GSE222315_TTACCGCTCCCGTAAA-1_1_1_1_1	GSE222315_p4_NAT	GSE222315	DF.classifications_0.25_0.005_289	Singlet	pANN_0.25_0.005_289	0.0476190476190476
GSE222315_TTACCGCTCCTTGACC-1_1_1_1_1	GSE222315_p4_NAT	GSE222315	DF.classifications_0.25_0.005_289	Singlet	pANN_0.25_0.005_289	0.0238095238095238
GSE222315_TTACGCCAGAACGTGC-1_1_1_1_1	GSE222315_p4_NAT	GSE222315	DF.classifications_0.25_0.005_289	Singlet	pANN_0.25_0.005_289	0.0476190476190476
GSE222315_TTACGCCAGCCTCAGC-1_1_1_1_1	GSE222315_p4_NAT	GSE222315	DF.classifications_0.25_0.005_289	Singlet	pANN_0.25_0.005_289	0.261904761904762
GSE222315_TTACGCCAGGTTACCT-1_1_1_1_1	GSE222315_p4_NAT	GSE222315	DF.classifications_0.25_0.005_289	Singlet	pANN_0.25_0.005_289	0.142857142857143
GSE222315_TTACGCCAGTTGTCAC-1_1_1_1_1	GSE222315_p4_NAT	GSE222315	DF.classifications_0.25_0.005_289	Singlet	pANN_0.25_0.005_289	0.166666666666667
GSE222315_TTACGCCCAGCTCTGG-1_1_1_1_1	GSE222315_p4_NAT	GSE222315	DF.classifications_0.25_0.005_289	Singlet	pANN_0.25_0.005_289	0
GSE222315_TTACGCCTCCTAAACG-1_1_1_1_1	GSE222315_p4_NAT	GSE222315	DF.classifications_0.25_0.005_289	Singlet	pANN_0.25_0.005_289	0
GSE222315_TTACGTTAGCATCCCG-1_1_1_1_1	GSE222315_p4_NAT	GSE222315	DF.classifications_0.25_0.005_289	Singlet	pANN_0.25_0.005_289	0.285714285714286
GSE222315_TTACGTTAGCGACTTT-1_1_1_1_1	GSE222315_p4_NAT	GSE222315	DF.classifications_0.25_0.005_289	Singlet	pANN_0.25_0.005_289	0.261904761904762
GSE222315_TTACGTTCACAGAAGC-1_1_1_1_1	GSE222315_p4_NAT	GSE222315	DF.classifications_0.25_0.005_289	Singlet	pANN_0.25_0.005_289	0.119047619047619
GSE222315_TTACGTTCAGTAGTGG-1_1_1_1_1	GSE222315_p4_NAT	GSE222315	DF.classifications_0.25_0.005_289	Singlet	pANN_0.25_0.005_289	0.0952380952380952
GSE222315_TTACGTTGTGAAGCGT-1_1_1_1_1	GSE222315_p4_NAT	GSE222315	DF.classifications_0.25_0.005_289	Singlet	pANN_0.25_0.005_289	0.142857142857143
GSE222315_TTACGTTGTTGCATAC-1_1_1_1_1	GSE222315_p4_NAT	GSE222315	DF.classifications_0.25_0.005_289	Singlet	pANN_0.25_0.005_289	0.333333333333333
GSE222315_TTACGTTTCCTTACCG-1_1_1_1_1	GSE222315_p4_NAT	GSE222315	DF.classifications_0.25_0.005_289	Singlet	pANN_0.25_0.005_289	0.142857142857143
GSE222315_TTACTGTAGGCCTTCG-1_1_1_1_1	GSE222315_p4_NAT	GSE222315	DF.classifications_0.25_0.005_289	Singlet	pANN_0.25_0.005_289	0.142857142857143
GSE222315_TTACTGTCAAGTGCTT-1_1_1_1_1	GSE222315_p4_NAT	GSE222315	DF.classifications_0.25_0.005_289	Singlet	pANN_0.25_0.005_289	0.19047619047619
GSE222315_TTACTGTCACCCTAAA-1_1_1_1_1	GSE222315_p4_NAT	GSE222315	DF.classifications_0.25_0.005_289	Singlet	pANN_0.25_0.005_289	0.166666666666667
GSE222315_TTACTGTCACTACCGG-1_1_1_1_1	GSE222315_p4_NAT	GSE222315	DF.classifications_0.25_0.005_289	Singlet	pANN_0.25_0.005_289	0.238095238095238
GSE222315_TTACTGTCATGCAGCC-1_1_1_1_1	GSE222315_p4_NAT	GSE222315	DF.classifications_0.25_0.005_289	Singlet	pANN_0.25_0.005_289	0.19047619047619
GSE222315_TTACTGTGTCGGCCTA-1_1_1_1_1	GSE222315_p4_NAT	GSE222315	DF.classifications_0.25_0.005_289	Singlet	pANN_0.25_0.005_289	0.285714285714286
GSE222315_TTACTGTGTGCCGGTT-1_1_1_1_1	GSE222315_p4_NAT	GSE222315	DF.classifications_0.25_0.005_289	Singlet	pANN_0.25_0.005_289	0.0476190476190476
GSE222315_TTACTGTTCAAAGGTA-1_1_1_1_1	GSE222315_p4_NAT	GSE222315	DF.classifications_0.25_0.005_289	Singlet	pANN_0.25_0.005_289	0.0476190476190476
GSE222315_TTACTGTTCGTTAGTG-1_1_1_1_1	GSE222315_p4_NAT	GSE222315	DF.classifications_0.25_0.005_289	Singlet	pANN_0.25_0.005_289	0.19047619047619
GSE222315_TTACTGTTCTTAGTTC-1_1_1_1_1	GSE222315_p4_NAT	GSE222315	DF.classifications_0.25_0.005_289	Singlet	pANN_0.25_0.005_289	0
GSE222315_TTACTGTTCTTTGCGC-1_1_1_1_1	GSE222315_p4_NAT	GSE222315	DF.classifications_0.25_0.005_289	Singlet	pANN_0.25_0.005_289	0.214285714285714
GSE222315_TTAGGCAAGCACTCGC-1_1_1_1_1	GSE222315_p4_NAT	GSE222315	DF.classifications_0.25_0.005_289	Singlet	pANN_0.25_0.005_289	0.357142857142857
GSE222315_TTAGGCACAAGGGCAT-1_1_1_1_1	GSE222315_p4_NAT	GSE222315	DF.classifications_0.25_0.005_289	Singlet	pANN_0.25_0.005_289	0.30952380952381
GSE222315_TTAGGCACATTGTCGA-1_1_1_1_1	GSE222315_p4_NAT	GSE222315	DF.classifications_0.25_0.005_289	Singlet	pANN_0.25_0.005_289	0.119047619047619
GSE222315_TTAGGCAGTATCACCA-1_1_1_1_1	GSE222315_p4_NAT	GSE222315	DF.classifications_0.25_0.005_289	Singlet	pANN_0.25_0.005_289	0.238095238095238
GSE222315_TTAGGCATCATTGCTT-1_1_1_1_1	GSE222315_p4_NAT	GSE222315	DF.classifications_0.25_0.005_289	Singlet	pANN_0.25_0.005_289	0
GSE222315_TTAGGGTAGACGCATG-1_1_1_1_1	GSE222315_p4_NAT	GSE222315	DF.classifications_0.25_0.005_289	Singlet	pANN_0.25_0.005_289	0.214285714285714
GSE222315_TTAGGGTAGGACTAAT-1_1_1_1_1	GSE222315_p4_NAT	GSE222315	DF.classifications_0.25_0.005_289	Singlet	pANN_0.25_0.005_289	0.142857142857143
GSE222315_TTAGGGTCACAAATCC-1_1_1_1_1	GSE222315_p4_NAT	GSE222315	DF.classifications_0.25_0.005_289	Singlet	pANN_0.25_0.005_289	0.0952380952380952
GSE222315_TTAGGGTCAGTTGAAA-1_1_1_1_1	GSE222315_p4_NAT	GSE222315	DF.classifications_0.25_0.005_289	Singlet	pANN_0.25_0.005_289	0.0238095238095238
GSE222315_TTAGGGTGTCCACTTC-1_1_1_1_1	GSE222315_p4_NAT	GSE222315	DF.classifications_0.25_0.005_289	Singlet	pANN_0.25_0.005_289	0.119047619047619
GSE222315_TTAGGGTTCCAAACCA-1_1_1_1_1	GSE222315_p4_NAT	GSE222315	DF.classifications_0.25_0.005_289	Singlet	pANN_0.25_0.005_289	0.0238095238095238
GSE222315_TTAGGGTTCCACGTAA-1_1_1_1_1	GSE222315_p4_NAT	GSE222315	DF.classifications_0.25_0.005_289	Singlet	pANN_0.25_0.005_289	0.119047619047619
GSE222315_TTAGTCTAGGAGGCAG-1_1_1_1_1	GSE222315_p4_NAT	GSE222315	DF.classifications_0.25_0.005_289	Singlet	pANN_0.25_0.005_289	0
GSE222315_TTAGTCTAGGAGGGTG-1_1_1_1_1	GSE222315_p4_NAT	GSE222315	DF.classifications_0.25_0.005_289	Singlet	pANN_0.25_0.005_289	0.30952380952381
GSE222315_TTAGTCTAGGTAAGTT-1_1_1_1_1	GSE222315_p4_NAT	GSE222315	DF.classifications_0.25_0.005_289	Singlet	pANN_0.25_0.005_289	0.166666666666667
GSE222315_TTAGTCTCAACAAAGT-1_1_1_1_1	GSE222315_p4_NAT	GSE222315	DF.classifications_0.25_0.005_289	Singlet	pANN_0.25_0.005_289	0.30952380952381
GSE222315_TTAGTCTCAACACGAG-1_1_1_1_1	GSE222315_p4_NAT	GSE222315	DF.classifications_0.25_0.005_289	Singlet	pANN_0.25_0.005_289	0.333333333333333
GSE222315_TTAGTCTCAACTAGAA-1_1_1_1_1	GSE222315_p4_NAT	GSE222315	DF.classifications_0.25_0.005_289	Singlet	pANN_0.25_0.005_289	0.214285714285714
GSE222315_TTAGTCTCAATGTTGC-1_1_1_1_1	GSE222315_p4_NAT	GSE222315	DF.classifications_0.25_0.005_289	Singlet	pANN_0.25_0.005_289	0.238095238095238
GSE222315_TTAGTCTCACGCCAGT-1_1_1_1_1	GSE222315_p4_NAT	GSE222315	DF.classifications_0.25_0.005_289	Singlet	pANN_0.25_0.005_289	0.0476190476190476
GSE222315_TTAGTCTCATGTCAGT-1_1_1_1_1	GSE222315_p4_NAT	GSE222315	DF.classifications_0.25_0.005_289	Singlet	pANN_0.25_0.005_289	0.19047619047619
GSE222315_TTAGTCTGTTGTTGTG-1_1_1_1_1	GSE222315_p4_NAT	GSE222315	DF.classifications_0.25_0.005_289	Singlet	pANN_0.25_0.005_289	0.214285714285714
GSE222315_TTAGTCTTCAGCCTCT-1_1_1_1_1	GSE222315_p4_NAT	GSE222315	DF.classifications_0.25_0.005_289	Singlet	pANN_0.25_0.005_289	0.0714285714285714
GSE222315_TTAGTCTTCTCGCGTT-1_1_1_1_1	GSE222315_p4_NAT	GSE222315	DF.classifications_0.25_0.005_289	Singlet	pANN_0.25_0.005_289	0
GSE222315_TTATTGCAGATGGCAC-1_1_1_1_1	GSE222315_p4_NAT	GSE222315	DF.classifications_0.25_0.005_289	Singlet	pANN_0.25_0.005_289	0.0952380952380952
GSE222315_TTATTGCAGCTTGTTG-1_1_1_1_1	GSE222315_p4_NAT	GSE222315	DF.classifications_0.25_0.005_289	Singlet	pANN_0.25_0.005_289	0.0476190476190476
GSE222315_TTATTGCCAGCTGTAT-1_1_1_1_1	GSE222315_p4_NAT	GSE222315	DF.classifications_0.25_0.005_289	Singlet	pANN_0.25_0.005_289	0.166666666666667
GSE222315_TTATTGCGTAACACGG-1_1_1_1_1	GSE222315_p4_NAT	GSE222315	DF.classifications_0.25_0.005_289	Singlet	pANN_0.25_0.005_289	0.119047619047619
GSE222315_TTATTGCGTAACGTTC-1_1_1_1_1	GSE222315_p4_NAT	GSE222315	DF.classifications_0.25_0.005_289	Singlet	pANN_0.25_0.005_289	0.0952380952380952
GSE222315_TTATTGCGTCTAGATC-1_1_1_1_1	GSE222315_p4_NAT	GSE222315	DF.classifications_0.25_0.005_289	Singlet	pANN_0.25_0.005_289	0.0238095238095238
GSE222315_TTATTGCGTTTCCATT-1_1_1_1_1	GSE222315_p4_NAT	GSE222315	DF.classifications_0.25_0.005_289	Singlet	pANN_0.25_0.005_289	0.214285714285714
GSE222315_TTATTGCTCCACACCT-1_1_1_1_1	GSE222315_p4_NAT	GSE222315	DF.classifications_0.25_0.005_289	Singlet	pANN_0.25_0.005_289	0.0238095238095238
GSE222315_TTATTGCTCCACGAAT-1_1_1_1_1	GSE222315_p4_NAT	GSE222315	DF.classifications_0.25_0.005_289	Singlet	pANN_0.25_0.005_289	0.19047619047619
GSE222315_TTATTGCTCTCATTGT-1_1_1_1_1	GSE222315_p4_NAT	GSE222315	DF.classifications_0.25_0.005_289	Singlet	pANN_0.25_0.005_289	0.0476190476190476
GSE222315_TTCAATCAGTCTACCA-1_1_1_1_1	GSE222315_p4_NAT	GSE222315	DF.classifications_0.25_0.005_289	Singlet	pANN_0.25_0.005_289	0.142857142857143
GSE222315_TTCAATCGTCGCACAC-1_1_1_1_1	GSE222315_p4_NAT	GSE222315	DF.classifications_0.25_0.005_289	Singlet	pANN_0.25_0.005_289	0.0952380952380952
GSE222315_TTCAATCGTTACGCCG-1_1_1_1_1	GSE222315_p4_NAT	GSE222315	DF.classifications_0.25_0.005_289	Singlet	pANN_0.25_0.005_289	0.261904761904762
GSE222315_TTCAATCTCCCTCGAT-1_1_1_1_1	GSE222315_p4_NAT	GSE222315	DF.classifications_0.25_0.005_289	Singlet	pANN_0.25_0.005_289	0.380952380952381
GSE222315_TTCAATCTCCGATGTA-1_1_1_1_1	GSE222315_p4_NAT	GSE222315	DF.classifications_0.25_0.005_289	Singlet	pANN_0.25_0.005_289	0.166666666666667
GSE222315_TTCAATCTCCTACGAA-1_1_1_1_1	GSE222315_p4_NAT	GSE222315	DF.classifications_0.25_0.005_289	Singlet	pANN_0.25_0.005_289	0.0476190476190476
GSE222315_TTCAATCTCTACTGCC-1_1_1_1_1	GSE222315_p4_NAT	GSE222315	DF.classifications_0.25_0.005_289	Singlet	pANN_0.25_0.005_289	0.142857142857143
GSE222315_TTCACCGAGTACTGGG-1_1_1_1_1	GSE222315_p4_NAT	GSE222315	DF.classifications_0.25_0.005_289	Singlet	pANN_0.25_0.005_289	0.19047619047619
GSE222315_TTCACCGAGTCCCGAC-1_1_1_1_1	GSE222315_p4_NAT	GSE222315	DF.classifications_0.25_0.005_289	Singlet	pANN_0.25_0.005_289	0.0476190476190476
GSE222315_TTCACCGCAGCGTTTA-1_1_1_1_1	GSE222315_p4_NAT	GSE222315	DF.classifications_0.25_0.005_289	Singlet	pANN_0.25_0.005_289	0.0952380952380952
GSE222315_TTCACCGCATTGCCTC-1_1_1_1_1	GSE222315_p4_NAT	GSE222315	DF.classifications_0.25_0.005_289	Singlet	pANN_0.25_0.005_289	0.0238095238095238
GSE222315_TTCACCGGTTAAACCC-1_1_1_1_1	GSE222315_p4_NAT	GSE222315	DF.classifications_0.25_0.005_289	Singlet	pANN_0.25_0.005_289	0
GSE222315_TTCACCGGTTCCTTGC-1_1_1_1_1	GSE222315_p4_NAT	GSE222315	DF.classifications_0.25_0.005_289	Singlet	pANN_0.25_0.005_289	0.0238095238095238
GSE222315_TTCACCGTCTGAATCG-1_1_1_1_1	GSE222315_p4_NAT	GSE222315	DF.classifications_0.25_0.005_289	Singlet	pANN_0.25_0.005_289	0.214285714285714
GSE222315_TTCACCGTCTGAGAAA-1_1_1_1_1	GSE222315_p4_NAT	GSE222315	DF.classifications_0.25_0.005_289	Singlet	pANN_0.25_0.005_289	0.0476190476190476
GSE222315_TTCACCGTCTGAGCAT-1_1_1_1_1	GSE222315_p4_NAT	GSE222315	DF.classifications_0.25_0.005_289	Singlet	pANN_0.25_0.005_289	0.238095238095238
GSE222315_TTCACGCAGGTCGTAG-1_1_1_1_1	GSE222315_p4_NAT	GSE222315	DF.classifications_0.25_0.005_289	Doublet	pANN_0.25_0.005_289	0.452380952380952
GSE222315_TTCACGCAGTGATGGC-1_1_1_1_1	GSE222315_p4_NAT	GSE222315	DF.classifications_0.25_0.005_289	Singlet	pANN_0.25_0.005_289	0.0476190476190476
GSE222315_TTCACGCCAAATGGCG-1_1_1_1_1	GSE222315_p4_NAT	GSE222315	DF.classifications_0.25_0.005_289	Singlet	pANN_0.25_0.005_289	0.261904761904762
GSE222315_TTCACGCCAACGGGTA-1_1_1_1_1	GSE222315_p4_NAT	GSE222315	DF.classifications_0.25_0.005_289	Singlet	pANN_0.25_0.005_289	0.214285714285714
GSE222315_TTCACGCCAGAAGTTA-1_1_1_1_1	GSE222315_p4_NAT	GSE222315	DF.classifications_0.25_0.005_289	Singlet	pANN_0.25_0.005_289	0.166666666666667
GSE222315_TTCACGCCATTGAGGG-1_1_1_1_1	GSE222315_p4_NAT	GSE222315	DF.classifications_0.25_0.005_289	Singlet	pANN_0.25_0.005_289	0.380952380952381
GSE222315_TTCACGCGTAGGACCA-1_1_1_1_1	GSE222315_p4_NAT	GSE222315	DF.classifications_0.25_0.005_289	Singlet	pANN_0.25_0.005_289	0.0952380952380952
GSE222315_TTCACGCGTCACGCTG-1_1_1_1_1	GSE222315_p4_NAT	GSE222315	DF.classifications_0.25_0.005_289	Doublet	pANN_0.25_0.005_289	0.476190476190476
GSE222315_TTCACGCGTCTCTCAC-1_1_1_1_1	GSE222315_p4_NAT	GSE222315	DF.classifications_0.25_0.005_289	Singlet	pANN_0.25_0.005_289	0
GSE222315_TTCACGCTCTCCGTGT-1_1_1_1_1	GSE222315_p4_NAT	GSE222315	DF.classifications_0.25_0.005_289	Singlet	pANN_0.25_0.005_289	0.0714285714285714
GSE222315_TTCACGCTCTTCGATT-1_1_1_1_1	GSE222315_p4_NAT	GSE222315	DF.classifications_0.25_0.005_289	Singlet	pANN_0.25_0.005_289	0.0952380952380952
GSE222315_TTCAGGACAACCACAT-1_1_1_1_1	GSE222315_p4_NAT	GSE222315	DF.classifications_0.25_0.005_289	Singlet	pANN_0.25_0.005_289	0.0238095238095238
GSE222315_TTCAGGACAGAGGGTT-1_1_1_1_1	GSE222315_p4_NAT	GSE222315	DF.classifications_0.25_0.005_289	Doublet	pANN_0.25_0.005_289	0.452380952380952
GSE222315_TTCAGGACAGTCTCTC-1_1_1_1_1	GSE222315_p4_NAT	GSE222315	DF.classifications_0.25_0.005_289	Singlet	pANN_0.25_0.005_289	0.0476190476190476
GSE222315_TTCAGGACAGTTAGAA-1_1_1_1_1	GSE222315_p4_NAT	GSE222315	DF.classifications_0.25_0.005_289	Singlet	pANN_0.25_0.005_289	0.0476190476190476
GSE222315_TTCAGGAGTCATGACT-1_1_1_1_1	GSE222315_p4_NAT	GSE222315	DF.classifications_0.25_0.005_289	Singlet	pANN_0.25_0.005_289	0.0476190476190476
GSE222315_TTCAGGAGTCGTGATT-1_1_1_1_1	GSE222315_p4_NAT	GSE222315	DF.classifications_0.25_0.005_289	Singlet	pANN_0.25_0.005_289	0.0476190476190476
GSE222315_TTCAGGAGTTATGACC-1_1_1_1_1	GSE222315_p4_NAT	GSE222315	DF.classifications_0.25_0.005_289	Singlet	pANN_0.25_0.005_289	0.0714285714285714
GSE222315_TTCAGGATCAACTACG-1_1_1_1_1	GSE222315_p4_NAT	GSE222315	DF.classifications_0.25_0.005_289	Singlet	pANN_0.25_0.005_289	0.0952380952380952
GSE222315_TTCAGGATCAGGACAG-1_1_1_1_1	GSE222315_p4_NAT	GSE222315	DF.classifications_0.25_0.005_289	Singlet	pANN_0.25_0.005_289	0.0714285714285714
GSE222315_TTCAGGATCGCTTGAA-1_1_1_1_1	GSE222315_p4_NAT	GSE222315	DF.classifications_0.25_0.005_289	Singlet	pANN_0.25_0.005_289	0.19047619047619
GSE222315_TTCAGGATCTGTTCAT-1_1_1_1_1	GSE222315_p4_NAT	GSE222315	DF.classifications_0.25_0.005_289	Singlet	pANN_0.25_0.005_289	0.119047619047619
GSE222315_TTCATGTAGGGTACAC-1_1_1_1_1	GSE222315_p4_NAT	GSE222315	DF.classifications_0.25_0.005_289	Singlet	pANN_0.25_0.005_289	0.0952380952380952
GSE222315_TTCATGTCAGTCTTCC-1_1_1_1_1	GSE222315_p4_NAT	GSE222315	DF.classifications_0.25_0.005_289	Singlet	pANN_0.25_0.005_289	0.0238095238095238
GSE222315_TTCATGTGTGCAATAA-1_1_1_1_1	GSE222315_p4_NAT	GSE222315	DF.classifications_0.25_0.005_289	Singlet	pANN_0.25_0.005_289	0.0714285714285714
GSE222315_TTCATTGCACAAGCCC-1_1_1_1_1	GSE222315_p4_NAT	GSE222315	DF.classifications_0.25_0.005_289	Singlet	pANN_0.25_0.005_289	0.238095238095238
GSE222315_TTCATTGCATCACCAA-1_1_1_1_1	GSE222315_p4_NAT	GSE222315	DF.classifications_0.25_0.005_289	Singlet	pANN_0.25_0.005_289	0.0952380952380952
GSE222315_TTCATTGGTTCAGGTT-1_1_1_1_1	GSE222315_p4_NAT	GSE222315	DF.classifications_0.25_0.005_289	Singlet	pANN_0.25_0.005_289	0.285714285714286
GSE222315_TTCCAATAGCGTTCAT-1_1_1_1_1	GSE222315_p4_NAT	GSE222315	DF.classifications_0.25_0.005_289	Singlet	pANN_0.25_0.005_289	0.333333333333333
GSE222315_TTCCAATAGGTAACTA-1_1_1_1_1	GSE222315_p4_NAT	GSE222315	DF.classifications_0.25_0.005_289	Singlet	pANN_0.25_0.005_289	0.0476190476190476
GSE222315_TTCCAATAGTCATGAA-1_1_1_1_1	GSE222315_p4_NAT	GSE222315	DF.classifications_0.25_0.005_289	Singlet	pANN_0.25_0.005_289	0.0238095238095238
GSE222315_TTCCAATAGTTGAAGT-1_1_1_1_1	GSE222315_p4_NAT	GSE222315	DF.classifications_0.25_0.005_289	Singlet	pANN_0.25_0.005_289	0
GSE222315_TTCCAATGTTCCAGGC-1_1_1_1_1	GSE222315_p4_NAT	GSE222315	DF.classifications_0.25_0.005_289	Singlet	pANN_0.25_0.005_289	0.285714285714286
GSE222315_TTCCAATGTTCGTAAC-1_1_1_1_1	GSE222315_p4_NAT	GSE222315	DF.classifications_0.25_0.005_289	Singlet	pANN_0.25_0.005_289	0.142857142857143
GSE222315_TTCCAATTCGCTTTAT-1_1_1_1_1	GSE222315_p4_NAT	GSE222315	DF.classifications_0.25_0.005_289	Singlet	pANN_0.25_0.005_289	0.214285714285714
GSE222315_TTCCACGAGATGAACT-1_1_1_1_1	GSE222315_p4_NAT	GSE222315	DF.classifications_0.25_0.005_289	Singlet	pANN_0.25_0.005_289	0.19047619047619
GSE222315_TTCCACGAGCTGACTT-1_1_1_1_1	GSE222315_p4_NAT	GSE222315	DF.classifications_0.25_0.005_289	Singlet	pANN_0.25_0.005_289	0.333333333333333
GSE222315_TTCCACGAGGTAAGGA-1_1_1_1_1	GSE222315_p4_NAT	GSE222315	DF.classifications_0.25_0.005_289	Singlet	pANN_0.25_0.005_289	0.333333333333333
GSE222315_TTCCACGAGTGACACG-1_1_1_1_1	GSE222315_p4_NAT	GSE222315	DF.classifications_0.25_0.005_289	Singlet	pANN_0.25_0.005_289	0.0238095238095238
GSE222315_TTCCACGCACCCTAAA-1_1_1_1_1	GSE222315_p4_NAT	GSE222315	DF.classifications_0.25_0.005_289	Singlet	pANN_0.25_0.005_289	0.0714285714285714
GSE222315_TTCCACGCACTGTCGG-1_1_1_1_1	GSE222315_p4_NAT	GSE222315	DF.classifications_0.25_0.005_289	Singlet	pANN_0.25_0.005_289	0.0714285714285714
GSE222315_TTCCACGGTCGTTGCG-1_1_1_1_1	GSE222315_p4_NAT	GSE222315	DF.classifications_0.25_0.005_289	Singlet	pANN_0.25_0.005_289	0.19047619047619
GSE222315_TTCCACGGTTTCCATT-1_1_1_1_1	GSE222315_p4_NAT	GSE222315	DF.classifications_0.25_0.005_289	Singlet	pANN_0.25_0.005_289	0.119047619047619
GSE222315_TTCCACGTCCTGCTAC-1_1_1_1_1	GSE222315_p4_NAT	GSE222315	DF.classifications_0.25_0.005_289	Singlet	pANN_0.25_0.005_289	0.119047619047619
GSE222315_TTCCGGTAGCACGTCC-1_1_1_1_1	GSE222315_p4_NAT	GSE222315	DF.classifications_0.25_0.005_289	Singlet	pANN_0.25_0.005_289	0.0476190476190476
GSE222315_TTCCGGTCAACAAGAT-1_1_1_1_1	GSE222315_p4_NAT	GSE222315	DF.classifications_0.25_0.005_289	Singlet	pANN_0.25_0.005_289	0.119047619047619
GSE222315_TTCCGGTCAACACTAC-1_1_1_1_1	GSE222315_p4_NAT	GSE222315	DF.classifications_0.25_0.005_289	Singlet	pANN_0.25_0.005_289	0.0714285714285714
GSE222315_TTCCGGTCAGCGTGAA-1_1_1_1_1	GSE222315_p4_NAT	GSE222315	DF.classifications_0.25_0.005_289	Singlet	pANN_0.25_0.005_289	0.166666666666667
GSE222315_TTCCGGTGTACCCAGC-1_1_1_1_1	GSE222315_p4_NAT	GSE222315	DF.classifications_0.25_0.005_289	Singlet	pANN_0.25_0.005_289	0.333333333333333
GSE222315_TTCCGGTGTGCAATAA-1_1_1_1_1	GSE222315_p4_NAT	GSE222315	DF.classifications_0.25_0.005_289	Singlet	pANN_0.25_0.005_289	0.0952380952380952
GSE222315_TTCCGGTGTTCGGCCA-1_1_1_1_1	GSE222315_p4_NAT	GSE222315	DF.classifications_0.25_0.005_289	Singlet	pANN_0.25_0.005_289	0.0238095238095238
GSE222315_TTCCGGTTCGTCCATC-1_1_1_1_1	GSE222315_p4_NAT	GSE222315	DF.classifications_0.25_0.005_289	Singlet	pANN_0.25_0.005_289	0.0238095238095238
GSE222315_TTCCGTGAGATGCAGC-1_1_1_1_1	GSE222315_p4_NAT	GSE222315	DF.classifications_0.25_0.005_289	Singlet	pANN_0.25_0.005_289	0.0476190476190476
GSE222315_TTCCGTGAGCATCAGG-1_1_1_1_1	GSE222315_p4_NAT	GSE222315	DF.classifications_0.25_0.005_289	Singlet	pANN_0.25_0.005_289	0.0476190476190476
GSE222315_TTCCGTGAGGTTGCCC-1_1_1_1_1	GSE222315_p4_NAT	GSE222315	DF.classifications_0.25_0.005_289	Singlet	pANN_0.25_0.005_289	0.0714285714285714
GSE222315_TTCCGTGCACTGTCCT-1_1_1_1_1	GSE222315_p4_NAT	GSE222315	DF.classifications_0.25_0.005_289	Singlet	pANN_0.25_0.005_289	0.166666666666667
GSE222315_TTCCGTGCAGCCTATA-1_1_1_1_1	GSE222315_p4_NAT	GSE222315	DF.classifications_0.25_0.005_289	Singlet	pANN_0.25_0.005_289	0
GSE222315_TTCCGTGGTAGAGATT-1_1_1_1_1	GSE222315_p4_NAT	GSE222315	DF.classifications_0.25_0.005_289	Singlet	pANN_0.25_0.005_289	0.119047619047619
GSE222315_TTCCGTGTCCGCACTT-1_1_1_1_1	GSE222315_p4_NAT	GSE222315	DF.classifications_0.25_0.005_289	Singlet	pANN_0.25_0.005_289	0
GSE222315_TTCCGTGTCCGCGATG-1_1_1_1_1	GSE222315_p4_NAT	GSE222315	DF.classifications_0.25_0.005_289	Singlet	pANN_0.25_0.005_289	0.0238095238095238
GSE222315_TTCCGTGTCTTTGCTA-1_1_1_1_1	GSE222315_p4_NAT	GSE222315	DF.classifications_0.25_0.005_289	Singlet	pANN_0.25_0.005_289	0.0476190476190476
GSE222315_TTCCTAAAGCCTCCAG-1_1_1_1_1	GSE222315_p4_NAT	GSE222315	DF.classifications_0.25_0.005_289	Singlet	pANN_0.25_0.005_289	0.214285714285714
GSE222315_TTCCTAAAGGGTCAAC-1_1_1_1_1	GSE222315_p4_NAT	GSE222315	DF.classifications_0.25_0.005_289	Singlet	pANN_0.25_0.005_289	0.0952380952380952
GSE222315_TTCCTAAAGGTCACAG-1_1_1_1_1	GSE222315_p4_NAT	GSE222315	DF.classifications_0.25_0.005_289	Singlet	pANN_0.25_0.005_289	0
GSE222315_TTCCTAAGTACGAGTG-1_1_1_1_1	GSE222315_p4_NAT	GSE222315	DF.classifications_0.25_0.005_289	Singlet	pANN_0.25_0.005_289	0
GSE222315_TTCCTAAGTCTACTGA-1_1_1_1_1	GSE222315_p4_NAT	GSE222315	DF.classifications_0.25_0.005_289	Singlet	pANN_0.25_0.005_289	0.0238095238095238
GSE222315_TTCCTAATCCAACCGG-1_1_1_1_1	GSE222315_p4_NAT	GSE222315	DF.classifications_0.25_0.005_289	Singlet	pANN_0.25_0.005_289	0
GSE222315_TTCCTCTAGACTAAGT-1_1_1_1_1	GSE222315_p4_NAT	GSE222315	DF.classifications_0.25_0.005_289	Singlet	pANN_0.25_0.005_289	0.0238095238095238
GSE222315_TTCCTCTAGAGTCTGG-1_1_1_1_1	GSE222315_p4_NAT	GSE222315	DF.classifications_0.25_0.005_289	Singlet	pANN_0.25_0.005_289	0.166666666666667
GSE222315_TTCCTCTAGTGTAGTA-1_1_1_1_1	GSE222315_p4_NAT	GSE222315	DF.classifications_0.25_0.005_289	Singlet	pANN_0.25_0.005_289	0.0476190476190476
GSE222315_TTCCTCTCAACTCGTA-1_1_1_1_1	GSE222315_p4_NAT	GSE222315	DF.classifications_0.25_0.005_289	Singlet	pANN_0.25_0.005_289	0.19047619047619
GSE222315_TTCCTCTCAGACTGCC-1_1_1_1_1	GSE222315_p4_NAT	GSE222315	DF.classifications_0.25_0.005_289	Singlet	pANN_0.25_0.005_289	0.238095238095238
GSE222315_TTCCTCTCAGCTCTGG-1_1_1_1_1	GSE222315_p4_NAT	GSE222315	DF.classifications_0.25_0.005_289	Singlet	pANN_0.25_0.005_289	0.0238095238095238
GSE222315_TTCCTCTGTTCCTAGA-1_1_1_1_1	GSE222315_p4_NAT	GSE222315	DF.classifications_0.25_0.005_289	Singlet	pANN_0.25_0.005_289	0.0952380952380952
GSE222315_TTCCTTCAGAGCAGTC-1_1_1_1_1	GSE222315_p4_NAT	GSE222315	DF.classifications_0.25_0.005_289	Singlet	pANN_0.25_0.005_289	0.0952380952380952
GSE222315_TTCCTTCGTAGGATAT-1_1_1_1_1	GSE222315_p4_NAT	GSE222315	DF.classifications_0.25_0.005_289	Singlet	pANN_0.25_0.005_289	0.166666666666667
GSE222315_TTCCTTCGTGGCTTAT-1_1_1_1_1	GSE222315_p4_NAT	GSE222315	DF.classifications_0.25_0.005_289	Singlet	pANN_0.25_0.005_289	0.0476190476190476
GSE222315_TTCCTTCTCCTGGGAC-1_1_1_1_1	GSE222315_p4_NAT	GSE222315	DF.classifications_0.25_0.005_289	Singlet	pANN_0.25_0.005_289	0
GSE222315_TTCGATTAGCCTCACG-1_1_1_1_1	GSE222315_p4_NAT	GSE222315	DF.classifications_0.25_0.005_289	Singlet	pANN_0.25_0.005_289	0
GSE222315_TTCGATTCACCTGTCT-1_1_1_1_1	GSE222315_p4_NAT	GSE222315	DF.classifications_0.25_0.005_289	Singlet	pANN_0.25_0.005_289	0.0476190476190476
GSE222315_TTCGATTTCGCTGATA-1_1_1_1_1	GSE222315_p4_NAT	GSE222315	DF.classifications_0.25_0.005_289	Singlet	pANN_0.25_0.005_289	0.119047619047619
GSE222315_TTCGATTTCTCTTAAC-1_1_1_1_1	GSE222315_p4_NAT	GSE222315	DF.classifications_0.25_0.005_289	Singlet	pANN_0.25_0.005_289	0.19047619047619
GSE222315_TTCGCTGAGGCACCAA-1_1_1_1_1	GSE222315_p4_NAT	GSE222315	DF.classifications_0.25_0.005_289	Singlet	pANN_0.25_0.005_289	0.333333333333333
GSE222315_TTCGCTGAGGTATAGT-1_1_1_1_1	GSE222315_p4_NAT	GSE222315	DF.classifications_0.25_0.005_289	Singlet	pANN_0.25_0.005_289	0.30952380952381
GSE222315_TTCGGTCAGATGAATC-1_1_1_1_1	GSE222315_p4_NAT	GSE222315	DF.classifications_0.25_0.005_289	Singlet	pANN_0.25_0.005_289	0.0476190476190476
GSE222315_TTCGGTCAGCACTCAT-1_1_1_1_1	GSE222315_p4_NAT	GSE222315	DF.classifications_0.25_0.005_289	Doublet	pANN_0.25_0.005_289	0.5
GSE222315_TTCGGTCAGCAGCGAT-1_1_1_1_1	GSE222315_p4_NAT	GSE222315	DF.classifications_0.25_0.005_289	Singlet	pANN_0.25_0.005_289	0.0952380952380952
GSE222315_TTCGGTCAGTACTGGG-1_1_1_1_1	GSE222315_p4_NAT	GSE222315	DF.classifications_0.25_0.005_289	Singlet	pANN_0.25_0.005_289	0.0476190476190476
GSE222315_TTCGGTCAGTCGTCTA-1_1_1_1_1	GSE222315_p4_NAT	GSE222315	DF.classifications_0.25_0.005_289	Singlet	pANN_0.25_0.005_289	0.0476190476190476
GSE222315_TTCGGTCCACAACGAG-1_1_1_1_1	GSE222315_p4_NAT	GSE222315	DF.classifications_0.25_0.005_289	Singlet	pANN_0.25_0.005_289	0.119047619047619
GSE222315_TTCGGTCCAGAGGTAC-1_1_1_1_1	GSE222315_p4_NAT	GSE222315	DF.classifications_0.25_0.005_289	Singlet	pANN_0.25_0.005_289	0.261904761904762
GSE222315_TTCGGTCCATGGATCT-1_1_1_1_1	GSE222315_p4_NAT	GSE222315	DF.classifications_0.25_0.005_289	Singlet	pANN_0.25_0.005_289	0
GSE222315_TTCGGTCGTTCTCAGA-1_1_1_1_1	GSE222315_p4_NAT	GSE222315	DF.classifications_0.25_0.005_289	Singlet	pANN_0.25_0.005_289	0
GSE222315_TTCGGTCGTTGTGGCC-1_1_1_1_1	GSE222315_p4_NAT	GSE222315	DF.classifications_0.25_0.005_289	Singlet	pANN_0.25_0.005_289	0.0952380952380952
GSE222315_TTCGGTCTCGAGAATA-1_1_1_1_1	GSE222315_p4_NAT	GSE222315	DF.classifications_0.25_0.005_289	Singlet	pANN_0.25_0.005_289	0.19047619047619
GSE222315_TTCGGTCTCTCACCCA-1_1_1_1_1	GSE222315_p4_NAT	GSE222315	DF.classifications_0.25_0.005_289	Singlet	pANN_0.25_0.005_289	0.166666666666667
GSE222315_TTCTAACAGAGGGTAA-1_1_1_1_1	GSE222315_p4_NAT	GSE222315	DF.classifications_0.25_0.005_289	Singlet	pANN_0.25_0.005_289	0.166666666666667
GSE222315_TTCTAACAGCGATGAC-1_1_1_1_1	GSE222315_p4_NAT	GSE222315	DF.classifications_0.25_0.005_289	Singlet	pANN_0.25_0.005_289	0.19047619047619
GSE222315_TTCTAACGTACGCGTC-1_1_1_1_1	GSE222315_p4_NAT	GSE222315	DF.classifications_0.25_0.005_289	Singlet	pANN_0.25_0.005_289	0.0714285714285714
GSE222315_TTCTAACGTAGAGATT-1_1_1_1_1	GSE222315_p4_NAT	GSE222315	DF.classifications_0.25_0.005_289	Singlet	pANN_0.25_0.005_289	0.19047619047619
GSE222315_TTCTAACGTGTTCCAA-1_1_1_1_1	GSE222315_p4_NAT	GSE222315	DF.classifications_0.25_0.005_289	Singlet	pANN_0.25_0.005_289	0.30952380952381
GSE222315_TTCTAACTCCCGAACG-1_1_1_1_1	GSE222315_p4_NAT	GSE222315	DF.classifications_0.25_0.005_289	Singlet	pANN_0.25_0.005_289	0.261904761904762
GSE222315_TTCTAACTCTAAGCGT-1_1_1_1_1	GSE222315_p4_NAT	GSE222315	DF.classifications_0.25_0.005_289	Singlet	pANN_0.25_0.005_289	0.0238095238095238
GSE222315_TTCTAACTCTGGGCCA-1_1_1_1_1	GSE222315_p4_NAT	GSE222315	DF.classifications_0.25_0.005_289	Singlet	pANN_0.25_0.005_289	0.357142857142857
GSE222315_TTCTAGTGTATGTCAC-1_1_1_1_1	GSE222315_p4_NAT	GSE222315	DF.classifications_0.25_0.005_289	Singlet	pANN_0.25_0.005_289	0
GSE222315_TTCTAGTGTTCGGCTG-1_1_1_1_1	GSE222315_p4_NAT	GSE222315	DF.classifications_0.25_0.005_289	Singlet	pANN_0.25_0.005_289	0.214285714285714
GSE222315_TTCTAGTTCGCTTGCT-1_1_1_1_1	GSE222315_p4_NAT	GSE222315	DF.classifications_0.25_0.005_289	Doublet	pANN_0.25_0.005_289	0.523809523809524
GSE222315_TTCTAGTTCTCTCTAA-1_1_1_1_1	GSE222315_p4_NAT	GSE222315	DF.classifications_0.25_0.005_289	Singlet	pANN_0.25_0.005_289	0.30952380952381
GSE222315_TTCTCTCAGAGGATCC-1_1_1_1_1	GSE222315_p4_NAT	GSE222315	DF.classifications_0.25_0.005_289	Singlet	pANN_0.25_0.005_289	0.0952380952380952
GSE222315_TTCTCTCAGAGGCGGA-1_1_1_1_1	GSE222315_p4_NAT	GSE222315	DF.classifications_0.25_0.005_289	Singlet	pANN_0.25_0.005_289	0.166666666666667
GSE222315_TTCTCTCAGTGGTCAG-1_1_1_1_1	GSE222315_p4_NAT	GSE222315	DF.classifications_0.25_0.005_289	Singlet	pANN_0.25_0.005_289	0.214285714285714
GSE222315_TTCTCTCCAAGCGGAT-1_1_1_1_1	GSE222315_p4_NAT	GSE222315	DF.classifications_0.25_0.005_289	Singlet	pANN_0.25_0.005_289	0.214285714285714
GSE222315_TTCTCTCCACAGCGCT-1_1_1_1_1	GSE222315_p4_NAT	GSE222315	DF.classifications_0.25_0.005_289	Singlet	pANN_0.25_0.005_289	0.0714285714285714
GSE222315_TTCTCTCCATGACTGT-1_1_1_1_1	GSE222315_p4_NAT	GSE222315	DF.classifications_0.25_0.005_289	Singlet	pANN_0.25_0.005_289	0
GSE222315_TTCTCTCCATTACTCT-1_1_1_1_1	GSE222315_p4_NAT	GSE222315	DF.classifications_0.25_0.005_289	Singlet	pANN_0.25_0.005_289	0.285714285714286
GSE222315_TTCTCTCTCGAGTCTA-1_1_1_1_1	GSE222315_p4_NAT	GSE222315	DF.classifications_0.25_0.005_289	Doublet	pANN_0.25_0.005_289	0.476190476190476
GSE222315_TTCTCTCTCGCTGTTC-1_1_1_1_1	GSE222315_p4_NAT	GSE222315	DF.classifications_0.25_0.005_289	Singlet	pANN_0.25_0.005_289	0
GSE222315_TTCTGTAAGCATCAAA-1_1_1_1_1	GSE222315_p4_NAT	GSE222315	DF.classifications_0.25_0.005_289	Singlet	pANN_0.25_0.005_289	0.19047619047619
GSE222315_TTCTGTAAGCATTGTC-1_1_1_1_1	GSE222315_p4_NAT	GSE222315	DF.classifications_0.25_0.005_289	Singlet	pANN_0.25_0.005_289	0.0476190476190476
GSE222315_TTCTGTAAGGGAGGGT-1_1_1_1_1	GSE222315_p4_NAT	GSE222315	DF.classifications_0.25_0.005_289	Singlet	pANN_0.25_0.005_289	0.238095238095238
GSE222315_TTCTGTAAGTATAGGT-1_1_1_1_1	GSE222315_p4_NAT	GSE222315	DF.classifications_0.25_0.005_289	Singlet	pANN_0.25_0.005_289	0.357142857142857
GSE222315_TTCTGTACACGACGAA-1_1_1_1_1	GSE222315_p4_NAT	GSE222315	DF.classifications_0.25_0.005_289	Singlet	pANN_0.25_0.005_289	0.0714285714285714
GSE222315_TTCTGTACATAAGATG-1_1_1_1_1	GSE222315_p4_NAT	GSE222315	DF.classifications_0.25_0.005_289	Singlet	pANN_0.25_0.005_289	0
GSE222315_TTCTGTAGTAGTCTGT-1_1_1_1_1	GSE222315_p4_NAT	GSE222315	DF.classifications_0.25_0.005_289	Singlet	pANN_0.25_0.005_289	0.238095238095238
GSE222315_TTCTGTATCCTACGGG-1_1_1_1_1	GSE222315_p4_NAT	GSE222315	DF.classifications_0.25_0.005_289	Singlet	pANN_0.25_0.005_289	0.142857142857143
GSE222315_TTCTGTATCGTGTCAA-1_1_1_1_1	GSE222315_p4_NAT	GSE222315	DF.classifications_0.25_0.005_289	Singlet	pANN_0.25_0.005_289	0.404761904761905
GSE222315_TTCTGTATCTTTACAC-1_1_1_1_1	GSE222315_p4_NAT	GSE222315	DF.classifications_0.25_0.005_289	Doublet	pANN_0.25_0.005_289	0.452380952380952
GSE222315_TTCTTCCAGCCTCTCT-1_1_1_1_1	GSE222315_p4_NAT	GSE222315	DF.classifications_0.25_0.005_289	Singlet	pANN_0.25_0.005_289	0.119047619047619
GSE222315_TTCTTCCAGGGTCTTT-1_1_1_1_1	GSE222315_p4_NAT	GSE222315	DF.classifications_0.25_0.005_289	Singlet	pANN_0.25_0.005_289	0.0476190476190476
GSE222315_TTCTTCCAGTATGAAC-1_1_1_1_1	GSE222315_p4_NAT	GSE222315	DF.classifications_0.25_0.005_289	Singlet	pANN_0.25_0.005_289	0.214285714285714
GSE222315_TTCTTCCCACTCTGCT-1_1_1_1_1	GSE222315_p4_NAT	GSE222315	DF.classifications_0.25_0.005_289	Singlet	pANN_0.25_0.005_289	0.142857142857143
GSE222315_TTCTTCCCAGAGTCTT-1_1_1_1_1	GSE222315_p4_NAT	GSE222315	DF.classifications_0.25_0.005_289	Singlet	pANN_0.25_0.005_289	0.119047619047619
GSE222315_TTCTTCCCATGACAAA-1_1_1_1_1	GSE222315_p4_NAT	GSE222315	DF.classifications_0.25_0.005_289	Singlet	pANN_0.25_0.005_289	0.214285714285714
GSE222315_TTCTTCCGTACTCGCG-1_1_1_1_1	GSE222315_p4_NAT	GSE222315	DF.classifications_0.25_0.005_289	Singlet	pANN_0.25_0.005_289	0.0714285714285714
GSE222315_TTCTTCCGTCCGGTCA-1_1_1_1_1	GSE222315_p4_NAT	GSE222315	DF.classifications_0.25_0.005_289	Singlet	pANN_0.25_0.005_289	0.238095238095238
GSE222315_TTCTTCCGTTACCTGA-1_1_1_1_1	GSE222315_p4_NAT	GSE222315	DF.classifications_0.25_0.005_289	Singlet	pANN_0.25_0.005_289	0.19047619047619
GSE222315_TTCTTCCTCCGAGATT-1_1_1_1_1	GSE222315_p4_NAT	GSE222315	DF.classifications_0.25_0.005_289	Singlet	pANN_0.25_0.005_289	0.380952380952381
GSE222315_TTCTTGAAGTACCGGA-1_1_1_1_1	GSE222315_p4_NAT	GSE222315	DF.classifications_0.25_0.005_289	Singlet	pANN_0.25_0.005_289	0.0714285714285714
GSE222315_TTCTTGACAAGAGTGC-1_1_1_1_1	GSE222315_p4_NAT	GSE222315	DF.classifications_0.25_0.005_289	Singlet	pANN_0.25_0.005_289	0.0476190476190476
GSE222315_TTCTTGACATCCTTCG-1_1_1_1_1	GSE222315_p4_NAT	GSE222315	DF.classifications_0.25_0.005_289	Singlet	pANN_0.25_0.005_289	0.214285714285714
GSE222315_TTCTTGACATGCGTGC-1_1_1_1_1	GSE222315_p4_NAT	GSE222315	DF.classifications_0.25_0.005_289	Singlet	pANN_0.25_0.005_289	0.238095238095238
GSE222315_TTCTTGAGTAGACGTG-1_1_1_1_1	GSE222315_p4_NAT	GSE222315	DF.classifications_0.25_0.005_289	Singlet	pANN_0.25_0.005_289	0.0238095238095238
GSE222315_TTCTTGAGTGATACAA-1_1_1_1_1	GSE222315_p4_NAT	GSE222315	DF.classifications_0.25_0.005_289	Singlet	pANN_0.25_0.005_289	0.119047619047619
GSE222315_TTCTTGAGTGTTCAGT-1_1_1_1_1	GSE222315_p4_NAT	GSE222315	DF.classifications_0.25_0.005_289	Singlet	pANN_0.25_0.005_289	0.333333333333333
GSE222315_TTCTTGATCCTTATAC-1_1_1_1_1	GSE222315_p4_NAT	GSE222315	DF.classifications_0.25_0.005_289	Singlet	pANN_0.25_0.005_289	0.166666666666667
GSE222315_TTGAACGAGATGACAT-1_1_1_1_1	GSE222315_p4_NAT	GSE222315	DF.classifications_0.25_0.005_289	Singlet	pANN_0.25_0.005_289	0.214285714285714
GSE222315_TTGAACGTCGTTCATT-1_1_1_1_1	GSE222315_p4_NAT	GSE222315	DF.classifications_0.25_0.005_289	Singlet	pANN_0.25_0.005_289	0.0714285714285714
GSE222315_TTGAACGTCTAAGCGT-1_1_1_1_1	GSE222315_p4_NAT	GSE222315	DF.classifications_0.25_0.005_289	Singlet	pANN_0.25_0.005_289	0
GSE222315_TTGACCCAGCATGGGT-1_1_1_1_1	GSE222315_p4_NAT	GSE222315	DF.classifications_0.25_0.005_289	Singlet	pANN_0.25_0.005_289	0.261904761904762
GSE222315_TTGACCCAGCCAGTAG-1_1_1_1_1	GSE222315_p4_NAT	GSE222315	DF.classifications_0.25_0.005_289	Singlet	pANN_0.25_0.005_289	0.404761904761905
GSE222315_TTGACCCAGCTGTTAC-1_1_1_1_1	GSE222315_p4_NAT	GSE222315	DF.classifications_0.25_0.005_289	Singlet	pANN_0.25_0.005_289	0.380952380952381
GSE222315_TTGACCCTCATTCTTG-1_1_1_1_1	GSE222315_p4_NAT	GSE222315	DF.classifications_0.25_0.005_289	Singlet	pANN_0.25_0.005_289	0.357142857142857
GSE222315_TTGACCCTCTAGTGAC-1_1_1_1_1	GSE222315_p4_NAT	GSE222315	DF.classifications_0.25_0.005_289	Doublet	pANN_0.25_0.005_289	0.5
GSE222315_TTGACCCTCTATACGG-1_1_1_1_1	GSE222315_p4_NAT	GSE222315	DF.classifications_0.25_0.005_289	Singlet	pANN_0.25_0.005_289	0.238095238095238
GSE222315_TTGAGTGAGTTGGCTT-1_1_1_1_1	GSE222315_p4_NAT	GSE222315	DF.classifications_0.25_0.005_289	Singlet	pANN_0.25_0.005_289	0.0238095238095238
GSE222315_TTGAGTGCAAAGAACT-1_1_1_1_1	GSE222315_p4_NAT	GSE222315	DF.classifications_0.25_0.005_289	Singlet	pANN_0.25_0.005_289	0.214285714285714
GSE222315_TTGAGTGCACTGTGAT-1_1_1_1_1	GSE222315_p4_NAT	GSE222315	DF.classifications_0.25_0.005_289	Singlet	pANN_0.25_0.005_289	0.428571428571429
GSE222315_TTGAGTGCAGAGAGGG-1_1_1_1_1	GSE222315_p4_NAT	GSE222315	DF.classifications_0.25_0.005_289	Singlet	pANN_0.25_0.005_289	0.119047619047619
GSE222315_TTGAGTGCATGGCGCT-1_1_1_1_1	GSE222315_p4_NAT	GSE222315	DF.classifications_0.25_0.005_289	Singlet	pANN_0.25_0.005_289	0.19047619047619
GSE222315_TTGAGTGGTAGCTTGT-1_1_1_1_1	GSE222315_p4_NAT	GSE222315	DF.classifications_0.25_0.005_289	Singlet	pANN_0.25_0.005_289	0.19047619047619
GSE222315_TTGAGTGTCGCCGATG-1_1_1_1_1	GSE222315_p4_NAT	GSE222315	DF.classifications_0.25_0.005_289	Singlet	pANN_0.25_0.005_289	0.119047619047619
GSE222315_TTGATGGAGGAGGCAG-1_1_1_1_1	GSE222315_p4_NAT	GSE222315	DF.classifications_0.25_0.005_289	Singlet	pANN_0.25_0.005_289	0.166666666666667
GSE222315_TTGATGGAGTAGCCAG-1_1_1_1_1	GSE222315_p4_NAT	GSE222315	DF.classifications_0.25_0.005_289	Singlet	pANN_0.25_0.005_289	0.19047619047619
GSE222315_TTGATGGCAAATGAAC-1_1_1_1_1	GSE222315_p4_NAT	GSE222315	DF.classifications_0.25_0.005_289	Singlet	pANN_0.25_0.005_289	0.0952380952380952
GSE222315_TTGATGGCATAGAAAC-1_1_1_1_1	GSE222315_p4_NAT	GSE222315	DF.classifications_0.25_0.005_289	Singlet	pANN_0.25_0.005_289	0.261904761904762
GSE222315_TTGATGGTCCAAGGGA-1_1_1_1_1	GSE222315_p4_NAT	GSE222315	DF.classifications_0.25_0.005_289	Singlet	pANN_0.25_0.005_289	0.214285714285714
GSE222315_TTGATGGTCGTTGTTT-1_1_1_1_1	GSE222315_p4_NAT	GSE222315	DF.classifications_0.25_0.005_289	Singlet	pANN_0.25_0.005_289	0.166666666666667
GSE222315_TTGATGGTCTTCCCGA-1_1_1_1_1	GSE222315_p4_NAT	GSE222315	DF.classifications_0.25_0.005_289	Singlet	pANN_0.25_0.005_289	0.0238095238095238
GSE222315_TTGCATTAGAAGCCTG-1_1_1_1_1	GSE222315_p4_NAT	GSE222315	DF.classifications_0.25_0.005_289	Singlet	pANN_0.25_0.005_289	0.166666666666667
GSE222315_TTGCATTTCTTTGCTA-1_1_1_1_1	GSE222315_p4_NAT	GSE222315	DF.classifications_0.25_0.005_289	Singlet	pANN_0.25_0.005_289	0.119047619047619
GSE222315_TTGCCTGCACAGTGAG-1_1_1_1_1	GSE222315_p4_NAT	GSE222315	DF.classifications_0.25_0.005_289	Singlet	pANN_0.25_0.005_289	0.0476190476190476
GSE222315_TTGCCTGCATGTTCGA-1_1_1_1_1	GSE222315_p4_NAT	GSE222315	DF.classifications_0.25_0.005_289	Singlet	pANN_0.25_0.005_289	0.166666666666667
GSE222315_TTGCCTGGTAGGAGTC-1_1_1_1_1	GSE222315_p4_NAT	GSE222315	DF.classifications_0.25_0.005_289	Singlet	pANN_0.25_0.005_289	0.166666666666667
GSE222315_TTGCCTGGTCTACGAT-1_1_1_1_1	GSE222315_p4_NAT	GSE222315	DF.classifications_0.25_0.005_289	Singlet	pANN_0.25_0.005_289	0.30952380952381
GSE222315_TTGCCTGGTTAATGAG-1_1_1_1_1	GSE222315_p4_NAT	GSE222315	DF.classifications_0.25_0.005_289	Singlet	pANN_0.25_0.005_289	0.285714285714286
GSE222315_TTGCGTCAGGATTTGA-1_1_1_1_1	GSE222315_p4_NAT	GSE222315	DF.classifications_0.25_0.005_289	Singlet	pANN_0.25_0.005_289	0.238095238095238
GSE222315_TTGCGTCAGGGAGTTC-1_1_1_1_1	GSE222315_p4_NAT	GSE222315	DF.classifications_0.25_0.005_289	Singlet	pANN_0.25_0.005_289	0
GSE222315_TTGCGTCAGTGTACAA-1_1_1_1_1	GSE222315_p4_NAT	GSE222315	DF.classifications_0.25_0.005_289	Singlet	pANN_0.25_0.005_289	0.0476190476190476
GSE222315_TTGCGTCCAGCCTTCT-1_1_1_1_1	GSE222315_p4_NAT	GSE222315	DF.classifications_0.25_0.005_289	Singlet	pANN_0.25_0.005_289	0.357142857142857
GSE222315_TTGCGTCGTCGCGTTG-1_1_1_1_1	GSE222315_p4_NAT	GSE222315	DF.classifications_0.25_0.005_289	Singlet	pANN_0.25_0.005_289	0.261904761904762
GSE222315_TTGCGTCTCTAGTCAG-1_1_1_1_1	GSE222315_p4_NAT	GSE222315	DF.classifications_0.25_0.005_289	Singlet	pANN_0.25_0.005_289	0.214285714285714
GSE222315_TTGCGTCTCTGTCCCA-1_1_1_1_1	GSE222315_p4_NAT	GSE222315	DF.classifications_0.25_0.005_289	Singlet	pANN_0.25_0.005_289	0.0714285714285714
GSE222315_TTGCTGCAGAGTATAC-1_1_1_1_1	GSE222315_p4_NAT	GSE222315	DF.classifications_0.25_0.005_289	Singlet	pANN_0.25_0.005_289	0.0238095238095238
GSE222315_TTGCTGCAGAGTTGAT-1_1_1_1_1	GSE222315_p4_NAT	GSE222315	DF.classifications_0.25_0.005_289	Singlet	pANN_0.25_0.005_289	0.119047619047619
GSE222315_TTGCTGCAGCCGATTT-1_1_1_1_1	GSE222315_p4_NAT	GSE222315	DF.classifications_0.25_0.005_289	Singlet	pANN_0.25_0.005_289	0.261904761904762
GSE222315_TTGCTGCCAACCGCCA-1_1_1_1_1	GSE222315_p4_NAT	GSE222315	DF.classifications_0.25_0.005_289	Singlet	pANN_0.25_0.005_289	0.261904761904762
GSE222315_TTGCTGCCACATGAAA-1_1_1_1_1	GSE222315_p4_NAT	GSE222315	DF.classifications_0.25_0.005_289	Singlet	pANN_0.25_0.005_289	0.380952380952381
GSE222315_TTGCTGCCACCAGTAT-1_1_1_1_1	GSE222315_p4_NAT	GSE222315	DF.classifications_0.25_0.005_289	Singlet	pANN_0.25_0.005_289	0.0952380952380952
GSE222315_TTGCTGCCATAGATGA-1_1_1_1_1	GSE222315_p4_NAT	GSE222315	DF.classifications_0.25_0.005_289	Singlet	pANN_0.25_0.005_289	0.0238095238095238
GSE222315_TTGCTGCGTATGAAAC-1_1_1_1_1	GSE222315_p4_NAT	GSE222315	DF.classifications_0.25_0.005_289	Singlet	pANN_0.25_0.005_289	0.119047619047619
GSE222315_TTGCTGCGTCTACAAC-1_1_1_1_1	GSE222315_p4_NAT	GSE222315	DF.classifications_0.25_0.005_289	Singlet	pANN_0.25_0.005_289	0.0238095238095238
GSE222315_TTGCTGCTCATACGAC-1_1_1_1_1	GSE222315_p4_NAT	GSE222315	DF.classifications_0.25_0.005_289	Singlet	pANN_0.25_0.005_289	0
GSE222315_TTGCTGCTCCTACCAC-1_1_1_1_1	GSE222315_p4_NAT	GSE222315	DF.classifications_0.25_0.005_289	Singlet	pANN_0.25_0.005_289	0.333333333333333
GSE222315_TTGGATGAGGAACTCG-1_1_1_1_1	GSE222315_p4_NAT	GSE222315	DF.classifications_0.25_0.005_289	Singlet	pANN_0.25_0.005_289	0.238095238095238
GSE222315_TTGGATGCAAGTGTCT-1_1_1_1_1	GSE222315_p4_NAT	GSE222315	DF.classifications_0.25_0.005_289	Singlet	pANN_0.25_0.005_289	0.0476190476190476
GSE222315_TTGGATGCAGGAGACT-1_1_1_1_1	GSE222315_p4_NAT	GSE222315	DF.classifications_0.25_0.005_289	Singlet	pANN_0.25_0.005_289	0.0952380952380952
GSE222315_TTGGATGCATTGCCGG-1_1_1_1_1	GSE222315_p4_NAT	GSE222315	DF.classifications_0.25_0.005_289	Singlet	pANN_0.25_0.005_289	0.0714285714285714
GSE222315_TTGGATGGTCCAACGC-1_1_1_1_1	GSE222315_p4_NAT	GSE222315	DF.classifications_0.25_0.005_289	Singlet	pANN_0.25_0.005_289	0.0476190476190476
GSE222315_TTGGATGTCCAAGCAT-1_1_1_1_1	GSE222315_p4_NAT	GSE222315	DF.classifications_0.25_0.005_289	Singlet	pANN_0.25_0.005_289	0.357142857142857
GSE222315_TTGGGATAGATTGACA-1_1_1_1_1	GSE222315_p4_NAT	GSE222315	DF.classifications_0.25_0.005_289	Singlet	pANN_0.25_0.005_289	0.261904761904762
GSE222315_TTGGGATAGGAGTCTG-1_1_1_1_1	GSE222315_p4_NAT	GSE222315	DF.classifications_0.25_0.005_289	Singlet	pANN_0.25_0.005_289	0.0476190476190476
GSE222315_TTGGGATCAATGTTGC-1_1_1_1_1	GSE222315_p4_NAT	GSE222315	DF.classifications_0.25_0.005_289	Singlet	pANN_0.25_0.005_289	0.19047619047619
GSE222315_TTGGGATCATGGGTTT-1_1_1_1_1	GSE222315_p4_NAT	GSE222315	DF.classifications_0.25_0.005_289	Singlet	pANN_0.25_0.005_289	0
GSE222315_TTGGGATGTACGCTAT-1_1_1_1_1	GSE222315_p4_NAT	GSE222315	DF.classifications_0.25_0.005_289	Singlet	pANN_0.25_0.005_289	0.166666666666667
GSE222315_TTGGGATTCAAAGAAC-1_1_1_1_1	GSE222315_p4_NAT	GSE222315	DF.classifications_0.25_0.005_289	Singlet	pANN_0.25_0.005_289	0.214285714285714
GSE222315_TTGGGATTCGTTCTGC-1_1_1_1_1	GSE222315_p4_NAT	GSE222315	DF.classifications_0.25_0.005_289	Singlet	pANN_0.25_0.005_289	0.0714285714285714
GSE222315_TTGGGATTCTTGTTAC-1_1_1_1_1	GSE222315_p4_NAT	GSE222315	DF.classifications_0.25_0.005_289	Singlet	pANN_0.25_0.005_289	0
GSE222315_TTGGGCGGTAAGTAGT-1_1_1_1_1	GSE222315_p4_NAT	GSE222315	DF.classifications_0.25_0.005_289	Singlet	pANN_0.25_0.005_289	0.119047619047619
GSE222315_TTGGGCGGTCCCACGA-1_1_1_1_1	GSE222315_p4_NAT	GSE222315	DF.classifications_0.25_0.005_289	Singlet	pANN_0.25_0.005_289	0.0476190476190476
GSE222315_TTGGGCGGTCTTAGTG-1_1_1_1_1	GSE222315_p4_NAT	GSE222315	DF.classifications_0.25_0.005_289	Singlet	pANN_0.25_0.005_289	0.0714285714285714
GSE222315_TTGGGCGGTGTCTTGA-1_1_1_1_1	GSE222315_p4_NAT	GSE222315	DF.classifications_0.25_0.005_289	Singlet	pANN_0.25_0.005_289	0.238095238095238
GSE222315_TTGGGCGGTTCTGAGT-1_1_1_1_1	GSE222315_p4_NAT	GSE222315	DF.classifications_0.25_0.005_289	Singlet	pANN_0.25_0.005_289	0.30952380952381
GSE222315_TTGGGCGGTTTCCATT-1_1_1_1_1	GSE222315_p4_NAT	GSE222315	DF.classifications_0.25_0.005_289	Singlet	pANN_0.25_0.005_289	0.19047619047619
GSE222315_TTGGGTAAGAGAGGTA-1_1_1_1_1	GSE222315_p4_NAT	GSE222315	DF.classifications_0.25_0.005_289	Singlet	pANN_0.25_0.005_289	0.333333333333333
GSE222315_TTGGGTAAGTCTTCGA-1_1_1_1_1	GSE222315_p4_NAT	GSE222315	DF.classifications_0.25_0.005_289	Singlet	pANN_0.25_0.005_289	0.119047619047619
GSE222315_TTGGGTACAGAATGTA-1_1_1_1_1	GSE222315_p4_NAT	GSE222315	DF.classifications_0.25_0.005_289	Doublet	pANN_0.25_0.005_289	0.547619047619048
GSE222315_TTGGGTACATCTCAAG-1_1_1_1_1	GSE222315_p4_NAT	GSE222315	DF.classifications_0.25_0.005_289	Singlet	pANN_0.25_0.005_289	0.380952380952381
GSE222315_TTGGGTAGTGCTGATT-1_1_1_1_1	GSE222315_p4_NAT	GSE222315	DF.classifications_0.25_0.005_289	Singlet	pANN_0.25_0.005_289	0.0952380952380952
GSE222315_TTGGGTATCCACCCTA-1_1_1_1_1	GSE222315_p4_NAT	GSE222315	DF.classifications_0.25_0.005_289	Singlet	pANN_0.25_0.005_289	0.0714285714285714
GSE222315_TTGGGTATCTTACGTT-1_1_1_1_1	GSE222315_p4_NAT	GSE222315	DF.classifications_0.25_0.005_289	Singlet	pANN_0.25_0.005_289	0.214285714285714
GSE222315_TTGGTTTAGACCAGAC-1_1_1_1_1	GSE222315_p4_NAT	GSE222315	DF.classifications_0.25_0.005_289	Singlet	pANN_0.25_0.005_289	0.261904761904762
GSE222315_TTGGTTTAGGAAAGTG-1_1_1_1_1	GSE222315_p4_NAT	GSE222315	DF.classifications_0.25_0.005_289	Singlet	pANN_0.25_0.005_289	0.142857142857143
GSE222315_TTGGTTTGTATTTCCT-1_1_1_1_1	GSE222315_p4_NAT	GSE222315	DF.classifications_0.25_0.005_289	Singlet	pANN_0.25_0.005_289	0.214285714285714
GSE222315_TTGGTTTGTCGAATGG-1_1_1_1_1	GSE222315_p4_NAT	GSE222315	DF.classifications_0.25_0.005_289	Singlet	pANN_0.25_0.005_289	0.214285714285714
GSE222315_TTGGTTTGTCTACAGT-1_1_1_1_1	GSE222315_p4_NAT	GSE222315	DF.classifications_0.25_0.005_289	Singlet	pANN_0.25_0.005_289	0.119047619047619
GSE222315_TTGGTTTGTCTACGTA-1_1_1_1_1	GSE222315_p4_NAT	GSE222315	DF.classifications_0.25_0.005_289	Singlet	pANN_0.25_0.005_289	0.142857142857143
GSE222315_TTGGTTTTCGCATGAT-1_1_1_1_1	GSE222315_p4_NAT	GSE222315	DF.classifications_0.25_0.005_289	Singlet	pANN_0.25_0.005_289	0.0238095238095238
GSE222315_TTGTGGAAGCCTCATA-1_1_1_1_1	GSE222315_p4_NAT	GSE222315	DF.classifications_0.25_0.005_289	Singlet	pANN_0.25_0.005_289	0.30952380952381
GSE222315_TTGTGGAAGGTTAAAC-1_1_1_1_1	GSE222315_p4_NAT	GSE222315	DF.classifications_0.25_0.005_289	Singlet	pANN_0.25_0.005_289	0
GSE222315_TTGTGGAAGTTTCTTC-1_1_1_1_1	GSE222315_p4_NAT	GSE222315	DF.classifications_0.25_0.005_289	Singlet	pANN_0.25_0.005_289	0
GSE222315_TTGTGGAGTGTCTAAC-1_1_1_1_1	GSE222315_p4_NAT	GSE222315	DF.classifications_0.25_0.005_289	Singlet	pANN_0.25_0.005_289	0.166666666666667
GSE222315_TTGTGGAGTTAATGAG-1_1_1_1_1	GSE222315_p4_NAT	GSE222315	DF.classifications_0.25_0.005_289	Singlet	pANN_0.25_0.005_289	0.0714285714285714
GSE222315_TTGTGGAGTTATTCCT-1_1_1_1_1	GSE222315_p4_NAT	GSE222315	DF.classifications_0.25_0.005_289	Singlet	pANN_0.25_0.005_289	0.0714285714285714
GSE222315_TTGTGGATCGATACAC-1_1_1_1_1	GSE222315_p4_NAT	GSE222315	DF.classifications_0.25_0.005_289	Singlet	pANN_0.25_0.005_289	0.333333333333333
GSE222315_TTGTGTTCAACACTAC-1_1_1_1_1	GSE222315_p4_NAT	GSE222315	DF.classifications_0.25_0.005_289	Singlet	pANN_0.25_0.005_289	0.142857142857143
GSE222315_TTGTGTTGTGTTCGAT-1_1_1_1_1	GSE222315_p4_NAT	GSE222315	DF.classifications_0.25_0.005_289	Singlet	pANN_0.25_0.005_289	0.357142857142857
GSE222315_TTGTGTTGTGTTGCCG-1_1_1_1_1	GSE222315_p4_NAT	GSE222315	DF.classifications_0.25_0.005_289	Singlet	pANN_0.25_0.005_289	0.30952380952381
GSE222315_TTGTGTTTCAAGGACG-1_1_1_1_1	GSE222315_p4_NAT	GSE222315	DF.classifications_0.25_0.005_289	Singlet	pANN_0.25_0.005_289	0.0476190476190476
GSE222315_TTGTTCAAGCATAGGC-1_1_1_1_1	GSE222315_p4_NAT	GSE222315	DF.classifications_0.25_0.005_289	Singlet	pANN_0.25_0.005_289	0.404761904761905
GSE222315_TTGTTCAAGCGACCCT-1_1_1_1_1	GSE222315_p4_NAT	GSE222315	DF.classifications_0.25_0.005_289	Singlet	pANN_0.25_0.005_289	0.0476190476190476
GSE222315_TTGTTCAAGCTTCATG-1_1_1_1_1	GSE222315_p4_NAT	GSE222315	DF.classifications_0.25_0.005_289	Singlet	pANN_0.25_0.005_289	0
GSE222315_TTGTTCACAGACCATT-1_1_1_1_1	GSE222315_p4_NAT	GSE222315	DF.classifications_0.25_0.005_289	Singlet	pANN_0.25_0.005_289	0.0476190476190476
GSE222315_TTGTTCACAGTCGCAC-1_1_1_1_1	GSE222315_p4_NAT	GSE222315	DF.classifications_0.25_0.005_289	Singlet	pANN_0.25_0.005_289	0.285714285714286
GSE222315_TTGTTCAGTAGCGCTC-1_1_1_1_1	GSE222315_p4_NAT	GSE222315	DF.classifications_0.25_0.005_289	Singlet	pANN_0.25_0.005_289	0.166666666666667
GSE222315_TTGTTGTGTACACTCA-1_1_1_1_1	GSE222315_p4_NAT	GSE222315	DF.classifications_0.25_0.005_289	Singlet	pANN_0.25_0.005_289	0.0952380952380952
GSE222315_TTGTTGTGTGCATGAG-1_1_1_1_1	GSE222315_p4_NAT	GSE222315	DF.classifications_0.25_0.005_289	Singlet	pANN_0.25_0.005_289	0
GSE222315_TTGTTGTTCCGAGATT-1_1_1_1_1	GSE222315_p4_NAT	GSE222315	DF.classifications_0.25_0.005_289	Singlet	pANN_0.25_0.005_289	0.0714285714285714
GSE222315_TTGTTGTTCGTCAGAT-1_1_1_1_1	GSE222315_p4_NAT	GSE222315	DF.classifications_0.25_0.005_289	Singlet	pANN_0.25_0.005_289	0.0238095238095238
GSE222315_TTGTTGTTCTGTGTGA-1_1_1_1_1	GSE222315_p4_NAT	GSE222315	DF.classifications_0.25_0.005_289	Singlet	pANN_0.25_0.005_289	0.0238095238095238
GSE222315_TTGTTGTTCTTTGCGC-1_1_1_1_1	GSE222315_p4_NAT	GSE222315	DF.classifications_0.25_0.005_289	Singlet	pANN_0.25_0.005_289	0.238095238095238
GSE222315_TTGTTTGAGAGAATCT-1_1_1_1_1	GSE222315_p4_NAT	GSE222315	DF.classifications_0.25_0.005_289	Singlet	pANN_0.25_0.005_289	0.119047619047619
GSE222315_TTGTTTGAGTAACAGT-1_1_1_1_1	GSE222315_p4_NAT	GSE222315	DF.classifications_0.25_0.005_289	Singlet	pANN_0.25_0.005_289	0.30952380952381
GSE222315_TTGTTTGCAATAGGAT-1_1_1_1_1	GSE222315_p4_NAT	GSE222315	DF.classifications_0.25_0.005_289	Singlet	pANN_0.25_0.005_289	0.0238095238095238
GSE222315_TTGTTTGGTACCTAAC-1_1_1_1_1	GSE222315_p4_NAT	GSE222315	DF.classifications_0.25_0.005_289	Singlet	pANN_0.25_0.005_289	0.0714285714285714
GSE222315_TTGTTTGGTGCCGTAC-1_1_1_1_1	GSE222315_p4_NAT	GSE222315	DF.classifications_0.25_0.005_289	Singlet	pANN_0.25_0.005_289	0.19047619047619
GSE222315_TTGTTTGGTTGAGAGC-1_1_1_1_1	GSE222315_p4_NAT	GSE222315	DF.classifications_0.25_0.005_289	Singlet	pANN_0.25_0.005_289	0.142857142857143
GSE222315_TTGTTTGTCAAGAATG-1_1_1_1_1	GSE222315_p4_NAT	GSE222315	DF.classifications_0.25_0.005_289	Singlet	pANN_0.25_0.005_289	0.285714285714286
GSE222315_TTGTTTGTCAGAGTGG-1_1_1_1_1	GSE222315_p4_NAT	GSE222315	DF.classifications_0.25_0.005_289	Singlet	pANN_0.25_0.005_289	0.238095238095238
GSE222315_TTGTTTGTCGCTAGCG-1_1_1_1_1	GSE222315_p4_NAT	GSE222315	DF.classifications_0.25_0.005_289	Singlet	pANN_0.25_0.005_289	0.142857142857143
GSE222315_TTGTTTGTCTCCTGTG-1_1_1_1_1	GSE222315_p4_NAT	GSE222315	DF.classifications_0.25_0.005_289	Singlet	pANN_0.25_0.005_289	0.0952380952380952
GSE222315_TTTACCAAGCGCTGAA-1_1_1_1_1	GSE222315_p4_NAT	GSE222315	DF.classifications_0.25_0.005_289	Singlet	pANN_0.25_0.005_289	0.0714285714285714
GSE222315_TTTACCAAGTTTGCTG-1_1_1_1_1	GSE222315_p4_NAT	GSE222315	DF.classifications_0.25_0.005_289	Singlet	pANN_0.25_0.005_289	0.428571428571429
GSE222315_TTTACCACAATATCCG-1_1_1_1_1	GSE222315_p4_NAT	GSE222315	DF.classifications_0.25_0.005_289	Singlet	pANN_0.25_0.005_289	0.0952380952380952
GSE222315_TTTACCACATGACTTG-1_1_1_1_1	GSE222315_p4_NAT	GSE222315	DF.classifications_0.25_0.005_289	Singlet	pANN_0.25_0.005_289	0.142857142857143
GSE222315_TTTACCAGTATGAGCG-1_1_1_1_1	GSE222315_p4_NAT	GSE222315	DF.classifications_0.25_0.005_289	Singlet	pANN_0.25_0.005_289	0.119047619047619
GSE222315_TTTACCATCCGCTAGG-1_1_1_1_1	GSE222315_p4_NAT	GSE222315	DF.classifications_0.25_0.005_289	Singlet	pANN_0.25_0.005_289	0.142857142857143
GSE222315_TTTACGTAGGTTGAGC-1_1_1_1_1	GSE222315_p4_NAT	GSE222315	DF.classifications_0.25_0.005_289	Singlet	pANN_0.25_0.005_289	0.428571428571429
GSE222315_TTTACGTCATAACCCA-1_1_1_1_1	GSE222315_p4_NAT	GSE222315	DF.classifications_0.25_0.005_289	Singlet	pANN_0.25_0.005_289	0.333333333333333
GSE222315_TTTACGTCATCAGTCA-1_1_1_1_1	GSE222315_p4_NAT	GSE222315	DF.classifications_0.25_0.005_289	Singlet	pANN_0.25_0.005_289	0.142857142857143
GSE222315_TTTACGTCATGACGTT-1_1_1_1_1	GSE222315_p4_NAT	GSE222315	DF.classifications_0.25_0.005_289	Singlet	pANN_0.25_0.005_289	0.119047619047619
GSE222315_TTTACGTGTAACATCC-1_1_1_1_1	GSE222315_p4_NAT	GSE222315	DF.classifications_0.25_0.005_289	Singlet	pANN_0.25_0.005_289	0.30952380952381
GSE222315_TTTACGTGTGTTACAC-1_1_1_1_1	GSE222315_p4_NAT	GSE222315	DF.classifications_0.25_0.005_289	Singlet	pANN_0.25_0.005_289	0.30952380952381
GSE222315_TTTACGTGTGTTGAGG-1_1_1_1_1	GSE222315_p4_NAT	GSE222315	DF.classifications_0.25_0.005_289	Singlet	pANN_0.25_0.005_289	0.166666666666667
GSE222315_TTTACTGAGTGGTTCT-1_1_1_1_1	GSE222315_p4_NAT	GSE222315	DF.classifications_0.25_0.005_289	Singlet	pANN_0.25_0.005_289	0.214285714285714
GSE222315_TTTACTGCAGGTTCAT-1_1_1_1_1	GSE222315_p4_NAT	GSE222315	DF.classifications_0.25_0.005_289	Singlet	pANN_0.25_0.005_289	0.261904761904762
GSE222315_TTTACTGGTCATACCA-1_1_1_1_1	GSE222315_p4_NAT	GSE222315	DF.classifications_0.25_0.005_289	Singlet	pANN_0.25_0.005_289	0.357142857142857
GSE222315_TTTAGTCAGCACTCTA-1_1_1_1_1	GSE222315_p4_NAT	GSE222315	DF.classifications_0.25_0.005_289	Singlet	pANN_0.25_0.005_289	0.214285714285714
GSE222315_TTTAGTCGTAAGACCG-1_1_1_1_1	GSE222315_p4_NAT	GSE222315	DF.classifications_0.25_0.005_289	Singlet	pANN_0.25_0.005_289	0.0952380952380952
GSE222315_TTTAGTCTCCGTTGGG-1_1_1_1_1	GSE222315_p4_NAT	GSE222315	DF.classifications_0.25_0.005_289	Singlet	pANN_0.25_0.005_289	0.119047619047619
GSE222315_TTTAGTCTCGCTCCTA-1_1_1_1_1	GSE222315_p4_NAT	GSE222315	DF.classifications_0.25_0.005_289	Singlet	pANN_0.25_0.005_289	0.19047619047619
GSE222315_TTTAGTCTCTGTGTGA-1_1_1_1_1	GSE222315_p4_NAT	GSE222315	DF.classifications_0.25_0.005_289	Singlet	pANN_0.25_0.005_289	0.19047619047619
GSE222315_TTTATGCAGATGTAGT-1_1_1_1_1	GSE222315_p4_NAT	GSE222315	DF.classifications_0.25_0.005_289	Singlet	pANN_0.25_0.005_289	0.380952380952381
GSE222315_TTTATGCCACAATGTC-1_1_1_1_1	GSE222315_p4_NAT	GSE222315	DF.classifications_0.25_0.005_289	Singlet	pANN_0.25_0.005_289	0
GSE222315_TTTATGCCACACGCCA-1_1_1_1_1	GSE222315_p4_NAT	GSE222315	DF.classifications_0.25_0.005_289	Singlet	pANN_0.25_0.005_289	0.214285714285714
GSE222315_TTTATGCGTCTTCATT-1_1_1_1_1	GSE222315_p4_NAT	GSE222315	DF.classifications_0.25_0.005_289	Singlet	pANN_0.25_0.005_289	0.30952380952381
GSE222315_TTTATGCTCACCGCTT-1_1_1_1_1	GSE222315_p4_NAT	GSE222315	DF.classifications_0.25_0.005_289	Singlet	pANN_0.25_0.005_289	0.333333333333333
GSE222315_TTTATGCTCTCGTTTA-1_1_1_1_1	GSE222315_p4_NAT	GSE222315	DF.classifications_0.25_0.005_289	Singlet	pANN_0.25_0.005_289	0.19047619047619
GSE222315_TTTATGCTCTTTGATC-1_1_1_1_1	GSE222315_p4_NAT	GSE222315	DF.classifications_0.25_0.005_289	Singlet	pANN_0.25_0.005_289	0.0714285714285714
GSE222315_TTTCACAAGTTGAATG-1_1_1_1_1	GSE222315_p4_NAT	GSE222315	DF.classifications_0.25_0.005_289	Singlet	pANN_0.25_0.005_289	0.30952380952381
GSE222315_TTTCACACACTTGAAC-1_1_1_1_1	GSE222315_p4_NAT	GSE222315	DF.classifications_0.25_0.005_289	Doublet	pANN_0.25_0.005_289	0.476190476190476
GSE222315_TTTCACAGTACGTACT-1_1_1_1_1	GSE222315_p4_NAT	GSE222315	DF.classifications_0.25_0.005_289	Singlet	pANN_0.25_0.005_289	0
GSE222315_TTTCACAGTCAGACGA-1_1_1_1_1	GSE222315_p4_NAT	GSE222315	DF.classifications_0.25_0.005_289	Singlet	pANN_0.25_0.005_289	0.238095238095238
GSE222315_TTTCACAGTGTACAGG-1_1_1_1_1	GSE222315_p4_NAT	GSE222315	DF.classifications_0.25_0.005_289	Singlet	pANN_0.25_0.005_289	0.214285714285714
GSE222315_TTTCACATCAGACAAA-1_1_1_1_1	GSE222315_p4_NAT	GSE222315	DF.classifications_0.25_0.005_289	Singlet	pANN_0.25_0.005_289	0.142857142857143
GSE222315_TTTCACATCGGCCTTT-1_1_1_1_1	GSE222315_p4_NAT	GSE222315	DF.classifications_0.25_0.005_289	Singlet	pANN_0.25_0.005_289	0.0238095238095238
GSE222315_TTTCACATCGTGGCTG-1_1_1_1_1	GSE222315_p4_NAT	GSE222315	DF.classifications_0.25_0.005_289	Singlet	pANN_0.25_0.005_289	0.0238095238095238
GSE222315_TTTCAGTAGCTAGAGC-1_1_1_1_1	GSE222315_p4_NAT	GSE222315	DF.classifications_0.25_0.005_289	Singlet	pANN_0.25_0.005_289	0.333333333333333
GSE222315_TTTCAGTAGGACCCAA-1_1_1_1_1	GSE222315_p4_NAT	GSE222315	DF.classifications_0.25_0.005_289	Singlet	pANN_0.25_0.005_289	0.166666666666667
GSE222315_TTTCAGTAGGCGAAGG-1_1_1_1_1	GSE222315_p4_NAT	GSE222315	DF.classifications_0.25_0.005_289	Singlet	pANN_0.25_0.005_289	0.19047619047619
GSE222315_TTTCAGTGTATTGCCA-1_1_1_1_1	GSE222315_p4_NAT	GSE222315	DF.classifications_0.25_0.005_289	Doublet	pANN_0.25_0.005_289	0.452380952380952
GSE222315_TTTCAGTGTCATACCA-1_1_1_1_1	GSE222315_p4_NAT	GSE222315	DF.classifications_0.25_0.005_289	Singlet	pANN_0.25_0.005_289	0.238095238095238
GSE222315_TTTCAGTGTCCACTTC-1_1_1_1_1	GSE222315_p4_NAT	GSE222315	DF.classifications_0.25_0.005_289	Singlet	pANN_0.25_0.005_289	0.19047619047619
GSE222315_TTTCAGTTCAAGCCCG-1_1_1_1_1	GSE222315_p4_NAT	GSE222315	DF.classifications_0.25_0.005_289	Singlet	pANN_0.25_0.005_289	0
GSE222315_TTTCATGCAAGCCTGC-1_1_1_1_1	GSE222315_p4_NAT	GSE222315	DF.classifications_0.25_0.005_289	Singlet	pANN_0.25_0.005_289	0.214285714285714
GSE222315_TTTCATGTCAATCTTC-1_1_1_1_1	GSE222315_p4_NAT	GSE222315	DF.classifications_0.25_0.005_289	Singlet	pANN_0.25_0.005_289	0.166666666666667
GSE222315_TTTCATGTCATGAGGG-1_1_1_1_1	GSE222315_p4_NAT	GSE222315	DF.classifications_0.25_0.005_289	Singlet	pANN_0.25_0.005_289	0.30952380952381
GSE222315_TTTCCTCAGAGGTCAC-1_1_1_1_1	GSE222315_p4_NAT	GSE222315	DF.classifications_0.25_0.005_289	Singlet	pANN_0.25_0.005_289	0.142857142857143
GSE222315_TTTCCTCCACTCCACT-1_1_1_1_1	GSE222315_p4_NAT	GSE222315	DF.classifications_0.25_0.005_289	Singlet	pANN_0.25_0.005_289	0.0238095238095238
GSE222315_TTTCCTCCATGGGTTT-1_1_1_1_1	GSE222315_p4_NAT	GSE222315	DF.classifications_0.25_0.005_289	Singlet	pANN_0.25_0.005_289	0
GSE222315_TTTCCTCGTATCACGT-1_1_1_1_1	GSE222315_p4_NAT	GSE222315	DF.classifications_0.25_0.005_289	Singlet	pANN_0.25_0.005_289	0.285714285714286
GSE222315_TTTCCTCTCCATTGCC-1_1_1_1_1	GSE222315_p4_NAT	GSE222315	DF.classifications_0.25_0.005_289	Singlet	pANN_0.25_0.005_289	0.166666666666667
GSE222315_TTTCGATAGTTTGTCG-1_1_1_1_1	GSE222315_p4_NAT	GSE222315	DF.classifications_0.25_0.005_289	Singlet	pANN_0.25_0.005_289	0.0714285714285714
GSE222315_TTTCGATCACAAGCTT-1_1_1_1_1	GSE222315_p4_NAT	GSE222315	DF.classifications_0.25_0.005_289	Singlet	pANN_0.25_0.005_289	0.30952380952381
GSE222315_TTTCGATCACACTGGC-1_1_1_1_1	GSE222315_p4_NAT	GSE222315	DF.classifications_0.25_0.005_289	Singlet	pANN_0.25_0.005_289	0.333333333333333
GSE222315_TTTCGATCAGCTATAC-1_1_1_1_1	GSE222315_p4_NAT	GSE222315	DF.classifications_0.25_0.005_289	Singlet	pANN_0.25_0.005_289	0.285714285714286
GSE222315_TTTCGATCAGCTATTG-1_1_1_1_1	GSE222315_p4_NAT	GSE222315	DF.classifications_0.25_0.005_289	Singlet	pANN_0.25_0.005_289	0.166666666666667
GSE222315_TTTCGATCATAGGAGC-1_1_1_1_1	GSE222315_p4_NAT	GSE222315	DF.classifications_0.25_0.005_289	Singlet	pANN_0.25_0.005_289	0.0238095238095238
GSE222315_TTTCGATGTCACCTTC-1_1_1_1_1	GSE222315_p4_NAT	GSE222315	DF.classifications_0.25_0.005_289	Singlet	pANN_0.25_0.005_289	0.0476190476190476
GSE222315_TTTCGATTCACGATAC-1_1_1_1_1	GSE222315_p4_NAT	GSE222315	DF.classifications_0.25_0.005_289	Singlet	pANN_0.25_0.005_289	0.333333333333333
GSE222315_TTTGACTAGAATCGCG-1_1_1_1_1	GSE222315_p4_NAT	GSE222315	DF.classifications_0.25_0.005_289	Singlet	pANN_0.25_0.005_289	0.214285714285714
GSE222315_TTTGACTAGGTCCCGT-1_1_1_1_1	GSE222315_p4_NAT	GSE222315	DF.classifications_0.25_0.005_289	Singlet	pANN_0.25_0.005_289	0.0714285714285714
GSE222315_TTTGACTCAACACAGG-1_1_1_1_1	GSE222315_p4_NAT	GSE222315	DF.classifications_0.25_0.005_289	Singlet	pANN_0.25_0.005_289	0
GSE222315_TTTGACTCATTGTGCA-1_1_1_1_1	GSE222315_p4_NAT	GSE222315	DF.classifications_0.25_0.005_289	Singlet	pANN_0.25_0.005_289	0.0952380952380952
GSE222315_TTTGACTTCAGAGCAG-1_1_1_1_1	GSE222315_p4_NAT	GSE222315	DF.classifications_0.25_0.005_289	Singlet	pANN_0.25_0.005_289	0.142857142857143
GSE222315_TTTGATCAGATGAATC-1_1_1_1_1	GSE222315_p4_NAT	GSE222315	DF.classifications_0.25_0.005_289	Singlet	pANN_0.25_0.005_289	0.261904761904762
GSE222315_TTTGATCCAATCCTTT-1_1_1_1_1	GSE222315_p4_NAT	GSE222315	DF.classifications_0.25_0.005_289	Singlet	pANN_0.25_0.005_289	0.238095238095238
GSE222315_TTTGATCCACATGACT-1_1_1_1_1	GSE222315_p4_NAT	GSE222315	DF.classifications_0.25_0.005_289	Singlet	pANN_0.25_0.005_289	0.261904761904762
GSE222315_TTTGATCGTTACCTTT-1_1_1_1_1	GSE222315_p4_NAT	GSE222315	DF.classifications_0.25_0.005_289	Singlet	pANN_0.25_0.005_289	0.357142857142857
GSE222315_TTTGATCGTTCCCACT-1_1_1_1_1	GSE222315_p4_NAT	GSE222315	DF.classifications_0.25_0.005_289	Doublet	pANN_0.25_0.005_289	0.452380952380952
GSE222315_TTTGATCGTTGGTACT-1_1_1_1_1	GSE222315_p4_NAT	GSE222315	DF.classifications_0.25_0.005_289	Singlet	pANN_0.25_0.005_289	0.238095238095238
GSE222315_TTTGATCGTTTACCAG-1_1_1_1_1	GSE222315_p4_NAT	GSE222315	DF.classifications_0.25_0.005_289	Singlet	pANN_0.25_0.005_289	0.0714285714285714
GSE222315_TTTGATCTCCACGTCT-1_1_1_1_1	GSE222315_p4_NAT	GSE222315	DF.classifications_0.25_0.005_289	Singlet	pANN_0.25_0.005_289	0.0952380952380952
GSE222315_TTTGGAGAGCTTAAGA-1_1_1_1_1	GSE222315_p4_NAT	GSE222315	DF.classifications_0.25_0.005_289	Singlet	pANN_0.25_0.005_289	0.333333333333333
GSE222315_TTTGGAGCACGGGTAA-1_1_1_1_1	GSE222315_p4_NAT	GSE222315	DF.classifications_0.25_0.005_289	Singlet	pANN_0.25_0.005_289	0.0952380952380952
GSE222315_TTTGGAGCAGAGTGTG-1_1_1_1_1	GSE222315_p4_NAT	GSE222315	DF.classifications_0.25_0.005_289	Singlet	pANN_0.25_0.005_289	0.0714285714285714
GSE222315_TTTGGAGTCAAACGTC-1_1_1_1_1	GSE222315_p4_NAT	GSE222315	DF.classifications_0.25_0.005_289	Singlet	pANN_0.25_0.005_289	0.261904761904762
GSE222315_TTTGGAGTCCTTCTGG-1_1_1_1_1	GSE222315_p4_NAT	GSE222315	DF.classifications_0.25_0.005_289	Singlet	pANN_0.25_0.005_289	0.166666666666667
GSE222315_TTTGGTTAGAGAATCT-1_1_1_1_1	GSE222315_p4_NAT	GSE222315	DF.classifications_0.25_0.005_289	Doublet	pANN_0.25_0.005_289	0.547619047619048
GSE222315_TTTGGTTAGAGGTTAT-1_1_1_1_1	GSE222315_p4_NAT	GSE222315	DF.classifications_0.25_0.005_289	Singlet	pANN_0.25_0.005_289	0.0952380952380952
GSE222315_TTTGGTTCAACCTAAC-1_1_1_1_1	GSE222315_p4_NAT	GSE222315	DF.classifications_0.25_0.005_289	Singlet	pANN_0.25_0.005_289	0.0238095238095238
GSE222315_TTTGGTTGTCGAAACG-1_1_1_1_1	GSE222315_p4_NAT	GSE222315	DF.classifications_0.25_0.005_289	Singlet	pANN_0.25_0.005_289	0.0238095238095238
GSE222315_TTTGGTTTCAATCTCT-1_1_1_1_1	GSE222315_p4_NAT	GSE222315	DF.classifications_0.25_0.005_289	Singlet	pANN_0.25_0.005_289	0.285714285714286
GSE222315_TTTGGTTTCTTAAGGC-1_1_1_1_1	GSE222315_p4_NAT	GSE222315	DF.classifications_0.25_0.005_289	Singlet	pANN_0.25_0.005_289	0.142857142857143
GSE222315_TTTGTTGAGGCCTGAA-1_1_1_1_1	GSE222315_p4_NAT	GSE222315	DF.classifications_0.25_0.005_289	Singlet	pANN_0.25_0.005_289	0.119047619047619
GSE222315_TTTGTTGAGTGAATAC-1_1_1_1_1	GSE222315_p4_NAT	GSE222315	DF.classifications_0.25_0.005_289	Singlet	pANN_0.25_0.005_289	0.261904761904762
GSE222315_TTTGTTGGTCTAGGCC-1_1_1_1_1	GSE222315_p4_NAT	GSE222315	DF.classifications_0.25_0.005_289	Singlet	pANN_0.25_0.005_289	0
GSE222315_TTTGTTGTCGTGGGTC-1_1_1_1_1	GSE222315_p4_NAT	GSE222315	DF.classifications_0.25_0.005_289	Singlet	pANN_0.25_0.005_289	0.238095238095238
GSE222315_TTTGTTGTCTATGCCC-1_1_1_1_1	GSE222315_p4_NAT	GSE222315	DF.classifications_0.25_0.005_289	Doublet	pANN_0.25_0.005_289	0.452380952380952
