cell_id	orig.ident	dataset	df_classification_column	df_classification	df_pANN_column	df_pANN
CNP0000460_AAACCTGAGGAATGGA-1_2_1_1_1_1_1_1_1	CNP0000460_P02N	CNP0000460	DF.classifications_0.25_0.26_116	Singlet	pANN_0.25_0.26_116	0.233890214797136
CNP0000460_AAACCTGAGGCATTGG-1_2_1_1_1_1_1_1_1	CNP0000460_P02N	CNP0000460	DF.classifications_0.25_0.26_116	Singlet	pANN_0.25_0.26_116	0.194112967382657
CNP0000460_AAACCTGCAATGAAAC-1_2_1_1_1_1_1_1_1	CNP0000460_P02N	CNP0000460	DF.classifications_0.25_0.26_116	Singlet	pANN_0.25_0.26_116	0.194112967382657
CNP0000460_AAACCTGCAGTCAGCC-1_2_1_1_1_1_1_1_1	CNP0000460_P02N	CNP0000460	DF.classifications_0.25_0.26_116	Singlet	pANN_0.25_0.26_116	0.202068416865553
CNP0000460_AAACCTGGTAAATGTG-1_2_1_1_1_1_1_1_1	CNP0000460_P02N	CNP0000460	DF.classifications_0.25_0.26_116	Singlet	pANN_0.25_0.26_116	0.239459029435163
CNP0000460_AAACCTGGTCTTGCGG-1_2_1_1_1_1_1_1_1	CNP0000460_P02N	CNP0000460	DF.classifications_0.25_0.26_116	Singlet	pANN_0.25_0.26_116	0.220365950676213
CNP0000460_AAACCTGTCCTTTACA-1_2_1_1_1_1_1_1_1	CNP0000460_P02N	CNP0000460	DF.classifications_0.25_0.26_116	Singlet	pANN_0.25_0.26_116	0.223548130469372
CNP0000460_AAACCTGTCGTATCAG-1_2_1_1_1_1_1_1_1	CNP0000460_P02N	CNP0000460	DF.classifications_0.25_0.26_116	Singlet	pANN_0.25_0.26_116	0.182975338106603
CNP0000460_AAACGGGAGCACGCCT-1_2_1_1_1_1_1_1_1	CNP0000460_P02N	CNP0000460	DF.classifications_0.25_0.26_116	Singlet	pANN_0.25_0.26_116	0.209228321400159
CNP0000460_AAACGGGAGGGAAACA-1_2_1_1_1_1_1_1_1	CNP0000460_P02N	CNP0000460	DF.classifications_0.25_0.26_116	Singlet	pANN_0.25_0.26_116	0.222752585521082
CNP0000460_AAACGGGAGTCATGCT-1_2_1_1_1_1_1_1_1	CNP0000460_P02N	CNP0000460	DF.classifications_0.25_0.26_116	Singlet	pANN_0.25_0.26_116	0.212410501193317
CNP0000460_AAACGGGCAGCTTAAC-1_2_1_1_1_1_1_1_1	CNP0000460_P02N	CNP0000460	DF.classifications_0.25_0.26_116	Singlet	pANN_0.25_0.26_116	0.220365950676213
CNP0000460_AAAGATGAGAACTGTA-1_2_1_1_1_1_1_1_1	CNP0000460_P02N	CNP0000460	DF.classifications_0.25_0.26_116	Singlet	pANN_0.25_0.26_116	0.210819411296738
CNP0000460_AAAGATGAGACCGGAT-1_2_1_1_1_1_1_1_1	CNP0000460_P02N	CNP0000460	DF.classifications_0.25_0.26_116	Singlet	pANN_0.25_0.26_116	0.155131264916468
CNP0000460_AAAGATGAGGTAAACT-1_2_1_1_1_1_1_1_1	CNP0000460_P02N	CNP0000460	DF.classifications_0.25_0.26_116	Singlet	pANN_0.25_0.26_116	0.222752585521082
CNP0000460_AAAGATGAGGTGTTAA-1_2_1_1_1_1_1_1_1	CNP0000460_P02N	CNP0000460	DF.classifications_0.25_0.26_116	Singlet	pANN_0.25_0.26_116	0.233890214797136
CNP0000460_AAAGATGCACCTCGGA-1_2_1_1_1_1_1_1_1	CNP0000460_P02N	CNP0000460	DF.classifications_0.25_0.26_116	Singlet	pANN_0.25_0.26_116	0.183770883054893
CNP0000460_AAAGATGCAGATCCAT-1_2_1_1_1_1_1_1_1	CNP0000460_P02N	CNP0000460	DF.classifications_0.25_0.26_116	Singlet	pANN_0.25_0.26_116	0.266507557677009
CNP0000460_AAAGATGGTCTACCTC-1_2_1_1_1_1_1_1_1	CNP0000460_P02N	CNP0000460	DF.classifications_0.25_0.26_116	Singlet	pANN_0.25_0.26_116	0.161495624502784
CNP0000460_AAAGATGGTGCAACGA-1_2_1_1_1_1_1_1_1	CNP0000460_P02N	CNP0000460	DF.classifications_0.25_0.26_116	Singlet	pANN_0.25_0.26_116	0.252983293556086
CNP0000460_AAAGATGGTGTTTGGT-1_2_1_1_1_1_1_1_1	CNP0000460_P02N	CNP0000460	DF.classifications_0.25_0.26_116	Singlet	pANN_0.25_0.26_116	0.228321400159109
CNP0000460_AAAGATGTCCAAAGTC-1_2_1_1_1_1_1_1_1	CNP0000460_P02N	CNP0000460	DF.classifications_0.25_0.26_116	Singlet	pANN_0.25_0.26_116	0.251392203659507
CNP0000460_AAAGCAAAGGGCACTA-1_2_1_1_1_1_1_1_1	CNP0000460_P02N	CNP0000460	DF.classifications_0.25_0.26_116	Singlet	pANN_0.25_0.26_116	0.289578361177407
CNP0000460_AAAGCAAAGTATTGGA-1_2_1_1_1_1_1_1_1	CNP0000460_P02N	CNP0000460	DF.classifications_0.25_0.26_116	Singlet	pANN_0.25_0.26_116	0.177406523468576
CNP0000460_AAAGCAACAAGTTCTG-1_2_1_1_1_1_1_1_1	CNP0000460_P02N	CNP0000460	DF.classifications_0.25_0.26_116	Singlet	pANN_0.25_0.26_116	0.299124900556881
CNP0000460_AAAGCAACACACCGAC-1_2_1_1_1_1_1_1_1	CNP0000460_P02N	CNP0000460	DF.classifications_0.25_0.26_116	Singlet	pANN_0.25_0.26_116	0.173428798727128
CNP0000460_AAAGCAAGTAATCACC-1_2_1_1_1_1_1_1_1	CNP0000460_P02N	CNP0000460	DF.classifications_0.25_0.26_116	Singlet	pANN_0.25_0.26_116	0.199681782020684
CNP0000460_AAAGCAAGTAGCAAAT-1_2_1_1_1_1_1_1_1	CNP0000460_P02N	CNP0000460	DF.classifications_0.25_0.26_116	Singlet	pANN_0.25_0.26_116	0.200477326968974
CNP0000460_AAAGCAAGTAGCTCCG-1_2_1_1_1_1_1_1_1	CNP0000460_P02N	CNP0000460	DF.classifications_0.25_0.26_116	Doublet	pANN_0.25_0.26_116	0.374701670644391
CNP0000460_AAAGCAAGTCTAAACC-1_2_1_1_1_1_1_1_1	CNP0000460_P02N	CNP0000460	DF.classifications_0.25_0.26_116	Singlet	pANN_0.25_0.26_116	0.225139220365951
CNP0000460_AAAGCAATCCTAAGTG-1_2_1_1_1_1_1_1_1	CNP0000460_P02N	CNP0000460	DF.classifications_0.25_0.26_116	Singlet	pANN_0.25_0.26_116	0.253778838504375
CNP0000460_AAAGCAATCTCGAGTA-1_2_1_1_1_1_1_1_1	CNP0000460_P02N	CNP0000460	DF.classifications_0.25_0.26_116	Singlet	pANN_0.25_0.26_116	0.164677804295943
CNP0000460_AAAGTAGGTATGGTTC-1_2_1_1_1_1_1_1_1	CNP0000460_P02N	CNP0000460	DF.classifications_0.25_0.26_116	Singlet	pANN_0.25_0.26_116	0.194112967382657
CNP0000460_AAAGTAGGTCCTAGCG-1_2_1_1_1_1_1_1_1	CNP0000460_P02N	CNP0000460	DF.classifications_0.25_0.26_116	Singlet	pANN_0.25_0.26_116	0.256165473349244
CNP0000460_AAAGTAGGTGTGAATA-1_2_1_1_1_1_1_1_1	CNP0000460_P02N	CNP0000460	DF.classifications_0.25_0.26_116	Singlet	pANN_0.25_0.26_116	0.228321400159109
CNP0000460_AAATGCCCAAAGGAAG-1_2_1_1_1_1_1_1_1	CNP0000460_P02N	CNP0000460	DF.classifications_0.25_0.26_116	Singlet	pANN_0.25_0.26_116	0.259347653142403
CNP0000460_AAATGCCCAGCTTAAC-1_2_1_1_1_1_1_1_1	CNP0000460_P02N	CNP0000460	DF.classifications_0.25_0.26_116	Singlet	pANN_0.25_0.26_116	0.190930787589499
CNP0000460_AAATGCCCAGGGCATA-1_2_1_1_1_1_1_1_1	CNP0000460_P02N	CNP0000460	DF.classifications_0.25_0.26_116	Singlet	pANN_0.25_0.26_116	0.209228321400159
CNP0000460_AAATGCCTCAGCTTAG-1_2_1_1_1_1_1_1_1	CNP0000460_P02N	CNP0000460	DF.classifications_0.25_0.26_116	Doublet	pANN_0.25_0.26_116	0.364359586316627
CNP0000460_AACACGTAGACCCACC-1_2_1_1_1_1_1_1_1	CNP0000460_P02N	CNP0000460	DF.classifications_0.25_0.26_116	Singlet	pANN_0.25_0.26_116	0.178202068416866
CNP0000460_AACACGTCAGCTGCAC-1_2_1_1_1_1_1_1_1	CNP0000460_P02N	CNP0000460	DF.classifications_0.25_0.26_116	Singlet	pANN_0.25_0.26_116	0.191726332537788
CNP0000460_AACACGTCAGTGGAGT-1_2_1_1_1_1_1_1_1	CNP0000460_P02N	CNP0000460	DF.classifications_0.25_0.26_116	Singlet	pANN_0.25_0.26_116	0.231503579952267
CNP0000460_AACACGTGTTACTGAC-1_2_1_1_1_1_1_1_1	CNP0000460_P02N	CNP0000460	DF.classifications_0.25_0.26_116	Singlet	pANN_0.25_0.26_116	0.210023866348449
CNP0000460_AACACGTTCACTCCTG-1_2_1_1_1_1_1_1_1	CNP0000460_P02N	CNP0000460	DF.classifications_0.25_0.26_116	Singlet	pANN_0.25_0.26_116	0.278440731901352
CNP0000460_AACACGTTCCCAGGTG-1_2_1_1_1_1_1_1_1	CNP0000460_P02N	CNP0000460	DF.classifications_0.25_0.26_116	Singlet	pANN_0.25_0.26_116	0.239459029435163
CNP0000460_AACACGTTCTGAGGGA-1_2_1_1_1_1_1_1_1	CNP0000460_P02N	CNP0000460	DF.classifications_0.25_0.26_116	Singlet	pANN_0.25_0.26_116	0.225139220365951
CNP0000460_AACCATGCACTGTTAG-1_2_1_1_1_1_1_1_1	CNP0000460_P02N	CNP0000460	DF.classifications_0.25_0.26_116	Singlet	pANN_0.25_0.26_116	0.261734287987271
CNP0000460_AACCATGCAGCCACCA-1_2_1_1_1_1_1_1_1	CNP0000460_P02N	CNP0000460	DF.classifications_0.25_0.26_116	Singlet	pANN_0.25_0.26_116	0.204455051710422
CNP0000460_AACCATGCAGTGGAGT-1_2_1_1_1_1_1_1_1	CNP0000460_P02N	CNP0000460	DF.classifications_0.25_0.26_116	Singlet	pANN_0.25_0.26_116	0.247414478918059
CNP0000460_AACCATGCATGTTCCC-1_2_1_1_1_1_1_1_1	CNP0000460_P02N	CNP0000460	DF.classifications_0.25_0.26_116	Singlet	pANN_0.25_0.26_116	0.197295147175815
CNP0000460_AACCATGGTACTTGAC-1_2_1_1_1_1_1_1_1	CNP0000460_P02N	CNP0000460	DF.classifications_0.25_0.26_116	Singlet	pANN_0.25_0.26_116	0.213206046141607
CNP0000460_AACCATGGTAGAGTGC-1_2_1_1_1_1_1_1_1	CNP0000460_P02N	CNP0000460	DF.classifications_0.25_0.26_116	Singlet	pANN_0.25_0.26_116	0.202068416865553
CNP0000460_AACCATGGTCAGAATA-1_2_1_1_1_1_1_1_1	CNP0000460_P02N	CNP0000460	DF.classifications_0.25_0.26_116	Singlet	pANN_0.25_0.26_116	0.202068416865553
CNP0000460_AACCATGGTCCTAGCG-1_2_1_1_1_1_1_1_1	CNP0000460_P02N	CNP0000460	DF.classifications_0.25_0.26_116	Singlet	pANN_0.25_0.26_116	0.241845664280032
CNP0000460_AACCATGGTCTGGAGA-1_2_1_1_1_1_1_1_1	CNP0000460_P02N	CNP0000460	DF.classifications_0.25_0.26_116	Singlet	pANN_0.25_0.26_116	0.262529832935561
CNP0000460_AACCATGGTGTCAATC-1_2_1_1_1_1_1_1_1	CNP0000460_P02N	CNP0000460	DF.classifications_0.25_0.26_116	Singlet	pANN_0.25_0.26_116	0.115354017501989
CNP0000460_AACCATGTCCGCAGTG-1_2_1_1_1_1_1_1_1	CNP0000460_P02N	CNP0000460	DF.classifications_0.25_0.26_116	Singlet	pANN_0.25_0.26_116	0.229116945107399
CNP0000460_AACCATGTCTATCCCG-1_2_1_1_1_1_1_1_1	CNP0000460_P02N	CNP0000460	DF.classifications_0.25_0.26_116	Singlet	pANN_0.25_0.26_116	0.323786793953858
CNP0000460_AACCATGTCTTGCATT-1_2_1_1_1_1_1_1_1	CNP0000460_P02N	CNP0000460	DF.classifications_0.25_0.26_116	Singlet	pANN_0.25_0.26_116	0.205250596658711
CNP0000460_AACCGCGAGCAGGCTA-1_2_1_1_1_1_1_1_1	CNP0000460_P02N	CNP0000460	DF.classifications_0.25_0.26_116	Doublet	pANN_0.25_0.26_116	0.41527446300716
CNP0000460_AACCGCGCAAGGACTG-1_2_1_1_1_1_1_1_1	CNP0000460_P02N	CNP0000460	DF.classifications_0.25_0.26_116	Singlet	pANN_0.25_0.26_116	0.237867939538584
CNP0000460_AACCGCGCACAACTGT-1_2_1_1_1_1_1_1_1	CNP0000460_P02N	CNP0000460	DF.classifications_0.25_0.26_116	Singlet	pANN_0.25_0.26_116	0.190135242641209
CNP0000460_AACCGCGCAGCGAACA-1_2_1_1_1_1_1_1_1	CNP0000460_P02N	CNP0000460	DF.classifications_0.25_0.26_116	Singlet	pANN_0.25_0.26_116	0.171837708830549
CNP0000460_AACCGCGCAGCGTTCG-1_2_1_1_1_1_1_1_1	CNP0000460_P02N	CNP0000460	DF.classifications_0.25_0.26_116	Singlet	pANN_0.25_0.26_116	0.179793158313445
CNP0000460_AACCGCGCATTGTGCA-1_2_1_1_1_1_1_1_1	CNP0000460_P02N	CNP0000460	DF.classifications_0.25_0.26_116	Singlet	pANN_0.25_0.26_116	0.241050119331742
CNP0000460_AACCGCGGTAGAGGAA-1_2_1_1_1_1_1_1_1	CNP0000460_P02N	CNP0000460	DF.classifications_0.25_0.26_116	Singlet	pANN_0.25_0.26_116	0.289578361177407
CNP0000460_AACCGCGGTCGCTTCT-1_2_1_1_1_1_1_1_1	CNP0000460_P02N	CNP0000460	DF.classifications_0.25_0.26_116	Singlet	pANN_0.25_0.26_116	0.253778838504375
CNP0000460_AACCGCGTCGCAAACT-1_2_1_1_1_1_1_1_1	CNP0000460_P02N	CNP0000460	DF.classifications_0.25_0.26_116	Singlet	pANN_0.25_0.26_116	0.182975338106603
CNP0000460_AACCGCGTCTGATTCT-1_2_1_1_1_1_1_1_1	CNP0000460_P02N	CNP0000460	DF.classifications_0.25_0.26_116	Singlet	pANN_0.25_0.26_116	0.206046141607001
CNP0000460_AACGTTGGTAGGCTGA-1_2_1_1_1_1_1_1_1	CNP0000460_P02N	CNP0000460	DF.classifications_0.25_0.26_116	Singlet	pANN_0.25_0.26_116	0.24502784407319
CNP0000460_AACGTTGGTAGGGTAC-1_2_1_1_1_1_1_1_1	CNP0000460_P02N	CNP0000460	DF.classifications_0.25_0.26_116	Singlet	pANN_0.25_0.26_116	0.243436754176611
CNP0000460_AACGTTGGTTAAAGTG-1_2_1_1_1_1_1_1_1	CNP0000460_P02N	CNP0000460	DF.classifications_0.25_0.26_116	Singlet	pANN_0.25_0.26_116	0.249005568814638
CNP0000460_AACGTTGTCATAGCAC-1_2_1_1_1_1_1_1_1	CNP0000460_P02N	CNP0000460	DF.classifications_0.25_0.26_116	Singlet	pANN_0.25_0.26_116	0.171837708830549
CNP0000460_AACGTTGTCCGCAAGC-1_2_1_1_1_1_1_1_1	CNP0000460_P02N	CNP0000460	DF.classifications_0.25_0.26_116	Singlet	pANN_0.25_0.26_116	0.192521877486078
CNP0000460_AACGTTGTCTACTTAC-1_2_1_1_1_1_1_1_1	CNP0000460_P02N	CNP0000460	DF.classifications_0.25_0.26_116	Singlet	pANN_0.25_0.26_116	0.254574383452665
CNP0000460_AACGTTGTCTTTCCTC-1_2_1_1_1_1_1_1_1	CNP0000460_P02N	CNP0000460	DF.classifications_0.25_0.26_116	Singlet	pANN_0.25_0.26_116	0.18933969769292
CNP0000460_AACTCAGAGGAATTAC-1_2_1_1_1_1_1_1_1	CNP0000460_P02N	CNP0000460	DF.classifications_0.25_0.26_116	Singlet	pANN_0.25_0.26_116	0.253778838504375
CNP0000460_AACTCAGAGTCATGCT-1_2_1_1_1_1_1_1_1	CNP0000460_P02N	CNP0000460	DF.classifications_0.25_0.26_116	Singlet	pANN_0.25_0.26_116	0.228321400159109
CNP0000460_AACTCAGTCGAATCCA-1_2_1_1_1_1_1_1_1	CNP0000460_P02N	CNP0000460	DF.classifications_0.25_0.26_116	Singlet	pANN_0.25_0.26_116	0.203659506762132
CNP0000460_AACTCAGTCGAGAGCA-1_2_1_1_1_1_1_1_1	CNP0000460_P02N	CNP0000460	DF.classifications_0.25_0.26_116	Singlet	pANN_0.25_0.26_116	0.166268894192522
CNP0000460_AACTCCCAGAGGGCTT-1_2_1_1_1_1_1_1_1	CNP0000460_P02N	CNP0000460	DF.classifications_0.25_0.26_116	Singlet	pANN_0.25_0.26_116	0.238663484486873
CNP0000460_AACTCCCCACCAGCAC-1_2_1_1_1_1_1_1_1	CNP0000460_P02N	CNP0000460	DF.classifications_0.25_0.26_116	Singlet	pANN_0.25_0.26_116	0.3206046141607
CNP0000460_AACTCCCCACTTAACG-1_2_1_1_1_1_1_1_1	CNP0000460_P02N	CNP0000460	DF.classifications_0.25_0.26_116	Doublet	pANN_0.25_0.26_116	0.373110580747812
CNP0000460_AACTCCCCACTTCGAA-1_2_1_1_1_1_1_1_1	CNP0000460_P02N	CNP0000460	DF.classifications_0.25_0.26_116	Singlet	pANN_0.25_0.26_116	0.220365950676213
CNP0000460_AACTCCCCAGGGAGAG-1_2_1_1_1_1_1_1_1	CNP0000460_P02N	CNP0000460	DF.classifications_0.25_0.26_116	Singlet	pANN_0.25_0.26_116	0.213206046141607
CNP0000460_AACTCCCGTCTAAACC-1_2_1_1_1_1_1_1_1	CNP0000460_P02N	CNP0000460	DF.classifications_0.25_0.26_116	Singlet	pANN_0.25_0.26_116	0.214797136038186
CNP0000460_AACTCCCGTGTTAAGA-1_2_1_1_1_1_1_1_1	CNP0000460_P02N	CNP0000460	DF.classifications_0.25_0.26_116	Singlet	pANN_0.25_0.26_116	0.202068416865553
CNP0000460_AACTCCCGTTGCGTTA-1_2_1_1_1_1_1_1_1	CNP0000460_P02N	CNP0000460	DF.classifications_0.25_0.26_116	Singlet	pANN_0.25_0.26_116	0.186953062848051
CNP0000460_AACTCCCTCAATCTCT-1_2_1_1_1_1_1_1_1	CNP0000460_P02N	CNP0000460	DF.classifications_0.25_0.26_116	Singlet	pANN_0.25_0.26_116	0.210023866348449
CNP0000460_AACTCCCTCCCGACTT-1_2_1_1_1_1_1_1_1	CNP0000460_P02N	CNP0000460	DF.classifications_0.25_0.26_116	Singlet	pANN_0.25_0.26_116	0.214797136038186
CNP0000460_AACTCCCTCTCGTATT-1_2_1_1_1_1_1_1_1	CNP0000460_P02N	CNP0000460	DF.classifications_0.25_0.26_116	Singlet	pANN_0.25_0.26_116	0.274463007159905
CNP0000460_AACTCCCTCTGCGGCA-1_2_1_1_1_1_1_1_1	CNP0000460_P02N	CNP0000460	DF.classifications_0.25_0.26_116	Singlet	pANN_0.25_0.26_116	0.18933969769292
CNP0000460_AACTCTTAGCTGCCCA-1_2_1_1_1_1_1_1_1	CNP0000460_P02N	CNP0000460	DF.classifications_0.25_0.26_116	Singlet	pANN_0.25_0.26_116	0.2824184566428
CNP0000460_AACTCTTAGTACGTAA-1_2_1_1_1_1_1_1_1	CNP0000460_P02N	CNP0000460	DF.classifications_0.25_0.26_116	Singlet	pANN_0.25_0.26_116	0.241845664280032
CNP0000460_AACTCTTCAAGCCCAC-1_2_1_1_1_1_1_1_1	CNP0000460_P02N	CNP0000460	DF.classifications_0.25_0.26_116	Singlet	pANN_0.25_0.26_116	0.266507557677009
CNP0000460_AACTCTTCAAGCCGTC-1_2_1_1_1_1_1_1_1	CNP0000460_P02N	CNP0000460	DF.classifications_0.25_0.26_116	Singlet	pANN_0.25_0.26_116	0.178202068416866
CNP0000460_AACTCTTCAGGACCCT-1_2_1_1_1_1_1_1_1	CNP0000460_P02N	CNP0000460	DF.classifications_0.25_0.26_116	Singlet	pANN_0.25_0.26_116	0.215592680986476
CNP0000460_AACTCTTGTTACGGAG-1_2_1_1_1_1_1_1_1	CNP0000460_P02N	CNP0000460	DF.classifications_0.25_0.26_116	Singlet	pANN_0.25_0.26_116	0.214797136038186
CNP0000460_AACTGGTAGAGGTAGA-1_2_1_1_1_1_1_1_1	CNP0000460_P02N	CNP0000460	DF.classifications_0.25_0.26_116	Singlet	pANN_0.25_0.26_116	0.26491646778043
CNP0000460_AACTGGTCAAGAGGCT-1_2_1_1_1_1_1_1_1	CNP0000460_P02N	CNP0000460	DF.classifications_0.25_0.26_116	Singlet	pANN_0.25_0.26_116	0.225139220365951
CNP0000460_AACTGGTCAGCGTTCG-1_2_1_1_1_1_1_1_1	CNP0000460_P02N	CNP0000460	DF.classifications_0.25_0.26_116	Singlet	pANN_0.25_0.26_116	0.220365950676213
CNP0000460_AACTGGTTCAGCACAT-1_2_1_1_1_1_1_1_1	CNP0000460_P02N	CNP0000460	DF.classifications_0.25_0.26_116	Singlet	pANN_0.25_0.26_116	0.239459029435163
CNP0000460_AACTGGTTCCACTCCA-1_2_1_1_1_1_1_1_1	CNP0000460_P02N	CNP0000460	DF.classifications_0.25_0.26_116	Singlet	pANN_0.25_0.26_116	0.184566428003182
CNP0000460_AACTGGTTCCTGCAGG-1_2_1_1_1_1_1_1_1	CNP0000460_P02N	CNP0000460	DF.classifications_0.25_0.26_116	Singlet	pANN_0.25_0.26_116	0.18933969769292
CNP0000460_AACTTTCCATAGACTC-1_2_1_1_1_1_1_1_1	CNP0000460_P02N	CNP0000460	DF.classifications_0.25_0.26_116	Singlet	pANN_0.25_0.26_116	0.273667462211615
CNP0000460_AACTTTCGTACGCTGC-1_2_1_1_1_1_1_1_1	CNP0000460_P02N	CNP0000460	DF.classifications_0.25_0.26_116	Singlet	pANN_0.25_0.26_116	0.20843277645187
CNP0000460_AACTTTCGTTCAGGCC-1_2_1_1_1_1_1_1_1	CNP0000460_P02N	CNP0000460	DF.classifications_0.25_0.26_116	Singlet	pANN_0.25_0.26_116	0.201272871917263
CNP0000460_AAGACCTAGAGTAAGG-1_2_1_1_1_1_1_1_1	CNP0000460_P02N	CNP0000460	DF.classifications_0.25_0.26_116	Singlet	pANN_0.25_0.26_116	0.197295147175815
CNP0000460_AAGACCTCACATTTCT-1_2_1_1_1_1_1_1_1	CNP0000460_P02N	CNP0000460	DF.classifications_0.25_0.26_116	Singlet	pANN_0.25_0.26_116	0.213206046141607
CNP0000460_AAGACCTCACGTAAGG-1_2_1_1_1_1_1_1_1	CNP0000460_P02N	CNP0000460	DF.classifications_0.25_0.26_116	Singlet	pANN_0.25_0.26_116	0.18854415274463
CNP0000460_AAGACCTGTCATACTG-1_2_1_1_1_1_1_1_1	CNP0000460_P02N	CNP0000460	DF.classifications_0.25_0.26_116	Singlet	pANN_0.25_0.26_116	0.236276849642005
CNP0000460_AAGACCTTCACGAAGG-1_2_1_1_1_1_1_1_1	CNP0000460_P02N	CNP0000460	DF.classifications_0.25_0.26_116	Singlet	pANN_0.25_0.26_116	0.287987271280827
CNP0000460_AAGACCTTCGTGGTCG-1_2_1_1_1_1_1_1_1	CNP0000460_P02N	CNP0000460	DF.classifications_0.25_0.26_116	Singlet	pANN_0.25_0.26_116	0.184566428003182
CNP0000460_AAGCCGCAGCTCCCAG-1_2_1_1_1_1_1_1_1	CNP0000460_P02N	CNP0000460	DF.classifications_0.25_0.26_116	Singlet	pANN_0.25_0.26_116	0.30230708035004
CNP0000460_AAGCCGCAGTTAACGA-1_2_1_1_1_1_1_1_1	CNP0000460_P02N	CNP0000460	DF.classifications_0.25_0.26_116	Singlet	pANN_0.25_0.26_116	0.199681782020684
CNP0000460_AAGCCGCCAAGGGTCA-1_2_1_1_1_1_1_1_1	CNP0000460_P02N	CNP0000460	DF.classifications_0.25_0.26_116	Singlet	pANN_0.25_0.26_116	0.241050119331742
CNP0000460_AAGCCGCCAATCCAAC-1_2_1_1_1_1_1_1_1	CNP0000460_P02N	CNP0000460	DF.classifications_0.25_0.26_116	Singlet	pANN_0.25_0.26_116	0.289578361177407
CNP0000460_AAGCCGCGTCAGGACA-1_2_1_1_1_1_1_1_1	CNP0000460_P02N	CNP0000460	DF.classifications_0.25_0.26_116	Singlet	pANN_0.25_0.26_116	0.182179793158313
CNP0000460_AAGCCGCTCGCTGATA-1_2_1_1_1_1_1_1_1	CNP0000460_P02N	CNP0000460	DF.classifications_0.25_0.26_116	Singlet	pANN_0.25_0.26_116	0.241845664280032
CNP0000460_AAGCCGCTCGTTGACA-1_2_1_1_1_1_1_1_1	CNP0000460_P02N	CNP0000460	DF.classifications_0.25_0.26_116	Singlet	pANN_0.25_0.26_116	0.209228321400159
CNP0000460_AAGGAGCAGTCAAGCG-1_2_1_1_1_1_1_1_1	CNP0000460_P02N	CNP0000460	DF.classifications_0.25_0.26_116	Singlet	pANN_0.25_0.26_116	0.182975338106603
CNP0000460_AAGGAGCCACCCTATC-1_2_1_1_1_1_1_1_1	CNP0000460_P02N	CNP0000460	DF.classifications_0.25_0.26_116	Singlet	pANN_0.25_0.26_116	0.196499602227526
CNP0000460_AAGGAGCCAGACACTT-1_2_1_1_1_1_1_1_1	CNP0000460_P02N	CNP0000460	DF.classifications_0.25_0.26_116	Singlet	pANN_0.25_0.26_116	0.217979315831344
CNP0000460_AAGGAGCCATGCTAGT-1_2_1_1_1_1_1_1_1	CNP0000460_P02N	CNP0000460	DF.classifications_0.25_0.26_116	Singlet	pANN_0.25_0.26_116	0.165473349244232
CNP0000460_AAGGAGCGTACACCGC-1_2_1_1_1_1_1_1_1	CNP0000460_P02N	CNP0000460	DF.classifications_0.25_0.26_116	Singlet	pANN_0.25_0.26_116	0.13206046141607
CNP0000460_AAGGAGCGTTCGTCTC-1_2_1_1_1_1_1_1_1	CNP0000460_P02N	CNP0000460	DF.classifications_0.25_0.26_116	Singlet	pANN_0.25_0.26_116	0.193317422434368
CNP0000460_AAGGAGCGTTGTGGAG-1_2_1_1_1_1_1_1_1	CNP0000460_P02N	CNP0000460	DF.classifications_0.25_0.26_116	Singlet	pANN_0.25_0.26_116	0.171837708830549
CNP0000460_AAGGAGCTCATCGCTC-1_2_1_1_1_1_1_1_1	CNP0000460_P02N	CNP0000460	DF.classifications_0.25_0.26_116	Doublet	pANN_0.25_0.26_116	0.381861575178998
CNP0000460_AAGGAGCTCTTTACGT-1_2_1_1_1_1_1_1_1	CNP0000460_P02N	CNP0000460	DF.classifications_0.25_0.26_116	Singlet	pANN_0.25_0.26_116	0.182179793158313
CNP0000460_AAGGCAGAGCCAACAG-1_2_1_1_1_1_1_1_1	CNP0000460_P02N	CNP0000460	DF.classifications_0.25_0.26_116	Singlet	pANN_0.25_0.26_116	0.149562450278441
CNP0000460_AAGGCAGAGCCGATTT-1_2_1_1_1_1_1_1_1	CNP0000460_P02N	CNP0000460	DF.classifications_0.25_0.26_116	Singlet	pANN_0.25_0.26_116	0.202068416865553
CNP0000460_AAGGCAGAGGCAGGTT-1_2_1_1_1_1_1_1_1	CNP0000460_P02N	CNP0000460	DF.classifications_0.25_0.26_116	Singlet	pANN_0.25_0.26_116	0.299124900556881
CNP0000460_AAGGCAGAGTGAACAT-1_2_1_1_1_1_1_1_1	CNP0000460_P02N	CNP0000460	DF.classifications_0.25_0.26_116	Singlet	pANN_0.25_0.26_116	0.184566428003182
CNP0000460_AAGGCAGAGTGTGAAT-1_2_1_1_1_1_1_1_1	CNP0000460_P02N	CNP0000460	DF.classifications_0.25_0.26_116	Singlet	pANN_0.25_0.26_116	0.190930787589499
CNP0000460_AAGGCAGCACAACGCC-1_2_1_1_1_1_1_1_1	CNP0000460_P02N	CNP0000460	DF.classifications_0.25_0.26_116	Singlet	pANN_0.25_0.26_116	0.235481304693715
CNP0000460_AAGGCAGGTCCATCCT-1_2_1_1_1_1_1_1_1	CNP0000460_P02N	CNP0000460	DF.classifications_0.25_0.26_116	Singlet	pANN_0.25_0.26_116	0.286396181384248
CNP0000460_AAGGCAGGTTAAGGGC-1_2_1_1_1_1_1_1_1	CNP0000460_P02N	CNP0000460	DF.classifications_0.25_0.26_116	Singlet	pANN_0.25_0.26_116	0.193317422434368
CNP0000460_AAGGTTCCATTCACTT-1_2_1_1_1_1_1_1_1	CNP0000460_P02N	CNP0000460	DF.classifications_0.25_0.26_116	Singlet	pANN_0.25_0.26_116	0.194908512330947
CNP0000460_AAGGTTCGTGCCTGGT-1_2_1_1_1_1_1_1_1	CNP0000460_P02N	CNP0000460	DF.classifications_0.25_0.26_116	Singlet	pANN_0.25_0.26_116	0.192521877486078
CNP0000460_AAGGTTCGTGCGGTAA-1_2_1_1_1_1_1_1_1	CNP0000460_P02N	CNP0000460	DF.classifications_0.25_0.26_116	Singlet	pANN_0.25_0.26_116	0.166268894192522
CNP0000460_AAGGTTCGTTATGCGT-1_2_1_1_1_1_1_1_1	CNP0000460_P02N	CNP0000460	DF.classifications_0.25_0.26_116	Singlet	pANN_0.25_0.26_116	0.212410501193317
CNP0000460_AAGGTTCTCCTAGAAC-1_2_1_1_1_1_1_1_1	CNP0000460_P02N	CNP0000460	DF.classifications_0.25_0.26_116	Singlet	pANN_0.25_0.26_116	0.201272871917263
CNP0000460_AAGGTTCTCGAATGGG-1_2_1_1_1_1_1_1_1	CNP0000460_P02N	CNP0000460	DF.classifications_0.25_0.26_116	Singlet	pANN_0.25_0.26_116	0.18933969769292
CNP0000460_AAGGTTCTCTCGATGA-1_2_1_1_1_1_1_1_1	CNP0000460_P02N	CNP0000460	DF.classifications_0.25_0.26_116	Singlet	pANN_0.25_0.26_116	0.183770883054893
CNP0000460_AAGGTTCTCTCTGCTG-1_2_1_1_1_1_1_1_1	CNP0000460_P02N	CNP0000460	DF.classifications_0.25_0.26_116	Singlet	pANN_0.25_0.26_116	0.231503579952267
CNP0000460_AAGTCTGAGCGTGAAC-1_2_1_1_1_1_1_1_1	CNP0000460_P02N	CNP0000460	DF.classifications_0.25_0.26_116	Singlet	pANN_0.25_0.26_116	0.361972951471758
CNP0000460_AAGTCTGAGTCGAGTG-1_2_1_1_1_1_1_1_1	CNP0000460_P02N	CNP0000460	DF.classifications_0.25_0.26_116	Singlet	pANN_0.25_0.26_116	0.229912490055688
CNP0000460_AAGTCTGCAAGCCGTC-1_2_1_1_1_1_1_1_1	CNP0000460_P02N	CNP0000460	DF.classifications_0.25_0.26_116	Singlet	pANN_0.25_0.26_116	0.194908512330947
CNP0000460_AAGTCTGCACCCATTC-1_2_1_1_1_1_1_1_1	CNP0000460_P02N	CNP0000460	DF.classifications_0.25_0.26_116	Singlet	pANN_0.25_0.26_116	0.221161495624503
CNP0000460_AAGTCTGCACCGAAAG-1_2_1_1_1_1_1_1_1	CNP0000460_P02N	CNP0000460	DF.classifications_0.25_0.26_116	Singlet	pANN_0.25_0.26_116	0.192521877486078
CNP0000460_AAGTCTGGTAAATGAC-1_2_1_1_1_1_1_1_1	CNP0000460_P02N	CNP0000460	DF.classifications_0.25_0.26_116	Singlet	pANN_0.25_0.26_116	0.222752585521082
CNP0000460_AAGTCTGGTCCGAAGA-1_2_1_1_1_1_1_1_1	CNP0000460_P02N	CNP0000460	DF.classifications_0.25_0.26_116	Singlet	pANN_0.25_0.26_116	0.242641209228321
CNP0000460_AAGTCTGGTGAGTGAC-1_2_1_1_1_1_1_1_1	CNP0000460_P02N	CNP0000460	DF.classifications_0.25_0.26_116	Singlet	pANN_0.25_0.26_116	0.252187748607796
CNP0000460_AAGTCTGGTTGGTAAA-1_2_1_1_1_1_1_1_1	CNP0000460_P02N	CNP0000460	DF.classifications_0.25_0.26_116	Singlet	pANN_0.25_0.26_116	0.240254574383453
CNP0000460_AAGTCTGTCAACACCA-1_2_1_1_1_1_1_1_1	CNP0000460_P02N	CNP0000460	DF.classifications_0.25_0.26_116	Singlet	pANN_0.25_0.26_116	0.198090692124105
CNP0000460_AAGTCTGTCACATACG-1_2_1_1_1_1_1_1_1	CNP0000460_P02N	CNP0000460	DF.classifications_0.25_0.26_116	Doublet	pANN_0.25_0.26_116	0.366746221161496
CNP0000460_AAGTCTGTCTAGAGTC-1_2_1_1_1_1_1_1_1	CNP0000460_P02N	CNP0000460	DF.classifications_0.25_0.26_116	Singlet	pANN_0.25_0.26_116	0.20843277645187
CNP0000460_AAGTCTGTCTCTTATG-1_2_1_1_1_1_1_1_1	CNP0000460_P02N	CNP0000460	DF.classifications_0.25_0.26_116	Singlet	pANN_0.25_0.26_116	0.252187748607796
CNP0000460_AAGTCTGTCTGTCCGT-1_2_1_1_1_1_1_1_1	CNP0000460_P02N	CNP0000460	DF.classifications_0.25_0.26_116	Singlet	pANN_0.25_0.26_116	0.179793158313445
CNP0000460_AATCCAGAGAACTGTA-1_2_1_1_1_1_1_1_1	CNP0000460_P02N	CNP0000460	DF.classifications_0.25_0.26_116	Singlet	pANN_0.25_0.26_116	0.228321400159109
CNP0000460_AATCCAGAGCTAGCCC-1_2_1_1_1_1_1_1_1	CNP0000460_P02N	CNP0000460	DF.classifications_0.25_0.26_116	Singlet	pANN_0.25_0.26_116	0.234685759745426
CNP0000460_AATCCAGAGGAATCGC-1_2_1_1_1_1_1_1_1	CNP0000460_P02N	CNP0000460	DF.classifications_0.25_0.26_116	Singlet	pANN_0.25_0.26_116	0.265712012728719
CNP0000460_AATCCAGAGGGCTTGA-1_2_1_1_1_1_1_1_1	CNP0000460_P02N	CNP0000460	DF.classifications_0.25_0.26_116	Doublet	pANN_0.25_0.26_116	0.368337311058075
CNP0000460_AATCCAGAGTTGTCGT-1_2_1_1_1_1_1_1_1	CNP0000460_P02N	CNP0000460	DF.classifications_0.25_0.26_116	Singlet	pANN_0.25_0.26_116	0.240254574383453
CNP0000460_AATCCAGCACCTCGTT-1_2_1_1_1_1_1_1_1	CNP0000460_P02N	CNP0000460	DF.classifications_0.25_0.26_116	Singlet	pANN_0.25_0.26_116	0.221957040572792
CNP0000460_AATCCAGTCCTGCAGG-1_2_1_1_1_1_1_1_1	CNP0000460_P02N	CNP0000460	DF.classifications_0.25_0.26_116	Singlet	pANN_0.25_0.26_116	0.204455051710422
CNP0000460_AATCGGTAGCACGCCT-1_2_1_1_1_1_1_1_1	CNP0000460_P02N	CNP0000460	DF.classifications_0.25_0.26_116	Singlet	pANN_0.25_0.26_116	0.210023866348449
CNP0000460_AATCGGTAGCCAGTTT-1_2_1_1_1_1_1_1_1	CNP0000460_P02N	CNP0000460	DF.classifications_0.25_0.26_116	Singlet	pANN_0.25_0.26_116	0.186157517899761
CNP0000460_AATCGGTAGCTCAACT-1_2_1_1_1_1_1_1_1	CNP0000460_P02N	CNP0000460	DF.classifications_0.25_0.26_116	Singlet	pANN_0.25_0.26_116	0.258552108194113
CNP0000460_AATCGGTCACTGTCGG-1_2_1_1_1_1_1_1_1	CNP0000460_P02N	CNP0000460	DF.classifications_0.25_0.26_116	Singlet	pANN_0.25_0.26_116	0.228321400159109
CNP0000460_AATCGGTCAGCTTCGG-1_2_1_1_1_1_1_1_1	CNP0000460_P02N	CNP0000460	DF.classifications_0.25_0.26_116	Doublet	pANN_0.25_0.26_116	0.39618138424821
CNP0000460_AATCGGTGTAAATGAC-1_2_1_1_1_1_1_1_1	CNP0000460_P02N	CNP0000460	DF.classifications_0.25_0.26_116	Singlet	pANN_0.25_0.26_116	0.193317422434368
CNP0000460_AATCGGTGTCCGACGT-1_2_1_1_1_1_1_1_1	CNP0000460_P02N	CNP0000460	DF.classifications_0.25_0.26_116	Singlet	pANN_0.25_0.26_116	0.200477326968974
CNP0000460_AATCGGTGTCGGCTCA-1_2_1_1_1_1_1_1_1	CNP0000460_P02N	CNP0000460	DF.classifications_0.25_0.26_116	Singlet	pANN_0.25_0.26_116	0.212410501193317
CNP0000460_AATCGGTTCCACTGGG-1_2_1_1_1_1_1_1_1	CNP0000460_P02N	CNP0000460	DF.classifications_0.25_0.26_116	Singlet	pANN_0.25_0.26_116	0.196499602227526
CNP0000460_AATCGGTTCCTTGGTC-1_2_1_1_1_1_1_1_1	CNP0000460_P02N	CNP0000460	DF.classifications_0.25_0.26_116	Singlet	pANN_0.25_0.26_116	0.355608591885442
CNP0000460_AATCGGTTCTGTGCAA-1_2_1_1_1_1_1_1_1	CNP0000460_P02N	CNP0000460	DF.classifications_0.25_0.26_116	Singlet	pANN_0.25_0.26_116	0.15035799522673
CNP0000460_AATCGGTTCTTGACGA-1_2_1_1_1_1_1_1_1	CNP0000460_P02N	CNP0000460	DF.classifications_0.25_0.26_116	Singlet	pANN_0.25_0.26_116	0.222752585521082
CNP0000460_AATCGGTTCTTGTATC-1_2_1_1_1_1_1_1_1	CNP0000460_P02N	CNP0000460	DF.classifications_0.25_0.26_116	Singlet	pANN_0.25_0.26_116	0.24502784407319
CNP0000460_ACACCAAAGATCCTGT-1_2_1_1_1_1_1_1_1	CNP0000460_P02N	CNP0000460	DF.classifications_0.25_0.26_116	Singlet	pANN_0.25_0.26_116	0.167859984089101
CNP0000460_ACACCAAAGATCTGCT-1_2_1_1_1_1_1_1_1	CNP0000460_P02N	CNP0000460	DF.classifications_0.25_0.26_116	Singlet	pANN_0.25_0.26_116	0.13206046141607
CNP0000460_ACACCAAAGGAATTAC-1_2_1_1_1_1_1_1_1	CNP0000460_P02N	CNP0000460	DF.classifications_0.25_0.26_116	Singlet	pANN_0.25_0.26_116	0.221161495624503
CNP0000460_ACACCAAGTCTTTCAT-1_2_1_1_1_1_1_1_1	CNP0000460_P02N	CNP0000460	DF.classifications_0.25_0.26_116	Singlet	pANN_0.25_0.26_116	0.233094669848846
CNP0000460_ACACCAAGTGTTGGGA-1_2_1_1_1_1_1_1_1	CNP0000460_P02N	CNP0000460	DF.classifications_0.25_0.26_116	Singlet	pANN_0.25_0.26_116	0.28321400159109
CNP0000460_ACACCAATCCAAAGTC-1_2_1_1_1_1_1_1_1	CNP0000460_P02N	CNP0000460	DF.classifications_0.25_0.26_116	Singlet	pANN_0.25_0.26_116	0.234685759745426
CNP0000460_ACACCAATCTTGAGGT-1_2_1_1_1_1_1_1_1	CNP0000460_P02N	CNP0000460	DF.classifications_0.25_0.26_116	Singlet	pANN_0.25_0.26_116	0.222752585521082
CNP0000460_ACACCCTAGCGACGTA-1_2_1_1_1_1_1_1_1	CNP0000460_P02N	CNP0000460	DF.classifications_0.25_0.26_116	Singlet	pANN_0.25_0.26_116	0.175019888623707
CNP0000460_ACACCCTAGGTGTTAA-1_2_1_1_1_1_1_1_1	CNP0000460_P02N	CNP0000460	DF.classifications_0.25_0.26_116	Singlet	pANN_0.25_0.26_116	0.116149562450278
CNP0000460_ACACCCTAGTGCTGCC-1_2_1_1_1_1_1_1_1	CNP0000460_P02N	CNP0000460	DF.classifications_0.25_0.26_116	Singlet	pANN_0.25_0.26_116	0.322195704057279
CNP0000460_ACACCCTCACAGACAG-1_2_1_1_1_1_1_1_1	CNP0000460_P02N	CNP0000460	DF.classifications_0.25_0.26_116	Singlet	pANN_0.25_0.26_116	0.223548130469372
CNP0000460_ACACCCTCACATGGGA-1_2_1_1_1_1_1_1_1	CNP0000460_P02N	CNP0000460	DF.classifications_0.25_0.26_116	Singlet	pANN_0.25_0.26_116	0.182975338106603
CNP0000460_ACACCCTCACCACGTG-1_2_1_1_1_1_1_1_1	CNP0000460_P02N	CNP0000460	DF.classifications_0.25_0.26_116	Singlet	pANN_0.25_0.26_116	0.197295147175815
CNP0000460_ACACCCTCACGGATAG-1_2_1_1_1_1_1_1_1	CNP0000460_P02N	CNP0000460	DF.classifications_0.25_0.26_116	Singlet	pANN_0.25_0.26_116	0.210819411296738
CNP0000460_ACACCCTCATGAACCT-1_2_1_1_1_1_1_1_1	CNP0000460_P02N	CNP0000460	DF.classifications_0.25_0.26_116	Singlet	pANN_0.25_0.26_116	0.130469371519491
CNP0000460_ACACCCTTCACCCTCA-1_2_1_1_1_1_1_1_1	CNP0000460_P02N	CNP0000460	DF.classifications_0.25_0.26_116	Singlet	pANN_0.25_0.26_116	0.243436754176611
CNP0000460_ACACCCTTCTATGTGG-1_2_1_1_1_1_1_1_1	CNP0000460_P02N	CNP0000460	DF.classifications_0.25_0.26_116	Singlet	pANN_0.25_0.26_116	0.201272871917263
CNP0000460_ACACCGGAGACAGACC-1_2_1_1_1_1_1_1_1	CNP0000460_P02N	CNP0000460	DF.classifications_0.25_0.26_116	Singlet	pANN_0.25_0.26_116	0.250596658711217
CNP0000460_ACACCGGAGACGCAAC-1_2_1_1_1_1_1_1_1	CNP0000460_P02N	CNP0000460	DF.classifications_0.25_0.26_116	Singlet	pANN_0.25_0.26_116	0.215592680986476
CNP0000460_ACACCGGCACTCAGGC-1_2_1_1_1_1_1_1_1	CNP0000460_P02N	CNP0000460	DF.classifications_0.25_0.26_116	Singlet	pANN_0.25_0.26_116	0.229116945107399
CNP0000460_ACACCGGTCAATCACG-1_2_1_1_1_1_1_1_1	CNP0000460_P02N	CNP0000460	DF.classifications_0.25_0.26_116	Singlet	pANN_0.25_0.26_116	0.239459029435163
CNP0000460_ACACCGGTCAGGCAAG-1_2_1_1_1_1_1_1_1	CNP0000460_P02N	CNP0000460	DF.classifications_0.25_0.26_116	Singlet	pANN_0.25_0.26_116	0.257756563245823
CNP0000460_ACACCGGTCGCCGTGA-1_2_1_1_1_1_1_1_1	CNP0000460_P02N	CNP0000460	DF.classifications_0.25_0.26_116	Singlet	pANN_0.25_0.26_116	0.171837708830549
CNP0000460_ACACTGAAGAAACGAG-1_2_1_1_1_1_1_1_1	CNP0000460_P02N	CNP0000460	DF.classifications_0.25_0.26_116	Singlet	pANN_0.25_0.26_116	0.22673031026253
CNP0000460_ACACTGACATGACGGA-1_2_1_1_1_1_1_1_1	CNP0000460_P02N	CNP0000460	DF.classifications_0.25_0.26_116	Singlet	pANN_0.25_0.26_116	0.229912490055688
CNP0000460_ACACTGAGTCACAAGG-1_2_1_1_1_1_1_1_1	CNP0000460_P02N	CNP0000460	DF.classifications_0.25_0.26_116	Singlet	pANN_0.25_0.26_116	0.210819411296738
CNP0000460_ACACTGAGTCAGTGGA-1_2_1_1_1_1_1_1_1	CNP0000460_P02N	CNP0000460	DF.classifications_0.25_0.26_116	Singlet	pANN_0.25_0.26_116	0.221957040572792
CNP0000460_ACACTGATCAGTCAGT-1_2_1_1_1_1_1_1_1	CNP0000460_P02N	CNP0000460	DF.classifications_0.25_0.26_116	Singlet	pANN_0.25_0.26_116	0.228321400159109
CNP0000460_ACACTGATCTCGATGA-1_2_1_1_1_1_1_1_1	CNP0000460_P02N	CNP0000460	DF.classifications_0.25_0.26_116	Singlet	pANN_0.25_0.26_116	0.179793158313445
CNP0000460_ACAGCCGCAACTGGCC-1_2_1_1_1_1_1_1_1	CNP0000460_P02N	CNP0000460	DF.classifications_0.25_0.26_116	Singlet	pANN_0.25_0.26_116	0.183770883054893
CNP0000460_ACAGCCGCACAGGCCT-1_2_1_1_1_1_1_1_1	CNP0000460_P02N	CNP0000460	DF.classifications_0.25_0.26_116	Doublet	pANN_0.25_0.26_116	0.369132856006364
CNP0000460_ACAGCCGCACTTCTGC-1_2_1_1_1_1_1_1_1	CNP0000460_P02N	CNP0000460	DF.classifications_0.25_0.26_116	Singlet	pANN_0.25_0.26_116	0.175815433571997
CNP0000460_ACAGCCGCATGGTCTA-1_2_1_1_1_1_1_1_1	CNP0000460_P02N	CNP0000460	DF.classifications_0.25_0.26_116	Singlet	pANN_0.25_0.26_116	0.3587907716786
CNP0000460_ACAGCCGTCTTTCCTC-1_2_1_1_1_1_1_1_1	CNP0000460_P02N	CNP0000460	DF.classifications_0.25_0.26_116	Singlet	pANN_0.25_0.26_116	0.191726332537788
CNP0000460_ACAGCTAAGGAGTACC-1_2_1_1_1_1_1_1_1	CNP0000460_P02N	CNP0000460	DF.classifications_0.25_0.26_116	Singlet	pANN_0.25_0.26_116	0.209228321400159
CNP0000460_ACAGCTAGTCCCGACA-1_2_1_1_1_1_1_1_1	CNP0000460_P02N	CNP0000460	DF.classifications_0.25_0.26_116	Singlet	pANN_0.25_0.26_116	0.129673826571201
CNP0000460_ACAGCTAGTCCCTACT-1_2_1_1_1_1_1_1_1	CNP0000460_P02N	CNP0000460	DF.classifications_0.25_0.26_116	Singlet	pANN_0.25_0.26_116	0.183770883054893
CNP0000460_ACAGCTAGTTCGTGAT-1_2_1_1_1_1_1_1_1	CNP0000460_P02N	CNP0000460	DF.classifications_0.25_0.26_116	Singlet	pANN_0.25_0.26_116	0.258552108194113
CNP0000460_ACAGCTATCCGCGGTA-1_2_1_1_1_1_1_1_1	CNP0000460_P02N	CNP0000460	DF.classifications_0.25_0.26_116	Singlet	pANN_0.25_0.26_116	0.202068416865553
CNP0000460_ACATACGAGTTGTAGA-1_2_1_1_1_1_1_1_1	CNP0000460_P02N	CNP0000460	DF.classifications_0.25_0.26_116	Singlet	pANN_0.25_0.26_116	0.241845664280032
CNP0000460_ACATACGCAAGTCTAC-1_2_1_1_1_1_1_1_1	CNP0000460_P02N	CNP0000460	DF.classifications_0.25_0.26_116	Singlet	pANN_0.25_0.26_116	0.229116945107399
CNP0000460_ACATACGCATTTGCTT-1_2_1_1_1_1_1_1_1	CNP0000460_P02N	CNP0000460	DF.classifications_0.25_0.26_116	Singlet	pANN_0.25_0.26_116	0.218774860779634
CNP0000460_ACATACGGTAAAGTCA-1_2_1_1_1_1_1_1_1	CNP0000460_P02N	CNP0000460	DF.classifications_0.25_0.26_116	Singlet	pANN_0.25_0.26_116	0.223548130469372
CNP0000460_ACATACGTCTACTTAC-1_2_1_1_1_1_1_1_1	CNP0000460_P02N	CNP0000460	DF.classifications_0.25_0.26_116	Singlet	pANN_0.25_0.26_116	0.256961018297534
CNP0000460_ACATACGTCTTGGGTA-1_2_1_1_1_1_1_1_1	CNP0000460_P02N	CNP0000460	DF.classifications_0.25_0.26_116	Singlet	pANN_0.25_0.26_116	0.197295147175815
CNP0000460_ACATCAGAGTGGAGTC-1_2_1_1_1_1_1_1_1	CNP0000460_P02N	CNP0000460	DF.classifications_0.25_0.26_116	Singlet	pANN_0.25_0.26_116	0.260938743038982
CNP0000460_ACATCAGCATAAAGGT-1_2_1_1_1_1_1_1_1	CNP0000460_P02N	CNP0000460	DF.classifications_0.25_0.26_116	Singlet	pANN_0.25_0.26_116	0.248210023866348
CNP0000460_ACATCAGGTAAGTAGT-1_2_1_1_1_1_1_1_1	CNP0000460_P02N	CNP0000460	DF.classifications_0.25_0.26_116	Singlet	pANN_0.25_0.26_116	0.175815433571997
CNP0000460_ACATCAGGTCCGAACC-1_2_1_1_1_1_1_1_1	CNP0000460_P02N	CNP0000460	DF.classifications_0.25_0.26_116	Singlet	pANN_0.25_0.26_116	0.24502784407319
CNP0000460_ACATCAGGTGAGTGAC-1_2_1_1_1_1_1_1_1	CNP0000460_P02N	CNP0000460	DF.classifications_0.25_0.26_116	Singlet	pANN_0.25_0.26_116	0.173428798727128
CNP0000460_ACATCAGTCAATAAGG-1_2_1_1_1_1_1_1_1	CNP0000460_P02N	CNP0000460	DF.classifications_0.25_0.26_116	Singlet	pANN_0.25_0.26_116	0.220365950676213
CNP0000460_ACATCAGTCACTCTTA-1_2_1_1_1_1_1_1_1	CNP0000460_P02N	CNP0000460	DF.classifications_0.25_0.26_116	Singlet	pANN_0.25_0.26_116	0.239459029435163
CNP0000460_ACATCAGTCTTCGGTC-1_2_1_1_1_1_1_1_1	CNP0000460_P02N	CNP0000460	DF.classifications_0.25_0.26_116	Singlet	pANN_0.25_0.26_116	0.3206046141607
CNP0000460_ACATCAGTCTTGCATT-1_2_1_1_1_1_1_1_1	CNP0000460_P02N	CNP0000460	DF.classifications_0.25_0.26_116	Singlet	pANN_0.25_0.26_116	0.22593476531424
CNP0000460_ACATGGTAGTGACATA-1_2_1_1_1_1_1_1_1	CNP0000460_P02N	CNP0000460	DF.classifications_0.25_0.26_116	Singlet	pANN_0.25_0.26_116	0.198886237072395
CNP0000460_ACATGGTCAAGGTTCT-1_2_1_1_1_1_1_1_1	CNP0000460_P02N	CNP0000460	DF.classifications_0.25_0.26_116	Singlet	pANN_0.25_0.26_116	0.200477326968974
CNP0000460_ACATGGTCACAACTGT-1_2_1_1_1_1_1_1_1	CNP0000460_P02N	CNP0000460	DF.classifications_0.25_0.26_116	Singlet	pANN_0.25_0.26_116	0.210023866348449
CNP0000460_ACATGGTCAGTACACT-1_2_1_1_1_1_1_1_1	CNP0000460_P02N	CNP0000460	DF.classifications_0.25_0.26_116	Singlet	pANN_0.25_0.26_116	0.233094669848846
CNP0000460_ACATGGTCAGTAGAGC-1_2_1_1_1_1_1_1_1	CNP0000460_P02N	CNP0000460	DF.classifications_0.25_0.26_116	Singlet	pANN_0.25_0.26_116	0.223548130469372
CNP0000460_ACATGGTCATGTAAGA-1_2_1_1_1_1_1_1_1	CNP0000460_P02N	CNP0000460	DF.classifications_0.25_0.26_116	Singlet	pANN_0.25_0.26_116	0.196499602227526
CNP0000460_ACATGGTCATGTCCTC-1_2_1_1_1_1_1_1_1	CNP0000460_P02N	CNP0000460	DF.classifications_0.25_0.26_116	Singlet	pANN_0.25_0.26_116	0.269689737470167
CNP0000460_ACATGGTTCAGCTCTC-1_2_1_1_1_1_1_1_1	CNP0000460_P02N	CNP0000460	DF.classifications_0.25_0.26_116	Singlet	pANN_0.25_0.26_116	0.212410501193317
CNP0000460_ACATGGTTCTACCAGA-1_2_1_1_1_1_1_1_1	CNP0000460_P02N	CNP0000460	DF.classifications_0.25_0.26_116	Singlet	pANN_0.25_0.26_116	0.182179793158313
CNP0000460_ACATGGTTCTGTCAAG-1_2_1_1_1_1_1_1_1	CNP0000460_P02N	CNP0000460	DF.classifications_0.25_0.26_116	Singlet	pANN_0.25_0.26_116	0.24502784407319
CNP0000460_ACCAGTAAGCAAATCA-1_2_1_1_1_1_1_1_1	CNP0000460_P02N	CNP0000460	DF.classifications_0.25_0.26_116	Singlet	pANN_0.25_0.26_116	0.185361972951472
CNP0000460_ACCAGTAAGCCACTAT-1_2_1_1_1_1_1_1_1	CNP0000460_P02N	CNP0000460	DF.classifications_0.25_0.26_116	Singlet	pANN_0.25_0.26_116	0.249801113762928
CNP0000460_ACCAGTAAGCCCAACC-1_2_1_1_1_1_1_1_1	CNP0000460_P02N	CNP0000460	DF.classifications_0.25_0.26_116	Singlet	pANN_0.25_0.26_116	0.229116945107399
CNP0000460_ACCAGTAAGGTAAACT-1_2_1_1_1_1_1_1_1	CNP0000460_P02N	CNP0000460	DF.classifications_0.25_0.26_116	Singlet	pANN_0.25_0.26_116	0.201272871917263
CNP0000460_ACCAGTACACGGTAAG-1_2_1_1_1_1_1_1_1	CNP0000460_P02N	CNP0000460	DF.classifications_0.25_0.26_116	Singlet	pANN_0.25_0.26_116	0.192521877486078
CNP0000460_ACCAGTAGTACGCACC-1_2_1_1_1_1_1_1_1	CNP0000460_P02N	CNP0000460	DF.classifications_0.25_0.26_116	Singlet	pANN_0.25_0.26_116	0.297533810660302
CNP0000460_ACCAGTAGTTGCGCAC-1_2_1_1_1_1_1_1_1	CNP0000460_P02N	CNP0000460	DF.classifications_0.25_0.26_116	Singlet	pANN_0.25_0.26_116	0.209228321400159
CNP0000460_ACCAGTATCAGAAATG-1_2_1_1_1_1_1_1_1	CNP0000460_P02N	CNP0000460	DF.classifications_0.25_0.26_116	Singlet	pANN_0.25_0.26_116	0.218774860779634
CNP0000460_ACCAGTATCTGTCTCG-1_2_1_1_1_1_1_1_1	CNP0000460_P02N	CNP0000460	DF.classifications_0.25_0.26_116	Singlet	pANN_0.25_0.26_116	0.193317422434368
CNP0000460_ACCAGTATCTTACCGC-1_2_1_1_1_1_1_1_1	CNP0000460_P02N	CNP0000460	DF.classifications_0.25_0.26_116	Singlet	pANN_0.25_0.26_116	0.194112967382657
CNP0000460_ACCCACTAGAGCTGGT-1_2_1_1_1_1_1_1_1	CNP0000460_P02N	CNP0000460	DF.classifications_0.25_0.26_116	Singlet	pANN_0.25_0.26_116	0.229912490055688
CNP0000460_ACCCACTAGCTATGCT-1_2_1_1_1_1_1_1_1	CNP0000460_P02N	CNP0000460	DF.classifications_0.25_0.26_116	Singlet	pANN_0.25_0.26_116	0.240254574383453
CNP0000460_ACCCACTCAAAGCGGT-1_2_1_1_1_1_1_1_1	CNP0000460_P02N	CNP0000460	DF.classifications_0.25_0.26_116	Singlet	pANN_0.25_0.26_116	0.228321400159109
CNP0000460_ACCCACTCAGACAAAT-1_2_1_1_1_1_1_1_1	CNP0000460_P02N	CNP0000460	DF.classifications_0.25_0.26_116	Singlet	pANN_0.25_0.26_116	0.251392203659507
CNP0000460_ACCCACTGTACAGTGG-1_2_1_1_1_1_1_1_1	CNP0000460_P02N	CNP0000460	DF.classifications_0.25_0.26_116	Singlet	pANN_0.25_0.26_116	0.26491646778043
CNP0000460_ACCCACTGTCGGCTCA-1_2_1_1_1_1_1_1_1	CNP0000460_P02N	CNP0000460	DF.classifications_0.25_0.26_116	Singlet	pANN_0.25_0.26_116	0.194112967382657
CNP0000460_ACCCACTTCAGTGTTG-1_2_1_1_1_1_1_1_1	CNP0000460_P02N	CNP0000460	DF.classifications_0.25_0.26_116	Singlet	pANN_0.25_0.26_116	0.243436754176611
CNP0000460_ACCCACTTCCCAAGAT-1_2_1_1_1_1_1_1_1	CNP0000460_P02N	CNP0000460	DF.classifications_0.25_0.26_116	Singlet	pANN_0.25_0.26_116	0.228321400159109
CNP0000460_ACCGTAAAGAAGATTC-1_2_1_1_1_1_1_1_1	CNP0000460_P02N	CNP0000460	DF.classifications_0.25_0.26_116	Singlet	pANN_0.25_0.26_116	0.218774860779634
CNP0000460_ACCGTAAAGTTCGCAT-1_2_1_1_1_1_1_1_1	CNP0000460_P02N	CNP0000460	DF.classifications_0.25_0.26_116	Singlet	pANN_0.25_0.26_116	0.210819411296738
CNP0000460_ACCGTAAGTACAAGTA-1_2_1_1_1_1_1_1_1	CNP0000460_P02N	CNP0000460	DF.classifications_0.25_0.26_116	Singlet	pANN_0.25_0.26_116	0.159108989657916
CNP0000460_ACCGTAATCCAGTATG-1_2_1_1_1_1_1_1_1	CNP0000460_P02N	CNP0000460	DF.classifications_0.25_0.26_116	Singlet	pANN_0.25_0.26_116	0.179793158313445
CNP0000460_ACCGTAATCCTTAATC-1_2_1_1_1_1_1_1_1	CNP0000460_P02N	CNP0000460	DF.classifications_0.25_0.26_116	Singlet	pANN_0.25_0.26_116	0.26412092283214
CNP0000460_ACCGTAATCGGTGTCG-1_2_1_1_1_1_1_1_1	CNP0000460_P02N	CNP0000460	DF.classifications_0.25_0.26_116	Singlet	pANN_0.25_0.26_116	0.219570405727924
CNP0000460_ACCTTTAAGACGCTTT-1_2_1_1_1_1_1_1_1	CNP0000460_P02N	CNP0000460	DF.classifications_0.25_0.26_116	Singlet	pANN_0.25_0.26_116	0.198886237072395
CNP0000460_ACCTTTAAGATCGGGT-1_2_1_1_1_1_1_1_1	CNP0000460_P02N	CNP0000460	DF.classifications_0.25_0.26_116	Singlet	pANN_0.25_0.26_116	0.219570405727924
CNP0000460_ACCTTTAAGGAGTACC-1_2_1_1_1_1_1_1_1	CNP0000460_P02N	CNP0000460	DF.classifications_0.25_0.26_116	Singlet	pANN_0.25_0.26_116	0.203659506762132
CNP0000460_ACCTTTACATCACGAT-1_2_1_1_1_1_1_1_1	CNP0000460_P02N	CNP0000460	DF.classifications_0.25_0.26_116	Singlet	pANN_0.25_0.26_116	0.164677804295943
CNP0000460_ACCTTTACATGGTCTA-1_2_1_1_1_1_1_1_1	CNP0000460_P02N	CNP0000460	DF.classifications_0.25_0.26_116	Singlet	pANN_0.25_0.26_116	0.26332537788385
CNP0000460_ACCTTTATCATATCGG-1_2_1_1_1_1_1_1_1	CNP0000460_P02N	CNP0000460	DF.classifications_0.25_0.26_116	Singlet	pANN_0.25_0.26_116	0.274463007159905
CNP0000460_ACCTTTATCTGCAAGT-1_2_1_1_1_1_1_1_1	CNP0000460_P02N	CNP0000460	DF.classifications_0.25_0.26_116	Singlet	pANN_0.25_0.26_116	0.18854415274463
CNP0000460_ACGAGCCAGAGTCTGG-1_2_1_1_1_1_1_1_1	CNP0000460_P02N	CNP0000460	DF.classifications_0.25_0.26_116	Singlet	pANN_0.25_0.26_116	0.171837708830549
CNP0000460_ACGAGCCCAAAGCGGT-1_2_1_1_1_1_1_1_1	CNP0000460_P02N	CNP0000460	DF.classifications_0.25_0.26_116	Doublet	pANN_0.25_0.26_116	0.366746221161496
CNP0000460_ACGAGCCCATACAGCT-1_2_1_1_1_1_1_1_1	CNP0000460_P02N	CNP0000460	DF.classifications_0.25_0.26_116	Singlet	pANN_0.25_0.26_116	0.252187748607796
CNP0000460_ACGAGCCGTCAGGACA-1_2_1_1_1_1_1_1_1	CNP0000460_P02N	CNP0000460	DF.classifications_0.25_0.26_116	Singlet	pANN_0.25_0.26_116	0.203659506762132
CNP0000460_ACGAGCCGTCTAACGT-1_2_1_1_1_1_1_1_1	CNP0000460_P02N	CNP0000460	DF.classifications_0.25_0.26_116	Doublet	pANN_0.25_0.26_116	0.39538583929992
CNP0000460_ACGAGCCGTTAGAACA-1_2_1_1_1_1_1_1_1	CNP0000460_P02N	CNP0000460	DF.classifications_0.25_0.26_116	Singlet	pANN_0.25_0.26_116	0.181384248210024
CNP0000460_ACGAGCCTCATCGATG-1_2_1_1_1_1_1_1_1	CNP0000460_P02N	CNP0000460	DF.classifications_0.25_0.26_116	Singlet	pANN_0.25_0.26_116	0.20843277645187
CNP0000460_ACGAGGAAGTAGGCCA-1_2_1_1_1_1_1_1_1	CNP0000460_P02N	CNP0000460	DF.classifications_0.25_0.26_116	Singlet	pANN_0.25_0.26_116	0.214001591089897
CNP0000460_ACGAGGACAAATTGCC-1_2_1_1_1_1_1_1_1	CNP0000460_P02N	CNP0000460	DF.classifications_0.25_0.26_116	Singlet	pANN_0.25_0.26_116	0.217979315831344
CNP0000460_ACGAGGACAGACGTAG-1_2_1_1_1_1_1_1_1	CNP0000460_P02N	CNP0000460	DF.classifications_0.25_0.26_116	Singlet	pANN_0.25_0.26_116	0.204455051710422
CNP0000460_ACGAGGAGTTCGCGAC-1_2_1_1_1_1_1_1_1	CNP0000460_P02N	CNP0000460	DF.classifications_0.25_0.26_116	Singlet	pANN_0.25_0.26_116	0.219570405727924
CNP0000460_ACGAGGATCACATAGC-1_2_1_1_1_1_1_1_1	CNP0000460_P02N	CNP0000460	DF.classifications_0.25_0.26_116	Singlet	pANN_0.25_0.26_116	0.252983293556086
CNP0000460_ACGAGGATCCGCTGTT-1_2_1_1_1_1_1_1_1	CNP0000460_P02N	CNP0000460	DF.classifications_0.25_0.26_116	Singlet	pANN_0.25_0.26_116	0.295942720763723
CNP0000460_ACGAGGATCTGTGCAA-1_2_1_1_1_1_1_1_1	CNP0000460_P02N	CNP0000460	DF.classifications_0.25_0.26_116	Singlet	pANN_0.25_0.26_116	0.190930787589499
CNP0000460_ACGATACAGATGGGTC-1_2_1_1_1_1_1_1_1	CNP0000460_P02N	CNP0000460	DF.classifications_0.25_0.26_116	Singlet	pANN_0.25_0.26_116	0.191726332537788
CNP0000460_ACGATACAGATGTCGG-1_2_1_1_1_1_1_1_1	CNP0000460_P02N	CNP0000460	DF.classifications_0.25_0.26_116	Singlet	pANN_0.25_0.26_116	0.261734287987271
CNP0000460_ACGATACAGCCAGGAT-1_2_1_1_1_1_1_1_1	CNP0000460_P02N	CNP0000460	DF.classifications_0.25_0.26_116	Singlet	pANN_0.25_0.26_116	0.20843277645187
CNP0000460_ACGATACCAACTGCTA-1_2_1_1_1_1_1_1_1	CNP0000460_P02N	CNP0000460	DF.classifications_0.25_0.26_116	Singlet	pANN_0.25_0.26_116	0.256165473349244
CNP0000460_ACGATACCAAGGTTCT-1_2_1_1_1_1_1_1_1	CNP0000460_P02N	CNP0000460	DF.classifications_0.25_0.26_116	Singlet	pANN_0.25_0.26_116	0.199681782020684
CNP0000460_ACGATACCACCGATAT-1_2_1_1_1_1_1_1_1	CNP0000460_P02N	CNP0000460	DF.classifications_0.25_0.26_116	Singlet	pANN_0.25_0.26_116	0.240254574383453
CNP0000460_ACGATACCATATACCG-1_2_1_1_1_1_1_1_1	CNP0000460_P02N	CNP0000460	DF.classifications_0.25_0.26_116	Singlet	pANN_0.25_0.26_116	0.219570405727924
CNP0000460_ACGATACGTAAATACG-1_2_1_1_1_1_1_1_1	CNP0000460_P02N	CNP0000460	DF.classifications_0.25_0.26_116	Singlet	pANN_0.25_0.26_116	0.217183770883055
CNP0000460_ACGATACGTCCAACTA-1_2_1_1_1_1_1_1_1	CNP0000460_P02N	CNP0000460	DF.classifications_0.25_0.26_116	Singlet	pANN_0.25_0.26_116	0.136833731105807
CNP0000460_ACGATACGTCCTAGCG-1_2_1_1_1_1_1_1_1	CNP0000460_P02N	CNP0000460	DF.classifications_0.25_0.26_116	Singlet	pANN_0.25_0.26_116	0.225139220365951
CNP0000460_ACGATACGTTACGTCA-1_2_1_1_1_1_1_1_1	CNP0000460_P02N	CNP0000460	DF.classifications_0.25_0.26_116	Singlet	pANN_0.25_0.26_116	0.192521877486078
CNP0000460_ACGATACTCGGAATCT-1_2_1_1_1_1_1_1_1	CNP0000460_P02N	CNP0000460	DF.classifications_0.25_0.26_116	Singlet	pANN_0.25_0.26_116	0.24502784407319
CNP0000460_ACGATGTAGGGTCTCC-1_2_1_1_1_1_1_1_1	CNP0000460_P02N	CNP0000460	DF.classifications_0.25_0.26_116	Singlet	pANN_0.25_0.26_116	0.24502784407319
CNP0000460_ACGATGTCACCAACCG-1_2_1_1_1_1_1_1_1	CNP0000460_P02N	CNP0000460	DF.classifications_0.25_0.26_116	Singlet	pANN_0.25_0.26_116	0.237867939538584
CNP0000460_ACGATGTCAGTGGGAT-1_2_1_1_1_1_1_1_1	CNP0000460_P02N	CNP0000460	DF.classifications_0.25_0.26_116	Singlet	pANN_0.25_0.26_116	0.193317422434368
CNP0000460_ACGATGTGTTTGTTGG-1_2_1_1_1_1_1_1_1	CNP0000460_P02N	CNP0000460	DF.classifications_0.25_0.26_116	Singlet	pANN_0.25_0.26_116	0.259347653142403
CNP0000460_ACGCAGCAGGCTAGCA-1_2_1_1_1_1_1_1_1	CNP0000460_P02N	CNP0000460	DF.classifications_0.25_0.26_116	Singlet	pANN_0.25_0.26_116	0.244232299124901
CNP0000460_ACGCAGCAGTACGTAA-1_2_1_1_1_1_1_1_1	CNP0000460_P02N	CNP0000460	DF.classifications_0.25_0.26_116	Singlet	pANN_0.25_0.26_116	0.194112967382657
CNP0000460_ACGCAGCCAATCCGAT-1_2_1_1_1_1_1_1_1	CNP0000460_P02N	CNP0000460	DF.classifications_0.25_0.26_116	Singlet	pANN_0.25_0.26_116	0.196499602227526
CNP0000460_ACGCAGCGTCAATGTC-1_2_1_1_1_1_1_1_1	CNP0000460_P02N	CNP0000460	DF.classifications_0.25_0.26_116	Singlet	pANN_0.25_0.26_116	0.361972951471758
CNP0000460_ACGCAGCGTCAGGACA-1_2_1_1_1_1_1_1_1	CNP0000460_P02N	CNP0000460	DF.classifications_0.25_0.26_116	Singlet	pANN_0.25_0.26_116	0.24582338902148
CNP0000460_ACGCAGCGTTGAGGTG-1_2_1_1_1_1_1_1_1	CNP0000460_P02N	CNP0000460	DF.classifications_0.25_0.26_116	Singlet	pANN_0.25_0.26_116	0.20684168655529
CNP0000460_ACGCAGCTCATGTGGT-1_2_1_1_1_1_1_1_1	CNP0000460_P02N	CNP0000460	DF.classifications_0.25_0.26_116	Singlet	pANN_0.25_0.26_116	0.3587907716786
CNP0000460_ACGCAGCTCGTCCGTT-1_2_1_1_1_1_1_1_1	CNP0000460_P02N	CNP0000460	DF.classifications_0.25_0.26_116	Singlet	pANN_0.25_0.26_116	0.179793158313445
CNP0000460_ACGCCAGCACCTATCC-1_2_1_1_1_1_1_1_1	CNP0000460_P02N	CNP0000460	DF.classifications_0.25_0.26_116	Singlet	pANN_0.25_0.26_116	0.249005568814638
CNP0000460_ACGCCAGCATGAAGTA-1_2_1_1_1_1_1_1_1	CNP0000460_P02N	CNP0000460	DF.classifications_0.25_0.26_116	Singlet	pANN_0.25_0.26_116	0.266507557677009
CNP0000460_ACGCCAGTCTCCGGTT-1_2_1_1_1_1_1_1_1	CNP0000460_P02N	CNP0000460	DF.classifications_0.25_0.26_116	Singlet	pANN_0.25_0.26_116	0.178997613365155
CNP0000460_ACGCCGACAGGATCGA-1_2_1_1_1_1_1_1_1	CNP0000460_P02N	CNP0000460	DF.classifications_0.25_0.26_116	Singlet	pANN_0.25_0.26_116	0.18933969769292
CNP0000460_ACGCCGACAGTCGATT-1_2_1_1_1_1_1_1_1	CNP0000460_P02N	CNP0000460	DF.classifications_0.25_0.26_116	Singlet	pANN_0.25_0.26_116	0.151949085123309
CNP0000460_ACGCCGACATGGGAAC-1_2_1_1_1_1_1_1_1	CNP0000460_P02N	CNP0000460	DF.classifications_0.25_0.26_116	Singlet	pANN_0.25_0.26_116	0.289578361177407
CNP0000460_ACGCCGAGTACCGGCT-1_2_1_1_1_1_1_1_1	CNP0000460_P02N	CNP0000460	DF.classifications_0.25_0.26_116	Singlet	pANN_0.25_0.26_116	0.217183770883055
CNP0000460_ACGCCGAGTTCGGGCT-1_2_1_1_1_1_1_1_1	CNP0000460_P02N	CNP0000460	DF.classifications_0.25_0.26_116	Singlet	pANN_0.25_0.26_116	0.233890214797136
CNP0000460_ACGCCGATCTGCCCTA-1_2_1_1_1_1_1_1_1	CNP0000460_P02N	CNP0000460	DF.classifications_0.25_0.26_116	Singlet	pANN_0.25_0.26_116	0.190135242641209
CNP0000460_ACGGAGAAGTGGTAAT-1_2_1_1_1_1_1_1_1	CNP0000460_P02N	CNP0000460	DF.classifications_0.25_0.26_116	Singlet	pANN_0.25_0.26_116	0.173428798727128
CNP0000460_ACGGAGACACGGTGTC-1_2_1_1_1_1_1_1_1	CNP0000460_P02N	CNP0000460	DF.classifications_0.25_0.26_116	Singlet	pANN_0.25_0.26_116	0.24502784407319
CNP0000460_ACGGAGAGTAGCGTAG-1_2_1_1_1_1_1_1_1	CNP0000460_P02N	CNP0000460	DF.classifications_0.25_0.26_116	Singlet	pANN_0.25_0.26_116	0.231503579952267
CNP0000460_ACGGAGAGTAGGACAC-1_2_1_1_1_1_1_1_1	CNP0000460_P02N	CNP0000460	DF.classifications_0.25_0.26_116	Singlet	pANN_0.25_0.26_116	0.259347653142403
CNP0000460_ACGGAGAGTCTTGTCC-1_2_1_1_1_1_1_1_1	CNP0000460_P02N	CNP0000460	DF.classifications_0.25_0.26_116	Singlet	pANN_0.25_0.26_116	0.249801113762928
CNP0000460_ACGGAGATCAACACGT-1_2_1_1_1_1_1_1_1	CNP0000460_P02N	CNP0000460	DF.classifications_0.25_0.26_116	Singlet	pANN_0.25_0.26_116	0.22673031026253
CNP0000460_ACGGAGATCTGTCTAT-1_2_1_1_1_1_1_1_1	CNP0000460_P02N	CNP0000460	DF.classifications_0.25_0.26_116	Singlet	pANN_0.25_0.26_116	0.255369928400955
CNP0000460_ACGGAGATCTTTAGTC-1_2_1_1_1_1_1_1_1	CNP0000460_P02N	CNP0000460	DF.classifications_0.25_0.26_116	Singlet	pANN_0.25_0.26_116	0.20843277645187
CNP0000460_ACGGCCAAGTAGGCCA-1_2_1_1_1_1_1_1_1	CNP0000460_P02N	CNP0000460	DF.classifications_0.25_0.26_116	Singlet	pANN_0.25_0.26_116	0.216388225934765
CNP0000460_ACGGCCACACCGAAAG-1_2_1_1_1_1_1_1_1	CNP0000460_P02N	CNP0000460	DF.classifications_0.25_0.26_116	Singlet	pANN_0.25_0.26_116	0.172633253778839
CNP0000460_ACGGCCATCAAACCAC-1_2_1_1_1_1_1_1_1	CNP0000460_P02N	CNP0000460	DF.classifications_0.25_0.26_116	Singlet	pANN_0.25_0.26_116	0.18933969769292
CNP0000460_ACGGCCATCAGGTTCA-1_2_1_1_1_1_1_1_1	CNP0000460_P02N	CNP0000460	DF.classifications_0.25_0.26_116	Singlet	pANN_0.25_0.26_116	0.268098647573588
CNP0000460_ACGGCCATCTTGGGTA-1_2_1_1_1_1_1_1_1	CNP0000460_P02N	CNP0000460	DF.classifications_0.25_0.26_116	Singlet	pANN_0.25_0.26_116	0.198886237072395
CNP0000460_ACGGGCTAGCATGGCA-1_2_1_1_1_1_1_1_1	CNP0000460_P02N	CNP0000460	DF.classifications_0.25_0.26_116	Singlet	pANN_0.25_0.26_116	0.20684168655529
CNP0000460_ACGGGCTAGTCTCAAC-1_2_1_1_1_1_1_1_1	CNP0000460_P02N	CNP0000460	DF.classifications_0.25_0.26_116	Singlet	pANN_0.25_0.26_116	0.239459029435163
CNP0000460_ACGGGCTGTATATGGA-1_2_1_1_1_1_1_1_1	CNP0000460_P02N	CNP0000460	DF.classifications_0.25_0.26_116	Singlet	pANN_0.25_0.26_116	0.194112967382657
CNP0000460_ACGGGCTGTCCAGTGC-1_2_1_1_1_1_1_1_1	CNP0000460_P02N	CNP0000460	DF.classifications_0.25_0.26_116	Singlet	pANN_0.25_0.26_116	0.24502784407319
CNP0000460_ACGGGCTGTCTGCCAG-1_2_1_1_1_1_1_1_1	CNP0000460_P02N	CNP0000460	DF.classifications_0.25_0.26_116	Singlet	pANN_0.25_0.26_116	0.253778838504375
CNP0000460_ACGGGCTGTTGAACTC-1_2_1_1_1_1_1_1_1	CNP0000460_P02N	CNP0000460	DF.classifications_0.25_0.26_116	Singlet	pANN_0.25_0.26_116	0.203659506762132
CNP0000460_ACGGGCTTCGGTGTCG-1_2_1_1_1_1_1_1_1	CNP0000460_P02N	CNP0000460	DF.classifications_0.25_0.26_116	Singlet	pANN_0.25_0.26_116	0.200477326968974
CNP0000460_ACGGGTCAGCAAATCA-1_2_1_1_1_1_1_1_1	CNP0000460_P02N	CNP0000460	DF.classifications_0.25_0.26_116	Singlet	pANN_0.25_0.26_116	0.268894192521877
CNP0000460_ACGGGTCAGCCCAGCT-1_2_1_1_1_1_1_1_1	CNP0000460_P02N	CNP0000460	DF.classifications_0.25_0.26_116	Singlet	pANN_0.25_0.26_116	0.357199681782021
CNP0000460_ACGGGTCAGTACTTGC-1_2_1_1_1_1_1_1_1	CNP0000460_P02N	CNP0000460	DF.classifications_0.25_0.26_116	Singlet	pANN_0.25_0.26_116	0.187748607796341
CNP0000460_ACGGGTCCACGTCAGC-1_2_1_1_1_1_1_1_1	CNP0000460_P02N	CNP0000460	DF.classifications_0.25_0.26_116	Singlet	pANN_0.25_0.26_116	0.196499602227526
CNP0000460_ACGGGTCGTCCAAGTT-1_2_1_1_1_1_1_1_1	CNP0000460_P02N	CNP0000460	DF.classifications_0.25_0.26_116	Singlet	pANN_0.25_0.26_116	0.273667462211615
CNP0000460_ACGGGTCTCTGCTGCT-1_2_1_1_1_1_1_1_1	CNP0000460_P02N	CNP0000460	DF.classifications_0.25_0.26_116	Singlet	pANN_0.25_0.26_116	0.201272871917263
CNP0000460_ACGTCAAAGCACACAG-1_2_1_1_1_1_1_1_1	CNP0000460_P02N	CNP0000460	DF.classifications_0.25_0.26_116	Singlet	pANN_0.25_0.26_116	0.202068416865553
CNP0000460_ACGTCAAAGCACCGTC-1_2_1_1_1_1_1_1_1	CNP0000460_P02N	CNP0000460	DF.classifications_0.25_0.26_116	Singlet	pANN_0.25_0.26_116	0.204455051710422
CNP0000460_ACGTCAAAGGGAGTAA-1_2_1_1_1_1_1_1_1	CNP0000460_P02N	CNP0000460	DF.classifications_0.25_0.26_116	Singlet	pANN_0.25_0.26_116	0.229912490055688
CNP0000460_ACGTCAAAGTGCGATG-1_2_1_1_1_1_1_1_1	CNP0000460_P02N	CNP0000460	DF.classifications_0.25_0.26_116	Doublet	pANN_0.25_0.26_116	0.387430389817025
CNP0000460_ACGTCAACAACTGGCC-1_2_1_1_1_1_1_1_1	CNP0000460_P02N	CNP0000460	DF.classifications_0.25_0.26_116	Singlet	pANN_0.25_0.26_116	0.234685759745426
CNP0000460_ACGTCAACAAGAGGCT-1_2_1_1_1_1_1_1_1	CNP0000460_P02N	CNP0000460	DF.classifications_0.25_0.26_116	Singlet	pANN_0.25_0.26_116	0.354813046937152
CNP0000460_ACGTCAACACAACTGT-1_2_1_1_1_1_1_1_1	CNP0000460_P02N	CNP0000460	DF.classifications_0.25_0.26_116	Singlet	pANN_0.25_0.26_116	0.174224343675418
CNP0000460_ACGTCAACACCTCGTT-1_2_1_1_1_1_1_1_1	CNP0000460_P02N	CNP0000460	DF.classifications_0.25_0.26_116	Singlet	pANN_0.25_0.26_116	0.218774860779634
CNP0000460_ACGTCAACATGTAGTC-1_2_1_1_1_1_1_1_1	CNP0000460_P02N	CNP0000460	DF.classifications_0.25_0.26_116	Singlet	pANN_0.25_0.26_116	0.172633253778839
CNP0000460_ACGTCAAGTGCGGTAA-1_2_1_1_1_1_1_1_1	CNP0000460_P02N	CNP0000460	DF.classifications_0.25_0.26_116	Doublet	pANN_0.25_0.26_116	0.408910103420843
CNP0000460_ACGTCAAGTGTTGGGA-1_2_1_1_1_1_1_1_1	CNP0000460_P02N	CNP0000460	DF.classifications_0.25_0.26_116	Singlet	pANN_0.25_0.26_116	0.18933969769292
CNP0000460_ACGTCAATCAACGAAA-1_2_1_1_1_1_1_1_1	CNP0000460_P02N	CNP0000460	DF.classifications_0.25_0.26_116	Singlet	pANN_0.25_0.26_116	0.260143198090692
CNP0000460_ACTATCTAGGGCTTCC-1_2_1_1_1_1_1_1_1	CNP0000460_P02N	CNP0000460	DF.classifications_0.25_0.26_116	Singlet	pANN_0.25_0.26_116	0.224343675417661
CNP0000460_ACTATCTCAACTTGAC-1_2_1_1_1_1_1_1_1	CNP0000460_P02N	CNP0000460	DF.classifications_0.25_0.26_116	Singlet	pANN_0.25_0.26_116	0.180588703261734
CNP0000460_ACTATCTCAAGACGTG-1_2_1_1_1_1_1_1_1	CNP0000460_P02N	CNP0000460	DF.classifications_0.25_0.26_116	Singlet	pANN_0.25_0.26_116	0.174224343675418
CNP0000460_ACTATCTCAATAGCGG-1_2_1_1_1_1_1_1_1	CNP0000460_P02N	CNP0000460	DF.classifications_0.25_0.26_116	Singlet	pANN_0.25_0.26_116	0.24502784407319
CNP0000460_ACTATCTCACGCTTTC-1_2_1_1_1_1_1_1_1	CNP0000460_P02N	CNP0000460	DF.classifications_0.25_0.26_116	Singlet	pANN_0.25_0.26_116	0.202068416865553
CNP0000460_ACTATCTCAGCTATTG-1_2_1_1_1_1_1_1_1	CNP0000460_P02N	CNP0000460	DF.classifications_0.25_0.26_116	Singlet	pANN_0.25_0.26_116	0.231503579952267
CNP0000460_ACTATCTGTCAAACTC-1_2_1_1_1_1_1_1_1	CNP0000460_P02N	CNP0000460	DF.classifications_0.25_0.26_116	Singlet	pANN_0.25_0.26_116	0.171042163882259
CNP0000460_ACTATCTGTTGCGCAC-1_2_1_1_1_1_1_1_1	CNP0000460_P02N	CNP0000460	DF.classifications_0.25_0.26_116	Singlet	pANN_0.25_0.26_116	0.157517899761337
CNP0000460_ACTGAACCAATCAGAA-1_2_1_1_1_1_1_1_1	CNP0000460_P02N	CNP0000460	DF.classifications_0.25_0.26_116	Doublet	pANN_0.25_0.26_116	0.376292760540971
CNP0000460_ACTGAACCATGTAAGA-1_2_1_1_1_1_1_1_1	CNP0000460_P02N	CNP0000460	DF.classifications_0.25_0.26_116	Singlet	pANN_0.25_0.26_116	0.227525855210819
CNP0000460_ACTGAACGTACCGCTG-1_2_1_1_1_1_1_1_1	CNP0000460_P02N	CNP0000460	DF.classifications_0.25_0.26_116	Singlet	pANN_0.25_0.26_116	0.230708035003978
CNP0000460_ACTGAACGTCCTGCTT-1_2_1_1_1_1_1_1_1	CNP0000460_P02N	CNP0000460	DF.classifications_0.25_0.26_116	Singlet	pANN_0.25_0.26_116	0.11376292760541
CNP0000460_ACTGAACGTTATCACG-1_2_1_1_1_1_1_1_1	CNP0000460_P02N	CNP0000460	DF.classifications_0.25_0.26_116	Singlet	pANN_0.25_0.26_116	0.33969769291965
CNP0000460_ACTGAACTCACGCATA-1_2_1_1_1_1_1_1_1	CNP0000460_P02N	CNP0000460	DF.classifications_0.25_0.26_116	Singlet	pANN_0.25_0.26_116	0.246618933969769
CNP0000460_ACTGAACTCTGTCTCG-1_2_1_1_1_1_1_1_1	CNP0000460_P02N	CNP0000460	DF.classifications_0.25_0.26_116	Singlet	pANN_0.25_0.26_116	0.224343675417661
CNP0000460_ACTGAGTAGAATTGTG-1_2_1_1_1_1_1_1_1	CNP0000460_P02N	CNP0000460	DF.classifications_0.25_0.26_116	Singlet	pANN_0.25_0.26_116	0.161495624502784
CNP0000460_ACTGAGTAGTTCGATC-1_2_1_1_1_1_1_1_1	CNP0000460_P02N	CNP0000460	DF.classifications_0.25_0.26_116	Singlet	pANN_0.25_0.26_116	0.248210023866348
CNP0000460_ACTGAGTCAGCCTTGG-1_2_1_1_1_1_1_1_1	CNP0000460_P02N	CNP0000460	DF.classifications_0.25_0.26_116	Singlet	pANN_0.25_0.26_116	0.138424821002387
CNP0000460_ACTGAGTGTTGGTTTG-1_2_1_1_1_1_1_1_1	CNP0000460_P02N	CNP0000460	DF.classifications_0.25_0.26_116	Singlet	pANN_0.25_0.26_116	0.243436754176611
CNP0000460_ACTGATGAGGACTGGT-1_2_1_1_1_1_1_1_1	CNP0000460_P02N	CNP0000460	DF.classifications_0.25_0.26_116	Singlet	pANN_0.25_0.26_116	0.163086714399364
CNP0000460_ACTGATGAGTTCGCAT-1_2_1_1_1_1_1_1_1	CNP0000460_P02N	CNP0000460	DF.classifications_0.25_0.26_116	Singlet	pANN_0.25_0.26_116	0.217183770883055
CNP0000460_ACTGATGCATGCCTTC-1_2_1_1_1_1_1_1_1	CNP0000460_P02N	CNP0000460	DF.classifications_0.25_0.26_116	Singlet	pANN_0.25_0.26_116	0.224343675417661
CNP0000460_ACTGATGGTCATATCG-1_2_1_1_1_1_1_1_1	CNP0000460_P02N	CNP0000460	DF.classifications_0.25_0.26_116	Doublet	pANN_0.25_0.26_116	0.447891805887033
CNP0000460_ACTGATGGTCATCCCT-1_2_1_1_1_1_1_1_1	CNP0000460_P02N	CNP0000460	DF.classifications_0.25_0.26_116	Singlet	pANN_0.25_0.26_116	0.203659506762132
CNP0000460_ACTGATGTCGGTGTTA-1_2_1_1_1_1_1_1_1	CNP0000460_P02N	CNP0000460	DF.classifications_0.25_0.26_116	Singlet	pANN_0.25_0.26_116	0.196499602227526
CNP0000460_ACTGCTCAGTAGCGGT-1_2_1_1_1_1_1_1_1	CNP0000460_P02N	CNP0000460	DF.classifications_0.25_0.26_116	Singlet	pANN_0.25_0.26_116	0.228321400159109
CNP0000460_ACTGCTCCACTCTGTC-1_2_1_1_1_1_1_1_1	CNP0000460_P02N	CNP0000460	DF.classifications_0.25_0.26_116	Singlet	pANN_0.25_0.26_116	0.167064439140811
CNP0000460_ACTGCTCCACTGTGTA-1_2_1_1_1_1_1_1_1	CNP0000460_P02N	CNP0000460	DF.classifications_0.25_0.26_116	Singlet	pANN_0.25_0.26_116	0.205250596658711
CNP0000460_ACTGCTCCATGAACCT-1_2_1_1_1_1_1_1_1	CNP0000460_P02N	CNP0000460	DF.classifications_0.25_0.26_116	Singlet	pANN_0.25_0.26_116	0.214797136038186
CNP0000460_ACTGCTCGTGATGTGG-1_2_1_1_1_1_1_1_1	CNP0000460_P02N	CNP0000460	DF.classifications_0.25_0.26_116	Singlet	pANN_0.25_0.26_116	0.253778838504375
CNP0000460_ACTGCTCTCACAGTAC-1_2_1_1_1_1_1_1_1	CNP0000460_P02N	CNP0000460	DF.classifications_0.25_0.26_116	Singlet	pANN_0.25_0.26_116	0.262529832935561
CNP0000460_ACTGCTCTCCCTTGCA-1_2_1_1_1_1_1_1_1	CNP0000460_P02N	CNP0000460	DF.classifications_0.25_0.26_116	Singlet	pANN_0.25_0.26_116	0.194908512330947
CNP0000460_ACTGCTCTCGCACTCT-1_2_1_1_1_1_1_1_1	CNP0000460_P02N	CNP0000460	DF.classifications_0.25_0.26_116	Singlet	pANN_0.25_0.26_116	0.227525855210819
CNP0000460_ACTGCTCTCTTACCTA-1_2_1_1_1_1_1_1_1	CNP0000460_P02N	CNP0000460	DF.classifications_0.25_0.26_116	Singlet	pANN_0.25_0.26_116	0.17024661893397
CNP0000460_ACTGTCCAGCTTTGGT-1_2_1_1_1_1_1_1_1	CNP0000460_P02N	CNP0000460	DF.classifications_0.25_0.26_116	Singlet	pANN_0.25_0.26_116	0.187748607796341
CNP0000460_ACTGTCCAGGATGGAA-1_2_1_1_1_1_1_1_1	CNP0000460_P02N	CNP0000460	DF.classifications_0.25_0.26_116	Singlet	pANN_0.25_0.26_116	0.326968973747017
CNP0000460_ACTGTCCAGTACCGGA-1_2_1_1_1_1_1_1_1	CNP0000460_P02N	CNP0000460	DF.classifications_0.25_0.26_116	Singlet	pANN_0.25_0.26_116	0.212410501193317
CNP0000460_ACTGTCCCAAACGCGA-1_2_1_1_1_1_1_1_1	CNP0000460_P02N	CNP0000460	DF.classifications_0.25_0.26_116	Singlet	pANN_0.25_0.26_116	0.217183770883055
CNP0000460_ACTGTCCCACATTCGA-1_2_1_1_1_1_1_1_1	CNP0000460_P02N	CNP0000460	DF.classifications_0.25_0.26_116	Singlet	pANN_0.25_0.26_116	0.216388225934765
CNP0000460_ACTGTCCCACCATCCT-1_2_1_1_1_1_1_1_1	CNP0000460_P02N	CNP0000460	DF.classifications_0.25_0.26_116	Singlet	pANN_0.25_0.26_116	0.20684168655529
CNP0000460_ACTGTCCCATGCCACG-1_2_1_1_1_1_1_1_1	CNP0000460_P02N	CNP0000460	DF.classifications_0.25_0.26_116	Singlet	pANN_0.25_0.26_116	0.177406523468576
CNP0000460_ACTGTCCGTAAGTGTA-1_2_1_1_1_1_1_1_1	CNP0000460_P02N	CNP0000460	DF.classifications_0.25_0.26_116	Singlet	pANN_0.25_0.26_116	0.194908512330947
CNP0000460_ACTGTCCGTTATTCTC-1_2_1_1_1_1_1_1_1	CNP0000460_P02N	CNP0000460	DF.classifications_0.25_0.26_116	Singlet	pANN_0.25_0.26_116	0.26491646778043
CNP0000460_ACTGTCCGTTGCTCCT-1_2_1_1_1_1_1_1_1	CNP0000460_P02N	CNP0000460	DF.classifications_0.25_0.26_116	Singlet	pANN_0.25_0.26_116	0.180588703261734
CNP0000460_ACTGTCCTCATCGATG-1_2_1_1_1_1_1_1_1	CNP0000460_P02N	CNP0000460	DF.classifications_0.25_0.26_116	Singlet	pANN_0.25_0.26_116	0.313444709626094
CNP0000460_ACTGTCCTCCAAGCCG-1_2_1_1_1_1_1_1_1	CNP0000460_P02N	CNP0000460	DF.classifications_0.25_0.26_116	Singlet	pANN_0.25_0.26_116	0.295147175815434
CNP0000460_ACTTACTAGAACAACT-1_2_1_1_1_1_1_1_1	CNP0000460_P02N	CNP0000460	DF.classifications_0.25_0.26_116	Singlet	pANN_0.25_0.26_116	0.194112967382657
CNP0000460_ACTTACTAGAACTCGG-1_2_1_1_1_1_1_1_1	CNP0000460_P02N	CNP0000460	DF.classifications_0.25_0.26_116	Singlet	pANN_0.25_0.26_116	0.221161495624503
CNP0000460_ACTTACTAGCCTATGT-1_2_1_1_1_1_1_1_1	CNP0000460_P02N	CNP0000460	DF.classifications_0.25_0.26_116	Singlet	pANN_0.25_0.26_116	0.20684168655529
CNP0000460_ACTTACTAGTACGATA-1_2_1_1_1_1_1_1_1	CNP0000460_P02N	CNP0000460	DF.classifications_0.25_0.26_116	Singlet	pANN_0.25_0.26_116	0.186157517899761
CNP0000460_ACTTACTAGTGTACGG-1_2_1_1_1_1_1_1_1	CNP0000460_P02N	CNP0000460	DF.classifications_0.25_0.26_116	Singlet	pANN_0.25_0.26_116	0.249005568814638
CNP0000460_ACTTACTCAACACCCG-1_2_1_1_1_1_1_1_1	CNP0000460_P02N	CNP0000460	DF.classifications_0.25_0.26_116	Singlet	pANN_0.25_0.26_116	0.203659506762132
CNP0000460_ACTTACTCACCCTATC-1_2_1_1_1_1_1_1_1	CNP0000460_P02N	CNP0000460	DF.classifications_0.25_0.26_116	Singlet	pANN_0.25_0.26_116	0.204455051710422
CNP0000460_ACTTACTCAGGCGATA-1_2_1_1_1_1_1_1_1	CNP0000460_P02N	CNP0000460	DF.classifications_0.25_0.26_116	Singlet	pANN_0.25_0.26_116	0.244232299124901
CNP0000460_ACTTACTGTTATTCTC-1_2_1_1_1_1_1_1_1	CNP0000460_P02N	CNP0000460	DF.classifications_0.25_0.26_116	Singlet	pANN_0.25_0.26_116	0.206046141607001
CNP0000460_ACTTACTTCACGATGT-1_2_1_1_1_1_1_1_1	CNP0000460_P02N	CNP0000460	DF.classifications_0.25_0.26_116	Singlet	pANN_0.25_0.26_116	0.256961018297534
CNP0000460_ACTTACTTCTCACATT-1_2_1_1_1_1_1_1_1	CNP0000460_P02N	CNP0000460	DF.classifications_0.25_0.26_116	Singlet	pANN_0.25_0.26_116	0.222752585521082
CNP0000460_ACTTGTTAGCGTGAAC-1_2_1_1_1_1_1_1_1	CNP0000460_P02N	CNP0000460	DF.classifications_0.25_0.26_116	Singlet	pANN_0.25_0.26_116	0.287987271280827
CNP0000460_ACTTGTTAGGATGCGT-1_2_1_1_1_1_1_1_1	CNP0000460_P02N	CNP0000460	DF.classifications_0.25_0.26_116	Singlet	pANN_0.25_0.26_116	0.182975338106603
CNP0000460_ACTTGTTCATGGAATA-1_2_1_1_1_1_1_1_1	CNP0000460_P02N	CNP0000460	DF.classifications_0.25_0.26_116	Singlet	pANN_0.25_0.26_116	0.299124900556881
CNP0000460_ACTTGTTGTAGCAAAT-1_2_1_1_1_1_1_1_1	CNP0000460_P02N	CNP0000460	DF.classifications_0.25_0.26_116	Singlet	pANN_0.25_0.26_116	0.18854415274463
CNP0000460_ACTTGTTGTCTCAACA-1_2_1_1_1_1_1_1_1	CNP0000460_P02N	CNP0000460	DF.classifications_0.25_0.26_116	Singlet	pANN_0.25_0.26_116	0.20843277645187
CNP0000460_ACTTGTTTCTGAGGGA-1_2_1_1_1_1_1_1_1	CNP0000460_P02N	CNP0000460	DF.classifications_0.25_0.26_116	Singlet	pANN_0.25_0.26_116	0.227525855210819
CNP0000460_ACTTTCAAGATATACG-1_2_1_1_1_1_1_1_1	CNP0000460_P02N	CNP0000460	DF.classifications_0.25_0.26_116	Singlet	pANN_0.25_0.26_116	0.228321400159109
CNP0000460_ACTTTCAAGGTGACCA-1_2_1_1_1_1_1_1_1	CNP0000460_P02N	CNP0000460	DF.classifications_0.25_0.26_116	Singlet	pANN_0.25_0.26_116	0.288782816229117
CNP0000460_ACTTTCACACCTCGTT-1_2_1_1_1_1_1_1_1	CNP0000460_P02N	CNP0000460	DF.classifications_0.25_0.26_116	Singlet	pANN_0.25_0.26_116	0.254574383452665
CNP0000460_ACTTTCACAGCTCGCA-1_2_1_1_1_1_1_1_1	CNP0000460_P02N	CNP0000460	DF.classifications_0.25_0.26_116	Singlet	pANN_0.25_0.26_116	0.223548130469372
CNP0000460_ACTTTCAGTGCACTTA-1_2_1_1_1_1_1_1_1	CNP0000460_P02N	CNP0000460	DF.classifications_0.25_0.26_116	Singlet	pANN_0.25_0.26_116	0.195704057279236
CNP0000460_ACTTTCATCGTATCAG-1_2_1_1_1_1_1_1_1	CNP0000460_P02N	CNP0000460	DF.classifications_0.25_0.26_116	Singlet	pANN_0.25_0.26_116	0.22593476531424
CNP0000460_ACTTTCATCTGTCCGT-1_2_1_1_1_1_1_1_1	CNP0000460_P02N	CNP0000460	DF.classifications_0.25_0.26_116	Singlet	pANN_0.25_0.26_116	0.325377883850438
CNP0000460_AGAATAGAGCGGCTTC-1_2_1_1_1_1_1_1_1	CNP0000460_P02N	CNP0000460	DF.classifications_0.25_0.26_116	Singlet	pANN_0.25_0.26_116	0.198886237072395
CNP0000460_AGAATAGCAAAGCGGT-1_2_1_1_1_1_1_1_1	CNP0000460_P02N	CNP0000460	DF.classifications_0.25_0.26_116	Singlet	pANN_0.25_0.26_116	0.206046141607001
CNP0000460_AGAATAGCATTTGCCC-1_2_1_1_1_1_1_1_1	CNP0000460_P02N	CNP0000460	DF.classifications_0.25_0.26_116	Singlet	pANN_0.25_0.26_116	0.210023866348449
CNP0000460_AGAATAGGTATTAGCC-1_2_1_1_1_1_1_1_1	CNP0000460_P02N	CNP0000460	DF.classifications_0.25_0.26_116	Singlet	pANN_0.25_0.26_116	0.237072394590294
CNP0000460_AGACGTTAGAACTGTA-1_2_1_1_1_1_1_1_1	CNP0000460_P02N	CNP0000460	DF.classifications_0.25_0.26_116	Singlet	pANN_0.25_0.26_116	0.202068416865553
CNP0000460_AGACGTTAGCGTTGCC-1_2_1_1_1_1_1_1_1	CNP0000460_P02N	CNP0000460	DF.classifications_0.25_0.26_116	Singlet	pANN_0.25_0.26_116	0.20684168655529
CNP0000460_AGACGTTAGTTGTCGT-1_2_1_1_1_1_1_1_1	CNP0000460_P02N	CNP0000460	DF.classifications_0.25_0.26_116	Singlet	pANN_0.25_0.26_116	0.258552108194113
CNP0000460_AGACGTTCAGGTGGAT-1_2_1_1_1_1_1_1_1	CNP0000460_P02N	CNP0000460	DF.classifications_0.25_0.26_116	Singlet	pANN_0.25_0.26_116	0.211614956245028
CNP0000460_AGACGTTGTAGCCTAT-1_2_1_1_1_1_1_1_1	CNP0000460_P02N	CNP0000460	DF.classifications_0.25_0.26_116	Singlet	pANN_0.25_0.26_116	0.275258552108194
CNP0000460_AGACGTTGTATATGGA-1_2_1_1_1_1_1_1_1	CNP0000460_P02N	CNP0000460	DF.classifications_0.25_0.26_116	Singlet	pANN_0.25_0.26_116	0.272871917263325
CNP0000460_AGAGCGAAGCTAGTGG-1_2_1_1_1_1_1_1_1	CNP0000460_P02N	CNP0000460	DF.classifications_0.25_0.26_116	Singlet	pANN_0.25_0.26_116	0.214001591089897
CNP0000460_AGAGCGAAGTATCTCG-1_2_1_1_1_1_1_1_1	CNP0000460_P02N	CNP0000460	DF.classifications_0.25_0.26_116	Singlet	pANN_0.25_0.26_116	0.227525855210819
CNP0000460_AGAGCGAAGTTTCCTT-1_2_1_1_1_1_1_1_1	CNP0000460_P02N	CNP0000460	DF.classifications_0.25_0.26_116	Singlet	pANN_0.25_0.26_116	0.238663484486873
CNP0000460_AGAGCGACACCGGAAA-1_2_1_1_1_1_1_1_1	CNP0000460_P02N	CNP0000460	DF.classifications_0.25_0.26_116	Singlet	pANN_0.25_0.26_116	0.162291169451074
CNP0000460_AGAGCGACATAGGATA-1_2_1_1_1_1_1_1_1	CNP0000460_P02N	CNP0000460	DF.classifications_0.25_0.26_116	Singlet	pANN_0.25_0.26_116	0.363564041368337
CNP0000460_AGAGCGAGTGGTTTCA-1_2_1_1_1_1_1_1_1	CNP0000460_P02N	CNP0000460	DF.classifications_0.25_0.26_116	Singlet	pANN_0.25_0.26_116	0.247414478918059
CNP0000460_AGAGCGAGTGTTGAGG-1_2_1_1_1_1_1_1_1	CNP0000460_P02N	CNP0000460	DF.classifications_0.25_0.26_116	Singlet	pANN_0.25_0.26_116	0.204455051710422
CNP0000460_AGAGCGATCACTTCAT-1_2_1_1_1_1_1_1_1	CNP0000460_P02N	CNP0000460	DF.classifications_0.25_0.26_116	Singlet	pANN_0.25_0.26_116	0.310262529832936
CNP0000460_AGAGCGATCGCAGGCT-1_2_1_1_1_1_1_1_1	CNP0000460_P02N	CNP0000460	DF.classifications_0.25_0.26_116	Singlet	pANN_0.25_0.26_116	0.265712012728719
CNP0000460_AGAGCGATCGGTCCGA-1_2_1_1_1_1_1_1_1	CNP0000460_P02N	CNP0000460	DF.classifications_0.25_0.26_116	Singlet	pANN_0.25_0.26_116	0.252187748607796
CNP0000460_AGAGCGATCTTGCAAG-1_2_1_1_1_1_1_1_1	CNP0000460_P02N	CNP0000460	DF.classifications_0.25_0.26_116	Singlet	pANN_0.25_0.26_116	0.187748607796341
CNP0000460_AGAGCTTAGACAGAGA-1_2_1_1_1_1_1_1_1	CNP0000460_P02N	CNP0000460	DF.classifications_0.25_0.26_116	Singlet	pANN_0.25_0.26_116	0.191726332537788
CNP0000460_AGAGCTTAGATGAGAG-1_2_1_1_1_1_1_1_1	CNP0000460_P02N	CNP0000460	DF.classifications_0.25_0.26_116	Singlet	pANN_0.25_0.26_116	0.202068416865553
CNP0000460_AGAGCTTAGCTAGCCC-1_2_1_1_1_1_1_1_1	CNP0000460_P02N	CNP0000460	DF.classifications_0.25_0.26_116	Singlet	pANN_0.25_0.26_116	0.22673031026253
CNP0000460_AGAGCTTCAGACAAAT-1_2_1_1_1_1_1_1_1	CNP0000460_P02N	CNP0000460	DF.classifications_0.25_0.26_116	Singlet	pANN_0.25_0.26_116	0.266507557677009
CNP0000460_AGAGCTTCAGCGTTCG-1_2_1_1_1_1_1_1_1	CNP0000460_P02N	CNP0000460	DF.classifications_0.25_0.26_116	Singlet	pANN_0.25_0.26_116	0.24582338902148
CNP0000460_AGAGCTTGTATAGTAG-1_2_1_1_1_1_1_1_1	CNP0000460_P02N	CNP0000460	DF.classifications_0.25_0.26_116	Singlet	pANN_0.25_0.26_116	0.209228321400159
CNP0000460_AGAGCTTTCTTTACAC-1_2_1_1_1_1_1_1_1	CNP0000460_P02N	CNP0000460	DF.classifications_0.25_0.26_116	Singlet	pANN_0.25_0.26_116	0.183770883054893
CNP0000460_AGAGTGGAGCCACGCT-1_2_1_1_1_1_1_1_1	CNP0000460_P02N	CNP0000460	DF.classifications_0.25_0.26_116	Singlet	pANN_0.25_0.26_116	0.240254574383453
CNP0000460_AGAGTGGAGCTTATCG-1_2_1_1_1_1_1_1_1	CNP0000460_P02N	CNP0000460	DF.classifications_0.25_0.26_116	Singlet	pANN_0.25_0.26_116	0.155926809864757
CNP0000460_AGAGTGGAGGCATGGT-1_2_1_1_1_1_1_1_1	CNP0000460_P02N	CNP0000460	DF.classifications_0.25_0.26_116	Singlet	pANN_0.25_0.26_116	0.190930787589499
CNP0000460_AGAGTGGGTCGACTAT-1_2_1_1_1_1_1_1_1	CNP0000460_P02N	CNP0000460	DF.classifications_0.25_0.26_116	Singlet	pANN_0.25_0.26_116	0.197295147175815
CNP0000460_AGAGTGGGTGTTGGGA-1_2_1_1_1_1_1_1_1	CNP0000460_P02N	CNP0000460	DF.classifications_0.25_0.26_116	Singlet	pANN_0.25_0.26_116	0.218774860779634
CNP0000460_AGAGTGGTCGAGAACG-1_2_1_1_1_1_1_1_1	CNP0000460_P02N	CNP0000460	DF.classifications_0.25_0.26_116	Singlet	pANN_0.25_0.26_116	0.198886237072395
CNP0000460_AGATCTGAGCGATCCC-1_2_1_1_1_1_1_1_1	CNP0000460_P02N	CNP0000460	DF.classifications_0.25_0.26_116	Singlet	pANN_0.25_0.26_116	0.20763723150358
CNP0000460_AGATCTGAGTAAGTAC-1_2_1_1_1_1_1_1_1	CNP0000460_P02N	CNP0000460	DF.classifications_0.25_0.26_116	Singlet	pANN_0.25_0.26_116	0.330151153540175
CNP0000460_AGATCTGCACCCTATC-1_2_1_1_1_1_1_1_1	CNP0000460_P02N	CNP0000460	DF.classifications_0.25_0.26_116	Singlet	pANN_0.25_0.26_116	0.186953062848051
CNP0000460_AGATCTGCACGAAGCA-1_2_1_1_1_1_1_1_1	CNP0000460_P02N	CNP0000460	DF.classifications_0.25_0.26_116	Singlet	pANN_0.25_0.26_116	0.214797136038186
CNP0000460_AGATCTGCAGACAGGT-1_2_1_1_1_1_1_1_1	CNP0000460_P02N	CNP0000460	DF.classifications_0.25_0.26_116	Singlet	pANN_0.25_0.26_116	0.167859984089101
CNP0000460_AGATCTGGTAACGTTC-1_2_1_1_1_1_1_1_1	CNP0000460_P02N	CNP0000460	DF.classifications_0.25_0.26_116	Singlet	pANN_0.25_0.26_116	0.20684168655529
CNP0000460_AGATCTGGTACTTAGC-1_2_1_1_1_1_1_1_1	CNP0000460_P02N	CNP0000460	DF.classifications_0.25_0.26_116	Singlet	pANN_0.25_0.26_116	0.186157517899761
CNP0000460_AGATCTGGTCGATTGT-1_2_1_1_1_1_1_1_1	CNP0000460_P02N	CNP0000460	DF.classifications_0.25_0.26_116	Singlet	pANN_0.25_0.26_116	0.210023866348449
CNP0000460_AGATCTGTCAGAGGTG-1_2_1_1_1_1_1_1_1	CNP0000460_P02N	CNP0000460	DF.classifications_0.25_0.26_116	Singlet	pANN_0.25_0.26_116	0.197295147175815
CNP0000460_AGATCTGTCTGCTGCT-1_2_1_1_1_1_1_1_1	CNP0000460_P02N	CNP0000460	DF.classifications_0.25_0.26_116	Singlet	pANN_0.25_0.26_116	0.350835322195704
CNP0000460_AGATTGCAGAACTCGG-1_2_1_1_1_1_1_1_1	CNP0000460_P02N	CNP0000460	DF.classifications_0.25_0.26_116	Singlet	pANN_0.25_0.26_116	0.295147175815434
CNP0000460_AGATTGCAGCGATAGC-1_2_1_1_1_1_1_1_1	CNP0000460_P02N	CNP0000460	DF.classifications_0.25_0.26_116	Singlet	pANN_0.25_0.26_116	0.236276849642005
CNP0000460_AGATTGCAGGTCGGAT-1_2_1_1_1_1_1_1_1	CNP0000460_P02N	CNP0000460	DF.classifications_0.25_0.26_116	Doublet	pANN_0.25_0.26_116	0.379474940334129
CNP0000460_AGATTGCCATCCTTGC-1_2_1_1_1_1_1_1_1	CNP0000460_P02N	CNP0000460	DF.classifications_0.25_0.26_116	Singlet	pANN_0.25_0.26_116	0.194908512330947
CNP0000460_AGATTGCGTCATTAGC-1_2_1_1_1_1_1_1_1	CNP0000460_P02N	CNP0000460	DF.classifications_0.25_0.26_116	Singlet	pANN_0.25_0.26_116	0.232299124900557
CNP0000460_AGATTGCGTGTAACGG-1_2_1_1_1_1_1_1_1	CNP0000460_P02N	CNP0000460	DF.classifications_0.25_0.26_116	Singlet	pANN_0.25_0.26_116	0.220365950676213
CNP0000460_AGCAGCCAGACAGACC-1_2_1_1_1_1_1_1_1	CNP0000460_P02N	CNP0000460	DF.classifications_0.25_0.26_116	Singlet	pANN_0.25_0.26_116	0.192521877486078
CNP0000460_AGCAGCCAGATAGTCA-1_2_1_1_1_1_1_1_1	CNP0000460_P02N	CNP0000460	DF.classifications_0.25_0.26_116	Doublet	pANN_0.25_0.26_116	0.368337311058075
CNP0000460_AGCAGCCCAAGAGTCG-1_2_1_1_1_1_1_1_1	CNP0000460_P02N	CNP0000460	DF.classifications_0.25_0.26_116	Singlet	pANN_0.25_0.26_116	0.181384248210024
CNP0000460_AGCAGCCGTACAGTTC-1_2_1_1_1_1_1_1_1	CNP0000460_P02N	CNP0000460	DF.classifications_0.25_0.26_116	Singlet	pANN_0.25_0.26_116	0.26332537788385
CNP0000460_AGCAGCCGTAGGAGTC-1_2_1_1_1_1_1_1_1	CNP0000460_P02N	CNP0000460	DF.classifications_0.25_0.26_116	Singlet	pANN_0.25_0.26_116	0.202863961813842
CNP0000460_AGCAGCCGTTGAGTTC-1_2_1_1_1_1_1_1_1	CNP0000460_P02N	CNP0000460	DF.classifications_0.25_0.26_116	Singlet	pANN_0.25_0.26_116	0.175815433571997
CNP0000460_AGCAGCCTCCTCTAGC-1_2_1_1_1_1_1_1_1	CNP0000460_P02N	CNP0000460	DF.classifications_0.25_0.26_116	Singlet	pANN_0.25_0.26_116	0.221161495624503
CNP0000460_AGCAGCCTCTGTCTAT-1_2_1_1_1_1_1_1_1	CNP0000460_P02N	CNP0000460	DF.classifications_0.25_0.26_116	Singlet	pANN_0.25_0.26_116	0.217183770883055
CNP0000460_AGCATACAGAATGTTG-1_2_1_1_1_1_1_1_1	CNP0000460_P02N	CNP0000460	DF.classifications_0.25_0.26_116	Singlet	pANN_0.25_0.26_116	0.218774860779634
CNP0000460_AGCATACAGCCAGTTT-1_2_1_1_1_1_1_1_1	CNP0000460_P02N	CNP0000460	DF.classifications_0.25_0.26_116	Singlet	pANN_0.25_0.26_116	0.168655529037391
CNP0000460_AGCATACAGGACATTA-1_2_1_1_1_1_1_1_1	CNP0000460_P02N	CNP0000460	DF.classifications_0.25_0.26_116	Singlet	pANN_0.25_0.26_116	0.203659506762132
CNP0000460_AGCATACAGTCATGCT-1_2_1_1_1_1_1_1_1	CNP0000460_P02N	CNP0000460	DF.classifications_0.25_0.26_116	Singlet	pANN_0.25_0.26_116	0.20843277645187
CNP0000460_AGCATACGTCTGATCA-1_2_1_1_1_1_1_1_1	CNP0000460_P02N	CNP0000460	DF.classifications_0.25_0.26_116	Singlet	pANN_0.25_0.26_116	0.218774860779634
CNP0000460_AGCATACGTTCGTTGA-1_2_1_1_1_1_1_1_1	CNP0000460_P02N	CNP0000460	DF.classifications_0.25_0.26_116	Doublet	pANN_0.25_0.26_116	0.371519490851233
CNP0000460_AGCATACGTTGATTCG-1_2_1_1_1_1_1_1_1	CNP0000460_P02N	CNP0000460	DF.classifications_0.25_0.26_116	Singlet	pANN_0.25_0.26_116	0.199681782020684
CNP0000460_AGCATACTCCATGCTC-1_2_1_1_1_1_1_1_1	CNP0000460_P02N	CNP0000460	DF.classifications_0.25_0.26_116	Singlet	pANN_0.25_0.26_116	0.260143198090692
CNP0000460_AGCCTAACACGCTTTC-1_2_1_1_1_1_1_1_1	CNP0000460_P02N	CNP0000460	DF.classifications_0.25_0.26_116	Singlet	pANN_0.25_0.26_116	0.164677804295943
CNP0000460_AGCCTAAGTAAGGGCT-1_2_1_1_1_1_1_1_1	CNP0000460_P02N	CNP0000460	DF.classifications_0.25_0.26_116	Singlet	pANN_0.25_0.26_116	0.268098647573588
CNP0000460_AGCCTAAGTACCATCA-1_2_1_1_1_1_1_1_1	CNP0000460_P02N	CNP0000460	DF.classifications_0.25_0.26_116	Singlet	pANN_0.25_0.26_116	0.196499602227526
CNP0000460_AGCCTAAGTGAGGCTA-1_2_1_1_1_1_1_1_1	CNP0000460_P02N	CNP0000460	DF.classifications_0.25_0.26_116	Singlet	pANN_0.25_0.26_116	0.206046141607001
CNP0000460_AGCCTAATCCTTTCGG-1_2_1_1_1_1_1_1_1	CNP0000460_P02N	CNP0000460	DF.classifications_0.25_0.26_116	Singlet	pANN_0.25_0.26_116	0.22593476531424
CNP0000460_AGCGGTCCAACTTGAC-1_2_1_1_1_1_1_1_1	CNP0000460_P02N	CNP0000460	DF.classifications_0.25_0.26_116	Singlet	pANN_0.25_0.26_116	0.291169451073986
CNP0000460_AGCGGTCGTCATATCG-1_2_1_1_1_1_1_1_1	CNP0000460_P02N	CNP0000460	DF.classifications_0.25_0.26_116	Singlet	pANN_0.25_0.26_116	0.180588703261734
CNP0000460_AGCGGTCTCACAAACC-1_2_1_1_1_1_1_1_1	CNP0000460_P02N	CNP0000460	DF.classifications_0.25_0.26_116	Singlet	pANN_0.25_0.26_116	0.22673031026253
CNP0000460_AGCGGTCTCCAAACTG-1_2_1_1_1_1_1_1_1	CNP0000460_P02N	CNP0000460	DF.classifications_0.25_0.26_116	Singlet	pANN_0.25_0.26_116	0.198886237072395
CNP0000460_AGCGGTCTCGTTACAG-1_2_1_1_1_1_1_1_1	CNP0000460_P02N	CNP0000460	DF.classifications_0.25_0.26_116	Singlet	pANN_0.25_0.26_116	0.269689737470167
CNP0000460_AGCGTATAGCGATCCC-1_2_1_1_1_1_1_1_1	CNP0000460_P02N	CNP0000460	DF.classifications_0.25_0.26_116	Singlet	pANN_0.25_0.26_116	0.155131264916468
CNP0000460_AGCGTATCAGAGCCAA-1_2_1_1_1_1_1_1_1	CNP0000460_P02N	CNP0000460	DF.classifications_0.25_0.26_116	Singlet	pANN_0.25_0.26_116	0.182179793158313
CNP0000460_AGCGTATCATAACCTG-1_2_1_1_1_1_1_1_1	CNP0000460_P02N	CNP0000460	DF.classifications_0.25_0.26_116	Singlet	pANN_0.25_0.26_116	0.217979315831344
CNP0000460_AGCGTATGTGACGCCT-1_2_1_1_1_1_1_1_1	CNP0000460_P02N	CNP0000460	DF.classifications_0.25_0.26_116	Singlet	pANN_0.25_0.26_116	0.179793158313445
CNP0000460_AGCGTATGTTGTCGCG-1_2_1_1_1_1_1_1_1	CNP0000460_P02N	CNP0000460	DF.classifications_0.25_0.26_116	Singlet	pANN_0.25_0.26_116	0.233094669848846
CNP0000460_AGCGTCGAGATGTAAC-1_2_1_1_1_1_1_1_1	CNP0000460_P02N	CNP0000460	DF.classifications_0.25_0.26_116	Singlet	pANN_0.25_0.26_116	0.256165473349244
CNP0000460_AGCGTCGAGCAATCTC-1_2_1_1_1_1_1_1_1	CNP0000460_P02N	CNP0000460	DF.classifications_0.25_0.26_116	Singlet	pANN_0.25_0.26_116	0.297533810660302
CNP0000460_AGCGTCGCAGCCACCA-1_2_1_1_1_1_1_1_1	CNP0000460_P02N	CNP0000460	DF.classifications_0.25_0.26_116	Singlet	pANN_0.25_0.26_116	0.185361972951472
CNP0000460_AGCGTCGGTCGATTGT-1_2_1_1_1_1_1_1_1	CNP0000460_P02N	CNP0000460	DF.classifications_0.25_0.26_116	Singlet	pANN_0.25_0.26_116	0.201272871917263
CNP0000460_AGCGTCGTCAGGCGAA-1_2_1_1_1_1_1_1_1	CNP0000460_P02N	CNP0000460	DF.classifications_0.25_0.26_116	Singlet	pANN_0.25_0.26_116	0.213206046141607
CNP0000460_AGCGTCGTCCTAGGGC-1_2_1_1_1_1_1_1_1	CNP0000460_P02N	CNP0000460	DF.classifications_0.25_0.26_116	Singlet	pANN_0.25_0.26_116	0.237072394590294
CNP0000460_AGCGTCGTCGGAGGTA-1_2_1_1_1_1_1_1_1	CNP0000460_P02N	CNP0000460	DF.classifications_0.25_0.26_116	Singlet	pANN_0.25_0.26_116	0.154335719968178
CNP0000460_AGCTCCTAGCGTAATA-1_2_1_1_1_1_1_1_1	CNP0000460_P02N	CNP0000460	DF.classifications_0.25_0.26_116	Singlet	pANN_0.25_0.26_116	0.224343675417661
CNP0000460_AGCTCCTAGGCAATTA-1_2_1_1_1_1_1_1_1	CNP0000460_P02N	CNP0000460	DF.classifications_0.25_0.26_116	Singlet	pANN_0.25_0.26_116	0.183770883054893
CNP0000460_AGCTCCTCAATCACAC-1_2_1_1_1_1_1_1_1	CNP0000460_P02N	CNP0000460	DF.classifications_0.25_0.26_116	Doublet	pANN_0.25_0.26_116	0.389817024661893
CNP0000460_AGCTCCTGTAAGGGCT-1_2_1_1_1_1_1_1_1	CNP0000460_P02N	CNP0000460	DF.classifications_0.25_0.26_116	Singlet	pANN_0.25_0.26_116	0.193317422434368
CNP0000460_AGCTCCTTCCAAGTAC-1_2_1_1_1_1_1_1_1	CNP0000460_P02N	CNP0000460	DF.classifications_0.25_0.26_116	Singlet	pANN_0.25_0.26_116	0.247414478918059
CNP0000460_AGCTCCTTCGAGGTAG-1_2_1_1_1_1_1_1_1	CNP0000460_P02N	CNP0000460	DF.classifications_0.25_0.26_116	Singlet	pANN_0.25_0.26_116	0.303898170246619
CNP0000460_AGCTCCTTCGGATGGA-1_2_1_1_1_1_1_1_1	CNP0000460_P02N	CNP0000460	DF.classifications_0.25_0.26_116	Singlet	pANN_0.25_0.26_116	0.211614956245028
CNP0000460_AGCTCTCAGCCCAATT-1_2_1_1_1_1_1_1_1	CNP0000460_P02N	CNP0000460	DF.classifications_0.25_0.26_116	Singlet	pANN_0.25_0.26_116	0.221161495624503
CNP0000460_AGCTCTCCAACACGCC-1_2_1_1_1_1_1_1_1	CNP0000460_P02N	CNP0000460	DF.classifications_0.25_0.26_116	Singlet	pANN_0.25_0.26_116	0.186157517899761
CNP0000460_AGCTCTCCAGATCCAT-1_2_1_1_1_1_1_1_1	CNP0000460_P02N	CNP0000460	DF.classifications_0.25_0.26_116	Singlet	pANN_0.25_0.26_116	0.22673031026253
CNP0000460_AGCTCTCGTGCCTGCA-1_2_1_1_1_1_1_1_1	CNP0000460_P02N	CNP0000460	DF.classifications_0.25_0.26_116	Singlet	pANN_0.25_0.26_116	0.216388225934765
CNP0000460_AGCTCTCGTTGTGGCC-1_2_1_1_1_1_1_1_1	CNP0000460_P02N	CNP0000460	DF.classifications_0.25_0.26_116	Singlet	pANN_0.25_0.26_116	0.249801113762928
CNP0000460_AGCTCTCGTTTAGGAA-1_2_1_1_1_1_1_1_1	CNP0000460_P02N	CNP0000460	DF.classifications_0.25_0.26_116	Singlet	pANN_0.25_0.26_116	0.2824184566428
CNP0000460_AGCTCTCTCAGCTCTC-1_2_1_1_1_1_1_1_1	CNP0000460_P02N	CNP0000460	DF.classifications_0.25_0.26_116	Singlet	pANN_0.25_0.26_116	0.234685759745426
CNP0000460_AGCTCTCTCAGGATCT-1_2_1_1_1_1_1_1_1	CNP0000460_P02N	CNP0000460	DF.classifications_0.25_0.26_116	Singlet	pANN_0.25_0.26_116	0.300715990453461
CNP0000460_AGCTCTCTCGCGGATC-1_2_1_1_1_1_1_1_1	CNP0000460_P02N	CNP0000460	DF.classifications_0.25_0.26_116	Singlet	pANN_0.25_0.26_116	0.214797136038186
CNP0000460_AGCTCTCTCTGAGTGT-1_2_1_1_1_1_1_1_1	CNP0000460_P02N	CNP0000460	DF.classifications_0.25_0.26_116	Singlet	pANN_0.25_0.26_116	0.198090692124105
CNP0000460_AGCTTGAAGTCACGCC-1_2_1_1_1_1_1_1_1	CNP0000460_P02N	CNP0000460	DF.classifications_0.25_0.26_116	Singlet	pANN_0.25_0.26_116	0.20684168655529
CNP0000460_AGCTTGAAGTTCGCGC-1_2_1_1_1_1_1_1_1	CNP0000460_P02N	CNP0000460	DF.classifications_0.25_0.26_116	Singlet	pANN_0.25_0.26_116	0.361972951471758
CNP0000460_AGCTTGACATCCGGGT-1_2_1_1_1_1_1_1_1	CNP0000460_P02N	CNP0000460	DF.classifications_0.25_0.26_116	Singlet	pANN_0.25_0.26_116	0.274463007159905
CNP0000460_AGCTTGATCACTCTTA-1_2_1_1_1_1_1_1_1	CNP0000460_P02N	CNP0000460	DF.classifications_0.25_0.26_116	Singlet	pANN_0.25_0.26_116	0.233890214797136
CNP0000460_AGCTTGATCGGTCCGA-1_2_1_1_1_1_1_1_1	CNP0000460_P02N	CNP0000460	DF.classifications_0.25_0.26_116	Singlet	pANN_0.25_0.26_116	0.215592680986476
CNP0000460_AGGCCACAGACTCGGA-1_2_1_1_1_1_1_1_1	CNP0000460_P02N	CNP0000460	DF.classifications_0.25_0.26_116	Singlet	pANN_0.25_0.26_116	0.186157517899761
CNP0000460_AGGCCACAGAGCTATA-1_2_1_1_1_1_1_1_1	CNP0000460_P02N	CNP0000460	DF.classifications_0.25_0.26_116	Singlet	pANN_0.25_0.26_116	0.292760540970565
CNP0000460_AGGCCACAGGCCGAAT-1_2_1_1_1_1_1_1_1	CNP0000460_P02N	CNP0000460	DF.classifications_0.25_0.26_116	Singlet	pANN_0.25_0.26_116	0.215592680986476
CNP0000460_AGGCCACCATACAGCT-1_2_1_1_1_1_1_1_1	CNP0000460_P02N	CNP0000460	DF.classifications_0.25_0.26_116	Singlet	pANN_0.25_0.26_116	0.194908512330947
CNP0000460_AGGCCACCATGCTGGC-1_2_1_1_1_1_1_1_1	CNP0000460_P02N	CNP0000460	DF.classifications_0.25_0.26_116	Singlet	pANN_0.25_0.26_116	0.215592680986476
CNP0000460_AGGCCACCATTTCACT-1_2_1_1_1_1_1_1_1	CNP0000460_P02N	CNP0000460	DF.classifications_0.25_0.26_116	Singlet	pANN_0.25_0.26_116	0.355608591885442
CNP0000460_AGGCCACGTTCGGGCT-1_2_1_1_1_1_1_1_1	CNP0000460_P02N	CNP0000460	DF.classifications_0.25_0.26_116	Singlet	pANN_0.25_0.26_116	0.194112967382657
CNP0000460_AGGCCGTAGCACACAG-1_2_1_1_1_1_1_1_1	CNP0000460_P02N	CNP0000460	DF.classifications_0.25_0.26_116	Singlet	pANN_0.25_0.26_116	0.139220365950676
CNP0000460_AGGCCGTAGGATATAC-1_2_1_1_1_1_1_1_1	CNP0000460_P02N	CNP0000460	DF.classifications_0.25_0.26_116	Singlet	pANN_0.25_0.26_116	0.196499602227526
CNP0000460_AGGCCGTAGTATCGAA-1_2_1_1_1_1_1_1_1	CNP0000460_P02N	CNP0000460	DF.classifications_0.25_0.26_116	Singlet	pANN_0.25_0.26_116	0.22673031026253
CNP0000460_AGGCCGTAGTGTACGG-1_2_1_1_1_1_1_1_1	CNP0000460_P02N	CNP0000460	DF.classifications_0.25_0.26_116	Singlet	pANN_0.25_0.26_116	0.175019888623707
CNP0000460_AGGCCGTAGTTGTAGA-1_2_1_1_1_1_1_1_1	CNP0000460_P02N	CNP0000460	DF.classifications_0.25_0.26_116	Singlet	pANN_0.25_0.26_116	0.217183770883055
CNP0000460_AGGCCGTCACAGGCCT-1_2_1_1_1_1_1_1_1	CNP0000460_P02N	CNP0000460	DF.classifications_0.25_0.26_116	Singlet	pANN_0.25_0.26_116	0.220365950676213
CNP0000460_AGGCCGTCAGACTCGC-1_2_1_1_1_1_1_1_1	CNP0000460_P02N	CNP0000460	DF.classifications_0.25_0.26_116	Singlet	pANN_0.25_0.26_116	0.217183770883055
CNP0000460_AGGCCGTGTGCAGGTA-1_2_1_1_1_1_1_1_1	CNP0000460_P02N	CNP0000460	DF.classifications_0.25_0.26_116	Singlet	pANN_0.25_0.26_116	0.166268894192522
CNP0000460_AGGCCGTTCACGCATA-1_2_1_1_1_1_1_1_1	CNP0000460_P02N	CNP0000460	DF.classifications_0.25_0.26_116	Singlet	pANN_0.25_0.26_116	0.285600636435959
CNP0000460_AGGGAGTAGTCAAGGC-1_2_1_1_1_1_1_1_1	CNP0000460_P02N	CNP0000460	DF.classifications_0.25_0.26_116	Doublet	pANN_0.25_0.26_116	0.392999204455052
CNP0000460_AGGGAGTAGTCAATAG-1_2_1_1_1_1_1_1_1	CNP0000460_P02N	CNP0000460	DF.classifications_0.25_0.26_116	Singlet	pANN_0.25_0.26_116	0.154335719968178
CNP0000460_AGGGAGTCATCTCGCT-1_2_1_1_1_1_1_1_1	CNP0000460_P02N	CNP0000460	DF.classifications_0.25_0.26_116	Singlet	pANN_0.25_0.26_116	0.234685759745426
CNP0000460_AGGGAGTGTTCGCGAC-1_2_1_1_1_1_1_1_1	CNP0000460_P02N	CNP0000460	DF.classifications_0.25_0.26_116	Singlet	pANN_0.25_0.26_116	0.198090692124105
CNP0000460_AGGGATGCATGCAACT-1_2_1_1_1_1_1_1_1	CNP0000460_P02N	CNP0000460	DF.classifications_0.25_0.26_116	Singlet	pANN_0.25_0.26_116	0.260143198090692
CNP0000460_AGGGATGCATGTTCCC-1_2_1_1_1_1_1_1_1	CNP0000460_P02N	CNP0000460	DF.classifications_0.25_0.26_116	Singlet	pANN_0.25_0.26_116	0.26332537788385
CNP0000460_AGGGATGGTCCTGCTT-1_2_1_1_1_1_1_1_1	CNP0000460_P02N	CNP0000460	DF.classifications_0.25_0.26_116	Singlet	pANN_0.25_0.26_116	0.117740652346858
CNP0000460_AGGGATGGTCTCCACT-1_2_1_1_1_1_1_1_1	CNP0000460_P02N	CNP0000460	DF.classifications_0.25_0.26_116	Singlet	pANN_0.25_0.26_116	0.249005568814638
CNP0000460_AGGGATGGTTACAGAA-1_2_1_1_1_1_1_1_1	CNP0000460_P02N	CNP0000460	DF.classifications_0.25_0.26_116	Singlet	pANN_0.25_0.26_116	0.215592680986476
CNP0000460_AGGGATGGTTTCGCTC-1_2_1_1_1_1_1_1_1	CNP0000460_P02N	CNP0000460	DF.classifications_0.25_0.26_116	Singlet	pANN_0.25_0.26_116	0.221957040572792
CNP0000460_AGGGATGTCATCGGAT-1_2_1_1_1_1_1_1_1	CNP0000460_P02N	CNP0000460	DF.classifications_0.25_0.26_116	Singlet	pANN_0.25_0.26_116	0.209228321400159
CNP0000460_AGGGATGTCGGCTACG-1_2_1_1_1_1_1_1_1	CNP0000460_P02N	CNP0000460	DF.classifications_0.25_0.26_116	Singlet	pANN_0.25_0.26_116	0.232299124900557
CNP0000460_AGGGATGTCGTGGACC-1_2_1_1_1_1_1_1_1	CNP0000460_P02N	CNP0000460	DF.classifications_0.25_0.26_116	Singlet	pANN_0.25_0.26_116	0.228321400159109
CNP0000460_AGGGTGAAGACTGTAA-1_2_1_1_1_1_1_1_1	CNP0000460_P02N	CNP0000460	DF.classifications_0.25_0.26_116	Singlet	pANN_0.25_0.26_116	0.289578361177407
CNP0000460_AGGGTGAAGTTACGGG-1_2_1_1_1_1_1_1_1	CNP0000460_P02N	CNP0000460	DF.classifications_0.25_0.26_116	Singlet	pANN_0.25_0.26_116	0.219570405727924
CNP0000460_AGGGTGAAGTTCCACA-1_2_1_1_1_1_1_1_1	CNP0000460_P02N	CNP0000460	DF.classifications_0.25_0.26_116	Singlet	pANN_0.25_0.26_116	0.203659506762132
CNP0000460_AGGGTGACAACTTGAC-1_2_1_1_1_1_1_1_1	CNP0000460_P02N	CNP0000460	DF.classifications_0.25_0.26_116	Singlet	pANN_0.25_0.26_116	0.215592680986476
CNP0000460_AGGGTGACACTTACGA-1_2_1_1_1_1_1_1_1	CNP0000460_P02N	CNP0000460	DF.classifications_0.25_0.26_116	Singlet	pANN_0.25_0.26_116	0.173428798727128
CNP0000460_AGGTCATAGAGCTGGT-1_2_1_1_1_1_1_1_1	CNP0000460_P02N	CNP0000460	DF.classifications_0.25_0.26_116	Singlet	pANN_0.25_0.26_116	0.190930787589499
CNP0000460_AGGTCATAGCGAGAAA-1_2_1_1_1_1_1_1_1	CNP0000460_P02N	CNP0000460	DF.classifications_0.25_0.26_116	Doublet	pANN_0.25_0.26_116	0.411296738265712
CNP0000460_AGGTCATAGCGATCCC-1_2_1_1_1_1_1_1_1	CNP0000460_P02N	CNP0000460	DF.classifications_0.25_0.26_116	Singlet	pANN_0.25_0.26_116	0.210819411296738
CNP0000460_AGGTCATAGCTCAACT-1_2_1_1_1_1_1_1_1	CNP0000460_P02N	CNP0000460	DF.classifications_0.25_0.26_116	Singlet	pANN_0.25_0.26_116	0.217183770883055
CNP0000460_AGGTCATAGTTGTAGA-1_2_1_1_1_1_1_1_1	CNP0000460_P02N	CNP0000460	DF.classifications_0.25_0.26_116	Singlet	pANN_0.25_0.26_116	0.196499602227526
CNP0000460_AGGTCATCAACACGCC-1_2_1_1_1_1_1_1_1	CNP0000460_P02N	CNP0000460	DF.classifications_0.25_0.26_116	Singlet	pANN_0.25_0.26_116	0.200477326968974
CNP0000460_AGGTCATCACTCGACG-1_2_1_1_1_1_1_1_1	CNP0000460_P02N	CNP0000460	DF.classifications_0.25_0.26_116	Singlet	pANN_0.25_0.26_116	0.172633253778839
CNP0000460_AGGTCATCAGCTCGAC-1_2_1_1_1_1_1_1_1	CNP0000460_P02N	CNP0000460	DF.classifications_0.25_0.26_116	Singlet	pANN_0.25_0.26_116	0.266507557677009
CNP0000460_AGGTCATCATGTTGAC-1_2_1_1_1_1_1_1_1	CNP0000460_P02N	CNP0000460	DF.classifications_0.25_0.26_116	Singlet	pANN_0.25_0.26_116	0.355608591885442
CNP0000460_AGGTCATCATTCCTCG-1_2_1_1_1_1_1_1_1	CNP0000460_P02N	CNP0000460	DF.classifications_0.25_0.26_116	Singlet	pANN_0.25_0.26_116	0.221957040572792
CNP0000460_AGGTCATGTATCGCAT-1_2_1_1_1_1_1_1_1	CNP0000460_P02N	CNP0000460	DF.classifications_0.25_0.26_116	Singlet	pANN_0.25_0.26_116	0.196499602227526
CNP0000460_AGGTCATGTGCTGTAT-1_2_1_1_1_1_1_1_1	CNP0000460_P02N	CNP0000460	DF.classifications_0.25_0.26_116	Singlet	pANN_0.25_0.26_116	0.178997613365155
CNP0000460_AGGTCATTCACTATTC-1_2_1_1_1_1_1_1_1	CNP0000460_P02N	CNP0000460	DF.classifications_0.25_0.26_116	Singlet	pANN_0.25_0.26_116	0.252983293556086
CNP0000460_AGGTCCGAGGCCCTTG-1_2_1_1_1_1_1_1_1	CNP0000460_P02N	CNP0000460	DF.classifications_0.25_0.26_116	Singlet	pANN_0.25_0.26_116	0.235481304693715
CNP0000460_AGGTCCGAGTGTACTC-1_2_1_1_1_1_1_1_1	CNP0000460_P02N	CNP0000460	DF.classifications_0.25_0.26_116	Singlet	pANN_0.25_0.26_116	0.294351630867144
CNP0000460_AGGTCCGCAAGTCATC-1_2_1_1_1_1_1_1_1	CNP0000460_P02N	CNP0000460	DF.classifications_0.25_0.26_116	Singlet	pANN_0.25_0.26_116	0.180588703261734
CNP0000460_AGGTCCGCACAAGTAA-1_2_1_1_1_1_1_1_1	CNP0000460_P02N	CNP0000460	DF.classifications_0.25_0.26_116	Singlet	pANN_0.25_0.26_116	0.254574383452665
CNP0000460_AGGTCCGCAGGAACGT-1_2_1_1_1_1_1_1_1	CNP0000460_P02N	CNP0000460	DF.classifications_0.25_0.26_116	Singlet	pANN_0.25_0.26_116	0.217183770883055
CNP0000460_AGGTCCGGTACGACCC-1_2_1_1_1_1_1_1_1	CNP0000460_P02N	CNP0000460	DF.classifications_0.25_0.26_116	Singlet	pANN_0.25_0.26_116	0.237867939538584
CNP0000460_AGGTCCGTCGCTTAGA-1_2_1_1_1_1_1_1_1	CNP0000460_P02N	CNP0000460	DF.classifications_0.25_0.26_116	Singlet	pANN_0.25_0.26_116	0.203659506762132
CNP0000460_AGGTCCGTCTCGTTTA-1_2_1_1_1_1_1_1_1	CNP0000460_P02N	CNP0000460	DF.classifications_0.25_0.26_116	Doublet	pANN_0.25_0.26_116	0.400954653937947
CNP0000460_AGGTCCGTCTTCATGT-1_2_1_1_1_1_1_1_1	CNP0000460_P02N	CNP0000460	DF.classifications_0.25_0.26_116	Singlet	pANN_0.25_0.26_116	0.217979315831344
CNP0000460_AGTAGTCAGACTCGGA-1_2_1_1_1_1_1_1_1	CNP0000460_P02N	CNP0000460	DF.classifications_0.25_0.26_116	Doublet	pANN_0.25_0.26_116	0.376292760540971
CNP0000460_AGTAGTCAGCTACCGC-1_2_1_1_1_1_1_1_1	CNP0000460_P02N	CNP0000460	DF.classifications_0.25_0.26_116	Singlet	pANN_0.25_0.26_116	0.210023866348449
CNP0000460_AGTAGTCCATTTGCTT-1_2_1_1_1_1_1_1_1	CNP0000460_P02N	CNP0000460	DF.classifications_0.25_0.26_116	Singlet	pANN_0.25_0.26_116	0.172633253778839
CNP0000460_AGTAGTCGTCGCGAAA-1_2_1_1_1_1_1_1_1	CNP0000460_P02N	CNP0000460	DF.classifications_0.25_0.26_116	Singlet	pANN_0.25_0.26_116	0.216388225934765
CNP0000460_AGTAGTCGTTCACGGC-1_2_1_1_1_1_1_1_1	CNP0000460_P02N	CNP0000460	DF.classifications_0.25_0.26_116	Singlet	pANN_0.25_0.26_116	0.164677804295943
CNP0000460_AGTAGTCTCAGCAACT-1_2_1_1_1_1_1_1_1	CNP0000460_P02N	CNP0000460	DF.classifications_0.25_0.26_116	Singlet	pANN_0.25_0.26_116	0.192521877486078
CNP0000460_AGTAGTCTCAGTTGAC-1_2_1_1_1_1_1_1_1	CNP0000460_P02N	CNP0000460	DF.classifications_0.25_0.26_116	Singlet	pANN_0.25_0.26_116	0.281622911694511
CNP0000460_AGTAGTCTCCAAGTAC-1_2_1_1_1_1_1_1_1	CNP0000460_P02N	CNP0000460	DF.classifications_0.25_0.26_116	Singlet	pANN_0.25_0.26_116	0.178997613365155
CNP0000460_AGTAGTCTCCTAGTGA-1_2_1_1_1_1_1_1_1	CNP0000460_P02N	CNP0000460	DF.classifications_0.25_0.26_116	Singlet	pANN_0.25_0.26_116	0.214001591089897
CNP0000460_AGTAGTCTCGGCTTGG-1_2_1_1_1_1_1_1_1	CNP0000460_P02N	CNP0000460	DF.classifications_0.25_0.26_116	Singlet	pANN_0.25_0.26_116	0.214001591089897
CNP0000460_AGTAGTCTCTGCAAGT-1_2_1_1_1_1_1_1_1	CNP0000460_P02N	CNP0000460	DF.classifications_0.25_0.26_116	Singlet	pANN_0.25_0.26_116	0.222752585521082
CNP0000460_AGTCTTTAGCCACTAT-1_2_1_1_1_1_1_1_1	CNP0000460_P02N	CNP0000460	DF.classifications_0.25_0.26_116	Singlet	pANN_0.25_0.26_116	0.234685759745426
CNP0000460_AGTCTTTAGCTCCCAG-1_2_1_1_1_1_1_1_1	CNP0000460_P02N	CNP0000460	DF.classifications_0.25_0.26_116	Singlet	pANN_0.25_0.26_116	0.244232299124901
CNP0000460_AGTCTTTCAATGGAGC-1_2_1_1_1_1_1_1_1	CNP0000460_P02N	CNP0000460	DF.classifications_0.25_0.26_116	Singlet	pANN_0.25_0.26_116	0.200477326968974
CNP0000460_AGTCTTTGTACCGAGA-1_2_1_1_1_1_1_1_1	CNP0000460_P02N	CNP0000460	DF.classifications_0.25_0.26_116	Singlet	pANN_0.25_0.26_116	0.187748607796341
CNP0000460_AGTCTTTGTCTGATCA-1_2_1_1_1_1_1_1_1	CNP0000460_P02N	CNP0000460	DF.classifications_0.25_0.26_116	Singlet	pANN_0.25_0.26_116	0.203659506762132
CNP0000460_AGTGAGGAGCGATAGC-1_2_1_1_1_1_1_1_1	CNP0000460_P02N	CNP0000460	DF.classifications_0.25_0.26_116	Singlet	pANN_0.25_0.26_116	0.16945107398568
CNP0000460_AGTGAGGAGTTAGGTA-1_2_1_1_1_1_1_1_1	CNP0000460_P02N	CNP0000460	DF.classifications_0.25_0.26_116	Singlet	pANN_0.25_0.26_116	0.230708035003978
CNP0000460_AGTGAGGGTACACCGC-1_2_1_1_1_1_1_1_1	CNP0000460_P02N	CNP0000460	DF.classifications_0.25_0.26_116	Singlet	pANN_0.25_0.26_116	0.249801113762928
CNP0000460_AGTGAGGGTTCAGTAC-1_2_1_1_1_1_1_1_1	CNP0000460_P02N	CNP0000460	DF.classifications_0.25_0.26_116	Singlet	pANN_0.25_0.26_116	0.212410501193317
CNP0000460_AGTGAGGTCTACTCAT-1_2_1_1_1_1_1_1_1	CNP0000460_P02N	CNP0000460	DF.classifications_0.25_0.26_116	Singlet	pANN_0.25_0.26_116	0.194908512330947
CNP0000460_AGTGAGGTCTGCTGTC-1_2_1_1_1_1_1_1_1	CNP0000460_P02N	CNP0000460	DF.classifications_0.25_0.26_116	Singlet	pANN_0.25_0.26_116	0.202068416865553
CNP0000460_AGTGGGAAGTTACCCA-1_2_1_1_1_1_1_1_1	CNP0000460_P02N	CNP0000460	DF.classifications_0.25_0.26_116	Singlet	pANN_0.25_0.26_116	0.351630867143994
CNP0000460_AGTGGGACAAGCGAGT-1_2_1_1_1_1_1_1_1	CNP0000460_P02N	CNP0000460	DF.classifications_0.25_0.26_116	Singlet	pANN_0.25_0.26_116	0.197295147175815
CNP0000460_AGTGGGACACAGACTT-1_2_1_1_1_1_1_1_1	CNP0000460_P02N	CNP0000460	DF.classifications_0.25_0.26_116	Doublet	pANN_0.25_0.26_116	0.370723945902943
CNP0000460_AGTGGGACACCTTGTC-1_2_1_1_1_1_1_1_1	CNP0000460_P02N	CNP0000460	DF.classifications_0.25_0.26_116	Singlet	pANN_0.25_0.26_116	0.253778838504375
CNP0000460_AGTGGGACACGAAACG-1_2_1_1_1_1_1_1_1	CNP0000460_P02N	CNP0000460	DF.classifications_0.25_0.26_116	Singlet	pANN_0.25_0.26_116	0.252983293556086
CNP0000460_AGTGGGACAGACGTAG-1_2_1_1_1_1_1_1_1	CNP0000460_P02N	CNP0000460	DF.classifications_0.25_0.26_116	Singlet	pANN_0.25_0.26_116	0.262529832935561
CNP0000460_AGTGGGACATAGAAAC-1_2_1_1_1_1_1_1_1	CNP0000460_P02N	CNP0000460	DF.classifications_0.25_0.26_116	Singlet	pANN_0.25_0.26_116	0.337311058074781
CNP0000460_AGTGGGAGTATATGGA-1_2_1_1_1_1_1_1_1	CNP0000460_P02N	CNP0000460	DF.classifications_0.25_0.26_116	Singlet	pANN_0.25_0.26_116	0.218774860779634
CNP0000460_AGTGGGATCCTGTAGA-1_2_1_1_1_1_1_1_1	CNP0000460_P02N	CNP0000460	DF.classifications_0.25_0.26_116	Singlet	pANN_0.25_0.26_116	0.274463007159905
CNP0000460_AGTGGGATCCTTGCCA-1_2_1_1_1_1_1_1_1	CNP0000460_P02N	CNP0000460	DF.classifications_0.25_0.26_116	Singlet	pANN_0.25_0.26_116	0.163086714399364
CNP0000460_AGTGGGATCGCCAGCA-1_2_1_1_1_1_1_1_1	CNP0000460_P02N	CNP0000460	DF.classifications_0.25_0.26_116	Singlet	pANN_0.25_0.26_116	0.249005568814638
CNP0000460_AGTGGGATCTGCGGCA-1_2_1_1_1_1_1_1_1	CNP0000460_P02N	CNP0000460	DF.classifications_0.25_0.26_116	Singlet	pANN_0.25_0.26_116	0.229912490055688
CNP0000460_AGTGTCAAGGCATTGG-1_2_1_1_1_1_1_1_1	CNP0000460_P02N	CNP0000460	DF.classifications_0.25_0.26_116	Singlet	pANN_0.25_0.26_116	0.152744630071599
CNP0000460_AGTGTCAAGTATTGGA-1_2_1_1_1_1_1_1_1	CNP0000460_P02N	CNP0000460	DF.classifications_0.25_0.26_116	Singlet	pANN_0.25_0.26_116	0.215592680986476
CNP0000460_AGTGTCACATAGAAAC-1_2_1_1_1_1_1_1_1	CNP0000460_P02N	CNP0000460	DF.classifications_0.25_0.26_116	Singlet	pANN_0.25_0.26_116	0.228321400159109
CNP0000460_AGTGTCACATTGGCGC-1_2_1_1_1_1_1_1_1	CNP0000460_P02N	CNP0000460	DF.classifications_0.25_0.26_116	Singlet	pANN_0.25_0.26_116	0.254574383452665
CNP0000460_AGTGTCACATTTGCTT-1_2_1_1_1_1_1_1_1	CNP0000460_P02N	CNP0000460	DF.classifications_0.25_0.26_116	Singlet	pANN_0.25_0.26_116	0.215592680986476
CNP0000460_AGTGTCAGTAAGTAGT-1_2_1_1_1_1_1_1_1	CNP0000460_P02N	CNP0000460	DF.classifications_0.25_0.26_116	Singlet	pANN_0.25_0.26_116	0.214001591089897
CNP0000460_AGTGTCAGTCAAGCGA-1_2_1_1_1_1_1_1_1	CNP0000460_P02N	CNP0000460	DF.classifications_0.25_0.26_116	Singlet	pANN_0.25_0.26_116	0.202863961813842
CNP0000460_AGTGTCATCCGCGTTT-1_2_1_1_1_1_1_1_1	CNP0000460_P02N	CNP0000460	DF.classifications_0.25_0.26_116	Singlet	pANN_0.25_0.26_116	0.201272871917263
CNP0000460_AGTGTCATCGCCATAA-1_2_1_1_1_1_1_1_1	CNP0000460_P02N	CNP0000460	DF.classifications_0.25_0.26_116	Singlet	pANN_0.25_0.26_116	0.26491646778043
CNP0000460_AGTGTCATCTATCCTA-1_2_1_1_1_1_1_1_1	CNP0000460_P02N	CNP0000460	DF.classifications_0.25_0.26_116	Singlet	pANN_0.25_0.26_116	0.199681782020684
CNP0000460_AGTGTCATCTGATACG-1_2_1_1_1_1_1_1_1	CNP0000460_P02N	CNP0000460	DF.classifications_0.25_0.26_116	Singlet	pANN_0.25_0.26_116	0.184566428003182
CNP0000460_AGTTGGTAGAGACTAT-1_2_1_1_1_1_1_1_1	CNP0000460_P02N	CNP0000460	DF.classifications_0.25_0.26_116	Doublet	pANN_0.25_0.26_116	0.365155131264916
CNP0000460_AGTTGGTAGTGACTCT-1_2_1_1_1_1_1_1_1	CNP0000460_P02N	CNP0000460	DF.classifications_0.25_0.26_116	Singlet	pANN_0.25_0.26_116	0.287987271280827
CNP0000460_AGTTGGTCAAAGCAAT-1_2_1_1_1_1_1_1_1	CNP0000460_P02N	CNP0000460	DF.classifications_0.25_0.26_116	Singlet	pANN_0.25_0.26_116	0.225139220365951
CNP0000460_AGTTGGTCAAGTTAAG-1_2_1_1_1_1_1_1_1	CNP0000460_P02N	CNP0000460	DF.classifications_0.25_0.26_116	Doublet	pANN_0.25_0.26_116	0.381066030230708
CNP0000460_AGTTGGTCAGTATCTG-1_2_1_1_1_1_1_1_1	CNP0000460_P02N	CNP0000460	DF.classifications_0.25_0.26_116	Singlet	pANN_0.25_0.26_116	0.164677804295943
CNP0000460_AGTTGGTGTAATCACC-1_2_1_1_1_1_1_1_1	CNP0000460_P02N	CNP0000460	DF.classifications_0.25_0.26_116	Singlet	pANN_0.25_0.26_116	0.308671439936356
CNP0000460_AGTTGGTTCACTGGGC-1_2_1_1_1_1_1_1_1	CNP0000460_P02N	CNP0000460	DF.classifications_0.25_0.26_116	Singlet	pANN_0.25_0.26_116	0.212410501193317
CNP0000460_ATAACGCAGGCAAAGA-1_2_1_1_1_1_1_1_1	CNP0000460_P02N	CNP0000460	DF.classifications_0.25_0.26_116	Singlet	pANN_0.25_0.26_116	0.167064439140811
CNP0000460_ATAACGCAGTGGAGTC-1_2_1_1_1_1_1_1_1	CNP0000460_P02N	CNP0000460	DF.classifications_0.25_0.26_116	Singlet	pANN_0.25_0.26_116	0.172633253778839
CNP0000460_ATAACGCCACCGAATT-1_2_1_1_1_1_1_1_1	CNP0000460_P02N	CNP0000460	DF.classifications_0.25_0.26_116	Singlet	pANN_0.25_0.26_116	0.200477326968974
CNP0000460_ATAACGCCAGTAAGCG-1_2_1_1_1_1_1_1_1	CNP0000460_P02N	CNP0000460	DF.classifications_0.25_0.26_116	Singlet	pANN_0.25_0.26_116	0.196499602227526
CNP0000460_ATAACGCCATCAGTAC-1_2_1_1_1_1_1_1_1	CNP0000460_P02N	CNP0000460	DF.classifications_0.25_0.26_116	Singlet	pANN_0.25_0.26_116	0.211614956245028
CNP0000460_ATAACGCGTCGACTAT-1_2_1_1_1_1_1_1_1	CNP0000460_P02N	CNP0000460	DF.classifications_0.25_0.26_116	Singlet	pANN_0.25_0.26_116	0.240254574383453
CNP0000460_ATAACGCTCTTTCCTC-1_2_1_1_1_1_1_1_1	CNP0000460_P02N	CNP0000460	DF.classifications_0.25_0.26_116	Singlet	pANN_0.25_0.26_116	0.247414478918059
CNP0000460_ATAAGAGAGAATAGGG-1_2_1_1_1_1_1_1_1	CNP0000460_P02N	CNP0000460	DF.classifications_0.25_0.26_116	Singlet	pANN_0.25_0.26_116	0.249801113762928
CNP0000460_ATAAGAGAGCAGACTG-1_2_1_1_1_1_1_1_1	CNP0000460_P02N	CNP0000460	DF.classifications_0.25_0.26_116	Singlet	pANN_0.25_0.26_116	0.200477326968974
CNP0000460_ATAAGAGAGTGTGGCA-1_2_1_1_1_1_1_1_1	CNP0000460_P02N	CNP0000460	DF.classifications_0.25_0.26_116	Singlet	pANN_0.25_0.26_116	0.210023866348449
CNP0000460_ATAAGAGCACCGATAT-1_2_1_1_1_1_1_1_1	CNP0000460_P02N	CNP0000460	DF.classifications_0.25_0.26_116	Singlet	pANN_0.25_0.26_116	0.167064439140811
CNP0000460_ATAAGAGCATCTACGA-1_2_1_1_1_1_1_1_1	CNP0000460_P02N	CNP0000460	DF.classifications_0.25_0.26_116	Singlet	pANN_0.25_0.26_116	0.319013524264121
CNP0000460_ATAAGAGGTATCTGCA-1_2_1_1_1_1_1_1_1	CNP0000460_P02N	CNP0000460	DF.classifications_0.25_0.26_116	Singlet	pANN_0.25_0.26_116	0.217979315831344
CNP0000460_ATAAGAGGTCCGTGAC-1_2_1_1_1_1_1_1_1	CNP0000460_P02N	CNP0000460	DF.classifications_0.25_0.26_116	Singlet	pANN_0.25_0.26_116	0.202068416865553
CNP0000460_ATAAGAGGTTCAGTAC-1_2_1_1_1_1_1_1_1	CNP0000460_P02N	CNP0000460	DF.classifications_0.25_0.26_116	Singlet	pANN_0.25_0.26_116	0.202068416865553
CNP0000460_ATAAGAGTCGGAAATA-1_2_1_1_1_1_1_1_1	CNP0000460_P02N	CNP0000460	DF.classifications_0.25_0.26_116	Singlet	pANN_0.25_0.26_116	0.211614956245028
CNP0000460_ATAGACCAGCGAAGGG-1_2_1_1_1_1_1_1_1	CNP0000460_P02N	CNP0000460	DF.classifications_0.25_0.26_116	Singlet	pANN_0.25_0.26_116	0.175815433571997
CNP0000460_ATAGACCAGCTGATAA-1_2_1_1_1_1_1_1_1	CNP0000460_P02N	CNP0000460	DF.classifications_0.25_0.26_116	Singlet	pANN_0.25_0.26_116	0.243436754176611
CNP0000460_ATAGACCCACCCAGTG-1_2_1_1_1_1_1_1_1	CNP0000460_P02N	CNP0000460	DF.classifications_0.25_0.26_116	Singlet	pANN_0.25_0.26_116	0.237072394590294
CNP0000460_ATAGACCCAGAAGCAC-1_2_1_1_1_1_1_1_1	CNP0000460_P02N	CNP0000460	DF.classifications_0.25_0.26_116	Singlet	pANN_0.25_0.26_116	0.212410501193317
CNP0000460_ATAGACCCAGCATGAG-1_2_1_1_1_1_1_1_1	CNP0000460_P02N	CNP0000460	DF.classifications_0.25_0.26_116	Singlet	pANN_0.25_0.26_116	0.228321400159109
CNP0000460_ATAGACCGTGGCGAAT-1_2_1_1_1_1_1_1_1	CNP0000460_P02N	CNP0000460	DF.classifications_0.25_0.26_116	Singlet	pANN_0.25_0.26_116	0.216388225934765
CNP0000460_ATAGACCGTGGGTATG-1_2_1_1_1_1_1_1_1	CNP0000460_P02N	CNP0000460	DF.classifications_0.25_0.26_116	Singlet	pANN_0.25_0.26_116	0.218774860779634
CNP0000460_ATAGACCTCAGCATGT-1_2_1_1_1_1_1_1_1	CNP0000460_P02N	CNP0000460	DF.classifications_0.25_0.26_116	Singlet	pANN_0.25_0.26_116	0.158313444709626
CNP0000460_ATAGACCTCTATCCCG-1_2_1_1_1_1_1_1_1	CNP0000460_P02N	CNP0000460	DF.classifications_0.25_0.26_116	Singlet	pANN_0.25_0.26_116	0.152744630071599
CNP0000460_ATCACGAAGCCACCTG-1_2_1_1_1_1_1_1_1	CNP0000460_P02N	CNP0000460	DF.classifications_0.25_0.26_116	Singlet	pANN_0.25_0.26_116	0.219570405727924
CNP0000460_ATCACGAAGGCTACGA-1_2_1_1_1_1_1_1_1	CNP0000460_P02N	CNP0000460	DF.classifications_0.25_0.26_116	Singlet	pANN_0.25_0.26_116	0.233094669848846
CNP0000460_ATCACGAAGGTGCACA-1_2_1_1_1_1_1_1_1	CNP0000460_P02N	CNP0000460	DF.classifications_0.25_0.26_116	Singlet	pANN_0.25_0.26_116	0.20763723150358
CNP0000460_ATCACGAAGTACGCCC-1_2_1_1_1_1_1_1_1	CNP0000460_P02N	CNP0000460	DF.classifications_0.25_0.26_116	Doublet	pANN_0.25_0.26_116	0.365155131264916
CNP0000460_ATCACGACAACCGCCA-1_2_1_1_1_1_1_1_1	CNP0000460_P02N	CNP0000460	DF.classifications_0.25_0.26_116	Singlet	pANN_0.25_0.26_116	0.214001591089897
CNP0000460_ATCACGATCAGCAACT-1_2_1_1_1_1_1_1_1	CNP0000460_P02N	CNP0000460	DF.classifications_0.25_0.26_116	Singlet	pANN_0.25_0.26_116	0.243436754176611
CNP0000460_ATCACGATCATACGGT-1_2_1_1_1_1_1_1_1	CNP0000460_P02N	CNP0000460	DF.classifications_0.25_0.26_116	Singlet	pANN_0.25_0.26_116	0.225139220365951
CNP0000460_ATCATCTAGGTGCAAC-1_2_1_1_1_1_1_1_1	CNP0000460_P02N	CNP0000460	DF.classifications_0.25_0.26_116	Singlet	pANN_0.25_0.26_116	0.238663484486873
CNP0000460_ATCATCTAGTAATCCC-1_2_1_1_1_1_1_1_1	CNP0000460_P02N	CNP0000460	DF.classifications_0.25_0.26_116	Singlet	pANN_0.25_0.26_116	0.194908512330947
CNP0000460_ATCATCTAGTATGACA-1_2_1_1_1_1_1_1_1	CNP0000460_P02N	CNP0000460	DF.classifications_0.25_0.26_116	Singlet	pANN_0.25_0.26_116	0.182975338106603
CNP0000460_ATCATCTCAATCTACG-1_2_1_1_1_1_1_1_1	CNP0000460_P02N	CNP0000460	DF.classifications_0.25_0.26_116	Singlet	pANN_0.25_0.26_116	0.238663484486873
CNP0000460_ATCATCTCACACAGAG-1_2_1_1_1_1_1_1_1	CNP0000460_P02N	CNP0000460	DF.classifications_0.25_0.26_116	Singlet	pANN_0.25_0.26_116	0.210819411296738
CNP0000460_ATCATCTGTTAAGAAC-1_2_1_1_1_1_1_1_1	CNP0000460_P02N	CNP0000460	DF.classifications_0.25_0.26_116	Singlet	pANN_0.25_0.26_116	0.203659506762132
CNP0000460_ATCATCTTCTGGCGTG-1_2_1_1_1_1_1_1_1	CNP0000460_P02N	CNP0000460	DF.classifications_0.25_0.26_116	Singlet	pANN_0.25_0.26_116	0.22593476531424
CNP0000460_ATCATGGAGCAGGTCA-1_2_1_1_1_1_1_1_1	CNP0000460_P02N	CNP0000460	DF.classifications_0.25_0.26_116	Singlet	pANN_0.25_0.26_116	0.180588703261734
CNP0000460_ATCATGGCATTACGAC-1_2_1_1_1_1_1_1_1	CNP0000460_P02N	CNP0000460	DF.classifications_0.25_0.26_116	Singlet	pANN_0.25_0.26_116	0.241050119331742
CNP0000460_ATCATGGGTATGAATG-1_2_1_1_1_1_1_1_1	CNP0000460_P02N	CNP0000460	DF.classifications_0.25_0.26_116	Singlet	pANN_0.25_0.26_116	0.241845664280032
CNP0000460_ATCATGGGTGCTCTTC-1_2_1_1_1_1_1_1_1	CNP0000460_P02N	CNP0000460	DF.classifications_0.25_0.26_116	Singlet	pANN_0.25_0.26_116	0.235481304693715
CNP0000460_ATCATGGGTGTGGCTC-1_2_1_1_1_1_1_1_1	CNP0000460_P02N	CNP0000460	DF.classifications_0.25_0.26_116	Singlet	pANN_0.25_0.26_116	0.257756563245823
CNP0000460_ATCATGGTCAAAGACA-1_2_1_1_1_1_1_1_1	CNP0000460_P02N	CNP0000460	DF.classifications_0.25_0.26_116	Singlet	pANN_0.25_0.26_116	0.198886237072395
CNP0000460_ATCATGGTCACCCTCA-1_2_1_1_1_1_1_1_1	CNP0000460_P02N	CNP0000460	DF.classifications_0.25_0.26_116	Singlet	pANN_0.25_0.26_116	0.233094669848846
CNP0000460_ATCATGGTCACTTCAT-1_2_1_1_1_1_1_1_1	CNP0000460_P02N	CNP0000460	DF.classifications_0.25_0.26_116	Singlet	pANN_0.25_0.26_116	0.228321400159109
CNP0000460_ATCATGGTCCGTAGTA-1_2_1_1_1_1_1_1_1	CNP0000460_P02N	CNP0000460	DF.classifications_0.25_0.26_116	Singlet	pANN_0.25_0.26_116	0.203659506762132
CNP0000460_ATCATGGTCGTTGACA-1_2_1_1_1_1_1_1_1	CNP0000460_P02N	CNP0000460	DF.classifications_0.25_0.26_116	Singlet	pANN_0.25_0.26_116	0.233890214797136
CNP0000460_ATCCACCAGAGGACGG-1_2_1_1_1_1_1_1_1	CNP0000460_P02N	CNP0000460	DF.classifications_0.25_0.26_116	Singlet	pANN_0.25_0.26_116	0.149562450278441
CNP0000460_ATCCACCAGGCGTACA-1_2_1_1_1_1_1_1_1	CNP0000460_P02N	CNP0000460	DF.classifications_0.25_0.26_116	Singlet	pANN_0.25_0.26_116	0.230708035003978
CNP0000460_ATCCACCCACTACAGT-1_2_1_1_1_1_1_1_1	CNP0000460_P02N	CNP0000460	DF.classifications_0.25_0.26_116	Singlet	pANN_0.25_0.26_116	0.334924423229913
CNP0000460_ATCCACCGTCAACATC-1_2_1_1_1_1_1_1_1	CNP0000460_P02N	CNP0000460	DF.classifications_0.25_0.26_116	Singlet	pANN_0.25_0.26_116	0.244232299124901
CNP0000460_ATCCACCGTGATGTGG-1_2_1_1_1_1_1_1_1	CNP0000460_P02N	CNP0000460	DF.classifications_0.25_0.26_116	Singlet	pANN_0.25_0.26_116	0.20843277645187
CNP0000460_ATCCACCTCCGAGCCA-1_2_1_1_1_1_1_1_1	CNP0000460_P02N	CNP0000460	DF.classifications_0.25_0.26_116	Singlet	pANN_0.25_0.26_116	0.20684168655529
CNP0000460_ATCCGAAAGCCCAACC-1_2_1_1_1_1_1_1_1	CNP0000460_P02N	CNP0000460	DF.classifications_0.25_0.26_116	Singlet	pANN_0.25_0.26_116	0.198886237072395
CNP0000460_ATCCGAAAGCGTAGTG-1_2_1_1_1_1_1_1_1	CNP0000460_P02N	CNP0000460	DF.classifications_0.25_0.26_116	Singlet	pANN_0.25_0.26_116	0.202068416865553
CNP0000460_ATCCGAAAGCTGCCCA-1_2_1_1_1_1_1_1_1	CNP0000460_P02N	CNP0000460	DF.classifications_0.25_0.26_116	Singlet	pANN_0.25_0.26_116	0.167064439140811
CNP0000460_ATCCGAAAGTAACCCT-1_2_1_1_1_1_1_1_1	CNP0000460_P02N	CNP0000460	DF.classifications_0.25_0.26_116	Singlet	pANN_0.25_0.26_116	0.206046141607001
CNP0000460_ATCCGAACAATGGAGC-1_2_1_1_1_1_1_1_1	CNP0000460_P02N	CNP0000460	DF.classifications_0.25_0.26_116	Singlet	pANN_0.25_0.26_116	0.191726332537788
CNP0000460_ATCCGAAGTATTCGTG-1_2_1_1_1_1_1_1_1	CNP0000460_P02N	CNP0000460	DF.classifications_0.25_0.26_116	Singlet	pANN_0.25_0.26_116	0.227525855210819
CNP0000460_ATCCGAAGTTACTGAC-1_2_1_1_1_1_1_1_1	CNP0000460_P02N	CNP0000460	DF.classifications_0.25_0.26_116	Singlet	pANN_0.25_0.26_116	0.179793158313445
CNP0000460_ATCCGAATCCACTGGG-1_2_1_1_1_1_1_1_1	CNP0000460_P02N	CNP0000460	DF.classifications_0.25_0.26_116	Singlet	pANN_0.25_0.26_116	0.210023866348449
CNP0000460_ATCGAGTAGGTTCCTA-1_2_1_1_1_1_1_1_1	CNP0000460_P02N	CNP0000460	DF.classifications_0.25_0.26_116	Singlet	pANN_0.25_0.26_116	0.219570405727924
CNP0000460_ATCGAGTGTAAAGGAG-1_2_1_1_1_1_1_1_1	CNP0000460_P02N	CNP0000460	DF.classifications_0.25_0.26_116	Singlet	pANN_0.25_0.26_116	0.182179793158313
CNP0000460_ATCGAGTGTAGCTAAA-1_2_1_1_1_1_1_1_1	CNP0000460_P02N	CNP0000460	DF.classifications_0.25_0.26_116	Singlet	pANN_0.25_0.26_116	0.233890214797136
CNP0000460_ATCGAGTTCCTTGACC-1_2_1_1_1_1_1_1_1	CNP0000460_P02N	CNP0000460	DF.classifications_0.25_0.26_116	Singlet	pANN_0.25_0.26_116	0.199681782020684
CNP0000460_ATCGAGTTCTGGAGCC-1_2_1_1_1_1_1_1_1	CNP0000460_P02N	CNP0000460	DF.classifications_0.25_0.26_116	Singlet	pANN_0.25_0.26_116	0.18854415274463
CNP0000460_ATCGAGTTCTGGTGTA-1_2_1_1_1_1_1_1_1	CNP0000460_P02N	CNP0000460	DF.classifications_0.25_0.26_116	Singlet	pANN_0.25_0.26_116	0.275258552108194
CNP0000460_ATCTACTAGAGAACAG-1_2_1_1_1_1_1_1_1	CNP0000460_P02N	CNP0000460	DF.classifications_0.25_0.26_116	Singlet	pANN_0.25_0.26_116	0.200477326968974
CNP0000460_ATCTACTCAGGATCGA-1_2_1_1_1_1_1_1_1	CNP0000460_P02N	CNP0000460	DF.classifications_0.25_0.26_116	Singlet	pANN_0.25_0.26_116	0.186157517899761
CNP0000460_ATCTACTGTACTTGAC-1_2_1_1_1_1_1_1_1	CNP0000460_P02N	CNP0000460	DF.classifications_0.25_0.26_116	Singlet	pANN_0.25_0.26_116	0.202068416865553
CNP0000460_ATCTACTGTAGCGTAG-1_2_1_1_1_1_1_1_1	CNP0000460_P02N	CNP0000460	DF.classifications_0.25_0.26_116	Doublet	pANN_0.25_0.26_116	0.368337311058075
CNP0000460_ATCTACTGTTTAAGCC-1_2_1_1_1_1_1_1_1	CNP0000460_P02N	CNP0000460	DF.classifications_0.25_0.26_116	Singlet	pANN_0.25_0.26_116	0.198886237072395
CNP0000460_ATCTACTTCCGCATAA-1_2_1_1_1_1_1_1_1	CNP0000460_P02N	CNP0000460	DF.classifications_0.25_0.26_116	Singlet	pANN_0.25_0.26_116	0.209228321400159
CNP0000460_ATCTACTTCGGTCCGA-1_2_1_1_1_1_1_1_1	CNP0000460_P02N	CNP0000460	DF.classifications_0.25_0.26_116	Singlet	pANN_0.25_0.26_116	0.151949085123309
CNP0000460_ATCTGCCCAGTCGTGC-1_2_1_1_1_1_1_1_1	CNP0000460_P02N	CNP0000460	DF.classifications_0.25_0.26_116	Singlet	pANN_0.25_0.26_116	0.164677804295943
CNP0000460_ATCTGCCGTAGCTAAA-1_2_1_1_1_1_1_1_1	CNP0000460_P02N	CNP0000460	DF.classifications_0.25_0.26_116	Singlet	pANN_0.25_0.26_116	0.213206046141607
CNP0000460_ATCTGCCTCCAAATGC-1_2_1_1_1_1_1_1_1	CNP0000460_P02N	CNP0000460	DF.classifications_0.25_0.26_116	Singlet	pANN_0.25_0.26_116	0.214797136038186
CNP0000460_ATCTGCCTCCCGGATG-1_2_1_1_1_1_1_1_1	CNP0000460_P02N	CNP0000460	DF.classifications_0.25_0.26_116	Singlet	pANN_0.25_0.26_116	0.223548130469372
CNP0000460_ATCTGCCTCGAATGGG-1_2_1_1_1_1_1_1_1	CNP0000460_P02N	CNP0000460	DF.classifications_0.25_0.26_116	Singlet	pANN_0.25_0.26_116	0.18854415274463
CNP0000460_ATGAGGGAGCGTAATA-1_2_1_1_1_1_1_1_1	CNP0000460_P02N	CNP0000460	DF.classifications_0.25_0.26_116	Singlet	pANN_0.25_0.26_116	0.221957040572792
CNP0000460_ATGAGGGCACCTGGTG-1_2_1_1_1_1_1_1_1	CNP0000460_P02N	CNP0000460	DF.classifications_0.25_0.26_116	Doublet	pANN_0.25_0.26_116	0.380270485282418
CNP0000460_ATGAGGGCAGGCGATA-1_2_1_1_1_1_1_1_1	CNP0000460_P02N	CNP0000460	DF.classifications_0.25_0.26_116	Singlet	pANN_0.25_0.26_116	0.275258552108194
CNP0000460_ATGAGGGCATGCAATC-1_2_1_1_1_1_1_1_1	CNP0000460_P02N	CNP0000460	DF.classifications_0.25_0.26_116	Singlet	pANN_0.25_0.26_116	0.295942720763723
CNP0000460_ATGAGGGGTCCGCTGA-1_2_1_1_1_1_1_1_1	CNP0000460_P02N	CNP0000460	DF.classifications_0.25_0.26_116	Singlet	pANN_0.25_0.26_116	0.217979315831344
CNP0000460_ATGAGGGGTCTGGAGA-1_2_1_1_1_1_1_1_1	CNP0000460_P02N	CNP0000460	DF.classifications_0.25_0.26_116	Singlet	pANN_0.25_0.26_116	0.221161495624503
CNP0000460_ATGAGGGGTTTACTCT-1_2_1_1_1_1_1_1_1	CNP0000460_P02N	CNP0000460	DF.classifications_0.25_0.26_116	Singlet	pANN_0.25_0.26_116	0.206046141607001
CNP0000460_ATGAGGGTCGAGAGCA-1_2_1_1_1_1_1_1_1	CNP0000460_P02N	CNP0000460	DF.classifications_0.25_0.26_116	Singlet	pANN_0.25_0.26_116	0.185361972951472
CNP0000460_ATGCGATAGGAACTGC-1_2_1_1_1_1_1_1_1	CNP0000460_P02N	CNP0000460	DF.classifications_0.25_0.26_116	Singlet	pANN_0.25_0.26_116	0.202068416865553
CNP0000460_ATGCGATAGTGACATA-1_2_1_1_1_1_1_1_1	CNP0000460_P02N	CNP0000460	DF.classifications_0.25_0.26_116	Singlet	pANN_0.25_0.26_116	0.249801113762928
CNP0000460_ATGCGATCAATAACGA-1_2_1_1_1_1_1_1_1	CNP0000460_P02N	CNP0000460	DF.classifications_0.25_0.26_116	Singlet	pANN_0.25_0.26_116	0.213206046141607
CNP0000460_ATGCGATCACAACGTT-1_2_1_1_1_1_1_1_1	CNP0000460_P02N	CNP0000460	DF.classifications_0.25_0.26_116	Singlet	pANN_0.25_0.26_116	0.351630867143994
CNP0000460_ATGCGATGTTTCCACC-1_2_1_1_1_1_1_1_1	CNP0000460_P02N	CNP0000460	DF.classifications_0.25_0.26_116	Singlet	pANN_0.25_0.26_116	0.232299124900557
CNP0000460_ATGCGATTCACGCATA-1_2_1_1_1_1_1_1_1	CNP0000460_P02N	CNP0000460	DF.classifications_0.25_0.26_116	Doublet	pANN_0.25_0.26_116	0.392999204455052
CNP0000460_ATGCGATTCCATGAGT-1_2_1_1_1_1_1_1_1	CNP0000460_P02N	CNP0000460	DF.classifications_0.25_0.26_116	Singlet	pANN_0.25_0.26_116	0.338106603023071
CNP0000460_ATGCGATTCGCCTGTT-1_2_1_1_1_1_1_1_1	CNP0000460_P02N	CNP0000460	DF.classifications_0.25_0.26_116	Singlet	pANN_0.25_0.26_116	0.249801113762928
CNP0000460_ATGGGAGCAGGAATCG-1_2_1_1_1_1_1_1_1	CNP0000460_P02N	CNP0000460	DF.classifications_0.25_0.26_116	Singlet	pANN_0.25_0.26_116	0.179793158313445
CNP0000460_ATGGGAGGTCTCTCTG-1_2_1_1_1_1_1_1_1	CNP0000460_P02N	CNP0000460	DF.classifications_0.25_0.26_116	Singlet	pANN_0.25_0.26_116	0.184566428003182
CNP0000460_ATGGGAGGTTTACTCT-1_2_1_1_1_1_1_1_1	CNP0000460_P02N	CNP0000460	DF.classifications_0.25_0.26_116	Singlet	pANN_0.25_0.26_116	0.210819411296738
CNP0000460_ATGGGAGTCAAACAAG-1_2_1_1_1_1_1_1_1	CNP0000460_P02N	CNP0000460	DF.classifications_0.25_0.26_116	Singlet	pANN_0.25_0.26_116	0.215592680986476
CNP0000460_ATGGGAGTCTCGATGA-1_2_1_1_1_1_1_1_1	CNP0000460_P02N	CNP0000460	DF.classifications_0.25_0.26_116	Singlet	pANN_0.25_0.26_116	0.335719968178202
CNP0000460_ATGTGTGAGCCTATGT-1_2_1_1_1_1_1_1_1	CNP0000460_P02N	CNP0000460	DF.classifications_0.25_0.26_116	Singlet	pANN_0.25_0.26_116	0.253778838504375
CNP0000460_ATGTGTGGTGCAGACA-1_2_1_1_1_1_1_1_1	CNP0000460_P02N	CNP0000460	DF.classifications_0.25_0.26_116	Singlet	pANN_0.25_0.26_116	0.287191726332538
CNP0000460_ATGTGTGGTTAAAGAC-1_2_1_1_1_1_1_1_1	CNP0000460_P02N	CNP0000460	DF.classifications_0.25_0.26_116	Doublet	pANN_0.25_0.26_116	0.373110580747812
CNP0000460_ATGTGTGGTTATGCGT-1_2_1_1_1_1_1_1_1	CNP0000460_P02N	CNP0000460	DF.classifications_0.25_0.26_116	Singlet	pANN_0.25_0.26_116	0.194908512330947
CNP0000460_ATGTGTGGTTTCCACC-1_2_1_1_1_1_1_1_1	CNP0000460_P02N	CNP0000460	DF.classifications_0.25_0.26_116	Singlet	pANN_0.25_0.26_116	0.181384248210024
CNP0000460_ATGTGTGTCTATGTGG-1_2_1_1_1_1_1_1_1	CNP0000460_P02N	CNP0000460	DF.classifications_0.25_0.26_116	Singlet	pANN_0.25_0.26_116	0.273667462211615
CNP0000460_ATGTGTGTCTCGGACG-1_2_1_1_1_1_1_1_1	CNP0000460_P02N	CNP0000460	DF.classifications_0.25_0.26_116	Singlet	pANN_0.25_0.26_116	0.223548130469372
CNP0000460_ATTACTCAGATCCCGC-1_2_1_1_1_1_1_1_1	CNP0000460_P02N	CNP0000460	DF.classifications_0.25_0.26_116	Singlet	pANN_0.25_0.26_116	0.187748607796341
CNP0000460_ATTACTCAGGAGTACC-1_2_1_1_1_1_1_1_1	CNP0000460_P02N	CNP0000460	DF.classifications_0.25_0.26_116	Singlet	pANN_0.25_0.26_116	0.24502784407319
CNP0000460_ATTACTCCAATAGAGT-1_2_1_1_1_1_1_1_1	CNP0000460_P02N	CNP0000460	DF.classifications_0.25_0.26_116	Singlet	pANN_0.25_0.26_116	0.18854415274463
CNP0000460_ATTACTCGTTGGTGGA-1_2_1_1_1_1_1_1_1	CNP0000460_P02N	CNP0000460	DF.classifications_0.25_0.26_116	Singlet	pANN_0.25_0.26_116	0.177406523468576
CNP0000460_ATTATCCAGCCAACAG-1_2_1_1_1_1_1_1_1	CNP0000460_P02N	CNP0000460	DF.classifications_0.25_0.26_116	Doublet	pANN_0.25_0.26_116	0.431185361972951
CNP0000460_ATTATCCAGCCCTAAT-1_2_1_1_1_1_1_1_1	CNP0000460_P02N	CNP0000460	DF.classifications_0.25_0.26_116	Singlet	pANN_0.25_0.26_116	0.285600636435959
CNP0000460_ATTATCCAGGACGAAA-1_2_1_1_1_1_1_1_1	CNP0000460_P02N	CNP0000460	DF.classifications_0.25_0.26_116	Doublet	pANN_0.25_0.26_116	0.37788385043755
CNP0000460_ATTATCCAGGGCTTGA-1_2_1_1_1_1_1_1_1	CNP0000460_P02N	CNP0000460	DF.classifications_0.25_0.26_116	Singlet	pANN_0.25_0.26_116	0.285600636435959
CNP0000460_ATTATCCCAATCTGCA-1_2_1_1_1_1_1_1_1	CNP0000460_P02N	CNP0000460	DF.classifications_0.25_0.26_116	Singlet	pANN_0.25_0.26_116	0.178202068416866
CNP0000460_ATTATCCCACTGTTAG-1_2_1_1_1_1_1_1_1	CNP0000460_P02N	CNP0000460	DF.classifications_0.25_0.26_116	Singlet	pANN_0.25_0.26_116	0.230708035003978
CNP0000460_ATTATCCCAGTTCCCT-1_2_1_1_1_1_1_1_1	CNP0000460_P02N	CNP0000460	DF.classifications_0.25_0.26_116	Singlet	pANN_0.25_0.26_116	0.202863961813842
CNP0000460_ATTATCCGTAACGCGA-1_2_1_1_1_1_1_1_1	CNP0000460_P02N	CNP0000460	DF.classifications_0.25_0.26_116	Singlet	pANN_0.25_0.26_116	0.217183770883055
CNP0000460_ATTATCCGTACCGTAT-1_2_1_1_1_1_1_1_1	CNP0000460_P02N	CNP0000460	DF.classifications_0.25_0.26_116	Singlet	pANN_0.25_0.26_116	0.144789180588703
CNP0000460_ATTATCCGTACTTAGC-1_2_1_1_1_1_1_1_1	CNP0000460_P02N	CNP0000460	DF.classifications_0.25_0.26_116	Singlet	pANN_0.25_0.26_116	0.300715990453461
CNP0000460_ATTATCCGTCGACTGC-1_2_1_1_1_1_1_1_1	CNP0000460_P02N	CNP0000460	DF.classifications_0.25_0.26_116	Doublet	pANN_0.25_0.26_116	0.365950676213206
CNP0000460_ATTATCCTCAGGCGAA-1_2_1_1_1_1_1_1_1	CNP0000460_P02N	CNP0000460	DF.classifications_0.25_0.26_116	Singlet	pANN_0.25_0.26_116	0.260938743038982
CNP0000460_ATTATCCTCCAGAGGA-1_2_1_1_1_1_1_1_1	CNP0000460_P02N	CNP0000460	DF.classifications_0.25_0.26_116	Singlet	pANN_0.25_0.26_116	0.276054097056484
CNP0000460_ATTATCCTCCTTGACC-1_2_1_1_1_1_1_1_1	CNP0000460_P02N	CNP0000460	DF.classifications_0.25_0.26_116	Singlet	pANN_0.25_0.26_116	0.200477326968974
CNP0000460_ATTCTACAGATGCGAC-1_2_1_1_1_1_1_1_1	CNP0000460_P02N	CNP0000460	DF.classifications_0.25_0.26_116	Doublet	pANN_0.25_0.26_116	0.378679395385839
CNP0000460_ATTCTACAGCGCTCCA-1_2_1_1_1_1_1_1_1	CNP0000460_P02N	CNP0000460	DF.classifications_0.25_0.26_116	Singlet	pANN_0.25_0.26_116	0.230708035003978
CNP0000460_ATTCTACCAGCCAATT-1_2_1_1_1_1_1_1_1	CNP0000460_P02N	CNP0000460	DF.classifications_0.25_0.26_116	Singlet	pANN_0.25_0.26_116	0.253778838504375
CNP0000460_ATTCTACGTAGCGTGA-1_2_1_1_1_1_1_1_1	CNP0000460_P02N	CNP0000460	DF.classifications_0.25_0.26_116	Singlet	pANN_0.25_0.26_116	0.211614956245028
CNP0000460_ATTCTACGTAGGCTGA-1_2_1_1_1_1_1_1_1	CNP0000460_P02N	CNP0000460	DF.classifications_0.25_0.26_116	Singlet	pANN_0.25_0.26_116	0.269689737470167
CNP0000460_ATTCTACGTCGATTGT-1_2_1_1_1_1_1_1_1	CNP0000460_P02N	CNP0000460	DF.classifications_0.25_0.26_116	Singlet	pANN_0.25_0.26_116	0.310262529832936
CNP0000460_ATTCTACGTGATGATA-1_2_1_1_1_1_1_1_1	CNP0000460_P02N	CNP0000460	DF.classifications_0.25_0.26_116	Singlet	pANN_0.25_0.26_116	0.186953062848051
CNP0000460_ATTCTACGTGATGCCC-1_2_1_1_1_1_1_1_1	CNP0000460_P02N	CNP0000460	DF.classifications_0.25_0.26_116	Singlet	pANN_0.25_0.26_116	0.222752585521082
CNP0000460_ATTCTACGTTACCAGT-1_2_1_1_1_1_1_1_1	CNP0000460_P02N	CNP0000460	DF.classifications_0.25_0.26_116	Singlet	pANN_0.25_0.26_116	0.237072394590294
CNP0000460_ATTCTACGTTATGCGT-1_2_1_1_1_1_1_1_1	CNP0000460_P02N	CNP0000460	DF.classifications_0.25_0.26_116	Singlet	pANN_0.25_0.26_116	0.212410501193317
CNP0000460_ATTCTACTCATCGCTC-1_2_1_1_1_1_1_1_1	CNP0000460_P02N	CNP0000460	DF.classifications_0.25_0.26_116	Singlet	pANN_0.25_0.26_116	0.228321400159109
CNP0000460_ATTCTACTCTGTCTAT-1_2_1_1_1_1_1_1_1	CNP0000460_P02N	CNP0000460	DF.classifications_0.25_0.26_116	Singlet	pANN_0.25_0.26_116	0.26491646778043
CNP0000460_ATTGGACAGCGCTCCA-1_2_1_1_1_1_1_1_1	CNP0000460_P02N	CNP0000460	DF.classifications_0.25_0.26_116	Singlet	pANN_0.25_0.26_116	0.222752585521082
CNP0000460_ATTGGACAGTTACCCA-1_2_1_1_1_1_1_1_1	CNP0000460_P02N	CNP0000460	DF.classifications_0.25_0.26_116	Singlet	pANN_0.25_0.26_116	0.221161495624503
CNP0000460_ATTGGACGTACTTAGC-1_2_1_1_1_1_1_1_1	CNP0000460_P02N	CNP0000460	DF.classifications_0.25_0.26_116	Singlet	pANN_0.25_0.26_116	0.178202068416866
CNP0000460_ATTGGACGTGACAAAT-1_2_1_1_1_1_1_1_1	CNP0000460_P02N	CNP0000460	DF.classifications_0.25_0.26_116	Singlet	pANN_0.25_0.26_116	0.191726332537788
CNP0000460_ATTGGACGTGTATGGG-1_2_1_1_1_1_1_1_1	CNP0000460_P02N	CNP0000460	DF.classifications_0.25_0.26_116	Singlet	pANN_0.25_0.26_116	0.233890214797136
CNP0000460_ATTGGACTCAATAAGG-1_2_1_1_1_1_1_1_1	CNP0000460_P02N	CNP0000460	DF.classifications_0.25_0.26_116	Singlet	pANN_0.25_0.26_116	0.194908512330947
CNP0000460_ATTGGACTCAGCTCTC-1_2_1_1_1_1_1_1_1	CNP0000460_P02N	CNP0000460	DF.classifications_0.25_0.26_116	Singlet	pANN_0.25_0.26_116	0.190930787589499
CNP0000460_ATTGGACTCCGCGGTA-1_2_1_1_1_1_1_1_1	CNP0000460_P02N	CNP0000460	DF.classifications_0.25_0.26_116	Singlet	pANN_0.25_0.26_116	0.211614956245028
CNP0000460_ATTGGACTCGTAGGTT-1_2_1_1_1_1_1_1_1	CNP0000460_P02N	CNP0000460	DF.classifications_0.25_0.26_116	Singlet	pANN_0.25_0.26_116	0.199681782020684
CNP0000460_ATTGGTGAGAATAGGG-1_2_1_1_1_1_1_1_1	CNP0000460_P02N	CNP0000460	DF.classifications_0.25_0.26_116	Singlet	pANN_0.25_0.26_116	0.256165473349244
CNP0000460_ATTGGTGAGCAATATG-1_2_1_1_1_1_1_1_1	CNP0000460_P02N	CNP0000460	DF.classifications_0.25_0.26_116	Singlet	pANN_0.25_0.26_116	0.175815433571997
CNP0000460_ATTGGTGAGCGTCTAT-1_2_1_1_1_1_1_1_1	CNP0000460_P02N	CNP0000460	DF.classifications_0.25_0.26_116	Singlet	pANN_0.25_0.26_116	0.221161495624503
CNP0000460_ATTGGTGAGCTCAACT-1_2_1_1_1_1_1_1_1	CNP0000460_P02N	CNP0000460	DF.classifications_0.25_0.26_116	Singlet	pANN_0.25_0.26_116	0.212410501193317
CNP0000460_ATTGGTGAGGCAGGTT-1_2_1_1_1_1_1_1_1	CNP0000460_P02N	CNP0000460	DF.classifications_0.25_0.26_116	Singlet	pANN_0.25_0.26_116	0.242641209228321
CNP0000460_ATTGGTGCACATCCGG-1_2_1_1_1_1_1_1_1	CNP0000460_P02N	CNP0000460	DF.classifications_0.25_0.26_116	Singlet	pANN_0.25_0.26_116	0.178997613365155
CNP0000460_ATTGGTGCAGGCTCAC-1_2_1_1_1_1_1_1_1	CNP0000460_P02N	CNP0000460	DF.classifications_0.25_0.26_116	Singlet	pANN_0.25_0.26_116	0.212410501193317
CNP0000460_ATTGGTGCATAGAAAC-1_2_1_1_1_1_1_1_1	CNP0000460_P02N	CNP0000460	DF.classifications_0.25_0.26_116	Singlet	pANN_0.25_0.26_116	0.258552108194113
CNP0000460_ATTGGTGGTATAGTAG-1_2_1_1_1_1_1_1_1	CNP0000460_P02N	CNP0000460	DF.classifications_0.25_0.26_116	Singlet	pANN_0.25_0.26_116	0.236276849642005
CNP0000460_ATTGGTGTCCAAATGC-1_2_1_1_1_1_1_1_1	CNP0000460_P02N	CNP0000460	DF.classifications_0.25_0.26_116	Singlet	pANN_0.25_0.26_116	0.233890214797136
CNP0000460_ATTGGTGTCCGATATG-1_2_1_1_1_1_1_1_1	CNP0000460_P02N	CNP0000460	DF.classifications_0.25_0.26_116	Singlet	pANN_0.25_0.26_116	0.201272871917263
CNP0000460_ATTTCTGAGTTTAGGA-1_2_1_1_1_1_1_1_1	CNP0000460_P02N	CNP0000460	DF.classifications_0.25_0.26_116	Doublet	pANN_0.25_0.26_116	0.392999204455052
CNP0000460_ATTTCTGGTCTCGTTC-1_2_1_1_1_1_1_1_1	CNP0000460_P02N	CNP0000460	DF.classifications_0.25_0.26_116	Singlet	pANN_0.25_0.26_116	0.297533810660302
CNP0000460_ATTTCTGTCAAAGACA-1_2_1_1_1_1_1_1_1	CNP0000460_P02N	CNP0000460	DF.classifications_0.25_0.26_116	Singlet	pANN_0.25_0.26_116	0.159904534606205
CNP0000460_ATTTCTGTCTGGAGCC-1_2_1_1_1_1_1_1_1	CNP0000460_P02N	CNP0000460	DF.classifications_0.25_0.26_116	Singlet	pANN_0.25_0.26_116	0.200477326968974
CNP0000460_ATTTCTGTCTGTCAAG-1_2_1_1_1_1_1_1_1	CNP0000460_P02N	CNP0000460	DF.classifications_0.25_0.26_116	Singlet	pANN_0.25_0.26_116	0.256961018297534
CNP0000460_ATTTCTGTCTTTAGTC-1_2_1_1_1_1_1_1_1	CNP0000460_P02N	CNP0000460	DF.classifications_0.25_0.26_116	Singlet	pANN_0.25_0.26_116	0.246618933969769
CNP0000460_CAACCAAAGGCAATTA-1_2_1_1_1_1_1_1_1	CNP0000460_P02N	CNP0000460	DF.classifications_0.25_0.26_116	Singlet	pANN_0.25_0.26_116	0.186157517899761
CNP0000460_CAACCAAAGTCAATAG-1_2_1_1_1_1_1_1_1	CNP0000460_P02N	CNP0000460	DF.classifications_0.25_0.26_116	Singlet	pANN_0.25_0.26_116	0.18933969769292
CNP0000460_CAACCAACACTAGTAC-1_2_1_1_1_1_1_1_1	CNP0000460_P02N	CNP0000460	DF.classifications_0.25_0.26_116	Singlet	pANN_0.25_0.26_116	0.167064439140811
CNP0000460_CAACCAAGTATCAGTC-1_2_1_1_1_1_1_1_1	CNP0000460_P02N	CNP0000460	DF.classifications_0.25_0.26_116	Singlet	pANN_0.25_0.26_116	0.192521877486078
CNP0000460_CAACCAAGTCGCATCG-1_2_1_1_1_1_1_1_1	CNP0000460_P02N	CNP0000460	DF.classifications_0.25_0.26_116	Singlet	pANN_0.25_0.26_116	0.233890214797136
CNP0000460_CAACCAAGTGAAAGAG-1_2_1_1_1_1_1_1_1	CNP0000460_P02N	CNP0000460	DF.classifications_0.25_0.26_116	Singlet	pANN_0.25_0.26_116	0.197295147175815
CNP0000460_CAACCAATCGGAATCT-1_2_1_1_1_1_1_1_1	CNP0000460_P02N	CNP0000460	DF.classifications_0.25_0.26_116	Singlet	pANN_0.25_0.26_116	0.202068416865553
CNP0000460_CAACCTCAGAAACGCC-1_2_1_1_1_1_1_1_1	CNP0000460_P02N	CNP0000460	DF.classifications_0.25_0.26_116	Singlet	pANN_0.25_0.26_116	0.20763723150358
CNP0000460_CAACCTCAGTTGAGTA-1_2_1_1_1_1_1_1_1	CNP0000460_P02N	CNP0000460	DF.classifications_0.25_0.26_116	Singlet	pANN_0.25_0.26_116	0.252187748607796
CNP0000460_CAACCTCCATTCTCAT-1_2_1_1_1_1_1_1_1	CNP0000460_P02N	CNP0000460	DF.classifications_0.25_0.26_116	Singlet	pANN_0.25_0.26_116	0.202863961813842
CNP0000460_CAACCTCGTGACGGTA-1_2_1_1_1_1_1_1_1	CNP0000460_P02N	CNP0000460	DF.classifications_0.25_0.26_116	Singlet	pANN_0.25_0.26_116	0.22673031026253
CNP0000460_CAACCTCTCAACTCTT-1_2_1_1_1_1_1_1_1	CNP0000460_P02N	CNP0000460	DF.classifications_0.25_0.26_116	Singlet	pANN_0.25_0.26_116	0.221161495624503
CNP0000460_CAACCTCTCAGGATCT-1_2_1_1_1_1_1_1_1	CNP0000460_P02N	CNP0000460	DF.classifications_0.25_0.26_116	Singlet	pANN_0.25_0.26_116	0.194112967382657
CNP0000460_CAACCTCTCGTCACGG-1_2_1_1_1_1_1_1_1	CNP0000460_P02N	CNP0000460	DF.classifications_0.25_0.26_116	Singlet	pANN_0.25_0.26_116	0.233094669848846
CNP0000460_CAACTAGAGATCGGGT-1_2_1_1_1_1_1_1_1	CNP0000460_P02N	CNP0000460	DF.classifications_0.25_0.26_116	Singlet	pANN_0.25_0.26_116	0.221161495624503
CNP0000460_CAACTAGCACCGAAAG-1_2_1_1_1_1_1_1_1	CNP0000460_P02N	CNP0000460	DF.classifications_0.25_0.26_116	Singlet	pANN_0.25_0.26_116	0.294351630867144
CNP0000460_CAACTAGCAGGGTATG-1_2_1_1_1_1_1_1_1	CNP0000460_P02N	CNP0000460	DF.classifications_0.25_0.26_116	Singlet	pANN_0.25_0.26_116	0.210023866348449
CNP0000460_CAACTAGCATCCAACA-1_2_1_1_1_1_1_1_1	CNP0000460_P02N	CNP0000460	DF.classifications_0.25_0.26_116	Singlet	pANN_0.25_0.26_116	0.233890214797136
CNP0000460_CAACTAGGTATCTGCA-1_2_1_1_1_1_1_1_1	CNP0000460_P02N	CNP0000460	DF.classifications_0.25_0.26_116	Singlet	pANN_0.25_0.26_116	0.216388225934765
CNP0000460_CAACTAGGTTCGGCAC-1_2_1_1_1_1_1_1_1	CNP0000460_P02N	CNP0000460	DF.classifications_0.25_0.26_116	Singlet	pANN_0.25_0.26_116	0.183770883054893
CNP0000460_CAACTAGTCCGTCAAA-1_2_1_1_1_1_1_1_1	CNP0000460_P02N	CNP0000460	DF.classifications_0.25_0.26_116	Singlet	pANN_0.25_0.26_116	0.224343675417661
CNP0000460_CAAGAAAAGGCCATAG-1_2_1_1_1_1_1_1_1	CNP0000460_P02N	CNP0000460	DF.classifications_0.25_0.26_116	Singlet	pANN_0.25_0.26_116	0.18933969769292
CNP0000460_CAAGAAACAACAACCT-1_2_1_1_1_1_1_1_1	CNP0000460_P02N	CNP0000460	DF.classifications_0.25_0.26_116	Singlet	pANN_0.25_0.26_116	0.199681782020684
CNP0000460_CAAGAAACACATTCGA-1_2_1_1_1_1_1_1_1	CNP0000460_P02N	CNP0000460	DF.classifications_0.25_0.26_116	Singlet	pANN_0.25_0.26_116	0.256165473349244
CNP0000460_CAAGAAACACCTCGGA-1_2_1_1_1_1_1_1_1	CNP0000460_P02N	CNP0000460	DF.classifications_0.25_0.26_116	Singlet	pANN_0.25_0.26_116	0.204455051710422
CNP0000460_CAAGAAACACTACAGT-1_2_1_1_1_1_1_1_1	CNP0000460_P02N	CNP0000460	DF.classifications_0.25_0.26_116	Singlet	pANN_0.25_0.26_116	0.209228321400159
CNP0000460_CAAGAAACAGCTCGCA-1_2_1_1_1_1_1_1_1	CNP0000460_P02N	CNP0000460	DF.classifications_0.25_0.26_116	Singlet	pANN_0.25_0.26_116	0.220365950676213
CNP0000460_CAAGAAAGTAAAGTCA-1_2_1_1_1_1_1_1_1	CNP0000460_P02N	CNP0000460	DF.classifications_0.25_0.26_116	Singlet	pANN_0.25_0.26_116	0.198886237072395
CNP0000460_CAAGAAAGTAGCCTCG-1_2_1_1_1_1_1_1_1	CNP0000460_P02N	CNP0000460	DF.classifications_0.25_0.26_116	Singlet	pANN_0.25_0.26_116	0.22593476531424
CNP0000460_CAAGAAATCAGTGTTG-1_2_1_1_1_1_1_1_1	CNP0000460_P02N	CNP0000460	DF.classifications_0.25_0.26_116	Singlet	pANN_0.25_0.26_116	0.219570405727924
CNP0000460_CAAGAAATCCTAGAAC-1_2_1_1_1_1_1_1_1	CNP0000460_P02N	CNP0000460	DF.classifications_0.25_0.26_116	Singlet	pANN_0.25_0.26_116	0.186157517899761
CNP0000460_CAAGAAATCGAATGGG-1_2_1_1_1_1_1_1_1	CNP0000460_P02N	CNP0000460	DF.classifications_0.25_0.26_116	Singlet	pANN_0.25_0.26_116	0.257756563245823
CNP0000460_CAAGAAATCGATCCCT-1_2_1_1_1_1_1_1_1	CNP0000460_P02N	CNP0000460	DF.classifications_0.25_0.26_116	Singlet	pANN_0.25_0.26_116	0.250596658711217
CNP0000460_CAAGATCAGCAACGGT-1_2_1_1_1_1_1_1_1	CNP0000460_P02N	CNP0000460	DF.classifications_0.25_0.26_116	Singlet	pANN_0.25_0.26_116	0.229912490055688
CNP0000460_CAAGATCAGGCCGAAT-1_2_1_1_1_1_1_1_1	CNP0000460_P02N	CNP0000460	DF.classifications_0.25_0.26_116	Singlet	pANN_0.25_0.26_116	0.249005568814638
CNP0000460_CAAGATCCAATGAAAC-1_2_1_1_1_1_1_1_1	CNP0000460_P02N	CNP0000460	DF.classifications_0.25_0.26_116	Singlet	pANN_0.25_0.26_116	0.210819411296738
CNP0000460_CAAGATCCACCAGCAC-1_2_1_1_1_1_1_1_1	CNP0000460_P02N	CNP0000460	DF.classifications_0.25_0.26_116	Singlet	pANN_0.25_0.26_116	0.15115354017502
CNP0000460_CAAGATCCAGCGAACA-1_2_1_1_1_1_1_1_1	CNP0000460_P02N	CNP0000460	DF.classifications_0.25_0.26_116	Singlet	pANN_0.25_0.26_116	0.345266507557677
CNP0000460_CAAGATCCAGTGGAGT-1_2_1_1_1_1_1_1_1	CNP0000460_P02N	CNP0000460	DF.classifications_0.25_0.26_116	Singlet	pANN_0.25_0.26_116	0.198090692124105
CNP0000460_CAAGATCGTATCAGTC-1_2_1_1_1_1_1_1_1	CNP0000460_P02N	CNP0000460	DF.classifications_0.25_0.26_116	Singlet	pANN_0.25_0.26_116	0.194908512330947
CNP0000460_CAAGATCGTCGAACAG-1_2_1_1_1_1_1_1_1	CNP0000460_P02N	CNP0000460	DF.classifications_0.25_0.26_116	Singlet	pANN_0.25_0.26_116	0.203659506762132
CNP0000460_CAAGATCGTCTAGTGT-1_2_1_1_1_1_1_1_1	CNP0000460_P02N	CNP0000460	DF.classifications_0.25_0.26_116	Doublet	pANN_0.25_0.26_116	0.422434367541766
CNP0000460_CAAGATCGTGGTTTCA-1_2_1_1_1_1_1_1_1	CNP0000460_P02N	CNP0000460	DF.classifications_0.25_0.26_116	Singlet	pANN_0.25_0.26_116	0.177406523468576
CNP0000460_CAAGATCTCCCACTTG-1_2_1_1_1_1_1_1_1	CNP0000460_P02N	CNP0000460	DF.classifications_0.25_0.26_116	Singlet	pANN_0.25_0.26_116	0.231503579952267
CNP0000460_CAAGGCCAGGGTTCCC-1_2_1_1_1_1_1_1_1	CNP0000460_P02N	CNP0000460	DF.classifications_0.25_0.26_116	Singlet	pANN_0.25_0.26_116	0.185361972951472
CNP0000460_CAAGGCCGTAGGAGTC-1_2_1_1_1_1_1_1_1	CNP0000460_P02N	CNP0000460	DF.classifications_0.25_0.26_116	Singlet	pANN_0.25_0.26_116	0.204455051710422
CNP0000460_CAAGGCCGTCATCGGC-1_2_1_1_1_1_1_1_1	CNP0000460_P02N	CNP0000460	DF.classifications_0.25_0.26_116	Singlet	pANN_0.25_0.26_116	0.197295147175815
CNP0000460_CAAGGCCGTGAACCTT-1_2_1_1_1_1_1_1_1	CNP0000460_P02N	CNP0000460	DF.classifications_0.25_0.26_116	Singlet	pANN_0.25_0.26_116	0.167064439140811
CNP0000460_CAAGGCCGTTTGGCGC-1_2_1_1_1_1_1_1_1	CNP0000460_P02N	CNP0000460	DF.classifications_0.25_0.26_116	Singlet	pANN_0.25_0.26_116	0.233094669848846
CNP0000460_CAAGGCCTCGCCGTGA-1_2_1_1_1_1_1_1_1	CNP0000460_P02N	CNP0000460	DF.classifications_0.25_0.26_116	Singlet	pANN_0.25_0.26_116	0.15035799522673
CNP0000460_CAAGTTGAGACAGAGA-1_2_1_1_1_1_1_1_1	CNP0000460_P02N	CNP0000460	DF.classifications_0.25_0.26_116	Singlet	pANN_0.25_0.26_116	0.181384248210024
CNP0000460_CAAGTTGAGGATGGAA-1_2_1_1_1_1_1_1_1	CNP0000460_P02N	CNP0000460	DF.classifications_0.25_0.26_116	Singlet	pANN_0.25_0.26_116	0.254574383452665
CNP0000460_CAAGTTGAGGTTACCT-1_2_1_1_1_1_1_1_1	CNP0000460_P02N	CNP0000460	DF.classifications_0.25_0.26_116	Singlet	pANN_0.25_0.26_116	0.164677804295943
CNP0000460_CAAGTTGCAGTCGATT-1_2_1_1_1_1_1_1_1	CNP0000460_P02N	CNP0000460	DF.classifications_0.25_0.26_116	Singlet	pANN_0.25_0.26_116	0.217183770883055
CNP0000460_CAAGTTGGTGGCGAAT-1_2_1_1_1_1_1_1_1	CNP0000460_P02N	CNP0000460	DF.classifications_0.25_0.26_116	Singlet	pANN_0.25_0.26_116	0.268098647573588
CNP0000460_CAAGTTGTCCGTACAA-1_2_1_1_1_1_1_1_1	CNP0000460_P02N	CNP0000460	DF.classifications_0.25_0.26_116	Singlet	pANN_0.25_0.26_116	0.126491646778043
CNP0000460_CAAGTTGTCGACAGCC-1_2_1_1_1_1_1_1_1	CNP0000460_P02N	CNP0000460	DF.classifications_0.25_0.26_116	Singlet	pANN_0.25_0.26_116	0.260938743038982
CNP0000460_CAAGTTGTCGCAAGCC-1_2_1_1_1_1_1_1_1	CNP0000460_P02N	CNP0000460	DF.classifications_0.25_0.26_116	Singlet	pANN_0.25_0.26_116	0.326173428798727
CNP0000460_CACAAACAGGTCGGAT-1_2_1_1_1_1_1_1_1	CNP0000460_P02N	CNP0000460	DF.classifications_0.25_0.26_116	Singlet	pANN_0.25_0.26_116	0.24582338902148
CNP0000460_CACAAACAGGTGTGGT-1_2_1_1_1_1_1_1_1	CNP0000460_P02N	CNP0000460	DF.classifications_0.25_0.26_116	Singlet	pANN_0.25_0.26_116	0.20684168655529
CNP0000460_CACAAACTCGTCGTTC-1_2_1_1_1_1_1_1_1	CNP0000460_P02N	CNP0000460	DF.classifications_0.25_0.26_116	Singlet	pANN_0.25_0.26_116	0.205250596658711
CNP0000460_CACACAAAGACTAGAT-1_2_1_1_1_1_1_1_1	CNP0000460_P02N	CNP0000460	DF.classifications_0.25_0.26_116	Singlet	pANN_0.25_0.26_116	0.227525855210819
CNP0000460_CACACAACAAGACACG-1_2_1_1_1_1_1_1_1	CNP0000460_P02N	CNP0000460	DF.classifications_0.25_0.26_116	Doublet	pANN_0.25_0.26_116	0.421638822593477
CNP0000460_CACACAACATGTCTCC-1_2_1_1_1_1_1_1_1	CNP0000460_P02N	CNP0000460	DF.classifications_0.25_0.26_116	Singlet	pANN_0.25_0.26_116	0.24582338902148
CNP0000460_CACACAAGTCCATCCT-1_2_1_1_1_1_1_1_1	CNP0000460_P02N	CNP0000460	DF.classifications_0.25_0.26_116	Doublet	pANN_0.25_0.26_116	0.403341288782816
CNP0000460_CACACAAGTCGATTGT-1_2_1_1_1_1_1_1_1	CNP0000460_P02N	CNP0000460	DF.classifications_0.25_0.26_116	Singlet	pANN_0.25_0.26_116	0.159108989657916
CNP0000460_CACACAATCACGCATA-1_2_1_1_1_1_1_1_1	CNP0000460_P02N	CNP0000460	DF.classifications_0.25_0.26_116	Singlet	pANN_0.25_0.26_116	0.20843277645187
CNP0000460_CACACAATCATGCAAC-1_2_1_1_1_1_1_1_1	CNP0000460_P02N	CNP0000460	DF.classifications_0.25_0.26_116	Singlet	pANN_0.25_0.26_116	0.197295147175815
CNP0000460_CACACCTCACTTCGAA-1_2_1_1_1_1_1_1_1	CNP0000460_P02N	CNP0000460	DF.classifications_0.25_0.26_116	Singlet	pANN_0.25_0.26_116	0.218774860779634
CNP0000460_CACACCTGTAAGGATT-1_2_1_1_1_1_1_1_1	CNP0000460_P02N	CNP0000460	DF.classifications_0.25_0.26_116	Singlet	pANN_0.25_0.26_116	0.334924423229913
CNP0000460_CACACCTGTAGGGTAC-1_2_1_1_1_1_1_1_1	CNP0000460_P02N	CNP0000460	DF.classifications_0.25_0.26_116	Singlet	pANN_0.25_0.26_116	0.24582338902148
CNP0000460_CACACCTGTCAACATC-1_2_1_1_1_1_1_1_1	CNP0000460_P02N	CNP0000460	DF.classifications_0.25_0.26_116	Singlet	pANN_0.25_0.26_116	0.247414478918059
CNP0000460_CACACCTTCCGAAGAG-1_2_1_1_1_1_1_1_1	CNP0000460_P02N	CNP0000460	DF.classifications_0.25_0.26_116	Singlet	pANN_0.25_0.26_116	0.18854415274463
CNP0000460_CACACTCAGCCAGTAG-1_2_1_1_1_1_1_1_1	CNP0000460_P02N	CNP0000460	DF.classifications_0.25_0.26_116	Singlet	pANN_0.25_0.26_116	0.218774860779634
CNP0000460_CACACTCAGCTGATAA-1_2_1_1_1_1_1_1_1	CNP0000460_P02N	CNP0000460	DF.classifications_0.25_0.26_116	Singlet	pANN_0.25_0.26_116	0.182179793158313
CNP0000460_CACACTCAGTTCGATC-1_2_1_1_1_1_1_1_1	CNP0000460_P02N	CNP0000460	DF.classifications_0.25_0.26_116	Singlet	pANN_0.25_0.26_116	0.233890214797136
CNP0000460_CACACTCCAAGTCTAC-1_2_1_1_1_1_1_1_1	CNP0000460_P02N	CNP0000460	DF.classifications_0.25_0.26_116	Singlet	pANN_0.25_0.26_116	0.241050119331742
CNP0000460_CACACTCCACGAGAGT-1_2_1_1_1_1_1_1_1	CNP0000460_P02N	CNP0000460	DF.classifications_0.25_0.26_116	Singlet	pANN_0.25_0.26_116	0.186157517899761
CNP0000460_CACACTCGTAGGAGTC-1_2_1_1_1_1_1_1_1	CNP0000460_P02N	CNP0000460	DF.classifications_0.25_0.26_116	Singlet	pANN_0.25_0.26_116	0.209228321400159
CNP0000460_CACACTCGTCTCAACA-1_2_1_1_1_1_1_1_1	CNP0000460_P02N	CNP0000460	DF.classifications_0.25_0.26_116	Singlet	pANN_0.25_0.26_116	0.242641209228321
CNP0000460_CACACTCGTTCGGGCT-1_2_1_1_1_1_1_1_1	CNP0000460_P02N	CNP0000460	DF.classifications_0.25_0.26_116	Singlet	pANN_0.25_0.26_116	0.24582338902148
CNP0000460_CACAGGCAGGGTCGAT-1_2_1_1_1_1_1_1_1	CNP0000460_P02N	CNP0000460	DF.classifications_0.25_0.26_116	Singlet	pANN_0.25_0.26_116	0.194908512330947
CNP0000460_CACAGGCAGTTAGGTA-1_2_1_1_1_1_1_1_1	CNP0000460_P02N	CNP0000460	DF.classifications_0.25_0.26_116	Singlet	pANN_0.25_0.26_116	0.174224343675418
CNP0000460_CACAGGCCAAGACGTG-1_2_1_1_1_1_1_1_1	CNP0000460_P02N	CNP0000460	DF.classifications_0.25_0.26_116	Singlet	pANN_0.25_0.26_116	0.216388225934765
CNP0000460_CACAGGCCACAAGTAA-1_2_1_1_1_1_1_1_1	CNP0000460_P02N	CNP0000460	DF.classifications_0.25_0.26_116	Singlet	pANN_0.25_0.26_116	0.244232299124901
CNP0000460_CACAGGCCACTGTCGG-1_2_1_1_1_1_1_1_1	CNP0000460_P02N	CNP0000460	DF.classifications_0.25_0.26_116	Singlet	pANN_0.25_0.26_116	0.198090692124105
CNP0000460_CACAGGCCAGCGAACA-1_2_1_1_1_1_1_1_1	CNP0000460_P02N	CNP0000460	DF.classifications_0.25_0.26_116	Singlet	pANN_0.25_0.26_116	0.229912490055688
CNP0000460_CACAGGCGTCAGAATA-1_2_1_1_1_1_1_1_1	CNP0000460_P02N	CNP0000460	DF.classifications_0.25_0.26_116	Singlet	pANN_0.25_0.26_116	0.199681782020684
CNP0000460_CACAGGCTCAGCACAT-1_2_1_1_1_1_1_1_1	CNP0000460_P02N	CNP0000460	DF.classifications_0.25_0.26_116	Singlet	pANN_0.25_0.26_116	0.248210023866348
CNP0000460_CACAGGCTCTTCTGGC-1_2_1_1_1_1_1_1_1	CNP0000460_P02N	CNP0000460	DF.classifications_0.25_0.26_116	Singlet	pANN_0.25_0.26_116	0.288782816229117
CNP0000460_CACAGTAAGCTAGTGG-1_2_1_1_1_1_1_1_1	CNP0000460_P02N	CNP0000460	DF.classifications_0.25_0.26_116	Singlet	pANN_0.25_0.26_116	0.350039777247414
CNP0000460_CACAGTACACCGGAAA-1_2_1_1_1_1_1_1_1	CNP0000460_P02N	CNP0000460	DF.classifications_0.25_0.26_116	Singlet	pANN_0.25_0.26_116	0.299920445505171
CNP0000460_CACAGTAGTAAGGATT-1_2_1_1_1_1_1_1_1	CNP0000460_P02N	CNP0000460	DF.classifications_0.25_0.26_116	Singlet	pANN_0.25_0.26_116	0.185361972951472
CNP0000460_CACAGTAGTCTTTCAT-1_2_1_1_1_1_1_1_1	CNP0000460_P02N	CNP0000460	DF.classifications_0.25_0.26_116	Singlet	pANN_0.25_0.26_116	0.280031821797932
CNP0000460_CACAGTAGTGCACCAC-1_2_1_1_1_1_1_1_1	CNP0000460_P02N	CNP0000460	DF.classifications_0.25_0.26_116	Singlet	pANN_0.25_0.26_116	0.20843277645187
CNP0000460_CACAGTAGTTCAACCA-1_2_1_1_1_1_1_1_1	CNP0000460_P02N	CNP0000460	DF.classifications_0.25_0.26_116	Singlet	pANN_0.25_0.26_116	0.251392203659507
CNP0000460_CACAGTATCTGCAAGT-1_2_1_1_1_1_1_1_1	CNP0000460_P02N	CNP0000460	DF.classifications_0.25_0.26_116	Singlet	pANN_0.25_0.26_116	0.183770883054893
CNP0000460_CACATAGAGAATGTGT-1_2_1_1_1_1_1_1_1	CNP0000460_P02N	CNP0000460	DF.classifications_0.25_0.26_116	Singlet	pANN_0.25_0.26_116	0.165473349244232
CNP0000460_CACATAGAGCTTCGCG-1_2_1_1_1_1_1_1_1	CNP0000460_P02N	CNP0000460	DF.classifications_0.25_0.26_116	Singlet	pANN_0.25_0.26_116	0.216388225934765
CNP0000460_CACATAGAGGGCTCTC-1_2_1_1_1_1_1_1_1	CNP0000460_P02N	CNP0000460	DF.classifications_0.25_0.26_116	Singlet	pANN_0.25_0.26_116	0.221161495624503
CNP0000460_CACATAGAGTGGACGT-1_2_1_1_1_1_1_1_1	CNP0000460_P02N	CNP0000460	DF.classifications_0.25_0.26_116	Singlet	pANN_0.25_0.26_116	0.183770883054893
CNP0000460_CACATAGCAAACTGCT-1_2_1_1_1_1_1_1_1	CNP0000460_P02N	CNP0000460	DF.classifications_0.25_0.26_116	Singlet	pANN_0.25_0.26_116	0.209228321400159
CNP0000460_CACATAGCACGGACAA-1_2_1_1_1_1_1_1_1	CNP0000460_P02N	CNP0000460	DF.classifications_0.25_0.26_116	Singlet	pANN_0.25_0.26_116	0.227525855210819
CNP0000460_CACATAGGTTGGGACA-1_2_1_1_1_1_1_1_1	CNP0000460_P02N	CNP0000460	DF.classifications_0.25_0.26_116	Singlet	pANN_0.25_0.26_116	0.229912490055688
CNP0000460_CACATAGTCGCCAAAT-1_2_1_1_1_1_1_1_1	CNP0000460_P02N	CNP0000460	DF.classifications_0.25_0.26_116	Singlet	pANN_0.25_0.26_116	0.246618933969769
CNP0000460_CACATAGTCTAACGGT-1_2_1_1_1_1_1_1_1	CNP0000460_P02N	CNP0000460	DF.classifications_0.25_0.26_116	Singlet	pANN_0.25_0.26_116	0.362768496420048
CNP0000460_CACATTTCAATCCGAT-1_2_1_1_1_1_1_1_1	CNP0000460_P02N	CNP0000460	DF.classifications_0.25_0.26_116	Singlet	pANN_0.25_0.26_116	0.209228321400159
CNP0000460_CACATTTGTGTTCGAT-1_2_1_1_1_1_1_1_1	CNP0000460_P02N	CNP0000460	DF.classifications_0.25_0.26_116	Singlet	pANN_0.25_0.26_116	0.180588703261734
CNP0000460_CACATTTTCTCGCTTG-1_2_1_1_1_1_1_1_1	CNP0000460_P02N	CNP0000460	DF.classifications_0.25_0.26_116	Singlet	pANN_0.25_0.26_116	0.253778838504375
CNP0000460_CACCACTAGAGCTATA-1_2_1_1_1_1_1_1_1	CNP0000460_P02N	CNP0000460	DF.classifications_0.25_0.26_116	Singlet	pANN_0.25_0.26_116	0.194112967382657
CNP0000460_CACCACTAGAGGTAGA-1_2_1_1_1_1_1_1_1	CNP0000460_P02N	CNP0000460	DF.classifications_0.25_0.26_116	Singlet	pANN_0.25_0.26_116	0.198090692124105
CNP0000460_CACCACTAGCCACCTG-1_2_1_1_1_1_1_1_1	CNP0000460_P02N	CNP0000460	DF.classifications_0.25_0.26_116	Singlet	pANN_0.25_0.26_116	0.205250596658711
CNP0000460_CACCACTCACCGATAT-1_2_1_1_1_1_1_1_1	CNP0000460_P02N	CNP0000460	DF.classifications_0.25_0.26_116	Singlet	pANN_0.25_0.26_116	0.183770883054893
CNP0000460_CACCACTCATTAGGCT-1_2_1_1_1_1_1_1_1	CNP0000460_P02N	CNP0000460	DF.classifications_0.25_0.26_116	Singlet	pANN_0.25_0.26_116	0.361972951471758
CNP0000460_CACCACTGTCTAGTCA-1_2_1_1_1_1_1_1_1	CNP0000460_P02N	CNP0000460	DF.classifications_0.25_0.26_116	Singlet	pANN_0.25_0.26_116	0.217183770883055
CNP0000460_CACCACTTCAGGTTCA-1_2_1_1_1_1_1_1_1	CNP0000460_P02N	CNP0000460	DF.classifications_0.25_0.26_116	Singlet	pANN_0.25_0.26_116	0.20684168655529
CNP0000460_CACCACTTCTGGTATG-1_2_1_1_1_1_1_1_1	CNP0000460_P02N	CNP0000460	DF.classifications_0.25_0.26_116	Singlet	pANN_0.25_0.26_116	0.248210023866348
CNP0000460_CACCAGGCAATGGACG-1_2_1_1_1_1_1_1_1	CNP0000460_P02N	CNP0000460	DF.classifications_0.25_0.26_116	Singlet	pANN_0.25_0.26_116	0.199681782020684
CNP0000460_CACCAGGGTGAGGCTA-1_2_1_1_1_1_1_1_1	CNP0000460_P02N	CNP0000460	DF.classifications_0.25_0.26_116	Singlet	pANN_0.25_0.26_116	0.278440731901352
CNP0000460_CACCAGGGTGATAAGT-1_2_1_1_1_1_1_1_1	CNP0000460_P02N	CNP0000460	DF.classifications_0.25_0.26_116	Singlet	pANN_0.25_0.26_116	0.195704057279236
CNP0000460_CACCAGGTCACCAGGC-1_2_1_1_1_1_1_1_1	CNP0000460_P02N	CNP0000460	DF.classifications_0.25_0.26_116	Singlet	pANN_0.25_0.26_116	0.309466984884646
CNP0000460_CACCAGGTCCCTAACC-1_2_1_1_1_1_1_1_1	CNP0000460_P02N	CNP0000460	DF.classifications_0.25_0.26_116	Singlet	pANN_0.25_0.26_116	0.249801113762928
CNP0000460_CACCAGGTCCTATGTT-1_2_1_1_1_1_1_1_1	CNP0000460_P02N	CNP0000460	DF.classifications_0.25_0.26_116	Singlet	pANN_0.25_0.26_116	0.215592680986476
CNP0000460_CACCAGGTCCTTGGTC-1_2_1_1_1_1_1_1_1	CNP0000460_P02N	CNP0000460	DF.classifications_0.25_0.26_116	Singlet	pANN_0.25_0.26_116	0.229116945107399
CNP0000460_CACCTTGAGTACTTGC-1_2_1_1_1_1_1_1_1	CNP0000460_P02N	CNP0000460	DF.classifications_0.25_0.26_116	Singlet	pANN_0.25_0.26_116	0.200477326968974
CNP0000460_CACCTTGAGTATTGGA-1_2_1_1_1_1_1_1_1	CNP0000460_P02N	CNP0000460	DF.classifications_0.25_0.26_116	Singlet	pANN_0.25_0.26_116	0.174224343675418
CNP0000460_CACCTTGAGTCCCACG-1_2_1_1_1_1_1_1_1	CNP0000460_P02N	CNP0000460	DF.classifications_0.25_0.26_116	Singlet	pANN_0.25_0.26_116	0.20763723150358
CNP0000460_CACCTTGCACCTCGGA-1_2_1_1_1_1_1_1_1	CNP0000460_P02N	CNP0000460	DF.classifications_0.25_0.26_116	Singlet	pANN_0.25_0.26_116	0.198090692124105
CNP0000460_CACCTTGCACGGACAA-1_2_1_1_1_1_1_1_1	CNP0000460_P02N	CNP0000460	DF.classifications_0.25_0.26_116	Singlet	pANN_0.25_0.26_116	0.22593476531424
CNP0000460_CACCTTGCAGCTCGAC-1_2_1_1_1_1_1_1_1	CNP0000460_P02N	CNP0000460	DF.classifications_0.25_0.26_116	Singlet	pANN_0.25_0.26_116	0.182179793158313
CNP0000460_CACCTTGGTCGCGGTT-1_2_1_1_1_1_1_1_1	CNP0000460_P02N	CNP0000460	DF.classifications_0.25_0.26_116	Singlet	pANN_0.25_0.26_116	0.238663484486873
CNP0000460_CACCTTGGTGACTACT-1_2_1_1_1_1_1_1_1	CNP0000460_P02N	CNP0000460	DF.classifications_0.25_0.26_116	Singlet	pANN_0.25_0.26_116	0.192521877486078
CNP0000460_CACCTTGGTGGCTCCA-1_2_1_1_1_1_1_1_1	CNP0000460_P02N	CNP0000460	DF.classifications_0.25_0.26_116	Singlet	pANN_0.25_0.26_116	0.346062052505967
CNP0000460_CACCTTGGTTCGTCTC-1_2_1_1_1_1_1_1_1	CNP0000460_P02N	CNP0000460	DF.classifications_0.25_0.26_116	Singlet	pANN_0.25_0.26_116	0.248210023866348
CNP0000460_CACCTTGTCACAGTAC-1_2_1_1_1_1_1_1_1	CNP0000460_P02N	CNP0000460	DF.classifications_0.25_0.26_116	Singlet	pANN_0.25_0.26_116	0.229116945107399
CNP0000460_CACCTTGTCACCATAG-1_2_1_1_1_1_1_1_1	CNP0000460_P02N	CNP0000460	DF.classifications_0.25_0.26_116	Singlet	pANN_0.25_0.26_116	0.219570405727924
CNP0000460_CACTCCAAGCGAAGGG-1_2_1_1_1_1_1_1_1	CNP0000460_P02N	CNP0000460	DF.classifications_0.25_0.26_116	Singlet	pANN_0.25_0.26_116	0.233094669848846
CNP0000460_CACTCCAAGCTCAACT-1_2_1_1_1_1_1_1_1	CNP0000460_P02N	CNP0000460	DF.classifications_0.25_0.26_116	Singlet	pANN_0.25_0.26_116	0.22673031026253
CNP0000460_CACTCCAAGTGGCACA-1_2_1_1_1_1_1_1_1	CNP0000460_P02N	CNP0000460	DF.classifications_0.25_0.26_116	Singlet	pANN_0.25_0.26_116	0.186953062848051
CNP0000460_CACTCCACACAGTCGC-1_2_1_1_1_1_1_1_1	CNP0000460_P02N	CNP0000460	DF.classifications_0.25_0.26_116	Singlet	pANN_0.25_0.26_116	0.198090692124105
CNP0000460_CACTCCACACCGCTAG-1_2_1_1_1_1_1_1_1	CNP0000460_P02N	CNP0000460	DF.classifications_0.25_0.26_116	Singlet	pANN_0.25_0.26_116	0.216388225934765
CNP0000460_CACTCCACAGTATGCT-1_2_1_1_1_1_1_1_1	CNP0000460_P02N	CNP0000460	DF.classifications_0.25_0.26_116	Singlet	pANN_0.25_0.26_116	0.256961018297534
CNP0000460_CACTCCACATTGGGCC-1_2_1_1_1_1_1_1_1	CNP0000460_P02N	CNP0000460	DF.classifications_0.25_0.26_116	Singlet	pANN_0.25_0.26_116	0.213206046141607
CNP0000460_CACTCCAGTACAGTGG-1_2_1_1_1_1_1_1_1	CNP0000460_P02N	CNP0000460	DF.classifications_0.25_0.26_116	Singlet	pANN_0.25_0.26_116	0.201272871917263
CNP0000460_CACTCCAGTATATGGA-1_2_1_1_1_1_1_1_1	CNP0000460_P02N	CNP0000460	DF.classifications_0.25_0.26_116	Singlet	pANN_0.25_0.26_116	0.266507557677009
CNP0000460_CACTCCAGTGTCTGAT-1_2_1_1_1_1_1_1_1	CNP0000460_P02N	CNP0000460	DF.classifications_0.25_0.26_116	Singlet	pANN_0.25_0.26_116	0.222752585521082
CNP0000460_CACTCCATCAGGCGAA-1_2_1_1_1_1_1_1_1	CNP0000460_P02N	CNP0000460	DF.classifications_0.25_0.26_116	Singlet	pANN_0.25_0.26_116	0.252983293556086
CNP0000460_CAGAATCAGAAACGAG-1_2_1_1_1_1_1_1_1	CNP0000460_P02N	CNP0000460	DF.classifications_0.25_0.26_116	Singlet	pANN_0.25_0.26_116	0.214797136038186
CNP0000460_CAGAATCAGTCTCGGC-1_2_1_1_1_1_1_1_1	CNP0000460_P02N	CNP0000460	DF.classifications_0.25_0.26_116	Singlet	pANN_0.25_0.26_116	0.199681782020684
CNP0000460_CAGAATCCAACACGCC-1_2_1_1_1_1_1_1_1	CNP0000460_P02N	CNP0000460	DF.classifications_0.25_0.26_116	Singlet	pANN_0.25_0.26_116	0.221957040572792
CNP0000460_CAGAATCCATTTCACT-1_2_1_1_1_1_1_1_1	CNP0000460_P02N	CNP0000460	DF.classifications_0.25_0.26_116	Singlet	pANN_0.25_0.26_116	0.309466984884646
CNP0000460_CAGAATCGTTGCGTTA-1_2_1_1_1_1_1_1_1	CNP0000460_P02N	CNP0000460	DF.classifications_0.25_0.26_116	Singlet	pANN_0.25_0.26_116	0.195704057279236
CNP0000460_CAGAATCTCCAAGCCG-1_2_1_1_1_1_1_1_1	CNP0000460_P02N	CNP0000460	DF.classifications_0.25_0.26_116	Singlet	pANN_0.25_0.26_116	0.181384248210024
CNP0000460_CAGAATCTCGAACTGT-1_2_1_1_1_1_1_1_1	CNP0000460_P02N	CNP0000460	DF.classifications_0.25_0.26_116	Singlet	pANN_0.25_0.26_116	0.164677804295943
CNP0000460_CAGAGAGAGAATAGGG-1_2_1_1_1_1_1_1_1	CNP0000460_P02N	CNP0000460	DF.classifications_0.25_0.26_116	Singlet	pANN_0.25_0.26_116	0.200477326968974
CNP0000460_CAGAGAGAGCGACGTA-1_2_1_1_1_1_1_1_1	CNP0000460_P02N	CNP0000460	DF.classifications_0.25_0.26_116	Doublet	pANN_0.25_0.26_116	0.411296738265712
CNP0000460_CAGAGAGAGTTGAGTA-1_2_1_1_1_1_1_1_1	CNP0000460_P02N	CNP0000460	DF.classifications_0.25_0.26_116	Singlet	pANN_0.25_0.26_116	0.185361972951472
CNP0000460_CAGAGAGCAAGAAAGG-1_2_1_1_1_1_1_1_1	CNP0000460_P02N	CNP0000460	DF.classifications_0.25_0.26_116	Singlet	pANN_0.25_0.26_116	0.24502784407319
CNP0000460_CAGAGAGGTAGGGTAC-1_2_1_1_1_1_1_1_1	CNP0000460_P02N	CNP0000460	DF.classifications_0.25_0.26_116	Singlet	pANN_0.25_0.26_116	0.249801113762928
CNP0000460_CAGAGAGGTCATGCAT-1_2_1_1_1_1_1_1_1	CNP0000460_P02N	CNP0000460	DF.classifications_0.25_0.26_116	Singlet	pANN_0.25_0.26_116	0.194908512330947
CNP0000460_CAGAGAGTCCGCGCAA-1_2_1_1_1_1_1_1_1	CNP0000460_P02N	CNP0000460	DF.classifications_0.25_0.26_116	Doublet	pANN_0.25_0.26_116	0.417661097852029
CNP0000460_CAGAGAGTCCTAGTGA-1_2_1_1_1_1_1_1_1	CNP0000460_P02N	CNP0000460	DF.classifications_0.25_0.26_116	Singlet	pANN_0.25_0.26_116	0.252983293556086
CNP0000460_CAGAGAGTCTTCGGTC-1_2_1_1_1_1_1_1_1	CNP0000460_P02N	CNP0000460	DF.classifications_0.25_0.26_116	Singlet	pANN_0.25_0.26_116	0.210819411296738
CNP0000460_CAGAGAGTCTTGTCAT-1_2_1_1_1_1_1_1_1	CNP0000460_P02N	CNP0000460	DF.classifications_0.25_0.26_116	Singlet	pANN_0.25_0.26_116	0.24502784407319
CNP0000460_CAGATCAAGACAAAGG-1_2_1_1_1_1_1_1_1	CNP0000460_P02N	CNP0000460	DF.classifications_0.25_0.26_116	Singlet	pANN_0.25_0.26_116	0.173428798727128
CNP0000460_CAGATCAAGCTGATAA-1_2_1_1_1_1_1_1_1	CNP0000460_P02N	CNP0000460	DF.classifications_0.25_0.26_116	Singlet	pANN_0.25_0.26_116	0.206046141607001
CNP0000460_CAGATCAAGCTGCGAA-1_2_1_1_1_1_1_1_1	CNP0000460_P02N	CNP0000460	DF.classifications_0.25_0.26_116	Singlet	pANN_0.25_0.26_116	0.285600636435959
CNP0000460_CAGATCAAGGATGCGT-1_2_1_1_1_1_1_1_1	CNP0000460_P02N	CNP0000460	DF.classifications_0.25_0.26_116	Singlet	pANN_0.25_0.26_116	0.268098647573588
CNP0000460_CAGATCACACACCGAC-1_2_1_1_1_1_1_1_1	CNP0000460_P02N	CNP0000460	DF.classifications_0.25_0.26_116	Singlet	pANN_0.25_0.26_116	0.154335719968178
CNP0000460_CAGATCAGTCAGAGGT-1_2_1_1_1_1_1_1_1	CNP0000460_P02N	CNP0000460	DF.classifications_0.25_0.26_116	Singlet	pANN_0.25_0.26_116	0.147971360381862
CNP0000460_CAGATCAGTCAGATAA-1_2_1_1_1_1_1_1_1	CNP0000460_P02N	CNP0000460	DF.classifications_0.25_0.26_116	Singlet	pANN_0.25_0.26_116	0.204455051710422
CNP0000460_CAGATCAGTCTAGGTT-1_2_1_1_1_1_1_1_1	CNP0000460_P02N	CNP0000460	DF.classifications_0.25_0.26_116	Singlet	pANN_0.25_0.26_116	0.193317422434368
CNP0000460_CAGATCATCTCGTATT-1_2_1_1_1_1_1_1_1	CNP0000460_P02N	CNP0000460	DF.classifications_0.25_0.26_116	Singlet	pANN_0.25_0.26_116	0.210023866348449
CNP0000460_CAGATCATCTGACCTC-1_2_1_1_1_1_1_1_1	CNP0000460_P02N	CNP0000460	DF.classifications_0.25_0.26_116	Singlet	pANN_0.25_0.26_116	0.171042163882259
CNP0000460_CAGATCATCTTCAACT-1_2_1_1_1_1_1_1_1	CNP0000460_P02N	CNP0000460	DF.classifications_0.25_0.26_116	Singlet	pANN_0.25_0.26_116	0.326968973747017
CNP0000460_CAGCAGCAGACAAGCC-1_2_1_1_1_1_1_1_1	CNP0000460_P02N	CNP0000460	DF.classifications_0.25_0.26_116	Singlet	pANN_0.25_0.26_116	0.206046141607001
CNP0000460_CAGCAGCAGAGAGCTC-1_2_1_1_1_1_1_1_1	CNP0000460_P02N	CNP0000460	DF.classifications_0.25_0.26_116	Singlet	pANN_0.25_0.26_116	0.201272871917263
CNP0000460_CAGCAGCAGAGCTTCT-1_2_1_1_1_1_1_1_1	CNP0000460_P02N	CNP0000460	DF.classifications_0.25_0.26_116	Singlet	pANN_0.25_0.26_116	0.20843277645187
CNP0000460_CAGCAGCAGCGTTGCC-1_2_1_1_1_1_1_1_1	CNP0000460_P02N	CNP0000460	DF.classifications_0.25_0.26_116	Singlet	pANN_0.25_0.26_116	0.248210023866348
CNP0000460_CAGCAGCCACGGACAA-1_2_1_1_1_1_1_1_1	CNP0000460_P02N	CNP0000460	DF.classifications_0.25_0.26_116	Singlet	pANN_0.25_0.26_116	0.271280827366746
CNP0000460_CAGCAGCTCACCCGAG-1_2_1_1_1_1_1_1_1	CNP0000460_P02N	CNP0000460	DF.classifications_0.25_0.26_116	Singlet	pANN_0.25_0.26_116	0.18933969769292
CNP0000460_CAGCAGCTCCAGTAGT-1_2_1_1_1_1_1_1_1	CNP0000460_P02N	CNP0000460	DF.classifications_0.25_0.26_116	Singlet	pANN_0.25_0.26_116	0.278440731901352
CNP0000460_CAGCAGCTCCCTGACT-1_2_1_1_1_1_1_1_1	CNP0000460_P02N	CNP0000460	DF.classifications_0.25_0.26_116	Singlet	pANN_0.25_0.26_116	0.210023866348449
CNP0000460_CAGCAGCTCGACGGAA-1_2_1_1_1_1_1_1_1	CNP0000460_P02N	CNP0000460	DF.classifications_0.25_0.26_116	Singlet	pANN_0.25_0.26_116	0.205250596658711
CNP0000460_CAGCAGCTCGTAGGTT-1_2_1_1_1_1_1_1_1	CNP0000460_P02N	CNP0000460	DF.classifications_0.25_0.26_116	Singlet	pANN_0.25_0.26_116	0.175815433571997
CNP0000460_CAGCAGCTCTACCTGC-1_2_1_1_1_1_1_1_1	CNP0000460_P02N	CNP0000460	DF.classifications_0.25_0.26_116	Singlet	pANN_0.25_0.26_116	0.247414478918059
CNP0000460_CAGCATAAGAATAGGG-1_2_1_1_1_1_1_1_1	CNP0000460_P02N	CNP0000460	DF.classifications_0.25_0.26_116	Singlet	pANN_0.25_0.26_116	0.239459029435163
CNP0000460_CAGCATAAGGACACCA-1_2_1_1_1_1_1_1_1	CNP0000460_P02N	CNP0000460	DF.classifications_0.25_0.26_116	Singlet	pANN_0.25_0.26_116	0.178997613365155
CNP0000460_CAGCATAAGGGTGTTG-1_2_1_1_1_1_1_1_1	CNP0000460_P02N	CNP0000460	DF.classifications_0.25_0.26_116	Singlet	pANN_0.25_0.26_116	0.262529832935561
CNP0000460_CAGCATAAGGTGCTTT-1_2_1_1_1_1_1_1_1	CNP0000460_P02N	CNP0000460	DF.classifications_0.25_0.26_116	Singlet	pANN_0.25_0.26_116	0.179793158313445
CNP0000460_CAGCATACACCAACCG-1_2_1_1_1_1_1_1_1	CNP0000460_P02N	CNP0000460	DF.classifications_0.25_0.26_116	Singlet	pANN_0.25_0.26_116	0.203659506762132
CNP0000460_CAGCATACATGCATGT-1_2_1_1_1_1_1_1_1	CNP0000460_P02N	CNP0000460	DF.classifications_0.25_0.26_116	Singlet	pANN_0.25_0.26_116	0.186157517899761
CNP0000460_CAGCATACATTTGCTT-1_2_1_1_1_1_1_1_1	CNP0000460_P02N	CNP0000460	DF.classifications_0.25_0.26_116	Singlet	pANN_0.25_0.26_116	0.210819411296738
CNP0000460_CAGCATAGTCATATCG-1_2_1_1_1_1_1_1_1	CNP0000460_P02N	CNP0000460	DF.classifications_0.25_0.26_116	Singlet	pANN_0.25_0.26_116	0.249801113762928
CNP0000460_CAGCATAGTGGGTATG-1_2_1_1_1_1_1_1_1	CNP0000460_P02N	CNP0000460	DF.classifications_0.25_0.26_116	Singlet	pANN_0.25_0.26_116	0.182179793158313
CNP0000460_CAGCATAGTTATGCGT-1_2_1_1_1_1_1_1_1	CNP0000460_P02N	CNP0000460	DF.classifications_0.25_0.26_116	Singlet	pANN_0.25_0.26_116	0.18933969769292
CNP0000460_CAGCATATCCACGTGG-1_2_1_1_1_1_1_1_1	CNP0000460_P02N	CNP0000460	DF.classifications_0.25_0.26_116	Singlet	pANN_0.25_0.26_116	0.20763723150358
CNP0000460_CAGCATATCCCAGGTG-1_2_1_1_1_1_1_1_1	CNP0000460_P02N	CNP0000460	DF.classifications_0.25_0.26_116	Singlet	pANN_0.25_0.26_116	0.212410501193317
CNP0000460_CAGCATATCGTACGGC-1_2_1_1_1_1_1_1_1	CNP0000460_P02N	CNP0000460	DF.classifications_0.25_0.26_116	Singlet	pANN_0.25_0.26_116	0.219570405727924
CNP0000460_CAGCCGAAGAAACGAG-1_2_1_1_1_1_1_1_1	CNP0000460_P02N	CNP0000460	DF.classifications_0.25_0.26_116	Singlet	pANN_0.25_0.26_116	0.232299124900557
CNP0000460_CAGCCGAAGGGCTTGA-1_2_1_1_1_1_1_1_1	CNP0000460_P02N	CNP0000460	DF.classifications_0.25_0.26_116	Singlet	pANN_0.25_0.26_116	0.205250596658711
CNP0000460_CAGCCGACAATGGACG-1_2_1_1_1_1_1_1_1	CNP0000460_P02N	CNP0000460	DF.classifications_0.25_0.26_116	Singlet	pANN_0.25_0.26_116	0.202068416865553
CNP0000460_CAGCCGACACGCCAGT-1_2_1_1_1_1_1_1_1	CNP0000460_P02N	CNP0000460	DF.classifications_0.25_0.26_116	Singlet	pANN_0.25_0.26_116	0.119331742243437
CNP0000460_CAGCCGAGTCGAGTTT-1_2_1_1_1_1_1_1_1	CNP0000460_P02N	CNP0000460	DF.classifications_0.25_0.26_116	Singlet	pANN_0.25_0.26_116	0.185361972951472
CNP0000460_CAGCCGAGTTGCGCAC-1_2_1_1_1_1_1_1_1	CNP0000460_P02N	CNP0000460	DF.classifications_0.25_0.26_116	Singlet	pANN_0.25_0.26_116	0.203659506762132
CNP0000460_CAGCCGATCACTATTC-1_2_1_1_1_1_1_1_1	CNP0000460_P02N	CNP0000460	DF.classifications_0.25_0.26_116	Singlet	pANN_0.25_0.26_116	0.229116945107399
CNP0000460_CAGCCGATCTTACCTA-1_2_1_1_1_1_1_1_1	CNP0000460_P02N	CNP0000460	DF.classifications_0.25_0.26_116	Singlet	pANN_0.25_0.26_116	0.180588703261734
CNP0000460_CAGCGACAGGCGACAT-1_2_1_1_1_1_1_1_1	CNP0000460_P02N	CNP0000460	DF.classifications_0.25_0.26_116	Singlet	pANN_0.25_0.26_116	0.177406523468576
CNP0000460_CAGCGACAGTTGTCGT-1_2_1_1_1_1_1_1_1	CNP0000460_P02N	CNP0000460	DF.classifications_0.25_0.26_116	Singlet	pANN_0.25_0.26_116	0.224343675417661
CNP0000460_CAGCGACCACATTAGC-1_2_1_1_1_1_1_1_1	CNP0000460_P02N	CNP0000460	DF.classifications_0.25_0.26_116	Doublet	pANN_0.25_0.26_116	0.373906125696102
CNP0000460_CAGCGACCAGCTGTTA-1_2_1_1_1_1_1_1_1	CNP0000460_P02N	CNP0000460	DF.classifications_0.25_0.26_116	Singlet	pANN_0.25_0.26_116	0.194112967382657
CNP0000460_CAGCGACCAGGGCATA-1_2_1_1_1_1_1_1_1	CNP0000460_P02N	CNP0000460	DF.classifications_0.25_0.26_116	Singlet	pANN_0.25_0.26_116	0.232299124900557
CNP0000460_CAGCGACCAGTGACAG-1_2_1_1_1_1_1_1_1	CNP0000460_P02N	CNP0000460	DF.classifications_0.25_0.26_116	Singlet	pANN_0.25_0.26_116	0.194112967382657
CNP0000460_CAGCGACCATCGGAAG-1_2_1_1_1_1_1_1_1	CNP0000460_P02N	CNP0000460	DF.classifications_0.25_0.26_116	Singlet	pANN_0.25_0.26_116	0.216388225934765
CNP0000460_CAGCGACGTAAAGTCA-1_2_1_1_1_1_1_1_1	CNP0000460_P02N	CNP0000460	DF.classifications_0.25_0.26_116	Singlet	pANN_0.25_0.26_116	0.221161495624503
CNP0000460_CAGCGACGTTATCGGT-1_2_1_1_1_1_1_1_1	CNP0000460_P02N	CNP0000460	DF.classifications_0.25_0.26_116	Singlet	pANN_0.25_0.26_116	0.272871917263325
CNP0000460_CAGCGACGTTTGTTGG-1_2_1_1_1_1_1_1_1	CNP0000460_P02N	CNP0000460	DF.classifications_0.25_0.26_116	Singlet	pANN_0.25_0.26_116	0.24502784407319
CNP0000460_CAGCGACTCCGCAGTG-1_2_1_1_1_1_1_1_1	CNP0000460_P02N	CNP0000460	DF.classifications_0.25_0.26_116	Singlet	pANN_0.25_0.26_116	0.194908512330947
CNP0000460_CAGCGACTCCTGCAGG-1_2_1_1_1_1_1_1_1	CNP0000460_P02N	CNP0000460	DF.classifications_0.25_0.26_116	Singlet	pANN_0.25_0.26_116	0.247414478918059
CNP0000460_CAGCTAAAGGGCACTA-1_2_1_1_1_1_1_1_1	CNP0000460_P02N	CNP0000460	DF.classifications_0.25_0.26_116	Singlet	pANN_0.25_0.26_116	0.361177406523469
CNP0000460_CAGCTAAGTGGCCCTA-1_2_1_1_1_1_1_1_1	CNP0000460_P02N	CNP0000460	DF.classifications_0.25_0.26_116	Singlet	pANN_0.25_0.26_116	0.175815433571997
CNP0000460_CAGCTAAGTTGTTTGG-1_2_1_1_1_1_1_1_1	CNP0000460_P02N	CNP0000460	DF.classifications_0.25_0.26_116	Singlet	pANN_0.25_0.26_116	0.247414478918059
CNP0000460_CAGCTAATCAATCACG-1_2_1_1_1_1_1_1_1	CNP0000460_P02N	CNP0000460	DF.classifications_0.25_0.26_116	Singlet	pANN_0.25_0.26_116	0.186953062848051
CNP0000460_CAGCTAATCACTTACT-1_2_1_1_1_1_1_1_1	CNP0000460_P02N	CNP0000460	DF.classifications_0.25_0.26_116	Singlet	pANN_0.25_0.26_116	0.209228321400159
CNP0000460_CAGCTAATCATTGCGA-1_2_1_1_1_1_1_1_1	CNP0000460_P02N	CNP0000460	DF.classifications_0.25_0.26_116	Singlet	pANN_0.25_0.26_116	0.182975338106603
CNP0000460_CAGCTGGAGAATGTTG-1_2_1_1_1_1_1_1_1	CNP0000460_P02N	CNP0000460	DF.classifications_0.25_0.26_116	Singlet	pANN_0.25_0.26_116	0.259347653142403
CNP0000460_CAGCTGGAGACAAAGG-1_2_1_1_1_1_1_1_1	CNP0000460_P02N	CNP0000460	DF.classifications_0.25_0.26_116	Singlet	pANN_0.25_0.26_116	0.211614956245028
CNP0000460_CAGCTGGCAAACCTAC-1_2_1_1_1_1_1_1_1	CNP0000460_P02N	CNP0000460	DF.classifications_0.25_0.26_116	Singlet	pANN_0.25_0.26_116	0.195704057279236
CNP0000460_CAGCTGGCATGAAGTA-1_2_1_1_1_1_1_1_1	CNP0000460_P02N	CNP0000460	DF.classifications_0.25_0.26_116	Singlet	pANN_0.25_0.26_116	0.236276849642005
CNP0000460_CAGCTGGGTAAACGCG-1_2_1_1_1_1_1_1_1	CNP0000460_P02N	CNP0000460	DF.classifications_0.25_0.26_116	Singlet	pANN_0.25_0.26_116	0.221957040572792
CNP0000460_CAGCTGGGTTAGTGGG-1_2_1_1_1_1_1_1_1	CNP0000460_P02N	CNP0000460	DF.classifications_0.25_0.26_116	Singlet	pANN_0.25_0.26_116	0.212410501193317
CNP0000460_CAGCTGGTCACAGTAC-1_2_1_1_1_1_1_1_1	CNP0000460_P02N	CNP0000460	DF.classifications_0.25_0.26_116	Singlet	pANN_0.25_0.26_116	0.222752585521082
CNP0000460_CAGCTGGTCAGGCCCA-1_2_1_1_1_1_1_1_1	CNP0000460_P02N	CNP0000460	DF.classifications_0.25_0.26_116	Singlet	pANN_0.25_0.26_116	0.308671439936356
CNP0000460_CAGCTGGTCCGAATGT-1_2_1_1_1_1_1_1_1	CNP0000460_P02N	CNP0000460	DF.classifications_0.25_0.26_116	Singlet	pANN_0.25_0.26_116	0.310262529832936
CNP0000460_CAGGTGCCATACGCCG-1_2_1_1_1_1_1_1_1	CNP0000460_P02N	CNP0000460	DF.classifications_0.25_0.26_116	Singlet	pANN_0.25_0.26_116	0.228321400159109
CNP0000460_CAGGTGCGTCTCTCGT-1_2_1_1_1_1_1_1_1	CNP0000460_P02N	CNP0000460	DF.classifications_0.25_0.26_116	Singlet	pANN_0.25_0.26_116	0.250596658711217
CNP0000460_CAGGTGCGTTAGGGTG-1_2_1_1_1_1_1_1_1	CNP0000460_P02N	CNP0000460	DF.classifications_0.25_0.26_116	Singlet	pANN_0.25_0.26_116	0.209228321400159
CNP0000460_CAGGTGCTCAACGAAA-1_2_1_1_1_1_1_1_1	CNP0000460_P02N	CNP0000460	DF.classifications_0.25_0.26_116	Singlet	pANN_0.25_0.26_116	0.182975338106603
CNP0000460_CAGGTGCTCAATCTCT-1_2_1_1_1_1_1_1_1	CNP0000460_P02N	CNP0000460	DF.classifications_0.25_0.26_116	Singlet	pANN_0.25_0.26_116	0.235481304693715
CNP0000460_CAGGTGCTCACCCGAG-1_2_1_1_1_1_1_1_1	CNP0000460_P02N	CNP0000460	DF.classifications_0.25_0.26_116	Singlet	pANN_0.25_0.26_116	0.167859984089101
CNP0000460_CAGGTGCTCGGCATCG-1_2_1_1_1_1_1_1_1	CNP0000460_P02N	CNP0000460	DF.classifications_0.25_0.26_116	Singlet	pANN_0.25_0.26_116	0.205250596658711
CNP0000460_CAGTAACCAAAGGAAG-1_2_1_1_1_1_1_1_1	CNP0000460_P02N	CNP0000460	DF.classifications_0.25_0.26_116	Singlet	pANN_0.25_0.26_116	0.231503579952267
CNP0000460_CAGTAACGTAGGAGTC-1_2_1_1_1_1_1_1_1	CNP0000460_P02N	CNP0000460	DF.classifications_0.25_0.26_116	Singlet	pANN_0.25_0.26_116	0.178202068416866
CNP0000460_CAGTAACGTATGAAAC-1_2_1_1_1_1_1_1_1	CNP0000460_P02N	CNP0000460	DF.classifications_0.25_0.26_116	Singlet	pANN_0.25_0.26_116	0.229116945107399
CNP0000460_CAGTAACGTGATAAGT-1_2_1_1_1_1_1_1_1	CNP0000460_P02N	CNP0000460	DF.classifications_0.25_0.26_116	Singlet	pANN_0.25_0.26_116	0.357199681782021
CNP0000460_CAGTAACGTTCACCTC-1_2_1_1_1_1_1_1_1	CNP0000460_P02N	CNP0000460	DF.classifications_0.25_0.26_116	Singlet	pANN_0.25_0.26_116	0.194112967382657
CNP0000460_CAGTAACTCGATGAGG-1_2_1_1_1_1_1_1_1	CNP0000460_P02N	CNP0000460	DF.classifications_0.25_0.26_116	Singlet	pANN_0.25_0.26_116	0.211614956245028
CNP0000460_CAGTAACTCTGTCCGT-1_2_1_1_1_1_1_1_1	CNP0000460_P02N	CNP0000460	DF.classifications_0.25_0.26_116	Singlet	pANN_0.25_0.26_116	0.205250596658711
CNP0000460_CAGTCCTAGGCCGAAT-1_2_1_1_1_1_1_1_1	CNP0000460_P02N	CNP0000460	DF.classifications_0.25_0.26_116	Singlet	pANN_0.25_0.26_116	0.204455051710422
CNP0000460_CAGTCCTCACTTCTGC-1_2_1_1_1_1_1_1_1	CNP0000460_P02N	CNP0000460	DF.classifications_0.25_0.26_116	Singlet	pANN_0.25_0.26_116	0.202068416865553
CNP0000460_CAGTCCTCAGGTGGAT-1_2_1_1_1_1_1_1_1	CNP0000460_P02N	CNP0000460	DF.classifications_0.25_0.26_116	Singlet	pANN_0.25_0.26_116	0.232299124900557
CNP0000460_CAGTCCTGTCGAGATG-1_2_1_1_1_1_1_1_1	CNP0000460_P02N	CNP0000460	DF.classifications_0.25_0.26_116	Singlet	pANN_0.25_0.26_116	0.305489260143198
CNP0000460_CAGTCCTGTTGTGGCC-1_2_1_1_1_1_1_1_1	CNP0000460_P02N	CNP0000460	DF.classifications_0.25_0.26_116	Singlet	pANN_0.25_0.26_116	0.256165473349244
CNP0000460_CAGTCCTTCCCTTGTG-1_2_1_1_1_1_1_1_1	CNP0000460_P02N	CNP0000460	DF.classifications_0.25_0.26_116	Singlet	pANN_0.25_0.26_116	0.239459029435163
CNP0000460_CATATGGCAAGGACTG-1_2_1_1_1_1_1_1_1	CNP0000460_P02N	CNP0000460	DF.classifications_0.25_0.26_116	Singlet	pANN_0.25_0.26_116	0.18854415274463
CNP0000460_CATATGGCAATCTGCA-1_2_1_1_1_1_1_1_1	CNP0000460_P02N	CNP0000460	DF.classifications_0.25_0.26_116	Singlet	pANN_0.25_0.26_116	0.190135242641209
CNP0000460_CATATGGCAATGGAAT-1_2_1_1_1_1_1_1_1	CNP0000460_P02N	CNP0000460	DF.classifications_0.25_0.26_116	Singlet	pANN_0.25_0.26_116	0.232299124900557
CNP0000460_CATATGGCACTGCCAG-1_2_1_1_1_1_1_1_1	CNP0000460_P02N	CNP0000460	DF.classifications_0.25_0.26_116	Singlet	pANN_0.25_0.26_116	0.233890214797136
CNP0000460_CATATGGCAGTGAGTG-1_2_1_1_1_1_1_1_1	CNP0000460_P02N	CNP0000460	DF.classifications_0.25_0.26_116	Singlet	pANN_0.25_0.26_116	0.174224343675418
CNP0000460_CATATGGGTACAAGTA-1_2_1_1_1_1_1_1_1	CNP0000460_P02N	CNP0000460	DF.classifications_0.25_0.26_116	Singlet	pANN_0.25_0.26_116	0.205250596658711
CNP0000460_CATATGGGTATATCCG-1_2_1_1_1_1_1_1_1	CNP0000460_P02N	CNP0000460	DF.classifications_0.25_0.26_116	Singlet	pANN_0.25_0.26_116	0.275258552108194
CNP0000460_CATATGGGTCTCTTTA-1_2_1_1_1_1_1_1_1	CNP0000460_P02N	CNP0000460	DF.classifications_0.25_0.26_116	Singlet	pANN_0.25_0.26_116	0.243436754176611
CNP0000460_CATATGGGTGTGTGCC-1_2_1_1_1_1_1_1_1	CNP0000460_P02N	CNP0000460	DF.classifications_0.25_0.26_116	Singlet	pANN_0.25_0.26_116	0.194908512330947
CNP0000460_CATATGGTCCTTCAAT-1_2_1_1_1_1_1_1_1	CNP0000460_P02N	CNP0000460	DF.classifications_0.25_0.26_116	Singlet	pANN_0.25_0.26_116	0.197295147175815
CNP0000460_CATATTCAGAACTCGG-1_2_1_1_1_1_1_1_1	CNP0000460_P02N	CNP0000460	DF.classifications_0.25_0.26_116	Singlet	pANN_0.25_0.26_116	0.221161495624503
CNP0000460_CATATTCCATTTGCTT-1_2_1_1_1_1_1_1_1	CNP0000460_P02N	CNP0000460	DF.classifications_0.25_0.26_116	Singlet	pANN_0.25_0.26_116	0.291964996022275
CNP0000460_CATATTCGTAGCCTCG-1_2_1_1_1_1_1_1_1	CNP0000460_P02N	CNP0000460	DF.classifications_0.25_0.26_116	Singlet	pANN_0.25_0.26_116	0.225139220365951
CNP0000460_CATATTCGTCCGTCAG-1_2_1_1_1_1_1_1_1	CNP0000460_P02N	CNP0000460	DF.classifications_0.25_0.26_116	Singlet	pANN_0.25_0.26_116	0.205250596658711
CNP0000460_CATATTCGTTAAGGGC-1_2_1_1_1_1_1_1_1	CNP0000460_P02N	CNP0000460	DF.classifications_0.25_0.26_116	Singlet	pANN_0.25_0.26_116	0.269689737470167
CNP0000460_CATATTCTCACCGGGT-1_2_1_1_1_1_1_1_1	CNP0000460_P02N	CNP0000460	DF.classifications_0.25_0.26_116	Singlet	pANN_0.25_0.26_116	0.224343675417661
CNP0000460_CATATTCTCAGTCCCT-1_2_1_1_1_1_1_1_1	CNP0000460_P02N	CNP0000460	DF.classifications_0.25_0.26_116	Singlet	pANN_0.25_0.26_116	0.234685759745426
CNP0000460_CATCAAGAGAGATGAG-1_2_1_1_1_1_1_1_1	CNP0000460_P02N	CNP0000460	DF.classifications_0.25_0.26_116	Singlet	pANN_0.25_0.26_116	0.24582338902148
CNP0000460_CATCAAGAGATCCCAT-1_2_1_1_1_1_1_1_1	CNP0000460_P02N	CNP0000460	DF.classifications_0.25_0.26_116	Singlet	pANN_0.25_0.26_116	0.198886237072395
CNP0000460_CATCAAGAGCTAACAA-1_2_1_1_1_1_1_1_1	CNP0000460_P02N	CNP0000460	DF.classifications_0.25_0.26_116	Singlet	pANN_0.25_0.26_116	0.190135242641209
CNP0000460_CATCAAGAGCTAGGCA-1_2_1_1_1_1_1_1_1	CNP0000460_P02N	CNP0000460	DF.classifications_0.25_0.26_116	Singlet	pANN_0.25_0.26_116	0.223548130469372
CNP0000460_CATCAAGCACACCGAC-1_2_1_1_1_1_1_1_1	CNP0000460_P02N	CNP0000460	DF.classifications_0.25_0.26_116	Singlet	pANN_0.25_0.26_116	0.198886237072395
CNP0000460_CATCAAGCACGAAACG-1_2_1_1_1_1_1_1_1	CNP0000460_P02N	CNP0000460	DF.classifications_0.25_0.26_116	Singlet	pANN_0.25_0.26_116	0.167859984089101
CNP0000460_CATCAAGCACGACTCG-1_2_1_1_1_1_1_1_1	CNP0000460_P02N	CNP0000460	DF.classifications_0.25_0.26_116	Singlet	pANN_0.25_0.26_116	0.217183770883055
CNP0000460_CATCAAGCAGACTCGC-1_2_1_1_1_1_1_1_1	CNP0000460_P02N	CNP0000460	DF.classifications_0.25_0.26_116	Singlet	pANN_0.25_0.26_116	0.232299124900557
CNP0000460_CATCAAGGTGTAACGG-1_2_1_1_1_1_1_1_1	CNP0000460_P02N	CNP0000460	DF.classifications_0.25_0.26_116	Singlet	pANN_0.25_0.26_116	0.231503579952267
CNP0000460_CATCAAGTCACATGCA-1_2_1_1_1_1_1_1_1	CNP0000460_P02N	CNP0000460	DF.classifications_0.25_0.26_116	Singlet	pANN_0.25_0.26_116	0.260143198090692
CNP0000460_CATCAAGTCCCATTTA-1_2_1_1_1_1_1_1_1	CNP0000460_P02N	CNP0000460	DF.classifications_0.25_0.26_116	Singlet	pANN_0.25_0.26_116	0.225139220365951
CNP0000460_CATCAAGTCCGTAGTA-1_2_1_1_1_1_1_1_1	CNP0000460_P02N	CNP0000460	DF.classifications_0.25_0.26_116	Singlet	pANN_0.25_0.26_116	0.249801113762928
CNP0000460_CATCAGAAGAGTAATC-1_2_1_1_1_1_1_1_1	CNP0000460_P02N	CNP0000460	DF.classifications_0.25_0.26_116	Singlet	pANN_0.25_0.26_116	0.206046141607001
CNP0000460_CATCAGAAGGTGCAAC-1_2_1_1_1_1_1_1_1	CNP0000460_P02N	CNP0000460	DF.classifications_0.25_0.26_116	Singlet	pANN_0.25_0.26_116	0.16945107398568
CNP0000460_CATCAGACACAAGTAA-1_2_1_1_1_1_1_1_1	CNP0000460_P02N	CNP0000460	DF.classifications_0.25_0.26_116	Singlet	pANN_0.25_0.26_116	0.289578361177407
CNP0000460_CATCAGACATATGAGA-1_2_1_1_1_1_1_1_1	CNP0000460_P02N	CNP0000460	DF.classifications_0.25_0.26_116	Singlet	pANN_0.25_0.26_116	0.290373906125696
CNP0000460_CATCAGACATTTGCCC-1_2_1_1_1_1_1_1_1	CNP0000460_P02N	CNP0000460	DF.classifications_0.25_0.26_116	Singlet	pANN_0.25_0.26_116	0.261734287987271
CNP0000460_CATCAGAGTCCGAGTC-1_2_1_1_1_1_1_1_1	CNP0000460_P02N	CNP0000460	DF.classifications_0.25_0.26_116	Singlet	pANN_0.25_0.26_116	0.194112967382657
CNP0000460_CATCAGAGTCGGATCC-1_2_1_1_1_1_1_1_1	CNP0000460_P02N	CNP0000460	DF.classifications_0.25_0.26_116	Singlet	pANN_0.25_0.26_116	0.221957040572792
CNP0000460_CATCAGAGTGCACCAC-1_2_1_1_1_1_1_1_1	CNP0000460_P02N	CNP0000460	DF.classifications_0.25_0.26_116	Singlet	pANN_0.25_0.26_116	0.20684168655529
CNP0000460_CATCAGAGTTGCCTCT-1_2_1_1_1_1_1_1_1	CNP0000460_P02N	CNP0000460	DF.classifications_0.25_0.26_116	Singlet	pANN_0.25_0.26_116	0.229116945107399
CNP0000460_CATCAGATCGGCGCAT-1_2_1_1_1_1_1_1_1	CNP0000460_P02N	CNP0000460	DF.classifications_0.25_0.26_116	Singlet	pANN_0.25_0.26_116	0.198886237072395
CNP0000460_CATCAGATCTGACCTC-1_2_1_1_1_1_1_1_1	CNP0000460_P02N	CNP0000460	DF.classifications_0.25_0.26_116	Singlet	pANN_0.25_0.26_116	0.261734287987271
CNP0000460_CATCCACAGACTTTCG-1_2_1_1_1_1_1_1_1	CNP0000460_P02N	CNP0000460	DF.classifications_0.25_0.26_116	Singlet	pANN_0.25_0.26_116	0.224343675417661
CNP0000460_CATCCACAGAGTGACC-1_2_1_1_1_1_1_1_1	CNP0000460_P02N	CNP0000460	DF.classifications_0.25_0.26_116	Singlet	pANN_0.25_0.26_116	0.308671439936356
CNP0000460_CATCCACCAAAGGTGC-1_2_1_1_1_1_1_1_1	CNP0000460_P02N	CNP0000460	DF.classifications_0.25_0.26_116	Singlet	pANN_0.25_0.26_116	0.18854415274463
CNP0000460_CATCCACCAGATCTGT-1_2_1_1_1_1_1_1_1	CNP0000460_P02N	CNP0000460	DF.classifications_0.25_0.26_116	Singlet	pANN_0.25_0.26_116	0.184566428003182
CNP0000460_CATCCACCATACTACG-1_2_1_1_1_1_1_1_1	CNP0000460_P02N	CNP0000460	DF.classifications_0.25_0.26_116	Singlet	pANN_0.25_0.26_116	0.210023866348449
CNP0000460_CATCCACGTCCAACTA-1_2_1_1_1_1_1_1_1	CNP0000460_P02N	CNP0000460	DF.classifications_0.25_0.26_116	Singlet	pANN_0.25_0.26_116	0.180588703261734
CNP0000460_CATCCACGTCGATTGT-1_2_1_1_1_1_1_1_1	CNP0000460_P02N	CNP0000460	DF.classifications_0.25_0.26_116	Singlet	pANN_0.25_0.26_116	0.235481304693715
CNP0000460_CATCCACGTCGCTTTC-1_2_1_1_1_1_1_1_1	CNP0000460_P02N	CNP0000460	DF.classifications_0.25_0.26_116	Singlet	pANN_0.25_0.26_116	0.217183770883055
CNP0000460_CATCCACGTTCGTTGA-1_2_1_1_1_1_1_1_1	CNP0000460_P02N	CNP0000460	DF.classifications_0.25_0.26_116	Singlet	pANN_0.25_0.26_116	0.17024661893397
CNP0000460_CATCGAAAGATAGTCA-1_2_1_1_1_1_1_1_1	CNP0000460_P02N	CNP0000460	DF.classifications_0.25_0.26_116	Singlet	pANN_0.25_0.26_116	0.205250596658711
CNP0000460_CATCGAAAGTGGACGT-1_2_1_1_1_1_1_1_1	CNP0000460_P02N	CNP0000460	DF.classifications_0.25_0.26_116	Singlet	pANN_0.25_0.26_116	0.200477326968974
CNP0000460_CATCGAACAAGTCTAC-1_2_1_1_1_1_1_1_1	CNP0000460_P02N	CNP0000460	DF.classifications_0.25_0.26_116	Singlet	pANN_0.25_0.26_116	0.237072394590294
CNP0000460_CATCGAAGTCCGAAGA-1_2_1_1_1_1_1_1_1	CNP0000460_P02N	CNP0000460	DF.classifications_0.25_0.26_116	Singlet	pANN_0.25_0.26_116	0.241845664280032
CNP0000460_CATCGAAGTCGCTTCT-1_2_1_1_1_1_1_1_1	CNP0000460_P02N	CNP0000460	DF.classifications_0.25_0.26_116	Singlet	pANN_0.25_0.26_116	0.231503579952267
CNP0000460_CATCGAATCCCATTAT-1_2_1_1_1_1_1_1_1	CNP0000460_P02N	CNP0000460	DF.classifications_0.25_0.26_116	Singlet	pANN_0.25_0.26_116	0.281622911694511
CNP0000460_CATCGAATCTATCCTA-1_2_1_1_1_1_1_1_1	CNP0000460_P02N	CNP0000460	DF.classifications_0.25_0.26_116	Singlet	pANN_0.25_0.26_116	0.252187748607796
CNP0000460_CATCGGGAGAAGAAGC-1_2_1_1_1_1_1_1_1	CNP0000460_P02N	CNP0000460	DF.classifications_0.25_0.26_116	Singlet	pANN_0.25_0.26_116	0.238663484486873
CNP0000460_CATCGGGAGAGACTAT-1_2_1_1_1_1_1_1_1	CNP0000460_P02N	CNP0000460	DF.classifications_0.25_0.26_116	Singlet	pANN_0.25_0.26_116	0.214797136038186
CNP0000460_CATCGGGAGTTACCCA-1_2_1_1_1_1_1_1_1	CNP0000460_P02N	CNP0000460	DF.classifications_0.25_0.26_116	Singlet	pANN_0.25_0.26_116	0.206046141607001
CNP0000460_CATCGGGCATGTCTCC-1_2_1_1_1_1_1_1_1	CNP0000460_P02N	CNP0000460	DF.classifications_0.25_0.26_116	Singlet	pANN_0.25_0.26_116	0.22673031026253
CNP0000460_CATCGGGGTACAGTTC-1_2_1_1_1_1_1_1_1	CNP0000460_P02N	CNP0000460	DF.classifications_0.25_0.26_116	Singlet	pANN_0.25_0.26_116	0.315831344470963
CNP0000460_CATCGGGGTATAGTAG-1_2_1_1_1_1_1_1_1	CNP0000460_P02N	CNP0000460	DF.classifications_0.25_0.26_116	Singlet	pANN_0.25_0.26_116	0.277645186953063
CNP0000460_CATCGGGGTGCACGAA-1_2_1_1_1_1_1_1_1	CNP0000460_P02N	CNP0000460	DF.classifications_0.25_0.26_116	Singlet	pANN_0.25_0.26_116	0.238663484486873
CNP0000460_CATCGGGTCCACGTTC-1_2_1_1_1_1_1_1_1	CNP0000460_P02N	CNP0000460	DF.classifications_0.25_0.26_116	Singlet	pANN_0.25_0.26_116	0.312649164677804
CNP0000460_CATCGGGTCGGCTTGG-1_2_1_1_1_1_1_1_1	CNP0000460_P02N	CNP0000460	DF.classifications_0.25_0.26_116	Singlet	pANN_0.25_0.26_116	0.167859984089101
CNP0000460_CATGACAAGCCCGAAA-1_2_1_1_1_1_1_1_1	CNP0000460_P02N	CNP0000460	DF.classifications_0.25_0.26_116	Singlet	pANN_0.25_0.26_116	0.232299124900557
CNP0000460_CATGACACAAGTCATC-1_2_1_1_1_1_1_1_1	CNP0000460_P02N	CNP0000460	DF.classifications_0.25_0.26_116	Singlet	pANN_0.25_0.26_116	0.30151153540175
CNP0000460_CATGACACAGTTCATG-1_2_1_1_1_1_1_1_1	CNP0000460_P02N	CNP0000460	DF.classifications_0.25_0.26_116	Singlet	pANN_0.25_0.26_116	0.20843277645187
CNP0000460_CATGACACATGTCGAT-1_2_1_1_1_1_1_1_1	CNP0000460_P02N	CNP0000460	DF.classifications_0.25_0.26_116	Singlet	pANN_0.25_0.26_116	0.196499602227526
CNP0000460_CATGACAGTTCCCGAG-1_2_1_1_1_1_1_1_1	CNP0000460_P02N	CNP0000460	DF.classifications_0.25_0.26_116	Singlet	pANN_0.25_0.26_116	0.129673826571201
CNP0000460_CATGACATCCAAATGC-1_2_1_1_1_1_1_1_1	CNP0000460_P02N	CNP0000460	DF.classifications_0.25_0.26_116	Singlet	pANN_0.25_0.26_116	0.210023866348449
CNP0000460_CATGACATCCGCGGTA-1_2_1_1_1_1_1_1_1	CNP0000460_P02N	CNP0000460	DF.classifications_0.25_0.26_116	Singlet	pANN_0.25_0.26_116	0.255369928400955
CNP0000460_CATGCCTCACTTGGAT-1_2_1_1_1_1_1_1_1	CNP0000460_P02N	CNP0000460	DF.classifications_0.25_0.26_116	Singlet	pANN_0.25_0.26_116	0.255369928400955
CNP0000460_CATGCCTCATCAGTCA-1_2_1_1_1_1_1_1_1	CNP0000460_P02N	CNP0000460	DF.classifications_0.25_0.26_116	Singlet	pANN_0.25_0.26_116	0.234685759745426
CNP0000460_CATGCCTGTAAATGAC-1_2_1_1_1_1_1_1_1	CNP0000460_P02N	CNP0000460	DF.classifications_0.25_0.26_116	Singlet	pANN_0.25_0.26_116	0.214001591089897
CNP0000460_CATGCCTGTCTAGGTT-1_2_1_1_1_1_1_1_1	CNP0000460_P02N	CNP0000460	DF.classifications_0.25_0.26_116	Singlet	pANN_0.25_0.26_116	0.209228321400159
CNP0000460_CATGCCTTCCGGCACA-1_2_1_1_1_1_1_1_1	CNP0000460_P02N	CNP0000460	DF.classifications_0.25_0.26_116	Singlet	pANN_0.25_0.26_116	0.256165473349244
CNP0000460_CATGCCTTCGCTAGCG-1_2_1_1_1_1_1_1_1	CNP0000460_P02N	CNP0000460	DF.classifications_0.25_0.26_116	Singlet	pANN_0.25_0.26_116	0.257756563245823
CNP0000460_CATGGCGAGACAGACC-1_2_1_1_1_1_1_1_1	CNP0000460_P02N	CNP0000460	DF.classifications_0.25_0.26_116	Singlet	pANN_0.25_0.26_116	0.198090692124105
CNP0000460_CATGGCGAGGCTCTTA-1_2_1_1_1_1_1_1_1	CNP0000460_P02N	CNP0000460	DF.classifications_0.25_0.26_116	Singlet	pANN_0.25_0.26_116	0.210023866348449
CNP0000460_CATGGCGGTCTCCATC-1_2_1_1_1_1_1_1_1	CNP0000460_P02N	CNP0000460	DF.classifications_0.25_0.26_116	Singlet	pANN_0.25_0.26_116	0.230708035003978
CNP0000460_CATGGCGTCACATAGC-1_2_1_1_1_1_1_1_1	CNP0000460_P02N	CNP0000460	DF.classifications_0.25_0.26_116	Singlet	pANN_0.25_0.26_116	0.200477326968974
CNP0000460_CATGGCGTCGCCAGCA-1_2_1_1_1_1_1_1_1	CNP0000460_P02N	CNP0000460	DF.classifications_0.25_0.26_116	Singlet	pANN_0.25_0.26_116	0.224343675417661
CNP0000460_CATTATCAGATGGCGT-1_2_1_1_1_1_1_1_1	CNP0000460_P02N	CNP0000460	DF.classifications_0.25_0.26_116	Singlet	pANN_0.25_0.26_116	0.222752585521082
CNP0000460_CATTATCAGGGTTCCC-1_2_1_1_1_1_1_1_1	CNP0000460_P02N	CNP0000460	DF.classifications_0.25_0.26_116	Singlet	pANN_0.25_0.26_116	0.307080350039777
CNP0000460_CATTATCCACCCTATC-1_2_1_1_1_1_1_1_1	CNP0000460_P02N	CNP0000460	DF.classifications_0.25_0.26_116	Singlet	pANN_0.25_0.26_116	0.235481304693715
CNP0000460_CATTATCCAGGAATCG-1_2_1_1_1_1_1_1_1	CNP0000460_P02N	CNP0000460	DF.classifications_0.25_0.26_116	Singlet	pANN_0.25_0.26_116	0.182975338106603
CNP0000460_CATTATCCAGGGATTG-1_2_1_1_1_1_1_1_1	CNP0000460_P02N	CNP0000460	DF.classifications_0.25_0.26_116	Singlet	pANN_0.25_0.26_116	0.183770883054893
CNP0000460_CATTATCGTCATATCG-1_2_1_1_1_1_1_1_1	CNP0000460_P02N	CNP0000460	DF.classifications_0.25_0.26_116	Singlet	pANN_0.25_0.26_116	0.241050119331742
CNP0000460_CATTATCTCCTAGTGA-1_2_1_1_1_1_1_1_1	CNP0000460_P02N	CNP0000460	DF.classifications_0.25_0.26_116	Singlet	pANN_0.25_0.26_116	0.281622911694511
CNP0000460_CATTATCTCTGTCAAG-1_2_1_1_1_1_1_1_1	CNP0000460_P02N	CNP0000460	DF.classifications_0.25_0.26_116	Singlet	pANN_0.25_0.26_116	0.173428798727128
CNP0000460_CATTATCTCTTACCGC-1_2_1_1_1_1_1_1_1	CNP0000460_P02N	CNP0000460	DF.classifications_0.25_0.26_116	Singlet	pANN_0.25_0.26_116	0.236276849642005
CNP0000460_CATTCGCAGATCCCGC-1_2_1_1_1_1_1_1_1	CNP0000460_P02N	CNP0000460	DF.classifications_0.25_0.26_116	Singlet	pANN_0.25_0.26_116	0.22593476531424
CNP0000460_CATTCGCAGATGTGTA-1_2_1_1_1_1_1_1_1	CNP0000460_P02N	CNP0000460	DF.classifications_0.25_0.26_116	Singlet	pANN_0.25_0.26_116	0.223548130469372
CNP0000460_CATTCGCCATACAGCT-1_2_1_1_1_1_1_1_1	CNP0000460_P02N	CNP0000460	DF.classifications_0.25_0.26_116	Singlet	pANN_0.25_0.26_116	0.185361972951472
CNP0000460_CATTCGCGTCTGATTG-1_2_1_1_1_1_1_1_1	CNP0000460_P02N	CNP0000460	DF.classifications_0.25_0.26_116	Singlet	pANN_0.25_0.26_116	0.227525855210819
CNP0000460_CATTCGCGTGAGTGAC-1_2_1_1_1_1_1_1_1	CNP0000460_P02N	CNP0000460	DF.classifications_0.25_0.26_116	Singlet	pANN_0.25_0.26_116	0.210819411296738
CNP0000460_CATTCGCGTGATGTGG-1_2_1_1_1_1_1_1_1	CNP0000460_P02N	CNP0000460	DF.classifications_0.25_0.26_116	Singlet	pANN_0.25_0.26_116	0.219570405727924
CNP0000460_CATTCGCGTTTGGCGC-1_2_1_1_1_1_1_1_1	CNP0000460_P02N	CNP0000460	DF.classifications_0.25_0.26_116	Singlet	pANN_0.25_0.26_116	0.217183770883055
CNP0000460_CATTCGCTCCTTGCCA-1_2_1_1_1_1_1_1_1	CNP0000460_P02N	CNP0000460	DF.classifications_0.25_0.26_116	Singlet	pANN_0.25_0.26_116	0.177406523468576
CNP0000460_CCAATCCAGGCAATTA-1_2_1_1_1_1_1_1_1	CNP0000460_P02N	CNP0000460	DF.classifications_0.25_0.26_116	Singlet	pANN_0.25_0.26_116	0.193317422434368
CNP0000460_CCAATCCAGTCAATAG-1_2_1_1_1_1_1_1_1	CNP0000460_P02N	CNP0000460	DF.classifications_0.25_0.26_116	Singlet	pANN_0.25_0.26_116	0.197295147175815
CNP0000460_CCAATCCCACTCGACG-1_2_1_1_1_1_1_1_1	CNP0000460_P02N	CNP0000460	DF.classifications_0.25_0.26_116	Singlet	pANN_0.25_0.26_116	0.163086714399364
CNP0000460_CCAATCCCATGCCTTC-1_2_1_1_1_1_1_1_1	CNP0000460_P02N	CNP0000460	DF.classifications_0.25_0.26_116	Singlet	pANN_0.25_0.26_116	0.295942720763723
CNP0000460_CCAATCCGTTCTGGTA-1_2_1_1_1_1_1_1_1	CNP0000460_P02N	CNP0000460	DF.classifications_0.25_0.26_116	Singlet	pANN_0.25_0.26_116	0.230708035003978
CNP0000460_CCAATCCTCGAGAACG-1_2_1_1_1_1_1_1_1	CNP0000460_P02N	CNP0000460	DF.classifications_0.25_0.26_116	Singlet	pANN_0.25_0.26_116	0.185361972951472
CNP0000460_CCACCTAAGAATAGGG-1_2_1_1_1_1_1_1_1	CNP0000460_P02N	CNP0000460	DF.classifications_0.25_0.26_116	Singlet	pANN_0.25_0.26_116	0.232299124900557
CNP0000460_CCACCTAAGACAGAGA-1_2_1_1_1_1_1_1_1	CNP0000460_P02N	CNP0000460	DF.classifications_0.25_0.26_116	Singlet	pANN_0.25_0.26_116	0.174224343675418
CNP0000460_CCACCTAAGATCTGAA-1_2_1_1_1_1_1_1_1	CNP0000460_P02N	CNP0000460	DF.classifications_0.25_0.26_116	Doublet	pANN_0.25_0.26_116	0.412092283214002
CNP0000460_CCACCTAAGCAAATCA-1_2_1_1_1_1_1_1_1	CNP0000460_P02N	CNP0000460	DF.classifications_0.25_0.26_116	Singlet	pANN_0.25_0.26_116	0.222752585521082
CNP0000460_CCACCTAAGGTGACCA-1_2_1_1_1_1_1_1_1	CNP0000460_P02N	CNP0000460	DF.classifications_0.25_0.26_116	Singlet	pANN_0.25_0.26_116	0.221161495624503
CNP0000460_CCACCTAAGTGTACGG-1_2_1_1_1_1_1_1_1	CNP0000460_P02N	CNP0000460	DF.classifications_0.25_0.26_116	Singlet	pANN_0.25_0.26_116	0.173428798727128
CNP0000460_CCACCTATCACCATAG-1_2_1_1_1_1_1_1_1	CNP0000460_P02N	CNP0000460	DF.classifications_0.25_0.26_116	Singlet	pANN_0.25_0.26_116	0.167064439140811
CNP0000460_CCACCTATCATGTGGT-1_2_1_1_1_1_1_1_1	CNP0000460_P02N	CNP0000460	DF.classifications_0.25_0.26_116	Singlet	pANN_0.25_0.26_116	0.260938743038982
CNP0000460_CCACGGAAGCGATCCC-1_2_1_1_1_1_1_1_1	CNP0000460_P02N	CNP0000460	DF.classifications_0.25_0.26_116	Singlet	pANN_0.25_0.26_116	0.146380270485282
CNP0000460_CCACGGAAGGCTAGAC-1_2_1_1_1_1_1_1_1	CNP0000460_P02N	CNP0000460	DF.classifications_0.25_0.26_116	Singlet	pANN_0.25_0.26_116	0.223548130469372
CNP0000460_CCACGGACAAAGCGGT-1_2_1_1_1_1_1_1_1	CNP0000460_P02N	CNP0000460	DF.classifications_0.25_0.26_116	Singlet	pANN_0.25_0.26_116	0.192521877486078
CNP0000460_CCACGGAGTCGCGGTT-1_2_1_1_1_1_1_1_1	CNP0000460_P02N	CNP0000460	DF.classifications_0.25_0.26_116	Singlet	pANN_0.25_0.26_116	0.242641209228321
CNP0000460_CCACGGATCGGTTAAC-1_2_1_1_1_1_1_1_1	CNP0000460_P02N	CNP0000460	DF.classifications_0.25_0.26_116	Singlet	pANN_0.25_0.26_116	0.195704057279236
CNP0000460_CCACTACAGAGTTGGC-1_2_1_1_1_1_1_1_1	CNP0000460_P02N	CNP0000460	DF.classifications_0.25_0.26_116	Singlet	pANN_0.25_0.26_116	0.180588703261734
CNP0000460_CCACTACAGATCTGAA-1_2_1_1_1_1_1_1_1	CNP0000460_P02N	CNP0000460	DF.classifications_0.25_0.26_116	Singlet	pANN_0.25_0.26_116	0.168655529037391
CNP0000460_CCACTACAGCTAAGAT-1_2_1_1_1_1_1_1_1	CNP0000460_P02N	CNP0000460	DF.classifications_0.25_0.26_116	Singlet	pANN_0.25_0.26_116	0.227525855210819
CNP0000460_CCACTACAGTCAATAG-1_2_1_1_1_1_1_1_1	CNP0000460_P02N	CNP0000460	DF.classifications_0.25_0.26_116	Singlet	pANN_0.25_0.26_116	0.204455051710422
CNP0000460_CCACTACGTTCGGCAC-1_2_1_1_1_1_1_1_1	CNP0000460_P02N	CNP0000460	DF.classifications_0.25_0.26_116	Singlet	pANN_0.25_0.26_116	0.186953062848051
CNP0000460_CCACTACGTTGCTCCT-1_2_1_1_1_1_1_1_1	CNP0000460_P02N	CNP0000460	DF.classifications_0.25_0.26_116	Singlet	pANN_0.25_0.26_116	0.230708035003978
CNP0000460_CCAGCGACAAGCGTAG-1_2_1_1_1_1_1_1_1	CNP0000460_P02N	CNP0000460	DF.classifications_0.25_0.26_116	Singlet	pANN_0.25_0.26_116	0.253778838504375
CNP0000460_CCAGCGACAGTTTACG-1_2_1_1_1_1_1_1_1	CNP0000460_P02N	CNP0000460	DF.classifications_0.25_0.26_116	Singlet	pANN_0.25_0.26_116	0.244232299124901
CNP0000460_CCAGCGAGTAGTGAAT-1_2_1_1_1_1_1_1_1	CNP0000460_P02N	CNP0000460	DF.classifications_0.25_0.26_116	Singlet	pANN_0.25_0.26_116	0.193317422434368
CNP0000460_CCAGCGAGTTGATTCG-1_2_1_1_1_1_1_1_1	CNP0000460_P02N	CNP0000460	DF.classifications_0.25_0.26_116	Singlet	pANN_0.25_0.26_116	0.198886237072395
CNP0000460_CCAGCGATCACGACTA-1_2_1_1_1_1_1_1_1	CNP0000460_P02N	CNP0000460	DF.classifications_0.25_0.26_116	Singlet	pANN_0.25_0.26_116	0.277645186953063
CNP0000460_CCAGCGATCACTCCTG-1_2_1_1_1_1_1_1_1	CNP0000460_P02N	CNP0000460	DF.classifications_0.25_0.26_116	Doublet	pANN_0.25_0.26_116	0.410501193317422
CNP0000460_CCAGCGATCCAAACAC-1_2_1_1_1_1_1_1_1	CNP0000460_P02N	CNP0000460	DF.classifications_0.25_0.26_116	Singlet	pANN_0.25_0.26_116	0.195704057279236
CNP0000460_CCAGCGATCCATTCTA-1_2_1_1_1_1_1_1_1	CNP0000460_P02N	CNP0000460	DF.classifications_0.25_0.26_116	Doublet	pANN_0.25_0.26_116	0.417661097852029
CNP0000460_CCAGCGATCCGAGCCA-1_2_1_1_1_1_1_1_1	CNP0000460_P02N	CNP0000460	DF.classifications_0.25_0.26_116	Singlet	pANN_0.25_0.26_116	0.22673031026253
CNP0000460_CCATGTCAGCCCAGCT-1_2_1_1_1_1_1_1_1	CNP0000460_P02N	CNP0000460	DF.classifications_0.25_0.26_116	Singlet	pANN_0.25_0.26_116	0.257756563245823
CNP0000460_CCATGTCAGCGGCTTC-1_2_1_1_1_1_1_1_1	CNP0000460_P02N	CNP0000460	DF.classifications_0.25_0.26_116	Doublet	pANN_0.25_0.26_116	0.413683373110581
CNP0000460_CCATGTCAGCTACCGC-1_2_1_1_1_1_1_1_1	CNP0000460_P02N	CNP0000460	DF.classifications_0.25_0.26_116	Singlet	pANN_0.25_0.26_116	0.145584725536993
CNP0000460_CCATGTCAGGGTCTCC-1_2_1_1_1_1_1_1_1	CNP0000460_P02N	CNP0000460	DF.classifications_0.25_0.26_116	Singlet	pANN_0.25_0.26_116	0.310262529832936
CNP0000460_CCATGTCCAAAGTGCG-1_2_1_1_1_1_1_1_1	CNP0000460_P02N	CNP0000460	DF.classifications_0.25_0.26_116	Singlet	pANN_0.25_0.26_116	0.16945107398568
CNP0000460_CCATGTCCAATGGATA-1_2_1_1_1_1_1_1_1	CNP0000460_P02N	CNP0000460	DF.classifications_0.25_0.26_116	Singlet	pANN_0.25_0.26_116	0.17024661893397
CNP0000460_CCATGTCCATCCAACA-1_2_1_1_1_1_1_1_1	CNP0000460_P02N	CNP0000460	DF.classifications_0.25_0.26_116	Singlet	pANN_0.25_0.26_116	0.202863961813842
CNP0000460_CCATGTCCATCCTAGA-1_2_1_1_1_1_1_1_1	CNP0000460_P02N	CNP0000460	DF.classifications_0.25_0.26_116	Singlet	pANN_0.25_0.26_116	0.197295147175815
CNP0000460_CCATGTCGTATAGGGC-1_2_1_1_1_1_1_1_1	CNP0000460_P02N	CNP0000460	DF.classifications_0.25_0.26_116	Singlet	pANN_0.25_0.26_116	0.182179793158313
CNP0000460_CCATGTCGTCATGCCG-1_2_1_1_1_1_1_1_1	CNP0000460_P02N	CNP0000460	DF.classifications_0.25_0.26_116	Singlet	pANN_0.25_0.26_116	0.214797136038186
CNP0000460_CCATGTCGTGCTTCTC-1_2_1_1_1_1_1_1_1	CNP0000460_P02N	CNP0000460	DF.classifications_0.25_0.26_116	Singlet	pANN_0.25_0.26_116	0.256961018297534
CNP0000460_CCATGTCTCAGAGGTG-1_2_1_1_1_1_1_1_1	CNP0000460_P02N	CNP0000460	DF.classifications_0.25_0.26_116	Singlet	pANN_0.25_0.26_116	0.205250596658711
CNP0000460_CCATGTCTCCGGCACA-1_2_1_1_1_1_1_1_1	CNP0000460_P02N	CNP0000460	DF.classifications_0.25_0.26_116	Singlet	pANN_0.25_0.26_116	0.20684168655529
CNP0000460_CCATGTCTCCTATTCA-1_2_1_1_1_1_1_1_1	CNP0000460_P02N	CNP0000460	DF.classifications_0.25_0.26_116	Singlet	pANN_0.25_0.26_116	0.184566428003182
CNP0000460_CCATTCGAGCCCAACC-1_2_1_1_1_1_1_1_1	CNP0000460_P02N	CNP0000460	DF.classifications_0.25_0.26_116	Singlet	pANN_0.25_0.26_116	0.20763723150358
CNP0000460_CCATTCGAGCTGCGAA-1_2_1_1_1_1_1_1_1	CNP0000460_P02N	CNP0000460	DF.classifications_0.25_0.26_116	Singlet	pANN_0.25_0.26_116	0.20843277645187
CNP0000460_CCATTCGAGGCTAGAC-1_2_1_1_1_1_1_1_1	CNP0000460_P02N	CNP0000460	DF.classifications_0.25_0.26_116	Singlet	pANN_0.25_0.26_116	0.164677804295943
CNP0000460_CCATTCGAGTCCATAC-1_2_1_1_1_1_1_1_1	CNP0000460_P02N	CNP0000460	DF.classifications_0.25_0.26_116	Singlet	pANN_0.25_0.26_116	0.220365950676213
CNP0000460_CCATTCGCAGCTGCTG-1_2_1_1_1_1_1_1_1	CNP0000460_P02N	CNP0000460	DF.classifications_0.25_0.26_116	Doublet	pANN_0.25_0.26_116	0.369132856006364
CNP0000460_CCATTCGGTAGATTAG-1_2_1_1_1_1_1_1_1	CNP0000460_P02N	CNP0000460	DF.classifications_0.25_0.26_116	Singlet	pANN_0.25_0.26_116	0.225139220365951
CNP0000460_CCATTCGGTTCACGGC-1_2_1_1_1_1_1_1_1	CNP0000460_P02N	CNP0000460	DF.classifications_0.25_0.26_116	Singlet	pANN_0.25_0.26_116	0.163086714399364
CNP0000460_CCATTCGTCCAAGTAC-1_2_1_1_1_1_1_1_1	CNP0000460_P02N	CNP0000460	DF.classifications_0.25_0.26_116	Singlet	pANN_0.25_0.26_116	0.237867939538584
CNP0000460_CCATTCGTCGCAGGCT-1_2_1_1_1_1_1_1_1	CNP0000460_P02N	CNP0000460	DF.classifications_0.25_0.26_116	Singlet	pANN_0.25_0.26_116	0.26332537788385
CNP0000460_CCCAATCAGAGACGAA-1_2_1_1_1_1_1_1_1	CNP0000460_P02N	CNP0000460	DF.classifications_0.25_0.26_116	Singlet	pANN_0.25_0.26_116	0.241845664280032
CNP0000460_CCCAATCAGGCTAGAC-1_2_1_1_1_1_1_1_1	CNP0000460_P02N	CNP0000460	DF.classifications_0.25_0.26_116	Singlet	pANN_0.25_0.26_116	0.205250596658711
CNP0000460_CCCAATCAGTACGCCC-1_2_1_1_1_1_1_1_1	CNP0000460_P02N	CNP0000460	DF.classifications_0.25_0.26_116	Singlet	pANN_0.25_0.26_116	0.221957040572792
CNP0000460_CCCAATCAGTTTCCTT-1_2_1_1_1_1_1_1_1	CNP0000460_P02N	CNP0000460	DF.classifications_0.25_0.26_116	Singlet	pANN_0.25_0.26_116	0.241845664280032
CNP0000460_CCCAATCCACCAACCG-1_2_1_1_1_1_1_1_1	CNP0000460_P02N	CNP0000460	DF.classifications_0.25_0.26_116	Singlet	pANN_0.25_0.26_116	0.241050119331742
CNP0000460_CCCAATCCACCTTGTC-1_2_1_1_1_1_1_1_1	CNP0000460_P02N	CNP0000460	DF.classifications_0.25_0.26_116	Singlet	pANN_0.25_0.26_116	0.190135242641209
CNP0000460_CCCAATCCAGGTCTCG-1_2_1_1_1_1_1_1_1	CNP0000460_P02N	CNP0000460	DF.classifications_0.25_0.26_116	Singlet	pANN_0.25_0.26_116	0.190135242641209
CNP0000460_CCCAATCCAGTTTACG-1_2_1_1_1_1_1_1_1	CNP0000460_P02N	CNP0000460	DF.classifications_0.25_0.26_116	Singlet	pANN_0.25_0.26_116	0.183770883054893
CNP0000460_CCCAATCCATTGGTAC-1_2_1_1_1_1_1_1_1	CNP0000460_P02N	CNP0000460	DF.classifications_0.25_0.26_116	Singlet	pANN_0.25_0.26_116	0.252187748607796
CNP0000460_CCCAATCGTCCGTTAA-1_2_1_1_1_1_1_1_1	CNP0000460_P02N	CNP0000460	DF.classifications_0.25_0.26_116	Singlet	pANN_0.25_0.26_116	0.217979315831344
CNP0000460_CCCAATCGTTTAGCTG-1_2_1_1_1_1_1_1_1	CNP0000460_P02N	CNP0000460	DF.classifications_0.25_0.26_116	Singlet	pANN_0.25_0.26_116	0.152744630071599
CNP0000460_CCCAATCTCAAACCAC-1_2_1_1_1_1_1_1_1	CNP0000460_P02N	CNP0000460	DF.classifications_0.25_0.26_116	Singlet	pANN_0.25_0.26_116	0.158313444709626
CNP0000460_CCCAATCTCAAGCCTA-1_2_1_1_1_1_1_1_1	CNP0000460_P02N	CNP0000460	DF.classifications_0.25_0.26_116	Singlet	pANN_0.25_0.26_116	0.33969769291965
CNP0000460_CCCAGTTAGCCCTAAT-1_2_1_1_1_1_1_1_1	CNP0000460_P02N	CNP0000460	DF.classifications_0.25_0.26_116	Singlet	pANN_0.25_0.26_116	0.219570405727924
CNP0000460_CCCAGTTAGCTTATCG-1_2_1_1_1_1_1_1_1	CNP0000460_P02N	CNP0000460	DF.classifications_0.25_0.26_116	Singlet	pANN_0.25_0.26_116	0.168655529037391
CNP0000460_CCCAGTTAGGTGTTAA-1_2_1_1_1_1_1_1_1	CNP0000460_P02N	CNP0000460	DF.classifications_0.25_0.26_116	Singlet	pANN_0.25_0.26_116	0.357199681782021
CNP0000460_CCCAGTTCAATGACCT-1_2_1_1_1_1_1_1_1	CNP0000460_P02N	CNP0000460	DF.classifications_0.25_0.26_116	Singlet	pANN_0.25_0.26_116	0.190135242641209
CNP0000460_CCCAGTTCACATGGGA-1_2_1_1_1_1_1_1_1	CNP0000460_P02N	CNP0000460	DF.classifications_0.25_0.26_116	Singlet	pANN_0.25_0.26_116	0.209228321400159
CNP0000460_CCCAGTTCAGTTTACG-1_2_1_1_1_1_1_1_1	CNP0000460_P02N	CNP0000460	DF.classifications_0.25_0.26_116	Singlet	pANN_0.25_0.26_116	0.214797136038186
CNP0000460_CCCAGTTCATACCATG-1_2_1_1_1_1_1_1_1	CNP0000460_P02N	CNP0000460	DF.classifications_0.25_0.26_116	Singlet	pANN_0.25_0.26_116	0.293556085918854
CNP0000460_CCCAGTTCATGGTTGT-1_2_1_1_1_1_1_1_1	CNP0000460_P02N	CNP0000460	DF.classifications_0.25_0.26_116	Singlet	pANN_0.25_0.26_116	0.261734287987271
CNP0000460_CCCAGTTGTATAATGG-1_2_1_1_1_1_1_1_1	CNP0000460_P02N	CNP0000460	DF.classifications_0.25_0.26_116	Singlet	pANN_0.25_0.26_116	0.233890214797136
CNP0000460_CCCATACAGCCAGTTT-1_2_1_1_1_1_1_1_1	CNP0000460_P02N	CNP0000460	DF.classifications_0.25_0.26_116	Singlet	pANN_0.25_0.26_116	0.22593476531424
CNP0000460_CCCATACAGTTATCGC-1_2_1_1_1_1_1_1_1	CNP0000460_P02N	CNP0000460	DF.classifications_0.25_0.26_116	Singlet	pANN_0.25_0.26_116	0.199681782020684
CNP0000460_CCCATACCATACAGCT-1_2_1_1_1_1_1_1_1	CNP0000460_P02N	CNP0000460	DF.classifications_0.25_0.26_116	Singlet	pANN_0.25_0.26_116	0.180588703261734
CNP0000460_CCCATACTCAAGGTAA-1_2_1_1_1_1_1_1_1	CNP0000460_P02N	CNP0000460	DF.classifications_0.25_0.26_116	Singlet	pANN_0.25_0.26_116	0.256165473349244
CNP0000460_CCCTCCTAGAGATGAG-1_2_1_1_1_1_1_1_1	CNP0000460_P02N	CNP0000460	DF.classifications_0.25_0.26_116	Singlet	pANN_0.25_0.26_116	0.346062052505967
CNP0000460_CCCTCCTAGAGGACGG-1_2_1_1_1_1_1_1_1	CNP0000460_P02N	CNP0000460	DF.classifications_0.25_0.26_116	Singlet	pANN_0.25_0.26_116	0.147971360381862
CNP0000460_CCCTCCTAGCCAGTTT-1_2_1_1_1_1_1_1_1	CNP0000460_P02N	CNP0000460	DF.classifications_0.25_0.26_116	Singlet	pANN_0.25_0.26_116	0.214001591089897
CNP0000460_CCCTCCTAGCGCCTCA-1_2_1_1_1_1_1_1_1	CNP0000460_P02N	CNP0000460	DF.classifications_0.25_0.26_116	Singlet	pANN_0.25_0.26_116	0.238663484486873
CNP0000460_CCCTCCTAGTGCAAGC-1_2_1_1_1_1_1_1_1	CNP0000460_P02N	CNP0000460	DF.classifications_0.25_0.26_116	Singlet	pANN_0.25_0.26_116	0.18854415274463
CNP0000460_CCCTCCTCACACATGT-1_2_1_1_1_1_1_1_1	CNP0000460_P02N	CNP0000460	DF.classifications_0.25_0.26_116	Singlet	pANN_0.25_0.26_116	0.233890214797136
CNP0000460_CCCTCCTCATACGCTA-1_2_1_1_1_1_1_1_1	CNP0000460_P02N	CNP0000460	DF.classifications_0.25_0.26_116	Doublet	pANN_0.25_0.26_116	0.371519490851233
CNP0000460_CCCTCCTCATAGTAAG-1_2_1_1_1_1_1_1_1	CNP0000460_P02N	CNP0000460	DF.classifications_0.25_0.26_116	Doublet	pANN_0.25_0.26_116	0.392203659506762
CNP0000460_CCCTCCTCATCCCACT-1_2_1_1_1_1_1_1_1	CNP0000460_P02N	CNP0000460	DF.classifications_0.25_0.26_116	Singlet	pANN_0.25_0.26_116	0.191726332537788
CNP0000460_CCCTCCTGTACGACCC-1_2_1_1_1_1_1_1_1	CNP0000460_P02N	CNP0000460	DF.classifications_0.25_0.26_116	Singlet	pANN_0.25_0.26_116	0.213206046141607
CNP0000460_CCCTCCTGTTGGACCC-1_2_1_1_1_1_1_1_1	CNP0000460_P02N	CNP0000460	DF.classifications_0.25_0.26_116	Singlet	pANN_0.25_0.26_116	0.212410501193317
CNP0000460_CCGGGATAGAGGACGG-1_2_1_1_1_1_1_1_1	CNP0000460_P02N	CNP0000460	DF.classifications_0.25_0.26_116	Singlet	pANN_0.25_0.26_116	0.180588703261734
CNP0000460_CCGGGATCACGTCTCT-1_2_1_1_1_1_1_1_1	CNP0000460_P02N	CNP0000460	DF.classifications_0.25_0.26_116	Singlet	pANN_0.25_0.26_116	0.20843277645187
CNP0000460_CCGGGATCAGGTGGAT-1_2_1_1_1_1_1_1_1	CNP0000460_P02N	CNP0000460	DF.classifications_0.25_0.26_116	Singlet	pANN_0.25_0.26_116	0.364359586316627
CNP0000460_CCGGGATGTCGCCATG-1_2_1_1_1_1_1_1_1	CNP0000460_P02N	CNP0000460	DF.classifications_0.25_0.26_116	Singlet	pANN_0.25_0.26_116	0.175815433571997
CNP0000460_CCGGGATGTGAGTATA-1_2_1_1_1_1_1_1_1	CNP0000460_P02N	CNP0000460	DF.classifications_0.25_0.26_116	Singlet	pANN_0.25_0.26_116	0.229116945107399
CNP0000460_CCGGGATTCGTATCAG-1_2_1_1_1_1_1_1_1	CNP0000460_P02N	CNP0000460	DF.classifications_0.25_0.26_116	Singlet	pANN_0.25_0.26_116	0.219570405727924
CNP0000460_CCGGTAGAGGACATTA-1_2_1_1_1_1_1_1_1	CNP0000460_P02N	CNP0000460	DF.classifications_0.25_0.26_116	Singlet	pANN_0.25_0.26_116	0.230708035003978
CNP0000460_CCGGTAGAGGATGGTC-1_2_1_1_1_1_1_1_1	CNP0000460_P02N	CNP0000460	DF.classifications_0.25_0.26_116	Singlet	pANN_0.25_0.26_116	0.187748607796341
CNP0000460_CCGGTAGAGTCCAGGA-1_2_1_1_1_1_1_1_1	CNP0000460_P02N	CNP0000460	DF.classifications_0.25_0.26_116	Singlet	pANN_0.25_0.26_116	0.279236276849642
CNP0000460_CCGGTAGAGTGTGAAT-1_2_1_1_1_1_1_1_1	CNP0000460_P02N	CNP0000460	DF.classifications_0.25_0.26_116	Singlet	pANN_0.25_0.26_116	0.214001591089897
CNP0000460_CCGGTAGAGTTACGGG-1_2_1_1_1_1_1_1_1	CNP0000460_P02N	CNP0000460	DF.classifications_0.25_0.26_116	Singlet	pANN_0.25_0.26_116	0.24502784407319
CNP0000460_CCGGTAGGTCTGGAGA-1_2_1_1_1_1_1_1_1	CNP0000460_P02N	CNP0000460	DF.classifications_0.25_0.26_116	Singlet	pANN_0.25_0.26_116	0.194908512330947
CNP0000460_CCGGTAGGTCTTTCAT-1_2_1_1_1_1_1_1_1	CNP0000460_P02N	CNP0000460	DF.classifications_0.25_0.26_116	Singlet	pANN_0.25_0.26_116	0.202863961813842
CNP0000460_CCGGTAGTCAGCTCGG-1_2_1_1_1_1_1_1_1	CNP0000460_P02N	CNP0000460	DF.classifications_0.25_0.26_116	Singlet	pANN_0.25_0.26_116	0.128878281622912
CNP0000460_CCGGTAGTCAGCTCTC-1_2_1_1_1_1_1_1_1	CNP0000460_P02N	CNP0000460	DF.classifications_0.25_0.26_116	Singlet	pANN_0.25_0.26_116	0.184566428003182
CNP0000460_CCGTACTAGAGTCTGG-1_2_1_1_1_1_1_1_1	CNP0000460_P02N	CNP0000460	DF.classifications_0.25_0.26_116	Singlet	pANN_0.25_0.26_116	0.179793158313445
CNP0000460_CCGTACTAGCGCCTCA-1_2_1_1_1_1_1_1_1	CNP0000460_P02N	CNP0000460	DF.classifications_0.25_0.26_116	Singlet	pANN_0.25_0.26_116	0.200477326968974
CNP0000460_CCGTACTAGTTAGGTA-1_2_1_1_1_1_1_1_1	CNP0000460_P02N	CNP0000460	DF.classifications_0.25_0.26_116	Singlet	pANN_0.25_0.26_116	0.217979315831344
CNP0000460_CCGTACTCAATCTACG-1_2_1_1_1_1_1_1_1	CNP0000460_P02N	CNP0000460	DF.classifications_0.25_0.26_116	Singlet	pANN_0.25_0.26_116	0.109785202863962
CNP0000460_CCGTACTCACAGACTT-1_2_1_1_1_1_1_1_1	CNP0000460_P02N	CNP0000460	DF.classifications_0.25_0.26_116	Singlet	pANN_0.25_0.26_116	0.223548130469372
CNP0000460_CCGTACTGTGCCTTGG-1_2_1_1_1_1_1_1_1	CNP0000460_P02N	CNP0000460	DF.classifications_0.25_0.26_116	Singlet	pANN_0.25_0.26_116	0.203659506762132
CNP0000460_CCGTACTGTTAAGACA-1_2_1_1_1_1_1_1_1	CNP0000460_P02N	CNP0000460	DF.classifications_0.25_0.26_116	Singlet	pANN_0.25_0.26_116	0.20843277645187
CNP0000460_CCGTACTGTTTGTGTG-1_2_1_1_1_1_1_1_1	CNP0000460_P02N	CNP0000460	DF.classifications_0.25_0.26_116	Singlet	pANN_0.25_0.26_116	0.24502784407319
CNP0000460_CCGTACTTCTAACTGG-1_2_1_1_1_1_1_1_1	CNP0000460_P02N	CNP0000460	DF.classifications_0.25_0.26_116	Singlet	pANN_0.25_0.26_116	0.238663484486873
CNP0000460_CCGTGGAAGGGTTTCT-1_2_1_1_1_1_1_1_1	CNP0000460_P02N	CNP0000460	DF.classifications_0.25_0.26_116	Singlet	pANN_0.25_0.26_116	0.216388225934765
CNP0000460_CCGTGGACACAGACTT-1_2_1_1_1_1_1_1_1	CNP0000460_P02N	CNP0000460	DF.classifications_0.25_0.26_116	Singlet	pANN_0.25_0.26_116	0.221161495624503
CNP0000460_CCGTGGACATCACGAT-1_2_1_1_1_1_1_1_1	CNP0000460_P02N	CNP0000460	DF.classifications_0.25_0.26_116	Doublet	pANN_0.25_0.26_116	0.39538583929992
CNP0000460_CCGTGGACATGCCTAA-1_2_1_1_1_1_1_1_1	CNP0000460_P02N	CNP0000460	DF.classifications_0.25_0.26_116	Singlet	pANN_0.25_0.26_116	0.28321400159109
CNP0000460_CCGTGGAGTCAGAATA-1_2_1_1_1_1_1_1_1	CNP0000460_P02N	CNP0000460	DF.classifications_0.25_0.26_116	Singlet	pANN_0.25_0.26_116	0.160700079554495
CNP0000460_CCGTGGATCACCATAG-1_2_1_1_1_1_1_1_1	CNP0000460_P02N	CNP0000460	DF.classifications_0.25_0.26_116	Singlet	pANN_0.25_0.26_116	0.161495624502784
CNP0000460_CCGTTCAAGGCCCTCA-1_2_1_1_1_1_1_1_1	CNP0000460_P02N	CNP0000460	DF.classifications_0.25_0.26_116	Singlet	pANN_0.25_0.26_116	0.285600636435959
CNP0000460_CCGTTCACAAGAAGAG-1_2_1_1_1_1_1_1_1	CNP0000460_P02N	CNP0000460	DF.classifications_0.25_0.26_116	Singlet	pANN_0.25_0.26_116	0.214797136038186
CNP0000460_CCGTTCAGTCGACTGC-1_2_1_1_1_1_1_1_1	CNP0000460_P02N	CNP0000460	DF.classifications_0.25_0.26_116	Singlet	pANN_0.25_0.26_116	0.165473349244232
CNP0000460_CCGTTCATCAGTTCGA-1_2_1_1_1_1_1_1_1	CNP0000460_P02N	CNP0000460	DF.classifications_0.25_0.26_116	Singlet	pANN_0.25_0.26_116	0.251392203659507
CNP0000460_CCGTTCATCTGTGCAA-1_2_1_1_1_1_1_1_1	CNP0000460_P02N	CNP0000460	DF.classifications_0.25_0.26_116	Singlet	pANN_0.25_0.26_116	0.227525855210819
CNP0000460_CCTAAAGAGCCAGTTT-1_2_1_1_1_1_1_1_1	CNP0000460_P02N	CNP0000460	DF.classifications_0.25_0.26_116	Singlet	pANN_0.25_0.26_116	0.221161495624503
CNP0000460_CCTAAAGAGCGAGAAA-1_2_1_1_1_1_1_1_1	CNP0000460_P02N	CNP0000460	DF.classifications_0.25_0.26_116	Singlet	pANN_0.25_0.26_116	0.240254574383453
CNP0000460_CCTAAAGCACACATGT-1_2_1_1_1_1_1_1_1	CNP0000460_P02N	CNP0000460	DF.classifications_0.25_0.26_116	Singlet	pANN_0.25_0.26_116	0.253778838504375
CNP0000460_CCTAAAGCACGGATAG-1_2_1_1_1_1_1_1_1	CNP0000460_P02N	CNP0000460	DF.classifications_0.25_0.26_116	Singlet	pANN_0.25_0.26_116	0.167859984089101
CNP0000460_CCTAAAGGTGAGGGTT-1_2_1_1_1_1_1_1_1	CNP0000460_P02N	CNP0000460	DF.classifications_0.25_0.26_116	Singlet	pANN_0.25_0.26_116	0.200477326968974
CNP0000460_CCTAAAGGTTCCCGAG-1_2_1_1_1_1_1_1_1	CNP0000460_P02N	CNP0000460	DF.classifications_0.25_0.26_116	Singlet	pANN_0.25_0.26_116	0.211614956245028
CNP0000460_CCTAAAGTCAAGCCTA-1_2_1_1_1_1_1_1_1	CNP0000460_P02N	CNP0000460	DF.classifications_0.25_0.26_116	Singlet	pANN_0.25_0.26_116	0.18854415274463
CNP0000460_CCTAAAGTCCTCAACC-1_2_1_1_1_1_1_1_1	CNP0000460_P02N	CNP0000460	DF.classifications_0.25_0.26_116	Singlet	pANN_0.25_0.26_116	0.236276849642005
CNP0000460_CCTAAAGTCTAACTGG-1_2_1_1_1_1_1_1_1	CNP0000460_P02N	CNP0000460	DF.classifications_0.25_0.26_116	Singlet	pANN_0.25_0.26_116	0.198090692124105
CNP0000460_CCTACACAGAGCTATA-1_2_1_1_1_1_1_1_1	CNP0000460_P02N	CNP0000460	DF.classifications_0.25_0.26_116	Singlet	pANN_0.25_0.26_116	0.233094669848846
CNP0000460_CCTACACAGCCGCCTA-1_2_1_1_1_1_1_1_1	CNP0000460_P02N	CNP0000460	DF.classifications_0.25_0.26_116	Singlet	pANN_0.25_0.26_116	0.251392203659507
CNP0000460_CCTACACAGCGTTGCC-1_2_1_1_1_1_1_1_1	CNP0000460_P02N	CNP0000460	DF.classifications_0.25_0.26_116	Singlet	pANN_0.25_0.26_116	0.211614956245028
CNP0000460_CCTACACCATGGTTGT-1_2_1_1_1_1_1_1_1	CNP0000460_P02N	CNP0000460	DF.classifications_0.25_0.26_116	Singlet	pANN_0.25_0.26_116	0.156722354813047
CNP0000460_CCTACACGTTCAGGCC-1_2_1_1_1_1_1_1_1	CNP0000460_P02N	CNP0000460	DF.classifications_0.25_0.26_116	Singlet	pANN_0.25_0.26_116	0.203659506762132
CNP0000460_CCTACACGTTGTACAC-1_2_1_1_1_1_1_1_1	CNP0000460_P02N	CNP0000460	DF.classifications_0.25_0.26_116	Singlet	pANN_0.25_0.26_116	0.256961018297534
CNP0000460_CCTACACTCCACGACG-1_2_1_1_1_1_1_1_1	CNP0000460_P02N	CNP0000460	DF.classifications_0.25_0.26_116	Singlet	pANN_0.25_0.26_116	0.218774860779634
CNP0000460_CCTACACTCCTTAATC-1_2_1_1_1_1_1_1_1	CNP0000460_P02N	CNP0000460	DF.classifications_0.25_0.26_116	Singlet	pANN_0.25_0.26_116	0.209228321400159
CNP0000460_CCTACCAAGACCACGA-1_2_1_1_1_1_1_1_1	CNP0000460_P02N	CNP0000460	DF.classifications_0.25_0.26_116	Singlet	pANN_0.25_0.26_116	0.185361972951472
CNP0000460_CCTACCAAGATACACA-1_2_1_1_1_1_1_1_1	CNP0000460_P02N	CNP0000460	DF.classifications_0.25_0.26_116	Singlet	pANN_0.25_0.26_116	0.248210023866348
CNP0000460_CCTACCAAGGACATTA-1_2_1_1_1_1_1_1_1	CNP0000460_P02N	CNP0000460	DF.classifications_0.25_0.26_116	Singlet	pANN_0.25_0.26_116	0.220365950676213
CNP0000460_CCTACCAGTATCAGTC-1_2_1_1_1_1_1_1_1	CNP0000460_P02N	CNP0000460	DF.classifications_0.25_0.26_116	Singlet	pANN_0.25_0.26_116	0.179793158313445
CNP0000460_CCTACCATCGTCCAGG-1_2_1_1_1_1_1_1_1	CNP0000460_P02N	CNP0000460	DF.classifications_0.25_0.26_116	Singlet	pANN_0.25_0.26_116	0.176610978520286
CNP0000460_CCTAGCTAGATGTAAC-1_2_1_1_1_1_1_1_1	CNP0000460_P02N	CNP0000460	DF.classifications_0.25_0.26_116	Singlet	pANN_0.25_0.26_116	0.176610978520286
CNP0000460_CCTAGCTAGCAACGGT-1_2_1_1_1_1_1_1_1	CNP0000460_P02N	CNP0000460	DF.classifications_0.25_0.26_116	Singlet	pANN_0.25_0.26_116	0.198090692124105
CNP0000460_CCTAGCTCAAGGTTCT-1_2_1_1_1_1_1_1_1	CNP0000460_P02N	CNP0000460	DF.classifications_0.25_0.26_116	Singlet	pANN_0.25_0.26_116	0.172633253778839
CNP0000460_CCTAGCTCAAGGTTTC-1_2_1_1_1_1_1_1_1	CNP0000460_P02N	CNP0000460	DF.classifications_0.25_0.26_116	Singlet	pANN_0.25_0.26_116	0.205250596658711
CNP0000460_CCTAGCTCAGGTCCAC-1_2_1_1_1_1_1_1_1	CNP0000460_P02N	CNP0000460	DF.classifications_0.25_0.26_116	Singlet	pANN_0.25_0.26_116	0.230708035003978
CNP0000460_CCTAGCTCATTTGCCC-1_2_1_1_1_1_1_1_1	CNP0000460_P02N	CNP0000460	DF.classifications_0.25_0.26_116	Singlet	pANN_0.25_0.26_116	0.238663484486873
CNP0000460_CCTAGCTGTGCAACGA-1_2_1_1_1_1_1_1_1	CNP0000460_P02N	CNP0000460	DF.classifications_0.25_0.26_116	Singlet	pANN_0.25_0.26_116	0.243436754176611
CNP0000460_CCTAGCTTCACGACTA-1_2_1_1_1_1_1_1_1	CNP0000460_P02N	CNP0000460	DF.classifications_0.25_0.26_116	Singlet	pANN_0.25_0.26_116	0.26412092283214
CNP0000460_CCTAGCTTCAGGCGAA-1_2_1_1_1_1_1_1_1	CNP0000460_P02N	CNP0000460	DF.classifications_0.25_0.26_116	Singlet	pANN_0.25_0.26_116	0.218774860779634
CNP0000460_CCTAGCTTCTGGTTCC-1_2_1_1_1_1_1_1_1	CNP0000460_P02N	CNP0000460	DF.classifications_0.25_0.26_116	Singlet	pANN_0.25_0.26_116	0.225139220365951
CNP0000460_CCTATTAAGATGCCAG-1_2_1_1_1_1_1_1_1	CNP0000460_P02N	CNP0000460	DF.classifications_0.25_0.26_116	Singlet	pANN_0.25_0.26_116	0.213206046141607
CNP0000460_CCTATTAAGCTACCTA-1_2_1_1_1_1_1_1_1	CNP0000460_P02N	CNP0000460	DF.classifications_0.25_0.26_116	Singlet	pANN_0.25_0.26_116	0.228321400159109
CNP0000460_CCTATTAAGCTAGTCT-1_2_1_1_1_1_1_1_1	CNP0000460_P02N	CNP0000460	DF.classifications_0.25_0.26_116	Singlet	pANN_0.25_0.26_116	0.193317422434368
CNP0000460_CCTATTACAGTTCATG-1_2_1_1_1_1_1_1_1	CNP0000460_P02N	CNP0000460	DF.classifications_0.25_0.26_116	Singlet	pANN_0.25_0.26_116	0.223548130469372
CNP0000460_CCTATTACATAAGACA-1_2_1_1_1_1_1_1_1	CNP0000460_P02N	CNP0000460	DF.classifications_0.25_0.26_116	Singlet	pANN_0.25_0.26_116	0.224343675417661
CNP0000460_CCTATTATCAACACAC-1_2_1_1_1_1_1_1_1	CNP0000460_P02N	CNP0000460	DF.classifications_0.25_0.26_116	Singlet	pANN_0.25_0.26_116	0.244232299124901
CNP0000460_CCTATTATCATGTCTT-1_2_1_1_1_1_1_1_1	CNP0000460_P02N	CNP0000460	DF.classifications_0.25_0.26_116	Singlet	pANN_0.25_0.26_116	0.26412092283214
CNP0000460_CCTATTATCCACGTTC-1_2_1_1_1_1_1_1_1	CNP0000460_P02N	CNP0000460	DF.classifications_0.25_0.26_116	Singlet	pANN_0.25_0.26_116	0.26332537788385
CNP0000460_CCTATTATCTGAGTGT-1_2_1_1_1_1_1_1_1	CNP0000460_P02N	CNP0000460	DF.classifications_0.25_0.26_116	Singlet	pANN_0.25_0.26_116	0.206046141607001
CNP0000460_CCTCAGTAGAACTGTA-1_2_1_1_1_1_1_1_1	CNP0000460_P02N	CNP0000460	DF.classifications_0.25_0.26_116	Singlet	pANN_0.25_0.26_116	0.200477326968974
CNP0000460_CCTCAGTAGATAGGAG-1_2_1_1_1_1_1_1_1	CNP0000460_P02N	CNP0000460	DF.classifications_0.25_0.26_116	Singlet	pANN_0.25_0.26_116	0.200477326968974
CNP0000460_CCTCAGTAGCGATCCC-1_2_1_1_1_1_1_1_1	CNP0000460_P02N	CNP0000460	DF.classifications_0.25_0.26_116	Singlet	pANN_0.25_0.26_116	0.259347653142403
CNP0000460_CCTCAGTCATCATCCC-1_2_1_1_1_1_1_1_1	CNP0000460_P02N	CNP0000460	DF.classifications_0.25_0.26_116	Singlet	pANN_0.25_0.26_116	0.229912490055688
CNP0000460_CCTCAGTGTAAGGATT-1_2_1_1_1_1_1_1_1	CNP0000460_P02N	CNP0000460	DF.classifications_0.25_0.26_116	Singlet	pANN_0.25_0.26_116	0.204455051710422
CNP0000460_CCTCAGTTCAGGTAAA-1_2_1_1_1_1_1_1_1	CNP0000460_P02N	CNP0000460	DF.classifications_0.25_0.26_116	Singlet	pANN_0.25_0.26_116	0.202863961813842
CNP0000460_CCTCAGTTCGTTGCCT-1_2_1_1_1_1_1_1_1	CNP0000460_P02N	CNP0000460	DF.classifications_0.25_0.26_116	Singlet	pANN_0.25_0.26_116	0.221957040572792
CNP0000460_CCTCAGTTCTGAGTGT-1_2_1_1_1_1_1_1_1	CNP0000460_P02N	CNP0000460	DF.classifications_0.25_0.26_116	Singlet	pANN_0.25_0.26_116	0.168655529037391
CNP0000460_CCTCTGAAGCTGAACG-1_2_1_1_1_1_1_1_1	CNP0000460_P02N	CNP0000460	DF.classifications_0.25_0.26_116	Singlet	pANN_0.25_0.26_116	0.217183770883055
CNP0000460_CCTCTGAAGTTTAGGA-1_2_1_1_1_1_1_1_1	CNP0000460_P02N	CNP0000460	DF.classifications_0.25_0.26_116	Singlet	pANN_0.25_0.26_116	0.18854415274463
CNP0000460_CCTCTGACAGGCGATA-1_2_1_1_1_1_1_1_1	CNP0000460_P02N	CNP0000460	DF.classifications_0.25_0.26_116	Singlet	pANN_0.25_0.26_116	0.250596658711217
CNP0000460_CCTCTGAGTCTTTCAT-1_2_1_1_1_1_1_1_1	CNP0000460_P02N	CNP0000460	DF.classifications_0.25_0.26_116	Singlet	pANN_0.25_0.26_116	0.209228321400159
CNP0000460_CCTTACGAGACCACGA-1_2_1_1_1_1_1_1_1	CNP0000460_P02N	CNP0000460	DF.classifications_0.25_0.26_116	Singlet	pANN_0.25_0.26_116	0.230708035003978
CNP0000460_CCTTACGAGTGTCCAT-1_2_1_1_1_1_1_1_1	CNP0000460_P02N	CNP0000460	DF.classifications_0.25_0.26_116	Singlet	pANN_0.25_0.26_116	0.182975338106603
CNP0000460_CCTTACGGTTGGACCC-1_2_1_1_1_1_1_1_1	CNP0000460_P02N	CNP0000460	DF.classifications_0.25_0.26_116	Singlet	pANN_0.25_0.26_116	0.266507557677009
CNP0000460_CCTTACGTCCGTCAAA-1_2_1_1_1_1_1_1_1	CNP0000460_P02N	CNP0000460	DF.classifications_0.25_0.26_116	Singlet	pANN_0.25_0.26_116	0.261734287987271
CNP0000460_CCTTACGTCGTTTAGG-1_2_1_1_1_1_1_1_1	CNP0000460_P02N	CNP0000460	DF.classifications_0.25_0.26_116	Singlet	pANN_0.25_0.26_116	0.195704057279236
CNP0000460_CCTTACGTCTAACTTC-1_2_1_1_1_1_1_1_1	CNP0000460_P02N	CNP0000460	DF.classifications_0.25_0.26_116	Singlet	pANN_0.25_0.26_116	0.16945107398568
CNP0000460_CCTTCCCAGTGCTGCC-1_2_1_1_1_1_1_1_1	CNP0000460_P02N	CNP0000460	DF.classifications_0.25_0.26_116	Singlet	pANN_0.25_0.26_116	0.237867939538584
CNP0000460_CCTTCCCCAGGTCGTC-1_2_1_1_1_1_1_1_1	CNP0000460_P02N	CNP0000460	DF.classifications_0.25_0.26_116	Singlet	pANN_0.25_0.26_116	0.256165473349244
CNP0000460_CCTTCCCGTAAGCACG-1_2_1_1_1_1_1_1_1	CNP0000460_P02N	CNP0000460	DF.classifications_0.25_0.26_116	Singlet	pANN_0.25_0.26_116	0.223548130469372
CNP0000460_CCTTCCCGTACCAGTT-1_2_1_1_1_1_1_1_1	CNP0000460_P02N	CNP0000460	DF.classifications_0.25_0.26_116	Singlet	pANN_0.25_0.26_116	0.18933969769292
CNP0000460_CCTTCCCGTAGCTGCC-1_2_1_1_1_1_1_1_1	CNP0000460_P02N	CNP0000460	DF.classifications_0.25_0.26_116	Singlet	pANN_0.25_0.26_116	0.202863961813842
CNP0000460_CCTTCCCGTCAGCTAT-1_2_1_1_1_1_1_1_1	CNP0000460_P02N	CNP0000460	DF.classifications_0.25_0.26_116	Singlet	pANN_0.25_0.26_116	0.190930787589499
CNP0000460_CCTTCCCGTCCCGACA-1_2_1_1_1_1_1_1_1	CNP0000460_P02N	CNP0000460	DF.classifications_0.25_0.26_116	Singlet	pANN_0.25_0.26_116	0.242641209228321
CNP0000460_CCTTCCCGTGCACTTA-1_2_1_1_1_1_1_1_1	CNP0000460_P02N	CNP0000460	DF.classifications_0.25_0.26_116	Singlet	pANN_0.25_0.26_116	0.209228321400159
CNP0000460_CCTTCCCTCACAGGCC-1_2_1_1_1_1_1_1_1	CNP0000460_P02N	CNP0000460	DF.classifications_0.25_0.26_116	Singlet	pANN_0.25_0.26_116	0.217183770883055
CNP0000460_CCTTCCCTCCCGGATG-1_2_1_1_1_1_1_1_1	CNP0000460_P02N	CNP0000460	DF.classifications_0.25_0.26_116	Singlet	pANN_0.25_0.26_116	0.214001591089897
CNP0000460_CCTTCCCTCGAATCCA-1_2_1_1_1_1_1_1_1	CNP0000460_P02N	CNP0000460	DF.classifications_0.25_0.26_116	Singlet	pANN_0.25_0.26_116	0.291169451073986
CNP0000460_CCTTCGAAGAAAGTGG-1_2_1_1_1_1_1_1_1	CNP0000460_P02N	CNP0000460	DF.classifications_0.25_0.26_116	Singlet	pANN_0.25_0.26_116	0.209228321400159
CNP0000460_CCTTCGAAGGATGGTC-1_2_1_1_1_1_1_1_1	CNP0000460_P02N	CNP0000460	DF.classifications_0.25_0.26_116	Singlet	pANN_0.25_0.26_116	0.261734287987271
CNP0000460_CCTTCGACAAAGCGGT-1_2_1_1_1_1_1_1_1	CNP0000460_P02N	CNP0000460	DF.classifications_0.25_0.26_116	Singlet	pANN_0.25_0.26_116	0.295147175815434
CNP0000460_CCTTCGACAAGGTTCT-1_2_1_1_1_1_1_1_1	CNP0000460_P02N	CNP0000460	DF.classifications_0.25_0.26_116	Singlet	pANN_0.25_0.26_116	0.211614956245028
CNP0000460_CCTTCGACACAACTGT-1_2_1_1_1_1_1_1_1	CNP0000460_P02N	CNP0000460	DF.classifications_0.25_0.26_116	Singlet	pANN_0.25_0.26_116	0.237867939538584
CNP0000460_CCTTCGATCCGAGCCA-1_2_1_1_1_1_1_1_1	CNP0000460_P02N	CNP0000460	DF.classifications_0.25_0.26_116	Singlet	pANN_0.25_0.26_116	0.303898170246619
CNP0000460_CCTTCGATCTCAAGTG-1_2_1_1_1_1_1_1_1	CNP0000460_P02N	CNP0000460	DF.classifications_0.25_0.26_116	Doublet	pANN_0.25_0.26_116	0.381861575178998
CNP0000460_CCTTTCTAGCTAGTCT-1_2_1_1_1_1_1_1_1	CNP0000460_P02N	CNP0000460	DF.classifications_0.25_0.26_116	Singlet	pANN_0.25_0.26_116	0.229116945107399
CNP0000460_CCTTTCTAGGCAAAGA-1_2_1_1_1_1_1_1_1	CNP0000460_P02N	CNP0000460	DF.classifications_0.25_0.26_116	Singlet	pANN_0.25_0.26_116	0.173428798727128
CNP0000460_CCTTTCTCAGACGCCT-1_2_1_1_1_1_1_1_1	CNP0000460_P02N	CNP0000460	DF.classifications_0.25_0.26_116	Singlet	pANN_0.25_0.26_116	0.217183770883055
CNP0000460_CCTTTCTCATGGTAGG-1_2_1_1_1_1_1_1_1	CNP0000460_P02N	CNP0000460	DF.classifications_0.25_0.26_116	Singlet	pANN_0.25_0.26_116	0.210023866348449
CNP0000460_CCTTTCTGTAGCACGA-1_2_1_1_1_1_1_1_1	CNP0000460_P02N	CNP0000460	DF.classifications_0.25_0.26_116	Singlet	pANN_0.25_0.26_116	0.225139220365951
CNP0000460_CCTTTCTTCATAAAGG-1_2_1_1_1_1_1_1_1	CNP0000460_P02N	CNP0000460	DF.classifications_0.25_0.26_116	Singlet	pANN_0.25_0.26_116	0.22673031026253
CNP0000460_CCTTTCTTCATCACCC-1_2_1_1_1_1_1_1_1	CNP0000460_P02N	CNP0000460	DF.classifications_0.25_0.26_116	Singlet	pANN_0.25_0.26_116	0.204455051710422
CNP0000460_CCTTTCTTCCCATTTA-1_2_1_1_1_1_1_1_1	CNP0000460_P02N	CNP0000460	DF.classifications_0.25_0.26_116	Singlet	pANN_0.25_0.26_116	0.218774860779634
CNP0000460_CCTTTCTTCCGGCACA-1_2_1_1_1_1_1_1_1	CNP0000460_P02N	CNP0000460	DF.classifications_0.25_0.26_116	Singlet	pANN_0.25_0.26_116	0.286396181384248
CNP0000460_CCTTTCTTCGGTGTTA-1_2_1_1_1_1_1_1_1	CNP0000460_P02N	CNP0000460	DF.classifications_0.25_0.26_116	Singlet	pANN_0.25_0.26_116	0.361972951471758
CNP0000460_CCTTTCTTCTATCCCG-1_2_1_1_1_1_1_1_1	CNP0000460_P02N	CNP0000460	DF.classifications_0.25_0.26_116	Singlet	pANN_0.25_0.26_116	0.272871917263325
CNP0000460_CGAACATAGGACCACA-1_2_1_1_1_1_1_1_1	CNP0000460_P02N	CNP0000460	DF.classifications_0.25_0.26_116	Singlet	pANN_0.25_0.26_116	0.218774860779634
CNP0000460_CGAACATAGGTACTCT-1_2_1_1_1_1_1_1_1	CNP0000460_P02N	CNP0000460	DF.classifications_0.25_0.26_116	Singlet	pANN_0.25_0.26_116	0.243436754176611
CNP0000460_CGAACATAGTGGACGT-1_2_1_1_1_1_1_1_1	CNP0000460_P02N	CNP0000460	DF.classifications_0.25_0.26_116	Singlet	pANN_0.25_0.26_116	0.206046141607001
CNP0000460_CGAACATCACTCAGGC-1_2_1_1_1_1_1_1_1	CNP0000460_P02N	CNP0000460	DF.classifications_0.25_0.26_116	Singlet	pANN_0.25_0.26_116	0.229116945107399
CNP0000460_CGAACATCAGCCTATA-1_2_1_1_1_1_1_1_1	CNP0000460_P02N	CNP0000460	DF.classifications_0.25_0.26_116	Singlet	pANN_0.25_0.26_116	0.201272871917263
CNP0000460_CGAACATCAGCTTCGG-1_2_1_1_1_1_1_1_1	CNP0000460_P02N	CNP0000460	DF.classifications_0.25_0.26_116	Singlet	pANN_0.25_0.26_116	0.296738265712013
CNP0000460_CGAACATTCAGCTCGG-1_2_1_1_1_1_1_1_1	CNP0000460_P02N	CNP0000460	DF.classifications_0.25_0.26_116	Singlet	pANN_0.25_0.26_116	0.347653142402546
CNP0000460_CGAACATTCCTGTACC-1_2_1_1_1_1_1_1_1	CNP0000460_P02N	CNP0000460	DF.classifications_0.25_0.26_116	Singlet	pANN_0.25_0.26_116	0.202863961813842
CNP0000460_CGAACATTCTGTTGAG-1_2_1_1_1_1_1_1_1	CNP0000460_P02N	CNP0000460	DF.classifications_0.25_0.26_116	Singlet	pANN_0.25_0.26_116	0.205250596658711
CNP0000460_CGAATGTAGACAAGCC-1_2_1_1_1_1_1_1_1	CNP0000460_P02N	CNP0000460	DF.classifications_0.25_0.26_116	Singlet	pANN_0.25_0.26_116	0.210819411296738
CNP0000460_CGAATGTAGCTTCGCG-1_2_1_1_1_1_1_1_1	CNP0000460_P02N	CNP0000460	DF.classifications_0.25_0.26_116	Singlet	pANN_0.25_0.26_116	0.193317422434368
CNP0000460_CGAATGTAGGGTCGAT-1_2_1_1_1_1_1_1_1	CNP0000460_P02N	CNP0000460	DF.classifications_0.25_0.26_116	Singlet	pANN_0.25_0.26_116	0.209228321400159
CNP0000460_CGAATGTAGGTTACCT-1_2_1_1_1_1_1_1_1	CNP0000460_P02N	CNP0000460	DF.classifications_0.25_0.26_116	Singlet	pANN_0.25_0.26_116	0.305489260143198
CNP0000460_CGAATGTAGTACGACG-1_2_1_1_1_1_1_1_1	CNP0000460_P02N	CNP0000460	DF.classifications_0.25_0.26_116	Singlet	pANN_0.25_0.26_116	0.198090692124105
CNP0000460_CGAATGTCACCTATCC-1_2_1_1_1_1_1_1_1	CNP0000460_P02N	CNP0000460	DF.classifications_0.25_0.26_116	Singlet	pANN_0.25_0.26_116	0.251392203659507
CNP0000460_CGAATGTGTGCCTGTG-1_2_1_1_1_1_1_1_1	CNP0000460_P02N	CNP0000460	DF.classifications_0.25_0.26_116	Singlet	pANN_0.25_0.26_116	0.211614956245028
CNP0000460_CGAATGTTCATTGCGA-1_2_1_1_1_1_1_1_1	CNP0000460_P02N	CNP0000460	DF.classifications_0.25_0.26_116	Singlet	pANN_0.25_0.26_116	0.233094669848846
CNP0000460_CGACCTTAGCGAGAAA-1_2_1_1_1_1_1_1_1	CNP0000460_P02N	CNP0000460	DF.classifications_0.25_0.26_116	Singlet	pANN_0.25_0.26_116	0.230708035003978
CNP0000460_CGACCTTAGGGAGTAA-1_2_1_1_1_1_1_1_1	CNP0000460_P02N	CNP0000460	DF.classifications_0.25_0.26_116	Singlet	pANN_0.25_0.26_116	0.22593476531424
CNP0000460_CGACCTTAGGTGCAAC-1_2_1_1_1_1_1_1_1	CNP0000460_P02N	CNP0000460	DF.classifications_0.25_0.26_116	Singlet	pANN_0.25_0.26_116	0.196499602227526
CNP0000460_CGACCTTAGTGTACGG-1_2_1_1_1_1_1_1_1	CNP0000460_P02N	CNP0000460	DF.classifications_0.25_0.26_116	Singlet	pANN_0.25_0.26_116	0.20684168655529
CNP0000460_CGACCTTCAATAGCAA-1_2_1_1_1_1_1_1_1	CNP0000460_P02N	CNP0000460	DF.classifications_0.25_0.26_116	Singlet	pANN_0.25_0.26_116	0.216388225934765
CNP0000460_CGACCTTCACCAGATT-1_2_1_1_1_1_1_1_1	CNP0000460_P02N	CNP0000460	DF.classifications_0.25_0.26_116	Singlet	pANN_0.25_0.26_116	0.201272871917263
CNP0000460_CGACCTTGTTAAGATG-1_2_1_1_1_1_1_1_1	CNP0000460_P02N	CNP0000460	DF.classifications_0.25_0.26_116	Singlet	pANN_0.25_0.26_116	0.229116945107399
CNP0000460_CGACCTTTCGGTTCGG-1_2_1_1_1_1_1_1_1	CNP0000460_P02N	CNP0000460	DF.classifications_0.25_0.26_116	Singlet	pANN_0.25_0.26_116	0.217979315831344
CNP0000460_CGACTTCAGCCAACAG-1_2_1_1_1_1_1_1_1	CNP0000460_P02N	CNP0000460	DF.classifications_0.25_0.26_116	Singlet	pANN_0.25_0.26_116	0.247414478918059
CNP0000460_CGACTTCCAATGCCAT-1_2_1_1_1_1_1_1_1	CNP0000460_P02N	CNP0000460	DF.classifications_0.25_0.26_116	Singlet	pANN_0.25_0.26_116	0.185361972951472
CNP0000460_CGACTTCCAGCTCCGA-1_2_1_1_1_1_1_1_1	CNP0000460_P02N	CNP0000460	DF.classifications_0.25_0.26_116	Singlet	pANN_0.25_0.26_116	0.322195704057279
CNP0000460_CGACTTCCATACAGCT-1_2_1_1_1_1_1_1_1	CNP0000460_P02N	CNP0000460	DF.classifications_0.25_0.26_116	Singlet	pANN_0.25_0.26_116	0.221957040572792
CNP0000460_CGACTTCGTGATAAAC-1_2_1_1_1_1_1_1_1	CNP0000460_P02N	CNP0000460	DF.classifications_0.25_0.26_116	Singlet	pANN_0.25_0.26_116	0.143993635640414
CNP0000460_CGACTTCTCATCACCC-1_2_1_1_1_1_1_1_1	CNP0000460_P02N	CNP0000460	DF.classifications_0.25_0.26_116	Singlet	pANN_0.25_0.26_116	0.204455051710422
CNP0000460_CGACTTCTCCATTCTA-1_2_1_1_1_1_1_1_1	CNP0000460_P02N	CNP0000460	DF.classifications_0.25_0.26_116	Singlet	pANN_0.25_0.26_116	0.216388225934765
CNP0000460_CGACTTCTCGAATGGG-1_2_1_1_1_1_1_1_1	CNP0000460_P02N	CNP0000460	DF.classifications_0.25_0.26_116	Singlet	pANN_0.25_0.26_116	0.26491646778043
CNP0000460_CGAGAAGAGCGATATA-1_2_1_1_1_1_1_1_1	CNP0000460_P02N	CNP0000460	DF.classifications_0.25_0.26_116	Singlet	pANN_0.25_0.26_116	0.22673031026253
CNP0000460_CGAGAAGAGTCGCCGT-1_2_1_1_1_1_1_1_1	CNP0000460_P02N	CNP0000460	DF.classifications_0.25_0.26_116	Doublet	pANN_0.25_0.26_116	0.400954653937947
CNP0000460_CGAGAAGGTACGAAAT-1_2_1_1_1_1_1_1_1	CNP0000460_P02N	CNP0000460	DF.classifications_0.25_0.26_116	Singlet	pANN_0.25_0.26_116	0.249005568814638
CNP0000460_CGAGAAGGTTCAGGCC-1_2_1_1_1_1_1_1_1	CNP0000460_P02N	CNP0000460	DF.classifications_0.25_0.26_116	Singlet	pANN_0.25_0.26_116	0.233890214797136
CNP0000460_CGAGAAGTCCTTTCGG-1_2_1_1_1_1_1_1_1	CNP0000460_P02N	CNP0000460	DF.classifications_0.25_0.26_116	Singlet	pANN_0.25_0.26_116	0.215592680986476
CNP0000460_CGAGAAGTCTGACCTC-1_2_1_1_1_1_1_1_1	CNP0000460_P02N	CNP0000460	DF.classifications_0.25_0.26_116	Singlet	pANN_0.25_0.26_116	0.191726332537788
CNP0000460_CGAGCACAGACTAGGC-1_2_1_1_1_1_1_1_1	CNP0000460_P02N	CNP0000460	DF.classifications_0.25_0.26_116	Singlet	pANN_0.25_0.26_116	0.284009546539379
CNP0000460_CGAGCACAGCACCGCT-1_2_1_1_1_1_1_1_1	CNP0000460_P02N	CNP0000460	DF.classifications_0.25_0.26_116	Singlet	pANN_0.25_0.26_116	0.225139220365951
CNP0000460_CGAGCACCACGAAAGC-1_2_1_1_1_1_1_1_1	CNP0000460_P02N	CNP0000460	DF.classifications_0.25_0.26_116	Singlet	pANN_0.25_0.26_116	0.184566428003182
CNP0000460_CGAGCACCATTGTGCA-1_2_1_1_1_1_1_1_1	CNP0000460_P02N	CNP0000460	DF.classifications_0.25_0.26_116	Singlet	pANN_0.25_0.26_116	0.249801113762928
CNP0000460_CGAGCACGTATCACCA-1_2_1_1_1_1_1_1_1	CNP0000460_P02N	CNP0000460	DF.classifications_0.25_0.26_116	Singlet	pANN_0.25_0.26_116	0.178997613365155
CNP0000460_CGAGCACTCATGGTCA-1_2_1_1_1_1_1_1_1	CNP0000460_P02N	CNP0000460	DF.classifications_0.25_0.26_116	Singlet	pANN_0.25_0.26_116	0.338106603023071
CNP0000460_CGAGCACTCTGGCGTG-1_2_1_1_1_1_1_1_1	CNP0000460_P02N	CNP0000460	DF.classifications_0.25_0.26_116	Singlet	pANN_0.25_0.26_116	0.268098647573588
CNP0000460_CGAGCACTCTTGCCGT-1_2_1_1_1_1_1_1_1	CNP0000460_P02N	CNP0000460	DF.classifications_0.25_0.26_116	Singlet	pANN_0.25_0.26_116	0.280827366746221
CNP0000460_CGAGCCAAGACCACGA-1_2_1_1_1_1_1_1_1	CNP0000460_P02N	CNP0000460	DF.classifications_0.25_0.26_116	Singlet	pANN_0.25_0.26_116	0.317422434367542
CNP0000460_CGAGCCACAAGGACAC-1_2_1_1_1_1_1_1_1	CNP0000460_P02N	CNP0000460	DF.classifications_0.25_0.26_116	Singlet	pANN_0.25_0.26_116	0.194908512330947
CNP0000460_CGAGCCACACAGAGGT-1_2_1_1_1_1_1_1_1	CNP0000460_P02N	CNP0000460	DF.classifications_0.25_0.26_116	Singlet	pANN_0.25_0.26_116	0.193317422434368
CNP0000460_CGAGCCATCCACTGGG-1_2_1_1_1_1_1_1_1	CNP0000460_P02N	CNP0000460	DF.classifications_0.25_0.26_116	Singlet	pANN_0.25_0.26_116	0.18854415274463
CNP0000460_CGAGCCATCGCGTTTC-1_2_1_1_1_1_1_1_1	CNP0000460_P02N	CNP0000460	DF.classifications_0.25_0.26_116	Singlet	pANN_0.25_0.26_116	0.225139220365951
CNP0000460_CGATCGGAGGAATTAC-1_2_1_1_1_1_1_1_1	CNP0000460_P02N	CNP0000460	DF.classifications_0.25_0.26_116	Singlet	pANN_0.25_0.26_116	0.280031821797932
CNP0000460_CGATCGGCACCAGCAC-1_2_1_1_1_1_1_1_1	CNP0000460_P02N	CNP0000460	DF.classifications_0.25_0.26_116	Singlet	pANN_0.25_0.26_116	0.191726332537788
CNP0000460_CGATCGGGTCGCATAT-1_2_1_1_1_1_1_1_1	CNP0000460_P02N	CNP0000460	DF.classifications_0.25_0.26_116	Singlet	pANN_0.25_0.26_116	0.161495624502784
CNP0000460_CGATCGGTCCATGCTC-1_2_1_1_1_1_1_1_1	CNP0000460_P02N	CNP0000460	DF.classifications_0.25_0.26_116	Singlet	pANN_0.25_0.26_116	0.22593476531424
CNP0000460_CGATCGGTCGCTGATA-1_2_1_1_1_1_1_1_1	CNP0000460_P02N	CNP0000460	DF.classifications_0.25_0.26_116	Singlet	pANN_0.25_0.26_116	0.231503579952267
CNP0000460_CGATCGGTCTGTCTCG-1_2_1_1_1_1_1_1_1	CNP0000460_P02N	CNP0000460	DF.classifications_0.25_0.26_116	Singlet	pANN_0.25_0.26_116	0.233890214797136
CNP0000460_CGATCGGTCTTATCTG-1_2_1_1_1_1_1_1_1	CNP0000460_P02N	CNP0000460	DF.classifications_0.25_0.26_116	Singlet	pANN_0.25_0.26_116	0.206046141607001
CNP0000460_CGATGGCAGCTATGCT-1_2_1_1_1_1_1_1_1	CNP0000460_P02N	CNP0000460	DF.classifications_0.25_0.26_116	Singlet	pANN_0.25_0.26_116	0.215592680986476
CNP0000460_CGATGGCAGTCGCCGT-1_2_1_1_1_1_1_1_1	CNP0000460_P02N	CNP0000460	DF.classifications_0.25_0.26_116	Singlet	pANN_0.25_0.26_116	0.202068416865553
CNP0000460_CGATGGCCAATGGACG-1_2_1_1_1_1_1_1_1	CNP0000460_P02N	CNP0000460	DF.classifications_0.25_0.26_116	Singlet	pANN_0.25_0.26_116	0.198090692124105
CNP0000460_CGATGGCCAATGTAAG-1_2_1_1_1_1_1_1_1	CNP0000460_P02N	CNP0000460	DF.classifications_0.25_0.26_116	Singlet	pANN_0.25_0.26_116	0.220365950676213
CNP0000460_CGATGGCCACCACGTG-1_2_1_1_1_1_1_1_1	CNP0000460_P02N	CNP0000460	DF.classifications_0.25_0.26_116	Singlet	pANN_0.25_0.26_116	0.223548130469372
CNP0000460_CGATGGCGTAGCACGA-1_2_1_1_1_1_1_1_1	CNP0000460_P02N	CNP0000460	DF.classifications_0.25_0.26_116	Singlet	pANN_0.25_0.26_116	0.210819411296738
CNP0000460_CGATGGCGTCCGTTAA-1_2_1_1_1_1_1_1_1	CNP0000460_P02N	CNP0000460	DF.classifications_0.25_0.26_116	Singlet	pANN_0.25_0.26_116	0.204455051710422
CNP0000460_CGATGGCGTGAAGGCT-1_2_1_1_1_1_1_1_1	CNP0000460_P02N	CNP0000460	DF.classifications_0.25_0.26_116	Singlet	pANN_0.25_0.26_116	0.26412092283214
CNP0000460_CGATGGCGTGCCTGGT-1_2_1_1_1_1_1_1_1	CNP0000460_P02N	CNP0000460	DF.classifications_0.25_0.26_116	Singlet	pANN_0.25_0.26_116	0.205250596658711
CNP0000460_CGATGGCGTGCGGTAA-1_2_1_1_1_1_1_1_1	CNP0000460_P02N	CNP0000460	DF.classifications_0.25_0.26_116	Singlet	pANN_0.25_0.26_116	0.180588703261734
CNP0000460_CGATGGCGTGGACGAT-1_2_1_1_1_1_1_1_1	CNP0000460_P02N	CNP0000460	DF.classifications_0.25_0.26_116	Singlet	pANN_0.25_0.26_116	0.249801113762928
CNP0000460_CGATGGCTCAAACCGT-1_2_1_1_1_1_1_1_1	CNP0000460_P02N	CNP0000460	DF.classifications_0.25_0.26_116	Singlet	pANN_0.25_0.26_116	0.284805091487669
CNP0000460_CGATGGCTCCGCAGTG-1_2_1_1_1_1_1_1_1	CNP0000460_P02N	CNP0000460	DF.classifications_0.25_0.26_116	Singlet	pANN_0.25_0.26_116	0.153540175019889
CNP0000460_CGATGGCTCCTTAATC-1_2_1_1_1_1_1_1_1	CNP0000460_P02N	CNP0000460	DF.classifications_0.25_0.26_116	Singlet	pANN_0.25_0.26_116	0.229912490055688
CNP0000460_CGATGGCTCTTTCCTC-1_2_1_1_1_1_1_1_1	CNP0000460_P02N	CNP0000460	DF.classifications_0.25_0.26_116	Singlet	pANN_0.25_0.26_116	0.161495624502784
CNP0000460_CGATGTAAGGCATGGT-1_2_1_1_1_1_1_1_1	CNP0000460_P02N	CNP0000460	DF.classifications_0.25_0.26_116	Singlet	pANN_0.25_0.26_116	0.22673031026253
CNP0000460_CGATGTACAGCCTTTC-1_2_1_1_1_1_1_1_1	CNP0000460_P02N	CNP0000460	DF.classifications_0.25_0.26_116	Singlet	pANN_0.25_0.26_116	0.173428798727128
CNP0000460_CGATGTACAGTGACAG-1_2_1_1_1_1_1_1_1	CNP0000460_P02N	CNP0000460	DF.classifications_0.25_0.26_116	Singlet	pANN_0.25_0.26_116	0.20684168655529
CNP0000460_CGATGTAGTGATGATA-1_2_1_1_1_1_1_1_1	CNP0000460_P02N	CNP0000460	DF.classifications_0.25_0.26_116	Singlet	pANN_0.25_0.26_116	0.215592680986476
CNP0000460_CGATGTATCATCGATG-1_2_1_1_1_1_1_1_1	CNP0000460_P02N	CNP0000460	DF.classifications_0.25_0.26_116	Singlet	pANN_0.25_0.26_116	0.18933969769292
CNP0000460_CGATGTATCGGATGGA-1_2_1_1_1_1_1_1_1	CNP0000460_P02N	CNP0000460	DF.classifications_0.25_0.26_116	Singlet	pANN_0.25_0.26_116	0.213206046141607
CNP0000460_CGATTGAAGCTCCTCT-1_2_1_1_1_1_1_1_1	CNP0000460_P02N	CNP0000460	DF.classifications_0.25_0.26_116	Singlet	pANN_0.25_0.26_116	0.221161495624503
CNP0000460_CGATTGAAGTTACCCA-1_2_1_1_1_1_1_1_1	CNP0000460_P02N	CNP0000460	DF.classifications_0.25_0.26_116	Singlet	pANN_0.25_0.26_116	0.194112967382657
CNP0000460_CGATTGACACCAGCAC-1_2_1_1_1_1_1_1_1	CNP0000460_P02N	CNP0000460	DF.classifications_0.25_0.26_116	Singlet	pANN_0.25_0.26_116	0.204455051710422
CNP0000460_CGATTGACACCGATAT-1_2_1_1_1_1_1_1_1	CNP0000460_P02N	CNP0000460	DF.classifications_0.25_0.26_116	Singlet	pANN_0.25_0.26_116	0.197295147175815
CNP0000460_CGATTGAGTATCAGTC-1_2_1_1_1_1_1_1_1	CNP0000460_P02N	CNP0000460	DF.classifications_0.25_0.26_116	Doublet	pANN_0.25_0.26_116	0.392203659506762
CNP0000460_CGATTGATCGCCAGCA-1_2_1_1_1_1_1_1_1	CNP0000460_P02N	CNP0000460	DF.classifications_0.25_0.26_116	Singlet	pANN_0.25_0.26_116	0.182179793158313
CNP0000460_CGATTGATCGTCTGCT-1_2_1_1_1_1_1_1_1	CNP0000460_P02N	CNP0000460	DF.classifications_0.25_0.26_116	Singlet	pANN_0.25_0.26_116	0.202068416865553
CNP0000460_CGATTGATCTTATCTG-1_2_1_1_1_1_1_1_1	CNP0000460_P02N	CNP0000460	DF.classifications_0.25_0.26_116	Singlet	pANN_0.25_0.26_116	0.221957040572792
CNP0000460_CGCCAAGAGTACGACG-1_2_1_1_1_1_1_1_1	CNP0000460_P02N	CNP0000460	DF.classifications_0.25_0.26_116	Singlet	pANN_0.25_0.26_116	0.26332537788385
CNP0000460_CGCCAAGGTGCTCTTC-1_2_1_1_1_1_1_1_1	CNP0000460_P02N	CNP0000460	DF.classifications_0.25_0.26_116	Singlet	pANN_0.25_0.26_116	0.185361972951472
CNP0000460_CGCCAAGTCACGAAGG-1_2_1_1_1_1_1_1_1	CNP0000460_P02N	CNP0000460	DF.classifications_0.25_0.26_116	Singlet	pANN_0.25_0.26_116	0.222752585521082
CNP0000460_CGCCAAGTCGTCCAGG-1_2_1_1_1_1_1_1_1	CNP0000460_P02N	CNP0000460	DF.classifications_0.25_0.26_116	Singlet	pANN_0.25_0.26_116	0.286396181384248
CNP0000460_CGCGGTAAGAAGAAGC-1_2_1_1_1_1_1_1_1	CNP0000460_P02N	CNP0000460	DF.classifications_0.25_0.26_116	Singlet	pANN_0.25_0.26_116	0.227525855210819
CNP0000460_CGCGGTAAGAGCAATT-1_2_1_1_1_1_1_1_1	CNP0000460_P02N	CNP0000460	DF.classifications_0.25_0.26_116	Doublet	pANN_0.25_0.26_116	0.451869530628481
CNP0000460_CGCGGTAAGGGAAACA-1_2_1_1_1_1_1_1_1	CNP0000460_P02N	CNP0000460	DF.classifications_0.25_0.26_116	Singlet	pANN_0.25_0.26_116	0.193317422434368
CNP0000460_CGCGGTAAGTCTCCTC-1_2_1_1_1_1_1_1_1	CNP0000460_P02N	CNP0000460	DF.classifications_0.25_0.26_116	Doublet	pANN_0.25_0.26_116	0.408114558472554
CNP0000460_CGCGGTACAACTTGAC-1_2_1_1_1_1_1_1_1	CNP0000460_P02N	CNP0000460	DF.classifications_0.25_0.26_116	Singlet	pANN_0.25_0.26_116	0.267303102625298
CNP0000460_CGCGGTAGTAACGCGA-1_2_1_1_1_1_1_1_1	CNP0000460_P02N	CNP0000460	DF.classifications_0.25_0.26_116	Singlet	pANN_0.25_0.26_116	0.233890214797136
CNP0000460_CGCGGTATCCTTTACA-1_2_1_1_1_1_1_1_1	CNP0000460_P02N	CNP0000460	DF.classifications_0.25_0.26_116	Singlet	pANN_0.25_0.26_116	0.236276849642005
CNP0000460_CGCGGTATCGCTTAGA-1_2_1_1_1_1_1_1_1	CNP0000460_P02N	CNP0000460	DF.classifications_0.25_0.26_116	Singlet	pANN_0.25_0.26_116	0.260938743038982
CNP0000460_CGCGGTATCTACCTGC-1_2_1_1_1_1_1_1_1	CNP0000460_P02N	CNP0000460	DF.classifications_0.25_0.26_116	Singlet	pANN_0.25_0.26_116	0.205250596658711
CNP0000460_CGCGGTATCTCCTATA-1_2_1_1_1_1_1_1_1	CNP0000460_P02N	CNP0000460	DF.classifications_0.25_0.26_116	Singlet	pANN_0.25_0.26_116	0.277645186953063
CNP0000460_CGCGTTTAGAGAACAG-1_2_1_1_1_1_1_1_1	CNP0000460_P02N	CNP0000460	DF.classifications_0.25_0.26_116	Singlet	pANN_0.25_0.26_116	0.177406523468576
CNP0000460_CGCGTTTCATCAGTAC-1_2_1_1_1_1_1_1_1	CNP0000460_P02N	CNP0000460	DF.classifications_0.25_0.26_116	Singlet	pANN_0.25_0.26_116	0.201272871917263
CNP0000460_CGCGTTTGTCAAACTC-1_2_1_1_1_1_1_1_1	CNP0000460_P02N	CNP0000460	DF.classifications_0.25_0.26_116	Singlet	pANN_0.25_0.26_116	0.214001591089897
CNP0000460_CGCGTTTGTCCCGACA-1_2_1_1_1_1_1_1_1	CNP0000460_P02N	CNP0000460	DF.classifications_0.25_0.26_116	Singlet	pANN_0.25_0.26_116	0.187748607796341
CNP0000460_CGCGTTTTCCAGTATG-1_2_1_1_1_1_1_1_1	CNP0000460_P02N	CNP0000460	DF.classifications_0.25_0.26_116	Singlet	pANN_0.25_0.26_116	0.163086714399364
CNP0000460_CGCTATCAGAGTAAGG-1_2_1_1_1_1_1_1_1	CNP0000460_P02N	CNP0000460	DF.classifications_0.25_0.26_116	Singlet	pANN_0.25_0.26_116	0.276054097056484
CNP0000460_CGCTATCAGCCCGAAA-1_2_1_1_1_1_1_1_1	CNP0000460_P02N	CNP0000460	DF.classifications_0.25_0.26_116	Singlet	pANN_0.25_0.26_116	0.231503579952267
CNP0000460_CGCTATCAGGAGTTGC-1_2_1_1_1_1_1_1_1	CNP0000460_P02N	CNP0000460	DF.classifications_0.25_0.26_116	Singlet	pANN_0.25_0.26_116	0.228321400159109
CNP0000460_CGCTATCAGTTGTAGA-1_2_1_1_1_1_1_1_1	CNP0000460_P02N	CNP0000460	DF.classifications_0.25_0.26_116	Singlet	pANN_0.25_0.26_116	0.227525855210819
CNP0000460_CGCTATCCAAATTGCC-1_2_1_1_1_1_1_1_1	CNP0000460_P02N	CNP0000460	DF.classifications_0.25_0.26_116	Singlet	pANN_0.25_0.26_116	0.185361972951472
CNP0000460_CGCTATCGTTTCCACC-1_2_1_1_1_1_1_1_1	CNP0000460_P02N	CNP0000460	DF.classifications_0.25_0.26_116	Singlet	pANN_0.25_0.26_116	0.147175815433572
CNP0000460_CGCTATCTCCTTAATC-1_2_1_1_1_1_1_1_1	CNP0000460_P02N	CNP0000460	DF.classifications_0.25_0.26_116	Singlet	pANN_0.25_0.26_116	0.237867939538584
CNP0000460_CGCTGGACAATGACCT-1_2_1_1_1_1_1_1_1	CNP0000460_P02N	CNP0000460	DF.classifications_0.25_0.26_116	Singlet	pANN_0.25_0.26_116	0.148766905330151
CNP0000460_CGCTGGACAGCCTGTG-1_2_1_1_1_1_1_1_1	CNP0000460_P02N	CNP0000460	DF.classifications_0.25_0.26_116	Singlet	pANN_0.25_0.26_116	0.216388225934765
CNP0000460_CGCTGGACAGTTCCCT-1_2_1_1_1_1_1_1_1	CNP0000460_P02N	CNP0000460	DF.classifications_0.25_0.26_116	Singlet	pANN_0.25_0.26_116	0.205250596658711
CNP0000460_CGCTGGAGTCTAAACC-1_2_1_1_1_1_1_1_1	CNP0000460_P02N	CNP0000460	DF.classifications_0.25_0.26_116	Singlet	pANN_0.25_0.26_116	0.299124900556881
CNP0000460_CGCTGGAGTCTACCTC-1_2_1_1_1_1_1_1_1	CNP0000460_P02N	CNP0000460	DF.classifications_0.25_0.26_116	Singlet	pANN_0.25_0.26_116	0.239459029435163
CNP0000460_CGCTGGATCAACACTG-1_2_1_1_1_1_1_1_1	CNP0000460_P02N	CNP0000460	DF.classifications_0.25_0.26_116	Singlet	pANN_0.25_0.26_116	0.202068416865553
CNP0000460_CGCTGGATCAGAGCTT-1_2_1_1_1_1_1_1_1	CNP0000460_P02N	CNP0000460	DF.classifications_0.25_0.26_116	Singlet	pANN_0.25_0.26_116	0.196499602227526
CNP0000460_CGCTTCAAGAAGGTTT-1_2_1_1_1_1_1_1_1	CNP0000460_P02N	CNP0000460	DF.classifications_0.25_0.26_116	Singlet	pANN_0.25_0.26_116	0.240254574383453
CNP0000460_CGCTTCAAGAATGTTG-1_2_1_1_1_1_1_1_1	CNP0000460_P02N	CNP0000460	DF.classifications_0.25_0.26_116	Singlet	pANN_0.25_0.26_116	0.244232299124901
CNP0000460_CGCTTCAAGCAATATG-1_2_1_1_1_1_1_1_1	CNP0000460_P02N	CNP0000460	DF.classifications_0.25_0.26_116	Singlet	pANN_0.25_0.26_116	0.235481304693715
CNP0000460_CGCTTCAAGCGAGAAA-1_2_1_1_1_1_1_1_1	CNP0000460_P02N	CNP0000460	DF.classifications_0.25_0.26_116	Singlet	pANN_0.25_0.26_116	0.251392203659507
CNP0000460_CGCTTCAAGTCTTGCA-1_2_1_1_1_1_1_1_1	CNP0000460_P02N	CNP0000460	DF.classifications_0.25_0.26_116	Singlet	pANN_0.25_0.26_116	0.335719968178202
CNP0000460_CGCTTCACACTGTTAG-1_2_1_1_1_1_1_1_1	CNP0000460_P02N	CNP0000460	DF.classifications_0.25_0.26_116	Singlet	pANN_0.25_0.26_116	0.233094669848846
CNP0000460_CGCTTCACAGAGCCAA-1_2_1_1_1_1_1_1_1	CNP0000460_P02N	CNP0000460	DF.classifications_0.25_0.26_116	Singlet	pANN_0.25_0.26_116	0.180588703261734
CNP0000460_CGCTTCAGTACAGTTC-1_2_1_1_1_1_1_1_1	CNP0000460_P02N	CNP0000460	DF.classifications_0.25_0.26_116	Singlet	pANN_0.25_0.26_116	0.166268894192522
CNP0000460_CGCTTCAGTTCAACCA-1_2_1_1_1_1_1_1_1	CNP0000460_P02N	CNP0000460	DF.classifications_0.25_0.26_116	Singlet	pANN_0.25_0.26_116	0.213206046141607
CNP0000460_CGCTTCATCACGAAGG-1_2_1_1_1_1_1_1_1	CNP0000460_P02N	CNP0000460	DF.classifications_0.25_0.26_116	Singlet	pANN_0.25_0.26_116	0.233094669848846
CNP0000460_CGCTTCATCTGAGTGT-1_2_1_1_1_1_1_1_1	CNP0000460_P02N	CNP0000460	DF.classifications_0.25_0.26_116	Singlet	pANN_0.25_0.26_116	0.252187748607796
CNP0000460_CGGACACAGACTGGGT-1_2_1_1_1_1_1_1_1	CNP0000460_P02N	CNP0000460	DF.classifications_0.25_0.26_116	Singlet	pANN_0.25_0.26_116	0.20684168655529
CNP0000460_CGGACACAGAGACGAA-1_2_1_1_1_1_1_1_1	CNP0000460_P02N	CNP0000460	DF.classifications_0.25_0.26_116	Singlet	pANN_0.25_0.26_116	0.15115354017502
CNP0000460_CGGACACAGATGTAAC-1_2_1_1_1_1_1_1_1	CNP0000460_P02N	CNP0000460	DF.classifications_0.25_0.26_116	Singlet	pANN_0.25_0.26_116	0.235481304693715
CNP0000460_CGGACACAGTAGCCGA-1_2_1_1_1_1_1_1_1	CNP0000460_P02N	CNP0000460	DF.classifications_0.25_0.26_116	Singlet	pANN_0.25_0.26_116	0.171042163882259
CNP0000460_CGGACACGTCTGCGGT-1_2_1_1_1_1_1_1_1	CNP0000460_P02N	CNP0000460	DF.classifications_0.25_0.26_116	Singlet	pANN_0.25_0.26_116	0.183770883054893
CNP0000460_CGGACACTCTTGCAAG-1_2_1_1_1_1_1_1_1	CNP0000460_P02N	CNP0000460	DF.classifications_0.25_0.26_116	Singlet	pANN_0.25_0.26_116	0.20843277645187
CNP0000460_CGGACGTAGCGCTTAT-1_2_1_1_1_1_1_1_1	CNP0000460_P02N	CNP0000460	DF.classifications_0.25_0.26_116	Singlet	pANN_0.25_0.26_116	0.185361972951472
CNP0000460_CGGACGTGTCATCGGC-1_2_1_1_1_1_1_1_1	CNP0000460_P02N	CNP0000460	DF.classifications_0.25_0.26_116	Singlet	pANN_0.25_0.26_116	0.196499602227526
CNP0000460_CGGACTGAGGACAGAA-1_2_1_1_1_1_1_1_1	CNP0000460_P02N	CNP0000460	DF.classifications_0.25_0.26_116	Singlet	pANN_0.25_0.26_116	0.154335719968178
CNP0000460_CGGACTGAGGAGCGTT-1_2_1_1_1_1_1_1_1	CNP0000460_P02N	CNP0000460	DF.classifications_0.25_0.26_116	Singlet	pANN_0.25_0.26_116	0.16945107398568
CNP0000460_CGGACTGCAATCCGAT-1_2_1_1_1_1_1_1_1	CNP0000460_P02N	CNP0000460	DF.classifications_0.25_0.26_116	Singlet	pANN_0.25_0.26_116	0.167064439140811
CNP0000460_CGGACTGTCACGCGGT-1_2_1_1_1_1_1_1_1	CNP0000460_P02N	CNP0000460	DF.classifications_0.25_0.26_116	Singlet	pANN_0.25_0.26_116	0.267303102625298
CNP0000460_CGGACTGTCAGGCAAG-1_2_1_1_1_1_1_1_1	CNP0000460_P02N	CNP0000460	DF.classifications_0.25_0.26_116	Singlet	pANN_0.25_0.26_116	0.214797136038186
CNP0000460_CGGACTGTCCACGCAG-1_2_1_1_1_1_1_1_1	CNP0000460_P02N	CNP0000460	DF.classifications_0.25_0.26_116	Singlet	pANN_0.25_0.26_116	0.235481304693715
CNP0000460_CGGACTGTCCCTCAGT-1_2_1_1_1_1_1_1_1	CNP0000460_P02N	CNP0000460	DF.classifications_0.25_0.26_116	Singlet	pANN_0.25_0.26_116	0.268894192521877
CNP0000460_CGGACTGTCCGGGTGT-1_2_1_1_1_1_1_1_1	CNP0000460_P02N	CNP0000460	DF.classifications_0.25_0.26_116	Singlet	pANN_0.25_0.26_116	0.175019888623707
CNP0000460_CGGACTGTCTGCAAGT-1_2_1_1_1_1_1_1_1	CNP0000460_P02N	CNP0000460	DF.classifications_0.25_0.26_116	Singlet	pANN_0.25_0.26_116	0.272076372315036
CNP0000460_CGGAGCTAGGCCCTCA-1_2_1_1_1_1_1_1_1	CNP0000460_P02N	CNP0000460	DF.classifications_0.25_0.26_116	Doublet	pANN_0.25_0.26_116	0.378679395385839
CNP0000460_CGGAGCTCACGTTGGC-1_2_1_1_1_1_1_1_1	CNP0000460_P02N	CNP0000460	DF.classifications_0.25_0.26_116	Singlet	pANN_0.25_0.26_116	0.343675417661098
CNP0000460_CGGAGCTCAGGACGTA-1_2_1_1_1_1_1_1_1	CNP0000460_P02N	CNP0000460	DF.classifications_0.25_0.26_116	Singlet	pANN_0.25_0.26_116	0.194112967382657
CNP0000460_CGGAGCTCATATACCG-1_2_1_1_1_1_1_1_1	CNP0000460_P02N	CNP0000460	DF.classifications_0.25_0.26_116	Singlet	pANN_0.25_0.26_116	0.166268894192522
CNP0000460_CGGAGCTGTGATGATA-1_2_1_1_1_1_1_1_1	CNP0000460_P02N	CNP0000460	DF.classifications_0.25_0.26_116	Singlet	pANN_0.25_0.26_116	0.225139220365951
CNP0000460_CGGAGCTGTGCCTGTG-1_2_1_1_1_1_1_1_1	CNP0000460_P02N	CNP0000460	DF.classifications_0.25_0.26_116	Singlet	pANN_0.25_0.26_116	0.180588703261734
CNP0000460_CGGAGCTTCAACGCTA-1_2_1_1_1_1_1_1_1	CNP0000460_P02N	CNP0000460	DF.classifications_0.25_0.26_116	Singlet	pANN_0.25_0.26_116	0.318217979315831
CNP0000460_CGGAGCTTCAGATAAG-1_2_1_1_1_1_1_1_1	CNP0000460_P02N	CNP0000460	DF.classifications_0.25_0.26_116	Singlet	pANN_0.25_0.26_116	0.186953062848051
CNP0000460_CGGAGTCAGCCAACAG-1_2_1_1_1_1_1_1_1	CNP0000460_P02N	CNP0000460	DF.classifications_0.25_0.26_116	Singlet	pANN_0.25_0.26_116	0.195704057279236
CNP0000460_CGGAGTCAGTCGTTTG-1_2_1_1_1_1_1_1_1	CNP0000460_P02N	CNP0000460	DF.classifications_0.25_0.26_116	Singlet	pANN_0.25_0.26_116	0.295942720763723
CNP0000460_CGGAGTCCAGTATAAG-1_2_1_1_1_1_1_1_1	CNP0000460_P02N	CNP0000460	DF.classifications_0.25_0.26_116	Singlet	pANN_0.25_0.26_116	0.114558472553699
CNP0000460_CGGAGTCTCTCAACTT-1_2_1_1_1_1_1_1_1	CNP0000460_P02N	CNP0000460	DF.classifications_0.25_0.26_116	Singlet	pANN_0.25_0.26_116	0.182975338106603
CNP0000460_CGGAGTCTCTTGAGAC-1_2_1_1_1_1_1_1_1	CNP0000460_P02N	CNP0000460	DF.classifications_0.25_0.26_116	Singlet	pANN_0.25_0.26_116	0.230708035003978
CNP0000460_CGGAGTCTCTTGCATT-1_2_1_1_1_1_1_1_1	CNP0000460_P02N	CNP0000460	DF.classifications_0.25_0.26_116	Singlet	pANN_0.25_0.26_116	0.222752585521082
CNP0000460_CGGCTAGAGCACCGCT-1_2_1_1_1_1_1_1_1	CNP0000460_P02N	CNP0000460	DF.classifications_0.25_0.26_116	Singlet	pANN_0.25_0.26_116	0.193317422434368
CNP0000460_CGGCTAGCACTCTGTC-1_2_1_1_1_1_1_1_1	CNP0000460_P02N	CNP0000460	DF.classifications_0.25_0.26_116	Singlet	pANN_0.25_0.26_116	0.227525855210819
CNP0000460_CGGCTAGCAGGGCATA-1_2_1_1_1_1_1_1_1	CNP0000460_P02N	CNP0000460	DF.classifications_0.25_0.26_116	Singlet	pANN_0.25_0.26_116	0.193317422434368
CNP0000460_CGGCTAGCATCTCGCT-1_2_1_1_1_1_1_1_1	CNP0000460_P02N	CNP0000460	DF.classifications_0.25_0.26_116	Singlet	pANN_0.25_0.26_116	0.20763723150358
CNP0000460_CGGCTAGGTATATCCG-1_2_1_1_1_1_1_1_1	CNP0000460_P02N	CNP0000460	DF.classifications_0.25_0.26_116	Singlet	pANN_0.25_0.26_116	0.186953062848051
CNP0000460_CGGCTAGGTCTAGCGC-1_2_1_1_1_1_1_1_1	CNP0000460_P02N	CNP0000460	DF.classifications_0.25_0.26_116	Singlet	pANN_0.25_0.26_116	0.20843277645187
CNP0000460_CGGCTAGGTTCAGCGC-1_2_1_1_1_1_1_1_1	CNP0000460_P02N	CNP0000460	DF.classifications_0.25_0.26_116	Singlet	pANN_0.25_0.26_116	0.231503579952267
CNP0000460_CGGGTCAAGCCAGGAT-1_2_1_1_1_1_1_1_1	CNP0000460_P02N	CNP0000460	DF.classifications_0.25_0.26_116	Singlet	pANN_0.25_0.26_116	0.228321400159109
CNP0000460_CGGGTCAAGGAGTAGA-1_2_1_1_1_1_1_1_1	CNP0000460_P02N	CNP0000460	DF.classifications_0.25_0.26_116	Singlet	pANN_0.25_0.26_116	0.342879872712808
CNP0000460_CGGGTCACACTTAAGC-1_2_1_1_1_1_1_1_1	CNP0000460_P02N	CNP0000460	DF.classifications_0.25_0.26_116	Singlet	pANN_0.25_0.26_116	0.177406523468576
CNP0000460_CGGGTCAGTAAACACA-1_2_1_1_1_1_1_1_1	CNP0000460_P02N	CNP0000460	DF.classifications_0.25_0.26_116	Singlet	pANN_0.25_0.26_116	0.213206046141607
CNP0000460_CGGGTCAGTCCGTCAG-1_2_1_1_1_1_1_1_1	CNP0000460_P02N	CNP0000460	DF.classifications_0.25_0.26_116	Singlet	pANN_0.25_0.26_116	0.201272871917263
CNP0000460_CGGGTCATCGGAAACG-1_2_1_1_1_1_1_1_1	CNP0000460_P02N	CNP0000460	DF.classifications_0.25_0.26_116	Singlet	pANN_0.25_0.26_116	0.233094669848846
CNP0000460_CGGGTCATCTGCGACG-1_2_1_1_1_1_1_1_1	CNP0000460_P02N	CNP0000460	DF.classifications_0.25_0.26_116	Singlet	pANN_0.25_0.26_116	0.216388225934765
CNP0000460_CGGTTAAAGACGACGT-1_2_1_1_1_1_1_1_1	CNP0000460_P02N	CNP0000460	DF.classifications_0.25_0.26_116	Singlet	pANN_0.25_0.26_116	0.225139220365951
CNP0000460_CGGTTAAAGCGAAGGG-1_2_1_1_1_1_1_1_1	CNP0000460_P02N	CNP0000460	DF.classifications_0.25_0.26_116	Singlet	pANN_0.25_0.26_116	0.182975338106603
CNP0000460_CGGTTAAGTACCGAGA-1_2_1_1_1_1_1_1_1	CNP0000460_P02N	CNP0000460	DF.classifications_0.25_0.26_116	Singlet	pANN_0.25_0.26_116	0.223548130469372
CNP0000460_CGGTTAAGTCGCTTCT-1_2_1_1_1_1_1_1_1	CNP0000460_P02N	CNP0000460	DF.classifications_0.25_0.26_116	Singlet	pANN_0.25_0.26_116	0.15035799522673
CNP0000460_CGGTTAAGTTGAGGTG-1_2_1_1_1_1_1_1_1	CNP0000460_P02N	CNP0000460	DF.classifications_0.25_0.26_116	Singlet	pANN_0.25_0.26_116	0.163882259347653
CNP0000460_CGGTTAATCATATCGG-1_2_1_1_1_1_1_1_1	CNP0000460_P02N	CNP0000460	DF.classifications_0.25_0.26_116	Singlet	pANN_0.25_0.26_116	0.184566428003182
CNP0000460_CGGTTAATCGAGCCCA-1_2_1_1_1_1_1_1_1	CNP0000460_P02N	CNP0000460	DF.classifications_0.25_0.26_116	Singlet	pANN_0.25_0.26_116	0.179793158313445
CNP0000460_CGTAGCGAGGCATGTG-1_2_1_1_1_1_1_1_1	CNP0000460_P02N	CNP0000460	DF.classifications_0.25_0.26_116	Singlet	pANN_0.25_0.26_116	0.227525855210819
CNP0000460_CGTAGCGCAATGCCAT-1_2_1_1_1_1_1_1_1	CNP0000460_P02N	CNP0000460	DF.classifications_0.25_0.26_116	Singlet	pANN_0.25_0.26_116	0.209228321400159
CNP0000460_CGTAGCGTCATACGGT-1_2_1_1_1_1_1_1_1	CNP0000460_P02N	CNP0000460	DF.classifications_0.25_0.26_116	Singlet	pANN_0.25_0.26_116	0.191726332537788
CNP0000460_CGTAGGCAGACTAGAT-1_2_1_1_1_1_1_1_1	CNP0000460_P02N	CNP0000460	DF.classifications_0.25_0.26_116	Singlet	pANN_0.25_0.26_116	0.243436754176611
CNP0000460_CGTAGGCAGATCTGAA-1_2_1_1_1_1_1_1_1	CNP0000460_P02N	CNP0000460	DF.classifications_0.25_0.26_116	Singlet	pANN_0.25_0.26_116	0.183770883054893
CNP0000460_CGTAGGCAGTCACGCC-1_2_1_1_1_1_1_1_1	CNP0000460_P02N	CNP0000460	DF.classifications_0.25_0.26_116	Singlet	pANN_0.25_0.26_116	0.253778838504375
CNP0000460_CGTAGGCAGTTTAGGA-1_2_1_1_1_1_1_1_1	CNP0000460_P02N	CNP0000460	DF.classifications_0.25_0.26_116	Singlet	pANN_0.25_0.26_116	0.206046141607001
CNP0000460_CGTAGGCGTAATAGCA-1_2_1_1_1_1_1_1_1	CNP0000460_P02N	CNP0000460	DF.classifications_0.25_0.26_116	Singlet	pANN_0.25_0.26_116	0.177406523468576
CNP0000460_CGTAGGCGTCAGTGGA-1_2_1_1_1_1_1_1_1	CNP0000460_P02N	CNP0000460	DF.classifications_0.25_0.26_116	Singlet	pANN_0.25_0.26_116	0.28321400159109
CNP0000460_CGTAGGCGTTCGTGAT-1_2_1_1_1_1_1_1_1	CNP0000460_P02N	CNP0000460	DF.classifications_0.25_0.26_116	Singlet	pANN_0.25_0.26_116	0.280827366746221
CNP0000460_CGTAGGCTCTGCGTAA-1_2_1_1_1_1_1_1_1	CNP0000460_P02N	CNP0000460	DF.classifications_0.25_0.26_116	Singlet	pANN_0.25_0.26_116	0.323786793953858
CNP0000460_CGTCACTCACCAGGCT-1_2_1_1_1_1_1_1_1	CNP0000460_P02N	CNP0000460	DF.classifications_0.25_0.26_116	Singlet	pANN_0.25_0.26_116	0.206046141607001
CNP0000460_CGTCACTCATACTCTT-1_2_1_1_1_1_1_1_1	CNP0000460_P02N	CNP0000460	DF.classifications_0.25_0.26_116	Singlet	pANN_0.25_0.26_116	0.221957040572792
CNP0000460_CGTCACTGTACATGTC-1_2_1_1_1_1_1_1_1	CNP0000460_P02N	CNP0000460	DF.classifications_0.25_0.26_116	Singlet	pANN_0.25_0.26_116	0.202863961813842
CNP0000460_CGTCACTGTCGATTGT-1_2_1_1_1_1_1_1_1	CNP0000460_P02N	CNP0000460	DF.classifications_0.25_0.26_116	Singlet	pANN_0.25_0.26_116	0.197295147175815
CNP0000460_CGTCACTGTTCAACCA-1_2_1_1_1_1_1_1_1	CNP0000460_P02N	CNP0000460	DF.classifications_0.25_0.26_116	Singlet	pANN_0.25_0.26_116	0.200477326968974
CNP0000460_CGTCACTTCAGTTAGC-1_2_1_1_1_1_1_1_1	CNP0000460_P02N	CNP0000460	DF.classifications_0.25_0.26_116	Singlet	pANN_0.25_0.26_116	0.18933969769292
CNP0000460_CGTCAGGAGAACTGTA-1_2_1_1_1_1_1_1_1	CNP0000460_P02N	CNP0000460	DF.classifications_0.25_0.26_116	Singlet	pANN_0.25_0.26_116	0.240254574383453
CNP0000460_CGTCAGGAGGTTCCTA-1_2_1_1_1_1_1_1_1	CNP0000460_P02N	CNP0000460	DF.classifications_0.25_0.26_116	Singlet	pANN_0.25_0.26_116	0.199681782020684
CNP0000460_CGTCAGGCATGTCTCC-1_2_1_1_1_1_1_1_1	CNP0000460_P02N	CNP0000460	DF.classifications_0.25_0.26_116	Singlet	pANN_0.25_0.26_116	0.217979315831344
CNP0000460_CGTCAGGCATTTCACT-1_2_1_1_1_1_1_1_1	CNP0000460_P02N	CNP0000460	DF.classifications_0.25_0.26_116	Singlet	pANN_0.25_0.26_116	0.256165473349244
CNP0000460_CGTCAGGGTCTCATCC-1_2_1_1_1_1_1_1_1	CNP0000460_P02N	CNP0000460	DF.classifications_0.25_0.26_116	Singlet	pANN_0.25_0.26_116	0.218774860779634
CNP0000460_CGTCAGGTCTCAAGTG-1_2_1_1_1_1_1_1_1	CNP0000460_P02N	CNP0000460	DF.classifications_0.25_0.26_116	Singlet	pANN_0.25_0.26_116	0.231503579952267
CNP0000460_CGTCCATAGTGGACGT-1_2_1_1_1_1_1_1_1	CNP0000460_P02N	CNP0000460	DF.classifications_0.25_0.26_116	Singlet	pANN_0.25_0.26_116	0.172633253778839
CNP0000460_CGTCCATTCCCACTTG-1_2_1_1_1_1_1_1_1	CNP0000460_P02N	CNP0000460	DF.classifications_0.25_0.26_116	Singlet	pANN_0.25_0.26_116	0.194112967382657
CNP0000460_CGTCCATTCTTACCGC-1_2_1_1_1_1_1_1_1	CNP0000460_P02N	CNP0000460	DF.classifications_0.25_0.26_116	Singlet	pANN_0.25_0.26_116	0.175019888623707
CNP0000460_CGTCTACAGTGGGATC-1_2_1_1_1_1_1_1_1	CNP0000460_P02N	CNP0000460	DF.classifications_0.25_0.26_116	Singlet	pANN_0.25_0.26_116	0.24502784407319
CNP0000460_CGTCTACCAAGCCTAT-1_2_1_1_1_1_1_1_1	CNP0000460_P02N	CNP0000460	DF.classifications_0.25_0.26_116	Singlet	pANN_0.25_0.26_116	0.287191726332538
CNP0000460_CGTCTACCAGTTCATG-1_2_1_1_1_1_1_1_1	CNP0000460_P02N	CNP0000460	DF.classifications_0.25_0.26_116	Singlet	pANN_0.25_0.26_116	0.212410501193317
CNP0000460_CGTCTACCATCACAAC-1_2_1_1_1_1_1_1_1	CNP0000460_P02N	CNP0000460	DF.classifications_0.25_0.26_116	Singlet	pANN_0.25_0.26_116	0.214001591089897
CNP0000460_CGTCTACGTAAATGAC-1_2_1_1_1_1_1_1_1	CNP0000460_P02N	CNP0000460	DF.classifications_0.25_0.26_116	Singlet	pANN_0.25_0.26_116	0.204455051710422
CNP0000460_CGTCTACTCAACGAAA-1_2_1_1_1_1_1_1_1	CNP0000460_P02N	CNP0000460	DF.classifications_0.25_0.26_116	Singlet	pANN_0.25_0.26_116	0.273667462211615
CNP0000460_CGTGAGCAGTTACGGG-1_2_1_1_1_1_1_1_1	CNP0000460_P02N	CNP0000460	DF.classifications_0.25_0.26_116	Doublet	pANN_0.25_0.26_116	0.394590294351631
CNP0000460_CGTGAGCAGTTCCACA-1_2_1_1_1_1_1_1_1	CNP0000460_P02N	CNP0000460	DF.classifications_0.25_0.26_116	Singlet	pANN_0.25_0.26_116	0.215592680986476
CNP0000460_CGTGAGCCAGTCAGCC-1_2_1_1_1_1_1_1_1	CNP0000460_P02N	CNP0000460	DF.classifications_0.25_0.26_116	Singlet	pANN_0.25_0.26_116	0.206046141607001
CNP0000460_CGTGAGCGTCCTCCAT-1_2_1_1_1_1_1_1_1	CNP0000460_P02N	CNP0000460	DF.classifications_0.25_0.26_116	Singlet	pANN_0.25_0.26_116	0.233890214797136
CNP0000460_CGTGAGCGTGCAACTT-1_2_1_1_1_1_1_1_1	CNP0000460_P02N	CNP0000460	DF.classifications_0.25_0.26_116	Singlet	pANN_0.25_0.26_116	0.182179793158313
CNP0000460_CGTGAGCGTTAAAGAC-1_2_1_1_1_1_1_1_1	CNP0000460_P02N	CNP0000460	DF.classifications_0.25_0.26_116	Singlet	pANN_0.25_0.26_116	0.181384248210024
CNP0000460_CGTGAGCGTTACCAGT-1_2_1_1_1_1_1_1_1	CNP0000460_P02N	CNP0000460	DF.classifications_0.25_0.26_116	Singlet	pANN_0.25_0.26_116	0.213206046141607
CNP0000460_CGTGAGCGTTTGGGCC-1_2_1_1_1_1_1_1_1	CNP0000460_P02N	CNP0000460	DF.classifications_0.25_0.26_116	Singlet	pANN_0.25_0.26_116	0.185361972951472
CNP0000460_CGTGAGCTCGTAGGTT-1_2_1_1_1_1_1_1_1	CNP0000460_P02N	CNP0000460	DF.classifications_0.25_0.26_116	Singlet	pANN_0.25_0.26_116	0.205250596658711
CNP0000460_CGTGAGCTCTCGTATT-1_2_1_1_1_1_1_1_1	CNP0000460_P02N	CNP0000460	DF.classifications_0.25_0.26_116	Singlet	pANN_0.25_0.26_116	0.211614956245028
CNP0000460_CGTGTAAAGCCACGCT-1_2_1_1_1_1_1_1_1	CNP0000460_P02N	CNP0000460	DF.classifications_0.25_0.26_116	Singlet	pANN_0.25_0.26_116	0.177406523468576
CNP0000460_CGTGTAAGTAGCGTCC-1_2_1_1_1_1_1_1_1	CNP0000460_P02N	CNP0000460	DF.classifications_0.25_0.26_116	Singlet	pANN_0.25_0.26_116	0.206046141607001
CNP0000460_CGTGTAAGTATAGGTA-1_2_1_1_1_1_1_1_1	CNP0000460_P02N	CNP0000460	DF.classifications_0.25_0.26_116	Singlet	pANN_0.25_0.26_116	0.197295147175815
CNP0000460_CGTGTAATCGCGCCAA-1_2_1_1_1_1_1_1_1	CNP0000460_P02N	CNP0000460	DF.classifications_0.25_0.26_116	Singlet	pANN_0.25_0.26_116	0.244232299124901
CNP0000460_CGTGTAATCTACTATC-1_2_1_1_1_1_1_1_1	CNP0000460_P02N	CNP0000460	DF.classifications_0.25_0.26_116	Singlet	pANN_0.25_0.26_116	0.198886237072395
CNP0000460_CGTGTAATCTCGCTTG-1_2_1_1_1_1_1_1_1	CNP0000460_P02N	CNP0000460	DF.classifications_0.25_0.26_116	Singlet	pANN_0.25_0.26_116	0.194908512330947
CNP0000460_CGTGTCTAGCGTAATA-1_2_1_1_1_1_1_1_1	CNP0000460_P02N	CNP0000460	DF.classifications_0.25_0.26_116	Singlet	pANN_0.25_0.26_116	0.247414478918059
CNP0000460_CGTGTCTAGCTAACAA-1_2_1_1_1_1_1_1_1	CNP0000460_P02N	CNP0000460	DF.classifications_0.25_0.26_116	Singlet	pANN_0.25_0.26_116	0.228321400159109
CNP0000460_CGTGTCTCAAGGTGTG-1_2_1_1_1_1_1_1_1	CNP0000460_P02N	CNP0000460	DF.classifications_0.25_0.26_116	Singlet	pANN_0.25_0.26_116	0.202068416865553
CNP0000460_CGTGTCTCATTATCTC-1_2_1_1_1_1_1_1_1	CNP0000460_P02N	CNP0000460	DF.classifications_0.25_0.26_116	Singlet	pANN_0.25_0.26_116	0.221161495624503
CNP0000460_CGTGTCTCATTTGCTT-1_2_1_1_1_1_1_1_1	CNP0000460_P02N	CNP0000460	DF.classifications_0.25_0.26_116	Singlet	pANN_0.25_0.26_116	0.276849642004773
CNP0000460_CGTGTCTGTCAACTGT-1_2_1_1_1_1_1_1_1	CNP0000460_P02N	CNP0000460	DF.classifications_0.25_0.26_116	Singlet	pANN_0.25_0.26_116	0.229116945107399
CNP0000460_CGTGTCTGTCAGTGGA-1_2_1_1_1_1_1_1_1	CNP0000460_P02N	CNP0000460	DF.classifications_0.25_0.26_116	Singlet	pANN_0.25_0.26_116	0.296738265712013
CNP0000460_CGTGTCTGTTATGTGC-1_2_1_1_1_1_1_1_1	CNP0000460_P02N	CNP0000460	DF.classifications_0.25_0.26_116	Singlet	pANN_0.25_0.26_116	0.257756563245823
CNP0000460_CGTGTCTGTTGTCGCG-1_2_1_1_1_1_1_1_1	CNP0000460_P02N	CNP0000460	DF.classifications_0.25_0.26_116	Singlet	pANN_0.25_0.26_116	0.201272871917263
CNP0000460_CGTGTCTTCTCTGTCG-1_2_1_1_1_1_1_1_1	CNP0000460_P02N	CNP0000460	DF.classifications_0.25_0.26_116	Singlet	pANN_0.25_0.26_116	0.269689737470167
CNP0000460_CGTTAGAAGACTGGGT-1_2_1_1_1_1_1_1_1	CNP0000460_P02N	CNP0000460	DF.classifications_0.25_0.26_116	Singlet	pANN_0.25_0.26_116	0.221957040572792
CNP0000460_CGTTAGAAGAGGTTAT-1_2_1_1_1_1_1_1_1	CNP0000460_P02N	CNP0000460	DF.classifications_0.25_0.26_116	Singlet	pANN_0.25_0.26_116	0.22593476531424
CNP0000460_CGTTAGACACGGTTTA-1_2_1_1_1_1_1_1_1	CNP0000460_P02N	CNP0000460	DF.classifications_0.25_0.26_116	Singlet	pANN_0.25_0.26_116	0.217183770883055
CNP0000460_CGTTAGACATCCGTGG-1_2_1_1_1_1_1_1_1	CNP0000460_P02N	CNP0000460	DF.classifications_0.25_0.26_116	Singlet	pANN_0.25_0.26_116	0.222752585521082
CNP0000460_CGTTAGACATCTCCCA-1_2_1_1_1_1_1_1_1	CNP0000460_P02N	CNP0000460	DF.classifications_0.25_0.26_116	Singlet	pANN_0.25_0.26_116	0.213206046141607
CNP0000460_CGTTAGACATGCCACG-1_2_1_1_1_1_1_1_1	CNP0000460_P02N	CNP0000460	DF.classifications_0.25_0.26_116	Singlet	pANN_0.25_0.26_116	0.247414478918059
CNP0000460_CGTTAGAGTAGCCTCG-1_2_1_1_1_1_1_1_1	CNP0000460_P02N	CNP0000460	DF.classifications_0.25_0.26_116	Singlet	pANN_0.25_0.26_116	0.205250596658711
CNP0000460_CGTTAGAGTCTAGTGT-1_2_1_1_1_1_1_1_1	CNP0000460_P02N	CNP0000460	DF.classifications_0.25_0.26_116	Singlet	pANN_0.25_0.26_116	0.306284805091488
CNP0000460_CGTTAGATCACCCTCA-1_2_1_1_1_1_1_1_1	CNP0000460_P02N	CNP0000460	DF.classifications_0.25_0.26_116	Singlet	pANN_0.25_0.26_116	0.163882259347653
CNP0000460_CGTTAGATCCAAGCCG-1_2_1_1_1_1_1_1_1	CNP0000460_P02N	CNP0000460	DF.classifications_0.25_0.26_116	Singlet	pANN_0.25_0.26_116	0.20684168655529
CNP0000460_CGTTAGATCCTCTAGC-1_2_1_1_1_1_1_1_1	CNP0000460_P02N	CNP0000460	DF.classifications_0.25_0.26_116	Singlet	pANN_0.25_0.26_116	0.26412092283214
CNP0000460_CGTTAGATCTCGGACG-1_2_1_1_1_1_1_1_1	CNP0000460_P02N	CNP0000460	DF.classifications_0.25_0.26_116	Singlet	pANN_0.25_0.26_116	0.355608591885442
CNP0000460_CGTTCTGAGAGTGACC-1_2_1_1_1_1_1_1_1	CNP0000460_P02N	CNP0000460	DF.classifications_0.25_0.26_116	Singlet	pANN_0.25_0.26_116	0.195704057279236
CNP0000460_CGTTCTGAGGGTCGAT-1_2_1_1_1_1_1_1_1	CNP0000460_P02N	CNP0000460	DF.classifications_0.25_0.26_116	Singlet	pANN_0.25_0.26_116	0.202863961813842
CNP0000460_CGTTCTGAGTGTTAGA-1_2_1_1_1_1_1_1_1	CNP0000460_P02N	CNP0000460	DF.classifications_0.25_0.26_116	Singlet	pANN_0.25_0.26_116	0.256961018297534
CNP0000460_CGTTCTGCATACGCCG-1_2_1_1_1_1_1_1_1	CNP0000460_P02N	CNP0000460	DF.classifications_0.25_0.26_116	Singlet	pANN_0.25_0.26_116	0.240254574383453
CNP0000460_CGTTCTGCATCACGTA-1_2_1_1_1_1_1_1_1	CNP0000460_P02N	CNP0000460	DF.classifications_0.25_0.26_116	Singlet	pANN_0.25_0.26_116	0.210819411296738
CNP0000460_CGTTCTGGTTATCGGT-1_2_1_1_1_1_1_1_1	CNP0000460_P02N	CNP0000460	DF.classifications_0.25_0.26_116	Singlet	pANN_0.25_0.26_116	0.215592680986476
CNP0000460_CGTTCTGTCTCTAGGA-1_2_1_1_1_1_1_1_1	CNP0000460_P02N	CNP0000460	DF.classifications_0.25_0.26_116	Singlet	pANN_0.25_0.26_116	0.20763723150358
CNP0000460_CGTTGGGAGGCGACAT-1_2_1_1_1_1_1_1_1	CNP0000460_P02N	CNP0000460	DF.classifications_0.25_0.26_116	Singlet	pANN_0.25_0.26_116	0.198886237072395
CNP0000460_CGTTGGGCATCGGTTA-1_2_1_1_1_1_1_1_1	CNP0000460_P02N	CNP0000460	DF.classifications_0.25_0.26_116	Singlet	pANN_0.25_0.26_116	0.241845664280032
CNP0000460_CGTTGGGGTATAAACG-1_2_1_1_1_1_1_1_1	CNP0000460_P02N	CNP0000460	DF.classifications_0.25_0.26_116	Singlet	pANN_0.25_0.26_116	0.216388225934765
CNP0000460_CGTTGGGTCCAAAGTC-1_2_1_1_1_1_1_1_1	CNP0000460_P02N	CNP0000460	DF.classifications_0.25_0.26_116	Singlet	pANN_0.25_0.26_116	0.220365950676213
CNP0000460_CGTTGGGTCCGAATGT-1_2_1_1_1_1_1_1_1	CNP0000460_P02N	CNP0000460	DF.classifications_0.25_0.26_116	Singlet	pANN_0.25_0.26_116	0.235481304693715
CNP0000460_CGTTGGGTCCTAGTGA-1_2_1_1_1_1_1_1_1	CNP0000460_P02N	CNP0000460	DF.classifications_0.25_0.26_116	Singlet	pANN_0.25_0.26_116	0.174224343675418
CNP0000460_CGTTGGGTCGGCGCTA-1_2_1_1_1_1_1_1_1	CNP0000460_P02N	CNP0000460	DF.classifications_0.25_0.26_116	Singlet	pANN_0.25_0.26_116	0.204455051710422
CNP0000460_CTAACTTCACTACAGT-1_2_1_1_1_1_1_1_1	CNP0000460_P02N	CNP0000460	DF.classifications_0.25_0.26_116	Singlet	pANN_0.25_0.26_116	0.288782816229117
CNP0000460_CTAACTTCAGTAACGG-1_2_1_1_1_1_1_1_1	CNP0000460_P02N	CNP0000460	DF.classifications_0.25_0.26_116	Singlet	pANN_0.25_0.26_116	0.171837708830549
CNP0000460_CTAACTTGTCTTCAAG-1_2_1_1_1_1_1_1_1	CNP0000460_P02N	CNP0000460	DF.classifications_0.25_0.26_116	Singlet	pANN_0.25_0.26_116	0.194908512330947
CNP0000460_CTAAGACAGCTAAACA-1_2_1_1_1_1_1_1_1	CNP0000460_P02N	CNP0000460	DF.classifications_0.25_0.26_116	Singlet	pANN_0.25_0.26_116	0.163882259347653
CNP0000460_CTAAGACCAGTCGATT-1_2_1_1_1_1_1_1_1	CNP0000460_P02N	CNP0000460	DF.classifications_0.25_0.26_116	Singlet	pANN_0.25_0.26_116	0.190930787589499
CNP0000460_CTAAGACCATGAAGTA-1_2_1_1_1_1_1_1_1	CNP0000460_P02N	CNP0000460	DF.classifications_0.25_0.26_116	Singlet	pANN_0.25_0.26_116	0.327764518695306
CNP0000460_CTAAGACCATTGGGCC-1_2_1_1_1_1_1_1_1	CNP0000460_P02N	CNP0000460	DF.classifications_0.25_0.26_116	Singlet	pANN_0.25_0.26_116	0.118536197295147
CNP0000460_CTAAGACGTAGCTGCC-1_2_1_1_1_1_1_1_1	CNP0000460_P02N	CNP0000460	DF.classifications_0.25_0.26_116	Singlet	pANN_0.25_0.26_116	0.183770883054893
CNP0000460_CTAAGACGTCGCATAT-1_2_1_1_1_1_1_1_1	CNP0000460_P02N	CNP0000460	DF.classifications_0.25_0.26_116	Singlet	pANN_0.25_0.26_116	0.24582338902148
CNP0000460_CTAAGACTCCCTCTTT-1_2_1_1_1_1_1_1_1	CNP0000460_P02N	CNP0000460	DF.classifications_0.25_0.26_116	Singlet	pANN_0.25_0.26_116	0.236276849642005
CNP0000460_CTAAGACTCTGCGGCA-1_2_1_1_1_1_1_1_1	CNP0000460_P02N	CNP0000460	DF.classifications_0.25_0.26_116	Singlet	pANN_0.25_0.26_116	0.184566428003182
CNP0000460_CTAATGGAGAAGAAGC-1_2_1_1_1_1_1_1_1	CNP0000460_P02N	CNP0000460	DF.classifications_0.25_0.26_116	Singlet	pANN_0.25_0.26_116	0.239459029435163
CNP0000460_CTAATGGAGTAATCCC-1_2_1_1_1_1_1_1_1	CNP0000460_P02N	CNP0000460	DF.classifications_0.25_0.26_116	Singlet	pANN_0.25_0.26_116	0.202863961813842
CNP0000460_CTAATGGCAAGTTAAG-1_2_1_1_1_1_1_1_1	CNP0000460_P02N	CNP0000460	DF.classifications_0.25_0.26_116	Singlet	pANN_0.25_0.26_116	0.220365950676213
CNP0000460_CTAATGGGTAAAGGAG-1_2_1_1_1_1_1_1_1	CNP0000460_P02N	CNP0000460	DF.classifications_0.25_0.26_116	Singlet	pANN_0.25_0.26_116	0.26491646778043
CNP0000460_CTAATGGGTCCGACGT-1_2_1_1_1_1_1_1_1	CNP0000460_P02N	CNP0000460	DF.classifications_0.25_0.26_116	Singlet	pANN_0.25_0.26_116	0.198090692124105
CNP0000460_CTAATGGGTCGCGGTT-1_2_1_1_1_1_1_1_1	CNP0000460_P02N	CNP0000460	DF.classifications_0.25_0.26_116	Singlet	pANN_0.25_0.26_116	0.210023866348449
CNP0000460_CTAATGGTCAGGCAAG-1_2_1_1_1_1_1_1_1	CNP0000460_P02N	CNP0000460	DF.classifications_0.25_0.26_116	Singlet	pANN_0.25_0.26_116	0.184566428003182
CNP0000460_CTAATGGTCCTGTAGA-1_2_1_1_1_1_1_1_1	CNP0000460_P02N	CNP0000460	DF.classifications_0.25_0.26_116	Singlet	pANN_0.25_0.26_116	0.195704057279236
CNP0000460_CTACACCAGCACGCCT-1_2_1_1_1_1_1_1_1	CNP0000460_P02N	CNP0000460	DF.classifications_0.25_0.26_116	Singlet	pANN_0.25_0.26_116	0.224343675417661
CNP0000460_CTACACCCACTGTGTA-1_2_1_1_1_1_1_1_1	CNP0000460_P02N	CNP0000460	DF.classifications_0.25_0.26_116	Singlet	pANN_0.25_0.26_116	0.242641209228321
CNP0000460_CTACACCGTACGCACC-1_2_1_1_1_1_1_1_1	CNP0000460_P02N	CNP0000460	DF.classifications_0.25_0.26_116	Singlet	pANN_0.25_0.26_116	0.201272871917263
CNP0000460_CTACACCGTAGCGTGA-1_2_1_1_1_1_1_1_1	CNP0000460_P02N	CNP0000460	DF.classifications_0.25_0.26_116	Singlet	pANN_0.25_0.26_116	0.227525855210819
CNP0000460_CTACACCTCACAGGCC-1_2_1_1_1_1_1_1_1	CNP0000460_P02N	CNP0000460	DF.classifications_0.25_0.26_116	Singlet	pANN_0.25_0.26_116	0.185361972951472
CNP0000460_CTACACCTCACCACCT-1_2_1_1_1_1_1_1_1	CNP0000460_P02N	CNP0000460	DF.classifications_0.25_0.26_116	Singlet	pANN_0.25_0.26_116	0.248210023866348
CNP0000460_CTACACCTCCGCATAA-1_2_1_1_1_1_1_1_1	CNP0000460_P02N	CNP0000460	DF.classifications_0.25_0.26_116	Singlet	pANN_0.25_0.26_116	0.241845664280032
CNP0000460_CTACACCTCGGAATCT-1_2_1_1_1_1_1_1_1	CNP0000460_P02N	CNP0000460	DF.classifications_0.25_0.26_116	Singlet	pANN_0.25_0.26_116	0.192521877486078
CNP0000460_CTACATTAGGCAATTA-1_2_1_1_1_1_1_1_1	CNP0000460_P02N	CNP0000460	DF.classifications_0.25_0.26_116	Singlet	pANN_0.25_0.26_116	0.260143198090692
CNP0000460_CTACATTAGGCTCTTA-1_2_1_1_1_1_1_1_1	CNP0000460_P02N	CNP0000460	DF.classifications_0.25_0.26_116	Singlet	pANN_0.25_0.26_116	0.235481304693715
CNP0000460_CTACATTAGGTCGGAT-1_2_1_1_1_1_1_1_1	CNP0000460_P02N	CNP0000460	DF.classifications_0.25_0.26_116	Singlet	pANN_0.25_0.26_116	0.199681782020684
CNP0000460_CTACATTAGTCCGTAT-1_2_1_1_1_1_1_1_1	CNP0000460_P02N	CNP0000460	DF.classifications_0.25_0.26_116	Singlet	pANN_0.25_0.26_116	0.223548130469372
CNP0000460_CTACATTCACAGACTT-1_2_1_1_1_1_1_1_1	CNP0000460_P02N	CNP0000460	DF.classifications_0.25_0.26_116	Singlet	pANN_0.25_0.26_116	0.243436754176611
CNP0000460_CTACATTCATGCCTAA-1_2_1_1_1_1_1_1_1	CNP0000460_P02N	CNP0000460	DF.classifications_0.25_0.26_116	Singlet	pANN_0.25_0.26_116	0.297533810660302
CNP0000460_CTACATTCATTCTCAT-1_2_1_1_1_1_1_1_1	CNP0000460_P02N	CNP0000460	DF.classifications_0.25_0.26_116	Singlet	pANN_0.25_0.26_116	0.249801113762928
CNP0000460_CTACATTTCAAACCAC-1_2_1_1_1_1_1_1_1	CNP0000460_P02N	CNP0000460	DF.classifications_0.25_0.26_116	Singlet	pANN_0.25_0.26_116	0.239459029435163
CNP0000460_CTACATTTCTAAGCCA-1_2_1_1_1_1_1_1_1	CNP0000460_P02N	CNP0000460	DF.classifications_0.25_0.26_116	Singlet	pANN_0.25_0.26_116	0.196499602227526
CNP0000460_CTACATTTCTGTTTGT-1_2_1_1_1_1_1_1_1	CNP0000460_P02N	CNP0000460	DF.classifications_0.25_0.26_116	Singlet	pANN_0.25_0.26_116	0.262529832935561
CNP0000460_CTACCCAAGAATAGGG-1_2_1_1_1_1_1_1_1	CNP0000460_P02N	CNP0000460	DF.classifications_0.25_0.26_116	Singlet	pANN_0.25_0.26_116	0.286396181384248
CNP0000460_CTACCCAAGATATGGT-1_2_1_1_1_1_1_1_1	CNP0000460_P02N	CNP0000460	DF.classifications_0.25_0.26_116	Singlet	pANN_0.25_0.26_116	0.154335719968178
CNP0000460_CTACCCAAGCACCGTC-1_2_1_1_1_1_1_1_1	CNP0000460_P02N	CNP0000460	DF.classifications_0.25_0.26_116	Doublet	pANN_0.25_0.26_116	0.389817024661893
CNP0000460_CTACCCACATAGAAAC-1_2_1_1_1_1_1_1_1	CNP0000460_P02N	CNP0000460	DF.classifications_0.25_0.26_116	Singlet	pANN_0.25_0.26_116	0.202863961813842
CNP0000460_CTACCCAGTCCGAATT-1_2_1_1_1_1_1_1_1	CNP0000460_P02N	CNP0000460	DF.classifications_0.25_0.26_116	Singlet	pANN_0.25_0.26_116	0.241845664280032
CNP0000460_CTACCCATCGCAGGCT-1_2_1_1_1_1_1_1_1	CNP0000460_P02N	CNP0000460	DF.classifications_0.25_0.26_116	Singlet	pANN_0.25_0.26_116	0.236276849642005
CNP0000460_CTACGTCAGCAAATCA-1_2_1_1_1_1_1_1_1	CNP0000460_P02N	CNP0000460	DF.classifications_0.25_0.26_116	Singlet	pANN_0.25_0.26_116	0.202068416865553
CNP0000460_CTACGTCAGTGGTAAT-1_2_1_1_1_1_1_1_1	CNP0000460_P02N	CNP0000460	DF.classifications_0.25_0.26_116	Singlet	pANN_0.25_0.26_116	0.233890214797136
CNP0000460_CTACGTCCATACGCCG-1_2_1_1_1_1_1_1_1	CNP0000460_P02N	CNP0000460	DF.classifications_0.25_0.26_116	Singlet	pANN_0.25_0.26_116	0.177406523468576
CNP0000460_CTACGTCGTTGGGACA-1_2_1_1_1_1_1_1_1	CNP0000460_P02N	CNP0000460	DF.classifications_0.25_0.26_116	Singlet	pANN_0.25_0.26_116	0.157517899761337
CNP0000460_CTAGAGTAGCGTGAGT-1_2_1_1_1_1_1_1_1	CNP0000460_P02N	CNP0000460	DF.classifications_0.25_0.26_116	Singlet	pANN_0.25_0.26_116	0.17024661893397
CNP0000460_CTAGAGTAGGATGTAT-1_2_1_1_1_1_1_1_1	CNP0000460_P02N	CNP0000460	DF.classifications_0.25_0.26_116	Singlet	pANN_0.25_0.26_116	0.186953062848051
CNP0000460_CTAGAGTCAGGCAGTA-1_2_1_1_1_1_1_1_1	CNP0000460_P02N	CNP0000460	DF.classifications_0.25_0.26_116	Singlet	pANN_0.25_0.26_116	0.232299124900557
CNP0000460_CTAGAGTCAGGCTGAA-1_2_1_1_1_1_1_1_1	CNP0000460_P02N	CNP0000460	DF.classifications_0.25_0.26_116	Singlet	pANN_0.25_0.26_116	0.217183770883055
CNP0000460_CTAGAGTCAGTGACAG-1_2_1_1_1_1_1_1_1	CNP0000460_P02N	CNP0000460	DF.classifications_0.25_0.26_116	Singlet	pANN_0.25_0.26_116	0.20763723150358
CNP0000460_CTAGAGTCATCTACGA-1_2_1_1_1_1_1_1_1	CNP0000460_P02N	CNP0000460	DF.classifications_0.25_0.26_116	Singlet	pANN_0.25_0.26_116	0.175815433571997
CNP0000460_CTAGAGTGTCGACTAT-1_2_1_1_1_1_1_1_1	CNP0000460_P02N	CNP0000460	DF.classifications_0.25_0.26_116	Singlet	pANN_0.25_0.26_116	0.277645186953063
CNP0000460_CTAGAGTTCAGCGATT-1_2_1_1_1_1_1_1_1	CNP0000460_P02N	CNP0000460	DF.classifications_0.25_0.26_116	Singlet	pANN_0.25_0.26_116	0.201272871917263
CNP0000460_CTAGAGTTCCTGCTTG-1_2_1_1_1_1_1_1_1	CNP0000460_P02N	CNP0000460	DF.classifications_0.25_0.26_116	Singlet	pANN_0.25_0.26_116	0.192521877486078
CNP0000460_CTAGAGTTCTATCCCG-1_2_1_1_1_1_1_1_1	CNP0000460_P02N	CNP0000460	DF.classifications_0.25_0.26_116	Singlet	pANN_0.25_0.26_116	0.247414478918059
CNP0000460_CTAGCCTAGTGAAGAG-1_2_1_1_1_1_1_1_1	CNP0000460_P02N	CNP0000460	DF.classifications_0.25_0.26_116	Singlet	pANN_0.25_0.26_116	0.326173428798727
CNP0000460_CTAGCCTAGTGGGATC-1_2_1_1_1_1_1_1_1	CNP0000460_P02N	CNP0000460	DF.classifications_0.25_0.26_116	Doublet	pANN_0.25_0.26_116	0.37788385043755
CNP0000460_CTAGCCTAGTGTTAGA-1_2_1_1_1_1_1_1_1	CNP0000460_P02N	CNP0000460	DF.classifications_0.25_0.26_116	Singlet	pANN_0.25_0.26_116	0.198886237072395
CNP0000460_CTAGCCTGTCGAGTTT-1_2_1_1_1_1_1_1_1	CNP0000460_P02N	CNP0000460	DF.classifications_0.25_0.26_116	Singlet	pANN_0.25_0.26_116	0.32140015910899
CNP0000460_CTAGCCTGTTAAGTAG-1_2_1_1_1_1_1_1_1	CNP0000460_P02N	CNP0000460	DF.classifications_0.25_0.26_116	Singlet	pANN_0.25_0.26_116	0.247414478918059
CNP0000460_CTAGCCTTCAGGATCT-1_2_1_1_1_1_1_1_1	CNP0000460_P02N	CNP0000460	DF.classifications_0.25_0.26_116	Singlet	pANN_0.25_0.26_116	0.197295147175815
CNP0000460_CTAGTGAAGATCACGG-1_2_1_1_1_1_1_1_1	CNP0000460_P02N	CNP0000460	DF.classifications_0.25_0.26_116	Singlet	pANN_0.25_0.26_116	0.246618933969769
CNP0000460_CTAGTGAAGGGTTCCC-1_2_1_1_1_1_1_1_1	CNP0000460_P02N	CNP0000460	DF.classifications_0.25_0.26_116	Singlet	pANN_0.25_0.26_116	0.256961018297534
CNP0000460_CTAGTGACACTTCTGC-1_2_1_1_1_1_1_1_1	CNP0000460_P02N	CNP0000460	DF.classifications_0.25_0.26_116	Singlet	pANN_0.25_0.26_116	0.173428798727128
CNP0000460_CTAGTGACAGATTGCT-1_2_1_1_1_1_1_1_1	CNP0000460_P02N	CNP0000460	DF.classifications_0.25_0.26_116	Singlet	pANN_0.25_0.26_116	0.140811455847255
CNP0000460_CTAGTGACAGCGAACA-1_2_1_1_1_1_1_1_1	CNP0000460_P02N	CNP0000460	DF.classifications_0.25_0.26_116	Singlet	pANN_0.25_0.26_116	0.210819411296738
CNP0000460_CTAGTGAGTATAAACG-1_2_1_1_1_1_1_1_1	CNP0000460_P02N	CNP0000460	DF.classifications_0.25_0.26_116	Singlet	pANN_0.25_0.26_116	0.285600636435959
CNP0000460_CTAGTGAGTCCGTTAA-1_2_1_1_1_1_1_1_1	CNP0000460_P02N	CNP0000460	DF.classifications_0.25_0.26_116	Singlet	pANN_0.25_0.26_116	0.159904534606205
CNP0000460_CTAGTGAGTCGCGAAA-1_2_1_1_1_1_1_1_1	CNP0000460_P02N	CNP0000460	DF.classifications_0.25_0.26_116	Singlet	pANN_0.25_0.26_116	0.186953062848051
CNP0000460_CTAGTGATCATGTCTT-1_2_1_1_1_1_1_1_1	CNP0000460_P02N	CNP0000460	DF.classifications_0.25_0.26_116	Singlet	pANN_0.25_0.26_116	0.223548130469372
CNP0000460_CTAGTGATCCGTCATC-1_2_1_1_1_1_1_1_1	CNP0000460_P02N	CNP0000460	DF.classifications_0.25_0.26_116	Singlet	pANN_0.25_0.26_116	0.249005568814638
CNP0000460_CTAGTGATCGCCAAAT-1_2_1_1_1_1_1_1_1	CNP0000460_P02N	CNP0000460	DF.classifications_0.25_0.26_116	Singlet	pANN_0.25_0.26_116	0.18933969769292
CNP0000460_CTCACACAGCAACGGT-1_2_1_1_1_1_1_1_1	CNP0000460_P02N	CNP0000460	DF.classifications_0.25_0.26_116	Singlet	pANN_0.25_0.26_116	0.229912490055688
CNP0000460_CTCACACAGCGATGAC-1_2_1_1_1_1_1_1_1	CNP0000460_P02N	CNP0000460	DF.classifications_0.25_0.26_116	Singlet	pANN_0.25_0.26_116	0.178202068416866
CNP0000460_CTCACACAGGCAGTCA-1_2_1_1_1_1_1_1_1	CNP0000460_P02N	CNP0000460	DF.classifications_0.25_0.26_116	Singlet	pANN_0.25_0.26_116	0.319013524264121
CNP0000460_CTCACACAGTAAGTAC-1_2_1_1_1_1_1_1_1	CNP0000460_P02N	CNP0000460	DF.classifications_0.25_0.26_116	Singlet	pANN_0.25_0.26_116	0.222752585521082
CNP0000460_CTCACACCAACTGCTA-1_2_1_1_1_1_1_1_1	CNP0000460_P02N	CNP0000460	DF.classifications_0.25_0.26_116	Singlet	pANN_0.25_0.26_116	0.215592680986476
CNP0000460_CTCACACCAGGTCCAC-1_2_1_1_1_1_1_1_1	CNP0000460_P02N	CNP0000460	DF.classifications_0.25_0.26_116	Singlet	pANN_0.25_0.26_116	0.233890214797136
CNP0000460_CTCACACGTCACCCAG-1_2_1_1_1_1_1_1_1	CNP0000460_P02N	CNP0000460	DF.classifications_0.25_0.26_116	Singlet	pANN_0.25_0.26_116	0.243436754176611
CNP0000460_CTCACACGTTACGCGC-1_2_1_1_1_1_1_1_1	CNP0000460_P02N	CNP0000460	DF.classifications_0.25_0.26_116	Singlet	pANN_0.25_0.26_116	0.159108989657916
CNP0000460_CTCACACTCACCCGAG-1_2_1_1_1_1_1_1_1	CNP0000460_P02N	CNP0000460	DF.classifications_0.25_0.26_116	Singlet	pANN_0.25_0.26_116	0.211614956245028
CNP0000460_CTCACACTCCACTGGG-1_2_1_1_1_1_1_1_1	CNP0000460_P02N	CNP0000460	DF.classifications_0.25_0.26_116	Singlet	pANN_0.25_0.26_116	0.232299124900557
CNP0000460_CTCACACTCCCAAGAT-1_2_1_1_1_1_1_1_1	CNP0000460_P02N	CNP0000460	DF.classifications_0.25_0.26_116	Singlet	pANN_0.25_0.26_116	0.24582338902148
CNP0000460_CTCACACTCGTTTAGG-1_2_1_1_1_1_1_1_1	CNP0000460_P02N	CNP0000460	DF.classifications_0.25_0.26_116	Singlet	pANN_0.25_0.26_116	0.241050119331742
CNP0000460_CTCACACTCTCATTCA-1_2_1_1_1_1_1_1_1	CNP0000460_P02N	CNP0000460	DF.classifications_0.25_0.26_116	Singlet	pANN_0.25_0.26_116	0.184566428003182
CNP0000460_CTCACACTCTTTAGGG-1_2_1_1_1_1_1_1_1	CNP0000460_P02N	CNP0000460	DF.classifications_0.25_0.26_116	Singlet	pANN_0.25_0.26_116	0.182975338106603
CNP0000460_CTCAGAAAGCTGGAAC-1_2_1_1_1_1_1_1_1	CNP0000460_P02N	CNP0000460	DF.classifications_0.25_0.26_116	Singlet	pANN_0.25_0.26_116	0.256165473349244
CNP0000460_CTCAGAAGTCAACTGT-1_2_1_1_1_1_1_1_1	CNP0000460_P02N	CNP0000460	DF.classifications_0.25_0.26_116	Singlet	pANN_0.25_0.26_116	0.218774860779634
CNP0000460_CTCAGAATCTGGTATG-1_2_1_1_1_1_1_1_1	CNP0000460_P02N	CNP0000460	DF.classifications_0.25_0.26_116	Doublet	pANN_0.25_0.26_116	0.389817024661893
CNP0000460_CTCATTACAGGCTGAA-1_2_1_1_1_1_1_1_1	CNP0000460_P02N	CNP0000460	DF.classifications_0.25_0.26_116	Singlet	pANN_0.25_0.26_116	0.191726332537788
CNP0000460_CTCATTACATGGATGG-1_2_1_1_1_1_1_1_1	CNP0000460_P02N	CNP0000460	DF.classifications_0.25_0.26_116	Singlet	pANN_0.25_0.26_116	0.22673031026253
CNP0000460_CTCATTATCTACCAGA-1_2_1_1_1_1_1_1_1	CNP0000460_P02N	CNP0000460	DF.classifications_0.25_0.26_116	Doublet	pANN_0.25_0.26_116	0.376292760540971
CNP0000460_CTCCTAGAGTGCCATT-1_2_1_1_1_1_1_1_1	CNP0000460_P02N	CNP0000460	DF.classifications_0.25_0.26_116	Singlet	pANN_0.25_0.26_116	0.233890214797136
CNP0000460_CTCCTAGAGTTGTAGA-1_2_1_1_1_1_1_1_1	CNP0000460_P02N	CNP0000460	DF.classifications_0.25_0.26_116	Singlet	pANN_0.25_0.26_116	0.262529832935561
CNP0000460_CTCCTAGCACAGTCGC-1_2_1_1_1_1_1_1_1	CNP0000460_P02N	CNP0000460	DF.classifications_0.25_0.26_116	Singlet	pANN_0.25_0.26_116	0.202068416865553
CNP0000460_CTCCTAGCATGAAGTA-1_2_1_1_1_1_1_1_1	CNP0000460_P02N	CNP0000460	DF.classifications_0.25_0.26_116	Singlet	pANN_0.25_0.26_116	0.210023866348449
CNP0000460_CTCCTAGGTTCCACTC-1_2_1_1_1_1_1_1_1	CNP0000460_P02N	CNP0000460	DF.classifications_0.25_0.26_116	Singlet	pANN_0.25_0.26_116	0.196499602227526
CNP0000460_CTCCTAGTCCGTAGTA-1_2_1_1_1_1_1_1_1	CNP0000460_P02N	CNP0000460	DF.classifications_0.25_0.26_116	Singlet	pANN_0.25_0.26_116	0.210819411296738
CNP0000460_CTCCTAGTCTACGAGT-1_2_1_1_1_1_1_1_1	CNP0000460_P02N	CNP0000460	DF.classifications_0.25_0.26_116	Singlet	pANN_0.25_0.26_116	0.235481304693715
CNP0000460_CTCGAAAAGGTGATAT-1_2_1_1_1_1_1_1_1	CNP0000460_P02N	CNP0000460	DF.classifications_0.25_0.26_116	Singlet	pANN_0.25_0.26_116	0.200477326968974
CNP0000460_CTCGAAAAGTGAACAT-1_2_1_1_1_1_1_1_1	CNP0000460_P02N	CNP0000460	DF.classifications_0.25_0.26_116	Singlet	pANN_0.25_0.26_116	0.223548130469372
CNP0000460_CTCGAAATCACGATGT-1_2_1_1_1_1_1_1_1	CNP0000460_P02N	CNP0000460	DF.classifications_0.25_0.26_116	Singlet	pANN_0.25_0.26_116	0.199681782020684
CNP0000460_CTCGAAATCTGCTGCT-1_2_1_1_1_1_1_1_1	CNP0000460_P02N	CNP0000460	DF.classifications_0.25_0.26_116	Singlet	pANN_0.25_0.26_116	0.171837708830549
CNP0000460_CTCGAAATCTGTCAAG-1_2_1_1_1_1_1_1_1	CNP0000460_P02N	CNP0000460	DF.classifications_0.25_0.26_116	Singlet	pANN_0.25_0.26_116	0.202863961813842
CNP0000460_CTCGAGGAGGCTAGAC-1_2_1_1_1_1_1_1_1	CNP0000460_P02N	CNP0000460	DF.classifications_0.25_0.26_116	Singlet	pANN_0.25_0.26_116	0.16945107398568
CNP0000460_CTCGAGGGTCATGCCG-1_2_1_1_1_1_1_1_1	CNP0000460_P02N	CNP0000460	DF.classifications_0.25_0.26_116	Singlet	pANN_0.25_0.26_116	0.218774860779634
CNP0000460_CTCGAGGTCGCGTTTC-1_2_1_1_1_1_1_1_1	CNP0000460_P02N	CNP0000460	DF.classifications_0.25_0.26_116	Singlet	pANN_0.25_0.26_116	0.221957040572792
CNP0000460_CTCGGAGCAACGATGG-1_2_1_1_1_1_1_1_1	CNP0000460_P02N	CNP0000460	DF.classifications_0.25_0.26_116	Singlet	pANN_0.25_0.26_116	0.192521877486078
CNP0000460_CTCGGAGCAATAAGCA-1_2_1_1_1_1_1_1_1	CNP0000460_P02N	CNP0000460	DF.classifications_0.25_0.26_116	Singlet	pANN_0.25_0.26_116	0.179793158313445
CNP0000460_CTCGGAGCAGGAATGC-1_2_1_1_1_1_1_1_1	CNP0000460_P02N	CNP0000460	DF.classifications_0.25_0.26_116	Singlet	pANN_0.25_0.26_116	0.158313444709626
CNP0000460_CTCGGAGCATCCTTGC-1_2_1_1_1_1_1_1_1	CNP0000460_P02N	CNP0000460	DF.classifications_0.25_0.26_116	Singlet	pANN_0.25_0.26_116	0.220365950676213
CNP0000460_CTCGGAGGTAAAGGAG-1_2_1_1_1_1_1_1_1	CNP0000460_P02N	CNP0000460	DF.classifications_0.25_0.26_116	Singlet	pANN_0.25_0.26_116	0.18933969769292
CNP0000460_CTCGGAGTCAGTACGT-1_2_1_1_1_1_1_1_1	CNP0000460_P02N	CNP0000460	DF.classifications_0.25_0.26_116	Singlet	pANN_0.25_0.26_116	0.20763723150358
CNP0000460_CTCGGAGTCCCAAGTA-1_2_1_1_1_1_1_1_1	CNP0000460_P02N	CNP0000460	DF.classifications_0.25_0.26_116	Singlet	pANN_0.25_0.26_116	0.18933969769292
CNP0000460_CTCGGAGTCTCCAGGG-1_2_1_1_1_1_1_1_1	CNP0000460_P02N	CNP0000460	DF.classifications_0.25_0.26_116	Singlet	pANN_0.25_0.26_116	0.199681782020684
CNP0000460_CTCGGGAAGATGTGGC-1_2_1_1_1_1_1_1_1	CNP0000460_P02N	CNP0000460	DF.classifications_0.25_0.26_116	Singlet	pANN_0.25_0.26_116	0.233094669848846
CNP0000460_CTCGGGACACATGACT-1_2_1_1_1_1_1_1_1	CNP0000460_P02N	CNP0000460	DF.classifications_0.25_0.26_116	Singlet	pANN_0.25_0.26_116	0.235481304693715
CNP0000460_CTCGGGACAGCTGCAC-1_2_1_1_1_1_1_1_1	CNP0000460_P02N	CNP0000460	DF.classifications_0.25_0.26_116	Singlet	pANN_0.25_0.26_116	0.173428798727128
CNP0000460_CTCGGGACATGGGAAC-1_2_1_1_1_1_1_1_1	CNP0000460_P02N	CNP0000460	DF.classifications_0.25_0.26_116	Singlet	pANN_0.25_0.26_116	0.218774860779634
CNP0000460_CTCGGGAGTACCGCTG-1_2_1_1_1_1_1_1_1	CNP0000460_P02N	CNP0000460	DF.classifications_0.25_0.26_116	Singlet	pANN_0.25_0.26_116	0.238663484486873
CNP0000460_CTCGGGAGTACGCTGC-1_2_1_1_1_1_1_1_1	CNP0000460_P02N	CNP0000460	DF.classifications_0.25_0.26_116	Singlet	pANN_0.25_0.26_116	0.175019888623707
CNP0000460_CTCGGGAGTCACTTCC-1_2_1_1_1_1_1_1_1	CNP0000460_P02N	CNP0000460	DF.classifications_0.25_0.26_116	Singlet	pANN_0.25_0.26_116	0.22673031026253
CNP0000460_CTCGGGATCAGGCGAA-1_2_1_1_1_1_1_1_1	CNP0000460_P02N	CNP0000460	DF.classifications_0.25_0.26_116	Doublet	pANN_0.25_0.26_116	0.380270485282418
CNP0000460_CTCGGGATCCTTGACC-1_2_1_1_1_1_1_1_1	CNP0000460_P02N	CNP0000460	DF.classifications_0.25_0.26_116	Singlet	pANN_0.25_0.26_116	0.22593476531424
CNP0000460_CTCGGGATCGTTGCCT-1_2_1_1_1_1_1_1_1	CNP0000460_P02N	CNP0000460	DF.classifications_0.25_0.26_116	Singlet	pANN_0.25_0.26_116	0.141607000795545
CNP0000460_CTCGGGATCTGGTATG-1_2_1_1_1_1_1_1_1	CNP0000460_P02N	CNP0000460	DF.classifications_0.25_0.26_116	Doublet	pANN_0.25_0.26_116	0.372315035799523
CNP0000460_CTCGTACAGGAATGGA-1_2_1_1_1_1_1_1_1	CNP0000460_P02N	CNP0000460	DF.classifications_0.25_0.26_116	Singlet	pANN_0.25_0.26_116	0.238663484486873
CNP0000460_CTCGTACCAGCTCGAC-1_2_1_1_1_1_1_1_1	CNP0000460_P02N	CNP0000460	DF.classifications_0.25_0.26_116	Singlet	pANN_0.25_0.26_116	0.204455051710422
CNP0000460_CTCGTACCATCCCACT-1_2_1_1_1_1_1_1_1	CNP0000460_P02N	CNP0000460	DF.classifications_0.25_0.26_116	Singlet	pANN_0.25_0.26_116	0.200477326968974
CNP0000460_CTCGTACCATCGACGC-1_2_1_1_1_1_1_1_1	CNP0000460_P02N	CNP0000460	DF.classifications_0.25_0.26_116	Singlet	pANN_0.25_0.26_116	0.214797136038186
CNP0000460_CTCGTACCATGTAGTC-1_2_1_1_1_1_1_1_1	CNP0000460_P02N	CNP0000460	DF.classifications_0.25_0.26_116	Singlet	pANN_0.25_0.26_116	0.26412092283214
CNP0000460_CTCGTACCATTATCTC-1_2_1_1_1_1_1_1_1	CNP0000460_P02N	CNP0000460	DF.classifications_0.25_0.26_116	Singlet	pANN_0.25_0.26_116	0.257756563245823
CNP0000460_CTCGTACGTAGAGTGC-1_2_1_1_1_1_1_1_1	CNP0000460_P02N	CNP0000460	DF.classifications_0.25_0.26_116	Singlet	pANN_0.25_0.26_116	0.230708035003978
CNP0000460_CTCGTACGTCGGATCC-1_2_1_1_1_1_1_1_1	CNP0000460_P02N	CNP0000460	DF.classifications_0.25_0.26_116	Singlet	pANN_0.25_0.26_116	0.256961018297534
CNP0000460_CTCGTACTCTAACGGT-1_2_1_1_1_1_1_1_1	CNP0000460_P02N	CNP0000460	DF.classifications_0.25_0.26_116	Singlet	pANN_0.25_0.26_116	0.236276849642005
CNP0000460_CTCGTCAAGACTAGGC-1_2_1_1_1_1_1_1_1	CNP0000460_P02N	CNP0000460	DF.classifications_0.25_0.26_116	Singlet	pANN_0.25_0.26_116	0.268894192521877
CNP0000460_CTCGTCACATGGTCTA-1_2_1_1_1_1_1_1_1	CNP0000460_P02N	CNP0000460	DF.classifications_0.25_0.26_116	Singlet	pANN_0.25_0.26_116	0.238663484486873
CNP0000460_CTCGTCATCCTATGTT-1_2_1_1_1_1_1_1_1	CNP0000460_P02N	CNP0000460	DF.classifications_0.25_0.26_116	Singlet	pANN_0.25_0.26_116	0.209228321400159
CNP0000460_CTCGTCATCTGCGTAA-1_2_1_1_1_1_1_1_1	CNP0000460_P02N	CNP0000460	DF.classifications_0.25_0.26_116	Singlet	pANN_0.25_0.26_116	0.228321400159109
CNP0000460_CTCTAATAGAGTGAGA-1_2_1_1_1_1_1_1_1	CNP0000460_P02N	CNP0000460	DF.classifications_0.25_0.26_116	Singlet	pANN_0.25_0.26_116	0.255369928400955
CNP0000460_CTCTAATAGTGTACTC-1_2_1_1_1_1_1_1_1	CNP0000460_P02N	CNP0000460	DF.classifications_0.25_0.26_116	Singlet	pANN_0.25_0.26_116	0.214001591089897
CNP0000460_CTCTAATCACCTCGTT-1_2_1_1_1_1_1_1_1	CNP0000460_P02N	CNP0000460	DF.classifications_0.25_0.26_116	Singlet	pANN_0.25_0.26_116	0.279236276849642
CNP0000460_CTCTAATCACTCGACG-1_2_1_1_1_1_1_1_1	CNP0000460_P02N	CNP0000460	DF.classifications_0.25_0.26_116	Singlet	pANN_0.25_0.26_116	0.175815433571997
CNP0000460_CTCTAATCAGCCAGAA-1_2_1_1_1_1_1_1_1	CNP0000460_P02N	CNP0000460	DF.classifications_0.25_0.26_116	Singlet	pANN_0.25_0.26_116	0.215592680986476
CNP0000460_CTCTAATGTAGAGTGC-1_2_1_1_1_1_1_1_1	CNP0000460_P02N	CNP0000460	DF.classifications_0.25_0.26_116	Singlet	pANN_0.25_0.26_116	0.229912490055688
CNP0000460_CTCTAATGTCGGATCC-1_2_1_1_1_1_1_1_1	CNP0000460_P02N	CNP0000460	DF.classifications_0.25_0.26_116	Singlet	pANN_0.25_0.26_116	0.34049323786794
CNP0000460_CTCTACGAGACACTAA-1_2_1_1_1_1_1_1_1	CNP0000460_P02N	CNP0000460	DF.classifications_0.25_0.26_116	Singlet	pANN_0.25_0.26_116	0.218774860779634
CNP0000460_CTCTACGGTCCAACTA-1_2_1_1_1_1_1_1_1	CNP0000460_P02N	CNP0000460	DF.classifications_0.25_0.26_116	Singlet	pANN_0.25_0.26_116	0.327764518695306
CNP0000460_CTCTACGGTCCATCCT-1_2_1_1_1_1_1_1_1	CNP0000460_P02N	CNP0000460	DF.classifications_0.25_0.26_116	Singlet	pANN_0.25_0.26_116	0.225139220365951
CNP0000460_CTCTACGTCAAACCGT-1_2_1_1_1_1_1_1_1	CNP0000460_P02N	CNP0000460	DF.classifications_0.25_0.26_116	Singlet	pANN_0.25_0.26_116	0.191726332537788
CNP0000460_CTCTACGTCTGCCAGG-1_2_1_1_1_1_1_1_1	CNP0000460_P02N	CNP0000460	DF.classifications_0.25_0.26_116	Singlet	pANN_0.25_0.26_116	0.250596658711217
CNP0000460_CTCTGGTCAAACTGCT-1_2_1_1_1_1_1_1_1	CNP0000460_P02N	CNP0000460	DF.classifications_0.25_0.26_116	Singlet	pANN_0.25_0.26_116	0.194112967382657
CNP0000460_CTCTGGTCAATGAATG-1_2_1_1_1_1_1_1_1	CNP0000460_P02N	CNP0000460	DF.classifications_0.25_0.26_116	Singlet	pANN_0.25_0.26_116	0.218774860779634
CNP0000460_CTCTGGTCATCCAACA-1_2_1_1_1_1_1_1_1	CNP0000460_P02N	CNP0000460	DF.classifications_0.25_0.26_116	Singlet	pANN_0.25_0.26_116	0.259347653142403
CNP0000460_CTCTGGTGTGACGGTA-1_2_1_1_1_1_1_1_1	CNP0000460_P02N	CNP0000460	DF.classifications_0.25_0.26_116	Singlet	pANN_0.25_0.26_116	0.196499602227526
CNP0000460_CTCTGGTGTGCAGGTA-1_2_1_1_1_1_1_1_1	CNP0000460_P02N	CNP0000460	DF.classifications_0.25_0.26_116	Singlet	pANN_0.25_0.26_116	0.160700079554495
CNP0000460_CTCTGGTGTGCGCTTG-1_2_1_1_1_1_1_1_1	CNP0000460_P02N	CNP0000460	DF.classifications_0.25_0.26_116	Singlet	pANN_0.25_0.26_116	0.186157517899761
CNP0000460_CTCTGGTTCCGATATG-1_2_1_1_1_1_1_1_1	CNP0000460_P02N	CNP0000460	DF.classifications_0.25_0.26_116	Singlet	pANN_0.25_0.26_116	0.24502784407319
CNP0000460_CTCTGGTTCTTAGCCC-1_2_1_1_1_1_1_1_1	CNP0000460_P02N	CNP0000460	DF.classifications_0.25_0.26_116	Singlet	pANN_0.25_0.26_116	0.236276849642005
CNP0000460_CTGAAACAGAATAGGG-1_2_1_1_1_1_1_1_1	CNP0000460_P02N	CNP0000460	DF.classifications_0.25_0.26_116	Singlet	pANN_0.25_0.26_116	0.182179793158313
CNP0000460_CTGAAACAGCATCATC-1_2_1_1_1_1_1_1_1	CNP0000460_P02N	CNP0000460	DF.classifications_0.25_0.26_116	Singlet	pANN_0.25_0.26_116	0.266507557677009
CNP0000460_CTGAAACAGCCTTGAT-1_2_1_1_1_1_1_1_1	CNP0000460_P02N	CNP0000460	DF.classifications_0.25_0.26_116	Singlet	pANN_0.25_0.26_116	0.241845664280032
CNP0000460_CTGAAACAGGGCTTCC-1_2_1_1_1_1_1_1_1	CNP0000460_P02N	CNP0000460	DF.classifications_0.25_0.26_116	Singlet	pANN_0.25_0.26_116	0.240254574383453
CNP0000460_CTGAAACAGTCGATAA-1_2_1_1_1_1_1_1_1	CNP0000460_P02N	CNP0000460	DF.classifications_0.25_0.26_116	Singlet	pANN_0.25_0.26_116	0.235481304693715
CNP0000460_CTGAAACCAGGAACGT-1_2_1_1_1_1_1_1_1	CNP0000460_P02N	CNP0000460	DF.classifications_0.25_0.26_116	Singlet	pANN_0.25_0.26_116	0.210819411296738
CNP0000460_CTGAAACCATTGGCGC-1_2_1_1_1_1_1_1_1	CNP0000460_P02N	CNP0000460	DF.classifications_0.25_0.26_116	Singlet	pANN_0.25_0.26_116	0.194112967382657
CNP0000460_CTGAAACGTAAACACA-1_2_1_1_1_1_1_1_1	CNP0000460_P02N	CNP0000460	DF.classifications_0.25_0.26_116	Singlet	pANN_0.25_0.26_116	0.242641209228321
CNP0000460_CTGAAACGTGATGTCT-1_2_1_1_1_1_1_1_1	CNP0000460_P02N	CNP0000460	DF.classifications_0.25_0.26_116	Singlet	pANN_0.25_0.26_116	0.158313444709626
CNP0000460_CTGAAACGTTCCTCCA-1_2_1_1_1_1_1_1_1	CNP0000460_P02N	CNP0000460	DF.classifications_0.25_0.26_116	Singlet	pANN_0.25_0.26_116	0.26412092283214
CNP0000460_CTGAAACGTTTAGGAA-1_2_1_1_1_1_1_1_1	CNP0000460_P02N	CNP0000460	DF.classifications_0.25_0.26_116	Singlet	pANN_0.25_0.26_116	0.229912490055688
CNP0000460_CTGAAACTCATATCGG-1_2_1_1_1_1_1_1_1	CNP0000460_P02N	CNP0000460	DF.classifications_0.25_0.26_116	Singlet	pANN_0.25_0.26_116	0.200477326968974
CNP0000460_CTGAAACTCGATGAGG-1_2_1_1_1_1_1_1_1	CNP0000460_P02N	CNP0000460	DF.classifications_0.25_0.26_116	Singlet	pANN_0.25_0.26_116	0.211614956245028
CNP0000460_CTGAAGTAGATCACGG-1_2_1_1_1_1_1_1_1	CNP0000460_P02N	CNP0000460	DF.classifications_0.25_0.26_116	Singlet	pANN_0.25_0.26_116	0.154335719968178
CNP0000460_CTGAAGTAGGACCACA-1_2_1_1_1_1_1_1_1	CNP0000460_P02N	CNP0000460	DF.classifications_0.25_0.26_116	Singlet	pANN_0.25_0.26_116	0.222752585521082
CNP0000460_CTGAAGTAGGATGCGT-1_2_1_1_1_1_1_1_1	CNP0000460_P02N	CNP0000460	DF.classifications_0.25_0.26_116	Singlet	pANN_0.25_0.26_116	0.260143198090692
CNP0000460_CTGAAGTAGTACGACG-1_2_1_1_1_1_1_1_1	CNP0000460_P02N	CNP0000460	DF.classifications_0.25_0.26_116	Singlet	pANN_0.25_0.26_116	0.191726332537788
CNP0000460_CTGAAGTAGTGGCACA-1_2_1_1_1_1_1_1_1	CNP0000460_P02N	CNP0000460	DF.classifications_0.25_0.26_116	Singlet	pANN_0.25_0.26_116	0.229912490055688
CNP0000460_CTGAAGTCAAGCCTAT-1_2_1_1_1_1_1_1_1	CNP0000460_P02N	CNP0000460	DF.classifications_0.25_0.26_116	Singlet	pANN_0.25_0.26_116	0.183770883054893
CNP0000460_CTGAAGTCAGACGTAG-1_2_1_1_1_1_1_1_1	CNP0000460_P02N	CNP0000460	DF.classifications_0.25_0.26_116	Singlet	pANN_0.25_0.26_116	0.214797136038186
CNP0000460_CTGAAGTCAGGTCTCG-1_2_1_1_1_1_1_1_1	CNP0000460_P02N	CNP0000460	DF.classifications_0.25_0.26_116	Singlet	pANN_0.25_0.26_116	0.151949085123309
CNP0000460_CTGAAGTTCCGCATCT-1_2_1_1_1_1_1_1_1	CNP0000460_P02N	CNP0000460	DF.classifications_0.25_0.26_116	Singlet	pANN_0.25_0.26_116	0.177406523468576
CNP0000460_CTGAAGTTCGTTGACA-1_2_1_1_1_1_1_1_1	CNP0000460_P02N	CNP0000460	DF.classifications_0.25_0.26_116	Singlet	pANN_0.25_0.26_116	0.215592680986476
CNP0000460_CTGAAGTTCTGGTATG-1_2_1_1_1_1_1_1_1	CNP0000460_P02N	CNP0000460	DF.classifications_0.25_0.26_116	Singlet	pANN_0.25_0.26_116	0.271280827366746
CNP0000460_CTGATAGAGACCTAGG-1_2_1_1_1_1_1_1_1	CNP0000460_P02N	CNP0000460	DF.classifications_0.25_0.26_116	Singlet	pANN_0.25_0.26_116	0.348448687350835
CNP0000460_CTGATAGAGAGTCTGG-1_2_1_1_1_1_1_1_1	CNP0000460_P02N	CNP0000460	DF.classifications_0.25_0.26_116	Singlet	pANN_0.25_0.26_116	0.224343675417661
CNP0000460_CTGATAGAGATGTCGG-1_2_1_1_1_1_1_1_1	CNP0000460_P02N	CNP0000460	DF.classifications_0.25_0.26_116	Singlet	pANN_0.25_0.26_116	0.206046141607001
CNP0000460_CTGATAGAGCAAATCA-1_2_1_1_1_1_1_1_1	CNP0000460_P02N	CNP0000460	DF.classifications_0.25_0.26_116	Singlet	pANN_0.25_0.26_116	0.220365950676213
CNP0000460_CTGATAGCAGATAATG-1_2_1_1_1_1_1_1_1	CNP0000460_P02N	CNP0000460	DF.classifications_0.25_0.26_116	Singlet	pANN_0.25_0.26_116	0.216388225934765
CNP0000460_CTGATAGCATGGTCTA-1_2_1_1_1_1_1_1_1	CNP0000460_P02N	CNP0000460	DF.classifications_0.25_0.26_116	Singlet	pANN_0.25_0.26_116	0.285600636435959
CNP0000460_CTGATAGGTGCTTCTC-1_2_1_1_1_1_1_1_1	CNP0000460_P02N	CNP0000460	DF.classifications_0.25_0.26_116	Singlet	pANN_0.25_0.26_116	0.248210023866348
CNP0000460_CTGATAGTCACGATGT-1_2_1_1_1_1_1_1_1	CNP0000460_P02N	CNP0000460	DF.classifications_0.25_0.26_116	Singlet	pANN_0.25_0.26_116	0.246618933969769
CNP0000460_CTGATCCAGGGCTCTC-1_2_1_1_1_1_1_1_1	CNP0000460_P02N	CNP0000460	DF.classifications_0.25_0.26_116	Singlet	pANN_0.25_0.26_116	0.219570405727924
CNP0000460_CTGATCCAGTTTGCGT-1_2_1_1_1_1_1_1_1	CNP0000460_P02N	CNP0000460	DF.classifications_0.25_0.26_116	Singlet	pANN_0.25_0.26_116	0.172633253778839
CNP0000460_CTGATCCCAGTCTTCC-1_2_1_1_1_1_1_1_1	CNP0000460_P02N	CNP0000460	DF.classifications_0.25_0.26_116	Singlet	pANN_0.25_0.26_116	0.193317422434368
CNP0000460_CTGATCCTCAGCCTAA-1_2_1_1_1_1_1_1_1	CNP0000460_P02N	CNP0000460	DF.classifications_0.25_0.26_116	Singlet	pANN_0.25_0.26_116	0.269689737470167
CNP0000460_CTGATCCTCCTCAATT-1_2_1_1_1_1_1_1_1	CNP0000460_P02N	CNP0000460	DF.classifications_0.25_0.26_116	Singlet	pANN_0.25_0.26_116	0.205250596658711
CNP0000460_CTGATCCTCGGCGCTA-1_2_1_1_1_1_1_1_1	CNP0000460_P02N	CNP0000460	DF.classifications_0.25_0.26_116	Singlet	pANN_0.25_0.26_116	0.251392203659507
CNP0000460_CTGATCCTCTCAAACG-1_2_1_1_1_1_1_1_1	CNP0000460_P02N	CNP0000460	DF.classifications_0.25_0.26_116	Singlet	pANN_0.25_0.26_116	0.217183770883055
CNP0000460_CTGATCCTCTTCATGT-1_2_1_1_1_1_1_1_1	CNP0000460_P02N	CNP0000460	DF.classifications_0.25_0.26_116	Singlet	pANN_0.25_0.26_116	0.262529832935561
CNP0000460_CTGATCCTCTTGTACT-1_2_1_1_1_1_1_1_1	CNP0000460_P02N	CNP0000460	DF.classifications_0.25_0.26_116	Singlet	pANN_0.25_0.26_116	0.240254574383453
CNP0000460_CTGCCTACAATGGAGC-1_2_1_1_1_1_1_1_1	CNP0000460_P02N	CNP0000460	DF.classifications_0.25_0.26_116	Singlet	pANN_0.25_0.26_116	0.193317422434368
CNP0000460_CTGCCTACACAACGTT-1_2_1_1_1_1_1_1_1	CNP0000460_P02N	CNP0000460	DF.classifications_0.25_0.26_116	Singlet	pANN_0.25_0.26_116	0.20763723150358
CNP0000460_CTGCCTACACATTAGC-1_2_1_1_1_1_1_1_1	CNP0000460_P02N	CNP0000460	DF.classifications_0.25_0.26_116	Singlet	pANN_0.25_0.26_116	0.175019888623707
CNP0000460_CTGCCTACATTTCAGG-1_2_1_1_1_1_1_1_1	CNP0000460_P02N	CNP0000460	DF.classifications_0.25_0.26_116	Singlet	pANN_0.25_0.26_116	0.249801113762928
CNP0000460_CTGCCTAGTAGTGAAT-1_2_1_1_1_1_1_1_1	CNP0000460_P02N	CNP0000460	DF.classifications_0.25_0.26_116	Singlet	pANN_0.25_0.26_116	0.217183770883055
CNP0000460_CTGCCTATCAGTTTGG-1_2_1_1_1_1_1_1_1	CNP0000460_P02N	CNP0000460	DF.classifications_0.25_0.26_116	Singlet	pANN_0.25_0.26_116	0.186157517899761
CNP0000460_CTGCCTATCTACCTGC-1_2_1_1_1_1_1_1_1	CNP0000460_P02N	CNP0000460	DF.classifications_0.25_0.26_116	Singlet	pANN_0.25_0.26_116	0.205250596658711
CNP0000460_CTGCCTATCTCCGGTT-1_2_1_1_1_1_1_1_1	CNP0000460_P02N	CNP0000460	DF.classifications_0.25_0.26_116	Singlet	pANN_0.25_0.26_116	0.230708035003978
CNP0000460_CTGCGGAAGCCAGTTT-1_2_1_1_1_1_1_1_1	CNP0000460_P02N	CNP0000460	DF.classifications_0.25_0.26_116	Singlet	pANN_0.25_0.26_116	0.276849642004773
CNP0000460_CTGCGGAAGGGAACGG-1_2_1_1_1_1_1_1_1	CNP0000460_P02N	CNP0000460	DF.classifications_0.25_0.26_116	Singlet	pANN_0.25_0.26_116	0.239459029435163
CNP0000460_CTGCGGACAGCAGTTT-1_2_1_1_1_1_1_1_1	CNP0000460_P02N	CNP0000460	DF.classifications_0.25_0.26_116	Singlet	pANN_0.25_0.26_116	0.295147175815434
CNP0000460_CTGCGGACAGTGGAGT-1_2_1_1_1_1_1_1_1	CNP0000460_P02N	CNP0000460	DF.classifications_0.25_0.26_116	Singlet	pANN_0.25_0.26_116	0.228321400159109
CNP0000460_CTGCGGACATGAAGTA-1_2_1_1_1_1_1_1_1	CNP0000460_P02N	CNP0000460	DF.classifications_0.25_0.26_116	Singlet	pANN_0.25_0.26_116	0.265712012728719
CNP0000460_CTGCGGACATGGGACA-1_2_1_1_1_1_1_1_1	CNP0000460_P02N	CNP0000460	DF.classifications_0.25_0.26_116	Singlet	pANN_0.25_0.26_116	0.267303102625298
CNP0000460_CTGCGGAGTGATGTGG-1_2_1_1_1_1_1_1_1	CNP0000460_P02N	CNP0000460	DF.classifications_0.25_0.26_116	Singlet	pANN_0.25_0.26_116	0.194908512330947
CNP0000460_CTGCGGAGTTAAGATG-1_2_1_1_1_1_1_1_1	CNP0000460_P02N	CNP0000460	DF.classifications_0.25_0.26_116	Singlet	pANN_0.25_0.26_116	0.178997613365155
CNP0000460_CTGCGGATCCATGAAC-1_2_1_1_1_1_1_1_1	CNP0000460_P02N	CNP0000460	DF.classifications_0.25_0.26_116	Singlet	pANN_0.25_0.26_116	0.271280827366746
CNP0000460_CTGCGGATCTCAACTT-1_2_1_1_1_1_1_1_1	CNP0000460_P02N	CNP0000460	DF.classifications_0.25_0.26_116	Singlet	pANN_0.25_0.26_116	0.183770883054893
CNP0000460_CTGCTGTAGCGTTCCG-1_2_1_1_1_1_1_1_1	CNP0000460_P02N	CNP0000460	DF.classifications_0.25_0.26_116	Singlet	pANN_0.25_0.26_116	0.242641209228321
CNP0000460_CTGCTGTAGTTAAGTG-1_2_1_1_1_1_1_1_1	CNP0000460_P02N	CNP0000460	DF.classifications_0.25_0.26_116	Singlet	pANN_0.25_0.26_116	0.185361972951472
CNP0000460_CTGCTGTCAATTCCTT-1_2_1_1_1_1_1_1_1	CNP0000460_P02N	CNP0000460	DF.classifications_0.25_0.26_116	Singlet	pANN_0.25_0.26_116	0.224343675417661
CNP0000460_CTGCTGTCACAGTCGC-1_2_1_1_1_1_1_1_1	CNP0000460_P02N	CNP0000460	DF.classifications_0.25_0.26_116	Singlet	pANN_0.25_0.26_116	0.192521877486078
CNP0000460_CTGCTGTGTACAGCAG-1_2_1_1_1_1_1_1_1	CNP0000460_P02N	CNP0000460	DF.classifications_0.25_0.26_116	Singlet	pANN_0.25_0.26_116	0.268894192521877
CNP0000460_CTGCTGTGTTGCGCAC-1_2_1_1_1_1_1_1_1	CNP0000460_P02N	CNP0000460	DF.classifications_0.25_0.26_116	Singlet	pANN_0.25_0.26_116	0.206046141607001
CNP0000460_CTGCTGTTCACCATAG-1_2_1_1_1_1_1_1_1	CNP0000460_P02N	CNP0000460	DF.classifications_0.25_0.26_116	Singlet	pANN_0.25_0.26_116	0.244232299124901
CNP0000460_CTGGTCTAGTGTACCT-1_2_1_1_1_1_1_1_1	CNP0000460_P02N	CNP0000460	DF.classifications_0.25_0.26_116	Singlet	pANN_0.25_0.26_116	0.187748607796341
CNP0000460_CTGGTCTCAAGTTCTG-1_2_1_1_1_1_1_1_1	CNP0000460_P02N	CNP0000460	DF.classifications_0.25_0.26_116	Singlet	pANN_0.25_0.26_116	0.227525855210819
CNP0000460_CTGGTCTCAATCTACG-1_2_1_1_1_1_1_1_1	CNP0000460_P02N	CNP0000460	DF.classifications_0.25_0.26_116	Singlet	pANN_0.25_0.26_116	0.231503579952267
CNP0000460_CTGGTCTCACTTACGA-1_2_1_1_1_1_1_1_1	CNP0000460_P02N	CNP0000460	DF.classifications_0.25_0.26_116	Singlet	pANN_0.25_0.26_116	0.22673031026253
CNP0000460_CTGGTCTCAGCCTTTC-1_2_1_1_1_1_1_1_1	CNP0000460_P02N	CNP0000460	DF.classifications_0.25_0.26_116	Singlet	pANN_0.25_0.26_116	0.249801113762928
CNP0000460_CTGGTCTCAGTCAGCC-1_2_1_1_1_1_1_1_1	CNP0000460_P02N	CNP0000460	DF.classifications_0.25_0.26_116	Singlet	pANN_0.25_0.26_116	0.229912490055688
CNP0000460_CTGGTCTGTATTCGTG-1_2_1_1_1_1_1_1_1	CNP0000460_P02N	CNP0000460	DF.classifications_0.25_0.26_116	Singlet	pANN_0.25_0.26_116	0.186953062848051
CNP0000460_CTGGTCTGTTGTGGCC-1_2_1_1_1_1_1_1_1	CNP0000460_P02N	CNP0000460	DF.classifications_0.25_0.26_116	Singlet	pANN_0.25_0.26_116	0.195704057279236
CNP0000460_CTGGTCTTCCTTAATC-1_2_1_1_1_1_1_1_1	CNP0000460_P02N	CNP0000460	DF.classifications_0.25_0.26_116	Singlet	pANN_0.25_0.26_116	0.204455051710422
CNP0000460_CTGTGCTCAGTTCATG-1_2_1_1_1_1_1_1_1	CNP0000460_P02N	CNP0000460	DF.classifications_0.25_0.26_116	Singlet	pANN_0.25_0.26_116	0.220365950676213
CNP0000460_CTGTGCTCATTTGCTT-1_2_1_1_1_1_1_1_1	CNP0000460_P02N	CNP0000460	DF.classifications_0.25_0.26_116	Singlet	pANN_0.25_0.26_116	0.210023866348449
CNP0000460_CTGTGCTGTCCATCCT-1_2_1_1_1_1_1_1_1	CNP0000460_P02N	CNP0000460	DF.classifications_0.25_0.26_116	Singlet	pANN_0.25_0.26_116	0.254574383452665
CNP0000460_CTGTGCTGTCGCCATG-1_2_1_1_1_1_1_1_1	CNP0000460_P02N	CNP0000460	DF.classifications_0.25_0.26_116	Singlet	pANN_0.25_0.26_116	0.241050119331742
CNP0000460_CTGTGCTGTTAGTGGG-1_2_1_1_1_1_1_1_1	CNP0000460_P02N	CNP0000460	DF.classifications_0.25_0.26_116	Doublet	pANN_0.25_0.26_116	0.403341288782816
CNP0000460_CTGTGCTTCCTGTACC-1_2_1_1_1_1_1_1_1	CNP0000460_P02N	CNP0000460	DF.classifications_0.25_0.26_116	Singlet	pANN_0.25_0.26_116	0.164677804295943
CNP0000460_CTGTGCTTCTCAAGTG-1_2_1_1_1_1_1_1_1	CNP0000460_P02N	CNP0000460	DF.classifications_0.25_0.26_116	Singlet	pANN_0.25_0.26_116	0.225139220365951
CNP0000460_CTGTGCTTCTGCTTGC-1_2_1_1_1_1_1_1_1	CNP0000460_P02N	CNP0000460	DF.classifications_0.25_0.26_116	Singlet	pANN_0.25_0.26_116	0.18933969769292
CNP0000460_CTGTTTAAGACAGAGA-1_2_1_1_1_1_1_1_1	CNP0000460_P02N	CNP0000460	DF.classifications_0.25_0.26_116	Singlet	pANN_0.25_0.26_116	0.192521877486078
CNP0000460_CTGTTTACAGCATACT-1_2_1_1_1_1_1_1_1	CNP0000460_P02N	CNP0000460	DF.classifications_0.25_0.26_116	Singlet	pANN_0.25_0.26_116	0.201272871917263
CNP0000460_CTGTTTACATGAAGTA-1_2_1_1_1_1_1_1_1	CNP0000460_P02N	CNP0000460	DF.classifications_0.25_0.26_116	Singlet	pANN_0.25_0.26_116	0.194908512330947
CNP0000460_CTGTTTAGTGGGTATG-1_2_1_1_1_1_1_1_1	CNP0000460_P02N	CNP0000460	DF.classifications_0.25_0.26_116	Singlet	pANN_0.25_0.26_116	0.231503579952267
CNP0000460_CTGTTTAGTTCAACCA-1_2_1_1_1_1_1_1_1	CNP0000460_P02N	CNP0000460	DF.classifications_0.25_0.26_116	Doublet	pANN_0.25_0.26_116	0.366746221161496
CNP0000460_CTGTTTAGTTGATTCG-1_2_1_1_1_1_1_1_1	CNP0000460_P02N	CNP0000460	DF.classifications_0.25_0.26_116	Singlet	pANN_0.25_0.26_116	0.187748607796341
CNP0000460_CTGTTTATCCTTAATC-1_2_1_1_1_1_1_1_1	CNP0000460_P02N	CNP0000460	DF.classifications_0.25_0.26_116	Singlet	pANN_0.25_0.26_116	0.247414478918059
CNP0000460_CTGTTTATCGGTGTCG-1_2_1_1_1_1_1_1_1	CNP0000460_P02N	CNP0000460	DF.classifications_0.25_0.26_116	Singlet	pANN_0.25_0.26_116	0.147175815433572
CNP0000460_CTTAACTAGGCTCAGA-1_2_1_1_1_1_1_1_1	CNP0000460_P02N	CNP0000460	DF.classifications_0.25_0.26_116	Singlet	pANN_0.25_0.26_116	0.268098647573588
CNP0000460_CTTAACTAGTGAACAT-1_2_1_1_1_1_1_1_1	CNP0000460_P02N	CNP0000460	DF.classifications_0.25_0.26_116	Singlet	pANN_0.25_0.26_116	0.18933969769292
CNP0000460_CTTAACTCAAAGCGGT-1_2_1_1_1_1_1_1_1	CNP0000460_P02N	CNP0000460	DF.classifications_0.25_0.26_116	Singlet	pANN_0.25_0.26_116	0.213206046141607
CNP0000460_CTTAACTCAGGAACGT-1_2_1_1_1_1_1_1_1	CNP0000460_P02N	CNP0000460	DF.classifications_0.25_0.26_116	Singlet	pANN_0.25_0.26_116	0.244232299124901
CNP0000460_CTTAACTCATCAGTAC-1_2_1_1_1_1_1_1_1	CNP0000460_P02N	CNP0000460	DF.classifications_0.25_0.26_116	Singlet	pANN_0.25_0.26_116	0.250596658711217
CNP0000460_CTTAACTCATGGGACA-1_2_1_1_1_1_1_1_1	CNP0000460_P02N	CNP0000460	DF.classifications_0.25_0.26_116	Singlet	pANN_0.25_0.26_116	0.236276849642005
CNP0000460_CTTAACTTCTATCCTA-1_2_1_1_1_1_1_1_1	CNP0000460_P02N	CNP0000460	DF.classifications_0.25_0.26_116	Singlet	pANN_0.25_0.26_116	0.248210023866348
CNP0000460_CTTACCGCAAATTGCC-1_2_1_1_1_1_1_1_1	CNP0000460_P02N	CNP0000460	DF.classifications_0.25_0.26_116	Singlet	pANN_0.25_0.26_116	0.191726332537788
CNP0000460_CTTACCGCACCATCCT-1_2_1_1_1_1_1_1_1	CNP0000460_P02N	CNP0000460	DF.classifications_0.25_0.26_116	Singlet	pANN_0.25_0.26_116	0.279236276849642
CNP0000460_CTTACCGTCCGTAGTA-1_2_1_1_1_1_1_1_1	CNP0000460_P02N	CNP0000460	DF.classifications_0.25_0.26_116	Singlet	pANN_0.25_0.26_116	0.227525855210819
CNP0000460_CTTACCGTCCTCCTAG-1_2_1_1_1_1_1_1_1	CNP0000460_P02N	CNP0000460	DF.classifications_0.25_0.26_116	Singlet	pANN_0.25_0.26_116	0.280827366746221
CNP0000460_CTTACCGTCTTCCTTC-1_2_1_1_1_1_1_1_1	CNP0000460_P02N	CNP0000460	DF.classifications_0.25_0.26_116	Singlet	pANN_0.25_0.26_116	0.248210023866348
CNP0000460_CTTAGGAAGAGACTAT-1_2_1_1_1_1_1_1_1	CNP0000460_P02N	CNP0000460	DF.classifications_0.25_0.26_116	Singlet	pANN_0.25_0.26_116	0.214797136038186
CNP0000460_CTTAGGAAGCCCAACC-1_2_1_1_1_1_1_1_1	CNP0000460_P02N	CNP0000460	DF.classifications_0.25_0.26_116	Singlet	pANN_0.25_0.26_116	0.250596658711217
CNP0000460_CTTAGGAAGTGATCGG-1_2_1_1_1_1_1_1_1	CNP0000460_P02N	CNP0000460	DF.classifications_0.25_0.26_116	Singlet	pANN_0.25_0.26_116	0.190930787589499
CNP0000460_CTTAGGAAGTTAAGTG-1_2_1_1_1_1_1_1_1	CNP0000460_P02N	CNP0000460	DF.classifications_0.25_0.26_116	Singlet	pANN_0.25_0.26_116	0.254574383452665
CNP0000460_CTTAGGAGTAATTGGA-1_2_1_1_1_1_1_1_1	CNP0000460_P02N	CNP0000460	DF.classifications_0.25_0.26_116	Singlet	pANN_0.25_0.26_116	0.210819411296738
CNP0000460_CTTAGGAGTACGAAAT-1_2_1_1_1_1_1_1_1	CNP0000460_P02N	CNP0000460	DF.classifications_0.25_0.26_116	Singlet	pANN_0.25_0.26_116	0.213206046141607
CNP0000460_CTTAGGAGTATGAAAC-1_2_1_1_1_1_1_1_1	CNP0000460_P02N	CNP0000460	DF.classifications_0.25_0.26_116	Singlet	pANN_0.25_0.26_116	0.20684168655529
CNP0000460_CTTAGGAGTCATCCCT-1_2_1_1_1_1_1_1_1	CNP0000460_P02N	CNP0000460	DF.classifications_0.25_0.26_116	Singlet	pANN_0.25_0.26_116	0.244232299124901
CNP0000460_CTTAGGAGTCATTAGC-1_2_1_1_1_1_1_1_1	CNP0000460_P02N	CNP0000460	DF.classifications_0.25_0.26_116	Singlet	pANN_0.25_0.26_116	0.24582338902148
CNP0000460_CTTAGGATCCCTTGCA-1_2_1_1_1_1_1_1_1	CNP0000460_P02N	CNP0000460	DF.classifications_0.25_0.26_116	Singlet	pANN_0.25_0.26_116	0.20843277645187
CNP0000460_CTTCTCTCAAGACACG-1_2_1_1_1_1_1_1_1	CNP0000460_P02N	CNP0000460	DF.classifications_0.25_0.26_116	Singlet	pANN_0.25_0.26_116	0.236276849642005
CNP0000460_CTTCTCTCACTCAGGC-1_2_1_1_1_1_1_1_1	CNP0000460_P02N	CNP0000460	DF.classifications_0.25_0.26_116	Singlet	pANN_0.25_0.26_116	0.242641209228321
CNP0000460_CTTCTCTGTCTGATCA-1_2_1_1_1_1_1_1_1	CNP0000460_P02N	CNP0000460	DF.classifications_0.25_0.26_116	Singlet	pANN_0.25_0.26_116	0.242641209228321
CNP0000460_CTTCTCTGTTCCGTCT-1_2_1_1_1_1_1_1_1	CNP0000460_P02N	CNP0000460	DF.classifications_0.25_0.26_116	Singlet	pANN_0.25_0.26_116	0.269689737470167
CNP0000460_CTTCTCTTCCACTCCA-1_2_1_1_1_1_1_1_1	CNP0000460_P02N	CNP0000460	DF.classifications_0.25_0.26_116	Singlet	pANN_0.25_0.26_116	0.241845664280032
CNP0000460_CTTCTCTTCCTCAATT-1_2_1_1_1_1_1_1_1	CNP0000460_P02N	CNP0000460	DF.classifications_0.25_0.26_116	Singlet	pANN_0.25_0.26_116	0.276054097056484
CNP0000460_CTTCTCTTCTTCGAGA-1_2_1_1_1_1_1_1_1	CNP0000460_P02N	CNP0000460	DF.classifications_0.25_0.26_116	Singlet	pANN_0.25_0.26_116	0.214797136038186
CNP0000460_CTTGGCTAGGAATTAC-1_2_1_1_1_1_1_1_1	CNP0000460_P02N	CNP0000460	DF.classifications_0.25_0.26_116	Singlet	pANN_0.25_0.26_116	0.240254574383453
CNP0000460_CTTGGCTCATGTTCCC-1_2_1_1_1_1_1_1_1	CNP0000460_P02N	CNP0000460	DF.classifications_0.25_0.26_116	Singlet	pANN_0.25_0.26_116	0.186953062848051
CNP0000460_CTTGGCTTCAGAAATG-1_2_1_1_1_1_1_1_1	CNP0000460_P02N	CNP0000460	DF.classifications_0.25_0.26_116	Singlet	pANN_0.25_0.26_116	0.223548130469372
CNP0000460_CTTTGCGAGAGCAATT-1_2_1_1_1_1_1_1_1	CNP0000460_P02N	CNP0000460	DF.classifications_0.25_0.26_116	Singlet	pANN_0.25_0.26_116	0.280031821797932
CNP0000460_CTTTGCGCACCAGGTC-1_2_1_1_1_1_1_1_1	CNP0000460_P02N	CNP0000460	DF.classifications_0.25_0.26_116	Singlet	pANN_0.25_0.26_116	0.142402545743835
CNP0000460_CTTTGCGCATCTACGA-1_2_1_1_1_1_1_1_1	CNP0000460_P02N	CNP0000460	DF.classifications_0.25_0.26_116	Singlet	pANN_0.25_0.26_116	0.200477326968974
CNP0000460_CTTTGCGGTAGAAAGG-1_2_1_1_1_1_1_1_1	CNP0000460_P02N	CNP0000460	DF.classifications_0.25_0.26_116	Singlet	pANN_0.25_0.26_116	0.186157517899761
CNP0000460_CTTTGCGGTCTTGTCC-1_2_1_1_1_1_1_1_1	CNP0000460_P02N	CNP0000460	DF.classifications_0.25_0.26_116	Singlet	pANN_0.25_0.26_116	0.30230708035004
CNP0000460_CTTTGCGTCCAACCAA-1_2_1_1_1_1_1_1_1	CNP0000460_P02N	CNP0000460	DF.classifications_0.25_0.26_116	Singlet	pANN_0.25_0.26_116	0.228321400159109
CNP0000460_CTTTGCGTCGTTACGA-1_2_1_1_1_1_1_1_1	CNP0000460_P02N	CNP0000460	DF.classifications_0.25_0.26_116	Singlet	pANN_0.25_0.26_116	0.182975338106603
CNP0000460_GAAACTCAGAAGGCCT-1_2_1_1_1_1_1_1_1	CNP0000460_P02N	CNP0000460	DF.classifications_0.25_0.26_116	Singlet	pANN_0.25_0.26_116	0.257756563245823
CNP0000460_GAAACTCGTCCAGTAT-1_2_1_1_1_1_1_1_1	CNP0000460_P02N	CNP0000460	DF.classifications_0.25_0.26_116	Singlet	pANN_0.25_0.26_116	0.168655529037391
CNP0000460_GAAACTCGTGCGAAAC-1_2_1_1_1_1_1_1_1	CNP0000460_P02N	CNP0000460	DF.classifications_0.25_0.26_116	Singlet	pANN_0.25_0.26_116	0.204455051710422
CNP0000460_GAAACTCTCACCTCGT-1_2_1_1_1_1_1_1_1	CNP0000460_P02N	CNP0000460	DF.classifications_0.25_0.26_116	Singlet	pANN_0.25_0.26_116	0.252983293556086
CNP0000460_GAAACTCTCAGCATGT-1_2_1_1_1_1_1_1_1	CNP0000460_P02N	CNP0000460	DF.classifications_0.25_0.26_116	Singlet	pANN_0.25_0.26_116	0.175019888623707
CNP0000460_GAAACTCTCCGTCATC-1_2_1_1_1_1_1_1_1	CNP0000460_P02N	CNP0000460	DF.classifications_0.25_0.26_116	Singlet	pANN_0.25_0.26_116	0.176610978520286
CNP0000460_GAAATGACAAGAAGAG-1_2_1_1_1_1_1_1_1	CNP0000460_P02N	CNP0000460	DF.classifications_0.25_0.26_116	Singlet	pANN_0.25_0.26_116	0.163882259347653
CNP0000460_GAAATGACAATGTTGC-1_2_1_1_1_1_1_1_1	CNP0000460_P02N	CNP0000460	DF.classifications_0.25_0.26_116	Singlet	pANN_0.25_0.26_116	0.299920445505171
CNP0000460_GAAATGACACTTGGAT-1_2_1_1_1_1_1_1_1	CNP0000460_P02N	CNP0000460	DF.classifications_0.25_0.26_116	Singlet	pANN_0.25_0.26_116	0.236276849642005
CNP0000460_GAAATGATCAACCATG-1_2_1_1_1_1_1_1_1	CNP0000460_P02N	CNP0000460	DF.classifications_0.25_0.26_116	Singlet	pANN_0.25_0.26_116	0.230708035003978
CNP0000460_GAAATGATCACATAGC-1_2_1_1_1_1_1_1_1	CNP0000460_P02N	CNP0000460	DF.classifications_0.25_0.26_116	Singlet	pANN_0.25_0.26_116	0.240254574383453
CNP0000460_GAAATGATCAGCGATT-1_2_1_1_1_1_1_1_1	CNP0000460_P02N	CNP0000460	DF.classifications_0.25_0.26_116	Doublet	pANN_0.25_0.26_116	0.45266507557677
CNP0000460_GAAATGATCATTTGGG-1_2_1_1_1_1_1_1_1	CNP0000460_P02N	CNP0000460	DF.classifications_0.25_0.26_116	Singlet	pANN_0.25_0.26_116	0.216388225934765
CNP0000460_GAAATGATCGCTGATA-1_2_1_1_1_1_1_1_1	CNP0000460_P02N	CNP0000460	DF.classifications_0.25_0.26_116	Singlet	pANN_0.25_0.26_116	0.178997613365155
CNP0000460_GAACATCAGCGTCAAG-1_2_1_1_1_1_1_1_1	CNP0000460_P02N	CNP0000460	DF.classifications_0.25_0.26_116	Singlet	pANN_0.25_0.26_116	0.20843277645187
CNP0000460_GAACATCAGGTGCTTT-1_2_1_1_1_1_1_1_1	CNP0000460_P02N	CNP0000460	DF.classifications_0.25_0.26_116	Singlet	pANN_0.25_0.26_116	0.183770883054893
CNP0000460_GAACATCCACCATCCT-1_2_1_1_1_1_1_1_1	CNP0000460_P02N	CNP0000460	DF.classifications_0.25_0.26_116	Singlet	pANN_0.25_0.26_116	0.259347653142403
CNP0000460_GAACATCCAGCGTAAG-1_2_1_1_1_1_1_1_1	CNP0000460_P02N	CNP0000460	DF.classifications_0.25_0.26_116	Singlet	pANN_0.25_0.26_116	0.16945107398568
CNP0000460_GAACATCCATGCGCAC-1_2_1_1_1_1_1_1_1	CNP0000460_P02N	CNP0000460	DF.classifications_0.25_0.26_116	Doublet	pANN_0.25_0.26_116	0.398568019093079
CNP0000460_GAACATCCATTAACCG-1_2_1_1_1_1_1_1_1	CNP0000460_P02N	CNP0000460	DF.classifications_0.25_0.26_116	Doublet	pANN_0.25_0.26_116	0.367541766109785
CNP0000460_GAACATCGTCAATGTC-1_2_1_1_1_1_1_1_1	CNP0000460_P02N	CNP0000460	DF.classifications_0.25_0.26_116	Singlet	pANN_0.25_0.26_116	0.202863961813842
CNP0000460_GAACATCGTCCATCCT-1_2_1_1_1_1_1_1_1	CNP0000460_P02N	CNP0000460	DF.classifications_0.25_0.26_116	Singlet	pANN_0.25_0.26_116	0.260143198090692
CNP0000460_GAACATCGTGACCAAG-1_2_1_1_1_1_1_1_1	CNP0000460_P02N	CNP0000460	DF.classifications_0.25_0.26_116	Singlet	pANN_0.25_0.26_116	0.258552108194113
CNP0000460_GAACATCGTTATCACG-1_2_1_1_1_1_1_1_1	CNP0000460_P02N	CNP0000460	DF.classifications_0.25_0.26_116	Singlet	pANN_0.25_0.26_116	0.252983293556086
CNP0000460_GAACATCTCCTCGCAT-1_2_1_1_1_1_1_1_1	CNP0000460_P02N	CNP0000460	DF.classifications_0.25_0.26_116	Singlet	pANN_0.25_0.26_116	0.273667462211615
CNP0000460_GAACCTAAGACAATAC-1_2_1_1_1_1_1_1_1	CNP0000460_P02N	CNP0000460	DF.classifications_0.25_0.26_116	Singlet	pANN_0.25_0.26_116	0.237867939538584
CNP0000460_GAACCTAAGTGGCACA-1_2_1_1_1_1_1_1_1	CNP0000460_P02N	CNP0000460	DF.classifications_0.25_0.26_116	Singlet	pANN_0.25_0.26_116	0.217979315831344
CNP0000460_GAACCTACATCCTAGA-1_2_1_1_1_1_1_1_1	CNP0000460_P02N	CNP0000460	DF.classifications_0.25_0.26_116	Singlet	pANN_0.25_0.26_116	0.192521877486078
CNP0000460_GAACCTAGTGAGGGTT-1_2_1_1_1_1_1_1_1	CNP0000460_P02N	CNP0000460	DF.classifications_0.25_0.26_116	Singlet	pANN_0.25_0.26_116	0.197295147175815
CNP0000460_GAACCTAGTGCAGGTA-1_2_1_1_1_1_1_1_1	CNP0000460_P02N	CNP0000460	DF.classifications_0.25_0.26_116	Singlet	pANN_0.25_0.26_116	0.241050119331742
CNP0000460_GAACCTAGTTCTCATT-1_2_1_1_1_1_1_1_1	CNP0000460_P02N	CNP0000460	DF.classifications_0.25_0.26_116	Singlet	pANN_0.25_0.26_116	0.228321400159109
CNP0000460_GAACGGAAGAATGTTG-1_2_1_1_1_1_1_1_1	CNP0000460_P02N	CNP0000460	DF.classifications_0.25_0.26_116	Singlet	pANN_0.25_0.26_116	0.241845664280032
CNP0000460_GAACGGACAAGTCTAC-1_2_1_1_1_1_1_1_1	CNP0000460_P02N	CNP0000460	DF.classifications_0.25_0.26_116	Doublet	pANN_0.25_0.26_116	0.420047732696897
CNP0000460_GAACGGACACCACGTG-1_2_1_1_1_1_1_1_1	CNP0000460_P02N	CNP0000460	DF.classifications_0.25_0.26_116	Singlet	pANN_0.25_0.26_116	0.268894192521877
CNP0000460_GAACGGACAGACGTAG-1_2_1_1_1_1_1_1_1	CNP0000460_P02N	CNP0000460	DF.classifications_0.25_0.26_116	Singlet	pANN_0.25_0.26_116	0.181384248210024
CNP0000460_GAACGGACAGATCCAT-1_2_1_1_1_1_1_1_1	CNP0000460_P02N	CNP0000460	DF.classifications_0.25_0.26_116	Singlet	pANN_0.25_0.26_116	0.233094669848846
CNP0000460_GAACGGACAGCTTCGG-1_2_1_1_1_1_1_1_1	CNP0000460_P02N	CNP0000460	DF.classifications_0.25_0.26_116	Singlet	pANN_0.25_0.26_116	0.186953062848051
CNP0000460_GAACGGACATTCGACA-1_2_1_1_1_1_1_1_1	CNP0000460_P02N	CNP0000460	DF.classifications_0.25_0.26_116	Singlet	pANN_0.25_0.26_116	0.211614956245028
CNP0000460_GAAGCAGAGGGATGGG-1_2_1_1_1_1_1_1_1	CNP0000460_P02N	CNP0000460	DF.classifications_0.25_0.26_116	Singlet	pANN_0.25_0.26_116	0.230708035003978
CNP0000460_GAAGCAGCACCTCGGA-1_2_1_1_1_1_1_1_1	CNP0000460_P02N	CNP0000460	DF.classifications_0.25_0.26_116	Singlet	pANN_0.25_0.26_116	0.214001591089897
CNP0000460_GAAGCAGCAGCGTAAG-1_2_1_1_1_1_1_1_1	CNP0000460_P02N	CNP0000460	DF.classifications_0.25_0.26_116	Singlet	pANN_0.25_0.26_116	0.190930787589499
CNP0000460_GAAGCAGCATCCGGGT-1_2_1_1_1_1_1_1_1	CNP0000460_P02N	CNP0000460	DF.classifications_0.25_0.26_116	Singlet	pANN_0.25_0.26_116	0.119331742243437
CNP0000460_GAAGCAGGTCATGCCG-1_2_1_1_1_1_1_1_1	CNP0000460_P02N	CNP0000460	DF.classifications_0.25_0.26_116	Singlet	pANN_0.25_0.26_116	0.20763723150358
CNP0000460_GAAGCAGGTCGCGTGT-1_2_1_1_1_1_1_1_1	CNP0000460_P02N	CNP0000460	DF.classifications_0.25_0.26_116	Doublet	pANN_0.25_0.26_116	0.389021479713604
CNP0000460_GAAGCAGGTGTAAGTA-1_2_1_1_1_1_1_1_1	CNP0000460_P02N	CNP0000460	DF.classifications_0.25_0.26_116	Singlet	pANN_0.25_0.26_116	0.163086714399364
CNP0000460_GAATAAGAGTTCGATC-1_2_1_1_1_1_1_1_1	CNP0000460_P02N	CNP0000460	DF.classifications_0.25_0.26_116	Singlet	pANN_0.25_0.26_116	0.213206046141607
CNP0000460_GAATAAGCAACGCACC-1_2_1_1_1_1_1_1_1	CNP0000460_P02N	CNP0000460	DF.classifications_0.25_0.26_116	Singlet	pANN_0.25_0.26_116	0.182179793158313
CNP0000460_GAATAAGGTCTCTTAT-1_2_1_1_1_1_1_1_1	CNP0000460_P02N	CNP0000460	DF.classifications_0.25_0.26_116	Singlet	pANN_0.25_0.26_116	0.342879872712808
CNP0000460_GAATAAGGTGACTCAT-1_2_1_1_1_1_1_1_1	CNP0000460_P02N	CNP0000460	DF.classifications_0.25_0.26_116	Singlet	pANN_0.25_0.26_116	0.220365950676213
CNP0000460_GAATAAGTCTAACCGA-1_2_1_1_1_1_1_1_1	CNP0000460_P02N	CNP0000460	DF.classifications_0.25_0.26_116	Singlet	pANN_0.25_0.26_116	0.213206046141607
CNP0000460_GAATGAAAGCAACGGT-1_2_1_1_1_1_1_1_1	CNP0000460_P02N	CNP0000460	DF.classifications_0.25_0.26_116	Singlet	pANN_0.25_0.26_116	0.172633253778839
CNP0000460_GAATGAAAGTGCAAGC-1_2_1_1_1_1_1_1_1	CNP0000460_P02N	CNP0000460	DF.classifications_0.25_0.26_116	Singlet	pANN_0.25_0.26_116	0.209228321400159
CNP0000460_GAATGAACAAACGCGA-1_2_1_1_1_1_1_1_1	CNP0000460_P02N	CNP0000460	DF.classifications_0.25_0.26_116	Singlet	pANN_0.25_0.26_116	0.196499602227526
CNP0000460_GAATGAACAGCTTAAC-1_2_1_1_1_1_1_1_1	CNP0000460_P02N	CNP0000460	DF.classifications_0.25_0.26_116	Singlet	pANN_0.25_0.26_116	0.217183770883055
CNP0000460_GAATGAAGTCGCATAT-1_2_1_1_1_1_1_1_1	CNP0000460_P02N	CNP0000460	DF.classifications_0.25_0.26_116	Singlet	pANN_0.25_0.26_116	0.175815433571997
CNP0000460_GACACGCAGAGCTATA-1_2_1_1_1_1_1_1_1	CNP0000460_P02N	CNP0000460	DF.classifications_0.25_0.26_116	Singlet	pANN_0.25_0.26_116	0.304693715194909
CNP0000460_GACACGCAGATATGCA-1_2_1_1_1_1_1_1_1	CNP0000460_P02N	CNP0000460	DF.classifications_0.25_0.26_116	Doublet	pANN_0.25_0.26_116	0.381861575178998
CNP0000460_GACACGCAGCGTTTAC-1_2_1_1_1_1_1_1_1	CNP0000460_P02N	CNP0000460	DF.classifications_0.25_0.26_116	Singlet	pANN_0.25_0.26_116	0.182975338106603
CNP0000460_GACACGCCACGCATCG-1_2_1_1_1_1_1_1_1	CNP0000460_P02N	CNP0000460	DF.classifications_0.25_0.26_116	Singlet	pANN_0.25_0.26_116	0.210023866348449
CNP0000460_GACACGCGTCGAGTTT-1_2_1_1_1_1_1_1_1	CNP0000460_P02N	CNP0000460	DF.classifications_0.25_0.26_116	Singlet	pANN_0.25_0.26_116	0.214001591089897
CNP0000460_GACACGCTCAACACGT-1_2_1_1_1_1_1_1_1	CNP0000460_P02N	CNP0000460	DF.classifications_0.25_0.26_116	Singlet	pANN_0.25_0.26_116	0.193317422434368
CNP0000460_GACACGCTCAGTTAGC-1_2_1_1_1_1_1_1_1	CNP0000460_P02N	CNP0000460	DF.classifications_0.25_0.26_116	Singlet	pANN_0.25_0.26_116	0.191726332537788
CNP0000460_GACACGCTCCACGAAT-1_2_1_1_1_1_1_1_1	CNP0000460_P02N	CNP0000460	DF.classifications_0.25_0.26_116	Singlet	pANN_0.25_0.26_116	0.184566428003182
CNP0000460_GACAGAGAGAATCTCC-1_2_1_1_1_1_1_1_1	CNP0000460_P02N	CNP0000460	DF.classifications_0.25_0.26_116	Singlet	pANN_0.25_0.26_116	0.211614956245028
CNP0000460_GACAGAGAGACTACAA-1_2_1_1_1_1_1_1_1	CNP0000460_P02N	CNP0000460	DF.classifications_0.25_0.26_116	Singlet	pANN_0.25_0.26_116	0.221957040572792
CNP0000460_GACAGAGAGCAGCGTA-1_2_1_1_1_1_1_1_1	CNP0000460_P02N	CNP0000460	DF.classifications_0.25_0.26_116	Singlet	pANN_0.25_0.26_116	0.166268894192522
CNP0000460_GACAGAGCACCTCGGA-1_2_1_1_1_1_1_1_1	CNP0000460_P02N	CNP0000460	DF.classifications_0.25_0.26_116	Singlet	pANN_0.25_0.26_116	0.192521877486078
CNP0000460_GACAGAGCACGGTAAG-1_2_1_1_1_1_1_1_1	CNP0000460_P02N	CNP0000460	DF.classifications_0.25_0.26_116	Singlet	pANN_0.25_0.26_116	0.217979315831344
CNP0000460_GACAGAGCACTTAACG-1_2_1_1_1_1_1_1_1	CNP0000460_P02N	CNP0000460	DF.classifications_0.25_0.26_116	Singlet	pANN_0.25_0.26_116	0.213206046141607
CNP0000460_GACAGAGCAGCCTATA-1_2_1_1_1_1_1_1_1	CNP0000460_P02N	CNP0000460	DF.classifications_0.25_0.26_116	Singlet	pANN_0.25_0.26_116	0.212410501193317
CNP0000460_GACAGAGCATGGGAAC-1_2_1_1_1_1_1_1_1	CNP0000460_P02N	CNP0000460	DF.classifications_0.25_0.26_116	Singlet	pANN_0.25_0.26_116	0.202068416865553
CNP0000460_GACAGAGGTAGCGATG-1_2_1_1_1_1_1_1_1	CNP0000460_P02N	CNP0000460	DF.classifications_0.25_0.26_116	Singlet	pANN_0.25_0.26_116	0.253778838504375
CNP0000460_GACAGAGTCTCTGTCG-1_2_1_1_1_1_1_1_1	CNP0000460_P02N	CNP0000460	DF.classifications_0.25_0.26_116	Singlet	pANN_0.25_0.26_116	0.198090692124105
CNP0000460_GACCAATAGACTAAGT-1_2_1_1_1_1_1_1_1	CNP0000460_P02N	CNP0000460	DF.classifications_0.25_0.26_116	Singlet	pANN_0.25_0.26_116	0.16945107398568
CNP0000460_GACCAATAGTCTTGCA-1_2_1_1_1_1_1_1_1	CNP0000460_P02N	CNP0000460	DF.classifications_0.25_0.26_116	Doublet	pANN_0.25_0.26_116	0.406523468575975
CNP0000460_GACCAATCAAACCTAC-1_2_1_1_1_1_1_1_1	CNP0000460_P02N	CNP0000460	DF.classifications_0.25_0.26_116	Singlet	pANN_0.25_0.26_116	0.196499602227526
CNP0000460_GACCAATCACAGCCCA-1_2_1_1_1_1_1_1_1	CNP0000460_P02N	CNP0000460	DF.classifications_0.25_0.26_116	Singlet	pANN_0.25_0.26_116	0.181384248210024
CNP0000460_GACCAATGTGCAACGA-1_2_1_1_1_1_1_1_1	CNP0000460_P02N	CNP0000460	DF.classifications_0.25_0.26_116	Singlet	pANN_0.25_0.26_116	0.191726332537788
CNP0000460_GACCAATTCCAGAGGA-1_2_1_1_1_1_1_1_1	CNP0000460_P02N	CNP0000460	DF.classifications_0.25_0.26_116	Singlet	pANN_0.25_0.26_116	0.203659506762132
CNP0000460_GACCAATTCTCTGTCG-1_2_1_1_1_1_1_1_1	CNP0000460_P02N	CNP0000460	DF.classifications_0.25_0.26_116	Singlet	pANN_0.25_0.26_116	0.227525855210819
CNP0000460_GACCTGGAGCTAGTTC-1_2_1_1_1_1_1_1_1	CNP0000460_P02N	CNP0000460	DF.classifications_0.25_0.26_116	Singlet	pANN_0.25_0.26_116	0.237867939538584
CNP0000460_GACCTGGAGGGTCGAT-1_2_1_1_1_1_1_1_1	CNP0000460_P02N	CNP0000460	DF.classifications_0.25_0.26_116	Singlet	pANN_0.25_0.26_116	0.192521877486078
CNP0000460_GACCTGGAGTGACTCT-1_2_1_1_1_1_1_1_1	CNP0000460_P02N	CNP0000460	DF.classifications_0.25_0.26_116	Singlet	pANN_0.25_0.26_116	0.348448687350835
CNP0000460_GACCTGGCAGATGAGC-1_2_1_1_1_1_1_1_1	CNP0000460_P02N	CNP0000460	DF.classifications_0.25_0.26_116	Singlet	pANN_0.25_0.26_116	0.361972951471758
CNP0000460_GACCTGGCATTTCAGG-1_2_1_1_1_1_1_1_1	CNP0000460_P02N	CNP0000460	DF.classifications_0.25_0.26_116	Singlet	pANN_0.25_0.26_116	0.174224343675418
CNP0000460_GACCTGGGTCGGGTCT-1_2_1_1_1_1_1_1_1	CNP0000460_P02N	CNP0000460	DF.classifications_0.25_0.26_116	Singlet	pANN_0.25_0.26_116	0.182975338106603
CNP0000460_GACCTGGGTCTCATCC-1_2_1_1_1_1_1_1_1	CNP0000460_P02N	CNP0000460	DF.classifications_0.25_0.26_116	Singlet	pANN_0.25_0.26_116	0.171837708830549
CNP0000460_GACCTGGGTGATGTCT-1_2_1_1_1_1_1_1_1	CNP0000460_P02N	CNP0000460	DF.classifications_0.25_0.26_116	Singlet	pANN_0.25_0.26_116	0.154335719968178
CNP0000460_GACCTGGTCACGCGGT-1_2_1_1_1_1_1_1_1	CNP0000460_P02N	CNP0000460	DF.classifications_0.25_0.26_116	Singlet	pANN_0.25_0.26_116	0.172633253778839
CNP0000460_GACGCGTAGAGTGACC-1_2_1_1_1_1_1_1_1	CNP0000460_P02N	CNP0000460	DF.classifications_0.25_0.26_116	Singlet	pANN_0.25_0.26_116	0.253778838504375
CNP0000460_GACGCGTAGTTCGATC-1_2_1_1_1_1_1_1_1	CNP0000460_P02N	CNP0000460	DF.classifications_0.25_0.26_116	Singlet	pANN_0.25_0.26_116	0.165473349244232
CNP0000460_GACGCGTCATCCTAGA-1_2_1_1_1_1_1_1_1	CNP0000460_P02N	CNP0000460	DF.classifications_0.25_0.26_116	Singlet	pANN_0.25_0.26_116	0.227525855210819
CNP0000460_GACGCGTCATGGGAAC-1_2_1_1_1_1_1_1_1	CNP0000460_P02N	CNP0000460	DF.classifications_0.25_0.26_116	Singlet	pANN_0.25_0.26_116	0.174224343675418
CNP0000460_GACGCGTGTCTGATTG-1_2_1_1_1_1_1_1_1	CNP0000460_P02N	CNP0000460	DF.classifications_0.25_0.26_116	Singlet	pANN_0.25_0.26_116	0.360381861575179
CNP0000460_GACGCGTGTTCAACCA-1_2_1_1_1_1_1_1_1	CNP0000460_P02N	CNP0000460	DF.classifications_0.25_0.26_116	Singlet	pANN_0.25_0.26_116	0.215592680986476
CNP0000460_GACGCGTGTTGAGGTG-1_2_1_1_1_1_1_1_1	CNP0000460_P02N	CNP0000460	DF.classifications_0.25_0.26_116	Singlet	pANN_0.25_0.26_116	0.216388225934765
CNP0000460_GACGGCTAGATAGCAT-1_2_1_1_1_1_1_1_1	CNP0000460_P02N	CNP0000460	DF.classifications_0.25_0.26_116	Singlet	pANN_0.25_0.26_116	0.258552108194113
CNP0000460_GACGGCTAGTAGGCCA-1_2_1_1_1_1_1_1_1	CNP0000460_P02N	CNP0000460	DF.classifications_0.25_0.26_116	Singlet	pANN_0.25_0.26_116	0.230708035003978
CNP0000460_GACGGCTCACCAGGCT-1_2_1_1_1_1_1_1_1	CNP0000460_P02N	CNP0000460	DF.classifications_0.25_0.26_116	Singlet	pANN_0.25_0.26_116	0.18933969769292
CNP0000460_GACGGCTGTCCAGTGC-1_2_1_1_1_1_1_1_1	CNP0000460_P02N	CNP0000460	DF.classifications_0.25_0.26_116	Singlet	pANN_0.25_0.26_116	0.175815433571997
CNP0000460_GACGGCTTCCCTAATT-1_2_1_1_1_1_1_1_1	CNP0000460_P02N	CNP0000460	DF.classifications_0.25_0.26_116	Singlet	pANN_0.25_0.26_116	0.218774860779634
CNP0000460_GACGTGCAGATATGGT-1_2_1_1_1_1_1_1_1	CNP0000460_P02N	CNP0000460	DF.classifications_0.25_0.26_116	Singlet	pANN_0.25_0.26_116	0.285600636435959
CNP0000460_GACGTGCAGCGATCCC-1_2_1_1_1_1_1_1_1	CNP0000460_P02N	CNP0000460	DF.classifications_0.25_0.26_116	Singlet	pANN_0.25_0.26_116	0.201272871917263
CNP0000460_GACGTGCAGCTCCTTC-1_2_1_1_1_1_1_1_1	CNP0000460_P02N	CNP0000460	DF.classifications_0.25_0.26_116	Singlet	pANN_0.25_0.26_116	0.196499602227526
CNP0000460_GACGTGCAGGATATAC-1_2_1_1_1_1_1_1_1	CNP0000460_P02N	CNP0000460	DF.classifications_0.25_0.26_116	Singlet	pANN_0.25_0.26_116	0.219570405727924
CNP0000460_GACGTGCAGTCCCACG-1_2_1_1_1_1_1_1_1	CNP0000460_P02N	CNP0000460	DF.classifications_0.25_0.26_116	Singlet	pANN_0.25_0.26_116	0.175815433571997
CNP0000460_GACGTGCCACGCATCG-1_2_1_1_1_1_1_1_1	CNP0000460_P02N	CNP0000460	DF.classifications_0.25_0.26_116	Doublet	pANN_0.25_0.26_116	0.394590294351631
CNP0000460_GACGTGCCACTGTTAG-1_2_1_1_1_1_1_1_1	CNP0000460_P02N	CNP0000460	DF.classifications_0.25_0.26_116	Singlet	pANN_0.25_0.26_116	0.256961018297534
CNP0000460_GACGTGCCATCACGAT-1_2_1_1_1_1_1_1_1	CNP0000460_P02N	CNP0000460	DF.classifications_0.25_0.26_116	Singlet	pANN_0.25_0.26_116	0.141607000795545
CNP0000460_GACGTGCGTCCGAATT-1_2_1_1_1_1_1_1_1	CNP0000460_P02N	CNP0000460	DF.classifications_0.25_0.26_116	Singlet	pANN_0.25_0.26_116	0.197295147175815
CNP0000460_GACGTGCGTGCAGGTA-1_2_1_1_1_1_1_1_1	CNP0000460_P02N	CNP0000460	DF.classifications_0.25_0.26_116	Singlet	pANN_0.25_0.26_116	0.221161495624503
CNP0000460_GACGTGCGTGCGAAAC-1_2_1_1_1_1_1_1_1	CNP0000460_P02N	CNP0000460	DF.classifications_0.25_0.26_116	Singlet	pANN_0.25_0.26_116	0.238663484486873
CNP0000460_GACGTGCGTTCGCTAA-1_2_1_1_1_1_1_1_1	CNP0000460_P02N	CNP0000460	DF.classifications_0.25_0.26_116	Singlet	pANN_0.25_0.26_116	0.190930787589499
CNP0000460_GACGTGCTCTGGTATG-1_2_1_1_1_1_1_1_1	CNP0000460_P02N	CNP0000460	DF.classifications_0.25_0.26_116	Singlet	pANN_0.25_0.26_116	0.235481304693715
CNP0000460_GACGTTAAGGCATGTG-1_2_1_1_1_1_1_1_1	CNP0000460_P02N	CNP0000460	DF.classifications_0.25_0.26_116	Singlet	pANN_0.25_0.26_116	0.220365950676213
CNP0000460_GACGTTAAGTGCTGCC-1_2_1_1_1_1_1_1_1	CNP0000460_P02N	CNP0000460	DF.classifications_0.25_0.26_116	Singlet	pANN_0.25_0.26_116	0.346062052505967
CNP0000460_GACGTTACATAGAAAC-1_2_1_1_1_1_1_1_1	CNP0000460_P02N	CNP0000460	DF.classifications_0.25_0.26_116	Singlet	pANN_0.25_0.26_116	0.252187748607796
CNP0000460_GACGTTAGTACACCGC-1_2_1_1_1_1_1_1_1	CNP0000460_P02N	CNP0000460	DF.classifications_0.25_0.26_116	Singlet	pANN_0.25_0.26_116	0.166268894192522
CNP0000460_GACGTTAGTGGACGAT-1_2_1_1_1_1_1_1_1	CNP0000460_P02N	CNP0000460	DF.classifications_0.25_0.26_116	Singlet	pANN_0.25_0.26_116	0.240254574383453
CNP0000460_GACGTTAGTTACTGAC-1_2_1_1_1_1_1_1_1	CNP0000460_P02N	CNP0000460	DF.classifications_0.25_0.26_116	Singlet	pANN_0.25_0.26_116	0.255369928400955
CNP0000460_GACGTTAGTTGAGTTC-1_2_1_1_1_1_1_1_1	CNP0000460_P02N	CNP0000460	DF.classifications_0.25_0.26_116	Singlet	pANN_0.25_0.26_116	0.224343675417661
CNP0000460_GACGTTATCATGTAGC-1_2_1_1_1_1_1_1_1	CNP0000460_P02N	CNP0000460	DF.classifications_0.25_0.26_116	Singlet	pANN_0.25_0.26_116	0.201272871917263
CNP0000460_GACGTTATCTGCGTAA-1_2_1_1_1_1_1_1_1	CNP0000460_P02N	CNP0000460	DF.classifications_0.25_0.26_116	Singlet	pANN_0.25_0.26_116	0.272076372315036
CNP0000460_GACTAACAGACTAAGT-1_2_1_1_1_1_1_1_1	CNP0000460_P02N	CNP0000460	DF.classifications_0.25_0.26_116	Singlet	pANN_0.25_0.26_116	0.234685759745426
CNP0000460_GACTAACAGAGGTTAT-1_2_1_1_1_1_1_1_1	CNP0000460_P02N	CNP0000460	DF.classifications_0.25_0.26_116	Singlet	pANN_0.25_0.26_116	0.231503579952267
CNP0000460_GACTAACAGCGATTCT-1_2_1_1_1_1_1_1_1	CNP0000460_P02N	CNP0000460	DF.classifications_0.25_0.26_116	Singlet	pANN_0.25_0.26_116	0.260938743038982
CNP0000460_GACTAACCACTACAGT-1_2_1_1_1_1_1_1_1	CNP0000460_P02N	CNP0000460	DF.classifications_0.25_0.26_116	Singlet	pANN_0.25_0.26_116	0.260143198090692
CNP0000460_GACTAACCAGGCTGAA-1_2_1_1_1_1_1_1_1	CNP0000460_P02N	CNP0000460	DF.classifications_0.25_0.26_116	Singlet	pANN_0.25_0.26_116	0.181384248210024
CNP0000460_GACTAACCATATACGC-1_2_1_1_1_1_1_1_1	CNP0000460_P02N	CNP0000460	DF.classifications_0.25_0.26_116	Singlet	pANN_0.25_0.26_116	0.30230708035004
CNP0000460_GACTAACGTATGAATG-1_2_1_1_1_1_1_1_1	CNP0000460_P02N	CNP0000460	DF.classifications_0.25_0.26_116	Singlet	pANN_0.25_0.26_116	0.184566428003182
CNP0000460_GACTAACTCAATCTCT-1_2_1_1_1_1_1_1_1	CNP0000460_P02N	CNP0000460	DF.classifications_0.25_0.26_116	Singlet	pANN_0.25_0.26_116	0.239459029435163
CNP0000460_GACTAACTCCTAGAAC-1_2_1_1_1_1_1_1_1	CNP0000460_P02N	CNP0000460	DF.classifications_0.25_0.26_116	Singlet	pANN_0.25_0.26_116	0.218774860779634
CNP0000460_GACTACAAGGCATTGG-1_2_1_1_1_1_1_1_1	CNP0000460_P02N	CNP0000460	DF.classifications_0.25_0.26_116	Singlet	pANN_0.25_0.26_116	0.240254574383453
CNP0000460_GACTACAAGTCGTTTG-1_2_1_1_1_1_1_1_1	CNP0000460_P02N	CNP0000460	DF.classifications_0.25_0.26_116	Singlet	pANN_0.25_0.26_116	0.202068416865553
CNP0000460_GACTACAAGTGGCACA-1_2_1_1_1_1_1_1_1	CNP0000460_P02N	CNP0000460	DF.classifications_0.25_0.26_116	Singlet	pANN_0.25_0.26_116	0.236276849642005
CNP0000460_GACTACACAAACCTAC-1_2_1_1_1_1_1_1_1	CNP0000460_P02N	CNP0000460	DF.classifications_0.25_0.26_116	Singlet	pANN_0.25_0.26_116	0.276849642004773
CNP0000460_GACTACACATGGGAAC-1_2_1_1_1_1_1_1_1	CNP0000460_P02N	CNP0000460	DF.classifications_0.25_0.26_116	Singlet	pANN_0.25_0.26_116	0.295147175815434
CNP0000460_GACTACATCAATCTCT-1_2_1_1_1_1_1_1_1	CNP0000460_P02N	CNP0000460	DF.classifications_0.25_0.26_116	Singlet	pANN_0.25_0.26_116	0.254574383452665
CNP0000460_GACTACATCAGAAATG-1_2_1_1_1_1_1_1_1	CNP0000460_P02N	CNP0000460	DF.classifications_0.25_0.26_116	Singlet	pANN_0.25_0.26_116	0.205250596658711
CNP0000460_GACTACATCATTTGGG-1_2_1_1_1_1_1_1_1	CNP0000460_P02N	CNP0000460	DF.classifications_0.25_0.26_116	Singlet	pANN_0.25_0.26_116	0.233890214797136
CNP0000460_GACTACATCGGATGGA-1_2_1_1_1_1_1_1_1	CNP0000460_P02N	CNP0000460	DF.classifications_0.25_0.26_116	Singlet	pANN_0.25_0.26_116	0.221161495624503
CNP0000460_GACTGCGAGAGCTTCT-1_2_1_1_1_1_1_1_1	CNP0000460_P02N	CNP0000460	DF.classifications_0.25_0.26_116	Singlet	pANN_0.25_0.26_116	0.206046141607001
CNP0000460_GACTGCGAGTCCGGTC-1_2_1_1_1_1_1_1_1	CNP0000460_P02N	CNP0000460	DF.classifications_0.25_0.26_116	Singlet	pANN_0.25_0.26_116	0.228321400159109
CNP0000460_GACTGCGAGTGACTCT-1_2_1_1_1_1_1_1_1	CNP0000460_P02N	CNP0000460	DF.classifications_0.25_0.26_116	Singlet	pANN_0.25_0.26_116	0.287191726332538
CNP0000460_GACTGCGTCAACTCTT-1_2_1_1_1_1_1_1_1	CNP0000460_P02N	CNP0000460	DF.classifications_0.25_0.26_116	Singlet	pANN_0.25_0.26_116	0.181384248210024
CNP0000460_GAGCAGAAGGGATGGG-1_2_1_1_1_1_1_1_1	CNP0000460_P02N	CNP0000460	DF.classifications_0.25_0.26_116	Singlet	pANN_0.25_0.26_116	0.201272871917263
CNP0000460_GAGCAGACACCTGGTG-1_2_1_1_1_1_1_1_1	CNP0000460_P02N	CNP0000460	DF.classifications_0.25_0.26_116	Singlet	pANN_0.25_0.26_116	0.260938743038982
CNP0000460_GAGCAGACAGACGCTC-1_2_1_1_1_1_1_1_1	CNP0000460_P02N	CNP0000460	DF.classifications_0.25_0.26_116	Singlet	pANN_0.25_0.26_116	0.159108989657916
CNP0000460_GAGCAGACATTGGTAC-1_2_1_1_1_1_1_1_1	CNP0000460_P02N	CNP0000460	DF.classifications_0.25_0.26_116	Singlet	pANN_0.25_0.26_116	0.252187748607796
CNP0000460_GAGCAGATCCTCTAGC-1_2_1_1_1_1_1_1_1	CNP0000460_P02N	CNP0000460	DF.classifications_0.25_0.26_116	Singlet	pANN_0.25_0.26_116	0.20763723150358
CNP0000460_GAGCAGATCGGATGTT-1_2_1_1_1_1_1_1_1	CNP0000460_P02N	CNP0000460	DF.classifications_0.25_0.26_116	Singlet	pANN_0.25_0.26_116	0.217183770883055
CNP0000460_GAGGTGAAGTACGATA-1_2_1_1_1_1_1_1_1	CNP0000460_P02N	CNP0000460	DF.classifications_0.25_0.26_116	Singlet	pANN_0.25_0.26_116	0.228321400159109
CNP0000460_GAGGTGAAGTTAAGTG-1_2_1_1_1_1_1_1_1	CNP0000460_P02N	CNP0000460	DF.classifications_0.25_0.26_116	Singlet	pANN_0.25_0.26_116	0.233094669848846
CNP0000460_GAGGTGACAAGAAAGG-1_2_1_1_1_1_1_1_1	CNP0000460_P02N	CNP0000460	DF.classifications_0.25_0.26_116	Singlet	pANN_0.25_0.26_116	0.222752585521082
CNP0000460_GAGGTGACAATCTGCA-1_2_1_1_1_1_1_1_1	CNP0000460_P02N	CNP0000460	DF.classifications_0.25_0.26_116	Singlet	pANN_0.25_0.26_116	0.246618933969769
CNP0000460_GAGGTGACACATAACC-1_2_1_1_1_1_1_1_1	CNP0000460_P02N	CNP0000460	DF.classifications_0.25_0.26_116	Singlet	pANN_0.25_0.26_116	0.231503579952267
CNP0000460_GAGGTGACACTCTGTC-1_2_1_1_1_1_1_1_1	CNP0000460_P02N	CNP0000460	DF.classifications_0.25_0.26_116	Singlet	pANN_0.25_0.26_116	0.223548130469372
CNP0000460_GAGGTGACAGATTGCT-1_2_1_1_1_1_1_1_1	CNP0000460_P02N	CNP0000460	DF.classifications_0.25_0.26_116	Singlet	pANN_0.25_0.26_116	0.222752585521082
CNP0000460_GAGGTGAGTGCAACTT-1_2_1_1_1_1_1_1_1	CNP0000460_P02N	CNP0000460	DF.classifications_0.25_0.26_116	Singlet	pANN_0.25_0.26_116	0.347653142402546
CNP0000460_GAGGTGATCACGCATA-1_2_1_1_1_1_1_1_1	CNP0000460_P02N	CNP0000460	DF.classifications_0.25_0.26_116	Singlet	pANN_0.25_0.26_116	0.214797136038186
CNP0000460_GAGGTGATCGCAGGCT-1_2_1_1_1_1_1_1_1	CNP0000460_P02N	CNP0000460	DF.classifications_0.25_0.26_116	Singlet	pANN_0.25_0.26_116	0.211614956245028
CNP0000460_GAGGTGATCGTCGTTC-1_2_1_1_1_1_1_1_1	CNP0000460_P02N	CNP0000460	DF.classifications_0.25_0.26_116	Singlet	pANN_0.25_0.26_116	0.268894192521877
CNP0000460_GAGGTGATCTATCCCG-1_2_1_1_1_1_1_1_1	CNP0000460_P02N	CNP0000460	DF.classifications_0.25_0.26_116	Singlet	pANN_0.25_0.26_116	0.251392203659507
CNP0000460_GAGGTGATCTGCCCTA-1_2_1_1_1_1_1_1_1	CNP0000460_P02N	CNP0000460	DF.classifications_0.25_0.26_116	Singlet	pANN_0.25_0.26_116	0.172633253778839
CNP0000460_GAGTCCGAGATCGGGT-1_2_1_1_1_1_1_1_1	CNP0000460_P02N	CNP0000460	DF.classifications_0.25_0.26_116	Singlet	pANN_0.25_0.26_116	0.201272871917263
CNP0000460_GAGTCCGAGCATGGCA-1_2_1_1_1_1_1_1_1	CNP0000460_P02N	CNP0000460	DF.classifications_0.25_0.26_116	Singlet	pANN_0.25_0.26_116	0.154335719968178
CNP0000460_GAGTCCGCACAGCGTC-1_2_1_1_1_1_1_1_1	CNP0000460_P02N	CNP0000460	DF.classifications_0.25_0.26_116	Singlet	pANN_0.25_0.26_116	0.249005568814638
CNP0000460_GAGTCCGCATCGTCGG-1_2_1_1_1_1_1_1_1	CNP0000460_P02N	CNP0000460	DF.classifications_0.25_0.26_116	Singlet	pANN_0.25_0.26_116	0.199681782020684
CNP0000460_GAGTCCGCATGAGCGA-1_2_1_1_1_1_1_1_1	CNP0000460_P02N	CNP0000460	DF.classifications_0.25_0.26_116	Singlet	pANN_0.25_0.26_116	0.175019888623707
CNP0000460_GAGTCCGGTAAACGCG-1_2_1_1_1_1_1_1_1	CNP0000460_P02N	CNP0000460	DF.classifications_0.25_0.26_116	Singlet	pANN_0.25_0.26_116	0.20843277645187
CNP0000460_GAGTCCGGTAGCGTGA-1_2_1_1_1_1_1_1_1	CNP0000460_P02N	CNP0000460	DF.classifications_0.25_0.26_116	Singlet	pANN_0.25_0.26_116	0.195704057279236
CNP0000460_GAGTCCGGTAGCTGCC-1_2_1_1_1_1_1_1_1	CNP0000460_P02N	CNP0000460	DF.classifications_0.25_0.26_116	Singlet	pANN_0.25_0.26_116	0.18854415274463
CNP0000460_GAGTCCGGTCAAAGCG-1_2_1_1_1_1_1_1_1	CNP0000460_P02N	CNP0000460	DF.classifications_0.25_0.26_116	Singlet	pANN_0.25_0.26_116	0.34049323786794
CNP0000460_GAGTCCGTCAACTCTT-1_2_1_1_1_1_1_1_1	CNP0000460_P02N	CNP0000460	DF.classifications_0.25_0.26_116	Singlet	pANN_0.25_0.26_116	0.239459029435163
CNP0000460_GATCAGTCAGACGCCT-1_2_1_1_1_1_1_1_1	CNP0000460_P02N	CNP0000460	DF.classifications_0.25_0.26_116	Singlet	pANN_0.25_0.26_116	0.183770883054893
CNP0000460_GATCAGTTCATGTAGC-1_2_1_1_1_1_1_1_1	CNP0000460_P02N	CNP0000460	DF.classifications_0.25_0.26_116	Singlet	pANN_0.25_0.26_116	0.177406523468576
CNP0000460_GATCAGTTCCCTAATT-1_2_1_1_1_1_1_1_1	CNP0000460_P02N	CNP0000460	DF.classifications_0.25_0.26_116	Singlet	pANN_0.25_0.26_116	0.151949085123309
CNP0000460_GATCAGTTCTCGTTTA-1_2_1_1_1_1_1_1_1	CNP0000460_P02N	CNP0000460	DF.classifications_0.25_0.26_116	Singlet	pANN_0.25_0.26_116	0.217183770883055
CNP0000460_GATCGATAGTAATCCC-1_2_1_1_1_1_1_1_1	CNP0000460_P02N	CNP0000460	DF.classifications_0.25_0.26_116	Doublet	pANN_0.25_0.26_116	0.37708830548926
CNP0000460_GATCGATCAAATACAG-1_2_1_1_1_1_1_1_1	CNP0000460_P02N	CNP0000460	DF.classifications_0.25_0.26_116	Singlet	pANN_0.25_0.26_116	0.289578361177407
CNP0000460_GATCGATCACACCGCA-1_2_1_1_1_1_1_1_1	CNP0000460_P02N	CNP0000460	DF.classifications_0.25_0.26_116	Singlet	pANN_0.25_0.26_116	0.341288782816229
CNP0000460_GATCGATCAGCCTATA-1_2_1_1_1_1_1_1_1	CNP0000460_P02N	CNP0000460	DF.classifications_0.25_0.26_116	Singlet	pANN_0.25_0.26_116	0.247414478918059
CNP0000460_GATCGATCATGACGGA-1_2_1_1_1_1_1_1_1	CNP0000460_P02N	CNP0000460	DF.classifications_0.25_0.26_116	Singlet	pANN_0.25_0.26_116	0.241050119331742
CNP0000460_GATCGATCATGTAGTC-1_2_1_1_1_1_1_1_1	CNP0000460_P02N	CNP0000460	DF.classifications_0.25_0.26_116	Singlet	pANN_0.25_0.26_116	0.260143198090692
CNP0000460_GATCGATGTTGATTCG-1_2_1_1_1_1_1_1_1	CNP0000460_P02N	CNP0000460	DF.classifications_0.25_0.26_116	Singlet	pANN_0.25_0.26_116	0.236276849642005
CNP0000460_GATCGATGTTGGAGGT-1_2_1_1_1_1_1_1_1	CNP0000460_P02N	CNP0000460	DF.classifications_0.25_0.26_116	Singlet	pANN_0.25_0.26_116	0.22673031026253
CNP0000460_GATCGATTCAGGCAAG-1_2_1_1_1_1_1_1_1	CNP0000460_P02N	CNP0000460	DF.classifications_0.25_0.26_116	Doublet	pANN_0.25_0.26_116	0.367541766109785
CNP0000460_GATCGATTCTATGTGG-1_2_1_1_1_1_1_1_1	CNP0000460_P02N	CNP0000460	DF.classifications_0.25_0.26_116	Singlet	pANN_0.25_0.26_116	0.250596658711217
CNP0000460_GATCGCGAGGCAGTCA-1_2_1_1_1_1_1_1_1	CNP0000460_P02N	CNP0000460	DF.classifications_0.25_0.26_116	Singlet	pANN_0.25_0.26_116	0.182975338106603
CNP0000460_GATCGCGCAAATCCGT-1_2_1_1_1_1_1_1_1	CNP0000460_P02N	CNP0000460	DF.classifications_0.25_0.26_116	Singlet	pANN_0.25_0.26_116	0.230708035003978
CNP0000460_GATCGCGCATATACCG-1_2_1_1_1_1_1_1_1	CNP0000460_P02N	CNP0000460	DF.classifications_0.25_0.26_116	Singlet	pANN_0.25_0.26_116	0.268894192521877
CNP0000460_GATCGCGTCAGCTCGG-1_2_1_1_1_1_1_1_1	CNP0000460_P02N	CNP0000460	DF.classifications_0.25_0.26_116	Singlet	pANN_0.25_0.26_116	0.194112967382657
CNP0000460_GATCGTACAACACGCC-1_2_1_1_1_1_1_1_1	CNP0000460_P02N	CNP0000460	DF.classifications_0.25_0.26_116	Singlet	pANN_0.25_0.26_116	0.214797136038186
CNP0000460_GATCGTACACTAAGTC-1_2_1_1_1_1_1_1_1	CNP0000460_P02N	CNP0000460	DF.classifications_0.25_0.26_116	Singlet	pANN_0.25_0.26_116	0.178202068416866
CNP0000460_GATCTAGAGCTCCTCT-1_2_1_1_1_1_1_1_1	CNP0000460_P02N	CNP0000460	DF.classifications_0.25_0.26_116	Singlet	pANN_0.25_0.26_116	0.259347653142403
CNP0000460_GATCTAGAGGATGGAA-1_2_1_1_1_1_1_1_1	CNP0000460_P02N	CNP0000460	DF.classifications_0.25_0.26_116	Singlet	pANN_0.25_0.26_116	0.199681782020684
CNP0000460_GATCTAGCACGGTAAG-1_2_1_1_1_1_1_1_1	CNP0000460_P02N	CNP0000460	DF.classifications_0.25_0.26_116	Singlet	pANN_0.25_0.26_116	0.248210023866348
CNP0000460_GATCTAGCATCGGTTA-1_2_1_1_1_1_1_1_1	CNP0000460_P02N	CNP0000460	DF.classifications_0.25_0.26_116	Singlet	pANN_0.25_0.26_116	0.247414478918059
CNP0000460_GATCTAGTCAGAGGTG-1_2_1_1_1_1_1_1_1	CNP0000460_P02N	CNP0000460	DF.classifications_0.25_0.26_116	Singlet	pANN_0.25_0.26_116	0.197295147175815
CNP0000460_GATCTAGTCCAATGGT-1_2_1_1_1_1_1_1_1	CNP0000460_P02N	CNP0000460	DF.classifications_0.25_0.26_116	Singlet	pANN_0.25_0.26_116	0.227525855210819
CNP0000460_GATCTAGTCTGAAAGA-1_2_1_1_1_1_1_1_1	CNP0000460_P02N	CNP0000460	DF.classifications_0.25_0.26_116	Singlet	pANN_0.25_0.26_116	0.139220365950676
CNP0000460_GATGAAAAGCAACGGT-1_2_1_1_1_1_1_1_1	CNP0000460_P02N	CNP0000460	DF.classifications_0.25_0.26_116	Singlet	pANN_0.25_0.26_116	0.199681782020684
CNP0000460_GATGAAAAGGGAGTAA-1_2_1_1_1_1_1_1_1	CNP0000460_P02N	CNP0000460	DF.classifications_0.25_0.26_116	Singlet	pANN_0.25_0.26_116	0.232299124900557
CNP0000460_GATGAAAAGGGCTCTC-1_2_1_1_1_1_1_1_1	CNP0000460_P02N	CNP0000460	DF.classifications_0.25_0.26_116	Singlet	pANN_0.25_0.26_116	0.211614956245028
CNP0000460_GATGAAAGTACTCGCG-1_2_1_1_1_1_1_1_1	CNP0000460_P02N	CNP0000460	DF.classifications_0.25_0.26_116	Singlet	pANN_0.25_0.26_116	0.244232299124901
CNP0000460_GATGAAAGTCTTTCAT-1_2_1_1_1_1_1_1_1	CNP0000460_P02N	CNP0000460	DF.classifications_0.25_0.26_116	Singlet	pANN_0.25_0.26_116	0.202863961813842
CNP0000460_GATGAAATCAGGATCT-1_2_1_1_1_1_1_1_1	CNP0000460_P02N	CNP0000460	DF.classifications_0.25_0.26_116	Singlet	pANN_0.25_0.26_116	0.268098647573588
CNP0000460_GATGAGGAGGAGTCTG-1_2_1_1_1_1_1_1_1	CNP0000460_P02N	CNP0000460	DF.classifications_0.25_0.26_116	Singlet	pANN_0.25_0.26_116	0.214797136038186
CNP0000460_GATGAGGAGTCGCCGT-1_2_1_1_1_1_1_1_1	CNP0000460_P02N	CNP0000460	DF.classifications_0.25_0.26_116	Singlet	pANN_0.25_0.26_116	0.233094669848846
CNP0000460_GATGAGGCAGGGCATA-1_2_1_1_1_1_1_1_1	CNP0000460_P02N	CNP0000460	DF.classifications_0.25_0.26_116	Singlet	pANN_0.25_0.26_116	0.190135242641209
CNP0000460_GATGAGGGTACCATCA-1_2_1_1_1_1_1_1_1	CNP0000460_P02N	CNP0000460	DF.classifications_0.25_0.26_116	Singlet	pANN_0.25_0.26_116	0.305489260143198
CNP0000460_GATGAGGGTTGGAGGT-1_2_1_1_1_1_1_1_1	CNP0000460_P02N	CNP0000460	DF.classifications_0.25_0.26_116	Singlet	pANN_0.25_0.26_116	0.237867939538584
CNP0000460_GATGAGGTCCACGAAT-1_2_1_1_1_1_1_1_1	CNP0000460_P02N	CNP0000460	DF.classifications_0.25_0.26_116	Singlet	pANN_0.25_0.26_116	0.233094669848846
CNP0000460_GATGAGGTCGAGGTAG-1_2_1_1_1_1_1_1_1	CNP0000460_P02N	CNP0000460	DF.classifications_0.25_0.26_116	Singlet	pANN_0.25_0.26_116	0.246618933969769
CNP0000460_GATGCTAAGACTAGAT-1_2_1_1_1_1_1_1_1	CNP0000460_P02N	CNP0000460	DF.classifications_0.25_0.26_116	Singlet	pANN_0.25_0.26_116	0.192521877486078
CNP0000460_GATGCTACAGTCACTA-1_2_1_1_1_1_1_1_1	CNP0000460_P02N	CNP0000460	DF.classifications_0.25_0.26_116	Singlet	pANN_0.25_0.26_116	0.216388225934765
CNP0000460_GATGCTACATACCATG-1_2_1_1_1_1_1_1_1	CNP0000460_P02N	CNP0000460	DF.classifications_0.25_0.26_116	Singlet	pANN_0.25_0.26_116	0.192521877486078
CNP0000460_GATGCTAGTAACGACG-1_2_1_1_1_1_1_1_1	CNP0000460_P02N	CNP0000460	DF.classifications_0.25_0.26_116	Singlet	pANN_0.25_0.26_116	0.206046141607001
CNP0000460_GATGCTATCATTCACT-1_2_1_1_1_1_1_1_1	CNP0000460_P02N	CNP0000460	DF.classifications_0.25_0.26_116	Singlet	pANN_0.25_0.26_116	0.279236276849642
CNP0000460_GATGCTATCTCACATT-1_2_1_1_1_1_1_1_1	CNP0000460_P02N	CNP0000460	DF.classifications_0.25_0.26_116	Singlet	pANN_0.25_0.26_116	0.194908512330947
CNP0000460_GATTCAGCAAATTGCC-1_2_1_1_1_1_1_1_1	CNP0000460_P02N	CNP0000460	DF.classifications_0.25_0.26_116	Singlet	pANN_0.25_0.26_116	0.186157517899761
CNP0000460_GATTCAGCAAGTCTAC-1_2_1_1_1_1_1_1_1	CNP0000460_P02N	CNP0000460	DF.classifications_0.25_0.26_116	Singlet	pANN_0.25_0.26_116	0.186157517899761
CNP0000460_GATTCAGCATAAAGGT-1_2_1_1_1_1_1_1_1	CNP0000460_P02N	CNP0000460	DF.classifications_0.25_0.26_116	Singlet	pANN_0.25_0.26_116	0.257756563245823
CNP0000460_GCAAACTAGATGCCTT-1_2_1_1_1_1_1_1_1	CNP0000460_P02N	CNP0000460	DF.classifications_0.25_0.26_116	Singlet	pANN_0.25_0.26_116	0.250596658711217
CNP0000460_GCAAACTAGTGTACTC-1_2_1_1_1_1_1_1_1	CNP0000460_P02N	CNP0000460	DF.classifications_0.25_0.26_116	Singlet	pANN_0.25_0.26_116	0.190135242641209
CNP0000460_GCAAACTGTTTGTGTG-1_2_1_1_1_1_1_1_1	CNP0000460_P02N	CNP0000460	DF.classifications_0.25_0.26_116	Singlet	pANN_0.25_0.26_116	0.216388225934765
CNP0000460_GCAAACTTCCGAACGC-1_2_1_1_1_1_1_1_1	CNP0000460_P02N	CNP0000460	DF.classifications_0.25_0.26_116	Singlet	pANN_0.25_0.26_116	0.216388225934765
CNP0000460_GCAATCAAGGTGATTA-1_2_1_1_1_1_1_1_1	CNP0000460_P02N	CNP0000460	DF.classifications_0.25_0.26_116	Singlet	pANN_0.25_0.26_116	0.217183770883055
CNP0000460_GCAATCACAATCCAAC-1_2_1_1_1_1_1_1_1	CNP0000460_P02N	CNP0000460	DF.classifications_0.25_0.26_116	Singlet	pANN_0.25_0.26_116	0.228321400159109
CNP0000460_GCAATCACACGCATCG-1_2_1_1_1_1_1_1_1	CNP0000460_P02N	CNP0000460	DF.classifications_0.25_0.26_116	Singlet	pANN_0.25_0.26_116	0.213206046141607
CNP0000460_GCAATCACAGCTCGCA-1_2_1_1_1_1_1_1_1	CNP0000460_P02N	CNP0000460	DF.classifications_0.25_0.26_116	Singlet	pANN_0.25_0.26_116	0.329355608591885
CNP0000460_GCAATCAGTATATCCG-1_2_1_1_1_1_1_1_1	CNP0000460_P02N	CNP0000460	DF.classifications_0.25_0.26_116	Singlet	pANN_0.25_0.26_116	0.256961018297534
CNP0000460_GCAATCATCACCATAG-1_2_1_1_1_1_1_1_1	CNP0000460_P02N	CNP0000460	DF.classifications_0.25_0.26_116	Singlet	pANN_0.25_0.26_116	0.20843277645187
CNP0000460_GCAATCATCAGAGCTT-1_2_1_1_1_1_1_1_1	CNP0000460_P02N	CNP0000460	DF.classifications_0.25_0.26_116	Singlet	pANN_0.25_0.26_116	0.286396181384248
CNP0000460_GCAATCATCTGGAGCC-1_2_1_1_1_1_1_1_1	CNP0000460_P02N	CNP0000460	DF.classifications_0.25_0.26_116	Singlet	pANN_0.25_0.26_116	0.20684168655529
CNP0000460_GCACATAAGTACGATA-1_2_1_1_1_1_1_1_1	CNP0000460_P02N	CNP0000460	DF.classifications_0.25_0.26_116	Singlet	pANN_0.25_0.26_116	0.228321400159109
CNP0000460_GCACATAAGTGCAAGC-1_2_1_1_1_1_1_1_1	CNP0000460_P02N	CNP0000460	DF.classifications_0.25_0.26_116	Singlet	pANN_0.25_0.26_116	0.22673031026253
CNP0000460_GCACATACACACCGAC-1_2_1_1_1_1_1_1_1	CNP0000460_P02N	CNP0000460	DF.classifications_0.25_0.26_116	Singlet	pANN_0.25_0.26_116	0.175019888623707
CNP0000460_GCACATACAGATCGGA-1_2_1_1_1_1_1_1_1	CNP0000460_P02N	CNP0000460	DF.classifications_0.25_0.26_116	Singlet	pANN_0.25_0.26_116	0.203659506762132
CNP0000460_GCACATACATTTCAGG-1_2_1_1_1_1_1_1_1	CNP0000460_P02N	CNP0000460	DF.classifications_0.25_0.26_116	Singlet	pANN_0.25_0.26_116	0.203659506762132
CNP0000460_GCACATAGTCGCGGTT-1_2_1_1_1_1_1_1_1	CNP0000460_P02N	CNP0000460	DF.classifications_0.25_0.26_116	Singlet	pANN_0.25_0.26_116	0.182179793158313
CNP0000460_GCACATAGTTTGTGTG-1_2_1_1_1_1_1_1_1	CNP0000460_P02N	CNP0000460	DF.classifications_0.25_0.26_116	Singlet	pANN_0.25_0.26_116	0.185361972951472
CNP0000460_GCACATATCGACGGAA-1_2_1_1_1_1_1_1_1	CNP0000460_P02N	CNP0000460	DF.classifications_0.25_0.26_116	Singlet	pANN_0.25_0.26_116	0.194112967382657
CNP0000460_GCACTCTAGCAGGCTA-1_2_1_1_1_1_1_1_1	CNP0000460_P02N	CNP0000460	DF.classifications_0.25_0.26_116	Singlet	pANN_0.25_0.26_116	0.178997613365155
CNP0000460_GCACTCTAGTTAAGTG-1_2_1_1_1_1_1_1_1	CNP0000460_P02N	CNP0000460	DF.classifications_0.25_0.26_116	Singlet	pANN_0.25_0.26_116	0.214001591089897
CNP0000460_GCACTCTCAATGGATA-1_2_1_1_1_1_1_1_1	CNP0000460_P02N	CNP0000460	DF.classifications_0.25_0.26_116	Singlet	pANN_0.25_0.26_116	0.222752585521082
CNP0000460_GCACTCTGTAAATGAC-1_2_1_1_1_1_1_1_1	CNP0000460_P02N	CNP0000460	DF.classifications_0.25_0.26_116	Singlet	pANN_0.25_0.26_116	0.228321400159109
CNP0000460_GCACTCTGTAGCGCAA-1_2_1_1_1_1_1_1_1	CNP0000460_P02N	CNP0000460	DF.classifications_0.25_0.26_116	Singlet	pANN_0.25_0.26_116	0.26332537788385
CNP0000460_GCACTCTGTCAGAGGT-1_2_1_1_1_1_1_1_1	CNP0000460_P02N	CNP0000460	DF.classifications_0.25_0.26_116	Singlet	pANN_0.25_0.26_116	0.221957040572792
CNP0000460_GCACTCTGTTCAGGCC-1_2_1_1_1_1_1_1_1	CNP0000460_P02N	CNP0000460	DF.classifications_0.25_0.26_116	Singlet	pANN_0.25_0.26_116	0.203659506762132
CNP0000460_GCACTCTTCACCACCT-1_2_1_1_1_1_1_1_1	CNP0000460_P02N	CNP0000460	DF.classifications_0.25_0.26_116	Singlet	pANN_0.25_0.26_116	0.229912490055688
CNP0000460_GCACTCTTCACTTATC-1_2_1_1_1_1_1_1_1	CNP0000460_P02N	CNP0000460	DF.classifications_0.25_0.26_116	Singlet	pANN_0.25_0.26_116	0.147971360381862
CNP0000460_GCACTCTTCGGTTCGG-1_2_1_1_1_1_1_1_1	CNP0000460_P02N	CNP0000460	DF.classifications_0.25_0.26_116	Singlet	pANN_0.25_0.26_116	0.200477326968974
CNP0000460_GCACTCTTCTTCGAGA-1_2_1_1_1_1_1_1_1	CNP0000460_P02N	CNP0000460	DF.classifications_0.25_0.26_116	Singlet	pANN_0.25_0.26_116	0.213206046141607
CNP0000460_GCAGCCACACCGCTAG-1_2_1_1_1_1_1_1_1	CNP0000460_P02N	CNP0000460	DF.classifications_0.25_0.26_116	Singlet	pANN_0.25_0.26_116	0.295942720763723
CNP0000460_GCAGCCACACTTACGA-1_2_1_1_1_1_1_1_1	CNP0000460_P02N	CNP0000460	DF.classifications_0.25_0.26_116	Singlet	pANN_0.25_0.26_116	0.249005568814638
CNP0000460_GCAGCCACATCCGTGG-1_2_1_1_1_1_1_1_1	CNP0000460_P02N	CNP0000460	DF.classifications_0.25_0.26_116	Singlet	pANN_0.25_0.26_116	0.180588703261734
CNP0000460_GCAGCCAGTAGTAGTA-1_2_1_1_1_1_1_1_1	CNP0000460_P02N	CNP0000460	DF.classifications_0.25_0.26_116	Singlet	pANN_0.25_0.26_116	0.210819411296738
CNP0000460_GCAGCCATCCCTAACC-1_2_1_1_1_1_1_1_1	CNP0000460_P02N	CNP0000460	DF.classifications_0.25_0.26_116	Singlet	pANN_0.25_0.26_116	0.252187748607796
CNP0000460_GCAGCCATCGATAGAA-1_2_1_1_1_1_1_1_1	CNP0000460_P02N	CNP0000460	DF.classifications_0.25_0.26_116	Singlet	pANN_0.25_0.26_116	0.354017501988862
CNP0000460_GCAGCCATCTGTTGAG-1_2_1_1_1_1_1_1_1	CNP0000460_P02N	CNP0000460	DF.classifications_0.25_0.26_116	Singlet	pANN_0.25_0.26_116	0.261734287987271
CNP0000460_GCAGCCATCTTACCGC-1_2_1_1_1_1_1_1_1	CNP0000460_P02N	CNP0000460	DF.classifications_0.25_0.26_116	Singlet	pANN_0.25_0.26_116	0.247414478918059
CNP0000460_GCAGTTACATTCTTAC-1_2_1_1_1_1_1_1_1	CNP0000460_P02N	CNP0000460	DF.classifications_0.25_0.26_116	Singlet	pANN_0.25_0.26_116	0.236276849642005
CNP0000460_GCAGTTAGTCTAGAGG-1_2_1_1_1_1_1_1_1	CNP0000460_P02N	CNP0000460	DF.classifications_0.25_0.26_116	Singlet	pANN_0.25_0.26_116	0.236276849642005
CNP0000460_GCATACAAGAGAGCTC-1_2_1_1_1_1_1_1_1	CNP0000460_P02N	CNP0000460	DF.classifications_0.25_0.26_116	Singlet	pANN_0.25_0.26_116	0.238663484486873
CNP0000460_GCATACAAGATCCCAT-1_2_1_1_1_1_1_1_1	CNP0000460_P02N	CNP0000460	DF.classifications_0.25_0.26_116	Singlet	pANN_0.25_0.26_116	0.218774860779634
CNP0000460_GCATACAAGTGACATA-1_2_1_1_1_1_1_1_1	CNP0000460_P02N	CNP0000460	DF.classifications_0.25_0.26_116	Singlet	pANN_0.25_0.26_116	0.223548130469372
CNP0000460_GCATACAAGTTTAGGA-1_2_1_1_1_1_1_1_1	CNP0000460_P02N	CNP0000460	DF.classifications_0.25_0.26_116	Singlet	pANN_0.25_0.26_116	0.167064439140811
CNP0000460_GCATACACAAGGGTCA-1_2_1_1_1_1_1_1_1	CNP0000460_P02N	CNP0000460	DF.classifications_0.25_0.26_116	Singlet	pANN_0.25_0.26_116	0.18854415274463
CNP0000460_GCATACACACGACTCG-1_2_1_1_1_1_1_1_1	CNP0000460_P02N	CNP0000460	DF.classifications_0.25_0.26_116	Singlet	pANN_0.25_0.26_116	0.16945107398568
CNP0000460_GCATACACATCTGGTA-1_2_1_1_1_1_1_1_1	CNP0000460_P02N	CNP0000460	DF.classifications_0.25_0.26_116	Singlet	pANN_0.25_0.26_116	0.332537788385044
CNP0000460_GCATACATCATACGGT-1_2_1_1_1_1_1_1_1	CNP0000460_P02N	CNP0000460	DF.classifications_0.25_0.26_116	Doublet	pANN_0.25_0.26_116	0.385839299920446
CNP0000460_GCATACATCATCGGAT-1_2_1_1_1_1_1_1_1	CNP0000460_P02N	CNP0000460	DF.classifications_0.25_0.26_116	Singlet	pANN_0.25_0.26_116	0.186157517899761
CNP0000460_GCATACATCCTTTCGG-1_2_1_1_1_1_1_1_1	CNP0000460_P02N	CNP0000460	DF.classifications_0.25_0.26_116	Singlet	pANN_0.25_0.26_116	0.194112967382657
CNP0000460_GCATGATAGTGTCCCG-1_2_1_1_1_1_1_1_1	CNP0000460_P02N	CNP0000460	DF.classifications_0.25_0.26_116	Singlet	pANN_0.25_0.26_116	0.26332537788385
CNP0000460_GCATGATAGTGTCTCA-1_2_1_1_1_1_1_1_1	CNP0000460_P02N	CNP0000460	DF.classifications_0.25_0.26_116	Singlet	pANN_0.25_0.26_116	0.186953062848051
CNP0000460_GCATGATCAAGTCATC-1_2_1_1_1_1_1_1_1	CNP0000460_P02N	CNP0000460	DF.classifications_0.25_0.26_116	Singlet	pANN_0.25_0.26_116	0.175019888623707
CNP0000460_GCATGATCACCTCGGA-1_2_1_1_1_1_1_1_1	CNP0000460_P02N	CNP0000460	DF.classifications_0.25_0.26_116	Singlet	pANN_0.25_0.26_116	0.288782816229117
CNP0000460_GCATGATCAGTCACTA-1_2_1_1_1_1_1_1_1	CNP0000460_P02N	CNP0000460	DF.classifications_0.25_0.26_116	Doublet	pANN_0.25_0.26_116	0.381066030230708
CNP0000460_GCATGATCATGGAATA-1_2_1_1_1_1_1_1_1	CNP0000460_P02N	CNP0000460	DF.classifications_0.25_0.26_116	Singlet	pANN_0.25_0.26_116	0.224343675417661
CNP0000460_GCATGATCATTAGGCT-1_2_1_1_1_1_1_1_1	CNP0000460_P02N	CNP0000460	DF.classifications_0.25_0.26_116	Singlet	pANN_0.25_0.26_116	0.260938743038982
CNP0000460_GCATGATCATTGGGCC-1_2_1_1_1_1_1_1_1	CNP0000460_P02N	CNP0000460	DF.classifications_0.25_0.26_116	Singlet	pANN_0.25_0.26_116	0.288782816229117
CNP0000460_GCATGATGTTCCACGG-1_2_1_1_1_1_1_1_1	CNP0000460_P02N	CNP0000460	DF.classifications_0.25_0.26_116	Singlet	pANN_0.25_0.26_116	0.186953062848051
CNP0000460_GCATGATTCGGTGTTA-1_2_1_1_1_1_1_1_1	CNP0000460_P02N	CNP0000460	DF.classifications_0.25_0.26_116	Singlet	pANN_0.25_0.26_116	0.233094669848846
CNP0000460_GCATGCGAGCTAGTGG-1_2_1_1_1_1_1_1_1	CNP0000460_P02N	CNP0000460	DF.classifications_0.25_0.26_116	Singlet	pANN_0.25_0.26_116	0.229912490055688
CNP0000460_GCATGCGAGGTGATTA-1_2_1_1_1_1_1_1_1	CNP0000460_P02N	CNP0000460	DF.classifications_0.25_0.26_116	Singlet	pANN_0.25_0.26_116	0.24582338902148
CNP0000460_GCATGCGCACTTAACG-1_2_1_1_1_1_1_1_1	CNP0000460_P02N	CNP0000460	DF.classifications_0.25_0.26_116	Singlet	pANN_0.25_0.26_116	0.243436754176611
CNP0000460_GCATGCGCAGTACACT-1_2_1_1_1_1_1_1_1	CNP0000460_P02N	CNP0000460	DF.classifications_0.25_0.26_116	Singlet	pANN_0.25_0.26_116	0.204455051710422
CNP0000460_GCATGCGCAGTATGCT-1_2_1_1_1_1_1_1_1	CNP0000460_P02N	CNP0000460	DF.classifications_0.25_0.26_116	Singlet	pANN_0.25_0.26_116	0.178202068416866
CNP0000460_GCATGCGCATATACCG-1_2_1_1_1_1_1_1_1	CNP0000460_P02N	CNP0000460	DF.classifications_0.25_0.26_116	Singlet	pANN_0.25_0.26_116	0.135242641209228
CNP0000460_GCATGCGCATCAGTAC-1_2_1_1_1_1_1_1_1	CNP0000460_P02N	CNP0000460	DF.classifications_0.25_0.26_116	Singlet	pANN_0.25_0.26_116	0.306284805091488
CNP0000460_GCATGCGGTAGCGTAG-1_2_1_1_1_1_1_1_1	CNP0000460_P02N	CNP0000460	DF.classifications_0.25_0.26_116	Singlet	pANN_0.25_0.26_116	0.179793158313445
CNP0000460_GCATGCGTCCAAACAC-1_2_1_1_1_1_1_1_1	CNP0000460_P02N	CNP0000460	DF.classifications_0.25_0.26_116	Singlet	pANN_0.25_0.26_116	0.221161495624503
CNP0000460_GCATGCGTCCACTGGG-1_2_1_1_1_1_1_1_1	CNP0000460_P02N	CNP0000460	DF.classifications_0.25_0.26_116	Singlet	pANN_0.25_0.26_116	0.203659506762132
CNP0000460_GCATGCGTCCCATTAT-1_2_1_1_1_1_1_1_1	CNP0000460_P02N	CNP0000460	DF.classifications_0.25_0.26_116	Singlet	pANN_0.25_0.26_116	0.229116945107399
CNP0000460_GCATGCGTCCTAGGGC-1_2_1_1_1_1_1_1_1	CNP0000460_P02N	CNP0000460	DF.classifications_0.25_0.26_116	Singlet	pANN_0.25_0.26_116	0.209228321400159
CNP0000460_GCATGCGTCCTATGTT-1_2_1_1_1_1_1_1_1	CNP0000460_P02N	CNP0000460	DF.classifications_0.25_0.26_116	Singlet	pANN_0.25_0.26_116	0.222752585521082
CNP0000460_GCATGCGTCGACCAGC-1_2_1_1_1_1_1_1_1	CNP0000460_P02N	CNP0000460	DF.classifications_0.25_0.26_116	Singlet	pANN_0.25_0.26_116	0.223548130469372
CNP0000460_GCATGCGTCTACCTGC-1_2_1_1_1_1_1_1_1	CNP0000460_P02N	CNP0000460	DF.classifications_0.25_0.26_116	Singlet	pANN_0.25_0.26_116	0.214797136038186
CNP0000460_GCATGCGTCTCCTATA-1_2_1_1_1_1_1_1_1	CNP0000460_P02N	CNP0000460	DF.classifications_0.25_0.26_116	Singlet	pANN_0.25_0.26_116	0.221161495624503
CNP0000460_GCATGTAAGATGAGAG-1_2_1_1_1_1_1_1_1	CNP0000460_P02N	CNP0000460	DF.classifications_0.25_0.26_116	Singlet	pANN_0.25_0.26_116	0.218774860779634
CNP0000460_GCATGTAAGCCAGTTT-1_2_1_1_1_1_1_1_1	CNP0000460_P02N	CNP0000460	DF.classifications_0.25_0.26_116	Singlet	pANN_0.25_0.26_116	0.218774860779634
CNP0000460_GCATGTAAGGGAGTAA-1_2_1_1_1_1_1_1_1	CNP0000460_P02N	CNP0000460	DF.classifications_0.25_0.26_116	Singlet	pANN_0.25_0.26_116	0.200477326968974
CNP0000460_GCATGTAAGTCCAGGA-1_2_1_1_1_1_1_1_1	CNP0000460_P02N	CNP0000460	DF.classifications_0.25_0.26_116	Singlet	pANN_0.25_0.26_116	0.166268894192522
CNP0000460_GCATGTAGTTTGGCGC-1_2_1_1_1_1_1_1_1	CNP0000460_P02N	CNP0000460	DF.classifications_0.25_0.26_116	Singlet	pANN_0.25_0.26_116	0.290373906125696
CNP0000460_GCCAAATCAAGGTTCT-1_2_1_1_1_1_1_1_1	CNP0000460_P02N	CNP0000460	DF.classifications_0.25_0.26_116	Singlet	pANN_0.25_0.26_116	0.224343675417661
CNP0000460_GCCAAATCAGCGTTCG-1_2_1_1_1_1_1_1_1	CNP0000460_P02N	CNP0000460	DF.classifications_0.25_0.26_116	Singlet	pANN_0.25_0.26_116	0.197295147175815
CNP0000460_GCCAAATCAGCTGCTG-1_2_1_1_1_1_1_1_1	CNP0000460_P02N	CNP0000460	DF.classifications_0.25_0.26_116	Singlet	pANN_0.25_0.26_116	0.211614956245028
CNP0000460_GCCAAATCATCAGTAC-1_2_1_1_1_1_1_1_1	CNP0000460_P02N	CNP0000460	DF.classifications_0.25_0.26_116	Singlet	pANN_0.25_0.26_116	0.258552108194113
CNP0000460_GCCAAATGTATAGGGC-1_2_1_1_1_1_1_1_1	CNP0000460_P02N	CNP0000460	DF.classifications_0.25_0.26_116	Singlet	pANN_0.25_0.26_116	0.20763723150358
CNP0000460_GCCAAATTCCAGGGCT-1_2_1_1_1_1_1_1_1	CNP0000460_P02N	CNP0000460	DF.classifications_0.25_0.26_116	Singlet	pANN_0.25_0.26_116	0.210023866348449
CNP0000460_GCCAAATTCGGGAGTA-1_2_1_1_1_1_1_1_1	CNP0000460_P02N	CNP0000460	DF.classifications_0.25_0.26_116	Singlet	pANN_0.25_0.26_116	0.186157517899761
CNP0000460_GCCTCTAGTTCGCGAC-1_2_1_1_1_1_1_1_1	CNP0000460_P02N	CNP0000460	DF.classifications_0.25_0.26_116	Singlet	pANN_0.25_0.26_116	0.178997613365155
CNP0000460_GCCTCTATCCAAACAC-1_2_1_1_1_1_1_1_1	CNP0000460_P02N	CNP0000460	DF.classifications_0.25_0.26_116	Singlet	pANN_0.25_0.26_116	0.166268894192522
CNP0000460_GCGACCAAGAAACCAT-1_2_1_1_1_1_1_1_1	CNP0000460_P02N	CNP0000460	DF.classifications_0.25_0.26_116	Singlet	pANN_0.25_0.26_116	0.152744630071599
CNP0000460_GCGACCAAGACGACGT-1_2_1_1_1_1_1_1_1	CNP0000460_P02N	CNP0000460	DF.classifications_0.25_0.26_116	Singlet	pANN_0.25_0.26_116	0.218774860779634
CNP0000460_GCGACCAAGGAGTTGC-1_2_1_1_1_1_1_1_1	CNP0000460_P02N	CNP0000460	DF.classifications_0.25_0.26_116	Singlet	pANN_0.25_0.26_116	0.184566428003182
CNP0000460_GCGACCAAGTAGCGGT-1_2_1_1_1_1_1_1_1	CNP0000460_P02N	CNP0000460	DF.classifications_0.25_0.26_116	Singlet	pANN_0.25_0.26_116	0.271280827366746
CNP0000460_GCGACCAAGTTGCAGG-1_2_1_1_1_1_1_1_1	CNP0000460_P02N	CNP0000460	DF.classifications_0.25_0.26_116	Singlet	pANN_0.25_0.26_116	0.179793158313445
CNP0000460_GCGACCACAAGTACCT-1_2_1_1_1_1_1_1_1	CNP0000460_P02N	CNP0000460	DF.classifications_0.25_0.26_116	Singlet	pANN_0.25_0.26_116	0.244232299124901
CNP0000460_GCGACCACACAACGCC-1_2_1_1_1_1_1_1_1	CNP0000460_P02N	CNP0000460	DF.classifications_0.25_0.26_116	Doublet	pANN_0.25_0.26_116	0.371519490851233
CNP0000460_GCGACCACACAAGCCC-1_2_1_1_1_1_1_1_1	CNP0000460_P02N	CNP0000460	DF.classifications_0.25_0.26_116	Singlet	pANN_0.25_0.26_116	0.26412092283214
CNP0000460_GCGACCAGTGTAACGG-1_2_1_1_1_1_1_1_1	CNP0000460_P02N	CNP0000460	DF.classifications_0.25_0.26_116	Singlet	pANN_0.25_0.26_116	0.222752585521082
CNP0000460_GCGACCATCAACGAAA-1_2_1_1_1_1_1_1_1	CNP0000460_P02N	CNP0000460	DF.classifications_0.25_0.26_116	Singlet	pANN_0.25_0.26_116	0.175815433571997
CNP0000460_GCGACCATCCGAGCCA-1_2_1_1_1_1_1_1_1	CNP0000460_P02N	CNP0000460	DF.classifications_0.25_0.26_116	Singlet	pANN_0.25_0.26_116	0.195704057279236
CNP0000460_GCGAGAAAGTGCGTGA-1_2_1_1_1_1_1_1_1	CNP0000460_P02N	CNP0000460	DF.classifications_0.25_0.26_116	Doublet	pANN_0.25_0.26_116	0.408114558472554
CNP0000460_GCGAGAACAGCATGAG-1_2_1_1_1_1_1_1_1	CNP0000460_P02N	CNP0000460	DF.classifications_0.25_0.26_116	Singlet	pANN_0.25_0.26_116	0.175815433571997
CNP0000460_GCGAGAAGTCAGATAA-1_2_1_1_1_1_1_1_1	CNP0000460_P02N	CNP0000460	DF.classifications_0.25_0.26_116	Singlet	pANN_0.25_0.26_116	0.175815433571997
CNP0000460_GCGAGAAGTCTTTCAT-1_2_1_1_1_1_1_1_1	CNP0000460_P02N	CNP0000460	DF.classifications_0.25_0.26_116	Singlet	pANN_0.25_0.26_116	0.231503579952267
CNP0000460_GCGAGAATCCATGAAC-1_2_1_1_1_1_1_1_1	CNP0000460_P02N	CNP0000460	DF.classifications_0.25_0.26_116	Singlet	pANN_0.25_0.26_116	0.233890214797136
CNP0000460_GCGAGAATCCCAAGAT-1_2_1_1_1_1_1_1_1	CNP0000460_P02N	CNP0000460	DF.classifications_0.25_0.26_116	Singlet	pANN_0.25_0.26_116	0.233094669848846
CNP0000460_GCGAGAATCTGTCTCG-1_2_1_1_1_1_1_1_1	CNP0000460_P02N	CNP0000460	DF.classifications_0.25_0.26_116	Singlet	pANN_0.25_0.26_116	0.212410501193317
CNP0000460_GCGCAACCAATGGAGC-1_2_1_1_1_1_1_1_1	CNP0000460_P02N	CNP0000460	DF.classifications_0.25_0.26_116	Singlet	pANN_0.25_0.26_116	0.215592680986476
CNP0000460_GCGCAACCACGGACAA-1_2_1_1_1_1_1_1_1	CNP0000460_P02N	CNP0000460	DF.classifications_0.25_0.26_116	Singlet	pANN_0.25_0.26_116	0.228321400159109
CNP0000460_GCGCAACCAGGTGCCT-1_2_1_1_1_1_1_1_1	CNP0000460_P02N	CNP0000460	DF.classifications_0.25_0.26_116	Singlet	pANN_0.25_0.26_116	0.275258552108194
CNP0000460_GCGCAACTCACCGGGT-1_2_1_1_1_1_1_1_1	CNP0000460_P02N	CNP0000460	DF.classifications_0.25_0.26_116	Singlet	pANN_0.25_0.26_116	0.204455051710422
CNP0000460_GCGCAACTCATCATTC-1_2_1_1_1_1_1_1_1	CNP0000460_P02N	CNP0000460	DF.classifications_0.25_0.26_116	Singlet	pANN_0.25_0.26_116	0.220365950676213
CNP0000460_GCGCAGTAGAGCTTCT-1_2_1_1_1_1_1_1_1	CNP0000460_P02N	CNP0000460	DF.classifications_0.25_0.26_116	Singlet	pANN_0.25_0.26_116	0.240254574383453
CNP0000460_GCGCAGTAGATAGTCA-1_2_1_1_1_1_1_1_1	CNP0000460_P02N	CNP0000460	DF.classifications_0.25_0.26_116	Singlet	pANN_0.25_0.26_116	0.239459029435163
CNP0000460_GCGCAGTAGCTGCGAA-1_2_1_1_1_1_1_1_1	CNP0000460_P02N	CNP0000460	DF.classifications_0.25_0.26_116	Doublet	pANN_0.25_0.26_116	0.393794749403341
CNP0000460_GCGCAGTGTACCATCA-1_2_1_1_1_1_1_1_1	CNP0000460_P02N	CNP0000460	DF.classifications_0.25_0.26_116	Singlet	pANN_0.25_0.26_116	0.237072394590294
CNP0000460_GCGCAGTTCTCATTCA-1_2_1_1_1_1_1_1_1	CNP0000460_P02N	CNP0000460	DF.classifications_0.25_0.26_116	Singlet	pANN_0.25_0.26_116	0.184566428003182
CNP0000460_GCGCCAAGTCAGCTAT-1_2_1_1_1_1_1_1_1	CNP0000460_P02N	CNP0000460	DF.classifications_0.25_0.26_116	Singlet	pANN_0.25_0.26_116	0.20684168655529
CNP0000460_GCGCCAAGTTCACGGC-1_2_1_1_1_1_1_1_1	CNP0000460_P02N	CNP0000460	DF.classifications_0.25_0.26_116	Singlet	pANN_0.25_0.26_116	0.22673031026253
CNP0000460_GCGCCAATCACGCGGT-1_2_1_1_1_1_1_1_1	CNP0000460_P02N	CNP0000460	DF.classifications_0.25_0.26_116	Singlet	pANN_0.25_0.26_116	0.3206046141607
CNP0000460_GCGCCAATCAGGTAAA-1_2_1_1_1_1_1_1_1	CNP0000460_P02N	CNP0000460	DF.classifications_0.25_0.26_116	Singlet	pANN_0.25_0.26_116	0.238663484486873
CNP0000460_GCGCCAATCATGCTCC-1_2_1_1_1_1_1_1_1	CNP0000460_P02N	CNP0000460	DF.classifications_0.25_0.26_116	Singlet	pANN_0.25_0.26_116	0.200477326968974
CNP0000460_GCGCCAATCTCTTGAT-1_2_1_1_1_1_1_1_1	CNP0000460_P02N	CNP0000460	DF.classifications_0.25_0.26_116	Singlet	pANN_0.25_0.26_116	0.203659506762132
CNP0000460_GCGCGATAGGTACTCT-1_2_1_1_1_1_1_1_1	CNP0000460_P02N	CNP0000460	DF.classifications_0.25_0.26_116	Singlet	pANN_0.25_0.26_116	0.22593476531424
CNP0000460_GCGCGATCAGACAAGC-1_2_1_1_1_1_1_1_1	CNP0000460_P02N	CNP0000460	DF.classifications_0.25_0.26_116	Doublet	pANN_0.25_0.26_116	0.370723945902943
CNP0000460_GCGCGATGTAGAAAGG-1_2_1_1_1_1_1_1_1	CNP0000460_P02N	CNP0000460	DF.classifications_0.25_0.26_116	Singlet	pANN_0.25_0.26_116	0.233094669848846
CNP0000460_GCGCGATTCAGAGCTT-1_2_1_1_1_1_1_1_1	CNP0000460_P02N	CNP0000460	DF.classifications_0.25_0.26_116	Singlet	pANN_0.25_0.26_116	0.234685759745426
CNP0000460_GCGGGTTAGCCACGTC-1_2_1_1_1_1_1_1_1	CNP0000460_P02N	CNP0000460	DF.classifications_0.25_0.26_116	Singlet	pANN_0.25_0.26_116	0.360381861575179
CNP0000460_GCGGGTTAGCGTGTCC-1_2_1_1_1_1_1_1_1	CNP0000460_P02N	CNP0000460	DF.classifications_0.25_0.26_116	Singlet	pANN_0.25_0.26_116	0.202068416865553
CNP0000460_GCGGGTTAGGCTATCT-1_2_1_1_1_1_1_1_1	CNP0000460_P02N	CNP0000460	DF.classifications_0.25_0.26_116	Singlet	pANN_0.25_0.26_116	0.193317422434368
CNP0000460_GCGGGTTCACAGACTT-1_2_1_1_1_1_1_1_1	CNP0000460_P02N	CNP0000460	DF.classifications_0.25_0.26_116	Singlet	pANN_0.25_0.26_116	0.212410501193317
CNP0000460_GCGGGTTCACAGCGTC-1_2_1_1_1_1_1_1_1	CNP0000460_P02N	CNP0000460	DF.classifications_0.25_0.26_116	Singlet	pANN_0.25_0.26_116	0.209228321400159
CNP0000460_GCGGGTTCACGGTAGA-1_2_1_1_1_1_1_1_1	CNP0000460_P02N	CNP0000460	DF.classifications_0.25_0.26_116	Singlet	pANN_0.25_0.26_116	0.18933969769292
CNP0000460_GCGGGTTCAGGATCGA-1_2_1_1_1_1_1_1_1	CNP0000460_P02N	CNP0000460	DF.classifications_0.25_0.26_116	Singlet	pANN_0.25_0.26_116	0.218774860779634
CNP0000460_GCGGGTTGTAAATACG-1_2_1_1_1_1_1_1_1	CNP0000460_P02N	CNP0000460	DF.classifications_0.25_0.26_116	Singlet	pANN_0.25_0.26_116	0.149562450278441
CNP0000460_GCGGGTTGTGTGGCTC-1_2_1_1_1_1_1_1_1	CNP0000460_P02N	CNP0000460	DF.classifications_0.25_0.26_116	Singlet	pANN_0.25_0.26_116	0.196499602227526
CNP0000460_GCGGGTTTCATCGCTC-1_2_1_1_1_1_1_1_1	CNP0000460_P02N	CNP0000460	DF.classifications_0.25_0.26_116	Singlet	pANN_0.25_0.26_116	0.192521877486078
CNP0000460_GCGGGTTTCCTGCTTG-1_2_1_1_1_1_1_1_1	CNP0000460_P02N	CNP0000460	DF.classifications_0.25_0.26_116	Singlet	pANN_0.25_0.26_116	0.232299124900557
CNP0000460_GCTCCTAAGAGGGCTT-1_2_1_1_1_1_1_1_1	CNP0000460_P02N	CNP0000460	DF.classifications_0.25_0.26_116	Singlet	pANN_0.25_0.26_116	0.176610978520286
CNP0000460_GCTCCTAAGCCCAGCT-1_2_1_1_1_1_1_1_1	CNP0000460_P02N	CNP0000460	DF.classifications_0.25_0.26_116	Singlet	pANN_0.25_0.26_116	0.303102625298329
CNP0000460_GCTCCTAGTGGAAAGA-1_2_1_1_1_1_1_1_1	CNP0000460_P02N	CNP0000460	DF.classifications_0.25_0.26_116	Singlet	pANN_0.25_0.26_116	0.290373906125696
CNP0000460_GCTCCTATCACGGTTA-1_2_1_1_1_1_1_1_1	CNP0000460_P02N	CNP0000460	DF.classifications_0.25_0.26_116	Singlet	pANN_0.25_0.26_116	0.318217979315831
CNP0000460_GCTCCTATCAGCTGGC-1_2_1_1_1_1_1_1_1	CNP0000460_P02N	CNP0000460	DF.classifications_0.25_0.26_116	Singlet	pANN_0.25_0.26_116	0.197295147175815
CNP0000460_GCTCTGTAGCTAGTGG-1_2_1_1_1_1_1_1_1	CNP0000460_P02N	CNP0000460	DF.classifications_0.25_0.26_116	Singlet	pANN_0.25_0.26_116	0.256165473349244
CNP0000460_GCTCTGTCACGCCAGT-1_2_1_1_1_1_1_1_1	CNP0000460_P02N	CNP0000460	DF.classifications_0.25_0.26_116	Singlet	pANN_0.25_0.26_116	0.200477326968974
CNP0000460_GCTCTGTCACGTCTCT-1_2_1_1_1_1_1_1_1	CNP0000460_P02N	CNP0000460	DF.classifications_0.25_0.26_116	Singlet	pANN_0.25_0.26_116	0.16945107398568
CNP0000460_GCTCTGTCATTTCAGG-1_2_1_1_1_1_1_1_1	CNP0000460_P02N	CNP0000460	DF.classifications_0.25_0.26_116	Singlet	pANN_0.25_0.26_116	0.175815433571997
CNP0000460_GCTCTGTGTCATCCCT-1_2_1_1_1_1_1_1_1	CNP0000460_P02N	CNP0000460	DF.classifications_0.25_0.26_116	Singlet	pANN_0.25_0.26_116	0.232299124900557
CNP0000460_GCTCTGTGTTTCCACC-1_2_1_1_1_1_1_1_1	CNP0000460_P02N	CNP0000460	DF.classifications_0.25_0.26_116	Singlet	pANN_0.25_0.26_116	0.182975338106603
CNP0000460_GCTCTGTTCACAGGCC-1_2_1_1_1_1_1_1_1	CNP0000460_P02N	CNP0000460	DF.classifications_0.25_0.26_116	Singlet	pANN_0.25_0.26_116	0.229116945107399
CNP0000460_GCTCTGTTCACTCCTG-1_2_1_1_1_1_1_1_1	CNP0000460_P02N	CNP0000460	DF.classifications_0.25_0.26_116	Singlet	pANN_0.25_0.26_116	0.201272871917263
CNP0000460_GCTGCAGAGAGTCTGG-1_2_1_1_1_1_1_1_1	CNP0000460_P02N	CNP0000460	DF.classifications_0.25_0.26_116	Singlet	pANN_0.25_0.26_116	0.184566428003182
CNP0000460_GCTGCAGAGCAAATCA-1_2_1_1_1_1_1_1_1	CNP0000460_P02N	CNP0000460	DF.classifications_0.25_0.26_116	Singlet	pANN_0.25_0.26_116	0.237867939538584
CNP0000460_GCTGCAGAGCTTTGGT-1_2_1_1_1_1_1_1_1	CNP0000460_P02N	CNP0000460	DF.classifications_0.25_0.26_116	Singlet	pANN_0.25_0.26_116	0.327764518695306
CNP0000460_GCTGCAGCACATGGGA-1_2_1_1_1_1_1_1_1	CNP0000460_P02N	CNP0000460	DF.classifications_0.25_0.26_116	Singlet	pANN_0.25_0.26_116	0.190930787589499
CNP0000460_GCTGCAGCACCACGTG-1_2_1_1_1_1_1_1_1	CNP0000460_P02N	CNP0000460	DF.classifications_0.25_0.26_116	Singlet	pANN_0.25_0.26_116	0.241050119331742
CNP0000460_GCTGCAGGTAGCGTCC-1_2_1_1_1_1_1_1_1	CNP0000460_P02N	CNP0000460	DF.classifications_0.25_0.26_116	Singlet	pANN_0.25_0.26_116	0.197295147175815
CNP0000460_GCTGCAGGTTCTGGTA-1_2_1_1_1_1_1_1_1	CNP0000460_P02N	CNP0000460	DF.classifications_0.25_0.26_116	Singlet	pANN_0.25_0.26_116	0.296738265712013
CNP0000460_GCTGCAGTCTATGTGG-1_2_1_1_1_1_1_1_1	CNP0000460_P02N	CNP0000460	DF.classifications_0.25_0.26_116	Singlet	pANN_0.25_0.26_116	0.176610978520286
CNP0000460_GCTGCGAAGGCGACAT-1_2_1_1_1_1_1_1_1	CNP0000460_P02N	CNP0000460	DF.classifications_0.25_0.26_116	Singlet	pANN_0.25_0.26_116	0.229912490055688
CNP0000460_GCTGCGACAAGGGTCA-1_2_1_1_1_1_1_1_1	CNP0000460_P02N	CNP0000460	DF.classifications_0.25_0.26_116	Singlet	pANN_0.25_0.26_116	0.262529832935561
CNP0000460_GCTGCGACACCGTTGG-1_2_1_1_1_1_1_1_1	CNP0000460_P02N	CNP0000460	DF.classifications_0.25_0.26_116	Singlet	pANN_0.25_0.26_116	0.199681782020684
CNP0000460_GCTGCGACACTCGACG-1_2_1_1_1_1_1_1_1	CNP0000460_P02N	CNP0000460	DF.classifications_0.25_0.26_116	Singlet	pANN_0.25_0.26_116	0.279236276849642
CNP0000460_GCTGCGACATGTTGAC-1_2_1_1_1_1_1_1_1	CNP0000460_P02N	CNP0000460	DF.classifications_0.25_0.26_116	Singlet	pANN_0.25_0.26_116	0.216388225934765
CNP0000460_GCTGCGAGTGGTGTAG-1_2_1_1_1_1_1_1_1	CNP0000460_P02N	CNP0000460	DF.classifications_0.25_0.26_116	Singlet	pANN_0.25_0.26_116	0.212410501193317
CNP0000460_GCTGCGAGTTTGTGTG-1_2_1_1_1_1_1_1_1	CNP0000460_P02N	CNP0000460	DF.classifications_0.25_0.26_116	Singlet	pANN_0.25_0.26_116	0.256961018297534
CNP0000460_GCTGCGATCAAGCCTA-1_2_1_1_1_1_1_1_1	CNP0000460_P02N	CNP0000460	DF.classifications_0.25_0.26_116	Singlet	pANN_0.25_0.26_116	0.229116945107399
CNP0000460_GCTGCGATCAGTTAGC-1_2_1_1_1_1_1_1_1	CNP0000460_P02N	CNP0000460	DF.classifications_0.25_0.26_116	Singlet	pANN_0.25_0.26_116	0.249005568814638
CNP0000460_GCTGCGATCCCAACGG-1_2_1_1_1_1_1_1_1	CNP0000460_P02N	CNP0000460	DF.classifications_0.25_0.26_116	Singlet	pANN_0.25_0.26_116	0.240254574383453
CNP0000460_GCTGCGATCGAGAGCA-1_2_1_1_1_1_1_1_1	CNP0000460_P02N	CNP0000460	DF.classifications_0.25_0.26_116	Singlet	pANN_0.25_0.26_116	0.184566428003182
CNP0000460_GCTGCTTCAACACCCG-1_2_1_1_1_1_1_1_1	CNP0000460_P02N	CNP0000460	DF.classifications_0.25_0.26_116	Singlet	pANN_0.25_0.26_116	0.191726332537788
CNP0000460_GCTGCTTCAAGGTTCT-1_2_1_1_1_1_1_1_1	CNP0000460_P02N	CNP0000460	DF.classifications_0.25_0.26_116	Singlet	pANN_0.25_0.26_116	0.216388225934765
CNP0000460_GCTGCTTCATTTGCCC-1_2_1_1_1_1_1_1_1	CNP0000460_P02N	CNP0000460	DF.classifications_0.25_0.26_116	Singlet	pANN_0.25_0.26_116	0.241050119331742
CNP0000460_GCTGCTTGTACAGCAG-1_2_1_1_1_1_1_1_1	CNP0000460_P02N	CNP0000460	DF.classifications_0.25_0.26_116	Singlet	pANN_0.25_0.26_116	0.181384248210024
CNP0000460_GCTGCTTGTATTAGCC-1_2_1_1_1_1_1_1_1	CNP0000460_P02N	CNP0000460	DF.classifications_0.25_0.26_116	Singlet	pANN_0.25_0.26_116	0.211614956245028
CNP0000460_GCTGCTTGTCCATGAT-1_2_1_1_1_1_1_1_1	CNP0000460_P02N	CNP0000460	DF.classifications_0.25_0.26_116	Singlet	pANN_0.25_0.26_116	0.171042163882259
CNP0000460_GCTGCTTGTCGCTTTC-1_2_1_1_1_1_1_1_1	CNP0000460_P02N	CNP0000460	DF.classifications_0.25_0.26_116	Singlet	pANN_0.25_0.26_116	0.257756563245823
CNP0000460_GCTGCTTGTCTAGTCA-1_2_1_1_1_1_1_1_1	CNP0000460_P02N	CNP0000460	DF.classifications_0.25_0.26_116	Singlet	pANN_0.25_0.26_116	0.330946698488465
CNP0000460_GCTGCTTGTGCGAAAC-1_2_1_1_1_1_1_1_1	CNP0000460_P02N	CNP0000460	DF.classifications_0.25_0.26_116	Singlet	pANN_0.25_0.26_116	0.260938743038982
CNP0000460_GCTGCTTTCTACTCAT-1_2_1_1_1_1_1_1_1	CNP0000460_P02N	CNP0000460	DF.classifications_0.25_0.26_116	Singlet	pANN_0.25_0.26_116	0.260143198090692
CNP0000460_GCTGCTTTCTCGCTTG-1_2_1_1_1_1_1_1_1	CNP0000460_P02N	CNP0000460	DF.classifications_0.25_0.26_116	Singlet	pANN_0.25_0.26_116	0.20684168655529
CNP0000460_GCTGCTTTCTTTCCTC-1_2_1_1_1_1_1_1_1	CNP0000460_P02N	CNP0000460	DF.classifications_0.25_0.26_116	Singlet	pANN_0.25_0.26_116	0.224343675417661
CNP0000460_GCTGGGTAGACTTGAA-1_2_1_1_1_1_1_1_1	CNP0000460_P02N	CNP0000460	DF.classifications_0.25_0.26_116	Singlet	pANN_0.25_0.26_116	0.227525855210819
CNP0000460_GCTGGGTCAATGAATG-1_2_1_1_1_1_1_1_1	CNP0000460_P02N	CNP0000460	DF.classifications_0.25_0.26_116	Singlet	pANN_0.25_0.26_116	0.209228321400159
CNP0000460_GCTGGGTCAATGTAAG-1_2_1_1_1_1_1_1_1	CNP0000460_P02N	CNP0000460	DF.classifications_0.25_0.26_116	Singlet	pANN_0.25_0.26_116	0.251392203659507
CNP0000460_GCTGGGTCACACAGAG-1_2_1_1_1_1_1_1_1	CNP0000460_P02N	CNP0000460	DF.classifications_0.25_0.26_116	Singlet	pANN_0.25_0.26_116	0.204455051710422
CNP0000460_GCTGGGTCAGCGAACA-1_2_1_1_1_1_1_1_1	CNP0000460_P02N	CNP0000460	DF.classifications_0.25_0.26_116	Singlet	pANN_0.25_0.26_116	0.22673031026253
CNP0000460_GCTGGGTGTGAGGGTT-1_2_1_1_1_1_1_1_1	CNP0000460_P02N	CNP0000460	DF.classifications_0.25_0.26_116	Singlet	pANN_0.25_0.26_116	0.210819411296738
CNP0000460_GCTGGGTGTTTAGGAA-1_2_1_1_1_1_1_1_1	CNP0000460_P02N	CNP0000460	DF.classifications_0.25_0.26_116	Singlet	pANN_0.25_0.26_116	0.322195704057279
CNP0000460_GCTTCCAAGACACTAA-1_2_1_1_1_1_1_1_1	CNP0000460_P02N	CNP0000460	DF.classifications_0.25_0.26_116	Singlet	pANN_0.25_0.26_116	0.248210023866348
CNP0000460_GCTTCCAAGAGCCCAA-1_2_1_1_1_1_1_1_1	CNP0000460_P02N	CNP0000460	DF.classifications_0.25_0.26_116	Singlet	pANN_0.25_0.26_116	0.20763723150358
CNP0000460_GCTTCCAAGAGCTGCA-1_2_1_1_1_1_1_1_1	CNP0000460_P02N	CNP0000460	DF.classifications_0.25_0.26_116	Singlet	pANN_0.25_0.26_116	0.186157517899761
CNP0000460_GCTTCCAAGTGTTAGA-1_2_1_1_1_1_1_1_1	CNP0000460_P02N	CNP0000460	DF.classifications_0.25_0.26_116	Singlet	pANN_0.25_0.26_116	0.287987271280827
CNP0000460_GCTTCCACACTCGACG-1_2_1_1_1_1_1_1_1	CNP0000460_P02N	CNP0000460	DF.classifications_0.25_0.26_116	Singlet	pANN_0.25_0.26_116	0.18933969769292
CNP0000460_GCTTCCAGTAAGAGGA-1_2_1_1_1_1_1_1_1	CNP0000460_P02N	CNP0000460	DF.classifications_0.25_0.26_116	Singlet	pANN_0.25_0.26_116	0.255369928400955
CNP0000460_GCTTCCAGTCGGCATC-1_2_1_1_1_1_1_1_1	CNP0000460_P02N	CNP0000460	DF.classifications_0.25_0.26_116	Singlet	pANN_0.25_0.26_116	0.167859984089101
CNP0000460_GCTTCCAGTGAAATCA-1_2_1_1_1_1_1_1_1	CNP0000460_P02N	CNP0000460	DF.classifications_0.25_0.26_116	Singlet	pANN_0.25_0.26_116	0.229912490055688
CNP0000460_GCTTCCAGTGTCCTCT-1_2_1_1_1_1_1_1_1	CNP0000460_P02N	CNP0000460	DF.classifications_0.25_0.26_116	Singlet	pANN_0.25_0.26_116	0.194112967382657
CNP0000460_GCTTCCAGTTAAAGAC-1_2_1_1_1_1_1_1_1	CNP0000460_P02N	CNP0000460	DF.classifications_0.25_0.26_116	Singlet	pANN_0.25_0.26_116	0.228321400159109
CNP0000460_GCTTCCAGTTCCGTCT-1_2_1_1_1_1_1_1_1	CNP0000460_P02N	CNP0000460	DF.classifications_0.25_0.26_116	Singlet	pANN_0.25_0.26_116	0.234685759745426
CNP0000460_GCTTCCATCAAGCCTA-1_2_1_1_1_1_1_1_1	CNP0000460_P02N	CNP0000460	DF.classifications_0.25_0.26_116	Singlet	pANN_0.25_0.26_116	0.225139220365951
CNP0000460_GCTTCCATCCAGAGGA-1_2_1_1_1_1_1_1_1	CNP0000460_P02N	CNP0000460	DF.classifications_0.25_0.26_116	Singlet	pANN_0.25_0.26_116	0.246618933969769
CNP0000460_GCTTCCATCCATGAGT-1_2_1_1_1_1_1_1_1	CNP0000460_P02N	CNP0000460	DF.classifications_0.25_0.26_116	Singlet	pANN_0.25_0.26_116	0.237867939538584
CNP0000460_GCTTCCATCCTCATTA-1_2_1_1_1_1_1_1_1	CNP0000460_P02N	CNP0000460	DF.classifications_0.25_0.26_116	Singlet	pANN_0.25_0.26_116	0.202863961813842
CNP0000460_GCTTCCATCTGTACGA-1_2_1_1_1_1_1_1_1	CNP0000460_P02N	CNP0000460	DF.classifications_0.25_0.26_116	Singlet	pANN_0.25_0.26_116	0.18933969769292
CNP0000460_GCTTGAAAGAAGGGTA-1_2_1_1_1_1_1_1_1	CNP0000460_P02N	CNP0000460	DF.classifications_0.25_0.26_116	Singlet	pANN_0.25_0.26_116	0.241050119331742
CNP0000460_GCTTGAAAGATGGGTC-1_2_1_1_1_1_1_1_1	CNP0000460_P02N	CNP0000460	DF.classifications_0.25_0.26_116	Singlet	pANN_0.25_0.26_116	0.139220365950676
CNP0000460_GCTTGAAAGCTACCTA-1_2_1_1_1_1_1_1_1	CNP0000460_P02N	CNP0000460	DF.classifications_0.25_0.26_116	Singlet	pANN_0.25_0.26_116	0.249005568814638
CNP0000460_GCTTGAAAGTACCGGA-1_2_1_1_1_1_1_1_1	CNP0000460_P02N	CNP0000460	DF.classifications_0.25_0.26_116	Singlet	pANN_0.25_0.26_116	0.183770883054893
CNP0000460_GCTTGAACAAGAGTCG-1_2_1_1_1_1_1_1_1	CNP0000460_P02N	CNP0000460	DF.classifications_0.25_0.26_116	Singlet	pANN_0.25_0.26_116	0.224343675417661
CNP0000460_GCTTGAACAAGCTGTT-1_2_1_1_1_1_1_1_1	CNP0000460_P02N	CNP0000460	DF.classifications_0.25_0.26_116	Singlet	pANN_0.25_0.26_116	0.224343675417661
CNP0000460_GCTTGAACATCTCCCA-1_2_1_1_1_1_1_1_1	CNP0000460_P02N	CNP0000460	DF.classifications_0.25_0.26_116	Singlet	pANN_0.25_0.26_116	0.223548130469372
CNP0000460_GCTTGAAGTCCATCCT-1_2_1_1_1_1_1_1_1	CNP0000460_P02N	CNP0000460	DF.classifications_0.25_0.26_116	Singlet	pANN_0.25_0.26_116	0.195704057279236
CNP0000460_GCTTGAATCCAATGGT-1_2_1_1_1_1_1_1_1	CNP0000460_P02N	CNP0000460	DF.classifications_0.25_0.26_116	Singlet	pANN_0.25_0.26_116	0.204455051710422
CNP0000460_GCTTGAATCGCGCCAA-1_2_1_1_1_1_1_1_1	CNP0000460_P02N	CNP0000460	DF.classifications_0.25_0.26_116	Singlet	pANN_0.25_0.26_116	0.206046141607001
CNP0000460_GGAAAGCAGCTATGCT-1_2_1_1_1_1_1_1_1	CNP0000460_P02N	CNP0000460	DF.classifications_0.25_0.26_116	Singlet	pANN_0.25_0.26_116	0.237072394590294
CNP0000460_GGAAAGCCAACTGCTA-1_2_1_1_1_1_1_1_1	CNP0000460_P02N	CNP0000460	DF.classifications_0.25_0.26_116	Singlet	pANN_0.25_0.26_116	0.192521877486078
CNP0000460_GGAAAGCCAAGCTGTT-1_2_1_1_1_1_1_1_1	CNP0000460_P02N	CNP0000460	DF.classifications_0.25_0.26_116	Singlet	pANN_0.25_0.26_116	0.194112967382657
CNP0000460_GGAAAGCCAAGTCTGT-1_2_1_1_1_1_1_1_1	CNP0000460_P02N	CNP0000460	DF.classifications_0.25_0.26_116	Doublet	pANN_0.25_0.26_116	0.400954653937947
CNP0000460_GGAAAGCCAATAAGCA-1_2_1_1_1_1_1_1_1	CNP0000460_P02N	CNP0000460	DF.classifications_0.25_0.26_116	Singlet	pANN_0.25_0.26_116	0.20843277645187
CNP0000460_GGAAAGCCAGGGTATG-1_2_1_1_1_1_1_1_1	CNP0000460_P02N	CNP0000460	DF.classifications_0.25_0.26_116	Singlet	pANN_0.25_0.26_116	0.210819411296738
CNP0000460_GGAAAGCGTACACCGC-1_2_1_1_1_1_1_1_1	CNP0000460_P02N	CNP0000460	DF.classifications_0.25_0.26_116	Singlet	pANN_0.25_0.26_116	0.237072394590294
CNP0000460_GGAAAGCGTGTGCCTG-1_2_1_1_1_1_1_1_1	CNP0000460_P02N	CNP0000460	DF.classifications_0.25_0.26_116	Singlet	pANN_0.25_0.26_116	0.168655529037391
CNP0000460_GGAAAGCTCAAGGTAA-1_2_1_1_1_1_1_1_1	CNP0000460_P02N	CNP0000460	DF.classifications_0.25_0.26_116	Singlet	pANN_0.25_0.26_116	0.20684168655529
CNP0000460_GGAACTTAGCGTTCCG-1_2_1_1_1_1_1_1_1	CNP0000460_P02N	CNP0000460	DF.classifications_0.25_0.26_116	Singlet	pANN_0.25_0.26_116	0.213206046141607
CNP0000460_GGAACTTCACGGCCAT-1_2_1_1_1_1_1_1_1	CNP0000460_P02N	CNP0000460	DF.classifications_0.25_0.26_116	Singlet	pANN_0.25_0.26_116	0.258552108194113
CNP0000460_GGAACTTCAGTGGAGT-1_2_1_1_1_1_1_1_1	CNP0000460_P02N	CNP0000460	DF.classifications_0.25_0.26_116	Singlet	pANN_0.25_0.26_116	0.272076372315036
CNP0000460_GGAACTTGTTAGGGTG-1_2_1_1_1_1_1_1_1	CNP0000460_P02N	CNP0000460	DF.classifications_0.25_0.26_116	Singlet	pANN_0.25_0.26_116	0.20843277645187
CNP0000460_GGAATAAAGGTCATCT-1_2_1_1_1_1_1_1_1	CNP0000460_P02N	CNP0000460	DF.classifications_0.25_0.26_116	Singlet	pANN_0.25_0.26_116	0.183770883054893
CNP0000460_GGAATAAAGTAGGTGC-1_2_1_1_1_1_1_1_1	CNP0000460_P02N	CNP0000460	DF.classifications_0.25_0.26_116	Singlet	pANN_0.25_0.26_116	0.178997613365155
CNP0000460_GGAATAAGTGCGCTTG-1_2_1_1_1_1_1_1_1	CNP0000460_P02N	CNP0000460	DF.classifications_0.25_0.26_116	Singlet	pANN_0.25_0.26_116	0.331742243436754
CNP0000460_GGAATAAGTTGCGCAC-1_2_1_1_1_1_1_1_1	CNP0000460_P02N	CNP0000460	DF.classifications_0.25_0.26_116	Singlet	pANN_0.25_0.26_116	0.193317422434368
CNP0000460_GGAATAATCCAATGGT-1_2_1_1_1_1_1_1_1	CNP0000460_P02N	CNP0000460	DF.classifications_0.25_0.26_116	Singlet	pANN_0.25_0.26_116	0.216388225934765
CNP0000460_GGAATAATCCCTAATT-1_2_1_1_1_1_1_1_1	CNP0000460_P02N	CNP0000460	DF.classifications_0.25_0.26_116	Singlet	pANN_0.25_0.26_116	0.145584725536993
CNP0000460_GGAATAATCCGTCAAA-1_2_1_1_1_1_1_1_1	CNP0000460_P02N	CNP0000460	DF.classifications_0.25_0.26_116	Singlet	pANN_0.25_0.26_116	0.24582338902148
CNP0000460_GGAATAATCCTTGCCA-1_2_1_1_1_1_1_1_1	CNP0000460_P02N	CNP0000460	DF.classifications_0.25_0.26_116	Singlet	pANN_0.25_0.26_116	0.251392203659507
CNP0000460_GGAATAATCGCACTCT-1_2_1_1_1_1_1_1_1	CNP0000460_P02N	CNP0000460	DF.classifications_0.25_0.26_116	Singlet	pANN_0.25_0.26_116	0.166268894192522
CNP0000460_GGAATAATCTGCTTGC-1_2_1_1_1_1_1_1_1	CNP0000460_P02N	CNP0000460	DF.classifications_0.25_0.26_116	Singlet	pANN_0.25_0.26_116	0.253778838504375
CNP0000460_GGAATAATCTTACCGC-1_2_1_1_1_1_1_1_1	CNP0000460_P02N	CNP0000460	DF.classifications_0.25_0.26_116	Singlet	pANN_0.25_0.26_116	0.216388225934765
CNP0000460_GGACAAGCAAGCCTAT-1_2_1_1_1_1_1_1_1	CNP0000460_P02N	CNP0000460	DF.classifications_0.25_0.26_116	Singlet	pANN_0.25_0.26_116	0.345266507557677
CNP0000460_GGACAAGCAGACGCTC-1_2_1_1_1_1_1_1_1	CNP0000460_P02N	CNP0000460	DF.classifications_0.25_0.26_116	Singlet	pANN_0.25_0.26_116	0.194908512330947
CNP0000460_GGACAAGGTAGGCTGA-1_2_1_1_1_1_1_1_1	CNP0000460_P02N	CNP0000460	DF.classifications_0.25_0.26_116	Singlet	pANN_0.25_0.26_116	0.20843277645187
CNP0000460_GGACAAGGTCGAACAG-1_2_1_1_1_1_1_1_1	CNP0000460_P02N	CNP0000460	DF.classifications_0.25_0.26_116	Doublet	pANN_0.25_0.26_116	0.378679395385839
CNP0000460_GGACAAGGTCTCTCTG-1_2_1_1_1_1_1_1_1	CNP0000460_P02N	CNP0000460	DF.classifications_0.25_0.26_116	Doublet	pANN_0.25_0.26_116	0.390612569610183
CNP0000460_GGACAAGTCAACGCTA-1_2_1_1_1_1_1_1_1	CNP0000460_P02N	CNP0000460	DF.classifications_0.25_0.26_116	Singlet	pANN_0.25_0.26_116	0.193317422434368
CNP0000460_GGACAAGTCTCTGAGA-1_2_1_1_1_1_1_1_1	CNP0000460_P02N	CNP0000460	DF.classifications_0.25_0.26_116	Singlet	pANN_0.25_0.26_116	0.217183770883055
CNP0000460_GGACAGACAACAACCT-1_2_1_1_1_1_1_1_1	CNP0000460_P02N	CNP0000460	DF.classifications_0.25_0.26_116	Singlet	pANN_0.25_0.26_116	0.241050119331742
CNP0000460_GGACAGACACAACGTT-1_2_1_1_1_1_1_1_1	CNP0000460_P02N	CNP0000460	DF.classifications_0.25_0.26_116	Singlet	pANN_0.25_0.26_116	0.259347653142403
CNP0000460_GGACAGACAGATGAGC-1_2_1_1_1_1_1_1_1	CNP0000460_P02N	CNP0000460	DF.classifications_0.25_0.26_116	Singlet	pANN_0.25_0.26_116	0.200477326968974
CNP0000460_GGACAGACATTATCTC-1_2_1_1_1_1_1_1_1	CNP0000460_P02N	CNP0000460	DF.classifications_0.25_0.26_116	Singlet	pANN_0.25_0.26_116	0.186157517899761
CNP0000460_GGACAGAGTAAAGTCA-1_2_1_1_1_1_1_1_1	CNP0000460_P02N	CNP0000460	DF.classifications_0.25_0.26_116	Singlet	pANN_0.25_0.26_116	0.24582338902148
CNP0000460_GGACAGAGTCGCATAT-1_2_1_1_1_1_1_1_1	CNP0000460_P02N	CNP0000460	DF.classifications_0.25_0.26_116	Singlet	pANN_0.25_0.26_116	0.346062052505967
CNP0000460_GGACAGAGTTACGCGC-1_2_1_1_1_1_1_1_1	CNP0000460_P02N	CNP0000460	DF.classifications_0.25_0.26_116	Singlet	pANN_0.25_0.26_116	0.275258552108194
CNP0000460_GGACAGAGTTCGTTGA-1_2_1_1_1_1_1_1_1	CNP0000460_P02N	CNP0000460	DF.classifications_0.25_0.26_116	Singlet	pANN_0.25_0.26_116	0.230708035003978
CNP0000460_GGACAGAGTTGTGGCC-1_2_1_1_1_1_1_1_1	CNP0000460_P02N	CNP0000460	DF.classifications_0.25_0.26_116	Singlet	pANN_0.25_0.26_116	0.24582338902148
CNP0000460_GGACAGATCTGTTGAG-1_2_1_1_1_1_1_1_1	CNP0000460_P02N	CNP0000460	DF.classifications_0.25_0.26_116	Singlet	pANN_0.25_0.26_116	0.233094669848846
CNP0000460_GGACATTAGACTGTAA-1_2_1_1_1_1_1_1_1	CNP0000460_P02N	CNP0000460	DF.classifications_0.25_0.26_116	Singlet	pANN_0.25_0.26_116	0.210023866348449
CNP0000460_GGACATTGTATAGGGC-1_2_1_1_1_1_1_1_1	CNP0000460_P02N	CNP0000460	DF.classifications_0.25_0.26_116	Singlet	pANN_0.25_0.26_116	0.253778838504375
CNP0000460_GGACATTGTCTAGCGC-1_2_1_1_1_1_1_1_1	CNP0000460_P02N	CNP0000460	DF.classifications_0.25_0.26_116	Singlet	pANN_0.25_0.26_116	0.246618933969769
CNP0000460_GGACATTGTGTTCTTT-1_2_1_1_1_1_1_1_1	CNP0000460_P02N	CNP0000460	DF.classifications_0.25_0.26_116	Singlet	pANN_0.25_0.26_116	0.177406523468576
CNP0000460_GGACATTTCAACCAAC-1_2_1_1_1_1_1_1_1	CNP0000460_P02N	CNP0000460	DF.classifications_0.25_0.26_116	Singlet	pANN_0.25_0.26_116	0.252187748607796
CNP0000460_GGACATTTCATGCAAC-1_2_1_1_1_1_1_1_1	CNP0000460_P02N	CNP0000460	DF.classifications_0.25_0.26_116	Singlet	pANN_0.25_0.26_116	0.218774860779634
CNP0000460_GGACATTTCATTGCGA-1_2_1_1_1_1_1_1_1	CNP0000460_P02N	CNP0000460	DF.classifications_0.25_0.26_116	Singlet	pANN_0.25_0.26_116	0.195704057279236
CNP0000460_GGACGTCAGCGACGTA-1_2_1_1_1_1_1_1_1	CNP0000460_P02N	CNP0000460	DF.classifications_0.25_0.26_116	Singlet	pANN_0.25_0.26_116	0.148766905330151
CNP0000460_GGACGTCCAATAGAGT-1_2_1_1_1_1_1_1_1	CNP0000460_P02N	CNP0000460	DF.classifications_0.25_0.26_116	Singlet	pANN_0.25_0.26_116	0.212410501193317
CNP0000460_GGACGTCCATCATCCC-1_2_1_1_1_1_1_1_1	CNP0000460_P02N	CNP0000460	DF.classifications_0.25_0.26_116	Singlet	pANN_0.25_0.26_116	0.228321400159109
CNP0000460_GGACGTCGTACCGAGA-1_2_1_1_1_1_1_1_1	CNP0000460_P02N	CNP0000460	DF.classifications_0.25_0.26_116	Singlet	pANN_0.25_0.26_116	0.238663484486873
CNP0000460_GGACGTCGTTATCACG-1_2_1_1_1_1_1_1_1	CNP0000460_P02N	CNP0000460	DF.classifications_0.25_0.26_116	Singlet	pANN_0.25_0.26_116	0.210819411296738
CNP0000460_GGACGTCGTTTCGCTC-1_2_1_1_1_1_1_1_1	CNP0000460_P02N	CNP0000460	DF.classifications_0.25_0.26_116	Singlet	pANN_0.25_0.26_116	0.18933969769292
CNP0000460_GGACGTCTCATCACCC-1_2_1_1_1_1_1_1_1	CNP0000460_P02N	CNP0000460	DF.classifications_0.25_0.26_116	Singlet	pANN_0.25_0.26_116	0.243436754176611
CNP0000460_GGACGTCTCCCTAACC-1_2_1_1_1_1_1_1_1	CNP0000460_P02N	CNP0000460	DF.classifications_0.25_0.26_116	Singlet	pANN_0.25_0.26_116	0.346857597454256
CNP0000460_GGACGTCTCGCTAGCG-1_2_1_1_1_1_1_1_1	CNP0000460_P02N	CNP0000460	DF.classifications_0.25_0.26_116	Singlet	pANN_0.25_0.26_116	0.252983293556086
CNP0000460_GGAGCAAAGCCAGTTT-1_2_1_1_1_1_1_1_1	CNP0000460_P02N	CNP0000460	DF.classifications_0.25_0.26_116	Singlet	pANN_0.25_0.26_116	0.223548130469372
CNP0000460_GGAGCAAAGCGTGAGT-1_2_1_1_1_1_1_1_1	CNP0000460_P02N	CNP0000460	DF.classifications_0.25_0.26_116	Singlet	pANN_0.25_0.26_116	0.20763723150358
CNP0000460_GGAGCAAAGCTGATAA-1_2_1_1_1_1_1_1_1	CNP0000460_P02N	CNP0000460	DF.classifications_0.25_0.26_116	Singlet	pANN_0.25_0.26_116	0.191726332537788
CNP0000460_GGAGCAAAGGTGCTAG-1_2_1_1_1_1_1_1_1	CNP0000460_P02N	CNP0000460	DF.classifications_0.25_0.26_116	Singlet	pANN_0.25_0.26_116	0.270485282418457
CNP0000460_GGAGCAAAGTCGTTTG-1_2_1_1_1_1_1_1_1	CNP0000460_P02N	CNP0000460	DF.classifications_0.25_0.26_116	Singlet	pANN_0.25_0.26_116	0.28321400159109
CNP0000460_GGAGCAACATAGTAAG-1_2_1_1_1_1_1_1_1	CNP0000460_P02N	CNP0000460	DF.classifications_0.25_0.26_116	Singlet	pANN_0.25_0.26_116	0.230708035003978
CNP0000460_GGAGCAAGTAAACACA-1_2_1_1_1_1_1_1_1	CNP0000460_P02N	CNP0000460	DF.classifications_0.25_0.26_116	Singlet	pANN_0.25_0.26_116	0.194908512330947
CNP0000460_GGAGCAAGTAGCCTCG-1_2_1_1_1_1_1_1_1	CNP0000460_P02N	CNP0000460	DF.classifications_0.25_0.26_116	Singlet	pANN_0.25_0.26_116	0.22593476531424
CNP0000460_GGAGCAATCAACCATG-1_2_1_1_1_1_1_1_1	CNP0000460_P02N	CNP0000460	DF.classifications_0.25_0.26_116	Singlet	pANN_0.25_0.26_116	0.186953062848051
CNP0000460_GGAGCAATCTATCCCG-1_2_1_1_1_1_1_1_1	CNP0000460_P02N	CNP0000460	DF.classifications_0.25_0.26_116	Singlet	pANN_0.25_0.26_116	0.257756563245823
CNP0000460_GGAGCAATCTTAACCT-1_2_1_1_1_1_1_1_1	CNP0000460_P02N	CNP0000460	DF.classifications_0.25_0.26_116	Doublet	pANN_0.25_0.26_116	0.365950676213206
CNP0000460_GGATGTTCAATCGGTT-1_2_1_1_1_1_1_1_1	CNP0000460_P02N	CNP0000460	DF.classifications_0.25_0.26_116	Singlet	pANN_0.25_0.26_116	0.202068416865553
CNP0000460_GGATGTTCATGACGGA-1_2_1_1_1_1_1_1_1	CNP0000460_P02N	CNP0000460	DF.classifications_0.25_0.26_116	Singlet	pANN_0.25_0.26_116	0.219570405727924
CNP0000460_GGATGTTGTCCAGTAT-1_2_1_1_1_1_1_1_1	CNP0000460_P02N	CNP0000460	DF.classifications_0.25_0.26_116	Singlet	pANN_0.25_0.26_116	0.172633253778839
CNP0000460_GGATTACAGGGCATGT-1_2_1_1_1_1_1_1_1	CNP0000460_P02N	CNP0000460	DF.classifications_0.25_0.26_116	Singlet	pANN_0.25_0.26_116	0.24502784407319
CNP0000460_GGATTACCAATCAGAA-1_2_1_1_1_1_1_1_1	CNP0000460_P02N	CNP0000460	DF.classifications_0.25_0.26_116	Singlet	pANN_0.25_0.26_116	0.181384248210024
CNP0000460_GGATTACCAGACGTAG-1_2_1_1_1_1_1_1_1	CNP0000460_P02N	CNP0000460	DF.classifications_0.25_0.26_116	Singlet	pANN_0.25_0.26_116	0.204455051710422
CNP0000460_GGATTACCAGCGTCCA-1_2_1_1_1_1_1_1_1	CNP0000460_P02N	CNP0000460	DF.classifications_0.25_0.26_116	Singlet	pANN_0.25_0.26_116	0.234685759745426
CNP0000460_GGATTACCAGCTCGCA-1_2_1_1_1_1_1_1_1	CNP0000460_P02N	CNP0000460	DF.classifications_0.25_0.26_116	Singlet	pANN_0.25_0.26_116	0.219570405727924
CNP0000460_GGCAATTAGATGCCTT-1_2_1_1_1_1_1_1_1	CNP0000460_P02N	CNP0000460	DF.classifications_0.25_0.26_116	Singlet	pANN_0.25_0.26_116	0.201272871917263
CNP0000460_GGCAATTAGGTAGCTG-1_2_1_1_1_1_1_1_1	CNP0000460_P02N	CNP0000460	DF.classifications_0.25_0.26_116	Singlet	pANN_0.25_0.26_116	0.202068416865553
CNP0000460_GGCAATTCAAAGGAAG-1_2_1_1_1_1_1_1_1	CNP0000460_P02N	CNP0000460	DF.classifications_0.25_0.26_116	Doublet	pANN_0.25_0.26_116	0.462211614956245
CNP0000460_GGCAATTCACAGACAG-1_2_1_1_1_1_1_1_1	CNP0000460_P02N	CNP0000460	DF.classifications_0.25_0.26_116	Singlet	pANN_0.25_0.26_116	0.240254574383453
CNP0000460_GGCAATTGTAGCTCCG-1_2_1_1_1_1_1_1_1	CNP0000460_P02N	CNP0000460	DF.classifications_0.25_0.26_116	Singlet	pANN_0.25_0.26_116	0.178997613365155
CNP0000460_GGCAATTGTGGGTCAA-1_2_1_1_1_1_1_1_1	CNP0000460_P02N	CNP0000460	DF.classifications_0.25_0.26_116	Singlet	pANN_0.25_0.26_116	0.305489260143198
CNP0000460_GGCAATTGTTATGCGT-1_2_1_1_1_1_1_1_1	CNP0000460_P02N	CNP0000460	DF.classifications_0.25_0.26_116	Singlet	pANN_0.25_0.26_116	0.198090692124105
CNP0000460_GGCAATTGTTCGTTGA-1_2_1_1_1_1_1_1_1	CNP0000460_P02N	CNP0000460	DF.classifications_0.25_0.26_116	Singlet	pANN_0.25_0.26_116	0.202068416865553
CNP0000460_GGCAATTTCAACACGT-1_2_1_1_1_1_1_1_1	CNP0000460_P02N	CNP0000460	DF.classifications_0.25_0.26_116	Singlet	pANN_0.25_0.26_116	0.314240254574383
CNP0000460_GGCAATTTCTAACGGT-1_2_1_1_1_1_1_1_1	CNP0000460_P02N	CNP0000460	DF.classifications_0.25_0.26_116	Singlet	pANN_0.25_0.26_116	0.164677804295943
CNP0000460_GGCCGATAGAGCTGGT-1_2_1_1_1_1_1_1_1	CNP0000460_P02N	CNP0000460	DF.classifications_0.25_0.26_116	Singlet	pANN_0.25_0.26_116	0.179793158313445
CNP0000460_GGCCGATAGCCGGTAA-1_2_1_1_1_1_1_1_1	CNP0000460_P02N	CNP0000460	DF.classifications_0.25_0.26_116	Singlet	pANN_0.25_0.26_116	0.200477326968974
CNP0000460_GGCCGATAGGGCACTA-1_2_1_1_1_1_1_1_1	CNP0000460_P02N	CNP0000460	DF.classifications_0.25_0.26_116	Singlet	pANN_0.25_0.26_116	0.199681782020684
CNP0000460_GGCCGATCAAACCTAC-1_2_1_1_1_1_1_1_1	CNP0000460_P02N	CNP0000460	DF.classifications_0.25_0.26_116	Singlet	pANN_0.25_0.26_116	0.231503579952267
CNP0000460_GGCCGATGTCGCCATG-1_2_1_1_1_1_1_1_1	CNP0000460_P02N	CNP0000460	DF.classifications_0.25_0.26_116	Singlet	pANN_0.25_0.26_116	0.18854415274463
CNP0000460_GGCCGATGTGATGTGG-1_2_1_1_1_1_1_1_1	CNP0000460_P02N	CNP0000460	DF.classifications_0.25_0.26_116	Singlet	pANN_0.25_0.26_116	0.171837708830549
CNP0000460_GGCCGATGTGTTGAGG-1_2_1_1_1_1_1_1_1	CNP0000460_P02N	CNP0000460	DF.classifications_0.25_0.26_116	Doublet	pANN_0.25_0.26_116	0.381066030230708
CNP0000460_GGCCGATGTTACGTCA-1_2_1_1_1_1_1_1_1	CNP0000460_P02N	CNP0000460	DF.classifications_0.25_0.26_116	Singlet	pANN_0.25_0.26_116	0.221161495624503
CNP0000460_GGCCGATGTTGACGTT-1_2_1_1_1_1_1_1_1	CNP0000460_P02N	CNP0000460	DF.classifications_0.25_0.26_116	Singlet	pANN_0.25_0.26_116	0.216388225934765
CNP0000460_GGCCGATTCAACACAC-1_2_1_1_1_1_1_1_1	CNP0000460_P02N	CNP0000460	DF.classifications_0.25_0.26_116	Singlet	pANN_0.25_0.26_116	0.214001591089897
CNP0000460_GGCCGATTCCGTAGGC-1_2_1_1_1_1_1_1_1	CNP0000460_P02N	CNP0000460	DF.classifications_0.25_0.26_116	Singlet	pANN_0.25_0.26_116	0.314240254574383
CNP0000460_GGCCGATTCGTCTGCT-1_2_1_1_1_1_1_1_1	CNP0000460_P02N	CNP0000460	DF.classifications_0.25_0.26_116	Singlet	pANN_0.25_0.26_116	0.183770883054893
CNP0000460_GGCGACTAGCACCGCT-1_2_1_1_1_1_1_1_1	CNP0000460_P02N	CNP0000460	DF.classifications_0.25_0.26_116	Singlet	pANN_0.25_0.26_116	0.201272871917263
CNP0000460_GGCGACTGTAACGACG-1_2_1_1_1_1_1_1_1	CNP0000460_P02N	CNP0000460	DF.classifications_0.25_0.26_116	Singlet	pANN_0.25_0.26_116	0.200477326968974
CNP0000460_GGCGACTGTCCGAGTC-1_2_1_1_1_1_1_1_1	CNP0000460_P02N	CNP0000460	DF.classifications_0.25_0.26_116	Singlet	pANN_0.25_0.26_116	0.198886237072395
CNP0000460_GGCGTGTAGATCCCAT-1_2_1_1_1_1_1_1_1	CNP0000460_P02N	CNP0000460	DF.classifications_0.25_0.26_116	Singlet	pANN_0.25_0.26_116	0.213206046141607
CNP0000460_GGCGTGTAGTGGGTTG-1_2_1_1_1_1_1_1_1	CNP0000460_P02N	CNP0000460	DF.classifications_0.25_0.26_116	Singlet	pANN_0.25_0.26_116	0.258552108194113
CNP0000460_GGCGTGTCATGGGAAC-1_2_1_1_1_1_1_1_1	CNP0000460_P02N	CNP0000460	DF.classifications_0.25_0.26_116	Singlet	pANN_0.25_0.26_116	0.215592680986476
CNP0000460_GGCGTGTGTTAAGAAC-1_2_1_1_1_1_1_1_1	CNP0000460_P02N	CNP0000460	DF.classifications_0.25_0.26_116	Singlet	pANN_0.25_0.26_116	0.255369928400955
CNP0000460_GGCTCGAAGAACTGTA-1_2_1_1_1_1_1_1_1	CNP0000460_P02N	CNP0000460	DF.classifications_0.25_0.26_116	Singlet	pANN_0.25_0.26_116	0.346857597454256
CNP0000460_GGCTCGAAGCTAGCCC-1_2_1_1_1_1_1_1_1	CNP0000460_P02N	CNP0000460	DF.classifications_0.25_0.26_116	Singlet	pANN_0.25_0.26_116	0.230708035003978
CNP0000460_GGCTCGAAGGGTTCCC-1_2_1_1_1_1_1_1_1	CNP0000460_P02N	CNP0000460	DF.classifications_0.25_0.26_116	Singlet	pANN_0.25_0.26_116	0.237072394590294
CNP0000460_GGCTCGAAGTCAAGCG-1_2_1_1_1_1_1_1_1	CNP0000460_P02N	CNP0000460	DF.classifications_0.25_0.26_116	Singlet	pANN_0.25_0.26_116	0.202068416865553
CNP0000460_GGCTCGACAGTATCTG-1_2_1_1_1_1_1_1_1	CNP0000460_P02N	CNP0000460	DF.classifications_0.25_0.26_116	Singlet	pANN_0.25_0.26_116	0.204455051710422
CNP0000460_GGCTCGAGTAGAAAGG-1_2_1_1_1_1_1_1_1	CNP0000460_P02N	CNP0000460	DF.classifications_0.25_0.26_116	Singlet	pANN_0.25_0.26_116	0.206046141607001
CNP0000460_GGCTCGAGTCCGTTAA-1_2_1_1_1_1_1_1_1	CNP0000460_P02N	CNP0000460	DF.classifications_0.25_0.26_116	Singlet	pANN_0.25_0.26_116	0.327764518695306
CNP0000460_GGCTCGAGTTAAGAAC-1_2_1_1_1_1_1_1_1	CNP0000460_P02N	CNP0000460	DF.classifications_0.25_0.26_116	Singlet	pANN_0.25_0.26_116	0.233094669848846
CNP0000460_GGCTCGATCCAAACAC-1_2_1_1_1_1_1_1_1	CNP0000460_P02N	CNP0000460	DF.classifications_0.25_0.26_116	Singlet	pANN_0.25_0.26_116	0.192521877486078
CNP0000460_GGCTCGATCGCTTAGA-1_2_1_1_1_1_1_1_1	CNP0000460_P02N	CNP0000460	DF.classifications_0.25_0.26_116	Singlet	pANN_0.25_0.26_116	0.235481304693715
CNP0000460_GGCTCGATCGTGGACC-1_2_1_1_1_1_1_1_1	CNP0000460_P02N	CNP0000460	DF.classifications_0.25_0.26_116	Singlet	pANN_0.25_0.26_116	0.295147175815434
CNP0000460_GGCTGGTGTTGTACAC-1_2_1_1_1_1_1_1_1	CNP0000460_P02N	CNP0000460	DF.classifications_0.25_0.26_116	Doublet	pANN_0.25_0.26_116	0.373110580747812
CNP0000460_GGCTGGTGTTTGACTG-1_2_1_1_1_1_1_1_1	CNP0000460_P02N	CNP0000460	DF.classifications_0.25_0.26_116	Singlet	pANN_0.25_0.26_116	0.190135242641209
CNP0000460_GGCTGGTTCGATCCCT-1_2_1_1_1_1_1_1_1	CNP0000460_P02N	CNP0000460	DF.classifications_0.25_0.26_116	Singlet	pANN_0.25_0.26_116	0.233094669848846
CNP0000460_GGCTGGTTCGGTTAAC-1_2_1_1_1_1_1_1_1	CNP0000460_P02N	CNP0000460	DF.classifications_0.25_0.26_116	Singlet	pANN_0.25_0.26_116	0.220365950676213
CNP0000460_GGGAATGAGCCGGTAA-1_2_1_1_1_1_1_1_1	CNP0000460_P02N	CNP0000460	DF.classifications_0.25_0.26_116	Singlet	pANN_0.25_0.26_116	0.175019888623707
CNP0000460_GGGAATGCACCAGATT-1_2_1_1_1_1_1_1_1	CNP0000460_P02N	CNP0000460	DF.classifications_0.25_0.26_116	Singlet	pANN_0.25_0.26_116	0.200477326968974
CNP0000460_GGGAATGCACCAGCAC-1_2_1_1_1_1_1_1_1	CNP0000460_P02N	CNP0000460	DF.classifications_0.25_0.26_116	Singlet	pANN_0.25_0.26_116	0.190930787589499
CNP0000460_GGGAATGCATTCTTAC-1_2_1_1_1_1_1_1_1	CNP0000460_P02N	CNP0000460	DF.classifications_0.25_0.26_116	Singlet	pANN_0.25_0.26_116	0.229116945107399
CNP0000460_GGGAATGGTAGCGCAA-1_2_1_1_1_1_1_1_1	CNP0000460_P02N	CNP0000460	DF.classifications_0.25_0.26_116	Singlet	pANN_0.25_0.26_116	0.280031821797932
CNP0000460_GGGAATGGTTGGTTTG-1_2_1_1_1_1_1_1_1	CNP0000460_P02N	CNP0000460	DF.classifications_0.25_0.26_116	Doublet	pANN_0.25_0.26_116	0.409705648369133
CNP0000460_GGGAATGTCACCCTCA-1_2_1_1_1_1_1_1_1	CNP0000460_P02N	CNP0000460	DF.classifications_0.25_0.26_116	Singlet	pANN_0.25_0.26_116	0.217183770883055
CNP0000460_GGGAATGTCATCTGCC-1_2_1_1_1_1_1_1_1	CNP0000460_P02N	CNP0000460	DF.classifications_0.25_0.26_116	Singlet	pANN_0.25_0.26_116	0.145584725536993
CNP0000460_GGGACCTAGACAGACC-1_2_1_1_1_1_1_1_1	CNP0000460_P02N	CNP0000460	DF.classifications_0.25_0.26_116	Singlet	pANN_0.25_0.26_116	0.224343675417661
CNP0000460_GGGACCTAGAGTTGGC-1_2_1_1_1_1_1_1_1	CNP0000460_P02N	CNP0000460	DF.classifications_0.25_0.26_116	Singlet	pANN_0.25_0.26_116	0.157517899761337
CNP0000460_GGGACCTAGCGCTTAT-1_2_1_1_1_1_1_1_1	CNP0000460_P02N	CNP0000460	DF.classifications_0.25_0.26_116	Singlet	pANN_0.25_0.26_116	0.241050119331742
CNP0000460_GGGACCTAGTCGCCGT-1_2_1_1_1_1_1_1_1	CNP0000460_P02N	CNP0000460	DF.classifications_0.25_0.26_116	Singlet	pANN_0.25_0.26_116	0.273667462211615
CNP0000460_GGGACCTCAGTTCATG-1_2_1_1_1_1_1_1_1	CNP0000460_P02N	CNP0000460	DF.classifications_0.25_0.26_116	Singlet	pANN_0.25_0.26_116	0.26491646778043
CNP0000460_GGGACCTGTAAGGATT-1_2_1_1_1_1_1_1_1	CNP0000460_P02N	CNP0000460	DF.classifications_0.25_0.26_116	Singlet	pANN_0.25_0.26_116	0.20763723150358
CNP0000460_GGGACCTGTAGGACAC-1_2_1_1_1_1_1_1_1	CNP0000460_P02N	CNP0000460	DF.classifications_0.25_0.26_116	Singlet	pANN_0.25_0.26_116	0.228321400159109
CNP0000460_GGGACCTGTTGCTCCT-1_2_1_1_1_1_1_1_1	CNP0000460_P02N	CNP0000460	DF.classifications_0.25_0.26_116	Singlet	pANN_0.25_0.26_116	0.171042163882259
CNP0000460_GGGACCTTCCCAACGG-1_2_1_1_1_1_1_1_1	CNP0000460_P02N	CNP0000460	DF.classifications_0.25_0.26_116	Singlet	pANN_0.25_0.26_116	0.227525855210819
CNP0000460_GGGACCTTCCTAAGTG-1_2_1_1_1_1_1_1_1	CNP0000460_P02N	CNP0000460	DF.classifications_0.25_0.26_116	Singlet	pANN_0.25_0.26_116	0.238663484486873
CNP0000460_GGGACCTTCTCTAGGA-1_2_1_1_1_1_1_1_1	CNP0000460_P02N	CNP0000460	DF.classifications_0.25_0.26_116	Singlet	pANN_0.25_0.26_116	0.158313444709626
CNP0000460_GGGACCTTCTGAGTGT-1_2_1_1_1_1_1_1_1	CNP0000460_P02N	CNP0000460	DF.classifications_0.25_0.26_116	Singlet	pANN_0.25_0.26_116	0.235481304693715
CNP0000460_GGGAGATAGCGAGAAA-1_2_1_1_1_1_1_1_1	CNP0000460_P02N	CNP0000460	DF.classifications_0.25_0.26_116	Singlet	pANN_0.25_0.26_116	0.270485282418457
CNP0000460_GGGAGATCATCCTAGA-1_2_1_1_1_1_1_1_1	CNP0000460_P02N	CNP0000460	DF.classifications_0.25_0.26_116	Singlet	pANN_0.25_0.26_116	0.214797136038186
CNP0000460_GGGAGATGTCCGCTGA-1_2_1_1_1_1_1_1_1	CNP0000460_P02N	CNP0000460	DF.classifications_0.25_0.26_116	Singlet	pANN_0.25_0.26_116	0.198090692124105
CNP0000460_GGGAGATGTGTTCGAT-1_2_1_1_1_1_1_1_1	CNP0000460_P02N	CNP0000460	DF.classifications_0.25_0.26_116	Singlet	pANN_0.25_0.26_116	0.247414478918059
CNP0000460_GGGAGATTCAACTCTT-1_2_1_1_1_1_1_1_1	CNP0000460_P02N	CNP0000460	DF.classifications_0.25_0.26_116	Singlet	pANN_0.25_0.26_116	0.187748607796341
CNP0000460_GGGAGATTCAGGCAAG-1_2_1_1_1_1_1_1_1	CNP0000460_P02N	CNP0000460	DF.classifications_0.25_0.26_116	Singlet	pANN_0.25_0.26_116	0.200477326968974
CNP0000460_GGGATGAAGAGTTGGC-1_2_1_1_1_1_1_1_1	CNP0000460_P02N	CNP0000460	DF.classifications_0.25_0.26_116	Singlet	pANN_0.25_0.26_116	0.195704057279236
CNP0000460_GGGATGAAGCGTTTAC-1_2_1_1_1_1_1_1_1	CNP0000460_P02N	CNP0000460	DF.classifications_0.25_0.26_116	Singlet	pANN_0.25_0.26_116	0.220365950676213
CNP0000460_GGGATGAAGTGCCATT-1_2_1_1_1_1_1_1_1	CNP0000460_P02N	CNP0000460	DF.classifications_0.25_0.26_116	Singlet	pANN_0.25_0.26_116	0.163882259347653
CNP0000460_GGGATGACAATACGCT-1_2_1_1_1_1_1_1_1	CNP0000460_P02N	CNP0000460	DF.classifications_0.25_0.26_116	Singlet	pANN_0.25_0.26_116	0.210023866348449
CNP0000460_GGGATGACAGTCAGAG-1_2_1_1_1_1_1_1_1	CNP0000460_P02N	CNP0000460	DF.classifications_0.25_0.26_116	Singlet	pANN_0.25_0.26_116	0.194908512330947
CNP0000460_GGGATGACATCCAACA-1_2_1_1_1_1_1_1_1	CNP0000460_P02N	CNP0000460	DF.classifications_0.25_0.26_116	Singlet	pANN_0.25_0.26_116	0.295147175815434
CNP0000460_GGGATGACATGCTAGT-1_2_1_1_1_1_1_1_1	CNP0000460_P02N	CNP0000460	DF.classifications_0.25_0.26_116	Singlet	pANN_0.25_0.26_116	0.182179793158313
CNP0000460_GGGATGAGTCTCCACT-1_2_1_1_1_1_1_1_1	CNP0000460_P02N	CNP0000460	DF.classifications_0.25_0.26_116	Singlet	pANN_0.25_0.26_116	0.196499602227526
CNP0000460_GGGATGAGTGCAGTAG-1_2_1_1_1_1_1_1_1	CNP0000460_P02N	CNP0000460	DF.classifications_0.25_0.26_116	Singlet	pANN_0.25_0.26_116	0.198886237072395
CNP0000460_GGGATGATCGCACTCT-1_2_1_1_1_1_1_1_1	CNP0000460_P02N	CNP0000460	DF.classifications_0.25_0.26_116	Singlet	pANN_0.25_0.26_116	0.211614956245028
CNP0000460_GGGATGATCTCCCTGA-1_2_1_1_1_1_1_1_1	CNP0000460_P02N	CNP0000460	DF.classifications_0.25_0.26_116	Singlet	pANN_0.25_0.26_116	0.210819411296738
CNP0000460_GGGCACTCAAAGTCAA-1_2_1_1_1_1_1_1_1	CNP0000460_P02N	CNP0000460	DF.classifications_0.25_0.26_116	Singlet	pANN_0.25_0.26_116	0.202068416865553
CNP0000460_GGGCACTCACAGGCCT-1_2_1_1_1_1_1_1_1	CNP0000460_P02N	CNP0000460	DF.classifications_0.25_0.26_116	Singlet	pANN_0.25_0.26_116	0.20843277645187
CNP0000460_GGGCACTCATCACCCT-1_2_1_1_1_1_1_1_1	CNP0000460_P02N	CNP0000460	DF.classifications_0.25_0.26_116	Singlet	pANN_0.25_0.26_116	0.222752585521082
CNP0000460_GGGCACTGTAAGGATT-1_2_1_1_1_1_1_1_1	CNP0000460_P02N	CNP0000460	DF.classifications_0.25_0.26_116	Singlet	pANN_0.25_0.26_116	0.18854415274463
CNP0000460_GGGCACTTCTCTGAGA-1_2_1_1_1_1_1_1_1	CNP0000460_P02N	CNP0000460	DF.classifications_0.25_0.26_116	Singlet	pANN_0.25_0.26_116	0.303898170246619
CNP0000460_GGGCATCAGATATGGT-1_2_1_1_1_1_1_1_1	CNP0000460_P02N	CNP0000460	DF.classifications_0.25_0.26_116	Singlet	pANN_0.25_0.26_116	0.198886237072395
CNP0000460_GGGCATCAGCGCCTTG-1_2_1_1_1_1_1_1_1	CNP0000460_P02N	CNP0000460	DF.classifications_0.25_0.26_116	Singlet	pANN_0.25_0.26_116	0.182975338106603
CNP0000460_GGGCATCAGTCCATAC-1_2_1_1_1_1_1_1_1	CNP0000460_P02N	CNP0000460	DF.classifications_0.25_0.26_116	Singlet	pANN_0.25_0.26_116	0.171042163882259
CNP0000460_GGGCATCTCTTCCTTC-1_2_1_1_1_1_1_1_1	CNP0000460_P02N	CNP0000460	DF.classifications_0.25_0.26_116	Singlet	pANN_0.25_0.26_116	0.252983293556086
CNP0000460_GGGTCTGAGACCTAGG-1_2_1_1_1_1_1_1_1	CNP0000460_P02N	CNP0000460	DF.classifications_0.25_0.26_116	Singlet	pANN_0.25_0.26_116	0.249005568814638
CNP0000460_GGGTCTGAGGATGCGT-1_2_1_1_1_1_1_1_1	CNP0000460_P02N	CNP0000460	DF.classifications_0.25_0.26_116	Singlet	pANN_0.25_0.26_116	0.13285600636436
CNP0000460_GGGTCTGCACAGACTT-1_2_1_1_1_1_1_1_1	CNP0000460_P02N	CNP0000460	DF.classifications_0.25_0.26_116	Singlet	pANN_0.25_0.26_116	0.243436754176611
CNP0000460_GGGTCTGGTCGGCATC-1_2_1_1_1_1_1_1_1	CNP0000460_P02N	CNP0000460	DF.classifications_0.25_0.26_116	Singlet	pANN_0.25_0.26_116	0.233094669848846
CNP0000460_GGGTCTGGTGTAACGG-1_2_1_1_1_1_1_1_1	CNP0000460_P02N	CNP0000460	DF.classifications_0.25_0.26_116	Singlet	pANN_0.25_0.26_116	0.198886237072395
CNP0000460_GGGTTGCAGAGTAAGG-1_2_1_1_1_1_1_1_1	CNP0000460_P02N	CNP0000460	DF.classifications_0.25_0.26_116	Singlet	pANN_0.25_0.26_116	0.33890214797136
CNP0000460_GGGTTGCAGCACCGTC-1_2_1_1_1_1_1_1_1	CNP0000460_P02N	CNP0000460	DF.classifications_0.25_0.26_116	Singlet	pANN_0.25_0.26_116	0.173428798727128
CNP0000460_GGGTTGCAGGTTCCTA-1_2_1_1_1_1_1_1_1	CNP0000460_P02N	CNP0000460	DF.classifications_0.25_0.26_116	Singlet	pANN_0.25_0.26_116	0.203659506762132
CNP0000460_GGGTTGCCAGCTCCGA-1_2_1_1_1_1_1_1_1	CNP0000460_P02N	CNP0000460	DF.classifications_0.25_0.26_116	Singlet	pANN_0.25_0.26_116	0.18933969769292
CNP0000460_GGGTTGCGTAGGGTAC-1_2_1_1_1_1_1_1_1	CNP0000460_P02N	CNP0000460	DF.classifications_0.25_0.26_116	Singlet	pANN_0.25_0.26_116	0.222752585521082
CNP0000460_GGGTTGCGTGCATCTA-1_2_1_1_1_1_1_1_1	CNP0000460_P02N	CNP0000460	DF.classifications_0.25_0.26_116	Singlet	pANN_0.25_0.26_116	0.186953062848051
CNP0000460_GGGTTGCGTTCACGGC-1_2_1_1_1_1_1_1_1	CNP0000460_P02N	CNP0000460	DF.classifications_0.25_0.26_116	Singlet	pANN_0.25_0.26_116	0.225139220365951
CNP0000460_GGGTTGCTCAACCAAC-1_2_1_1_1_1_1_1_1	CNP0000460_P02N	CNP0000460	DF.classifications_0.25_0.26_116	Singlet	pANN_0.25_0.26_116	0.254574383452665
CNP0000460_GGTATTGAGAAGGGTA-1_2_1_1_1_1_1_1_1	CNP0000460_P02N	CNP0000460	DF.classifications_0.25_0.26_116	Singlet	pANN_0.25_0.26_116	0.194908512330947
CNP0000460_GGTATTGAGAGCTGCA-1_2_1_1_1_1_1_1_1	CNP0000460_P02N	CNP0000460	DF.classifications_0.25_0.26_116	Singlet	pANN_0.25_0.26_116	0.209228321400159
CNP0000460_GGTATTGCAAACGCGA-1_2_1_1_1_1_1_1_1	CNP0000460_P02N	CNP0000460	DF.classifications_0.25_0.26_116	Singlet	pANN_0.25_0.26_116	0.24582338902148
CNP0000460_GGTATTGGTGACAAAT-1_2_1_1_1_1_1_1_1	CNP0000460_P02N	CNP0000460	DF.classifications_0.25_0.26_116	Singlet	pANN_0.25_0.26_116	0.224343675417661
CNP0000460_GGTATTGTCAGTTAGC-1_2_1_1_1_1_1_1_1	CNP0000460_P02N	CNP0000460	DF.classifications_0.25_0.26_116	Singlet	pANN_0.25_0.26_116	0.230708035003978
CNP0000460_GGTGAAGAGCGAGAAA-1_2_1_1_1_1_1_1_1	CNP0000460_P02N	CNP0000460	DF.classifications_0.25_0.26_116	Singlet	pANN_0.25_0.26_116	0.259347653142403
CNP0000460_GGTGAAGAGGCATTGG-1_2_1_1_1_1_1_1_1	CNP0000460_P02N	CNP0000460	DF.classifications_0.25_0.26_116	Singlet	pANN_0.25_0.26_116	0.194112967382657
CNP0000460_GGTGAAGAGTTGAGAT-1_2_1_1_1_1_1_1_1	CNP0000460_P02N	CNP0000460	DF.classifications_0.25_0.26_116	Singlet	pANN_0.25_0.26_116	0.187748607796341
CNP0000460_GGTGAAGGTAGGCATG-1_2_1_1_1_1_1_1_1	CNP0000460_P02N	CNP0000460	DF.classifications_0.25_0.26_116	Singlet	pANN_0.25_0.26_116	0.165473349244232
CNP0000460_GGTGAAGTCAAGGCTT-1_2_1_1_1_1_1_1_1	CNP0000460_P02N	CNP0000460	DF.classifications_0.25_0.26_116	Singlet	pANN_0.25_0.26_116	0.244232299124901
CNP0000460_GGTGAAGTCATGGTCA-1_2_1_1_1_1_1_1_1	CNP0000460_P02N	CNP0000460	DF.classifications_0.25_0.26_116	Singlet	pANN_0.25_0.26_116	0.239459029435163
CNP0000460_GGTGCGTAGCATCATC-1_2_1_1_1_1_1_1_1	CNP0000460_P02N	CNP0000460	DF.classifications_0.25_0.26_116	Singlet	pANN_0.25_0.26_116	0.238663484486873
CNP0000460_GGTGCGTCAAGGCTCC-1_2_1_1_1_1_1_1_1	CNP0000460_P02N	CNP0000460	DF.classifications_0.25_0.26_116	Singlet	pANN_0.25_0.26_116	0.196499602227526
CNP0000460_GGTGCGTCACGACTCG-1_2_1_1_1_1_1_1_1	CNP0000460_P02N	CNP0000460	DF.classifications_0.25_0.26_116	Singlet	pANN_0.25_0.26_116	0.209228321400159
CNP0000460_GGTGCGTCAGCTGTGC-1_2_1_1_1_1_1_1_1	CNP0000460_P02N	CNP0000460	DF.classifications_0.25_0.26_116	Singlet	pANN_0.25_0.26_116	0.236276849642005
CNP0000460_GGTGCGTCATACTCTT-1_2_1_1_1_1_1_1_1	CNP0000460_P02N	CNP0000460	DF.classifications_0.25_0.26_116	Singlet	pANN_0.25_0.26_116	0.227525855210819
CNP0000460_GGTGCGTGTATAGTAG-1_2_1_1_1_1_1_1_1	CNP0000460_P02N	CNP0000460	DF.classifications_0.25_0.26_116	Singlet	pANN_0.25_0.26_116	0.270485282418457
CNP0000460_GGTGCGTGTCCGCTGA-1_2_1_1_1_1_1_1_1	CNP0000460_P02N	CNP0000460	DF.classifications_0.25_0.26_116	Singlet	pANN_0.25_0.26_116	0.219570405727924
CNP0000460_GGTGCGTTCAGAGGTG-1_2_1_1_1_1_1_1_1	CNP0000460_P02N	CNP0000460	DF.classifications_0.25_0.26_116	Singlet	pANN_0.25_0.26_116	0.232299124900557
CNP0000460_GGTGCGTTCCGGCACA-1_2_1_1_1_1_1_1_1	CNP0000460_P02N	CNP0000460	DF.classifications_0.25_0.26_116	Singlet	pANN_0.25_0.26_116	0.177406523468576
CNP0000460_GGTGTTACAAGCTGGA-1_2_1_1_1_1_1_1_1	CNP0000460_P02N	CNP0000460	DF.classifications_0.25_0.26_116	Singlet	pANN_0.25_0.26_116	0.211614956245028
CNP0000460_GGTGTTACACGGATAG-1_2_1_1_1_1_1_1_1	CNP0000460_P02N	CNP0000460	DF.classifications_0.25_0.26_116	Singlet	pANN_0.25_0.26_116	0.229912490055688
CNP0000460_GGTGTTAGTCCTCTTG-1_2_1_1_1_1_1_1_1	CNP0000460_P02N	CNP0000460	DF.classifications_0.25_0.26_116	Singlet	pANN_0.25_0.26_116	0.190930787589499
CNP0000460_GGTGTTAGTTATGTGC-1_2_1_1_1_1_1_1_1	CNP0000460_P02N	CNP0000460	DF.classifications_0.25_0.26_116	Singlet	pANN_0.25_0.26_116	0.210023866348449
CNP0000460_GGTGTTATCTTAGCCC-1_2_1_1_1_1_1_1_1	CNP0000460_P02N	CNP0000460	DF.classifications_0.25_0.26_116	Singlet	pANN_0.25_0.26_116	0.143198090692124
CNP0000460_GTAACGTAGTTACCCA-1_2_1_1_1_1_1_1_1	CNP0000460_P02N	CNP0000460	DF.classifications_0.25_0.26_116	Singlet	pANN_0.25_0.26_116	0.278440731901352
CNP0000460_GTAACGTCAATCAGAA-1_2_1_1_1_1_1_1_1	CNP0000460_P02N	CNP0000460	DF.classifications_0.25_0.26_116	Singlet	pANN_0.25_0.26_116	0.13126491646778
CNP0000460_GTAACTGAGACTACAA-1_2_1_1_1_1_1_1_1	CNP0000460_P02N	CNP0000460	DF.classifications_0.25_0.26_116	Singlet	pANN_0.25_0.26_116	0.18933969769292
CNP0000460_GTAACTGCAAGTTCTG-1_2_1_1_1_1_1_1_1	CNP0000460_P02N	CNP0000460	DF.classifications_0.25_0.26_116	Singlet	pANN_0.25_0.26_116	0.215592680986476
CNP0000460_GTAACTGCACACATGT-1_2_1_1_1_1_1_1_1	CNP0000460_P02N	CNP0000460	DF.classifications_0.25_0.26_116	Singlet	pANN_0.25_0.26_116	0.202068416865553
CNP0000460_GTAACTGGTAGGGTAC-1_2_1_1_1_1_1_1_1	CNP0000460_P02N	CNP0000460	DF.classifications_0.25_0.26_116	Singlet	pANN_0.25_0.26_116	0.20843277645187
CNP0000460_GTAACTGGTTAAGTAG-1_2_1_1_1_1_1_1_1	CNP0000460_P02N	CNP0000460	DF.classifications_0.25_0.26_116	Singlet	pANN_0.25_0.26_116	0.229912490055688
CNP0000460_GTAACTGTCGGATGTT-1_2_1_1_1_1_1_1_1	CNP0000460_P02N	CNP0000460	DF.classifications_0.25_0.26_116	Singlet	pANN_0.25_0.26_116	0.184566428003182
CNP0000460_GTAACTGTCGGGAGTA-1_2_1_1_1_1_1_1_1	CNP0000460_P02N	CNP0000460	DF.classifications_0.25_0.26_116	Singlet	pANN_0.25_0.26_116	0.221161495624503
CNP0000460_GTACGTAAGTTCGCGC-1_2_1_1_1_1_1_1_1	CNP0000460_P02N	CNP0000460	DF.classifications_0.25_0.26_116	Singlet	pANN_0.25_0.26_116	0.243436754176611
CNP0000460_GTACGTACACGAAAGC-1_2_1_1_1_1_1_1_1	CNP0000460_P02N	CNP0000460	DF.classifications_0.25_0.26_116	Singlet	pANN_0.25_0.26_116	0.270485282418457
CNP0000460_GTACGTAGTCAGGACA-1_2_1_1_1_1_1_1_1	CNP0000460_P02N	CNP0000460	DF.classifications_0.25_0.26_116	Singlet	pANN_0.25_0.26_116	0.20843277645187
CNP0000460_GTACGTAGTCATCCCT-1_2_1_1_1_1_1_1_1	CNP0000460_P02N	CNP0000460	DF.classifications_0.25_0.26_116	Doublet	pANN_0.25_0.26_116	0.37708830548926
CNP0000460_GTACGTAGTGGCAAAC-1_2_1_1_1_1_1_1_1	CNP0000460_P02N	CNP0000460	DF.classifications_0.25_0.26_116	Singlet	pANN_0.25_0.26_116	0.20843277645187
CNP0000460_GTACGTAGTTCCACTC-1_2_1_1_1_1_1_1_1	CNP0000460_P02N	CNP0000460	DF.classifications_0.25_0.26_116	Singlet	pANN_0.25_0.26_116	0.20763723150358
CNP0000460_GTACGTATCCGAACGC-1_2_1_1_1_1_1_1_1	CNP0000460_P02N	CNP0000460	DF.classifications_0.25_0.26_116	Singlet	pANN_0.25_0.26_116	0.235481304693715
CNP0000460_GTACGTATCGGAAATA-1_2_1_1_1_1_1_1_1	CNP0000460_P02N	CNP0000460	DF.classifications_0.25_0.26_116	Singlet	pANN_0.25_0.26_116	0.250596658711217
CNP0000460_GTACTCCAGCCAGTTT-1_2_1_1_1_1_1_1_1	CNP0000460_P02N	CNP0000460	DF.classifications_0.25_0.26_116	Singlet	pANN_0.25_0.26_116	0.218774860779634
CNP0000460_GTACTCCAGTGTCCCG-1_2_1_1_1_1_1_1_1	CNP0000460_P02N	CNP0000460	DF.classifications_0.25_0.26_116	Singlet	pANN_0.25_0.26_116	0.197295147175815
CNP0000460_GTACTCCCATTCTTAC-1_2_1_1_1_1_1_1_1	CNP0000460_P02N	CNP0000460	DF.classifications_0.25_0.26_116	Singlet	pANN_0.25_0.26_116	0.233890214797136
CNP0000460_GTACTCCTCAAGGTAA-1_2_1_1_1_1_1_1_1	CNP0000460_P02N	CNP0000460	DF.classifications_0.25_0.26_116	Singlet	pANN_0.25_0.26_116	0.206046141607001
CNP0000460_GTACTCCTCCATGCTC-1_2_1_1_1_1_1_1_1	CNP0000460_P02N	CNP0000460	DF.classifications_0.25_0.26_116	Singlet	pANN_0.25_0.26_116	0.330946698488465
CNP0000460_GTACTCCTCTGCGACG-1_2_1_1_1_1_1_1_1	CNP0000460_P02N	CNP0000460	DF.classifications_0.25_0.26_116	Singlet	pANN_0.25_0.26_116	0.172633253778839
CNP0000460_GTACTTTAGAAGAAGC-1_2_1_1_1_1_1_1_1	CNP0000460_P02N	CNP0000460	DF.classifications_0.25_0.26_116	Singlet	pANN_0.25_0.26_116	0.198886237072395
CNP0000460_GTACTTTAGTCTTGCA-1_2_1_1_1_1_1_1_1	CNP0000460_P02N	CNP0000460	DF.classifications_0.25_0.26_116	Singlet	pANN_0.25_0.26_116	0.287191726332538
CNP0000460_GTACTTTCAATCCGAT-1_2_1_1_1_1_1_1_1	CNP0000460_P02N	CNP0000460	DF.classifications_0.25_0.26_116	Singlet	pANN_0.25_0.26_116	0.214001591089897
CNP0000460_GTACTTTCAGGCTCAC-1_2_1_1_1_1_1_1_1	CNP0000460_P02N	CNP0000460	DF.classifications_0.25_0.26_116	Singlet	pANN_0.25_0.26_116	0.22673031026253
CNP0000460_GTACTTTCATGTAAGA-1_2_1_1_1_1_1_1_1	CNP0000460_P02N	CNP0000460	DF.classifications_0.25_0.26_116	Singlet	pANN_0.25_0.26_116	0.252187748607796
CNP0000460_GTACTTTCATTACCTT-1_2_1_1_1_1_1_1_1	CNP0000460_P02N	CNP0000460	DF.classifications_0.25_0.26_116	Singlet	pANN_0.25_0.26_116	0.234685759745426
CNP0000460_GTACTTTGTCTTGTCC-1_2_1_1_1_1_1_1_1	CNP0000460_P02N	CNP0000460	DF.classifications_0.25_0.26_116	Singlet	pANN_0.25_0.26_116	0.212410501193317
CNP0000460_GTACTTTGTCTTTCAT-1_2_1_1_1_1_1_1_1	CNP0000460_P02N	CNP0000460	DF.classifications_0.25_0.26_116	Singlet	pANN_0.25_0.26_116	0.180588703261734
CNP0000460_GTACTTTGTTCCATGA-1_2_1_1_1_1_1_1_1	CNP0000460_P02N	CNP0000460	DF.classifications_0.25_0.26_116	Singlet	pANN_0.25_0.26_116	0.22593476531424
CNP0000460_GTACTTTGTTTGTGTG-1_2_1_1_1_1_1_1_1	CNP0000460_P02N	CNP0000460	DF.classifications_0.25_0.26_116	Singlet	pANN_0.25_0.26_116	0.30151153540175
CNP0000460_GTACTTTTCACCGGGT-1_2_1_1_1_1_1_1_1	CNP0000460_P02N	CNP0000460	DF.classifications_0.25_0.26_116	Singlet	pANN_0.25_0.26_116	0.241845664280032
CNP0000460_GTACTTTTCGGTCTAA-1_2_1_1_1_1_1_1_1	CNP0000460_P02N	CNP0000460	DF.classifications_0.25_0.26_116	Singlet	pANN_0.25_0.26_116	0.253778838504375
CNP0000460_GTAGGCCCACTCGACG-1_2_1_1_1_1_1_1_1	CNP0000460_P02N	CNP0000460	DF.classifications_0.25_0.26_116	Singlet	pANN_0.25_0.26_116	0.246618933969769
CNP0000460_GTAGGCCCAGACAGGT-1_2_1_1_1_1_1_1_1	CNP0000460_P02N	CNP0000460	DF.classifications_0.25_0.26_116	Singlet	pANN_0.25_0.26_116	0.191726332537788
CNP0000460_GTAGGCCCAGCTGTAT-1_2_1_1_1_1_1_1_1	CNP0000460_P02N	CNP0000460	DF.classifications_0.25_0.26_116	Singlet	pANN_0.25_0.26_116	0.18933969769292
CNP0000460_GTAGGCCGTAGCTCCG-1_2_1_1_1_1_1_1_1	CNP0000460_P02N	CNP0000460	DF.classifications_0.25_0.26_116	Singlet	pANN_0.25_0.26_116	0.246618933969769
CNP0000460_GTAGGCCTCCATGAAC-1_2_1_1_1_1_1_1_1	CNP0000460_P02N	CNP0000460	DF.classifications_0.25_0.26_116	Singlet	pANN_0.25_0.26_116	0.197295147175815
CNP0000460_GTAGGCCTCCTACAGA-1_2_1_1_1_1_1_1_1	CNP0000460_P02N	CNP0000460	DF.classifications_0.25_0.26_116	Singlet	pANN_0.25_0.26_116	0.278440731901352
CNP0000460_GTAGTCAAGGATGGTC-1_2_1_1_1_1_1_1_1	CNP0000460_P02N	CNP0000460	DF.classifications_0.25_0.26_116	Singlet	pANN_0.25_0.26_116	0.205250596658711
CNP0000460_GTAGTCAAGTGAACAT-1_2_1_1_1_1_1_1_1	CNP0000460_P02N	CNP0000460	DF.classifications_0.25_0.26_116	Singlet	pANN_0.25_0.26_116	0.230708035003978
CNP0000460_GTAGTCAAGTGGGTTG-1_2_1_1_1_1_1_1_1	CNP0000460_P02N	CNP0000460	DF.classifications_0.25_0.26_116	Singlet	pANN_0.25_0.26_116	0.202863961813842
CNP0000460_GTAGTCATCAGCTCGG-1_2_1_1_1_1_1_1_1	CNP0000460_P02N	CNP0000460	DF.classifications_0.25_0.26_116	Singlet	pANN_0.25_0.26_116	0.18933969769292
CNP0000460_GTAGTCATCCAAATGC-1_2_1_1_1_1_1_1_1	CNP0000460_P02N	CNP0000460	DF.classifications_0.25_0.26_116	Singlet	pANN_0.25_0.26_116	0.178997613365155
CNP0000460_GTAGTCATCCACTGGG-1_2_1_1_1_1_1_1_1	CNP0000460_P02N	CNP0000460	DF.classifications_0.25_0.26_116	Singlet	pANN_0.25_0.26_116	0.210023866348449
CNP0000460_GTAGTCATCCATTCTA-1_2_1_1_1_1_1_1_1	CNP0000460_P02N	CNP0000460	DF.classifications_0.25_0.26_116	Singlet	pANN_0.25_0.26_116	0.198090692124105
CNP0000460_GTAGTCATCGCTTAGA-1_2_1_1_1_1_1_1_1	CNP0000460_P02N	CNP0000460	DF.classifications_0.25_0.26_116	Singlet	pANN_0.25_0.26_116	0.221957040572792
CNP0000460_GTATCTTAGACAAAGG-1_2_1_1_1_1_1_1_1	CNP0000460_P02N	CNP0000460	DF.classifications_0.25_0.26_116	Singlet	pANN_0.25_0.26_116	0.20763723150358
CNP0000460_GTATCTTAGACAAGCC-1_2_1_1_1_1_1_1_1	CNP0000460_P02N	CNP0000460	DF.classifications_0.25_0.26_116	Singlet	pANN_0.25_0.26_116	0.276054097056484
CNP0000460_GTATCTTAGAGCAATT-1_2_1_1_1_1_1_1_1	CNP0000460_P02N	CNP0000460	DF.classifications_0.25_0.26_116	Singlet	pANN_0.25_0.26_116	0.211614956245028
CNP0000460_GTATCTTAGGGTCTCC-1_2_1_1_1_1_1_1_1	CNP0000460_P02N	CNP0000460	DF.classifications_0.25_0.26_116	Singlet	pANN_0.25_0.26_116	0.20843277645187
CNP0000460_GTATCTTCAAGCGCTC-1_2_1_1_1_1_1_1_1	CNP0000460_P02N	CNP0000460	DF.classifications_0.25_0.26_116	Singlet	pANN_0.25_0.26_116	0.28321400159109
CNP0000460_GTATCTTCACGCCAGT-1_2_1_1_1_1_1_1_1	CNP0000460_P02N	CNP0000460	DF.classifications_0.25_0.26_116	Singlet	pANN_0.25_0.26_116	0.218774860779634
CNP0000460_GTATCTTCATACAGCT-1_2_1_1_1_1_1_1_1	CNP0000460_P02N	CNP0000460	DF.classifications_0.25_0.26_116	Singlet	pANN_0.25_0.26_116	0.194908512330947
CNP0000460_GTATCTTCATTACCTT-1_2_1_1_1_1_1_1_1	CNP0000460_P02N	CNP0000460	DF.classifications_0.25_0.26_116	Singlet	pANN_0.25_0.26_116	0.227525855210819
CNP0000460_GTATCTTGTGAACCTT-1_2_1_1_1_1_1_1_1	CNP0000460_P02N	CNP0000460	DF.classifications_0.25_0.26_116	Singlet	pANN_0.25_0.26_116	0.181384248210024
CNP0000460_GTATCTTGTTTGGCGC-1_2_1_1_1_1_1_1_1	CNP0000460_P02N	CNP0000460	DF.classifications_0.25_0.26_116	Singlet	pANN_0.25_0.26_116	0.198090692124105
CNP0000460_GTATCTTTCACCATAG-1_2_1_1_1_1_1_1_1	CNP0000460_P02N	CNP0000460	DF.classifications_0.25_0.26_116	Singlet	pANN_0.25_0.26_116	0.193317422434368
CNP0000460_GTATCTTTCTAAGCCA-1_2_1_1_1_1_1_1_1	CNP0000460_P02N	CNP0000460	DF.classifications_0.25_0.26_116	Singlet	pANN_0.25_0.26_116	0.178202068416866
CNP0000460_GTATCTTTCTACCTGC-1_2_1_1_1_1_1_1_1	CNP0000460_P02N	CNP0000460	DF.classifications_0.25_0.26_116	Singlet	pANN_0.25_0.26_116	0.184566428003182
CNP0000460_GTATTCTAGACAATAC-1_2_1_1_1_1_1_1_1	CNP0000460_P02N	CNP0000460	DF.classifications_0.25_0.26_116	Singlet	pANN_0.25_0.26_116	0.210023866348449
CNP0000460_GTATTCTAGGCCCTTG-1_2_1_1_1_1_1_1_1	CNP0000460_P02N	CNP0000460	DF.classifications_0.25_0.26_116	Singlet	pANN_0.25_0.26_116	0.26412092283214
CNP0000460_GTATTCTAGTGTTAGA-1_2_1_1_1_1_1_1_1	CNP0000460_P02N	CNP0000460	DF.classifications_0.25_0.26_116	Singlet	pANN_0.25_0.26_116	0.244232299124901
CNP0000460_GTATTCTCACTGTTAG-1_2_1_1_1_1_1_1_1	CNP0000460_P02N	CNP0000460	DF.classifications_0.25_0.26_116	Singlet	pANN_0.25_0.26_116	0.179793158313445
CNP0000460_GTATTCTCATGCTGGC-1_2_1_1_1_1_1_1_1	CNP0000460_P02N	CNP0000460	DF.classifications_0.25_0.26_116	Singlet	pANN_0.25_0.26_116	0.193317422434368
CNP0000460_GTATTCTGTCACTGGC-1_2_1_1_1_1_1_1_1	CNP0000460_P02N	CNP0000460	DF.classifications_0.25_0.26_116	Singlet	pANN_0.25_0.26_116	0.190930787589499
CNP0000460_GTATTCTGTCGCATAT-1_2_1_1_1_1_1_1_1	CNP0000460_P02N	CNP0000460	DF.classifications_0.25_0.26_116	Singlet	pANN_0.25_0.26_116	0.222752585521082
CNP0000460_GTATTCTGTGTAACGG-1_2_1_1_1_1_1_1_1	CNP0000460_P02N	CNP0000460	DF.classifications_0.25_0.26_116	Singlet	pANN_0.25_0.26_116	0.218774860779634
CNP0000460_GTATTCTGTTGGTAAA-1_2_1_1_1_1_1_1_1	CNP0000460_P02N	CNP0000460	DF.classifications_0.25_0.26_116	Singlet	pANN_0.25_0.26_116	0.236276849642005
CNP0000460_GTATTCTTCCAAGTAC-1_2_1_1_1_1_1_1_1	CNP0000460_P02N	CNP0000460	DF.classifications_0.25_0.26_116	Singlet	pANN_0.25_0.26_116	0.196499602227526
CNP0000460_GTATTCTTCGCTTGTC-1_2_1_1_1_1_1_1_1	CNP0000460_P02N	CNP0000460	DF.classifications_0.25_0.26_116	Singlet	pANN_0.25_0.26_116	0.205250596658711
CNP0000460_GTATTCTTCTCGATGA-1_2_1_1_1_1_1_1_1	CNP0000460_P02N	CNP0000460	DF.classifications_0.25_0.26_116	Singlet	pANN_0.25_0.26_116	0.178997613365155
CNP0000460_GTATTCTTCTTGCCGT-1_2_1_1_1_1_1_1_1	CNP0000460_P02N	CNP0000460	DF.classifications_0.25_0.26_116	Singlet	pANN_0.25_0.26_116	0.211614956245028
CNP0000460_GTCAAGTAGAAGGTGA-1_2_1_1_1_1_1_1_1	CNP0000460_P02N	CNP0000460	DF.classifications_0.25_0.26_116	Singlet	pANN_0.25_0.26_116	0.227525855210819
CNP0000460_GTCAAGTAGATAGTCA-1_2_1_1_1_1_1_1_1	CNP0000460_P02N	CNP0000460	DF.classifications_0.25_0.26_116	Singlet	pANN_0.25_0.26_116	0.24502784407319
CNP0000460_GTCAAGTAGCACCGCT-1_2_1_1_1_1_1_1_1	CNP0000460_P02N	CNP0000460	DF.classifications_0.25_0.26_116	Singlet	pANN_0.25_0.26_116	0.200477326968974
CNP0000460_GTCAAGTAGCTGCGAA-1_2_1_1_1_1_1_1_1	CNP0000460_P02N	CNP0000460	DF.classifications_0.25_0.26_116	Singlet	pANN_0.25_0.26_116	0.232299124900557
CNP0000460_GTCAAGTCACAGGTTT-1_2_1_1_1_1_1_1_1	CNP0000460_P02N	CNP0000460	DF.classifications_0.25_0.26_116	Singlet	pANN_0.25_0.26_116	0.260143198090692
CNP0000460_GTCAAGTCATCCTAGA-1_2_1_1_1_1_1_1_1	CNP0000460_P02N	CNP0000460	DF.classifications_0.25_0.26_116	Singlet	pANN_0.25_0.26_116	0.202068416865553
CNP0000460_GTCAAGTGTAGCTTGT-1_2_1_1_1_1_1_1_1	CNP0000460_P02N	CNP0000460	DF.classifications_0.25_0.26_116	Singlet	pANN_0.25_0.26_116	0.214797136038186
CNP0000460_GTCAAGTGTCAGCTAT-1_2_1_1_1_1_1_1_1	CNP0000460_P02N	CNP0000460	DF.classifications_0.25_0.26_116	Singlet	pANN_0.25_0.26_116	0.240254574383453
CNP0000460_GTCAAGTGTCATATCG-1_2_1_1_1_1_1_1_1	CNP0000460_P02N	CNP0000460	DF.classifications_0.25_0.26_116	Singlet	pANN_0.25_0.26_116	0.232299124900557
CNP0000460_GTCACAACAAGAGGCT-1_2_1_1_1_1_1_1_1	CNP0000460_P02N	CNP0000460	DF.classifications_0.25_0.26_116	Singlet	pANN_0.25_0.26_116	0.252983293556086
CNP0000460_GTCACAACAATGAATG-1_2_1_1_1_1_1_1_1	CNP0000460_P02N	CNP0000460	DF.classifications_0.25_0.26_116	Singlet	pANN_0.25_0.26_116	0.22593476531424
CNP0000460_GTCACAACACCAACCG-1_2_1_1_1_1_1_1_1	CNP0000460_P02N	CNP0000460	DF.classifications_0.25_0.26_116	Singlet	pANN_0.25_0.26_116	0.191726332537788
CNP0000460_GTCACAACATCCCACT-1_2_1_1_1_1_1_1_1	CNP0000460_P02N	CNP0000460	DF.classifications_0.25_0.26_116	Singlet	pANN_0.25_0.26_116	0.220365950676213
CNP0000460_GTCACAAGTTACGACT-1_2_1_1_1_1_1_1_1	CNP0000460_P02N	CNP0000460	DF.classifications_0.25_0.26_116	Singlet	pANN_0.25_0.26_116	0.198886237072395
CNP0000460_GTCACAAGTTCAGCGC-1_2_1_1_1_1_1_1_1	CNP0000460_P02N	CNP0000460	DF.classifications_0.25_0.26_116	Singlet	pANN_0.25_0.26_116	0.20843277645187
CNP0000460_GTCACAATCGGCATCG-1_2_1_1_1_1_1_1_1	CNP0000460_P02N	CNP0000460	DF.classifications_0.25_0.26_116	Singlet	pANN_0.25_0.26_116	0.22673031026253
CNP0000460_GTCACGGAGCAGGCTA-1_2_1_1_1_1_1_1_1	CNP0000460_P02N	CNP0000460	DF.classifications_0.25_0.26_116	Singlet	pANN_0.25_0.26_116	0.206046141607001
CNP0000460_GTCACGGCAAACCTAC-1_2_1_1_1_1_1_1_1	CNP0000460_P02N	CNP0000460	DF.classifications_0.25_0.26_116	Singlet	pANN_0.25_0.26_116	0.20763723150358
CNP0000460_GTCATTTAGGGAACGG-1_2_1_1_1_1_1_1_1	CNP0000460_P02N	CNP0000460	DF.classifications_0.25_0.26_116	Singlet	pANN_0.25_0.26_116	0.204455051710422
CNP0000460_GTCATTTCAGCTCGCA-1_2_1_1_1_1_1_1_1	CNP0000460_P02N	CNP0000460	DF.classifications_0.25_0.26_116	Singlet	pANN_0.25_0.26_116	0.204455051710422
CNP0000460_GTCATTTGTCCTCTTG-1_2_1_1_1_1_1_1_1	CNP0000460_P02N	CNP0000460	DF.classifications_0.25_0.26_116	Singlet	pANN_0.25_0.26_116	0.209228321400159
CNP0000460_GTCATTTGTCGAGATG-1_2_1_1_1_1_1_1_1	CNP0000460_P02N	CNP0000460	DF.classifications_0.25_0.26_116	Singlet	pANN_0.25_0.26_116	0.228321400159109
CNP0000460_GTCATTTTCAAGCCTA-1_2_1_1_1_1_1_1_1	CNP0000460_P02N	CNP0000460	DF.classifications_0.25_0.26_116	Singlet	pANN_0.25_0.26_116	0.239459029435163
CNP0000460_GTCATTTTCAGGCGAA-1_2_1_1_1_1_1_1_1	CNP0000460_P02N	CNP0000460	DF.classifications_0.25_0.26_116	Singlet	pANN_0.25_0.26_116	0.233890214797136
CNP0000460_GTCATTTTCCTCGCAT-1_2_1_1_1_1_1_1_1	CNP0000460_P02N	CNP0000460	DF.classifications_0.25_0.26_116	Singlet	pANN_0.25_0.26_116	0.236276849642005
CNP0000460_GTCATTTTCGACCAGC-1_2_1_1_1_1_1_1_1	CNP0000460_P02N	CNP0000460	DF.classifications_0.25_0.26_116	Singlet	pANN_0.25_0.26_116	0.284009546539379
CNP0000460_GTCCTCAAGAAACCAT-1_2_1_1_1_1_1_1_1	CNP0000460_P02N	CNP0000460	DF.classifications_0.25_0.26_116	Singlet	pANN_0.25_0.26_116	0.238663484486873
CNP0000460_GTCCTCACACTCTGTC-1_2_1_1_1_1_1_1_1	CNP0000460_P02N	CNP0000460	DF.classifications_0.25_0.26_116	Singlet	pANN_0.25_0.26_116	0.284009546539379
CNP0000460_GTCCTCAGTAAAGGAG-1_2_1_1_1_1_1_1_1	CNP0000460_P02N	CNP0000460	DF.classifications_0.25_0.26_116	Singlet	pANN_0.25_0.26_116	0.324582338902148
CNP0000460_GTCCTCATCCCACTTG-1_2_1_1_1_1_1_1_1	CNP0000460_P02N	CNP0000460	DF.classifications_0.25_0.26_116	Singlet	pANN_0.25_0.26_116	0.20843277645187
CNP0000460_GTCGGGTAGCTAGTTC-1_2_1_1_1_1_1_1_1	CNP0000460_P02N	CNP0000460	DF.classifications_0.25_0.26_116	Singlet	pANN_0.25_0.26_116	0.252187748607796
CNP0000460_GTCGGGTAGCTGTCTA-1_2_1_1_1_1_1_1_1	CNP0000460_P02N	CNP0000460	DF.classifications_0.25_0.26_116	Singlet	pANN_0.25_0.26_116	0.22673031026253
CNP0000460_GTCGGGTCAATGGAGC-1_2_1_1_1_1_1_1_1	CNP0000460_P02N	CNP0000460	DF.classifications_0.25_0.26_116	Singlet	pANN_0.25_0.26_116	0.20684168655529
CNP0000460_GTCGGGTCAGGGCATA-1_2_1_1_1_1_1_1_1	CNP0000460_P02N	CNP0000460	DF.classifications_0.25_0.26_116	Singlet	pANN_0.25_0.26_116	0.198090692124105
CNP0000460_GTCGGGTCATTGAGCT-1_2_1_1_1_1_1_1_1	CNP0000460_P02N	CNP0000460	DF.classifications_0.25_0.26_116	Singlet	pANN_0.25_0.26_116	0.15035799522673
CNP0000460_GTCGGGTGTGGCTCCA-1_2_1_1_1_1_1_1_1	CNP0000460_P02N	CNP0000460	DF.classifications_0.25_0.26_116	Singlet	pANN_0.25_0.26_116	0.272076372315036
CNP0000460_GTCGGGTGTGTCAATC-1_2_1_1_1_1_1_1_1	CNP0000460_P02N	CNP0000460	DF.classifications_0.25_0.26_116	Singlet	pANN_0.25_0.26_116	0.196499602227526
CNP0000460_GTCGGGTGTTCTGAAC-1_2_1_1_1_1_1_1_1	CNP0000460_P02N	CNP0000460	DF.classifications_0.25_0.26_116	Singlet	pANN_0.25_0.26_116	0.174224343675418
CNP0000460_GTCGTAAAGGCAATTA-1_2_1_1_1_1_1_1_1	CNP0000460_P02N	CNP0000460	DF.classifications_0.25_0.26_116	Singlet	pANN_0.25_0.26_116	0.199681782020684
CNP0000460_GTCGTAAAGGGTGTTG-1_2_1_1_1_1_1_1_1	CNP0000460_P02N	CNP0000460	DF.classifications_0.25_0.26_116	Singlet	pANN_0.25_0.26_116	0.229116945107399
CNP0000460_GTCGTAAAGTCTTGCA-1_2_1_1_1_1_1_1_1	CNP0000460_P02N	CNP0000460	DF.classifications_0.25_0.26_116	Singlet	pANN_0.25_0.26_116	0.244232299124901
CNP0000460_GTCGTAACATAAGACA-1_2_1_1_1_1_1_1_1	CNP0000460_P02N	CNP0000460	DF.classifications_0.25_0.26_116	Singlet	pANN_0.25_0.26_116	0.20843277645187
CNP0000460_GTCGTAAGTAGCCTAT-1_2_1_1_1_1_1_1_1	CNP0000460_P02N	CNP0000460	DF.classifications_0.25_0.26_116	Singlet	pANN_0.25_0.26_116	0.204455051710422
CNP0000460_GTCGTAAGTCAGATAA-1_2_1_1_1_1_1_1_1	CNP0000460_P02N	CNP0000460	DF.classifications_0.25_0.26_116	Doublet	pANN_0.25_0.26_116	0.384248210023866
CNP0000460_GTCGTAAGTCATTAGC-1_2_1_1_1_1_1_1_1	CNP0000460_P02N	CNP0000460	DF.classifications_0.25_0.26_116	Singlet	pANN_0.25_0.26_116	0.211614956245028
CNP0000460_GTCGTAAGTTACGGAG-1_2_1_1_1_1_1_1_1	CNP0000460_P02N	CNP0000460	DF.classifications_0.25_0.26_116	Doublet	pANN_0.25_0.26_116	0.404136833731106
CNP0000460_GTCGTAATCAGATAAG-1_2_1_1_1_1_1_1_1	CNP0000460_P02N	CNP0000460	DF.classifications_0.25_0.26_116	Singlet	pANN_0.25_0.26_116	0.168655529037391
CNP0000460_GTCGTAATCAGCTTAG-1_2_1_1_1_1_1_1_1	CNP0000460_P02N	CNP0000460	DF.classifications_0.25_0.26_116	Singlet	pANN_0.25_0.26_116	0.201272871917263
CNP0000460_GTCGTAATCCAGTATG-1_2_1_1_1_1_1_1_1	CNP0000460_P02N	CNP0000460	DF.classifications_0.25_0.26_116	Singlet	pANN_0.25_0.26_116	0.216388225934765
CNP0000460_GTCGTAATCTCTGCTG-1_2_1_1_1_1_1_1_1	CNP0000460_P02N	CNP0000460	DF.classifications_0.25_0.26_116	Singlet	pANN_0.25_0.26_116	0.26412092283214
CNP0000460_GTCTCGTAGAGGACGG-1_2_1_1_1_1_1_1_1	CNP0000460_P02N	CNP0000460	DF.classifications_0.25_0.26_116	Singlet	pANN_0.25_0.26_116	0.18933969769292
CNP0000460_GTCTCGTAGCCGTCGT-1_2_1_1_1_1_1_1_1	CNP0000460_P02N	CNP0000460	DF.classifications_0.25_0.26_116	Singlet	pANN_0.25_0.26_116	0.199681782020684
CNP0000460_GTCTCGTCAATGACCT-1_2_1_1_1_1_1_1_1	CNP0000460_P02N	CNP0000460	DF.classifications_0.25_0.26_116	Singlet	pANN_0.25_0.26_116	0.216388225934765
CNP0000460_GTCTCGTGTAAAGTCA-1_2_1_1_1_1_1_1_1	CNP0000460_P02N	CNP0000460	DF.classifications_0.25_0.26_116	Singlet	pANN_0.25_0.26_116	0.20684168655529
CNP0000460_GTCTCGTTCACCACCT-1_2_1_1_1_1_1_1_1	CNP0000460_P02N	CNP0000460	DF.classifications_0.25_0.26_116	Singlet	pANN_0.25_0.26_116	0.265712012728719
CNP0000460_GTCTTCGAGAGACTTA-1_2_1_1_1_1_1_1_1	CNP0000460_P02N	CNP0000460	DF.classifications_0.25_0.26_116	Singlet	pANN_0.25_0.26_116	0.280031821797932
CNP0000460_GTCTTCGAGTGTACTC-1_2_1_1_1_1_1_1_1	CNP0000460_P02N	CNP0000460	DF.classifications_0.25_0.26_116	Singlet	pANN_0.25_0.26_116	0.20843277645187
CNP0000460_GTCTTCGCACATTCGA-1_2_1_1_1_1_1_1_1	CNP0000460_P02N	CNP0000460	DF.classifications_0.25_0.26_116	Singlet	pANN_0.25_0.26_116	0.216388225934765
CNP0000460_GTCTTCGCATCGATTG-1_2_1_1_1_1_1_1_1	CNP0000460_P02N	CNP0000460	DF.classifications_0.25_0.26_116	Singlet	pANN_0.25_0.26_116	0.274463007159905
CNP0000460_GTCTTCGGTAGAGTGC-1_2_1_1_1_1_1_1_1	CNP0000460_P02N	CNP0000460	DF.classifications_0.25_0.26_116	Singlet	pANN_0.25_0.26_116	0.158313444709626
CNP0000460_GTCTTCGGTCACCCAG-1_2_1_1_1_1_1_1_1	CNP0000460_P02N	CNP0000460	DF.classifications_0.25_0.26_116	Singlet	pANN_0.25_0.26_116	0.314240254574383
CNP0000460_GTCTTCGTCACGACTA-1_2_1_1_1_1_1_1_1	CNP0000460_P02N	CNP0000460	DF.classifications_0.25_0.26_116	Singlet	pANN_0.25_0.26_116	0.202068416865553
CNP0000460_GTGAAGGCAATGGAAT-1_2_1_1_1_1_1_1_1	CNP0000460_P02N	CNP0000460	DF.classifications_0.25_0.26_116	Singlet	pANN_0.25_0.26_116	0.294351630867144
CNP0000460_GTGAAGGCATCGTCGG-1_2_1_1_1_1_1_1_1	CNP0000460_P02N	CNP0000460	DF.classifications_0.25_0.26_116	Singlet	pANN_0.25_0.26_116	0.227525855210819
CNP0000460_GTGAAGGGTCCGACGT-1_2_1_1_1_1_1_1_1	CNP0000460_P02N	CNP0000460	DF.classifications_0.25_0.26_116	Singlet	pANN_0.25_0.26_116	0.234685759745426
CNP0000460_GTGAAGGGTTGAGTTC-1_2_1_1_1_1_1_1_1	CNP0000460_P02N	CNP0000460	DF.classifications_0.25_0.26_116	Singlet	pANN_0.25_0.26_116	0.24582338902148
CNP0000460_GTGAAGGTCGAGAACG-1_2_1_1_1_1_1_1_1	CNP0000460_P02N	CNP0000460	DF.classifications_0.25_0.26_116	Singlet	pANN_0.25_0.26_116	0.199681782020684
CNP0000460_GTGCAGCAGAGTCGGT-1_2_1_1_1_1_1_1_1	CNP0000460_P02N	CNP0000460	DF.classifications_0.25_0.26_116	Singlet	pANN_0.25_0.26_116	0.200477326968974
CNP0000460_GTGCAGCAGATCCCAT-1_2_1_1_1_1_1_1_1	CNP0000460_P02N	CNP0000460	DF.classifications_0.25_0.26_116	Singlet	pANN_0.25_0.26_116	0.277645186953063
CNP0000460_GTGCAGCCACGCCAGT-1_2_1_1_1_1_1_1_1	CNP0000460_P02N	CNP0000460	DF.classifications_0.25_0.26_116	Singlet	pANN_0.25_0.26_116	0.20684168655529
CNP0000460_GTGCAGCCAGTCGTGC-1_2_1_1_1_1_1_1_1	CNP0000460_P02N	CNP0000460	DF.classifications_0.25_0.26_116	Singlet	pANN_0.25_0.26_116	0.200477326968974
CNP0000460_GTGCAGCCATATGGTC-1_2_1_1_1_1_1_1_1	CNP0000460_P02N	CNP0000460	DF.classifications_0.25_0.26_116	Singlet	pANN_0.25_0.26_116	0.232299124900557
CNP0000460_GTGCAGCCATGCCTTC-1_2_1_1_1_1_1_1_1	CNP0000460_P02N	CNP0000460	DF.classifications_0.25_0.26_116	Singlet	pANN_0.25_0.26_116	0.202068416865553
CNP0000460_GTGCAGCGTAAGGATT-1_2_1_1_1_1_1_1_1	CNP0000460_P02N	CNP0000460	DF.classifications_0.25_0.26_116	Singlet	pANN_0.25_0.26_116	0.252187748607796
CNP0000460_GTGCAGCGTACCATCA-1_2_1_1_1_1_1_1_1	CNP0000460_P02N	CNP0000460	DF.classifications_0.25_0.26_116	Singlet	pANN_0.25_0.26_116	0.239459029435163
CNP0000460_GTGCAGCTCATTCACT-1_2_1_1_1_1_1_1_1	CNP0000460_P02N	CNP0000460	DF.classifications_0.25_0.26_116	Singlet	pANN_0.25_0.26_116	0.218774860779634
CNP0000460_GTGCATAAGAGACTTA-1_2_1_1_1_1_1_1_1	CNP0000460_P02N	CNP0000460	DF.classifications_0.25_0.26_116	Singlet	pANN_0.25_0.26_116	0.215592680986476
CNP0000460_GTGCATAAGCTATGCT-1_2_1_1_1_1_1_1_1	CNP0000460_P02N	CNP0000460	DF.classifications_0.25_0.26_116	Singlet	pANN_0.25_0.26_116	0.178202068416866
CNP0000460_GTGCATAAGGAGTCTG-1_2_1_1_1_1_1_1_1	CNP0000460_P02N	CNP0000460	DF.classifications_0.25_0.26_116	Singlet	pANN_0.25_0.26_116	0.198886237072395
CNP0000460_GTGCATACATCGATGT-1_2_1_1_1_1_1_1_1	CNP0000460_P02N	CNP0000460	DF.classifications_0.25_0.26_116	Singlet	pANN_0.25_0.26_116	0.194908512330947
CNP0000460_GTGCATACATGCCCGA-1_2_1_1_1_1_1_1_1	CNP0000460_P02N	CNP0000460	DF.classifications_0.25_0.26_116	Singlet	pANN_0.25_0.26_116	0.190135242641209
CNP0000460_GTGCATAGTGGTCTCG-1_2_1_1_1_1_1_1_1	CNP0000460_P02N	CNP0000460	DF.classifications_0.25_0.26_116	Singlet	pANN_0.25_0.26_116	0.210819411296738
CNP0000460_GTGCATAGTTAGGGTG-1_2_1_1_1_1_1_1_1	CNP0000460_P02N	CNP0000460	DF.classifications_0.25_0.26_116	Singlet	pANN_0.25_0.26_116	0.249801113762928
CNP0000460_GTGCATAGTTTGTTGG-1_2_1_1_1_1_1_1_1	CNP0000460_P02N	CNP0000460	DF.classifications_0.25_0.26_116	Singlet	pANN_0.25_0.26_116	0.277645186953063
CNP0000460_GTGCATATCTGTCTCG-1_2_1_1_1_1_1_1_1	CNP0000460_P02N	CNP0000460	DF.classifications_0.25_0.26_116	Singlet	pANN_0.25_0.26_116	0.246618933969769
CNP0000460_GTGCGGTAGTCCCACG-1_2_1_1_1_1_1_1_1	CNP0000460_P02N	CNP0000460	DF.classifications_0.25_0.26_116	Singlet	pANN_0.25_0.26_116	0.224343675417661
CNP0000460_GTGCGGTCAATCGGTT-1_2_1_1_1_1_1_1_1	CNP0000460_P02N	CNP0000460	DF.classifications_0.25_0.26_116	Singlet	pANN_0.25_0.26_116	0.217183770883055
CNP0000460_GTGCGGTCAATGGTCT-1_2_1_1_1_1_1_1_1	CNP0000460_P02N	CNP0000460	DF.classifications_0.25_0.26_116	Singlet	pANN_0.25_0.26_116	0.18854415274463
CNP0000460_GTGCGGTCACATGTGT-1_2_1_1_1_1_1_1_1	CNP0000460_P02N	CNP0000460	DF.classifications_0.25_0.26_116	Singlet	pANN_0.25_0.26_116	0.293556085918854
CNP0000460_GTGCGGTCAGCCAATT-1_2_1_1_1_1_1_1_1	CNP0000460_P02N	CNP0000460	DF.classifications_0.25_0.26_116	Singlet	pANN_0.25_0.26_116	0.260143198090692
CNP0000460_GTGCGGTCATTGTGCA-1_2_1_1_1_1_1_1_1	CNP0000460_P02N	CNP0000460	DF.classifications_0.25_0.26_116	Singlet	pANN_0.25_0.26_116	0.198886237072395
CNP0000460_GTGCGGTGTGATAAAC-1_2_1_1_1_1_1_1_1	CNP0000460_P02N	CNP0000460	DF.classifications_0.25_0.26_116	Singlet	pANN_0.25_0.26_116	0.168655529037391
CNP0000460_GTGCTTCAGCTAGCCC-1_2_1_1_1_1_1_1_1	CNP0000460_P02N	CNP0000460	DF.classifications_0.25_0.26_116	Singlet	pANN_0.25_0.26_116	0.217183770883055
CNP0000460_GTGCTTCAGGATGGAA-1_2_1_1_1_1_1_1_1	CNP0000460_P02N	CNP0000460	DF.classifications_0.25_0.26_116	Singlet	pANN_0.25_0.26_116	0.198886237072395
CNP0000460_GTGCTTCCACAGATTC-1_2_1_1_1_1_1_1_1	CNP0000460_P02N	CNP0000460	DF.classifications_0.25_0.26_116	Singlet	pANN_0.25_0.26_116	0.194908512330947
CNP0000460_GTGCTTCCATACGCCG-1_2_1_1_1_1_1_1_1	CNP0000460_P02N	CNP0000460	DF.classifications_0.25_0.26_116	Singlet	pANN_0.25_0.26_116	0.267303102625298
CNP0000460_GTGCTTCGTCCGTCAG-1_2_1_1_1_1_1_1_1	CNP0000460_P02N	CNP0000460	DF.classifications_0.25_0.26_116	Singlet	pANN_0.25_0.26_116	0.218774860779634
CNP0000460_GTGCTTCTCAGCATGT-1_2_1_1_1_1_1_1_1	CNP0000460_P02N	CNP0000460	DF.classifications_0.25_0.26_116	Singlet	pANN_0.25_0.26_116	0.241050119331742
CNP0000460_GTGCTTCTCGTTGACA-1_2_1_1_1_1_1_1_1	CNP0000460_P02N	CNP0000460	DF.classifications_0.25_0.26_116	Singlet	pANN_0.25_0.26_116	0.326968973747017
CNP0000460_GTGGGTCCACCAACCG-1_2_1_1_1_1_1_1_1	CNP0000460_P02N	CNP0000460	DF.classifications_0.25_0.26_116	Singlet	pANN_0.25_0.26_116	0.242641209228321
CNP0000460_GTGGGTCGTAAGGGCT-1_2_1_1_1_1_1_1_1	CNP0000460_P02N	CNP0000460	DF.classifications_0.25_0.26_116	Doublet	pANN_0.25_0.26_116	0.383452665075577
CNP0000460_GTGGGTCGTCTAGAGG-1_2_1_1_1_1_1_1_1	CNP0000460_P02N	CNP0000460	DF.classifications_0.25_0.26_116	Singlet	pANN_0.25_0.26_116	0.217183770883055
CNP0000460_GTGTGCGAGCTGTCTA-1_2_1_1_1_1_1_1_1	CNP0000460_P02N	CNP0000460	DF.classifications_0.25_0.26_116	Singlet	pANN_0.25_0.26_116	0.269689737470167
CNP0000460_GTGTGCGCATTGGGCC-1_2_1_1_1_1_1_1_1	CNP0000460_P02N	CNP0000460	DF.classifications_0.25_0.26_116	Singlet	pANN_0.25_0.26_116	0.172633253778839
CNP0000460_GTGTGCGTCCAAGCCG-1_2_1_1_1_1_1_1_1	CNP0000460_P02N	CNP0000460	DF.classifications_0.25_0.26_116	Singlet	pANN_0.25_0.26_116	0.24502784407319
CNP0000460_GTGTGCGTCCAGAAGG-1_2_1_1_1_1_1_1_1	CNP0000460_P02N	CNP0000460	DF.classifications_0.25_0.26_116	Singlet	pANN_0.25_0.26_116	0.201272871917263
CNP0000460_GTGTGCGTCTTACCGC-1_2_1_1_1_1_1_1_1	CNP0000460_P02N	CNP0000460	DF.classifications_0.25_0.26_116	Singlet	pANN_0.25_0.26_116	0.247414478918059
CNP0000460_GTGTTAGAGCTTTGGT-1_2_1_1_1_1_1_1_1	CNP0000460_P02N	CNP0000460	DF.classifications_0.25_0.26_116	Singlet	pANN_0.25_0.26_116	0.166268894192522
CNP0000460_GTGTTAGAGTACCGGA-1_2_1_1_1_1_1_1_1	CNP0000460_P02N	CNP0000460	DF.classifications_0.25_0.26_116	Singlet	pANN_0.25_0.26_116	0.210819411296738
CNP0000460_GTGTTAGCAAGGGTCA-1_2_1_1_1_1_1_1_1	CNP0000460_P02N	CNP0000460	DF.classifications_0.25_0.26_116	Singlet	pANN_0.25_0.26_116	0.249005568814638
CNP0000460_GTTAAGCCAAGGACTG-1_2_1_1_1_1_1_1_1	CNP0000460_P02N	CNP0000460	DF.classifications_0.25_0.26_116	Singlet	pANN_0.25_0.26_116	0.203659506762132
CNP0000460_GTTAAGCGTATTCTCT-1_2_1_1_1_1_1_1_1	CNP0000460_P02N	CNP0000460	DF.classifications_0.25_0.26_116	Singlet	pANN_0.25_0.26_116	0.295147175815434
CNP0000460_GTTAAGCTCTACTATC-1_2_1_1_1_1_1_1_1	CNP0000460_P02N	CNP0000460	DF.classifications_0.25_0.26_116	Singlet	pANN_0.25_0.26_116	0.18854415274463
CNP0000460_GTTAAGCTCTGGTGTA-1_2_1_1_1_1_1_1_1	CNP0000460_P02N	CNP0000460	DF.classifications_0.25_0.26_116	Singlet	pANN_0.25_0.26_116	0.234685759745426
CNP0000460_GTTACAGAGGTGATAT-1_2_1_1_1_1_1_1_1	CNP0000460_P02N	CNP0000460	DF.classifications_0.25_0.26_116	Singlet	pANN_0.25_0.26_116	0.205250596658711
CNP0000460_GTTACAGCACTCAGGC-1_2_1_1_1_1_1_1_1	CNP0000460_P02N	CNP0000460	DF.classifications_0.25_0.26_116	Singlet	pANN_0.25_0.26_116	0.185361972951472
CNP0000460_GTTACAGGTCTGCAAT-1_2_1_1_1_1_1_1_1	CNP0000460_P02N	CNP0000460	DF.classifications_0.25_0.26_116	Singlet	pANN_0.25_0.26_116	0.214001591089897
CNP0000460_GTTCATTAGATATACG-1_2_1_1_1_1_1_1_1	CNP0000460_P02N	CNP0000460	DF.classifications_0.25_0.26_116	Singlet	pANN_0.25_0.26_116	0.225139220365951
CNP0000460_GTTCATTAGGAGTTTA-1_2_1_1_1_1_1_1_1	CNP0000460_P02N	CNP0000460	DF.classifications_0.25_0.26_116	Singlet	pANN_0.25_0.26_116	0.239459029435163
CNP0000460_GTTCATTAGGATGGTC-1_2_1_1_1_1_1_1_1	CNP0000460_P02N	CNP0000460	DF.classifications_0.25_0.26_116	Singlet	pANN_0.25_0.26_116	0.217979315831344
CNP0000460_GTTCATTAGGGAACGG-1_2_1_1_1_1_1_1_1	CNP0000460_P02N	CNP0000460	DF.classifications_0.25_0.26_116	Singlet	pANN_0.25_0.26_116	0.206046141607001
CNP0000460_GTTCATTCAAAGAATC-1_2_1_1_1_1_1_1_1	CNP0000460_P02N	CNP0000460	DF.classifications_0.25_0.26_116	Doublet	pANN_0.25_0.26_116	0.390612569610183
CNP0000460_GTTCATTCAACACGCC-1_2_1_1_1_1_1_1_1	CNP0000460_P02N	CNP0000460	DF.classifications_0.25_0.26_116	Singlet	pANN_0.25_0.26_116	0.210023866348449
CNP0000460_GTTCATTGTAGGCTGA-1_2_1_1_1_1_1_1_1	CNP0000460_P02N	CNP0000460	DF.classifications_0.25_0.26_116	Singlet	pANN_0.25_0.26_116	0.236276849642005
CNP0000460_GTTCATTGTTAAGATG-1_2_1_1_1_1_1_1_1	CNP0000460_P02N	CNP0000460	DF.classifications_0.25_0.26_116	Singlet	pANN_0.25_0.26_116	0.192521877486078
CNP0000460_GTTCGGGAGCTAGCCC-1_2_1_1_1_1_1_1_1	CNP0000460_P02N	CNP0000460	DF.classifications_0.25_0.26_116	Singlet	pANN_0.25_0.26_116	0.194908512330947
CNP0000460_GTTCGGGCAGCTGCAC-1_2_1_1_1_1_1_1_1	CNP0000460_P02N	CNP0000460	DF.classifications_0.25_0.26_116	Singlet	pANN_0.25_0.26_116	0.281622911694511
CNP0000460_GTTCGGGCAGGTTTCA-1_2_1_1_1_1_1_1_1	CNP0000460_P02N	CNP0000460	DF.classifications_0.25_0.26_116	Singlet	pANN_0.25_0.26_116	0.212410501193317
CNP0000460_GTTCGGGGTACAGTTC-1_2_1_1_1_1_1_1_1	CNP0000460_P02N	CNP0000460	DF.classifications_0.25_0.26_116	Singlet	pANN_0.25_0.26_116	0.204455051710422
CNP0000460_GTTCGGGGTGAAATCA-1_2_1_1_1_1_1_1_1	CNP0000460_P02N	CNP0000460	DF.classifications_0.25_0.26_116	Singlet	pANN_0.25_0.26_116	0.35799522673031
CNP0000460_GTTCGGGTCTAACCGA-1_2_1_1_1_1_1_1_1	CNP0000460_P02N	CNP0000460	DF.classifications_0.25_0.26_116	Singlet	pANN_0.25_0.26_116	0.221161495624503
CNP0000460_GTTCTCGAGTGCTGCC-1_2_1_1_1_1_1_1_1	CNP0000460_P02N	CNP0000460	DF.classifications_0.25_0.26_116	Singlet	pANN_0.25_0.26_116	0.240254574383453
CNP0000460_GTTCTCGCAATCACAC-1_2_1_1_1_1_1_1_1	CNP0000460_P02N	CNP0000460	DF.classifications_0.25_0.26_116	Singlet	pANN_0.25_0.26_116	0.196499602227526
CNP0000460_GTTCTCGGTATTACCG-1_2_1_1_1_1_1_1_1	CNP0000460_P02N	CNP0000460	DF.classifications_0.25_0.26_116	Singlet	pANN_0.25_0.26_116	0.288782816229117
CNP0000460_GTTCTCGGTCTCTTTA-1_2_1_1_1_1_1_1_1	CNP0000460_P02N	CNP0000460	DF.classifications_0.25_0.26_116	Singlet	pANN_0.25_0.26_116	0.227525855210819
CNP0000460_GTTCTCGGTTCACGGC-1_2_1_1_1_1_1_1_1	CNP0000460_P02N	CNP0000460	DF.classifications_0.25_0.26_116	Singlet	pANN_0.25_0.26_116	0.202863961813842
CNP0000460_GTTCTCGGTTCCTCCA-1_2_1_1_1_1_1_1_1	CNP0000460_P02N	CNP0000460	DF.classifications_0.25_0.26_116	Singlet	pANN_0.25_0.26_116	0.260938743038982
CNP0000460_GTTCTCGGTTGTCGCG-1_2_1_1_1_1_1_1_1	CNP0000460_P02N	CNP0000460	DF.classifications_0.25_0.26_116	Singlet	pANN_0.25_0.26_116	0.181384248210024
CNP0000460_GTTCTCGTCACCTTAT-1_2_1_1_1_1_1_1_1	CNP0000460_P02N	CNP0000460	DF.classifications_0.25_0.26_116	Singlet	pANN_0.25_0.26_116	0.221161495624503
CNP0000460_GTTCTCGTCATGGTCA-1_2_1_1_1_1_1_1_1	CNP0000460_P02N	CNP0000460	DF.classifications_0.25_0.26_116	Singlet	pANN_0.25_0.26_116	0.257756563245823
CNP0000460_GTTTCTAAGAGACTAT-1_2_1_1_1_1_1_1_1	CNP0000460_P02N	CNP0000460	DF.classifications_0.25_0.26_116	Singlet	pANN_0.25_0.26_116	0.228321400159109
CNP0000460_GTTTCTAAGCGGATCA-1_2_1_1_1_1_1_1_1	CNP0000460_P02N	CNP0000460	DF.classifications_0.25_0.26_116	Singlet	pANN_0.25_0.26_116	0.197295147175815
CNP0000460_GTTTCTAAGTGGGCTA-1_2_1_1_1_1_1_1_1	CNP0000460_P02N	CNP0000460	DF.classifications_0.25_0.26_116	Singlet	pANN_0.25_0.26_116	0.227525855210819
CNP0000460_GTTTCTACAACACGCC-1_2_1_1_1_1_1_1_1	CNP0000460_P02N	CNP0000460	DF.classifications_0.25_0.26_116	Singlet	pANN_0.25_0.26_116	0.229912490055688
CNP0000460_GTTTCTACAAGGTTTC-1_2_1_1_1_1_1_1_1	CNP0000460_P02N	CNP0000460	DF.classifications_0.25_0.26_116	Singlet	pANN_0.25_0.26_116	0.249005568814638
CNP0000460_GTTTCTACACTGCCAG-1_2_1_1_1_1_1_1_1	CNP0000460_P02N	CNP0000460	DF.classifications_0.25_0.26_116	Singlet	pANN_0.25_0.26_116	0.214001591089897
CNP0000460_GTTTCTACAGTTTACG-1_2_1_1_1_1_1_1_1	CNP0000460_P02N	CNP0000460	DF.classifications_0.25_0.26_116	Singlet	pANN_0.25_0.26_116	0.191726332537788
CNP0000460_GTTTCTAGTACATCCA-1_2_1_1_1_1_1_1_1	CNP0000460_P02N	CNP0000460	DF.classifications_0.25_0.26_116	Singlet	pANN_0.25_0.26_116	0.233094669848846
CNP0000460_GTTTCTAGTGTGAATA-1_2_1_1_1_1_1_1_1	CNP0000460_P02N	CNP0000460	DF.classifications_0.25_0.26_116	Singlet	pANN_0.25_0.26_116	0.142402545743835
CNP0000460_GTTTCTATCTCGCATC-1_2_1_1_1_1_1_1_1	CNP0000460_P02N	CNP0000460	DF.classifications_0.25_0.26_116	Singlet	pANN_0.25_0.26_116	0.218774860779634
CNP0000460_TAAACCGAGAATTCCC-1_2_1_1_1_1_1_1_1	CNP0000460_P02N	CNP0000460	DF.classifications_0.25_0.26_116	Singlet	pANN_0.25_0.26_116	0.199681782020684
CNP0000460_TAAACCGAGTCGTTTG-1_2_1_1_1_1_1_1_1	CNP0000460_P02N	CNP0000460	DF.classifications_0.25_0.26_116	Singlet	pANN_0.25_0.26_116	0.180588703261734
CNP0000460_TAAACCGCACATCTTT-1_2_1_1_1_1_1_1_1	CNP0000460_P02N	CNP0000460	DF.classifications_0.25_0.26_116	Singlet	pANN_0.25_0.26_116	0.256165473349244
CNP0000460_TAAACCGCAGCTGCTG-1_2_1_1_1_1_1_1_1	CNP0000460_P02N	CNP0000460	DF.classifications_0.25_0.26_116	Singlet	pANN_0.25_0.26_116	0.218774860779634
CNP0000460_TAAACCGCATGCAATC-1_2_1_1_1_1_1_1_1	CNP0000460_P02N	CNP0000460	DF.classifications_0.25_0.26_116	Singlet	pANN_0.25_0.26_116	0.241845664280032
CNP0000460_TAAACCGGTACTCAAC-1_2_1_1_1_1_1_1_1	CNP0000460_P02N	CNP0000460	DF.classifications_0.25_0.26_116	Singlet	pANN_0.25_0.26_116	0.182179793158313
CNP0000460_TAAACCGGTTAGGGTG-1_2_1_1_1_1_1_1_1	CNP0000460_P02N	CNP0000460	DF.classifications_0.25_0.26_116	Singlet	pANN_0.25_0.26_116	0.22593476531424
CNP0000460_TAAACCGGTTCCCGAG-1_2_1_1_1_1_1_1_1	CNP0000460_P02N	CNP0000460	DF.classifications_0.25_0.26_116	Singlet	pANN_0.25_0.26_116	0.168655529037391
CNP0000460_TAAACCGTCAGTGTTG-1_2_1_1_1_1_1_1_1	CNP0000460_P02N	CNP0000460	DF.classifications_0.25_0.26_116	Singlet	pANN_0.25_0.26_116	0.266507557677009
CNP0000460_TAAACCGTCTGTTTGT-1_2_1_1_1_1_1_1_1	CNP0000460_P02N	CNP0000460	DF.classifications_0.25_0.26_116	Singlet	pANN_0.25_0.26_116	0.198090692124105
CNP0000460_TAAGAGAAGCAATCTC-1_2_1_1_1_1_1_1_1	CNP0000460_P02N	CNP0000460	DF.classifications_0.25_0.26_116	Singlet	pANN_0.25_0.26_116	0.220365950676213
CNP0000460_TAAGAGAAGCATCATC-1_2_1_1_1_1_1_1_1	CNP0000460_P02N	CNP0000460	DF.classifications_0.25_0.26_116	Singlet	pANN_0.25_0.26_116	0.214797136038186
CNP0000460_TAAGAGAAGGAGTCTG-1_2_1_1_1_1_1_1_1	CNP0000460_P02N	CNP0000460	DF.classifications_0.25_0.26_116	Singlet	pANN_0.25_0.26_116	0.18854415274463
CNP0000460_TAAGAGACATCGATGT-1_2_1_1_1_1_1_1_1	CNP0000460_P02N	CNP0000460	DF.classifications_0.25_0.26_116	Singlet	pANN_0.25_0.26_116	0.214797136038186
CNP0000460_TAAGAGAGTCGTCTTC-1_2_1_1_1_1_1_1_1	CNP0000460_P02N	CNP0000460	DF.classifications_0.25_0.26_116	Singlet	pANN_0.25_0.26_116	0.13206046141607
CNP0000460_TAAGAGATCAACGCTA-1_2_1_1_1_1_1_1_1	CNP0000460_P02N	CNP0000460	DF.classifications_0.25_0.26_116	Singlet	pANN_0.25_0.26_116	0.289578361177407
CNP0000460_TAAGAGATCCCTGACT-1_2_1_1_1_1_1_1_1	CNP0000460_P02N	CNP0000460	DF.classifications_0.25_0.26_116	Singlet	pANN_0.25_0.26_116	0.203659506762132
CNP0000460_TAAGAGATCGGCCGAT-1_2_1_1_1_1_1_1_1	CNP0000460_P02N	CNP0000460	DF.classifications_0.25_0.26_116	Singlet	pANN_0.25_0.26_116	0.239459029435163
CNP0000460_TAAGCGTAGCTGAAAT-1_2_1_1_1_1_1_1_1	CNP0000460_P02N	CNP0000460	DF.classifications_0.25_0.26_116	Singlet	pANN_0.25_0.26_116	0.24502784407319
CNP0000460_TAAGCGTAGGACGAAA-1_2_1_1_1_1_1_1_1	CNP0000460_P02N	CNP0000460	DF.classifications_0.25_0.26_116	Singlet	pANN_0.25_0.26_116	0.201272871917263
CNP0000460_TAAGCGTAGGCTAGGT-1_2_1_1_1_1_1_1_1	CNP0000460_P02N	CNP0000460	DF.classifications_0.25_0.26_116	Singlet	pANN_0.25_0.26_116	0.159108989657916
CNP0000460_TAAGCGTCAGAGTGTG-1_2_1_1_1_1_1_1_1	CNP0000460_P02N	CNP0000460	DF.classifications_0.25_0.26_116	Singlet	pANN_0.25_0.26_116	0.172633253778839
CNP0000460_TAAGCGTGTCACCCAG-1_2_1_1_1_1_1_1_1	CNP0000460_P02N	CNP0000460	DF.classifications_0.25_0.26_116	Singlet	pANN_0.25_0.26_116	0.191726332537788
CNP0000460_TAAGCGTTCCTCGCAT-1_2_1_1_1_1_1_1_1	CNP0000460_P02N	CNP0000460	DF.classifications_0.25_0.26_116	Singlet	pANN_0.25_0.26_116	0.278440731901352
CNP0000460_TAAGTGCAGATGTTAG-1_2_1_1_1_1_1_1_1	CNP0000460_P02N	CNP0000460	DF.classifications_0.25_0.26_116	Singlet	pANN_0.25_0.26_116	0.204455051710422
CNP0000460_TAAGTGCCACGTGAGA-1_2_1_1_1_1_1_1_1	CNP0000460_P02N	CNP0000460	DF.classifications_0.25_0.26_116	Singlet	pANN_0.25_0.26_116	0.182179793158313
CNP0000460_TAAGTGCCACTTGGAT-1_2_1_1_1_1_1_1_1	CNP0000460_P02N	CNP0000460	DF.classifications_0.25_0.26_116	Singlet	pANN_0.25_0.26_116	0.214001591089897
CNP0000460_TAAGTGCCATTCCTCG-1_2_1_1_1_1_1_1_1	CNP0000460_P02N	CNP0000460	DF.classifications_0.25_0.26_116	Singlet	pANN_0.25_0.26_116	0.179793158313445
CNP0000460_TAAGTGCCATTGGTAC-1_2_1_1_1_1_1_1_1	CNP0000460_P02N	CNP0000460	DF.classifications_0.25_0.26_116	Singlet	pANN_0.25_0.26_116	0.222752585521082
CNP0000460_TAAGTGCGTGTCTGAT-1_2_1_1_1_1_1_1_1	CNP0000460_P02N	CNP0000460	DF.classifications_0.25_0.26_116	Singlet	pANN_0.25_0.26_116	0.219570405727924
CNP0000460_TAAGTGCTCATTCACT-1_2_1_1_1_1_1_1_1	CNP0000460_P02N	CNP0000460	DF.classifications_0.25_0.26_116	Doublet	pANN_0.25_0.26_116	0.368337311058075
CNP0000460_TACACGAAGACTAAGT-1_2_1_1_1_1_1_1_1	CNP0000460_P02N	CNP0000460	DF.classifications_0.25_0.26_116	Singlet	pANN_0.25_0.26_116	0.193317422434368
CNP0000460_TACACGACAATACGCT-1_2_1_1_1_1_1_1_1	CNP0000460_P02N	CNP0000460	DF.classifications_0.25_0.26_116	Singlet	pANN_0.25_0.26_116	0.297533810660302
CNP0000460_TACACGACACGGTAGA-1_2_1_1_1_1_1_1_1	CNP0000460_P02N	CNP0000460	DF.classifications_0.25_0.26_116	Singlet	pANN_0.25_0.26_116	0.213206046141607
CNP0000460_TACACGACAGCGTTCG-1_2_1_1_1_1_1_1_1	CNP0000460_P02N	CNP0000460	DF.classifications_0.25_0.26_116	Singlet	pANN_0.25_0.26_116	0.20763723150358
CNP0000460_TACACGACATCCTTGC-1_2_1_1_1_1_1_1_1	CNP0000460_P02N	CNP0000460	DF.classifications_0.25_0.26_116	Singlet	pANN_0.25_0.26_116	0.214797136038186
CNP0000460_TACACGAGTAAGCACG-1_2_1_1_1_1_1_1_1	CNP0000460_P02N	CNP0000460	DF.classifications_0.25_0.26_116	Singlet	pANN_0.25_0.26_116	0.143198090692124
CNP0000460_TACACGATCCTGCCAT-1_2_1_1_1_1_1_1_1	CNP0000460_P02N	CNP0000460	DF.classifications_0.25_0.26_116	Doublet	pANN_0.25_0.26_116	0.385043754972156
CNP0000460_TACAGTGAGAATTGTG-1_2_1_1_1_1_1_1_1	CNP0000460_P02N	CNP0000460	DF.classifications_0.25_0.26_116	Singlet	pANN_0.25_0.26_116	0.215592680986476
CNP0000460_TACAGTGAGAGGGCTT-1_2_1_1_1_1_1_1_1	CNP0000460_P02N	CNP0000460	DF.classifications_0.25_0.26_116	Singlet	pANN_0.25_0.26_116	0.213206046141607
CNP0000460_TACAGTGCAAGTCTAC-1_2_1_1_1_1_1_1_1	CNP0000460_P02N	CNP0000460	DF.classifications_0.25_0.26_116	Singlet	pANN_0.25_0.26_116	0.197295147175815
CNP0000460_TACAGTGGTAGCACGA-1_2_1_1_1_1_1_1_1	CNP0000460_P02N	CNP0000460	DF.classifications_0.25_0.26_116	Singlet	pANN_0.25_0.26_116	0.175815433571997
CNP0000460_TACAGTGGTATTACCG-1_2_1_1_1_1_1_1_1	CNP0000460_P02N	CNP0000460	DF.classifications_0.25_0.26_116	Singlet	pANN_0.25_0.26_116	0.17024661893397
CNP0000460_TACAGTGTCATCACCC-1_2_1_1_1_1_1_1_1	CNP0000460_P02N	CNP0000460	DF.classifications_0.25_0.26_116	Doublet	pANN_0.25_0.26_116	0.367541766109785
CNP0000460_TACCTATAGACCTAGG-1_2_1_1_1_1_1_1_1	CNP0000460_P02N	CNP0000460	DF.classifications_0.25_0.26_116	Singlet	pANN_0.25_0.26_116	0.11376292760541
CNP0000460_TACCTATAGATCACGG-1_2_1_1_1_1_1_1_1	CNP0000460_P02N	CNP0000460	DF.classifications_0.25_0.26_116	Singlet	pANN_0.25_0.26_116	0.20684168655529
CNP0000460_TACCTATAGGACCACA-1_2_1_1_1_1_1_1_1	CNP0000460_P02N	CNP0000460	DF.classifications_0.25_0.26_116	Singlet	pANN_0.25_0.26_116	0.201272871917263
CNP0000460_TACCTATGTTTCGCTC-1_2_1_1_1_1_1_1_1	CNP0000460_P02N	CNP0000460	DF.classifications_0.25_0.26_116	Singlet	pANN_0.25_0.26_116	0.218774860779634
CNP0000460_TACCTATTCGACGGAA-1_2_1_1_1_1_1_1_1	CNP0000460_P02N	CNP0000460	DF.classifications_0.25_0.26_116	Singlet	pANN_0.25_0.26_116	0.26491646778043
CNP0000460_TACCTTAAGTGGGATC-1_2_1_1_1_1_1_1_1	CNP0000460_P02N	CNP0000460	DF.classifications_0.25_0.26_116	Singlet	pANN_0.25_0.26_116	0.194112967382657
CNP0000460_TACCTTATCCAAAGTC-1_2_1_1_1_1_1_1_1	CNP0000460_P02N	CNP0000460	DF.classifications_0.25_0.26_116	Singlet	pANN_0.25_0.26_116	0.182975338106603
CNP0000460_TACGGATAGAAACCGC-1_2_1_1_1_1_1_1_1	CNP0000460_P02N	CNP0000460	DF.classifications_0.25_0.26_116	Singlet	pANN_0.25_0.26_116	0.184566428003182
CNP0000460_TACGGATCACGAAAGC-1_2_1_1_1_1_1_1_1	CNP0000460_P02N	CNP0000460	DF.classifications_0.25_0.26_116	Singlet	pANN_0.25_0.26_116	0.230708035003978
CNP0000460_TACGGATCACGGACAA-1_2_1_1_1_1_1_1_1	CNP0000460_P02N	CNP0000460	DF.classifications_0.25_0.26_116	Singlet	pANN_0.25_0.26_116	0.22673031026253
CNP0000460_TACGGATGTCCCGACA-1_2_1_1_1_1_1_1_1	CNP0000460_P02N	CNP0000460	DF.classifications_0.25_0.26_116	Singlet	pANN_0.25_0.26_116	0.186157517899761
CNP0000460_TACGGATTCCCAAGAT-1_2_1_1_1_1_1_1_1	CNP0000460_P02N	CNP0000460	DF.classifications_0.25_0.26_116	Singlet	pANN_0.25_0.26_116	0.206046141607001
CNP0000460_TACGGATTCGGCGGTT-1_2_1_1_1_1_1_1_1	CNP0000460_P02N	CNP0000460	DF.classifications_0.25_0.26_116	Singlet	pANN_0.25_0.26_116	0.17024661893397
CNP0000460_TACGGGCAGACGCTTT-1_2_1_1_1_1_1_1_1	CNP0000460_P02N	CNP0000460	DF.classifications_0.25_0.26_116	Singlet	pANN_0.25_0.26_116	0.213206046141607
CNP0000460_TACGGGCAGCAGCGTA-1_2_1_1_1_1_1_1_1	CNP0000460_P02N	CNP0000460	DF.classifications_0.25_0.26_116	Singlet	pANN_0.25_0.26_116	0.164677804295943
CNP0000460_TACGGGCAGCGCCTTG-1_2_1_1_1_1_1_1_1	CNP0000460_P02N	CNP0000460	DF.classifications_0.25_0.26_116	Singlet	pANN_0.25_0.26_116	0.225139220365951
CNP0000460_TACGGGCAGGGCATGT-1_2_1_1_1_1_1_1_1	CNP0000460_P02N	CNP0000460	DF.classifications_0.25_0.26_116	Singlet	pANN_0.25_0.26_116	0.219570405727924
CNP0000460_TACGGGCCAACACCTA-1_2_1_1_1_1_1_1_1	CNP0000460_P02N	CNP0000460	DF.classifications_0.25_0.26_116	Singlet	pANN_0.25_0.26_116	0.20684168655529
CNP0000460_TACGGGCCAAGCCCAC-1_2_1_1_1_1_1_1_1	CNP0000460_P02N	CNP0000460	DF.classifications_0.25_0.26_116	Singlet	pANN_0.25_0.26_116	0.205250596658711
CNP0000460_TACGGGCCAGGTCGTC-1_2_1_1_1_1_1_1_1	CNP0000460_P02N	CNP0000460	DF.classifications_0.25_0.26_116	Singlet	pANN_0.25_0.26_116	0.212410501193317
CNP0000460_TACGGGCTCACATACG-1_2_1_1_1_1_1_1_1	CNP0000460_P02N	CNP0000460	DF.classifications_0.25_0.26_116	Singlet	pANN_0.25_0.26_116	0.240254574383453
CNP0000460_TACGGGCTCAGATAAG-1_2_1_1_1_1_1_1_1	CNP0000460_P02N	CNP0000460	DF.classifications_0.25_0.26_116	Singlet	pANN_0.25_0.26_116	0.229912490055688
CNP0000460_TACGGTAAGAAGGCCT-1_2_1_1_1_1_1_1_1	CNP0000460_P02N	CNP0000460	DF.classifications_0.25_0.26_116	Singlet	pANN_0.25_0.26_116	0.236276849642005
CNP0000460_TACGGTAAGCCAACAG-1_2_1_1_1_1_1_1_1	CNP0000460_P02N	CNP0000460	DF.classifications_0.25_0.26_116	Singlet	pANN_0.25_0.26_116	0.203659506762132
CNP0000460_TACGGTAAGTGGGTTG-1_2_1_1_1_1_1_1_1	CNP0000460_P02N	CNP0000460	DF.classifications_0.25_0.26_116	Singlet	pANN_0.25_0.26_116	0.34049323786794
CNP0000460_TACGGTAGTGGTTTCA-1_2_1_1_1_1_1_1_1	CNP0000460_P02N	CNP0000460	DF.classifications_0.25_0.26_116	Singlet	pANN_0.25_0.26_116	0.167859984089101
CNP0000460_TACGGTATCACTTCAT-1_2_1_1_1_1_1_1_1	CNP0000460_P02N	CNP0000460	DF.classifications_0.25_0.26_116	Singlet	pANN_0.25_0.26_116	0.246618933969769
CNP0000460_TACGGTATCGGGAGTA-1_2_1_1_1_1_1_1_1	CNP0000460_P02N	CNP0000460	DF.classifications_0.25_0.26_116	Singlet	pANN_0.25_0.26_116	0.174224343675418
CNP0000460_TACGGTATCTCAAGTG-1_2_1_1_1_1_1_1_1	CNP0000460_P02N	CNP0000460	DF.classifications_0.25_0.26_116	Singlet	pANN_0.25_0.26_116	0.186157517899761
CNP0000460_TACTCATAGCGTTCCG-1_2_1_1_1_1_1_1_1	CNP0000460_P02N	CNP0000460	DF.classifications_0.25_0.26_116	Singlet	pANN_0.25_0.26_116	0.227525855210819
CNP0000460_TACTCATAGTCTCGGC-1_2_1_1_1_1_1_1_1	CNP0000460_P02N	CNP0000460	DF.classifications_0.25_0.26_116	Singlet	pANN_0.25_0.26_116	0.205250596658711
CNP0000460_TACTCATCACATGGGA-1_2_1_1_1_1_1_1_1	CNP0000460_P02N	CNP0000460	DF.classifications_0.25_0.26_116	Singlet	pANN_0.25_0.26_116	0.200477326968974
CNP0000460_TACTCATCACCTTGTC-1_2_1_1_1_1_1_1_1	CNP0000460_P02N	CNP0000460	DF.classifications_0.25_0.26_116	Singlet	pANN_0.25_0.26_116	0.251392203659507
CNP0000460_TACTCATCAGTAAGAT-1_2_1_1_1_1_1_1_1	CNP0000460_P02N	CNP0000460	DF.classifications_0.25_0.26_116	Singlet	pANN_0.25_0.26_116	0.215592680986476
CNP0000460_TACTCATTCCAAGTAC-1_2_1_1_1_1_1_1_1	CNP0000460_P02N	CNP0000460	DF.classifications_0.25_0.26_116	Singlet	pANN_0.25_0.26_116	0.289578361177407
CNP0000460_TACTCGCGTACCGAGA-1_2_1_1_1_1_1_1_1	CNP0000460_P02N	CNP0000460	DF.classifications_0.25_0.26_116	Singlet	pANN_0.25_0.26_116	0.238663484486873
CNP0000460_TACTCGCGTTGATTGC-1_2_1_1_1_1_1_1_1	CNP0000460_P02N	CNP0000460	DF.classifications_0.25_0.26_116	Singlet	pANN_0.25_0.26_116	0.200477326968974
CNP0000460_TACTTACAGATGGCGT-1_2_1_1_1_1_1_1_1	CNP0000460_P02N	CNP0000460	DF.classifications_0.25_0.26_116	Singlet	pANN_0.25_0.26_116	0.230708035003978
CNP0000460_TACTTACCAAGCGATG-1_2_1_1_1_1_1_1_1	CNP0000460_P02N	CNP0000460	DF.classifications_0.25_0.26_116	Singlet	pANN_0.25_0.26_116	0.212410501193317
CNP0000460_TACTTACCATCCGGGT-1_2_1_1_1_1_1_1_1	CNP0000460_P02N	CNP0000460	DF.classifications_0.25_0.26_116	Singlet	pANN_0.25_0.26_116	0.235481304693715
CNP0000460_TACTTACGTACTTGAC-1_2_1_1_1_1_1_1_1	CNP0000460_P02N	CNP0000460	DF.classifications_0.25_0.26_116	Singlet	pANN_0.25_0.26_116	0.223548130469372
CNP0000460_TACTTACGTTCGAATC-1_2_1_1_1_1_1_1_1	CNP0000460_P02N	CNP0000460	DF.classifications_0.25_0.26_116	Singlet	pANN_0.25_0.26_116	0.28321400159109
CNP0000460_TACTTACTCACCATAG-1_2_1_1_1_1_1_1_1	CNP0000460_P02N	CNP0000460	DF.classifications_0.25_0.26_116	Singlet	pANN_0.25_0.26_116	0.20763723150358
CNP0000460_TACTTACTCATTGCCC-1_2_1_1_1_1_1_1_1	CNP0000460_P02N	CNP0000460	DF.classifications_0.25_0.26_116	Singlet	pANN_0.25_0.26_116	0.230708035003978
CNP0000460_TACTTACTCCTACAGA-1_2_1_1_1_1_1_1_1	CNP0000460_P02N	CNP0000460	DF.classifications_0.25_0.26_116	Singlet	pANN_0.25_0.26_116	0.268894192521877
CNP0000460_TACTTGTAGAGTACCG-1_2_1_1_1_1_1_1_1	CNP0000460_P02N	CNP0000460	DF.classifications_0.25_0.26_116	Singlet	pANN_0.25_0.26_116	0.223548130469372
CNP0000460_TACTTGTCAAGGTTCT-1_2_1_1_1_1_1_1_1	CNP0000460_P02N	CNP0000460	DF.classifications_0.25_0.26_116	Singlet	pANN_0.25_0.26_116	0.205250596658711
CNP0000460_TACTTGTCACTGCCAG-1_2_1_1_1_1_1_1_1	CNP0000460_P02N	CNP0000460	DF.classifications_0.25_0.26_116	Singlet	pANN_0.25_0.26_116	0.217979315831344
CNP0000460_TACTTGTCAGGGCATA-1_2_1_1_1_1_1_1_1	CNP0000460_P02N	CNP0000460	DF.classifications_0.25_0.26_116	Singlet	pANN_0.25_0.26_116	0.210819411296738
CNP0000460_TACTTGTGTACGCTGC-1_2_1_1_1_1_1_1_1	CNP0000460_P02N	CNP0000460	DF.classifications_0.25_0.26_116	Singlet	pANN_0.25_0.26_116	0.215592680986476
CNP0000460_TACTTGTTCCTAGAAC-1_2_1_1_1_1_1_1_1	CNP0000460_P02N	CNP0000460	DF.classifications_0.25_0.26_116	Singlet	pANN_0.25_0.26_116	0.275258552108194
CNP0000460_TACTTGTTCGGATGTT-1_2_1_1_1_1_1_1_1	CNP0000460_P02N	CNP0000460	DF.classifications_0.25_0.26_116	Singlet	pANN_0.25_0.26_116	0.20684168655529
CNP0000460_TAGACCAAGAGGTTGC-1_2_1_1_1_1_1_1_1	CNP0000460_P02N	CNP0000460	DF.classifications_0.25_0.26_116	Singlet	pANN_0.25_0.26_116	0.334128878281623
CNP0000460_TAGACCAAGATAGGAG-1_2_1_1_1_1_1_1_1	CNP0000460_P02N	CNP0000460	DF.classifications_0.25_0.26_116	Singlet	pANN_0.25_0.26_116	0.199681782020684
CNP0000460_TAGACCAAGTAACCCT-1_2_1_1_1_1_1_1_1	CNP0000460_P02N	CNP0000460	DF.classifications_0.25_0.26_116	Singlet	pANN_0.25_0.26_116	0.256165473349244
CNP0000460_TAGACCAAGTCGTACT-1_2_1_1_1_1_1_1_1	CNP0000460_P02N	CNP0000460	DF.classifications_0.25_0.26_116	Singlet	pANN_0.25_0.26_116	0.213206046141607
CNP0000460_TAGACCACAAAGAATC-1_2_1_1_1_1_1_1_1	CNP0000460_P02N	CNP0000460	DF.classifications_0.25_0.26_116	Singlet	pANN_0.25_0.26_116	0.184566428003182
CNP0000460_TAGACCAGTAGCTGCC-1_2_1_1_1_1_1_1_1	CNP0000460_P02N	CNP0000460	DF.classifications_0.25_0.26_116	Singlet	pANN_0.25_0.26_116	0.187748607796341
CNP0000460_TAGACCAGTTTGGCGC-1_2_1_1_1_1_1_1_1	CNP0000460_P02N	CNP0000460	DF.classifications_0.25_0.26_116	Singlet	pANN_0.25_0.26_116	0.20684168655529
CNP0000460_TAGAGCTAGATCCGAG-1_2_1_1_1_1_1_1_1	CNP0000460_P02N	CNP0000460	DF.classifications_0.25_0.26_116	Singlet	pANN_0.25_0.26_116	0.22673031026253
CNP0000460_TAGAGCTAGTTGAGTA-1_2_1_1_1_1_1_1_1	CNP0000460_P02N	CNP0000460	DF.classifications_0.25_0.26_116	Singlet	pANN_0.25_0.26_116	0.205250596658711
CNP0000460_TAGAGCTCAATCGGTT-1_2_1_1_1_1_1_1_1	CNP0000460_P02N	CNP0000460	DF.classifications_0.25_0.26_116	Singlet	pANN_0.25_0.26_116	0.210023866348449
CNP0000460_TAGAGCTCAGCTGTTA-1_2_1_1_1_1_1_1_1	CNP0000460_P02N	CNP0000460	DF.classifications_0.25_0.26_116	Singlet	pANN_0.25_0.26_116	0.20763723150358
CNP0000460_TAGAGCTGTCTGCAAT-1_2_1_1_1_1_1_1_1	CNP0000460_P02N	CNP0000460	DF.classifications_0.25_0.26_116	Singlet	pANN_0.25_0.26_116	0.201272871917263
CNP0000460_TAGAGCTGTTGTTTGG-1_2_1_1_1_1_1_1_1	CNP0000460_P02N	CNP0000460	DF.classifications_0.25_0.26_116	Singlet	pANN_0.25_0.26_116	0.260143198090692
CNP0000460_TAGAGCTTCGGAGCAA-1_2_1_1_1_1_1_1_1	CNP0000460_P02N	CNP0000460	DF.classifications_0.25_0.26_116	Singlet	pANN_0.25_0.26_116	0.125696101829753
CNP0000460_TAGAGCTTCGTCACGG-1_2_1_1_1_1_1_1_1	CNP0000460_P02N	CNP0000460	DF.classifications_0.25_0.26_116	Singlet	pANN_0.25_0.26_116	0.183770883054893
CNP0000460_TAGCCGGAGACAAAGG-1_2_1_1_1_1_1_1_1	CNP0000460_P02N	CNP0000460	DF.classifications_0.25_0.26_116	Singlet	pANN_0.25_0.26_116	0.234685759745426
CNP0000460_TAGCCGGAGCACAGGT-1_2_1_1_1_1_1_1_1	CNP0000460_P02N	CNP0000460	DF.classifications_0.25_0.26_116	Singlet	pANN_0.25_0.26_116	0.259347653142403
CNP0000460_TAGCCGGAGCGATAGC-1_2_1_1_1_1_1_1_1	CNP0000460_P02N	CNP0000460	DF.classifications_0.25_0.26_116	Singlet	pANN_0.25_0.26_116	0.16945107398568
CNP0000460_TAGCCGGGTAAATGAC-1_2_1_1_1_1_1_1_1	CNP0000460_P02N	CNP0000460	DF.classifications_0.25_0.26_116	Singlet	pANN_0.25_0.26_116	0.218774860779634
CNP0000460_TAGCCGGGTCGAACAG-1_2_1_1_1_1_1_1_1	CNP0000460_P02N	CNP0000460	DF.classifications_0.25_0.26_116	Singlet	pANN_0.25_0.26_116	0.182179793158313
CNP0000460_TAGCCGGGTTAAGATG-1_2_1_1_1_1_1_1_1	CNP0000460_P02N	CNP0000460	DF.classifications_0.25_0.26_116	Singlet	pANN_0.25_0.26_116	0.183770883054893
CNP0000460_TAGCCGGTCTCGCATC-1_2_1_1_1_1_1_1_1	CNP0000460_P02N	CNP0000460	DF.classifications_0.25_0.26_116	Singlet	pANN_0.25_0.26_116	0.24582338902148
CNP0000460_TAGGCATAGCGATAGC-1_2_1_1_1_1_1_1_1	CNP0000460_P02N	CNP0000460	DF.classifications_0.25_0.26_116	Singlet	pANN_0.25_0.26_116	0.274463007159905
CNP0000460_TAGGCATAGGTGTGGT-1_2_1_1_1_1_1_1_1	CNP0000460_P02N	CNP0000460	DF.classifications_0.25_0.26_116	Singlet	pANN_0.25_0.26_116	0.248210023866348
CNP0000460_TAGGCATAGTGGGCTA-1_2_1_1_1_1_1_1_1	CNP0000460_P02N	CNP0000460	DF.classifications_0.25_0.26_116	Singlet	pANN_0.25_0.26_116	0.26412092283214
CNP0000460_TAGGCATCAGAAGCAC-1_2_1_1_1_1_1_1_1	CNP0000460_P02N	CNP0000460	DF.classifications_0.25_0.26_116	Singlet	pANN_0.25_0.26_116	0.229116945107399
CNP0000460_TAGGCATGTCGCTTCT-1_2_1_1_1_1_1_1_1	CNP0000460_P02N	CNP0000460	DF.classifications_0.25_0.26_116	Singlet	pANN_0.25_0.26_116	0.192521877486078
CNP0000460_TAGGCATTCAAGGCTT-1_2_1_1_1_1_1_1_1	CNP0000460_P02N	CNP0000460	DF.classifications_0.25_0.26_116	Doublet	pANN_0.25_0.26_116	0.424821002386635
CNP0000460_TAGTGGTAGAAGGTGA-1_2_1_1_1_1_1_1_1	CNP0000460_P02N	CNP0000460	DF.classifications_0.25_0.26_116	Singlet	pANN_0.25_0.26_116	0.262529832935561
CNP0000460_TAGTGGTAGTGACATA-1_2_1_1_1_1_1_1_1	CNP0000460_P02N	CNP0000460	DF.classifications_0.25_0.26_116	Doublet	pANN_0.25_0.26_116	0.382657120127287
CNP0000460_TAGTGGTCACATGTGT-1_2_1_1_1_1_1_1_1	CNP0000460_P02N	CNP0000460	DF.classifications_0.25_0.26_116	Singlet	pANN_0.25_0.26_116	0.231503579952267
CNP0000460_TAGTGGTCATGTTGAC-1_2_1_1_1_1_1_1_1	CNP0000460_P02N	CNP0000460	DF.classifications_0.25_0.26_116	Singlet	pANN_0.25_0.26_116	0.182975338106603
CNP0000460_TAGTGGTGTACCTACA-1_2_1_1_1_1_1_1_1	CNP0000460_P02N	CNP0000460	DF.classifications_0.25_0.26_116	Singlet	pANN_0.25_0.26_116	0.216388225934765
CNP0000460_TAGTGGTGTGGTCCGT-1_2_1_1_1_1_1_1_1	CNP0000460_P02N	CNP0000460	DF.classifications_0.25_0.26_116	Singlet	pANN_0.25_0.26_116	0.162291169451074
CNP0000460_TAGTGGTGTTCGGGCT-1_2_1_1_1_1_1_1_1	CNP0000460_P02N	CNP0000460	DF.classifications_0.25_0.26_116	Singlet	pANN_0.25_0.26_116	0.225139220365951
CNP0000460_TAGTTGGCAAACAACA-1_2_1_1_1_1_1_1_1	CNP0000460_P02N	CNP0000460	DF.classifications_0.25_0.26_116	Singlet	pANN_0.25_0.26_116	0.201272871917263
CNP0000460_TAGTTGGCAACTTGAC-1_2_1_1_1_1_1_1_1	CNP0000460_P02N	CNP0000460	DF.classifications_0.25_0.26_116	Singlet	pANN_0.25_0.26_116	0.238663484486873
CNP0000460_TAGTTGGCAGGTTTCA-1_2_1_1_1_1_1_1_1	CNP0000460_P02N	CNP0000460	DF.classifications_0.25_0.26_116	Singlet	pANN_0.25_0.26_116	0.259347653142403
CNP0000460_TAGTTGGGTAAACACA-1_2_1_1_1_1_1_1_1	CNP0000460_P02N	CNP0000460	DF.classifications_0.25_0.26_116	Singlet	pANN_0.25_0.26_116	0.197295147175815
CNP0000460_TAGTTGGGTATTACCG-1_2_1_1_1_1_1_1_1	CNP0000460_P02N	CNP0000460	DF.classifications_0.25_0.26_116	Singlet	pANN_0.25_0.26_116	0.175815433571997
CNP0000460_TAGTTGGGTTAAGAAC-1_2_1_1_1_1_1_1_1	CNP0000460_P02N	CNP0000460	DF.classifications_0.25_0.26_116	Singlet	pANN_0.25_0.26_116	0.177406523468576
CNP0000460_TAGTTGGTCGAGAGCA-1_2_1_1_1_1_1_1_1	CNP0000460_P02N	CNP0000460	DF.classifications_0.25_0.26_116	Singlet	pANN_0.25_0.26_116	0.22593476531424
CNP0000460_TATCAGGAGGATATAC-1_2_1_1_1_1_1_1_1	CNP0000460_P02N	CNP0000460	DF.classifications_0.25_0.26_116	Singlet	pANN_0.25_0.26_116	0.248210023866348
CNP0000460_TATCAGGAGGTGCAAC-1_2_1_1_1_1_1_1_1	CNP0000460_P02N	CNP0000460	DF.classifications_0.25_0.26_116	Singlet	pANN_0.25_0.26_116	0.227525855210819
CNP0000460_TATCAGGCACGTCTCT-1_2_1_1_1_1_1_1_1	CNP0000460_P02N	CNP0000460	DF.classifications_0.25_0.26_116	Singlet	pANN_0.25_0.26_116	0.199681782020684
CNP0000460_TATCAGGCAGGTCGTC-1_2_1_1_1_1_1_1_1	CNP0000460_P02N	CNP0000460	DF.classifications_0.25_0.26_116	Singlet	pANN_0.25_0.26_116	0.183770883054893
CNP0000460_TATCAGGCATACTCTT-1_2_1_1_1_1_1_1_1	CNP0000460_P02N	CNP0000460	DF.classifications_0.25_0.26_116	Singlet	pANN_0.25_0.26_116	0.234685759745426
CNP0000460_TATCAGGGTACTTGAC-1_2_1_1_1_1_1_1_1	CNP0000460_P02N	CNP0000460	DF.classifications_0.25_0.26_116	Singlet	pANN_0.25_0.26_116	0.155926809864757
CNP0000460_TATCAGGGTAGAGTGC-1_2_1_1_1_1_1_1_1	CNP0000460_P02N	CNP0000460	DF.classifications_0.25_0.26_116	Singlet	pANN_0.25_0.26_116	0.257756563245823
CNP0000460_TATCAGGTCAGTTAGC-1_2_1_1_1_1_1_1_1	CNP0000460_P02N	CNP0000460	DF.classifications_0.25_0.26_116	Singlet	pANN_0.25_0.26_116	0.298329355608592
CNP0000460_TATCAGGTCCATTCTA-1_2_1_1_1_1_1_1_1	CNP0000460_P02N	CNP0000460	DF.classifications_0.25_0.26_116	Singlet	pANN_0.25_0.26_116	0.203659506762132
CNP0000460_TATCAGGTCTAACTGG-1_2_1_1_1_1_1_1_1	CNP0000460_P02N	CNP0000460	DF.classifications_0.25_0.26_116	Singlet	pANN_0.25_0.26_116	0.194112967382657
CNP0000460_TATCAGGTCTGTCTCG-1_2_1_1_1_1_1_1_1	CNP0000460_P02N	CNP0000460	DF.classifications_0.25_0.26_116	Singlet	pANN_0.25_0.26_116	0.149562450278441
CNP0000460_TATCTCAAGATCCCAT-1_2_1_1_1_1_1_1_1	CNP0000460_P02N	CNP0000460	DF.classifications_0.25_0.26_116	Singlet	pANN_0.25_0.26_116	0.241845664280032
CNP0000460_TATCTCAGTGTTCGAT-1_2_1_1_1_1_1_1_1	CNP0000460_P02N	CNP0000460	DF.classifications_0.25_0.26_116	Singlet	pANN_0.25_0.26_116	0.240254574383453
CNP0000460_TATCTCATCAAAGTAG-1_2_1_1_1_1_1_1_1	CNP0000460_P02N	CNP0000460	DF.classifications_0.25_0.26_116	Singlet	pANN_0.25_0.26_116	0.172633253778839
CNP0000460_TATCTCATCGGTTCGG-1_2_1_1_1_1_1_1_1	CNP0000460_P02N	CNP0000460	DF.classifications_0.25_0.26_116	Singlet	pANN_0.25_0.26_116	0.255369928400955
CNP0000460_TATGCCCAGTAATCCC-1_2_1_1_1_1_1_1_1	CNP0000460_P02N	CNP0000460	DF.classifications_0.25_0.26_116	Singlet	pANN_0.25_0.26_116	0.178202068416866
CNP0000460_TATGCCCCAAGCCATT-1_2_1_1_1_1_1_1_1	CNP0000460_P02N	CNP0000460	DF.classifications_0.25_0.26_116	Singlet	pANN_0.25_0.26_116	0.231503579952267
CNP0000460_TATGCCCCATGCAATC-1_2_1_1_1_1_1_1_1	CNP0000460_P02N	CNP0000460	DF.classifications_0.25_0.26_116	Singlet	pANN_0.25_0.26_116	0.167859984089101
CNP0000460_TATGCCCGTCCGACGT-1_2_1_1_1_1_1_1_1	CNP0000460_P02N	CNP0000460	DF.classifications_0.25_0.26_116	Singlet	pANN_0.25_0.26_116	0.213206046141607
CNP0000460_TATGCCCTCGAATGCT-1_2_1_1_1_1_1_1_1	CNP0000460_P02N	CNP0000460	DF.classifications_0.25_0.26_116	Singlet	pANN_0.25_0.26_116	0.249005568814638
CNP0000460_TATTACCAGCGAGAAA-1_2_1_1_1_1_1_1_1	CNP0000460_P02N	CNP0000460	DF.classifications_0.25_0.26_116	Singlet	pANN_0.25_0.26_116	0.216388225934765
CNP0000460_TATTACCAGCGCCTCA-1_2_1_1_1_1_1_1_1	CNP0000460_P02N	CNP0000460	DF.classifications_0.25_0.26_116	Doublet	pANN_0.25_0.26_116	0.423229912490056
CNP0000460_TATTACCAGTGCGATG-1_2_1_1_1_1_1_1_1	CNP0000460_P02N	CNP0000460	DF.classifications_0.25_0.26_116	Singlet	pANN_0.25_0.26_116	0.269689737470167
CNP0000460_TATTACCGTTAAGGGC-1_2_1_1_1_1_1_1_1	CNP0000460_P02N	CNP0000460	DF.classifications_0.25_0.26_116	Singlet	pANN_0.25_0.26_116	0.202068416865553
CNP0000460_TATTACCTCAAACCGT-1_2_1_1_1_1_1_1_1	CNP0000460_P02N	CNP0000460	DF.classifications_0.25_0.26_116	Singlet	pANN_0.25_0.26_116	0.209228321400159
CNP0000460_TATTACCTCACATACG-1_2_1_1_1_1_1_1_1	CNP0000460_P02N	CNP0000460	DF.classifications_0.25_0.26_116	Singlet	pANN_0.25_0.26_116	0.241845664280032
CNP0000460_TATTACCTCAGGATCT-1_2_1_1_1_1_1_1_1	CNP0000460_P02N	CNP0000460	DF.classifications_0.25_0.26_116	Singlet	pANN_0.25_0.26_116	0.20763723150358
CNP0000460_TATTACCTCAGTACGT-1_2_1_1_1_1_1_1_1	CNP0000460_P02N	CNP0000460	DF.classifications_0.25_0.26_116	Singlet	pANN_0.25_0.26_116	0.221957040572792
CNP0000460_TATTACCTCATGGTCA-1_2_1_1_1_1_1_1_1	CNP0000460_P02N	CNP0000460	DF.classifications_0.25_0.26_116	Singlet	pANN_0.25_0.26_116	0.183770883054893
CNP0000460_TATTACCTCCACGAAT-1_2_1_1_1_1_1_1_1	CNP0000460_P02N	CNP0000460	DF.classifications_0.25_0.26_116	Singlet	pANN_0.25_0.26_116	0.272076372315036
CNP0000460_TATTACCTCGGAGGTA-1_2_1_1_1_1_1_1_1	CNP0000460_P02N	CNP0000460	DF.classifications_0.25_0.26_116	Singlet	pANN_0.25_0.26_116	0.20763723150358
CNP0000460_TCAACGAAGCAACGGT-1_2_1_1_1_1_1_1_1	CNP0000460_P02N	CNP0000460	DF.classifications_0.25_0.26_116	Singlet	pANN_0.25_0.26_116	0.217183770883055
CNP0000460_TCAACGACAAACGTGG-1_2_1_1_1_1_1_1_1	CNP0000460_P02N	CNP0000460	DF.classifications_0.25_0.26_116	Singlet	pANN_0.25_0.26_116	0.214797136038186
CNP0000460_TCAACGACAAGGACTG-1_2_1_1_1_1_1_1_1	CNP0000460_P02N	CNP0000460	DF.classifications_0.25_0.26_116	Singlet	pANN_0.25_0.26_116	0.22593476531424
CNP0000460_TCAACGACAAGTACCT-1_2_1_1_1_1_1_1_1	CNP0000460_P02N	CNP0000460	DF.classifications_0.25_0.26_116	Singlet	pANN_0.25_0.26_116	0.11376292760541
CNP0000460_TCAACGACAGATGGCA-1_2_1_1_1_1_1_1_1	CNP0000460_P02N	CNP0000460	DF.classifications_0.25_0.26_116	Singlet	pANN_0.25_0.26_116	0.22673031026253
CNP0000460_TCAACGACATTGGCGC-1_2_1_1_1_1_1_1_1	CNP0000460_P02N	CNP0000460	DF.classifications_0.25_0.26_116	Singlet	pANN_0.25_0.26_116	0.221161495624503
CNP0000460_TCAACGAGTCTTGATG-1_2_1_1_1_1_1_1_1	CNP0000460_P02N	CNP0000460	DF.classifications_0.25_0.26_116	Singlet	pANN_0.25_0.26_116	0.225139220365951
CNP0000460_TCAATCTAGCCCAACC-1_2_1_1_1_1_1_1_1	CNP0000460_P02N	CNP0000460	DF.classifications_0.25_0.26_116	Singlet	pANN_0.25_0.26_116	0.177406523468576
CNP0000460_TCAATCTCAGTCAGCC-1_2_1_1_1_1_1_1_1	CNP0000460_P02N	CNP0000460	DF.classifications_0.25_0.26_116	Singlet	pANN_0.25_0.26_116	0.261734287987271
CNP0000460_TCAATCTGTGACGCCT-1_2_1_1_1_1_1_1_1	CNP0000460_P02N	CNP0000460	DF.classifications_0.25_0.26_116	Singlet	pANN_0.25_0.26_116	0.186157517899761
CNP0000460_TCAATCTGTGAGGGTT-1_2_1_1_1_1_1_1_1	CNP0000460_P02N	CNP0000460	DF.classifications_0.25_0.26_116	Singlet	pANN_0.25_0.26_116	0.174224343675418
CNP0000460_TCAATCTTCGCCTGTT-1_2_1_1_1_1_1_1_1	CNP0000460_P02N	CNP0000460	DF.classifications_0.25_0.26_116	Singlet	pANN_0.25_0.26_116	0.217979315831344
CNP0000460_TCAATCTTCTGATACG-1_2_1_1_1_1_1_1_1	CNP0000460_P02N	CNP0000460	DF.classifications_0.25_0.26_116	Singlet	pANN_0.25_0.26_116	0.20843277645187
CNP0000460_TCACAAGAGAGCTTCT-1_2_1_1_1_1_1_1_1	CNP0000460_P02N	CNP0000460	DF.classifications_0.25_0.26_116	Singlet	pANN_0.25_0.26_116	0.294351630867144
CNP0000460_TCACAAGAGCGAAGGG-1_2_1_1_1_1_1_1_1	CNP0000460_P02N	CNP0000460	DF.classifications_0.25_0.26_116	Singlet	pANN_0.25_0.26_116	0.176610978520286
CNP0000460_TCACAAGAGGAATCGC-1_2_1_1_1_1_1_1_1	CNP0000460_P02N	CNP0000460	DF.classifications_0.25_0.26_116	Singlet	pANN_0.25_0.26_116	0.221161495624503
CNP0000460_TCACAAGCAGTCAGCC-1_2_1_1_1_1_1_1_1	CNP0000460_P02N	CNP0000460	DF.classifications_0.25_0.26_116	Singlet	pANN_0.25_0.26_116	0.229116945107399
CNP0000460_TCACAAGGTACTCGCG-1_2_1_1_1_1_1_1_1	CNP0000460_P02N	CNP0000460	DF.classifications_0.25_0.26_116	Singlet	pANN_0.25_0.26_116	0.166268894192522
CNP0000460_TCACAAGGTCGACTGC-1_2_1_1_1_1_1_1_1	CNP0000460_P02N	CNP0000460	DF.classifications_0.25_0.26_116	Singlet	pANN_0.25_0.26_116	0.2824184566428
CNP0000460_TCACAAGGTGCACCAC-1_2_1_1_1_1_1_1_1	CNP0000460_P02N	CNP0000460	DF.classifications_0.25_0.26_116	Singlet	pANN_0.25_0.26_116	0.213206046141607
CNP0000460_TCACAAGTCAAACAAG-1_2_1_1_1_1_1_1_1	CNP0000460_P02N	CNP0000460	DF.classifications_0.25_0.26_116	Singlet	pANN_0.25_0.26_116	0.250596658711217
CNP0000460_TCACAAGTCAAAGTAG-1_2_1_1_1_1_1_1_1	CNP0000460_P02N	CNP0000460	DF.classifications_0.25_0.26_116	Singlet	pANN_0.25_0.26_116	0.232299124900557
CNP0000460_TCACAAGTCATACGGT-1_2_1_1_1_1_1_1_1	CNP0000460_P02N	CNP0000460	DF.classifications_0.25_0.26_116	Singlet	pANN_0.25_0.26_116	0.178202068416866
CNP0000460_TCACAAGTCCACTGGG-1_2_1_1_1_1_1_1_1	CNP0000460_P02N	CNP0000460	DF.classifications_0.25_0.26_116	Singlet	pANN_0.25_0.26_116	0.159904534606205
CNP0000460_TCACAAGTCCGAACGC-1_2_1_1_1_1_1_1_1	CNP0000460_P02N	CNP0000460	DF.classifications_0.25_0.26_116	Singlet	pANN_0.25_0.26_116	0.190135242641209
CNP0000460_TCACAAGTCTGGCGAC-1_2_1_1_1_1_1_1_1	CNP0000460_P02N	CNP0000460	DF.classifications_0.25_0.26_116	Singlet	pANN_0.25_0.26_116	0.363564041368337
CNP0000460_TCACGAAAGCACCGTC-1_2_1_1_1_1_1_1_1	CNP0000460_P02N	CNP0000460	DF.classifications_0.25_0.26_116	Singlet	pANN_0.25_0.26_116	0.194908512330947
CNP0000460_TCACGAACACGTCTCT-1_2_1_1_1_1_1_1_1	CNP0000460_P02N	CNP0000460	DF.classifications_0.25_0.26_116	Singlet	pANN_0.25_0.26_116	0.198886237072395
CNP0000460_TCACGAAGTACCATCA-1_2_1_1_1_1_1_1_1	CNP0000460_P02N	CNP0000460	DF.classifications_0.25_0.26_116	Singlet	pANN_0.25_0.26_116	0.214001591089897
CNP0000460_TCACGAAGTGTGACCC-1_2_1_1_1_1_1_1_1	CNP0000460_P02N	CNP0000460	DF.classifications_0.25_0.26_116	Singlet	pANN_0.25_0.26_116	0.227525855210819
CNP0000460_TCACGAAGTTCAGTAC-1_2_1_1_1_1_1_1_1	CNP0000460_P02N	CNP0000460	DF.classifications_0.25_0.26_116	Singlet	pANN_0.25_0.26_116	0.217979315831344
CNP0000460_TCACGAATCACGATGT-1_2_1_1_1_1_1_1_1	CNP0000460_P02N	CNP0000460	DF.classifications_0.25_0.26_116	Singlet	pANN_0.25_0.26_116	0.229116945107399
CNP0000460_TCACGAATCCCAAGTA-1_2_1_1_1_1_1_1_1	CNP0000460_P02N	CNP0000460	DF.classifications_0.25_0.26_116	Singlet	pANN_0.25_0.26_116	0.28321400159109
CNP0000460_TCACGAATCTCTAAGG-1_2_1_1_1_1_1_1_1	CNP0000460_P02N	CNP0000460	DF.classifications_0.25_0.26_116	Singlet	pANN_0.25_0.26_116	0.205250596658711
CNP0000460_TCAGATGAGGCATGTG-1_2_1_1_1_1_1_1_1	CNP0000460_P02N	CNP0000460	DF.classifications_0.25_0.26_116	Singlet	pANN_0.25_0.26_116	0.220365950676213
CNP0000460_TCAGATGAGTCGTTTG-1_2_1_1_1_1_1_1_1	CNP0000460_P02N	CNP0000460	DF.classifications_0.25_0.26_116	Singlet	pANN_0.25_0.26_116	0.275258552108194
CNP0000460_TCAGATGAGTTTAGGA-1_2_1_1_1_1_1_1_1	CNP0000460_P02N	CNP0000460	DF.classifications_0.25_0.26_116	Singlet	pANN_0.25_0.26_116	0.225139220365951
CNP0000460_TCAGATGCACCCAGTG-1_2_1_1_1_1_1_1_1	CNP0000460_P02N	CNP0000460	DF.classifications_0.25_0.26_116	Singlet	pANN_0.25_0.26_116	0.185361972951472
CNP0000460_TCAGATGCACCGAATT-1_2_1_1_1_1_1_1_1	CNP0000460_P02N	CNP0000460	DF.classifications_0.25_0.26_116	Singlet	pANN_0.25_0.26_116	0.18854415274463
CNP0000460_TCAGATGCATGACGGA-1_2_1_1_1_1_1_1_1	CNP0000460_P02N	CNP0000460	DF.classifications_0.25_0.26_116	Singlet	pANN_0.25_0.26_116	0.218774860779634
CNP0000460_TCAGATGGTCCATCCT-1_2_1_1_1_1_1_1_1	CNP0000460_P02N	CNP0000460	DF.classifications_0.25_0.26_116	Singlet	pANN_0.25_0.26_116	0.281622911694511
CNP0000460_TCAGATGGTCGTTGTA-1_2_1_1_1_1_1_1_1	CNP0000460_P02N	CNP0000460	DF.classifications_0.25_0.26_116	Singlet	pANN_0.25_0.26_116	0.20684168655529
CNP0000460_TCAGATGGTGCAGGTA-1_2_1_1_1_1_1_1_1	CNP0000460_P02N	CNP0000460	DF.classifications_0.25_0.26_116	Singlet	pANN_0.25_0.26_116	0.211614956245028
CNP0000460_TCAGATGTCCATGAAC-1_2_1_1_1_1_1_1_1	CNP0000460_P02N	CNP0000460	DF.classifications_0.25_0.26_116	Singlet	pANN_0.25_0.26_116	0.210023866348449
CNP0000460_TCAGATGTCGGTCCGA-1_2_1_1_1_1_1_1_1	CNP0000460_P02N	CNP0000460	DF.classifications_0.25_0.26_116	Singlet	pANN_0.25_0.26_116	0.212410501193317
CNP0000460_TCAGCAAAGTACGACG-1_2_1_1_1_1_1_1_1	CNP0000460_P02N	CNP0000460	DF.classifications_0.25_0.26_116	Singlet	pANN_0.25_0.26_116	0.223548130469372
CNP0000460_TCAGCAACACGGATAG-1_2_1_1_1_1_1_1_1	CNP0000460_P02N	CNP0000460	DF.classifications_0.25_0.26_116	Singlet	pANN_0.25_0.26_116	0.276054097056484
CNP0000460_TCAGCAAGTACGAAAT-1_2_1_1_1_1_1_1_1	CNP0000460_P02N	CNP0000460	DF.classifications_0.25_0.26_116	Doublet	pANN_0.25_0.26_116	0.408114558472554
CNP0000460_TCAGCAAGTCGAGTTT-1_2_1_1_1_1_1_1_1	CNP0000460_P02N	CNP0000460	DF.classifications_0.25_0.26_116	Singlet	pANN_0.25_0.26_116	0.217979315831344
CNP0000460_TCAGCAATCGCTAGCG-1_2_1_1_1_1_1_1_1	CNP0000460_P02N	CNP0000460	DF.classifications_0.25_0.26_116	Singlet	pANN_0.25_0.26_116	0.214001591089897
CNP0000460_TCAGCAATCGTAGGAG-1_2_1_1_1_1_1_1_1	CNP0000460_P02N	CNP0000460	DF.classifications_0.25_0.26_116	Singlet	pANN_0.25_0.26_116	0.193317422434368
CNP0000460_TCAGCAATCTCCTATA-1_2_1_1_1_1_1_1_1	CNP0000460_P02N	CNP0000460	DF.classifications_0.25_0.26_116	Singlet	pANN_0.25_0.26_116	0.136038186157518
CNP0000460_TCAGCTCAGGATGTAT-1_2_1_1_1_1_1_1_1	CNP0000460_P02N	CNP0000460	DF.classifications_0.25_0.26_116	Singlet	pANN_0.25_0.26_116	0.221957040572792
CNP0000460_TCAGCTCAGGCTATCT-1_2_1_1_1_1_1_1_1	CNP0000460_P02N	CNP0000460	DF.classifications_0.25_0.26_116	Singlet	pANN_0.25_0.26_116	0.234685759745426
CNP0000460_TCAGCTCCAAAGTCAA-1_2_1_1_1_1_1_1_1	CNP0000460_P02N	CNP0000460	DF.classifications_0.25_0.26_116	Singlet	pANN_0.25_0.26_116	0.221161495624503
CNP0000460_TCAGCTCGTGTTCGAT-1_2_1_1_1_1_1_1_1	CNP0000460_P02N	CNP0000460	DF.classifications_0.25_0.26_116	Singlet	pANN_0.25_0.26_116	0.18933969769292
CNP0000460_TCAGCTCGTTCCACGG-1_2_1_1_1_1_1_1_1	CNP0000460_P02N	CNP0000460	DF.classifications_0.25_0.26_116	Singlet	pANN_0.25_0.26_116	0.211614956245028
CNP0000460_TCAGCTCTCCGTACAA-1_2_1_1_1_1_1_1_1	CNP0000460_P02N	CNP0000460	DF.classifications_0.25_0.26_116	Singlet	pANN_0.25_0.26_116	0.230708035003978
CNP0000460_TCAGGATAGTTTAGGA-1_2_1_1_1_1_1_1_1	CNP0000460_P02N	CNP0000460	DF.classifications_0.25_0.26_116	Singlet	pANN_0.25_0.26_116	0.244232299124901
CNP0000460_TCAGGATCAAAGCAAT-1_2_1_1_1_1_1_1_1	CNP0000460_P02N	CNP0000460	DF.classifications_0.25_0.26_116	Singlet	pANN_0.25_0.26_116	0.202863961813842
CNP0000460_TCAGGATCAAATTGCC-1_2_1_1_1_1_1_1_1	CNP0000460_P02N	CNP0000460	DF.classifications_0.25_0.26_116	Singlet	pANN_0.25_0.26_116	0.260143198090692
CNP0000460_TCAGGATCAATAGAGT-1_2_1_1_1_1_1_1_1	CNP0000460_P02N	CNP0000460	DF.classifications_0.25_0.26_116	Singlet	pANN_0.25_0.26_116	0.190135242641209
CNP0000460_TCAGGATCATATGAGA-1_2_1_1_1_1_1_1_1	CNP0000460_P02N	CNP0000460	DF.classifications_0.25_0.26_116	Singlet	pANN_0.25_0.26_116	0.268098647573588
CNP0000460_TCAGGATCATGCCTTC-1_2_1_1_1_1_1_1_1	CNP0000460_P02N	CNP0000460	DF.classifications_0.25_0.26_116	Singlet	pANN_0.25_0.26_116	0.249005568814638
CNP0000460_TCAGGATCATGGTCTA-1_2_1_1_1_1_1_1_1	CNP0000460_P02N	CNP0000460	DF.classifications_0.25_0.26_116	Singlet	pANN_0.25_0.26_116	0.172633253778839
CNP0000460_TCAGGATCATTTCACT-1_2_1_1_1_1_1_1_1	CNP0000460_P02N	CNP0000460	DF.classifications_0.25_0.26_116	Singlet	pANN_0.25_0.26_116	0.241845664280032
CNP0000460_TCAGGATGTGCACGAA-1_2_1_1_1_1_1_1_1	CNP0000460_P02N	CNP0000460	DF.classifications_0.25_0.26_116	Singlet	pANN_0.25_0.26_116	0.177406523468576
CNP0000460_TCAGGATGTGCACTTA-1_2_1_1_1_1_1_1_1	CNP0000460_P02N	CNP0000460	DF.classifications_0.25_0.26_116	Singlet	pANN_0.25_0.26_116	0.256165473349244
CNP0000460_TCAGGATTCAGCCTAA-1_2_1_1_1_1_1_1_1	CNP0000460_P02N	CNP0000460	DF.classifications_0.25_0.26_116	Singlet	pANN_0.25_0.26_116	0.225139220365951
CNP0000460_TCAGGATTCGCCTGTT-1_2_1_1_1_1_1_1_1	CNP0000460_P02N	CNP0000460	DF.classifications_0.25_0.26_116	Singlet	pANN_0.25_0.26_116	0.215592680986476
CNP0000460_TCAGGTAAGTGCGATG-1_2_1_1_1_1_1_1_1	CNP0000460_P02N	CNP0000460	DF.classifications_0.25_0.26_116	Singlet	pANN_0.25_0.26_116	0.175019888623707
CNP0000460_TCAGGTAGTCGCATCG-1_2_1_1_1_1_1_1_1	CNP0000460_P02N	CNP0000460	DF.classifications_0.25_0.26_116	Singlet	pANN_0.25_0.26_116	0.252983293556086
CNP0000460_TCAGGTAGTCTAGGTT-1_2_1_1_1_1_1_1_1	CNP0000460_P02N	CNP0000460	DF.classifications_0.25_0.26_116	Singlet	pANN_0.25_0.26_116	0.220365950676213
CNP0000460_TCAGGTATCATCGGAT-1_2_1_1_1_1_1_1_1	CNP0000460_P02N	CNP0000460	DF.classifications_0.25_0.26_116	Singlet	pANN_0.25_0.26_116	0.233094669848846
CNP0000460_TCAGGTATCTTGTACT-1_2_1_1_1_1_1_1_1	CNP0000460_P02N	CNP0000460	DF.classifications_0.25_0.26_116	Singlet	pANN_0.25_0.26_116	0.202863961813842
CNP0000460_TCATTACAGAAGATTC-1_2_1_1_1_1_1_1_1	CNP0000460_P02N	CNP0000460	DF.classifications_0.25_0.26_116	Singlet	pANN_0.25_0.26_116	0.269689737470167
CNP0000460_TCATTACAGTCCATAC-1_2_1_1_1_1_1_1_1	CNP0000460_P02N	CNP0000460	DF.classifications_0.25_0.26_116	Singlet	pANN_0.25_0.26_116	0.154335719968178
CNP0000460_TCATTACCAGACAGGT-1_2_1_1_1_1_1_1_1	CNP0000460_P02N	CNP0000460	DF.classifications_0.25_0.26_116	Singlet	pANN_0.25_0.26_116	0.186953062848051
CNP0000460_TCATTACGTATTCTCT-1_2_1_1_1_1_1_1_1	CNP0000460_P02N	CNP0000460	DF.classifications_0.25_0.26_116	Singlet	pANN_0.25_0.26_116	0.252983293556086
CNP0000460_TCATTACGTGCAGGTA-1_2_1_1_1_1_1_1_1	CNP0000460_P02N	CNP0000460	DF.classifications_0.25_0.26_116	Singlet	pANN_0.25_0.26_116	0.174224343675418
CNP0000460_TCATTACGTGTTTGGT-1_2_1_1_1_1_1_1_1	CNP0000460_P02N	CNP0000460	DF.classifications_0.25_0.26_116	Singlet	pANN_0.25_0.26_116	0.261734287987271
CNP0000460_TCATTACTCGTTTGCC-1_2_1_1_1_1_1_1_1	CNP0000460_P02N	CNP0000460	DF.classifications_0.25_0.26_116	Singlet	pANN_0.25_0.26_116	0.331742243436754
CNP0000460_TCATTACTCTCTGAGA-1_2_1_1_1_1_1_1_1	CNP0000460_P02N	CNP0000460	DF.classifications_0.25_0.26_116	Singlet	pANN_0.25_0.26_116	0.288782816229117
CNP0000460_TCATTACTCTGCTGTC-1_2_1_1_1_1_1_1_1	CNP0000460_P02N	CNP0000460	DF.classifications_0.25_0.26_116	Singlet	pANN_0.25_0.26_116	0.242641209228321
CNP0000460_TCATTTGAGAGAGCTC-1_2_1_1_1_1_1_1_1	CNP0000460_P02N	CNP0000460	DF.classifications_0.25_0.26_116	Singlet	pANN_0.25_0.26_116	0.197295147175815
CNP0000460_TCATTTGAGTGCGTGA-1_2_1_1_1_1_1_1_1	CNP0000460_P02N	CNP0000460	DF.classifications_0.25_0.26_116	Singlet	pANN_0.25_0.26_116	0.26332537788385
CNP0000460_TCATTTGCAAATCCGT-1_2_1_1_1_1_1_1_1	CNP0000460_P02N	CNP0000460	DF.classifications_0.25_0.26_116	Singlet	pANN_0.25_0.26_116	0.28321400159109
CNP0000460_TCATTTGCAGTAAGCG-1_2_1_1_1_1_1_1_1	CNP0000460_P02N	CNP0000460	DF.classifications_0.25_0.26_116	Singlet	pANN_0.25_0.26_116	0.198090692124105
CNP0000460_TCATTTGCATCGATTG-1_2_1_1_1_1_1_1_1	CNP0000460_P02N	CNP0000460	DF.classifications_0.25_0.26_116	Singlet	pANN_0.25_0.26_116	0.219570405727924
CNP0000460_TCATTTGGTTACAGAA-1_2_1_1_1_1_1_1_1	CNP0000460_P02N	CNP0000460	DF.classifications_0.25_0.26_116	Singlet	pANN_0.25_0.26_116	0.284805091487669
CNP0000460_TCATTTGGTTACGACT-1_2_1_1_1_1_1_1_1	CNP0000460_P02N	CNP0000460	DF.classifications_0.25_0.26_116	Singlet	pANN_0.25_0.26_116	0.269689737470167
CNP0000460_TCATTTGTCCTCAATT-1_2_1_1_1_1_1_1_1	CNP0000460_P02N	CNP0000460	DF.classifications_0.25_0.26_116	Singlet	pANN_0.25_0.26_116	0.218774860779634
CNP0000460_TCATTTGTCGCGATCG-1_2_1_1_1_1_1_1_1	CNP0000460_P02N	CNP0000460	DF.classifications_0.25_0.26_116	Singlet	pANN_0.25_0.26_116	0.176610978520286
CNP0000460_TCCACACAGGTAGCTG-1_2_1_1_1_1_1_1_1	CNP0000460_P02N	CNP0000460	DF.classifications_0.25_0.26_116	Singlet	pANN_0.25_0.26_116	0.221957040572792
CNP0000460_TCCACACAGGTGGGTT-1_2_1_1_1_1_1_1_1	CNP0000460_P02N	CNP0000460	DF.classifications_0.25_0.26_116	Singlet	pANN_0.25_0.26_116	0.193317422434368
CNP0000460_TCCACACAGTGGTAAT-1_2_1_1_1_1_1_1_1	CNP0000460_P02N	CNP0000460	DF.classifications_0.25_0.26_116	Doublet	pANN_0.25_0.26_116	0.385839299920446
CNP0000460_TCCACACCATACCATG-1_2_1_1_1_1_1_1_1	CNP0000460_P02N	CNP0000460	DF.classifications_0.25_0.26_116	Singlet	pANN_0.25_0.26_116	0.18854415274463
CNP0000460_TCCACACCATCCAACA-1_2_1_1_1_1_1_1_1	CNP0000460_P02N	CNP0000460	DF.classifications_0.25_0.26_116	Singlet	pANN_0.25_0.26_116	0.26412092283214
CNP0000460_TCCACACGTACTTCTT-1_2_1_1_1_1_1_1_1	CNP0000460_P02N	CNP0000460	DF.classifications_0.25_0.26_116	Singlet	pANN_0.25_0.26_116	0.211614956245028
CNP0000460_TCCACACGTCTCTTAT-1_2_1_1_1_1_1_1_1	CNP0000460_P02N	CNP0000460	DF.classifications_0.25_0.26_116	Singlet	pANN_0.25_0.26_116	0.217979315831344
CNP0000460_TCCACACTCCATGAAC-1_2_1_1_1_1_1_1_1	CNP0000460_P02N	CNP0000460	DF.classifications_0.25_0.26_116	Singlet	pANN_0.25_0.26_116	0.244232299124901
CNP0000460_TCCACACTCGCCAAAT-1_2_1_1_1_1_1_1_1	CNP0000460_P02N	CNP0000460	DF.classifications_0.25_0.26_116	Singlet	pANN_0.25_0.26_116	0.193317422434368
CNP0000460_TCCACACTCTTAGAGC-1_2_1_1_1_1_1_1_1	CNP0000460_P02N	CNP0000460	DF.classifications_0.25_0.26_116	Singlet	pANN_0.25_0.26_116	0.182975338106603
CNP0000460_TCCCGATAGTGAACGC-1_2_1_1_1_1_1_1_1	CNP0000460_P02N	CNP0000460	DF.classifications_0.25_0.26_116	Singlet	pANN_0.25_0.26_116	0.211614956245028
CNP0000460_TCCCGATAGTGCAAGC-1_2_1_1_1_1_1_1_1	CNP0000460_P02N	CNP0000460	DF.classifications_0.25_0.26_116	Singlet	pANN_0.25_0.26_116	0.213206046141607
CNP0000460_TCCCGATCACACATGT-1_2_1_1_1_1_1_1_1	CNP0000460_P02N	CNP0000460	DF.classifications_0.25_0.26_116	Singlet	pANN_0.25_0.26_116	0.253778838504375
CNP0000460_TCCCGATCAGCTCGCA-1_2_1_1_1_1_1_1_1	CNP0000460_P02N	CNP0000460	DF.classifications_0.25_0.26_116	Singlet	pANN_0.25_0.26_116	0.184566428003182
CNP0000460_TCCCGATGTAGAGGAA-1_2_1_1_1_1_1_1_1	CNP0000460_P02N	CNP0000460	DF.classifications_0.25_0.26_116	Singlet	pANN_0.25_0.26_116	0.199681782020684
CNP0000460_TCCCGATGTGCCTGGT-1_2_1_1_1_1_1_1_1	CNP0000460_P02N	CNP0000460	DF.classifications_0.25_0.26_116	Singlet	pANN_0.25_0.26_116	0.141607000795545
CNP0000460_TCCCGATGTTCCTCCA-1_2_1_1_1_1_1_1_1	CNP0000460_P02N	CNP0000460	DF.classifications_0.25_0.26_116	Singlet	pANN_0.25_0.26_116	0.210023866348449
CNP0000460_TCCCGATTCGACCAGC-1_2_1_1_1_1_1_1_1	CNP0000460_P02N	CNP0000460	DF.classifications_0.25_0.26_116	Singlet	pANN_0.25_0.26_116	0.180588703261734
CNP0000460_TCCCGATTCTGAGGGA-1_2_1_1_1_1_1_1_1	CNP0000460_P02N	CNP0000460	DF.classifications_0.25_0.26_116	Singlet	pANN_0.25_0.26_116	0.224343675417661
CNP0000460_TCGAGGCAGAGTACCG-1_2_1_1_1_1_1_1_1	CNP0000460_P02N	CNP0000460	DF.classifications_0.25_0.26_116	Singlet	pANN_0.25_0.26_116	0.224343675417661
CNP0000460_TCGAGGCAGGCTATCT-1_2_1_1_1_1_1_1_1	CNP0000460_P02N	CNP0000460	DF.classifications_0.25_0.26_116	Singlet	pANN_0.25_0.26_116	0.238663484486873
CNP0000460_TCGAGGCCAATGGAAT-1_2_1_1_1_1_1_1_1	CNP0000460_P02N	CNP0000460	DF.classifications_0.25_0.26_116	Singlet	pANN_0.25_0.26_116	0.203659506762132
CNP0000460_TCGAGGCCATCAGTAC-1_2_1_1_1_1_1_1_1	CNP0000460_P02N	CNP0000460	DF.classifications_0.25_0.26_116	Singlet	pANN_0.25_0.26_116	0.191726332537788
CNP0000460_TCGAGGCCATCTCCCA-1_2_1_1_1_1_1_1_1	CNP0000460_P02N	CNP0000460	DF.classifications_0.25_0.26_116	Singlet	pANN_0.25_0.26_116	0.209228321400159
CNP0000460_TCGAGGCGTCGCATAT-1_2_1_1_1_1_1_1_1	CNP0000460_P02N	CNP0000460	DF.classifications_0.25_0.26_116	Singlet	pANN_0.25_0.26_116	0.192521877486078
CNP0000460_TCGAGGCTCAACGGCC-1_2_1_1_1_1_1_1_1	CNP0000460_P02N	CNP0000460	DF.classifications_0.25_0.26_116	Singlet	pANN_0.25_0.26_116	0.269689737470167
CNP0000460_TCGAGGCTCCCAACGG-1_2_1_1_1_1_1_1_1	CNP0000460_P02N	CNP0000460	DF.classifications_0.25_0.26_116	Singlet	pANN_0.25_0.26_116	0.140015910898966
CNP0000460_TCGAGGCTCCTGCTTG-1_2_1_1_1_1_1_1_1	CNP0000460_P02N	CNP0000460	DF.classifications_0.25_0.26_116	Singlet	pANN_0.25_0.26_116	0.178997613365155
CNP0000460_TCGAGGCTCGAACGGA-1_2_1_1_1_1_1_1_1	CNP0000460_P02N	CNP0000460	DF.classifications_0.25_0.26_116	Singlet	pANN_0.25_0.26_116	0.180588703261734
CNP0000460_TCGAGGCTCTGCTTGC-1_2_1_1_1_1_1_1_1	CNP0000460_P02N	CNP0000460	DF.classifications_0.25_0.26_116	Singlet	pANN_0.25_0.26_116	0.219570405727924
CNP0000460_TCGCGAGAGCATCATC-1_2_1_1_1_1_1_1_1	CNP0000460_P02N	CNP0000460	DF.classifications_0.25_0.26_116	Singlet	pANN_0.25_0.26_116	0.216388225934765
CNP0000460_TCGCGAGAGTGTTAGA-1_2_1_1_1_1_1_1_1	CNP0000460_P02N	CNP0000460	DF.classifications_0.25_0.26_116	Singlet	pANN_0.25_0.26_116	0.20763723150358
CNP0000460_TCGCGAGCAGGAATGC-1_2_1_1_1_1_1_1_1	CNP0000460_P02N	CNP0000460	DF.classifications_0.25_0.26_116	Singlet	pANN_0.25_0.26_116	0.234685759745426
CNP0000460_TCGCGAGCATCCCACT-1_2_1_1_1_1_1_1_1	CNP0000460_P02N	CNP0000460	DF.classifications_0.25_0.26_116	Singlet	pANN_0.25_0.26_116	0.230708035003978
CNP0000460_TCGCGAGGTAGAGTGC-1_2_1_1_1_1_1_1_1	CNP0000460_P02N	CNP0000460	DF.classifications_0.25_0.26_116	Doublet	pANN_0.25_0.26_116	0.375497215592681
CNP0000460_TCGCGAGGTCAGTGGA-1_2_1_1_1_1_1_1_1	CNP0000460_P02N	CNP0000460	DF.classifications_0.25_0.26_116	Singlet	pANN_0.25_0.26_116	0.270485282418457
CNP0000460_TCGCGAGGTTACGCGC-1_2_1_1_1_1_1_1_1	CNP0000460_P02N	CNP0000460	DF.classifications_0.25_0.26_116	Singlet	pANN_0.25_0.26_116	0.246618933969769
CNP0000460_TCGCGAGTCGTGACAT-1_2_1_1_1_1_1_1_1	CNP0000460_P02N	CNP0000460	DF.classifications_0.25_0.26_116	Singlet	pANN_0.25_0.26_116	0.257756563245823
CNP0000460_TCGCGAGTCTTGCATT-1_2_1_1_1_1_1_1_1	CNP0000460_P02N	CNP0000460	DF.classifications_0.25_0.26_116	Singlet	pANN_0.25_0.26_116	0.184566428003182
CNP0000460_TCGCGTTAGCGATGAC-1_2_1_1_1_1_1_1_1	CNP0000460_P02N	CNP0000460	DF.classifications_0.25_0.26_116	Singlet	pANN_0.25_0.26_116	0.241050119331742
CNP0000460_TCGCGTTAGGATATAC-1_2_1_1_1_1_1_1_1	CNP0000460_P02N	CNP0000460	DF.classifications_0.25_0.26_116	Singlet	pANN_0.25_0.26_116	0.213206046141607
CNP0000460_TCGCGTTCAATGTTGC-1_2_1_1_1_1_1_1_1	CNP0000460_P02N	CNP0000460	DF.classifications_0.25_0.26_116	Singlet	pANN_0.25_0.26_116	0.184566428003182
CNP0000460_TCGCGTTCACCAGGCT-1_2_1_1_1_1_1_1_1	CNP0000460_P02N	CNP0000460	DF.classifications_0.25_0.26_116	Singlet	pANN_0.25_0.26_116	0.18933969769292
CNP0000460_TCGCGTTGTAAACACA-1_2_1_1_1_1_1_1_1	CNP0000460_P02N	CNP0000460	DF.classifications_0.25_0.26_116	Singlet	pANN_0.25_0.26_116	0.254574383452665
CNP0000460_TCGCGTTGTCAGAAGC-1_2_1_1_1_1_1_1_1	CNP0000460_P02N	CNP0000460	DF.classifications_0.25_0.26_116	Singlet	pANN_0.25_0.26_116	0.210023866348449
CNP0000460_TCGCGTTTCGCACTCT-1_2_1_1_1_1_1_1_1	CNP0000460_P02N	CNP0000460	DF.classifications_0.25_0.26_116	Singlet	pANN_0.25_0.26_116	0.31980906921241
CNP0000460_TCGGGACAGACCACGA-1_2_1_1_1_1_1_1_1	CNP0000460_P02N	CNP0000460	DF.classifications_0.25_0.26_116	Singlet	pANN_0.25_0.26_116	0.211614956245028
CNP0000460_TCGGGACAGCTAGGCA-1_2_1_1_1_1_1_1_1	CNP0000460_P02N	CNP0000460	DF.classifications_0.25_0.26_116	Singlet	pANN_0.25_0.26_116	0.288782816229117
CNP0000460_TCGGGACAGTAAGTAC-1_2_1_1_1_1_1_1_1	CNP0000460_P02N	CNP0000460	DF.classifications_0.25_0.26_116	Singlet	pANN_0.25_0.26_116	0.192521877486078
CNP0000460_TCGGGACCACGTGAGA-1_2_1_1_1_1_1_1_1	CNP0000460_P02N	CNP0000460	DF.classifications_0.25_0.26_116	Singlet	pANN_0.25_0.26_116	0.228321400159109
CNP0000460_TCGGGACCATATGCTG-1_2_1_1_1_1_1_1_1	CNP0000460_P02N	CNP0000460	DF.classifications_0.25_0.26_116	Singlet	pANN_0.25_0.26_116	0.220365950676213
CNP0000460_TCGGGACGTACTCTCC-1_2_1_1_1_1_1_1_1	CNP0000460_P02N	CNP0000460	DF.classifications_0.25_0.26_116	Singlet	pANN_0.25_0.26_116	0.284009546539379
CNP0000460_TCGGGACTCATCTGTT-1_2_1_1_1_1_1_1_1	CNP0000460_P02N	CNP0000460	DF.classifications_0.25_0.26_116	Singlet	pANN_0.25_0.26_116	0.194112967382657
CNP0000460_TCGGGACTCCCTAATT-1_2_1_1_1_1_1_1_1	CNP0000460_P02N	CNP0000460	DF.classifications_0.25_0.26_116	Singlet	pANN_0.25_0.26_116	0.16945107398568
CNP0000460_TCGGGACTCGCGGATC-1_2_1_1_1_1_1_1_1	CNP0000460_P02N	CNP0000460	DF.classifications_0.25_0.26_116	Singlet	pANN_0.25_0.26_116	0.18854415274463
CNP0000460_TCGGTAAAGACATAAC-1_2_1_1_1_1_1_1_1	CNP0000460_P02N	CNP0000460	DF.classifications_0.25_0.26_116	Singlet	pANN_0.25_0.26_116	0.213206046141607
CNP0000460_TCGGTAAAGAGGGCTT-1_2_1_1_1_1_1_1_1	CNP0000460_P02N	CNP0000460	DF.classifications_0.25_0.26_116	Singlet	pANN_0.25_0.26_116	0.232299124900557
CNP0000460_TCGGTAAAGAGTCGGT-1_2_1_1_1_1_1_1_1	CNP0000460_P02N	CNP0000460	DF.classifications_0.25_0.26_116	Singlet	pANN_0.25_0.26_116	0.206046141607001
CNP0000460_TCGGTAACAATACGCT-1_2_1_1_1_1_1_1_1	CNP0000460_P02N	CNP0000460	DF.classifications_0.25_0.26_116	Singlet	pANN_0.25_0.26_116	0.214001591089897
CNP0000460_TCGGTAACAGCTCCGA-1_2_1_1_1_1_1_1_1	CNP0000460_P02N	CNP0000460	DF.classifications_0.25_0.26_116	Singlet	pANN_0.25_0.26_116	0.330151153540175
CNP0000460_TCGGTAAGTAGGACAC-1_2_1_1_1_1_1_1_1	CNP0000460_P02N	CNP0000460	DF.classifications_0.25_0.26_116	Singlet	pANN_0.25_0.26_116	0.303898170246619
CNP0000460_TCGGTAAGTGTCCTCT-1_2_1_1_1_1_1_1_1	CNP0000460_P02N	CNP0000460	DF.classifications_0.25_0.26_116	Singlet	pANN_0.25_0.26_116	0.125696101829753
CNP0000460_TCGGTAAGTTCCAACA-1_2_1_1_1_1_1_1_1	CNP0000460_P02N	CNP0000460	DF.classifications_0.25_0.26_116	Singlet	pANN_0.25_0.26_116	0.222752585521082
CNP0000460_TCGGTAATCAACCAAC-1_2_1_1_1_1_1_1_1	CNP0000460_P02N	CNP0000460	DF.classifications_0.25_0.26_116	Singlet	pANN_0.25_0.26_116	0.167859984089101
CNP0000460_TCGGTAATCACCATAG-1_2_1_1_1_1_1_1_1	CNP0000460_P02N	CNP0000460	DF.classifications_0.25_0.26_116	Singlet	pANN_0.25_0.26_116	0.200477326968974
CNP0000460_TCGTACCAGCAGCCTC-1_2_1_1_1_1_1_1_1	CNP0000460_P02N	CNP0000460	DF.classifications_0.25_0.26_116	Singlet	pANN_0.25_0.26_116	0.183770883054893
CNP0000460_TCGTACCAGCGCCTTG-1_2_1_1_1_1_1_1_1	CNP0000460_P02N	CNP0000460	DF.classifications_0.25_0.26_116	Singlet	pANN_0.25_0.26_116	0.182179793158313
CNP0000460_TCGTACCAGTCTCAAC-1_2_1_1_1_1_1_1_1	CNP0000460_P02N	CNP0000460	DF.classifications_0.25_0.26_116	Singlet	pANN_0.25_0.26_116	0.254574383452665
CNP0000460_TCGTACCCACGCCAGT-1_2_1_1_1_1_1_1_1	CNP0000460_P02N	CNP0000460	DF.classifications_0.25_0.26_116	Singlet	pANN_0.25_0.26_116	0.236276849642005
CNP0000460_TCGTACCCAGATAATG-1_2_1_1_1_1_1_1_1	CNP0000460_P02N	CNP0000460	DF.classifications_0.25_0.26_116	Singlet	pANN_0.25_0.26_116	0.227525855210819
CNP0000460_TCGTACCCAGTAAGAT-1_2_1_1_1_1_1_1_1	CNP0000460_P02N	CNP0000460	DF.classifications_0.25_0.26_116	Singlet	pANN_0.25_0.26_116	0.236276849642005
CNP0000460_TCGTACCGTGACAAAT-1_2_1_1_1_1_1_1_1	CNP0000460_P02N	CNP0000460	DF.classifications_0.25_0.26_116	Singlet	pANN_0.25_0.26_116	0.295942720763723
CNP0000460_TCGTACCTCCAATGGT-1_2_1_1_1_1_1_1_1	CNP0000460_P02N	CNP0000460	DF.classifications_0.25_0.26_116	Singlet	pANN_0.25_0.26_116	0.232299124900557
CNP0000460_TCGTAGAAGCGATTCT-1_2_1_1_1_1_1_1_1	CNP0000460_P02N	CNP0000460	DF.classifications_0.25_0.26_116	Singlet	pANN_0.25_0.26_116	0.248210023866348
CNP0000460_TCGTAGACAAGCGCTC-1_2_1_1_1_1_1_1_1	CNP0000460_P02N	CNP0000460	DF.classifications_0.25_0.26_116	Singlet	pANN_0.25_0.26_116	0.24502784407319
CNP0000460_TCGTAGAGTAGTGAAT-1_2_1_1_1_1_1_1_1	CNP0000460_P02N	CNP0000460	DF.classifications_0.25_0.26_116	Singlet	pANN_0.25_0.26_116	0.141607000795545
CNP0000460_TCGTAGAGTCAGTGGA-1_2_1_1_1_1_1_1_1	CNP0000460_P02N	CNP0000460	DF.classifications_0.25_0.26_116	Singlet	pANN_0.25_0.26_116	0.227525855210819
CNP0000460_TCGTAGAGTCTGCGGT-1_2_1_1_1_1_1_1_1	CNP0000460_P02N	CNP0000460	DF.classifications_0.25_0.26_116	Singlet	pANN_0.25_0.26_116	0.254574383452665
CNP0000460_TCGTAGAGTGTCAATC-1_2_1_1_1_1_1_1_1	CNP0000460_P02N	CNP0000460	DF.classifications_0.25_0.26_116	Singlet	pANN_0.25_0.26_116	0.190135242641209
CNP0000460_TCGTAGAGTTAGTGGG-1_2_1_1_1_1_1_1_1	CNP0000460_P02N	CNP0000460	DF.classifications_0.25_0.26_116	Singlet	pANN_0.25_0.26_116	0.186157517899761
CNP0000460_TCGTAGATCACCTCGT-1_2_1_1_1_1_1_1_1	CNP0000460_P02N	CNP0000460	DF.classifications_0.25_0.26_116	Singlet	pANN_0.25_0.26_116	0.228321400159109
CNP0000460_TCGTAGATCATCATTC-1_2_1_1_1_1_1_1_1	CNP0000460_P02N	CNP0000460	DF.classifications_0.25_0.26_116	Singlet	pANN_0.25_0.26_116	0.184566428003182
CNP0000460_TCGTAGATCCTCTAGC-1_2_1_1_1_1_1_1_1	CNP0000460_P02N	CNP0000460	DF.classifications_0.25_0.26_116	Singlet	pANN_0.25_0.26_116	0.235481304693715
CNP0000460_TCTATTGAGCTCAACT-1_2_1_1_1_1_1_1_1	CNP0000460_P02N	CNP0000460	DF.classifications_0.25_0.26_116	Singlet	pANN_0.25_0.26_116	0.20843277645187
CNP0000460_TCTATTGCACATGGGA-1_2_1_1_1_1_1_1_1	CNP0000460_P02N	CNP0000460	DF.classifications_0.25_0.26_116	Singlet	pANN_0.25_0.26_116	0.209228321400159
CNP0000460_TCTATTGCACGGCCAT-1_2_1_1_1_1_1_1_1	CNP0000460_P02N	CNP0000460	DF.classifications_0.25_0.26_116	Singlet	pANN_0.25_0.26_116	0.270485282418457
CNP0000460_TCTATTGCACGTCAGC-1_2_1_1_1_1_1_1_1	CNP0000460_P02N	CNP0000460	DF.classifications_0.25_0.26_116	Singlet	pANN_0.25_0.26_116	0.258552108194113
CNP0000460_TCTATTGGTCATCGGC-1_2_1_1_1_1_1_1_1	CNP0000460_P02N	CNP0000460	DF.classifications_0.25_0.26_116	Singlet	pANN_0.25_0.26_116	0.252983293556086
CNP0000460_TCTATTGGTCTAGTGT-1_2_1_1_1_1_1_1_1	CNP0000460_P02N	CNP0000460	DF.classifications_0.25_0.26_116	Singlet	pANN_0.25_0.26_116	0.212410501193317
CNP0000460_TCTATTGGTGAAATCA-1_2_1_1_1_1_1_1_1	CNP0000460_P02N	CNP0000460	DF.classifications_0.25_0.26_116	Singlet	pANN_0.25_0.26_116	0.20684168655529
CNP0000460_TCTATTGTCACAACGT-1_2_1_1_1_1_1_1_1	CNP0000460_P02N	CNP0000460	DF.classifications_0.25_0.26_116	Singlet	pANN_0.25_0.26_116	0.197295147175815
CNP0000460_TCTATTGTCAGCGATT-1_2_1_1_1_1_1_1_1	CNP0000460_P02N	CNP0000460	DF.classifications_0.25_0.26_116	Singlet	pANN_0.25_0.26_116	0.309466984884646
CNP0000460_TCTATTGTCGCCATAA-1_2_1_1_1_1_1_1_1	CNP0000460_P02N	CNP0000460	DF.classifications_0.25_0.26_116	Doublet	pANN_0.25_0.26_116	0.391408114558473
CNP0000460_TCTATTGTCTGCAGTA-1_2_1_1_1_1_1_1_1	CNP0000460_P02N	CNP0000460	DF.classifications_0.25_0.26_116	Singlet	pANN_0.25_0.26_116	0.268894192521877
CNP0000460_TCTCATAAGGAATCGC-1_2_1_1_1_1_1_1_1	CNP0000460_P02N	CNP0000460	DF.classifications_0.25_0.26_116	Singlet	pANN_0.25_0.26_116	0.186953062848051
CNP0000460_TCTCATACAATACGCT-1_2_1_1_1_1_1_1_1	CNP0000460_P02N	CNP0000460	DF.classifications_0.25_0.26_116	Singlet	pANN_0.25_0.26_116	0.259347653142403
CNP0000460_TCTCATACACAGAGGT-1_2_1_1_1_1_1_1_1	CNP0000460_P02N	CNP0000460	DF.classifications_0.25_0.26_116	Singlet	pANN_0.25_0.26_116	0.197295147175815
CNP0000460_TCTCATAGTCAAAGCG-1_2_1_1_1_1_1_1_1	CNP0000460_P02N	CNP0000460	DF.classifications_0.25_0.26_116	Singlet	pANN_0.25_0.26_116	0.361972951471758
CNP0000460_TCTCATAGTCGCGAAA-1_2_1_1_1_1_1_1_1	CNP0000460_P02N	CNP0000460	DF.classifications_0.25_0.26_116	Singlet	pANN_0.25_0.26_116	0.253778838504375
CNP0000460_TCTCATATCGCCTGAG-1_2_1_1_1_1_1_1_1	CNP0000460_P02N	CNP0000460	DF.classifications_0.25_0.26_116	Singlet	pANN_0.25_0.26_116	0.224343675417661
CNP0000460_TCTCATATCTGTCCGT-1_2_1_1_1_1_1_1_1	CNP0000460_P02N	CNP0000460	DF.classifications_0.25_0.26_116	Singlet	pANN_0.25_0.26_116	0.195704057279236
CNP0000460_TCTCTAAAGCCTCGTG-1_2_1_1_1_1_1_1_1	CNP0000460_P02N	CNP0000460	DF.classifications_0.25_0.26_116	Singlet	pANN_0.25_0.26_116	0.20843277645187
CNP0000460_TCTCTAAAGCGATCCC-1_2_1_1_1_1_1_1_1	CNP0000460_P02N	CNP0000460	DF.classifications_0.25_0.26_116	Singlet	pANN_0.25_0.26_116	0.249005568814638
CNP0000460_TCTCTAAAGCTGTTCA-1_2_1_1_1_1_1_1_1	CNP0000460_P02N	CNP0000460	DF.classifications_0.25_0.26_116	Singlet	pANN_0.25_0.26_116	0.171837708830549
CNP0000460_TCTCTAAAGTTCCACA-1_2_1_1_1_1_1_1_1	CNP0000460_P02N	CNP0000460	DF.classifications_0.25_0.26_116	Singlet	pANN_0.25_0.26_116	0.196499602227526
CNP0000460_TCTCTAACACTTCTGC-1_2_1_1_1_1_1_1_1	CNP0000460_P02N	CNP0000460	DF.classifications_0.25_0.26_116	Singlet	pANN_0.25_0.26_116	0.346062052505967
CNP0000460_TCTCTAACAGATCCAT-1_2_1_1_1_1_1_1_1	CNP0000460_P02N	CNP0000460	DF.classifications_0.25_0.26_116	Singlet	pANN_0.25_0.26_116	0.237867939538584
CNP0000460_TCTCTAACAGGAATCG-1_2_1_1_1_1_1_1_1	CNP0000460_P02N	CNP0000460	DF.classifications_0.25_0.26_116	Singlet	pANN_0.25_0.26_116	0.205250596658711
CNP0000460_TCTCTAACAGTCACTA-1_2_1_1_1_1_1_1_1	CNP0000460_P02N	CNP0000460	DF.classifications_0.25_0.26_116	Singlet	pANN_0.25_0.26_116	0.225139220365951
CNP0000460_TCTCTAACATCCGCGA-1_2_1_1_1_1_1_1_1	CNP0000460_P02N	CNP0000460	DF.classifications_0.25_0.26_116	Singlet	pANN_0.25_0.26_116	0.303898170246619
CNP0000460_TCTCTAACATCCTAGA-1_2_1_1_1_1_1_1_1	CNP0000460_P02N	CNP0000460	DF.classifications_0.25_0.26_116	Singlet	pANN_0.25_0.26_116	0.178997613365155
CNP0000460_TCTCTAAGTACAGTGG-1_2_1_1_1_1_1_1_1	CNP0000460_P02N	CNP0000460	DF.classifications_0.25_0.26_116	Singlet	pANN_0.25_0.26_116	0.203659506762132
CNP0000460_TCTCTAAGTCTAGCGC-1_2_1_1_1_1_1_1_1	CNP0000460_P02N	CNP0000460	DF.classifications_0.25_0.26_116	Singlet	pANN_0.25_0.26_116	0.243436754176611
CNP0000460_TCTCTAAGTGTTAAGA-1_2_1_1_1_1_1_1_1	CNP0000460_P02N	CNP0000460	DF.classifications_0.25_0.26_116	Singlet	pANN_0.25_0.26_116	0.284805091487669
CNP0000460_TCTCTAATCCGAAGAG-1_2_1_1_1_1_1_1_1	CNP0000460_P02N	CNP0000460	DF.classifications_0.25_0.26_116	Singlet	pANN_0.25_0.26_116	0.167064439140811
CNP0000460_TCTCTAATCGGAATCT-1_2_1_1_1_1_1_1_1	CNP0000460_P02N	CNP0000460	DF.classifications_0.25_0.26_116	Singlet	pANN_0.25_0.26_116	0.18854415274463
CNP0000460_TCTCTAATCGTAGGTT-1_2_1_1_1_1_1_1_1	CNP0000460_P02N	CNP0000460	DF.classifications_0.25_0.26_116	Singlet	pANN_0.25_0.26_116	0.183770883054893
CNP0000460_TCTCTAATCTTGTACT-1_2_1_1_1_1_1_1_1	CNP0000460_P02N	CNP0000460	DF.classifications_0.25_0.26_116	Singlet	pANN_0.25_0.26_116	0.236276849642005
CNP0000460_TCTGAGAAGAGATGAG-1_2_1_1_1_1_1_1_1	CNP0000460_P02N	CNP0000460	DF.classifications_0.25_0.26_116	Singlet	pANN_0.25_0.26_116	0.195704057279236
CNP0000460_TCTGAGACAAAGCGGT-1_2_1_1_1_1_1_1_1	CNP0000460_P02N	CNP0000460	DF.classifications_0.25_0.26_116	Singlet	pANN_0.25_0.26_116	0.180588703261734
CNP0000460_TCTGAGACAATGTAAG-1_2_1_1_1_1_1_1_1	CNP0000460_P02N	CNP0000460	DF.classifications_0.25_0.26_116	Singlet	pANN_0.25_0.26_116	0.227525855210819
CNP0000460_TCTGAGACACGGTAAG-1_2_1_1_1_1_1_1_1	CNP0000460_P02N	CNP0000460	DF.classifications_0.25_0.26_116	Singlet	pANN_0.25_0.26_116	0.190930787589499
CNP0000460_TCTGAGACAGGGTATG-1_2_1_1_1_1_1_1_1	CNP0000460_P02N	CNP0000460	DF.classifications_0.25_0.26_116	Singlet	pANN_0.25_0.26_116	0.287987271280827
CNP0000460_TCTGAGATCAGAGCTT-1_2_1_1_1_1_1_1_1	CNP0000460_P02N	CNP0000460	DF.classifications_0.25_0.26_116	Singlet	pANN_0.25_0.26_116	0.149562450278441
CNP0000460_TCTGAGATCCACGTTC-1_2_1_1_1_1_1_1_1	CNP0000460_P02N	CNP0000460	DF.classifications_0.25_0.26_116	Singlet	pANN_0.25_0.26_116	0.33890214797136
CNP0000460_TCTGGAAAGCCCTAAT-1_2_1_1_1_1_1_1_1	CNP0000460_P02N	CNP0000460	DF.classifications_0.25_0.26_116	Singlet	pANN_0.25_0.26_116	0.194112967382657
CNP0000460_TCTGGAAAGCCTCGTG-1_2_1_1_1_1_1_1_1	CNP0000460_P02N	CNP0000460	DF.classifications_0.25_0.26_116	Singlet	pANN_0.25_0.26_116	0.202068416865553
CNP0000460_TCTGGAAAGCTGAAAT-1_2_1_1_1_1_1_1_1	CNP0000460_P02N	CNP0000460	DF.classifications_0.25_0.26_116	Singlet	pANN_0.25_0.26_116	0.214797136038186
CNP0000460_TCTGGAAAGGATTCGG-1_2_1_1_1_1_1_1_1	CNP0000460_P02N	CNP0000460	DF.classifications_0.25_0.26_116	Singlet	pANN_0.25_0.26_116	0.210819411296738
CNP0000460_TCTGGAACAACACCTA-1_2_1_1_1_1_1_1_1	CNP0000460_P02N	CNP0000460	DF.classifications_0.25_0.26_116	Singlet	pANN_0.25_0.26_116	0.237072394590294
CNP0000460_TCTGGAAGTACGCTGC-1_2_1_1_1_1_1_1_1	CNP0000460_P02N	CNP0000460	DF.classifications_0.25_0.26_116	Singlet	pANN_0.25_0.26_116	0.179793158313445
CNP0000460_TCTTCGGAGCCAGAAC-1_2_1_1_1_1_1_1_1	CNP0000460_P02N	CNP0000460	DF.classifications_0.25_0.26_116	Singlet	pANN_0.25_0.26_116	0.196499602227526
CNP0000460_TCTTCGGAGCGATCCC-1_2_1_1_1_1_1_1_1	CNP0000460_P02N	CNP0000460	DF.classifications_0.25_0.26_116	Doublet	pANN_0.25_0.26_116	0.365155131264916
CNP0000460_TCTTCGGAGGAGTCTG-1_2_1_1_1_1_1_1_1	CNP0000460_P02N	CNP0000460	DF.classifications_0.25_0.26_116	Singlet	pANN_0.25_0.26_116	0.237072394590294
CNP0000460_TCTTCGGCAGCGTCCA-1_2_1_1_1_1_1_1_1	CNP0000460_P02N	CNP0000460	DF.classifications_0.25_0.26_116	Singlet	pANN_0.25_0.26_116	0.174224343675418
CNP0000460_TCTTCGGGTACCGTAT-1_2_1_1_1_1_1_1_1	CNP0000460_P02N	CNP0000460	DF.classifications_0.25_0.26_116	Singlet	pANN_0.25_0.26_116	0.250596658711217
CNP0000460_TCTTCGGGTACTCAAC-1_2_1_1_1_1_1_1_1	CNP0000460_P02N	CNP0000460	DF.classifications_0.25_0.26_116	Singlet	pANN_0.25_0.26_116	0.202068416865553
CNP0000460_TCTTCGGGTGGTGTAG-1_2_1_1_1_1_1_1_1	CNP0000460_P02N	CNP0000460	DF.classifications_0.25_0.26_116	Singlet	pANN_0.25_0.26_116	0.216388225934765
CNP0000460_TCTTCGGTCAGAGACG-1_2_1_1_1_1_1_1_1	CNP0000460_P02N	CNP0000460	DF.classifications_0.25_0.26_116	Singlet	pANN_0.25_0.26_116	0.232299124900557
CNP0000460_TCTTCGGTCAGTTCGA-1_2_1_1_1_1_1_1_1	CNP0000460_P02N	CNP0000460	DF.classifications_0.25_0.26_116	Singlet	pANN_0.25_0.26_116	0.219570405727924
CNP0000460_TCTTCGGTCTCAACTT-1_2_1_1_1_1_1_1_1	CNP0000460_P02N	CNP0000460	DF.classifications_0.25_0.26_116	Singlet	pANN_0.25_0.26_116	0.210023866348449
CNP0000460_TCTTTCCAGAGACGAA-1_2_1_1_1_1_1_1_1	CNP0000460_P02N	CNP0000460	DF.classifications_0.25_0.26_116	Singlet	pANN_0.25_0.26_116	0.241845664280032
CNP0000460_TCTTTCCCACGCTTTC-1_2_1_1_1_1_1_1_1	CNP0000460_P02N	CNP0000460	DF.classifications_0.25_0.26_116	Singlet	pANN_0.25_0.26_116	0.292760540970565
CNP0000460_TCTTTCCCAGGCAGTA-1_2_1_1_1_1_1_1_1	CNP0000460_P02N	CNP0000460	DF.classifications_0.25_0.26_116	Singlet	pANN_0.25_0.26_116	0.257756563245823
CNP0000460_TCTTTCCGTATTCTCT-1_2_1_1_1_1_1_1_1	CNP0000460_P02N	CNP0000460	DF.classifications_0.25_0.26_116	Singlet	pANN_0.25_0.26_116	0.167859984089101
CNP0000460_TCTTTCCGTGGTACAG-1_2_1_1_1_1_1_1_1	CNP0000460_P02N	CNP0000460	DF.classifications_0.25_0.26_116	Singlet	pANN_0.25_0.26_116	0.190930787589499
CNP0000460_TCTTTCCGTTTAAGCC-1_2_1_1_1_1_1_1_1	CNP0000460_P02N	CNP0000460	DF.classifications_0.25_0.26_116	Singlet	pANN_0.25_0.26_116	0.215592680986476
CNP0000460_TCTTTCCTCAACTCTT-1_2_1_1_1_1_1_1_1	CNP0000460_P02N	CNP0000460	DF.classifications_0.25_0.26_116	Singlet	pANN_0.25_0.26_116	0.346857597454256
CNP0000460_TCTTTCCTCCGGCACA-1_2_1_1_1_1_1_1_1	CNP0000460_P02N	CNP0000460	DF.classifications_0.25_0.26_116	Singlet	pANN_0.25_0.26_116	0.210819411296738
CNP0000460_TCTTTCCTCTTTAGTC-1_2_1_1_1_1_1_1_1	CNP0000460_P02N	CNP0000460	DF.classifications_0.25_0.26_116	Singlet	pANN_0.25_0.26_116	0.260938743038982
CNP0000460_TGAAAGAAGCTCCTTC-1_2_1_1_1_1_1_1_1	CNP0000460_P02N	CNP0000460	DF.classifications_0.25_0.26_116	Singlet	pANN_0.25_0.26_116	0.211614956245028
CNP0000460_TGAAAGAAGTCTCGGC-1_2_1_1_1_1_1_1_1	CNP0000460_P02N	CNP0000460	DF.classifications_0.25_0.26_116	Singlet	pANN_0.25_0.26_116	0.18854415274463
CNP0000460_TGAAAGACAACACCTA-1_2_1_1_1_1_1_1_1	CNP0000460_P02N	CNP0000460	DF.classifications_0.25_0.26_116	Singlet	pANN_0.25_0.26_116	0.244232299124901
CNP0000460_TGAAAGACAACACGCC-1_2_1_1_1_1_1_1_1	CNP0000460_P02N	CNP0000460	DF.classifications_0.25_0.26_116	Singlet	pANN_0.25_0.26_116	0.215592680986476
CNP0000460_TGAAAGACACTATCTT-1_2_1_1_1_1_1_1_1	CNP0000460_P02N	CNP0000460	DF.classifications_0.25_0.26_116	Singlet	pANN_0.25_0.26_116	0.260143198090692
CNP0000460_TGAAAGACATCTCGCT-1_2_1_1_1_1_1_1_1	CNP0000460_P02N	CNP0000460	DF.classifications_0.25_0.26_116	Singlet	pANN_0.25_0.26_116	0.24502784407319
CNP0000460_TGAAAGACATGTCGAT-1_2_1_1_1_1_1_1_1	CNP0000460_P02N	CNP0000460	DF.classifications_0.25_0.26_116	Singlet	pANN_0.25_0.26_116	0.235481304693715
CNP0000460_TGAAAGAGTCTCCATC-1_2_1_1_1_1_1_1_1	CNP0000460_P02N	CNP0000460	DF.classifications_0.25_0.26_116	Singlet	pANN_0.25_0.26_116	0.261734287987271
CNP0000460_TGAAAGAGTTCGTCTC-1_2_1_1_1_1_1_1_1	CNP0000460_P02N	CNP0000460	DF.classifications_0.25_0.26_116	Singlet	pANN_0.25_0.26_116	0.254574383452665
CNP0000460_TGAAAGAGTTTCCACC-1_2_1_1_1_1_1_1_1	CNP0000460_P02N	CNP0000460	DF.classifications_0.25_0.26_116	Singlet	pANN_0.25_0.26_116	0.168655529037391
CNP0000460_TGAAAGATCGTTGACA-1_2_1_1_1_1_1_1_1	CNP0000460_P02N	CNP0000460	DF.classifications_0.25_0.26_116	Singlet	pANN_0.25_0.26_116	0.298329355608592
CNP0000460_TGAAAGATCTCCAACC-1_2_1_1_1_1_1_1_1	CNP0000460_P02N	CNP0000460	DF.classifications_0.25_0.26_116	Singlet	pANN_0.25_0.26_116	0.22673031026253
CNP0000460_TGACAACAGACGCTTT-1_2_1_1_1_1_1_1_1	CNP0000460_P02N	CNP0000460	DF.classifications_0.25_0.26_116	Singlet	pANN_0.25_0.26_116	0.180588703261734
CNP0000460_TGACAACAGTCAATAG-1_2_1_1_1_1_1_1_1	CNP0000460_P02N	CNP0000460	DF.classifications_0.25_0.26_116	Singlet	pANN_0.25_0.26_116	0.213206046141607
CNP0000460_TGACAACCAACTGCGC-1_2_1_1_1_1_1_1_1	CNP0000460_P02N	CNP0000460	DF.classifications_0.25_0.26_116	Singlet	pANN_0.25_0.26_116	0.286396181384248
CNP0000460_TGACAACCACACCGCA-1_2_1_1_1_1_1_1_1	CNP0000460_P02N	CNP0000460	DF.classifications_0.25_0.26_116	Singlet	pANN_0.25_0.26_116	0.30151153540175
CNP0000460_TGACAACGTCACTGGC-1_2_1_1_1_1_1_1_1	CNP0000460_P02N	CNP0000460	DF.classifications_0.25_0.26_116	Singlet	pANN_0.25_0.26_116	0.178202068416866
CNP0000460_TGACAACGTCCGCTGA-1_2_1_1_1_1_1_1_1	CNP0000460_P02N	CNP0000460	DF.classifications_0.25_0.26_116	Singlet	pANN_0.25_0.26_116	0.228321400159109
CNP0000460_TGACAACGTGAAGGCT-1_2_1_1_1_1_1_1_1	CNP0000460_P02N	CNP0000460	DF.classifications_0.25_0.26_116	Singlet	pANN_0.25_0.26_116	0.196499602227526
CNP0000460_TGACAACTCGCTTGTC-1_2_1_1_1_1_1_1_1	CNP0000460_P02N	CNP0000460	DF.classifications_0.25_0.26_116	Singlet	pANN_0.25_0.26_116	0.216388225934765
CNP0000460_TGACAACTCTGCCCTA-1_2_1_1_1_1_1_1_1	CNP0000460_P02N	CNP0000460	DF.classifications_0.25_0.26_116	Singlet	pANN_0.25_0.26_116	0.231503579952267
CNP0000460_TGACGGCAGGCTCTTA-1_2_1_1_1_1_1_1_1	CNP0000460_P02N	CNP0000460	DF.classifications_0.25_0.26_116	Singlet	pANN_0.25_0.26_116	0.184566428003182
CNP0000460_TGACGGCCATATACCG-1_2_1_1_1_1_1_1_1	CNP0000460_P02N	CNP0000460	DF.classifications_0.25_0.26_116	Singlet	pANN_0.25_0.26_116	0.221957040572792
CNP0000460_TGACGGCCATTTGCCC-1_2_1_1_1_1_1_1_1	CNP0000460_P02N	CNP0000460	DF.classifications_0.25_0.26_116	Singlet	pANN_0.25_0.26_116	0.32140015910899
CNP0000460_TGACGGCGTAAGGGCT-1_2_1_1_1_1_1_1_1	CNP0000460_P02N	CNP0000460	DF.classifications_0.25_0.26_116	Singlet	pANN_0.25_0.26_116	0.35799522673031
CNP0000460_TGACGGCGTGTGACCC-1_2_1_1_1_1_1_1_1	CNP0000460_P02N	CNP0000460	DF.classifications_0.25_0.26_116	Singlet	pANN_0.25_0.26_116	0.18854415274463
CNP0000460_TGACGGCTCCGCAAGC-1_2_1_1_1_1_1_1_1	CNP0000460_P02N	CNP0000460	DF.classifications_0.25_0.26_116	Singlet	pANN_0.25_0.26_116	0.254574383452665
CNP0000460_TGACGGCTCTCGATGA-1_2_1_1_1_1_1_1_1	CNP0000460_P02N	CNP0000460	DF.classifications_0.25_0.26_116	Singlet	pANN_0.25_0.26_116	0.184566428003182
CNP0000460_TGACGGCTCTCTGTCG-1_2_1_1_1_1_1_1_1	CNP0000460_P02N	CNP0000460	DF.classifications_0.25_0.26_116	Singlet	pANN_0.25_0.26_116	0.268098647573588
CNP0000460_TGACGGCTCTTGACGA-1_2_1_1_1_1_1_1_1	CNP0000460_P02N	CNP0000460	DF.classifications_0.25_0.26_116	Singlet	pANN_0.25_0.26_116	0.222752585521082
CNP0000460_TGACTAGCAAGCCGCT-1_2_1_1_1_1_1_1_1	CNP0000460_P02N	CNP0000460	DF.classifications_0.25_0.26_116	Singlet	pANN_0.25_0.26_116	0.18933969769292
CNP0000460_TGACTAGCACCCTATC-1_2_1_1_1_1_1_1_1	CNP0000460_P02N	CNP0000460	DF.classifications_0.25_0.26_116	Singlet	pANN_0.25_0.26_116	0.256961018297534
CNP0000460_TGACTAGCATGCCTTC-1_2_1_1_1_1_1_1_1	CNP0000460_P02N	CNP0000460	DF.classifications_0.25_0.26_116	Singlet	pANN_0.25_0.26_116	0.235481304693715
CNP0000460_TGACTAGCATTGAGCT-1_2_1_1_1_1_1_1_1	CNP0000460_P02N	CNP0000460	DF.classifications_0.25_0.26_116	Singlet	pANN_0.25_0.26_116	0.217183770883055
CNP0000460_TGACTAGGTCTGCAAT-1_2_1_1_1_1_1_1_1	CNP0000460_P02N	CNP0000460	DF.classifications_0.25_0.26_116	Singlet	pANN_0.25_0.26_116	0.205250596658711
CNP0000460_TGACTAGGTGATGCCC-1_2_1_1_1_1_1_1_1	CNP0000460_P02N	CNP0000460	DF.classifications_0.25_0.26_116	Singlet	pANN_0.25_0.26_116	0.202068416865553
CNP0000460_TGACTAGTCCGTTGCT-1_2_1_1_1_1_1_1_1	CNP0000460_P02N	CNP0000460	DF.classifications_0.25_0.26_116	Singlet	pANN_0.25_0.26_116	0.22593476531424
CNP0000460_TGACTAGTCTCGAGTA-1_2_1_1_1_1_1_1_1	CNP0000460_P02N	CNP0000460	DF.classifications_0.25_0.26_116	Singlet	pANN_0.25_0.26_116	0.201272871917263
CNP0000460_TGACTAGTCTGCGTAA-1_2_1_1_1_1_1_1_1	CNP0000460_P02N	CNP0000460	DF.classifications_0.25_0.26_116	Singlet	pANN_0.25_0.26_116	0.205250596658711
CNP0000460_TGACTTTAGACCTAGG-1_2_1_1_1_1_1_1_1	CNP0000460_P02N	CNP0000460	DF.classifications_0.25_0.26_116	Singlet	pANN_0.25_0.26_116	0.180588703261734
CNP0000460_TGACTTTAGTGGCACA-1_2_1_1_1_1_1_1_1	CNP0000460_P02N	CNP0000460	DF.classifications_0.25_0.26_116	Singlet	pANN_0.25_0.26_116	0.237072394590294
CNP0000460_TGACTTTGTTACTGAC-1_2_1_1_1_1_1_1_1	CNP0000460_P02N	CNP0000460	DF.classifications_0.25_0.26_116	Singlet	pANN_0.25_0.26_116	0.260143198090692
CNP0000460_TGAGAGGCAAAGAATC-1_2_1_1_1_1_1_1_1	CNP0000460_P02N	CNP0000460	DF.classifications_0.25_0.26_116	Doublet	pANN_0.25_0.26_116	0.408910103420843
CNP0000460_TGAGAGGCAATCGAAA-1_2_1_1_1_1_1_1_1	CNP0000460_P02N	CNP0000460	DF.classifications_0.25_0.26_116	Singlet	pANN_0.25_0.26_116	0.22593476531424
CNP0000460_TGAGAGGCACCAGATT-1_2_1_1_1_1_1_1_1	CNP0000460_P02N	CNP0000460	DF.classifications_0.25_0.26_116	Singlet	pANN_0.25_0.26_116	0.219570405727924
CNP0000460_TGAGAGGCACTAGTAC-1_2_1_1_1_1_1_1_1	CNP0000460_P02N	CNP0000460	DF.classifications_0.25_0.26_116	Singlet	pANN_0.25_0.26_116	0.18933969769292
CNP0000460_TGAGAGGGTAAGAGGA-1_2_1_1_1_1_1_1_1	CNP0000460_P02N	CNP0000460	DF.classifications_0.25_0.26_116	Singlet	pANN_0.25_0.26_116	0.209228321400159
CNP0000460_TGAGAGGGTGCGCTTG-1_2_1_1_1_1_1_1_1	CNP0000460_P02N	CNP0000460	DF.classifications_0.25_0.26_116	Singlet	pANN_0.25_0.26_116	0.178997613365155
CNP0000460_TGAGAGGGTTGAACTC-1_2_1_1_1_1_1_1_1	CNP0000460_P02N	CNP0000460	DF.classifications_0.25_0.26_116	Singlet	pANN_0.25_0.26_116	0.22593476531424
CNP0000460_TGAGAGGTCCTGCCAT-1_2_1_1_1_1_1_1_1	CNP0000460_P02N	CNP0000460	DF.classifications_0.25_0.26_116	Singlet	pANN_0.25_0.26_116	0.223548130469372
CNP0000460_TGAGCATAGACGCACA-1_2_1_1_1_1_1_1_1	CNP0000460_P02N	CNP0000460	DF.classifications_0.25_0.26_116	Singlet	pANN_0.25_0.26_116	0.224343675417661
CNP0000460_TGAGCATAGTACCGGA-1_2_1_1_1_1_1_1_1	CNP0000460_P02N	CNP0000460	DF.classifications_0.25_0.26_116	Singlet	pANN_0.25_0.26_116	0.233094669848846
CNP0000460_TGAGCATAGTGAAGAG-1_2_1_1_1_1_1_1_1	CNP0000460_P02N	CNP0000460	DF.classifications_0.25_0.26_116	Singlet	pANN_0.25_0.26_116	0.216388225934765
CNP0000460_TGAGCATCAAGCTGTT-1_2_1_1_1_1_1_1_1	CNP0000460_P02N	CNP0000460	DF.classifications_0.25_0.26_116	Singlet	pANN_0.25_0.26_116	0.24582338902148
CNP0000460_TGAGCATGTAGCGATG-1_2_1_1_1_1_1_1_1	CNP0000460_P02N	CNP0000460	DF.classifications_0.25_0.26_116	Singlet	pANN_0.25_0.26_116	0.20684168655529
CNP0000460_TGAGCATGTCACCCAG-1_2_1_1_1_1_1_1_1	CNP0000460_P02N	CNP0000460	DF.classifications_0.25_0.26_116	Singlet	pANN_0.25_0.26_116	0.243436754176611
CNP0000460_TGAGCATTCATTGCCC-1_2_1_1_1_1_1_1_1	CNP0000460_P02N	CNP0000460	DF.classifications_0.25_0.26_116	Singlet	pANN_0.25_0.26_116	0.22673031026253
CNP0000460_TGAGCATTCGTTACAG-1_2_1_1_1_1_1_1_1	CNP0000460_P02N	CNP0000460	DF.classifications_0.25_0.26_116	Singlet	pANN_0.25_0.26_116	0.231503579952267
CNP0000460_TGAGCCGAGCGTCTAT-1_2_1_1_1_1_1_1_1	CNP0000460_P02N	CNP0000460	DF.classifications_0.25_0.26_116	Singlet	pANN_0.25_0.26_116	0.273667462211615
CNP0000460_TGAGCCGAGGATTCGG-1_2_1_1_1_1_1_1_1	CNP0000460_P02N	CNP0000460	DF.classifications_0.25_0.26_116	Singlet	pANN_0.25_0.26_116	0.178202068416866
CNP0000460_TGAGCCGAGGCTATCT-1_2_1_1_1_1_1_1_1	CNP0000460_P02N	CNP0000460	DF.classifications_0.25_0.26_116	Singlet	pANN_0.25_0.26_116	0.198886237072395
CNP0000460_TGAGCCGAGTTGTCGT-1_2_1_1_1_1_1_1_1	CNP0000460_P02N	CNP0000460	DF.classifications_0.25_0.26_116	Singlet	pANN_0.25_0.26_116	0.224343675417661
CNP0000460_TGAGCCGCACAACGCC-1_2_1_1_1_1_1_1_1	CNP0000460_P02N	CNP0000460	DF.classifications_0.25_0.26_116	Singlet	pANN_0.25_0.26_116	0.326173428798727
CNP0000460_TGAGCCGCACATGACT-1_2_1_1_1_1_1_1_1	CNP0000460_P02N	CNP0000460	DF.classifications_0.25_0.26_116	Singlet	pANN_0.25_0.26_116	0.236276849642005
CNP0000460_TGAGCCGCATCCTAGA-1_2_1_1_1_1_1_1_1	CNP0000460_P02N	CNP0000460	DF.classifications_0.25_0.26_116	Singlet	pANN_0.25_0.26_116	0.216388225934765
CNP0000460_TGAGCCGGTAGCCTAT-1_2_1_1_1_1_1_1_1	CNP0000460_P02N	CNP0000460	DF.classifications_0.25_0.26_116	Singlet	pANN_0.25_0.26_116	0.198090692124105
CNP0000460_TGAGCCGGTGCACTTA-1_2_1_1_1_1_1_1_1	CNP0000460_P02N	CNP0000460	DF.classifications_0.25_0.26_116	Singlet	pANN_0.25_0.26_116	0.222752585521082
CNP0000460_TGAGCCGTCGATGAGG-1_2_1_1_1_1_1_1_1	CNP0000460_P02N	CNP0000460	DF.classifications_0.25_0.26_116	Singlet	pANN_0.25_0.26_116	0.204455051710422
CNP0000460_TGAGGGACAAGTTGTC-1_2_1_1_1_1_1_1_1	CNP0000460_P02N	CNP0000460	DF.classifications_0.25_0.26_116	Doublet	pANN_0.25_0.26_116	0.418456642800318
CNP0000460_TGAGGGACAATTCCTT-1_2_1_1_1_1_1_1_1	CNP0000460_P02N	CNP0000460	DF.classifications_0.25_0.26_116	Singlet	pANN_0.25_0.26_116	0.363564041368337
CNP0000460_TGAGGGACACGGCCAT-1_2_1_1_1_1_1_1_1	CNP0000460_P02N	CNP0000460	DF.classifications_0.25_0.26_116	Singlet	pANN_0.25_0.26_116	0.18854415274463
CNP0000460_TGAGGGAGTCTTGTCC-1_2_1_1_1_1_1_1_1	CNP0000460_P02N	CNP0000460	DF.classifications_0.25_0.26_116	Singlet	pANN_0.25_0.26_116	0.198090692124105
CNP0000460_TGAGGGAGTGCTCTTC-1_2_1_1_1_1_1_1_1	CNP0000460_P02N	CNP0000460	DF.classifications_0.25_0.26_116	Singlet	pANN_0.25_0.26_116	0.139220365950676
CNP0000460_TGAGGGAGTGTGGTTT-1_2_1_1_1_1_1_1_1	CNP0000460_P02N	CNP0000460	DF.classifications_0.25_0.26_116	Singlet	pANN_0.25_0.26_116	0.182179793158313
CNP0000460_TGAGGGATCCCATTTA-1_2_1_1_1_1_1_1_1	CNP0000460_P02N	CNP0000460	DF.classifications_0.25_0.26_116	Singlet	pANN_0.25_0.26_116	0.195704057279236
CNP0000460_TGAGGGATCGCCTGAG-1_2_1_1_1_1_1_1_1	CNP0000460_P02N	CNP0000460	DF.classifications_0.25_0.26_116	Singlet	pANN_0.25_0.26_116	0.129673826571201
CNP0000460_TGATTTCAGAAAGTGG-1_2_1_1_1_1_1_1_1	CNP0000460_P02N	CNP0000460	DF.classifications_0.25_0.26_116	Singlet	pANN_0.25_0.26_116	0.197295147175815
CNP0000460_TGATTTCCAAAGCAAT-1_2_1_1_1_1_1_1_1	CNP0000460_P02N	CNP0000460	DF.classifications_0.25_0.26_116	Singlet	pANN_0.25_0.26_116	0.322991249005569
CNP0000460_TGATTTCCACGTCAGC-1_2_1_1_1_1_1_1_1	CNP0000460_P02N	CNP0000460	DF.classifications_0.25_0.26_116	Singlet	pANN_0.25_0.26_116	0.198886237072395
CNP0000460_TGATTTCTCAGGCCCA-1_2_1_1_1_1_1_1_1	CNP0000460_P02N	CNP0000460	DF.classifications_0.25_0.26_116	Singlet	pANN_0.25_0.26_116	0.356404136833731
CNP0000460_TGATTTCTCGAGCCCA-1_2_1_1_1_1_1_1_1	CNP0000460_P02N	CNP0000460	DF.classifications_0.25_0.26_116	Singlet	pANN_0.25_0.26_116	0.192521877486078
CNP0000460_TGCACCTAGAGTACAT-1_2_1_1_1_1_1_1_1	CNP0000460_P02N	CNP0000460	DF.classifications_0.25_0.26_116	Singlet	pANN_0.25_0.26_116	0.182975338106603
CNP0000460_TGCACCTAGTCCGTAT-1_2_1_1_1_1_1_1_1	CNP0000460_P02N	CNP0000460	DF.classifications_0.25_0.26_116	Singlet	pANN_0.25_0.26_116	0.194908512330947
CNP0000460_TGCACCTCAATCCGAT-1_2_1_1_1_1_1_1_1	CNP0000460_P02N	CNP0000460	DF.classifications_0.25_0.26_116	Singlet	pANN_0.25_0.26_116	0.174224343675418
CNP0000460_TGCACCTGTGACGGTA-1_2_1_1_1_1_1_1_1	CNP0000460_P02N	CNP0000460	DF.classifications_0.25_0.26_116	Singlet	pANN_0.25_0.26_116	0.195704057279236
CNP0000460_TGCACCTTCAGAGACG-1_2_1_1_1_1_1_1_1	CNP0000460_P02N	CNP0000460	DF.classifications_0.25_0.26_116	Singlet	pANN_0.25_0.26_116	0.235481304693715
CNP0000460_TGCCAAAAGCTCTCGG-1_2_1_1_1_1_1_1_1	CNP0000460_P02N	CNP0000460	DF.classifications_0.25_0.26_116	Singlet	pANN_0.25_0.26_116	0.18933969769292
CNP0000460_TGCCAAAAGGCCCGTT-1_2_1_1_1_1_1_1_1	CNP0000460_P02N	CNP0000460	DF.classifications_0.25_0.26_116	Singlet	pANN_0.25_0.26_116	0.177406523468576
CNP0000460_TGCCAAAAGTCGATAA-1_2_1_1_1_1_1_1_1	CNP0000460_P02N	CNP0000460	DF.classifications_0.25_0.26_116	Singlet	pANN_0.25_0.26_116	0.284805091487669
CNP0000460_TGCCAAAAGTGTCCCG-1_2_1_1_1_1_1_1_1	CNP0000460_P02N	CNP0000460	DF.classifications_0.25_0.26_116	Singlet	pANN_0.25_0.26_116	0.194908512330947
CNP0000460_TGCCAAACAAGCCGCT-1_2_1_1_1_1_1_1_1	CNP0000460_P02N	CNP0000460	DF.classifications_0.25_0.26_116	Singlet	pANN_0.25_0.26_116	0.235481304693715
CNP0000460_TGCCAAACACCTATCC-1_2_1_1_1_1_1_1_1	CNP0000460_P02N	CNP0000460	DF.classifications_0.25_0.26_116	Singlet	pANN_0.25_0.26_116	0.240254574383453
CNP0000460_TGCCAAACAGTATAAG-1_2_1_1_1_1_1_1_1	CNP0000460_P02N	CNP0000460	DF.classifications_0.25_0.26_116	Singlet	pANN_0.25_0.26_116	0.233890214797136
CNP0000460_TGCCAAAGTGTCCTCT-1_2_1_1_1_1_1_1_1	CNP0000460_P02N	CNP0000460	DF.classifications_0.25_0.26_116	Singlet	pANN_0.25_0.26_116	0.284805091487669
CNP0000460_TGCCAAAGTTACTGAC-1_2_1_1_1_1_1_1_1	CNP0000460_P02N	CNP0000460	DF.classifications_0.25_0.26_116	Singlet	pANN_0.25_0.26_116	0.196499602227526
CNP0000460_TGCCAAATCTTGCCGT-1_2_1_1_1_1_1_1_1	CNP0000460_P02N	CNP0000460	DF.classifications_0.25_0.26_116	Singlet	pANN_0.25_0.26_116	0.219570405727924
CNP0000460_TGCCAAATCTTTAGGG-1_2_1_1_1_1_1_1_1	CNP0000460_P02N	CNP0000460	DF.classifications_0.25_0.26_116	Singlet	pANN_0.25_0.26_116	0.205250596658711
CNP0000460_TGCCCATAGACACTAA-1_2_1_1_1_1_1_1_1	CNP0000460_P02N	CNP0000460	DF.classifications_0.25_0.26_116	Singlet	pANN_0.25_0.26_116	0.198886237072395
CNP0000460_TGCCCATAGTCGATAA-1_2_1_1_1_1_1_1_1	CNP0000460_P02N	CNP0000460	DF.classifications_0.25_0.26_116	Singlet	pANN_0.25_0.26_116	0.20763723150358
CNP0000460_TGCCCATCAACGATCT-1_2_1_1_1_1_1_1_1	CNP0000460_P02N	CNP0000460	DF.classifications_0.25_0.26_116	Singlet	pANN_0.25_0.26_116	0.211614956245028
CNP0000460_TGCCCATCAATGTAAG-1_2_1_1_1_1_1_1_1	CNP0000460_P02N	CNP0000460	DF.classifications_0.25_0.26_116	Singlet	pANN_0.25_0.26_116	0.199681782020684
CNP0000460_TGCCCATGTAGCAAAT-1_2_1_1_1_1_1_1_1	CNP0000460_P02N	CNP0000460	DF.classifications_0.25_0.26_116	Singlet	pANN_0.25_0.26_116	0.220365950676213
CNP0000460_TGCCCATGTCCGAAGA-1_2_1_1_1_1_1_1_1	CNP0000460_P02N	CNP0000460	DF.classifications_0.25_0.26_116	Singlet	pANN_0.25_0.26_116	0.182975338106603
CNP0000460_TGCCCATGTCCGTTAA-1_2_1_1_1_1_1_1_1	CNP0000460_P02N	CNP0000460	DF.classifications_0.25_0.26_116	Singlet	pANN_0.25_0.26_116	0.241050119331742
CNP0000460_TGCCCATTCACAATGC-1_2_1_1_1_1_1_1_1	CNP0000460_P02N	CNP0000460	DF.classifications_0.25_0.26_116	Singlet	pANN_0.25_0.26_116	0.238663484486873
CNP0000460_TGCCCATTCATTCACT-1_2_1_1_1_1_1_1_1	CNP0000460_P02N	CNP0000460	DF.classifications_0.25_0.26_116	Singlet	pANN_0.25_0.26_116	0.217979315831344
CNP0000460_TGCCCTAAGTGCGTGA-1_2_1_1_1_1_1_1_1	CNP0000460_P02N	CNP0000460	DF.classifications_0.25_0.26_116	Doublet	pANN_0.25_0.26_116	0.375497215592681
CNP0000460_TGCCCTATCATGCAAC-1_2_1_1_1_1_1_1_1	CNP0000460_P02N	CNP0000460	DF.classifications_0.25_0.26_116	Singlet	pANN_0.25_0.26_116	0.191726332537788
CNP0000460_TGCCCTATCCAGTATG-1_2_1_1_1_1_1_1_1	CNP0000460_P02N	CNP0000460	DF.classifications_0.25_0.26_116	Singlet	pANN_0.25_0.26_116	0.26491646778043
CNP0000460_TGCCCTATCCCTAACC-1_2_1_1_1_1_1_1_1	CNP0000460_P02N	CNP0000460	DF.classifications_0.25_0.26_116	Singlet	pANN_0.25_0.26_116	0.238663484486873
CNP0000460_TGCGCAGAGGCATTGG-1_2_1_1_1_1_1_1_1	CNP0000460_P02N	CNP0000460	DF.classifications_0.25_0.26_116	Singlet	pANN_0.25_0.26_116	0.201272871917263
CNP0000460_TGCGCAGAGTCTCCTC-1_2_1_1_1_1_1_1_1	CNP0000460_P02N	CNP0000460	DF.classifications_0.25_0.26_116	Singlet	pANN_0.25_0.26_116	0.253778838504375
CNP0000460_TGCGCAGCAATAGCGG-1_2_1_1_1_1_1_1_1	CNP0000460_P02N	CNP0000460	DF.classifications_0.25_0.26_116	Doublet	pANN_0.25_0.26_116	0.413683373110581
CNP0000460_TGCGCAGCAGACGCTC-1_2_1_1_1_1_1_1_1	CNP0000460_P02N	CNP0000460	DF.classifications_0.25_0.26_116	Singlet	pANN_0.25_0.26_116	0.18933969769292
CNP0000460_TGCGCAGCAGTGACAG-1_2_1_1_1_1_1_1_1	CNP0000460_P02N	CNP0000460	DF.classifications_0.25_0.26_116	Singlet	pANN_0.25_0.26_116	0.250596658711217
CNP0000460_TGCGCAGCATGTAAGA-1_2_1_1_1_1_1_1_1	CNP0000460_P02N	CNP0000460	DF.classifications_0.25_0.26_116	Singlet	pANN_0.25_0.26_116	0.193317422434368
CNP0000460_TGCGCAGGTACATGTC-1_2_1_1_1_1_1_1_1	CNP0000460_P02N	CNP0000460	DF.classifications_0.25_0.26_116	Doublet	pANN_0.25_0.26_116	0.386634844868735
CNP0000460_TGCGCAGGTCTAGCGC-1_2_1_1_1_1_1_1_1	CNP0000460_P02N	CNP0000460	DF.classifications_0.25_0.26_116	Singlet	pANN_0.25_0.26_116	0.24502784407319
CNP0000460_TGCGCAGGTCTCCCTA-1_2_1_1_1_1_1_1_1	CNP0000460_P02N	CNP0000460	DF.classifications_0.25_0.26_116	Singlet	pANN_0.25_0.26_116	0.24502784407319
CNP0000460_TGCGCAGTCGCTTAGA-1_2_1_1_1_1_1_1_1	CNP0000460_P02N	CNP0000460	DF.classifications_0.25_0.26_116	Singlet	pANN_0.25_0.26_116	0.221957040572792
CNP0000460_TGCGCAGTCTGTACGA-1_2_1_1_1_1_1_1_1	CNP0000460_P02N	CNP0000460	DF.classifications_0.25_0.26_116	Singlet	pANN_0.25_0.26_116	0.255369928400955
CNP0000460_TGCGGGTAGAACTCGG-1_2_1_1_1_1_1_1_1	CNP0000460_P02N	CNP0000460	DF.classifications_0.25_0.26_116	Singlet	pANN_0.25_0.26_116	0.182179793158313
CNP0000460_TGCGGGTAGTGCGATG-1_2_1_1_1_1_1_1_1	CNP0000460_P02N	CNP0000460	DF.classifications_0.25_0.26_116	Singlet	pANN_0.25_0.26_116	0.265712012728719
CNP0000460_TGCGGGTCACAGACAG-1_2_1_1_1_1_1_1_1	CNP0000460_P02N	CNP0000460	DF.classifications_0.25_0.26_116	Singlet	pANN_0.25_0.26_116	0.186953062848051
CNP0000460_TGCGGGTGTACCATCA-1_2_1_1_1_1_1_1_1	CNP0000460_P02N	CNP0000460	DF.classifications_0.25_0.26_116	Singlet	pANN_0.25_0.26_116	0.228321400159109
CNP0000460_TGCGGGTGTGAGGGTT-1_2_1_1_1_1_1_1_1	CNP0000460_P02N	CNP0000460	DF.classifications_0.25_0.26_116	Singlet	pANN_0.25_0.26_116	0.256961018297534
CNP0000460_TGCGGGTGTTACGCGC-1_2_1_1_1_1_1_1_1	CNP0000460_P02N	CNP0000460	DF.classifications_0.25_0.26_116	Singlet	pANN_0.25_0.26_116	0.206046141607001
CNP0000460_TGCGGGTTCAGCGATT-1_2_1_1_1_1_1_1_1	CNP0000460_P02N	CNP0000460	DF.classifications_0.25_0.26_116	Singlet	pANN_0.25_0.26_116	0.233890214797136
CNP0000460_TGCGTGGAGATGAGAG-1_2_1_1_1_1_1_1_1	CNP0000460_P02N	CNP0000460	DF.classifications_0.25_0.26_116	Doublet	pANN_0.25_0.26_116	0.369132856006364
CNP0000460_TGCGTGGAGCACCGTC-1_2_1_1_1_1_1_1_1	CNP0000460_P02N	CNP0000460	DF.classifications_0.25_0.26_116	Singlet	pANN_0.25_0.26_116	0.163882259347653
CNP0000460_TGCGTGGAGCTAGGCA-1_2_1_1_1_1_1_1_1	CNP0000460_P02N	CNP0000460	DF.classifications_0.25_0.26_116	Singlet	pANN_0.25_0.26_116	0.244232299124901
CNP0000460_TGCGTGGAGGTGCACA-1_2_1_1_1_1_1_1_1	CNP0000460_P02N	CNP0000460	DF.classifications_0.25_0.26_116	Singlet	pANN_0.25_0.26_116	0.22673031026253
CNP0000460_TGCGTGGCAAAGCAAT-1_2_1_1_1_1_1_1_1	CNP0000460_P02N	CNP0000460	DF.classifications_0.25_0.26_116	Singlet	pANN_0.25_0.26_116	0.195704057279236
CNP0000460_TGCGTGGCAAGCCGTC-1_2_1_1_1_1_1_1_1	CNP0000460_P02N	CNP0000460	DF.classifications_0.25_0.26_116	Singlet	pANN_0.25_0.26_116	0.220365950676213
CNP0000460_TGCGTGGCATTAGCCA-1_2_1_1_1_1_1_1_1	CNP0000460_P02N	CNP0000460	DF.classifications_0.25_0.26_116	Singlet	pANN_0.25_0.26_116	0.183770883054893
CNP0000460_TGCGTGGGTCAAAGCG-1_2_1_1_1_1_1_1_1	CNP0000460_P02N	CNP0000460	DF.classifications_0.25_0.26_116	Singlet	pANN_0.25_0.26_116	0.217979315831344
CNP0000460_TGCGTGGGTCGCATCG-1_2_1_1_1_1_1_1_1	CNP0000460_P02N	CNP0000460	DF.classifications_0.25_0.26_116	Singlet	pANN_0.25_0.26_116	0.331742243436754
CNP0000460_TGCGTGGGTGGTCTCG-1_2_1_1_1_1_1_1_1	CNP0000460_P02N	CNP0000460	DF.classifications_0.25_0.26_116	Singlet	pANN_0.25_0.26_116	0.186157517899761
CNP0000460_TGCTACCCACCAGTTA-1_2_1_1_1_1_1_1_1	CNP0000460_P02N	CNP0000460	DF.classifications_0.25_0.26_116	Singlet	pANN_0.25_0.26_116	0.214001591089897
CNP0000460_TGCTACCGTAGGGACT-1_2_1_1_1_1_1_1_1	CNP0000460_P02N	CNP0000460	DF.classifications_0.25_0.26_116	Singlet	pANN_0.25_0.26_116	0.2824184566428
CNP0000460_TGCTACCGTCAAAGCG-1_2_1_1_1_1_1_1_1	CNP0000460_P02N	CNP0000460	DF.classifications_0.25_0.26_116	Singlet	pANN_0.25_0.26_116	0.342084327764519
CNP0000460_TGCTACCGTCAGGACA-1_2_1_1_1_1_1_1_1	CNP0000460_P02N	CNP0000460	DF.classifications_0.25_0.26_116	Singlet	pANN_0.25_0.26_116	0.212410501193317
CNP0000460_TGCTACCGTCGAGATG-1_2_1_1_1_1_1_1_1	CNP0000460_P02N	CNP0000460	DF.classifications_0.25_0.26_116	Singlet	pANN_0.25_0.26_116	0.287191726332538
CNP0000460_TGCTACCTCACGCGGT-1_2_1_1_1_1_1_1_1	CNP0000460_P02N	CNP0000460	DF.classifications_0.25_0.26_116	Singlet	pANN_0.25_0.26_116	0.233890214797136
CNP0000460_TGCTGCTAGCGTGAGT-1_2_1_1_1_1_1_1_1	CNP0000460_P02N	CNP0000460	DF.classifications_0.25_0.26_116	Singlet	pANN_0.25_0.26_116	0.229912490055688
CNP0000460_TGCTGCTAGGTGGGTT-1_2_1_1_1_1_1_1_1	CNP0000460_P02N	CNP0000460	DF.classifications_0.25_0.26_116	Doublet	pANN_0.25_0.26_116	0.429594272076372
CNP0000460_TGCTGCTCAATCCGAT-1_2_1_1_1_1_1_1_1	CNP0000460_P02N	CNP0000460	DF.classifications_0.25_0.26_116	Singlet	pANN_0.25_0.26_116	0.222752585521082
CNP0000460_TGCTGCTGTAGAGTGC-1_2_1_1_1_1_1_1_1	CNP0000460_P02N	CNP0000460	DF.classifications_0.25_0.26_116	Singlet	pANN_0.25_0.26_116	0.167064439140811
CNP0000460_TGCTGCTGTCTGCAAT-1_2_1_1_1_1_1_1_1	CNP0000460_P02N	CNP0000460	DF.classifications_0.25_0.26_116	Singlet	pANN_0.25_0.26_116	0.202863961813842
CNP0000460_TGCTGCTGTGATGTGG-1_2_1_1_1_1_1_1_1	CNP0000460_P02N	CNP0000460	DF.classifications_0.25_0.26_116	Singlet	pANN_0.25_0.26_116	0.212410501193317
CNP0000460_TGCTGCTGTGCTAGCC-1_2_1_1_1_1_1_1_1	CNP0000460_P02N	CNP0000460	DF.classifications_0.25_0.26_116	Singlet	pANN_0.25_0.26_116	0.276849642004773
CNP0000460_TGCTGCTTCGTCCAGG-1_2_1_1_1_1_1_1_1	CNP0000460_P02N	CNP0000460	DF.classifications_0.25_0.26_116	Singlet	pANN_0.25_0.26_116	0.178202068416866
CNP0000460_TGGACGCAGCAATATG-1_2_1_1_1_1_1_1_1	CNP0000460_P02N	CNP0000460	DF.classifications_0.25_0.26_116	Singlet	pANN_0.25_0.26_116	0.18933969769292
CNP0000460_TGGACGCAGCGGATCA-1_2_1_1_1_1_1_1_1	CNP0000460_P02N	CNP0000460	DF.classifications_0.25_0.26_116	Singlet	pANN_0.25_0.26_116	0.194908512330947
CNP0000460_TGGACGCCAAGACACG-1_2_1_1_1_1_1_1_1	CNP0000460_P02N	CNP0000460	DF.classifications_0.25_0.26_116	Singlet	pANN_0.25_0.26_116	0.175019888623707
CNP0000460_TGGACGCCAAGGTTCT-1_2_1_1_1_1_1_1_1	CNP0000460_P02N	CNP0000460	DF.classifications_0.25_0.26_116	Doublet	pANN_0.25_0.26_116	0.394590294351631
CNP0000460_TGGACGCCAGACGCAA-1_2_1_1_1_1_1_1_1	CNP0000460_P02N	CNP0000460	DF.classifications_0.25_0.26_116	Singlet	pANN_0.25_0.26_116	0.280827366746221
CNP0000460_TGGACGCGTAGAGGAA-1_2_1_1_1_1_1_1_1	CNP0000460_P02N	CNP0000460	DF.classifications_0.25_0.26_116	Singlet	pANN_0.25_0.26_116	0.304693715194909
CNP0000460_TGGACGCTCACCCTCA-1_2_1_1_1_1_1_1_1	CNP0000460_P02N	CNP0000460	DF.classifications_0.25_0.26_116	Singlet	pANN_0.25_0.26_116	0.184566428003182
CNP0000460_TGGACGCTCCTAAGTG-1_2_1_1_1_1_1_1_1	CNP0000460_P02N	CNP0000460	DF.classifications_0.25_0.26_116	Singlet	pANN_0.25_0.26_116	0.20763723150358
CNP0000460_TGGACGCTCTTTACGT-1_2_1_1_1_1_1_1_1	CNP0000460_P02N	CNP0000460	DF.classifications_0.25_0.26_116	Singlet	pANN_0.25_0.26_116	0.178202068416866
CNP0000460_TGGCCAGAGAGGACGG-1_2_1_1_1_1_1_1_1	CNP0000460_P02N	CNP0000460	DF.classifications_0.25_0.26_116	Singlet	pANN_0.25_0.26_116	0.193317422434368
CNP0000460_TGGCCAGAGCCGTCGT-1_2_1_1_1_1_1_1_1	CNP0000460_P02N	CNP0000460	DF.classifications_0.25_0.26_116	Singlet	pANN_0.25_0.26_116	0.266507557677009
CNP0000460_TGGCCAGAGCTAGTCT-1_2_1_1_1_1_1_1_1	CNP0000460_P02N	CNP0000460	DF.classifications_0.25_0.26_116	Singlet	pANN_0.25_0.26_116	0.328560063643596
CNP0000460_TGGCCAGCAATGCCAT-1_2_1_1_1_1_1_1_1	CNP0000460_P02N	CNP0000460	DF.classifications_0.25_0.26_116	Singlet	pANN_0.25_0.26_116	0.175019888623707
CNP0000460_TGGCCAGCATTGGTAC-1_2_1_1_1_1_1_1_1	CNP0000460_P02N	CNP0000460	DF.classifications_0.25_0.26_116	Singlet	pANN_0.25_0.26_116	0.190930787589499
CNP0000460_TGGCCAGGTAAACGCG-1_2_1_1_1_1_1_1_1	CNP0000460_P02N	CNP0000460	DF.classifications_0.25_0.26_116	Singlet	pANN_0.25_0.26_116	0.149562450278441
CNP0000460_TGGCGCAAGATGCGAC-1_2_1_1_1_1_1_1_1	CNP0000460_P02N	CNP0000460	DF.classifications_0.25_0.26_116	Doublet	pANN_0.25_0.26_116	0.369928400954654
CNP0000460_TGGCGCACAGTAACGG-1_2_1_1_1_1_1_1_1	CNP0000460_P02N	CNP0000460	DF.classifications_0.25_0.26_116	Singlet	pANN_0.25_0.26_116	0.249005568814638
CNP0000460_TGGCGCACATGCAACT-1_2_1_1_1_1_1_1_1	CNP0000460_P02N	CNP0000460	DF.classifications_0.25_0.26_116	Singlet	pANN_0.25_0.26_116	0.186157517899761
CNP0000460_TGGCGCACATGGTAGG-1_2_1_1_1_1_1_1_1	CNP0000460_P02N	CNP0000460	DF.classifications_0.25_0.26_116	Singlet	pANN_0.25_0.26_116	0.241845664280032
CNP0000460_TGGCGCATCACTATTC-1_2_1_1_1_1_1_1_1	CNP0000460_P02N	CNP0000460	DF.classifications_0.25_0.26_116	Singlet	pANN_0.25_0.26_116	0.317422434367542
CNP0000460_TGGCGCATCGAGCCCA-1_2_1_1_1_1_1_1_1	CNP0000460_P02N	CNP0000460	DF.classifications_0.25_0.26_116	Singlet	pANN_0.25_0.26_116	0.28321400159109
CNP0000460_TGGCTGGAGCGTAGTG-1_2_1_1_1_1_1_1_1	CNP0000460_P02N	CNP0000460	DF.classifications_0.25_0.26_116	Singlet	pANN_0.25_0.26_116	0.182179793158313
CNP0000460_TGGCTGGAGTTCCACA-1_2_1_1_1_1_1_1_1	CNP0000460_P02N	CNP0000460	DF.classifications_0.25_0.26_116	Singlet	pANN_0.25_0.26_116	0.239459029435163
CNP0000460_TGGCTGGCATCGATTG-1_2_1_1_1_1_1_1_1	CNP0000460_P02N	CNP0000460	DF.classifications_0.25_0.26_116	Singlet	pANN_0.25_0.26_116	0.185361972951472
CNP0000460_TGGCTGGCATGTCCTC-1_2_1_1_1_1_1_1_1	CNP0000460_P02N	CNP0000460	DF.classifications_0.25_0.26_116	Singlet	pANN_0.25_0.26_116	0.246618933969769
CNP0000460_TGGCTGGGTGCTTCTC-1_2_1_1_1_1_1_1_1	CNP0000460_P02N	CNP0000460	DF.classifications_0.25_0.26_116	Singlet	pANN_0.25_0.26_116	0.205250596658711
CNP0000460_TGGCTGGGTGGTACAG-1_2_1_1_1_1_1_1_1	CNP0000460_P02N	CNP0000460	DF.classifications_0.25_0.26_116	Singlet	pANN_0.25_0.26_116	0.22673031026253
CNP0000460_TGGCTGGGTTCTCATT-1_2_1_1_1_1_1_1_1	CNP0000460_P02N	CNP0000460	DF.classifications_0.25_0.26_116	Singlet	pANN_0.25_0.26_116	0.219570405727924
CNP0000460_TGGCTGGTCCGAACGC-1_2_1_1_1_1_1_1_1	CNP0000460_P02N	CNP0000460	DF.classifications_0.25_0.26_116	Singlet	pANN_0.25_0.26_116	0.205250596658711
CNP0000460_TGGCTGGTCTTAACCT-1_2_1_1_1_1_1_1_1	CNP0000460_P02N	CNP0000460	DF.classifications_0.25_0.26_116	Singlet	pANN_0.25_0.26_116	0.16945107398568
CNP0000460_TGGCTGGTCTTAGAGC-1_2_1_1_1_1_1_1_1	CNP0000460_P02N	CNP0000460	DF.classifications_0.25_0.26_116	Singlet	pANN_0.25_0.26_116	0.191726332537788
CNP0000460_TGGGAAGAGACAGAGA-1_2_1_1_1_1_1_1_1	CNP0000460_P02N	CNP0000460	DF.classifications_0.25_0.26_116	Singlet	pANN_0.25_0.26_116	0.202863961813842
CNP0000460_TGGGAAGAGGCAGTCA-1_2_1_1_1_1_1_1_1	CNP0000460_P02N	CNP0000460	DF.classifications_0.25_0.26_116	Singlet	pANN_0.25_0.26_116	0.246618933969769
CNP0000460_TGGGAAGGTATAAACG-1_2_1_1_1_1_1_1_1	CNP0000460_P02N	CNP0000460	DF.classifications_0.25_0.26_116	Singlet	pANN_0.25_0.26_116	0.204455051710422
CNP0000460_TGGGAAGTCACTGGGC-1_2_1_1_1_1_1_1_1	CNP0000460_P02N	CNP0000460	DF.classifications_0.25_0.26_116	Singlet	pANN_0.25_0.26_116	0.194112967382657
CNP0000460_TGGGAAGTCAGCTCTC-1_2_1_1_1_1_1_1_1	CNP0000460_P02N	CNP0000460	DF.classifications_0.25_0.26_116	Singlet	pANN_0.25_0.26_116	0.291964996022275
CNP0000460_TGGGAAGTCATCGGAT-1_2_1_1_1_1_1_1_1	CNP0000460_P02N	CNP0000460	DF.classifications_0.25_0.26_116	Singlet	pANN_0.25_0.26_116	0.190135242641209
CNP0000460_TGGGAAGTCCACGTGG-1_2_1_1_1_1_1_1_1	CNP0000460_P02N	CNP0000460	DF.classifications_0.25_0.26_116	Singlet	pANN_0.25_0.26_116	0.168655529037391
CNP0000460_TGGGAAGTCCTTGCCA-1_2_1_1_1_1_1_1_1	CNP0000460_P02N	CNP0000460	DF.classifications_0.25_0.26_116	Singlet	pANN_0.25_0.26_116	0.232299124900557
CNP0000460_TGGGCGTAGACAAGCC-1_2_1_1_1_1_1_1_1	CNP0000460_P02N	CNP0000460	DF.classifications_0.25_0.26_116	Singlet	pANN_0.25_0.26_116	0.230708035003978
CNP0000460_TGGGCGTAGGATGCGT-1_2_1_1_1_1_1_1_1	CNP0000460_P02N	CNP0000460	DF.classifications_0.25_0.26_116	Singlet	pANN_0.25_0.26_116	0.194908512330947
CNP0000460_TGGGCGTGTAATTGGA-1_2_1_1_1_1_1_1_1	CNP0000460_P02N	CNP0000460	DF.classifications_0.25_0.26_116	Singlet	pANN_0.25_0.26_116	0.356404136833731
CNP0000460_TGGGCGTGTCTCCATC-1_2_1_1_1_1_1_1_1	CNP0000460_P02N	CNP0000460	DF.classifications_0.25_0.26_116	Singlet	pANN_0.25_0.26_116	0.201272871917263
CNP0000460_TGGGCGTTCATAGCAC-1_2_1_1_1_1_1_1_1	CNP0000460_P02N	CNP0000460	DF.classifications_0.25_0.26_116	Singlet	pANN_0.25_0.26_116	0.268098647573588
CNP0000460_TGGTTAGAGAGCTGCA-1_2_1_1_1_1_1_1_1	CNP0000460_P02N	CNP0000460	DF.classifications_0.25_0.26_116	Singlet	pANN_0.25_0.26_116	0.196499602227526
CNP0000460_TGGTTAGAGATGAGAG-1_2_1_1_1_1_1_1_1	CNP0000460_P02N	CNP0000460	DF.classifications_0.25_0.26_116	Singlet	pANN_0.25_0.26_116	0.2824184566428
CNP0000460_TGGTTAGAGCTAACTC-1_2_1_1_1_1_1_1_1	CNP0000460_P02N	CNP0000460	DF.classifications_0.25_0.26_116	Singlet	pANN_0.25_0.26_116	0.228321400159109
CNP0000460_TGGTTAGAGTGAACGC-1_2_1_1_1_1_1_1_1	CNP0000460_P02N	CNP0000460	DF.classifications_0.25_0.26_116	Singlet	pANN_0.25_0.26_116	0.228321400159109
CNP0000460_TGGTTAGCAAGCCGCT-1_2_1_1_1_1_1_1_1	CNP0000460_P02N	CNP0000460	DF.classifications_0.25_0.26_116	Singlet	pANN_0.25_0.26_116	0.221161495624503
CNP0000460_TGGTTAGCATGCCCGA-1_2_1_1_1_1_1_1_1	CNP0000460_P02N	CNP0000460	DF.classifications_0.25_0.26_116	Doublet	pANN_0.25_0.26_116	0.401750198886237
CNP0000460_TGGTTAGTCACATAGC-1_2_1_1_1_1_1_1_1	CNP0000460_P02N	CNP0000460	DF.classifications_0.25_0.26_116	Singlet	pANN_0.25_0.26_116	0.233890214797136
CNP0000460_TGGTTAGTCAGCACAT-1_2_1_1_1_1_1_1_1	CNP0000460_P02N	CNP0000460	DF.classifications_0.25_0.26_116	Singlet	pANN_0.25_0.26_116	0.222752585521082
CNP0000460_TGGTTAGTCAGGCAAG-1_2_1_1_1_1_1_1_1	CNP0000460_P02N	CNP0000460	DF.classifications_0.25_0.26_116	Singlet	pANN_0.25_0.26_116	0.32140015910899
CNP0000460_TGGTTCCAGTGCCATT-1_2_1_1_1_1_1_1_1	CNP0000460_P02N	CNP0000460	DF.classifications_0.25_0.26_116	Singlet	pANN_0.25_0.26_116	0.353221957040573
CNP0000460_TGGTTCCCAGGTCCAC-1_2_1_1_1_1_1_1_1	CNP0000460_P02N	CNP0000460	DF.classifications_0.25_0.26_116	Singlet	pANN_0.25_0.26_116	0.220365950676213
CNP0000460_TGGTTCCGTCGCATCG-1_2_1_1_1_1_1_1_1	CNP0000460_P02N	CNP0000460	DF.classifications_0.25_0.26_116	Singlet	pANN_0.25_0.26_116	0.311853619729515
CNP0000460_TGGTTCCGTTGGAGGT-1_2_1_1_1_1_1_1_1	CNP0000460_P02N	CNP0000460	DF.classifications_0.25_0.26_116	Singlet	pANN_0.25_0.26_116	0.190135242641209
CNP0000460_TGGTTCCGTTTGTTGG-1_2_1_1_1_1_1_1_1	CNP0000460_P02N	CNP0000460	DF.classifications_0.25_0.26_116	Singlet	pANN_0.25_0.26_116	0.250596658711217
CNP0000460_TGGTTCCTCATGCATG-1_2_1_1_1_1_1_1_1	CNP0000460_P02N	CNP0000460	DF.classifications_0.25_0.26_116	Singlet	pANN_0.25_0.26_116	0.240254574383453
CNP0000460_TGGTTCCTCGTGGTCG-1_2_1_1_1_1_1_1_1	CNP0000460_P02N	CNP0000460	DF.classifications_0.25_0.26_116	Singlet	pANN_0.25_0.26_116	0.235481304693715
CNP0000460_TGGTTCCTCTACTATC-1_2_1_1_1_1_1_1_1	CNP0000460_P02N	CNP0000460	DF.classifications_0.25_0.26_116	Singlet	pANN_0.25_0.26_116	0.20763723150358
CNP0000460_TGTATTCAGACGCTTT-1_2_1_1_1_1_1_1_1	CNP0000460_P02N	CNP0000460	DF.classifications_0.25_0.26_116	Singlet	pANN_0.25_0.26_116	0.216388225934765
CNP0000460_TGTATTCAGCATGGCA-1_2_1_1_1_1_1_1_1	CNP0000460_P02N	CNP0000460	DF.classifications_0.25_0.26_116	Singlet	pANN_0.25_0.26_116	0.233094669848846
CNP0000460_TGTATTCCAAGTACCT-1_2_1_1_1_1_1_1_1	CNP0000460_P02N	CNP0000460	DF.classifications_0.25_0.26_116	Singlet	pANN_0.25_0.26_116	0.182179793158313
CNP0000460_TGTATTCCAGGTGCCT-1_2_1_1_1_1_1_1_1	CNP0000460_P02N	CNP0000460	DF.classifications_0.25_0.26_116	Singlet	pANN_0.25_0.26_116	0.239459029435163
CNP0000460_TGTATTCGTCACCCAG-1_2_1_1_1_1_1_1_1	CNP0000460_P02N	CNP0000460	DF.classifications_0.25_0.26_116	Singlet	pANN_0.25_0.26_116	0.276849642004773
CNP0000460_TGTATTCTCAGTTAGC-1_2_1_1_1_1_1_1_1	CNP0000460_P02N	CNP0000460	DF.classifications_0.25_0.26_116	Singlet	pANN_0.25_0.26_116	0.229116945107399
CNP0000460_TGTCCCAAGCAATATG-1_2_1_1_1_1_1_1_1	CNP0000460_P02N	CNP0000460	DF.classifications_0.25_0.26_116	Singlet	pANN_0.25_0.26_116	0.190135242641209
CNP0000460_TGTCCCACATGTCGAT-1_2_1_1_1_1_1_1_1	CNP0000460_P02N	CNP0000460	DF.classifications_0.25_0.26_116	Singlet	pANN_0.25_0.26_116	0.232299124900557
CNP0000460_TGTCCCACATTAACCG-1_2_1_1_1_1_1_1_1	CNP0000460_P02N	CNP0000460	DF.classifications_0.25_0.26_116	Singlet	pANN_0.25_0.26_116	0.247414478918059
CNP0000460_TGTCCCAGTGGGTCAA-1_2_1_1_1_1_1_1_1	CNP0000460_P02N	CNP0000460	DF.classifications_0.25_0.26_116	Singlet	pANN_0.25_0.26_116	0.203659506762132
CNP0000460_TGTCCCATCCTCATTA-1_2_1_1_1_1_1_1_1	CNP0000460_P02N	CNP0000460	DF.classifications_0.25_0.26_116	Singlet	pANN_0.25_0.26_116	0.181384248210024
CNP0000460_TGTGGTAGTAAACCTC-1_2_1_1_1_1_1_1_1	CNP0000460_P02N	CNP0000460	DF.classifications_0.25_0.26_116	Singlet	pANN_0.25_0.26_116	0.186157517899761
CNP0000460_TGTGGTAGTCTGCGGT-1_2_1_1_1_1_1_1_1	CNP0000460_P02N	CNP0000460	DF.classifications_0.25_0.26_116	Singlet	pANN_0.25_0.26_116	0.248210023866348
CNP0000460_TGTGGTATCCTACAGA-1_2_1_1_1_1_1_1_1	CNP0000460_P02N	CNP0000460	DF.classifications_0.25_0.26_116	Singlet	pANN_0.25_0.26_116	0.20684168655529
CNP0000460_TGTGGTATCTGCCCTA-1_2_1_1_1_1_1_1_1	CNP0000460_P02N	CNP0000460	DF.classifications_0.25_0.26_116	Singlet	pANN_0.25_0.26_116	0.194112967382657
CNP0000460_TGTGTTTAGAAACCTA-1_2_1_1_1_1_1_1_1	CNP0000460_P02N	CNP0000460	DF.classifications_0.25_0.26_116	Singlet	pANN_0.25_0.26_116	0.193317422434368
CNP0000460_TGTGTTTAGAAGATTC-1_2_1_1_1_1_1_1_1	CNP0000460_P02N	CNP0000460	DF.classifications_0.25_0.26_116	Singlet	pANN_0.25_0.26_116	0.18854415274463
CNP0000460_TGTGTTTAGACCTTTG-1_2_1_1_1_1_1_1_1	CNP0000460_P02N	CNP0000460	DF.classifications_0.25_0.26_116	Singlet	pANN_0.25_0.26_116	0.205250596658711
CNP0000460_TGTGTTTAGACGACGT-1_2_1_1_1_1_1_1_1	CNP0000460_P02N	CNP0000460	DF.classifications_0.25_0.26_116	Singlet	pANN_0.25_0.26_116	0.179793158313445
CNP0000460_TGTGTTTAGTACGACG-1_2_1_1_1_1_1_1_1	CNP0000460_P02N	CNP0000460	DF.classifications_0.25_0.26_116	Singlet	pANN_0.25_0.26_116	0.221957040572792
CNP0000460_TGTGTTTCAAGCGATG-1_2_1_1_1_1_1_1_1	CNP0000460_P02N	CNP0000460	DF.classifications_0.25_0.26_116	Singlet	pANN_0.25_0.26_116	0.201272871917263
CNP0000460_TGTGTTTCACCGAAAG-1_2_1_1_1_1_1_1_1	CNP0000460_P02N	CNP0000460	DF.classifications_0.25_0.26_116	Singlet	pANN_0.25_0.26_116	0.310262529832936
CNP0000460_TGTGTTTTCTGCAGTA-1_2_1_1_1_1_1_1_1	CNP0000460_P02N	CNP0000460	DF.classifications_0.25_0.26_116	Singlet	pANN_0.25_0.26_116	0.214797136038186
CNP0000460_TGTGTTTTCTGGTATG-1_2_1_1_1_1_1_1_1	CNP0000460_P02N	CNP0000460	DF.classifications_0.25_0.26_116	Singlet	pANN_0.25_0.26_116	0.221957040572792
CNP0000460_TGTTCCGAGACGCACA-1_2_1_1_1_1_1_1_1	CNP0000460_P02N	CNP0000460	DF.classifications_0.25_0.26_116	Singlet	pANN_0.25_0.26_116	0.205250596658711
CNP0000460_TGTTCCGAGACTTGAA-1_2_1_1_1_1_1_1_1	CNP0000460_P02N	CNP0000460	DF.classifications_0.25_0.26_116	Singlet	pANN_0.25_0.26_116	0.219570405727924
CNP0000460_TGTTCCGCAAGTAGTA-1_2_1_1_1_1_1_1_1	CNP0000460_P02N	CNP0000460	DF.classifications_0.25_0.26_116	Singlet	pANN_0.25_0.26_116	0.177406523468576
CNP0000460_TGTTCCGGTACGCACC-1_2_1_1_1_1_1_1_1	CNP0000460_P02N	CNP0000460	DF.classifications_0.25_0.26_116	Singlet	pANN_0.25_0.26_116	0.20843277645187
CNP0000460_TGTTCCGGTGAACCTT-1_2_1_1_1_1_1_1_1	CNP0000460_P02N	CNP0000460	DF.classifications_0.25_0.26_116	Singlet	pANN_0.25_0.26_116	0.193317422434368
CNP0000460_TGTTCCGTCATCGATG-1_2_1_1_1_1_1_1_1	CNP0000460_P02N	CNP0000460	DF.classifications_0.25_0.26_116	Singlet	pANN_0.25_0.26_116	0.217979315831344
CNP0000460_TGTTCCGTCCGTTGCT-1_2_1_1_1_1_1_1_1	CNP0000460_P02N	CNP0000460	DF.classifications_0.25_0.26_116	Singlet	pANN_0.25_0.26_116	0.202863961813842
CNP0000460_TTAACTCAGATCTGCT-1_2_1_1_1_1_1_1_1	CNP0000460_P02N	CNP0000460	DF.classifications_0.25_0.26_116	Singlet	pANN_0.25_0.26_116	0.237072394590294
CNP0000460_TTAACTCAGCCTCGTG-1_2_1_1_1_1_1_1_1	CNP0000460_P02N	CNP0000460	DF.classifications_0.25_0.26_116	Singlet	pANN_0.25_0.26_116	0.259347653142403
CNP0000460_TTAACTCAGGCAATTA-1_2_1_1_1_1_1_1_1	CNP0000460_P02N	CNP0000460	DF.classifications_0.25_0.26_116	Singlet	pANN_0.25_0.26_116	0.233094669848846
CNP0000460_TTAACTCAGGCGTACA-1_2_1_1_1_1_1_1_1	CNP0000460_P02N	CNP0000460	DF.classifications_0.25_0.26_116	Singlet	pANN_0.25_0.26_116	0.328560063643596
CNP0000460_TTAACTCAGTCTTGCA-1_2_1_1_1_1_1_1_1	CNP0000460_P02N	CNP0000460	DF.classifications_0.25_0.26_116	Singlet	pANN_0.25_0.26_116	0.335719968178202
CNP0000460_TTAACTCCAATCCGAT-1_2_1_1_1_1_1_1_1	CNP0000460_P02N	CNP0000460	DF.classifications_0.25_0.26_116	Singlet	pANN_0.25_0.26_116	0.194112967382657
CNP0000460_TTAACTCCAGACAGGT-1_2_1_1_1_1_1_1_1	CNP0000460_P02N	CNP0000460	DF.classifications_0.25_0.26_116	Singlet	pANN_0.25_0.26_116	0.22593476531424
CNP0000460_TTAACTCGTGGGTCAA-1_2_1_1_1_1_1_1_1	CNP0000460_P02N	CNP0000460	DF.classifications_0.25_0.26_116	Singlet	pANN_0.25_0.26_116	0.272076372315036
CNP0000460_TTAACTCTCAACACCA-1_2_1_1_1_1_1_1_1	CNP0000460_P02N	CNP0000460	DF.classifications_0.25_0.26_116	Singlet	pANN_0.25_0.26_116	0.261734287987271
CNP0000460_TTAACTCTCAGGCAAG-1_2_1_1_1_1_1_1_1	CNP0000460_P02N	CNP0000460	DF.classifications_0.25_0.26_116	Singlet	pANN_0.25_0.26_116	0.171837708830549
CNP0000460_TTAACTCTCTTGAGAC-1_2_1_1_1_1_1_1_1	CNP0000460_P02N	CNP0000460	DF.classifications_0.25_0.26_116	Singlet	pANN_0.25_0.26_116	0.202863961813842
CNP0000460_TTAGGACAGATGTTAG-1_2_1_1_1_1_1_1_1	CNP0000460_P02N	CNP0000460	DF.classifications_0.25_0.26_116	Singlet	pANN_0.25_0.26_116	0.186953062848051
CNP0000460_TTAGGACAGTCCCACG-1_2_1_1_1_1_1_1_1	CNP0000460_P02N	CNP0000460	DF.classifications_0.25_0.26_116	Singlet	pANN_0.25_0.26_116	0.185361972951472
CNP0000460_TTAGGACCACGTCAGC-1_2_1_1_1_1_1_1_1	CNP0000460_P02N	CNP0000460	DF.classifications_0.25_0.26_116	Singlet	pANN_0.25_0.26_116	0.190135242641209
CNP0000460_TTAGGACGTCTGGTCG-1_2_1_1_1_1_1_1_1	CNP0000460_P02N	CNP0000460	DF.classifications_0.25_0.26_116	Singlet	pANN_0.25_0.26_116	0.204455051710422
CNP0000460_TTAGGACGTTATCACG-1_2_1_1_1_1_1_1_1	CNP0000460_P02N	CNP0000460	DF.classifications_0.25_0.26_116	Singlet	pANN_0.25_0.26_116	0.191726332537788
CNP0000460_TTAGGCAAGCCAGTAG-1_2_1_1_1_1_1_1_1	CNP0000460_P02N	CNP0000460	DF.classifications_0.25_0.26_116	Singlet	pANN_0.25_0.26_116	0.200477326968974
CNP0000460_TTAGGCACACTCTGTC-1_2_1_1_1_1_1_1_1	CNP0000460_P02N	CNP0000460	DF.classifications_0.25_0.26_116	Singlet	pANN_0.25_0.26_116	0.236276849642005
CNP0000460_TTAGGCACAGTCCTTC-1_2_1_1_1_1_1_1_1	CNP0000460_P02N	CNP0000460	DF.classifications_0.25_0.26_116	Singlet	pANN_0.25_0.26_116	0.194112967382657
CNP0000460_TTAGGCACATGAGCGA-1_2_1_1_1_1_1_1_1	CNP0000460_P02N	CNP0000460	DF.classifications_0.25_0.26_116	Singlet	pANN_0.25_0.26_116	0.211614956245028
CNP0000460_TTAGGCAGTCCATCCT-1_2_1_1_1_1_1_1_1	CNP0000460_P02N	CNP0000460	DF.classifications_0.25_0.26_116	Singlet	pANN_0.25_0.26_116	0.249801113762928
CNP0000460_TTAGGCATCAGGATCT-1_2_1_1_1_1_1_1_1	CNP0000460_P02N	CNP0000460	DF.classifications_0.25_0.26_116	Singlet	pANN_0.25_0.26_116	0.289578361177407
CNP0000460_TTAGGCATCAGTCCCT-1_2_1_1_1_1_1_1_1	CNP0000460_P02N	CNP0000460	DF.classifications_0.25_0.26_116	Singlet	pANN_0.25_0.26_116	0.202863961813842
CNP0000460_TTAGTTCAGAGTACCG-1_2_1_1_1_1_1_1_1	CNP0000460_P02N	CNP0000460	DF.classifications_0.25_0.26_116	Singlet	pANN_0.25_0.26_116	0.216388225934765
CNP0000460_TTAGTTCCAGCCTTTC-1_2_1_1_1_1_1_1_1	CNP0000460_P02N	CNP0000460	DF.classifications_0.25_0.26_116	Singlet	pANN_0.25_0.26_116	0.266507557677009
CNP0000460_TTAGTTCGTATGCTTG-1_2_1_1_1_1_1_1_1	CNP0000460_P02N	CNP0000460	DF.classifications_0.25_0.26_116	Singlet	pANN_0.25_0.26_116	0.159904534606205
CNP0000460_TTAGTTCGTCAGGACA-1_2_1_1_1_1_1_1_1	CNP0000460_P02N	CNP0000460	DF.classifications_0.25_0.26_116	Singlet	pANN_0.25_0.26_116	0.144789180588703
CNP0000460_TTAGTTCGTTTGGGCC-1_2_1_1_1_1_1_1_1	CNP0000460_P02N	CNP0000460	DF.classifications_0.25_0.26_116	Singlet	pANN_0.25_0.26_116	0.203659506762132
CNP0000460_TTAGTTCTCGTTTGCC-1_2_1_1_1_1_1_1_1	CNP0000460_P02N	CNP0000460	DF.classifications_0.25_0.26_116	Singlet	pANN_0.25_0.26_116	0.214001591089897
CNP0000460_TTATGCTGTATATCCG-1_2_1_1_1_1_1_1_1	CNP0000460_P02N	CNP0000460	DF.classifications_0.25_0.26_116	Singlet	pANN_0.25_0.26_116	0.190930787589499
CNP0000460_TTATGCTGTCGAAAGC-1_2_1_1_1_1_1_1_1	CNP0000460_P02N	CNP0000460	DF.classifications_0.25_0.26_116	Singlet	pANN_0.25_0.26_116	0.164677804295943
CNP0000460_TTATGCTTCCCATTAT-1_2_1_1_1_1_1_1_1	CNP0000460_P02N	CNP0000460	DF.classifications_0.25_0.26_116	Singlet	pANN_0.25_0.26_116	0.219570405727924
CNP0000460_TTATGCTTCCGTTGTC-1_2_1_1_1_1_1_1_1	CNP0000460_P02N	CNP0000460	DF.classifications_0.25_0.26_116	Singlet	pANN_0.25_0.26_116	0.148766905330151
CNP0000460_TTCCCAGAGAAGGACA-1_2_1_1_1_1_1_1_1	CNP0000460_P02N	CNP0000460	DF.classifications_0.25_0.26_116	Singlet	pANN_0.25_0.26_116	0.210023866348449
CNP0000460_TTCCCAGAGGCTAGCA-1_2_1_1_1_1_1_1_1	CNP0000460_P02N	CNP0000460	DF.classifications_0.25_0.26_116	Singlet	pANN_0.25_0.26_116	0.20684168655529
CNP0000460_TTCCCAGAGGGTCGAT-1_2_1_1_1_1_1_1_1	CNP0000460_P02N	CNP0000460	DF.classifications_0.25_0.26_116	Singlet	pANN_0.25_0.26_116	0.287191726332538
CNP0000460_TTCCCAGCACTGCCAG-1_2_1_1_1_1_1_1_1	CNP0000460_P02N	CNP0000460	DF.classifications_0.25_0.26_116	Singlet	pANN_0.25_0.26_116	0.272076372315036
CNP0000460_TTCCCAGGTCCAAGTT-1_2_1_1_1_1_1_1_1	CNP0000460_P02N	CNP0000460	DF.classifications_0.25_0.26_116	Singlet	pANN_0.25_0.26_116	0.193317422434368
CNP0000460_TTCCCAGGTTCGAATC-1_2_1_1_1_1_1_1_1	CNP0000460_P02N	CNP0000460	DF.classifications_0.25_0.26_116	Singlet	pANN_0.25_0.26_116	0.228321400159109
CNP0000460_TTCGAAGCAATAGAGT-1_2_1_1_1_1_1_1_1	CNP0000460_P02N	CNP0000460	DF.classifications_0.25_0.26_116	Singlet	pANN_0.25_0.26_116	0.241050119331742
CNP0000460_TTCGAAGCAGCCTTTC-1_2_1_1_1_1_1_1_1	CNP0000460_P02N	CNP0000460	DF.classifications_0.25_0.26_116	Singlet	pANN_0.25_0.26_116	0.272076372315036
CNP0000460_TTCGAAGGTCTTCGTC-1_2_1_1_1_1_1_1_1	CNP0000460_P02N	CNP0000460	DF.classifications_0.25_0.26_116	Singlet	pANN_0.25_0.26_116	0.211614956245028
CNP0000460_TTCGAAGTCCACGTGG-1_2_1_1_1_1_1_1_1	CNP0000460_P02N	CNP0000460	DF.classifications_0.25_0.26_116	Singlet	pANN_0.25_0.26_116	0.218774860779634
CNP0000460_TTCGAAGTCTATCCCG-1_2_1_1_1_1_1_1_1	CNP0000460_P02N	CNP0000460	DF.classifications_0.25_0.26_116	Singlet	pANN_0.25_0.26_116	0.256961018297534
CNP0000460_TTCGGTCAGAGTGACC-1_2_1_1_1_1_1_1_1	CNP0000460_P02N	CNP0000460	DF.classifications_0.25_0.26_116	Singlet	pANN_0.25_0.26_116	0.238663484486873
CNP0000460_TTCGGTCCATCAGTAC-1_2_1_1_1_1_1_1_1	CNP0000460_P02N	CNP0000460	DF.classifications_0.25_0.26_116	Singlet	pANN_0.25_0.26_116	0.252187748607796
CNP0000460_TTCGGTCCATGGTCTA-1_2_1_1_1_1_1_1_1	CNP0000460_P02N	CNP0000460	DF.classifications_0.25_0.26_116	Singlet	pANN_0.25_0.26_116	0.202068416865553
CNP0000460_TTCGGTCGTACTCAAC-1_2_1_1_1_1_1_1_1	CNP0000460_P02N	CNP0000460	DF.classifications_0.25_0.26_116	Singlet	pANN_0.25_0.26_116	0.221957040572792
CNP0000460_TTCGGTCGTACTTAGC-1_2_1_1_1_1_1_1_1	CNP0000460_P02N	CNP0000460	DF.classifications_0.25_0.26_116	Singlet	pANN_0.25_0.26_116	0.235481304693715
CNP0000460_TTCGGTCGTGAGCGAT-1_2_1_1_1_1_1_1_1	CNP0000460_P02N	CNP0000460	DF.classifications_0.25_0.26_116	Singlet	pANN_0.25_0.26_116	0.194112967382657
CNP0000460_TTCTACAAGAAACCTA-1_2_1_1_1_1_1_1_1	CNP0000460_P02N	CNP0000460	DF.classifications_0.25_0.26_116	Singlet	pANN_0.25_0.26_116	0.210819411296738
CNP0000460_TTCTACAAGCCAGGAT-1_2_1_1_1_1_1_1_1	CNP0000460_P02N	CNP0000460	DF.classifications_0.25_0.26_116	Singlet	pANN_0.25_0.26_116	0.174224343675418
CNP0000460_TTCTACAAGGCTAGAC-1_2_1_1_1_1_1_1_1	CNP0000460_P02N	CNP0000460	DF.classifications_0.25_0.26_116	Singlet	pANN_0.25_0.26_116	0.215592680986476
CNP0000460_TTCTACAAGTACATGA-1_2_1_1_1_1_1_1_1	CNP0000460_P02N	CNP0000460	DF.classifications_0.25_0.26_116	Singlet	pANN_0.25_0.26_116	0.211614956245028
CNP0000460_TTCTACACAGCTCGCA-1_2_1_1_1_1_1_1_1	CNP0000460_P02N	CNP0000460	DF.classifications_0.25_0.26_116	Singlet	pANN_0.25_0.26_116	0.234685759745426
CNP0000460_TTCTACACATAAGACA-1_2_1_1_1_1_1_1_1	CNP0000460_P02N	CNP0000460	DF.classifications_0.25_0.26_116	Singlet	pANN_0.25_0.26_116	0.194112967382657
CNP0000460_TTCTACAGTACAAGTA-1_2_1_1_1_1_1_1_1	CNP0000460_P02N	CNP0000460	DF.classifications_0.25_0.26_116	Singlet	pANN_0.25_0.26_116	0.173428798727128
CNP0000460_TTCTACAGTATCACCA-1_2_1_1_1_1_1_1_1	CNP0000460_P02N	CNP0000460	DF.classifications_0.25_0.26_116	Singlet	pANN_0.25_0.26_116	0.210023866348449
CNP0000460_TTCTACAGTTAAGACA-1_2_1_1_1_1_1_1_1	CNP0000460_P02N	CNP0000460	DF.classifications_0.25_0.26_116	Singlet	pANN_0.25_0.26_116	0.235481304693715
CNP0000460_TTCTACAGTTATGTGC-1_2_1_1_1_1_1_1_1	CNP0000460_P02N	CNP0000460	DF.classifications_0.25_0.26_116	Singlet	pANN_0.25_0.26_116	0.355608591885442
CNP0000460_TTCTACAGTTCCACAA-1_2_1_1_1_1_1_1_1	CNP0000460_P02N	CNP0000460	DF.classifications_0.25_0.26_116	Singlet	pANN_0.25_0.26_116	0.332537788385044
CNP0000460_TTCTACATCCAGAAGG-1_2_1_1_1_1_1_1_1	CNP0000460_P02N	CNP0000460	DF.classifications_0.25_0.26_116	Singlet	pANN_0.25_0.26_116	0.338106603023071
CNP0000460_TTCTCAAAGAGCTGCA-1_2_1_1_1_1_1_1_1	CNP0000460_P02N	CNP0000460	DF.classifications_0.25_0.26_116	Doublet	pANN_0.25_0.26_116	0.37788385043755
CNP0000460_TTCTCAAAGGCAAAGA-1_2_1_1_1_1_1_1_1	CNP0000460_P02N	CNP0000460	DF.classifications_0.25_0.26_116	Singlet	pANN_0.25_0.26_116	0.241050119331742
CNP0000460_TTCTCAAAGGCAGTCA-1_2_1_1_1_1_1_1_1	CNP0000460_P02N	CNP0000460	DF.classifications_0.25_0.26_116	Singlet	pANN_0.25_0.26_116	0.246618933969769
CNP0000460_TTCTCAACAAGCCGTC-1_2_1_1_1_1_1_1_1	CNP0000460_P02N	CNP0000460	DF.classifications_0.25_0.26_116	Singlet	pANN_0.25_0.26_116	0.348448687350835
CNP0000460_TTCTCAACAGCTCGCA-1_2_1_1_1_1_1_1_1	CNP0000460_P02N	CNP0000460	DF.classifications_0.25_0.26_116	Singlet	pANN_0.25_0.26_116	0.216388225934765
CNP0000460_TTCTCAAGTTAAAGAC-1_2_1_1_1_1_1_1_1	CNP0000460_P02N	CNP0000460	DF.classifications_0.25_0.26_116	Singlet	pANN_0.25_0.26_116	0.271280827366746
CNP0000460_TTCTCAATCCGGCACA-1_2_1_1_1_1_1_1_1	CNP0000460_P02N	CNP0000460	DF.classifications_0.25_0.26_116	Singlet	pANN_0.25_0.26_116	0.227525855210819
CNP0000460_TTCTCAATCGCGCCAA-1_2_1_1_1_1_1_1_1	CNP0000460_P02N	CNP0000460	DF.classifications_0.25_0.26_116	Singlet	pANN_0.25_0.26_116	0.26332537788385
CNP0000460_TTCTCCTAGAACTGTA-1_2_1_1_1_1_1_1_1	CNP0000460_P02N	CNP0000460	DF.classifications_0.25_0.26_116	Singlet	pANN_0.25_0.26_116	0.260938743038982
CNP0000460_TTCTCCTAGTGGGCTA-1_2_1_1_1_1_1_1_1	CNP0000460_P02N	CNP0000460	DF.classifications_0.25_0.26_116	Singlet	pANN_0.25_0.26_116	0.222752585521082
CNP0000460_TTCTCCTAGTGTTGAA-1_2_1_1_1_1_1_1_1	CNP0000460_P02N	CNP0000460	DF.classifications_0.25_0.26_116	Singlet	pANN_0.25_0.26_116	0.26332537788385
CNP0000460_TTCTCCTCACAAGACG-1_2_1_1_1_1_1_1_1	CNP0000460_P02N	CNP0000460	DF.classifications_0.25_0.26_116	Singlet	pANN_0.25_0.26_116	0.174224343675418
CNP0000460_TTCTCCTCACTCAGGC-1_2_1_1_1_1_1_1_1	CNP0000460_P02N	CNP0000460	DF.classifications_0.25_0.26_116	Singlet	pANN_0.25_0.26_116	0.284009546539379
CNP0000460_TTCTCCTCAGGTGGAT-1_2_1_1_1_1_1_1_1	CNP0000460_P02N	CNP0000460	DF.classifications_0.25_0.26_116	Singlet	pANN_0.25_0.26_116	0.248210023866348
CNP0000460_TTCTCCTGTTCCAACA-1_2_1_1_1_1_1_1_1	CNP0000460_P02N	CNP0000460	DF.classifications_0.25_0.26_116	Singlet	pANN_0.25_0.26_116	0.231503579952267
CNP0000460_TTCTCCTTCGTTGCCT-1_2_1_1_1_1_1_1_1	CNP0000460_P02N	CNP0000460	DF.classifications_0.25_0.26_116	Singlet	pANN_0.25_0.26_116	0.22593476531424
CNP0000460_TTCTTAGAGCTGCCCA-1_2_1_1_1_1_1_1_1	CNP0000460_P02N	CNP0000460	DF.classifications_0.25_0.26_116	Singlet	pANN_0.25_0.26_116	0.210023866348449
CNP0000460_TTCTTAGCAAGTTAAG-1_2_1_1_1_1_1_1_1	CNP0000460_P02N	CNP0000460	DF.classifications_0.25_0.26_116	Singlet	pANN_0.25_0.26_116	0.20763723150358
CNP0000460_TTCTTAGCATTTGCCC-1_2_1_1_1_1_1_1_1	CNP0000460_P02N	CNP0000460	DF.classifications_0.25_0.26_116	Singlet	pANN_0.25_0.26_116	0.196499602227526
CNP0000460_TTCTTAGGTACACCGC-1_2_1_1_1_1_1_1_1	CNP0000460_P02N	CNP0000460	DF.classifications_0.25_0.26_116	Singlet	pANN_0.25_0.26_116	0.246618933969769
CNP0000460_TTCTTAGGTCTAAAGA-1_2_1_1_1_1_1_1_1	CNP0000460_P02N	CNP0000460	DF.classifications_0.25_0.26_116	Singlet	pANN_0.25_0.26_116	0.202863961813842
CNP0000460_TTCTTAGGTTATGTGC-1_2_1_1_1_1_1_1_1	CNP0000460_P02N	CNP0000460	DF.classifications_0.25_0.26_116	Singlet	pANN_0.25_0.26_116	0.224343675417661
CNP0000460_TTCTTAGTCTTCAACT-1_2_1_1_1_1_1_1_1	CNP0000460_P02N	CNP0000460	DF.classifications_0.25_0.26_116	Singlet	pANN_0.25_0.26_116	0.171042163882259
CNP0000460_TTGAACGAGGAGTCTG-1_2_1_1_1_1_1_1_1	CNP0000460_P02N	CNP0000460	DF.classifications_0.25_0.26_116	Singlet	pANN_0.25_0.26_116	0.234685759745426
CNP0000460_TTGAACGCACGGATAG-1_2_1_1_1_1_1_1_1	CNP0000460_P02N	CNP0000460	DF.classifications_0.25_0.26_116	Singlet	pANN_0.25_0.26_116	0.205250596658711
CNP0000460_TTGAACGCACTGTCGG-1_2_1_1_1_1_1_1_1	CNP0000460_P02N	CNP0000460	DF.classifications_0.25_0.26_116	Singlet	pANN_0.25_0.26_116	0.185361972951472
CNP0000460_TTGAACGGTTAAGACA-1_2_1_1_1_1_1_1_1	CNP0000460_P02N	CNP0000460	DF.classifications_0.25_0.26_116	Singlet	pANN_0.25_0.26_116	0.222752585521082
CNP0000460_TTGAACGTCGTAGGAG-1_2_1_1_1_1_1_1_1	CNP0000460_P02N	CNP0000460	DF.classifications_0.25_0.26_116	Singlet	pANN_0.25_0.26_116	0.222752585521082
CNP0000460_TTGACTTAGATACACA-1_2_1_1_1_1_1_1_1	CNP0000460_P02N	CNP0000460	DF.classifications_0.25_0.26_116	Singlet	pANN_0.25_0.26_116	0.350835322195704
CNP0000460_TTGACTTAGATGTCGG-1_2_1_1_1_1_1_1_1	CNP0000460_P02N	CNP0000460	DF.classifications_0.25_0.26_116	Singlet	pANN_0.25_0.26_116	0.24502784407319
CNP0000460_TTGACTTAGGTGGGTT-1_2_1_1_1_1_1_1_1	CNP0000460_P02N	CNP0000460	DF.classifications_0.25_0.26_116	Singlet	pANN_0.25_0.26_116	0.175019888623707
CNP0000460_TTGACTTAGTTCCACA-1_2_1_1_1_1_1_1_1	CNP0000460_P02N	CNP0000460	DF.classifications_0.25_0.26_116	Singlet	pANN_0.25_0.26_116	0.229116945107399
CNP0000460_TTGACTTCACATAACC-1_2_1_1_1_1_1_1_1	CNP0000460_P02N	CNP0000460	DF.classifications_0.25_0.26_116	Singlet	pANN_0.25_0.26_116	0.244232299124901
CNP0000460_TTGACTTGTCAGCTAT-1_2_1_1_1_1_1_1_1	CNP0000460_P02N	CNP0000460	DF.classifications_0.25_0.26_116	Singlet	pANN_0.25_0.26_116	0.179793158313445
CNP0000460_TTGACTTTCAGAGACG-1_2_1_1_1_1_1_1_1	CNP0000460_P02N	CNP0000460	DF.classifications_0.25_0.26_116	Singlet	pANN_0.25_0.26_116	0.203659506762132
CNP0000460_TTGACTTTCCAAGTAC-1_2_1_1_1_1_1_1_1	CNP0000460_P02N	CNP0000460	DF.classifications_0.25_0.26_116	Singlet	pANN_0.25_0.26_116	0.209228321400159
CNP0000460_TTGCCGTCAAACCTAC-1_2_1_1_1_1_1_1_1	CNP0000460_P02N	CNP0000460	DF.classifications_0.25_0.26_116	Singlet	pANN_0.25_0.26_116	0.26491646778043
CNP0000460_TTGCCGTGTTACCAGT-1_2_1_1_1_1_1_1_1	CNP0000460_P02N	CNP0000460	DF.classifications_0.25_0.26_116	Singlet	pANN_0.25_0.26_116	0.214001591089897
CNP0000460_TTGCCGTGTTAGTGGG-1_2_1_1_1_1_1_1_1	CNP0000460_P02N	CNP0000460	DF.classifications_0.25_0.26_116	Singlet	pANN_0.25_0.26_116	0.214001591089897
CNP0000460_TTGCCGTTCGCATGGC-1_2_1_1_1_1_1_1_1	CNP0000460_P02N	CNP0000460	DF.classifications_0.25_0.26_116	Singlet	pANN_0.25_0.26_116	0.159904534606205
CNP0000460_TTGCGTCCATGCCCGA-1_2_1_1_1_1_1_1_1	CNP0000460_P02N	CNP0000460	DF.classifications_0.25_0.26_116	Singlet	pANN_0.25_0.26_116	0.247414478918059
CNP0000460_TTGCGTCGTAACGACG-1_2_1_1_1_1_1_1_1	CNP0000460_P02N	CNP0000460	DF.classifications_0.25_0.26_116	Singlet	pANN_0.25_0.26_116	0.244232299124901
CNP0000460_TTGCGTCGTAGAGCTG-1_2_1_1_1_1_1_1_1	CNP0000460_P02N	CNP0000460	DF.classifications_0.25_0.26_116	Singlet	pANN_0.25_0.26_116	0.297533810660302
CNP0000460_TTGCGTCGTCCAGTAT-1_2_1_1_1_1_1_1_1	CNP0000460_P02N	CNP0000460	DF.classifications_0.25_0.26_116	Singlet	pANN_0.25_0.26_116	0.233094669848846
CNP0000460_TTGCGTCGTGAAATCA-1_2_1_1_1_1_1_1_1	CNP0000460_P02N	CNP0000460	DF.classifications_0.25_0.26_116	Singlet	pANN_0.25_0.26_116	0.191726332537788
CNP0000460_TTGGAACAGGGTCGAT-1_2_1_1_1_1_1_1_1	CNP0000460_P02N	CNP0000460	DF.classifications_0.25_0.26_116	Singlet	pANN_0.25_0.26_116	0.192521877486078
CNP0000460_TTGGAACAGTACGTTC-1_2_1_1_1_1_1_1_1	CNP0000460_P02N	CNP0000460	DF.classifications_0.25_0.26_116	Singlet	pANN_0.25_0.26_116	0.214797136038186
CNP0000460_TTGGAACGTTTGACAC-1_2_1_1_1_1_1_1_1	CNP0000460_P02N	CNP0000460	DF.classifications_0.25_0.26_116	Singlet	pANN_0.25_0.26_116	0.293556085918854
CNP0000460_TTGGAACTCTCAAGTG-1_2_1_1_1_1_1_1_1	CNP0000460_P02N	CNP0000460	DF.classifications_0.25_0.26_116	Singlet	pANN_0.25_0.26_116	0.175815433571997
CNP0000460_TTGGAACTCTCGCATC-1_2_1_1_1_1_1_1_1	CNP0000460_P02N	CNP0000460	DF.classifications_0.25_0.26_116	Singlet	pANN_0.25_0.26_116	0.272871917263325
CNP0000460_TTGGCAAAGTGTTTGC-1_2_1_1_1_1_1_1_1	CNP0000460_P02N	CNP0000460	DF.classifications_0.25_0.26_116	Singlet	pANN_0.25_0.26_116	0.291964996022275
CNP0000460_TTGGCAACAAGTCTAC-1_2_1_1_1_1_1_1_1	CNP0000460_P02N	CNP0000460	DF.classifications_0.25_0.26_116	Singlet	pANN_0.25_0.26_116	0.222752585521082
CNP0000460_TTGGCAACATTAGCCA-1_2_1_1_1_1_1_1_1	CNP0000460_P02N	CNP0000460	DF.classifications_0.25_0.26_116	Singlet	pANN_0.25_0.26_116	0.231503579952267
CNP0000460_TTGGCAAGTACGCTGC-1_2_1_1_1_1_1_1_1	CNP0000460_P02N	CNP0000460	DF.classifications_0.25_0.26_116	Singlet	pANN_0.25_0.26_116	0.241845664280032
CNP0000460_TTGGCAAGTGTAACGG-1_2_1_1_1_1_1_1_1	CNP0000460_P02N	CNP0000460	DF.classifications_0.25_0.26_116	Singlet	pANN_0.25_0.26_116	0.204455051710422
CNP0000460_TTGTAGGAGCCGATTT-1_2_1_1_1_1_1_1_1	CNP0000460_P02N	CNP0000460	DF.classifications_0.25_0.26_116	Singlet	pANN_0.25_0.26_116	0.166268894192522
CNP0000460_TTGTAGGAGGACTGGT-1_2_1_1_1_1_1_1_1	CNP0000460_P02N	CNP0000460	DF.classifications_0.25_0.26_116	Singlet	pANN_0.25_0.26_116	0.0930787589498807
CNP0000460_TTGTAGGAGGGCACTA-1_2_1_1_1_1_1_1_1	CNP0000460_P02N	CNP0000460	DF.classifications_0.25_0.26_116	Singlet	pANN_0.25_0.26_116	0.217979315831344
CNP0000460_TTGTAGGTCAAACAAG-1_2_1_1_1_1_1_1_1	CNP0000460_P02N	CNP0000460	DF.classifications_0.25_0.26_116	Singlet	pANN_0.25_0.26_116	0.290373906125696
CNP0000460_TTTACTGAGTTTCCTT-1_2_1_1_1_1_1_1_1	CNP0000460_P02N	CNP0000460	DF.classifications_0.25_0.26_116	Singlet	pANN_0.25_0.26_116	0.278440731901352
CNP0000460_TTTACTGCAGTCTTCC-1_2_1_1_1_1_1_1_1	CNP0000460_P02N	CNP0000460	DF.classifications_0.25_0.26_116	Singlet	pANN_0.25_0.26_116	0.182975338106603
CNP0000460_TTTACTGCATAGACTC-1_2_1_1_1_1_1_1_1	CNP0000460_P02N	CNP0000460	DF.classifications_0.25_0.26_116	Singlet	pANN_0.25_0.26_116	0.220365950676213
CNP0000460_TTTACTGCATATGCTG-1_2_1_1_1_1_1_1_1	CNP0000460_P02N	CNP0000460	DF.classifications_0.25_0.26_116	Singlet	pANN_0.25_0.26_116	0.186953062848051
CNP0000460_TTTACTGGTAAAGTCA-1_2_1_1_1_1_1_1_1	CNP0000460_P02N	CNP0000460	DF.classifications_0.25_0.26_116	Singlet	pANN_0.25_0.26_116	0.20684168655529
CNP0000460_TTTACTGGTCGAACAG-1_2_1_1_1_1_1_1_1	CNP0000460_P02N	CNP0000460	DF.classifications_0.25_0.26_116	Singlet	pANN_0.25_0.26_116	0.18933969769292
CNP0000460_TTTACTGGTTAAGGGC-1_2_1_1_1_1_1_1_1	CNP0000460_P02N	CNP0000460	DF.classifications_0.25_0.26_116	Singlet	pANN_0.25_0.26_116	0.255369928400955
CNP0000460_TTTACTGTCAACCATG-1_2_1_1_1_1_1_1_1	CNP0000460_P02N	CNP0000460	DF.classifications_0.25_0.26_116	Singlet	pANN_0.25_0.26_116	0.235481304693715
CNP0000460_TTTACTGTCCAAGCCG-1_2_1_1_1_1_1_1_1	CNP0000460_P02N	CNP0000460	DF.classifications_0.25_0.26_116	Singlet	pANN_0.25_0.26_116	0.273667462211615
CNP0000460_TTTATGCAGCTAACAA-1_2_1_1_1_1_1_1_1	CNP0000460_P02N	CNP0000460	DF.classifications_0.25_0.26_116	Singlet	pANN_0.25_0.26_116	0.198886237072395
CNP0000460_TTTATGCAGTAGTGCG-1_2_1_1_1_1_1_1_1	CNP0000460_P02N	CNP0000460	DF.classifications_0.25_0.26_116	Singlet	pANN_0.25_0.26_116	0.18933969769292
CNP0000460_TTTATGCCAAACCTAC-1_2_1_1_1_1_1_1_1	CNP0000460_P02N	CNP0000460	DF.classifications_0.25_0.26_116	Singlet	pANN_0.25_0.26_116	0.213206046141607
CNP0000460_TTTATGCCAATGTTGC-1_2_1_1_1_1_1_1_1	CNP0000460_P02N	CNP0000460	DF.classifications_0.25_0.26_116	Singlet	pANN_0.25_0.26_116	0.205250596658711
CNP0000460_TTTATGCCATGCTAGT-1_2_1_1_1_1_1_1_1	CNP0000460_P02N	CNP0000460	DF.classifications_0.25_0.26_116	Singlet	pANN_0.25_0.26_116	0.223548130469372
CNP0000460_TTTATGCGTAGATTAG-1_2_1_1_1_1_1_1_1	CNP0000460_P02N	CNP0000460	DF.classifications_0.25_0.26_116	Singlet	pANN_0.25_0.26_116	0.198886237072395
CNP0000460_TTTATGCGTATGGTTC-1_2_1_1_1_1_1_1_1	CNP0000460_P02N	CNP0000460	DF.classifications_0.25_0.26_116	Singlet	pANN_0.25_0.26_116	0.210023866348449
CNP0000460_TTTATGCGTCTCAACA-1_2_1_1_1_1_1_1_1	CNP0000460_P02N	CNP0000460	DF.classifications_0.25_0.26_116	Singlet	pANN_0.25_0.26_116	0.167859984089101
CNP0000460_TTTATGCTCAAGGTAA-1_2_1_1_1_1_1_1_1	CNP0000460_P02N	CNP0000460	DF.classifications_0.25_0.26_116	Singlet	pANN_0.25_0.26_116	0.272871917263325
CNP0000460_TTTATGCTCCAAACAC-1_2_1_1_1_1_1_1_1	CNP0000460_P02N	CNP0000460	DF.classifications_0.25_0.26_116	Singlet	pANN_0.25_0.26_116	0.229116945107399
CNP0000460_TTTATGCTCTGCAAGT-1_2_1_1_1_1_1_1_1	CNP0000460_P02N	CNP0000460	DF.classifications_0.25_0.26_116	Singlet	pANN_0.25_0.26_116	0.197295147175815
CNP0000460_TTTCCTCCAAATCCGT-1_2_1_1_1_1_1_1_1	CNP0000460_P02N	CNP0000460	DF.classifications_0.25_0.26_116	Singlet	pANN_0.25_0.26_116	0.17024661893397
CNP0000460_TTTCCTCGTGGTTTCA-1_2_1_1_1_1_1_1_1	CNP0000460_P02N	CNP0000460	DF.classifications_0.25_0.26_116	Singlet	pANN_0.25_0.26_116	0.276054097056484
CNP0000460_TTTCCTCGTTAAGACA-1_2_1_1_1_1_1_1_1	CNP0000460_P02N	CNP0000460	DF.classifications_0.25_0.26_116	Singlet	pANN_0.25_0.26_116	0.194908512330947
CNP0000460_TTTCCTCGTTTGTTTC-1_2_1_1_1_1_1_1_1	CNP0000460_P02N	CNP0000460	DF.classifications_0.25_0.26_116	Singlet	pANN_0.25_0.26_116	0.239459029435163
CNP0000460_TTTCCTCTCTTGACGA-1_2_1_1_1_1_1_1_1	CNP0000460_P02N	CNP0000460	DF.classifications_0.25_0.26_116	Singlet	pANN_0.25_0.26_116	0.2824184566428
CNP0000460_TTTGCGCAGTCCTCCT-1_2_1_1_1_1_1_1_1	CNP0000460_P02N	CNP0000460	DF.classifications_0.25_0.26_116	Singlet	pANN_0.25_0.26_116	0.209228321400159
CNP0000460_TTTGCGCCATATGCTG-1_2_1_1_1_1_1_1_1	CNP0000460_P02N	CNP0000460	DF.classifications_0.25_0.26_116	Singlet	pANN_0.25_0.26_116	0.259347653142403
CNP0000460_TTTGCGCGTCTAGCCG-1_2_1_1_1_1_1_1_1	CNP0000460_P02N	CNP0000460	DF.classifications_0.25_0.26_116	Singlet	pANN_0.25_0.26_116	0.194112967382657
CNP0000460_TTTGCGCTCGCGATCG-1_2_1_1_1_1_1_1_1	CNP0000460_P02N	CNP0000460	DF.classifications_0.25_0.26_116	Singlet	pANN_0.25_0.26_116	0.285600636435959
CNP0000460_TTTGGTTAGGCCATAG-1_2_1_1_1_1_1_1_1	CNP0000460_P02N	CNP0000460	DF.classifications_0.25_0.26_116	Singlet	pANN_0.25_0.26_116	0.249005568814638
CNP0000460_TTTGGTTAGTACGTAA-1_2_1_1_1_1_1_1_1	CNP0000460_P02N	CNP0000460	DF.classifications_0.25_0.26_116	Singlet	pANN_0.25_0.26_116	0.214797136038186
CNP0000460_TTTGGTTGTTTCCACC-1_2_1_1_1_1_1_1_1	CNP0000460_P02N	CNP0000460	DF.classifications_0.25_0.26_116	Singlet	pANN_0.25_0.26_116	0.190135242641209
CNP0000460_TTTGGTTTCAAAGTAG-1_2_1_1_1_1_1_1_1	CNP0000460_P02N	CNP0000460	DF.classifications_0.25_0.26_116	Singlet	pANN_0.25_0.26_116	0.18854415274463
CNP0000460_TTTGGTTTCAATCTCT-1_2_1_1_1_1_1_1_1	CNP0000460_P02N	CNP0000460	DF.classifications_0.25_0.26_116	Singlet	pANN_0.25_0.26_116	0.215592680986476
CNP0000460_TTTGTCAAGTGCCAGA-1_2_1_1_1_1_1_1_1	CNP0000460_P02N	CNP0000460	DF.classifications_0.25_0.26_116	Singlet	pANN_0.25_0.26_116	0.202863961813842
CNP0000460_TTTGTCACACCTTGTC-1_2_1_1_1_1_1_1_1	CNP0000460_P02N	CNP0000460	DF.classifications_0.25_0.26_116	Singlet	pANN_0.25_0.26_116	0.227525855210819
CNP0000460_TTTGTCAGTCATGCAT-1_2_1_1_1_1_1_1_1	CNP0000460_P02N	CNP0000460	DF.classifications_0.25_0.26_116	Singlet	pANN_0.25_0.26_116	0.233094669848846
CNP0000460_TTTGTCAGTCGAGTTT-1_2_1_1_1_1_1_1_1	CNP0000460_P02N	CNP0000460	DF.classifications_0.25_0.26_116	Singlet	pANN_0.25_0.26_116	0.221957040572792
