cell_id	orig.ident	dataset	df_classification_column	df_classification	df_pANN_column	df_pANN
GSE222315_AAACCCAAGGGCAACT-1_1_1_1_1	GSE222315_p4_NAT	GSE222315	DF.classifications_0.25_0.3_229	Singlet	pANN_0.25_0.3_229	0.292448048656868
GSE222315_AAACCCAAGTGCCGAA-1_1_1_1_1	GSE222315_p4_NAT	GSE222315	DF.classifications_0.25_0.3_229	Singlet	pANN_0.25_0.3_229	0.22250380131779
GSE222315_AAACGAAAGCGGACAT-1_1_1_1_1	GSE222315_p4_NAT	GSE222315	DF.classifications_0.25_0.3_229	Singlet	pANN_0.25_0.3_229	0.210339584389255
GSE222315_AAACGAACACTGCGTG-1_1_1_1_1	GSE222315_p4_NAT	GSE222315	DF.classifications_0.25_0.3_229	Singlet	pANN_0.25_0.3_229	0.364926507856057
GSE222315_AAACGAAGTCGGTACC-1_1_1_1_1	GSE222315_p4_NAT	GSE222315	DF.classifications_0.25_0.3_229	Singlet	pANN_0.25_0.3_229	0.16523061327927
GSE222315_AAACGAAGTGACTAAA-1_1_1_1_1	GSE222315_p4_NAT	GSE222315	DF.classifications_0.25_0.3_229	Singlet	pANN_0.25_0.3_229	0.216421692853523
GSE222315_AAACGAAGTTGACTAC-1_1_1_1_1	GSE222315_p4_NAT	GSE222315	DF.classifications_0.25_0.3_229	Singlet	pANN_0.25_0.3_229	0.205271160669032
GSE222315_AAACGAATCACACCCT-1_1_1_1_1	GSE222315_p4_NAT	GSE222315	DF.classifications_0.25_0.3_229	Singlet	pANN_0.25_0.3_229	0.250380131779017
GSE222315_AAACGAATCCTACACC-1_1_1_1_1	GSE222315_p4_NAT	GSE222315	DF.classifications_0.25_0.3_229	Singlet	pANN_0.25_0.3_229	0.348200709579321
GSE222315_AAACGCTAGATCGCTT-1_1_1_1_1	GSE222315_p4_NAT	GSE222315	DF.classifications_0.25_0.3_229	Singlet	pANN_0.25_0.3_229	0.208819057273188
GSE222315_AAAGAACCAACCTAAC-1_1_1_1_1	GSE222315_p4_NAT	GSE222315	DF.classifications_0.25_0.3_229	Singlet	pANN_0.25_0.3_229	0.316269640141916
GSE222315_AAAGAACGTATCGCGC-1_1_1_1_1	GSE222315_p4_NAT	GSE222315	DF.classifications_0.25_0.3_229	Singlet	pANN_0.25_0.3_229	0.165737455651292
GSE222315_AAAGAACGTCGCTCGA-1_1_1_1_1	GSE222315_p4_NAT	GSE222315	DF.classifications_0.25_0.3_229	Singlet	pANN_0.25_0.3_229	0.384186517992904
GSE222315_AAAGAACGTGCTGCAC-1_1_1_1_1	GSE222315_p4_NAT	GSE222315	DF.classifications_0.25_0.3_229	Singlet	pANN_0.25_0.3_229	0.195134313228586
GSE222315_AAAGAACGTTGCGAAG-1_1_1_1_1	GSE222315_p4_NAT	GSE222315	DF.classifications_0.25_0.3_229	Singlet	pANN_0.25_0.3_229	0.173846933603649
GSE222315_AAAGAACGTTGGACTT-1_1_1_1_1	GSE222315_p4_NAT	GSE222315	DF.classifications_0.25_0.3_229	Singlet	pANN_0.25_0.3_229	0.230613279270147
GSE222315_AAAGAACTCCTCACTG-1_1_1_1_1	GSE222315_p4_NAT	GSE222315	DF.classifications_0.25_0.3_229	Singlet	pANN_0.25_0.3_229	0.187024835276229
GSE222315_AAAGAACTCTCTTCAA-1_1_1_1_1	GSE222315_p4_NAT	GSE222315	DF.classifications_0.25_0.3_229	Singlet	pANN_0.25_0.3_229	0.270653826659909
GSE222315_AAAGGATAGACTAAGT-1_1_1_1_1	GSE222315_p4_NAT	GSE222315	DF.classifications_0.25_0.3_229	Singlet	pANN_0.25_0.3_229	0.166244298023315
GSE222315_AAAGGATAGCGTGAGT-1_1_1_1_1	GSE222315_p4_NAT	GSE222315	DF.classifications_0.25_0.3_229	Singlet	pANN_0.25_0.3_229	0.19158641662443
GSE222315_AAAGGATAGCTCCATA-1_1_1_1_1	GSE222315_p4_NAT	GSE222315	DF.classifications_0.25_0.3_229	Singlet	pANN_0.25_0.3_229	0.176887987835783
GSE222315_AAAGGATAGTCACAGG-1_1_1_1_1	GSE222315_p4_NAT	GSE222315	DF.classifications_0.25_0.3_229	Singlet	pANN_0.25_0.3_229	0.260516979219463
GSE222315_AAAGGATCACGGGTAA-1_1_1_1_1	GSE222315_p4_NAT	GSE222315	DF.classifications_0.25_0.3_229	Singlet	pANN_0.25_0.3_229	0.254941713127217
GSE222315_AAAGGATTCTCCGTGT-1_1_1_1_1	GSE222315_p4_NAT	GSE222315	DF.classifications_0.25_0.3_229	Singlet	pANN_0.25_0.3_229	0.219969589457679
GSE222315_AAAGGGCGTAGGACCA-1_1_1_1_1	GSE222315_p4_NAT	GSE222315	DF.classifications_0.25_0.3_229	Singlet	pANN_0.25_0.3_229	0.20932589964521
GSE222315_AAAGGGCGTGTATTCG-1_1_1_1_1	GSE222315_p4_NAT	GSE222315	DF.classifications_0.25_0.3_229	Singlet	pANN_0.25_0.3_229	0.195641155600608
GSE222315_AAAGGTAAGATTACCC-1_1_1_1_1	GSE222315_p4_NAT	GSE222315	DF.classifications_0.25_0.3_229	Singlet	pANN_0.25_0.3_229	0.218955904713634
GSE222315_AAAGGTAAGCGTGTTT-1_1_1_1_1	GSE222315_p4_NAT	GSE222315	DF.classifications_0.25_0.3_229	Singlet	pANN_0.25_0.3_229	0.158134820070958
GSE222315_AAAGGTACACGTTGGC-1_1_1_1_1	GSE222315_p4_NAT	GSE222315	DF.classifications_0.25_0.3_229	Singlet	pANN_0.25_0.3_229	0.132792701469843
GSE222315_AAAGGTATCGGATTAC-1_1_1_1_1	GSE222315_p4_NAT	GSE222315	DF.classifications_0.25_0.3_229	Singlet	pANN_0.25_0.3_229	0.342625443487076
GSE222315_AAAGTCCGTCACTAGT-1_1_1_1_1	GSE222315_p4_NAT	GSE222315	DF.classifications_0.25_0.3_229	Singlet	pANN_0.25_0.3_229	0.218449062341612
GSE222315_AAAGTGAAGATCCAAA-1_1_1_1_1	GSE222315_p4_NAT	GSE222315	DF.classifications_0.25_0.3_229	Singlet	pANN_0.25_0.3_229	0.14749113025849
GSE222315_AAAGTGAAGGCAATGC-1_1_1_1_1	GSE222315_p4_NAT	GSE222315	DF.classifications_0.25_0.3_229	Singlet	pANN_0.25_0.3_229	0.208312214901166
GSE222315_AAAGTGAAGGCCTTGC-1_1_1_1_1	GSE222315_p4_NAT	GSE222315	DF.classifications_0.25_0.3_229	Singlet	pANN_0.25_0.3_229	0.163710086163203
GSE222315_AAAGTGACATGGAGAC-1_1_1_1_1	GSE222315_p4_NAT	GSE222315	DF.classifications_0.25_0.3_229	Singlet	pANN_0.25_0.3_229	0.139381652306133
GSE222315_AAAGTGAGTAGGCAAC-1_1_1_1_1	GSE222315_p4_NAT	GSE222315	DF.classifications_0.25_0.3_229	Singlet	pANN_0.25_0.3_229	0.205271160669032
GSE222315_AAAGTGAGTCTTACAG-1_1_1_1_1	GSE222315_p4_NAT	GSE222315	DF.classifications_0.25_0.3_229	Singlet	pANN_0.25_0.3_229	0.258996452103396
GSE222315_AAAGTGATCCACGTGG-1_1_1_1_1	GSE222315_p4_NAT	GSE222315	DF.classifications_0.25_0.3_229	Singlet	pANN_0.25_0.3_229	0.176381145463761
GSE222315_AAATGGAAGAGCTGCA-1_1_1_1_1	GSE222315_p4_NAT	GSE222315	DF.classifications_0.25_0.3_229	Singlet	pANN_0.25_0.3_229	0.168778509883426
GSE222315_AAATGGACACGTACAT-1_1_1_1_1	GSE222315_p4_NAT	GSE222315	DF.classifications_0.25_0.3_229	Singlet	pANN_0.25_0.3_229	0.175874303091738
GSE222315_AAATGGACATATCGGT-1_1_1_1_1	GSE222315_p4_NAT	GSE222315	DF.classifications_0.25_0.3_229	Singlet	pANN_0.25_0.3_229	0.240243284338571
GSE222315_AAATGGACATTGCTGA-1_1_1_1_1	GSE222315_p4_NAT	GSE222315	DF.classifications_0.25_0.3_229	Singlet	pANN_0.25_0.3_229	0.257982767359351
GSE222315_AAATGGATCCTGTTGC-1_1_1_1_1	GSE222315_p4_NAT	GSE222315	DF.classifications_0.25_0.3_229	Singlet	pANN_0.25_0.3_229	0.196147997972631
GSE222315_AAATGGATCGTAGGGA-1_1_1_1_1	GSE222315_p4_NAT	GSE222315	DF.classifications_0.25_0.3_229	Singlet	pANN_0.25_0.3_229	0.193613786112519
GSE222315_AACAAAGAGCATAGGC-1_1_1_1_1	GSE222315_p4_NAT	GSE222315	DF.classifications_0.25_0.3_229	Singlet	pANN_0.25_0.3_229	0.373035985808414
GSE222315_AACAAAGAGCCGTAAG-1_1_1_1_1	GSE222315_p4_NAT	GSE222315	DF.classifications_0.25_0.3_229	Singlet	pANN_0.25_0.3_229	0.324379118094273
GSE222315_AACAAAGAGGTTTACC-1_1_1_1_1	GSE222315_p4_NAT	GSE222315	DF.classifications_0.25_0.3_229	Singlet	pANN_0.25_0.3_229	0.200202736948809
GSE222315_AACAAAGAGTGTACAA-1_1_1_1_1	GSE222315_p4_NAT	GSE222315	DF.classifications_0.25_0.3_229	Singlet	pANN_0.25_0.3_229	0.149518499746579
GSE222315_AACAAAGCACTCAGAT-1_1_1_1_1	GSE222315_p4_NAT	GSE222315	DF.classifications_0.25_0.3_229	Singlet	pANN_0.25_0.3_229	0.225544855549924
GSE222315_AACAAAGCATTGTACG-1_1_1_1_1	GSE222315_p4_NAT	GSE222315	DF.classifications_0.25_0.3_229	Singlet	pANN_0.25_0.3_229	0.168778509883426
GSE222315_AACAAAGGTGACTATC-1_1_1_1_1	GSE222315_p4_NAT	GSE222315	DF.classifications_0.25_0.3_229	Singlet	pANN_0.25_0.3_229	0.162696401419159
GSE222315_AACAAAGTCGCCACTT-1_1_1_1_1	GSE222315_p4_NAT	GSE222315	DF.classifications_0.25_0.3_229	Singlet	pANN_0.25_0.3_229	0.197668525088697
GSE222315_AACAACCAGCCGATAG-1_1_1_1_1	GSE222315_p4_NAT	GSE222315	DF.classifications_0.25_0.3_229	Singlet	pANN_0.25_0.3_229	0.180942726811961
GSE222315_AACAACCAGGCAGCTA-1_1_1_1_1	GSE222315_p4_NAT	GSE222315	DF.classifications_0.25_0.3_229	Singlet	pANN_0.25_0.3_229	0.121642169285352
GSE222315_AACAACCGTACCTATG-1_1_1_1_1	GSE222315_p4_NAT	GSE222315	DF.classifications_0.25_0.3_229	Singlet	pANN_0.25_0.3_229	0.17181956411556
GSE222315_AACAACCGTGACAGCA-1_1_1_1_1	GSE222315_p4_NAT	GSE222315	DF.classifications_0.25_0.3_229	Singlet	pANN_0.25_0.3_229	0.200709579320831
GSE222315_AACAACCTCACTGTTT-1_1_1_1_1	GSE222315_p4_NAT	GSE222315	DF.classifications_0.25_0.3_229	Singlet	pANN_0.25_0.3_229	0.13431322858591
GSE222315_AACAACCTCATTCACT-1_1_1_1_1	GSE222315_p4_NAT	GSE222315	DF.classifications_0.25_0.3_229	Singlet	pANN_0.25_0.3_229	0.236188545362392
GSE222315_AACAACCTCGGCATAT-1_1_1_1_1	GSE222315_p4_NAT	GSE222315	DF.classifications_0.25_0.3_229	Singlet	pANN_0.25_0.3_229	0.278763304612266
GSE222315_AACAAGAAGAATCGTA-1_1_1_1_1	GSE222315_p4_NAT	GSE222315	DF.classifications_0.25_0.3_229	Singlet	pANN_0.25_0.3_229	0.154586923466802
GSE222315_AACAAGACAGATACCT-1_1_1_1_1	GSE222315_p4_NAT	GSE222315	DF.classifications_0.25_0.3_229	Singlet	pANN_0.25_0.3_229	0.121642169285352
GSE222315_AACAAGACATGCAGCC-1_1_1_1_1	GSE222315_p4_NAT	GSE222315	DF.classifications_0.25_0.3_229	Singlet	pANN_0.25_0.3_229	0.257982767359351
GSE222315_AACAAGAGTCACTACA-1_1_1_1_1	GSE222315_p4_NAT	GSE222315	DF.classifications_0.25_0.3_229	Singlet	pANN_0.25_0.3_229	0.212873796249366
GSE222315_AACAAGATCATTCTTG-1_1_1_1_1	GSE222315_p4_NAT	GSE222315	DF.classifications_0.25_0.3_229	Singlet	pANN_0.25_0.3_229	0.325392802838317
GSE222315_AACACACGTAGCACAG-1_1_1_1_1	GSE222315_p4_NAT	GSE222315	DF.classifications_0.25_0.3_229	Singlet	pANN_0.25_0.3_229	0.135833755701977
GSE222315_AACACACGTTACGTAC-1_1_1_1_1	GSE222315_p4_NAT	GSE222315	DF.classifications_0.25_0.3_229	Singlet	pANN_0.25_0.3_229	0.364926507856057
GSE222315_AACACACGTTCTCAGA-1_1_1_1_1	GSE222315_p4_NAT	GSE222315	DF.classifications_0.25_0.3_229	Singlet	pANN_0.25_0.3_229	0.201216421692854
GSE222315_AACACACTCTCATTTG-1_1_1_1_1	GSE222315_p4_NAT	GSE222315	DF.classifications_0.25_0.3_229	Singlet	pANN_0.25_0.3_229	0.189052204764318
GSE222315_AACACACTCTGCGGCA-1_1_1_1_1	GSE222315_p4_NAT	GSE222315	DF.classifications_0.25_0.3_229	Singlet	pANN_0.25_0.3_229	0.243284338570705
GSE222315_AACAGGGGTTGGTGTT-1_1_1_1_1	GSE222315_p4_NAT	GSE222315	DF.classifications_0.25_0.3_229	Singlet	pANN_0.25_0.3_229	0.272681196147998
GSE222315_AACCAACAGATACAGT-1_1_1_1_1	GSE222315_p4_NAT	GSE222315	DF.classifications_0.25_0.3_229	Singlet	pANN_0.25_0.3_229	0.128231120121642
GSE222315_AACCAACTCTTCGCTG-1_1_1_1_1	GSE222315_p4_NAT	GSE222315	DF.classifications_0.25_0.3_229	Singlet	pANN_0.25_0.3_229	0.181449569183984
GSE222315_AACCACAAGCGGGTTA-1_1_1_1_1	GSE222315_p4_NAT	GSE222315	DF.classifications_0.25_0.3_229	Singlet	pANN_0.25_0.3_229	0.212873796249366
GSE222315_AACCACACAATATCCG-1_1_1_1_1	GSE222315_p4_NAT	GSE222315	DF.classifications_0.25_0.3_229	Singlet	pANN_0.25_0.3_229	0.35022807906741
GSE222315_AACCACACACCTTCGT-1_1_1_1_1	GSE222315_p4_NAT	GSE222315	DF.classifications_0.25_0.3_229	Singlet	pANN_0.25_0.3_229	0.2159148504815
GSE222315_AACCACACATCGTTCC-1_1_1_1_1	GSE222315_p4_NAT	GSE222315	DF.classifications_0.25_0.3_229	Singlet	pANN_0.25_0.3_229	0.125190065889508
GSE222315_AACCACACATCTGGGC-1_1_1_1_1	GSE222315_p4_NAT	GSE222315	DF.classifications_0.25_0.3_229	Singlet	pANN_0.25_0.3_229	0.268119614799797
GSE222315_AACCACAGTCAGACTT-1_1_1_1_1	GSE222315_p4_NAT	GSE222315	DF.classifications_0.25_0.3_229	Singlet	pANN_0.25_0.3_229	0.257475924987329
GSE222315_AACCATGCATGGCCCA-1_1_1_1_1	GSE222315_p4_NAT	GSE222315	DF.classifications_0.25_0.3_229	Singlet	pANN_0.25_0.3_229	0.187024835276229
GSE222315_AACCATGTCGTTGTGA-1_1_1_1_1	GSE222315_p4_NAT	GSE222315	DF.classifications_0.25_0.3_229	Singlet	pANN_0.25_0.3_229	0.175367460719716
GSE222315_AACCATGTCTTCGGTC-1_1_1_1_1	GSE222315_p4_NAT	GSE222315	DF.classifications_0.25_0.3_229	Singlet	pANN_0.25_0.3_229	0.380131779016726
GSE222315_AACCCAAAGGTCGTCC-1_1_1_1_1	GSE222315_p4_NAT	GSE222315	DF.classifications_0.25_0.3_229	Singlet	pANN_0.25_0.3_229	0.206284845413077
GSE222315_AACCCAAAGTAACGAT-1_1_1_1_1	GSE222315_p4_NAT	GSE222315	DF.classifications_0.25_0.3_229	Singlet	pANN_0.25_0.3_229	0.177901672579828
GSE222315_AACCCAAGTCATCTAG-1_1_1_1_1	GSE222315_p4_NAT	GSE222315	DF.classifications_0.25_0.3_229	Singlet	pANN_0.25_0.3_229	0.336543335022808
GSE222315_AACCCAAGTGCAATGG-1_1_1_1_1	GSE222315_p4_NAT	GSE222315	DF.classifications_0.25_0.3_229	Singlet	pANN_0.25_0.3_229	0.359858084135834
GSE222315_AACCCAATCATTTGTC-1_1_1_1_1	GSE222315_p4_NAT	GSE222315	DF.classifications_0.25_0.3_229	Singlet	pANN_0.25_0.3_229	0.206791687785099
GSE222315_AACCCAATCGCGTTTC-1_1_1_1_1	GSE222315_p4_NAT	GSE222315	DF.classifications_0.25_0.3_229	Singlet	pANN_0.25_0.3_229	0.214394323365433
GSE222315_AACCTGAAGACTCAAA-1_1_1_1_1	GSE222315_p4_NAT	GSE222315	DF.classifications_0.25_0.3_229	Singlet	pANN_0.25_0.3_229	0.274708565636087
GSE222315_AACCTGACACGACAGA-1_1_1_1_1	GSE222315_p4_NAT	GSE222315	DF.classifications_0.25_0.3_229	Singlet	pANN_0.25_0.3_229	0.197161682716675
GSE222315_AACCTGACAGCACACC-1_1_1_1_1	GSE222315_p4_NAT	GSE222315	DF.classifications_0.25_0.3_229	Singlet	pANN_0.25_0.3_229	0.186011150532184
GSE222315_AACCTGACATCCGATA-1_1_1_1_1	GSE222315_p4_NAT	GSE222315	DF.classifications_0.25_0.3_229	Singlet	pANN_0.25_0.3_229	0.365433350228079
GSE222315_AACCTGAGTAGCGCTC-1_1_1_1_1	GSE222315_p4_NAT	GSE222315	DF.classifications_0.25_0.3_229	Singlet	pANN_0.25_0.3_229	0.234161175874303
GSE222315_AACCTGAGTTTCCAAG-1_1_1_1_1	GSE222315_p4_NAT	GSE222315	DF.classifications_0.25_0.3_229	Singlet	pANN_0.25_0.3_229	0.353775975671566
GSE222315_AACCTGATCTCTGACC-1_1_1_1_1	GSE222315_p4_NAT	GSE222315	DF.classifications_0.25_0.3_229	Singlet	pANN_0.25_0.3_229	0.262544348707552
GSE222315_AACCTTTCAACAAGTA-1_1_1_1_1	GSE222315_p4_NAT	GSE222315	DF.classifications_0.25_0.3_229	Singlet	pANN_0.25_0.3_229	0.126710593005575
GSE222315_AACCTTTGTCGCACAC-1_1_1_1_1	GSE222315_p4_NAT	GSE222315	DF.classifications_0.25_0.3_229	Singlet	pANN_0.25_0.3_229	0.256462240243284
GSE222315_AACCTTTGTGGTCAAG-1_1_1_1_1	GSE222315_p4_NAT	GSE222315	DF.classifications_0.25_0.3_229	Singlet	pANN_0.25_0.3_229	0.264064875823619
GSE222315_AACCTTTGTTTCGTAG-1_1_1_1_1	GSE222315_p4_NAT	GSE222315	DF.classifications_0.25_0.3_229	Singlet	pANN_0.25_0.3_229	0.384693360364927
GSE222315_AACCTTTTCATTATCC-1_1_1_1_1	GSE222315_p4_NAT	GSE222315	DF.classifications_0.25_0.3_229	Singlet	pANN_0.25_0.3_229	0.237709072478459
GSE222315_AACCTTTTCCGCAACG-1_1_1_1_1	GSE222315_p4_NAT	GSE222315	DF.classifications_0.25_0.3_229	Singlet	pANN_0.25_0.3_229	0.243284338570705
GSE222315_AACGAAAAGTTGAAGT-1_1_1_1_1	GSE222315_p4_NAT	GSE222315	DF.classifications_0.25_0.3_229	Singlet	pANN_0.25_0.3_229	0.178915357323872
GSE222315_AACGAAACAAGAGGTC-1_1_1_1_1	GSE222315_p4_NAT	GSE222315	DF.classifications_0.25_0.3_229	Singlet	pANN_0.25_0.3_229	0.355296502787633
GSE222315_AACGGGAAGTTCCATG-1_1_1_1_1	GSE222315_p4_NAT	GSE222315	DF.classifications_0.25_0.3_229	Singlet	pANN_0.25_0.3_229	0.228079067410035
GSE222315_AACGGGACAACAGAGC-1_1_1_1_1	GSE222315_p4_NAT	GSE222315	DF.classifications_0.25_0.3_229	Singlet	pANN_0.25_0.3_229	0.226558540293969
GSE222315_AACGGGACATGACGTT-1_1_1_1_1	GSE222315_p4_NAT	GSE222315	DF.classifications_0.25_0.3_229	Singlet	pANN_0.25_0.3_229	0.361885453623923
GSE222315_AACGGGATCACTCACC-1_1_1_1_1	GSE222315_p4_NAT	GSE222315	DF.classifications_0.25_0.3_229	Singlet	pANN_0.25_0.3_229	0.128231120121642
GSE222315_AACGGGATCTGCCTGT-1_1_1_1_1	GSE222315_p4_NAT	GSE222315	DF.classifications_0.25_0.3_229	Singlet	pANN_0.25_0.3_229	0.338063862138875
GSE222315_AACGTCAGTAGTACGG-1_1_1_1_1	GSE222315_p4_NAT	GSE222315	DF.classifications_0.25_0.3_229	Singlet	pANN_0.25_0.3_229	0.180435884439939
GSE222315_AACGTCAGTTCCACAA-1_1_1_1_1	GSE222315_p4_NAT	GSE222315	DF.classifications_0.25_0.3_229	Singlet	pANN_0.25_0.3_229	0.261530663963507
GSE222315_AACGTCATCGCGCTGA-1_1_1_1_1	GSE222315_p4_NAT	GSE222315	DF.classifications_0.25_0.3_229	Singlet	pANN_0.25_0.3_229	0.304105423213381
GSE222315_AACGTCATCGGCATAT-1_1_1_1_1	GSE222315_p4_NAT	GSE222315	DF.classifications_0.25_0.3_229	Singlet	pANN_0.25_0.3_229	0.279270146984288
GSE222315_AACGTCATCTAACGGT-1_1_1_1_1	GSE222315_p4_NAT	GSE222315	DF.classifications_0.25_0.3_229	Singlet	pANN_0.25_0.3_229	0.190572731880385
GSE222315_AACTTCTAGGAACTCG-1_1_1_1_1	GSE222315_p4_NAT	GSE222315	DF.classifications_0.25_0.3_229	Singlet	pANN_0.25_0.3_229	0.183983781044095
GSE222315_AACTTCTCACGAGGTA-1_1_1_1_1	GSE222315_p4_NAT	GSE222315	DF.classifications_0.25_0.3_229	Singlet	pANN_0.25_0.3_229	0.170805879371515
GSE222315_AACTTCTCATGCACTA-1_1_1_1_1	GSE222315_p4_NAT	GSE222315	DF.classifications_0.25_0.3_229	Singlet	pANN_0.25_0.3_229	0.13431322858591
GSE222315_AACTTCTTCGATAACC-1_1_1_1_1	GSE222315_p4_NAT	GSE222315	DF.classifications_0.25_0.3_229	Singlet	pANN_0.25_0.3_229	0.174860618347694
GSE222315_AAGAACAAGGGAGATA-1_1_1_1_1	GSE222315_p4_NAT	GSE222315	DF.classifications_0.25_0.3_229	Singlet	pANN_0.25_0.3_229	0.122655854029397
GSE222315_AAGAACACAGTCAGTT-1_1_1_1_1	GSE222315_p4_NAT	GSE222315	DF.classifications_0.25_0.3_229	Singlet	pANN_0.25_0.3_229	0.288393309680689
GSE222315_AAGAACAGTTCCTTGC-1_1_1_1_1	GSE222315_p4_NAT	GSE222315	DF.classifications_0.25_0.3_229	Singlet	pANN_0.25_0.3_229	0.267105930055753
GSE222315_AAGAACATCGCGGTAC-1_1_1_1_1	GSE222315_p4_NAT	GSE222315	DF.classifications_0.25_0.3_229	Singlet	pANN_0.25_0.3_229	0.178915357323872
GSE222315_AAGAACATCGTTCTCG-1_1_1_1_1	GSE222315_p4_NAT	GSE222315	DF.classifications_0.25_0.3_229	Singlet	pANN_0.25_0.3_229	0.384186517992904
GSE222315_AAGACAAAGGCCATAG-1_1_1_1_1	GSE222315_p4_NAT	GSE222315	DF.classifications_0.25_0.3_229	Singlet	pANN_0.25_0.3_229	0.188038520020274
GSE222315_AAGACAACAGAATTCC-1_1_1_1_1	GSE222315_p4_NAT	GSE222315	DF.classifications_0.25_0.3_229	Singlet	pANN_0.25_0.3_229	0.167257982767359
GSE222315_AAGACAACATCATGAC-1_1_1_1_1	GSE222315_p4_NAT	GSE222315	DF.classifications_0.25_0.3_229	Singlet	pANN_0.25_0.3_229	0.317790167257983
GSE222315_AAGACAACATGACAAA-1_1_1_1_1	GSE222315_p4_NAT	GSE222315	DF.classifications_0.25_0.3_229	Singlet	pANN_0.25_0.3_229	0.224531170805879
GSE222315_AAGACAACATTAGGAA-1_1_1_1_1	GSE222315_p4_NAT	GSE222315	DF.classifications_0.25_0.3_229	Singlet	pANN_0.25_0.3_229	0.219462747085656
GSE222315_AAGACAAGTGAGCGAT-1_1_1_1_1	GSE222315_p4_NAT	GSE222315	DF.classifications_0.25_0.3_229	Singlet	pANN_0.25_0.3_229	0.37658388241257
GSE222315_AAGACAAGTGCACATT-1_1_1_1_1	GSE222315_p4_NAT	GSE222315	DF.classifications_0.25_0.3_229	Singlet	pANN_0.25_0.3_229	0.239229599594526
GSE222315_AAGACAATCAAATGAG-1_1_1_1_1	GSE222315_p4_NAT	GSE222315	DF.classifications_0.25_0.3_229	Singlet	pANN_0.25_0.3_229	0.132285859097821
GSE222315_AAGACAATCATCCTGC-1_1_1_1_1	GSE222315_p4_NAT	GSE222315	DF.classifications_0.25_0.3_229	Singlet	pANN_0.25_0.3_229	0.328433857070451
GSE222315_AAGACTCCAACTCGTA-1_1_1_1_1	GSE222315_p4_NAT	GSE222315	DF.classifications_0.25_0.3_229	Singlet	pANN_0.25_0.3_229	0.178915357323872
GSE222315_AAGACTCCAGTTTCAG-1_1_1_1_1	GSE222315_p4_NAT	GSE222315	DF.classifications_0.25_0.3_229	Singlet	pANN_0.25_0.3_229	0.20476431829701
GSE222315_AAGACTCGTTGGAGGT-1_1_1_1_1	GSE222315_p4_NAT	GSE222315	DF.classifications_0.25_0.3_229	Singlet	pANN_0.25_0.3_229	0.181956411556006
GSE222315_AAGACTCTCACCGACG-1_1_1_1_1	GSE222315_p4_NAT	GSE222315	DF.classifications_0.25_0.3_229	Singlet	pANN_0.25_0.3_229	0.142422706538267
GSE222315_AAGACTCTCACGGGAA-1_1_1_1_1	GSE222315_p4_NAT	GSE222315	DF.classifications_0.25_0.3_229	Singlet	pANN_0.25_0.3_229	0.280790674100355
GSE222315_AAGACTCTCCCTATTA-1_1_1_1_1	GSE222315_p4_NAT	GSE222315	DF.classifications_0.25_0.3_229	Singlet	pANN_0.25_0.3_229	0.192093258996452
GSE222315_AAGACTCTCTATCGTT-1_1_1_1_1	GSE222315_p4_NAT	GSE222315	DF.classifications_0.25_0.3_229	Singlet	pANN_0.25_0.3_229	0.136847440446021
GSE222315_AAGATAGAGAAGCGGG-1_1_1_1_1	GSE222315_p4_NAT	GSE222315	DF.classifications_0.25_0.3_229	Singlet	pANN_0.25_0.3_229	0.212873796249366
GSE222315_AAGATAGAGGGCAATC-1_1_1_1_1	GSE222315_p4_NAT	GSE222315	DF.classifications_0.25_0.3_229	Singlet	pANN_0.25_0.3_229	0.224531170805879
GSE222315_AAGATAGAGTGGATTA-1_1_1_1_1	GSE222315_p4_NAT	GSE222315	DF.classifications_0.25_0.3_229	Singlet	pANN_0.25_0.3_229	0.240750126710593
GSE222315_AAGATAGCAACCAGAG-1_1_1_1_1	GSE222315_p4_NAT	GSE222315	DF.classifications_0.25_0.3_229	Singlet	pANN_0.25_0.3_229	0.231626964014192
GSE222315_AAGATAGCACGAGGAT-1_1_1_1_1	GSE222315_p4_NAT	GSE222315	DF.classifications_0.25_0.3_229	Singlet	pANN_0.25_0.3_229	0.149011657374557
GSE222315_AAGATAGGTATGCAAA-1_1_1_1_1	GSE222315_p4_NAT	GSE222315	DF.classifications_0.25_0.3_229	Singlet	pANN_0.25_0.3_229	0.190572731880385
GSE222315_AAGATAGGTCCTTTGC-1_1_1_1_1	GSE222315_p4_NAT	GSE222315	DF.classifications_0.25_0.3_229	Singlet	pANN_0.25_0.3_229	0.175367460719716
GSE222315_AAGATAGGTGCCGAAA-1_1_1_1_1	GSE222315_p4_NAT	GSE222315	DF.classifications_0.25_0.3_229	Singlet	pANN_0.25_0.3_229	0.181956411556006
GSE222315_AAGATAGGTTTGAACC-1_1_1_1_1	GSE222315_p4_NAT	GSE222315	DF.classifications_0.25_0.3_229	Singlet	pANN_0.25_0.3_229	0.374049670552458
GSE222315_AAGCATCAGAAATTCG-1_1_1_1_1	GSE222315_p4_NAT	GSE222315	DF.classifications_0.25_0.3_229	Singlet	pANN_0.25_0.3_229	0.212366953877344
GSE222315_AAGCATCAGTCTCTGA-1_1_1_1_1	GSE222315_p4_NAT	GSE222315	DF.classifications_0.25_0.3_229	Singlet	pANN_0.25_0.3_229	0.146984287886467
GSE222315_AAGCATCCAACCTATG-1_1_1_1_1	GSE222315_p4_NAT	GSE222315	DF.classifications_0.25_0.3_229	Singlet	pANN_0.25_0.3_229	0.201216421692854
GSE222315_AAGCATCCACAACATC-1_1_1_1_1	GSE222315_p4_NAT	GSE222315	DF.classifications_0.25_0.3_229	Singlet	pANN_0.25_0.3_229	0.197161682716675
GSE222315_AAGCATCGTCTCTCTG-1_1_1_1_1	GSE222315_p4_NAT	GSE222315	DF.classifications_0.25_0.3_229	Singlet	pANN_0.25_0.3_229	0.33705017739483
GSE222315_AAGCATCTCAGCGCAC-1_1_1_1_1	GSE222315_p4_NAT	GSE222315	DF.classifications_0.25_0.3_229	Singlet	pANN_0.25_0.3_229	0.208312214901166
GSE222315_AAGCATCTCTGGTTGA-1_1_1_1_1	GSE222315_p4_NAT	GSE222315	DF.classifications_0.25_0.3_229	Singlet	pANN_0.25_0.3_229	0.213887480993411
GSE222315_AAGCCATAGAAGGATG-1_1_1_1_1	GSE222315_p4_NAT	GSE222315	DF.classifications_0.25_0.3_229	Singlet	pANN_0.25_0.3_229	0.14749113025849
GSE222315_AAGCCATGTTGCACGC-1_1_1_1_1	GSE222315_p4_NAT	GSE222315	DF.classifications_0.25_0.3_229	Singlet	pANN_0.25_0.3_229	0.177901672579828
GSE222315_AAGCCATTCCAGCTCT-1_1_1_1_1	GSE222315_p4_NAT	GSE222315	DF.classifications_0.25_0.3_229	Singlet	pANN_0.25_0.3_229	0.20273694880892
GSE222315_AAGCGAGAGGATGAGA-1_1_1_1_1	GSE222315_p4_NAT	GSE222315	DF.classifications_0.25_0.3_229	Singlet	pANN_0.25_0.3_229	0.126710593005575
GSE222315_AAGCGAGCAGAGGGTT-1_1_1_1_1	GSE222315_p4_NAT	GSE222315	DF.classifications_0.25_0.3_229	Singlet	pANN_0.25_0.3_229	0.213380638621389
GSE222315_AAGCGAGGTCAGACTT-1_1_1_1_1	GSE222315_p4_NAT	GSE222315	DF.classifications_0.25_0.3_229	Singlet	pANN_0.25_0.3_229	0.163203243791181
GSE222315_AAGCGAGTCCACCCTA-1_1_1_1_1	GSE222315_p4_NAT	GSE222315	DF.classifications_0.25_0.3_229	Singlet	pANN_0.25_0.3_229	0.188545362392296
GSE222315_AAGCGTTCACGCGTCA-1_1_1_1_1	GSE222315_p4_NAT	GSE222315	DF.classifications_0.25_0.3_229	Singlet	pANN_0.25_0.3_229	0.260516979219463
GSE222315_AAGCGTTTCAACACGT-1_1_1_1_1	GSE222315_p4_NAT	GSE222315	DF.classifications_0.25_0.3_229	Singlet	pANN_0.25_0.3_229	0.141409021794222
GSE222315_AAGCGTTTCTAAGAAG-1_1_1_1_1	GSE222315_p4_NAT	GSE222315	DF.classifications_0.25_0.3_229	Singlet	pANN_0.25_0.3_229	0.203750633552965
GSE222315_AAGGAATAGGCATCTT-1_1_1_1_1	GSE222315_p4_NAT	GSE222315	DF.classifications_0.25_0.3_229	Singlet	pANN_0.25_0.3_229	0.176381145463761
GSE222315_AAGGAATCAGCCATTA-1_1_1_1_1	GSE222315_p4_NAT	GSE222315	DF.classifications_0.25_0.3_229	Singlet	pANN_0.25_0.3_229	0.218955904713634
GSE222315_AAGGAATTCAGGAAGC-1_1_1_1_1	GSE222315_p4_NAT	GSE222315	DF.classifications_0.25_0.3_229	Singlet	pANN_0.25_0.3_229	0.244298023314749
GSE222315_AAGGAATTCTAAACGC-1_1_1_1_1	GSE222315_p4_NAT	GSE222315	DF.classifications_0.25_0.3_229	Singlet	pANN_0.25_0.3_229	0.266092245311708
GSE222315_AAGGAATTCTTGAACG-1_1_1_1_1	GSE222315_p4_NAT	GSE222315	DF.classifications_0.25_0.3_229	Singlet	pANN_0.25_0.3_229	0.218955904713634
GSE222315_AAGGTAAAGGAACATT-1_1_1_1_1	GSE222315_p4_NAT	GSE222315	DF.classifications_0.25_0.3_229	Singlet	pANN_0.25_0.3_229	0.187024835276229
GSE222315_AAGGTAACACTTCAAG-1_1_1_1_1	GSE222315_p4_NAT	GSE222315	DF.classifications_0.25_0.3_229	Singlet	pANN_0.25_0.3_229	0.186011150532184
GSE222315_AAGGTAACAGTGAGCA-1_1_1_1_1	GSE222315_p4_NAT	GSE222315	DF.classifications_0.25_0.3_229	Singlet	pANN_0.25_0.3_229	0.17181956411556
GSE222315_AAGGTAACATGTTTGG-1_1_1_1_1	GSE222315_p4_NAT	GSE222315	DF.classifications_0.25_0.3_229	Singlet	pANN_0.25_0.3_229	0.181449569183984
GSE222315_AAGGTAAGTGTTCGTA-1_1_1_1_1	GSE222315_p4_NAT	GSE222315	DF.classifications_0.25_0.3_229	Singlet	pANN_0.25_0.3_229	0.383679675620882
GSE222315_AAGGTAATCTAGTGAC-1_1_1_1_1	GSE222315_p4_NAT	GSE222315	DF.classifications_0.25_0.3_229	Singlet	pANN_0.25_0.3_229	0.383679675620882
GSE222315_AAGTACCAGTCATGCT-1_1_1_1_1	GSE222315_p4_NAT	GSE222315	DF.classifications_0.25_0.3_229	Singlet	pANN_0.25_0.3_229	0.170805879371515
GSE222315_AAGTACCCAAAGGCTG-1_1_1_1_1	GSE222315_p4_NAT	GSE222315	DF.classifications_0.25_0.3_229	Singlet	pANN_0.25_0.3_229	0.210339584389255
GSE222315_AAGTACCGTACCATAC-1_1_1_1_1	GSE222315_p4_NAT	GSE222315	DF.classifications_0.25_0.3_229	Singlet	pANN_0.25_0.3_229	0.206791687785099
GSE222315_AAGTACCGTGTAGGAC-1_1_1_1_1	GSE222315_p4_NAT	GSE222315	DF.classifications_0.25_0.3_229	Singlet	pANN_0.25_0.3_229	0.347693867207299
GSE222315_AAGTCGTCAAACGTGG-1_1_1_1_1	GSE222315_p4_NAT	GSE222315	DF.classifications_0.25_0.3_229	Singlet	pANN_0.25_0.3_229	0.270653826659909
GSE222315_AAGTCGTGTGGCTTGC-1_1_1_1_1	GSE222315_p4_NAT	GSE222315	DF.classifications_0.25_0.3_229	Singlet	pANN_0.25_0.3_229	0.157627977698936
GSE222315_AAGTCGTTCGCCATAA-1_1_1_1_1	GSE222315_p4_NAT	GSE222315	DF.classifications_0.25_0.3_229	Singlet	pANN_0.25_0.3_229	0.188545362392296
GSE222315_AAGTGAACAAAGGAGA-1_1_1_1_1	GSE222315_p4_NAT	GSE222315	DF.classifications_0.25_0.3_229	Singlet	pANN_0.25_0.3_229	0.232133806386214
GSE222315_AAGTGAACACTTGGCG-1_1_1_1_1	GSE222315_p4_NAT	GSE222315	DF.classifications_0.25_0.3_229	Singlet	pANN_0.25_0.3_229	0.213887480993411
GSE222315_AAGTGAATCACTCACC-1_1_1_1_1	GSE222315_p4_NAT	GSE222315	DF.classifications_0.25_0.3_229	Singlet	pANN_0.25_0.3_229	0.129244804865687
GSE222315_AAGTGAATCTGCTTAT-1_1_1_1_1	GSE222315_p4_NAT	GSE222315	DF.classifications_0.25_0.3_229	Singlet	pANN_0.25_0.3_229	0.230106436898125
GSE222315_AAGTTCGCATTCAGGT-1_1_1_1_1	GSE222315_p4_NAT	GSE222315	DF.classifications_0.25_0.3_229	Singlet	pANN_0.25_0.3_229	0.220476431829701
GSE222315_AATAGAGAGACTAAGT-1_1_1_1_1	GSE222315_p4_NAT	GSE222315	DF.classifications_0.25_0.3_229	Singlet	pANN_0.25_0.3_229	0.371515458692347
GSE222315_AATAGAGAGACTCAAA-1_1_1_1_1	GSE222315_p4_NAT	GSE222315	DF.classifications_0.25_0.3_229	Singlet	pANN_0.25_0.3_229	0.322858590978206
GSE222315_AATAGAGAGCGTGCCT-1_1_1_1_1	GSE222315_p4_NAT	GSE222315	DF.classifications_0.25_0.3_229	Singlet	pANN_0.25_0.3_229	0.250380131779017
GSE222315_AATAGAGAGGCTCACC-1_1_1_1_1	GSE222315_p4_NAT	GSE222315	DF.classifications_0.25_0.3_229	Singlet	pANN_0.25_0.3_229	0.290927521540801
GSE222315_AATAGAGCAAGGGCAT-1_1_1_1_1	GSE222315_p4_NAT	GSE222315	DF.classifications_0.25_0.3_229	Singlet	pANN_0.25_0.3_229	0.246832235174861
GSE222315_AATAGAGGTACCCACG-1_1_1_1_1	GSE222315_p4_NAT	GSE222315	DF.classifications_0.25_0.3_229	Singlet	pANN_0.25_0.3_229	0.225038013177902
GSE222315_AATAGAGGTCGTTGCG-1_1_1_1_1	GSE222315_p4_NAT	GSE222315	DF.classifications_0.25_0.3_229	Singlet	pANN_0.25_0.3_229	0.128737962493664
GSE222315_AATAGAGGTGTCTTCC-1_1_1_1_1	GSE222315_p4_NAT	GSE222315	DF.classifications_0.25_0.3_229	Singlet	pANN_0.25_0.3_229	0.285352255448556
GSE222315_AATAGAGTCAGCGCGT-1_1_1_1_1	GSE222315_p4_NAT	GSE222315	DF.classifications_0.25_0.3_229	Singlet	pANN_0.25_0.3_229	0.234668018246325
GSE222315_AATAGAGTCGCTTGAA-1_1_1_1_1	GSE222315_p4_NAT	GSE222315	DF.classifications_0.25_0.3_229	Singlet	pANN_0.25_0.3_229	0.322858590978206
GSE222315_AATAGAGTCGTCAGAT-1_1_1_1_1	GSE222315_p4_NAT	GSE222315	DF.classifications_0.25_0.3_229	Singlet	pANN_0.25_0.3_229	0.380131779016726
GSE222315_AATCACGAGTAAGCAT-1_1_1_1_1	GSE222315_p4_NAT	GSE222315	DF.classifications_0.25_0.3_229	Singlet	pANN_0.25_0.3_229	0.162696401419159
GSE222315_AATCACGGTGTCCCTT-1_1_1_1_1	GSE222315_p4_NAT	GSE222315	DF.classifications_0.25_0.3_229	Singlet	pANN_0.25_0.3_229	0.158134820070958
GSE222315_AATCACGGTTCCATTT-1_1_1_1_1	GSE222315_p4_NAT	GSE222315	DF.classifications_0.25_0.3_229	Singlet	pANN_0.25_0.3_229	0.196147997972631
GSE222315_AATCACGTCGATTCCC-1_1_1_1_1	GSE222315_p4_NAT	GSE222315	DF.classifications_0.25_0.3_229	Singlet	pANN_0.25_0.3_229	0.315762797769894
GSE222315_AATCACGTCGCAGAGA-1_1_1_1_1	GSE222315_p4_NAT	GSE222315	DF.classifications_0.25_0.3_229	Singlet	pANN_0.25_0.3_229	0.169792194627471
GSE222315_AATCGACAGAAATGGG-1_1_1_1_1	GSE222315_p4_NAT	GSE222315	DF.classifications_0.25_0.3_229	Singlet	pANN_0.25_0.3_229	0.187531677648251
GSE222315_AATCGACAGCCTCTCT-1_1_1_1_1	GSE222315_p4_NAT	GSE222315	DF.classifications_0.25_0.3_229	Singlet	pANN_0.25_0.3_229	0.223010643689812
GSE222315_AATCGACAGTACCCTA-1_1_1_1_1	GSE222315_p4_NAT	GSE222315	DF.classifications_0.25_0.3_229	Singlet	pANN_0.25_0.3_229	0.192093258996452
GSE222315_AATCGACCAGAGCGTA-1_1_1_1_1	GSE222315_p4_NAT	GSE222315	DF.classifications_0.25_0.3_229	Singlet	pANN_0.25_0.3_229	0.384186517992904
GSE222315_AATCGTGCACCAGTTA-1_1_1_1_1	GSE222315_p4_NAT	GSE222315	DF.classifications_0.25_0.3_229	Doublet	pANN_0.25_0.3_229	0.403953370501774
GSE222315_AATCGTGCATGGTACT-1_1_1_1_1	GSE222315_p4_NAT	GSE222315	DF.classifications_0.25_0.3_229	Singlet	pANN_0.25_0.3_229	0.33705017739483
GSE222315_AATCGTGCATTGGGAG-1_1_1_1_1	GSE222315_p4_NAT	GSE222315	DF.classifications_0.25_0.3_229	Singlet	pANN_0.25_0.3_229	0.202230106436898
GSE222315_AATCGTGTCTGCGGAC-1_1_1_1_1	GSE222315_p4_NAT	GSE222315	DF.classifications_0.25_0.3_229	Singlet	pANN_0.25_0.3_229	0.17181956411556
GSE222315_AATGAAGAGACGGAAA-1_1_1_1_1	GSE222315_p4_NAT	GSE222315	DF.classifications_0.25_0.3_229	Singlet	pANN_0.25_0.3_229	0.157627977698936
GSE222315_AATGAAGGTCACCACG-1_1_1_1_1	GSE222315_p4_NAT	GSE222315	DF.classifications_0.25_0.3_229	Singlet	pANN_0.25_0.3_229	0.177394830207805
GSE222315_AATGAAGTCACTTGTT-1_1_1_1_1	GSE222315_p4_NAT	GSE222315	DF.classifications_0.25_0.3_229	Singlet	pANN_0.25_0.3_229	0.246832235174861
GSE222315_AATGACCCAATTGTGC-1_1_1_1_1	GSE222315_p4_NAT	GSE222315	DF.classifications_0.25_0.3_229	Singlet	pANN_0.25_0.3_229	0.208312214901166
GSE222315_AATGACCGTTCAAGTC-1_1_1_1_1	GSE222315_p4_NAT	GSE222315	DF.classifications_0.25_0.3_229	Doublet	pANN_0.25_0.3_229	0.387227572225038
GSE222315_AATGACCTCACCTCAC-1_1_1_1_1	GSE222315_p4_NAT	GSE222315	DF.classifications_0.25_0.3_229	Singlet	pANN_0.25_0.3_229	0.132285859097821
GSE222315_AATGACCTCCGATCTC-1_1_1_1_1	GSE222315_p4_NAT	GSE222315	DF.classifications_0.25_0.3_229	Doublet	pANN_0.25_0.3_229	0.398378104409529
GSE222315_AATGACCTCCTCTCGA-1_1_1_1_1	GSE222315_p4_NAT	GSE222315	DF.classifications_0.25_0.3_229	Singlet	pANN_0.25_0.3_229	0.176887987835783
GSE222315_AATGCCAAGCTTCGTA-1_1_1_1_1	GSE222315_p4_NAT	GSE222315	DF.classifications_0.25_0.3_229	Singlet	pANN_0.25_0.3_229	0.205271160669032
GSE222315_AATGCCAAGGAAGTAG-1_1_1_1_1	GSE222315_p4_NAT	GSE222315	DF.classifications_0.25_0.3_229	Singlet	pANN_0.25_0.3_229	0.164723770907248
GSE222315_AATGCCAAGGTTCACT-1_1_1_1_1	GSE222315_p4_NAT	GSE222315	DF.classifications_0.25_0.3_229	Singlet	pANN_0.25_0.3_229	0.176381145463761
GSE222315_AATGCCAGTGAACCGA-1_1_1_1_1	GSE222315_p4_NAT	GSE222315	DF.classifications_0.25_0.3_229	Singlet	pANN_0.25_0.3_229	0.264064875823619
GSE222315_AATGCCATCGGTTAGT-1_1_1_1_1	GSE222315_p4_NAT	GSE222315	DF.classifications_0.25_0.3_229	Singlet	pANN_0.25_0.3_229	0.191079574252408
GSE222315_AATGGAAGTCCAAGAG-1_1_1_1_1	GSE222315_p4_NAT	GSE222315	DF.classifications_0.25_0.3_229	Singlet	pANN_0.25_0.3_229	0.147997972630512
GSE222315_AATGGAAGTTACGCCG-1_1_1_1_1	GSE222315_p4_NAT	GSE222315	DF.classifications_0.25_0.3_229	Singlet	pANN_0.25_0.3_229	0.208819057273188
GSE222315_AATGGAAGTTTGTTGG-1_1_1_1_1	GSE222315_p4_NAT	GSE222315	DF.classifications_0.25_0.3_229	Singlet	pANN_0.25_0.3_229	0.211860111505322
GSE222315_AATGGAATCCGATTAG-1_1_1_1_1	GSE222315_p4_NAT	GSE222315	DF.classifications_0.25_0.3_229	Singlet	pANN_0.25_0.3_229	0.245311708058794
GSE222315_AATGGCTAGCACTCTA-1_1_1_1_1	GSE222315_p4_NAT	GSE222315	DF.classifications_0.25_0.3_229	Singlet	pANN_0.25_0.3_229	0.224531170805879
GSE222315_AATGGCTAGGTCTTTG-1_1_1_1_1	GSE222315_p4_NAT	GSE222315	DF.classifications_0.25_0.3_229	Singlet	pANN_0.25_0.3_229	0.284338570704511
GSE222315_AATGGCTCAGAACTAA-1_1_1_1_1	GSE222315_p4_NAT	GSE222315	DF.classifications_0.25_0.3_229	Singlet	pANN_0.25_0.3_229	0.214394323365433
GSE222315_AATGGCTGTAACTTCG-1_1_1_1_1	GSE222315_p4_NAT	GSE222315	DF.classifications_0.25_0.3_229	Singlet	pANN_0.25_0.3_229	0.196147997972631
GSE222315_AATGGCTGTCCTCAGG-1_1_1_1_1	GSE222315_p4_NAT	GSE222315	DF.classifications_0.25_0.3_229	Singlet	pANN_0.25_0.3_229	0.197668525088697
GSE222315_AATTCCTCAGAGATTA-1_1_1_1_1	GSE222315_p4_NAT	GSE222315	DF.classifications_0.25_0.3_229	Singlet	pANN_0.25_0.3_229	0.179929042067917
GSE222315_AATTCCTGTAATGCTC-1_1_1_1_1	GSE222315_p4_NAT	GSE222315	DF.classifications_0.25_0.3_229	Singlet	pANN_0.25_0.3_229	0.218955904713634
GSE222315_AATTCCTTCTCGGCTT-1_1_1_1_1	GSE222315_p4_NAT	GSE222315	DF.classifications_0.25_0.3_229	Singlet	pANN_0.25_0.3_229	0.145970603142423
GSE222315_AATTTCCAGACCACGA-1_1_1_1_1	GSE222315_p4_NAT	GSE222315	DF.classifications_0.25_0.3_229	Singlet	pANN_0.25_0.3_229	0.2113532691333
GSE222315_ACAAAGAAGCACTCCG-1_1_1_1_1	GSE222315_p4_NAT	GSE222315	DF.classifications_0.25_0.3_229	Singlet	pANN_0.25_0.3_229	0.199695894576787
GSE222315_ACAAAGAAGTCACGCC-1_1_1_1_1	GSE222315_p4_NAT	GSE222315	DF.classifications_0.25_0.3_229	Singlet	pANN_0.25_0.3_229	0.155093765838824
GSE222315_ACAAAGACACTTTATC-1_1_1_1_1	GSE222315_p4_NAT	GSE222315	DF.classifications_0.25_0.3_229	Singlet	pANN_0.25_0.3_229	0.347187024835276
GSE222315_ACAAAGACATTCTCCG-1_1_1_1_1	GSE222315_p4_NAT	GSE222315	DF.classifications_0.25_0.3_229	Singlet	pANN_0.25_0.3_229	0.292448048656868
GSE222315_ACAAAGATCGAGTTGT-1_1_1_1_1	GSE222315_p4_NAT	GSE222315	DF.classifications_0.25_0.3_229	Singlet	pANN_0.25_0.3_229	0.251900658895084
GSE222315_ACAACCACACGTCGGT-1_1_1_1_1	GSE222315_p4_NAT	GSE222315	DF.classifications_0.25_0.3_229	Singlet	pANN_0.25_0.3_229	0.380131779016726
GSE222315_ACAACCACATCTTTCA-1_1_1_1_1	GSE222315_p4_NAT	GSE222315	DF.classifications_0.25_0.3_229	Singlet	pANN_0.25_0.3_229	0.168778509883426
GSE222315_ACAACCAGTAACATCC-1_1_1_1_1	GSE222315_p4_NAT	GSE222315	DF.classifications_0.25_0.3_229	Singlet	pANN_0.25_0.3_229	0.186517992904207
GSE222315_ACAACCATCCGCATAA-1_1_1_1_1	GSE222315_p4_NAT	GSE222315	DF.classifications_0.25_0.3_229	Doublet	pANN_0.25_0.3_229	0.405473897617841
GSE222315_ACAACCATCGAGATAA-1_1_1_1_1	GSE222315_p4_NAT	GSE222315	DF.classifications_0.25_0.3_229	Singlet	pANN_0.25_0.3_229	0.217942219969589
GSE222315_ACAACCATCTGGTCAA-1_1_1_1_1	GSE222315_p4_NAT	GSE222315	DF.classifications_0.25_0.3_229	Singlet	pANN_0.25_0.3_229	0.236695387734415
GSE222315_ACAAGCTAGCTGAGTG-1_1_1_1_1	GSE222315_p4_NAT	GSE222315	DF.classifications_0.25_0.3_229	Singlet	pANN_0.25_0.3_229	0.193106943740497
GSE222315_ACAAGCTAGTCATAGA-1_1_1_1_1	GSE222315_p4_NAT	GSE222315	DF.classifications_0.25_0.3_229	Singlet	pANN_0.25_0.3_229	0.162696401419159
GSE222315_ACAAGCTCAACCAGAG-1_1_1_1_1	GSE222315_p4_NAT	GSE222315	DF.classifications_0.25_0.3_229	Singlet	pANN_0.25_0.3_229	0.232133806386214
GSE222315_ACAAGCTCAGCACAAG-1_1_1_1_1	GSE222315_p4_NAT	GSE222315	DF.classifications_0.25_0.3_229	Singlet	pANN_0.25_0.3_229	0.302078053725291
GSE222315_ACAAGCTGTTCTCGCT-1_1_1_1_1	GSE222315_p4_NAT	GSE222315	DF.classifications_0.25_0.3_229	Singlet	pANN_0.25_0.3_229	0.199189052204764
GSE222315_ACAAGCTTCACTTGTT-1_1_1_1_1	GSE222315_p4_NAT	GSE222315	DF.classifications_0.25_0.3_229	Singlet	pANN_0.25_0.3_229	0.178915357323872
GSE222315_ACACAGTAGGGCCTCT-1_1_1_1_1	GSE222315_p4_NAT	GSE222315	DF.classifications_0.25_0.3_229	Singlet	pANN_0.25_0.3_229	0.16523061327927
GSE222315_ACACAGTCACAAACGG-1_1_1_1_1	GSE222315_p4_NAT	GSE222315	DF.classifications_0.25_0.3_229	Singlet	pANN_0.25_0.3_229	0.188038520020274
GSE222315_ACACAGTGTTGAGAGC-1_1_1_1_1	GSE222315_p4_NAT	GSE222315	DF.classifications_0.25_0.3_229	Singlet	pANN_0.25_0.3_229	0.173846933603649
GSE222315_ACACAGTTCTTTGATC-1_1_1_1_1	GSE222315_p4_NAT	GSE222315	DF.classifications_0.25_0.3_229	Singlet	pANN_0.25_0.3_229	0.143943233654334
GSE222315_ACACCAAAGCGCACAA-1_1_1_1_1	GSE222315_p4_NAT	GSE222315	DF.classifications_0.25_0.3_229	Singlet	pANN_0.25_0.3_229	0.132792701469843
GSE222315_ACACCAAAGTAACAGT-1_1_1_1_1	GSE222315_p4_NAT	GSE222315	DF.classifications_0.25_0.3_229	Singlet	pANN_0.25_0.3_229	0.132285859097821
GSE222315_ACACCAACACATGAAA-1_1_1_1_1	GSE222315_p4_NAT	GSE222315	DF.classifications_0.25_0.3_229	Singlet	pANN_0.25_0.3_229	0.131779016725798
GSE222315_ACACCAACAGGTACGA-1_1_1_1_1	GSE222315_p4_NAT	GSE222315	DF.classifications_0.25_0.3_229	Singlet	pANN_0.25_0.3_229	0.189559047136341
GSE222315_ACACGCGAGATGAACT-1_1_1_1_1	GSE222315_p4_NAT	GSE222315	DF.classifications_0.25_0.3_229	Singlet	pANN_0.25_0.3_229	0.175874303091738
GSE222315_ACACGCGAGGTTATAG-1_1_1_1_1	GSE222315_p4_NAT	GSE222315	DF.classifications_0.25_0.3_229	Singlet	pANN_0.25_0.3_229	0.261530663963507
GSE222315_ACACGCGTCACACCCT-1_1_1_1_1	GSE222315_p4_NAT	GSE222315	DF.classifications_0.25_0.3_229	Singlet	pANN_0.25_0.3_229	0.20932589964521
GSE222315_ACACGCGTCCCTCGAT-1_1_1_1_1	GSE222315_p4_NAT	GSE222315	DF.classifications_0.25_0.3_229	Singlet	pANN_0.25_0.3_229	0.18499746578814
GSE222315_ACACTGACATAGGAGC-1_1_1_1_1	GSE222315_p4_NAT	GSE222315	DF.classifications_0.25_0.3_229	Singlet	pANN_0.25_0.3_229	0.159655347187025
GSE222315_ACACTGAGTGTTGACT-1_1_1_1_1	GSE222315_p4_NAT	GSE222315	DF.classifications_0.25_0.3_229	Singlet	pANN_0.25_0.3_229	0.231120121642169
GSE222315_ACACTGATCGTGTGAT-1_1_1_1_1	GSE222315_p4_NAT	GSE222315	DF.classifications_0.25_0.3_229	Singlet	pANN_0.25_0.3_229	0.256462240243284
GSE222315_ACACTGATCTTTCCGG-1_1_1_1_1	GSE222315_p4_NAT	GSE222315	DF.classifications_0.25_0.3_229	Singlet	pANN_0.25_0.3_229	0.128737962493664
GSE222315_ACAGAAAAGTACGAGC-1_1_1_1_1	GSE222315_p4_NAT	GSE222315	DF.classifications_0.25_0.3_229	Singlet	pANN_0.25_0.3_229	0.190065889508363
GSE222315_ACAGAAACATCGGAGA-1_1_1_1_1	GSE222315_p4_NAT	GSE222315	DF.classifications_0.25_0.3_229	Singlet	pANN_0.25_0.3_229	0.143436391282311
GSE222315_ACAGAAATCCCAGTGG-1_1_1_1_1	GSE222315_p4_NAT	GSE222315	DF.classifications_0.25_0.3_229	Singlet	pANN_0.25_0.3_229	0.354282818043588
GSE222315_ACAGCCGAGTCACTGT-1_1_1_1_1	GSE222315_p4_NAT	GSE222315	DF.classifications_0.25_0.3_229	Singlet	pANN_0.25_0.3_229	0.375063355296503
GSE222315_ACAGCCGCAGGGTTGA-1_1_1_1_1	GSE222315_p4_NAT	GSE222315	DF.classifications_0.25_0.3_229	Singlet	pANN_0.25_0.3_229	0.162696401419159
GSE222315_ACAGGGAAGTACAGCG-1_1_1_1_1	GSE222315_p4_NAT	GSE222315	DF.classifications_0.25_0.3_229	Singlet	pANN_0.25_0.3_229	0.20476431829701
GSE222315_ACAGGGACAACCCTCT-1_1_1_1_1	GSE222315_p4_NAT	GSE222315	DF.classifications_0.25_0.3_229	Singlet	pANN_0.25_0.3_229	0.19158641662443
GSE222315_ACAGGGACAACTGGTT-1_1_1_1_1	GSE222315_p4_NAT	GSE222315	DF.classifications_0.25_0.3_229	Singlet	pANN_0.25_0.3_229	0.238215914850481
GSE222315_ACAGGGACATAATGCC-1_1_1_1_1	GSE222315_p4_NAT	GSE222315	DF.classifications_0.25_0.3_229	Singlet	pANN_0.25_0.3_229	0.146477445514445
GSE222315_ACAGGGAGTGATAGTA-1_1_1_1_1	GSE222315_p4_NAT	GSE222315	DF.classifications_0.25_0.3_229	Singlet	pANN_0.25_0.3_229	0.244298023314749
GSE222315_ACATCCCAGCCTCATA-1_1_1_1_1	GSE222315_p4_NAT	GSE222315	DF.classifications_0.25_0.3_229	Singlet	pANN_0.25_0.3_229	0.341104916371009
GSE222315_ACATCCCCAAGAGGTC-1_1_1_1_1	GSE222315_p4_NAT	GSE222315	DF.classifications_0.25_0.3_229	Singlet	pANN_0.25_0.3_229	0.206791687785099
GSE222315_ACATCCCGTAAGCAAT-1_1_1_1_1	GSE222315_p4_NAT	GSE222315	DF.classifications_0.25_0.3_229	Singlet	pANN_0.25_0.3_229	0.278763304612266
GSE222315_ACATCCCGTGCGTTTA-1_1_1_1_1	GSE222315_p4_NAT	GSE222315	DF.classifications_0.25_0.3_229	Singlet	pANN_0.25_0.3_229	0.26203750633553
GSE222315_ACATCCCTCCGATGCG-1_1_1_1_1	GSE222315_p4_NAT	GSE222315	DF.classifications_0.25_0.3_229	Singlet	pANN_0.25_0.3_229	0.174353775975672
GSE222315_ACATCGAAGCACACCC-1_1_1_1_1	GSE222315_p4_NAT	GSE222315	DF.classifications_0.25_0.3_229	Singlet	pANN_0.25_0.3_229	0.156107450582869
GSE222315_ACATCGAAGCACGTCC-1_1_1_1_1	GSE222315_p4_NAT	GSE222315	DF.classifications_0.25_0.3_229	Singlet	pANN_0.25_0.3_229	0.214394323365433
GSE222315_ACATCGAAGCGTCTCG-1_1_1_1_1	GSE222315_p4_NAT	GSE222315	DF.classifications_0.25_0.3_229	Singlet	pANN_0.25_0.3_229	0.36340598073999
GSE222315_ACATCGACACATGAAA-1_1_1_1_1	GSE222315_p4_NAT	GSE222315	DF.classifications_0.25_0.3_229	Singlet	pANN_0.25_0.3_229	0.265078560567663
GSE222315_ACATCGACAGATACTC-1_1_1_1_1	GSE222315_p4_NAT	GSE222315	DF.classifications_0.25_0.3_229	Doublet	pANN_0.25_0.3_229	0.393816523061328
GSE222315_ACATCGAGTGTGATGG-1_1_1_1_1	GSE222315_p4_NAT	GSE222315	DF.classifications_0.25_0.3_229	Singlet	pANN_0.25_0.3_229	0.213887480993411
GSE222315_ACATCGATCCTAGCTC-1_1_1_1_1	GSE222315_p4_NAT	GSE222315	DF.classifications_0.25_0.3_229	Singlet	pANN_0.25_0.3_229	0.13887480993411
GSE222315_ACATGCAAGCCATTGT-1_1_1_1_1	GSE222315_p4_NAT	GSE222315	DF.classifications_0.25_0.3_229	Singlet	pANN_0.25_0.3_229	0.138367967562088
GSE222315_ACATGCAAGGGCAGAG-1_1_1_1_1	GSE222315_p4_NAT	GSE222315	DF.classifications_0.25_0.3_229	Singlet	pANN_0.25_0.3_229	0.236188545362392
GSE222315_ACATGCACACGGCTAC-1_1_1_1_1	GSE222315_p4_NAT	GSE222315	DF.classifications_0.25_0.3_229	Singlet	pANN_0.25_0.3_229	0.189559047136341
GSE222315_ACATGCACACTAGGCC-1_1_1_1_1	GSE222315_p4_NAT	GSE222315	DF.classifications_0.25_0.3_229	Singlet	pANN_0.25_0.3_229	0.176887987835783
GSE222315_ACATGCATCCCGTGTT-1_1_1_1_1	GSE222315_p4_NAT	GSE222315	DF.classifications_0.25_0.3_229	Singlet	pANN_0.25_0.3_229	0.180435884439939
GSE222315_ACATTTCAGTACCGGA-1_1_1_1_1	GSE222315_p4_NAT	GSE222315	DF.classifications_0.25_0.3_229	Singlet	pANN_0.25_0.3_229	0.17181956411556
GSE222315_ACATTTCAGTGGACGT-1_1_1_1_1	GSE222315_p4_NAT	GSE222315	DF.classifications_0.25_0.3_229	Singlet	pANN_0.25_0.3_229	0.193613786112519
GSE222315_ACATTTCTCACTGTTT-1_1_1_1_1	GSE222315_p4_NAT	GSE222315	DF.classifications_0.25_0.3_229	Singlet	pANN_0.25_0.3_229	0.228585909782058
GSE222315_ACATTTCTCCCGATCT-1_1_1_1_1	GSE222315_p4_NAT	GSE222315	DF.classifications_0.25_0.3_229	Singlet	pANN_0.25_0.3_229	0.132792701469843
GSE222315_ACATTTCTCTCGTTTA-1_1_1_1_1	GSE222315_p4_NAT	GSE222315	DF.classifications_0.25_0.3_229	Singlet	pANN_0.25_0.3_229	0.167257982767359
GSE222315_ACCAAACAGACCCGCT-1_1_1_1_1	GSE222315_p4_NAT	GSE222315	DF.classifications_0.25_0.3_229	Singlet	pANN_0.25_0.3_229	0.207805372529143
GSE222315_ACCAAACAGTATGTAG-1_1_1_1_1	GSE222315_p4_NAT	GSE222315	DF.classifications_0.25_0.3_229	Singlet	pANN_0.25_0.3_229	0.340091231626964
GSE222315_ACCAAACGTGTAAATG-1_1_1_1_1	GSE222315_p4_NAT	GSE222315	DF.classifications_0.25_0.3_229	Singlet	pANN_0.25_0.3_229	0.20273694880892
GSE222315_ACCAAACGTTACACAC-1_1_1_1_1	GSE222315_p4_NAT	GSE222315	DF.classifications_0.25_0.3_229	Singlet	pANN_0.25_0.3_229	0.217435377597567
GSE222315_ACCAACAGTCATACCA-1_1_1_1_1	GSE222315_p4_NAT	GSE222315	DF.classifications_0.25_0.3_229	Singlet	pANN_0.25_0.3_229	0.200202736948809
GSE222315_ACCAACATCAAGCTTG-1_1_1_1_1	GSE222315_p4_NAT	GSE222315	DF.classifications_0.25_0.3_229	Singlet	pANN_0.25_0.3_229	0.167257982767359
GSE222315_ACCAACATCATTGTGG-1_1_1_1_1	GSE222315_p4_NAT	GSE222315	DF.classifications_0.25_0.3_229	Singlet	pANN_0.25_0.3_229	0.203243791180943
GSE222315_ACCACAAGTAGGCAGT-1_1_1_1_1	GSE222315_p4_NAT	GSE222315	DF.classifications_0.25_0.3_229	Singlet	pANN_0.25_0.3_229	0.156614292954891
GSE222315_ACCACAATCGATTGGT-1_1_1_1_1	GSE222315_p4_NAT	GSE222315	DF.classifications_0.25_0.3_229	Singlet	pANN_0.25_0.3_229	0.200202736948809
GSE222315_ACCATTTAGCACTCCG-1_1_1_1_1	GSE222315_p4_NAT	GSE222315	DF.classifications_0.25_0.3_229	Singlet	pANN_0.25_0.3_229	0.245818550430816
GSE222315_ACCATTTGTACAGGTG-1_1_1_1_1	GSE222315_p4_NAT	GSE222315	DF.classifications_0.25_0.3_229	Singlet	pANN_0.25_0.3_229	0.380638621388748
GSE222315_ACCATTTGTTGTGTTG-1_1_1_1_1	GSE222315_p4_NAT	GSE222315	DF.classifications_0.25_0.3_229	Singlet	pANN_0.25_0.3_229	0.190065889508363
GSE222315_ACCATTTTCGGAATTC-1_1_1_1_1	GSE222315_p4_NAT	GSE222315	DF.classifications_0.25_0.3_229	Singlet	pANN_0.25_0.3_229	0.240750126710593
GSE222315_ACCCAAACACTACAGT-1_1_1_1_1	GSE222315_p4_NAT	GSE222315	DF.classifications_0.25_0.3_229	Singlet	pANN_0.25_0.3_229	0.22909275215408
GSE222315_ACCCAAACACTGCGTG-1_1_1_1_1	GSE222315_p4_NAT	GSE222315	DF.classifications_0.25_0.3_229	Singlet	pANN_0.25_0.3_229	0.37658388241257
GSE222315_ACCCAAATCAAATGCC-1_1_1_1_1	GSE222315_p4_NAT	GSE222315	DF.classifications_0.25_0.3_229	Singlet	pANN_0.25_0.3_229	0.268119614799797
GSE222315_ACCCTCAAGACGTCCC-1_1_1_1_1	GSE222315_p4_NAT	GSE222315	DF.classifications_0.25_0.3_229	Singlet	pANN_0.25_0.3_229	0.174353775975672
GSE222315_ACCCTCAAGATTCGAA-1_1_1_1_1	GSE222315_p4_NAT	GSE222315	DF.classifications_0.25_0.3_229	Singlet	pANN_0.25_0.3_229	0.252407501267106
GSE222315_ACCCTCACAAGCAGGT-1_1_1_1_1	GSE222315_p4_NAT	GSE222315	DF.classifications_0.25_0.3_229	Singlet	pANN_0.25_0.3_229	0.195641155600608
GSE222315_ACCCTCACACCTATCC-1_1_1_1_1	GSE222315_p4_NAT	GSE222315	DF.classifications_0.25_0.3_229	Singlet	pANN_0.25_0.3_229	0.251900658895084
GSE222315_ACCCTCACATATAGCC-1_1_1_1_1	GSE222315_p4_NAT	GSE222315	DF.classifications_0.25_0.3_229	Singlet	pANN_0.25_0.3_229	0.149518499746579
GSE222315_ACCCTCAGTAGACACG-1_1_1_1_1	GSE222315_p4_NAT	GSE222315	DF.classifications_0.25_0.3_229	Singlet	pANN_0.25_0.3_229	0.257982767359351
GSE222315_ACCCTCAGTGACTGTT-1_1_1_1_1	GSE222315_p4_NAT	GSE222315	DF.classifications_0.25_0.3_229	Singlet	pANN_0.25_0.3_229	0.197161682716675
GSE222315_ACCCTCATCACTGAAC-1_1_1_1_1	GSE222315_p4_NAT	GSE222315	DF.classifications_0.25_0.3_229	Singlet	pANN_0.25_0.3_229	0.179422199695895
GSE222315_ACCCTCATCATGCAGT-1_1_1_1_1	GSE222315_p4_NAT	GSE222315	DF.classifications_0.25_0.3_229	Singlet	pANN_0.25_0.3_229	0.228079067410035
GSE222315_ACCCTCATCCTCTCGA-1_1_1_1_1	GSE222315_p4_NAT	GSE222315	DF.classifications_0.25_0.3_229	Singlet	pANN_0.25_0.3_229	0.167257982767359
GSE222315_ACCCTCATCGGCAGTC-1_1_1_1_1	GSE222315_p4_NAT	GSE222315	DF.classifications_0.25_0.3_229	Singlet	pANN_0.25_0.3_229	0.255955397871262
GSE222315_ACCCTTGAGTCTTCCC-1_1_1_1_1	GSE222315_p4_NAT	GSE222315	DF.classifications_0.25_0.3_229	Singlet	pANN_0.25_0.3_229	0.213887480993411
GSE222315_ACCCTTGCAGCACAGA-1_1_1_1_1	GSE222315_p4_NAT	GSE222315	DF.classifications_0.25_0.3_229	Singlet	pANN_0.25_0.3_229	0.179929042067917
GSE222315_ACCCTTGCATGCGGTC-1_1_1_1_1	GSE222315_p4_NAT	GSE222315	DF.classifications_0.25_0.3_229	Singlet	pANN_0.25_0.3_229	0.195641155600608
GSE222315_ACCCTTGGTTCGTACA-1_1_1_1_1	GSE222315_p4_NAT	GSE222315	DF.classifications_0.25_0.3_229	Singlet	pANN_0.25_0.3_229	0.147997972630512
GSE222315_ACCGTTCAGAAGCGAA-1_1_1_1_1	GSE222315_p4_NAT	GSE222315	DF.classifications_0.25_0.3_229	Singlet	pANN_0.25_0.3_229	0.26862645717182
GSE222315_ACCGTTCAGAGAGGTA-1_1_1_1_1	GSE222315_p4_NAT	GSE222315	DF.classifications_0.25_0.3_229	Singlet	pANN_0.25_0.3_229	0.351748606183477
GSE222315_ACCGTTCCAACATCGT-1_1_1_1_1	GSE222315_p4_NAT	GSE222315	DF.classifications_0.25_0.3_229	Singlet	pANN_0.25_0.3_229	0.223517486061835
GSE222315_ACCGTTCCAAGTCCAT-1_1_1_1_1	GSE222315_p4_NAT	GSE222315	DF.classifications_0.25_0.3_229	Singlet	pANN_0.25_0.3_229	0.162696401419159
GSE222315_ACCGTTCCAATTGAAG-1_1_1_1_1	GSE222315_p4_NAT	GSE222315	DF.classifications_0.25_0.3_229	Singlet	pANN_0.25_0.3_229	0.195641155600608
GSE222315_ACCGTTCCACAACGAG-1_1_1_1_1	GSE222315_p4_NAT	GSE222315	DF.classifications_0.25_0.3_229	Singlet	pANN_0.25_0.3_229	0.236695387734415
GSE222315_ACCGTTCCACCTCAGG-1_1_1_1_1	GSE222315_p4_NAT	GSE222315	DF.classifications_0.25_0.3_229	Singlet	pANN_0.25_0.3_229	0.227065382665991
GSE222315_ACCGTTCCACTATGTG-1_1_1_1_1	GSE222315_p4_NAT	GSE222315	DF.classifications_0.25_0.3_229	Singlet	pANN_0.25_0.3_229	0.22909275215408
GSE222315_ACCGTTCGTCACTAGT-1_1_1_1_1	GSE222315_p4_NAT	GSE222315	DF.classifications_0.25_0.3_229	Singlet	pANN_0.25_0.3_229	0.166751140395337
GSE222315_ACCGTTCTCAAGTGTC-1_1_1_1_1	GSE222315_p4_NAT	GSE222315	DF.classifications_0.25_0.3_229	Singlet	pANN_0.25_0.3_229	0.230106436898125
GSE222315_ACCGTTCTCCTTCTTC-1_1_1_1_1	GSE222315_p4_NAT	GSE222315	DF.classifications_0.25_0.3_229	Doublet	pANN_0.25_0.3_229	0.391282311201216
GSE222315_ACCGTTCTCGGCTGTG-1_1_1_1_1	GSE222315_p4_NAT	GSE222315	DF.classifications_0.25_0.3_229	Singlet	pANN_0.25_0.3_229	0.252407501267106
GSE222315_ACCTACCAGATGTTCC-1_1_1_1_1	GSE222315_p4_NAT	GSE222315	DF.classifications_0.25_0.3_229	Singlet	pANN_0.25_0.3_229	0.208819057273188
GSE222315_ACCTACCAGGCACTCC-1_1_1_1_1	GSE222315_p4_NAT	GSE222315	DF.classifications_0.25_0.3_229	Singlet	pANN_0.25_0.3_229	0.182970096300051
GSE222315_ACCTACCCAAACAGGC-1_1_1_1_1	GSE222315_p4_NAT	GSE222315	DF.classifications_0.25_0.3_229	Singlet	pANN_0.25_0.3_229	0.255955397871262
GSE222315_ACCTACCCATCCTGTC-1_1_1_1_1	GSE222315_p4_NAT	GSE222315	DF.classifications_0.25_0.3_229	Singlet	pANN_0.25_0.3_229	0.149518499746579
GSE222315_ACCTACCGTTGCCGAC-1_1_1_1_1	GSE222315_p4_NAT	GSE222315	DF.classifications_0.25_0.3_229	Singlet	pANN_0.25_0.3_229	0.131779016725798
GSE222315_ACCTGAACAGCTCATA-1_1_1_1_1	GSE222315_p4_NAT	GSE222315	DF.classifications_0.25_0.3_229	Singlet	pANN_0.25_0.3_229	0.213380638621389
GSE222315_ACCTGAACATCCCGTT-1_1_1_1_1	GSE222315_p4_NAT	GSE222315	DF.classifications_0.25_0.3_229	Singlet	pANN_0.25_0.3_229	0.231626964014192
GSE222315_ACCTGAATCTATGTGG-1_1_1_1_1	GSE222315_p4_NAT	GSE222315	DF.classifications_0.25_0.3_229	Singlet	pANN_0.25_0.3_229	0.365433350228079
GSE222315_ACCTGAATCTCTATAC-1_1_1_1_1	GSE222315_p4_NAT	GSE222315	DF.classifications_0.25_0.3_229	Doublet	pANN_0.25_0.3_229	0.388748099341105
GSE222315_ACCTGTCAGCTAGAAT-1_1_1_1_1	GSE222315_p4_NAT	GSE222315	DF.classifications_0.25_0.3_229	Singlet	pANN_0.25_0.3_229	0.169792194627471
GSE222315_ACCTGTCAGGACCCAA-1_1_1_1_1	GSE222315_p4_NAT	GSE222315	DF.classifications_0.25_0.3_229	Singlet	pANN_0.25_0.3_229	0.13887480993411
GSE222315_ACCTGTCAGGGTTAAT-1_1_1_1_1	GSE222315_p4_NAT	GSE222315	DF.classifications_0.25_0.3_229	Singlet	pANN_0.25_0.3_229	0.23568170299037
GSE222315_ACCTGTCAGTCGAAGC-1_1_1_1_1	GSE222315_p4_NAT	GSE222315	DF.classifications_0.25_0.3_229	Singlet	pANN_0.25_0.3_229	0.230613279270147
GSE222315_ACCTGTCAGTTGCCTA-1_1_1_1_1	GSE222315_p4_NAT	GSE222315	DF.classifications_0.25_0.3_229	Singlet	pANN_0.25_0.3_229	0.235174860618348
GSE222315_ACCTGTCCACGATAGG-1_1_1_1_1	GSE222315_p4_NAT	GSE222315	DF.classifications_0.25_0.3_229	Singlet	pANN_0.25_0.3_229	0.148504815002534
GSE222315_ACCTGTCGTTCCAGGC-1_1_1_1_1	GSE222315_p4_NAT	GSE222315	DF.classifications_0.25_0.3_229	Singlet	pANN_0.25_0.3_229	0.166751140395337
GSE222315_ACGATCAAGGAAGTAG-1_1_1_1_1	GSE222315_p4_NAT	GSE222315	DF.classifications_0.25_0.3_229	Singlet	pANN_0.25_0.3_229	0.141915864166244
GSE222315_ACGATCAAGGGTGGGA-1_1_1_1_1	GSE222315_p4_NAT	GSE222315	DF.classifications_0.25_0.3_229	Singlet	pANN_0.25_0.3_229	0.170805879371515
GSE222315_ACGATCACAGCCATTA-1_1_1_1_1	GSE222315_p4_NAT	GSE222315	DF.classifications_0.25_0.3_229	Singlet	pANN_0.25_0.3_229	0.339584389254942
GSE222315_ACGATCACAGTTTCAG-1_1_1_1_1	GSE222315_p4_NAT	GSE222315	DF.classifications_0.25_0.3_229	Singlet	pANN_0.25_0.3_229	0.358844399391789
GSE222315_ACGATCACATCTAGAC-1_1_1_1_1	GSE222315_p4_NAT	GSE222315	DF.classifications_0.25_0.3_229	Singlet	pANN_0.25_0.3_229	0.23568170299037
GSE222315_ACGATCAGTGGTTTGT-1_1_1_1_1	GSE222315_p4_NAT	GSE222315	DF.classifications_0.25_0.3_229	Singlet	pANN_0.25_0.3_229	0.236695387734415
GSE222315_ACGATCAGTTAACCTG-1_1_1_1_1	GSE222315_p4_NAT	GSE222315	DF.classifications_0.25_0.3_229	Singlet	pANN_0.25_0.3_229	0.372022301064369
GSE222315_ACGATCAGTTACCGTA-1_1_1_1_1	GSE222315_p4_NAT	GSE222315	DF.classifications_0.25_0.3_229	Singlet	pANN_0.25_0.3_229	0.186011150532184
GSE222315_ACGATCATCCTATTTG-1_1_1_1_1	GSE222315_p4_NAT	GSE222315	DF.classifications_0.25_0.3_229	Singlet	pANN_0.25_0.3_229	0.246832235174861
GSE222315_ACGATCATCTCTGACC-1_1_1_1_1	GSE222315_p4_NAT	GSE222315	DF.classifications_0.25_0.3_229	Singlet	pANN_0.25_0.3_229	0.199189052204764
GSE222315_ACGATGTCAAACACCT-1_1_1_1_1	GSE222315_p4_NAT	GSE222315	DF.classifications_0.25_0.3_229	Singlet	pANN_0.25_0.3_229	0.177394830207805
GSE222315_ACGATGTCATGGGTTT-1_1_1_1_1	GSE222315_p4_NAT	GSE222315	DF.classifications_0.25_0.3_229	Singlet	pANN_0.25_0.3_229	0.25544855549924
GSE222315_ACGATGTGTCCATAGT-1_1_1_1_1	GSE222315_p4_NAT	GSE222315	DF.classifications_0.25_0.3_229	Doublet	pANN_0.25_0.3_229	0.403446528129752
GSE222315_ACGATGTTCCTCACTG-1_1_1_1_1	GSE222315_p4_NAT	GSE222315	DF.classifications_0.25_0.3_229	Singlet	pANN_0.25_0.3_229	0.233147491130258
GSE222315_ACGCACGAGTAGCATA-1_1_1_1_1	GSE222315_p4_NAT	GSE222315	DF.classifications_0.25_0.3_229	Singlet	pANN_0.25_0.3_229	0.367460719716168
GSE222315_ACGCACGCATGGCCCA-1_1_1_1_1	GSE222315_p4_NAT	GSE222315	DF.classifications_0.25_0.3_229	Singlet	pANN_0.25_0.3_229	0.243791180942727
GSE222315_ACGCACGGTACCCACG-1_1_1_1_1	GSE222315_p4_NAT	GSE222315	DF.classifications_0.25_0.3_229	Doublet	pANN_0.25_0.3_229	0.397871262037506
GSE222315_ACGCACGGTATGCGTT-1_1_1_1_1	GSE222315_p4_NAT	GSE222315	DF.classifications_0.25_0.3_229	Singlet	pANN_0.25_0.3_229	0.229599594526102
GSE222315_ACGCACGGTCTACAAC-1_1_1_1_1	GSE222315_p4_NAT	GSE222315	DF.classifications_0.25_0.3_229	Singlet	pANN_0.25_0.3_229	0.230106436898125
GSE222315_ACGCACGTCAACACCA-1_1_1_1_1	GSE222315_p4_NAT	GSE222315	DF.classifications_0.25_0.3_229	Singlet	pANN_0.25_0.3_229	0.164723770907248
GSE222315_ACGCACGTCACATACG-1_1_1_1_1	GSE222315_p4_NAT	GSE222315	DF.classifications_0.25_0.3_229	Singlet	pANN_0.25_0.3_229	0.200202736948809
GSE222315_ACGCACGTCTTCCGTG-1_1_1_1_1	GSE222315_p4_NAT	GSE222315	DF.classifications_0.25_0.3_229	Singlet	pANN_0.25_0.3_229	0.225038013177902
GSE222315_ACGGAAGAGCAGTACG-1_1_1_1_1	GSE222315_p4_NAT	GSE222315	DF.classifications_0.25_0.3_229	Singlet	pANN_0.25_0.3_229	0.164216928535226
GSE222315_ACGGAAGGTAGAAACT-1_1_1_1_1	GSE222315_p4_NAT	GSE222315	DF.classifications_0.25_0.3_229	Singlet	pANN_0.25_0.3_229	0.174353775975672
GSE222315_ACGGAAGGTGCTCGTG-1_1_1_1_1	GSE222315_p4_NAT	GSE222315	DF.classifications_0.25_0.3_229	Singlet	pANN_0.25_0.3_229	0.209832742017233
GSE222315_ACGGGTCCATCACCAA-1_1_1_1_1	GSE222315_p4_NAT	GSE222315	DF.classifications_0.25_0.3_229	Singlet	pANN_0.25_0.3_229	0.19817536746072
GSE222315_ACGGGTCGTCCACTCT-1_1_1_1_1	GSE222315_p4_NAT	GSE222315	DF.classifications_0.25_0.3_229	Singlet	pANN_0.25_0.3_229	0.254434870755195
GSE222315_ACGGGTCGTTAACAGA-1_1_1_1_1	GSE222315_p4_NAT	GSE222315	DF.classifications_0.25_0.3_229	Doublet	pANN_0.25_0.3_229	0.387227572225038
GSE222315_ACGGGTCGTTACCTTT-1_1_1_1_1	GSE222315_p4_NAT	GSE222315	DF.classifications_0.25_0.3_229	Doublet	pANN_0.25_0.3_229	0.40750126710593
GSE222315_ACGGGTCTCAAAGGTA-1_1_1_1_1	GSE222315_p4_NAT	GSE222315	DF.classifications_0.25_0.3_229	Singlet	pANN_0.25_0.3_229	0.140395337050177
GSE222315_ACGGGTCTCCTGTAGA-1_1_1_1_1	GSE222315_p4_NAT	GSE222315	DF.classifications_0.25_0.3_229	Singlet	pANN_0.25_0.3_229	0.214901165737456
GSE222315_ACGGGTCTCTGTGTGA-1_1_1_1_1	GSE222315_p4_NAT	GSE222315	DF.classifications_0.25_0.3_229	Singlet	pANN_0.25_0.3_229	0.180435884439939
GSE222315_ACGGTCGAGGCGATAC-1_1_1_1_1	GSE222315_p4_NAT	GSE222315	DF.classifications_0.25_0.3_229	Singlet	pANN_0.25_0.3_229	0.211860111505322
GSE222315_ACGGTCGCATAAGCGG-1_1_1_1_1	GSE222315_p4_NAT	GSE222315	DF.classifications_0.25_0.3_229	Singlet	pANN_0.25_0.3_229	0.355296502787633
GSE222315_ACGGTCGCATAGGTAA-1_1_1_1_1	GSE222315_p4_NAT	GSE222315	DF.classifications_0.25_0.3_229	Singlet	pANN_0.25_0.3_229	0.156107450582869
GSE222315_ACGGTCGGTAGAGACC-1_1_1_1_1	GSE222315_p4_NAT	GSE222315	DF.classifications_0.25_0.3_229	Singlet	pANN_0.25_0.3_229	0.224024328433857
GSE222315_ACGGTCGTCGTAGGAG-1_1_1_1_1	GSE222315_p4_NAT	GSE222315	DF.classifications_0.25_0.3_229	Singlet	pANN_0.25_0.3_229	0.120628484541308
GSE222315_ACGGTCGTCTAACGCA-1_1_1_1_1	GSE222315_p4_NAT	GSE222315	DF.classifications_0.25_0.3_229	Singlet	pANN_0.25_0.3_229	0.214394323365433
GSE222315_ACGGTTAAGACAACTA-1_1_1_1_1	GSE222315_p4_NAT	GSE222315	DF.classifications_0.25_0.3_229	Singlet	pANN_0.25_0.3_229	0.263558033451597
GSE222315_ACGGTTAAGGGTAATT-1_1_1_1_1	GSE222315_p4_NAT	GSE222315	DF.classifications_0.25_0.3_229	Doublet	pANN_0.25_0.3_229	0.400405473897618
GSE222315_ACGGTTAAGTATTAGG-1_1_1_1_1	GSE222315_p4_NAT	GSE222315	DF.classifications_0.25_0.3_229	Singlet	pANN_0.25_0.3_229	0.365940192600101
GSE222315_ACGGTTAAGTTGCCCG-1_1_1_1_1	GSE222315_p4_NAT	GSE222315	DF.classifications_0.25_0.3_229	Singlet	pANN_0.25_0.3_229	0.384186517992904
GSE222315_ACGGTTACAACAAGTA-1_1_1_1_1	GSE222315_p4_NAT	GSE222315	DF.classifications_0.25_0.3_229	Singlet	pANN_0.25_0.3_229	0.195641155600608
GSE222315_ACGGTTACAATACAGA-1_1_1_1_1	GSE222315_p4_NAT	GSE222315	DF.classifications_0.25_0.3_229	Singlet	pANN_0.25_0.3_229	0.155093765838824
GSE222315_ACGGTTACAGGTGTTT-1_1_1_1_1	GSE222315_p4_NAT	GSE222315	DF.classifications_0.25_0.3_229	Singlet	pANN_0.25_0.3_229	0.258996452103396
GSE222315_ACGGTTACATACATCG-1_1_1_1_1	GSE222315_p4_NAT	GSE222315	DF.classifications_0.25_0.3_229	Singlet	pANN_0.25_0.3_229	0.266092245311708
GSE222315_ACGGTTAGTATGTCAC-1_1_1_1_1	GSE222315_p4_NAT	GSE222315	DF.classifications_0.25_0.3_229	Singlet	pANN_0.25_0.3_229	0.251393816523061
GSE222315_ACGGTTAGTCGATTCA-1_1_1_1_1	GSE222315_p4_NAT	GSE222315	DF.classifications_0.25_0.3_229	Singlet	pANN_0.25_0.3_229	0.205778003041054
GSE222315_ACGGTTAGTCGTCATA-1_1_1_1_1	GSE222315_p4_NAT	GSE222315	DF.classifications_0.25_0.3_229	Singlet	pANN_0.25_0.3_229	0.271160669031931
GSE222315_ACGGTTAGTCTTTCTA-1_1_1_1_1	GSE222315_p4_NAT	GSE222315	DF.classifications_0.25_0.3_229	Singlet	pANN_0.25_0.3_229	0.213380638621389
GSE222315_ACGGTTATCAGACTGT-1_1_1_1_1	GSE222315_p4_NAT	GSE222315	DF.classifications_0.25_0.3_229	Singlet	pANN_0.25_0.3_229	0.312214901165737
GSE222315_ACGGTTATCGAACCTA-1_1_1_1_1	GSE222315_p4_NAT	GSE222315	DF.classifications_0.25_0.3_229	Singlet	pANN_0.25_0.3_229	0.127217435377598
GSE222315_ACGTAACAGTCCCAAT-1_1_1_1_1	GSE222315_p4_NAT	GSE222315	DF.classifications_0.25_0.3_229	Singlet	pANN_0.25_0.3_229	0.219462747085656
GSE222315_ACGTAACCATATAGCC-1_1_1_1_1	GSE222315_p4_NAT	GSE222315	DF.classifications_0.25_0.3_229	Singlet	pANN_0.25_0.3_229	0.159148504815003
GSE222315_ACGTAACGTTTCGTGA-1_1_1_1_1	GSE222315_p4_NAT	GSE222315	DF.classifications_0.25_0.3_229	Singlet	pANN_0.25_0.3_229	0.380131779016726
GSE222315_ACGTAACTCAACGAGG-1_1_1_1_1	GSE222315_p4_NAT	GSE222315	DF.classifications_0.25_0.3_229	Singlet	pANN_0.25_0.3_229	0.125696908261531
GSE222315_ACGTACAAGTCTCTGA-1_1_1_1_1	GSE222315_p4_NAT	GSE222315	DF.classifications_0.25_0.3_229	Singlet	pANN_0.25_0.3_229	0.153066396350735
GSE222315_ACGTACAAGTGCACCC-1_1_1_1_1	GSE222315_p4_NAT	GSE222315	DF.classifications_0.25_0.3_229	Singlet	pANN_0.25_0.3_229	0.364926507856057
GSE222315_ACGTACAGTATACGGG-1_1_1_1_1	GSE222315_p4_NAT	GSE222315	DF.classifications_0.25_0.3_229	Singlet	pANN_0.25_0.3_229	0.239736441966548
GSE222315_ACGTACAGTGAGCCAA-1_1_1_1_1	GSE222315_p4_NAT	GSE222315	DF.classifications_0.25_0.3_229	Singlet	pANN_0.25_0.3_229	0.183983781044095
GSE222315_ACGTACAGTGCCAAGA-1_1_1_1_1	GSE222315_p4_NAT	GSE222315	DF.classifications_0.25_0.3_229	Singlet	pANN_0.25_0.3_229	0.137861125190066
GSE222315_ACGTACAGTTAGAAAC-1_1_1_1_1	GSE222315_p4_NAT	GSE222315	DF.classifications_0.25_0.3_229	Doublet	pANN_0.25_0.3_229	0.404967055245819
GSE222315_ACGTACATCTGCATGA-1_1_1_1_1	GSE222315_p4_NAT	GSE222315	DF.classifications_0.25_0.3_229	Singlet	pANN_0.25_0.3_229	0.219969589457679
GSE222315_ACGTAGTAGGATACAT-1_1_1_1_1	GSE222315_p4_NAT	GSE222315	DF.classifications_0.25_0.3_229	Singlet	pANN_0.25_0.3_229	0.194120628484541
GSE222315_ACGTAGTAGGGACAGG-1_1_1_1_1	GSE222315_p4_NAT	GSE222315	DF.classifications_0.25_0.3_229	Singlet	pANN_0.25_0.3_229	0.27318803852002
GSE222315_ACGTAGTAGTAACCTC-1_1_1_1_1	GSE222315_p4_NAT	GSE222315	DF.classifications_0.25_0.3_229	Singlet	pANN_0.25_0.3_229	0.153573238722757
GSE222315_ACGTAGTCATTCACCC-1_1_1_1_1	GSE222315_p4_NAT	GSE222315	DF.classifications_0.25_0.3_229	Singlet	pANN_0.25_0.3_229	0.131272174353776
GSE222315_ACGTAGTTCCGTACGG-1_1_1_1_1	GSE222315_p4_NAT	GSE222315	DF.classifications_0.25_0.3_229	Singlet	pANN_0.25_0.3_229	0.211860111505322
GSE222315_ACGTCCTAGGTCGAGT-1_1_1_1_1	GSE222315_p4_NAT	GSE222315	DF.classifications_0.25_0.3_229	Singlet	pANN_0.25_0.3_229	0.159655347187025
GSE222315_ACGTCCTCAAATCGTC-1_1_1_1_1	GSE222315_p4_NAT	GSE222315	DF.classifications_0.25_0.3_229	Singlet	pANN_0.25_0.3_229	0.206284845413077
GSE222315_ACGTCCTCAATCGCGC-1_1_1_1_1	GSE222315_p4_NAT	GSE222315	DF.classifications_0.25_0.3_229	Singlet	pANN_0.25_0.3_229	0.165737455651292
GSE222315_ACGTCCTCAGAGAAAG-1_1_1_1_1	GSE222315_p4_NAT	GSE222315	DF.classifications_0.25_0.3_229	Singlet	pANN_0.25_0.3_229	0.232133806386214
GSE222315_ACGTCCTCATCCTCAC-1_1_1_1_1	GSE222315_p4_NAT	GSE222315	DF.classifications_0.25_0.3_229	Singlet	pANN_0.25_0.3_229	0.247845919918905
GSE222315_ACGTCCTGTAACACCT-1_1_1_1_1	GSE222315_p4_NAT	GSE222315	DF.classifications_0.25_0.3_229	Singlet	pANN_0.25_0.3_229	0.3568170299037
GSE222315_ACGTCCTGTGACTATC-1_1_1_1_1	GSE222315_p4_NAT	GSE222315	DF.classifications_0.25_0.3_229	Singlet	pANN_0.25_0.3_229	0.135326913329954
GSE222315_ACGTCCTTCCGTATAG-1_1_1_1_1	GSE222315_p4_NAT	GSE222315	DF.classifications_0.25_0.3_229	Singlet	pANN_0.25_0.3_229	0.168778509883426
GSE222315_ACGTTCCAGGCTCCCA-1_1_1_1_1	GSE222315_p4_NAT	GSE222315	DF.classifications_0.25_0.3_229	Singlet	pANN_0.25_0.3_229	0.180942726811961
GSE222315_ACGTTCCGTATACCCA-1_1_1_1_1	GSE222315_p4_NAT	GSE222315	DF.classifications_0.25_0.3_229	Singlet	pANN_0.25_0.3_229	0.267105930055753
GSE222315_ACGTTCCGTTCAAGGG-1_1_1_1_1	GSE222315_p4_NAT	GSE222315	DF.classifications_0.25_0.3_229	Singlet	pANN_0.25_0.3_229	0.208312214901166
GSE222315_ACTACGAAGTGCGCTC-1_1_1_1_1	GSE222315_p4_NAT	GSE222315	DF.classifications_0.25_0.3_229	Singlet	pANN_0.25_0.3_229	0.220983274201723
GSE222315_ACTACGACAACTACGT-1_1_1_1_1	GSE222315_p4_NAT	GSE222315	DF.classifications_0.25_0.3_229	Singlet	pANN_0.25_0.3_229	0.236695387734415
GSE222315_ACTACGACACGTAGAG-1_1_1_1_1	GSE222315_p4_NAT	GSE222315	DF.classifications_0.25_0.3_229	Singlet	pANN_0.25_0.3_229	0.380131779016726
GSE222315_ACTACGAGTGGATACG-1_1_1_1_1	GSE222315_p4_NAT	GSE222315	DF.classifications_0.25_0.3_229	Singlet	pANN_0.25_0.3_229	0.207298530157121
GSE222315_ACTACGATCGGTTAGT-1_1_1_1_1	GSE222315_p4_NAT	GSE222315	DF.classifications_0.25_0.3_229	Singlet	pANN_0.25_0.3_229	0.166751140395337
GSE222315_ACTATCTAGGATATGT-1_1_1_1_1	GSE222315_p4_NAT	GSE222315	DF.classifications_0.25_0.3_229	Singlet	pANN_0.25_0.3_229	0.300557526609225
GSE222315_ACTATCTAGGTCACTT-1_1_1_1_1	GSE222315_p4_NAT	GSE222315	DF.classifications_0.25_0.3_229	Singlet	pANN_0.25_0.3_229	0.301064368981247
GSE222315_ACTATCTCAACGACTT-1_1_1_1_1	GSE222315_p4_NAT	GSE222315	DF.classifications_0.25_0.3_229	Singlet	pANN_0.25_0.3_229	0.188038520020274
GSE222315_ACTATCTGTTGTTGCA-1_1_1_1_1	GSE222315_p4_NAT	GSE222315	DF.classifications_0.25_0.3_229	Singlet	pANN_0.25_0.3_229	0.224531170805879
GSE222315_ACTATCTTCCAAACCA-1_1_1_1_1	GSE222315_p4_NAT	GSE222315	DF.classifications_0.25_0.3_229	Singlet	pANN_0.25_0.3_229	0.210846426761277
GSE222315_ACTATCTTCGGCATAT-1_1_1_1_1	GSE222315_p4_NAT	GSE222315	DF.classifications_0.25_0.3_229	Singlet	pANN_0.25_0.3_229	0.239736441966548
GSE222315_ACTATCTTCTATGTGG-1_1_1_1_1	GSE222315_p4_NAT	GSE222315	DF.classifications_0.25_0.3_229	Singlet	pANN_0.25_0.3_229	0.193613786112519
GSE222315_ACTATGGAGACCAACG-1_1_1_1_1	GSE222315_p4_NAT	GSE222315	DF.classifications_0.25_0.3_229	Singlet	pANN_0.25_0.3_229	0.182970096300051
GSE222315_ACTATGGAGTCCGCGT-1_1_1_1_1	GSE222315_p4_NAT	GSE222315	DF.classifications_0.25_0.3_229	Singlet	pANN_0.25_0.3_229	0.218449062341612
GSE222315_ACTATGGAGTTCCATG-1_1_1_1_1	GSE222315_p4_NAT	GSE222315	DF.classifications_0.25_0.3_229	Singlet	pANN_0.25_0.3_229	0.336036492650786
GSE222315_ACTATGGGTACCGGAA-1_1_1_1_1	GSE222315_p4_NAT	GSE222315	DF.classifications_0.25_0.3_229	Singlet	pANN_0.25_0.3_229	0.208819057273188
GSE222315_ACTATGGGTATGAAGT-1_1_1_1_1	GSE222315_p4_NAT	GSE222315	DF.classifications_0.25_0.3_229	Singlet	pANN_0.25_0.3_229	0.172326406487582
GSE222315_ACTATGGGTTCGGGTC-1_1_1_1_1	GSE222315_p4_NAT	GSE222315	DF.classifications_0.25_0.3_229	Singlet	pANN_0.25_0.3_229	0.123162696401419
GSE222315_ACTATGGTCAAGGTGG-1_1_1_1_1	GSE222315_p4_NAT	GSE222315	DF.classifications_0.25_0.3_229	Singlet	pANN_0.25_0.3_229	0.208312214901166
GSE222315_ACTATGGTCGGATAAA-1_1_1_1_1	GSE222315_p4_NAT	GSE222315	DF.classifications_0.25_0.3_229	Doublet	pANN_0.25_0.3_229	0.399898631525596
GSE222315_ACTATTCAGGCATTTC-1_1_1_1_1	GSE222315_p4_NAT	GSE222315	DF.classifications_0.25_0.3_229	Singlet	pANN_0.25_0.3_229	0.245818550430816
GSE222315_ACTATTCAGTAAATGC-1_1_1_1_1	GSE222315_p4_NAT	GSE222315	DF.classifications_0.25_0.3_229	Singlet	pANN_0.25_0.3_229	0.200709579320831
GSE222315_ACTATTCAGTCCGTCG-1_1_1_1_1	GSE222315_p4_NAT	GSE222315	DF.classifications_0.25_0.3_229	Singlet	pANN_0.25_0.3_229	0.264064875823619
GSE222315_ACTATTCAGTGGAAAG-1_1_1_1_1	GSE222315_p4_NAT	GSE222315	DF.classifications_0.25_0.3_229	Singlet	pANN_0.25_0.3_229	0.215408008109478
GSE222315_ACTATTCCACTGTCCT-1_1_1_1_1	GSE222315_p4_NAT	GSE222315	DF.classifications_0.25_0.3_229	Singlet	pANN_0.25_0.3_229	0.159148504815003
GSE222315_ACTATTCCAGGTGTGA-1_1_1_1_1	GSE222315_p4_NAT	GSE222315	DF.classifications_0.25_0.3_229	Singlet	pANN_0.25_0.3_229	0.134820070957932
GSE222315_ACTATTCTCGCGTGAC-1_1_1_1_1	GSE222315_p4_NAT	GSE222315	DF.classifications_0.25_0.3_229	Doublet	pANN_0.25_0.3_229	0.385707045108971
GSE222315_ACTCCCAAGCCGCTTG-1_1_1_1_1	GSE222315_p4_NAT	GSE222315	DF.classifications_0.25_0.3_229	Singlet	pANN_0.25_0.3_229	0.210846426761277
GSE222315_ACTCCCACAGCTGCCA-1_1_1_1_1	GSE222315_p4_NAT	GSE222315	DF.classifications_0.25_0.3_229	Singlet	pANN_0.25_0.3_229	0.205778003041054
GSE222315_ACTCCCAGTACCACGC-1_1_1_1_1	GSE222315_p4_NAT	GSE222315	DF.classifications_0.25_0.3_229	Singlet	pANN_0.25_0.3_229	0.123669538773441
GSE222315_ACTCCCATCACTTGTT-1_1_1_1_1	GSE222315_p4_NAT	GSE222315	DF.classifications_0.25_0.3_229	Singlet	pANN_0.25_0.3_229	0.164723770907248
GSE222315_ACTCTCGAGATTGACA-1_1_1_1_1	GSE222315_p4_NAT	GSE222315	DF.classifications_0.25_0.3_229	Singlet	pANN_0.25_0.3_229	0.196654840344653
GSE222315_ACTCTCGCAGGTGTGA-1_1_1_1_1	GSE222315_p4_NAT	GSE222315	DF.classifications_0.25_0.3_229	Singlet	pANN_0.25_0.3_229	0.242777496198682
GSE222315_ACTCTCGGTCAGTCCG-1_1_1_1_1	GSE222315_p4_NAT	GSE222315	DF.classifications_0.25_0.3_229	Singlet	pANN_0.25_0.3_229	0.380638621388748
GSE222315_ACTCTCGGTCTACTGA-1_1_1_1_1	GSE222315_p4_NAT	GSE222315	DF.classifications_0.25_0.3_229	Singlet	pANN_0.25_0.3_229	0.358844399391789
GSE222315_ACTGATGAGCTTTCCC-1_1_1_1_1	GSE222315_p4_NAT	GSE222315	DF.classifications_0.25_0.3_229	Singlet	pANN_0.25_0.3_229	0.194120628484541
GSE222315_ACTGATGCATGGAGAC-1_1_1_1_1	GSE222315_p4_NAT	GSE222315	DF.classifications_0.25_0.3_229	Singlet	pANN_0.25_0.3_229	0.220983274201723
GSE222315_ACTGCAAAGTAGGCCA-1_1_1_1_1	GSE222315_p4_NAT	GSE222315	DF.classifications_0.25_0.3_229	Singlet	pANN_0.25_0.3_229	0.224531170805879
GSE222315_ACTGCAACAGCTCATA-1_1_1_1_1	GSE222315_p4_NAT	GSE222315	DF.classifications_0.25_0.3_229	Singlet	pANN_0.25_0.3_229	0.239229599594526
GSE222315_ACTGCAATCTATCGTT-1_1_1_1_1	GSE222315_p4_NAT	GSE222315	DF.classifications_0.25_0.3_229	Singlet	pANN_0.25_0.3_229	0.154586923466802
GSE222315_ACTGCAATCTCTAAGG-1_1_1_1_1	GSE222315_p4_NAT	GSE222315	DF.classifications_0.25_0.3_229	Singlet	pANN_0.25_0.3_229	0.223517486061835
GSE222315_ACTGTCCAGCACGGAT-1_1_1_1_1	GSE222315_p4_NAT	GSE222315	DF.classifications_0.25_0.3_229	Singlet	pANN_0.25_0.3_229	0.243284338570705
GSE222315_ACTGTCCCACAACGTT-1_1_1_1_1	GSE222315_p4_NAT	GSE222315	DF.classifications_0.25_0.3_229	Singlet	pANN_0.25_0.3_229	0.320831221490117
GSE222315_ACTGTCCCAGCTTTGA-1_1_1_1_1	GSE222315_p4_NAT	GSE222315	DF.classifications_0.25_0.3_229	Singlet	pANN_0.25_0.3_229	0.180942726811961
GSE222315_ACTGTCCCAGGCTACC-1_1_1_1_1	GSE222315_p4_NAT	GSE222315	DF.classifications_0.25_0.3_229	Singlet	pANN_0.25_0.3_229	0.242777496198682
GSE222315_ACTGTCCTCCAAACCA-1_1_1_1_1	GSE222315_p4_NAT	GSE222315	DF.classifications_0.25_0.3_229	Singlet	pANN_0.25_0.3_229	0.252407501267106
GSE222315_ACTGTGAAGAGTAACT-1_1_1_1_1	GSE222315_p4_NAT	GSE222315	DF.classifications_0.25_0.3_229	Singlet	pANN_0.25_0.3_229	0.193613786112519
GSE222315_ACTGTGAAGCCTGAAG-1_1_1_1_1	GSE222315_p4_NAT	GSE222315	DF.classifications_0.25_0.3_229	Singlet	pANN_0.25_0.3_229	0.238722757222504
GSE222315_ACTGTGACAAATGGAT-1_1_1_1_1	GSE222315_p4_NAT	GSE222315	DF.classifications_0.25_0.3_229	Singlet	pANN_0.25_0.3_229	0.14749113025849
GSE222315_ACTGTGACATTGGCAT-1_1_1_1_1	GSE222315_p4_NAT	GSE222315	DF.classifications_0.25_0.3_229	Singlet	pANN_0.25_0.3_229	0.177394830207805
GSE222315_ACTTAGGCACTATGTG-1_1_1_1_1	GSE222315_p4_NAT	GSE222315	DF.classifications_0.25_0.3_229	Singlet	pANN_0.25_0.3_229	0.261530663963507
GSE222315_ACTTAGGGTTAGGGTG-1_1_1_1_1	GSE222315_p4_NAT	GSE222315	DF.classifications_0.25_0.3_229	Singlet	pANN_0.25_0.3_229	0.263051191079574
GSE222315_ACTTAGGTCAGCCTCT-1_1_1_1_1	GSE222315_p4_NAT	GSE222315	DF.classifications_0.25_0.3_229	Singlet	pANN_0.25_0.3_229	0.360871768879878
GSE222315_ACTTAGGTCCTCTGCA-1_1_1_1_1	GSE222315_p4_NAT	GSE222315	DF.classifications_0.25_0.3_229	Singlet	pANN_0.25_0.3_229	0.289913836796756
GSE222315_ACTTATCAGATTAGCA-1_1_1_1_1	GSE222315_p4_NAT	GSE222315	DF.classifications_0.25_0.3_229	Singlet	pANN_0.25_0.3_229	0.20476431829701
GSE222315_ACTTATCAGTGCAAAT-1_1_1_1_1	GSE222315_p4_NAT	GSE222315	DF.classifications_0.25_0.3_229	Singlet	pANN_0.25_0.3_229	0.184490623416118
GSE222315_ACTTATCAGTTACGAA-1_1_1_1_1	GSE222315_p4_NAT	GSE222315	DF.classifications_0.25_0.3_229	Singlet	pANN_0.25_0.3_229	0.169792194627471
GSE222315_ACTTATCGTAGTCGTT-1_1_1_1_1	GSE222315_p4_NAT	GSE222315	DF.classifications_0.25_0.3_229	Singlet	pANN_0.25_0.3_229	0.216421692853523
GSE222315_ACTTATCGTGGCCTCA-1_1_1_1_1	GSE222315_p4_NAT	GSE222315	DF.classifications_0.25_0.3_229	Singlet	pANN_0.25_0.3_229	0.210846426761277
GSE222315_ACTTATCTCCATTGGA-1_1_1_1_1	GSE222315_p4_NAT	GSE222315	DF.classifications_0.25_0.3_229	Singlet	pANN_0.25_0.3_229	0.203243791180943
GSE222315_ACTTCCGCAAGTCATC-1_1_1_1_1	GSE222315_p4_NAT	GSE222315	DF.classifications_0.25_0.3_229	Singlet	pANN_0.25_0.3_229	0.159148504815003
GSE222315_ACTTCCGCACGACTAT-1_1_1_1_1	GSE222315_p4_NAT	GSE222315	DF.classifications_0.25_0.3_229	Singlet	pANN_0.25_0.3_229	0.160162189559047
GSE222315_ACTTCCGCAGGCTACC-1_1_1_1_1	GSE222315_p4_NAT	GSE222315	DF.classifications_0.25_0.3_229	Singlet	pANN_0.25_0.3_229	0.19158641662443
GSE222315_ACTTCCGGTCTTTCAT-1_1_1_1_1	GSE222315_p4_NAT	GSE222315	DF.classifications_0.25_0.3_229	Singlet	pANN_0.25_0.3_229	0.190572731880385
GSE222315_ACTTCCGGTGAGGCAT-1_1_1_1_1	GSE222315_p4_NAT	GSE222315	DF.classifications_0.25_0.3_229	Singlet	pANN_0.25_0.3_229	0.173340091231627
GSE222315_ACTTCCGGTGATACAA-1_1_1_1_1	GSE222315_p4_NAT	GSE222315	DF.classifications_0.25_0.3_229	Singlet	pANN_0.25_0.3_229	0.253928028383173
GSE222315_ACTTCCGTCCCTCTCC-1_1_1_1_1	GSE222315_p4_NAT	GSE222315	DF.classifications_0.25_0.3_229	Singlet	pANN_0.25_0.3_229	0.358337557019767
GSE222315_ACTTCCGTCGCGGACT-1_1_1_1_1	GSE222315_p4_NAT	GSE222315	DF.classifications_0.25_0.3_229	Doublet	pANN_0.25_0.3_229	0.399898631525596
GSE222315_ACTTCCGTCTGGCCTT-1_1_1_1_1	GSE222315_p4_NAT	GSE222315	DF.classifications_0.25_0.3_229	Singlet	pANN_0.25_0.3_229	0.201216421692854
GSE222315_ACTTCGCAGGATATAC-1_1_1_1_1	GSE222315_p4_NAT	GSE222315	DF.classifications_0.25_0.3_229	Singlet	pANN_0.25_0.3_229	0.371515458692347
GSE222315_ACTTCGCCAAGTATAG-1_1_1_1_1	GSE222315_p4_NAT	GSE222315	DF.classifications_0.25_0.3_229	Singlet	pANN_0.25_0.3_229	0.382159148504815
GSE222315_ACTTCGCGTACGCTAT-1_1_1_1_1	GSE222315_p4_NAT	GSE222315	DF.classifications_0.25_0.3_229	Singlet	pANN_0.25_0.3_229	0.24885960466295
GSE222315_ACTTCGCGTGATACAA-1_1_1_1_1	GSE222315_p4_NAT	GSE222315	DF.classifications_0.25_0.3_229	Doublet	pANN_0.25_0.3_229	0.393816523061328
GSE222315_ACTTTCAAGACTCGAG-1_1_1_1_1	GSE222315_p4_NAT	GSE222315	DF.classifications_0.25_0.3_229	Singlet	pANN_0.25_0.3_229	0.269133299543842
GSE222315_ACTTTCAAGTGAACAT-1_1_1_1_1	GSE222315_p4_NAT	GSE222315	DF.classifications_0.25_0.3_229	Singlet	pANN_0.25_0.3_229	0.212366953877344
GSE222315_ACTTTCAGTTAGCGGA-1_1_1_1_1	GSE222315_p4_NAT	GSE222315	DF.classifications_0.25_0.3_229	Singlet	pANN_0.25_0.3_229	0.314749113025849
GSE222315_ACTTTCAGTTCCGTTC-1_1_1_1_1	GSE222315_p4_NAT	GSE222315	DF.classifications_0.25_0.3_229	Singlet	pANN_0.25_0.3_229	0.282818043588444
GSE222315_ACTTTGTAGGCACTCC-1_1_1_1_1	GSE222315_p4_NAT	GSE222315	DF.classifications_0.25_0.3_229	Singlet	pANN_0.25_0.3_229	0.330968068930563
GSE222315_ACTTTGTCACGGATCC-1_1_1_1_1	GSE222315_p4_NAT	GSE222315	DF.classifications_0.25_0.3_229	Singlet	pANN_0.25_0.3_229	0.264571718195641
GSE222315_ACTTTGTCACTGGCCA-1_1_1_1_1	GSE222315_p4_NAT	GSE222315	DF.classifications_0.25_0.3_229	Singlet	pANN_0.25_0.3_229	0.244298023314749
GSE222315_ACTTTGTGTGATCGTT-1_1_1_1_1	GSE222315_p4_NAT	GSE222315	DF.classifications_0.25_0.3_229	Singlet	pANN_0.25_0.3_229	0.260516979219463
GSE222315_ACTTTGTTCCTTTAGT-1_1_1_1_1	GSE222315_p4_NAT	GSE222315	DF.classifications_0.25_0.3_229	Singlet	pANN_0.25_0.3_229	0.220476431829701
GSE222315_AGAAATGAGGCTTAAA-1_1_1_1_1	GSE222315_p4_NAT	GSE222315	DF.classifications_0.25_0.3_229	Singlet	pANN_0.25_0.3_229	0.171312721743538
GSE222315_AGAAATGCAAAGCTAA-1_1_1_1_1	GSE222315_p4_NAT	GSE222315	DF.classifications_0.25_0.3_229	Singlet	pANN_0.25_0.3_229	0.181956411556006
GSE222315_AGAAATGCAGTATGAA-1_1_1_1_1	GSE222315_p4_NAT	GSE222315	DF.classifications_0.25_0.3_229	Singlet	pANN_0.25_0.3_229	0.145970603142423
GSE222315_AGAAATGGTCTTTATC-1_1_1_1_1	GSE222315_p4_NAT	GSE222315	DF.classifications_0.25_0.3_229	Singlet	pANN_0.25_0.3_229	0.275722250380132
GSE222315_AGAAATGTCATGGGAG-1_1_1_1_1	GSE222315_p4_NAT	GSE222315	DF.classifications_0.25_0.3_229	Singlet	pANN_0.25_0.3_229	0.36340598073999
GSE222315_AGAACAAAGTCATTGC-1_1_1_1_1	GSE222315_p4_NAT	GSE222315	DF.classifications_0.25_0.3_229	Singlet	pANN_0.25_0.3_229	0.344145970603142
GSE222315_AGAACAAGTCCAAGAG-1_1_1_1_1	GSE222315_p4_NAT	GSE222315	DF.classifications_0.25_0.3_229	Singlet	pANN_0.25_0.3_229	0.280790674100355
GSE222315_AGAACCTCAAAGGATT-1_1_1_1_1	GSE222315_p4_NAT	GSE222315	DF.classifications_0.25_0.3_229	Singlet	pANN_0.25_0.3_229	0.15408008109478
GSE222315_AGAACCTCAAATCGGG-1_1_1_1_1	GSE222315_p4_NAT	GSE222315	DF.classifications_0.25_0.3_229	Singlet	pANN_0.25_0.3_229	0.19158641662443
GSE222315_AGAACCTCAGTTTCGA-1_1_1_1_1	GSE222315_p4_NAT	GSE222315	DF.classifications_0.25_0.3_229	Singlet	pANN_0.25_0.3_229	0.218955904713634
GSE222315_AGAAGCGAGGAGCAAA-1_1_1_1_1	GSE222315_p4_NAT	GSE222315	DF.classifications_0.25_0.3_229	Singlet	pANN_0.25_0.3_229	0.188545362392296
GSE222315_AGAAGCGAGTGGATTA-1_1_1_1_1	GSE222315_p4_NAT	GSE222315	DF.classifications_0.25_0.3_229	Singlet	pANN_0.25_0.3_229	0.135326913329954
GSE222315_AGAAGCGCAGATTTCG-1_1_1_1_1	GSE222315_p4_NAT	GSE222315	DF.classifications_0.25_0.3_229	Singlet	pANN_0.25_0.3_229	0.217435377597567
GSE222315_AGAAGCGTCACATACG-1_1_1_1_1	GSE222315_p4_NAT	GSE222315	DF.classifications_0.25_0.3_229	Singlet	pANN_0.25_0.3_229	0.168778509883426
GSE222315_AGAAGTAAGATACAGT-1_1_1_1_1	GSE222315_p4_NAT	GSE222315	DF.classifications_0.25_0.3_229	Singlet	pANN_0.25_0.3_229	0.149011657374557
GSE222315_AGAAGTAAGTCGAAGC-1_1_1_1_1	GSE222315_p4_NAT	GSE222315	DF.classifications_0.25_0.3_229	Singlet	pANN_0.25_0.3_229	0.154586923466802
GSE222315_AGAAGTACAAGAGAGA-1_1_1_1_1	GSE222315_p4_NAT	GSE222315	DF.classifications_0.25_0.3_229	Singlet	pANN_0.25_0.3_229	0.141915864166244
GSE222315_AGAAGTACAGTACTAC-1_1_1_1_1	GSE222315_p4_NAT	GSE222315	DF.classifications_0.25_0.3_229	Singlet	pANN_0.25_0.3_229	0.3568170299037
GSE222315_AGAAGTAGTATTTCGG-1_1_1_1_1	GSE222315_p4_NAT	GSE222315	DF.classifications_0.25_0.3_229	Singlet	pANN_0.25_0.3_229	0.186011150532184
GSE222315_AGAAGTATCGTCAAAC-1_1_1_1_1	GSE222315_p4_NAT	GSE222315	DF.classifications_0.25_0.3_229	Singlet	pANN_0.25_0.3_229	0.209832742017233
GSE222315_AGACAAAAGACAGCGT-1_1_1_1_1	GSE222315_p4_NAT	GSE222315	DF.classifications_0.25_0.3_229	Singlet	pANN_0.25_0.3_229	0.203750633552965
GSE222315_AGACAAAAGCAAATCA-1_1_1_1_1	GSE222315_p4_NAT	GSE222315	DF.classifications_0.25_0.3_229	Singlet	pANN_0.25_0.3_229	0.234161175874303
GSE222315_AGACAAAAGGGCAACT-1_1_1_1_1	GSE222315_p4_NAT	GSE222315	DF.classifications_0.25_0.3_229	Singlet	pANN_0.25_0.3_229	0.200709579320831
GSE222315_AGACAAAAGGTTGAGC-1_1_1_1_1	GSE222315_p4_NAT	GSE222315	DF.classifications_0.25_0.3_229	Singlet	pANN_0.25_0.3_229	0.182463253928028
GSE222315_AGACAAACAAGCGGAT-1_1_1_1_1	GSE222315_p4_NAT	GSE222315	DF.classifications_0.25_0.3_229	Singlet	pANN_0.25_0.3_229	0.140395337050177
GSE222315_AGACAAACACTGGCGT-1_1_1_1_1	GSE222315_p4_NAT	GSE222315	DF.classifications_0.25_0.3_229	Singlet	pANN_0.25_0.3_229	0.140395337050177
GSE222315_AGACAAAGTGCCGGTT-1_1_1_1_1	GSE222315_p4_NAT	GSE222315	DF.classifications_0.25_0.3_229	Singlet	pANN_0.25_0.3_229	0.136847440446021
GSE222315_AGACAAATCCTTCTTC-1_1_1_1_1	GSE222315_p4_NAT	GSE222315	DF.classifications_0.25_0.3_229	Singlet	pANN_0.25_0.3_229	0.161682716675114
GSE222315_AGACAAATCGTGAGAG-1_1_1_1_1	GSE222315_p4_NAT	GSE222315	DF.classifications_0.25_0.3_229	Doublet	pANN_0.25_0.3_229	0.386720729853016
GSE222315_AGACACTAGACCAACG-1_1_1_1_1	GSE222315_p4_NAT	GSE222315	DF.classifications_0.25_0.3_229	Doublet	pANN_0.25_0.3_229	0.403446528129752
GSE222315_AGACACTCAACTGCCG-1_1_1_1_1	GSE222315_p4_NAT	GSE222315	DF.classifications_0.25_0.3_229	Singlet	pANN_0.25_0.3_229	0.191079574252408
GSE222315_AGACACTCACGGGCTT-1_1_1_1_1	GSE222315_p4_NAT	GSE222315	DF.classifications_0.25_0.3_229	Singlet	pANN_0.25_0.3_229	0.213380638621389
GSE222315_AGACACTCACTCTGCT-1_1_1_1_1	GSE222315_p4_NAT	GSE222315	DF.classifications_0.25_0.3_229	Singlet	pANN_0.25_0.3_229	0.20476431829701
GSE222315_AGACACTGTGTCCATA-1_1_1_1_1	GSE222315_p4_NAT	GSE222315	DF.classifications_0.25_0.3_229	Doublet	pANN_0.25_0.3_229	0.396350734921439
GSE222315_AGACACTGTTCTCCAC-1_1_1_1_1	GSE222315_p4_NAT	GSE222315	DF.classifications_0.25_0.3_229	Singlet	pANN_0.25_0.3_229	0.1454637607704
GSE222315_AGACAGGAGACGAGCT-1_1_1_1_1	GSE222315_p4_NAT	GSE222315	DF.classifications_0.25_0.3_229	Singlet	pANN_0.25_0.3_229	0.176887987835783
GSE222315_AGACAGGAGGCTCTAT-1_1_1_1_1	GSE222315_p4_NAT	GSE222315	DF.classifications_0.25_0.3_229	Singlet	pANN_0.25_0.3_229	0.36340598073999
GSE222315_AGACAGGCAGAACCGA-1_1_1_1_1	GSE222315_p4_NAT	GSE222315	DF.classifications_0.25_0.3_229	Singlet	pANN_0.25_0.3_229	0.230106436898125
GSE222315_AGACCATCATGGTGGA-1_1_1_1_1	GSE222315_p4_NAT	GSE222315	DF.classifications_0.25_0.3_229	Doublet	pANN_0.25_0.3_229	0.387227572225038
GSE222315_AGACCATTCGGACTTA-1_1_1_1_1	GSE222315_p4_NAT	GSE222315	DF.classifications_0.25_0.3_229	Singlet	pANN_0.25_0.3_229	0.269133299543842
GSE222315_AGACCATTCTCTGAGA-1_1_1_1_1	GSE222315_p4_NAT	GSE222315	DF.classifications_0.25_0.3_229	Singlet	pANN_0.25_0.3_229	0.206791687785099
GSE222315_AGACCCGGTACTCAAC-1_1_1_1_1	GSE222315_p4_NAT	GSE222315	DF.classifications_0.25_0.3_229	Singlet	pANN_0.25_0.3_229	0.228079067410035
GSE222315_AGACCCGGTATCGATC-1_1_1_1_1	GSE222315_p4_NAT	GSE222315	DF.classifications_0.25_0.3_229	Singlet	pANN_0.25_0.3_229	0.378104409528637
GSE222315_AGACTCAAGAGCCGTA-1_1_1_1_1	GSE222315_p4_NAT	GSE222315	DF.classifications_0.25_0.3_229	Singlet	pANN_0.25_0.3_229	0.198682209832742
GSE222315_AGACTCAAGTTGCTCA-1_1_1_1_1	GSE222315_p4_NAT	GSE222315	DF.classifications_0.25_0.3_229	Singlet	pANN_0.25_0.3_229	0.166751140395337
GSE222315_AGACTCACAGAGCTAG-1_1_1_1_1	GSE222315_p4_NAT	GSE222315	DF.classifications_0.25_0.3_229	Singlet	pANN_0.25_0.3_229	0.195641155600608
GSE222315_AGACTCACAGCGGATA-1_1_1_1_1	GSE222315_p4_NAT	GSE222315	DF.classifications_0.25_0.3_229	Singlet	pANN_0.25_0.3_229	0.2113532691333
GSE222315_AGACTCAGTAGTCGTT-1_1_1_1_1	GSE222315_p4_NAT	GSE222315	DF.classifications_0.25_0.3_229	Singlet	pANN_0.25_0.3_229	0.17840851495185
GSE222315_AGACTCAGTGAGTTTC-1_1_1_1_1	GSE222315_p4_NAT	GSE222315	DF.classifications_0.25_0.3_229	Singlet	pANN_0.25_0.3_229	0.124683223517486
GSE222315_AGACTCAGTGTGTACT-1_1_1_1_1	GSE222315_p4_NAT	GSE222315	DF.classifications_0.25_0.3_229	Singlet	pANN_0.25_0.3_229	0.265078560567663
GSE222315_AGACTCATCCGAGTGC-1_1_1_1_1	GSE222315_p4_NAT	GSE222315	DF.classifications_0.25_0.3_229	Singlet	pANN_0.25_0.3_229	0.29295489102889
GSE222315_AGACTCATCGCATTAG-1_1_1_1_1	GSE222315_p4_NAT	GSE222315	DF.classifications_0.25_0.3_229	Singlet	pANN_0.25_0.3_229	0.130765331981754
GSE222315_AGACTCATCGCGGTAC-1_1_1_1_1	GSE222315_p4_NAT	GSE222315	DF.classifications_0.25_0.3_229	Singlet	pANN_0.25_0.3_229	0.171312721743538
GSE222315_AGACTCATCTTACGTT-1_1_1_1_1	GSE222315_p4_NAT	GSE222315	DF.classifications_0.25_0.3_229	Singlet	pANN_0.25_0.3_229	0.19158641662443
GSE222315_AGAGAATAGCAACAGC-1_1_1_1_1	GSE222315_p4_NAT	GSE222315	DF.classifications_0.25_0.3_229	Singlet	pANN_0.25_0.3_229	0.291434363912823
GSE222315_AGAGAATCAAGGTTGG-1_1_1_1_1	GSE222315_p4_NAT	GSE222315	DF.classifications_0.25_0.3_229	Singlet	pANN_0.25_0.3_229	0.186011150532184
GSE222315_AGAGAATGTTCAAGTC-1_1_1_1_1	GSE222315_p4_NAT	GSE222315	DF.classifications_0.25_0.3_229	Singlet	pANN_0.25_0.3_229	0.125190065889508
GSE222315_AGAGAATTCCACCTCA-1_1_1_1_1	GSE222315_p4_NAT	GSE222315	DF.classifications_0.25_0.3_229	Singlet	pANN_0.25_0.3_229	0.199695894576787
GSE222315_AGAGAATTCGCATTAG-1_1_1_1_1	GSE222315_p4_NAT	GSE222315	DF.classifications_0.25_0.3_229	Singlet	pANN_0.25_0.3_229	0.237202230106437
GSE222315_AGAGAGCAGGTGAGCT-1_1_1_1_1	GSE222315_p4_NAT	GSE222315	DF.classifications_0.25_0.3_229	Singlet	pANN_0.25_0.3_229	0.131779016725798
GSE222315_AGAGAGCCAAGATCCT-1_1_1_1_1	GSE222315_p4_NAT	GSE222315	DF.classifications_0.25_0.3_229	Singlet	pANN_0.25_0.3_229	0.12772427774962
GSE222315_AGAGAGCCACAAGTGG-1_1_1_1_1	GSE222315_p4_NAT	GSE222315	DF.classifications_0.25_0.3_229	Singlet	pANN_0.25_0.3_229	0.277242777496199
GSE222315_AGAGAGCCACCAATTG-1_1_1_1_1	GSE222315_p4_NAT	GSE222315	DF.classifications_0.25_0.3_229	Singlet	pANN_0.25_0.3_229	0.228585909782058
GSE222315_AGAGAGCGTTGCATTG-1_1_1_1_1	GSE222315_p4_NAT	GSE222315	DF.classifications_0.25_0.3_229	Singlet	pANN_0.25_0.3_229	0.155093765838824
GSE222315_AGAGAGCTCTGAGTCA-1_1_1_1_1	GSE222315_p4_NAT	GSE222315	DF.classifications_0.25_0.3_229	Singlet	pANN_0.25_0.3_229	0.168271667511404
GSE222315_AGAGCAGAGTCAAGCG-1_1_1_1_1	GSE222315_p4_NAT	GSE222315	DF.classifications_0.25_0.3_229	Singlet	pANN_0.25_0.3_229	0.176887987835783
GSE222315_AGAGCAGAGTTACGGG-1_1_1_1_1	GSE222315_p4_NAT	GSE222315	DF.classifications_0.25_0.3_229	Singlet	pANN_0.25_0.3_229	0.130258489609731
GSE222315_AGAGCAGCACGACAAG-1_1_1_1_1	GSE222315_p4_NAT	GSE222315	DF.classifications_0.25_0.3_229	Singlet	pANN_0.25_0.3_229	0.133299543841865
GSE222315_AGAGCAGCAGGACAGT-1_1_1_1_1	GSE222315_p4_NAT	GSE222315	DF.classifications_0.25_0.3_229	Singlet	pANN_0.25_0.3_229	0.369488089204257
GSE222315_AGAGCAGCATGGGTCC-1_1_1_1_1	GSE222315_p4_NAT	GSE222315	DF.classifications_0.25_0.3_229	Singlet	pANN_0.25_0.3_229	0.166244298023315
GSE222315_AGAGCAGGTATAGCTC-1_1_1_1_1	GSE222315_p4_NAT	GSE222315	DF.classifications_0.25_0.3_229	Singlet	pANN_0.25_0.3_229	0.198682209832742
GSE222315_AGAGCAGTCACATCAG-1_1_1_1_1	GSE222315_p4_NAT	GSE222315	DF.classifications_0.25_0.3_229	Singlet	pANN_0.25_0.3_229	0.193106943740497
GSE222315_AGAGCAGTCCCTGGTT-1_1_1_1_1	GSE222315_p4_NAT	GSE222315	DF.classifications_0.25_0.3_229	Singlet	pANN_0.25_0.3_229	0.26203750633553
GSE222315_AGAGCAGTCTAACGGT-1_1_1_1_1	GSE222315_p4_NAT	GSE222315	DF.classifications_0.25_0.3_229	Singlet	pANN_0.25_0.3_229	0.245311708058794
GSE222315_AGAGCCCCAACGATCT-1_1_1_1_1	GSE222315_p4_NAT	GSE222315	DF.classifications_0.25_0.3_229	Singlet	pANN_0.25_0.3_229	0.239736441966548
GSE222315_AGAGCCCCATAGGTAA-1_1_1_1_1	GSE222315_p4_NAT	GSE222315	DF.classifications_0.25_0.3_229	Singlet	pANN_0.25_0.3_229	0.217942219969589
GSE222315_AGAGCCCTCATATGGC-1_1_1_1_1	GSE222315_p4_NAT	GSE222315	DF.classifications_0.25_0.3_229	Singlet	pANN_0.25_0.3_229	0.173846933603649
GSE222315_AGAGCCCTCTCACTCG-1_1_1_1_1	GSE222315_p4_NAT	GSE222315	DF.classifications_0.25_0.3_229	Singlet	pANN_0.25_0.3_229	0.193613786112519
GSE222315_AGATAGAAGCAATTCC-1_1_1_1_1	GSE222315_p4_NAT	GSE222315	DF.classifications_0.25_0.3_229	Singlet	pANN_0.25_0.3_229	0.191079574252408
GSE222315_AGATAGAAGCGTGTTT-1_1_1_1_1	GSE222315_p4_NAT	GSE222315	DF.classifications_0.25_0.3_229	Singlet	pANN_0.25_0.3_229	0.244804865686771
GSE222315_AGATAGAAGGCTCTAT-1_1_1_1_1	GSE222315_p4_NAT	GSE222315	DF.classifications_0.25_0.3_229	Singlet	pANN_0.25_0.3_229	0.322858590978206
GSE222315_AGATAGAAGGGTCACA-1_1_1_1_1	GSE222315_p4_NAT	GSE222315	DF.classifications_0.25_0.3_229	Singlet	pANN_0.25_0.3_229	0.196654840344653
GSE222315_AGATAGACACGCGTGT-1_1_1_1_1	GSE222315_p4_NAT	GSE222315	DF.classifications_0.25_0.3_229	Singlet	pANN_0.25_0.3_229	0.151039026862646
GSE222315_AGATAGATCACGTAGT-1_1_1_1_1	GSE222315_p4_NAT	GSE222315	DF.classifications_0.25_0.3_229	Singlet	pANN_0.25_0.3_229	0.177394830207805
GSE222315_AGATAGATCGTCAACA-1_1_1_1_1	GSE222315_p4_NAT	GSE222315	DF.classifications_0.25_0.3_229	Singlet	pANN_0.25_0.3_229	0.349214394323365
GSE222315_AGATCCAAGAAGAACG-1_1_1_1_1	GSE222315_p4_NAT	GSE222315	DF.classifications_0.25_0.3_229	Singlet	pANN_0.25_0.3_229	0.202230106436898
GSE222315_AGATCCAAGTGCAGGT-1_1_1_1_1	GSE222315_p4_NAT	GSE222315	DF.classifications_0.25_0.3_229	Singlet	pANN_0.25_0.3_229	0.127217435377598
GSE222315_AGATCCACAACGATCT-1_1_1_1_1	GSE222315_p4_NAT	GSE222315	DF.classifications_0.25_0.3_229	Singlet	pANN_0.25_0.3_229	0.246325392802838
GSE222315_AGATCCACACGCCAGT-1_1_1_1_1	GSE222315_p4_NAT	GSE222315	DF.classifications_0.25_0.3_229	Singlet	pANN_0.25_0.3_229	0.182970096300051
GSE222315_AGATCCAGTGGCTCTG-1_1_1_1_1	GSE222315_p4_NAT	GSE222315	DF.classifications_0.25_0.3_229	Singlet	pANN_0.25_0.3_229	0.286872782564622
GSE222315_AGATCCAGTTCTCCTG-1_1_1_1_1	GSE222315_p4_NAT	GSE222315	DF.classifications_0.25_0.3_229	Singlet	pANN_0.25_0.3_229	0.131779016725798
GSE222315_AGATCCATCAAATAGG-1_1_1_1_1	GSE222315_p4_NAT	GSE222315	DF.classifications_0.25_0.3_229	Singlet	pANN_0.25_0.3_229	0.272174353775976
GSE222315_AGATCCATCATCGCCT-1_1_1_1_1	GSE222315_p4_NAT	GSE222315	DF.classifications_0.25_0.3_229	Singlet	pANN_0.25_0.3_229	0.236188545362392
GSE222315_AGATCCATCCGAGCTG-1_1_1_1_1	GSE222315_p4_NAT	GSE222315	DF.classifications_0.25_0.3_229	Singlet	pANN_0.25_0.3_229	0.149011657374557
GSE222315_AGATCCATCTCTAGGA-1_1_1_1_1	GSE222315_p4_NAT	GSE222315	DF.classifications_0.25_0.3_229	Singlet	pANN_0.25_0.3_229	0.189052204764318
GSE222315_AGATCGTAGTTACGGG-1_1_1_1_1	GSE222315_p4_NAT	GSE222315	DF.classifications_0.25_0.3_229	Singlet	pANN_0.25_0.3_229	0.264064875823619
GSE222315_AGATCGTCACAGAAGC-1_1_1_1_1	GSE222315_p4_NAT	GSE222315	DF.classifications_0.25_0.3_229	Singlet	pANN_0.25_0.3_229	0.326406487582362
GSE222315_AGATCGTCACTTCAGA-1_1_1_1_1	GSE222315_p4_NAT	GSE222315	DF.classifications_0.25_0.3_229	Singlet	pANN_0.25_0.3_229	0.158134820070958
GSE222315_AGATCGTGTACTCGCG-1_1_1_1_1	GSE222315_p4_NAT	GSE222315	DF.classifications_0.25_0.3_229	Singlet	pANN_0.25_0.3_229	0.317790167257983
GSE222315_AGATCGTGTGTTATCG-1_1_1_1_1	GSE222315_p4_NAT	GSE222315	DF.classifications_0.25_0.3_229	Singlet	pANN_0.25_0.3_229	0.23568170299037
GSE222315_AGATCGTTCATCACTT-1_1_1_1_1	GSE222315_p4_NAT	GSE222315	DF.classifications_0.25_0.3_229	Singlet	pANN_0.25_0.3_229	0.207805372529143
GSE222315_AGATCGTTCCGGTTCT-1_1_1_1_1	GSE222315_p4_NAT	GSE222315	DF.classifications_0.25_0.3_229	Doublet	pANN_0.25_0.3_229	0.385200202736949
GSE222315_AGATGAAAGACATACA-1_1_1_1_1	GSE222315_p4_NAT	GSE222315	DF.classifications_0.25_0.3_229	Doublet	pANN_0.25_0.3_229	0.401926001013685
GSE222315_AGATGAACAACAGCCC-1_1_1_1_1	GSE222315_p4_NAT	GSE222315	DF.classifications_0.25_0.3_229	Singlet	pANN_0.25_0.3_229	0.24885960466295
GSE222315_AGATGAAGTTAAGGAT-1_1_1_1_1	GSE222315_p4_NAT	GSE222315	DF.classifications_0.25_0.3_229	Singlet	pANN_0.25_0.3_229	0.125190065889508
GSE222315_AGATGAATCAGCACCG-1_1_1_1_1	GSE222315_p4_NAT	GSE222315	DF.classifications_0.25_0.3_229	Singlet	pANN_0.25_0.3_229	0.246325392802838
GSE222315_AGATGCTAGACCCTTA-1_1_1_1_1	GSE222315_p4_NAT	GSE222315	DF.classifications_0.25_0.3_229	Singlet	pANN_0.25_0.3_229	0.195134313228586
GSE222315_AGATGCTAGGTTCCGC-1_1_1_1_1	GSE222315_p4_NAT	GSE222315	DF.classifications_0.25_0.3_229	Singlet	pANN_0.25_0.3_229	0.176887987835783
GSE222315_AGATGCTCAAACGTGG-1_1_1_1_1	GSE222315_p4_NAT	GSE222315	DF.classifications_0.25_0.3_229	Singlet	pANN_0.25_0.3_229	0.20932589964521
GSE222315_AGATGCTGTAAGCAAT-1_1_1_1_1	GSE222315_p4_NAT	GSE222315	DF.classifications_0.25_0.3_229	Singlet	pANN_0.25_0.3_229	0.242777496198682
GSE222315_AGATGCTGTAGGAGTC-1_1_1_1_1	GSE222315_p4_NAT	GSE222315	DF.classifications_0.25_0.3_229	Singlet	pANN_0.25_0.3_229	0.122655854029397
GSE222315_AGATGCTTCTGCTTTA-1_1_1_1_1	GSE222315_p4_NAT	GSE222315	DF.classifications_0.25_0.3_229	Singlet	pANN_0.25_0.3_229	0.166751140395337
GSE222315_AGCATCAAGGAATTAC-1_1_1_1_1	GSE222315_p4_NAT	GSE222315	DF.classifications_0.25_0.3_229	Singlet	pANN_0.25_0.3_229	0.375570197668525
GSE222315_AGCATCAAGTCTGGAG-1_1_1_1_1	GSE222315_p4_NAT	GSE222315	DF.classifications_0.25_0.3_229	Singlet	pANN_0.25_0.3_229	0.290420679168779
GSE222315_AGCATCACATCTCGTC-1_1_1_1_1	GSE222315_p4_NAT	GSE222315	DF.classifications_0.25_0.3_229	Singlet	pANN_0.25_0.3_229	0.370501773948302
GSE222315_AGCATCACATGATAGA-1_1_1_1_1	GSE222315_p4_NAT	GSE222315	DF.classifications_0.25_0.3_229	Singlet	pANN_0.25_0.3_229	0.17840851495185
GSE222315_AGCATCACATGGAGAC-1_1_1_1_1	GSE222315_p4_NAT	GSE222315	DF.classifications_0.25_0.3_229	Singlet	pANN_0.25_0.3_229	0.230613279270147
GSE222315_AGCCAATAGCCATATC-1_1_1_1_1	GSE222315_p4_NAT	GSE222315	DF.classifications_0.25_0.3_229	Singlet	pANN_0.25_0.3_229	0.196147997972631
GSE222315_AGCCAATAGCTGTACT-1_1_1_1_1	GSE222315_p4_NAT	GSE222315	DF.classifications_0.25_0.3_229	Singlet	pANN_0.25_0.3_229	0.161175874303092
GSE222315_AGCCAATCATGAAAGT-1_1_1_1_1	GSE222315_p4_NAT	GSE222315	DF.classifications_0.25_0.3_229	Singlet	pANN_0.25_0.3_229	0.221490116573746
GSE222315_AGCCAATTCGCCGAGT-1_1_1_1_1	GSE222315_p4_NAT	GSE222315	DF.classifications_0.25_0.3_229	Singlet	pANN_0.25_0.3_229	0.162189559047136
GSE222315_AGCCAATTCGTGGCTG-1_1_1_1_1	GSE222315_p4_NAT	GSE222315	DF.classifications_0.25_0.3_229	Singlet	pANN_0.25_0.3_229	0.161682716675114
GSE222315_AGCCAATTCTCCGATC-1_1_1_1_1	GSE222315_p4_NAT	GSE222315	DF.classifications_0.25_0.3_229	Singlet	pANN_0.25_0.3_229	0.342118601115053
GSE222315_AGCCACGTCAGGAAAT-1_1_1_1_1	GSE222315_p4_NAT	GSE222315	DF.classifications_0.25_0.3_229	Singlet	pANN_0.25_0.3_229	0.205271160669032
GSE222315_AGCCACGTCCTACCGT-1_1_1_1_1	GSE222315_p4_NAT	GSE222315	DF.classifications_0.25_0.3_229	Singlet	pANN_0.25_0.3_229	0.217942219969589
GSE222315_AGCCAGCCAAACACCT-1_1_1_1_1	GSE222315_p4_NAT	GSE222315	DF.classifications_0.25_0.3_229	Singlet	pANN_0.25_0.3_229	0.175874303091738
GSE222315_AGCCAGCGTTTGAAAG-1_1_1_1_1	GSE222315_p4_NAT	GSE222315	DF.classifications_0.25_0.3_229	Singlet	pANN_0.25_0.3_229	0.209832742017233
GSE222315_AGCCAGCTCTTGAGCA-1_1_1_1_1	GSE222315_p4_NAT	GSE222315	DF.classifications_0.25_0.3_229	Singlet	pANN_0.25_0.3_229	0.144956918398378
GSE222315_AGCCAGCTCTTTGCGC-1_1_1_1_1	GSE222315_p4_NAT	GSE222315	DF.classifications_0.25_0.3_229	Singlet	pANN_0.25_0.3_229	0.227572225038013
GSE222315_AGCGATTAGCGCCATC-1_1_1_1_1	GSE222315_p4_NAT	GSE222315	DF.classifications_0.25_0.3_229	Singlet	pANN_0.25_0.3_229	0.230106436898125
GSE222315_AGCGATTAGTCACTGT-1_1_1_1_1	GSE222315_p4_NAT	GSE222315	DF.classifications_0.25_0.3_229	Singlet	pANN_0.25_0.3_229	0.233147491130258
GSE222315_AGCGCCAAGCAATAGT-1_1_1_1_1	GSE222315_p4_NAT	GSE222315	DF.classifications_0.25_0.3_229	Singlet	pANN_0.25_0.3_229	0.173846933603649
GSE222315_AGCGCCACAACACACT-1_1_1_1_1	GSE222315_p4_NAT	GSE222315	DF.classifications_0.25_0.3_229	Singlet	pANN_0.25_0.3_229	0.201723264064876
GSE222315_AGCGCCAGTATACAGA-1_1_1_1_1	GSE222315_p4_NAT	GSE222315	DF.classifications_0.25_0.3_229	Singlet	pANN_0.25_0.3_229	0.155093765838824
GSE222315_AGCGCCATCGTCCTTG-1_1_1_1_1	GSE222315_p4_NAT	GSE222315	DF.classifications_0.25_0.3_229	Singlet	pANN_0.25_0.3_229	0.169792194627471
GSE222315_AGCGCCATCTCATTGT-1_1_1_1_1	GSE222315_p4_NAT	GSE222315	DF.classifications_0.25_0.3_229	Singlet	pANN_0.25_0.3_229	0.244804865686771
GSE222315_AGCGCTGAGGATATGT-1_1_1_1_1	GSE222315_p4_NAT	GSE222315	DF.classifications_0.25_0.3_229	Singlet	pANN_0.25_0.3_229	0.265585402939686
GSE222315_AGCGCTGAGGTAGTAT-1_1_1_1_1	GSE222315_p4_NAT	GSE222315	DF.classifications_0.25_0.3_229	Singlet	pANN_0.25_0.3_229	0.212873796249366
GSE222315_AGCGCTGCACAACGCC-1_1_1_1_1	GSE222315_p4_NAT	GSE222315	DF.classifications_0.25_0.3_229	Singlet	pANN_0.25_0.3_229	0.250886974151039
GSE222315_AGCGCTGGTCGCTGCA-1_1_1_1_1	GSE222315_p4_NAT	GSE222315	DF.classifications_0.25_0.3_229	Singlet	pANN_0.25_0.3_229	0.253421186011151
GSE222315_AGCGCTGGTCTTAGTG-1_1_1_1_1	GSE222315_p4_NAT	GSE222315	DF.classifications_0.25_0.3_229	Singlet	pANN_0.25_0.3_229	0.23568170299037
GSE222315_AGCGCTGGTGACTGTT-1_1_1_1_1	GSE222315_p4_NAT	GSE222315	DF.classifications_0.25_0.3_229	Singlet	pANN_0.25_0.3_229	0.17181956411556
GSE222315_AGCGCTGGTGTGTCCG-1_1_1_1_1	GSE222315_p4_NAT	GSE222315	DF.classifications_0.25_0.3_229	Singlet	pANN_0.25_0.3_229	0.367460719716168
GSE222315_AGCGCTGTCATTTCGT-1_1_1_1_1	GSE222315_p4_NAT	GSE222315	DF.classifications_0.25_0.3_229	Singlet	pANN_0.25_0.3_229	0.212366953877344
GSE222315_AGCGCTGTCGCCTAGG-1_1_1_1_1	GSE222315_p4_NAT	GSE222315	DF.classifications_0.25_0.3_229	Singlet	pANN_0.25_0.3_229	0.237709072478459
GSE222315_AGCGTATCAAGACCTT-1_1_1_1_1	GSE222315_p4_NAT	GSE222315	DF.classifications_0.25_0.3_229	Singlet	pANN_0.25_0.3_229	0.2113532691333
GSE222315_AGCGTATCACGACGAA-1_1_1_1_1	GSE222315_p4_NAT	GSE222315	DF.classifications_0.25_0.3_229	Singlet	pANN_0.25_0.3_229	0.37658388241257
GSE222315_AGCGTCGTCAGGGATG-1_1_1_1_1	GSE222315_p4_NAT	GSE222315	DF.classifications_0.25_0.3_229	Singlet	pANN_0.25_0.3_229	0.287886467308667
GSE222315_AGCTACAAGGTCCTGC-1_1_1_1_1	GSE222315_p4_NAT	GSE222315	DF.classifications_0.25_0.3_229	Singlet	pANN_0.25_0.3_229	0.224531170805879
GSE222315_AGCTACACAAGACCTT-1_1_1_1_1	GSE222315_p4_NAT	GSE222315	DF.classifications_0.25_0.3_229	Singlet	pANN_0.25_0.3_229	0.177394830207805
GSE222315_AGCTACACAGTTGAAA-1_1_1_1_1	GSE222315_p4_NAT	GSE222315	DF.classifications_0.25_0.3_229	Doublet	pANN_0.25_0.3_229	0.39432336543335
GSE222315_AGCTACAGTGACAGCA-1_1_1_1_1	GSE222315_p4_NAT	GSE222315	DF.classifications_0.25_0.3_229	Singlet	pANN_0.25_0.3_229	0.181449569183984
GSE222315_AGCTACAGTTTCGCTC-1_1_1_1_1	GSE222315_p4_NAT	GSE222315	DF.classifications_0.25_0.3_229	Singlet	pANN_0.25_0.3_229	0.179422199695895
GSE222315_AGCTACATCATTGCGA-1_1_1_1_1	GSE222315_p4_NAT	GSE222315	DF.classifications_0.25_0.3_229	Singlet	pANN_0.25_0.3_229	0.182463253928028
GSE222315_AGCTCAAAGACCCGCT-1_1_1_1_1	GSE222315_p4_NAT	GSE222315	DF.classifications_0.25_0.3_229	Singlet	pANN_0.25_0.3_229	0.214394323365433
GSE222315_AGCTCAAAGCGCCCAT-1_1_1_1_1	GSE222315_p4_NAT	GSE222315	DF.classifications_0.25_0.3_229	Doublet	pANN_0.25_0.3_229	0.385707045108971
GSE222315_AGCTCAAAGGACACTG-1_1_1_1_1	GSE222315_p4_NAT	GSE222315	DF.classifications_0.25_0.3_229	Singlet	pANN_0.25_0.3_229	0.220476431829701
GSE222315_AGCTCAAAGTTGTAGA-1_1_1_1_1	GSE222315_p4_NAT	GSE222315	DF.classifications_0.25_0.3_229	Singlet	pANN_0.25_0.3_229	0.232640648758236
GSE222315_AGCTCAACAAGCAATA-1_1_1_1_1	GSE222315_p4_NAT	GSE222315	DF.classifications_0.25_0.3_229	Singlet	pANN_0.25_0.3_229	0.265585402939686
GSE222315_AGCTCAACACAGTATC-1_1_1_1_1	GSE222315_p4_NAT	GSE222315	DF.classifications_0.25_0.3_229	Singlet	pANN_0.25_0.3_229	0.218955904713634
GSE222315_AGCTCAACACTGGATT-1_1_1_1_1	GSE222315_p4_NAT	GSE222315	DF.classifications_0.25_0.3_229	Singlet	pANN_0.25_0.3_229	0.133806386213887
GSE222315_AGCTCAACATAGCTGT-1_1_1_1_1	GSE222315_p4_NAT	GSE222315	DF.classifications_0.25_0.3_229	Singlet	pANN_0.25_0.3_229	0.151039026862646
GSE222315_AGCTCAAGTACCGGAA-1_1_1_1_1	GSE222315_p4_NAT	GSE222315	DF.classifications_0.25_0.3_229	Singlet	pANN_0.25_0.3_229	0.174353775975672
GSE222315_AGCTCAAGTATGCTTG-1_1_1_1_1	GSE222315_p4_NAT	GSE222315	DF.classifications_0.25_0.3_229	Singlet	pANN_0.25_0.3_229	0.230106436898125
GSE222315_AGCTCAAGTTCCGCGA-1_1_1_1_1	GSE222315_p4_NAT	GSE222315	DF.classifications_0.25_0.3_229	Singlet	pANN_0.25_0.3_229	0.36340598073999
GSE222315_AGCTTCCAGTTGCCCG-1_1_1_1_1	GSE222315_p4_NAT	GSE222315	DF.classifications_0.25_0.3_229	Singlet	pANN_0.25_0.3_229	0.199189052204764
GSE222315_AGCTTCCCATAAGATG-1_1_1_1_1	GSE222315_p4_NAT	GSE222315	DF.classifications_0.25_0.3_229	Singlet	pANN_0.25_0.3_229	0.258996452103396
GSE222315_AGCTTCCGTAACACCT-1_1_1_1_1	GSE222315_p4_NAT	GSE222315	DF.classifications_0.25_0.3_229	Singlet	pANN_0.25_0.3_229	0.252407501267106
GSE222315_AGCTTCCGTGTCTTCC-1_1_1_1_1	GSE222315_p4_NAT	GSE222315	DF.classifications_0.25_0.3_229	Singlet	pANN_0.25_0.3_229	0.309173846933604
GSE222315_AGCTTCCTCATCGCCT-1_1_1_1_1	GSE222315_p4_NAT	GSE222315	DF.classifications_0.25_0.3_229	Singlet	pANN_0.25_0.3_229	0.213887480993411
GSE222315_AGCTTCCTCTCCCATG-1_1_1_1_1	GSE222315_p4_NAT	GSE222315	DF.classifications_0.25_0.3_229	Singlet	pANN_0.25_0.3_229	0.357323872275722
GSE222315_AGCTTCCTCTGCTCTG-1_1_1_1_1	GSE222315_p4_NAT	GSE222315	DF.classifications_0.25_0.3_229	Singlet	pANN_0.25_0.3_229	0.135833755701977
GSE222315_AGGAAATAGCGTCAGA-1_1_1_1_1	GSE222315_p4_NAT	GSE222315	DF.classifications_0.25_0.3_229	Singlet	pANN_0.25_0.3_229	0.189559047136341
GSE222315_AGGAAATAGTCTTCGA-1_1_1_1_1	GSE222315_p4_NAT	GSE222315	DF.classifications_0.25_0.3_229	Singlet	pANN_0.25_0.3_229	0.253928028383173
GSE222315_AGGAAATCAATTCTTC-1_1_1_1_1	GSE222315_p4_NAT	GSE222315	DF.classifications_0.25_0.3_229	Singlet	pANN_0.25_0.3_229	0.250886974151039
GSE222315_AGGAAATCAATTGAAG-1_1_1_1_1	GSE222315_p4_NAT	GSE222315	DF.classifications_0.25_0.3_229	Singlet	pANN_0.25_0.3_229	0.283324885960466
GSE222315_AGGAATAAGATGAACT-1_1_1_1_1	GSE222315_p4_NAT	GSE222315	DF.classifications_0.25_0.3_229	Singlet	pANN_0.25_0.3_229	0.38114546376077
GSE222315_AGGAATACAAGACGAC-1_1_1_1_1	GSE222315_p4_NAT	GSE222315	DF.classifications_0.25_0.3_229	Singlet	pANN_0.25_0.3_229	0.160669031931069
GSE222315_AGGAATACATGTTACG-1_1_1_1_1	GSE222315_p4_NAT	GSE222315	DF.classifications_0.25_0.3_229	Singlet	pANN_0.25_0.3_229	0.183983781044095
GSE222315_AGGAATAGTCCTTAAG-1_1_1_1_1	GSE222315_p4_NAT	GSE222315	DF.classifications_0.25_0.3_229	Singlet	pANN_0.25_0.3_229	0.167257982767359
GSE222315_AGGAATAGTGTATTGC-1_1_1_1_1	GSE222315_p4_NAT	GSE222315	DF.classifications_0.25_0.3_229	Singlet	pANN_0.25_0.3_229	0.169285352255449
GSE222315_AGGAATATCGTTCTAT-1_1_1_1_1	GSE222315_p4_NAT	GSE222315	DF.classifications_0.25_0.3_229	Singlet	pANN_0.25_0.3_229	0.179422199695895
GSE222315_AGGACGAAGCCGTCGT-1_1_1_1_1	GSE222315_p4_NAT	GSE222315	DF.classifications_0.25_0.3_229	Singlet	pANN_0.25_0.3_229	0.182463253928028
GSE222315_AGGACGAGTCTGCGCA-1_1_1_1_1	GSE222315_p4_NAT	GSE222315	DF.classifications_0.25_0.3_229	Singlet	pANN_0.25_0.3_229	0.191079574252408
GSE222315_AGGACGAGTGACATCT-1_1_1_1_1	GSE222315_p4_NAT	GSE222315	DF.classifications_0.25_0.3_229	Singlet	pANN_0.25_0.3_229	0.221490116573746
GSE222315_AGGACTTAGCGCCATC-1_1_1_1_1	GSE222315_p4_NAT	GSE222315	DF.classifications_0.25_0.3_229	Singlet	pANN_0.25_0.3_229	0.154586923466802
GSE222315_AGGACTTAGGATTTGA-1_1_1_1_1	GSE222315_p4_NAT	GSE222315	DF.classifications_0.25_0.3_229	Singlet	pANN_0.25_0.3_229	0.189052204764318
GSE222315_AGGACTTAGGCCCACT-1_1_1_1_1	GSE222315_p4_NAT	GSE222315	DF.classifications_0.25_0.3_229	Singlet	pANN_0.25_0.3_229	0.176887987835783
GSE222315_AGGACTTCAAGTCATC-1_1_1_1_1	GSE222315_p4_NAT	GSE222315	DF.classifications_0.25_0.3_229	Singlet	pANN_0.25_0.3_229	0.186011150532184
GSE222315_AGGACTTCATCATTTC-1_1_1_1_1	GSE222315_p4_NAT	GSE222315	DF.classifications_0.25_0.3_229	Singlet	pANN_0.25_0.3_229	0.162696401419159
GSE222315_AGGACTTTCGGCGATC-1_1_1_1_1	GSE222315_p4_NAT	GSE222315	DF.classifications_0.25_0.3_229	Singlet	pANN_0.25_0.3_229	0.371515458692347
GSE222315_AGGACTTTCGGCTGGT-1_1_1_1_1	GSE222315_p4_NAT	GSE222315	DF.classifications_0.25_0.3_229	Singlet	pANN_0.25_0.3_229	0.231120121642169
GSE222315_AGGAGGTAGAATTGCA-1_1_1_1_1	GSE222315_p4_NAT	GSE222315	DF.classifications_0.25_0.3_229	Singlet	pANN_0.25_0.3_229	0.195134313228586
GSE222315_AGGAGGTAGCTTTCTT-1_1_1_1_1	GSE222315_p4_NAT	GSE222315	DF.classifications_0.25_0.3_229	Singlet	pANN_0.25_0.3_229	0.271160669031931
GSE222315_AGGAGGTAGTAACCTC-1_1_1_1_1	GSE222315_p4_NAT	GSE222315	DF.classifications_0.25_0.3_229	Singlet	pANN_0.25_0.3_229	0.292448048656868
GSE222315_AGGAGGTAGTCTAGCT-1_1_1_1_1	GSE222315_p4_NAT	GSE222315	DF.classifications_0.25_0.3_229	Singlet	pANN_0.25_0.3_229	0.136847440446021
GSE222315_AGGAGGTCACCGTCTT-1_1_1_1_1	GSE222315_p4_NAT	GSE222315	DF.classifications_0.25_0.3_229	Singlet	pANN_0.25_0.3_229	0.354789660415611
GSE222315_AGGAGGTCACTTTATC-1_1_1_1_1	GSE222315_p4_NAT	GSE222315	DF.classifications_0.25_0.3_229	Singlet	pANN_0.25_0.3_229	0.194120628484541
GSE222315_AGGAGGTCAGTGACCC-1_1_1_1_1	GSE222315_p4_NAT	GSE222315	DF.classifications_0.25_0.3_229	Singlet	pANN_0.25_0.3_229	0.188545362392296
GSE222315_AGGAGGTGTCTTTCAT-1_1_1_1_1	GSE222315_p4_NAT	GSE222315	DF.classifications_0.25_0.3_229	Singlet	pANN_0.25_0.3_229	0.182970096300051
GSE222315_AGGAGGTGTTCGATTG-1_1_1_1_1	GSE222315_p4_NAT	GSE222315	DF.classifications_0.25_0.3_229	Singlet	pANN_0.25_0.3_229	0.238215914850481
GSE222315_AGGAGGTTCAGGAACG-1_1_1_1_1	GSE222315_p4_NAT	GSE222315	DF.classifications_0.25_0.3_229	Singlet	pANN_0.25_0.3_229	0.134820070957932
GSE222315_AGGATAAGTATTGAGA-1_1_1_1_1	GSE222315_p4_NAT	GSE222315	DF.classifications_0.25_0.3_229	Singlet	pANN_0.25_0.3_229	0.321338063862139
GSE222315_AGGATAATCAGTCAGT-1_1_1_1_1	GSE222315_p4_NAT	GSE222315	DF.classifications_0.25_0.3_229	Singlet	pANN_0.25_0.3_229	0.197668525088697
GSE222315_AGGATAATCCTTTAGT-1_1_1_1_1	GSE222315_p4_NAT	GSE222315	DF.classifications_0.25_0.3_229	Singlet	pANN_0.25_0.3_229	0.162189559047136
GSE222315_AGGATCTCAGTCTTCC-1_1_1_1_1	GSE222315_p4_NAT	GSE222315	DF.classifications_0.25_0.3_229	Singlet	pANN_0.25_0.3_229	0.189559047136341
GSE222315_AGGATCTCATGACGTT-1_1_1_1_1	GSE222315_p4_NAT	GSE222315	DF.classifications_0.25_0.3_229	Singlet	pANN_0.25_0.3_229	0.223517486061835
GSE222315_AGGATCTGTTGCACGC-1_1_1_1_1	GSE222315_p4_NAT	GSE222315	DF.classifications_0.25_0.3_229	Singlet	pANN_0.25_0.3_229	0.14749113025849
GSE222315_AGGATCTTCGGTGAAG-1_1_1_1_1	GSE222315_p4_NAT	GSE222315	DF.classifications_0.25_0.3_229	Singlet	pANN_0.25_0.3_229	0.134820070957932
GSE222315_AGGCATTGTCAAAGTA-1_1_1_1_1	GSE222315_p4_NAT	GSE222315	DF.classifications_0.25_0.3_229	Doublet	pANN_0.25_0.3_229	0.386213887480993
GSE222315_AGGCATTGTTAGAAAC-1_1_1_1_1	GSE222315_p4_NAT	GSE222315	DF.classifications_0.25_0.3_229	Singlet	pANN_0.25_0.3_229	0.250380131779017
GSE222315_AGGCATTGTTCAACGT-1_1_1_1_1	GSE222315_p4_NAT	GSE222315	DF.classifications_0.25_0.3_229	Singlet	pANN_0.25_0.3_229	0.31272174353776
GSE222315_AGGCCACAGAGGTTTA-1_1_1_1_1	GSE222315_p4_NAT	GSE222315	DF.classifications_0.25_0.3_229	Singlet	pANN_0.25_0.3_229	0.22909275215408
GSE222315_AGGCCACAGCCAAGTG-1_1_1_1_1	GSE222315_p4_NAT	GSE222315	DF.classifications_0.25_0.3_229	Singlet	pANN_0.25_0.3_229	0.251900658895084
GSE222315_AGGCCACAGTCTCTGA-1_1_1_1_1	GSE222315_p4_NAT	GSE222315	DF.classifications_0.25_0.3_229	Singlet	pANN_0.25_0.3_229	0.219969589457679
GSE222315_AGGCCACGTGTTGACT-1_1_1_1_1	GSE222315_p4_NAT	GSE222315	DF.classifications_0.25_0.3_229	Singlet	pANN_0.25_0.3_229	0.150532184490623
GSE222315_AGGCCACTCCATCCGT-1_1_1_1_1	GSE222315_p4_NAT	GSE222315	DF.classifications_0.25_0.3_229	Doublet	pANN_0.25_0.3_229	0.38773441459706
GSE222315_AGGCTGCAGACCTTTG-1_1_1_1_1	GSE222315_p4_NAT	GSE222315	DF.classifications_0.25_0.3_229	Singlet	pANN_0.25_0.3_229	0.179422199695895
GSE222315_AGGCTGCAGTCGTCTA-1_1_1_1_1	GSE222315_p4_NAT	GSE222315	DF.classifications_0.25_0.3_229	Doublet	pANN_0.25_0.3_229	0.392295995945261
GSE222315_AGGCTGCGTGCTCTCT-1_1_1_1_1	GSE222315_p4_NAT	GSE222315	DF.classifications_0.25_0.3_229	Singlet	pANN_0.25_0.3_229	0.214901165737456
GSE222315_AGGGAGTAGCGCAATG-1_1_1_1_1	GSE222315_p4_NAT	GSE222315	DF.classifications_0.25_0.3_229	Singlet	pANN_0.25_0.3_229	0.161175874303092
GSE222315_AGGGAGTCATTCAGCA-1_1_1_1_1	GSE222315_p4_NAT	GSE222315	DF.classifications_0.25_0.3_229	Singlet	pANN_0.25_0.3_229	0.221490116573746
GSE222315_AGGGAGTGTTGGGTTT-1_1_1_1_1	GSE222315_p4_NAT	GSE222315	DF.classifications_0.25_0.3_229	Doublet	pANN_0.25_0.3_229	0.412569690826153
GSE222315_AGGGAGTTCAGCTTCC-1_1_1_1_1	GSE222315_p4_NAT	GSE222315	DF.classifications_0.25_0.3_229	Singlet	pANN_0.25_0.3_229	0.177394830207805
GSE222315_AGGGCCTCAGGTATGG-1_1_1_1_1	GSE222315_p4_NAT	GSE222315	DF.classifications_0.25_0.3_229	Singlet	pANN_0.25_0.3_229	0.331474911302585
GSE222315_AGGGCCTCAGTATGAA-1_1_1_1_1	GSE222315_p4_NAT	GSE222315	DF.classifications_0.25_0.3_229	Singlet	pANN_0.25_0.3_229	0.244298023314749
GSE222315_AGGGCCTGTAAGCTCT-1_1_1_1_1	GSE222315_p4_NAT	GSE222315	DF.classifications_0.25_0.3_229	Singlet	pANN_0.25_0.3_229	0.12772427774962
GSE222315_AGGGCCTGTACGCTAT-1_1_1_1_1	GSE222315_p4_NAT	GSE222315	DF.classifications_0.25_0.3_229	Singlet	pANN_0.25_0.3_229	0.203243791180943
GSE222315_AGGGCCTTCCATTTGT-1_1_1_1_1	GSE222315_p4_NAT	GSE222315	DF.classifications_0.25_0.3_229	Singlet	pANN_0.25_0.3_229	0.192600101368474
GSE222315_AGGGCCTTCCTGGGTG-1_1_1_1_1	GSE222315_p4_NAT	GSE222315	DF.classifications_0.25_0.3_229	Singlet	pANN_0.25_0.3_229	0.379624936644703
GSE222315_AGGGCTCAGGAGCAAA-1_1_1_1_1	GSE222315_p4_NAT	GSE222315	DF.classifications_0.25_0.3_229	Singlet	pANN_0.25_0.3_229	0.166244298023315
GSE222315_AGGGCTCAGGGAGGCA-1_1_1_1_1	GSE222315_p4_NAT	GSE222315	DF.classifications_0.25_0.3_229	Singlet	pANN_0.25_0.3_229	0.199695894576787
GSE222315_AGGGCTCGTATCCTCC-1_1_1_1_1	GSE222315_p4_NAT	GSE222315	DF.classifications_0.25_0.3_229	Singlet	pANN_0.25_0.3_229	0.177394830207805
GSE222315_AGGGCTCTCCAAGCAT-1_1_1_1_1	GSE222315_p4_NAT	GSE222315	DF.classifications_0.25_0.3_229	Singlet	pANN_0.25_0.3_229	0.207805372529143
GSE222315_AGGGTCCCACGCTTAA-1_1_1_1_1	GSE222315_p4_NAT	GSE222315	DF.classifications_0.25_0.3_229	Singlet	pANN_0.25_0.3_229	0.17840851495185
GSE222315_AGGGTCCCATGTTTGG-1_1_1_1_1	GSE222315_p4_NAT	GSE222315	DF.classifications_0.25_0.3_229	Singlet	pANN_0.25_0.3_229	0.174353775975672
GSE222315_AGGGTCCGTCGCACAC-1_1_1_1_1	GSE222315_p4_NAT	GSE222315	DF.classifications_0.25_0.3_229	Singlet	pANN_0.25_0.3_229	0.378104409528637
GSE222315_AGGGTCCGTTTACTGG-1_1_1_1_1	GSE222315_p4_NAT	GSE222315	DF.classifications_0.25_0.3_229	Singlet	pANN_0.25_0.3_229	0.219969589457679
GSE222315_AGGGTCCTCTTCACGC-1_1_1_1_1	GSE222315_p4_NAT	GSE222315	DF.classifications_0.25_0.3_229	Singlet	pANN_0.25_0.3_229	0.325392802838317
GSE222315_AGGGTGAAGATGGGCT-1_1_1_1_1	GSE222315_p4_NAT	GSE222315	DF.classifications_0.25_0.3_229	Singlet	pANN_0.25_0.3_229	0.243791180942727
GSE222315_AGGGTGAAGCCTATTG-1_1_1_1_1	GSE222315_p4_NAT	GSE222315	DF.classifications_0.25_0.3_229	Singlet	pANN_0.25_0.3_229	0.383679675620882
GSE222315_AGGGTGAAGGTTGGAC-1_1_1_1_1	GSE222315_p4_NAT	GSE222315	DF.classifications_0.25_0.3_229	Singlet	pANN_0.25_0.3_229	0.182463253928028
GSE222315_AGGGTTTAGAGTCCGA-1_1_1_1_1	GSE222315_p4_NAT	GSE222315	DF.classifications_0.25_0.3_229	Singlet	pANN_0.25_0.3_229	0.251393816523061
GSE222315_AGGGTTTAGCCGATAG-1_1_1_1_1	GSE222315_p4_NAT	GSE222315	DF.classifications_0.25_0.3_229	Singlet	pANN_0.25_0.3_229	0.172326406487582
GSE222315_AGGGTTTAGTCATCCA-1_1_1_1_1	GSE222315_p4_NAT	GSE222315	DF.classifications_0.25_0.3_229	Singlet	pANN_0.25_0.3_229	0.193613786112519
GSE222315_AGGGTTTGTCTACATG-1_1_1_1_1	GSE222315_p4_NAT	GSE222315	DF.classifications_0.25_0.3_229	Singlet	pANN_0.25_0.3_229	0.193613786112519
GSE222315_AGGGTTTTCATCGGGC-1_1_1_1_1	GSE222315_p4_NAT	GSE222315	DF.classifications_0.25_0.3_229	Singlet	pANN_0.25_0.3_229	0.186011150532184
GSE222315_AGGTAGGCATGGGTCC-1_1_1_1_1	GSE222315_p4_NAT	GSE222315	DF.classifications_0.25_0.3_229	Singlet	pANN_0.25_0.3_229	0.354789660415611
GSE222315_AGGTAGGGTCGTATTG-1_1_1_1_1	GSE222315_p4_NAT	GSE222315	DF.classifications_0.25_0.3_229	Singlet	pANN_0.25_0.3_229	0.167764825139382
GSE222315_AGGTAGGGTCTGCAAT-1_1_1_1_1	GSE222315_p4_NAT	GSE222315	DF.classifications_0.25_0.3_229	Singlet	pANN_0.25_0.3_229	0.15408008109478
GSE222315_AGGTAGGTCGCAGAGA-1_1_1_1_1	GSE222315_p4_NAT	GSE222315	DF.classifications_0.25_0.3_229	Singlet	pANN_0.25_0.3_229	0.164216928535226
GSE222315_AGGTCATAGAACCCGA-1_1_1_1_1	GSE222315_p4_NAT	GSE222315	DF.classifications_0.25_0.3_229	Singlet	pANN_0.25_0.3_229	0.181956411556006
GSE222315_AGGTCATAGGAATGTT-1_1_1_1_1	GSE222315_p4_NAT	GSE222315	DF.classifications_0.25_0.3_229	Singlet	pANN_0.25_0.3_229	0.371515458692347
GSE222315_AGGTCATAGGCCCACT-1_1_1_1_1	GSE222315_p4_NAT	GSE222315	DF.classifications_0.25_0.3_229	Singlet	pANN_0.25_0.3_229	0.231120121642169
GSE222315_AGGTCATAGGTCACCC-1_1_1_1_1	GSE222315_p4_NAT	GSE222315	DF.classifications_0.25_0.3_229	Singlet	pANN_0.25_0.3_229	0.365433350228079
GSE222315_AGGTCATCACACCTTC-1_1_1_1_1	GSE222315_p4_NAT	GSE222315	DF.classifications_0.25_0.3_229	Singlet	pANN_0.25_0.3_229	0.245818550430816
GSE222315_AGGTCATCATCAGTCA-1_1_1_1_1	GSE222315_p4_NAT	GSE222315	DF.classifications_0.25_0.3_229	Singlet	pANN_0.25_0.3_229	0.364926507856057
GSE222315_AGGTCATCATGTAACC-1_1_1_1_1	GSE222315_p4_NAT	GSE222315	DF.classifications_0.25_0.3_229	Singlet	pANN_0.25_0.3_229	0.212366953877344
GSE222315_AGGTCATTCGGCCTTT-1_1_1_1_1	GSE222315_p4_NAT	GSE222315	DF.classifications_0.25_0.3_229	Singlet	pANN_0.25_0.3_229	0.174353775975672
GSE222315_AGGTCATTCTTTCTAG-1_1_1_1_1	GSE222315_p4_NAT	GSE222315	DF.classifications_0.25_0.3_229	Singlet	pANN_0.25_0.3_229	0.238722757222504
GSE222315_AGGTCTAAGGGATCGT-1_1_1_1_1	GSE222315_p4_NAT	GSE222315	DF.classifications_0.25_0.3_229	Doublet	pANN_0.25_0.3_229	0.403446528129752
GSE222315_AGGTCTACACTACACA-1_1_1_1_1	GSE222315_p4_NAT	GSE222315	DF.classifications_0.25_0.3_229	Singlet	pANN_0.25_0.3_229	0.214394323365433
GSE222315_AGGTCTACATTAAGCC-1_1_1_1_1	GSE222315_p4_NAT	GSE222315	DF.classifications_0.25_0.3_229	Singlet	pANN_0.25_0.3_229	0.132285859097821
GSE222315_AGGTCTAGTGACTATC-1_1_1_1_1	GSE222315_p4_NAT	GSE222315	DF.classifications_0.25_0.3_229	Singlet	pANN_0.25_0.3_229	0.328433857070451
GSE222315_AGGTCTAGTGGCATCC-1_1_1_1_1	GSE222315_p4_NAT	GSE222315	DF.classifications_0.25_0.3_229	Singlet	pANN_0.25_0.3_229	0.189559047136341
GSE222315_AGGTGTTAGAGGTTTA-1_1_1_1_1	GSE222315_p4_NAT	GSE222315	DF.classifications_0.25_0.3_229	Singlet	pANN_0.25_0.3_229	0.153573238722757
GSE222315_AGGTGTTAGCAGAAAG-1_1_1_1_1	GSE222315_p4_NAT	GSE222315	DF.classifications_0.25_0.3_229	Singlet	pANN_0.25_0.3_229	0.156614292954891
GSE222315_AGGTGTTAGTAGTCCT-1_1_1_1_1	GSE222315_p4_NAT	GSE222315	DF.classifications_0.25_0.3_229	Singlet	pANN_0.25_0.3_229	0.153066396350735
GSE222315_AGGTGTTCACAAATCC-1_1_1_1_1	GSE222315_p4_NAT	GSE222315	DF.classifications_0.25_0.3_229	Singlet	pANN_0.25_0.3_229	0.221490116573746
GSE222315_AGGTGTTCATTGAGGG-1_1_1_1_1	GSE222315_p4_NAT	GSE222315	DF.classifications_0.25_0.3_229	Singlet	pANN_0.25_0.3_229	0.276735935124176
GSE222315_AGGTGTTGTGAACGGT-1_1_1_1_1	GSE222315_p4_NAT	GSE222315	DF.classifications_0.25_0.3_229	Singlet	pANN_0.25_0.3_229	0.344652812975165
GSE222315_AGGTGTTTCCTATTGT-1_1_1_1_1	GSE222315_p4_NAT	GSE222315	DF.classifications_0.25_0.3_229	Singlet	pANN_0.25_0.3_229	0.153573238722757
GSE222315_AGGTGTTTCGGTCGAC-1_1_1_1_1	GSE222315_p4_NAT	GSE222315	DF.classifications_0.25_0.3_229	Singlet	pANN_0.25_0.3_229	0.196147997972631
GSE222315_AGGTTACAGACCAAGC-1_1_1_1_1	GSE222315_p4_NAT	GSE222315	DF.classifications_0.25_0.3_229	Singlet	pANN_0.25_0.3_229	0.17840851495185
GSE222315_AGGTTACCATGCCGAC-1_1_1_1_1	GSE222315_p4_NAT	GSE222315	DF.classifications_0.25_0.3_229	Singlet	pANN_0.25_0.3_229	0.280283831728332
GSE222315_AGGTTGTAGCCAACCC-1_1_1_1_1	GSE222315_p4_NAT	GSE222315	DF.classifications_0.25_0.3_229	Singlet	pANN_0.25_0.3_229	0.168778509883426
GSE222315_AGGTTGTTCCTTTGAT-1_1_1_1_1	GSE222315_p4_NAT	GSE222315	DF.classifications_0.25_0.3_229	Singlet	pANN_0.25_0.3_229	0.235174860618348
GSE222315_AGGTTGTTCGCTGATA-1_1_1_1_1	GSE222315_p4_NAT	GSE222315	DF.classifications_0.25_0.3_229	Singlet	pANN_0.25_0.3_229	0.173340091231627
GSE222315_AGTAACCAGACGCAGT-1_1_1_1_1	GSE222315_p4_NAT	GSE222315	DF.classifications_0.25_0.3_229	Singlet	pANN_0.25_0.3_229	0.204257475924987
GSE222315_AGTAACCAGGCTCCCA-1_1_1_1_1	GSE222315_p4_NAT	GSE222315	DF.classifications_0.25_0.3_229	Singlet	pANN_0.25_0.3_229	0.196147997972631
GSE222315_AGTAACCAGGGCAACT-1_1_1_1_1	GSE222315_p4_NAT	GSE222315	DF.classifications_0.25_0.3_229	Singlet	pANN_0.25_0.3_229	0.199189052204764
GSE222315_AGTAACCCAGCCATTA-1_1_1_1_1	GSE222315_p4_NAT	GSE222315	DF.classifications_0.25_0.3_229	Singlet	pANN_0.25_0.3_229	0.324885960466295
GSE222315_AGTAACCCAGGACAGT-1_1_1_1_1	GSE222315_p4_NAT	GSE222315	DF.classifications_0.25_0.3_229	Singlet	pANN_0.25_0.3_229	0.308160162189559
GSE222315_AGTAACCCATCAGTCA-1_1_1_1_1	GSE222315_p4_NAT	GSE222315	DF.classifications_0.25_0.3_229	Singlet	pANN_0.25_0.3_229	0.185504308160162
GSE222315_AGTAACCCATCCTAAG-1_1_1_1_1	GSE222315_p4_NAT	GSE222315	DF.classifications_0.25_0.3_229	Singlet	pANN_0.25_0.3_229	0.143436391282311
GSE222315_AGTAACCGTTATTCTC-1_1_1_1_1	GSE222315_p4_NAT	GSE222315	DF.classifications_0.25_0.3_229	Singlet	pANN_0.25_0.3_229	0.163203243791181
GSE222315_AGTAACCTCACGGGAA-1_1_1_1_1	GSE222315_p4_NAT	GSE222315	DF.classifications_0.25_0.3_229	Singlet	pANN_0.25_0.3_229	0.186011150532184
GSE222315_AGTAACCTCGACATCA-1_1_1_1_1	GSE222315_p4_NAT	GSE222315	DF.classifications_0.25_0.3_229	Singlet	pANN_0.25_0.3_229	0.278763304612266
GSE222315_AGTACCAAGTGACCTT-1_1_1_1_1	GSE222315_p4_NAT	GSE222315	DF.classifications_0.25_0.3_229	Singlet	pANN_0.25_0.3_229	0.12772427774962
GSE222315_AGTACCACAGCGACCT-1_1_1_1_1	GSE222315_p4_NAT	GSE222315	DF.classifications_0.25_0.3_229	Singlet	pANN_0.25_0.3_229	0.234161175874303
GSE222315_AGTACCAGTCCACTCT-1_1_1_1_1	GSE222315_p4_NAT	GSE222315	DF.classifications_0.25_0.3_229	Singlet	pANN_0.25_0.3_229	0.144450076026356
GSE222315_AGTACCAGTTGAGAGC-1_1_1_1_1	GSE222315_p4_NAT	GSE222315	DF.classifications_0.25_0.3_229	Singlet	pANN_0.25_0.3_229	0.378104409528637
GSE222315_AGTACCATCAAACCCA-1_1_1_1_1	GSE222315_p4_NAT	GSE222315	DF.classifications_0.25_0.3_229	Singlet	pANN_0.25_0.3_229	0.302584896097314
GSE222315_AGTACTGAGTGGTGGT-1_1_1_1_1	GSE222315_p4_NAT	GSE222315	DF.classifications_0.25_0.3_229	Singlet	pANN_0.25_0.3_229	0.13431322858591
GSE222315_AGTACTGCAACAAGAT-1_1_1_1_1	GSE222315_p4_NAT	GSE222315	DF.classifications_0.25_0.3_229	Singlet	pANN_0.25_0.3_229	0.148504815002534
GSE222315_AGTACTGGTACGCTTA-1_1_1_1_1	GSE222315_p4_NAT	GSE222315	DF.classifications_0.25_0.3_229	Singlet	pANN_0.25_0.3_229	0.187024835276229
GSE222315_AGTACTGGTGGATCAG-1_1_1_1_1	GSE222315_p4_NAT	GSE222315	DF.classifications_0.25_0.3_229	Singlet	pANN_0.25_0.3_229	0.38114546376077
GSE222315_AGTACTGTCATCGTAG-1_1_1_1_1	GSE222315_p4_NAT	GSE222315	DF.classifications_0.25_0.3_229	Singlet	pANN_0.25_0.3_229	0.275722250380132
GSE222315_AGTAGCTAGCGGTAAC-1_1_1_1_1	GSE222315_p4_NAT	GSE222315	DF.classifications_0.25_0.3_229	Singlet	pANN_0.25_0.3_229	0.38114546376077
GSE222315_AGTAGCTCAATTCACG-1_1_1_1_1	GSE222315_p4_NAT	GSE222315	DF.classifications_0.25_0.3_229	Singlet	pANN_0.25_0.3_229	0.155600608210846
GSE222315_AGTAGCTGTATGGTTC-1_1_1_1_1	GSE222315_p4_NAT	GSE222315	DF.classifications_0.25_0.3_229	Singlet	pANN_0.25_0.3_229	0.245818550430816
GSE222315_AGTAGCTGTATGTCCA-1_1_1_1_1	GSE222315_p4_NAT	GSE222315	DF.classifications_0.25_0.3_229	Singlet	pANN_0.25_0.3_229	0.371515458692347
GSE222315_AGTAGCTGTCCGGCAT-1_1_1_1_1	GSE222315_p4_NAT	GSE222315	DF.classifications_0.25_0.3_229	Singlet	pANN_0.25_0.3_229	0.164216928535226
GSE222315_AGTAGCTGTTGGGAAC-1_1_1_1_1	GSE222315_p4_NAT	GSE222315	DF.classifications_0.25_0.3_229	Doublet	pANN_0.25_0.3_229	0.408514951849975
GSE222315_AGTAGTCAGATTACCC-1_1_1_1_1	GSE222315_p4_NAT	GSE222315	DF.classifications_0.25_0.3_229	Singlet	pANN_0.25_0.3_229	0.130258489609731
GSE222315_AGTAGTCAGCAACCAG-1_1_1_1_1	GSE222315_p4_NAT	GSE222315	DF.classifications_0.25_0.3_229	Singlet	pANN_0.25_0.3_229	0.2113532691333
GSE222315_AGTAGTCAGCCAGACA-1_1_1_1_1	GSE222315_p4_NAT	GSE222315	DF.classifications_0.25_0.3_229	Singlet	pANN_0.25_0.3_229	0.1409021794222
GSE222315_AGTAGTCCAGTCTCTC-1_1_1_1_1	GSE222315_p4_NAT	GSE222315	DF.classifications_0.25_0.3_229	Doublet	pANN_0.25_0.3_229	0.392295995945261
GSE222315_AGTAGTCCAGTGAGCA-1_1_1_1_1	GSE222315_p4_NAT	GSE222315	DF.classifications_0.25_0.3_229	Singlet	pANN_0.25_0.3_229	0.159655347187025
GSE222315_AGTAGTCTCGCGTGCA-1_1_1_1_1	GSE222315_p4_NAT	GSE222315	DF.classifications_0.25_0.3_229	Singlet	pANN_0.25_0.3_229	0.182970096300051
GSE222315_AGTCAACAGCGATCGA-1_1_1_1_1	GSE222315_p4_NAT	GSE222315	DF.classifications_0.25_0.3_229	Doublet	pANN_0.25_0.3_229	0.387227572225038
GSE222315_AGTCAACAGTAAGAGG-1_1_1_1_1	GSE222315_p4_NAT	GSE222315	DF.classifications_0.25_0.3_229	Singlet	pANN_0.25_0.3_229	0.169285352255449
GSE222315_AGTCAACCAAACACGG-1_1_1_1_1	GSE222315_p4_NAT	GSE222315	DF.classifications_0.25_0.3_229	Singlet	pANN_0.25_0.3_229	0.241763811454638
GSE222315_AGTCAACCACCGGTCA-1_1_1_1_1	GSE222315_p4_NAT	GSE222315	DF.classifications_0.25_0.3_229	Singlet	pANN_0.25_0.3_229	0.331474911302585
GSE222315_AGTCAACCAGAACTAA-1_1_1_1_1	GSE222315_p4_NAT	GSE222315	DF.classifications_0.25_0.3_229	Singlet	pANN_0.25_0.3_229	0.197668525088697
GSE222315_AGTCAACCATGACACT-1_1_1_1_1	GSE222315_p4_NAT	GSE222315	DF.classifications_0.25_0.3_229	Singlet	pANN_0.25_0.3_229	0.373542828180436
GSE222315_AGTCAACTCCTCTCTT-1_1_1_1_1	GSE222315_p4_NAT	GSE222315	DF.classifications_0.25_0.3_229	Singlet	pANN_0.25_0.3_229	0.282818043588444
GSE222315_AGTCACAAGTTTGAGA-1_1_1_1_1	GSE222315_p4_NAT	GSE222315	DF.classifications_0.25_0.3_229	Singlet	pANN_0.25_0.3_229	0.346173340091232
GSE222315_AGTCACACACAAGTTC-1_1_1_1_1	GSE222315_p4_NAT	GSE222315	DF.classifications_0.25_0.3_229	Singlet	pANN_0.25_0.3_229	0.272681196147998
GSE222315_AGTCACAGTGCCCAGT-1_1_1_1_1	GSE222315_p4_NAT	GSE222315	DF.classifications_0.25_0.3_229	Singlet	pANN_0.25_0.3_229	0.349214394323365
GSE222315_AGTCACATCGCTTTAT-1_1_1_1_1	GSE222315_p4_NAT	GSE222315	DF.classifications_0.25_0.3_229	Singlet	pANN_0.25_0.3_229	0.251393816523061
GSE222315_AGTCATGGTCCTCATC-1_1_1_1_1	GSE222315_p4_NAT	GSE222315	DF.classifications_0.25_0.3_229	Singlet	pANN_0.25_0.3_229	0.195641155600608
GSE222315_AGTCATGGTGGAGAAA-1_1_1_1_1	GSE222315_p4_NAT	GSE222315	DF.classifications_0.25_0.3_229	Singlet	pANN_0.25_0.3_229	0.257982767359351
GSE222315_AGTCATGGTGTATACC-1_1_1_1_1	GSE222315_p4_NAT	GSE222315	DF.classifications_0.25_0.3_229	Singlet	pANN_0.25_0.3_229	0.175874303091738
GSE222315_AGTCATGTCACTACTT-1_1_1_1_1	GSE222315_p4_NAT	GSE222315	DF.classifications_0.25_0.3_229	Singlet	pANN_0.25_0.3_229	0.206284845413077
GSE222315_AGTCATGTCCTGGTCT-1_1_1_1_1	GSE222315_p4_NAT	GSE222315	DF.classifications_0.25_0.3_229	Singlet	pANN_0.25_0.3_229	0.193106943740497
GSE222315_AGTCTCCAGACTGGGT-1_1_1_1_1	GSE222315_p4_NAT	GSE222315	DF.classifications_0.25_0.3_229	Singlet	pANN_0.25_0.3_229	0.166244298023315
GSE222315_AGTCTCCAGAGGACTC-1_1_1_1_1	GSE222315_p4_NAT	GSE222315	DF.classifications_0.25_0.3_229	Singlet	pANN_0.25_0.3_229	0.160669031931069
GSE222315_AGTCTCCAGCACCAGA-1_1_1_1_1	GSE222315_p4_NAT	GSE222315	DF.classifications_0.25_0.3_229	Singlet	pANN_0.25_0.3_229	0.250886974151039
GSE222315_AGTCTCCAGCATATGA-1_1_1_1_1	GSE222315_p4_NAT	GSE222315	DF.classifications_0.25_0.3_229	Singlet	pANN_0.25_0.3_229	0.37658388241257
GSE222315_AGTCTCCAGGTAGATT-1_1_1_1_1	GSE222315_p4_NAT	GSE222315	DF.classifications_0.25_0.3_229	Singlet	pANN_0.25_0.3_229	0.167257982767359
GSE222315_AGTCTCCCATCCAATG-1_1_1_1_1	GSE222315_p4_NAT	GSE222315	DF.classifications_0.25_0.3_229	Singlet	pANN_0.25_0.3_229	0.159148504815003
GSE222315_AGTCTCCGTACAGAAT-1_1_1_1_1	GSE222315_p4_NAT	GSE222315	DF.classifications_0.25_0.3_229	Singlet	pANN_0.25_0.3_229	0.344145970603142
GSE222315_AGTCTCCGTGTAAATG-1_1_1_1_1	GSE222315_p4_NAT	GSE222315	DF.classifications_0.25_0.3_229	Singlet	pANN_0.25_0.3_229	0.183983781044095
GSE222315_AGTCTCCGTTAGAAGT-1_1_1_1_1	GSE222315_p4_NAT	GSE222315	DF.classifications_0.25_0.3_229	Singlet	pANN_0.25_0.3_229	0.229599594526102
GSE222315_AGTCTCCGTTATCTGG-1_1_1_1_1	GSE222315_p4_NAT	GSE222315	DF.classifications_0.25_0.3_229	Singlet	pANN_0.25_0.3_229	0.205271160669032
GSE222315_AGTCTCCTCGATACGT-1_1_1_1_1	GSE222315_p4_NAT	GSE222315	DF.classifications_0.25_0.3_229	Singlet	pANN_0.25_0.3_229	0.377090724784592
GSE222315_AGTCTCCTCTCAATCT-1_1_1_1_1	GSE222315_p4_NAT	GSE222315	DF.classifications_0.25_0.3_229	Singlet	pANN_0.25_0.3_229	0.29295489102889
GSE222315_AGTGACTAGCCGAACA-1_1_1_1_1	GSE222315_p4_NAT	GSE222315	DF.classifications_0.25_0.3_229	Singlet	pANN_0.25_0.3_229	0.191079574252408
GSE222315_AGTGACTAGGATGCGT-1_1_1_1_1	GSE222315_p4_NAT	GSE222315	DF.classifications_0.25_0.3_229	Singlet	pANN_0.25_0.3_229	0.121642169285352
GSE222315_AGTGACTCACGGCTAC-1_1_1_1_1	GSE222315_p4_NAT	GSE222315	DF.classifications_0.25_0.3_229	Singlet	pANN_0.25_0.3_229	0.307146477445514
GSE222315_AGTGACTCACTAGGCC-1_1_1_1_1	GSE222315_p4_NAT	GSE222315	DF.classifications_0.25_0.3_229	Singlet	pANN_0.25_0.3_229	0.366953877344146
GSE222315_AGTGACTCAGTGTGCC-1_1_1_1_1	GSE222315_p4_NAT	GSE222315	DF.classifications_0.25_0.3_229	Singlet	pANN_0.25_0.3_229	0.366953877344146
GSE222315_AGTGACTTCTGGTCAA-1_1_1_1_1	GSE222315_p4_NAT	GSE222315	DF.classifications_0.25_0.3_229	Singlet	pANN_0.25_0.3_229	0.241763811454638
GSE222315_AGTGATCAGACATATG-1_1_1_1_1	GSE222315_p4_NAT	GSE222315	DF.classifications_0.25_0.3_229	Singlet	pANN_0.25_0.3_229	0.126203750633553
GSE222315_AGTGATCAGACTTCGT-1_1_1_1_1	GSE222315_p4_NAT	GSE222315	DF.classifications_0.25_0.3_229	Singlet	pANN_0.25_0.3_229	0.348707551951343
GSE222315_AGTGATCAGCACCAGA-1_1_1_1_1	GSE222315_p4_NAT	GSE222315	DF.classifications_0.25_0.3_229	Singlet	pANN_0.25_0.3_229	0.378611251900659
GSE222315_AGTGATCCACGCAGTC-1_1_1_1_1	GSE222315_p4_NAT	GSE222315	DF.classifications_0.25_0.3_229	Singlet	pANN_0.25_0.3_229	0.253421186011151
GSE222315_AGTGATCCAGCAGACA-1_1_1_1_1	GSE222315_p4_NAT	GSE222315	DF.classifications_0.25_0.3_229	Doublet	pANN_0.25_0.3_229	0.391789153573239
GSE222315_AGTGATCGTAGCGTTT-1_1_1_1_1	GSE222315_p4_NAT	GSE222315	DF.classifications_0.25_0.3_229	Singlet	pANN_0.25_0.3_229	0.239229599594526
GSE222315_AGTGATCGTCCTCATC-1_1_1_1_1	GSE222315_p4_NAT	GSE222315	DF.classifications_0.25_0.3_229	Singlet	pANN_0.25_0.3_229	0.335529650278763
GSE222315_AGTGATCGTGGCGTAA-1_1_1_1_1	GSE222315_p4_NAT	GSE222315	DF.classifications_0.25_0.3_229	Singlet	pANN_0.25_0.3_229	0.190065889508363
GSE222315_AGTGATCGTGTGTACT-1_1_1_1_1	GSE222315_p4_NAT	GSE222315	DF.classifications_0.25_0.3_229	Singlet	pANN_0.25_0.3_229	0.200202736948809
GSE222315_AGTGCCGAGAATCGTA-1_1_1_1_1	GSE222315_p4_NAT	GSE222315	DF.classifications_0.25_0.3_229	Singlet	pANN_0.25_0.3_229	0.285352255448556
GSE222315_AGTGCCGAGCCGATTT-1_1_1_1_1	GSE222315_p4_NAT	GSE222315	DF.classifications_0.25_0.3_229	Singlet	pANN_0.25_0.3_229	0.187024835276229
GSE222315_AGTGCCGAGCGCGTTC-1_1_1_1_1	GSE222315_p4_NAT	GSE222315	DF.classifications_0.25_0.3_229	Singlet	pANN_0.25_0.3_229	0.308160162189559
GSE222315_AGTGCCGAGCTTCATG-1_1_1_1_1	GSE222315_p4_NAT	GSE222315	DF.classifications_0.25_0.3_229	Singlet	pANN_0.25_0.3_229	0.20932589964521
GSE222315_AGTGCCGAGTGCGTCC-1_1_1_1_1	GSE222315_p4_NAT	GSE222315	DF.classifications_0.25_0.3_229	Singlet	pANN_0.25_0.3_229	0.246325392802838
GSE222315_AGTGCCGCAGGCTATT-1_1_1_1_1	GSE222315_p4_NAT	GSE222315	DF.classifications_0.25_0.3_229	Singlet	pANN_0.25_0.3_229	0.174353775975672
GSE222315_AGTGCCGCAGGTTCGC-1_1_1_1_1	GSE222315_p4_NAT	GSE222315	DF.classifications_0.25_0.3_229	Singlet	pANN_0.25_0.3_229	0.354282818043588
GSE222315_AGTGCCGGTATCACGT-1_1_1_1_1	GSE222315_p4_NAT	GSE222315	DF.classifications_0.25_0.3_229	Singlet	pANN_0.25_0.3_229	0.235174860618348
GSE222315_AGTGCCGTCGTTCTAT-1_1_1_1_1	GSE222315_p4_NAT	GSE222315	DF.classifications_0.25_0.3_229	Singlet	pANN_0.25_0.3_229	0.24227065382666
GSE222315_AGTGCCGTCTGTCAGA-1_1_1_1_1	GSE222315_p4_NAT	GSE222315	DF.classifications_0.25_0.3_229	Singlet	pANN_0.25_0.3_229	0.191079574252408
GSE222315_AGTGTTGCACAAATCC-1_1_1_1_1	GSE222315_p4_NAT	GSE222315	DF.classifications_0.25_0.3_229	Singlet	pANN_0.25_0.3_229	0.282818043588444
GSE222315_AGTGTTGCACAGCGCT-1_1_1_1_1	GSE222315_p4_NAT	GSE222315	DF.classifications_0.25_0.3_229	Singlet	pANN_0.25_0.3_229	0.224024328433857
GSE222315_AGTGTTGCAGAGGCAT-1_1_1_1_1	GSE222315_p4_NAT	GSE222315	DF.classifications_0.25_0.3_229	Singlet	pANN_0.25_0.3_229	0.210339584389255
GSE222315_AGTGTTGCATGCGGTC-1_1_1_1_1	GSE222315_p4_NAT	GSE222315	DF.classifications_0.25_0.3_229	Singlet	pANN_0.25_0.3_229	0.184490623416118
GSE222315_AGTGTTGGTAAGATAC-1_1_1_1_1	GSE222315_p4_NAT	GSE222315	DF.classifications_0.25_0.3_229	Singlet	pANN_0.25_0.3_229	0.196654840344653
GSE222315_AGTGTTGGTAATGCGG-1_1_1_1_1	GSE222315_p4_NAT	GSE222315	DF.classifications_0.25_0.3_229	Singlet	pANN_0.25_0.3_229	0.146477445514445
GSE222315_AGTTAGCAGCCGAATG-1_1_1_1_1	GSE222315_p4_NAT	GSE222315	DF.classifications_0.25_0.3_229	Singlet	pANN_0.25_0.3_229	0.151039026862646
GSE222315_AGTTAGCCATGGGTTT-1_1_1_1_1	GSE222315_p4_NAT	GSE222315	DF.classifications_0.25_0.3_229	Singlet	pANN_0.25_0.3_229	0.352762290927522
GSE222315_AGTTAGCGTAGACTGG-1_1_1_1_1	GSE222315_p4_NAT	GSE222315	DF.classifications_0.25_0.3_229	Singlet	pANN_0.25_0.3_229	0.179422199695895
GSE222315_AGTTAGCGTCGAGATG-1_1_1_1_1	GSE222315_p4_NAT	GSE222315	DF.classifications_0.25_0.3_229	Singlet	pANN_0.25_0.3_229	0.29954384186518
GSE222315_AGTTAGCGTGGCATCC-1_1_1_1_1	GSE222315_p4_NAT	GSE222315	DF.classifications_0.25_0.3_229	Singlet	pANN_0.25_0.3_229	0.202230106436898
GSE222315_AGTTCCCAGGAGCAAA-1_1_1_1_1	GSE222315_p4_NAT	GSE222315	DF.classifications_0.25_0.3_229	Singlet	pANN_0.25_0.3_229	0.157121135326913
GSE222315_AGTTCCCAGGTGCCTC-1_1_1_1_1	GSE222315_p4_NAT	GSE222315	DF.classifications_0.25_0.3_229	Singlet	pANN_0.25_0.3_229	0.219462747085656
GSE222315_AGTTCCCAGGTTATAG-1_1_1_1_1	GSE222315_p4_NAT	GSE222315	DF.classifications_0.25_0.3_229	Singlet	pANN_0.25_0.3_229	0.196147997972631
GSE222315_AGTTCCCCAATTTCCT-1_1_1_1_1	GSE222315_p4_NAT	GSE222315	DF.classifications_0.25_0.3_229	Singlet	pANN_0.25_0.3_229	0.299036999493158
GSE222315_AGTTCGACAATCACGT-1_1_1_1_1	GSE222315_p4_NAT	GSE222315	DF.classifications_0.25_0.3_229	Singlet	pANN_0.25_0.3_229	0.341611758743031
GSE222315_AGTTCGACAGGACTTT-1_1_1_1_1	GSE222315_p4_NAT	GSE222315	DF.classifications_0.25_0.3_229	Singlet	pANN_0.25_0.3_229	0.290927521540801
GSE222315_AGTTCGACATACCGTA-1_1_1_1_1	GSE222315_p4_NAT	GSE222315	DF.classifications_0.25_0.3_229	Singlet	pANN_0.25_0.3_229	0.178915357323872
GSE222315_AGTTCGAGTCTTGCTC-1_1_1_1_1	GSE222315_p4_NAT	GSE222315	DF.classifications_0.25_0.3_229	Singlet	pANN_0.25_0.3_229	0.260516979219463
GSE222315_ATACCGATCGGTCGAC-1_1_1_1_1	GSE222315_p4_NAT	GSE222315	DF.classifications_0.25_0.3_229	Singlet	pANN_0.25_0.3_229	0.186011150532184
GSE222315_ATACCTTCAGGTCCGT-1_1_1_1_1	GSE222315_p4_NAT	GSE222315	DF.classifications_0.25_0.3_229	Singlet	pANN_0.25_0.3_229	0.17181956411556
GSE222315_ATACCTTCATCAGCGC-1_1_1_1_1	GSE222315_p4_NAT	GSE222315	DF.classifications_0.25_0.3_229	Singlet	pANN_0.25_0.3_229	0.303091738469336
GSE222315_ATACCTTTCTAGCCTC-1_1_1_1_1	GSE222315_p4_NAT	GSE222315	DF.classifications_0.25_0.3_229	Singlet	pANN_0.25_0.3_229	0.180435884439939
GSE222315_ATACCTTTCTGTCTCG-1_1_1_1_1	GSE222315_p4_NAT	GSE222315	DF.classifications_0.25_0.3_229	Singlet	pANN_0.25_0.3_229	0.130765331981754
GSE222315_ATACTTCCATGTAACC-1_1_1_1_1	GSE222315_p4_NAT	GSE222315	DF.classifications_0.25_0.3_229	Singlet	pANN_0.25_0.3_229	0.176887987835783
GSE222315_ATACTTCTCACCTTGC-1_1_1_1_1	GSE222315_p4_NAT	GSE222315	DF.classifications_0.25_0.3_229	Singlet	pANN_0.25_0.3_229	0.227065382665991
GSE222315_ATAGACCAGACCTGGA-1_1_1_1_1	GSE222315_p4_NAT	GSE222315	DF.classifications_0.25_0.3_229	Singlet	pANN_0.25_0.3_229	0.22909275215408
GSE222315_ATAGACCAGACTCTTG-1_1_1_1_1	GSE222315_p4_NAT	GSE222315	DF.classifications_0.25_0.3_229	Singlet	pANN_0.25_0.3_229	0.177394830207805
GSE222315_ATAGACCAGCCATATC-1_1_1_1_1	GSE222315_p4_NAT	GSE222315	DF.classifications_0.25_0.3_229	Singlet	pANN_0.25_0.3_229	0.25544855549924
GSE222315_ATAGACCCATTAAGCC-1_1_1_1_1	GSE222315_p4_NAT	GSE222315	DF.classifications_0.25_0.3_229	Singlet	pANN_0.25_0.3_229	0.298023314749113
GSE222315_ATAGAGAAGGGACCAT-1_1_1_1_1	GSE222315_p4_NAT	GSE222315	DF.classifications_0.25_0.3_229	Singlet	pANN_0.25_0.3_229	0.180435884439939
GSE222315_ATAGAGATCATAGGCT-1_1_1_1_1	GSE222315_p4_NAT	GSE222315	DF.classifications_0.25_0.3_229	Singlet	pANN_0.25_0.3_229	0.221996958945768
GSE222315_ATAGAGATCCTTCTGG-1_1_1_1_1	GSE222315_p4_NAT	GSE222315	DF.classifications_0.25_0.3_229	Singlet	pANN_0.25_0.3_229	0.25544855549924
GSE222315_ATAGGCTAGCGTTGTT-1_1_1_1_1	GSE222315_p4_NAT	GSE222315	DF.classifications_0.25_0.3_229	Singlet	pANN_0.25_0.3_229	0.257475924987329
GSE222315_ATAGGCTAGGAGTATT-1_1_1_1_1	GSE222315_p4_NAT	GSE222315	DF.classifications_0.25_0.3_229	Singlet	pANN_0.25_0.3_229	0.245311708058794
GSE222315_ATAGGCTGTCATTCCC-1_1_1_1_1	GSE222315_p4_NAT	GSE222315	DF.classifications_0.25_0.3_229	Singlet	pANN_0.25_0.3_229	0.239229599594526
GSE222315_ATAGGCTTCTGCAGCG-1_1_1_1_1	GSE222315_p4_NAT	GSE222315	DF.classifications_0.25_0.3_229	Singlet	pANN_0.25_0.3_229	0.194627470856564
GSE222315_ATATCCTAGCGACAGT-1_1_1_1_1	GSE222315_p4_NAT	GSE222315	DF.classifications_0.25_0.3_229	Singlet	pANN_0.25_0.3_229	0.245311708058794
GSE222315_ATATCCTGTAATTGGA-1_1_1_1_1	GSE222315_p4_NAT	GSE222315	DF.classifications_0.25_0.3_229	Singlet	pANN_0.25_0.3_229	0.230613279270147
GSE222315_ATATCCTGTCCGACGT-1_1_1_1_1	GSE222315_p4_NAT	GSE222315	DF.classifications_0.25_0.3_229	Singlet	pANN_0.25_0.3_229	0.159148504815003
GSE222315_ATATCCTGTGTGCCTG-1_1_1_1_1	GSE222315_p4_NAT	GSE222315	DF.classifications_0.25_0.3_229	Singlet	pANN_0.25_0.3_229	0.167257982767359
GSE222315_ATATCCTTCACGGTCG-1_1_1_1_1	GSE222315_p4_NAT	GSE222315	DF.classifications_0.25_0.3_229	Singlet	pANN_0.25_0.3_229	0.303091738469336
GSE222315_ATATCCTTCTGGGCCA-1_1_1_1_1	GSE222315_p4_NAT	GSE222315	DF.classifications_0.25_0.3_229	Singlet	pANN_0.25_0.3_229	0.247845919918905
GSE222315_ATCACAGAGTACAACA-1_1_1_1_1	GSE222315_p4_NAT	GSE222315	DF.classifications_0.25_0.3_229	Singlet	pANN_0.25_0.3_229	0.218449062341612
GSE222315_ATCACAGAGTCATCCA-1_1_1_1_1	GSE222315_p4_NAT	GSE222315	DF.classifications_0.25_0.3_229	Singlet	pANN_0.25_0.3_229	0.161175874303092
GSE222315_ATCACAGGTGAGTTTC-1_1_1_1_1	GSE222315_p4_NAT	GSE222315	DF.classifications_0.25_0.3_229	Doublet	pANN_0.25_0.3_229	0.395337050177395
GSE222315_ATCACAGGTGTGATGG-1_1_1_1_1	GSE222315_p4_NAT	GSE222315	DF.classifications_0.25_0.3_229	Singlet	pANN_0.25_0.3_229	0.213887480993411
GSE222315_ATCACAGTCAGCGCAC-1_1_1_1_1	GSE222315_p4_NAT	GSE222315	DF.classifications_0.25_0.3_229	Singlet	pANN_0.25_0.3_229	0.208312214901166
GSE222315_ATCACGAAGAGCCGTA-1_1_1_1_1	GSE222315_p4_NAT	GSE222315	DF.classifications_0.25_0.3_229	Singlet	pANN_0.25_0.3_229	0.247845919918905
GSE222315_ATCACGACACAGTCAT-1_1_1_1_1	GSE222315_p4_NAT	GSE222315	DF.classifications_0.25_0.3_229	Singlet	pANN_0.25_0.3_229	0.280790674100355
GSE222315_ATCACGAGTTCTGACA-1_1_1_1_1	GSE222315_p4_NAT	GSE222315	DF.classifications_0.25_0.3_229	Singlet	pANN_0.25_0.3_229	0.367967562088191
GSE222315_ATCACGATCACCACAA-1_1_1_1_1	GSE222315_p4_NAT	GSE222315	DF.classifications_0.25_0.3_229	Singlet	pANN_0.25_0.3_229	0.174860618347694
GSE222315_ATCACGATCCACACCT-1_1_1_1_1	GSE222315_p4_NAT	GSE222315	DF.classifications_0.25_0.3_229	Singlet	pANN_0.25_0.3_229	0.338570704510897
GSE222315_ATCACGATCTCTCGAC-1_1_1_1_1	GSE222315_p4_NAT	GSE222315	DF.classifications_0.25_0.3_229	Singlet	pANN_0.25_0.3_229	0.347187024835276
GSE222315_ATCACTTAGAAACACT-1_1_1_1_1	GSE222315_p4_NAT	GSE222315	DF.classifications_0.25_0.3_229	Singlet	pANN_0.25_0.3_229	0.131779016725798
GSE222315_ATCACTTAGACGACTG-1_1_1_1_1	GSE222315_p4_NAT	GSE222315	DF.classifications_0.25_0.3_229	Singlet	pANN_0.25_0.3_229	0.237202230106437
GSE222315_ATCACTTCAAGAGTAT-1_1_1_1_1	GSE222315_p4_NAT	GSE222315	DF.classifications_0.25_0.3_229	Singlet	pANN_0.25_0.3_229	0.380638621388748
GSE222315_ATCACTTCAAGCGAAC-1_1_1_1_1	GSE222315_p4_NAT	GSE222315	DF.classifications_0.25_0.3_229	Singlet	pANN_0.25_0.3_229	0.253928028383173
GSE222315_ATCACTTGTATGTCCA-1_1_1_1_1	GSE222315_p4_NAT	GSE222315	DF.classifications_0.25_0.3_229	Singlet	pANN_0.25_0.3_229	0.199189052204764
GSE222315_ATCACTTTCCACCTCA-1_1_1_1_1	GSE222315_p4_NAT	GSE222315	DF.classifications_0.25_0.3_229	Singlet	pANN_0.25_0.3_229	0.135326913329954
GSE222315_ATCACTTTCCGCGGAT-1_1_1_1_1	GSE222315_p4_NAT	GSE222315	DF.classifications_0.25_0.3_229	Doublet	pANN_0.25_0.3_229	0.408008109477952
GSE222315_ATCACTTTCGAGCTGC-1_1_1_1_1	GSE222315_p4_NAT	GSE222315	DF.classifications_0.25_0.3_229	Singlet	pANN_0.25_0.3_229	0.194627470856564
GSE222315_ATCAGGTAGATGCGAC-1_1_1_1_1	GSE222315_p4_NAT	GSE222315	DF.classifications_0.25_0.3_229	Singlet	pANN_0.25_0.3_229	0.216421692853523
GSE222315_ATCAGGTAGCACGATG-1_1_1_1_1	GSE222315_p4_NAT	GSE222315	DF.classifications_0.25_0.3_229	Singlet	pANN_0.25_0.3_229	0.162189559047136
GSE222315_ATCAGGTAGCATTTCG-1_1_1_1_1	GSE222315_p4_NAT	GSE222315	DF.classifications_0.25_0.3_229	Singlet	pANN_0.25_0.3_229	0.278763304612266
GSE222315_ATCAGGTCACTGTTCC-1_1_1_1_1	GSE222315_p4_NAT	GSE222315	DF.classifications_0.25_0.3_229	Singlet	pANN_0.25_0.3_229	0.266092245311708
GSE222315_ATCAGGTTCTCACTCG-1_1_1_1_1	GSE222315_p4_NAT	GSE222315	DF.classifications_0.25_0.3_229	Singlet	pANN_0.25_0.3_229	0.159148504815003
GSE222315_ATCATTCAGCAAGGAA-1_1_1_1_1	GSE222315_p4_NAT	GSE222315	DF.classifications_0.25_0.3_229	Singlet	pANN_0.25_0.3_229	0.139381652306133
GSE222315_ATCCACCCAAGCACAG-1_1_1_1_1	GSE222315_p4_NAT	GSE222315	DF.classifications_0.25_0.3_229	Singlet	pANN_0.25_0.3_229	0.193106943740497
GSE222315_ATCCACCCATGGAGAC-1_1_1_1_1	GSE222315_p4_NAT	GSE222315	DF.classifications_0.25_0.3_229	Singlet	pANN_0.25_0.3_229	0.192600101368474
GSE222315_ATCCACCTCCGATTAG-1_1_1_1_1	GSE222315_p4_NAT	GSE222315	DF.classifications_0.25_0.3_229	Singlet	pANN_0.25_0.3_229	0.34363912823112
GSE222315_ATCCATTAGCCAACCC-1_1_1_1_1	GSE222315_p4_NAT	GSE222315	DF.classifications_0.25_0.3_229	Doublet	pANN_0.25_0.3_229	0.390268626457172
GSE222315_ATCCATTCAGATCATC-1_1_1_1_1	GSE222315_p4_NAT	GSE222315	DF.classifications_0.25_0.3_229	Singlet	pANN_0.25_0.3_229	0.230106436898125
GSE222315_ATCCATTGTGTTCCAA-1_1_1_1_1	GSE222315_p4_NAT	GSE222315	DF.classifications_0.25_0.3_229	Singlet	pANN_0.25_0.3_229	0.174353775975672
GSE222315_ATCCATTTCAAAGGAT-1_1_1_1_1	GSE222315_p4_NAT	GSE222315	DF.classifications_0.25_0.3_229	Singlet	pANN_0.25_0.3_229	0.23568170299037
GSE222315_ATCCATTTCATCGTAG-1_1_1_1_1	GSE222315_p4_NAT	GSE222315	DF.classifications_0.25_0.3_229	Singlet	pANN_0.25_0.3_229	0.381652306132793
GSE222315_ATCCATTTCTTCCCAG-1_1_1_1_1	GSE222315_p4_NAT	GSE222315	DF.classifications_0.25_0.3_229	Singlet	pANN_0.25_0.3_229	0.305119107957425
GSE222315_ATCCCTGAGATGCTTC-1_1_1_1_1	GSE222315_p4_NAT	GSE222315	DF.classifications_0.25_0.3_229	Singlet	pANN_0.25_0.3_229	0.150532184490623
GSE222315_ATCCCTGCAACGATCT-1_1_1_1_1	GSE222315_p4_NAT	GSE222315	DF.classifications_0.25_0.3_229	Singlet	pANN_0.25_0.3_229	0.258996452103396
GSE222315_ATCCCTGCAACTGGTT-1_1_1_1_1	GSE222315_p4_NAT	GSE222315	DF.classifications_0.25_0.3_229	Singlet	pANN_0.25_0.3_229	0.149518499746579
GSE222315_ATCCCTGGTGACATCT-1_1_1_1_1	GSE222315_p4_NAT	GSE222315	DF.classifications_0.25_0.3_229	Singlet	pANN_0.25_0.3_229	0.32387227572225
GSE222315_ATCCGTCCAACGATTC-1_1_1_1_1	GSE222315_p4_NAT	GSE222315	DF.classifications_0.25_0.3_229	Doublet	pANN_0.25_0.3_229	0.403953370501774
GSE222315_ATCCGTCCATACCGTA-1_1_1_1_1	GSE222315_p4_NAT	GSE222315	DF.classifications_0.25_0.3_229	Singlet	pANN_0.25_0.3_229	0.169792194627471
GSE222315_ATCCGTCCATGGCCAC-1_1_1_1_1	GSE222315_p4_NAT	GSE222315	DF.classifications_0.25_0.3_229	Singlet	pANN_0.25_0.3_229	0.227572225038013
GSE222315_ATCCGTCGTGGTCAAG-1_1_1_1_1	GSE222315_p4_NAT	GSE222315	DF.classifications_0.25_0.3_229	Singlet	pANN_0.25_0.3_229	0.190572731880385
GSE222315_ATCCGTCGTTGACTAC-1_1_1_1_1	GSE222315_p4_NAT	GSE222315	DF.classifications_0.25_0.3_229	Doublet	pANN_0.25_0.3_229	0.39432336543335
GSE222315_ATCCGTCTCGGTAGAG-1_1_1_1_1	GSE222315_p4_NAT	GSE222315	DF.classifications_0.25_0.3_229	Singlet	pANN_0.25_0.3_229	0.148504815002534
GSE222315_ATCCTATCATCGGATT-1_1_1_1_1	GSE222315_p4_NAT	GSE222315	DF.classifications_0.25_0.3_229	Singlet	pANN_0.25_0.3_229	0.15408008109478
GSE222315_ATCCTATTCAAGAAAC-1_1_1_1_1	GSE222315_p4_NAT	GSE222315	DF.classifications_0.25_0.3_229	Singlet	pANN_0.25_0.3_229	0.13431322858591
GSE222315_ATCGATGAGATTGATG-1_1_1_1_1	GSE222315_p4_NAT	GSE222315	DF.classifications_0.25_0.3_229	Singlet	pANN_0.25_0.3_229	0.218955904713634
GSE222315_ATCGATGAGCCTCACG-1_1_1_1_1	GSE222315_p4_NAT	GSE222315	DF.classifications_0.25_0.3_229	Singlet	pANN_0.25_0.3_229	0.224024328433857
GSE222315_ATCGATGAGCGGACAT-1_1_1_1_1	GSE222315_p4_NAT	GSE222315	DF.classifications_0.25_0.3_229	Singlet	pANN_0.25_0.3_229	0.129244804865687
GSE222315_ATCGATGAGTCTAGCT-1_1_1_1_1	GSE222315_p4_NAT	GSE222315	DF.classifications_0.25_0.3_229	Singlet	pANN_0.25_0.3_229	0.271667511403953
GSE222315_ATCGATGCACTTGTCC-1_1_1_1_1	GSE222315_p4_NAT	GSE222315	DF.classifications_0.25_0.3_229	Singlet	pANN_0.25_0.3_229	0.263051191079574
GSE222315_ATCGATGCAGCACAAG-1_1_1_1_1	GSE222315_p4_NAT	GSE222315	DF.classifications_0.25_0.3_229	Singlet	pANN_0.25_0.3_229	0.252407501267106
GSE222315_ATCGATGGTCCCTAAA-1_1_1_1_1	GSE222315_p4_NAT	GSE222315	DF.classifications_0.25_0.3_229	Singlet	pANN_0.25_0.3_229	0.197161682716675
GSE222315_ATCGATGTCGGCTGGT-1_1_1_1_1	GSE222315_p4_NAT	GSE222315	DF.classifications_0.25_0.3_229	Singlet	pANN_0.25_0.3_229	0.187024835276229
GSE222315_ATCGCCTAGAGTCTTC-1_1_1_1_1	GSE222315_p4_NAT	GSE222315	DF.classifications_0.25_0.3_229	Singlet	pANN_0.25_0.3_229	0.20932589964521
GSE222315_ATCGCCTAGATTAGTG-1_1_1_1_1	GSE222315_p4_NAT	GSE222315	DF.classifications_0.25_0.3_229	Singlet	pANN_0.25_0.3_229	0.359858084135834
GSE222315_ATCGCCTAGCGCCTAC-1_1_1_1_1	GSE222315_p4_NAT	GSE222315	DF.classifications_0.25_0.3_229	Singlet	pANN_0.25_0.3_229	0.213887480993411
GSE222315_ATCGCCTAGCTTCTAG-1_1_1_1_1	GSE222315_p4_NAT	GSE222315	DF.classifications_0.25_0.3_229	Singlet	pANN_0.25_0.3_229	0.194120628484541
GSE222315_ATCGCCTCAATGCTCA-1_1_1_1_1	GSE222315_p4_NAT	GSE222315	DF.classifications_0.25_0.3_229	Singlet	pANN_0.25_0.3_229	0.254941713127217
GSE222315_ATCGCCTCACACAGAG-1_1_1_1_1	GSE222315_p4_NAT	GSE222315	DF.classifications_0.25_0.3_229	Singlet	pANN_0.25_0.3_229	0.256969082615307
GSE222315_ATCGCCTCAGTTAGAA-1_1_1_1_1	GSE222315_p4_NAT	GSE222315	DF.classifications_0.25_0.3_229	Singlet	pANN_0.25_0.3_229	0.267612772427775
GSE222315_ATCGCCTCATAGCACT-1_1_1_1_1	GSE222315_p4_NAT	GSE222315	DF.classifications_0.25_0.3_229	Doublet	pANN_0.25_0.3_229	0.405473897617841
GSE222315_ATCGCCTCATTGAAGA-1_1_1_1_1	GSE222315_p4_NAT	GSE222315	DF.classifications_0.25_0.3_229	Singlet	pANN_0.25_0.3_229	0.268119614799797
GSE222315_ATCGCCTGTGCACAAG-1_1_1_1_1	GSE222315_p4_NAT	GSE222315	DF.classifications_0.25_0.3_229	Singlet	pANN_0.25_0.3_229	0.204257475924987
GSE222315_ATCGGATAGGTGGGTT-1_1_1_1_1	GSE222315_p4_NAT	GSE222315	DF.classifications_0.25_0.3_229	Singlet	pANN_0.25_0.3_229	0.193613786112519
GSE222315_ATCGGATAGTGTTGTC-1_1_1_1_1	GSE222315_p4_NAT	GSE222315	DF.classifications_0.25_0.3_229	Singlet	pANN_0.25_0.3_229	0.240750126710593
GSE222315_ATCGGATGTACCGCGT-1_1_1_1_1	GSE222315_p4_NAT	GSE222315	DF.classifications_0.25_0.3_229	Singlet	pANN_0.25_0.3_229	0.183983781044095
GSE222315_ATCGGATGTCGCATCG-1_1_1_1_1	GSE222315_p4_NAT	GSE222315	DF.classifications_0.25_0.3_229	Singlet	pANN_0.25_0.3_229	0.176381145463761
GSE222315_ATCGGATGTTTACTTC-1_1_1_1_1	GSE222315_p4_NAT	GSE222315	DF.classifications_0.25_0.3_229	Singlet	pANN_0.25_0.3_229	0.133806386213887
GSE222315_ATCGGCGAGCCTAACT-1_1_1_1_1	GSE222315_p4_NAT	GSE222315	DF.classifications_0.25_0.3_229	Singlet	pANN_0.25_0.3_229	0.243791180942727
GSE222315_ATCGGCGAGCGTTACT-1_1_1_1_1	GSE222315_p4_NAT	GSE222315	DF.classifications_0.25_0.3_229	Singlet	pANN_0.25_0.3_229	0.179929042067917
GSE222315_ATCGGCGAGGGAGATA-1_1_1_1_1	GSE222315_p4_NAT	GSE222315	DF.classifications_0.25_0.3_229	Singlet	pANN_0.25_0.3_229	0.263051191079574
GSE222315_ATCGGCGGTATGCTAC-1_1_1_1_1	GSE222315_p4_NAT	GSE222315	DF.classifications_0.25_0.3_229	Singlet	pANN_0.25_0.3_229	0.357830714647745
GSE222315_ATCGGCGGTCTACAGT-1_1_1_1_1	GSE222315_p4_NAT	GSE222315	DF.classifications_0.25_0.3_229	Singlet	pANN_0.25_0.3_229	0.287886467308667
GSE222315_ATCGTAGAGACCATGG-1_1_1_1_1	GSE222315_p4_NAT	GSE222315	DF.classifications_0.25_0.3_229	Singlet	pANN_0.25_0.3_229	0.141409021794222
GSE222315_ATCGTAGAGGGCAGGA-1_1_1_1_1	GSE222315_p4_NAT	GSE222315	DF.classifications_0.25_0.3_229	Singlet	pANN_0.25_0.3_229	0.20932589964521
GSE222315_ATCGTAGCAATGAGCG-1_1_1_1_1	GSE222315_p4_NAT	GSE222315	DF.classifications_0.25_0.3_229	Singlet	pANN_0.25_0.3_229	0.252914343639128
GSE222315_ATCGTAGTCGTTATCT-1_1_1_1_1	GSE222315_p4_NAT	GSE222315	DF.classifications_0.25_0.3_229	Singlet	pANN_0.25_0.3_229	0.357830714647745
GSE222315_ATCGTCCCAGTTGTCA-1_1_1_1_1	GSE222315_p4_NAT	GSE222315	DF.classifications_0.25_0.3_229	Singlet	pANN_0.25_0.3_229	0.349721236695388
GSE222315_ATCGTCCGTTACGTAC-1_1_1_1_1	GSE222315_p4_NAT	GSE222315	DF.classifications_0.25_0.3_229	Singlet	pANN_0.25_0.3_229	0.185504308160162
GSE222315_ATCGTGAAGACGGTCA-1_1_1_1_1	GSE222315_p4_NAT	GSE222315	DF.classifications_0.25_0.3_229	Singlet	pANN_0.25_0.3_229	0.217435377597567
GSE222315_ATCGTGACAAACAGGC-1_1_1_1_1	GSE222315_p4_NAT	GSE222315	DF.classifications_0.25_0.3_229	Singlet	pANN_0.25_0.3_229	0.377597567156614
GSE222315_ATCGTGACAAATAGCA-1_1_1_1_1	GSE222315_p4_NAT	GSE222315	DF.classifications_0.25_0.3_229	Singlet	pANN_0.25_0.3_229	0.234668018246325
GSE222315_ATCGTGACATAAGATG-1_1_1_1_1	GSE222315_p4_NAT	GSE222315	DF.classifications_0.25_0.3_229	Doublet	pANN_0.25_0.3_229	0.391789153573239
GSE222315_ATCGTGATCCTAGCCT-1_1_1_1_1	GSE222315_p4_NAT	GSE222315	DF.classifications_0.25_0.3_229	Singlet	pANN_0.25_0.3_229	0.170299036999493
GSE222315_ATCGTGATCTTTCTAG-1_1_1_1_1	GSE222315_p4_NAT	GSE222315	DF.classifications_0.25_0.3_229	Singlet	pANN_0.25_0.3_229	0.126710593005575
GSE222315_ATCTCTAAGCCTCCAG-1_1_1_1_1	GSE222315_p4_NAT	GSE222315	DF.classifications_0.25_0.3_229	Singlet	pANN_0.25_0.3_229	0.31728332488596
GSE222315_ATCTCTACAAGGTACG-1_1_1_1_1	GSE222315_p4_NAT	GSE222315	DF.classifications_0.25_0.3_229	Doublet	pANN_0.25_0.3_229	0.390775468829194
GSE222315_ATCTCTACAGCGTTTA-1_1_1_1_1	GSE222315_p4_NAT	GSE222315	DF.classifications_0.25_0.3_229	Singlet	pANN_0.25_0.3_229	0.258996452103396
GSE222315_ATCTCTAGTGCTTATG-1_1_1_1_1	GSE222315_p4_NAT	GSE222315	DF.classifications_0.25_0.3_229	Singlet	pANN_0.25_0.3_229	0.181956411556006
GSE222315_ATCTCTAGTGGACCTC-1_1_1_1_1	GSE222315_p4_NAT	GSE222315	DF.classifications_0.25_0.3_229	Singlet	pANN_0.25_0.3_229	0.165737455651292
GSE222315_ATCTCTATCAGTCACA-1_1_1_1_1	GSE222315_p4_NAT	GSE222315	DF.classifications_0.25_0.3_229	Singlet	pANN_0.25_0.3_229	0.38317283324886
GSE222315_ATCTTCAAGCGATGCA-1_1_1_1_1	GSE222315_p4_NAT	GSE222315	DF.classifications_0.25_0.3_229	Singlet	pANN_0.25_0.3_229	0.265585402939686
GSE222315_ATCTTCAGTGGTTTAC-1_1_1_1_1	GSE222315_p4_NAT	GSE222315	DF.classifications_0.25_0.3_229	Singlet	pANN_0.25_0.3_229	0.17840851495185
GSE222315_ATCTTCAGTTTCGTAG-1_1_1_1_1	GSE222315_p4_NAT	GSE222315	DF.classifications_0.25_0.3_229	Singlet	pANN_0.25_0.3_229	0.188038520020274
GSE222315_ATCTTCATCAAGCGTT-1_1_1_1_1	GSE222315_p4_NAT	GSE222315	DF.classifications_0.25_0.3_229	Singlet	pANN_0.25_0.3_229	0.368981246832235
GSE222315_ATCTTCATCATGTCTT-1_1_1_1_1	GSE222315_p4_NAT	GSE222315	DF.classifications_0.25_0.3_229	Singlet	pANN_0.25_0.3_229	0.371515458692347
GSE222315_ATGAAAGAGAGTATAC-1_1_1_1_1	GSE222315_p4_NAT	GSE222315	DF.classifications_0.25_0.3_229	Singlet	pANN_0.25_0.3_229	0.147997972630512
GSE222315_ATGAAAGAGCCTATTG-1_1_1_1_1	GSE222315_p4_NAT	GSE222315	DF.classifications_0.25_0.3_229	Singlet	pANN_0.25_0.3_229	0.213887480993411
GSE222315_ATGAAAGAGTATGAGT-1_1_1_1_1	GSE222315_p4_NAT	GSE222315	DF.classifications_0.25_0.3_229	Singlet	pANN_0.25_0.3_229	0.175874303091738
GSE222315_ATGAAAGGTCGCCACA-1_1_1_1_1	GSE222315_p4_NAT	GSE222315	DF.classifications_0.25_0.3_229	Singlet	pANN_0.25_0.3_229	0.220476431829701
GSE222315_ATGACCAGTAACTGCT-1_1_1_1_1	GSE222315_p4_NAT	GSE222315	DF.classifications_0.25_0.3_229	Doublet	pANN_0.25_0.3_229	0.392295995945261
GSE222315_ATGACCAGTCCATACA-1_1_1_1_1	GSE222315_p4_NAT	GSE222315	DF.classifications_0.25_0.3_229	Singlet	pANN_0.25_0.3_229	0.379624936644703
GSE222315_ATGACCATCGCATGAT-1_1_1_1_1	GSE222315_p4_NAT	GSE222315	DF.classifications_0.25_0.3_229	Singlet	pANN_0.25_0.3_229	0.172833248859605
GSE222315_ATGAGGGCAATACAGA-1_1_1_1_1	GSE222315_p4_NAT	GSE222315	DF.classifications_0.25_0.3_229	Singlet	pANN_0.25_0.3_229	0.370501773948302
GSE222315_ATGAGGGCACAAGCTT-1_1_1_1_1	GSE222315_p4_NAT	GSE222315	DF.classifications_0.25_0.3_229	Doublet	pANN_0.25_0.3_229	0.385707045108971
GSE222315_ATGAGGGTCGATACGT-1_1_1_1_1	GSE222315_p4_NAT	GSE222315	DF.classifications_0.25_0.3_229	Singlet	pANN_0.25_0.3_229	0.139888494678155
GSE222315_ATGAGTCCAAAGACGC-1_1_1_1_1	GSE222315_p4_NAT	GSE222315	DF.classifications_0.25_0.3_229	Singlet	pANN_0.25_0.3_229	0.166244298023315
GSE222315_ATGAGTCCATCGCTCT-1_1_1_1_1	GSE222315_p4_NAT	GSE222315	DF.classifications_0.25_0.3_229	Singlet	pANN_0.25_0.3_229	0.178915357323872
GSE222315_ATGAGTCTCCACGAAT-1_1_1_1_1	GSE222315_p4_NAT	GSE222315	DF.classifications_0.25_0.3_229	Singlet	pANN_0.25_0.3_229	0.374556512924481
GSE222315_ATGATCGCATGCAGGA-1_1_1_1_1	GSE222315_p4_NAT	GSE222315	DF.classifications_0.25_0.3_229	Singlet	pANN_0.25_0.3_229	0.298530157121135
GSE222315_ATGATCGGTCCGGACT-1_1_1_1_1	GSE222315_p4_NAT	GSE222315	DF.classifications_0.25_0.3_229	Singlet	pANN_0.25_0.3_229	0.234161175874303
GSE222315_ATGATCGGTCGTGATT-1_1_1_1_1	GSE222315_p4_NAT	GSE222315	DF.classifications_0.25_0.3_229	Singlet	pANN_0.25_0.3_229	0.216421692853523
GSE222315_ATGATCGTCTGAATGC-1_1_1_1_1	GSE222315_p4_NAT	GSE222315	DF.classifications_0.25_0.3_229	Singlet	pANN_0.25_0.3_229	0.230613279270147
GSE222315_ATGCATGAGGTATCTC-1_1_1_1_1	GSE222315_p4_NAT	GSE222315	DF.classifications_0.25_0.3_229	Singlet	pANN_0.25_0.3_229	0.208819057273188
GSE222315_ATGCATGCAGAGACTG-1_1_1_1_1	GSE222315_p4_NAT	GSE222315	DF.classifications_0.25_0.3_229	Singlet	pANN_0.25_0.3_229	0.302584896097314
GSE222315_ATGCATGCATCTAACG-1_1_1_1_1	GSE222315_p4_NAT	GSE222315	DF.classifications_0.25_0.3_229	Singlet	pANN_0.25_0.3_229	0.227572225038013
GSE222315_ATGCATGGTCTAGGTT-1_1_1_1_1	GSE222315_p4_NAT	GSE222315	DF.classifications_0.25_0.3_229	Singlet	pANN_0.25_0.3_229	0.347187024835276
GSE222315_ATGCATGGTTGAATCC-1_1_1_1_1	GSE222315_p4_NAT	GSE222315	DF.classifications_0.25_0.3_229	Doublet	pANN_0.25_0.3_229	0.392295995945261
GSE222315_ATGCCTCAGCTTGTGT-1_1_1_1_1	GSE222315_p4_NAT	GSE222315	DF.classifications_0.25_0.3_229	Singlet	pANN_0.25_0.3_229	0.199189052204764
GSE222315_ATGCCTCCAGCACAAG-1_1_1_1_1	GSE222315_p4_NAT	GSE222315	DF.classifications_0.25_0.3_229	Singlet	pANN_0.25_0.3_229	0.344652812975165
GSE222315_ATGCCTCGTCAGGTAG-1_1_1_1_1	GSE222315_p4_NAT	GSE222315	DF.classifications_0.25_0.3_229	Doublet	pANN_0.25_0.3_229	0.38773441459706
GSE222315_ATGCCTCGTCCAACGC-1_1_1_1_1	GSE222315_p4_NAT	GSE222315	DF.classifications_0.25_0.3_229	Singlet	pANN_0.25_0.3_229	0.178915357323872
GSE222315_ATGCCTCGTCGTATGT-1_1_1_1_1	GSE222315_p4_NAT	GSE222315	DF.classifications_0.25_0.3_229	Singlet	pANN_0.25_0.3_229	0.317790167257983
GSE222315_ATGCCTCGTCTGTGGC-1_1_1_1_1	GSE222315_p4_NAT	GSE222315	DF.classifications_0.25_0.3_229	Singlet	pANN_0.25_0.3_229	0.144956918398378
GSE222315_ATGCGATAGCGCGTTC-1_1_1_1_1	GSE222315_p4_NAT	GSE222315	DF.classifications_0.25_0.3_229	Singlet	pANN_0.25_0.3_229	0.197161682716675
GSE222315_ATGCGATCACACCTTC-1_1_1_1_1	GSE222315_p4_NAT	GSE222315	DF.classifications_0.25_0.3_229	Singlet	pANN_0.25_0.3_229	0.278256462240243
GSE222315_ATGCGATGTACGAGCA-1_1_1_1_1	GSE222315_p4_NAT	GSE222315	DF.classifications_0.25_0.3_229	Singlet	pANN_0.25_0.3_229	0.223517486061835
GSE222315_ATGCGATGTATTAAGG-1_1_1_1_1	GSE222315_p4_NAT	GSE222315	DF.classifications_0.25_0.3_229	Singlet	pANN_0.25_0.3_229	0.381652306132793
GSE222315_ATGCGATTCCGTAGTA-1_1_1_1_1	GSE222315_p4_NAT	GSE222315	DF.classifications_0.25_0.3_229	Singlet	pANN_0.25_0.3_229	0.31931069437405
GSE222315_ATGCGATTCGGCTCTT-1_1_1_1_1	GSE222315_p4_NAT	GSE222315	DF.classifications_0.25_0.3_229	Singlet	pANN_0.25_0.3_229	0.288900152052712
GSE222315_ATGGAGGAGAAGCCAC-1_1_1_1_1	GSE222315_p4_NAT	GSE222315	DF.classifications_0.25_0.3_229	Singlet	pANN_0.25_0.3_229	0.16523061327927
GSE222315_ATGGAGGAGAGTTGTA-1_1_1_1_1	GSE222315_p4_NAT	GSE222315	DF.classifications_0.25_0.3_229	Singlet	pANN_0.25_0.3_229	0.182970096300051
GSE222315_ATGGAGGGTACGTAGG-1_1_1_1_1	GSE222315_p4_NAT	GSE222315	DF.classifications_0.25_0.3_229	Singlet	pANN_0.25_0.3_229	0.288900152052712
GSE222315_ATGGAGGGTATGTCAC-1_1_1_1_1	GSE222315_p4_NAT	GSE222315	DF.classifications_0.25_0.3_229	Singlet	pANN_0.25_0.3_229	0.176887987835783
GSE222315_ATGGAGGGTGTGCTTA-1_1_1_1_1	GSE222315_p4_NAT	GSE222315	DF.classifications_0.25_0.3_229	Singlet	pANN_0.25_0.3_229	0.380131779016726
GSE222315_ATGGAGGTCATCACTT-1_1_1_1_1	GSE222315_p4_NAT	GSE222315	DF.classifications_0.25_0.3_229	Doublet	pANN_0.25_0.3_229	0.39432336543335
GSE222315_ATGGATCCACCAGGTC-1_1_1_1_1	GSE222315_p4_NAT	GSE222315	DF.classifications_0.25_0.3_229	Singlet	pANN_0.25_0.3_229	0.251900658895084
GSE222315_ATGGATCGTCCGATCG-1_1_1_1_1	GSE222315_p4_NAT	GSE222315	DF.classifications_0.25_0.3_229	Singlet	pANN_0.25_0.3_229	0.146984287886467
GSE222315_ATGGATCTCCTACACC-1_1_1_1_1	GSE222315_p4_NAT	GSE222315	DF.classifications_0.25_0.3_229	Singlet	pANN_0.25_0.3_229	0.169285352255449
GSE222315_ATGGGAGAGAATCCCT-1_1_1_1_1	GSE222315_p4_NAT	GSE222315	DF.classifications_0.25_0.3_229	Singlet	pANN_0.25_0.3_229	0.204257475924987
GSE222315_ATGGGAGGTCATAGTC-1_1_1_1_1	GSE222315_p4_NAT	GSE222315	DF.classifications_0.25_0.3_229	Singlet	pANN_0.25_0.3_229	0.136340598073999
GSE222315_ATGGGAGGTCGCTTGG-1_1_1_1_1	GSE222315_p4_NAT	GSE222315	DF.classifications_0.25_0.3_229	Singlet	pANN_0.25_0.3_229	0.230106436898125
GSE222315_ATGGGAGTCACTGGGC-1_1_1_1_1	GSE222315_p4_NAT	GSE222315	DF.classifications_0.25_0.3_229	Singlet	pANN_0.25_0.3_229	0.17840851495185
GSE222315_ATGGGAGTCGAATCCA-1_1_1_1_1	GSE222315_p4_NAT	GSE222315	DF.classifications_0.25_0.3_229	Singlet	pANN_0.25_0.3_229	0.321844906234161
GSE222315_ATGGGTTGTTTGGAAA-1_1_1_1_1	GSE222315_p4_NAT	GSE222315	DF.classifications_0.25_0.3_229	Singlet	pANN_0.25_0.3_229	0.207298530157121
GSE222315_ATGGTTGAGAACTCCT-1_1_1_1_1	GSE222315_p4_NAT	GSE222315	DF.classifications_0.25_0.3_229	Singlet	pANN_0.25_0.3_229	0.223517486061835
GSE222315_ATGGTTGAGGAGAGGC-1_1_1_1_1	GSE222315_p4_NAT	GSE222315	DF.classifications_0.25_0.3_229	Singlet	pANN_0.25_0.3_229	0.267612772427775
GSE222315_ATGGTTGGTCCGAAAG-1_1_1_1_1	GSE222315_p4_NAT	GSE222315	DF.classifications_0.25_0.3_229	Singlet	pANN_0.25_0.3_229	0.313228585909782
GSE222315_ATGGTTGGTGCTTATG-1_1_1_1_1	GSE222315_p4_NAT	GSE222315	DF.classifications_0.25_0.3_229	Singlet	pANN_0.25_0.3_229	0.185504308160162
GSE222315_ATGGTTGTCTATGCCC-1_1_1_1_1	GSE222315_p4_NAT	GSE222315	DF.classifications_0.25_0.3_229	Singlet	pANN_0.25_0.3_229	0.18499746578814
GSE222315_ATGTCCCCATGCAGGA-1_1_1_1_1	GSE222315_p4_NAT	GSE222315	DF.classifications_0.25_0.3_229	Singlet	pANN_0.25_0.3_229	0.331474911302585
GSE222315_ATGTCCCGTCTTACTT-1_1_1_1_1	GSE222315_p4_NAT	GSE222315	DF.classifications_0.25_0.3_229	Singlet	pANN_0.25_0.3_229	0.164216928535226
GSE222315_ATGTCCCGTGGAGGTT-1_1_1_1_1	GSE222315_p4_NAT	GSE222315	DF.classifications_0.25_0.3_229	Singlet	pANN_0.25_0.3_229	0.229599594526102
GSE222315_ATGTCCCTCGTTTACT-1_1_1_1_1	GSE222315_p4_NAT	GSE222315	DF.classifications_0.25_0.3_229	Singlet	pANN_0.25_0.3_229	0.206284845413077
GSE222315_ATGTCTTAGATGATTG-1_1_1_1_1	GSE222315_p4_NAT	GSE222315	DF.classifications_0.25_0.3_229	Singlet	pANN_0.25_0.3_229	0.293461733400912
GSE222315_ATGTCTTAGCCAGAGT-1_1_1_1_1	GSE222315_p4_NAT	GSE222315	DF.classifications_0.25_0.3_229	Singlet	pANN_0.25_0.3_229	0.177394830207805
GSE222315_ATGTCTTAGGGCAACT-1_1_1_1_1	GSE222315_p4_NAT	GSE222315	DF.classifications_0.25_0.3_229	Singlet	pANN_0.25_0.3_229	0.211860111505322
GSE222315_ATGTCTTCAATGCTCA-1_1_1_1_1	GSE222315_p4_NAT	GSE222315	DF.classifications_0.25_0.3_229	Singlet	pANN_0.25_0.3_229	0.144450076026356
GSE222315_ATGTCTTCACATACGT-1_1_1_1_1	GSE222315_p4_NAT	GSE222315	DF.classifications_0.25_0.3_229	Singlet	pANN_0.25_0.3_229	0.196654840344653
GSE222315_ATGTCTTCAGAGAATT-1_1_1_1_1	GSE222315_p4_NAT	GSE222315	DF.classifications_0.25_0.3_229	Singlet	pANN_0.25_0.3_229	0.223010643689812
GSE222315_ATGTCTTGTACGACAG-1_1_1_1_1	GSE222315_p4_NAT	GSE222315	DF.classifications_0.25_0.3_229	Singlet	pANN_0.25_0.3_229	0.181956411556006
GSE222315_ATTACCTCATCAGTGT-1_1_1_1_1	GSE222315_p4_NAT	GSE222315	DF.classifications_0.25_0.3_229	Singlet	pANN_0.25_0.3_229	0.245818550430816
GSE222315_ATTACCTTCCCGTAAA-1_1_1_1_1	GSE222315_p4_NAT	GSE222315	DF.classifications_0.25_0.3_229	Singlet	pANN_0.25_0.3_229	0.170299036999493
GSE222315_ATTACTCAGGTTACAA-1_1_1_1_1	GSE222315_p4_NAT	GSE222315	DF.classifications_0.25_0.3_229	Singlet	pANN_0.25_0.3_229	0.192600101368474
GSE222315_ATTACTCCACCCAACG-1_1_1_1_1	GSE222315_p4_NAT	GSE222315	DF.classifications_0.25_0.3_229	Singlet	pANN_0.25_0.3_229	0.211860111505322
GSE222315_ATTACTCCAGACAAAT-1_1_1_1_1	GSE222315_p4_NAT	GSE222315	DF.classifications_0.25_0.3_229	Singlet	pANN_0.25_0.3_229	0.256969082615307
GSE222315_ATTACTCCAGAGTAAT-1_1_1_1_1	GSE222315_p4_NAT	GSE222315	DF.classifications_0.25_0.3_229	Singlet	pANN_0.25_0.3_229	0.371515458692347
GSE222315_ATTACTCCAGCAATTC-1_1_1_1_1	GSE222315_p4_NAT	GSE222315	DF.classifications_0.25_0.3_229	Singlet	pANN_0.25_0.3_229	0.135833755701977
GSE222315_ATTACTCGTAGCTTAC-1_1_1_1_1	GSE222315_p4_NAT	GSE222315	DF.classifications_0.25_0.3_229	Singlet	pANN_0.25_0.3_229	0.276735935124176
GSE222315_ATTACTCGTGTTATCG-1_1_1_1_1	GSE222315_p4_NAT	GSE222315	DF.classifications_0.25_0.3_229	Singlet	pANN_0.25_0.3_229	0.208312214901166
GSE222315_ATTACTCTCCATCACC-1_1_1_1_1	GSE222315_p4_NAT	GSE222315	DF.classifications_0.25_0.3_229	Singlet	pANN_0.25_0.3_229	0.193106943740497
GSE222315_ATTACTCTCCGATTAG-1_1_1_1_1	GSE222315_p4_NAT	GSE222315	DF.classifications_0.25_0.3_229	Singlet	pANN_0.25_0.3_229	0.202230106436898
GSE222315_ATTACTCTCCTACCGT-1_1_1_1_1	GSE222315_p4_NAT	GSE222315	DF.classifications_0.25_0.3_229	Singlet	pANN_0.25_0.3_229	0.151545869234668
GSE222315_ATTACTCTCGGCTGAC-1_1_1_1_1	GSE222315_p4_NAT	GSE222315	DF.classifications_0.25_0.3_229	Singlet	pANN_0.25_0.3_229	0.183476938672073
GSE222315_ATTATCCCAAAGGAGA-1_1_1_1_1	GSE222315_p4_NAT	GSE222315	DF.classifications_0.25_0.3_229	Singlet	pANN_0.25_0.3_229	0.166751140395337
GSE222315_ATTATCCCAGCAGTAG-1_1_1_1_1	GSE222315_p4_NAT	GSE222315	DF.classifications_0.25_0.3_229	Singlet	pANN_0.25_0.3_229	0.250886974151039
GSE222315_ATTATCCCAGCATTGT-1_1_1_1_1	GSE222315_p4_NAT	GSE222315	DF.classifications_0.25_0.3_229	Singlet	pANN_0.25_0.3_229	0.271667511403953
GSE222315_ATTATCCCAGGATCTT-1_1_1_1_1	GSE222315_p4_NAT	GSE222315	DF.classifications_0.25_0.3_229	Singlet	pANN_0.25_0.3_229	0.20273694880892
GSE222315_ATTATCCTCCTAAACG-1_1_1_1_1	GSE222315_p4_NAT	GSE222315	DF.classifications_0.25_0.3_229	Singlet	pANN_0.25_0.3_229	0.194120628484541
GSE222315_ATTATCCTCTCCCATG-1_1_1_1_1	GSE222315_p4_NAT	GSE222315	DF.classifications_0.25_0.3_229	Singlet	pANN_0.25_0.3_229	0.161175874303092
GSE222315_ATTCACTAGCGCCATC-1_1_1_1_1	GSE222315_p4_NAT	GSE222315	DF.classifications_0.25_0.3_229	Singlet	pANN_0.25_0.3_229	0.310694374049671
GSE222315_ATTCACTAGCGTATGG-1_1_1_1_1	GSE222315_p4_NAT	GSE222315	DF.classifications_0.25_0.3_229	Singlet	pANN_0.25_0.3_229	0.193613786112519
GSE222315_ATTCACTAGTAGTCAA-1_1_1_1_1	GSE222315_p4_NAT	GSE222315	DF.classifications_0.25_0.3_229	Singlet	pANN_0.25_0.3_229	0.374049670552458
GSE222315_ATTCACTGTGTTTCTT-1_1_1_1_1	GSE222315_p4_NAT	GSE222315	DF.classifications_0.25_0.3_229	Singlet	pANN_0.25_0.3_229	0.272681196147998
GSE222315_ATTCACTTCCCACAGG-1_1_1_1_1	GSE222315_p4_NAT	GSE222315	DF.classifications_0.25_0.3_229	Singlet	pANN_0.25_0.3_229	0.247845919918905
GSE222315_ATTCACTTCGCTGCGA-1_1_1_1_1	GSE222315_p4_NAT	GSE222315	DF.classifications_0.25_0.3_229	Singlet	pANN_0.25_0.3_229	0.185504308160162
GSE222315_ATTCAGGGTCCAAAGG-1_1_1_1_1	GSE222315_p4_NAT	GSE222315	DF.classifications_0.25_0.3_229	Singlet	pANN_0.25_0.3_229	0.176381145463761
GSE222315_ATTCAGGTCTTCGACC-1_1_1_1_1	GSE222315_p4_NAT	GSE222315	DF.classifications_0.25_0.3_229	Singlet	pANN_0.25_0.3_229	0.169792194627471
GSE222315_ATTCATCCACCCAAGC-1_1_1_1_1	GSE222315_p4_NAT	GSE222315	DF.classifications_0.25_0.3_229	Singlet	pANN_0.25_0.3_229	0.220476431829701
GSE222315_ATTCATCCAGACCTGC-1_1_1_1_1	GSE222315_p4_NAT	GSE222315	DF.classifications_0.25_0.3_229	Singlet	pANN_0.25_0.3_229	0.188038520020274
GSE222315_ATTCATCGTGCATTTG-1_1_1_1_1	GSE222315_p4_NAT	GSE222315	DF.classifications_0.25_0.3_229	Singlet	pANN_0.25_0.3_229	0.198682209832742
GSE222315_ATTCATCGTTACCCTC-1_1_1_1_1	GSE222315_p4_NAT	GSE222315	DF.classifications_0.25_0.3_229	Singlet	pANN_0.25_0.3_229	0.172326406487582
GSE222315_ATTCATCTCTATCGGA-1_1_1_1_1	GSE222315_p4_NAT	GSE222315	DF.classifications_0.25_0.3_229	Singlet	pANN_0.25_0.3_229	0.157121135326913
GSE222315_ATTCCATAGCCATTGT-1_1_1_1_1	GSE222315_p4_NAT	GSE222315	DF.classifications_0.25_0.3_229	Singlet	pANN_0.25_0.3_229	0.209832742017233
GSE222315_ATTCCCGAGATTGACA-1_1_1_1_1	GSE222315_p4_NAT	GSE222315	DF.classifications_0.25_0.3_229	Singlet	pANN_0.25_0.3_229	0.143943233654334
GSE222315_ATTCCCGAGGTCCAGA-1_1_1_1_1	GSE222315_p4_NAT	GSE222315	DF.classifications_0.25_0.3_229	Singlet	pANN_0.25_0.3_229	0.284845413076533
GSE222315_ATTCCCGCAATACGAA-1_1_1_1_1	GSE222315_p4_NAT	GSE222315	DF.classifications_0.25_0.3_229	Singlet	pANN_0.25_0.3_229	0.184490623416118
GSE222315_ATTCCCGCACTTGTGA-1_1_1_1_1	GSE222315_p4_NAT	GSE222315	DF.classifications_0.25_0.3_229	Singlet	pANN_0.25_0.3_229	0.267105930055753
GSE222315_ATTCCCGGTCGACTGC-1_1_1_1_1	GSE222315_p4_NAT	GSE222315	DF.classifications_0.25_0.3_229	Singlet	pANN_0.25_0.3_229	0.134820070957932
GSE222315_ATTCCCGGTCGTATTG-1_1_1_1_1	GSE222315_p4_NAT	GSE222315	DF.classifications_0.25_0.3_229	Singlet	pANN_0.25_0.3_229	0.148504815002534
GSE222315_ATTCCCGGTGAATGAT-1_1_1_1_1	GSE222315_p4_NAT	GSE222315	DF.classifications_0.25_0.3_229	Singlet	pANN_0.25_0.3_229	0.323365433350228
GSE222315_ATTCCTACAAAGCAAT-1_1_1_1_1	GSE222315_p4_NAT	GSE222315	DF.classifications_0.25_0.3_229	Singlet	pANN_0.25_0.3_229	0.225038013177902
GSE222315_ATTCCTAGTTGTGCAT-1_1_1_1_1	GSE222315_p4_NAT	GSE222315	DF.classifications_0.25_0.3_229	Singlet	pANN_0.25_0.3_229	0.380638621388748
GSE222315_ATTCGTTCACTAGGCC-1_1_1_1_1	GSE222315_p4_NAT	GSE222315	DF.classifications_0.25_0.3_229	Singlet	pANN_0.25_0.3_229	0.172326406487582
GSE222315_ATTCGTTCAGCATCTA-1_1_1_1_1	GSE222315_p4_NAT	GSE222315	DF.classifications_0.25_0.3_229	Singlet	pANN_0.25_0.3_229	0.213887480993411
GSE222315_ATTCGTTCAGTAGATA-1_1_1_1_1	GSE222315_p4_NAT	GSE222315	DF.classifications_0.25_0.3_229	Singlet	pANN_0.25_0.3_229	0.220476431829701
GSE222315_ATTCGTTTCCGTATAG-1_1_1_1_1	GSE222315_p4_NAT	GSE222315	DF.classifications_0.25_0.3_229	Singlet	pANN_0.25_0.3_229	0.194120628484541
GSE222315_ATTCGTTTCGTCGCTT-1_1_1_1_1	GSE222315_p4_NAT	GSE222315	DF.classifications_0.25_0.3_229	Singlet	pANN_0.25_0.3_229	0.365433350228079
GSE222315_ATTCTACAGAATTGCA-1_1_1_1_1	GSE222315_p4_NAT	GSE222315	DF.classifications_0.25_0.3_229	Singlet	pANN_0.25_0.3_229	0.26659908768373
GSE222315_ATTCTACAGCACAAAT-1_1_1_1_1	GSE222315_p4_NAT	GSE222315	DF.classifications_0.25_0.3_229	Doublet	pANN_0.25_0.3_229	0.386720729853016
GSE222315_ATTCTACAGGAGACCT-1_1_1_1_1	GSE222315_p4_NAT	GSE222315	DF.classifications_0.25_0.3_229	Singlet	pANN_0.25_0.3_229	0.200202736948809
GSE222315_ATTCTACCACATTACG-1_1_1_1_1	GSE222315_p4_NAT	GSE222315	DF.classifications_0.25_0.3_229	Singlet	pANN_0.25_0.3_229	0.22250380131779
GSE222315_ATTCTTGCAAACACGG-1_1_1_1_1	GSE222315_p4_NAT	GSE222315	DF.classifications_0.25_0.3_229	Singlet	pANN_0.25_0.3_229	0.127217435377598
GSE222315_ATTCTTGCATGTCAGT-1_1_1_1_1	GSE222315_p4_NAT	GSE222315	DF.classifications_0.25_0.3_229	Singlet	pANN_0.25_0.3_229	0.313228585909782
GSE222315_ATTCTTGGTCATGACT-1_1_1_1_1	GSE222315_p4_NAT	GSE222315	DF.classifications_0.25_0.3_229	Singlet	pANN_0.25_0.3_229	0.201216421692854
GSE222315_ATTCTTGGTTACTCAG-1_1_1_1_1	GSE222315_p4_NAT	GSE222315	DF.classifications_0.25_0.3_229	Singlet	pANN_0.25_0.3_229	0.224531170805879
GSE222315_ATTCTTGGTTCCCAAA-1_1_1_1_1	GSE222315_p4_NAT	GSE222315	DF.classifications_0.25_0.3_229	Singlet	pANN_0.25_0.3_229	0.173846933603649
GSE222315_ATTCTTGTCCGCAAAT-1_1_1_1_1	GSE222315_p4_NAT	GSE222315	DF.classifications_0.25_0.3_229	Singlet	pANN_0.25_0.3_229	0.261023821591485
GSE222315_ATTGGGTAGCCTGAGA-1_1_1_1_1	GSE222315_p4_NAT	GSE222315	DF.classifications_0.25_0.3_229	Singlet	pANN_0.25_0.3_229	0.219462747085656
GSE222315_ATTGGGTAGTCCGCGT-1_1_1_1_1	GSE222315_p4_NAT	GSE222315	DF.classifications_0.25_0.3_229	Singlet	pANN_0.25_0.3_229	0.200202736948809
GSE222315_ATTGGGTAGTGCTCGC-1_1_1_1_1	GSE222315_p4_NAT	GSE222315	DF.classifications_0.25_0.3_229	Singlet	pANN_0.25_0.3_229	0.300557526609225
GSE222315_ATTGGGTCAGTAGAAT-1_1_1_1_1	GSE222315_p4_NAT	GSE222315	DF.classifications_0.25_0.3_229	Doublet	pANN_0.25_0.3_229	0.385200202736949
GSE222315_ATTGGGTGTGAGACCA-1_1_1_1_1	GSE222315_p4_NAT	GSE222315	DF.classifications_0.25_0.3_229	Singlet	pANN_0.25_0.3_229	0.26203750633553
GSE222315_ATTGGGTTCACTTGTT-1_1_1_1_1	GSE222315_p4_NAT	GSE222315	DF.classifications_0.25_0.3_229	Singlet	pANN_0.25_0.3_229	0.143436391282311
GSE222315_ATTGGGTTCGACGACC-1_1_1_1_1	GSE222315_p4_NAT	GSE222315	DF.classifications_0.25_0.3_229	Singlet	pANN_0.25_0.3_229	0.367460719716168
GSE222315_ATTGTTCAGCGTACAG-1_1_1_1_1	GSE222315_p4_NAT	GSE222315	DF.classifications_0.25_0.3_229	Singlet	pANN_0.25_0.3_229	0.192093258996452
GSE222315_ATTGTTCAGGCGTTGA-1_1_1_1_1	GSE222315_p4_NAT	GSE222315	DF.classifications_0.25_0.3_229	Singlet	pANN_0.25_0.3_229	0.145970603142423
GSE222315_ATTGTTCCATATTCGG-1_1_1_1_1	GSE222315_p4_NAT	GSE222315	DF.classifications_0.25_0.3_229	Doublet	pANN_0.25_0.3_229	0.386213887480993
GSE222315_ATTGTTCGTGAACCGA-1_1_1_1_1	GSE222315_p4_NAT	GSE222315	DF.classifications_0.25_0.3_229	Singlet	pANN_0.25_0.3_229	0.188038520020274
GSE222315_ATTGTTCGTGCATTTG-1_1_1_1_1	GSE222315_p4_NAT	GSE222315	DF.classifications_0.25_0.3_229	Singlet	pANN_0.25_0.3_229	0.187531677648251
GSE222315_ATTGTTCTCCTTCACG-1_1_1_1_1	GSE222315_p4_NAT	GSE222315	DF.classifications_0.25_0.3_229	Singlet	pANN_0.25_0.3_229	0.206284845413077
GSE222315_ATTGTTCTCGAAGCCC-1_1_1_1_1	GSE222315_p4_NAT	GSE222315	DF.classifications_0.25_0.3_229	Singlet	pANN_0.25_0.3_229	0.26001013684744
GSE222315_ATTGTTCTCTAGTTCT-1_1_1_1_1	GSE222315_p4_NAT	GSE222315	DF.classifications_0.25_0.3_229	Singlet	pANN_0.25_0.3_229	0.252914343639128
GSE222315_ATTTACCAGCCATCCG-1_1_1_1_1	GSE222315_p4_NAT	GSE222315	DF.classifications_0.25_0.3_229	Singlet	pANN_0.25_0.3_229	0.256462240243284
GSE222315_ATTTACCAGGTCTACT-1_1_1_1_1	GSE222315_p4_NAT	GSE222315	DF.classifications_0.25_0.3_229	Singlet	pANN_0.25_0.3_229	0.268119614799797
GSE222315_ATTTACCGTCCAGAAG-1_1_1_1_1	GSE222315_p4_NAT	GSE222315	DF.classifications_0.25_0.3_229	Singlet	pANN_0.25_0.3_229	0.249366447034972
GSE222315_ATTTACCGTCTCGGAC-1_1_1_1_1	GSE222315_p4_NAT	GSE222315	DF.classifications_0.25_0.3_229	Singlet	pANN_0.25_0.3_229	0.12772427774962
GSE222315_ATTTACCTCGGATACT-1_1_1_1_1	GSE222315_p4_NAT	GSE222315	DF.classifications_0.25_0.3_229	Singlet	pANN_0.25_0.3_229	0.207805372529143
GSE222315_ATTTCACAGCGGGTAT-1_1_1_1_1	GSE222315_p4_NAT	GSE222315	DF.classifications_0.25_0.3_229	Singlet	pANN_0.25_0.3_229	0.124176381145464
GSE222315_ATTTCACAGTCATAGA-1_1_1_1_1	GSE222315_p4_NAT	GSE222315	DF.classifications_0.25_0.3_229	Singlet	pANN_0.25_0.3_229	0.299036999493158
GSE222315_ATTTCACAGTTCCGGC-1_1_1_1_1	GSE222315_p4_NAT	GSE222315	DF.classifications_0.25_0.3_229	Singlet	pANN_0.25_0.3_229	0.170299036999493
GSE222315_ATTTCACGTAGTGATA-1_1_1_1_1	GSE222315_p4_NAT	GSE222315	DF.classifications_0.25_0.3_229	Singlet	pANN_0.25_0.3_229	0.123669538773441
GSE222315_ATTTCACGTTTACACG-1_1_1_1_1	GSE222315_p4_NAT	GSE222315	DF.classifications_0.25_0.3_229	Singlet	pANN_0.25_0.3_229	0.131779016725798
GSE222315_ATTTCTGAGAAGCGAA-1_1_1_1_1	GSE222315_p4_NAT	GSE222315	DF.classifications_0.25_0.3_229	Singlet	pANN_0.25_0.3_229	0.20932589964521
GSE222315_ATTTCTGGTCATCTAG-1_1_1_1_1	GSE222315_p4_NAT	GSE222315	DF.classifications_0.25_0.3_229	Singlet	pANN_0.25_0.3_229	0.246832235174861
GSE222315_ATTTCTGTCCGATGCG-1_1_1_1_1	GSE222315_p4_NAT	GSE222315	DF.classifications_0.25_0.3_229	Singlet	pANN_0.25_0.3_229	0.268119614799797
GSE222315_ATTTCTGTCCGTACGG-1_1_1_1_1	GSE222315_p4_NAT	GSE222315	DF.classifications_0.25_0.3_229	Singlet	pANN_0.25_0.3_229	0.382159148504815
GSE222315_ATTTCTGTCTATCGTT-1_1_1_1_1	GSE222315_p4_NAT	GSE222315	DF.classifications_0.25_0.3_229	Singlet	pANN_0.25_0.3_229	0.36340598073999
GSE222315_ATTTCTGTCTTACACT-1_1_1_1_1	GSE222315_p4_NAT	GSE222315	DF.classifications_0.25_0.3_229	Singlet	pANN_0.25_0.3_229	0.19817536746072
GSE222315_CAAAGAACACTCGATA-1_1_1_1_1	GSE222315_p4_NAT	GSE222315	DF.classifications_0.25_0.3_229	Singlet	pANN_0.25_0.3_229	0.176381145463761
GSE222315_CAAAGAACACTGGATT-1_1_1_1_1	GSE222315_p4_NAT	GSE222315	DF.classifications_0.25_0.3_229	Singlet	pANN_0.25_0.3_229	0.163203243791181
GSE222315_CAAAGAATCCCGTTGT-1_1_1_1_1	GSE222315_p4_NAT	GSE222315	DF.classifications_0.25_0.3_229	Singlet	pANN_0.25_0.3_229	0.232133806386214
GSE222315_CAAAGAATCCCTTTGG-1_1_1_1_1	GSE222315_p4_NAT	GSE222315	DF.classifications_0.25_0.3_229	Doublet	pANN_0.25_0.3_229	0.391282311201216
GSE222315_CAAAGAATCGAGATAA-1_1_1_1_1	GSE222315_p4_NAT	GSE222315	DF.classifications_0.25_0.3_229	Singlet	pANN_0.25_0.3_229	0.186011150532184
GSE222315_CAACAACAGAACTTCC-1_1_1_1_1	GSE222315_p4_NAT	GSE222315	DF.classifications_0.25_0.3_229	Singlet	pANN_0.25_0.3_229	0.219462747085656
GSE222315_CAACAACCACTGAGGA-1_1_1_1_1	GSE222315_p4_NAT	GSE222315	DF.classifications_0.25_0.3_229	Singlet	pANN_0.25_0.3_229	0.209832742017233
GSE222315_CAACAACCAGTCTCTC-1_1_1_1_1	GSE222315_p4_NAT	GSE222315	DF.classifications_0.25_0.3_229	Singlet	pANN_0.25_0.3_229	0.360871768879878
GSE222315_CAACAGTCACGTATAC-1_1_1_1_1	GSE222315_p4_NAT	GSE222315	DF.classifications_0.25_0.3_229	Singlet	pANN_0.25_0.3_229	0.261023821591485
GSE222315_CAACAGTGTCGCGTTG-1_1_1_1_1	GSE222315_p4_NAT	GSE222315	DF.classifications_0.25_0.3_229	Singlet	pANN_0.25_0.3_229	0.234161175874303
GSE222315_CAACCAACAACGTTAC-1_1_1_1_1	GSE222315_p4_NAT	GSE222315	DF.classifications_0.25_0.3_229	Singlet	pANN_0.25_0.3_229	0.205271160669032
GSE222315_CAACCAACAGGATCTT-1_1_1_1_1	GSE222315_p4_NAT	GSE222315	DF.classifications_0.25_0.3_229	Singlet	pANN_0.25_0.3_229	0.216421692853523
GSE222315_CAACCAATCTTTGCGC-1_1_1_1_1	GSE222315_p4_NAT	GSE222315	DF.classifications_0.25_0.3_229	Singlet	pANN_0.25_0.3_229	0.195641155600608
GSE222315_CAACCTCAGAGAGAAC-1_1_1_1_1	GSE222315_p4_NAT	GSE222315	DF.classifications_0.25_0.3_229	Singlet	pANN_0.25_0.3_229	0.251393816523061
GSE222315_CAACCTCAGGTCACCC-1_1_1_1_1	GSE222315_p4_NAT	GSE222315	DF.classifications_0.25_0.3_229	Singlet	pANN_0.25_0.3_229	0.345159655347187
GSE222315_CAACCTCGTATTCTCT-1_1_1_1_1	GSE222315_p4_NAT	GSE222315	DF.classifications_0.25_0.3_229	Singlet	pANN_0.25_0.3_229	0.218449062341612
GSE222315_CAACCTCTCATTGCCC-1_1_1_1_1	GSE222315_p4_NAT	GSE222315	DF.classifications_0.25_0.3_229	Singlet	pANN_0.25_0.3_229	0.179929042067917
GSE222315_CAACGATAGACCACGA-1_1_1_1_1	GSE222315_p4_NAT	GSE222315	DF.classifications_0.25_0.3_229	Singlet	pANN_0.25_0.3_229	0.189559047136341
GSE222315_CAACGATAGGTTGGAC-1_1_1_1_1	GSE222315_p4_NAT	GSE222315	DF.classifications_0.25_0.3_229	Singlet	pANN_0.25_0.3_229	0.187024835276229
GSE222315_CAACGATCAGAGCGTA-1_1_1_1_1	GSE222315_p4_NAT	GSE222315	DF.classifications_0.25_0.3_229	Singlet	pANN_0.25_0.3_229	0.255955397871262
GSE222315_CAACGATCAGGAACCA-1_1_1_1_1	GSE222315_p4_NAT	GSE222315	DF.classifications_0.25_0.3_229	Singlet	pANN_0.25_0.3_229	0.182970096300051
GSE222315_CAACGATGTCTCGGGT-1_1_1_1_1	GSE222315_p4_NAT	GSE222315	DF.classifications_0.25_0.3_229	Singlet	pANN_0.25_0.3_229	0.265078560567663
GSE222315_CAACGATGTTCATCTT-1_1_1_1_1	GSE222315_p4_NAT	GSE222315	DF.classifications_0.25_0.3_229	Singlet	pANN_0.25_0.3_229	0.358844399391789
GSE222315_CAACGGCAGATTTGCC-1_1_1_1_1	GSE222315_p4_NAT	GSE222315	DF.classifications_0.25_0.3_229	Singlet	pANN_0.25_0.3_229	0.207805372529143
GSE222315_CAACGGCAGCCATTGT-1_1_1_1_1	GSE222315_p4_NAT	GSE222315	DF.classifications_0.25_0.3_229	Singlet	pANN_0.25_0.3_229	0.161175874303092
GSE222315_CAACGGCAGCTTCGTA-1_1_1_1_1	GSE222315_p4_NAT	GSE222315	DF.classifications_0.25_0.3_229	Singlet	pANN_0.25_0.3_229	0.3568170299037
GSE222315_CAACGGCAGGGTCACA-1_1_1_1_1	GSE222315_p4_NAT	GSE222315	DF.classifications_0.25_0.3_229	Singlet	pANN_0.25_0.3_229	0.199695894576787
GSE222315_CAACGGCCAACCAATC-1_1_1_1_1	GSE222315_p4_NAT	GSE222315	DF.classifications_0.25_0.3_229	Singlet	pANN_0.25_0.3_229	0.172326406487582
GSE222315_CAACGGCCAAGAGTGC-1_1_1_1_1	GSE222315_p4_NAT	GSE222315	DF.classifications_0.25_0.3_229	Singlet	pANN_0.25_0.3_229	0.224531170805879
GSE222315_CAACGGCCAATTCACG-1_1_1_1_1	GSE222315_p4_NAT	GSE222315	DF.classifications_0.25_0.3_229	Singlet	pANN_0.25_0.3_229	0.179422199695895
GSE222315_CAACGGCCATGGTACT-1_1_1_1_1	GSE222315_p4_NAT	GSE222315	DF.classifications_0.25_0.3_229	Singlet	pANN_0.25_0.3_229	0.26659908768373
GSE222315_CAACGGCGTGTAAACA-1_1_1_1_1	GSE222315_p4_NAT	GSE222315	DF.classifications_0.25_0.3_229	Singlet	pANN_0.25_0.3_229	0.258489609731374
GSE222315_CAACGGCTCAGTGTGT-1_1_1_1_1	GSE222315_p4_NAT	GSE222315	DF.classifications_0.25_0.3_229	Singlet	pANN_0.25_0.3_229	0.175874303091738
GSE222315_CAAGACTCACAGCTGC-1_1_1_1_1	GSE222315_p4_NAT	GSE222315	DF.classifications_0.25_0.3_229	Singlet	pANN_0.25_0.3_229	0.193106943740497
GSE222315_CAAGACTCACGTAGTT-1_1_1_1_1	GSE222315_p4_NAT	GSE222315	DF.classifications_0.25_0.3_229	Singlet	pANN_0.25_0.3_229	0.223517486061835
GSE222315_CAAGACTCAGGGATAC-1_1_1_1_1	GSE222315_p4_NAT	GSE222315	DF.classifications_0.25_0.3_229	Singlet	pANN_0.25_0.3_229	0.168271667511404
GSE222315_CAAGACTGTGTATTCG-1_1_1_1_1	GSE222315_p4_NAT	GSE222315	DF.classifications_0.25_0.3_229	Singlet	pANN_0.25_0.3_229	0.188545362392296
GSE222315_CAAGACTGTTTGGAAA-1_1_1_1_1	GSE222315_p4_NAT	GSE222315	DF.classifications_0.25_0.3_229	Singlet	pANN_0.25_0.3_229	0.156614292954891
GSE222315_CAAGAGGAGGCCATAG-1_1_1_1_1	GSE222315_p4_NAT	GSE222315	DF.classifications_0.25_0.3_229	Singlet	pANN_0.25_0.3_229	0.206791687785099
GSE222315_CAAGAGGAGTCACGCC-1_1_1_1_1	GSE222315_p4_NAT	GSE222315	DF.classifications_0.25_0.3_229	Singlet	pANN_0.25_0.3_229	0.160669031931069
GSE222315_CAAGAGGCATAACAGA-1_1_1_1_1	GSE222315_p4_NAT	GSE222315	DF.classifications_0.25_0.3_229	Singlet	pANN_0.25_0.3_229	0.181956411556006
GSE222315_CAAGAGGGTTACCCTC-1_1_1_1_1	GSE222315_p4_NAT	GSE222315	DF.classifications_0.25_0.3_229	Singlet	pANN_0.25_0.3_229	0.19817536746072
GSE222315_CAAGAGGTCCGAGGCT-1_1_1_1_1	GSE222315_p4_NAT	GSE222315	DF.classifications_0.25_0.3_229	Singlet	pANN_0.25_0.3_229	0.256462240243284
GSE222315_CAAGAGGTCTAGTCAG-1_1_1_1_1	GSE222315_p4_NAT	GSE222315	DF.classifications_0.25_0.3_229	Singlet	pANN_0.25_0.3_229	0.318803852002027
GSE222315_CAAGCTACAACCCTAA-1_1_1_1_1	GSE222315_p4_NAT	GSE222315	DF.classifications_0.25_0.3_229	Singlet	pANN_0.25_0.3_229	0.331474911302585
GSE222315_CAAGCTACACAATTCG-1_1_1_1_1	GSE222315_p4_NAT	GSE222315	DF.classifications_0.25_0.3_229	Singlet	pANN_0.25_0.3_229	0.25544855549924
GSE222315_CAAGCTAGTCAGTCGC-1_1_1_1_1	GSE222315_p4_NAT	GSE222315	DF.classifications_0.25_0.3_229	Singlet	pANN_0.25_0.3_229	0.357830714647745
GSE222315_CAAGCTATCCCTCTAG-1_1_1_1_1	GSE222315_p4_NAT	GSE222315	DF.classifications_0.25_0.3_229	Singlet	pANN_0.25_0.3_229	0.221996958945768
GSE222315_CAAGGGAAGCACCTGC-1_1_1_1_1	GSE222315_p4_NAT	GSE222315	DF.classifications_0.25_0.3_229	Singlet	pANN_0.25_0.3_229	0.188545362392296
GSE222315_CAAGGGAAGCATCAAA-1_1_1_1_1	GSE222315_p4_NAT	GSE222315	DF.classifications_0.25_0.3_229	Singlet	pANN_0.25_0.3_229	0.155600608210846
GSE222315_CAAGGGAAGGAATCGC-1_1_1_1_1	GSE222315_p4_NAT	GSE222315	DF.classifications_0.25_0.3_229	Singlet	pANN_0.25_0.3_229	0.137861125190066
GSE222315_CAAGGGAAGGCCTTCG-1_1_1_1_1	GSE222315_p4_NAT	GSE222315	DF.classifications_0.25_0.3_229	Doublet	pANN_0.25_0.3_229	0.411556006082108
GSE222315_CAAGGGACAAACGTGG-1_1_1_1_1	GSE222315_p4_NAT	GSE222315	DF.classifications_0.25_0.3_229	Singlet	pANN_0.25_0.3_229	0.328940699442473
GSE222315_CAAGGGACATTGACAC-1_1_1_1_1	GSE222315_p4_NAT	GSE222315	DF.classifications_0.25_0.3_229	Singlet	pANN_0.25_0.3_229	0.173340091231627
GSE222315_CAAGGGAGTACCCGAC-1_1_1_1_1	GSE222315_p4_NAT	GSE222315	DF.classifications_0.25_0.3_229	Singlet	pANN_0.25_0.3_229	0.255955397871262
GSE222315_CAAGGGATCATCACTT-1_1_1_1_1	GSE222315_p4_NAT	GSE222315	DF.classifications_0.25_0.3_229	Singlet	pANN_0.25_0.3_229	0.167764825139382
GSE222315_CAATACGAGAGAGGGC-1_1_1_1_1	GSE222315_p4_NAT	GSE222315	DF.classifications_0.25_0.3_229	Singlet	pANN_0.25_0.3_229	0.176887987835783
GSE222315_CAATACGAGCATTGAA-1_1_1_1_1	GSE222315_p4_NAT	GSE222315	DF.classifications_0.25_0.3_229	Singlet	pANN_0.25_0.3_229	0.233654333502281
GSE222315_CAATACGAGGGAGAAT-1_1_1_1_1	GSE222315_p4_NAT	GSE222315	DF.classifications_0.25_0.3_229	Singlet	pANN_0.25_0.3_229	0.282818043588444
GSE222315_CAATACGCAAACAGGC-1_1_1_1_1	GSE222315_p4_NAT	GSE222315	DF.classifications_0.25_0.3_229	Singlet	pANN_0.25_0.3_229	0.166751140395337
GSE222315_CAATACGCAAATAGCA-1_1_1_1_1	GSE222315_p4_NAT	GSE222315	DF.classifications_0.25_0.3_229	Singlet	pANN_0.25_0.3_229	0.214901165737456
GSE222315_CAATACGCAACAGCCC-1_1_1_1_1	GSE222315_p4_NAT	GSE222315	DF.classifications_0.25_0.3_229	Singlet	pANN_0.25_0.3_229	0.273694880892043
GSE222315_CAATACGCAGCATGCC-1_1_1_1_1	GSE222315_p4_NAT	GSE222315	DF.classifications_0.25_0.3_229	Singlet	pANN_0.25_0.3_229	0.187024835276229
GSE222315_CAATACGCAGCTGTCG-1_1_1_1_1	GSE222315_p4_NAT	GSE222315	DF.classifications_0.25_0.3_229	Singlet	pANN_0.25_0.3_229	0.280283831728332
GSE222315_CAATACGGTCCAGCCA-1_1_1_1_1	GSE222315_p4_NAT	GSE222315	DF.classifications_0.25_0.3_229	Singlet	pANN_0.25_0.3_229	0.163203243791181
GSE222315_CAATACGGTCTGTCCT-1_1_1_1_1	GSE222315_p4_NAT	GSE222315	DF.classifications_0.25_0.3_229	Doublet	pANN_0.25_0.3_229	0.402432843385707
GSE222315_CAATACGGTGGCCTCA-1_1_1_1_1	GSE222315_p4_NAT	GSE222315	DF.classifications_0.25_0.3_229	Doublet	pANN_0.25_0.3_229	0.395337050177395
GSE222315_CAATACGGTTCGGGTC-1_1_1_1_1	GSE222315_p4_NAT	GSE222315	DF.classifications_0.25_0.3_229	Singlet	pANN_0.25_0.3_229	0.187531677648251
GSE222315_CAATACGTCCTTCACG-1_1_1_1_1	GSE222315_p4_NAT	GSE222315	DF.classifications_0.25_0.3_229	Singlet	pANN_0.25_0.3_229	0.166751140395337
GSE222315_CAATCGAAGGAGATAG-1_1_1_1_1	GSE222315_p4_NAT	GSE222315	DF.classifications_0.25_0.3_229	Singlet	pANN_0.25_0.3_229	0.174353775975672
GSE222315_CAATCGACAACATACC-1_1_1_1_1	GSE222315_p4_NAT	GSE222315	DF.classifications_0.25_0.3_229	Singlet	pANN_0.25_0.3_229	0.184490623416118
GSE222315_CAATCGACACCGTGAC-1_1_1_1_1	GSE222315_p4_NAT	GSE222315	DF.classifications_0.25_0.3_229	Singlet	pANN_0.25_0.3_229	0.379624936644703
GSE222315_CAATCGACAGGCAATG-1_1_1_1_1	GSE222315_p4_NAT	GSE222315	DF.classifications_0.25_0.3_229	Singlet	pANN_0.25_0.3_229	0.170805879371515
GSE222315_CAATCGAGTAATGCTC-1_1_1_1_1	GSE222315_p4_NAT	GSE222315	DF.classifications_0.25_0.3_229	Singlet	pANN_0.25_0.3_229	0.169285352255449
GSE222315_CAATCGAGTACGCGTC-1_1_1_1_1	GSE222315_p4_NAT	GSE222315	DF.classifications_0.25_0.3_229	Singlet	pANN_0.25_0.3_229	0.339584389254942
GSE222315_CAATCGAGTACTCCCT-1_1_1_1_1	GSE222315_p4_NAT	GSE222315	DF.classifications_0.25_0.3_229	Singlet	pANN_0.25_0.3_229	0.217435377597567
GSE222315_CAATCGAGTCGTACAT-1_1_1_1_1	GSE222315_p4_NAT	GSE222315	DF.classifications_0.25_0.3_229	Singlet	pANN_0.25_0.3_229	0.158134820070958
GSE222315_CAATGACAGCACTAGG-1_1_1_1_1	GSE222315_p4_NAT	GSE222315	DF.classifications_0.25_0.3_229	Singlet	pANN_0.25_0.3_229	0.374049670552458
GSE222315_CAATGACAGTCTACCA-1_1_1_1_1	GSE222315_p4_NAT	GSE222315	DF.classifications_0.25_0.3_229	Singlet	pANN_0.25_0.3_229	0.256462240243284
GSE222315_CAATGACCAGGACGAT-1_1_1_1_1	GSE222315_p4_NAT	GSE222315	DF.classifications_0.25_0.3_229	Singlet	pANN_0.25_0.3_229	0.224531170805879
GSE222315_CAATGACCATGTGGCC-1_1_1_1_1	GSE222315_p4_NAT	GSE222315	DF.classifications_0.25_0.3_229	Singlet	pANN_0.25_0.3_229	0.219462747085656
GSE222315_CAATTTCCACCGTCTT-1_1_1_1_1	GSE222315_p4_NAT	GSE222315	DF.classifications_0.25_0.3_229	Singlet	pANN_0.25_0.3_229	0.196147997972631
GSE222315_CAATTTCCAGACACAG-1_1_1_1_1	GSE222315_p4_NAT	GSE222315	DF.classifications_0.25_0.3_229	Singlet	pANN_0.25_0.3_229	0.184490623416118
GSE222315_CAATTTCGTAACTAAG-1_1_1_1_1	GSE222315_p4_NAT	GSE222315	DF.classifications_0.25_0.3_229	Singlet	pANN_0.25_0.3_229	0.139381652306133
GSE222315_CAATTTCGTCTTTCTA-1_1_1_1_1	GSE222315_p4_NAT	GSE222315	DF.classifications_0.25_0.3_229	Singlet	pANN_0.25_0.3_229	0.230106436898125
GSE222315_CAATTTCGTGTCGATT-1_1_1_1_1	GSE222315_p4_NAT	GSE222315	DF.classifications_0.25_0.3_229	Singlet	pANN_0.25_0.3_229	0.164216928535226
GSE222315_CAATTTCGTTGACTGT-1_1_1_1_1	GSE222315_p4_NAT	GSE222315	DF.classifications_0.25_0.3_229	Doublet	pANN_0.25_0.3_229	0.404460212873796
GSE222315_CAATTTCTCTGCATAG-1_1_1_1_1	GSE222315_p4_NAT	GSE222315	DF.classifications_0.25_0.3_229	Singlet	pANN_0.25_0.3_229	0.207298530157121
GSE222315_CACAACACAAAGCTCT-1_1_1_1_1	GSE222315_p4_NAT	GSE222315	DF.classifications_0.25_0.3_229	Singlet	pANN_0.25_0.3_229	0.130258489609731
GSE222315_CACAACAGTTAAGAAC-1_1_1_1_1	GSE222315_p4_NAT	GSE222315	DF.classifications_0.25_0.3_229	Singlet	pANN_0.25_0.3_229	0.270653826659909
GSE222315_CACAACATCCCATAGA-1_1_1_1_1	GSE222315_p4_NAT	GSE222315	DF.classifications_0.25_0.3_229	Singlet	pANN_0.25_0.3_229	0.367967562088191
GSE222315_CACACAACACTAACCA-1_1_1_1_1	GSE222315_p4_NAT	GSE222315	DF.classifications_0.25_0.3_229	Singlet	pANN_0.25_0.3_229	0.188038520020274
GSE222315_CACACAACATCCGCGA-1_1_1_1_1	GSE222315_p4_NAT	GSE222315	DF.classifications_0.25_0.3_229	Singlet	pANN_0.25_0.3_229	0.269133299543842
GSE222315_CACACAAGTACTGGGA-1_1_1_1_1	GSE222315_p4_NAT	GSE222315	DF.classifications_0.25_0.3_229	Singlet	pANN_0.25_0.3_229	0.270653826659909
GSE222315_CACACAAGTAGTCTGT-1_1_1_1_1	GSE222315_p4_NAT	GSE222315	DF.classifications_0.25_0.3_229	Singlet	pANN_0.25_0.3_229	0.244804865686771
GSE222315_CACAGATAGACTTCGT-1_1_1_1_1	GSE222315_p4_NAT	GSE222315	DF.classifications_0.25_0.3_229	Doublet	pANN_0.25_0.3_229	0.395843892549417
GSE222315_CACAGATAGCCGGATA-1_1_1_1_1	GSE222315_p4_NAT	GSE222315	DF.classifications_0.25_0.3_229	Singlet	pANN_0.25_0.3_229	0.127217435377598
GSE222315_CACAGATAGCGGGTTA-1_1_1_1_1	GSE222315_p4_NAT	GSE222315	DF.classifications_0.25_0.3_229	Singlet	pANN_0.25_0.3_229	0.37658388241257
GSE222315_CACAGATAGGTAAGAG-1_1_1_1_1	GSE222315_p4_NAT	GSE222315	DF.classifications_0.25_0.3_229	Singlet	pANN_0.25_0.3_229	0.380638621388748
GSE222315_CACAGATAGTAGGTTA-1_1_1_1_1	GSE222315_p4_NAT	GSE222315	DF.classifications_0.25_0.3_229	Singlet	pANN_0.25_0.3_229	0.333502280790674
GSE222315_CACAGATTCCTCTTTC-1_1_1_1_1	GSE222315_p4_NAT	GSE222315	DF.classifications_0.25_0.3_229	Singlet	pANN_0.25_0.3_229	0.174860618347694
GSE222315_CACAGATTCGGTCACG-1_1_1_1_1	GSE222315_p4_NAT	GSE222315	DF.classifications_0.25_0.3_229	Singlet	pANN_0.25_0.3_229	0.188038520020274
GSE222315_CACAGGCAGACCAGAC-1_1_1_1_1	GSE222315_p4_NAT	GSE222315	DF.classifications_0.25_0.3_229	Singlet	pANN_0.25_0.3_229	0.305625950329448
GSE222315_CACAGGCAGTGTTCAC-1_1_1_1_1	GSE222315_p4_NAT	GSE222315	DF.classifications_0.25_0.3_229	Singlet	pANN_0.25_0.3_229	0.155600608210846
GSE222315_CACAGGCCAGAGCTAG-1_1_1_1_1	GSE222315_p4_NAT	GSE222315	DF.classifications_0.25_0.3_229	Singlet	pANN_0.25_0.3_229	0.207805372529143
GSE222315_CACAGGCGTCGAACGA-1_1_1_1_1	GSE222315_p4_NAT	GSE222315	DF.classifications_0.25_0.3_229	Singlet	pANN_0.25_0.3_229	0.185504308160162
GSE222315_CACAGGCTCGTTCCTG-1_1_1_1_1	GSE222315_p4_NAT	GSE222315	DF.classifications_0.25_0.3_229	Singlet	pANN_0.25_0.3_229	0.226558540293969
GSE222315_CACATGAAGGATGCGT-1_1_1_1_1	GSE222315_p4_NAT	GSE222315	DF.classifications_0.25_0.3_229	Singlet	pANN_0.25_0.3_229	0.20932589964521
GSE222315_CACATGAAGTCCCTAA-1_1_1_1_1	GSE222315_p4_NAT	GSE222315	DF.classifications_0.25_0.3_229	Singlet	pANN_0.25_0.3_229	0.166751140395337
GSE222315_CACATGACAATGAACA-1_1_1_1_1	GSE222315_p4_NAT	GSE222315	DF.classifications_0.25_0.3_229	Singlet	pANN_0.25_0.3_229	0.20932589964521
GSE222315_CACATGACACAGTATC-1_1_1_1_1	GSE222315_p4_NAT	GSE222315	DF.classifications_0.25_0.3_229	Singlet	pANN_0.25_0.3_229	0.155093765838824
GSE222315_CACATGACACGTAACT-1_1_1_1_1	GSE222315_p4_NAT	GSE222315	DF.classifications_0.25_0.3_229	Singlet	pANN_0.25_0.3_229	0.173846933603649
GSE222315_CACATGACAGTTCTAG-1_1_1_1_1	GSE222315_p4_NAT	GSE222315	DF.classifications_0.25_0.3_229	Singlet	pANN_0.25_0.3_229	0.187531677648251
GSE222315_CACATGACATCTCATT-1_1_1_1_1	GSE222315_p4_NAT	GSE222315	DF.classifications_0.25_0.3_229	Singlet	pANN_0.25_0.3_229	0.196654840344653
GSE222315_CACATGATCCACAGGC-1_1_1_1_1	GSE222315_p4_NAT	GSE222315	DF.classifications_0.25_0.3_229	Singlet	pANN_0.25_0.3_229	0.181956411556006
GSE222315_CACATGATCTAGCCTC-1_1_1_1_1	GSE222315_p4_NAT	GSE222315	DF.classifications_0.25_0.3_229	Singlet	pANN_0.25_0.3_229	0.184490623416118
GSE222315_CACCAAAAGACTGGGT-1_1_1_1_1	GSE222315_p4_NAT	GSE222315	DF.classifications_0.25_0.3_229	Singlet	pANN_0.25_0.3_229	0.220476431829701
GSE222315_CACCAAAAGCTAATCC-1_1_1_1_1	GSE222315_p4_NAT	GSE222315	DF.classifications_0.25_0.3_229	Singlet	pANN_0.25_0.3_229	0.165737455651292
GSE222315_CACCAAAAGCTAGAAT-1_1_1_1_1	GSE222315_p4_NAT	GSE222315	DF.classifications_0.25_0.3_229	Singlet	pANN_0.25_0.3_229	0.235174860618348
GSE222315_CACCAAAGTAAGCGGT-1_1_1_1_1	GSE222315_p4_NAT	GSE222315	DF.classifications_0.25_0.3_229	Singlet	pANN_0.25_0.3_229	0.377597567156614
GSE222315_CACCAAAGTCTACACA-1_1_1_1_1	GSE222315_p4_NAT	GSE222315	DF.classifications_0.25_0.3_229	Singlet	pANN_0.25_0.3_229	0.256969082615307
GSE222315_CACCAAATCAGGACGA-1_1_1_1_1	GSE222315_p4_NAT	GSE222315	DF.classifications_0.25_0.3_229	Doublet	pANN_0.25_0.3_229	0.388241256969083
GSE222315_CACCGTTAGCAACCAG-1_1_1_1_1	GSE222315_p4_NAT	GSE222315	DF.classifications_0.25_0.3_229	Singlet	pANN_0.25_0.3_229	0.218955904713634
GSE222315_CACCGTTAGGTATAGT-1_1_1_1_1	GSE222315_p4_NAT	GSE222315	DF.classifications_0.25_0.3_229	Singlet	pANN_0.25_0.3_229	0.271667511403953
GSE222315_CACCGTTCAACGTATC-1_1_1_1_1	GSE222315_p4_NAT	GSE222315	DF.classifications_0.25_0.3_229	Singlet	pANN_0.25_0.3_229	0.295995945261024
GSE222315_CACCGTTCAGGCTTGC-1_1_1_1_1	GSE222315_p4_NAT	GSE222315	DF.classifications_0.25_0.3_229	Singlet	pANN_0.25_0.3_229	0.235174860618348
GSE222315_CACCGTTGTACACGTT-1_1_1_1_1	GSE222315_p4_NAT	GSE222315	DF.classifications_0.25_0.3_229	Singlet	pANN_0.25_0.3_229	0.160162189559047
GSE222315_CACCGTTGTCGTCAGC-1_1_1_1_1	GSE222315_p4_NAT	GSE222315	DF.classifications_0.25_0.3_229	Singlet	pANN_0.25_0.3_229	0.132792701469843
GSE222315_CACCGTTGTGCATGTT-1_1_1_1_1	GSE222315_p4_NAT	GSE222315	DF.classifications_0.25_0.3_229	Singlet	pANN_0.25_0.3_229	0.271160669031931
GSE222315_CACGAATAGATTAGAC-1_1_1_1_1	GSE222315_p4_NAT	GSE222315	DF.classifications_0.25_0.3_229	Singlet	pANN_0.25_0.3_229	0.36999493157628
GSE222315_CACGAATAGCCAACCC-1_1_1_1_1	GSE222315_p4_NAT	GSE222315	DF.classifications_0.25_0.3_229	Singlet	pANN_0.25_0.3_229	0.212873796249366
GSE222315_CACGAATAGTTCCTGA-1_1_1_1_1	GSE222315_p4_NAT	GSE222315	DF.classifications_0.25_0.3_229	Singlet	pANN_0.25_0.3_229	0.177901672579828
GSE222315_CACGAATGTCGACGCT-1_1_1_1_1	GSE222315_p4_NAT	GSE222315	DF.classifications_0.25_0.3_229	Singlet	pANN_0.25_0.3_229	0.203750633552965
GSE222315_CACGAATGTCGTGCCA-1_1_1_1_1	GSE222315_p4_NAT	GSE222315	DF.classifications_0.25_0.3_229	Singlet	pANN_0.25_0.3_229	0.283831728332489
GSE222315_CACGAATTCAGGGATG-1_1_1_1_1	GSE222315_p4_NAT	GSE222315	DF.classifications_0.25_0.3_229	Singlet	pANN_0.25_0.3_229	0.177394830207805
GSE222315_CACGGGTCAATTGCTG-1_1_1_1_1	GSE222315_p4_NAT	GSE222315	DF.classifications_0.25_0.3_229	Singlet	pANN_0.25_0.3_229	0.256969082615307
GSE222315_CACGGGTGTAGCGAGT-1_1_1_1_1	GSE222315_p4_NAT	GSE222315	DF.classifications_0.25_0.3_229	Singlet	pANN_0.25_0.3_229	0.230106436898125
GSE222315_CACGGGTGTCGTCAGC-1_1_1_1_1	GSE222315_p4_NAT	GSE222315	DF.classifications_0.25_0.3_229	Singlet	pANN_0.25_0.3_229	0.378611251900659
GSE222315_CACGGGTTCGAGAAAT-1_1_1_1_1	GSE222315_p4_NAT	GSE222315	DF.classifications_0.25_0.3_229	Singlet	pANN_0.25_0.3_229	0.20273694880892
GSE222315_CACGTGGAGCCTAACT-1_1_1_1_1	GSE222315_p4_NAT	GSE222315	DF.classifications_0.25_0.3_229	Singlet	pANN_0.25_0.3_229	0.2159148504815
GSE222315_CACGTGGCACGCAAAG-1_1_1_1_1	GSE222315_p4_NAT	GSE222315	DF.classifications_0.25_0.3_229	Singlet	pANN_0.25_0.3_229	0.30613279270147
GSE222315_CACGTGGCAGCGGATA-1_1_1_1_1	GSE222315_p4_NAT	GSE222315	DF.classifications_0.25_0.3_229	Singlet	pANN_0.25_0.3_229	0.179929042067917
GSE222315_CACGTGGGTCTAGATC-1_1_1_1_1	GSE222315_p4_NAT	GSE222315	DF.classifications_0.25_0.3_229	Singlet	pANN_0.25_0.3_229	0.174353775975672
GSE222315_CACGTGGGTTGCTAGT-1_1_1_1_1	GSE222315_p4_NAT	GSE222315	DF.classifications_0.25_0.3_229	Doublet	pANN_0.25_0.3_229	0.393309680689306
GSE222315_CACGTGGTCAATCGGT-1_1_1_1_1	GSE222315_p4_NAT	GSE222315	DF.classifications_0.25_0.3_229	Singlet	pANN_0.25_0.3_229	0.155093765838824
GSE222315_CACGTGGTCACCCTTG-1_1_1_1_1	GSE222315_p4_NAT	GSE222315	DF.classifications_0.25_0.3_229	Singlet	pANN_0.25_0.3_229	0.2113532691333
GSE222315_CACGTGGTCGGTCTGG-1_1_1_1_1	GSE222315_p4_NAT	GSE222315	DF.classifications_0.25_0.3_229	Singlet	pANN_0.25_0.3_229	0.261530663963507
GSE222315_CACGTGGTCGTTCTCG-1_1_1_1_1	GSE222315_p4_NAT	GSE222315	DF.classifications_0.25_0.3_229	Singlet	pANN_0.25_0.3_229	0.274201723264065
GSE222315_CACGTTCGTGCCTTTC-1_1_1_1_1	GSE222315_p4_NAT	GSE222315	DF.classifications_0.25_0.3_229	Singlet	pANN_0.25_0.3_229	0.158134820070958
GSE222315_CACGTTCGTTTACTTC-1_1_1_1_1	GSE222315_p4_NAT	GSE222315	DF.classifications_0.25_0.3_229	Doublet	pANN_0.25_0.3_229	0.401419158641662
GSE222315_CACGTTCTCAACCTCC-1_1_1_1_1	GSE222315_p4_NAT	GSE222315	DF.classifications_0.25_0.3_229	Singlet	pANN_0.25_0.3_229	0.126203750633553
GSE222315_CACGTTCTCGCAGAGA-1_1_1_1_1	GSE222315_p4_NAT	GSE222315	DF.classifications_0.25_0.3_229	Singlet	pANN_0.25_0.3_229	0.200709579320831
GSE222315_CACTAAGAGCAATAAC-1_1_1_1_1	GSE222315_p4_NAT	GSE222315	DF.classifications_0.25_0.3_229	Singlet	pANN_0.25_0.3_229	0.194120628484541
GSE222315_CACTAAGCATTAGGCT-1_1_1_1_1	GSE222315_p4_NAT	GSE222315	DF.classifications_0.25_0.3_229	Singlet	pANN_0.25_0.3_229	0.225544855549924
GSE222315_CACTAAGGTACGACAG-1_1_1_1_1	GSE222315_p4_NAT	GSE222315	DF.classifications_0.25_0.3_229	Singlet	pANN_0.25_0.3_229	0.268119614799797
GSE222315_CACTAAGGTGGATCGA-1_1_1_1_1	GSE222315_p4_NAT	GSE222315	DF.classifications_0.25_0.3_229	Singlet	pANN_0.25_0.3_229	0.232133806386214
GSE222315_CACTAAGGTTATCCAG-1_1_1_1_1	GSE222315_p4_NAT	GSE222315	DF.classifications_0.25_0.3_229	Singlet	pANN_0.25_0.3_229	0.31931069437405
GSE222315_CACTAAGTCTATTTCG-1_1_1_1_1	GSE222315_p4_NAT	GSE222315	DF.classifications_0.25_0.3_229	Singlet	pANN_0.25_0.3_229	0.327420172326406
GSE222315_CACTGAAAGTTCCAGT-1_1_1_1_1	GSE222315_p4_NAT	GSE222315	DF.classifications_0.25_0.3_229	Singlet	pANN_0.25_0.3_229	0.281297516472377
GSE222315_CACTGAACATCCGGTG-1_1_1_1_1	GSE222315_p4_NAT	GSE222315	DF.classifications_0.25_0.3_229	Singlet	pANN_0.25_0.3_229	0.137861125190066
GSE222315_CACTGAAGTTTACTTC-1_1_1_1_1	GSE222315_p4_NAT	GSE222315	DF.classifications_0.25_0.3_229	Doublet	pANN_0.25_0.3_229	0.399898631525596
GSE222315_CACTGAATCAACCCGG-1_1_1_1_1	GSE222315_p4_NAT	GSE222315	DF.classifications_0.25_0.3_229	Singlet	pANN_0.25_0.3_229	0.231120121642169
GSE222315_CACTGGGCAGGACTAG-1_1_1_1_1	GSE222315_p4_NAT	GSE222315	DF.classifications_0.25_0.3_229	Singlet	pANN_0.25_0.3_229	0.155600608210846
GSE222315_CACTGGGCAGTCAACT-1_1_1_1_1	GSE222315_p4_NAT	GSE222315	DF.classifications_0.25_0.3_229	Singlet	pANN_0.25_0.3_229	0.210339584389255
GSE222315_CACTGGGTCTGGTTGA-1_1_1_1_1	GSE222315_p4_NAT	GSE222315	DF.classifications_0.25_0.3_229	Singlet	pANN_0.25_0.3_229	0.294475418144957
GSE222315_CACTGTCAGGTCACAG-1_1_1_1_1	GSE222315_p4_NAT	GSE222315	DF.classifications_0.25_0.3_229	Singlet	pANN_0.25_0.3_229	0.230613279270147
GSE222315_CACTGTCGTTGTACGT-1_1_1_1_1	GSE222315_p4_NAT	GSE222315	DF.classifications_0.25_0.3_229	Singlet	pANN_0.25_0.3_229	0.225544855549924
GSE222315_CACTTCGCAACCACAT-1_1_1_1_1	GSE222315_p4_NAT	GSE222315	DF.classifications_0.25_0.3_229	Singlet	pANN_0.25_0.3_229	0.13431322858591
GSE222315_CACTTCGCAACCAGAG-1_1_1_1_1	GSE222315_p4_NAT	GSE222315	DF.classifications_0.25_0.3_229	Singlet	pANN_0.25_0.3_229	0.144450076026356
GSE222315_CACTTCGCACTATGTG-1_1_1_1_1	GSE222315_p4_NAT	GSE222315	DF.classifications_0.25_0.3_229	Singlet	pANN_0.25_0.3_229	0.198682209832742
GSE222315_CACTTCGCATCCGGCA-1_1_1_1_1	GSE222315_p4_NAT	GSE222315	DF.classifications_0.25_0.3_229	Singlet	pANN_0.25_0.3_229	0.20476431829701
GSE222315_CACTTCGGTTCGGACC-1_1_1_1_1	GSE222315_p4_NAT	GSE222315	DF.classifications_0.25_0.3_229	Singlet	pANN_0.25_0.3_229	0.328433857070451
GSE222315_CACTTCGTCCAACCAA-1_1_1_1_1	GSE222315_p4_NAT	GSE222315	DF.classifications_0.25_0.3_229	Singlet	pANN_0.25_0.3_229	0.149518499746579
GSE222315_CACTTCGTCGCGGACT-1_1_1_1_1	GSE222315_p4_NAT	GSE222315	DF.classifications_0.25_0.3_229	Singlet	pANN_0.25_0.3_229	0.132285859097821
GSE222315_CACTTCGTCGTTACCC-1_1_1_1_1	GSE222315_p4_NAT	GSE222315	DF.classifications_0.25_0.3_229	Singlet	pANN_0.25_0.3_229	0.34363912823112
GSE222315_CAGAGCCAGAGCAGTC-1_1_1_1_1	GSE222315_p4_NAT	GSE222315	DF.classifications_0.25_0.3_229	Singlet	pANN_0.25_0.3_229	0.37658388241257
GSE222315_CAGAGCCAGAGTTGTA-1_1_1_1_1	GSE222315_p4_NAT	GSE222315	DF.classifications_0.25_0.3_229	Singlet	pANN_0.25_0.3_229	0.380638621388748
GSE222315_CAGAGCCAGCCTCCAG-1_1_1_1_1	GSE222315_p4_NAT	GSE222315	DF.classifications_0.25_0.3_229	Singlet	pANN_0.25_0.3_229	0.192093258996452
GSE222315_CAGAGCCAGCGTCTCG-1_1_1_1_1	GSE222315_p4_NAT	GSE222315	DF.classifications_0.25_0.3_229	Singlet	pANN_0.25_0.3_229	0.22250380131779
GSE222315_CAGAGCCCATACAGCT-1_1_1_1_1	GSE222315_p4_NAT	GSE222315	DF.classifications_0.25_0.3_229	Singlet	pANN_0.25_0.3_229	0.382665990876837
GSE222315_CAGAGCCCATCAACCA-1_1_1_1_1	GSE222315_p4_NAT	GSE222315	DF.classifications_0.25_0.3_229	Singlet	pANN_0.25_0.3_229	0.169792194627471
GSE222315_CAGAGCCCATGAAGGC-1_1_1_1_1	GSE222315_p4_NAT	GSE222315	DF.classifications_0.25_0.3_229	Singlet	pANN_0.25_0.3_229	0.180942726811961
GSE222315_CAGAGCCTCAGGAACG-1_1_1_1_1	GSE222315_p4_NAT	GSE222315	DF.classifications_0.25_0.3_229	Singlet	pANN_0.25_0.3_229	0.155093765838824
GSE222315_CAGAGCCTCCGAAATC-1_1_1_1_1	GSE222315_p4_NAT	GSE222315	DF.classifications_0.25_0.3_229	Singlet	pANN_0.25_0.3_229	0.246832235174861
GSE222315_CAGATACAGAGGGTGG-1_1_1_1_1	GSE222315_p4_NAT	GSE222315	DF.classifications_0.25_0.3_229	Singlet	pANN_0.25_0.3_229	0.367460719716168
GSE222315_CAGATACAGATGCAGC-1_1_1_1_1	GSE222315_p4_NAT	GSE222315	DF.classifications_0.25_0.3_229	Singlet	pANN_0.25_0.3_229	0.175874303091738
GSE222315_CAGATACAGGCTCCCA-1_1_1_1_1	GSE222315_p4_NAT	GSE222315	DF.classifications_0.25_0.3_229	Singlet	pANN_0.25_0.3_229	0.246832235174861
GSE222315_CAGATACAGGGAGTTC-1_1_1_1_1	GSE222315_p4_NAT	GSE222315	DF.classifications_0.25_0.3_229	Singlet	pANN_0.25_0.3_229	0.17181956411556
GSE222315_CAGATACAGTCTCTGA-1_1_1_1_1	GSE222315_p4_NAT	GSE222315	DF.classifications_0.25_0.3_229	Doublet	pANN_0.25_0.3_229	0.388241256969083
GSE222315_CAGATACCACCACTGG-1_1_1_1_1	GSE222315_p4_NAT	GSE222315	DF.classifications_0.25_0.3_229	Singlet	pANN_0.25_0.3_229	0.199695894576787
GSE222315_CAGATACGTCAGGTGA-1_1_1_1_1	GSE222315_p4_NAT	GSE222315	DF.classifications_0.25_0.3_229	Singlet	pANN_0.25_0.3_229	0.224531170805879
GSE222315_CAGATACGTCATGGCC-1_1_1_1_1	GSE222315_p4_NAT	GSE222315	DF.classifications_0.25_0.3_229	Singlet	pANN_0.25_0.3_229	0.194120628484541
GSE222315_CAGATACTCATCTACT-1_1_1_1_1	GSE222315_p4_NAT	GSE222315	DF.classifications_0.25_0.3_229	Singlet	pANN_0.25_0.3_229	0.257475924987329
GSE222315_CAGATACTCCAAGCAT-1_1_1_1_1	GSE222315_p4_NAT	GSE222315	DF.classifications_0.25_0.3_229	Singlet	pANN_0.25_0.3_229	0.150025342118601
GSE222315_CAGATACTCCTCTAGC-1_1_1_1_1	GSE222315_p4_NAT	GSE222315	DF.classifications_0.25_0.3_229	Singlet	pANN_0.25_0.3_229	0.189052204764318
GSE222315_CAGATACTCTTGGGCG-1_1_1_1_1	GSE222315_p4_NAT	GSE222315	DF.classifications_0.25_0.3_229	Singlet	pANN_0.25_0.3_229	0.121642169285352
GSE222315_CAGATCAGTTATCTTC-1_1_1_1_1	GSE222315_p4_NAT	GSE222315	DF.classifications_0.25_0.3_229	Singlet	pANN_0.25_0.3_229	0.228079067410035
GSE222315_CAGATCATCCACAGCG-1_1_1_1_1	GSE222315_p4_NAT	GSE222315	DF.classifications_0.25_0.3_229	Singlet	pANN_0.25_0.3_229	0.282311201216422
GSE222315_CAGATCATCGCTTACC-1_1_1_1_1	GSE222315_p4_NAT	GSE222315	DF.classifications_0.25_0.3_229	Singlet	pANN_0.25_0.3_229	0.302078053725291
GSE222315_CAGATCATCGGCATTA-1_1_1_1_1	GSE222315_p4_NAT	GSE222315	DF.classifications_0.25_0.3_229	Singlet	pANN_0.25_0.3_229	0.243284338570705
GSE222315_CAGATTGAGCCTGTGC-1_1_1_1_1	GSE222315_p4_NAT	GSE222315	DF.classifications_0.25_0.3_229	Singlet	pANN_0.25_0.3_229	0.168271667511404
GSE222315_CAGATTGCAAGACAAT-1_1_1_1_1	GSE222315_p4_NAT	GSE222315	DF.classifications_0.25_0.3_229	Singlet	pANN_0.25_0.3_229	0.125190065889508
GSE222315_CAGATTGGTCTCACAA-1_1_1_1_1	GSE222315_p4_NAT	GSE222315	DF.classifications_0.25_0.3_229	Singlet	pANN_0.25_0.3_229	0.240243284338571
GSE222315_CAGATTGGTTCTTCAT-1_1_1_1_1	GSE222315_p4_NAT	GSE222315	DF.classifications_0.25_0.3_229	Singlet	pANN_0.25_0.3_229	0.201216421692854
GSE222315_CAGATTGTCGATCCCT-1_1_1_1_1	GSE222315_p4_NAT	GSE222315	DF.classifications_0.25_0.3_229	Singlet	pANN_0.25_0.3_229	0.253928028383173
GSE222315_CAGATTGTCTGTCCCA-1_1_1_1_1	GSE222315_p4_NAT	GSE222315	DF.classifications_0.25_0.3_229	Singlet	pANN_0.25_0.3_229	0.383679675620882
GSE222315_CAGCAATCAATATCCG-1_1_1_1_1	GSE222315_p4_NAT	GSE222315	DF.classifications_0.25_0.3_229	Singlet	pANN_0.25_0.3_229	0.252407501267106
GSE222315_CAGCAATGTCGTACAT-1_1_1_1_1	GSE222315_p4_NAT	GSE222315	DF.classifications_0.25_0.3_229	Singlet	pANN_0.25_0.3_229	0.13431322858591
GSE222315_CAGCAATGTGACTGAG-1_1_1_1_1	GSE222315_p4_NAT	GSE222315	DF.classifications_0.25_0.3_229	Singlet	pANN_0.25_0.3_229	0.294982260516979
GSE222315_CAGCAATGTGCAGGAT-1_1_1_1_1	GSE222315_p4_NAT	GSE222315	DF.classifications_0.25_0.3_229	Singlet	pANN_0.25_0.3_229	0.378611251900659
GSE222315_CAGCAATTCCGTTGAA-1_1_1_1_1	GSE222315_p4_NAT	GSE222315	DF.classifications_0.25_0.3_229	Singlet	pANN_0.25_0.3_229	0.172833248859605
GSE222315_CAGCAATTCGTAGTGT-1_1_1_1_1	GSE222315_p4_NAT	GSE222315	DF.classifications_0.25_0.3_229	Singlet	pANN_0.25_0.3_229	0.195134313228586
GSE222315_CAGCACGTCATGGATC-1_1_1_1_1	GSE222315_p4_NAT	GSE222315	DF.classifications_0.25_0.3_229	Doublet	pANN_0.25_0.3_229	0.386720729853016
GSE222315_CAGCACGTCCATTGTT-1_1_1_1_1	GSE222315_p4_NAT	GSE222315	DF.classifications_0.25_0.3_229	Singlet	pANN_0.25_0.3_229	0.358337557019767
GSE222315_CAGCAGCAGACGGATC-1_1_1_1_1	GSE222315_p4_NAT	GSE222315	DF.classifications_0.25_0.3_229	Singlet	pANN_0.25_0.3_229	0.124176381145464
GSE222315_CAGCAGCAGTACTCGT-1_1_1_1_1	GSE222315_p4_NAT	GSE222315	DF.classifications_0.25_0.3_229	Singlet	pANN_0.25_0.3_229	0.358844399391789
GSE222315_CAGCAGCCAGCCCACA-1_1_1_1_1	GSE222315_p4_NAT	GSE222315	DF.classifications_0.25_0.3_229	Singlet	pANN_0.25_0.3_229	0.245818550430816
GSE222315_CAGCAGCGTAAGACCG-1_1_1_1_1	GSE222315_p4_NAT	GSE222315	DF.classifications_0.25_0.3_229	Singlet	pANN_0.25_0.3_229	0.13887480993411
GSE222315_CAGCAGCGTGGAGGTT-1_1_1_1_1	GSE222315_p4_NAT	GSE222315	DF.classifications_0.25_0.3_229	Doublet	pANN_0.25_0.3_229	0.385707045108971
GSE222315_CAGCAGCGTTACCCAA-1_1_1_1_1	GSE222315_p4_NAT	GSE222315	DF.classifications_0.25_0.3_229	Singlet	pANN_0.25_0.3_229	0.290420679168779
GSE222315_CAGCAGCGTTCAATCG-1_1_1_1_1	GSE222315_p4_NAT	GSE222315	DF.classifications_0.25_0.3_229	Singlet	pANN_0.25_0.3_229	0.313735428281804
GSE222315_CAGCAGCTCCTTCGAC-1_1_1_1_1	GSE222315_p4_NAT	GSE222315	DF.classifications_0.25_0.3_229	Singlet	pANN_0.25_0.3_229	0.155600608210846
GSE222315_CAGCAGCTCTGGGTCG-1_1_1_1_1	GSE222315_p4_NAT	GSE222315	DF.classifications_0.25_0.3_229	Singlet	pANN_0.25_0.3_229	0.159655347187025
GSE222315_CAGCCAGAGGAACATT-1_1_1_1_1	GSE222315_p4_NAT	GSE222315	DF.classifications_0.25_0.3_229	Singlet	pANN_0.25_0.3_229	0.162696401419159
GSE222315_CAGCCAGCAGACCTGC-1_1_1_1_1	GSE222315_p4_NAT	GSE222315	DF.classifications_0.25_0.3_229	Singlet	pANN_0.25_0.3_229	0.231626964014192
GSE222315_CAGCCAGGTGCTCCGA-1_1_1_1_1	GSE222315_p4_NAT	GSE222315	DF.classifications_0.25_0.3_229	Singlet	pANN_0.25_0.3_229	0.359351241763811
GSE222315_CAGCCAGGTGTGGACA-1_1_1_1_1	GSE222315_p4_NAT	GSE222315	DF.classifications_0.25_0.3_229	Singlet	pANN_0.25_0.3_229	0.280790674100355
GSE222315_CAGCCAGTCTCAACGA-1_1_1_1_1	GSE222315_p4_NAT	GSE222315	DF.classifications_0.25_0.3_229	Singlet	pANN_0.25_0.3_229	0.16523061327927
GSE222315_CAGCGTGAGGCATGCA-1_1_1_1_1	GSE222315_p4_NAT	GSE222315	DF.classifications_0.25_0.3_229	Singlet	pANN_0.25_0.3_229	0.172833248859605
GSE222315_CAGCGTGGTCCTCCTA-1_1_1_1_1	GSE222315_p4_NAT	GSE222315	DF.classifications_0.25_0.3_229	Singlet	pANN_0.25_0.3_229	0.220476431829701
GSE222315_CAGCGTGGTGCATGAG-1_1_1_1_1	GSE222315_p4_NAT	GSE222315	DF.classifications_0.25_0.3_229	Singlet	pANN_0.25_0.3_229	0.200709579320831
GSE222315_CAGCGTGTCCTGGTCT-1_1_1_1_1	GSE222315_p4_NAT	GSE222315	DF.classifications_0.25_0.3_229	Singlet	pANN_0.25_0.3_229	0.178915357323872
GSE222315_CAGGCCACAACTCGTA-1_1_1_1_1	GSE222315_p4_NAT	GSE222315	DF.classifications_0.25_0.3_229	Singlet	pANN_0.25_0.3_229	0.277242777496199
GSE222315_CAGGCCATCCACCTCA-1_1_1_1_1	GSE222315_p4_NAT	GSE222315	DF.classifications_0.25_0.3_229	Singlet	pANN_0.25_0.3_229	0.337557019766852
GSE222315_CAGGCCATCCCGAGAC-1_1_1_1_1	GSE222315_p4_NAT	GSE222315	DF.classifications_0.25_0.3_229	Singlet	pANN_0.25_0.3_229	0.241256969082615
GSE222315_CAGGGCTGTACAGAGC-1_1_1_1_1	GSE222315_p4_NAT	GSE222315	DF.classifications_0.25_0.3_229	Singlet	pANN_0.25_0.3_229	0.190065889508363
GSE222315_CAGGGCTGTCCACTCT-1_1_1_1_1	GSE222315_p4_NAT	GSE222315	DF.classifications_0.25_0.3_229	Singlet	pANN_0.25_0.3_229	0.275215408008109
GSE222315_CAGGGCTTCACAGAGG-1_1_1_1_1	GSE222315_p4_NAT	GSE222315	DF.classifications_0.25_0.3_229	Singlet	pANN_0.25_0.3_229	0.254941713127217
GSE222315_CAGGGCTTCGGAATTC-1_1_1_1_1	GSE222315_p4_NAT	GSE222315	DF.classifications_0.25_0.3_229	Singlet	pANN_0.25_0.3_229	0.153573238722757
GSE222315_CAGGTATAGAGCTGCA-1_1_1_1_1	GSE222315_p4_NAT	GSE222315	DF.classifications_0.25_0.3_229	Singlet	pANN_0.25_0.3_229	0.12772427774962
GSE222315_CAGGTATTCAATCAGC-1_1_1_1_1	GSE222315_p4_NAT	GSE222315	DF.classifications_0.25_0.3_229	Singlet	pANN_0.25_0.3_229	0.143943233654334
GSE222315_CAGGTATTCGCTTGCT-1_1_1_1_1	GSE222315_p4_NAT	GSE222315	DF.classifications_0.25_0.3_229	Singlet	pANN_0.25_0.3_229	0.183476938672073
GSE222315_CAGGTATTCTCGGGAC-1_1_1_1_1	GSE222315_p4_NAT	GSE222315	DF.classifications_0.25_0.3_229	Singlet	pANN_0.25_0.3_229	0.180435884439939
GSE222315_CAGTGCGAGTGCACCC-1_1_1_1_1	GSE222315_p4_NAT	GSE222315	DF.classifications_0.25_0.3_229	Doublet	pANN_0.25_0.3_229	0.388748099341105
GSE222315_CAGTGCGGTACCCAGC-1_1_1_1_1	GSE222315_p4_NAT	GSE222315	DF.classifications_0.25_0.3_229	Singlet	pANN_0.25_0.3_229	0.224531170805879
GSE222315_CAGTGCGTCCAAGCTA-1_1_1_1_1	GSE222315_p4_NAT	GSE222315	DF.classifications_0.25_0.3_229	Singlet	pANN_0.25_0.3_229	0.183983781044095
GSE222315_CAGTTAGAGCACCAGA-1_1_1_1_1	GSE222315_p4_NAT	GSE222315	DF.classifications_0.25_0.3_229	Singlet	pANN_0.25_0.3_229	0.189559047136341
GSE222315_CAGTTAGAGTCACAGG-1_1_1_1_1	GSE222315_p4_NAT	GSE222315	DF.classifications_0.25_0.3_229	Singlet	pANN_0.25_0.3_229	0.142422706538267
GSE222315_CAGTTAGAGTGTACAA-1_1_1_1_1	GSE222315_p4_NAT	GSE222315	DF.classifications_0.25_0.3_229	Singlet	pANN_0.25_0.3_229	0.278256462240243
GSE222315_CAGTTAGCACTGTCGG-1_1_1_1_1	GSE222315_p4_NAT	GSE222315	DF.classifications_0.25_0.3_229	Singlet	pANN_0.25_0.3_229	0.241256969082615
GSE222315_CAGTTAGGTTATGGTC-1_1_1_1_1	GSE222315_p4_NAT	GSE222315	DF.classifications_0.25_0.3_229	Singlet	pANN_0.25_0.3_229	0.188038520020274
GSE222315_CAGTTAGTCGGATACT-1_1_1_1_1	GSE222315_p4_NAT	GSE222315	DF.classifications_0.25_0.3_229	Singlet	pANN_0.25_0.3_229	0.190572731880385
GSE222315_CAGTTCCCAGTAGGAC-1_1_1_1_1	GSE222315_p4_NAT	GSE222315	DF.classifications_0.25_0.3_229	Singlet	pANN_0.25_0.3_229	0.248352762290928
GSE222315_CAGTTCCGTAAGTAGT-1_1_1_1_1	GSE222315_p4_NAT	GSE222315	DF.classifications_0.25_0.3_229	Singlet	pANN_0.25_0.3_229	0.124683223517486
GSE222315_CAGTTCCGTGGTACAG-1_1_1_1_1	GSE222315_p4_NAT	GSE222315	DF.classifications_0.25_0.3_229	Singlet	pANN_0.25_0.3_229	0.309680689305626
GSE222315_CAGTTCCTCATGTCAG-1_1_1_1_1	GSE222315_p4_NAT	GSE222315	DF.classifications_0.25_0.3_229	Singlet	pANN_0.25_0.3_229	0.224531170805879
GSE222315_CAGTTCCTCTCTGAGA-1_1_1_1_1	GSE222315_p4_NAT	GSE222315	DF.classifications_0.25_0.3_229	Singlet	pANN_0.25_0.3_229	0.264571718195641
GSE222315_CAGTTCCTCTCTGCCA-1_1_1_1_1	GSE222315_p4_NAT	GSE222315	DF.classifications_0.25_0.3_229	Singlet	pANN_0.25_0.3_229	0.146477445514445
GSE222315_CAGTTCCTCTTCGTGC-1_1_1_1_1	GSE222315_p4_NAT	GSE222315	DF.classifications_0.25_0.3_229	Singlet	pANN_0.25_0.3_229	0.227065382665991
GSE222315_CATAAGCCACAATCTG-1_1_1_1_1	GSE222315_p4_NAT	GSE222315	DF.classifications_0.25_0.3_229	Singlet	pANN_0.25_0.3_229	0.300050684237202
GSE222315_CATAAGCCATGGAGAC-1_1_1_1_1	GSE222315_p4_NAT	GSE222315	DF.classifications_0.25_0.3_229	Singlet	pANN_0.25_0.3_229	0.242777496198682
GSE222315_CATAAGCGTTCCCACT-1_1_1_1_1	GSE222315_p4_NAT	GSE222315	DF.classifications_0.25_0.3_229	Singlet	pANN_0.25_0.3_229	0.352255448555499
GSE222315_CATAAGCTCAAGTCTG-1_1_1_1_1	GSE222315_p4_NAT	GSE222315	DF.classifications_0.25_0.3_229	Singlet	pANN_0.25_0.3_229	0.244298023314749
GSE222315_CATAAGCTCCGATAAC-1_1_1_1_1	GSE222315_p4_NAT	GSE222315	DF.classifications_0.25_0.3_229	Singlet	pANN_0.25_0.3_229	0.240243284338571
GSE222315_CATAAGCTCGTGTCAA-1_1_1_1_1	GSE222315_p4_NAT	GSE222315	DF.classifications_0.25_0.3_229	Singlet	pANN_0.25_0.3_229	0.149518499746579
GSE222315_CATACAGAGGATCACG-1_1_1_1_1	GSE222315_p4_NAT	GSE222315	DF.classifications_0.25_0.3_229	Singlet	pANN_0.25_0.3_229	0.23568170299037
GSE222315_CATACAGAGGGAGATA-1_1_1_1_1	GSE222315_p4_NAT	GSE222315	DF.classifications_0.25_0.3_229	Singlet	pANN_0.25_0.3_229	0.245818550430816
GSE222315_CATACAGCACCACTGG-1_1_1_1_1	GSE222315_p4_NAT	GSE222315	DF.classifications_0.25_0.3_229	Singlet	pANN_0.25_0.3_229	0.149518499746579
GSE222315_CATACAGCAGTATGAA-1_1_1_1_1	GSE222315_p4_NAT	GSE222315	DF.classifications_0.25_0.3_229	Singlet	pANN_0.25_0.3_229	0.291434363912823
GSE222315_CATACAGGTAGTGTGG-1_1_1_1_1	GSE222315_p4_NAT	GSE222315	DF.classifications_0.25_0.3_229	Singlet	pANN_0.25_0.3_229	0.27977698935631
GSE222315_CATACAGGTCGTTGCG-1_1_1_1_1	GSE222315_p4_NAT	GSE222315	DF.classifications_0.25_0.3_229	Singlet	pANN_0.25_0.3_229	0.188545362392296
GSE222315_CATACAGGTCTACGAT-1_1_1_1_1	GSE222315_p4_NAT	GSE222315	DF.classifications_0.25_0.3_229	Singlet	pANN_0.25_0.3_229	0.23568170299037
GSE222315_CATACAGTCCGTGTCT-1_1_1_1_1	GSE222315_p4_NAT	GSE222315	DF.classifications_0.25_0.3_229	Singlet	pANN_0.25_0.3_229	0.127217435377598
GSE222315_CATACCCAGATTCGCT-1_1_1_1_1	GSE222315_p4_NAT	GSE222315	DF.classifications_0.25_0.3_229	Singlet	pANN_0.25_0.3_229	0.177901672579828
GSE222315_CATACCCAGCCAAGGT-1_1_1_1_1	GSE222315_p4_NAT	GSE222315	DF.classifications_0.25_0.3_229	Singlet	pANN_0.25_0.3_229	0.276735935124176
GSE222315_CATACCCAGTGTACCT-1_1_1_1_1	GSE222315_p4_NAT	GSE222315	DF.classifications_0.25_0.3_229	Singlet	pANN_0.25_0.3_229	0.207298530157121
GSE222315_CATACCCGTTGGACTT-1_1_1_1_1	GSE222315_p4_NAT	GSE222315	DF.classifications_0.25_0.3_229	Singlet	pANN_0.25_0.3_229	0.271160669031931
GSE222315_CATACTTAGTGAGTTA-1_1_1_1_1	GSE222315_p4_NAT	GSE222315	DF.classifications_0.25_0.3_229	Singlet	pANN_0.25_0.3_229	0.203750633552965
GSE222315_CATACTTCATGTGGCC-1_1_1_1_1	GSE222315_p4_NAT	GSE222315	DF.classifications_0.25_0.3_229	Singlet	pANN_0.25_0.3_229	0.15205271160669
GSE222315_CATACTTTCCACACCT-1_1_1_1_1	GSE222315_p4_NAT	GSE222315	DF.classifications_0.25_0.3_229	Singlet	pANN_0.25_0.3_229	0.380131779016726
GSE222315_CATAGACAGGAAGTAG-1_1_1_1_1	GSE222315_p4_NAT	GSE222315	DF.classifications_0.25_0.3_229	Singlet	pANN_0.25_0.3_229	0.177394830207805
GSE222315_CATAGACAGTATCTGC-1_1_1_1_1	GSE222315_p4_NAT	GSE222315	DF.classifications_0.25_0.3_229	Singlet	pANN_0.25_0.3_229	0.196147997972631
GSE222315_CATAGACCAAATGCGG-1_1_1_1_1	GSE222315_p4_NAT	GSE222315	DF.classifications_0.25_0.3_229	Singlet	pANN_0.25_0.3_229	0.169792194627471
GSE222315_CATAGACGTCAAGGCA-1_1_1_1_1	GSE222315_p4_NAT	GSE222315	DF.classifications_0.25_0.3_229	Singlet	pANN_0.25_0.3_229	0.14749113025849
GSE222315_CATAGACGTGTCCGTG-1_1_1_1_1	GSE222315_p4_NAT	GSE222315	DF.classifications_0.25_0.3_229	Singlet	pANN_0.25_0.3_229	0.249873289406994
GSE222315_CATAGACTCATTTCCA-1_1_1_1_1	GSE222315_p4_NAT	GSE222315	DF.classifications_0.25_0.3_229	Singlet	pANN_0.25_0.3_229	0.205271160669032
GSE222315_CATCAAGAGAGGATGA-1_1_1_1_1	GSE222315_p4_NAT	GSE222315	DF.classifications_0.25_0.3_229	Singlet	pANN_0.25_0.3_229	0.242777496198682
GSE222315_CATCAAGAGATCCCAT-1_1_1_1_1	GSE222315_p4_NAT	GSE222315	DF.classifications_0.25_0.3_229	Doublet	pANN_0.25_0.3_229	0.38773441459706
GSE222315_CATCAAGCAAACCACT-1_1_1_1_1	GSE222315_p4_NAT	GSE222315	DF.classifications_0.25_0.3_229	Singlet	pANN_0.25_0.3_229	0.289406994424734
GSE222315_CATCAAGCAGAGTTGG-1_1_1_1_1	GSE222315_p4_NAT	GSE222315	DF.classifications_0.25_0.3_229	Singlet	pANN_0.25_0.3_229	0.224531170805879
GSE222315_CATCAAGGTCGTTTCC-1_1_1_1_1	GSE222315_p4_NAT	GSE222315	DF.classifications_0.25_0.3_229	Singlet	pANN_0.25_0.3_229	0.183476938672073
GSE222315_CATCCACAGTCAGGGT-1_1_1_1_1	GSE222315_p4_NAT	GSE222315	DF.classifications_0.25_0.3_229	Singlet	pANN_0.25_0.3_229	0.193613786112519
GSE222315_CATCCACCAGTCGGAA-1_1_1_1_1	GSE222315_p4_NAT	GSE222315	DF.classifications_0.25_0.3_229	Doublet	pANN_0.25_0.3_229	0.390775468829194
GSE222315_CATCCCAAGACTCATC-1_1_1_1_1	GSE222315_p4_NAT	GSE222315	DF.classifications_0.25_0.3_229	Singlet	pANN_0.25_0.3_229	0.239229599594526
GSE222315_CATCCCAAGGAACTAT-1_1_1_1_1	GSE222315_p4_NAT	GSE222315	DF.classifications_0.25_0.3_229	Singlet	pANN_0.25_0.3_229	0.177901672579828
GSE222315_CATCCCACAATCCTAG-1_1_1_1_1	GSE222315_p4_NAT	GSE222315	DF.classifications_0.25_0.3_229	Singlet	pANN_0.25_0.3_229	0.149518499746579
GSE222315_CATCCCACACTCCGGA-1_1_1_1_1	GSE222315_p4_NAT	GSE222315	DF.classifications_0.25_0.3_229	Singlet	pANN_0.25_0.3_229	0.224531170805879
GSE222315_CATCCCAGTTGTGCAT-1_1_1_1_1	GSE222315_p4_NAT	GSE222315	DF.classifications_0.25_0.3_229	Singlet	pANN_0.25_0.3_229	0.216928535225545
GSE222315_CATCCCATCGACATTG-1_1_1_1_1	GSE222315_p4_NAT	GSE222315	DF.classifications_0.25_0.3_229	Singlet	pANN_0.25_0.3_229	0.360364926507856
GSE222315_CATCCGTAGGCTAAAT-1_1_1_1_1	GSE222315_p4_NAT	GSE222315	DF.classifications_0.25_0.3_229	Singlet	pANN_0.25_0.3_229	0.191079574252408
GSE222315_CATCCGTCAATGAAAC-1_1_1_1_1	GSE222315_p4_NAT	GSE222315	DF.classifications_0.25_0.3_229	Singlet	pANN_0.25_0.3_229	0.250886974151039
GSE222315_CATCCGTGTGACTGAG-1_1_1_1_1	GSE222315_p4_NAT	GSE222315	DF.classifications_0.25_0.3_229	Singlet	pANN_0.25_0.3_229	0.249366447034972
GSE222315_CATCCGTGTGTGTGTT-1_1_1_1_1	GSE222315_p4_NAT	GSE222315	DF.classifications_0.25_0.3_229	Singlet	pANN_0.25_0.3_229	0.141409021794222
GSE222315_CATCCGTTCCGTTGAA-1_1_1_1_1	GSE222315_p4_NAT	GSE222315	DF.classifications_0.25_0.3_229	Singlet	pANN_0.25_0.3_229	0.226051697921946
GSE222315_CATCCGTTCTCAATCT-1_1_1_1_1	GSE222315_p4_NAT	GSE222315	DF.classifications_0.25_0.3_229	Singlet	pANN_0.25_0.3_229	0.234668018246325
GSE222315_CATCGCTAGGACTAAT-1_1_1_1_1	GSE222315_p4_NAT	GSE222315	DF.classifications_0.25_0.3_229	Singlet	pANN_0.25_0.3_229	0.291434363912823
GSE222315_CATCGCTGTGTGTGGA-1_1_1_1_1	GSE222315_p4_NAT	GSE222315	DF.classifications_0.25_0.3_229	Singlet	pANN_0.25_0.3_229	0.167257982767359
GSE222315_CATCGCTTCTTTCAGT-1_1_1_1_1	GSE222315_p4_NAT	GSE222315	DF.classifications_0.25_0.3_229	Singlet	pANN_0.25_0.3_229	0.268119614799797
GSE222315_CATCGGGAGTTGTCAC-1_1_1_1_1	GSE222315_p4_NAT	GSE222315	DF.classifications_0.25_0.3_229	Singlet	pANN_0.25_0.3_229	0.187531677648251
GSE222315_CATCGGGCAATGTCAC-1_1_1_1_1	GSE222315_p4_NAT	GSE222315	DF.classifications_0.25_0.3_229	Singlet	pANN_0.25_0.3_229	0.351748606183477
GSE222315_CATCGGGCAGTAGATA-1_1_1_1_1	GSE222315_p4_NAT	GSE222315	DF.classifications_0.25_0.3_229	Singlet	pANN_0.25_0.3_229	0.151039026862646
GSE222315_CATCGGGCATGGATCT-1_1_1_1_1	GSE222315_p4_NAT	GSE222315	DF.classifications_0.25_0.3_229	Singlet	pANN_0.25_0.3_229	0.220476431829701
GSE222315_CATCGGGGTGGTACAG-1_1_1_1_1	GSE222315_p4_NAT	GSE222315	DF.classifications_0.25_0.3_229	Singlet	pANN_0.25_0.3_229	0.204257475924987
GSE222315_CATCGGGGTTGACTAC-1_1_1_1_1	GSE222315_p4_NAT	GSE222315	DF.classifications_0.25_0.3_229	Singlet	pANN_0.25_0.3_229	0.144450076026356
GSE222315_CATCGGGTCACAAGAA-1_1_1_1_1	GSE222315_p4_NAT	GSE222315	DF.classifications_0.25_0.3_229	Doublet	pANN_0.25_0.3_229	0.387227572225038
GSE222315_CATCGGGTCGGTCATA-1_1_1_1_1	GSE222315_p4_NAT	GSE222315	DF.classifications_0.25_0.3_229	Singlet	pANN_0.25_0.3_229	0.136847440446021
GSE222315_CATCGTCAGGCGATAC-1_1_1_1_1	GSE222315_p4_NAT	GSE222315	DF.classifications_0.25_0.3_229	Singlet	pANN_0.25_0.3_229	0.128737962493664
GSE222315_CATCGTCCAATTGTGC-1_1_1_1_1	GSE222315_p4_NAT	GSE222315	DF.classifications_0.25_0.3_229	Singlet	pANN_0.25_0.3_229	0.185504308160162
GSE222315_CATCGTCCACATTCTT-1_1_1_1_1	GSE222315_p4_NAT	GSE222315	DF.classifications_0.25_0.3_229	Singlet	pANN_0.25_0.3_229	0.16523061327927
GSE222315_CATCGTCGTGAGTCAG-1_1_1_1_1	GSE222315_p4_NAT	GSE222315	DF.classifications_0.25_0.3_229	Singlet	pANN_0.25_0.3_229	0.313228585909782
GSE222315_CATGAGTAGACTACGG-1_1_1_1_1	GSE222315_p4_NAT	GSE222315	DF.classifications_0.25_0.3_229	Singlet	pANN_0.25_0.3_229	0.183476938672073
GSE222315_CATGAGTAGCAGGGAG-1_1_1_1_1	GSE222315_p4_NAT	GSE222315	DF.classifications_0.25_0.3_229	Singlet	pANN_0.25_0.3_229	0.364926507856057
GSE222315_CATGAGTAGTGTTCCA-1_1_1_1_1	GSE222315_p4_NAT	GSE222315	DF.classifications_0.25_0.3_229	Doublet	pANN_0.25_0.3_229	0.408514951849975
GSE222315_CATGAGTCAAACGGCA-1_1_1_1_1	GSE222315_p4_NAT	GSE222315	DF.classifications_0.25_0.3_229	Singlet	pANN_0.25_0.3_229	0.322351748606183
GSE222315_CATGAGTCAGAACTCT-1_1_1_1_1	GSE222315_p4_NAT	GSE222315	DF.classifications_0.25_0.3_229	Singlet	pANN_0.25_0.3_229	0.206791687785099
GSE222315_CATGAGTGTGATTCTG-1_1_1_1_1	GSE222315_p4_NAT	GSE222315	DF.classifications_0.25_0.3_229	Singlet	pANN_0.25_0.3_229	0.151545869234668
GSE222315_CATGCAAAGCTAAACA-1_1_1_1_1	GSE222315_p4_NAT	GSE222315	DF.classifications_0.25_0.3_229	Singlet	pANN_0.25_0.3_229	0.20932589964521
GSE222315_CATGCAACACCGTGGT-1_1_1_1_1	GSE222315_p4_NAT	GSE222315	DF.classifications_0.25_0.3_229	Singlet	pANN_0.25_0.3_229	0.205271160669032
GSE222315_CATGCAATCAAGGTGG-1_1_1_1_1	GSE222315_p4_NAT	GSE222315	DF.classifications_0.25_0.3_229	Singlet	pANN_0.25_0.3_229	0.172326406487582
GSE222315_CATGCAATCTTGGTGA-1_1_1_1_1	GSE222315_p4_NAT	GSE222315	DF.classifications_0.25_0.3_229	Singlet	pANN_0.25_0.3_229	0.196654840344653
GSE222315_CATGCCTAGCACGATG-1_1_1_1_1	GSE222315_p4_NAT	GSE222315	DF.classifications_0.25_0.3_229	Singlet	pANN_0.25_0.3_229	0.171312721743538
GSE222315_CATGCCTAGGCTGAAC-1_1_1_1_1	GSE222315_p4_NAT	GSE222315	DF.classifications_0.25_0.3_229	Singlet	pANN_0.25_0.3_229	0.29954384186518
GSE222315_CATGCCTGTTGCTTGA-1_1_1_1_1	GSE222315_p4_NAT	GSE222315	DF.classifications_0.25_0.3_229	Singlet	pANN_0.25_0.3_229	0.237202230106437
GSE222315_CATGCCTTCCGCACGA-1_1_1_1_1	GSE222315_p4_NAT	GSE222315	DF.classifications_0.25_0.3_229	Singlet	pANN_0.25_0.3_229	0.367967562088191
GSE222315_CATGCCTTCCGCATAA-1_1_1_1_1	GSE222315_p4_NAT	GSE222315	DF.classifications_0.25_0.3_229	Singlet	pANN_0.25_0.3_229	0.220476431829701
GSE222315_CATGCGGAGCATGCGA-1_1_1_1_1	GSE222315_p4_NAT	GSE222315	DF.classifications_0.25_0.3_229	Singlet	pANN_0.25_0.3_229	0.172326406487582
GSE222315_CATGCGGCACCCTTGT-1_1_1_1_1	GSE222315_p4_NAT	GSE222315	DF.classifications_0.25_0.3_229	Singlet	pANN_0.25_0.3_229	0.130765331981754
GSE222315_CATGCGGCACGATAGG-1_1_1_1_1	GSE222315_p4_NAT	GSE222315	DF.classifications_0.25_0.3_229	Singlet	pANN_0.25_0.3_229	0.13887480993411
GSE222315_CATGCGGGTACCTTCC-1_1_1_1_1	GSE222315_p4_NAT	GSE222315	DF.classifications_0.25_0.3_229	Singlet	pANN_0.25_0.3_229	0.249366447034972
GSE222315_CATGCGGGTTGCCTAA-1_1_1_1_1	GSE222315_p4_NAT	GSE222315	DF.classifications_0.25_0.3_229	Singlet	pANN_0.25_0.3_229	0.19158641662443
GSE222315_CATGCGGTCTCGACGG-1_1_1_1_1	GSE222315_p4_NAT	GSE222315	DF.classifications_0.25_0.3_229	Singlet	pANN_0.25_0.3_229	0.165737455651292
GSE222315_CATGCTCAGAGCCGAT-1_1_1_1_1	GSE222315_p4_NAT	GSE222315	DF.classifications_0.25_0.3_229	Singlet	pANN_0.25_0.3_229	0.248352762290928
GSE222315_CATGCTCAGTCGGCAA-1_1_1_1_1	GSE222315_p4_NAT	GSE222315	DF.classifications_0.25_0.3_229	Singlet	pANN_0.25_0.3_229	0.351748606183477
GSE222315_CATGCTCAGTGACACG-1_1_1_1_1	GSE222315_p4_NAT	GSE222315	DF.classifications_0.25_0.3_229	Singlet	pANN_0.25_0.3_229	0.161175874303092
GSE222315_CATGCTCGTTCTCCTG-1_1_1_1_1	GSE222315_p4_NAT	GSE222315	DF.classifications_0.25_0.3_229	Singlet	pANN_0.25_0.3_229	0.137861125190066
GSE222315_CATGCTCTCCTACACC-1_1_1_1_1	GSE222315_p4_NAT	GSE222315	DF.classifications_0.25_0.3_229	Singlet	pANN_0.25_0.3_229	0.228079067410035
GSE222315_CATGGATCAGCTCTGG-1_1_1_1_1	GSE222315_p4_NAT	GSE222315	DF.classifications_0.25_0.3_229	Singlet	pANN_0.25_0.3_229	0.170299036999493
GSE222315_CATGGATGTAGCGAGT-1_1_1_1_1	GSE222315_p4_NAT	GSE222315	DF.classifications_0.25_0.3_229	Singlet	pANN_0.25_0.3_229	0.137354282818044
GSE222315_CATGGATTCAAAGGTA-1_1_1_1_1	GSE222315_p4_NAT	GSE222315	DF.classifications_0.25_0.3_229	Singlet	pANN_0.25_0.3_229	0.192600101368474
GSE222315_CATGGATTCCTTCTGG-1_1_1_1_1	GSE222315_p4_NAT	GSE222315	DF.classifications_0.25_0.3_229	Singlet	pANN_0.25_0.3_229	0.257475924987329
GSE222315_CATGGATTCTCTGCCA-1_1_1_1_1	GSE222315_p4_NAT	GSE222315	DF.classifications_0.25_0.3_229	Singlet	pANN_0.25_0.3_229	0.338063862138875
GSE222315_CATGGTAAGGTGGCTA-1_1_1_1_1	GSE222315_p4_NAT	GSE222315	DF.classifications_0.25_0.3_229	Singlet	pANN_0.25_0.3_229	0.149518499746579
GSE222315_CATGGTAGTACAGTAA-1_1_1_1_1	GSE222315_p4_NAT	GSE222315	DF.classifications_0.25_0.3_229	Singlet	pANN_0.25_0.3_229	0.168778509883426
GSE222315_CATGGTAGTTAGTTCG-1_1_1_1_1	GSE222315_p4_NAT	GSE222315	DF.classifications_0.25_0.3_229	Singlet	pANN_0.25_0.3_229	0.208819057273188
GSE222315_CATGGTAGTTCAAACC-1_1_1_1_1	GSE222315_p4_NAT	GSE222315	DF.classifications_0.25_0.3_229	Singlet	pANN_0.25_0.3_229	0.19817536746072
GSE222315_CATGGTAGTTGAGTCT-1_1_1_1_1	GSE222315_p4_NAT	GSE222315	DF.classifications_0.25_0.3_229	Singlet	pANN_0.25_0.3_229	0.235174860618348
GSE222315_CATGGTATCGTGGGTC-1_1_1_1_1	GSE222315_p4_NAT	GSE222315	DF.classifications_0.25_0.3_229	Singlet	pANN_0.25_0.3_229	0.337557019766852
GSE222315_CATTCATAGAATCGAT-1_1_1_1_1	GSE222315_p4_NAT	GSE222315	DF.classifications_0.25_0.3_229	Singlet	pANN_0.25_0.3_229	0.186011150532184
GSE222315_CATTCATCACCAGCGT-1_1_1_1_1	GSE222315_p4_NAT	GSE222315	DF.classifications_0.25_0.3_229	Singlet	pANN_0.25_0.3_229	0.176381145463761
GSE222315_CATTCATCATCTCGTC-1_1_1_1_1	GSE222315_p4_NAT	GSE222315	DF.classifications_0.25_0.3_229	Singlet	pANN_0.25_0.3_229	0.269640141915864
GSE222315_CATTCATTCTCTATAC-1_1_1_1_1	GSE222315_p4_NAT	GSE222315	DF.classifications_0.25_0.3_229	Singlet	pANN_0.25_0.3_229	0.202230106436898
GSE222315_CATTCATTCTTCACGC-1_1_1_1_1	GSE222315_p4_NAT	GSE222315	DF.classifications_0.25_0.3_229	Singlet	pANN_0.25_0.3_229	0.22909275215408
GSE222315_CATTCCGAGCATGGGT-1_1_1_1_1	GSE222315_p4_NAT	GSE222315	DF.classifications_0.25_0.3_229	Singlet	pANN_0.25_0.3_229	0.197668525088697
GSE222315_CATTCCGAGCGGGTTA-1_1_1_1_1	GSE222315_p4_NAT	GSE222315	DF.classifications_0.25_0.3_229	Singlet	pANN_0.25_0.3_229	0.325392802838317
GSE222315_CATTCCGCAACTCATG-1_1_1_1_1	GSE222315_p4_NAT	GSE222315	DF.classifications_0.25_0.3_229	Singlet	pANN_0.25_0.3_229	0.365433350228079
GSE222315_CATTCCGCAGGCGTTC-1_1_1_1_1	GSE222315_p4_NAT	GSE222315	DF.classifications_0.25_0.3_229	Singlet	pANN_0.25_0.3_229	0.234161175874303
GSE222315_CATTCCGGTACGACAG-1_1_1_1_1	GSE222315_p4_NAT	GSE222315	DF.classifications_0.25_0.3_229	Singlet	pANN_0.25_0.3_229	0.182970096300051
GSE222315_CATTCCGTCATGCTAG-1_1_1_1_1	GSE222315_p4_NAT	GSE222315	DF.classifications_0.25_0.3_229	Singlet	pANN_0.25_0.3_229	0.251900658895084
GSE222315_CATTCTAAGAACAGGA-1_1_1_1_1	GSE222315_p4_NAT	GSE222315	DF.classifications_0.25_0.3_229	Singlet	pANN_0.25_0.3_229	0.342118601115053
GSE222315_CATTCTAAGCCAAGCA-1_1_1_1_1	GSE222315_p4_NAT	GSE222315	DF.classifications_0.25_0.3_229	Singlet	pANN_0.25_0.3_229	0.276229092752154
GSE222315_CATTCTAAGCTGACCC-1_1_1_1_1	GSE222315_p4_NAT	GSE222315	DF.classifications_0.25_0.3_229	Singlet	pANN_0.25_0.3_229	0.230613279270147
GSE222315_CATTCTACAATTTCTC-1_1_1_1_1	GSE222315_p4_NAT	GSE222315	DF.classifications_0.25_0.3_229	Singlet	pANN_0.25_0.3_229	0.225544855549924
GSE222315_CATTCTACACCTGTCT-1_1_1_1_1	GSE222315_p4_NAT	GSE222315	DF.classifications_0.25_0.3_229	Singlet	pANN_0.25_0.3_229	0.204257475924987
GSE222315_CATTCTAGTGAAGCGT-1_1_1_1_1	GSE222315_p4_NAT	GSE222315	DF.classifications_0.25_0.3_229	Singlet	pANN_0.25_0.3_229	0.148504815002534
GSE222315_CATTGCCAGGGTAATT-1_1_1_1_1	GSE222315_p4_NAT	GSE222315	DF.classifications_0.25_0.3_229	Singlet	pANN_0.25_0.3_229	0.199695894576787
GSE222315_CATTGCCGTGCCTACG-1_1_1_1_1	GSE222315_p4_NAT	GSE222315	DF.classifications_0.25_0.3_229	Singlet	pANN_0.25_0.3_229	0.163203243791181
GSE222315_CATTGCCGTGGAGGTT-1_1_1_1_1	GSE222315_p4_NAT	GSE222315	DF.classifications_0.25_0.3_229	Singlet	pANN_0.25_0.3_229	0.27318803852002
GSE222315_CATTGCCTCAGTCAGT-1_1_1_1_1	GSE222315_p4_NAT	GSE222315	DF.classifications_0.25_0.3_229	Singlet	pANN_0.25_0.3_229	0.252407501267106
GSE222315_CATTGCCTCTCAGAAC-1_1_1_1_1	GSE222315_p4_NAT	GSE222315	DF.classifications_0.25_0.3_229	Singlet	pANN_0.25_0.3_229	0.122655854029397
GSE222315_CATTGTTAGTGCACAG-1_1_1_1_1	GSE222315_p4_NAT	GSE222315	DF.classifications_0.25_0.3_229	Singlet	pANN_0.25_0.3_229	0.193613786112519
GSE222315_CATTGTTCAGTGGCTC-1_1_1_1_1	GSE222315_p4_NAT	GSE222315	DF.classifications_0.25_0.3_229	Singlet	pANN_0.25_0.3_229	0.234668018246325
GSE222315_CATTGTTCATAGCACT-1_1_1_1_1	GSE222315_p4_NAT	GSE222315	DF.classifications_0.25_0.3_229	Singlet	pANN_0.25_0.3_229	0.248352762290928
GSE222315_CATTGTTCATCGAAGG-1_1_1_1_1	GSE222315_p4_NAT	GSE222315	DF.classifications_0.25_0.3_229	Singlet	pANN_0.25_0.3_229	0.17840851495185
GSE222315_CATTGTTCATCGGTTA-1_1_1_1_1	GSE222315_p4_NAT	GSE222315	DF.classifications_0.25_0.3_229	Singlet	pANN_0.25_0.3_229	0.187531677648251
GSE222315_CATTGTTGTATACCTG-1_1_1_1_1	GSE222315_p4_NAT	GSE222315	DF.classifications_0.25_0.3_229	Singlet	pANN_0.25_0.3_229	0.176887987835783
GSE222315_CATTGTTGTCTGTAAC-1_1_1_1_1	GSE222315_p4_NAT	GSE222315	DF.classifications_0.25_0.3_229	Singlet	pANN_0.25_0.3_229	0.189052204764318
GSE222315_CATTGTTGTGTGGTCC-1_1_1_1_1	GSE222315_p4_NAT	GSE222315	DF.classifications_0.25_0.3_229	Singlet	pANN_0.25_0.3_229	0.156107450582869
GSE222315_CATTGTTTCATTGTTC-1_1_1_1_1	GSE222315_p4_NAT	GSE222315	DF.classifications_0.25_0.3_229	Singlet	pANN_0.25_0.3_229	0.349214394323365
GSE222315_CATTTCAAGGCGTCCT-1_1_1_1_1	GSE222315_p4_NAT	GSE222315	DF.classifications_0.25_0.3_229	Singlet	pANN_0.25_0.3_229	0.132285859097821
GSE222315_CATTTCAGTCGTCGGT-1_1_1_1_1	GSE222315_p4_NAT	GSE222315	DF.classifications_0.25_0.3_229	Singlet	pANN_0.25_0.3_229	0.208819057273188
GSE222315_CATTTCAGTCTACGTA-1_1_1_1_1	GSE222315_p4_NAT	GSE222315	DF.classifications_0.25_0.3_229	Singlet	pANN_0.25_0.3_229	0.183476938672073
GSE222315_CATTTCAGTGGCTACC-1_1_1_1_1	GSE222315_p4_NAT	GSE222315	DF.classifications_0.25_0.3_229	Singlet	pANN_0.25_0.3_229	0.188545362392296
GSE222315_CATTTCATCATCCCGT-1_1_1_1_1	GSE222315_p4_NAT	GSE222315	DF.classifications_0.25_0.3_229	Singlet	pANN_0.25_0.3_229	0.12772427774962
GSE222315_CATTTCATCCTCTAGC-1_1_1_1_1	GSE222315_p4_NAT	GSE222315	DF.classifications_0.25_0.3_229	Singlet	pANN_0.25_0.3_229	0.23568170299037
GSE222315_CATTTCATCTTGATTC-1_1_1_1_1	GSE222315_p4_NAT	GSE222315	DF.classifications_0.25_0.3_229	Singlet	pANN_0.25_0.3_229	0.220983274201723
GSE222315_CCAAGCGAGCCTCACG-1_1_1_1_1	GSE222315_p4_NAT	GSE222315	DF.classifications_0.25_0.3_229	Singlet	pANN_0.25_0.3_229	0.377090724784592
GSE222315_CCAAGCGAGCTTGTTG-1_1_1_1_1	GSE222315_p4_NAT	GSE222315	DF.classifications_0.25_0.3_229	Doublet	pANN_0.25_0.3_229	0.396857577293462
GSE222315_CCAAGCGAGGCTTAAA-1_1_1_1_1	GSE222315_p4_NAT	GSE222315	DF.classifications_0.25_0.3_229	Singlet	pANN_0.25_0.3_229	0.261530663963507
GSE222315_CCAAGCGGTCTATGAC-1_1_1_1_1	GSE222315_p4_NAT	GSE222315	DF.classifications_0.25_0.3_229	Singlet	pANN_0.25_0.3_229	0.168271667511404
GSE222315_CCAAGCGTCAGAACCT-1_1_1_1_1	GSE222315_p4_NAT	GSE222315	DF.classifications_0.25_0.3_229	Singlet	pANN_0.25_0.3_229	0.189559047136341
GSE222315_CCAAGCGTCTATACGG-1_1_1_1_1	GSE222315_p4_NAT	GSE222315	DF.classifications_0.25_0.3_229	Singlet	pANN_0.25_0.3_229	0.25544855549924
GSE222315_CCAATGAAGAAACTCA-1_1_1_1_1	GSE222315_p4_NAT	GSE222315	DF.classifications_0.25_0.3_229	Singlet	pANN_0.25_0.3_229	0.160162189559047
GSE222315_CCAATGACATTAGGAA-1_1_1_1_1	GSE222315_p4_NAT	GSE222315	DF.classifications_0.25_0.3_229	Singlet	pANN_0.25_0.3_229	0.191079574252408
GSE222315_CCAATGACATTGCAAC-1_1_1_1_1	GSE222315_p4_NAT	GSE222315	DF.classifications_0.25_0.3_229	Singlet	pANN_0.25_0.3_229	0.14749113025849
GSE222315_CCAATGATCTTGATTC-1_1_1_1_1	GSE222315_p4_NAT	GSE222315	DF.classifications_0.25_0.3_229	Singlet	pANN_0.25_0.3_229	0.128231120121642
GSE222315_CCAATTTAGACATCAA-1_1_1_1_1	GSE222315_p4_NAT	GSE222315	DF.classifications_0.25_0.3_229	Singlet	pANN_0.25_0.3_229	0.219969589457679
GSE222315_CCAATTTAGCGAGTAC-1_1_1_1_1	GSE222315_p4_NAT	GSE222315	DF.classifications_0.25_0.3_229	Singlet	pANN_0.25_0.3_229	0.259503294475418
GSE222315_CCAATTTCAATGCAAA-1_1_1_1_1	GSE222315_p4_NAT	GSE222315	DF.classifications_0.25_0.3_229	Singlet	pANN_0.25_0.3_229	0.299036999493158
GSE222315_CCAATTTGTCGAATTC-1_1_1_1_1	GSE222315_p4_NAT	GSE222315	DF.classifications_0.25_0.3_229	Singlet	pANN_0.25_0.3_229	0.180435884439939
GSE222315_CCAATTTGTTCTCCTG-1_1_1_1_1	GSE222315_p4_NAT	GSE222315	DF.classifications_0.25_0.3_229	Singlet	pANN_0.25_0.3_229	0.147997972630512
GSE222315_CCAATTTTCCAATCCC-1_1_1_1_1	GSE222315_p4_NAT	GSE222315	DF.classifications_0.25_0.3_229	Singlet	pANN_0.25_0.3_229	0.245311708058794
GSE222315_CCAATTTTCCTGTACC-1_1_1_1_1	GSE222315_p4_NAT	GSE222315	DF.classifications_0.25_0.3_229	Singlet	pANN_0.25_0.3_229	0.197668525088697
GSE222315_CCAATTTTCTTCCGTG-1_1_1_1_1	GSE222315_p4_NAT	GSE222315	DF.classifications_0.25_0.3_229	Singlet	pANN_0.25_0.3_229	0.191079574252408
GSE222315_CCACAAAAGGAACTCG-1_1_1_1_1	GSE222315_p4_NAT	GSE222315	DF.classifications_0.25_0.3_229	Singlet	pANN_0.25_0.3_229	0.13431322858591
GSE222315_CCACAAAAGGTTGTTC-1_1_1_1_1	GSE222315_p4_NAT	GSE222315	DF.classifications_0.25_0.3_229	Singlet	pANN_0.25_0.3_229	0.19158641662443
GSE222315_CCACACTAGCTACTGT-1_1_1_1_1	GSE222315_p4_NAT	GSE222315	DF.classifications_0.25_0.3_229	Singlet	pANN_0.25_0.3_229	0.236695387734415
GSE222315_CCACACTAGGAACATT-1_1_1_1_1	GSE222315_p4_NAT	GSE222315	DF.classifications_0.25_0.3_229	Singlet	pANN_0.25_0.3_229	0.172833248859605
GSE222315_CCACACTAGTTCAACC-1_1_1_1_1	GSE222315_p4_NAT	GSE222315	DF.classifications_0.25_0.3_229	Singlet	pANN_0.25_0.3_229	0.212873796249366
GSE222315_CCACACTCACCTTCGT-1_1_1_1_1	GSE222315_p4_NAT	GSE222315	DF.classifications_0.25_0.3_229	Singlet	pANN_0.25_0.3_229	0.119614799797263
GSE222315_CCACACTCACTCATAG-1_1_1_1_1	GSE222315_p4_NAT	GSE222315	DF.classifications_0.25_0.3_229	Singlet	pANN_0.25_0.3_229	0.201216421692854
GSE222315_CCACACTCAGGAACCA-1_1_1_1_1	GSE222315_p4_NAT	GSE222315	DF.classifications_0.25_0.3_229	Singlet	pANN_0.25_0.3_229	0.218955904713634
GSE222315_CCACACTGTATACCTG-1_1_1_1_1	GSE222315_p4_NAT	GSE222315	DF.classifications_0.25_0.3_229	Singlet	pANN_0.25_0.3_229	0.261530663963507
GSE222315_CCACACTGTATGGTAA-1_1_1_1_1	GSE222315_p4_NAT	GSE222315	DF.classifications_0.25_0.3_229	Singlet	pANN_0.25_0.3_229	0.159148504815003
GSE222315_CCACACTGTCACAGTT-1_1_1_1_1	GSE222315_p4_NAT	GSE222315	DF.classifications_0.25_0.3_229	Singlet	pANN_0.25_0.3_229	0.304105423213381
GSE222315_CCACACTGTGTCTTCC-1_1_1_1_1	GSE222315_p4_NAT	GSE222315	DF.classifications_0.25_0.3_229	Singlet	pANN_0.25_0.3_229	0.251393816523061
GSE222315_CCACCATCAATTGCCA-1_1_1_1_1	GSE222315_p4_NAT	GSE222315	DF.classifications_0.25_0.3_229	Singlet	pANN_0.25_0.3_229	0.203750633552965
GSE222315_CCACCATCATTCGATG-1_1_1_1_1	GSE222315_p4_NAT	GSE222315	DF.classifications_0.25_0.3_229	Singlet	pANN_0.25_0.3_229	0.159655347187025
GSE222315_CCACCATCATTGTCGA-1_1_1_1_1	GSE222315_p4_NAT	GSE222315	DF.classifications_0.25_0.3_229	Singlet	pANN_0.25_0.3_229	0.205271160669032
GSE222315_CCACCATGTTATAGCC-1_1_1_1_1	GSE222315_p4_NAT	GSE222315	DF.classifications_0.25_0.3_229	Singlet	pANN_0.25_0.3_229	0.264571718195641
GSE222315_CCACGAGAGTTTGGCT-1_1_1_1_1	GSE222315_p4_NAT	GSE222315	DF.classifications_0.25_0.3_229	Singlet	pANN_0.25_0.3_229	0.231120121642169
GSE222315_CCACGAGCAATCGAAA-1_1_1_1_1	GSE222315_p4_NAT	GSE222315	DF.classifications_0.25_0.3_229	Singlet	pANN_0.25_0.3_229	0.225038013177902
GSE222315_CCACGAGCATATCGGT-1_1_1_1_1	GSE222315_p4_NAT	GSE222315	DF.classifications_0.25_0.3_229	Singlet	pANN_0.25_0.3_229	0.176381145463761
GSE222315_CCACGAGCATTGAGCT-1_1_1_1_1	GSE222315_p4_NAT	GSE222315	DF.classifications_0.25_0.3_229	Singlet	pANN_0.25_0.3_229	0.124683223517486
GSE222315_CCACGAGGTACAGAGC-1_1_1_1_1	GSE222315_p4_NAT	GSE222315	DF.classifications_0.25_0.3_229	Singlet	pANN_0.25_0.3_229	0.135833755701977
GSE222315_CCACGAGTCAGATTGC-1_1_1_1_1	GSE222315_p4_NAT	GSE222315	DF.classifications_0.25_0.3_229	Singlet	pANN_0.25_0.3_229	0.178915357323872
GSE222315_CCACGTTCAAGTGATA-1_1_1_1_1	GSE222315_p4_NAT	GSE222315	DF.classifications_0.25_0.3_229	Singlet	pANN_0.25_0.3_229	0.210339584389255
GSE222315_CCACGTTGTTCCCAAA-1_1_1_1_1	GSE222315_p4_NAT	GSE222315	DF.classifications_0.25_0.3_229	Singlet	pANN_0.25_0.3_229	0.375063355296503
GSE222315_CCACGTTTCCATCTCG-1_1_1_1_1	GSE222315_p4_NAT	GSE222315	DF.classifications_0.25_0.3_229	Singlet	pANN_0.25_0.3_229	0.236188545362392
GSE222315_CCACTTGAGGCTCCCA-1_1_1_1_1	GSE222315_p4_NAT	GSE222315	DF.classifications_0.25_0.3_229	Singlet	pANN_0.25_0.3_229	0.142929548910289
GSE222315_CCACTTGAGTAAGAGG-1_1_1_1_1	GSE222315_p4_NAT	GSE222315	DF.classifications_0.25_0.3_229	Singlet	pANN_0.25_0.3_229	0.175367460719716
GSE222315_CCACTTGCAAAGAACT-1_1_1_1_1	GSE222315_p4_NAT	GSE222315	DF.classifications_0.25_0.3_229	Singlet	pANN_0.25_0.3_229	0.136847440446021
GSE222315_CCACTTGCAACCGATT-1_1_1_1_1	GSE222315_p4_NAT	GSE222315	DF.classifications_0.25_0.3_229	Singlet	pANN_0.25_0.3_229	0.187531677648251
GSE222315_CCACTTGCACTGAATC-1_1_1_1_1	GSE222315_p4_NAT	GSE222315	DF.classifications_0.25_0.3_229	Singlet	pANN_0.25_0.3_229	0.172326406487582
GSE222315_CCACTTGGTTTCAGAC-1_1_1_1_1	GSE222315_p4_NAT	GSE222315	DF.classifications_0.25_0.3_229	Singlet	pANN_0.25_0.3_229	0.219969589457679
GSE222315_CCACTTGTCCTCCACA-1_1_1_1_1	GSE222315_p4_NAT	GSE222315	DF.classifications_0.25_0.3_229	Singlet	pANN_0.25_0.3_229	0.141915864166244
GSE222315_CCACTTGTCTCGTCAC-1_1_1_1_1	GSE222315_p4_NAT	GSE222315	DF.classifications_0.25_0.3_229	Singlet	pANN_0.25_0.3_229	0.327927014698429
GSE222315_CCATAAGCACGCGGTT-1_1_1_1_1	GSE222315_p4_NAT	GSE222315	DF.classifications_0.25_0.3_229	Singlet	pANN_0.25_0.3_229	0.271160669031931
GSE222315_CCATAAGGTTCAAACC-1_1_1_1_1	GSE222315_p4_NAT	GSE222315	DF.classifications_0.25_0.3_229	Singlet	pANN_0.25_0.3_229	0.354789660415611
GSE222315_CCATAAGGTTTGTGGT-1_1_1_1_1	GSE222315_p4_NAT	GSE222315	DF.classifications_0.25_0.3_229	Singlet	pANN_0.25_0.3_229	0.180942726811961
GSE222315_CCATAAGTCGGTAGGA-1_1_1_1_1	GSE222315_p4_NAT	GSE222315	DF.classifications_0.25_0.3_229	Singlet	pANN_0.25_0.3_229	0.32387227572225
GSE222315_CCATAAGTCTGGGCCA-1_1_1_1_1	GSE222315_p4_NAT	GSE222315	DF.classifications_0.25_0.3_229	Singlet	pANN_0.25_0.3_229	0.19158641662443
GSE222315_CCATCACAGAGGCTGT-1_1_1_1_1	GSE222315_p4_NAT	GSE222315	DF.classifications_0.25_0.3_229	Singlet	pANN_0.25_0.3_229	0.219462747085656
GSE222315_CCATCACAGATGAATC-1_1_1_1_1	GSE222315_p4_NAT	GSE222315	DF.classifications_0.25_0.3_229	Doublet	pANN_0.25_0.3_229	0.392295995945261
GSE222315_CCATCACAGTCTAGAA-1_1_1_1_1	GSE222315_p4_NAT	GSE222315	DF.classifications_0.25_0.3_229	Singlet	pANN_0.25_0.3_229	0.189052204764318
GSE222315_CCATCACCAAGGTACG-1_1_1_1_1	GSE222315_p4_NAT	GSE222315	DF.classifications_0.25_0.3_229	Singlet	pANN_0.25_0.3_229	0.203750633552965
GSE222315_CCATCACCACTTCTCG-1_1_1_1_1	GSE222315_p4_NAT	GSE222315	DF.classifications_0.25_0.3_229	Singlet	pANN_0.25_0.3_229	0.149518499746579
GSE222315_CCATCACGTGGTTTAC-1_1_1_1_1	GSE222315_p4_NAT	GSE222315	DF.classifications_0.25_0.3_229	Singlet	pANN_0.25_0.3_229	0.283831728332489
GSE222315_CCATCACGTTGTTGCA-1_1_1_1_1	GSE222315_p4_NAT	GSE222315	DF.classifications_0.25_0.3_229	Doublet	pANN_0.25_0.3_229	0.399391789153573
GSE222315_CCATCACTCAACTACG-1_1_1_1_1	GSE222315_p4_NAT	GSE222315	DF.classifications_0.25_0.3_229	Singlet	pANN_0.25_0.3_229	0.266092245311708
GSE222315_CCATCACTCTTACGTT-1_1_1_1_1	GSE222315_p4_NAT	GSE222315	DF.classifications_0.25_0.3_229	Singlet	pANN_0.25_0.3_229	0.190065889508363
GSE222315_CCCAACTAGCACCTGC-1_1_1_1_1	GSE222315_p4_NAT	GSE222315	DF.classifications_0.25_0.3_229	Singlet	pANN_0.25_0.3_229	0.145970603142423
GSE222315_CCCAACTAGCTGGTGA-1_1_1_1_1	GSE222315_p4_NAT	GSE222315	DF.classifications_0.25_0.3_229	Singlet	pANN_0.25_0.3_229	0.255955397871262
GSE222315_CCCAACTCAACGCCCA-1_1_1_1_1	GSE222315_p4_NAT	GSE222315	DF.classifications_0.25_0.3_229	Singlet	pANN_0.25_0.3_229	0.257982767359351
GSE222315_CCCAACTCACAAGCTT-1_1_1_1_1	GSE222315_p4_NAT	GSE222315	DF.classifications_0.25_0.3_229	Singlet	pANN_0.25_0.3_229	0.241256969082615
GSE222315_CCCAACTCATCTCGTC-1_1_1_1_1	GSE222315_p4_NAT	GSE222315	DF.classifications_0.25_0.3_229	Singlet	pANN_0.25_0.3_229	0.22909275215408
GSE222315_CCCATTGAGACCAAAT-1_1_1_1_1	GSE222315_p4_NAT	GSE222315	DF.classifications_0.25_0.3_229	Singlet	pANN_0.25_0.3_229	0.354282818043588
GSE222315_CCCATTGCACCGTGAC-1_1_1_1_1	GSE222315_p4_NAT	GSE222315	DF.classifications_0.25_0.3_229	Singlet	pANN_0.25_0.3_229	0.240243284338571
GSE222315_CCCATTGTCAAGTGGG-1_1_1_1_1	GSE222315_p4_NAT	GSE222315	DF.classifications_0.25_0.3_229	Singlet	pANN_0.25_0.3_229	0.192093258996452
GSE222315_CCCATTGTCCGTGTAA-1_1_1_1_1	GSE222315_p4_NAT	GSE222315	DF.classifications_0.25_0.3_229	Singlet	pANN_0.25_0.3_229	0.218955904713634
GSE222315_CCCATTGTCGCTTGAA-1_1_1_1_1	GSE222315_p4_NAT	GSE222315	DF.classifications_0.25_0.3_229	Singlet	pANN_0.25_0.3_229	0.180435884439939
GSE222315_CCCATTGTCTCCACTG-1_1_1_1_1	GSE222315_p4_NAT	GSE222315	DF.classifications_0.25_0.3_229	Singlet	pANN_0.25_0.3_229	0.274708565636087
GSE222315_CCCATTGTCTCTCGCA-1_1_1_1_1	GSE222315_p4_NAT	GSE222315	DF.classifications_0.25_0.3_229	Singlet	pANN_0.25_0.3_229	0.186517992904207
GSE222315_CCCGAAGCACCTCGTT-1_1_1_1_1	GSE222315_p4_NAT	GSE222315	DF.classifications_0.25_0.3_229	Singlet	pANN_0.25_0.3_229	0.235174860618348
GSE222315_CCCGAAGCACTTGGGC-1_1_1_1_1	GSE222315_p4_NAT	GSE222315	DF.classifications_0.25_0.3_229	Singlet	pANN_0.25_0.3_229	0.243791180942727
GSE222315_CCCGAAGCAGTCAGCC-1_1_1_1_1	GSE222315_p4_NAT	GSE222315	DF.classifications_0.25_0.3_229	Singlet	pANN_0.25_0.3_229	0.24885960466295
GSE222315_CCCGAAGGTACCTAAC-1_1_1_1_1	GSE222315_p4_NAT	GSE222315	DF.classifications_0.25_0.3_229	Singlet	pANN_0.25_0.3_229	0.197668525088697
GSE222315_CCCGAAGGTTGGGCCT-1_1_1_1_1	GSE222315_p4_NAT	GSE222315	DF.classifications_0.25_0.3_229	Singlet	pANN_0.25_0.3_229	0.251900658895084
GSE222315_CCCGGAAAGAAACCCG-1_1_1_1_1	GSE222315_p4_NAT	GSE222315	DF.classifications_0.25_0.3_229	Singlet	pANN_0.25_0.3_229	0.146984287886467
GSE222315_CCCGGAAAGAGTCCGA-1_1_1_1_1	GSE222315_p4_NAT	GSE222315	DF.classifications_0.25_0.3_229	Singlet	pANN_0.25_0.3_229	0.191079574252408
GSE222315_CCCGGAAAGTAGGAAG-1_1_1_1_1	GSE222315_p4_NAT	GSE222315	DF.classifications_0.25_0.3_229	Singlet	pANN_0.25_0.3_229	0.181449569183984
GSE222315_CCCGGAAAGTATAACG-1_1_1_1_1	GSE222315_p4_NAT	GSE222315	DF.classifications_0.25_0.3_229	Singlet	pANN_0.25_0.3_229	0.196147997972631
GSE222315_CCCGGAACAGGCCCTA-1_1_1_1_1	GSE222315_p4_NAT	GSE222315	DF.classifications_0.25_0.3_229	Singlet	pANN_0.25_0.3_229	0.153066396350735
GSE222315_CCCGGAAGTCATTGCA-1_1_1_1_1	GSE222315_p4_NAT	GSE222315	DF.classifications_0.25_0.3_229	Singlet	pANN_0.25_0.3_229	0.230106436898125
GSE222315_CCCGGAAGTTTCGTTT-1_1_1_1_1	GSE222315_p4_NAT	GSE222315	DF.classifications_0.25_0.3_229	Singlet	pANN_0.25_0.3_229	0.228585909782058
GSE222315_CCCGGAATCATTGAGC-1_1_1_1_1	GSE222315_p4_NAT	GSE222315	DF.classifications_0.25_0.3_229	Singlet	pANN_0.25_0.3_229	0.194627470856564
GSE222315_CCCGGAATCTCATAGG-1_1_1_1_1	GSE222315_p4_NAT	GSE222315	DF.classifications_0.25_0.3_229	Singlet	pANN_0.25_0.3_229	0.198682209832742
GSE222315_CCCTAACCATGCCGAC-1_1_1_1_1	GSE222315_p4_NAT	GSE222315	DF.classifications_0.25_0.3_229	Singlet	pANN_0.25_0.3_229	0.160669031931069
GSE222315_CCCTCAAAGGCATGGT-1_1_1_1_1	GSE222315_p4_NAT	GSE222315	DF.classifications_0.25_0.3_229	Singlet	pANN_0.25_0.3_229	0.187024835276229
GSE222315_CCCTCAAAGTGCACCC-1_1_1_1_1	GSE222315_p4_NAT	GSE222315	DF.classifications_0.25_0.3_229	Singlet	pANN_0.25_0.3_229	0.131272174353776
GSE222315_CCCTCAAGTGGTCTGC-1_1_1_1_1	GSE222315_p4_NAT	GSE222315	DF.classifications_0.25_0.3_229	Singlet	pANN_0.25_0.3_229	0.157627977698936
GSE222315_CCCTCAAGTTAAACAG-1_1_1_1_1	GSE222315_p4_NAT	GSE222315	DF.classifications_0.25_0.3_229	Singlet	pANN_0.25_0.3_229	0.17840851495185
GSE222315_CCCTCTCCAATGAGCG-1_1_1_1_1	GSE222315_p4_NAT	GSE222315	DF.classifications_0.25_0.3_229	Singlet	pANN_0.25_0.3_229	0.202230106436898
GSE222315_CCCTCTCGTAATGTGA-1_1_1_1_1	GSE222315_p4_NAT	GSE222315	DF.classifications_0.25_0.3_229	Doublet	pANN_0.25_0.3_229	0.390268626457172
GSE222315_CCCTCTCTCACGAGGA-1_1_1_1_1	GSE222315_p4_NAT	GSE222315	DF.classifications_0.25_0.3_229	Singlet	pANN_0.25_0.3_229	0.162189559047136
GSE222315_CCCTCTCTCGCAGAGA-1_1_1_1_1	GSE222315_p4_NAT	GSE222315	DF.classifications_0.25_0.3_229	Doublet	pANN_0.25_0.3_229	0.396857577293462
GSE222315_CCCTCTCTCTTACGGA-1_1_1_1_1	GSE222315_p4_NAT	GSE222315	DF.classifications_0.25_0.3_229	Singlet	pANN_0.25_0.3_229	0.263051191079574
GSE222315_CCCTGATAGCCTCTGG-1_1_1_1_1	GSE222315_p4_NAT	GSE222315	DF.classifications_0.25_0.3_229	Singlet	pANN_0.25_0.3_229	0.203750633552965
GSE222315_CCCTGATCATGAAGGC-1_1_1_1_1	GSE222315_p4_NAT	GSE222315	DF.classifications_0.25_0.3_229	Singlet	pANN_0.25_0.3_229	0.374556512924481
GSE222315_CCCTGATTCAAAGGAT-1_1_1_1_1	GSE222315_p4_NAT	GSE222315	DF.classifications_0.25_0.3_229	Singlet	pANN_0.25_0.3_229	0.225544855549924
GSE222315_CCCTTAGAGACATGCG-1_1_1_1_1	GSE222315_p4_NAT	GSE222315	DF.classifications_0.25_0.3_229	Singlet	pANN_0.25_0.3_229	0.194627470856564
GSE222315_CCCTTAGAGGTTGCCC-1_1_1_1_1	GSE222315_p4_NAT	GSE222315	DF.classifications_0.25_0.3_229	Singlet	pANN_0.25_0.3_229	0.269133299543842
GSE222315_CCCTTAGCATAGGAGC-1_1_1_1_1	GSE222315_p4_NAT	GSE222315	DF.classifications_0.25_0.3_229	Doublet	pANN_0.25_0.3_229	0.406994424733908
GSE222315_CCCTTAGGTCTCTCAC-1_1_1_1_1	GSE222315_p4_NAT	GSE222315	DF.classifications_0.25_0.3_229	Singlet	pANN_0.25_0.3_229	0.162189559047136
GSE222315_CCGAACGAGACCACGA-1_1_1_1_1	GSE222315_p4_NAT	GSE222315	DF.classifications_0.25_0.3_229	Singlet	pANN_0.25_0.3_229	0.274201723264065
GSE222315_CCGAACGCAGATCCTA-1_1_1_1_1	GSE222315_p4_NAT	GSE222315	DF.classifications_0.25_0.3_229	Singlet	pANN_0.25_0.3_229	0.169792194627471
GSE222315_CCGAACGGTCCAGTTA-1_1_1_1_1	GSE222315_p4_NAT	GSE222315	DF.classifications_0.25_0.3_229	Singlet	pANN_0.25_0.3_229	0.165737455651292
GSE222315_CCGAACGGTGTCCGTG-1_1_1_1_1	GSE222315_p4_NAT	GSE222315	DF.classifications_0.25_0.3_229	Singlet	pANN_0.25_0.3_229	0.248352762290928
GSE222315_CCGAACGTCGTGGGTC-1_1_1_1_1	GSE222315_p4_NAT	GSE222315	DF.classifications_0.25_0.3_229	Singlet	pANN_0.25_0.3_229	0.151545869234668
GSE222315_CCGATCTGTTCAGGTT-1_1_1_1_1	GSE222315_p4_NAT	GSE222315	DF.classifications_0.25_0.3_229	Singlet	pANN_0.25_0.3_229	0.378611251900659
GSE222315_CCGATCTTCCTATGGA-1_1_1_1_1	GSE222315_p4_NAT	GSE222315	DF.classifications_0.25_0.3_229	Singlet	pANN_0.25_0.3_229	0.365433350228079
GSE222315_CCGATGGAGCAAGGAA-1_1_1_1_1	GSE222315_p4_NAT	GSE222315	DF.classifications_0.25_0.3_229	Singlet	pANN_0.25_0.3_229	0.177901672579828
GSE222315_CCGATGGAGTAGGCCA-1_1_1_1_1	GSE222315_p4_NAT	GSE222315	DF.classifications_0.25_0.3_229	Singlet	pANN_0.25_0.3_229	0.162189559047136
GSE222315_CCGATGGGTGTCCCTT-1_1_1_1_1	GSE222315_p4_NAT	GSE222315	DF.classifications_0.25_0.3_229	Singlet	pANN_0.25_0.3_229	0.247339077546883
GSE222315_CCGATGGTCGCTACGG-1_1_1_1_1	GSE222315_p4_NAT	GSE222315	DF.classifications_0.25_0.3_229	Doublet	pANN_0.25_0.3_229	0.390775468829194
GSE222315_CCGCAAGAGCACTGGA-1_1_1_1_1	GSE222315_p4_NAT	GSE222315	DF.classifications_0.25_0.3_229	Singlet	pANN_0.25_0.3_229	0.384186517992904
GSE222315_CCGCAAGAGTTCCGGC-1_1_1_1_1	GSE222315_p4_NAT	GSE222315	DF.classifications_0.25_0.3_229	Singlet	pANN_0.25_0.3_229	0.22250380131779
GSE222315_CCGCAAGGTCGAGCAA-1_1_1_1_1	GSE222315_p4_NAT	GSE222315	DF.classifications_0.25_0.3_229	Singlet	pANN_0.25_0.3_229	0.2159148504815
GSE222315_CCGGACAAGAAGCCAC-1_1_1_1_1	GSE222315_p4_NAT	GSE222315	DF.classifications_0.25_0.3_229	Singlet	pANN_0.25_0.3_229	0.239736441966548
GSE222315_CCGGACAAGGCGAACT-1_1_1_1_1	GSE222315_p4_NAT	GSE222315	DF.classifications_0.25_0.3_229	Doublet	pANN_0.25_0.3_229	0.386213887480993
GSE222315_CCGGACACATCGGAGA-1_1_1_1_1	GSE222315_p4_NAT	GSE222315	DF.classifications_0.25_0.3_229	Singlet	pANN_0.25_0.3_229	0.269133299543842
GSE222315_CCGGACAGTCGCTTAA-1_1_1_1_1	GSE222315_p4_NAT	GSE222315	DF.classifications_0.25_0.3_229	Singlet	pANN_0.25_0.3_229	0.256969082615307
GSE222315_CCGGACATCAAGGAGC-1_1_1_1_1	GSE222315_p4_NAT	GSE222315	DF.classifications_0.25_0.3_229	Singlet	pANN_0.25_0.3_229	0.15864166244298
GSE222315_CCGGACATCTAGTGTG-1_1_1_1_1	GSE222315_p4_NAT	GSE222315	DF.classifications_0.25_0.3_229	Singlet	pANN_0.25_0.3_229	0.195134313228586
GSE222315_CCGGGTAAGCGTGCTC-1_1_1_1_1	GSE222315_p4_NAT	GSE222315	DF.classifications_0.25_0.3_229	Singlet	pANN_0.25_0.3_229	0.252407501267106
GSE222315_CCGGGTAAGGGCAGTT-1_1_1_1_1	GSE222315_p4_NAT	GSE222315	DF.classifications_0.25_0.3_229	Singlet	pANN_0.25_0.3_229	0.119107957425241
GSE222315_CCGGGTACACTAGTAC-1_1_1_1_1	GSE222315_p4_NAT	GSE222315	DF.classifications_0.25_0.3_229	Singlet	pANN_0.25_0.3_229	0.1454637607704
GSE222315_CCGGGTACATGGCCAC-1_1_1_1_1	GSE222315_p4_NAT	GSE222315	DF.classifications_0.25_0.3_229	Singlet	pANN_0.25_0.3_229	0.173340091231627
GSE222315_CCGGTAGAGGACAGTC-1_1_1_1_1	GSE222315_p4_NAT	GSE222315	DF.classifications_0.25_0.3_229	Singlet	pANN_0.25_0.3_229	0.18499746578814
GSE222315_CCGGTAGAGGGTACAC-1_1_1_1_1	GSE222315_p4_NAT	GSE222315	DF.classifications_0.25_0.3_229	Singlet	pANN_0.25_0.3_229	0.26203750633553
GSE222315_CCGGTAGGTTCAAGGG-1_1_1_1_1	GSE222315_p4_NAT	GSE222315	DF.classifications_0.25_0.3_229	Singlet	pANN_0.25_0.3_229	0.202230106436898
GSE222315_CCGGTAGTCCACTTTA-1_1_1_1_1	GSE222315_p4_NAT	GSE222315	DF.classifications_0.25_0.3_229	Singlet	pANN_0.25_0.3_229	0.372529143436391
GSE222315_CCGGTAGTCGAATCCA-1_1_1_1_1	GSE222315_p4_NAT	GSE222315	DF.classifications_0.25_0.3_229	Singlet	pANN_0.25_0.3_229	0.201216421692854
GSE222315_CCGGTAGTCTTTCGAT-1_1_1_1_1	GSE222315_p4_NAT	GSE222315	DF.classifications_0.25_0.3_229	Singlet	pANN_0.25_0.3_229	0.223010643689812
GSE222315_CCGGTGAAGAATAGTC-1_1_1_1_1	GSE222315_p4_NAT	GSE222315	DF.classifications_0.25_0.3_229	Singlet	pANN_0.25_0.3_229	0.179422199695895
GSE222315_CCGGTGACACCAGGTC-1_1_1_1_1	GSE222315_p4_NAT	GSE222315	DF.classifications_0.25_0.3_229	Singlet	pANN_0.25_0.3_229	0.209832742017233
GSE222315_CCGGTGACATCGTCCT-1_1_1_1_1	GSE222315_p4_NAT	GSE222315	DF.classifications_0.25_0.3_229	Singlet	pANN_0.25_0.3_229	0.319817536746072
GSE222315_CCGGTGACATGACGTT-1_1_1_1_1	GSE222315_p4_NAT	GSE222315	DF.classifications_0.25_0.3_229	Singlet	pANN_0.25_0.3_229	0.181956411556006
GSE222315_CCGGTGAGTCAAACGG-1_1_1_1_1	GSE222315_p4_NAT	GSE222315	DF.classifications_0.25_0.3_229	Singlet	pANN_0.25_0.3_229	0.165737455651292
GSE222315_CCGGTGAGTGGCTACC-1_1_1_1_1	GSE222315_p4_NAT	GSE222315	DF.classifications_0.25_0.3_229	Singlet	pANN_0.25_0.3_229	0.239229599594526
GSE222315_CCGGTGATCCATGAGT-1_1_1_1_1	GSE222315_p4_NAT	GSE222315	DF.classifications_0.25_0.3_229	Singlet	pANN_0.25_0.3_229	0.186011150532184
GSE222315_CCGGTGATCGAGCCTG-1_1_1_1_1	GSE222315_p4_NAT	GSE222315	DF.classifications_0.25_0.3_229	Singlet	pANN_0.25_0.3_229	0.257475924987329
GSE222315_CCGTAGGCAATAGTCC-1_1_1_1_1	GSE222315_p4_NAT	GSE222315	DF.classifications_0.25_0.3_229	Singlet	pANN_0.25_0.3_229	0.186011150532184
GSE222315_CCGTAGGCAGAGTGTG-1_1_1_1_1	GSE222315_p4_NAT	GSE222315	DF.classifications_0.25_0.3_229	Singlet	pANN_0.25_0.3_229	0.207298530157121
GSE222315_CCGTAGGGTTCTCTCG-1_1_1_1_1	GSE222315_p4_NAT	GSE222315	DF.classifications_0.25_0.3_229	Singlet	pANN_0.25_0.3_229	0.23568170299037
GSE222315_CCGTAGGTCACTCGAA-1_1_1_1_1	GSE222315_p4_NAT	GSE222315	DF.classifications_0.25_0.3_229	Doublet	pANN_0.25_0.3_229	0.399391789153573
GSE222315_CCGTGAGAGTTTAGGA-1_1_1_1_1	GSE222315_p4_NAT	GSE222315	DF.classifications_0.25_0.3_229	Doublet	pANN_0.25_0.3_229	0.389254941713127
GSE222315_CCGTGAGCATCTCCCA-1_1_1_1_1	GSE222315_p4_NAT	GSE222315	DF.classifications_0.25_0.3_229	Singlet	pANN_0.25_0.3_229	0.148504815002534
GSE222315_CCGTGAGCATGGATCT-1_1_1_1_1	GSE222315_p4_NAT	GSE222315	DF.classifications_0.25_0.3_229	Singlet	pANN_0.25_0.3_229	0.364419665484034
GSE222315_CCGTGAGTCTTGCGCT-1_1_1_1_1	GSE222315_p4_NAT	GSE222315	DF.classifications_0.25_0.3_229	Singlet	pANN_0.25_0.3_229	0.130765331981754
GSE222315_CCGTTCAAGATCGCTT-1_1_1_1_1	GSE222315_p4_NAT	GSE222315	DF.classifications_0.25_0.3_229	Singlet	pANN_0.25_0.3_229	0.23568170299037
GSE222315_CCGTTCACACGTCTCT-1_1_1_1_1	GSE222315_p4_NAT	GSE222315	DF.classifications_0.25_0.3_229	Singlet	pANN_0.25_0.3_229	0.189052204764318
GSE222315_CCGTTCAGTGGGTTGA-1_1_1_1_1	GSE222315_p4_NAT	GSE222315	DF.classifications_0.25_0.3_229	Singlet	pANN_0.25_0.3_229	0.149011657374557
GSE222315_CCGTTCATCAGGAAAT-1_1_1_1_1	GSE222315_p4_NAT	GSE222315	DF.classifications_0.25_0.3_229	Doublet	pANN_0.25_0.3_229	0.403953370501774
GSE222315_CCGTTCATCGATGGAG-1_1_1_1_1	GSE222315_p4_NAT	GSE222315	DF.classifications_0.25_0.3_229	Singlet	pANN_0.25_0.3_229	0.125190065889508
GSE222315_CCGTTCATCTTGGAAC-1_1_1_1_1	GSE222315_p4_NAT	GSE222315	DF.classifications_0.25_0.3_229	Doublet	pANN_0.25_0.3_229	0.395843892549417
GSE222315_CCTAACCCACATTCTT-1_1_1_1_1	GSE222315_p4_NAT	GSE222315	DF.classifications_0.25_0.3_229	Singlet	pANN_0.25_0.3_229	0.22250380131779
GSE222315_CCTAACCGTACGATGG-1_1_1_1_1	GSE222315_p4_NAT	GSE222315	DF.classifications_0.25_0.3_229	Singlet	pANN_0.25_0.3_229	0.193613786112519
GSE222315_CCTAACCGTTGCACGC-1_1_1_1_1	GSE222315_p4_NAT	GSE222315	DF.classifications_0.25_0.3_229	Doublet	pANN_0.25_0.3_229	0.389761784085149
GSE222315_CCTAAGACAGTCGCAC-1_1_1_1_1	GSE222315_p4_NAT	GSE222315	DF.classifications_0.25_0.3_229	Singlet	pANN_0.25_0.3_229	0.252407501267106
GSE222315_CCTAAGATCGGAACTT-1_1_1_1_1	GSE222315_p4_NAT	GSE222315	DF.classifications_0.25_0.3_229	Singlet	pANN_0.25_0.3_229	0.328940699442473
GSE222315_CCTACGTAGACTAAGT-1_1_1_1_1	GSE222315_p4_NAT	GSE222315	DF.classifications_0.25_0.3_229	Singlet	pANN_0.25_0.3_229	0.336036492650786
GSE222315_CCTACGTAGGTGCTAG-1_1_1_1_1	GSE222315_p4_NAT	GSE222315	DF.classifications_0.25_0.3_229	Singlet	pANN_0.25_0.3_229	0.181449569183984
GSE222315_CCTACGTGTCCGCAGT-1_1_1_1_1	GSE222315_p4_NAT	GSE222315	DF.classifications_0.25_0.3_229	Singlet	pANN_0.25_0.3_229	0.26862645717182
GSE222315_CCTACGTGTTAAGACA-1_1_1_1_1	GSE222315_p4_NAT	GSE222315	DF.classifications_0.25_0.3_229	Singlet	pANN_0.25_0.3_229	0.239736441966548
GSE222315_CCTACGTTCCACGTCT-1_1_1_1_1	GSE222315_p4_NAT	GSE222315	DF.classifications_0.25_0.3_229	Singlet	pANN_0.25_0.3_229	0.194627470856564
GSE222315_CCTATCGCATGGAACG-1_1_1_1_1	GSE222315_p4_NAT	GSE222315	DF.classifications_0.25_0.3_229	Singlet	pANN_0.25_0.3_229	0.212366953877344
GSE222315_CCTATCGGTCATGACT-1_1_1_1_1	GSE222315_p4_NAT	GSE222315	DF.classifications_0.25_0.3_229	Singlet	pANN_0.25_0.3_229	0.180435884439939
GSE222315_CCTATCGGTGCAAGAC-1_1_1_1_1	GSE222315_p4_NAT	GSE222315	DF.classifications_0.25_0.3_229	Singlet	pANN_0.25_0.3_229	0.19817536746072
GSE222315_CCTATCGGTTGGGAAC-1_1_1_1_1	GSE222315_p4_NAT	GSE222315	DF.classifications_0.25_0.3_229	Singlet	pANN_0.25_0.3_229	0.227065382665991
GSE222315_CCTATCGTCCAACCAA-1_1_1_1_1	GSE222315_p4_NAT	GSE222315	DF.classifications_0.25_0.3_229	Singlet	pANN_0.25_0.3_229	0.195134313228586
GSE222315_CCTATCGTCGCGTGCA-1_1_1_1_1	GSE222315_p4_NAT	GSE222315	DF.classifications_0.25_0.3_229	Singlet	pANN_0.25_0.3_229	0.246832235174861
GSE222315_CCTATCGTCTTCGACC-1_1_1_1_1	GSE222315_p4_NAT	GSE222315	DF.classifications_0.25_0.3_229	Singlet	pANN_0.25_0.3_229	0.144450076026356
GSE222315_CCTCAACAGACTTCAC-1_1_1_1_1	GSE222315_p4_NAT	GSE222315	DF.classifications_0.25_0.3_229	Singlet	pANN_0.25_0.3_229	0.164723770907248
GSE222315_CCTCAACAGTCGTCTA-1_1_1_1_1	GSE222315_p4_NAT	GSE222315	DF.classifications_0.25_0.3_229	Doublet	pANN_0.25_0.3_229	0.390775468829194
GSE222315_CCTCAACGTAATACCC-1_1_1_1_1	GSE222315_p4_NAT	GSE222315	DF.classifications_0.25_0.3_229	Singlet	pANN_0.25_0.3_229	0.26001013684744
GSE222315_CCTCAACTCCAGCACG-1_1_1_1_1	GSE222315_p4_NAT	GSE222315	DF.classifications_0.25_0.3_229	Singlet	pANN_0.25_0.3_229	0.342118601115053
GSE222315_CCTCACAAGGTTCACT-1_1_1_1_1	GSE222315_p4_NAT	GSE222315	DF.classifications_0.25_0.3_229	Singlet	pANN_0.25_0.3_229	0.384693360364927
GSE222315_CCTCACAAGTCTGGAG-1_1_1_1_1	GSE222315_p4_NAT	GSE222315	DF.classifications_0.25_0.3_229	Singlet	pANN_0.25_0.3_229	0.250380131779017
GSE222315_CCTCACACAGGAATCG-1_1_1_1_1	GSE222315_p4_NAT	GSE222315	DF.classifications_0.25_0.3_229	Singlet	pANN_0.25_0.3_229	0.244804865686771
GSE222315_CCTCACACATCGAGCC-1_1_1_1_1	GSE222315_p4_NAT	GSE222315	DF.classifications_0.25_0.3_229	Singlet	pANN_0.25_0.3_229	0.141409021794222
GSE222315_CCTCACAGTAAGATCA-1_1_1_1_1	GSE222315_p4_NAT	GSE222315	DF.classifications_0.25_0.3_229	Singlet	pANN_0.25_0.3_229	0.228585909782058
GSE222315_CCTCACATCTGAGGCC-1_1_1_1_1	GSE222315_p4_NAT	GSE222315	DF.classifications_0.25_0.3_229	Singlet	pANN_0.25_0.3_229	0.180435884439939
GSE222315_CCTCAGTAGGTGAGAA-1_1_1_1_1	GSE222315_p4_NAT	GSE222315	DF.classifications_0.25_0.3_229	Singlet	pANN_0.25_0.3_229	0.382665990876837
GSE222315_CCTCAGTAGTAACCGG-1_1_1_1_1	GSE222315_p4_NAT	GSE222315	DF.classifications_0.25_0.3_229	Singlet	pANN_0.25_0.3_229	0.181449569183984
GSE222315_CCTCAGTCATTCTTCA-1_1_1_1_1	GSE222315_p4_NAT	GSE222315	DF.classifications_0.25_0.3_229	Singlet	pANN_0.25_0.3_229	0.363912823112012
GSE222315_CCTCAGTGTTCATCTT-1_1_1_1_1	GSE222315_p4_NAT	GSE222315	DF.classifications_0.25_0.3_229	Singlet	pANN_0.25_0.3_229	0.284338570704511
GSE222315_CCTCAGTTCCTCACCA-1_1_1_1_1	GSE222315_p4_NAT	GSE222315	DF.classifications_0.25_0.3_229	Singlet	pANN_0.25_0.3_229	0.227572225038013
GSE222315_CCTCAGTTCGCATTGA-1_1_1_1_1	GSE222315_p4_NAT	GSE222315	DF.classifications_0.25_0.3_229	Singlet	pANN_0.25_0.3_229	0.255955397871262
GSE222315_CCTCAGTTCTCCGATC-1_1_1_1_1	GSE222315_p4_NAT	GSE222315	DF.classifications_0.25_0.3_229	Singlet	pANN_0.25_0.3_229	0.269640141915864
GSE222315_CCTCATGAGTGAATAC-1_1_1_1_1	GSE222315_p4_NAT	GSE222315	DF.classifications_0.25_0.3_229	Singlet	pANN_0.25_0.3_229	0.179422199695895
GSE222315_CCTCATGCAGGGACTA-1_1_1_1_1	GSE222315_p4_NAT	GSE222315	DF.classifications_0.25_0.3_229	Singlet	pANN_0.25_0.3_229	0.188545362392296
GSE222315_CCTCATGCATGATAGA-1_1_1_1_1	GSE222315_p4_NAT	GSE222315	DF.classifications_0.25_0.3_229	Singlet	pANN_0.25_0.3_229	0.263558033451597
GSE222315_CCTCATGGTCGTACTA-1_1_1_1_1	GSE222315_p4_NAT	GSE222315	DF.classifications_0.25_0.3_229	Singlet	pANN_0.25_0.3_229	0.269133299543842
GSE222315_CCTCATGGTGTCATTG-1_1_1_1_1	GSE222315_p4_NAT	GSE222315	DF.classifications_0.25_0.3_229	Doublet	pANN_0.25_0.3_229	0.410542321338064
GSE222315_CCTCATGTCACAACCA-1_1_1_1_1	GSE222315_p4_NAT	GSE222315	DF.classifications_0.25_0.3_229	Singlet	pANN_0.25_0.3_229	0.128737962493664
GSE222315_CCTCATGTCAGCGGAA-1_1_1_1_1	GSE222315_p4_NAT	GSE222315	DF.classifications_0.25_0.3_229	Singlet	pANN_0.25_0.3_229	0.143436391282311
GSE222315_CCTCATGTCGAAGCAG-1_1_1_1_1	GSE222315_p4_NAT	GSE222315	DF.classifications_0.25_0.3_229	Singlet	pANN_0.25_0.3_229	0.182970096300051
GSE222315_CCTCATGTCGTGCACG-1_1_1_1_1	GSE222315_p4_NAT	GSE222315	DF.classifications_0.25_0.3_229	Singlet	pANN_0.25_0.3_229	0.358844399391789
GSE222315_CCTCCAAAGAATACAC-1_1_1_1_1	GSE222315_p4_NAT	GSE222315	DF.classifications_0.25_0.3_229	Doublet	pANN_0.25_0.3_229	0.390268626457172
GSE222315_CCTCCAAAGTGTAGAT-1_1_1_1_1	GSE222315_p4_NAT	GSE222315	DF.classifications_0.25_0.3_229	Singlet	pANN_0.25_0.3_229	0.166244298023315
GSE222315_CCTCCAAAGTTGTAAG-1_1_1_1_1	GSE222315_p4_NAT	GSE222315	DF.classifications_0.25_0.3_229	Singlet	pANN_0.25_0.3_229	0.229599594526102
GSE222315_CCTCCAAGTAACAGTA-1_1_1_1_1	GSE222315_p4_NAT	GSE222315	DF.classifications_0.25_0.3_229	Singlet	pANN_0.25_0.3_229	0.172326406487582
GSE222315_CCTCCAAGTACCGGAA-1_1_1_1_1	GSE222315_p4_NAT	GSE222315	DF.classifications_0.25_0.3_229	Singlet	pANN_0.25_0.3_229	0.122149011657375
GSE222315_CCTCCAAGTATGAAAC-1_1_1_1_1	GSE222315_p4_NAT	GSE222315	DF.classifications_0.25_0.3_229	Singlet	pANN_0.25_0.3_229	0.168778509883426
GSE222315_CCTCCAAGTTCATCTT-1_1_1_1_1	GSE222315_p4_NAT	GSE222315	DF.classifications_0.25_0.3_229	Singlet	pANN_0.25_0.3_229	0.194627470856564
GSE222315_CCTCCAATCCCAATAG-1_1_1_1_1	GSE222315_p4_NAT	GSE222315	DF.classifications_0.25_0.3_229	Singlet	pANN_0.25_0.3_229	0.297516472377091
GSE222315_CCTCCTCAGATGCAGC-1_1_1_1_1	GSE222315_p4_NAT	GSE222315	DF.classifications_0.25_0.3_229	Singlet	pANN_0.25_0.3_229	0.157627977698936
GSE222315_CCTCCTCGTTAAGGAT-1_1_1_1_1	GSE222315_p4_NAT	GSE222315	DF.classifications_0.25_0.3_229	Singlet	pANN_0.25_0.3_229	0.199695894576787
GSE222315_CCTCCTCTCATCTCTA-1_1_1_1_1	GSE222315_p4_NAT	GSE222315	DF.classifications_0.25_0.3_229	Singlet	pANN_0.25_0.3_229	0.1409021794222
GSE222315_CCTCTAGCACCCAAGC-1_1_1_1_1	GSE222315_p4_NAT	GSE222315	DF.classifications_0.25_0.3_229	Singlet	pANN_0.25_0.3_229	0.164723770907248
GSE222315_CCTCTAGCAGCGCTTG-1_1_1_1_1	GSE222315_p4_NAT	GSE222315	DF.classifications_0.25_0.3_229	Singlet	pANN_0.25_0.3_229	0.133299543841865
GSE222315_CCTCTAGCAGCTATAC-1_1_1_1_1	GSE222315_p4_NAT	GSE222315	DF.classifications_0.25_0.3_229	Singlet	pANN_0.25_0.3_229	0.329447541814496
GSE222315_CCTCTAGCATATTCGG-1_1_1_1_1	GSE222315_p4_NAT	GSE222315	DF.classifications_0.25_0.3_229	Singlet	pANN_0.25_0.3_229	0.248352762290928
GSE222315_CCTCTCCCAATTTCGG-1_1_1_1_1	GSE222315_p4_NAT	GSE222315	DF.classifications_0.25_0.3_229	Singlet	pANN_0.25_0.3_229	0.152559553978713
GSE222315_CCTCTCCGTAGTACGG-1_1_1_1_1	GSE222315_p4_NAT	GSE222315	DF.classifications_0.25_0.3_229	Singlet	pANN_0.25_0.3_229	0.267105930055753
GSE222315_CCTCTCCGTTTCGTAG-1_1_1_1_1	GSE222315_p4_NAT	GSE222315	DF.classifications_0.25_0.3_229	Singlet	pANN_0.25_0.3_229	0.15864166244298
GSE222315_CCTCTCCTCAGTGTGT-1_1_1_1_1	GSE222315_p4_NAT	GSE222315	DF.classifications_0.25_0.3_229	Doublet	pANN_0.25_0.3_229	0.389761784085149
GSE222315_CCTCTCCTCTTCGGTC-1_1_1_1_1	GSE222315_p4_NAT	GSE222315	DF.classifications_0.25_0.3_229	Singlet	pANN_0.25_0.3_229	0.237202230106437
GSE222315_CCTGCATCAGAGGTTG-1_1_1_1_1	GSE222315_p4_NAT	GSE222315	DF.classifications_0.25_0.3_229	Singlet	pANN_0.25_0.3_229	0.363912823112012
GSE222315_CCTGCATTCTTAAGGC-1_1_1_1_1	GSE222315_p4_NAT	GSE222315	DF.classifications_0.25_0.3_229	Singlet	pANN_0.25_0.3_229	0.127217435377598
GSE222315_CCTGTTGAGCACTCAT-1_1_1_1_1	GSE222315_p4_NAT	GSE222315	DF.classifications_0.25_0.3_229	Singlet	pANN_0.25_0.3_229	0.207298530157121
GSE222315_CCTGTTGGTACTGCGC-1_1_1_1_1	GSE222315_p4_NAT	GSE222315	DF.classifications_0.25_0.3_229	Singlet	pANN_0.25_0.3_229	0.238722757222504
GSE222315_CCTGTTGTCTCACCCA-1_1_1_1_1	GSE222315_p4_NAT	GSE222315	DF.classifications_0.25_0.3_229	Singlet	pANN_0.25_0.3_229	0.163710086163203
GSE222315_CCTTCAGGTACGTTCA-1_1_1_1_1	GSE222315_p4_NAT	GSE222315	DF.classifications_0.25_0.3_229	Singlet	pANN_0.25_0.3_229	0.255955397871262
GSE222315_CCTTCAGTCTGTCGTC-1_1_1_1_1	GSE222315_p4_NAT	GSE222315	DF.classifications_0.25_0.3_229	Singlet	pANN_0.25_0.3_229	0.159148504815003
GSE222315_CCTTGTGAGAGGTGCT-1_1_1_1_1	GSE222315_p4_NAT	GSE222315	DF.classifications_0.25_0.3_229	Singlet	pANN_0.25_0.3_229	0.244298023314749
GSE222315_CCTTGTGAGGCTCACC-1_1_1_1_1	GSE222315_p4_NAT	GSE222315	DF.classifications_0.25_0.3_229	Singlet	pANN_0.25_0.3_229	0.162189559047136
GSE222315_CCTTGTGAGGTACAGC-1_1_1_1_1	GSE222315_p4_NAT	GSE222315	DF.classifications_0.25_0.3_229	Singlet	pANN_0.25_0.3_229	0.185504308160162
GSE222315_CCTTGTGAGTACAGAT-1_1_1_1_1	GSE222315_p4_NAT	GSE222315	DF.classifications_0.25_0.3_229	Singlet	pANN_0.25_0.3_229	0.213887480993411
GSE222315_CCTTGTGAGTCACAGG-1_1_1_1_1	GSE222315_p4_NAT	GSE222315	DF.classifications_0.25_0.3_229	Singlet	pANN_0.25_0.3_229	0.142422706538267
GSE222315_CCTTGTGGTGAATAAC-1_1_1_1_1	GSE222315_p4_NAT	GSE222315	DF.classifications_0.25_0.3_229	Doublet	pANN_0.25_0.3_229	0.386213887480993
GSE222315_CCTTTGGAGAACCCGA-1_1_1_1_1	GSE222315_p4_NAT	GSE222315	DF.classifications_0.25_0.3_229	Singlet	pANN_0.25_0.3_229	0.190572731880385
GSE222315_CCTTTGGAGGTACAAT-1_1_1_1_1	GSE222315_p4_NAT	GSE222315	DF.classifications_0.25_0.3_229	Singlet	pANN_0.25_0.3_229	0.19817536746072
GSE222315_CCTTTGGCATGGGATG-1_1_1_1_1	GSE222315_p4_NAT	GSE222315	DF.classifications_0.25_0.3_229	Singlet	pANN_0.25_0.3_229	0.24227065382666
GSE222315_CCTTTGGGTACCGCGT-1_1_1_1_1	GSE222315_p4_NAT	GSE222315	DF.classifications_0.25_0.3_229	Singlet	pANN_0.25_0.3_229	0.200709579320831
GSE222315_CCTTTGGGTCGATTTG-1_1_1_1_1	GSE222315_p4_NAT	GSE222315	DF.classifications_0.25_0.3_229	Singlet	pANN_0.25_0.3_229	0.210339584389255
GSE222315_CGAAGGACAGATTTCG-1_1_1_1_1	GSE222315_p4_NAT	GSE222315	DF.classifications_0.25_0.3_229	Doublet	pANN_0.25_0.3_229	0.405473897617841
GSE222315_CGAAGGACAGGCCCTA-1_1_1_1_1	GSE222315_p4_NAT	GSE222315	DF.classifications_0.25_0.3_229	Singlet	pANN_0.25_0.3_229	0.180435884439939
GSE222315_CGAAGGACAGTAGTGG-1_1_1_1_1	GSE222315_p4_NAT	GSE222315	DF.classifications_0.25_0.3_229	Singlet	pANN_0.25_0.3_229	0.297516472377091
GSE222315_CGAAGGATCGAGTCCG-1_1_1_1_1	GSE222315_p4_NAT	GSE222315	DF.classifications_0.25_0.3_229	Singlet	pANN_0.25_0.3_229	0.221996958945768
GSE222315_CGAAGTTGTCCGAAGA-1_1_1_1_1	GSE222315_p4_NAT	GSE222315	DF.classifications_0.25_0.3_229	Singlet	pANN_0.25_0.3_229	0.137861125190066
GSE222315_CGAAGTTGTCTGTGGC-1_1_1_1_1	GSE222315_p4_NAT	GSE222315	DF.classifications_0.25_0.3_229	Doublet	pANN_0.25_0.3_229	0.397364419665484
GSE222315_CGAAGTTTCGGCATAT-1_1_1_1_1	GSE222315_p4_NAT	GSE222315	DF.classifications_0.25_0.3_229	Singlet	pANN_0.25_0.3_229	0.149518499746579
GSE222315_CGAATTGAGAATGTTG-1_1_1_1_1	GSE222315_p4_NAT	GSE222315	DF.classifications_0.25_0.3_229	Singlet	pANN_0.25_0.3_229	0.207805372529143
GSE222315_CGAATTGAGACCTGGA-1_1_1_1_1	GSE222315_p4_NAT	GSE222315	DF.classifications_0.25_0.3_229	Singlet	pANN_0.25_0.3_229	0.342625443487076
GSE222315_CGAATTGAGAGAATCT-1_1_1_1_1	GSE222315_p4_NAT	GSE222315	DF.classifications_0.25_0.3_229	Singlet	pANN_0.25_0.3_229	0.352762290927522
GSE222315_CGAATTGAGCCGATAG-1_1_1_1_1	GSE222315_p4_NAT	GSE222315	DF.classifications_0.25_0.3_229	Singlet	pANN_0.25_0.3_229	0.216928535225545
GSE222315_CGAATTGAGGTAGCAC-1_1_1_1_1	GSE222315_p4_NAT	GSE222315	DF.classifications_0.25_0.3_229	Singlet	pANN_0.25_0.3_229	0.163710086163203
GSE222315_CGAATTGAGGTGCATG-1_1_1_1_1	GSE222315_p4_NAT	GSE222315	DF.classifications_0.25_0.3_229	Singlet	pANN_0.25_0.3_229	0.230106436898125
GSE222315_CGAATTGCAAGCTCTA-1_1_1_1_1	GSE222315_p4_NAT	GSE222315	DF.classifications_0.25_0.3_229	Singlet	pANN_0.25_0.3_229	0.178915357323872
GSE222315_CGAATTGGTTCACCGG-1_1_1_1_1	GSE222315_p4_NAT	GSE222315	DF.classifications_0.25_0.3_229	Singlet	pANN_0.25_0.3_229	0.2863659401926
GSE222315_CGAATTGGTTCATCTT-1_1_1_1_1	GSE222315_p4_NAT	GSE222315	DF.classifications_0.25_0.3_229	Doublet	pANN_0.25_0.3_229	0.385707045108971
GSE222315_CGACAGCAGACGAGCT-1_1_1_1_1	GSE222315_p4_NAT	GSE222315	DF.classifications_0.25_0.3_229	Singlet	pANN_0.25_0.3_229	0.383679675620882
GSE222315_CGACAGCTCATCGTAG-1_1_1_1_1	GSE222315_p4_NAT	GSE222315	DF.classifications_0.25_0.3_229	Singlet	pANN_0.25_0.3_229	0.204257475924987
GSE222315_CGACAGCTCTCCCAAC-1_1_1_1_1	GSE222315_p4_NAT	GSE222315	DF.classifications_0.25_0.3_229	Singlet	pANN_0.25_0.3_229	0.189559047136341
GSE222315_CGAGAAGGTGAACCGA-1_1_1_1_1	GSE222315_p4_NAT	GSE222315	DF.classifications_0.25_0.3_229	Singlet	pANN_0.25_0.3_229	0.228585909782058
GSE222315_CGAGAAGTCAGGGTAG-1_1_1_1_1	GSE222315_p4_NAT	GSE222315	DF.classifications_0.25_0.3_229	Singlet	pANN_0.25_0.3_229	0.172326406487582
GSE222315_CGAGAAGTCGACACCG-1_1_1_1_1	GSE222315_p4_NAT	GSE222315	DF.classifications_0.25_0.3_229	Singlet	pANN_0.25_0.3_229	0.172326406487582
GSE222315_CGAGGAAAGCCTTCTC-1_1_1_1_1	GSE222315_p4_NAT	GSE222315	DF.classifications_0.25_0.3_229	Singlet	pANN_0.25_0.3_229	0.234161175874303
GSE222315_CGAGGAAAGCGGTAGT-1_1_1_1_1	GSE222315_p4_NAT	GSE222315	DF.classifications_0.25_0.3_229	Singlet	pANN_0.25_0.3_229	0.19817536746072
GSE222315_CGAGGAAAGCTCCATA-1_1_1_1_1	GSE222315_p4_NAT	GSE222315	DF.classifications_0.25_0.3_229	Singlet	pANN_0.25_0.3_229	0.245818550430816
GSE222315_CGAGGAAAGGCAGGTT-1_1_1_1_1	GSE222315_p4_NAT	GSE222315	DF.classifications_0.25_0.3_229	Singlet	pANN_0.25_0.3_229	0.218449062341612
GSE222315_CGAGGAAGTGATGAAT-1_1_1_1_1	GSE222315_p4_NAT	GSE222315	DF.classifications_0.25_0.3_229	Singlet	pANN_0.25_0.3_229	0.20476431829701
GSE222315_CGAGGAATCACGGGAA-1_1_1_1_1	GSE222315_p4_NAT	GSE222315	DF.classifications_0.25_0.3_229	Singlet	pANN_0.25_0.3_229	0.379118094272681
GSE222315_CGAGGAATCTGTCTCG-1_1_1_1_1	GSE222315_p4_NAT	GSE222315	DF.classifications_0.25_0.3_229	Singlet	pANN_0.25_0.3_229	0.153066396350735
GSE222315_CGAGGCTAGAGTATAC-1_1_1_1_1	GSE222315_p4_NAT	GSE222315	DF.classifications_0.25_0.3_229	Singlet	pANN_0.25_0.3_229	0.189559047136341
GSE222315_CGAGGCTAGCTGACTT-1_1_1_1_1	GSE222315_p4_NAT	GSE222315	DF.classifications_0.25_0.3_229	Singlet	pANN_0.25_0.3_229	0.380131779016726
GSE222315_CGAGGCTCACTCTCGT-1_1_1_1_1	GSE222315_p4_NAT	GSE222315	DF.classifications_0.25_0.3_229	Singlet	pANN_0.25_0.3_229	0.131272174353776
GSE222315_CGAGGCTGTAGTTAGA-1_1_1_1_1	GSE222315_p4_NAT	GSE222315	DF.classifications_0.25_0.3_229	Singlet	pANN_0.25_0.3_229	0.304105423213381
GSE222315_CGAGGCTGTCGTACAT-1_1_1_1_1	GSE222315_p4_NAT	GSE222315	DF.classifications_0.25_0.3_229	Singlet	pANN_0.25_0.3_229	0.161682716675114
GSE222315_CGAGGCTGTTAGGGTG-1_1_1_1_1	GSE222315_p4_NAT	GSE222315	DF.classifications_0.25_0.3_229	Singlet	pANN_0.25_0.3_229	0.179929042067917
GSE222315_CGAGGCTTCCCTTTGG-1_1_1_1_1	GSE222315_p4_NAT	GSE222315	DF.classifications_0.25_0.3_229	Singlet	pANN_0.25_0.3_229	0.153573238722757
GSE222315_CGAGGCTTCGCCTTTG-1_1_1_1_1	GSE222315_p4_NAT	GSE222315	DF.classifications_0.25_0.3_229	Doublet	pANN_0.25_0.3_229	0.395337050177395
GSE222315_CGAGGCTTCGGAAACG-1_1_1_1_1	GSE222315_p4_NAT	GSE222315	DF.classifications_0.25_0.3_229	Singlet	pANN_0.25_0.3_229	0.240243284338571
GSE222315_CGAGGCTTCGTTACCC-1_1_1_1_1	GSE222315_p4_NAT	GSE222315	DF.classifications_0.25_0.3_229	Singlet	pANN_0.25_0.3_229	0.240243284338571
GSE222315_CGAGGCTTCTGGCTGG-1_1_1_1_1	GSE222315_p4_NAT	GSE222315	DF.classifications_0.25_0.3_229	Singlet	pANN_0.25_0.3_229	0.163710086163203
GSE222315_CGAGTGCCAAGGTACG-1_1_1_1_1	GSE222315_p4_NAT	GSE222315	DF.classifications_0.25_0.3_229	Doublet	pANN_0.25_0.3_229	0.393309680689306
GSE222315_CGAGTGCTCACATTGG-1_1_1_1_1	GSE222315_p4_NAT	GSE222315	DF.classifications_0.25_0.3_229	Singlet	pANN_0.25_0.3_229	0.232133806386214
GSE222315_CGAGTGCTCCCTCGTA-1_1_1_1_1	GSE222315_p4_NAT	GSE222315	DF.classifications_0.25_0.3_229	Singlet	pANN_0.25_0.3_229	0.206284845413077
GSE222315_CGAGTGCTCTTGGTGA-1_1_1_1_1	GSE222315_p4_NAT	GSE222315	DF.classifications_0.25_0.3_229	Singlet	pANN_0.25_0.3_229	0.157121135326913
GSE222315_CGAGTTAAGGCGATAC-1_1_1_1_1	GSE222315_p4_NAT	GSE222315	DF.classifications_0.25_0.3_229	Doublet	pANN_0.25_0.3_229	0.389761784085149
GSE222315_CGAGTTACAACCGTAT-1_1_1_1_1	GSE222315_p4_NAT	GSE222315	DF.classifications_0.25_0.3_229	Singlet	pANN_0.25_0.3_229	0.20273694880892
GSE222315_CGAGTTACACAATGTC-1_1_1_1_1	GSE222315_p4_NAT	GSE222315	DF.classifications_0.25_0.3_229	Singlet	pANN_0.25_0.3_229	0.358337557019767
GSE222315_CGAGTTACACCAAATC-1_1_1_1_1	GSE222315_p4_NAT	GSE222315	DF.classifications_0.25_0.3_229	Singlet	pANN_0.25_0.3_229	0.175367460719716
GSE222315_CGAGTTACAGAGTCTT-1_1_1_1_1	GSE222315_p4_NAT	GSE222315	DF.classifications_0.25_0.3_229	Singlet	pANN_0.25_0.3_229	0.360364926507856
GSE222315_CGAGTTAGTACTGAGG-1_1_1_1_1	GSE222315_p4_NAT	GSE222315	DF.classifications_0.25_0.3_229	Singlet	pANN_0.25_0.3_229	0.186517992904207
GSE222315_CGAGTTAGTATCGTTG-1_1_1_1_1	GSE222315_p4_NAT	GSE222315	DF.classifications_0.25_0.3_229	Singlet	pANN_0.25_0.3_229	0.188545362392296
GSE222315_CGAGTTAGTTCTCGCT-1_1_1_1_1	GSE222315_p4_NAT	GSE222315	DF.classifications_0.25_0.3_229	Singlet	pANN_0.25_0.3_229	0.135326913329954
GSE222315_CGAGTTATCTCGGGAC-1_1_1_1_1	GSE222315_p4_NAT	GSE222315	DF.classifications_0.25_0.3_229	Singlet	pANN_0.25_0.3_229	0.137861125190066
GSE222315_CGAGTTATCTCTTAAC-1_1_1_1_1	GSE222315_p4_NAT	GSE222315	DF.classifications_0.25_0.3_229	Singlet	pANN_0.25_0.3_229	0.169792194627471
GSE222315_CGATCGGCAAGAGTTA-1_1_1_1_1	GSE222315_p4_NAT	GSE222315	DF.classifications_0.25_0.3_229	Singlet	pANN_0.25_0.3_229	0.187024835276229
GSE222315_CGATCGGCATGACGGA-1_1_1_1_1	GSE222315_p4_NAT	GSE222315	DF.classifications_0.25_0.3_229	Singlet	pANN_0.25_0.3_229	0.173340091231627
GSE222315_CGATCGGGTCAGGTGA-1_1_1_1_1	GSE222315_p4_NAT	GSE222315	DF.classifications_0.25_0.3_229	Singlet	pANN_0.25_0.3_229	0.205778003041054
GSE222315_CGATGCGAGAGATCGC-1_1_1_1_1	GSE222315_p4_NAT	GSE222315	DF.classifications_0.25_0.3_229	Singlet	pANN_0.25_0.3_229	0.168271667511404
GSE222315_CGATGCGAGCTGTCCG-1_1_1_1_1	GSE222315_p4_NAT	GSE222315	DF.classifications_0.25_0.3_229	Singlet	pANN_0.25_0.3_229	0.238722757222504
GSE222315_CGATGCGAGGGTACAC-1_1_1_1_1	GSE222315_p4_NAT	GSE222315	DF.classifications_0.25_0.3_229	Singlet	pANN_0.25_0.3_229	0.149518499746579
GSE222315_CGATGCGCACATATCG-1_1_1_1_1	GSE222315_p4_NAT	GSE222315	DF.classifications_0.25_0.3_229	Singlet	pANN_0.25_0.3_229	0.327927014698429
GSE222315_CGATGCGCATGAAAGT-1_1_1_1_1	GSE222315_p4_NAT	GSE222315	DF.classifications_0.25_0.3_229	Singlet	pANN_0.25_0.3_229	0.208312214901166
GSE222315_CGATGCGGTCGCTGCA-1_1_1_1_1	GSE222315_p4_NAT	GSE222315	DF.classifications_0.25_0.3_229	Singlet	pANN_0.25_0.3_229	0.244298023314749
GSE222315_CGATGCGGTGTGAGCA-1_1_1_1_1	GSE222315_p4_NAT	GSE222315	DF.classifications_0.25_0.3_229	Singlet	pANN_0.25_0.3_229	0.339077546882919
GSE222315_CGATGCGTCATGCCCT-1_1_1_1_1	GSE222315_p4_NAT	GSE222315	DF.classifications_0.25_0.3_229	Doublet	pANN_0.25_0.3_229	0.391789153573239
GSE222315_CGATGGCAGCGATGCA-1_1_1_1_1	GSE222315_p4_NAT	GSE222315	DF.classifications_0.25_0.3_229	Singlet	pANN_0.25_0.3_229	0.207298530157121
GSE222315_CGATGGCAGCGCTGAA-1_1_1_1_1	GSE222315_p4_NAT	GSE222315	DF.classifications_0.25_0.3_229	Singlet	pANN_0.25_0.3_229	0.357323872275722
GSE222315_CGATGGCAGTTGCCCG-1_1_1_1_1	GSE222315_p4_NAT	GSE222315	DF.classifications_0.25_0.3_229	Singlet	pANN_0.25_0.3_229	0.232133806386214
GSE222315_CGATGGCAGTTTGCTG-1_1_1_1_1	GSE222315_p4_NAT	GSE222315	DF.classifications_0.25_0.3_229	Singlet	pANN_0.25_0.3_229	0.194120628484541
GSE222315_CGATGGCGTAGAGATT-1_1_1_1_1	GSE222315_p4_NAT	GSE222315	DF.classifications_0.25_0.3_229	Singlet	pANN_0.25_0.3_229	0.22909275215408
GSE222315_CGATGGCGTCTCAGGC-1_1_1_1_1	GSE222315_p4_NAT	GSE222315	DF.classifications_0.25_0.3_229	Singlet	pANN_0.25_0.3_229	0.212873796249366
GSE222315_CGATGGCGTGCAGGAT-1_1_1_1_1	GSE222315_p4_NAT	GSE222315	DF.classifications_0.25_0.3_229	Singlet	pANN_0.25_0.3_229	0.364926507856057
GSE222315_CGATGGCGTGTCTTCC-1_1_1_1_1	GSE222315_p4_NAT	GSE222315	DF.classifications_0.25_0.3_229	Singlet	pANN_0.25_0.3_229	0.205271160669032
GSE222315_CGATGGCTCTTCACGC-1_1_1_1_1	GSE222315_p4_NAT	GSE222315	DF.classifications_0.25_0.3_229	Singlet	pANN_0.25_0.3_229	0.211860111505322
GSE222315_CGCAGGTAGTCGGGAT-1_1_1_1_1	GSE222315_p4_NAT	GSE222315	DF.classifications_0.25_0.3_229	Singlet	pANN_0.25_0.3_229	0.22909275215408
GSE222315_CGCAGGTTCCCTGGTT-1_1_1_1_1	GSE222315_p4_NAT	GSE222315	DF.classifications_0.25_0.3_229	Singlet	pANN_0.25_0.3_229	0.19158641662443
GSE222315_CGCATAAAGTAGCTCT-1_1_1_1_1	GSE222315_p4_NAT	GSE222315	DF.classifications_0.25_0.3_229	Singlet	pANN_0.25_0.3_229	0.256462240243284
GSE222315_CGCATAATCATATGGC-1_1_1_1_1	GSE222315_p4_NAT	GSE222315	DF.classifications_0.25_0.3_229	Singlet	pANN_0.25_0.3_229	0.147997972630512
GSE222315_CGCATGGCAGCTCATA-1_1_1_1_1	GSE222315_p4_NAT	GSE222315	DF.classifications_0.25_0.3_229	Singlet	pANN_0.25_0.3_229	0.360364926507856
GSE222315_CGCATGGCATTATGCG-1_1_1_1_1	GSE222315_p4_NAT	GSE222315	DF.classifications_0.25_0.3_229	Singlet	pANN_0.25_0.3_229	0.339077546882919
GSE222315_CGCATGGGTACTTGTG-1_1_1_1_1	GSE222315_p4_NAT	GSE222315	DF.classifications_0.25_0.3_229	Singlet	pANN_0.25_0.3_229	0.281804358844399
GSE222315_CGCCAGAAGCAATAAC-1_1_1_1_1	GSE222315_p4_NAT	GSE222315	DF.classifications_0.25_0.3_229	Doublet	pANN_0.25_0.3_229	0.405473897617841
GSE222315_CGCCAGAAGCTAAATG-1_1_1_1_1	GSE222315_p4_NAT	GSE222315	DF.classifications_0.25_0.3_229	Singlet	pANN_0.25_0.3_229	0.192093258996452
GSE222315_CGCCAGACAACCGTGC-1_1_1_1_1	GSE222315_p4_NAT	GSE222315	DF.classifications_0.25_0.3_229	Singlet	pANN_0.25_0.3_229	0.254434870755195
GSE222315_CGCCAGACACACACTA-1_1_1_1_1	GSE222315_p4_NAT	GSE222315	DF.classifications_0.25_0.3_229	Singlet	pANN_0.25_0.3_229	0.24227065382666
GSE222315_CGCCAGAGTTGTGTAC-1_1_1_1_1	GSE222315_p4_NAT	GSE222315	DF.classifications_0.25_0.3_229	Singlet	pANN_0.25_0.3_229	0.182463253928028
GSE222315_CGCCAGATCCTTGGAA-1_1_1_1_1	GSE222315_p4_NAT	GSE222315	DF.classifications_0.25_0.3_229	Singlet	pANN_0.25_0.3_229	0.190572731880385
GSE222315_CGCCATTAGAACCGCA-1_1_1_1_1	GSE222315_p4_NAT	GSE222315	DF.classifications_0.25_0.3_229	Singlet	pANN_0.25_0.3_229	0.162696401419159
GSE222315_CGCCATTAGAGTATAC-1_1_1_1_1	GSE222315_p4_NAT	GSE222315	DF.classifications_0.25_0.3_229	Singlet	pANN_0.25_0.3_229	0.249873289406994
GSE222315_CGCCATTAGCACGGAT-1_1_1_1_1	GSE222315_p4_NAT	GSE222315	DF.classifications_0.25_0.3_229	Singlet	pANN_0.25_0.3_229	0.242777496198682
GSE222315_CGCCATTAGTGGACGT-1_1_1_1_1	GSE222315_p4_NAT	GSE222315	DF.classifications_0.25_0.3_229	Singlet	pANN_0.25_0.3_229	0.144450076026356
GSE222315_CGCCATTCATGAATAG-1_1_1_1_1	GSE222315_p4_NAT	GSE222315	DF.classifications_0.25_0.3_229	Singlet	pANN_0.25_0.3_229	0.180942726811961
GSE222315_CGCCATTGTCGCTTAA-1_1_1_1_1	GSE222315_p4_NAT	GSE222315	DF.classifications_0.25_0.3_229	Singlet	pANN_0.25_0.3_229	0.340091231626964
GSE222315_CGCCATTGTGTACGCC-1_1_1_1_1	GSE222315_p4_NAT	GSE222315	DF.classifications_0.25_0.3_229	Singlet	pANN_0.25_0.3_229	0.177901672579828
GSE222315_CGCCATTTCCTATGGA-1_1_1_1_1	GSE222315_p4_NAT	GSE222315	DF.classifications_0.25_0.3_229	Singlet	pANN_0.25_0.3_229	0.24227065382666
GSE222315_CGCGTGACAAGACCTT-1_1_1_1_1	GSE222315_p4_NAT	GSE222315	DF.classifications_0.25_0.3_229	Singlet	pANN_0.25_0.3_229	0.202230106436898
GSE222315_CGCGTGAGTACCAGAG-1_1_1_1_1	GSE222315_p4_NAT	GSE222315	DF.classifications_0.25_0.3_229	Singlet	pANN_0.25_0.3_229	0.203750633552965
GSE222315_CGCGTGAGTGCATCTA-1_1_1_1_1	GSE222315_p4_NAT	GSE222315	DF.classifications_0.25_0.3_229	Singlet	pANN_0.25_0.3_229	0.177394830207805
GSE222315_CGCGTGATCATTGCTT-1_1_1_1_1	GSE222315_p4_NAT	GSE222315	DF.classifications_0.25_0.3_229	Singlet	pANN_0.25_0.3_229	0.236188545362392
GSE222315_CGGAACCAGAACTGAT-1_1_1_1_1	GSE222315_p4_NAT	GSE222315	DF.classifications_0.25_0.3_229	Singlet	pANN_0.25_0.3_229	0.17181956411556
GSE222315_CGGAACCCACAACGTT-1_1_1_1_1	GSE222315_p4_NAT	GSE222315	DF.classifications_0.25_0.3_229	Singlet	pANN_0.25_0.3_229	0.223010643689812
GSE222315_CGGAACCCACATGTTG-1_1_1_1_1	GSE222315_p4_NAT	GSE222315	DF.classifications_0.25_0.3_229	Singlet	pANN_0.25_0.3_229	0.15205271160669
GSE222315_CGGAACCCACTACGGC-1_1_1_1_1	GSE222315_p4_NAT	GSE222315	DF.classifications_0.25_0.3_229	Singlet	pANN_0.25_0.3_229	0.375063355296503
GSE222315_CGGAACCCAGCATACT-1_1_1_1_1	GSE222315_p4_NAT	GSE222315	DF.classifications_0.25_0.3_229	Singlet	pANN_0.25_0.3_229	0.205271160669032
GSE222315_CGGAACCCATCCTAAG-1_1_1_1_1	GSE222315_p4_NAT	GSE222315	DF.classifications_0.25_0.3_229	Singlet	pANN_0.25_0.3_229	0.207298530157121
GSE222315_CGGAACCGTCCGGTCA-1_1_1_1_1	GSE222315_p4_NAT	GSE222315	DF.classifications_0.25_0.3_229	Singlet	pANN_0.25_0.3_229	0.176381145463761
GSE222315_CGGAATTAGTGACCTT-1_1_1_1_1	GSE222315_p4_NAT	GSE222315	DF.classifications_0.25_0.3_229	Singlet	pANN_0.25_0.3_229	0.357323872275722
GSE222315_CGGAATTCAGAGGGTT-1_1_1_1_1	GSE222315_p4_NAT	GSE222315	DF.classifications_0.25_0.3_229	Singlet	pANN_0.25_0.3_229	0.229599594526102
GSE222315_CGGAATTGTAGAGACC-1_1_1_1_1	GSE222315_p4_NAT	GSE222315	DF.classifications_0.25_0.3_229	Singlet	pANN_0.25_0.3_229	0.14749113025849
GSE222315_CGGAATTGTAGCGCTC-1_1_1_1_1	GSE222315_p4_NAT	GSE222315	DF.classifications_0.25_0.3_229	Singlet	pANN_0.25_0.3_229	0.163710086163203
GSE222315_CGGAATTTCATAGAGA-1_1_1_1_1	GSE222315_p4_NAT	GSE222315	DF.classifications_0.25_0.3_229	Singlet	pANN_0.25_0.3_229	0.172326406487582
GSE222315_CGGAATTTCCAGCAAT-1_1_1_1_1	GSE222315_p4_NAT	GSE222315	DF.classifications_0.25_0.3_229	Singlet	pANN_0.25_0.3_229	0.13431322858591
GSE222315_CGGAATTTCCCTTTGG-1_1_1_1_1	GSE222315_p4_NAT	GSE222315	DF.classifications_0.25_0.3_229	Singlet	pANN_0.25_0.3_229	0.200202736948809
GSE222315_CGGACACCACCAGCTG-1_1_1_1_1	GSE222315_p4_NAT	GSE222315	DF.classifications_0.25_0.3_229	Singlet	pANN_0.25_0.3_229	0.234161175874303
GSE222315_CGGACACTCGCTTTAT-1_1_1_1_1	GSE222315_p4_NAT	GSE222315	DF.classifications_0.25_0.3_229	Singlet	pANN_0.25_0.3_229	0.155093765838824
GSE222315_CGGAGAAAGACGACGT-1_1_1_1_1	GSE222315_p4_NAT	GSE222315	DF.classifications_0.25_0.3_229	Singlet	pANN_0.25_0.3_229	0.368981246832235
GSE222315_CGGAGAAAGCTAAGTA-1_1_1_1_1	GSE222315_p4_NAT	GSE222315	DF.classifications_0.25_0.3_229	Singlet	pANN_0.25_0.3_229	0.225544855549924
GSE222315_CGGAGAAAGGTTCAGG-1_1_1_1_1	GSE222315_p4_NAT	GSE222315	DF.classifications_0.25_0.3_229	Singlet	pANN_0.25_0.3_229	0.186517992904207
GSE222315_CGGAGAAAGTTATGGA-1_1_1_1_1	GSE222315_p4_NAT	GSE222315	DF.classifications_0.25_0.3_229	Singlet	pANN_0.25_0.3_229	0.226558540293969
GSE222315_CGGAGAACAGTTGTTG-1_1_1_1_1	GSE222315_p4_NAT	GSE222315	DF.classifications_0.25_0.3_229	Singlet	pANN_0.25_0.3_229	0.229599594526102
GSE222315_CGGAGAATCAGCACCG-1_1_1_1_1	GSE222315_p4_NAT	GSE222315	DF.classifications_0.25_0.3_229	Singlet	pANN_0.25_0.3_229	0.239229599594526
GSE222315_CGGCAGTCACAACCGC-1_1_1_1_1	GSE222315_p4_NAT	GSE222315	DF.classifications_0.25_0.3_229	Singlet	pANN_0.25_0.3_229	0.2159148504815
GSE222315_CGGCAGTCAGTGAGCA-1_1_1_1_1	GSE222315_p4_NAT	GSE222315	DF.classifications_0.25_0.3_229	Singlet	pANN_0.25_0.3_229	0.247339077546883
GSE222315_CGGCAGTCATAAGCGG-1_1_1_1_1	GSE222315_p4_NAT	GSE222315	DF.classifications_0.25_0.3_229	Singlet	pANN_0.25_0.3_229	0.176381145463761
GSE222315_CGGGACTAGTGGATTA-1_1_1_1_1	GSE222315_p4_NAT	GSE222315	DF.classifications_0.25_0.3_229	Singlet	pANN_0.25_0.3_229	0.13887480993411
GSE222315_CGGGACTCACTTCAGA-1_1_1_1_1	GSE222315_p4_NAT	GSE222315	DF.classifications_0.25_0.3_229	Singlet	pANN_0.25_0.3_229	0.242777496198682
GSE222315_CGGGACTCATTCACCC-1_1_1_1_1	GSE222315_p4_NAT	GSE222315	DF.classifications_0.25_0.3_229	Singlet	pANN_0.25_0.3_229	0.203243791180943
GSE222315_CGGGACTGTAAGCGGT-1_1_1_1_1	GSE222315_p4_NAT	GSE222315	DF.classifications_0.25_0.3_229	Singlet	pANN_0.25_0.3_229	0.284338570704511
GSE222315_CGGGCATCAAGTCCCG-1_1_1_1_1	GSE222315_p4_NAT	GSE222315	DF.classifications_0.25_0.3_229	Singlet	pANN_0.25_0.3_229	0.210846426761277
GSE222315_CGGGCATCACGACCTG-1_1_1_1_1	GSE222315_p4_NAT	GSE222315	DF.classifications_0.25_0.3_229	Singlet	pANN_0.25_0.3_229	0.275215408008109
GSE222315_CGGGCATCAGGTAGTG-1_1_1_1_1	GSE222315_p4_NAT	GSE222315	DF.classifications_0.25_0.3_229	Singlet	pANN_0.25_0.3_229	0.375063355296503
GSE222315_CGGGTCAAGAGGTTTA-1_1_1_1_1	GSE222315_p4_NAT	GSE222315	DF.classifications_0.25_0.3_229	Doublet	pANN_0.25_0.3_229	0.385707045108971
GSE222315_CGGGTCACAAGCTACT-1_1_1_1_1	GSE222315_p4_NAT	GSE222315	DF.classifications_0.25_0.3_229	Singlet	pANN_0.25_0.3_229	0.179929042067917
GSE222315_CGGGTCATCTGGCCGA-1_1_1_1_1	GSE222315_p4_NAT	GSE222315	DF.classifications_0.25_0.3_229	Singlet	pANN_0.25_0.3_229	0.186011150532184
GSE222315_CGGGTGTAGATTGAGT-1_1_1_1_1	GSE222315_p4_NAT	GSE222315	DF.classifications_0.25_0.3_229	Singlet	pANN_0.25_0.3_229	0.177901672579828
GSE222315_CGGGTGTAGGTGCTTT-1_1_1_1_1	GSE222315_p4_NAT	GSE222315	DF.classifications_0.25_0.3_229	Singlet	pANN_0.25_0.3_229	0.159655347187025
GSE222315_CGGGTGTCAAGCGGAT-1_1_1_1_1	GSE222315_p4_NAT	GSE222315	DF.classifications_0.25_0.3_229	Singlet	pANN_0.25_0.3_229	0.241256969082615
GSE222315_CGGGTGTCAATACCTG-1_1_1_1_1	GSE222315_p4_NAT	GSE222315	DF.classifications_0.25_0.3_229	Singlet	pANN_0.25_0.3_229	0.379118094272681
GSE222315_CGGGTGTCACCTCTGT-1_1_1_1_1	GSE222315_p4_NAT	GSE222315	DF.classifications_0.25_0.3_229	Singlet	pANN_0.25_0.3_229	0.251900658895084
GSE222315_CGGGTGTTCGGCATTA-1_1_1_1_1	GSE222315_p4_NAT	GSE222315	DF.classifications_0.25_0.3_229	Singlet	pANN_0.25_0.3_229	0.226558540293969
GSE222315_CGGTCAGAGCAGCCTC-1_1_1_1_1	GSE222315_p4_NAT	GSE222315	DF.classifications_0.25_0.3_229	Singlet	pANN_0.25_0.3_229	0.269640141915864
GSE222315_CGGTCAGTCGAAGAAT-1_1_1_1_1	GSE222315_p4_NAT	GSE222315	DF.classifications_0.25_0.3_229	Singlet	pANN_0.25_0.3_229	0.169285352255449
GSE222315_CGTAAGTAGTACGTCT-1_1_1_1_1	GSE222315_p4_NAT	GSE222315	DF.classifications_0.25_0.3_229	Singlet	pANN_0.25_0.3_229	0.239736441966548
GSE222315_CGTAAGTTCCCTTGGT-1_1_1_1_1	GSE222315_p4_NAT	GSE222315	DF.classifications_0.25_0.3_229	Singlet	pANN_0.25_0.3_229	0.223517486061835
GSE222315_CGTAAGTTCTCTATAC-1_1_1_1_1	GSE222315_p4_NAT	GSE222315	DF.classifications_0.25_0.3_229	Singlet	pANN_0.25_0.3_229	0.196654840344653
GSE222315_CGTAATGAGATCGCTT-1_1_1_1_1	GSE222315_p4_NAT	GSE222315	DF.classifications_0.25_0.3_229	Singlet	pANN_0.25_0.3_229	0.130258489609731
GSE222315_CGTAATGAGCCAACCC-1_1_1_1_1	GSE222315_p4_NAT	GSE222315	DF.classifications_0.25_0.3_229	Singlet	pANN_0.25_0.3_229	0.316269640141916
GSE222315_CGTAATGAGGTAGACC-1_1_1_1_1	GSE222315_p4_NAT	GSE222315	DF.classifications_0.25_0.3_229	Singlet	pANN_0.25_0.3_229	0.378104409528637
GSE222315_CGTAATGAGGTATAGT-1_1_1_1_1	GSE222315_p4_NAT	GSE222315	DF.classifications_0.25_0.3_229	Singlet	pANN_0.25_0.3_229	0.135326913329954
GSE222315_CGTAATGCACCTGATA-1_1_1_1_1	GSE222315_p4_NAT	GSE222315	DF.classifications_0.25_0.3_229	Singlet	pANN_0.25_0.3_229	0.159655347187025
GSE222315_CGTAATGCAGCTAACT-1_1_1_1_1	GSE222315_p4_NAT	GSE222315	DF.classifications_0.25_0.3_229	Singlet	pANN_0.25_0.3_229	0.235174860618348
GSE222315_CGTAATGTCCTCGATC-1_1_1_1_1	GSE222315_p4_NAT	GSE222315	DF.classifications_0.25_0.3_229	Singlet	pANN_0.25_0.3_229	0.23568170299037
GSE222315_CGTAATGTCTGTCAGA-1_1_1_1_1	GSE222315_p4_NAT	GSE222315	DF.classifications_0.25_0.3_229	Singlet	pANN_0.25_0.3_229	0.171312721743538
GSE222315_CGTAGTACAGGTTTAC-1_1_1_1_1	GSE222315_p4_NAT	GSE222315	DF.classifications_0.25_0.3_229	Singlet	pANN_0.25_0.3_229	0.213380638621389
GSE222315_CGTAGTAGTTCTCTAT-1_1_1_1_1	GSE222315_p4_NAT	GSE222315	DF.classifications_0.25_0.3_229	Singlet	pANN_0.25_0.3_229	0.15205271160669
GSE222315_CGTCAAAAGGTAGTCG-1_1_1_1_1	GSE222315_p4_NAT	GSE222315	DF.classifications_0.25_0.3_229	Singlet	pANN_0.25_0.3_229	0.246325392802838
GSE222315_CGTCAAAGTGAAGCTG-1_1_1_1_1	GSE222315_p4_NAT	GSE222315	DF.classifications_0.25_0.3_229	Singlet	pANN_0.25_0.3_229	0.176887987835783
GSE222315_CGTCAAAGTGCTTCAA-1_1_1_1_1	GSE222315_p4_NAT	GSE222315	DF.classifications_0.25_0.3_229	Singlet	pANN_0.25_0.3_229	0.161175874303092
GSE222315_CGTCAAATCCACTGAA-1_1_1_1_1	GSE222315_p4_NAT	GSE222315	DF.classifications_0.25_0.3_229	Singlet	pANN_0.25_0.3_229	0.197668525088697
GSE222315_CGTCCATTCCCGAAAT-1_1_1_1_1	GSE222315_p4_NAT	GSE222315	DF.classifications_0.25_0.3_229	Singlet	pANN_0.25_0.3_229	0.175367460719716
GSE222315_CGTCCATTCGCAATGT-1_1_1_1_1	GSE222315_p4_NAT	GSE222315	DF.classifications_0.25_0.3_229	Singlet	pANN_0.25_0.3_229	0.220476431829701
GSE222315_CGTGAATCAGCTAACT-1_1_1_1_1	GSE222315_p4_NAT	GSE222315	DF.classifications_0.25_0.3_229	Singlet	pANN_0.25_0.3_229	0.38114546376077
GSE222315_CGTGAATGTCTTAGTG-1_1_1_1_1	GSE222315_p4_NAT	GSE222315	DF.classifications_0.25_0.3_229	Singlet	pANN_0.25_0.3_229	0.224531170805879
GSE222315_CGTGAATGTGTATACC-1_1_1_1_1	GSE222315_p4_NAT	GSE222315	DF.classifications_0.25_0.3_229	Singlet	pANN_0.25_0.3_229	0.264571718195641
GSE222315_CGTGAATTCATGTCAG-1_1_1_1_1	GSE222315_p4_NAT	GSE222315	DF.classifications_0.25_0.3_229	Singlet	pANN_0.25_0.3_229	0.37658388241257
GSE222315_CGTGAATTCCTTCTAA-1_1_1_1_1	GSE222315_p4_NAT	GSE222315	DF.classifications_0.25_0.3_229	Singlet	pANN_0.25_0.3_229	0.154586923466802
GSE222315_CGTGAATTCGCCAACG-1_1_1_1_1	GSE222315_p4_NAT	GSE222315	DF.classifications_0.25_0.3_229	Singlet	pANN_0.25_0.3_229	0.173846933603649
GSE222315_CGTGAATTCTCTGGTC-1_1_1_1_1	GSE222315_p4_NAT	GSE222315	DF.classifications_0.25_0.3_229	Doublet	pANN_0.25_0.3_229	0.393816523061328
GSE222315_CGTGATACAACTACGT-1_1_1_1_1	GSE222315_p4_NAT	GSE222315	DF.classifications_0.25_0.3_229	Singlet	pANN_0.25_0.3_229	0.281804358844399
GSE222315_CGTGATAGTCCAGAAG-1_1_1_1_1	GSE222315_p4_NAT	GSE222315	DF.classifications_0.25_0.3_229	Singlet	pANN_0.25_0.3_229	0.239736441966548
GSE222315_CGTGATATCGCCGTGA-1_1_1_1_1	GSE222315_p4_NAT	GSE222315	DF.classifications_0.25_0.3_229	Doublet	pANN_0.25_0.3_229	0.413076533198175
GSE222315_CGTGCTTCAGGCTTGC-1_1_1_1_1	GSE222315_p4_NAT	GSE222315	DF.classifications_0.25_0.3_229	Singlet	pANN_0.25_0.3_229	0.236695387734415
GSE222315_CGTGCTTGTGGAAGTC-1_1_1_1_1	GSE222315_p4_NAT	GSE222315	DF.classifications_0.25_0.3_229	Singlet	pANN_0.25_0.3_229	0.217435377597567
GSE222315_CGTGCTTTCAACTCTT-1_1_1_1_1	GSE222315_p4_NAT	GSE222315	DF.classifications_0.25_0.3_229	Singlet	pANN_0.25_0.3_229	0.213887480993411
GSE222315_CGTGTCTAGAGCCGAT-1_1_1_1_1	GSE222315_p4_NAT	GSE222315	DF.classifications_0.25_0.3_229	Singlet	pANN_0.25_0.3_229	0.20476431829701
GSE222315_CGTGTCTAGCGAGTCA-1_1_1_1_1	GSE222315_p4_NAT	GSE222315	DF.classifications_0.25_0.3_229	Doublet	pANN_0.25_0.3_229	0.403446528129752
GSE222315_CGTGTCTGTAGTATAG-1_1_1_1_1	GSE222315_p4_NAT	GSE222315	DF.classifications_0.25_0.3_229	Singlet	pANN_0.25_0.3_229	0.183983781044095
GSE222315_CGTGTCTTCAAGAATG-1_1_1_1_1	GSE222315_p4_NAT	GSE222315	DF.classifications_0.25_0.3_229	Singlet	pANN_0.25_0.3_229	0.205778003041054
GSE222315_CGTGTCTTCTGTTCAT-1_1_1_1_1	GSE222315_p4_NAT	GSE222315	DF.classifications_0.25_0.3_229	Singlet	pANN_0.25_0.3_229	0.188038520020274
GSE222315_CGTTAGAAGAGTTGAT-1_1_1_1_1	GSE222315_p4_NAT	GSE222315	DF.classifications_0.25_0.3_229	Singlet	pANN_0.25_0.3_229	0.276229092752154
GSE222315_CGTTAGAAGCTGTGCC-1_1_1_1_1	GSE222315_p4_NAT	GSE222315	DF.classifications_0.25_0.3_229	Singlet	pANN_0.25_0.3_229	0.372529143436391
GSE222315_CGTTAGAAGTCATGGG-1_1_1_1_1	GSE222315_p4_NAT	GSE222315	DF.classifications_0.25_0.3_229	Singlet	pANN_0.25_0.3_229	0.238722757222504
GSE222315_CGTTAGACACATGTTG-1_1_1_1_1	GSE222315_p4_NAT	GSE222315	DF.classifications_0.25_0.3_229	Singlet	pANN_0.25_0.3_229	0.377597567156614
GSE222315_CGTTAGAGTCTCAGGC-1_1_1_1_1	GSE222315_p4_NAT	GSE222315	DF.classifications_0.25_0.3_229	Singlet	pANN_0.25_0.3_229	0.376077040040547
GSE222315_CGTTAGAGTGCCTAAT-1_1_1_1_1	GSE222315_p4_NAT	GSE222315	DF.classifications_0.25_0.3_229	Singlet	pANN_0.25_0.3_229	0.369488089204257
GSE222315_CGTTAGATCACTGTTT-1_1_1_1_1	GSE222315_p4_NAT	GSE222315	DF.classifications_0.25_0.3_229	Singlet	pANN_0.25_0.3_229	0.301064368981247
GSE222315_CGTTAGATCTGGAGAG-1_1_1_1_1	GSE222315_p4_NAT	GSE222315	DF.classifications_0.25_0.3_229	Singlet	pANN_0.25_0.3_229	0.207298530157121
GSE222315_CGTTCTGCATCTCATT-1_1_1_1_1	GSE222315_p4_NAT	GSE222315	DF.classifications_0.25_0.3_229	Singlet	pANN_0.25_0.3_229	0.14749113025849
GSE222315_CGTTCTGCATGTGCTA-1_1_1_1_1	GSE222315_p4_NAT	GSE222315	DF.classifications_0.25_0.3_229	Singlet	pANN_0.25_0.3_229	0.176887987835783
GSE222315_CGTTCTGTCCTCTGCA-1_1_1_1_1	GSE222315_p4_NAT	GSE222315	DF.classifications_0.25_0.3_229	Singlet	pANN_0.25_0.3_229	0.126203750633553
GSE222315_CGTTCTGTCTCGGTAA-1_1_1_1_1	GSE222315_p4_NAT	GSE222315	DF.classifications_0.25_0.3_229	Singlet	pANN_0.25_0.3_229	0.201723264064876
GSE222315_CGTTGGGAGTAAACGT-1_1_1_1_1	GSE222315_p4_NAT	GSE222315	DF.classifications_0.25_0.3_229	Singlet	pANN_0.25_0.3_229	0.233147491130258
GSE222315_CGTTGGGGTTCGTGCG-1_1_1_1_1	GSE222315_p4_NAT	GSE222315	DF.classifications_0.25_0.3_229	Singlet	pANN_0.25_0.3_229	0.186011150532184
GSE222315_CGTTGGGTCGTTCAGA-1_1_1_1_1	GSE222315_p4_NAT	GSE222315	DF.classifications_0.25_0.3_229	Singlet	pANN_0.25_0.3_229	0.15864166244298
GSE222315_CTAACCCAGACCATGG-1_1_1_1_1	GSE222315_p4_NAT	GSE222315	DF.classifications_0.25_0.3_229	Singlet	pANN_0.25_0.3_229	0.275215408008109
GSE222315_CTAACCCAGGTACTGG-1_1_1_1_1	GSE222315_p4_NAT	GSE222315	DF.classifications_0.25_0.3_229	Singlet	pANN_0.25_0.3_229	0.375570197668525
GSE222315_CTAACCCCATAATGCC-1_1_1_1_1	GSE222315_p4_NAT	GSE222315	DF.classifications_0.25_0.3_229	Singlet	pANN_0.25_0.3_229	0.183476938672073
GSE222315_CTAACCCCATCAGCAT-1_1_1_1_1	GSE222315_p4_NAT	GSE222315	DF.classifications_0.25_0.3_229	Singlet	pANN_0.25_0.3_229	0.274708565636087
GSE222315_CTAACCCGTAAGGAGA-1_1_1_1_1	GSE222315_p4_NAT	GSE222315	DF.classifications_0.25_0.3_229	Singlet	pANN_0.25_0.3_229	0.318803852002027
GSE222315_CTAACCCGTTCTCGCT-1_1_1_1_1	GSE222315_p4_NAT	GSE222315	DF.classifications_0.25_0.3_229	Singlet	pANN_0.25_0.3_229	0.252914343639128
GSE222315_CTAACCCTCAAAGAAC-1_1_1_1_1	GSE222315_p4_NAT	GSE222315	DF.classifications_0.25_0.3_229	Singlet	pANN_0.25_0.3_229	0.202230106436898
GSE222315_CTAACCCTCAGTCATG-1_1_1_1_1	GSE222315_p4_NAT	GSE222315	DF.classifications_0.25_0.3_229	Singlet	pANN_0.25_0.3_229	0.212366953877344
GSE222315_CTAACTTAGCTCGTGC-1_1_1_1_1	GSE222315_p4_NAT	GSE222315	DF.classifications_0.25_0.3_229	Singlet	pANN_0.25_0.3_229	0.325392802838317
GSE222315_CTAACTTCAAACCACT-1_1_1_1_1	GSE222315_p4_NAT	GSE222315	DF.classifications_0.25_0.3_229	Singlet	pANN_0.25_0.3_229	0.38114546376077
GSE222315_CTAACTTGTAATCAAG-1_1_1_1_1	GSE222315_p4_NAT	GSE222315	DF.classifications_0.25_0.3_229	Singlet	pANN_0.25_0.3_229	0.221490116573746
GSE222315_CTAACTTTCCGTGGGT-1_1_1_1_1	GSE222315_p4_NAT	GSE222315	DF.classifications_0.25_0.3_229	Singlet	pANN_0.25_0.3_229	0.162696401419159
GSE222315_CTAAGTGAGCGGACAT-1_1_1_1_1	GSE222315_p4_NAT	GSE222315	DF.classifications_0.25_0.3_229	Singlet	pANN_0.25_0.3_229	0.205271160669032
GSE222315_CTAAGTGCACTACCGG-1_1_1_1_1	GSE222315_p4_NAT	GSE222315	DF.classifications_0.25_0.3_229	Singlet	pANN_0.25_0.3_229	0.184490623416118
GSE222315_CTAAGTGCAGCTACAT-1_1_1_1_1	GSE222315_p4_NAT	GSE222315	DF.classifications_0.25_0.3_229	Singlet	pANN_0.25_0.3_229	0.226051697921946
GSE222315_CTAAGTGGTGTCCCTT-1_1_1_1_1	GSE222315_p4_NAT	GSE222315	DF.classifications_0.25_0.3_229	Singlet	pANN_0.25_0.3_229	0.197668525088697
GSE222315_CTAAGTGTCCACGGAC-1_1_1_1_1	GSE222315_p4_NAT	GSE222315	DF.classifications_0.25_0.3_229	Singlet	pANN_0.25_0.3_229	0.199695894576787
GSE222315_CTAAGTGTCCGTAATG-1_1_1_1_1	GSE222315_p4_NAT	GSE222315	DF.classifications_0.25_0.3_229	Singlet	pANN_0.25_0.3_229	0.173846933603649
GSE222315_CTAAGTGTCGGACCAC-1_1_1_1_1	GSE222315_p4_NAT	GSE222315	DF.classifications_0.25_0.3_229	Singlet	pANN_0.25_0.3_229	0.167257982767359
GSE222315_CTACAGACACGCGGTT-1_1_1_1_1	GSE222315_p4_NAT	GSE222315	DF.classifications_0.25_0.3_229	Singlet	pANN_0.25_0.3_229	0.254941713127217
GSE222315_CTACAGACAGCCGTCA-1_1_1_1_1	GSE222315_p4_NAT	GSE222315	DF.classifications_0.25_0.3_229	Singlet	pANN_0.25_0.3_229	0.254434870755195
GSE222315_CTACAGACATCGCTAA-1_1_1_1_1	GSE222315_p4_NAT	GSE222315	DF.classifications_0.25_0.3_229	Singlet	pANN_0.25_0.3_229	0.231626964014192
GSE222315_CTACAGATCGGAATTC-1_1_1_1_1	GSE222315_p4_NAT	GSE222315	DF.classifications_0.25_0.3_229	Singlet	pANN_0.25_0.3_229	0.376077040040547
GSE222315_CTACAGATCTCACTCG-1_1_1_1_1	GSE222315_p4_NAT	GSE222315	DF.classifications_0.25_0.3_229	Singlet	pANN_0.25_0.3_229	0.12113532691333
GSE222315_CTACATTAGTGCAAAT-1_1_1_1_1	GSE222315_p4_NAT	GSE222315	DF.classifications_0.25_0.3_229	Singlet	pANN_0.25_0.3_229	0.340091231626964
GSE222315_CTACATTCAGCGTACC-1_1_1_1_1	GSE222315_p4_NAT	GSE222315	DF.classifications_0.25_0.3_229	Singlet	pANN_0.25_0.3_229	0.366953877344146
GSE222315_CTACATTGTACTCGCG-1_1_1_1_1	GSE222315_p4_NAT	GSE222315	DF.classifications_0.25_0.3_229	Singlet	pANN_0.25_0.3_229	0.26001013684744
GSE222315_CTACATTGTGTGCTTA-1_1_1_1_1	GSE222315_p4_NAT	GSE222315	DF.classifications_0.25_0.3_229	Singlet	pANN_0.25_0.3_229	0.213887480993411
GSE222315_CTACATTTCATTGCGA-1_1_1_1_1	GSE222315_p4_NAT	GSE222315	DF.classifications_0.25_0.3_229	Singlet	pANN_0.25_0.3_229	0.180435884439939
GSE222315_CTACATTTCGGTCTAA-1_1_1_1_1	GSE222315_p4_NAT	GSE222315	DF.classifications_0.25_0.3_229	Singlet	pANN_0.25_0.3_229	0.137861125190066
GSE222315_CTACCCAAGCACTCTA-1_1_1_1_1	GSE222315_p4_NAT	GSE222315	DF.classifications_0.25_0.3_229	Singlet	pANN_0.25_0.3_229	0.151039026862646
GSE222315_CTACCCAAGGTGCCTC-1_1_1_1_1	GSE222315_p4_NAT	GSE222315	DF.classifications_0.25_0.3_229	Singlet	pANN_0.25_0.3_229	0.214901165737456
GSE222315_CTACCCACAGGAATCG-1_1_1_1_1	GSE222315_p4_NAT	GSE222315	DF.classifications_0.25_0.3_229	Singlet	pANN_0.25_0.3_229	0.352255448555499
GSE222315_CTACCCACATGGAAGC-1_1_1_1_1	GSE222315_p4_NAT	GSE222315	DF.classifications_0.25_0.3_229	Singlet	pANN_0.25_0.3_229	0.155093765838824
GSE222315_CTACCCAGTACGTGAG-1_1_1_1_1	GSE222315_p4_NAT	GSE222315	DF.classifications_0.25_0.3_229	Doublet	pANN_0.25_0.3_229	0.385707045108971
GSE222315_CTACCCATCTGCCCTA-1_1_1_1_1	GSE222315_p4_NAT	GSE222315	DF.classifications_0.25_0.3_229	Singlet	pANN_0.25_0.3_229	0.199695894576787
GSE222315_CTACCTGCAGAGTCTT-1_1_1_1_1	GSE222315_p4_NAT	GSE222315	DF.classifications_0.25_0.3_229	Singlet	pANN_0.25_0.3_229	0.194627470856564
GSE222315_CTACCTGGTCATGGCC-1_1_1_1_1	GSE222315_p4_NAT	GSE222315	DF.classifications_0.25_0.3_229	Singlet	pANN_0.25_0.3_229	0.163710086163203
GSE222315_CTACCTGGTGCCTAAT-1_1_1_1_1	GSE222315_p4_NAT	GSE222315	DF.classifications_0.25_0.3_229	Singlet	pANN_0.25_0.3_229	0.303091738469336
GSE222315_CTACCTGGTTAAGACA-1_1_1_1_1	GSE222315_p4_NAT	GSE222315	DF.classifications_0.25_0.3_229	Singlet	pANN_0.25_0.3_229	0.339077546882919
GSE222315_CTACGGGAGTACAGCG-1_1_1_1_1	GSE222315_p4_NAT	GSE222315	DF.classifications_0.25_0.3_229	Singlet	pANN_0.25_0.3_229	0.304105423213381
GSE222315_CTACGGGCATCCGGTG-1_1_1_1_1	GSE222315_p4_NAT	GSE222315	DF.classifications_0.25_0.3_229	Singlet	pANN_0.25_0.3_229	0.171312721743538
GSE222315_CTACGGGGTATATGGA-1_1_1_1_1	GSE222315_p4_NAT	GSE222315	DF.classifications_0.25_0.3_229	Singlet	pANN_0.25_0.3_229	0.158134820070958
GSE222315_CTACGGGGTTTAGAGA-1_1_1_1_1	GSE222315_p4_NAT	GSE222315	DF.classifications_0.25_0.3_229	Singlet	pANN_0.25_0.3_229	0.349721236695388
GSE222315_CTACTATGTACGAAAT-1_1_1_1_1	GSE222315_p4_NAT	GSE222315	DF.classifications_0.25_0.3_229	Singlet	pANN_0.25_0.3_229	0.26862645717182
GSE222315_CTACTATTCGACGCGT-1_1_1_1_1	GSE222315_p4_NAT	GSE222315	DF.classifications_0.25_0.3_229	Singlet	pANN_0.25_0.3_229	0.201216421692854
GSE222315_CTAGACAAGACCAACG-1_1_1_1_1	GSE222315_p4_NAT	GSE222315	DF.classifications_0.25_0.3_229	Singlet	pANN_0.25_0.3_229	0.311708058793715
GSE222315_CTAGACACACTCGATA-1_1_1_1_1	GSE222315_p4_NAT	GSE222315	DF.classifications_0.25_0.3_229	Singlet	pANN_0.25_0.3_229	0.283324885960466
GSE222315_CTAGACAGTGGGATTG-1_1_1_1_1	GSE222315_p4_NAT	GSE222315	DF.classifications_0.25_0.3_229	Singlet	pANN_0.25_0.3_229	0.181956411556006
GSE222315_CTAGACATCTCTGGTC-1_1_1_1_1	GSE222315_p4_NAT	GSE222315	DF.classifications_0.25_0.3_229	Singlet	pANN_0.25_0.3_229	0.372022301064369
GSE222315_CTAGGTAAGCCATCCG-1_1_1_1_1	GSE222315_p4_NAT	GSE222315	DF.classifications_0.25_0.3_229	Singlet	pANN_0.25_0.3_229	0.374049670552458
GSE222315_CTAGGTAAGGACATCG-1_1_1_1_1	GSE222315_p4_NAT	GSE222315	DF.classifications_0.25_0.3_229	Singlet	pANN_0.25_0.3_229	0.203243791180943
GSE222315_CTAGGTAAGTTGAAGT-1_1_1_1_1	GSE222315_p4_NAT	GSE222315	DF.classifications_0.25_0.3_229	Singlet	pANN_0.25_0.3_229	0.218955904713634
GSE222315_CTAGGTACAGTTAGGG-1_1_1_1_1	GSE222315_p4_NAT	GSE222315	DF.classifications_0.25_0.3_229	Singlet	pANN_0.25_0.3_229	0.326406487582362
GSE222315_CTAGGTAGTCACGACC-1_1_1_1_1	GSE222315_p4_NAT	GSE222315	DF.classifications_0.25_0.3_229	Singlet	pANN_0.25_0.3_229	0.182463253928028
GSE222315_CTAGGTATCACTACTT-1_1_1_1_1	GSE222315_p4_NAT	GSE222315	DF.classifications_0.25_0.3_229	Singlet	pANN_0.25_0.3_229	0.293968575772935
GSE222315_CTAGGTATCGCTGATA-1_1_1_1_1	GSE222315_p4_NAT	GSE222315	DF.classifications_0.25_0.3_229	Singlet	pANN_0.25_0.3_229	0.20932589964521
GSE222315_CTATAGGGTATCTCGA-1_1_1_1_1	GSE222315_p4_NAT	GSE222315	DF.classifications_0.25_0.3_229	Singlet	pANN_0.25_0.3_229	0.293968575772935
GSE222315_CTATAGGTCAGTGTTG-1_1_1_1_1	GSE222315_p4_NAT	GSE222315	DF.classifications_0.25_0.3_229	Singlet	pANN_0.25_0.3_229	0.170299036999493
GSE222315_CTATCCGCAACTGCTA-1_1_1_1_1	GSE222315_p4_NAT	GSE222315	DF.classifications_0.25_0.3_229	Singlet	pANN_0.25_0.3_229	0.189052204764318
GSE222315_CTATCCGCAAGTTCCA-1_1_1_1_1	GSE222315_p4_NAT	GSE222315	DF.classifications_0.25_0.3_229	Singlet	pANN_0.25_0.3_229	0.200202736948809
GSE222315_CTATCCGCACAATGCT-1_1_1_1_1	GSE222315_p4_NAT	GSE222315	DF.classifications_0.25_0.3_229	Singlet	pANN_0.25_0.3_229	0.272681196147998
GSE222315_CTATCCGCATCCTATT-1_1_1_1_1	GSE222315_p4_NAT	GSE222315	DF.classifications_0.25_0.3_229	Singlet	pANN_0.25_0.3_229	0.148504815002534
GSE222315_CTATCCGTCATGTCTT-1_1_1_1_1	GSE222315_p4_NAT	GSE222315	DF.classifications_0.25_0.3_229	Singlet	pANN_0.25_0.3_229	0.163710086163203
GSE222315_CTATCCGTCCGAAATC-1_1_1_1_1	GSE222315_p4_NAT	GSE222315	DF.classifications_0.25_0.3_229	Singlet	pANN_0.25_0.3_229	0.203750633552965
GSE222315_CTATCTACACGACGTC-1_1_1_1_1	GSE222315_p4_NAT	GSE222315	DF.classifications_0.25_0.3_229	Singlet	pANN_0.25_0.3_229	0.189052204764318
GSE222315_CTCAACCAGTGCTCAT-1_1_1_1_1	GSE222315_p4_NAT	GSE222315	DF.classifications_0.25_0.3_229	Singlet	pANN_0.25_0.3_229	0.143436391282311
GSE222315_CTCAACCCAAGAGTAT-1_1_1_1_1	GSE222315_p4_NAT	GSE222315	DF.classifications_0.25_0.3_229	Singlet	pANN_0.25_0.3_229	0.19158641662443
GSE222315_CTCAACCGTCCAGGTC-1_1_1_1_1	GSE222315_p4_NAT	GSE222315	DF.classifications_0.25_0.3_229	Singlet	pANN_0.25_0.3_229	0.264571718195641
GSE222315_CTCAACCTCACAGTGT-1_1_1_1_1	GSE222315_p4_NAT	GSE222315	DF.classifications_0.25_0.3_229	Singlet	pANN_0.25_0.3_229	0.208819057273188
GSE222315_CTCAACCTCCGATAAC-1_1_1_1_1	GSE222315_p4_NAT	GSE222315	DF.classifications_0.25_0.3_229	Singlet	pANN_0.25_0.3_229	0.180435884439939
GSE222315_CTCAACCTCGCTGTTC-1_1_1_1_1	GSE222315_p4_NAT	GSE222315	DF.classifications_0.25_0.3_229	Singlet	pANN_0.25_0.3_229	0.127217435377598
GSE222315_CTCAACCTCTCCTGCA-1_1_1_1_1	GSE222315_p4_NAT	GSE222315	DF.classifications_0.25_0.3_229	Singlet	pANN_0.25_0.3_229	0.206284845413077
GSE222315_CTCAACCTCTGGGAGA-1_1_1_1_1	GSE222315_p4_NAT	GSE222315	DF.classifications_0.25_0.3_229	Singlet	pANN_0.25_0.3_229	0.261530663963507
GSE222315_CTCAAGACATAGCTGT-1_1_1_1_1	GSE222315_p4_NAT	GSE222315	DF.classifications_0.25_0.3_229	Singlet	pANN_0.25_0.3_229	0.217435377597567
GSE222315_CTCAAGAGTGAATATG-1_1_1_1_1	GSE222315_p4_NAT	GSE222315	DF.classifications_0.25_0.3_229	Singlet	pANN_0.25_0.3_229	0.191079574252408
GSE222315_CTCAAGAGTGATCATC-1_1_1_1_1	GSE222315_p4_NAT	GSE222315	DF.classifications_0.25_0.3_229	Singlet	pANN_0.25_0.3_229	0.277749619868221
GSE222315_CTCAATTAGCTGTTAC-1_1_1_1_1	GSE222315_p4_NAT	GSE222315	DF.classifications_0.25_0.3_229	Doublet	pANN_0.25_0.3_229	0.392295995945261
GSE222315_CTCAATTGTGATACAA-1_1_1_1_1	GSE222315_p4_NAT	GSE222315	DF.classifications_0.25_0.3_229	Singlet	pANN_0.25_0.3_229	0.188038520020274
GSE222315_CTCAATTGTGTCGCTG-1_1_1_1_1	GSE222315_p4_NAT	GSE222315	DF.classifications_0.25_0.3_229	Singlet	pANN_0.25_0.3_229	0.167764825139382
GSE222315_CTCAATTTCCAAGGGA-1_1_1_1_1	GSE222315_p4_NAT	GSE222315	DF.classifications_0.25_0.3_229	Singlet	pANN_0.25_0.3_229	0.282818043588444
GSE222315_CTCACTGGTAGCGTTT-1_1_1_1_1	GSE222315_p4_NAT	GSE222315	DF.classifications_0.25_0.3_229	Singlet	pANN_0.25_0.3_229	0.27977698935631
GSE222315_CTCACTGGTCCGACGT-1_1_1_1_1	GSE222315_p4_NAT	GSE222315	DF.classifications_0.25_0.3_229	Singlet	pANN_0.25_0.3_229	0.165737455651292
GSE222315_CTCACTGTCAAGCGTT-1_1_1_1_1	GSE222315_p4_NAT	GSE222315	DF.classifications_0.25_0.3_229	Singlet	pANN_0.25_0.3_229	0.16523061327927
GSE222315_CTCAGAAAGCCTGAGA-1_1_1_1_1	GSE222315_p4_NAT	GSE222315	DF.classifications_0.25_0.3_229	Singlet	pANN_0.25_0.3_229	0.197668525088697
GSE222315_CTCAGAAAGGCCTTCG-1_1_1_1_1	GSE222315_p4_NAT	GSE222315	DF.classifications_0.25_0.3_229	Singlet	pANN_0.25_0.3_229	0.206284845413077
GSE222315_CTCAGAAGTGGCCCAT-1_1_1_1_1	GSE222315_p4_NAT	GSE222315	DF.classifications_0.25_0.3_229	Singlet	pANN_0.25_0.3_229	0.144956918398378
GSE222315_CTCAGAAGTGGGTTGA-1_1_1_1_1	GSE222315_p4_NAT	GSE222315	DF.classifications_0.25_0.3_229	Singlet	pANN_0.25_0.3_229	0.146984287886467
GSE222315_CTCAGAATCCGCTGTT-1_1_1_1_1	GSE222315_p4_NAT	GSE222315	DF.classifications_0.25_0.3_229	Singlet	pANN_0.25_0.3_229	0.365940192600101
GSE222315_CTCAGGGAGTGTTGAA-1_1_1_1_1	GSE222315_p4_NAT	GSE222315	DF.classifications_0.25_0.3_229	Singlet	pANN_0.25_0.3_229	0.181449569183984
GSE222315_CTCAGGGCACGTAGAG-1_1_1_1_1	GSE222315_p4_NAT	GSE222315	DF.classifications_0.25_0.3_229	Singlet	pANN_0.25_0.3_229	0.157121135326913
GSE222315_CTCAGGGCATTCCTCG-1_1_1_1_1	GSE222315_p4_NAT	GSE222315	DF.classifications_0.25_0.3_229	Singlet	pANN_0.25_0.3_229	0.231626964014192
GSE222315_CTCAGGGGTAACTTCG-1_1_1_1_1	GSE222315_p4_NAT	GSE222315	DF.classifications_0.25_0.3_229	Singlet	pANN_0.25_0.3_229	0.123162696401419
GSE222315_CTCAGGGTCCGAGAAG-1_1_1_1_1	GSE222315_p4_NAT	GSE222315	DF.classifications_0.25_0.3_229	Singlet	pANN_0.25_0.3_229	0.246325392802838
GSE222315_CTCAGTCCACCATTCC-1_1_1_1_1	GSE222315_p4_NAT	GSE222315	DF.classifications_0.25_0.3_229	Singlet	pANN_0.25_0.3_229	0.224024328433857
GSE222315_CTCAGTCCAGAGGCTA-1_1_1_1_1	GSE222315_p4_NAT	GSE222315	DF.classifications_0.25_0.3_229	Singlet	pANN_0.25_0.3_229	0.170299036999493
GSE222315_CTCAGTCGTATCGATC-1_1_1_1_1	GSE222315_p4_NAT	GSE222315	DF.classifications_0.25_0.3_229	Singlet	pANN_0.25_0.3_229	0.164216928535226
GSE222315_CTCAGTCGTGCCCGTA-1_1_1_1_1	GSE222315_p4_NAT	GSE222315	DF.classifications_0.25_0.3_229	Singlet	pANN_0.25_0.3_229	0.206791687785099
GSE222315_CTCAGTCGTTAACCTG-1_1_1_1_1	GSE222315_p4_NAT	GSE222315	DF.classifications_0.25_0.3_229	Singlet	pANN_0.25_0.3_229	0.162696401419159
GSE222315_CTCAGTCTCCTTGGAA-1_1_1_1_1	GSE222315_p4_NAT	GSE222315	DF.classifications_0.25_0.3_229	Singlet	pANN_0.25_0.3_229	0.188038520020274
GSE222315_CTCATCGAGGTCTACT-1_1_1_1_1	GSE222315_p4_NAT	GSE222315	DF.classifications_0.25_0.3_229	Singlet	pANN_0.25_0.3_229	0.15864166244298
GSE222315_CTCATCGCATGATCTG-1_1_1_1_1	GSE222315_p4_NAT	GSE222315	DF.classifications_0.25_0.3_229	Singlet	pANN_0.25_0.3_229	0.133806386213887
GSE222315_CTCATCGGTACAATAG-1_1_1_1_1	GSE222315_p4_NAT	GSE222315	DF.classifications_0.25_0.3_229	Singlet	pANN_0.25_0.3_229	0.195134313228586
GSE222315_CTCATCGTCGTAGTGT-1_1_1_1_1	GSE222315_p4_NAT	GSE222315	DF.classifications_0.25_0.3_229	Singlet	pANN_0.25_0.3_229	0.201723264064876
GSE222315_CTCATCGTCTTCTGGC-1_1_1_1_1	GSE222315_p4_NAT	GSE222315	DF.classifications_0.25_0.3_229	Singlet	pANN_0.25_0.3_229	0.189052204764318
GSE222315_CTCATGCAGGCCACCT-1_1_1_1_1	GSE222315_p4_NAT	GSE222315	DF.classifications_0.25_0.3_229	Singlet	pANN_0.25_0.3_229	0.190572731880385
GSE222315_CTCATGCCACAAATCC-1_1_1_1_1	GSE222315_p4_NAT	GSE222315	DF.classifications_0.25_0.3_229	Singlet	pANN_0.25_0.3_229	0.270146984287886
GSE222315_CTCATGCGTATCCTCC-1_1_1_1_1	GSE222315_p4_NAT	GSE222315	DF.classifications_0.25_0.3_229	Singlet	pANN_0.25_0.3_229	0.380638621388748
GSE222315_CTCATGCGTCAAACGG-1_1_1_1_1	GSE222315_p4_NAT	GSE222315	DF.classifications_0.25_0.3_229	Singlet	pANN_0.25_0.3_229	0.361378611251901
GSE222315_CTCATGCGTGGAAGTC-1_1_1_1_1	GSE222315_p4_NAT	GSE222315	DF.classifications_0.25_0.3_229	Singlet	pANN_0.25_0.3_229	0.214901165737456
GSE222315_CTCATGCGTTCTCAGA-1_1_1_1_1	GSE222315_p4_NAT	GSE222315	DF.classifications_0.25_0.3_229	Singlet	pANN_0.25_0.3_229	0.347693867207299
GSE222315_CTCATGCGTTGGTACT-1_1_1_1_1	GSE222315_p4_NAT	GSE222315	DF.classifications_0.25_0.3_229	Singlet	pANN_0.25_0.3_229	0.184490623416118
GSE222315_CTCATGCTCCATACTT-1_1_1_1_1	GSE222315_p4_NAT	GSE222315	DF.classifications_0.25_0.3_229	Singlet	pANN_0.25_0.3_229	0.259503294475418
GSE222315_CTCATTAAGATCCCGC-1_1_1_1_1	GSE222315_p4_NAT	GSE222315	DF.classifications_0.25_0.3_229	Singlet	pANN_0.25_0.3_229	0.157121135326913
GSE222315_CTCATTAAGGTTCAGG-1_1_1_1_1	GSE222315_p4_NAT	GSE222315	DF.classifications_0.25_0.3_229	Doublet	pANN_0.25_0.3_229	0.398378104409529
GSE222315_CTCATTACACCCTAAA-1_1_1_1_1	GSE222315_p4_NAT	GSE222315	DF.classifications_0.25_0.3_229	Singlet	pANN_0.25_0.3_229	0.197161682716675
GSE222315_CTCATTACAGTGAGCA-1_1_1_1_1	GSE222315_p4_NAT	GSE222315	DF.classifications_0.25_0.3_229	Singlet	pANN_0.25_0.3_229	0.192093258996452
GSE222315_CTCATTAGTATCGTGT-1_1_1_1_1	GSE222315_p4_NAT	GSE222315	DF.classifications_0.25_0.3_229	Singlet	pANN_0.25_0.3_229	0.203750633552965
GSE222315_CTCATTAGTATGCTAC-1_1_1_1_1	GSE222315_p4_NAT	GSE222315	DF.classifications_0.25_0.3_229	Singlet	pANN_0.25_0.3_229	0.243791180942727
GSE222315_CTCATTAGTGGCAGAT-1_1_1_1_1	GSE222315_p4_NAT	GSE222315	DF.classifications_0.25_0.3_229	Singlet	pANN_0.25_0.3_229	0.186011150532184
GSE222315_CTCATTAGTTGTGCAT-1_1_1_1_1	GSE222315_p4_NAT	GSE222315	DF.classifications_0.25_0.3_229	Singlet	pANN_0.25_0.3_229	0.19817536746072
GSE222315_CTCATTATCCTGTACC-1_1_1_1_1	GSE222315_p4_NAT	GSE222315	DF.classifications_0.25_0.3_229	Singlet	pANN_0.25_0.3_229	0.171312721743538
GSE222315_CTCCAACCAATACGAA-1_1_1_1_1	GSE222315_p4_NAT	GSE222315	DF.classifications_0.25_0.3_229	Singlet	pANN_0.25_0.3_229	0.19817536746072
GSE222315_CTCCAACGTGCCTAAT-1_1_1_1_1	GSE222315_p4_NAT	GSE222315	DF.classifications_0.25_0.3_229	Singlet	pANN_0.25_0.3_229	0.205778003041054
GSE222315_CTCCACAAGGGTTGCA-1_1_1_1_1	GSE222315_p4_NAT	GSE222315	DF.classifications_0.25_0.3_229	Singlet	pANN_0.25_0.3_229	0.203750633552965
GSE222315_CTCCACAAGTGCAAAT-1_1_1_1_1	GSE222315_p4_NAT	GSE222315	DF.classifications_0.25_0.3_229	Singlet	pANN_0.25_0.3_229	0.259503294475418
GSE222315_CTCCACACATCGATCA-1_1_1_1_1	GSE222315_p4_NAT	GSE222315	DF.classifications_0.25_0.3_229	Singlet	pANN_0.25_0.3_229	0.2159148504815
GSE222315_CTCCACAGTTCAGCGC-1_1_1_1_1	GSE222315_p4_NAT	GSE222315	DF.classifications_0.25_0.3_229	Singlet	pANN_0.25_0.3_229	0.183983781044095
GSE222315_CTCCACATCACTTTGT-1_1_1_1_1	GSE222315_p4_NAT	GSE222315	DF.classifications_0.25_0.3_229	Singlet	pANN_0.25_0.3_229	0.170299036999493
GSE222315_CTCCACATCCACTGGG-1_1_1_1_1	GSE222315_p4_NAT	GSE222315	DF.classifications_0.25_0.3_229	Singlet	pANN_0.25_0.3_229	0.150025342118601
GSE222315_CTCCATGCACAGTCGC-1_1_1_1_1	GSE222315_p4_NAT	GSE222315	DF.classifications_0.25_0.3_229	Singlet	pANN_0.25_0.3_229	0.176887987835783
GSE222315_CTCCATGGTCGTATGT-1_1_1_1_1	GSE222315_p4_NAT	GSE222315	DF.classifications_0.25_0.3_229	Singlet	pANN_0.25_0.3_229	0.204257475924987
GSE222315_CTCCATGTCAGCCTTC-1_1_1_1_1	GSE222315_p4_NAT	GSE222315	DF.classifications_0.25_0.3_229	Singlet	pANN_0.25_0.3_229	0.200202736948809
GSE222315_CTCCATGTCTTGGAAC-1_1_1_1_1	GSE222315_p4_NAT	GSE222315	DF.classifications_0.25_0.3_229	Singlet	pANN_0.25_0.3_229	0.234668018246325
GSE222315_CTCCCAACACTTGGCG-1_1_1_1_1	GSE222315_p4_NAT	GSE222315	DF.classifications_0.25_0.3_229	Singlet	pANN_0.25_0.3_229	0.146984287886467
GSE222315_CTCCCAAGTCACAGTT-1_1_1_1_1	GSE222315_p4_NAT	GSE222315	DF.classifications_0.25_0.3_229	Singlet	pANN_0.25_0.3_229	0.212366953877344
GSE222315_CTCCCAAGTTAGTTCG-1_1_1_1_1	GSE222315_p4_NAT	GSE222315	DF.classifications_0.25_0.3_229	Singlet	pANN_0.25_0.3_229	0.243284338570705
GSE222315_CTCCCAATCTCCGATC-1_1_1_1_1	GSE222315_p4_NAT	GSE222315	DF.classifications_0.25_0.3_229	Singlet	pANN_0.25_0.3_229	0.361378611251901
GSE222315_CTCCCTCAGCAAACAT-1_1_1_1_1	GSE222315_p4_NAT	GSE222315	DF.classifications_0.25_0.3_229	Singlet	pANN_0.25_0.3_229	0.176887987835783
GSE222315_CTCCCTCAGCCTGGAA-1_1_1_1_1	GSE222315_p4_NAT	GSE222315	DF.classifications_0.25_0.3_229	Singlet	pANN_0.25_0.3_229	0.177394830207805
GSE222315_CTCCCTCAGTGGTTCT-1_1_1_1_1	GSE222315_p4_NAT	GSE222315	DF.classifications_0.25_0.3_229	Singlet	pANN_0.25_0.3_229	0.180942726811961
GSE222315_CTCCCTCTCTCACTCG-1_1_1_1_1	GSE222315_p4_NAT	GSE222315	DF.classifications_0.25_0.3_229	Singlet	pANN_0.25_0.3_229	0.244298023314749
GSE222315_CTCCGATAGATGGTAT-1_1_1_1_1	GSE222315_p4_NAT	GSE222315	DF.classifications_0.25_0.3_229	Singlet	pANN_0.25_0.3_229	0.348200709579321
GSE222315_CTCCGATAGCGGTAGT-1_1_1_1_1	GSE222315_p4_NAT	GSE222315	DF.classifications_0.25_0.3_229	Singlet	pANN_0.25_0.3_229	0.262544348707552
GSE222315_CTCCGATAGGTCATAA-1_1_1_1_1	GSE222315_p4_NAT	GSE222315	DF.classifications_0.25_0.3_229	Singlet	pANN_0.25_0.3_229	0.230613279270147
GSE222315_CTCCGATCAACTTGGT-1_1_1_1_1	GSE222315_p4_NAT	GSE222315	DF.classifications_0.25_0.3_229	Singlet	pANN_0.25_0.3_229	0.156614292954891
GSE222315_CTCCGATCAGTATGAA-1_1_1_1_1	GSE222315_p4_NAT	GSE222315	DF.classifications_0.25_0.3_229	Singlet	pANN_0.25_0.3_229	0.199695894576787
GSE222315_CTCCGATGTATCGTGT-1_1_1_1_1	GSE222315_p4_NAT	GSE222315	DF.classifications_0.25_0.3_229	Singlet	pANN_0.25_0.3_229	0.128231120121642
GSE222315_CTCCGATTCCAACCAA-1_1_1_1_1	GSE222315_p4_NAT	GSE222315	DF.classifications_0.25_0.3_229	Singlet	pANN_0.25_0.3_229	0.196654840344653
GSE222315_CTCCGATTCCACTGGG-1_1_1_1_1	GSE222315_p4_NAT	GSE222315	DF.classifications_0.25_0.3_229	Singlet	pANN_0.25_0.3_229	0.127217435377598
GSE222315_CTCCGATTCGCCGAGT-1_1_1_1_1	GSE222315_p4_NAT	GSE222315	DF.classifications_0.25_0.3_229	Singlet	pANN_0.25_0.3_229	0.163710086163203
GSE222315_CTCCTCCAGAGTTGCG-1_1_1_1_1	GSE222315_p4_NAT	GSE222315	DF.classifications_0.25_0.3_229	Singlet	pANN_0.25_0.3_229	0.321844906234161
GSE222315_CTCCTCCAGGTAGTAT-1_1_1_1_1	GSE222315_p4_NAT	GSE222315	DF.classifications_0.25_0.3_229	Singlet	pANN_0.25_0.3_229	0.185504308160162
GSE222315_CTCCTCCGTAGGCTGA-1_1_1_1_1	GSE222315_p4_NAT	GSE222315	DF.classifications_0.25_0.3_229	Singlet	pANN_0.25_0.3_229	0.155600608210846
GSE222315_CTCCTCCGTTCGGACC-1_1_1_1_1	GSE222315_p4_NAT	GSE222315	DF.classifications_0.25_0.3_229	Singlet	pANN_0.25_0.3_229	0.247339077546883
GSE222315_CTCCTCCTCCGACAGC-1_1_1_1_1	GSE222315_p4_NAT	GSE222315	DF.classifications_0.25_0.3_229	Singlet	pANN_0.25_0.3_229	0.354789660415611
GSE222315_CTCCTCCTCTGCGGCA-1_1_1_1_1	GSE222315_p4_NAT	GSE222315	DF.classifications_0.25_0.3_229	Singlet	pANN_0.25_0.3_229	0.355296502787633
GSE222315_CTCCTTTGTGGCTTGC-1_1_1_1_1	GSE222315_p4_NAT	GSE222315	DF.classifications_0.25_0.3_229	Singlet	pANN_0.25_0.3_229	0.167764825139382
GSE222315_CTCCTTTTCCCATTCG-1_1_1_1_1	GSE222315_p4_NAT	GSE222315	DF.classifications_0.25_0.3_229	Doublet	pANN_0.25_0.3_229	0.393309680689306
GSE222315_CTCCTTTTCGACCCAG-1_1_1_1_1	GSE222315_p4_NAT	GSE222315	DF.classifications_0.25_0.3_229	Singlet	pANN_0.25_0.3_229	0.243791180942727
GSE222315_CTCGAGGAGCCATTTG-1_1_1_1_1	GSE222315_p4_NAT	GSE222315	DF.classifications_0.25_0.3_229	Singlet	pANN_0.25_0.3_229	0.200202736948809
GSE222315_CTCGAGGAGGTTGACG-1_1_1_1_1	GSE222315_p4_NAT	GSE222315	DF.classifications_0.25_0.3_229	Singlet	pANN_0.25_0.3_229	0.232133806386214
GSE222315_CTCGAGGCACCCATAA-1_1_1_1_1	GSE222315_p4_NAT	GSE222315	DF.classifications_0.25_0.3_229	Singlet	pANN_0.25_0.3_229	0.259503294475418
GSE222315_CTCGAGGCAGACCCGT-1_1_1_1_1	GSE222315_p4_NAT	GSE222315	DF.classifications_0.25_0.3_229	Singlet	pANN_0.25_0.3_229	0.250886974151039
GSE222315_CTCTCAGAGCATTGTC-1_1_1_1_1	GSE222315_p4_NAT	GSE222315	DF.classifications_0.25_0.3_229	Singlet	pANN_0.25_0.3_229	0.175367460719716
GSE222315_CTCTCAGAGTCCCGGT-1_1_1_1_1	GSE222315_p4_NAT	GSE222315	DF.classifications_0.25_0.3_229	Singlet	pANN_0.25_0.3_229	0.126710593005575
GSE222315_CTCTCAGGTTCGGTTA-1_1_1_1_1	GSE222315_p4_NAT	GSE222315	DF.classifications_0.25_0.3_229	Singlet	pANN_0.25_0.3_229	0.167764825139382
GSE222315_CTCTCAGGTTTAGAGA-1_1_1_1_1	GSE222315_p4_NAT	GSE222315	DF.classifications_0.25_0.3_229	Singlet	pANN_0.25_0.3_229	0.263051191079574
GSE222315_CTCTCAGTCTCATTGT-1_1_1_1_1	GSE222315_p4_NAT	GSE222315	DF.classifications_0.25_0.3_229	Singlet	pANN_0.25_0.3_229	0.2113532691333
GSE222315_CTCTCGACACAAGTGG-1_1_1_1_1	GSE222315_p4_NAT	GSE222315	DF.classifications_0.25_0.3_229	Singlet	pANN_0.25_0.3_229	0.20476431829701
GSE222315_CTCTCGACATGGAGAC-1_1_1_1_1	GSE222315_p4_NAT	GSE222315	DF.classifications_0.25_0.3_229	Singlet	pANN_0.25_0.3_229	0.249366447034972
GSE222315_CTCTCGAGTAGTTCCA-1_1_1_1_1	GSE222315_p4_NAT	GSE222315	DF.classifications_0.25_0.3_229	Singlet	pANN_0.25_0.3_229	0.355296502787633
GSE222315_CTCTCGAGTCTGTCAA-1_1_1_1_1	GSE222315_p4_NAT	GSE222315	DF.classifications_0.25_0.3_229	Singlet	pANN_0.25_0.3_229	0.244298023314749
GSE222315_CTCTCGATCATACGGT-1_1_1_1_1	GSE222315_p4_NAT	GSE222315	DF.classifications_0.25_0.3_229	Singlet	pANN_0.25_0.3_229	0.250380131779017
GSE222315_CTCTGGTAGACGCATG-1_1_1_1_1	GSE222315_p4_NAT	GSE222315	DF.classifications_0.25_0.3_229	Doublet	pANN_0.25_0.3_229	0.390775468829194
GSE222315_CTCTGGTAGCATGCGA-1_1_1_1_1	GSE222315_p4_NAT	GSE222315	DF.classifications_0.25_0.3_229	Singlet	pANN_0.25_0.3_229	0.240750126710593
GSE222315_CTCTGGTAGGTAGGCT-1_1_1_1_1	GSE222315_p4_NAT	GSE222315	DF.classifications_0.25_0.3_229	Singlet	pANN_0.25_0.3_229	0.252914343639128
GSE222315_CTCTGGTAGTAATTGG-1_1_1_1_1	GSE222315_p4_NAT	GSE222315	DF.classifications_0.25_0.3_229	Singlet	pANN_0.25_0.3_229	0.156107450582869
GSE222315_CTCTGGTCAGACCGCT-1_1_1_1_1	GSE222315_p4_NAT	GSE222315	DF.classifications_0.25_0.3_229	Singlet	pANN_0.25_0.3_229	0.218449062341612
GSE222315_CTCTGGTCATAACGGG-1_1_1_1_1	GSE222315_p4_NAT	GSE222315	DF.classifications_0.25_0.3_229	Singlet	pANN_0.25_0.3_229	0.244804865686771
GSE222315_CTCTGGTGTTCTTGCC-1_1_1_1_1	GSE222315_p4_NAT	GSE222315	DF.classifications_0.25_0.3_229	Singlet	pANN_0.25_0.3_229	0.203243791180943
GSE222315_CTCTGGTTCCGTAGTA-1_1_1_1_1	GSE222315_p4_NAT	GSE222315	DF.classifications_0.25_0.3_229	Singlet	pANN_0.25_0.3_229	0.228079067410035
GSE222315_CTCTGGTTCTCCAAGA-1_1_1_1_1	GSE222315_p4_NAT	GSE222315	DF.classifications_0.25_0.3_229	Singlet	pANN_0.25_0.3_229	0.22909275215408
GSE222315_CTGAATGCATAGTCAC-1_1_1_1_1	GSE222315_p4_NAT	GSE222315	DF.classifications_0.25_0.3_229	Singlet	pANN_0.25_0.3_229	0.199189052204764
GSE222315_CTGAATGGTTTGCCGG-1_1_1_1_1	GSE222315_p4_NAT	GSE222315	DF.classifications_0.25_0.3_229	Singlet	pANN_0.25_0.3_229	0.265078560567663
GSE222315_CTGAGCGAGACGTCGA-1_1_1_1_1	GSE222315_p4_NAT	GSE222315	DF.classifications_0.25_0.3_229	Singlet	pANN_0.25_0.3_229	0.312214901165737
GSE222315_CTGAGCGCAACTGGTT-1_1_1_1_1	GSE222315_p4_NAT	GSE222315	DF.classifications_0.25_0.3_229	Singlet	pANN_0.25_0.3_229	0.219969589457679
GSE222315_CTGAGCGCAGAATTCC-1_1_1_1_1	GSE222315_p4_NAT	GSE222315	DF.classifications_0.25_0.3_229	Singlet	pANN_0.25_0.3_229	0.228585909782058
GSE222315_CTGAGCGGTGCTCTTC-1_1_1_1_1	GSE222315_p4_NAT	GSE222315	DF.classifications_0.25_0.3_229	Singlet	pANN_0.25_0.3_229	0.260516979219463
GSE222315_CTGAGCGTCCTCACGT-1_1_1_1_1	GSE222315_p4_NAT	GSE222315	DF.classifications_0.25_0.3_229	Singlet	pANN_0.25_0.3_229	0.129244804865687
GSE222315_CTGAGCGTCTTCACGC-1_1_1_1_1	GSE222315_p4_NAT	GSE222315	DF.classifications_0.25_0.3_229	Singlet	pANN_0.25_0.3_229	0.186011150532184
GSE222315_CTGAGGCAGCCTCGTG-1_1_1_1_1	GSE222315_p4_NAT	GSE222315	DF.classifications_0.25_0.3_229	Singlet	pANN_0.25_0.3_229	0.15205271160669
GSE222315_CTGAGGCCAAGATCCT-1_1_1_1_1	GSE222315_p4_NAT	GSE222315	DF.classifications_0.25_0.3_229	Singlet	pANN_0.25_0.3_229	0.128737962493664
GSE222315_CTGAGGCCAAGGCAAC-1_1_1_1_1	GSE222315_p4_NAT	GSE222315	DF.classifications_0.25_0.3_229	Singlet	pANN_0.25_0.3_229	0.169792194627471
GSE222315_CTGAGGCCATCGTCCT-1_1_1_1_1	GSE222315_p4_NAT	GSE222315	DF.classifications_0.25_0.3_229	Singlet	pANN_0.25_0.3_229	0.172833248859605
GSE222315_CTGAGGCGTCAACACT-1_1_1_1_1	GSE222315_p4_NAT	GSE222315	DF.classifications_0.25_0.3_229	Singlet	pANN_0.25_0.3_229	0.252407501267106
GSE222315_CTGAGGCTCACATCAG-1_1_1_1_1	GSE222315_p4_NAT	GSE222315	DF.classifications_0.25_0.3_229	Singlet	pANN_0.25_0.3_229	0.255955397871262
GSE222315_CTGATCCAGCTATCTG-1_1_1_1_1	GSE222315_p4_NAT	GSE222315	DF.classifications_0.25_0.3_229	Singlet	pANN_0.25_0.3_229	0.149011657374557
GSE222315_CTGATCCAGTTAGTAG-1_1_1_1_1	GSE222315_p4_NAT	GSE222315	DF.classifications_0.25_0.3_229	Singlet	pANN_0.25_0.3_229	0.138367967562088
GSE222315_CTGATCCCAGAGCTAG-1_1_1_1_1	GSE222315_p4_NAT	GSE222315	DF.classifications_0.25_0.3_229	Singlet	pANN_0.25_0.3_229	0.174353775975672
GSE222315_CTGATCCCAGCATACT-1_1_1_1_1	GSE222315_p4_NAT	GSE222315	DF.classifications_0.25_0.3_229	Singlet	pANN_0.25_0.3_229	0.309680689305626
GSE222315_CTGCAGGCACTCATAG-1_1_1_1_1	GSE222315_p4_NAT	GSE222315	DF.classifications_0.25_0.3_229	Singlet	pANN_0.25_0.3_229	0.256969082615307
GSE222315_CTGCAGGTCGAGATAA-1_1_1_1_1	GSE222315_p4_NAT	GSE222315	DF.classifications_0.25_0.3_229	Singlet	pANN_0.25_0.3_229	0.293461733400912
GSE222315_CTGCATCCACAGCATT-1_1_1_1_1	GSE222315_p4_NAT	GSE222315	DF.classifications_0.25_0.3_229	Singlet	pANN_0.25_0.3_229	0.31931069437405
GSE222315_CTGCATCGTCACAATC-1_1_1_1_1	GSE222315_p4_NAT	GSE222315	DF.classifications_0.25_0.3_229	Doublet	pANN_0.25_0.3_229	0.389254941713127
GSE222315_CTGCATCGTCCCACGA-1_1_1_1_1	GSE222315_p4_NAT	GSE222315	DF.classifications_0.25_0.3_229	Singlet	pANN_0.25_0.3_229	0.14749113025849
GSE222315_CTGCATCTCGACCCAG-1_1_1_1_1	GSE222315_p4_NAT	GSE222315	DF.classifications_0.25_0.3_229	Singlet	pANN_0.25_0.3_229	0.289913836796756
GSE222315_CTGCATCTCTCAGTCC-1_1_1_1_1	GSE222315_p4_NAT	GSE222315	DF.classifications_0.25_0.3_229	Singlet	pANN_0.25_0.3_229	0.267105930055753
GSE222315_CTGCCATAGAAAGCGA-1_1_1_1_1	GSE222315_p4_NAT	GSE222315	DF.classifications_0.25_0.3_229	Singlet	pANN_0.25_0.3_229	0.232133806386214
GSE222315_CTGCCATAGCGCAATG-1_1_1_1_1	GSE222315_p4_NAT	GSE222315	DF.classifications_0.25_0.3_229	Singlet	pANN_0.25_0.3_229	0.251393816523061
GSE222315_CTGCCATTCAACTACG-1_1_1_1_1	GSE222315_p4_NAT	GSE222315	DF.classifications_0.25_0.3_229	Singlet	pANN_0.25_0.3_229	0.178915357323872
GSE222315_CTGCCTAAGAGGGTGG-1_1_1_1_1	GSE222315_p4_NAT	GSE222315	DF.classifications_0.25_0.3_229	Singlet	pANN_0.25_0.3_229	0.238215914850481
GSE222315_CTGCCTACATCCGGTG-1_1_1_1_1	GSE222315_p4_NAT	GSE222315	DF.classifications_0.25_0.3_229	Singlet	pANN_0.25_0.3_229	0.217942219969589
GSE222315_CTGCCTAGTGCCAAGA-1_1_1_1_1	GSE222315_p4_NAT	GSE222315	DF.classifications_0.25_0.3_229	Singlet	pANN_0.25_0.3_229	0.122149011657375
GSE222315_CTGCGAGGTGGTCCGT-1_1_1_1_1	GSE222315_p4_NAT	GSE222315	DF.classifications_0.25_0.3_229	Singlet	pANN_0.25_0.3_229	0.36999493157628
GSE222315_CTGCGAGTCAATCGGT-1_1_1_1_1	GSE222315_p4_NAT	GSE222315	DF.classifications_0.25_0.3_229	Doublet	pANN_0.25_0.3_229	0.40091231626964
GSE222315_CTGCGAGTCGCAAGAG-1_1_1_1_1	GSE222315_p4_NAT	GSE222315	DF.classifications_0.25_0.3_229	Singlet	pANN_0.25_0.3_229	0.200202736948809
GSE222315_CTGCTCAAGCAAACAT-1_1_1_1_1	GSE222315_p4_NAT	GSE222315	DF.classifications_0.25_0.3_229	Singlet	pANN_0.25_0.3_229	0.228079067410035
GSE222315_CTGCTCAAGTGCTACT-1_1_1_1_1	GSE222315_p4_NAT	GSE222315	DF.classifications_0.25_0.3_229	Singlet	pANN_0.25_0.3_229	0.250380131779017
GSE222315_CTGCTCAGTATCACGT-1_1_1_1_1	GSE222315_p4_NAT	GSE222315	DF.classifications_0.25_0.3_229	Singlet	pANN_0.25_0.3_229	0.129751647237709
GSE222315_CTGCTCAGTTGCTCAA-1_1_1_1_1	GSE222315_p4_NAT	GSE222315	DF.classifications_0.25_0.3_229	Singlet	pANN_0.25_0.3_229	0.240750126710593
GSE222315_CTGCTCATCCACCTGT-1_1_1_1_1	GSE222315_p4_NAT	GSE222315	DF.classifications_0.25_0.3_229	Singlet	pANN_0.25_0.3_229	0.206284845413077
GSE222315_CTGGACGAGCCTGACC-1_1_1_1_1	GSE222315_p4_NAT	GSE222315	DF.classifications_0.25_0.3_229	Singlet	pANN_0.25_0.3_229	0.207805372529143
GSE222315_CTGGACGAGCTTCGTA-1_1_1_1_1	GSE222315_p4_NAT	GSE222315	DF.classifications_0.25_0.3_229	Singlet	pANN_0.25_0.3_229	0.243791180942727
GSE222315_CTGGACGCATCATGAC-1_1_1_1_1	GSE222315_p4_NAT	GSE222315	DF.classifications_0.25_0.3_229	Singlet	pANN_0.25_0.3_229	0.188545362392296
GSE222315_CTGGACGTCGCTATTT-1_1_1_1_1	GSE222315_p4_NAT	GSE222315	DF.classifications_0.25_0.3_229	Singlet	pANN_0.25_0.3_229	0.256462240243284
GSE222315_CTGGACGTCTCCAAGA-1_1_1_1_1	GSE222315_p4_NAT	GSE222315	DF.classifications_0.25_0.3_229	Singlet	pANN_0.25_0.3_229	0.196654840344653
GSE222315_CTGGACGTCTGGACTA-1_1_1_1_1	GSE222315_p4_NAT	GSE222315	DF.classifications_0.25_0.3_229	Singlet	pANN_0.25_0.3_229	0.259503294475418
GSE222315_CTGGCAGAGCAGCCCT-1_1_1_1_1	GSE222315_p4_NAT	GSE222315	DF.classifications_0.25_0.3_229	Singlet	pANN_0.25_0.3_229	0.157121135326913
GSE222315_CTGGCAGGTGAGCAGT-1_1_1_1_1	GSE222315_p4_NAT	GSE222315	DF.classifications_0.25_0.3_229	Singlet	pANN_0.25_0.3_229	0.295995945261024
GSE222315_CTGGCAGTCAACCTCC-1_1_1_1_1	GSE222315_p4_NAT	GSE222315	DF.classifications_0.25_0.3_229	Singlet	pANN_0.25_0.3_229	0.38114546376077
GSE222315_CTGGCAGTCCGTAGGC-1_1_1_1_1	GSE222315_p4_NAT	GSE222315	DF.classifications_0.25_0.3_229	Singlet	pANN_0.25_0.3_229	0.198682209832742
GSE222315_CTGGTCTAGTCTAGCT-1_1_1_1_1	GSE222315_p4_NAT	GSE222315	DF.classifications_0.25_0.3_229	Singlet	pANN_0.25_0.3_229	0.243284338570705
GSE222315_CTGGTCTCAGTCACGC-1_1_1_1_1	GSE222315_p4_NAT	GSE222315	DF.classifications_0.25_0.3_229	Singlet	pANN_0.25_0.3_229	0.219462747085656
GSE222315_CTGTACCAGCTCTGTA-1_1_1_1_1	GSE222315_p4_NAT	GSE222315	DF.classifications_0.25_0.3_229	Singlet	pANN_0.25_0.3_229	0.247339077546883
GSE222315_CTGTACCGTCGTTTCC-1_1_1_1_1	GSE222315_p4_NAT	GSE222315	DF.classifications_0.25_0.3_229	Singlet	pANN_0.25_0.3_229	0.234161175874303
GSE222315_CTGTACCGTCTTGTCC-1_1_1_1_1	GSE222315_p4_NAT	GSE222315	DF.classifications_0.25_0.3_229	Doublet	pANN_0.25_0.3_229	0.388241256969083
GSE222315_CTGTAGAAGTCATCCA-1_1_1_1_1	GSE222315_p4_NAT	GSE222315	DF.classifications_0.25_0.3_229	Singlet	pANN_0.25_0.3_229	0.187531677648251
GSE222315_CTGTAGACATTGTACG-1_1_1_1_1	GSE222315_p4_NAT	GSE222315	DF.classifications_0.25_0.3_229	Singlet	pANN_0.25_0.3_229	0.24885960466295
GSE222315_CTGTAGATCCCATAGA-1_1_1_1_1	GSE222315_p4_NAT	GSE222315	DF.classifications_0.25_0.3_229	Singlet	pANN_0.25_0.3_229	0.128737962493664
GSE222315_CTGTAGATCGAGAAGC-1_1_1_1_1	GSE222315_p4_NAT	GSE222315	DF.classifications_0.25_0.3_229	Singlet	pANN_0.25_0.3_229	0.168271667511404
GSE222315_CTGTATTAGGTGCTTT-1_1_1_1_1	GSE222315_p4_NAT	GSE222315	DF.classifications_0.25_0.3_229	Singlet	pANN_0.25_0.3_229	0.372022301064369
GSE222315_CTGTATTAGTAGCATA-1_1_1_1_1	GSE222315_p4_NAT	GSE222315	DF.classifications_0.25_0.3_229	Singlet	pANN_0.25_0.3_229	0.210339584389255
GSE222315_CTGTATTGTGCTGTCG-1_1_1_1_1	GSE222315_p4_NAT	GSE222315	DF.classifications_0.25_0.3_229	Singlet	pANN_0.25_0.3_229	0.215408008109478
GSE222315_CTGTATTGTTGTATGC-1_1_1_1_1	GSE222315_p4_NAT	GSE222315	DF.classifications_0.25_0.3_229	Singlet	pANN_0.25_0.3_229	0.126710593005575
GSE222315_CTGTCGTCATGGATCT-1_1_1_1_1	GSE222315_p4_NAT	GSE222315	DF.classifications_0.25_0.3_229	Singlet	pANN_0.25_0.3_229	0.177394830207805
GSE222315_CTGTCGTCATGTACGT-1_1_1_1_1	GSE222315_p4_NAT	GSE222315	DF.classifications_0.25_0.3_229	Singlet	pANN_0.25_0.3_229	0.353775975671566
GSE222315_CTGTCGTGTCCGGCAT-1_1_1_1_1	GSE222315_p4_NAT	GSE222315	DF.classifications_0.25_0.3_229	Doublet	pANN_0.25_0.3_229	0.391282311201216
GSE222315_CTGTCGTTCTCTATAC-1_1_1_1_1	GSE222315_p4_NAT	GSE222315	DF.classifications_0.25_0.3_229	Singlet	pANN_0.25_0.3_229	0.144956918398378
GSE222315_CTGTGAAAGACCATGG-1_1_1_1_1	GSE222315_p4_NAT	GSE222315	DF.classifications_0.25_0.3_229	Singlet	pANN_0.25_0.3_229	0.24227065382666
GSE222315_CTGTGAAAGGGCAGTT-1_1_1_1_1	GSE222315_p4_NAT	GSE222315	DF.classifications_0.25_0.3_229	Singlet	pANN_0.25_0.3_229	0.15408008109478
GSE222315_CTGTGAAAGGGTACAC-1_1_1_1_1	GSE222315_p4_NAT	GSE222315	DF.classifications_0.25_0.3_229	Singlet	pANN_0.25_0.3_229	0.196147997972631
GSE222315_CTGTGAAGTATGATCC-1_1_1_1_1	GSE222315_p4_NAT	GSE222315	DF.classifications_0.25_0.3_229	Singlet	pANN_0.25_0.3_229	0.237202230106437
GSE222315_CTGTGAAGTTCGGTTA-1_1_1_1_1	GSE222315_p4_NAT	GSE222315	DF.classifications_0.25_0.3_229	Singlet	pANN_0.25_0.3_229	0.182463253928028
GSE222315_CTGTGAAGTTTGAAAG-1_1_1_1_1	GSE222315_p4_NAT	GSE222315	DF.classifications_0.25_0.3_229	Singlet	pANN_0.25_0.3_229	0.365940192600101
GSE222315_CTGTGAATCCCGTAAA-1_1_1_1_1	GSE222315_p4_NAT	GSE222315	DF.classifications_0.25_0.3_229	Singlet	pANN_0.25_0.3_229	0.135326913329954
GSE222315_CTGTGAATCTGGGAGA-1_1_1_1_1	GSE222315_p4_NAT	GSE222315	DF.classifications_0.25_0.3_229	Singlet	pANN_0.25_0.3_229	0.175874303091738
GSE222315_CTGTGAATCTGTCTCG-1_1_1_1_1	GSE222315_p4_NAT	GSE222315	DF.classifications_0.25_0.3_229	Singlet	pANN_0.25_0.3_229	0.250380131779017
GSE222315_CTGTGGGAGCGTATAA-1_1_1_1_1	GSE222315_p4_NAT	GSE222315	DF.classifications_0.25_0.3_229	Singlet	pANN_0.25_0.3_229	0.380638621388748
GSE222315_CTGTGGGCAGAACTTC-1_1_1_1_1	GSE222315_p4_NAT	GSE222315	DF.classifications_0.25_0.3_229	Singlet	pANN_0.25_0.3_229	0.196654840344653
GSE222315_CTGTGGGGTTGTCCCT-1_1_1_1_1	GSE222315_p4_NAT	GSE222315	DF.classifications_0.25_0.3_229	Singlet	pANN_0.25_0.3_229	0.272174353775976
GSE222315_CTGTGGGTCGCACGAC-1_1_1_1_1	GSE222315_p4_NAT	GSE222315	DF.classifications_0.25_0.3_229	Singlet	pANN_0.25_0.3_229	0.193106943740497
GSE222315_CTTACCGAGTCTTCCC-1_1_1_1_1	GSE222315_p4_NAT	GSE222315	DF.classifications_0.25_0.3_229	Singlet	pANN_0.25_0.3_229	0.207298530157121
GSE222315_CTTACCGGTAAGTAGT-1_1_1_1_1	GSE222315_p4_NAT	GSE222315	DF.classifications_0.25_0.3_229	Singlet	pANN_0.25_0.3_229	0.160669031931069
GSE222315_CTTACCGGTGTTCATG-1_1_1_1_1	GSE222315_p4_NAT	GSE222315	DF.classifications_0.25_0.3_229	Singlet	pANN_0.25_0.3_229	0.213380638621389
GSE222315_CTTACCGGTTGAATCC-1_1_1_1_1	GSE222315_p4_NAT	GSE222315	DF.classifications_0.25_0.3_229	Singlet	pANN_0.25_0.3_229	0.141915864166244
GSE222315_CTTACCGTCCTATGGA-1_1_1_1_1	GSE222315_p4_NAT	GSE222315	DF.classifications_0.25_0.3_229	Singlet	pANN_0.25_0.3_229	0.225544855549924
GSE222315_CTTAGGAAGCGATCGA-1_1_1_1_1	GSE222315_p4_NAT	GSE222315	DF.classifications_0.25_0.3_229	Singlet	pANN_0.25_0.3_229	0.177394830207805
GSE222315_CTTAGGAGTACTAACC-1_1_1_1_1	GSE222315_p4_NAT	GSE222315	DF.classifications_0.25_0.3_229	Singlet	pANN_0.25_0.3_229	0.175874303091738
GSE222315_CTTCAATAGATGGCAC-1_1_1_1_1	GSE222315_p4_NAT	GSE222315	DF.classifications_0.25_0.3_229	Singlet	pANN_0.25_0.3_229	0.268119614799797
GSE222315_CTTCAATCATGGCTGC-1_1_1_1_1	GSE222315_p4_NAT	GSE222315	DF.classifications_0.25_0.3_229	Singlet	pANN_0.25_0.3_229	0.241763811454638
GSE222315_CTTCAATTCAGACAAA-1_1_1_1_1	GSE222315_p4_NAT	GSE222315	DF.classifications_0.25_0.3_229	Singlet	pANN_0.25_0.3_229	0.15205271160669
GSE222315_CTTCAATTCCCTGTTG-1_1_1_1_1	GSE222315_p4_NAT	GSE222315	DF.classifications_0.25_0.3_229	Singlet	pANN_0.25_0.3_229	0.301064368981247
GSE222315_CTTCCGAAGGACTTCT-1_1_1_1_1	GSE222315_p4_NAT	GSE222315	DF.classifications_0.25_0.3_229	Singlet	pANN_0.25_0.3_229	0.174860618347694
GSE222315_CTTCCGACAGTTTGGT-1_1_1_1_1	GSE222315_p4_NAT	GSE222315	DF.classifications_0.25_0.3_229	Singlet	pANN_0.25_0.3_229	0.280283831728332
GSE222315_CTTCCGAGTACTCCCT-1_1_1_1_1	GSE222315_p4_NAT	GSE222315	DF.classifications_0.25_0.3_229	Singlet	pANN_0.25_0.3_229	0.32387227572225
GSE222315_CTTCCGAGTCTTGAGT-1_1_1_1_1	GSE222315_p4_NAT	GSE222315	DF.classifications_0.25_0.3_229	Doublet	pANN_0.25_0.3_229	0.385707045108971
GSE222315_CTTCCGAGTGTCCGGT-1_1_1_1_1	GSE222315_p4_NAT	GSE222315	DF.classifications_0.25_0.3_229	Singlet	pANN_0.25_0.3_229	0.162696401419159
GSE222315_CTTCCGAGTTTGCCGG-1_1_1_1_1	GSE222315_p4_NAT	GSE222315	DF.classifications_0.25_0.3_229	Singlet	pANN_0.25_0.3_229	0.211860111505322
GSE222315_CTTCCGATCCATTTCA-1_1_1_1_1	GSE222315_p4_NAT	GSE222315	DF.classifications_0.25_0.3_229	Singlet	pANN_0.25_0.3_229	0.210339584389255
GSE222315_CTTCCGATCGCGGACT-1_1_1_1_1	GSE222315_p4_NAT	GSE222315	DF.classifications_0.25_0.3_229	Singlet	pANN_0.25_0.3_229	0.179422199695895
GSE222315_CTTCCTTAGGGCAACT-1_1_1_1_1	GSE222315_p4_NAT	GSE222315	DF.classifications_0.25_0.3_229	Singlet	pANN_0.25_0.3_229	0.283324885960466
GSE222315_CTTCCTTGTTCCTTGC-1_1_1_1_1	GSE222315_p4_NAT	GSE222315	DF.classifications_0.25_0.3_229	Singlet	pANN_0.25_0.3_229	0.177394830207805
GSE222315_CTTCGGTCACAGAAGC-1_1_1_1_1	GSE222315_p4_NAT	GSE222315	DF.classifications_0.25_0.3_229	Singlet	pANN_0.25_0.3_229	0.25544855549924
GSE222315_CTTCGGTCAGTGTATC-1_1_1_1_1	GSE222315_p4_NAT	GSE222315	DF.classifications_0.25_0.3_229	Singlet	pANN_0.25_0.3_229	0.125696908261531
GSE222315_CTTCGGTCATCGTCCT-1_1_1_1_1	GSE222315_p4_NAT	GSE222315	DF.classifications_0.25_0.3_229	Singlet	pANN_0.25_0.3_229	0.128231120121642
GSE222315_CTTCGGTCATGGAACG-1_1_1_1_1	GSE222315_p4_NAT	GSE222315	DF.classifications_0.25_0.3_229	Singlet	pANN_0.25_0.3_229	0.153573238722757
GSE222315_CTTCGGTGTCGATTCA-1_1_1_1_1	GSE222315_p4_NAT	GSE222315	DF.classifications_0.25_0.3_229	Singlet	pANN_0.25_0.3_229	0.242777496198682
GSE222315_CTTCGGTGTGGTCTGC-1_1_1_1_1	GSE222315_p4_NAT	GSE222315	DF.classifications_0.25_0.3_229	Singlet	pANN_0.25_0.3_229	0.268119614799797
GSE222315_CTTCGGTGTTGTTGCA-1_1_1_1_1	GSE222315_p4_NAT	GSE222315	DF.classifications_0.25_0.3_229	Doublet	pANN_0.25_0.3_229	0.390775468829194
GSE222315_CTTCGGTTCGGTTAGT-1_1_1_1_1	GSE222315_p4_NAT	GSE222315	DF.classifications_0.25_0.3_229	Singlet	pANN_0.25_0.3_229	0.234161175874303
GSE222315_CTTCGGTTCTACGCGG-1_1_1_1_1	GSE222315_p4_NAT	GSE222315	DF.classifications_0.25_0.3_229	Singlet	pANN_0.25_0.3_229	0.244804865686771
GSE222315_CTTCTAAAGGAACATT-1_1_1_1_1	GSE222315_p4_NAT	GSE222315	DF.classifications_0.25_0.3_229	Singlet	pANN_0.25_0.3_229	0.175874303091738
GSE222315_CTTCTAACAACTTGGT-1_1_1_1_1	GSE222315_p4_NAT	GSE222315	DF.classifications_0.25_0.3_229	Singlet	pANN_0.25_0.3_229	0.285352255448556
GSE222315_CTTCTAAGTCTGTGGC-1_1_1_1_1	GSE222315_p4_NAT	GSE222315	DF.classifications_0.25_0.3_229	Singlet	pANN_0.25_0.3_229	0.173846933603649
GSE222315_CTTCTAAGTGGAGGTT-1_1_1_1_1	GSE222315_p4_NAT	GSE222315	DF.classifications_0.25_0.3_229	Singlet	pANN_0.25_0.3_229	0.221996958945768
GSE222315_CTTCTAATCCTACAAG-1_1_1_1_1	GSE222315_p4_NAT	GSE222315	DF.classifications_0.25_0.3_229	Singlet	pANN_0.25_0.3_229	0.149518499746579
GSE222315_CTTCTCTAGGGCGAAG-1_1_1_1_1	GSE222315_p4_NAT	GSE222315	DF.classifications_0.25_0.3_229	Singlet	pANN_0.25_0.3_229	0.27318803852002
GSE222315_CTTCTCTAGTCCCAGC-1_1_1_1_1	GSE222315_p4_NAT	GSE222315	DF.classifications_0.25_0.3_229	Singlet	pANN_0.25_0.3_229	0.142422706538267
GSE222315_CTTCTCTCAGATACTC-1_1_1_1_1	GSE222315_p4_NAT	GSE222315	DF.classifications_0.25_0.3_229	Singlet	pANN_0.25_0.3_229	0.179929042067917
GSE222315_CTTCTCTTCGACCTAA-1_1_1_1_1	GSE222315_p4_NAT	GSE222315	DF.classifications_0.25_0.3_229	Singlet	pANN_0.25_0.3_229	0.349721236695388
GSE222315_CTTGAGAAGGCCTGCT-1_1_1_1_1	GSE222315_p4_NAT	GSE222315	DF.classifications_0.25_0.3_229	Singlet	pANN_0.25_0.3_229	0.379118094272681
GSE222315_CTTGAGACACCGGAAA-1_1_1_1_1	GSE222315_p4_NAT	GSE222315	DF.classifications_0.25_0.3_229	Singlet	pANN_0.25_0.3_229	0.184490623416118
GSE222315_CTTGAGATCATTCTTG-1_1_1_1_1	GSE222315_p4_NAT	GSE222315	DF.classifications_0.25_0.3_229	Singlet	pANN_0.25_0.3_229	0.359351241763811
GSE222315_CTTGAGATCGTAACTG-1_1_1_1_1	GSE222315_p4_NAT	GSE222315	DF.classifications_0.25_0.3_229	Singlet	pANN_0.25_0.3_229	0.229599594526102
GSE222315_CTTGAGATCTGCATGA-1_1_1_1_1	GSE222315_p4_NAT	GSE222315	DF.classifications_0.25_0.3_229	Singlet	pANN_0.25_0.3_229	0.341104916371009
GSE222315_CTTGATTAGCACTCTA-1_1_1_1_1	GSE222315_p4_NAT	GSE222315	DF.classifications_0.25_0.3_229	Singlet	pANN_0.25_0.3_229	0.263051191079574
GSE222315_CTTGATTAGTGCGCTC-1_1_1_1_1	GSE222315_p4_NAT	GSE222315	DF.classifications_0.25_0.3_229	Singlet	pANN_0.25_0.3_229	0.123162696401419
GSE222315_CTTGATTCAAAGCTAA-1_1_1_1_1	GSE222315_p4_NAT	GSE222315	DF.classifications_0.25_0.3_229	Singlet	pANN_0.25_0.3_229	0.265585402939686
GSE222315_CTTGATTCACGTCGGT-1_1_1_1_1	GSE222315_p4_NAT	GSE222315	DF.classifications_0.25_0.3_229	Singlet	pANN_0.25_0.3_229	0.1409021794222
GSE222315_CTTGATTCATCTGTTT-1_1_1_1_1	GSE222315_p4_NAT	GSE222315	DF.classifications_0.25_0.3_229	Singlet	pANN_0.25_0.3_229	0.174353775975672
GSE222315_CTTGATTTCCTCAGAA-1_1_1_1_1	GSE222315_p4_NAT	GSE222315	DF.classifications_0.25_0.3_229	Singlet	pANN_0.25_0.3_229	0.161682716675114
GSE222315_CTTTCAAAGCTTTGTG-1_1_1_1_1	GSE222315_p4_NAT	GSE222315	DF.classifications_0.25_0.3_229	Singlet	pANN_0.25_0.3_229	0.141915864166244
GSE222315_CTTTCAAAGGTCGACA-1_1_1_1_1	GSE222315_p4_NAT	GSE222315	DF.classifications_0.25_0.3_229	Singlet	pANN_0.25_0.3_229	0.275722250380132
GSE222315_CTTTCAAAGTACGAGC-1_1_1_1_1	GSE222315_p4_NAT	GSE222315	DF.classifications_0.25_0.3_229	Singlet	pANN_0.25_0.3_229	0.226051697921946
GSE222315_CTTTCAACAGATTCGT-1_1_1_1_1	GSE222315_p4_NAT	GSE222315	DF.classifications_0.25_0.3_229	Singlet	pANN_0.25_0.3_229	0.334009123162696
GSE222315_CTTTCAAGTCCACAGC-1_1_1_1_1	GSE222315_p4_NAT	GSE222315	DF.classifications_0.25_0.3_229	Singlet	pANN_0.25_0.3_229	0.196147997972631
GSE222315_CTTTCGGAGGAGACCT-1_1_1_1_1	GSE222315_p4_NAT	GSE222315	DF.classifications_0.25_0.3_229	Singlet	pANN_0.25_0.3_229	0.136340598073999
GSE222315_CTTTCGGAGTCTGGAG-1_1_1_1_1	GSE222315_p4_NAT	GSE222315	DF.classifications_0.25_0.3_229	Singlet	pANN_0.25_0.3_229	0.132792701469843
GSE222315_CTTTCGGGTATCCTCC-1_1_1_1_1	GSE222315_p4_NAT	GSE222315	DF.classifications_0.25_0.3_229	Singlet	pANN_0.25_0.3_229	0.198682209832742
GSE222315_CTTTCGGGTGCAAGAC-1_1_1_1_1	GSE222315_p4_NAT	GSE222315	DF.classifications_0.25_0.3_229	Singlet	pANN_0.25_0.3_229	0.245818550430816
GSE222315_GAAACCTAGGGAACAA-1_1_1_1_1	GSE222315_p4_NAT	GSE222315	DF.classifications_0.25_0.3_229	Singlet	pANN_0.25_0.3_229	0.231120121642169
GSE222315_GAAACCTAGTTGGACG-1_1_1_1_1	GSE222315_p4_NAT	GSE222315	DF.classifications_0.25_0.3_229	Singlet	pANN_0.25_0.3_229	0.125190065889508
GSE222315_GAAACCTCAAGCGATG-1_1_1_1_1	GSE222315_p4_NAT	GSE222315	DF.classifications_0.25_0.3_229	Singlet	pANN_0.25_0.3_229	0.22250380131779
GSE222315_GAAACCTCATAGACTC-1_1_1_1_1	GSE222315_p4_NAT	GSE222315	DF.classifications_0.25_0.3_229	Singlet	pANN_0.25_0.3_229	0.220476431829701
GSE222315_GAAACCTCATGCGGTC-1_1_1_1_1	GSE222315_p4_NAT	GSE222315	DF.classifications_0.25_0.3_229	Singlet	pANN_0.25_0.3_229	0.146477445514445
GSE222315_GAAACCTTCCGGTAGC-1_1_1_1_1	GSE222315_p4_NAT	GSE222315	DF.classifications_0.25_0.3_229	Singlet	pANN_0.25_0.3_229	0.172326406487582
GSE222315_GAAACCTTCTATGCCC-1_1_1_1_1	GSE222315_p4_NAT	GSE222315	DF.classifications_0.25_0.3_229	Singlet	pANN_0.25_0.3_229	0.252914343639128
GSE222315_GAAATGAAGCCGTCGT-1_1_1_1_1	GSE222315_p4_NAT	GSE222315	DF.classifications_0.25_0.3_229	Singlet	pANN_0.25_0.3_229	0.253421186011151
GSE222315_GAAATGACACGAGGTA-1_1_1_1_1	GSE222315_p4_NAT	GSE222315	DF.classifications_0.25_0.3_229	Singlet	pANN_0.25_0.3_229	0.353775975671566
GSE222315_GAAATGACATTGTGCA-1_1_1_1_1	GSE222315_p4_NAT	GSE222315	DF.classifications_0.25_0.3_229	Singlet	pANN_0.25_0.3_229	0.183983781044095
GSE222315_GAAATGATCCATAGAC-1_1_1_1_1	GSE222315_p4_NAT	GSE222315	DF.classifications_0.25_0.3_229	Singlet	pANN_0.25_0.3_229	0.163203243791181
GSE222315_GAAATGATCTCGTGAA-1_1_1_1_1	GSE222315_p4_NAT	GSE222315	DF.classifications_0.25_0.3_229	Singlet	pANN_0.25_0.3_229	0.26001013684744
GSE222315_GAACACTAGAGTCTTC-1_1_1_1_1	GSE222315_p4_NAT	GSE222315	DF.classifications_0.25_0.3_229	Singlet	pANN_0.25_0.3_229	0.164723770907248
GSE222315_GAACACTCAACTAGAA-1_1_1_1_1	GSE222315_p4_NAT	GSE222315	DF.classifications_0.25_0.3_229	Singlet	pANN_0.25_0.3_229	0.238215914850481
GSE222315_GAACACTCATTACTCT-1_1_1_1_1	GSE222315_p4_NAT	GSE222315	DF.classifications_0.25_0.3_229	Singlet	pANN_0.25_0.3_229	0.219969589457679
GSE222315_GAACACTTCAGCTGAT-1_1_1_1_1	GSE222315_p4_NAT	GSE222315	DF.classifications_0.25_0.3_229	Singlet	pANN_0.25_0.3_229	0.149011657374557
GSE222315_GAACGTTAGCATTGAA-1_1_1_1_1	GSE222315_p4_NAT	GSE222315	DF.classifications_0.25_0.3_229	Singlet	pANN_0.25_0.3_229	0.365433350228079
GSE222315_GAACGTTTCAGGACGA-1_1_1_1_1	GSE222315_p4_NAT	GSE222315	DF.classifications_0.25_0.3_229	Singlet	pANN_0.25_0.3_229	0.236188545362392
GSE222315_GAACGTTTCCAAGGGA-1_1_1_1_1	GSE222315_p4_NAT	GSE222315	DF.classifications_0.25_0.3_229	Singlet	pANN_0.25_0.3_229	0.238215914850481
GSE222315_GAACGTTTCTCCCATG-1_1_1_1_1	GSE222315_p4_NAT	GSE222315	DF.classifications_0.25_0.3_229	Singlet	pANN_0.25_0.3_229	0.256462240243284
GSE222315_GAACTGTAGAGTGTTA-1_1_1_1_1	GSE222315_p4_NAT	GSE222315	DF.classifications_0.25_0.3_229	Singlet	pANN_0.25_0.3_229	0.277242777496199
GSE222315_GAACTGTAGTGGTGGT-1_1_1_1_1	GSE222315_p4_NAT	GSE222315	DF.classifications_0.25_0.3_229	Singlet	pANN_0.25_0.3_229	0.249873289406994
GSE222315_GAACTGTGTACCACGC-1_1_1_1_1	GSE222315_p4_NAT	GSE222315	DF.classifications_0.25_0.3_229	Singlet	pANN_0.25_0.3_229	0.177394830207805
GSE222315_GAACTGTGTGGGCTCT-1_1_1_1_1	GSE222315_p4_NAT	GSE222315	DF.classifications_0.25_0.3_229	Singlet	pANN_0.25_0.3_229	0.210846426761277
GSE222315_GAACTGTTCCTCTTTC-1_1_1_1_1	GSE222315_p4_NAT	GSE222315	DF.classifications_0.25_0.3_229	Doublet	pANN_0.25_0.3_229	0.390268626457172
GSE222315_GAAGAATAGCGTATGG-1_1_1_1_1	GSE222315_p4_NAT	GSE222315	DF.classifications_0.25_0.3_229	Singlet	pANN_0.25_0.3_229	0.319817536746072
GSE222315_GAAGAATAGTTCATCG-1_1_1_1_1	GSE222315_p4_NAT	GSE222315	DF.classifications_0.25_0.3_229	Singlet	pANN_0.25_0.3_229	0.225544855549924
GSE222315_GAAGAATCAATACGAA-1_1_1_1_1	GSE222315_p4_NAT	GSE222315	DF.classifications_0.25_0.3_229	Singlet	pANN_0.25_0.3_229	0.188545362392296
GSE222315_GAAGAATCAGACCATT-1_1_1_1_1	GSE222315_p4_NAT	GSE222315	DF.classifications_0.25_0.3_229	Singlet	pANN_0.25_0.3_229	0.183476938672073
GSE222315_GAAGAATCATCGTGCG-1_1_1_1_1	GSE222315_p4_NAT	GSE222315	DF.classifications_0.25_0.3_229	Singlet	pANN_0.25_0.3_229	0.236695387734415
GSE222315_GAAGAATGTAACCCTA-1_1_1_1_1	GSE222315_p4_NAT	GSE222315	DF.classifications_0.25_0.3_229	Singlet	pANN_0.25_0.3_229	0.363912823112012
GSE222315_GAAGAATGTAGTTAGA-1_1_1_1_1	GSE222315_p4_NAT	GSE222315	DF.classifications_0.25_0.3_229	Singlet	pANN_0.25_0.3_229	0.197161682716675
GSE222315_GAAGCCCCACGAAAGC-1_1_1_1_1	GSE222315_p4_NAT	GSE222315	DF.classifications_0.25_0.3_229	Singlet	pANN_0.25_0.3_229	0.264571718195641
GSE222315_GAAGCCCGTAGCTTGT-1_1_1_1_1	GSE222315_p4_NAT	GSE222315	DF.classifications_0.25_0.3_229	Singlet	pANN_0.25_0.3_229	0.205778003041054
GSE222315_GAAGCCCGTCAAGCCC-1_1_1_1_1	GSE222315_p4_NAT	GSE222315	DF.classifications_0.25_0.3_229	Singlet	pANN_0.25_0.3_229	0.254434870755195
GSE222315_GAAGCCCGTCTCTCCA-1_1_1_1_1	GSE222315_p4_NAT	GSE222315	DF.classifications_0.25_0.3_229	Singlet	pANN_0.25_0.3_229	0.352255448555499
GSE222315_GAAGCCCGTTCAATCG-1_1_1_1_1	GSE222315_p4_NAT	GSE222315	DF.classifications_0.25_0.3_229	Singlet	pANN_0.25_0.3_229	0.141915864166244
GSE222315_GAAGCCCGTTTCCCAC-1_1_1_1_1	GSE222315_p4_NAT	GSE222315	DF.classifications_0.25_0.3_229	Singlet	pANN_0.25_0.3_229	0.227065382665991
GSE222315_GAAGCCCTCTGAACGT-1_1_1_1_1	GSE222315_p4_NAT	GSE222315	DF.classifications_0.25_0.3_229	Singlet	pANN_0.25_0.3_229	0.13431322858591
GSE222315_GAAGCGAAGCATGCGA-1_1_1_1_1	GSE222315_p4_NAT	GSE222315	DF.classifications_0.25_0.3_229	Singlet	pANN_0.25_0.3_229	0.32387227572225
GSE222315_GAAGCGAAGGCGTTAG-1_1_1_1_1	GSE222315_p4_NAT	GSE222315	DF.classifications_0.25_0.3_229	Singlet	pANN_0.25_0.3_229	0.288900152052712
GSE222315_GAAGCGAAGGTAGCCA-1_1_1_1_1	GSE222315_p4_NAT	GSE222315	DF.classifications_0.25_0.3_229	Singlet	pANN_0.25_0.3_229	0.212366953877344
GSE222315_GAAGCGAAGGTCACCC-1_1_1_1_1	GSE222315_p4_NAT	GSE222315	DF.classifications_0.25_0.3_229	Singlet	pANN_0.25_0.3_229	0.230106436898125
GSE222315_GAAGCGACACATATGC-1_1_1_1_1	GSE222315_p4_NAT	GSE222315	DF.classifications_0.25_0.3_229	Singlet	pANN_0.25_0.3_229	0.189052204764318
GSE222315_GAAGCGACATCAGCGC-1_1_1_1_1	GSE222315_p4_NAT	GSE222315	DF.classifications_0.25_0.3_229	Singlet	pANN_0.25_0.3_229	0.19817536746072
GSE222315_GAAGCGAGTTGTGGCC-1_1_1_1_1	GSE222315_p4_NAT	GSE222315	DF.classifications_0.25_0.3_229	Doublet	pANN_0.25_0.3_229	0.403446528129752
GSE222315_GAAGCGATCACGAACT-1_1_1_1_1	GSE222315_p4_NAT	GSE222315	DF.classifications_0.25_0.3_229	Singlet	pANN_0.25_0.3_229	0.251393816523061
GSE222315_GAAGCGATCGCATTAG-1_1_1_1_1	GSE222315_p4_NAT	GSE222315	DF.classifications_0.25_0.3_229	Singlet	pANN_0.25_0.3_229	0.252407501267106
GSE222315_GAAGGACAGCATGCGA-1_1_1_1_1	GSE222315_p4_NAT	GSE222315	DF.classifications_0.25_0.3_229	Doublet	pANN_0.25_0.3_229	0.413583375570198
GSE222315_GAAGGACAGCTGTACT-1_1_1_1_1	GSE222315_p4_NAT	GSE222315	DF.classifications_0.25_0.3_229	Singlet	pANN_0.25_0.3_229	0.132285859097821
GSE222315_GAAGGACAGGCATGGT-1_1_1_1_1	GSE222315_p4_NAT	GSE222315	DF.classifications_0.25_0.3_229	Singlet	pANN_0.25_0.3_229	0.250380131779017
GSE222315_GAAGGACAGGGCATGT-1_1_1_1_1	GSE222315_p4_NAT	GSE222315	DF.classifications_0.25_0.3_229	Singlet	pANN_0.25_0.3_229	0.273694880892043
GSE222315_GAAGGACAGGTCCTGC-1_1_1_1_1	GSE222315_p4_NAT	GSE222315	DF.classifications_0.25_0.3_229	Singlet	pANN_0.25_0.3_229	0.210339584389255
GSE222315_GAAGGACCACATACGT-1_1_1_1_1	GSE222315_p4_NAT	GSE222315	DF.classifications_0.25_0.3_229	Singlet	pANN_0.25_0.3_229	0.275215408008109
GSE222315_GAAGGACGTCTTGCGG-1_1_1_1_1	GSE222315_p4_NAT	GSE222315	DF.classifications_0.25_0.3_229	Singlet	pANN_0.25_0.3_229	0.384693360364927
GSE222315_GAAGGACTCGATACTG-1_1_1_1_1	GSE222315_p4_NAT	GSE222315	DF.classifications_0.25_0.3_229	Singlet	pANN_0.25_0.3_229	0.239229599594526
GSE222315_GAAGGACTCTTTCGAT-1_1_1_1_1	GSE222315_p4_NAT	GSE222315	DF.classifications_0.25_0.3_229	Singlet	pANN_0.25_0.3_229	0.22909275215408
GSE222315_GAAGGGTGTCCAGCCA-1_1_1_1_1	GSE222315_p4_NAT	GSE222315	DF.classifications_0.25_0.3_229	Singlet	pANN_0.25_0.3_229	0.235174860618348
GSE222315_GAAGGGTGTCTTCTAT-1_1_1_1_1	GSE222315_p4_NAT	GSE222315	DF.classifications_0.25_0.3_229	Singlet	pANN_0.25_0.3_229	0.163710086163203
GSE222315_GAAGGGTTCATTTGGG-1_1_1_1_1	GSE222315_p4_NAT	GSE222315	DF.classifications_0.25_0.3_229	Singlet	pANN_0.25_0.3_229	0.315255955397871
GSE222315_GAAGTAAAGAATTGCA-1_1_1_1_1	GSE222315_p4_NAT	GSE222315	DF.classifications_0.25_0.3_229	Singlet	pANN_0.25_0.3_229	0.350734921439432
GSE222315_GAAGTAAAGCATTGAA-1_1_1_1_1	GSE222315_p4_NAT	GSE222315	DF.classifications_0.25_0.3_229	Singlet	pANN_0.25_0.3_229	0.176887987835783
GSE222315_GAAGTAAAGGAGAGGC-1_1_1_1_1	GSE222315_p4_NAT	GSE222315	DF.classifications_0.25_0.3_229	Singlet	pANN_0.25_0.3_229	0.256462240243284
GSE222315_GAAGTAAAGGGTTAAT-1_1_1_1_1	GSE222315_p4_NAT	GSE222315	DF.classifications_0.25_0.3_229	Singlet	pANN_0.25_0.3_229	0.189052204764318
GSE222315_GAAGTAACAAAGGAGA-1_1_1_1_1	GSE222315_p4_NAT	GSE222315	DF.classifications_0.25_0.3_229	Singlet	pANN_0.25_0.3_229	0.292448048656868
GSE222315_GAAGTAAGTATGCTAC-1_1_1_1_1	GSE222315_p4_NAT	GSE222315	DF.classifications_0.25_0.3_229	Singlet	pANN_0.25_0.3_229	0.13431322858591
GSE222315_GAAGTAATCGTGGAAG-1_1_1_1_1	GSE222315_p4_NAT	GSE222315	DF.classifications_0.25_0.3_229	Singlet	pANN_0.25_0.3_229	0.175874303091738
GSE222315_GAATAGAAGAGTCTTC-1_1_1_1_1	GSE222315_p4_NAT	GSE222315	DF.classifications_0.25_0.3_229	Singlet	pANN_0.25_0.3_229	0.217435377597567
GSE222315_GAATAGAAGCTTGTTG-1_1_1_1_1	GSE222315_p4_NAT	GSE222315	DF.classifications_0.25_0.3_229	Singlet	pANN_0.25_0.3_229	0.365433350228079
GSE222315_GAATAGAGTGTGACCC-1_1_1_1_1	GSE222315_p4_NAT	GSE222315	DF.classifications_0.25_0.3_229	Singlet	pANN_0.25_0.3_229	0.252407501267106
GSE222315_GAATAGATCTAGAACC-1_1_1_1_1	GSE222315_p4_NAT	GSE222315	DF.classifications_0.25_0.3_229	Singlet	pANN_0.25_0.3_229	0.259503294475418
GSE222315_GAATAGATCTCAGGCG-1_1_1_1_1	GSE222315_p4_NAT	GSE222315	DF.classifications_0.25_0.3_229	Doublet	pANN_0.25_0.3_229	0.388748099341105
GSE222315_GAATCACAGGTGATCG-1_1_1_1_1	GSE222315_p4_NAT	GSE222315	DF.classifications_0.25_0.3_229	Singlet	pANN_0.25_0.3_229	0.250886974151039
GSE222315_GAATCACCAACTCGTA-1_1_1_1_1	GSE222315_p4_NAT	GSE222315	DF.classifications_0.25_0.3_229	Singlet	pANN_0.25_0.3_229	0.278256462240243
GSE222315_GAATCACCATCTAGAC-1_1_1_1_1	GSE222315_p4_NAT	GSE222315	DF.classifications_0.25_0.3_229	Singlet	pANN_0.25_0.3_229	0.183983781044095
GSE222315_GAATCACCATGCAGCC-1_1_1_1_1	GSE222315_p4_NAT	GSE222315	DF.classifications_0.25_0.3_229	Singlet	pANN_0.25_0.3_229	0.205271160669032
GSE222315_GAATCACGTAACGATA-1_1_1_1_1	GSE222315_p4_NAT	GSE222315	DF.classifications_0.25_0.3_229	Singlet	pANN_0.25_0.3_229	0.128231120121642
GSE222315_GAATCGTCAACACGTT-1_1_1_1_1	GSE222315_p4_NAT	GSE222315	DF.classifications_0.25_0.3_229	Singlet	pANN_0.25_0.3_229	0.172326406487582
GSE222315_GAATCGTGTACGGGAT-1_1_1_1_1	GSE222315_p4_NAT	GSE222315	DF.classifications_0.25_0.3_229	Singlet	pANN_0.25_0.3_229	0.301064368981247
GSE222315_GAATCGTTCAAGAAAC-1_1_1_1_1	GSE222315_p4_NAT	GSE222315	DF.classifications_0.25_0.3_229	Singlet	pANN_0.25_0.3_229	0.309680689305626
GSE222315_GAATCGTTCCATACTT-1_1_1_1_1	GSE222315_p4_NAT	GSE222315	DF.classifications_0.25_0.3_229	Singlet	pANN_0.25_0.3_229	0.304105423213381
GSE222315_GAATCGTTCCTCTCTT-1_1_1_1_1	GSE222315_p4_NAT	GSE222315	DF.classifications_0.25_0.3_229	Singlet	pANN_0.25_0.3_229	0.380638621388748
GSE222315_GAATCGTTCGCGCTGA-1_1_1_1_1	GSE222315_p4_NAT	GSE222315	DF.classifications_0.25_0.3_229	Singlet	pANN_0.25_0.3_229	0.369488089204257
GSE222315_GACACGCCATGGTACT-1_1_1_1_1	GSE222315_p4_NAT	GSE222315	DF.classifications_0.25_0.3_229	Singlet	pANN_0.25_0.3_229	0.245818550430816
GSE222315_GACACGCTCAACACGT-1_1_1_1_1	GSE222315_p4_NAT	GSE222315	DF.classifications_0.25_0.3_229	Singlet	pANN_0.25_0.3_229	0.16523061327927
GSE222315_GACACGCTCGCTCCTA-1_1_1_1_1	GSE222315_p4_NAT	GSE222315	DF.classifications_0.25_0.3_229	Singlet	pANN_0.25_0.3_229	0.133806386213887
GSE222315_GACAGCCAGCCTGAGA-1_1_1_1_1	GSE222315_p4_NAT	GSE222315	DF.classifications_0.25_0.3_229	Singlet	pANN_0.25_0.3_229	0.262544348707552
GSE222315_GACAGCCAGGCTGAAC-1_1_1_1_1	GSE222315_p4_NAT	GSE222315	DF.classifications_0.25_0.3_229	Singlet	pANN_0.25_0.3_229	0.185504308160162
GSE222315_GACAGCCCAAGTACCT-1_1_1_1_1	GSE222315_p4_NAT	GSE222315	DF.classifications_0.25_0.3_229	Singlet	pANN_0.25_0.3_229	0.174860618347694
GSE222315_GACAGCCCACATATGC-1_1_1_1_1	GSE222315_p4_NAT	GSE222315	DF.classifications_0.25_0.3_229	Singlet	pANN_0.25_0.3_229	0.165737455651292
GSE222315_GACAGCCGTTCGTTCC-1_1_1_1_1	GSE222315_p4_NAT	GSE222315	DF.classifications_0.25_0.3_229	Singlet	pANN_0.25_0.3_229	0.266092245311708
GSE222315_GACAGCCGTTTGGGTT-1_1_1_1_1	GSE222315_p4_NAT	GSE222315	DF.classifications_0.25_0.3_229	Singlet	pANN_0.25_0.3_229	0.162189559047136
GSE222315_GACAGCCTCACTTTGT-1_1_1_1_1	GSE222315_p4_NAT	GSE222315	DF.classifications_0.25_0.3_229	Singlet	pANN_0.25_0.3_229	0.252914343639128
GSE222315_GACAGCCTCATCCTAT-1_1_1_1_1	GSE222315_p4_NAT	GSE222315	DF.classifications_0.25_0.3_229	Singlet	pANN_0.25_0.3_229	0.192093258996452
GSE222315_GACAGCCTCTTCTCAA-1_1_1_1_1	GSE222315_p4_NAT	GSE222315	DF.classifications_0.25_0.3_229	Singlet	pANN_0.25_0.3_229	0.199189052204764
GSE222315_GACATCAAGACTCTTG-1_1_1_1_1	GSE222315_p4_NAT	GSE222315	DF.classifications_0.25_0.3_229	Singlet	pANN_0.25_0.3_229	0.196147997972631
GSE222315_GACATCAAGTCGAAAT-1_1_1_1_1	GSE222315_p4_NAT	GSE222315	DF.classifications_0.25_0.3_229	Singlet	pANN_0.25_0.3_229	0.36340598073999
GSE222315_GACATCACACTTGACA-1_1_1_1_1	GSE222315_p4_NAT	GSE222315	DF.classifications_0.25_0.3_229	Singlet	pANN_0.25_0.3_229	0.255955397871262
GSE222315_GACATCAGTAACGTTC-1_1_1_1_1	GSE222315_p4_NAT	GSE222315	DF.classifications_0.25_0.3_229	Singlet	pANN_0.25_0.3_229	0.138367967562088
GSE222315_GACATCAGTACTGAGG-1_1_1_1_1	GSE222315_p4_NAT	GSE222315	DF.classifications_0.25_0.3_229	Singlet	pANN_0.25_0.3_229	0.199189052204764
GSE222315_GACATCAGTCGTAATC-1_1_1_1_1	GSE222315_p4_NAT	GSE222315	DF.classifications_0.25_0.3_229	Singlet	pANN_0.25_0.3_229	0.195134313228586
GSE222315_GACATCAGTGAGATTA-1_1_1_1_1	GSE222315_p4_NAT	GSE222315	DF.classifications_0.25_0.3_229	Singlet	pANN_0.25_0.3_229	0.184490623416118
GSE222315_GACATCATCGCACGAC-1_1_1_1_1	GSE222315_p4_NAT	GSE222315	DF.classifications_0.25_0.3_229	Singlet	pANN_0.25_0.3_229	0.188038520020274
GSE222315_GACATCATCTGTGCGG-1_1_1_1_1	GSE222315_p4_NAT	GSE222315	DF.classifications_0.25_0.3_229	Singlet	pANN_0.25_0.3_229	0.236188545362392
GSE222315_GACCAATGTGAGTAGC-1_1_1_1_1	GSE222315_p4_NAT	GSE222315	DF.classifications_0.25_0.3_229	Singlet	pANN_0.25_0.3_229	0.176381145463761
GSE222315_GACCAATTCTAGCAAC-1_1_1_1_1	GSE222315_p4_NAT	GSE222315	DF.classifications_0.25_0.3_229	Doublet	pANN_0.25_0.3_229	0.391789153573239
GSE222315_GACCAATTCTTAGGAC-1_1_1_1_1	GSE222315_p4_NAT	GSE222315	DF.classifications_0.25_0.3_229	Singlet	pANN_0.25_0.3_229	0.250886974151039
GSE222315_GACCCAGCATAGTCGT-1_1_1_1_1	GSE222315_p4_NAT	GSE222315	DF.classifications_0.25_0.3_229	Singlet	pANN_0.25_0.3_229	0.189052204764318
GSE222315_GACCCAGCATGTCAGT-1_1_1_1_1	GSE222315_p4_NAT	GSE222315	DF.classifications_0.25_0.3_229	Singlet	pANN_0.25_0.3_229	0.167257982767359
GSE222315_GACCCAGGTATGGAAT-1_1_1_1_1	GSE222315_p4_NAT	GSE222315	DF.classifications_0.25_0.3_229	Singlet	pANN_0.25_0.3_229	0.239229599594526
GSE222315_GACCCAGGTGAGTGAC-1_1_1_1_1	GSE222315_p4_NAT	GSE222315	DF.classifications_0.25_0.3_229	Singlet	pANN_0.25_0.3_229	0.173340091231627
GSE222315_GACCCAGGTTTGACAC-1_1_1_1_1	GSE222315_p4_NAT	GSE222315	DF.classifications_0.25_0.3_229	Singlet	pANN_0.25_0.3_229	0.263051191079574
GSE222315_GACCCAGTCGCTGATA-1_1_1_1_1	GSE222315_p4_NAT	GSE222315	DF.classifications_0.25_0.3_229	Doublet	pANN_0.25_0.3_229	0.389761784085149
GSE222315_GACCCAGTCTCGTCAC-1_1_1_1_1	GSE222315_p4_NAT	GSE222315	DF.classifications_0.25_0.3_229	Singlet	pANN_0.25_0.3_229	0.250380131779017
GSE222315_GACCCAGTCTTGTTAC-1_1_1_1_1	GSE222315_p4_NAT	GSE222315	DF.classifications_0.25_0.3_229	Singlet	pANN_0.25_0.3_229	0.2863659401926
GSE222315_GACCCTTTCAGAATAG-1_1_1_1_1	GSE222315_p4_NAT	GSE222315	DF.classifications_0.25_0.3_229	Singlet	pANN_0.25_0.3_229	0.11454637607704
GSE222315_GACCCTTTCCGTTGAA-1_1_1_1_1	GSE222315_p4_NAT	GSE222315	DF.classifications_0.25_0.3_229	Singlet	pANN_0.25_0.3_229	0.188545362392296
GSE222315_GACCCTTTCGCTATTT-1_1_1_1_1	GSE222315_p4_NAT	GSE222315	DF.classifications_0.25_0.3_229	Singlet	pANN_0.25_0.3_229	0.131779016725798
GSE222315_GACCCTTTCTTCTGTA-1_1_1_1_1	GSE222315_p4_NAT	GSE222315	DF.classifications_0.25_0.3_229	Singlet	pANN_0.25_0.3_229	0.130765331981754
GSE222315_GACCGTGAGCATCCCG-1_1_1_1_1	GSE222315_p4_NAT	GSE222315	DF.classifications_0.25_0.3_229	Singlet	pANN_0.25_0.3_229	0.287886467308667
GSE222315_GACCGTGAGTTACGTC-1_1_1_1_1	GSE222315_p4_NAT	GSE222315	DF.classifications_0.25_0.3_229	Singlet	pANN_0.25_0.3_229	0.251900658895084
GSE222315_GACCGTGCAACAGATA-1_1_1_1_1	GSE222315_p4_NAT	GSE222315	DF.classifications_0.25_0.3_229	Singlet	pANN_0.25_0.3_229	0.210339584389255
GSE222315_GACCGTGCAAGTTTGC-1_1_1_1_1	GSE222315_p4_NAT	GSE222315	DF.classifications_0.25_0.3_229	Singlet	pANN_0.25_0.3_229	0.282818043588444
GSE222315_GACCGTGGTGTCTAAC-1_1_1_1_1	GSE222315_p4_NAT	GSE222315	DF.classifications_0.25_0.3_229	Singlet	pANN_0.25_0.3_229	0.131779016725798
GSE222315_GACCGTGGTTCTCGTC-1_1_1_1_1	GSE222315_p4_NAT	GSE222315	DF.classifications_0.25_0.3_229	Singlet	pANN_0.25_0.3_229	0.216421692853523
GSE222315_GACCGTGTCCCTCTCC-1_1_1_1_1	GSE222315_p4_NAT	GSE222315	DF.classifications_0.25_0.3_229	Singlet	pANN_0.25_0.3_229	0.15408008109478
GSE222315_GACCGTGTCCGCAGTG-1_1_1_1_1	GSE222315_p4_NAT	GSE222315	DF.classifications_0.25_0.3_229	Singlet	pANN_0.25_0.3_229	0.178915357323872
GSE222315_GACCGTGTCGAGGCAA-1_1_1_1_1	GSE222315_p4_NAT	GSE222315	DF.classifications_0.25_0.3_229	Singlet	pANN_0.25_0.3_229	0.206284845413077
GSE222315_GACCTTCCAACCCTAA-1_1_1_1_1	GSE222315_p4_NAT	GSE222315	DF.classifications_0.25_0.3_229	Singlet	pANN_0.25_0.3_229	0.352762290927522
GSE222315_GACCTTCCAACCGCTG-1_1_1_1_1	GSE222315_p4_NAT	GSE222315	DF.classifications_0.25_0.3_229	Singlet	pANN_0.25_0.3_229	0.194120628484541
GSE222315_GACCTTCCAAGAGTAT-1_1_1_1_1	GSE222315_p4_NAT	GSE222315	DF.classifications_0.25_0.3_229	Singlet	pANN_0.25_0.3_229	0.359351241763811
GSE222315_GACCTTCTCTCTCGAC-1_1_1_1_1	GSE222315_p4_NAT	GSE222315	DF.classifications_0.25_0.3_229	Singlet	pANN_0.25_0.3_229	0.186517992904207
GSE222315_GACGCTGAGCTGTTCA-1_1_1_1_1	GSE222315_p4_NAT	GSE222315	DF.classifications_0.25_0.3_229	Singlet	pANN_0.25_0.3_229	0.258996452103396
GSE222315_GACGCTGGTATCAGCT-1_1_1_1_1	GSE222315_p4_NAT	GSE222315	DF.classifications_0.25_0.3_229	Singlet	pANN_0.25_0.3_229	0.196654840344653
GSE222315_GACGCTGGTTATGTGC-1_1_1_1_1	GSE222315_p4_NAT	GSE222315	DF.classifications_0.25_0.3_229	Singlet	pANN_0.25_0.3_229	0.163710086163203
GSE222315_GACGCTGGTTCGGCCA-1_1_1_1_1	GSE222315_p4_NAT	GSE222315	DF.classifications_0.25_0.3_229	Singlet	pANN_0.25_0.3_229	0.187024835276229
GSE222315_GACGCTGGTTGCCGCA-1_1_1_1_1	GSE222315_p4_NAT	GSE222315	DF.classifications_0.25_0.3_229	Singlet	pANN_0.25_0.3_229	0.247845919918905
GSE222315_GACGCTGGTTTCGATG-1_1_1_1_1	GSE222315_p4_NAT	GSE222315	DF.classifications_0.25_0.3_229	Singlet	pANN_0.25_0.3_229	0.184490623416118
GSE222315_GACGCTGTCGCTAAAC-1_1_1_1_1	GSE222315_p4_NAT	GSE222315	DF.classifications_0.25_0.3_229	Singlet	pANN_0.25_0.3_229	0.199189052204764
GSE222315_GACGTTAAGCGTTCCG-1_1_1_1_1	GSE222315_p4_NAT	GSE222315	DF.classifications_0.25_0.3_229	Singlet	pANN_0.25_0.3_229	0.244298023314749
GSE222315_GACGTTACAGCAGGAT-1_1_1_1_1	GSE222315_p4_NAT	GSE222315	DF.classifications_0.25_0.3_229	Singlet	pANN_0.25_0.3_229	0.36340598073999
GSE222315_GACTATGAGAGAGTGA-1_1_1_1_1	GSE222315_p4_NAT	GSE222315	DF.classifications_0.25_0.3_229	Singlet	pANN_0.25_0.3_229	0.20273694880892
GSE222315_GACTATGTCGCGTCGA-1_1_1_1_1	GSE222315_p4_NAT	GSE222315	DF.classifications_0.25_0.3_229	Singlet	pANN_0.25_0.3_229	0.125190065889508
GSE222315_GACTCAAAGAGCAACC-1_1_1_1_1	GSE222315_p4_NAT	GSE222315	DF.classifications_0.25_0.3_229	Singlet	pANN_0.25_0.3_229	0.186517992904207
GSE222315_GACTCAAAGCACAAAT-1_1_1_1_1	GSE222315_p4_NAT	GSE222315	DF.classifications_0.25_0.3_229	Singlet	pANN_0.25_0.3_229	0.191079574252408
GSE222315_GACTCAAAGGGACACT-1_1_1_1_1	GSE222315_p4_NAT	GSE222315	DF.classifications_0.25_0.3_229	Singlet	pANN_0.25_0.3_229	0.210339584389255
GSE222315_GACTCAACAAGGAGTC-1_1_1_1_1	GSE222315_p4_NAT	GSE222315	DF.classifications_0.25_0.3_229	Singlet	pANN_0.25_0.3_229	0.320831221490117
GSE222315_GACTCAAGTCAGTTTG-1_1_1_1_1	GSE222315_p4_NAT	GSE222315	DF.classifications_0.25_0.3_229	Singlet	pANN_0.25_0.3_229	0.16523061327927
GSE222315_GACTCAATCCGGTTCT-1_1_1_1_1	GSE222315_p4_NAT	GSE222315	DF.classifications_0.25_0.3_229	Singlet	pANN_0.25_0.3_229	0.235174860618348
GSE222315_GACTCAATCGATACTG-1_1_1_1_1	GSE222315_p4_NAT	GSE222315	DF.classifications_0.25_0.3_229	Singlet	pANN_0.25_0.3_229	0.165737455651292
GSE222315_GACTCTCCACACCTGG-1_1_1_1_1	GSE222315_p4_NAT	GSE222315	DF.classifications_0.25_0.3_229	Singlet	pANN_0.25_0.3_229	0.224024328433857
GSE222315_GACTCTCGTGGTTTAC-1_1_1_1_1	GSE222315_p4_NAT	GSE222315	DF.classifications_0.25_0.3_229	Singlet	pANN_0.25_0.3_229	0.202230106436898
GSE222315_GACTCTCTCCGCGAGT-1_1_1_1_1	GSE222315_p4_NAT	GSE222315	DF.classifications_0.25_0.3_229	Singlet	pANN_0.25_0.3_229	0.190065889508363
GSE222315_GACTGATAGTTCTACG-1_1_1_1_1	GSE222315_p4_NAT	GSE222315	DF.classifications_0.25_0.3_229	Singlet	pANN_0.25_0.3_229	0.173340091231627
GSE222315_GACTGATAGTTGCATC-1_1_1_1_1	GSE222315_p4_NAT	GSE222315	DF.classifications_0.25_0.3_229	Singlet	pANN_0.25_0.3_229	0.220476431829701
GSE222315_GACTGATCAAGTCCCG-1_1_1_1_1	GSE222315_p4_NAT	GSE222315	DF.classifications_0.25_0.3_229	Singlet	pANN_0.25_0.3_229	0.254434870755195
GSE222315_GACTGATCAGGTACGA-1_1_1_1_1	GSE222315_p4_NAT	GSE222315	DF.classifications_0.25_0.3_229	Singlet	pANN_0.25_0.3_229	0.19817536746072
GSE222315_GACTGATCATGTCTAG-1_1_1_1_1	GSE222315_p4_NAT	GSE222315	DF.classifications_0.25_0.3_229	Singlet	pANN_0.25_0.3_229	0.217435377597567
GSE222315_GACTGATGTATGTCCA-1_1_1_1_1	GSE222315_p4_NAT	GSE222315	DF.classifications_0.25_0.3_229	Singlet	pANN_0.25_0.3_229	0.200202736948809
GSE222315_GACTGATGTCCGTACG-1_1_1_1_1	GSE222315_p4_NAT	GSE222315	DF.classifications_0.25_0.3_229	Singlet	pANN_0.25_0.3_229	0.143943233654334
GSE222315_GACTGATGTCGAACAG-1_1_1_1_1	GSE222315_p4_NAT	GSE222315	DF.classifications_0.25_0.3_229	Singlet	pANN_0.25_0.3_229	0.243284338570705
GSE222315_GACTGATGTTTGGGTT-1_1_1_1_1	GSE222315_p4_NAT	GSE222315	DF.classifications_0.25_0.3_229	Singlet	pANN_0.25_0.3_229	0.150025342118601
GSE222315_GACTGATTCTTTCAGT-1_1_1_1_1	GSE222315_p4_NAT	GSE222315	DF.classifications_0.25_0.3_229	Singlet	pANN_0.25_0.3_229	0.227065382665991
GSE222315_GACTTCCAGAGCAACC-1_1_1_1_1	GSE222315_p4_NAT	GSE222315	DF.classifications_0.25_0.3_229	Singlet	pANN_0.25_0.3_229	0.120628484541308
GSE222315_GACTTCCAGGTCGAGT-1_1_1_1_1	GSE222315_p4_NAT	GSE222315	DF.classifications_0.25_0.3_229	Singlet	pANN_0.25_0.3_229	0.167764825139382
GSE222315_GACTTCCCATCGAAGG-1_1_1_1_1	GSE222315_p4_NAT	GSE222315	DF.classifications_0.25_0.3_229	Singlet	pANN_0.25_0.3_229	0.219462747085656
GSE222315_GACTTCCCATGGCTAT-1_1_1_1_1	GSE222315_p4_NAT	GSE222315	DF.classifications_0.25_0.3_229	Singlet	pANN_0.25_0.3_229	0.17840851495185
GSE222315_GACTTCCGTTGTGTAC-1_1_1_1_1	GSE222315_p4_NAT	GSE222315	DF.classifications_0.25_0.3_229	Singlet	pANN_0.25_0.3_229	0.233147491130258
GSE222315_GACTTCCGTTTCCAAG-1_1_1_1_1	GSE222315_p4_NAT	GSE222315	DF.classifications_0.25_0.3_229	Singlet	pANN_0.25_0.3_229	0.257982767359351
GSE222315_GACTTCCGTTTCGACA-1_1_1_1_1	GSE222315_p4_NAT	GSE222315	DF.classifications_0.25_0.3_229	Singlet	pANN_0.25_0.3_229	0.246325392802838
GSE222315_GACTTCCTCAGTCACA-1_1_1_1_1	GSE222315_p4_NAT	GSE222315	DF.classifications_0.25_0.3_229	Singlet	pANN_0.25_0.3_229	0.196654840344653
GSE222315_GACTTCCTCATTTCCA-1_1_1_1_1	GSE222315_p4_NAT	GSE222315	DF.classifications_0.25_0.3_229	Singlet	pANN_0.25_0.3_229	0.221996958945768
GSE222315_GACTTCCTCTTCGGAA-1_1_1_1_1	GSE222315_p4_NAT	GSE222315	DF.classifications_0.25_0.3_229	Doublet	pANN_0.25_0.3_229	0.391282311201216
GSE222315_GAGAAATAGCTGTTCA-1_1_1_1_1	GSE222315_p4_NAT	GSE222315	DF.classifications_0.25_0.3_229	Singlet	pANN_0.25_0.3_229	0.234668018246325
GSE222315_GAGAAATAGTCATACC-1_1_1_1_1	GSE222315_p4_NAT	GSE222315	DF.classifications_0.25_0.3_229	Singlet	pANN_0.25_0.3_229	0.164216928535226
GSE222315_GAGAAATAGTTTCTTC-1_1_1_1_1	GSE222315_p4_NAT	GSE222315	DF.classifications_0.25_0.3_229	Singlet	pANN_0.25_0.3_229	0.201723264064876
GSE222315_GAGAAATCAACAGATA-1_1_1_1_1	GSE222315_p4_NAT	GSE222315	DF.classifications_0.25_0.3_229	Singlet	pANN_0.25_0.3_229	0.20476431829701
GSE222315_GAGAAATGTTCTCAGA-1_1_1_1_1	GSE222315_p4_NAT	GSE222315	DF.classifications_0.25_0.3_229	Singlet	pANN_0.25_0.3_229	0.163710086163203
GSE222315_GAGAAATTCCGCTAGG-1_1_1_1_1	GSE222315_p4_NAT	GSE222315	DF.classifications_0.25_0.3_229	Singlet	pANN_0.25_0.3_229	0.199695894576787
GSE222315_GAGACCCGTTCTTGTT-1_1_1_1_1	GSE222315_p4_NAT	GSE222315	DF.classifications_0.25_0.3_229	Singlet	pANN_0.25_0.3_229	0.193613786112519
GSE222315_GAGACCCTCCCAACTC-1_1_1_1_1	GSE222315_p4_NAT	GSE222315	DF.classifications_0.25_0.3_229	Singlet	pANN_0.25_0.3_229	0.150532184490623
GSE222315_GAGACCCTCGCTGTCT-1_1_1_1_1	GSE222315_p4_NAT	GSE222315	DF.classifications_0.25_0.3_229	Singlet	pANN_0.25_0.3_229	0.359858084135834
GSE222315_GAGACCCTCTAAGGAA-1_1_1_1_1	GSE222315_p4_NAT	GSE222315	DF.classifications_0.25_0.3_229	Singlet	pANN_0.25_0.3_229	0.174353775975672
GSE222315_GAGACTTAGAGAGTGA-1_1_1_1_1	GSE222315_p4_NAT	GSE222315	DF.classifications_0.25_0.3_229	Singlet	pANN_0.25_0.3_229	0.188545362392296
GSE222315_GAGACTTAGATGCCGA-1_1_1_1_1	GSE222315_p4_NAT	GSE222315	DF.classifications_0.25_0.3_229	Singlet	pANN_0.25_0.3_229	0.142422706538267
GSE222315_GAGACTTCAGCACAAG-1_1_1_1_1	GSE222315_p4_NAT	GSE222315	DF.classifications_0.25_0.3_229	Singlet	pANN_0.25_0.3_229	0.208312214901166
GSE222315_GAGACTTCATCATTTC-1_1_1_1_1	GSE222315_p4_NAT	GSE222315	DF.classifications_0.25_0.3_229	Singlet	pANN_0.25_0.3_229	0.189052204764318
GSE222315_GAGACTTGTGACCTGC-1_1_1_1_1	GSE222315_p4_NAT	GSE222315	DF.classifications_0.25_0.3_229	Singlet	pANN_0.25_0.3_229	0.190572731880385
GSE222315_GAGACTTGTGCAAGAC-1_1_1_1_1	GSE222315_p4_NAT	GSE222315	DF.classifications_0.25_0.3_229	Singlet	pANN_0.25_0.3_229	0.230613279270147
GSE222315_GAGACTTTCGCCGTGA-1_1_1_1_1	GSE222315_p4_NAT	GSE222315	DF.classifications_0.25_0.3_229	Singlet	pANN_0.25_0.3_229	0.18499746578814
GSE222315_GAGAGGTAGCGCTTCG-1_1_1_1_1	GSE222315_p4_NAT	GSE222315	DF.classifications_0.25_0.3_229	Singlet	pANN_0.25_0.3_229	0.13431322858591
GSE222315_GAGAGGTAGTTAGTAG-1_1_1_1_1	GSE222315_p4_NAT	GSE222315	DF.classifications_0.25_0.3_229	Singlet	pANN_0.25_0.3_229	0.191079574252408
GSE222315_GAGAGGTCACGTGAGA-1_1_1_1_1	GSE222315_p4_NAT	GSE222315	DF.classifications_0.25_0.3_229	Doublet	pANN_0.25_0.3_229	0.393816523061328
GSE222315_GAGAGGTCAGCAGTGA-1_1_1_1_1	GSE222315_p4_NAT	GSE222315	DF.classifications_0.25_0.3_229	Singlet	pANN_0.25_0.3_229	0.186011150532184
GSE222315_GAGAGGTGTAGTATAG-1_1_1_1_1	GSE222315_p4_NAT	GSE222315	DF.classifications_0.25_0.3_229	Singlet	pANN_0.25_0.3_229	0.214901165737456
GSE222315_GAGAGGTTCTACTCAT-1_1_1_1_1	GSE222315_p4_NAT	GSE222315	DF.classifications_0.25_0.3_229	Singlet	pANN_0.25_0.3_229	0.372529143436391
GSE222315_GAGATGGCAGGACTTT-1_1_1_1_1	GSE222315_p4_NAT	GSE222315	DF.classifications_0.25_0.3_229	Singlet	pANN_0.25_0.3_229	0.216928535225545
GSE222315_GAGATGGGTCCATCTC-1_1_1_1_1	GSE222315_p4_NAT	GSE222315	DF.classifications_0.25_0.3_229	Singlet	pANN_0.25_0.3_229	0.199695894576787
GSE222315_GAGCCTGAGTAGGCCA-1_1_1_1_1	GSE222315_p4_NAT	GSE222315	DF.classifications_0.25_0.3_229	Singlet	pANN_0.25_0.3_229	0.173340091231627
GSE222315_GAGCCTGCATCCTGTC-1_1_1_1_1	GSE222315_p4_NAT	GSE222315	DF.classifications_0.25_0.3_229	Singlet	pANN_0.25_0.3_229	0.177394830207805
GSE222315_GAGCCTGGTTAGCTAC-1_1_1_1_1	GSE222315_p4_NAT	GSE222315	DF.classifications_0.25_0.3_229	Singlet	pANN_0.25_0.3_229	0.306639635073492
GSE222315_GAGCCTGTCCCGAACG-1_1_1_1_1	GSE222315_p4_NAT	GSE222315	DF.classifications_0.25_0.3_229	Singlet	pANN_0.25_0.3_229	0.136340598073999
GSE222315_GAGCCTGTCGCATGAT-1_1_1_1_1	GSE222315_p4_NAT	GSE222315	DF.classifications_0.25_0.3_229	Singlet	pANN_0.25_0.3_229	0.205271160669032
GSE222315_GAGCCTGTCGGTCTAA-1_1_1_1_1	GSE222315_p4_NAT	GSE222315	DF.classifications_0.25_0.3_229	Singlet	pANN_0.25_0.3_229	0.196147997972631
GSE222315_GAGCTGCAGAGCAGTC-1_1_1_1_1	GSE222315_p4_NAT	GSE222315	DF.classifications_0.25_0.3_229	Singlet	pANN_0.25_0.3_229	0.247845919918905
GSE222315_GAGCTGCCAAGATGTA-1_1_1_1_1	GSE222315_p4_NAT	GSE222315	DF.classifications_0.25_0.3_229	Singlet	pANN_0.25_0.3_229	0.241763811454638
GSE222315_GAGCTGCCACTACCGG-1_1_1_1_1	GSE222315_p4_NAT	GSE222315	DF.classifications_0.25_0.3_229	Singlet	pANN_0.25_0.3_229	0.302078053725291
GSE222315_GAGCTGCCAGCAGTTT-1_1_1_1_1	GSE222315_p4_NAT	GSE222315	DF.classifications_0.25_0.3_229	Singlet	pANN_0.25_0.3_229	0.203750633552965
GSE222315_GAGCTGCGTCTACATG-1_1_1_1_1	GSE222315_p4_NAT	GSE222315	DF.classifications_0.25_0.3_229	Singlet	pANN_0.25_0.3_229	0.361885453623923
GSE222315_GAGCTGCTCCTCACGT-1_1_1_1_1	GSE222315_p4_NAT	GSE222315	DF.classifications_0.25_0.3_229	Singlet	pANN_0.25_0.3_229	0.239229599594526
GSE222315_GAGCTGCTCGTTGTTT-1_1_1_1_1	GSE222315_p4_NAT	GSE222315	DF.classifications_0.25_0.3_229	Singlet	pANN_0.25_0.3_229	0.148504815002534
GSE222315_GAGCTGCTCTTCCTAA-1_1_1_1_1	GSE222315_p4_NAT	GSE222315	DF.classifications_0.25_0.3_229	Singlet	pANN_0.25_0.3_229	0.199189052204764
GSE222315_GAGGCAAGTTCATCGA-1_1_1_1_1	GSE222315_p4_NAT	GSE222315	DF.classifications_0.25_0.3_229	Singlet	pANN_0.25_0.3_229	0.221490116573746
GSE222315_GAGGCAAGTTGTCAGT-1_1_1_1_1	GSE222315_p4_NAT	GSE222315	DF.classifications_0.25_0.3_229	Singlet	pANN_0.25_0.3_229	0.226051697921946
GSE222315_GAGGCAATCGAGTGGA-1_1_1_1_1	GSE222315_p4_NAT	GSE222315	DF.classifications_0.25_0.3_229	Singlet	pANN_0.25_0.3_229	0.134820070957932
GSE222315_GAGGCAATCTGCTGAA-1_1_1_1_1	GSE222315_p4_NAT	GSE222315	DF.classifications_0.25_0.3_229	Singlet	pANN_0.25_0.3_229	0.175367460719716
GSE222315_GAGGCCTAGTTACTCG-1_1_1_1_1	GSE222315_p4_NAT	GSE222315	DF.classifications_0.25_0.3_229	Singlet	pANN_0.25_0.3_229	0.244804865686771
GSE222315_GAGGCCTGTACATACC-1_1_1_1_1	GSE222315_p4_NAT	GSE222315	DF.classifications_0.25_0.3_229	Singlet	pANN_0.25_0.3_229	0.181449569183984
GSE222315_GAGGCCTTCTTGCGCT-1_1_1_1_1	GSE222315_p4_NAT	GSE222315	DF.classifications_0.25_0.3_229	Singlet	pANN_0.25_0.3_229	0.216421692853523
GSE222315_GAGGGATAGAATAACC-1_1_1_1_1	GSE222315_p4_NAT	GSE222315	DF.classifications_0.25_0.3_229	Singlet	pANN_0.25_0.3_229	0.146984287886467
GSE222315_GAGGGATAGTATTCCG-1_1_1_1_1	GSE222315_p4_NAT	GSE222315	DF.classifications_0.25_0.3_229	Singlet	pANN_0.25_0.3_229	0.20273694880892
GSE222315_GAGGGATCATCCGGTG-1_1_1_1_1	GSE222315_p4_NAT	GSE222315	DF.classifications_0.25_0.3_229	Singlet	pANN_0.25_0.3_229	0.352255448555499
GSE222315_GAGGGTACAAAGCTCT-1_1_1_1_1	GSE222315_p4_NAT	GSE222315	DF.classifications_0.25_0.3_229	Singlet	pANN_0.25_0.3_229	0.189052204764318
GSE222315_GAGGGTACATGGCACC-1_1_1_1_1	GSE222315_p4_NAT	GSE222315	DF.classifications_0.25_0.3_229	Doublet	pANN_0.25_0.3_229	0.401926001013685
GSE222315_GAGGGTAGTTGAATCC-1_1_1_1_1	GSE222315_p4_NAT	GSE222315	DF.classifications_0.25_0.3_229	Singlet	pANN_0.25_0.3_229	0.216928535225545
GSE222315_GAGGGTATCGAGATAA-1_1_1_1_1	GSE222315_p4_NAT	GSE222315	DF.classifications_0.25_0.3_229	Doublet	pANN_0.25_0.3_229	0.395843892549417
GSE222315_GAGGGTATCGCTGTCT-1_1_1_1_1	GSE222315_p4_NAT	GSE222315	DF.classifications_0.25_0.3_229	Singlet	pANN_0.25_0.3_229	0.173340091231627
GSE222315_GAGTCATAGGATCACG-1_1_1_1_1	GSE222315_p4_NAT	GSE222315	DF.classifications_0.25_0.3_229	Singlet	pANN_0.25_0.3_229	0.194120628484541
GSE222315_GAGTCATAGGGACACT-1_1_1_1_1	GSE222315_p4_NAT	GSE222315	DF.classifications_0.25_0.3_229	Singlet	pANN_0.25_0.3_229	0.205778003041054
GSE222315_GAGTCATCAAGCACCC-1_1_1_1_1	GSE222315_p4_NAT	GSE222315	DF.classifications_0.25_0.3_229	Doublet	pANN_0.25_0.3_229	0.409528636594019
GSE222315_GAGTCATCAGTAACAA-1_1_1_1_1	GSE222315_p4_NAT	GSE222315	DF.classifications_0.25_0.3_229	Singlet	pANN_0.25_0.3_229	0.23568170299037
GSE222315_GAGTCATGTGTCCAAT-1_1_1_1_1	GSE222315_p4_NAT	GSE222315	DF.classifications_0.25_0.3_229	Singlet	pANN_0.25_0.3_229	0.247845919918905
GSE222315_GAGTCATTCAGGGTAG-1_1_1_1_1	GSE222315_p4_NAT	GSE222315	DF.classifications_0.25_0.3_229	Singlet	pANN_0.25_0.3_229	0.162189559047136
GSE222315_GAGTCATTCATCGCAA-1_1_1_1_1	GSE222315_p4_NAT	GSE222315	DF.classifications_0.25_0.3_229	Singlet	pANN_0.25_0.3_229	0.136847440446021
GSE222315_GAGTCTACAGCTGTCG-1_1_1_1_1	GSE222315_p4_NAT	GSE222315	DF.classifications_0.25_0.3_229	Singlet	pANN_0.25_0.3_229	0.276735935124176
GSE222315_GAGTGAGAGACCAACG-1_1_1_1_1	GSE222315_p4_NAT	GSE222315	DF.classifications_0.25_0.3_229	Singlet	pANN_0.25_0.3_229	0.360364926507856
GSE222315_GAGTGAGAGGCACAAC-1_1_1_1_1	GSE222315_p4_NAT	GSE222315	DF.classifications_0.25_0.3_229	Singlet	pANN_0.25_0.3_229	0.215408008109478
GSE222315_GAGTGAGCACACGCCA-1_1_1_1_1	GSE222315_p4_NAT	GSE222315	DF.classifications_0.25_0.3_229	Singlet	pANN_0.25_0.3_229	0.182463253928028
GSE222315_GAGTGAGCAGAGCCCT-1_1_1_1_1	GSE222315_p4_NAT	GSE222315	DF.classifications_0.25_0.3_229	Singlet	pANN_0.25_0.3_229	0.181956411556006
GSE222315_GAGTGAGGTGGAGGTT-1_1_1_1_1	GSE222315_p4_NAT	GSE222315	DF.classifications_0.25_0.3_229	Singlet	pANN_0.25_0.3_229	0.18499746578814
GSE222315_GAGTGAGTCAATGTCG-1_1_1_1_1	GSE222315_p4_NAT	GSE222315	DF.classifications_0.25_0.3_229	Singlet	pANN_0.25_0.3_229	0.179422199695895
GSE222315_GAGTGAGTCGCTTTAT-1_1_1_1_1	GSE222315_p4_NAT	GSE222315	DF.classifications_0.25_0.3_229	Singlet	pANN_0.25_0.3_229	0.149518499746579
GSE222315_GAGTGAGTCTCGACCT-1_1_1_1_1	GSE222315_p4_NAT	GSE222315	DF.classifications_0.25_0.3_229	Singlet	pANN_0.25_0.3_229	0.368474404460213
GSE222315_GAGTGTTAGAGCAAGA-1_1_1_1_1	GSE222315_p4_NAT	GSE222315	DF.classifications_0.25_0.3_229	Singlet	pANN_0.25_0.3_229	0.188545362392296
GSE222315_GAGTGTTCAAGTGGTG-1_1_1_1_1	GSE222315_p4_NAT	GSE222315	DF.classifications_0.25_0.3_229	Singlet	pANN_0.25_0.3_229	0.19158641662443
GSE222315_GAGTGTTTCAACCTCC-1_1_1_1_1	GSE222315_p4_NAT	GSE222315	DF.classifications_0.25_0.3_229	Singlet	pANN_0.25_0.3_229	0.197668525088697
GSE222315_GAGTGTTTCACTGGTA-1_1_1_1_1	GSE222315_p4_NAT	GSE222315	DF.classifications_0.25_0.3_229	Singlet	pANN_0.25_0.3_229	0.224531170805879
GSE222315_GAGTGTTTCATCTACT-1_1_1_1_1	GSE222315_p4_NAT	GSE222315	DF.classifications_0.25_0.3_229	Singlet	pANN_0.25_0.3_229	0.200709579320831
GSE222315_GAGTTACAGCATGTTC-1_1_1_1_1	GSE222315_p4_NAT	GSE222315	DF.classifications_0.25_0.3_229	Singlet	pANN_0.25_0.3_229	0.349214394323365
GSE222315_GAGTTACAGCGGTAGT-1_1_1_1_1	GSE222315_p4_NAT	GSE222315	DF.classifications_0.25_0.3_229	Singlet	pANN_0.25_0.3_229	0.193106943740497
GSE222315_GAGTTACAGGTGCCAA-1_1_1_1_1	GSE222315_p4_NAT	GSE222315	DF.classifications_0.25_0.3_229	Singlet	pANN_0.25_0.3_229	0.190065889508363
GSE222315_GAGTTACAGTGATTCC-1_1_1_1_1	GSE222315_p4_NAT	GSE222315	DF.classifications_0.25_0.3_229	Singlet	pANN_0.25_0.3_229	0.233147491130258
GSE222315_GAGTTACCACCATATG-1_1_1_1_1	GSE222315_p4_NAT	GSE222315	DF.classifications_0.25_0.3_229	Singlet	pANN_0.25_0.3_229	0.157121135326913
GSE222315_GAGTTACCACGTTGGC-1_1_1_1_1	GSE222315_p4_NAT	GSE222315	DF.classifications_0.25_0.3_229	Singlet	pANN_0.25_0.3_229	0.374049670552458
GSE222315_GAGTTACGTGAGATAT-1_1_1_1_1	GSE222315_p4_NAT	GSE222315	DF.classifications_0.25_0.3_229	Singlet	pANN_0.25_0.3_229	0.170805879371515
GSE222315_GAGTTACTCGTAACTG-1_1_1_1_1	GSE222315_p4_NAT	GSE222315	DF.classifications_0.25_0.3_229	Singlet	pANN_0.25_0.3_229	0.182463253928028
GSE222315_GAGTTGTCACCGCTGA-1_1_1_1_1	GSE222315_p4_NAT	GSE222315	DF.classifications_0.25_0.3_229	Singlet	pANN_0.25_0.3_229	0.165737455651292
GSE222315_GAGTTGTCACTTGTCC-1_1_1_1_1	GSE222315_p4_NAT	GSE222315	DF.classifications_0.25_0.3_229	Singlet	pANN_0.25_0.3_229	0.142422706538267
GSE222315_GAGTTTGAGGCTTAGG-1_1_1_1_1	GSE222315_p4_NAT	GSE222315	DF.classifications_0.25_0.3_229	Singlet	pANN_0.25_0.3_229	0.165737455651292
GSE222315_GAGTTTGAGTTACGGG-1_1_1_1_1	GSE222315_p4_NAT	GSE222315	DF.classifications_0.25_0.3_229	Doublet	pANN_0.25_0.3_229	0.392295995945261
GSE222315_GAGTTTGGTAACAGTA-1_1_1_1_1	GSE222315_p4_NAT	GSE222315	DF.classifications_0.25_0.3_229	Singlet	pANN_0.25_0.3_229	0.206791687785099
GSE222315_GAGTTTGGTCGGCACT-1_1_1_1_1	GSE222315_p4_NAT	GSE222315	DF.classifications_0.25_0.3_229	Singlet	pANN_0.25_0.3_229	0.155600608210846
GSE222315_GAGTTTGGTGGGTCAA-1_1_1_1_1	GSE222315_p4_NAT	GSE222315	DF.classifications_0.25_0.3_229	Singlet	pANN_0.25_0.3_229	0.197161682716675
GSE222315_GAGTTTGTCATAGGCT-1_1_1_1_1	GSE222315_p4_NAT	GSE222315	DF.classifications_0.25_0.3_229	Singlet	pANN_0.25_0.3_229	0.164723770907248
GSE222315_GATAGAAAGCGTATGG-1_1_1_1_1	GSE222315_p4_NAT	GSE222315	DF.classifications_0.25_0.3_229	Singlet	pANN_0.25_0.3_229	0.209832742017233
GSE222315_GATAGAAGTGCTGTCG-1_1_1_1_1	GSE222315_p4_NAT	GSE222315	DF.classifications_0.25_0.3_229	Doublet	pANN_0.25_0.3_229	0.385200202736949
GSE222315_GATAGAATCGATACAC-1_1_1_1_1	GSE222315_p4_NAT	GSE222315	DF.classifications_0.25_0.3_229	Doublet	pANN_0.25_0.3_229	0.394830207805373
GSE222315_GATAGAATCGTGGCGT-1_1_1_1_1	GSE222315_p4_NAT	GSE222315	DF.classifications_0.25_0.3_229	Doublet	pANN_0.25_0.3_229	0.401419158641662
GSE222315_GATAGCTAGCCGCTTG-1_1_1_1_1	GSE222315_p4_NAT	GSE222315	DF.classifications_0.25_0.3_229	Singlet	pANN_0.25_0.3_229	0.371008616320324
GSE222315_GATAGCTAGGTCGTAG-1_1_1_1_1	GSE222315_p4_NAT	GSE222315	DF.classifications_0.25_0.3_229	Singlet	pANN_0.25_0.3_229	0.214394323365433
GSE222315_GATAGCTCACGTCATA-1_1_1_1_1	GSE222315_p4_NAT	GSE222315	DF.classifications_0.25_0.3_229	Singlet	pANN_0.25_0.3_229	0.243284338570705
GSE222315_GATAGCTCAGAGTGTG-1_1_1_1_1	GSE222315_p4_NAT	GSE222315	DF.classifications_0.25_0.3_229	Singlet	pANN_0.25_0.3_229	0.378611251900659
GSE222315_GATAGCTCAGCCTTCT-1_1_1_1_1	GSE222315_p4_NAT	GSE222315	DF.classifications_0.25_0.3_229	Singlet	pANN_0.25_0.3_229	0.166751140395337
GSE222315_GATCACACAATCCTTT-1_1_1_1_1	GSE222315_p4_NAT	GSE222315	DF.classifications_0.25_0.3_229	Singlet	pANN_0.25_0.3_229	0.241256969082615
GSE222315_GATCACACACTGAGTT-1_1_1_1_1	GSE222315_p4_NAT	GSE222315	DF.classifications_0.25_0.3_229	Singlet	pANN_0.25_0.3_229	0.367967562088191
GSE222315_GATCACAGTCCTTTGC-1_1_1_1_1	GSE222315_p4_NAT	GSE222315	DF.classifications_0.25_0.3_229	Singlet	pANN_0.25_0.3_229	0.201216421692854
GSE222315_GATCACATCACCCTTG-1_1_1_1_1	GSE222315_p4_NAT	GSE222315	DF.classifications_0.25_0.3_229	Singlet	pANN_0.25_0.3_229	0.131779016725798
GSE222315_GATCACATCCCGTGTT-1_1_1_1_1	GSE222315_p4_NAT	GSE222315	DF.classifications_0.25_0.3_229	Singlet	pANN_0.25_0.3_229	0.180435884439939
GSE222315_GATCACATCGGTAAGG-1_1_1_1_1	GSE222315_p4_NAT	GSE222315	DF.classifications_0.25_0.3_229	Singlet	pANN_0.25_0.3_229	0.315762797769894
GSE222315_GATCAGTAGCGACCCT-1_1_1_1_1	GSE222315_p4_NAT	GSE222315	DF.classifications_0.25_0.3_229	Singlet	pANN_0.25_0.3_229	0.193613786112519
GSE222315_GATCAGTAGTGGTCAG-1_1_1_1_1	GSE222315_p4_NAT	GSE222315	DF.classifications_0.25_0.3_229	Singlet	pANN_0.25_0.3_229	0.366447034972124
GSE222315_GATCAGTGTAGCTCGC-1_1_1_1_1	GSE222315_p4_NAT	GSE222315	DF.classifications_0.25_0.3_229	Singlet	pANN_0.25_0.3_229	0.232133806386214
GSE222315_GATCAGTGTTCTTGCC-1_1_1_1_1	GSE222315_p4_NAT	GSE222315	DF.classifications_0.25_0.3_229	Singlet	pANN_0.25_0.3_229	0.17840851495185
GSE222315_GATCAGTTCCGGTAGC-1_1_1_1_1	GSE222315_p4_NAT	GSE222315	DF.classifications_0.25_0.3_229	Singlet	pANN_0.25_0.3_229	0.318297009630005
GSE222315_GATCAGTTCCGTTGGG-1_1_1_1_1	GSE222315_p4_NAT	GSE222315	DF.classifications_0.25_0.3_229	Singlet	pANN_0.25_0.3_229	0.170299036999493
GSE222315_GATCAGTTCGCTCATC-1_1_1_1_1	GSE222315_p4_NAT	GSE222315	DF.classifications_0.25_0.3_229	Singlet	pANN_0.25_0.3_229	0.207805372529143
GSE222315_GATCATGAGCTCGGCT-1_1_1_1_1	GSE222315_p4_NAT	GSE222315	DF.classifications_0.25_0.3_229	Singlet	pANN_0.25_0.3_229	0.2159148504815
GSE222315_GATCATGCACGTGAGA-1_1_1_1_1	GSE222315_p4_NAT	GSE222315	DF.classifications_0.25_0.3_229	Singlet	pANN_0.25_0.3_229	0.144450076026356
GSE222315_GATCATGCACTGAGTT-1_1_1_1_1	GSE222315_p4_NAT	GSE222315	DF.classifications_0.25_0.3_229	Singlet	pANN_0.25_0.3_229	0.142929548910289
GSE222315_GATCATGCATGAAGGC-1_1_1_1_1	GSE222315_p4_NAT	GSE222315	DF.classifications_0.25_0.3_229	Singlet	pANN_0.25_0.3_229	0.249873289406994
GSE222315_GATCATGCATGTACGT-1_1_1_1_1	GSE222315_p4_NAT	GSE222315	DF.classifications_0.25_0.3_229	Singlet	pANN_0.25_0.3_229	0.169285352255449
GSE222315_GATCATGGTAGTATAG-1_1_1_1_1	GSE222315_p4_NAT	GSE222315	DF.classifications_0.25_0.3_229	Singlet	pANN_0.25_0.3_229	0.209832742017233
GSE222315_GATCATGGTGCCCTTT-1_1_1_1_1	GSE222315_p4_NAT	GSE222315	DF.classifications_0.25_0.3_229	Singlet	pANN_0.25_0.3_229	0.139381652306133
GSE222315_GATCATGTCGCGATCG-1_1_1_1_1	GSE222315_p4_NAT	GSE222315	DF.classifications_0.25_0.3_229	Singlet	pANN_0.25_0.3_229	0.321338063862139
GSE222315_GATCATGTCGTTGCCT-1_1_1_1_1	GSE222315_p4_NAT	GSE222315	DF.classifications_0.25_0.3_229	Singlet	pANN_0.25_0.3_229	0.20273694880892
GSE222315_GATCCCTAGCTCGACC-1_1_1_1_1	GSE222315_p4_NAT	GSE222315	DF.classifications_0.25_0.3_229	Singlet	pANN_0.25_0.3_229	0.216928535225545
GSE222315_GATCCCTAGGTGGCTA-1_1_1_1_1	GSE222315_p4_NAT	GSE222315	DF.classifications_0.25_0.3_229	Singlet	pANN_0.25_0.3_229	0.186011150532184
GSE222315_GATCCCTGTTCCGCAG-1_1_1_1_1	GSE222315_p4_NAT	GSE222315	DF.classifications_0.25_0.3_229	Singlet	pANN_0.25_0.3_229	0.178915357323872
GSE222315_GATCCCTTCAATCGGT-1_1_1_1_1	GSE222315_p4_NAT	GSE222315	DF.classifications_0.25_0.3_229	Singlet	pANN_0.25_0.3_229	0.2863659401926
GSE222315_GATCCCTTCGAGAAAT-1_1_1_1_1	GSE222315_p4_NAT	GSE222315	DF.classifications_0.25_0.3_229	Singlet	pANN_0.25_0.3_229	0.278256462240243
GSE222315_GATCGTAAGAGTGAAG-1_1_1_1_1	GSE222315_p4_NAT	GSE222315	DF.classifications_0.25_0.3_229	Singlet	pANN_0.25_0.3_229	0.175367460719716
GSE222315_GATCGTACAGGACATG-1_1_1_1_1	GSE222315_p4_NAT	GSE222315	DF.classifications_0.25_0.3_229	Singlet	pANN_0.25_0.3_229	0.301571211353269
GSE222315_GATCGTAGTCTACGTA-1_1_1_1_1	GSE222315_p4_NAT	GSE222315	DF.classifications_0.25_0.3_229	Singlet	pANN_0.25_0.3_229	0.170299036999493
GSE222315_GATCGTAGTGGGTTGA-1_1_1_1_1	GSE222315_p4_NAT	GSE222315	DF.classifications_0.25_0.3_229	Singlet	pANN_0.25_0.3_229	0.244804865686771
GSE222315_GATCGTAGTTCCCACT-1_1_1_1_1	GSE222315_p4_NAT	GSE222315	DF.classifications_0.25_0.3_229	Singlet	pANN_0.25_0.3_229	0.181449569183984
GSE222315_GATCGTATCAAGCCCG-1_1_1_1_1	GSE222315_p4_NAT	GSE222315	DF.classifications_0.25_0.3_229	Singlet	pANN_0.25_0.3_229	0.339077546882919
GSE222315_GATCGTATCCACGTGG-1_1_1_1_1	GSE222315_p4_NAT	GSE222315	DF.classifications_0.25_0.3_229	Singlet	pANN_0.25_0.3_229	0.155600608210846
GSE222315_GATCGTATCGCCGTGA-1_1_1_1_1	GSE222315_p4_NAT	GSE222315	DF.classifications_0.25_0.3_229	Singlet	pANN_0.25_0.3_229	0.271160669031931
GSE222315_GATGACTAGGTCACAG-1_1_1_1_1	GSE222315_p4_NAT	GSE222315	DF.classifications_0.25_0.3_229	Singlet	pANN_0.25_0.3_229	0.170299036999493
GSE222315_GATGACTAGTTACGAA-1_1_1_1_1	GSE222315_p4_NAT	GSE222315	DF.classifications_0.25_0.3_229	Singlet	pANN_0.25_0.3_229	0.261530663963507
GSE222315_GATGACTCATCAGTCA-1_1_1_1_1	GSE222315_p4_NAT	GSE222315	DF.classifications_0.25_0.3_229	Singlet	pANN_0.25_0.3_229	0.149518499746579
GSE222315_GATGACTTCCGCGAGT-1_1_1_1_1	GSE222315_p4_NAT	GSE222315	DF.classifications_0.25_0.3_229	Singlet	pANN_0.25_0.3_229	0.201216421692854
GSE222315_GATGACTTCGAGAGAC-1_1_1_1_1	GSE222315_p4_NAT	GSE222315	DF.classifications_0.25_0.3_229	Singlet	pANN_0.25_0.3_229	0.239229599594526
GSE222315_GATGACTTCTTACCGC-1_1_1_1_1	GSE222315_p4_NAT	GSE222315	DF.classifications_0.25_0.3_229	Singlet	pANN_0.25_0.3_229	0.240243284338571
GSE222315_GATGAGGCACCCTAAA-1_1_1_1_1	GSE222315_p4_NAT	GSE222315	DF.classifications_0.25_0.3_229	Singlet	pANN_0.25_0.3_229	0.16523061327927
GSE222315_GATGAGGGTGTAGTGG-1_1_1_1_1	GSE222315_p4_NAT	GSE222315	DF.classifications_0.25_0.3_229	Singlet	pANN_0.25_0.3_229	0.356310187531678
GSE222315_GATGAGGTCCAGCTCT-1_1_1_1_1	GSE222315_p4_NAT	GSE222315	DF.classifications_0.25_0.3_229	Singlet	pANN_0.25_0.3_229	0.311201216421693
GSE222315_GATGATCCACGTTGGC-1_1_1_1_1	GSE222315_p4_NAT	GSE222315	DF.classifications_0.25_0.3_229	Singlet	pANN_0.25_0.3_229	0.283324885960466
GSE222315_GATGCTAAGAAAGCGA-1_1_1_1_1	GSE222315_p4_NAT	GSE222315	DF.classifications_0.25_0.3_229	Singlet	pANN_0.25_0.3_229	0.22250380131779
GSE222315_GATGCTAAGGGTAGCT-1_1_1_1_1	GSE222315_p4_NAT	GSE222315	DF.classifications_0.25_0.3_229	Singlet	pANN_0.25_0.3_229	0.249366447034972
GSE222315_GATGCTAAGGTAGGCT-1_1_1_1_1	GSE222315_p4_NAT	GSE222315	DF.classifications_0.25_0.3_229	Singlet	pANN_0.25_0.3_229	0.144450076026356
GSE222315_GATGCTACAAATGAAC-1_1_1_1_1	GSE222315_p4_NAT	GSE222315	DF.classifications_0.25_0.3_229	Singlet	pANN_0.25_0.3_229	0.236188545362392
GSE222315_GATGCTACACTGCGAC-1_1_1_1_1	GSE222315_p4_NAT	GSE222315	DF.classifications_0.25_0.3_229	Singlet	pANN_0.25_0.3_229	0.225544855549924
GSE222315_GATGCTATCATTCGTT-1_1_1_1_1	GSE222315_p4_NAT	GSE222315	DF.classifications_0.25_0.3_229	Singlet	pANN_0.25_0.3_229	0.135326913329954
GSE222315_GATGCTATCCGTCACT-1_1_1_1_1	GSE222315_p4_NAT	GSE222315	DF.classifications_0.25_0.3_229	Singlet	pANN_0.25_0.3_229	0.177394830207805
GSE222315_GATGGAGAGGCACCAA-1_1_1_1_1	GSE222315_p4_NAT	GSE222315	DF.classifications_0.25_0.3_229	Singlet	pANN_0.25_0.3_229	0.12113532691333
GSE222315_GATGGAGCAACAGAGC-1_1_1_1_1	GSE222315_p4_NAT	GSE222315	DF.classifications_0.25_0.3_229	Singlet	pANN_0.25_0.3_229	0.220476431829701
GSE222315_GATGGAGGTAATCAAG-1_1_1_1_1	GSE222315_p4_NAT	GSE222315	DF.classifications_0.25_0.3_229	Singlet	pANN_0.25_0.3_229	0.176887987835783
GSE222315_GATGGAGGTCGGCCTA-1_1_1_1_1	GSE222315_p4_NAT	GSE222315	DF.classifications_0.25_0.3_229	Singlet	pANN_0.25_0.3_229	0.197668525088697
GSE222315_GATGGAGGTGTGTCCG-1_1_1_1_1	GSE222315_p4_NAT	GSE222315	DF.classifications_0.25_0.3_229	Singlet	pANN_0.25_0.3_229	0.33705017739483
GSE222315_GATGGAGGTTACCGTA-1_1_1_1_1	GSE222315_p4_NAT	GSE222315	DF.classifications_0.25_0.3_229	Singlet	pANN_0.25_0.3_229	0.124683223517486
GSE222315_GATGGAGTCTAACGCA-1_1_1_1_1	GSE222315_p4_NAT	GSE222315	DF.classifications_0.25_0.3_229	Singlet	pANN_0.25_0.3_229	0.360871768879878
GSE222315_GATGGAGTCTTGCGCT-1_1_1_1_1	GSE222315_p4_NAT	GSE222315	DF.classifications_0.25_0.3_229	Singlet	pANN_0.25_0.3_229	0.207805372529143
GSE222315_GATGTTGAGCCGGATA-1_1_1_1_1	GSE222315_p4_NAT	GSE222315	DF.classifications_0.25_0.3_229	Singlet	pANN_0.25_0.3_229	0.348200709579321
GSE222315_GATGTTGAGGTTCACT-1_1_1_1_1	GSE222315_p4_NAT	GSE222315	DF.classifications_0.25_0.3_229	Singlet	pANN_0.25_0.3_229	0.129244804865687
GSE222315_GATGTTGCACGACGTC-1_1_1_1_1	GSE222315_p4_NAT	GSE222315	DF.classifications_0.25_0.3_229	Singlet	pANN_0.25_0.3_229	0.175874303091738
GSE222315_GATGTTGCATCTTAGG-1_1_1_1_1	GSE222315_p4_NAT	GSE222315	DF.classifications_0.25_0.3_229	Singlet	pANN_0.25_0.3_229	0.306639635073492
GSE222315_GATGTTGTCGATTTCT-1_1_1_1_1	GSE222315_p4_NAT	GSE222315	DF.classifications_0.25_0.3_229	Singlet	pANN_0.25_0.3_229	0.200709579320831
GSE222315_GATTCGAAGTGCAGGT-1_1_1_1_1	GSE222315_p4_NAT	GSE222315	DF.classifications_0.25_0.3_229	Singlet	pANN_0.25_0.3_229	0.16523061327927
GSE222315_GATTCGAGTCTAACGT-1_1_1_1_1	GSE222315_p4_NAT	GSE222315	DF.classifications_0.25_0.3_229	Singlet	pANN_0.25_0.3_229	0.12772427774962
GSE222315_GATTCGAGTGTACATC-1_1_1_1_1	GSE222315_p4_NAT	GSE222315	DF.classifications_0.25_0.3_229	Singlet	pANN_0.25_0.3_229	0.233654333502281
GSE222315_GATTCGAGTTGTTGAC-1_1_1_1_1	GSE222315_p4_NAT	GSE222315	DF.classifications_0.25_0.3_229	Singlet	pANN_0.25_0.3_229	0.159655347187025
GSE222315_GATTCGATCGGAAACG-1_1_1_1_1	GSE222315_p4_NAT	GSE222315	DF.classifications_0.25_0.3_229	Singlet	pANN_0.25_0.3_229	0.192093258996452
GSE222315_GATTCTTCAAGACAAT-1_1_1_1_1	GSE222315_p4_NAT	GSE222315	DF.classifications_0.25_0.3_229	Singlet	pANN_0.25_0.3_229	0.225038013177902
GSE222315_GATTCTTGTTGCAACT-1_1_1_1_1	GSE222315_p4_NAT	GSE222315	DF.classifications_0.25_0.3_229	Singlet	pANN_0.25_0.3_229	0.322858590978206
GSE222315_GATTCTTTCGACACTA-1_1_1_1_1	GSE222315_p4_NAT	GSE222315	DF.classifications_0.25_0.3_229	Singlet	pANN_0.25_0.3_229	0.264064875823619
GSE222315_GATTGGTCAATCTCTT-1_1_1_1_1	GSE222315_p4_NAT	GSE222315	DF.classifications_0.25_0.3_229	Singlet	pANN_0.25_0.3_229	0.2159148504815
GSE222315_GATTGGTCAGAATTCC-1_1_1_1_1	GSE222315_p4_NAT	GSE222315	DF.classifications_0.25_0.3_229	Singlet	pANN_0.25_0.3_229	0.287886467308667
GSE222315_GATTGGTCAGTAGAAT-1_1_1_1_1	GSE222315_p4_NAT	GSE222315	DF.classifications_0.25_0.3_229	Singlet	pANN_0.25_0.3_229	0.194627470856564
GSE222315_GATTGGTGTTGAAGTA-1_1_1_1_1	GSE222315_p4_NAT	GSE222315	DF.classifications_0.25_0.3_229	Doublet	pANN_0.25_0.3_229	0.394830207805373
GSE222315_GATTTCTAGGCTTAGG-1_1_1_1_1	GSE222315_p4_NAT	GSE222315	DF.classifications_0.25_0.3_229	Singlet	pANN_0.25_0.3_229	0.164723770907248
GSE222315_GATTTCTCAGTTAGAA-1_1_1_1_1	GSE222315_p4_NAT	GSE222315	DF.classifications_0.25_0.3_229	Singlet	pANN_0.25_0.3_229	0.165737455651292
GSE222315_GATTTCTGTTCCACGG-1_1_1_1_1	GSE222315_p4_NAT	GSE222315	DF.classifications_0.25_0.3_229	Singlet	pANN_0.25_0.3_229	0.371515458692347
GSE222315_GATTTCTGTTCCTACC-1_1_1_1_1	GSE222315_p4_NAT	GSE222315	DF.classifications_0.25_0.3_229	Singlet	pANN_0.25_0.3_229	0.367460719716168
GSE222315_GCAACATCAGCGAACA-1_1_1_1_1	GSE222315_p4_NAT	GSE222315	DF.classifications_0.25_0.3_229	Singlet	pANN_0.25_0.3_229	0.179929042067917
GSE222315_GCAACATCAGGGAATC-1_1_1_1_1	GSE222315_p4_NAT	GSE222315	DF.classifications_0.25_0.3_229	Singlet	pANN_0.25_0.3_229	0.208312214901166
GSE222315_GCAACATTCCACTTTA-1_1_1_1_1	GSE222315_p4_NAT	GSE222315	DF.classifications_0.25_0.3_229	Singlet	pANN_0.25_0.3_229	0.255955397871262
GSE222315_GCAACATTCTTGTTAC-1_1_1_1_1	GSE222315_p4_NAT	GSE222315	DF.classifications_0.25_0.3_229	Singlet	pANN_0.25_0.3_229	0.301571211353269
GSE222315_GCAACCGAGGCCACCT-1_1_1_1_1	GSE222315_p4_NAT	GSE222315	DF.classifications_0.25_0.3_229	Singlet	pANN_0.25_0.3_229	0.263051191079574
GSE222315_GCAACCGAGTGTGTTC-1_1_1_1_1	GSE222315_p4_NAT	GSE222315	DF.classifications_0.25_0.3_229	Singlet	pANN_0.25_0.3_229	0.328433857070451
GSE222315_GCAACCGCAAGCCATT-1_1_1_1_1	GSE222315_p4_NAT	GSE222315	DF.classifications_0.25_0.3_229	Singlet	pANN_0.25_0.3_229	0.20273694880892
GSE222315_GCAACCGCACTACGGC-1_1_1_1_1	GSE222315_p4_NAT	GSE222315	DF.classifications_0.25_0.3_229	Singlet	pANN_0.25_0.3_229	0.323365433350228
GSE222315_GCAACCGGTCCCGCAA-1_1_1_1_1	GSE222315_p4_NAT	GSE222315	DF.classifications_0.25_0.3_229	Singlet	pANN_0.25_0.3_229	0.196147997972631
GSE222315_GCACATAAGATTTGCC-1_1_1_1_1	GSE222315_p4_NAT	GSE222315	DF.classifications_0.25_0.3_229	Singlet	pANN_0.25_0.3_229	0.150532184490623
GSE222315_GCACATACACTACTTT-1_1_1_1_1	GSE222315_p4_NAT	GSE222315	DF.classifications_0.25_0.3_229	Singlet	pANN_0.25_0.3_229	0.201723264064876
GSE222315_GCACATATCTTGGAAC-1_1_1_1_1	GSE222315_p4_NAT	GSE222315	DF.classifications_0.25_0.3_229	Singlet	pANN_0.25_0.3_229	0.185504308160162
GSE222315_GCACGGTAGAAGAGCA-1_1_1_1_1	GSE222315_p4_NAT	GSE222315	DF.classifications_0.25_0.3_229	Singlet	pANN_0.25_0.3_229	0.27318803852002
GSE222315_GCACGGTAGGGTCACA-1_1_1_1_1	GSE222315_p4_NAT	GSE222315	DF.classifications_0.25_0.3_229	Singlet	pANN_0.25_0.3_229	0.251393816523061
GSE222315_GCACGGTCACAGAGCA-1_1_1_1_1	GSE222315_p4_NAT	GSE222315	DF.classifications_0.25_0.3_229	Singlet	pANN_0.25_0.3_229	0.139888494678155
GSE222315_GCACGGTCACTCCCTA-1_1_1_1_1	GSE222315_p4_NAT	GSE222315	DF.classifications_0.25_0.3_229	Singlet	pANN_0.25_0.3_229	0.151545869234668
GSE222315_GCACGGTTCACACGAT-1_1_1_1_1	GSE222315_p4_NAT	GSE222315	DF.classifications_0.25_0.3_229	Singlet	pANN_0.25_0.3_229	0.172326406487582
GSE222315_GCACGGTTCGGTCGGT-1_1_1_1_1	GSE222315_p4_NAT	GSE222315	DF.classifications_0.25_0.3_229	Singlet	pANN_0.25_0.3_229	0.234668018246325
GSE222315_GCACGTGAGAGTCCGA-1_1_1_1_1	GSE222315_p4_NAT	GSE222315	DF.classifications_0.25_0.3_229	Singlet	pANN_0.25_0.3_229	0.150532184490623
GSE222315_GCACGTGAGCGGATCA-1_1_1_1_1	GSE222315_p4_NAT	GSE222315	DF.classifications_0.25_0.3_229	Singlet	pANN_0.25_0.3_229	0.205778003041054
GSE222315_GCACGTGGTCGTAATC-1_1_1_1_1	GSE222315_p4_NAT	GSE222315	DF.classifications_0.25_0.3_229	Singlet	pANN_0.25_0.3_229	0.23568170299037
GSE222315_GCACGTGTCTTGTGCC-1_1_1_1_1	GSE222315_p4_NAT	GSE222315	DF.classifications_0.25_0.3_229	Singlet	pANN_0.25_0.3_229	0.175874303091738
GSE222315_GCACTAAAGTAACGTA-1_1_1_1_1	GSE222315_p4_NAT	GSE222315	DF.classifications_0.25_0.3_229	Singlet	pANN_0.25_0.3_229	0.167257982767359
GSE222315_GCACTAACAGACCAAG-1_1_1_1_1	GSE222315_p4_NAT	GSE222315	DF.classifications_0.25_0.3_229	Singlet	pANN_0.25_0.3_229	0.203750633552965
GSE222315_GCACTAAGTACAATAG-1_1_1_1_1	GSE222315_p4_NAT	GSE222315	DF.classifications_0.25_0.3_229	Singlet	pANN_0.25_0.3_229	0.213380638621389
GSE222315_GCACTAAGTCGCAACC-1_1_1_1_1	GSE222315_p4_NAT	GSE222315	DF.classifications_0.25_0.3_229	Singlet	pANN_0.25_0.3_229	0.155093765838824
GSE222315_GCACTAAGTGTCTCCT-1_1_1_1_1	GSE222315_p4_NAT	GSE222315	DF.classifications_0.25_0.3_229	Singlet	pANN_0.25_0.3_229	0.236695387734415
GSE222315_GCACTAATCAAGCTGT-1_1_1_1_1	GSE222315_p4_NAT	GSE222315	DF.classifications_0.25_0.3_229	Singlet	pANN_0.25_0.3_229	0.149518499746579
GSE222315_GCACTAATCGCCAGAC-1_1_1_1_1	GSE222315_p4_NAT	GSE222315	DF.classifications_0.25_0.3_229	Singlet	pANN_0.25_0.3_229	0.225544855549924
GSE222315_GCAGCCACACTACGGC-1_1_1_1_1	GSE222315_p4_NAT	GSE222315	DF.classifications_0.25_0.3_229	Singlet	pANN_0.25_0.3_229	0.194627470856564
GSE222315_GCAGCCACACTGCATA-1_1_1_1_1	GSE222315_p4_NAT	GSE222315	DF.classifications_0.25_0.3_229	Singlet	pANN_0.25_0.3_229	0.22250380131779
GSE222315_GCAGCCACAGAGTTGG-1_1_1_1_1	GSE222315_p4_NAT	GSE222315	DF.classifications_0.25_0.3_229	Singlet	pANN_0.25_0.3_229	0.215408008109478
GSE222315_GCAGCCACAGCTGGTC-1_1_1_1_1	GSE222315_p4_NAT	GSE222315	DF.classifications_0.25_0.3_229	Singlet	pANN_0.25_0.3_229	0.187531677648251
GSE222315_GCAGCCACAGGAGGAG-1_1_1_1_1	GSE222315_p4_NAT	GSE222315	DF.classifications_0.25_0.3_229	Singlet	pANN_0.25_0.3_229	0.122149011657375
GSE222315_GCAGCCAGTCATCACA-1_1_1_1_1	GSE222315_p4_NAT	GSE222315	DF.classifications_0.25_0.3_229	Singlet	pANN_0.25_0.3_229	0.198682209832742
GSE222315_GCAGCTGAGACATACA-1_1_1_1_1	GSE222315_p4_NAT	GSE222315	DF.classifications_0.25_0.3_229	Singlet	pANN_0.25_0.3_229	0.233654333502281
GSE222315_GCAGCTGAGGAAGTCC-1_1_1_1_1	GSE222315_p4_NAT	GSE222315	DF.classifications_0.25_0.3_229	Singlet	pANN_0.25_0.3_229	0.153066396350735
GSE222315_GCAGCTGCAGACCCGT-1_1_1_1_1	GSE222315_p4_NAT	GSE222315	DF.classifications_0.25_0.3_229	Doublet	pANN_0.25_0.3_229	0.385200202736949
GSE222315_GCAGCTGTCATTGAGC-1_1_1_1_1	GSE222315_p4_NAT	GSE222315	DF.classifications_0.25_0.3_229	Singlet	pANN_0.25_0.3_229	0.368981246832235
GSE222315_GCAGCTGTCGAATGCT-1_1_1_1_1	GSE222315_p4_NAT	GSE222315	DF.classifications_0.25_0.3_229	Singlet	pANN_0.25_0.3_229	0.128231120121642
GSE222315_GCAGGCTAGAATAGTC-1_1_1_1_1	GSE222315_p4_NAT	GSE222315	DF.classifications_0.25_0.3_229	Singlet	pANN_0.25_0.3_229	0.252914343639128
GSE222315_GCAGGCTCACCTATCC-1_1_1_1_1	GSE222315_p4_NAT	GSE222315	DF.classifications_0.25_0.3_229	Singlet	pANN_0.25_0.3_229	0.147997972630512
GSE222315_GCAGGCTCAGTGAGCA-1_1_1_1_1	GSE222315_p4_NAT	GSE222315	DF.classifications_0.25_0.3_229	Singlet	pANN_0.25_0.3_229	0.301571211353269
GSE222315_GCAGGCTGTGTTTCTT-1_1_1_1_1	GSE222315_p4_NAT	GSE222315	DF.classifications_0.25_0.3_229	Singlet	pANN_0.25_0.3_229	0.197161682716675
GSE222315_GCAGGCTTCGCTATTT-1_1_1_1_1	GSE222315_p4_NAT	GSE222315	DF.classifications_0.25_0.3_229	Singlet	pANN_0.25_0.3_229	0.244298023314749
GSE222315_GCAGGCTTCTACACTT-1_1_1_1_1	GSE222315_p4_NAT	GSE222315	DF.classifications_0.25_0.3_229	Singlet	pANN_0.25_0.3_229	0.200709579320831
GSE222315_GCAGTTACAAGAGATT-1_1_1_1_1	GSE222315_p4_NAT	GSE222315	DF.classifications_0.25_0.3_229	Singlet	pANN_0.25_0.3_229	0.138367967562088
GSE222315_GCAGTTATCTCGACCT-1_1_1_1_1	GSE222315_p4_NAT	GSE222315	DF.classifications_0.25_0.3_229	Singlet	pANN_0.25_0.3_229	0.246832235174861
GSE222315_GCATCGGGTTAGGACG-1_1_1_1_1	GSE222315_p4_NAT	GSE222315	DF.classifications_0.25_0.3_229	Singlet	pANN_0.25_0.3_229	0.13887480993411
GSE222315_GCATCGGGTTTATGCG-1_1_1_1_1	GSE222315_p4_NAT	GSE222315	DF.classifications_0.25_0.3_229	Singlet	pANN_0.25_0.3_229	0.127217435377598
GSE222315_GCATCTCGTGGATACG-1_1_1_1_1	GSE222315_p4_NAT	GSE222315	DF.classifications_0.25_0.3_229	Singlet	pANN_0.25_0.3_229	0.31931069437405
GSE222315_GCATCTCTCATCACAG-1_1_1_1_1	GSE222315_p4_NAT	GSE222315	DF.classifications_0.25_0.3_229	Singlet	pANN_0.25_0.3_229	0.180435884439939
GSE222315_GCATCTCTCGAGAGCA-1_1_1_1_1	GSE222315_p4_NAT	GSE222315	DF.classifications_0.25_0.3_229	Singlet	pANN_0.25_0.3_229	0.141409021794222
GSE222315_GCATCTCTCGGACTGC-1_1_1_1_1	GSE222315_p4_NAT	GSE222315	DF.classifications_0.25_0.3_229	Doublet	pANN_0.25_0.3_229	0.405980739989863
GSE222315_GCATGATAGCTGTCCG-1_1_1_1_1	GSE222315_p4_NAT	GSE222315	DF.classifications_0.25_0.3_229	Singlet	pANN_0.25_0.3_229	0.201216421692854
GSE222315_GCATGATCAACGAGGT-1_1_1_1_1	GSE222315_p4_NAT	GSE222315	DF.classifications_0.25_0.3_229	Singlet	pANN_0.25_0.3_229	0.143436391282311
GSE222315_GCATGATCAGCATGCC-1_1_1_1_1	GSE222315_p4_NAT	GSE222315	DF.classifications_0.25_0.3_229	Singlet	pANN_0.25_0.3_229	0.372022301064369
GSE222315_GCATGATGTTCAATCG-1_1_1_1_1	GSE222315_p4_NAT	GSE222315	DF.classifications_0.25_0.3_229	Singlet	pANN_0.25_0.3_229	0.17181956411556
GSE222315_GCATGATTCCATCTCG-1_1_1_1_1	GSE222315_p4_NAT	GSE222315	DF.classifications_0.25_0.3_229	Singlet	pANN_0.25_0.3_229	0.370501773948302
GSE222315_GCATGATTCTTCGCTG-1_1_1_1_1	GSE222315_p4_NAT	GSE222315	DF.classifications_0.25_0.3_229	Singlet	pANN_0.25_0.3_229	0.242777496198682
GSE222315_GCATTAGAGGCCCACT-1_1_1_1_1	GSE222315_p4_NAT	GSE222315	DF.classifications_0.25_0.3_229	Singlet	pANN_0.25_0.3_229	0.216928535225545
GSE222315_GCATTAGCACGCTTAA-1_1_1_1_1	GSE222315_p4_NAT	GSE222315	DF.classifications_0.25_0.3_229	Singlet	pANN_0.25_0.3_229	0.289406994424734
GSE222315_GCATTAGGTAACATAG-1_1_1_1_1	GSE222315_p4_NAT	GSE222315	DF.classifications_0.25_0.3_229	Singlet	pANN_0.25_0.3_229	0.363912823112012
GSE222315_GCATTAGGTCGGAACA-1_1_1_1_1	GSE222315_p4_NAT	GSE222315	DF.classifications_0.25_0.3_229	Singlet	pANN_0.25_0.3_229	0.163203243791181
GSE222315_GCCAACGAGACCAGCA-1_1_1_1_1	GSE222315_p4_NAT	GSE222315	DF.classifications_0.25_0.3_229	Singlet	pANN_0.25_0.3_229	0.252914343639128
GSE222315_GCCAACGAGACTCCGC-1_1_1_1_1	GSE222315_p4_NAT	GSE222315	DF.classifications_0.25_0.3_229	Singlet	pANN_0.25_0.3_229	0.20476431829701
GSE222315_GCCAACGAGAGACAAG-1_1_1_1_1	GSE222315_p4_NAT	GSE222315	DF.classifications_0.25_0.3_229	Singlet	pANN_0.25_0.3_229	0.224531170805879
GSE222315_GCCAACGAGATGACCG-1_1_1_1_1	GSE222315_p4_NAT	GSE222315	DF.classifications_0.25_0.3_229	Singlet	pANN_0.25_0.3_229	0.189559047136341
GSE222315_GCCAACGAGATGATTG-1_1_1_1_1	GSE222315_p4_NAT	GSE222315	DF.classifications_0.25_0.3_229	Singlet	pANN_0.25_0.3_229	0.330968068930563
GSE222315_GCCAACGCATCCTATT-1_1_1_1_1	GSE222315_p4_NAT	GSE222315	DF.classifications_0.25_0.3_229	Singlet	pANN_0.25_0.3_229	0.185504308160162
GSE222315_GCCAACGGTCATGGCC-1_1_1_1_1	GSE222315_p4_NAT	GSE222315	DF.classifications_0.25_0.3_229	Singlet	pANN_0.25_0.3_229	0.238722757222504
GSE222315_GCCAGCAAGAAATTCG-1_1_1_1_1	GSE222315_p4_NAT	GSE222315	DF.classifications_0.25_0.3_229	Singlet	pANN_0.25_0.3_229	0.368981246832235
GSE222315_GCCAGCACAACTGTGT-1_1_1_1_1	GSE222315_p4_NAT	GSE222315	DF.classifications_0.25_0.3_229	Singlet	pANN_0.25_0.3_229	0.216928535225545
GSE222315_GCCAGCACACGTAGAG-1_1_1_1_1	GSE222315_p4_NAT	GSE222315	DF.classifications_0.25_0.3_229	Singlet	pANN_0.25_0.3_229	0.219969589457679
GSE222315_GCCAGCACATCCTCAC-1_1_1_1_1	GSE222315_p4_NAT	GSE222315	DF.classifications_0.25_0.3_229	Singlet	pANN_0.25_0.3_229	0.149011657374557
GSE222315_GCCAGCACATCGTGGC-1_1_1_1_1	GSE222315_p4_NAT	GSE222315	DF.classifications_0.25_0.3_229	Singlet	pANN_0.25_0.3_229	0.13887480993411
GSE222315_GCCAGCAGTCTGTAGT-1_1_1_1_1	GSE222315_p4_NAT	GSE222315	DF.classifications_0.25_0.3_229	Singlet	pANN_0.25_0.3_229	0.248352762290928
GSE222315_GCCAGCATCTCTGAGA-1_1_1_1_1	GSE222315_p4_NAT	GSE222315	DF.classifications_0.25_0.3_229	Singlet	pANN_0.25_0.3_229	0.246325392802838
GSE222315_GCCAGGTAGCCATATC-1_1_1_1_1	GSE222315_p4_NAT	GSE222315	DF.classifications_0.25_0.3_229	Singlet	pANN_0.25_0.3_229	0.151545869234668
GSE222315_GCCAGGTAGGAGCAAA-1_1_1_1_1	GSE222315_p4_NAT	GSE222315	DF.classifications_0.25_0.3_229	Singlet	pANN_0.25_0.3_229	0.26659908768373
GSE222315_GCCAGGTCAAGACAAT-1_1_1_1_1	GSE222315_p4_NAT	GSE222315	DF.classifications_0.25_0.3_229	Singlet	pANN_0.25_0.3_229	0.13887480993411
GSE222315_GCCAGGTCAGCTCGGT-1_1_1_1_1	GSE222315_p4_NAT	GSE222315	DF.classifications_0.25_0.3_229	Singlet	pANN_0.25_0.3_229	0.192093258996452
GSE222315_GCCAGTGAGACCCTTA-1_1_1_1_1	GSE222315_p4_NAT	GSE222315	DF.classifications_0.25_0.3_229	Singlet	pANN_0.25_0.3_229	0.180435884439939
GSE222315_GCCAGTGAGATCCCAT-1_1_1_1_1	GSE222315_p4_NAT	GSE222315	DF.classifications_0.25_0.3_229	Singlet	pANN_0.25_0.3_229	0.140395337050177
GSE222315_GCCAGTGAGGCACGAT-1_1_1_1_1	GSE222315_p4_NAT	GSE222315	DF.classifications_0.25_0.3_229	Singlet	pANN_0.25_0.3_229	0.196147997972631
GSE222315_GCCAGTGAGTCGGGAT-1_1_1_1_1	GSE222315_p4_NAT	GSE222315	DF.classifications_0.25_0.3_229	Singlet	pANN_0.25_0.3_229	0.265078560567663
GSE222315_GCCAGTGCACATAGCT-1_1_1_1_1	GSE222315_p4_NAT	GSE222315	DF.classifications_0.25_0.3_229	Singlet	pANN_0.25_0.3_229	0.197161682716675
GSE222315_GCCAGTGTCAAGCGTT-1_1_1_1_1	GSE222315_p4_NAT	GSE222315	DF.classifications_0.25_0.3_229	Singlet	pANN_0.25_0.3_229	0.239736441966548
GSE222315_GCCAGTGTCGCTCATC-1_1_1_1_1	GSE222315_p4_NAT	GSE222315	DF.classifications_0.25_0.3_229	Singlet	pANN_0.25_0.3_229	0.170805879371515
GSE222315_GCCAGTGTCTAGAACC-1_1_1_1_1	GSE222315_p4_NAT	GSE222315	DF.classifications_0.25_0.3_229	Singlet	pANN_0.25_0.3_229	0.360871768879878
GSE222315_GCCATGGAGAGGACTC-1_1_1_1_1	GSE222315_p4_NAT	GSE222315	DF.classifications_0.25_0.3_229	Singlet	pANN_0.25_0.3_229	0.223010643689812
GSE222315_GCCATGGCACATATCG-1_1_1_1_1	GSE222315_p4_NAT	GSE222315	DF.classifications_0.25_0.3_229	Singlet	pANN_0.25_0.3_229	0.278256462240243
GSE222315_GCCATGGCAGTGACCC-1_1_1_1_1	GSE222315_p4_NAT	GSE222315	DF.classifications_0.25_0.3_229	Singlet	pANN_0.25_0.3_229	0.177394830207805
GSE222315_GCCATGGGTGATACAA-1_1_1_1_1	GSE222315_p4_NAT	GSE222315	DF.classifications_0.25_0.3_229	Singlet	pANN_0.25_0.3_229	0.169792194627471
GSE222315_GCCATTCAGCTCGCAC-1_1_1_1_1	GSE222315_p4_NAT	GSE222315	DF.classifications_0.25_0.3_229	Singlet	pANN_0.25_0.3_229	0.256462240243284
GSE222315_GCCATTCAGGTCGAGT-1_1_1_1_1	GSE222315_p4_NAT	GSE222315	DF.classifications_0.25_0.3_229	Doublet	pANN_0.25_0.3_229	0.392295995945261
GSE222315_GCCATTCCACAGTGTT-1_1_1_1_1	GSE222315_p4_NAT	GSE222315	DF.classifications_0.25_0.3_229	Singlet	pANN_0.25_0.3_229	0.182970096300051
GSE222315_GCCATTCCACCATAAC-1_1_1_1_1	GSE222315_p4_NAT	GSE222315	DF.classifications_0.25_0.3_229	Singlet	pANN_0.25_0.3_229	0.244298023314749
GSE222315_GCCATTCCAGAGTGAC-1_1_1_1_1	GSE222315_p4_NAT	GSE222315	DF.classifications_0.25_0.3_229	Singlet	pANN_0.25_0.3_229	0.161175874303092
GSE222315_GCCATTCTCGCCCAGA-1_1_1_1_1	GSE222315_p4_NAT	GSE222315	DF.classifications_0.25_0.3_229	Singlet	pANN_0.25_0.3_229	0.210846426761277
GSE222315_GCCATTCTCGTACACA-1_1_1_1_1	GSE222315_p4_NAT	GSE222315	DF.classifications_0.25_0.3_229	Singlet	pANN_0.25_0.3_229	0.251393816523061
GSE222315_GCCATTCTCTGAGTCA-1_1_1_1_1	GSE222315_p4_NAT	GSE222315	DF.classifications_0.25_0.3_229	Singlet	pANN_0.25_0.3_229	0.231626964014192
GSE222315_GCCCAGAAGATGGCAC-1_1_1_1_1	GSE222315_p4_NAT	GSE222315	DF.classifications_0.25_0.3_229	Singlet	pANN_0.25_0.3_229	0.368474404460213
GSE222315_GCCCAGACACTCGATA-1_1_1_1_1	GSE222315_p4_NAT	GSE222315	DF.classifications_0.25_0.3_229	Singlet	pANN_0.25_0.3_229	0.132792701469843
GSE222315_GCCCAGAGTGAGGAAA-1_1_1_1_1	GSE222315_p4_NAT	GSE222315	DF.classifications_0.25_0.3_229	Singlet	pANN_0.25_0.3_229	0.22909275215408
GSE222315_GCCCAGAGTTCGGACC-1_1_1_1_1	GSE222315_p4_NAT	GSE222315	DF.classifications_0.25_0.3_229	Singlet	pANN_0.25_0.3_229	0.192600101368474
GSE222315_GCCCAGATCAGACCGC-1_1_1_1_1	GSE222315_p4_NAT	GSE222315	DF.classifications_0.25_0.3_229	Singlet	pANN_0.25_0.3_229	0.150532184490623
GSE222315_GCCCGAAAGAGGATGA-1_1_1_1_1	GSE222315_p4_NAT	GSE222315	DF.classifications_0.25_0.3_229	Singlet	pANN_0.25_0.3_229	0.196147997972631
GSE222315_GCCCGAAAGCCAGAGT-1_1_1_1_1	GSE222315_p4_NAT	GSE222315	DF.classifications_0.25_0.3_229	Singlet	pANN_0.25_0.3_229	0.243791180942727
GSE222315_GCCCGAAAGGGACAGG-1_1_1_1_1	GSE222315_p4_NAT	GSE222315	DF.classifications_0.25_0.3_229	Singlet	pANN_0.25_0.3_229	0.210339584389255
GSE222315_GCCCGAAAGGGCTTCC-1_1_1_1_1	GSE222315_p4_NAT	GSE222315	DF.classifications_0.25_0.3_229	Singlet	pANN_0.25_0.3_229	0.368474404460213
GSE222315_GCCCGAACACAACGCC-1_1_1_1_1	GSE222315_p4_NAT	GSE222315	DF.classifications_0.25_0.3_229	Singlet	pANN_0.25_0.3_229	0.176887987835783
GSE222315_GCCCGAACACCGTGAC-1_1_1_1_1	GSE222315_p4_NAT	GSE222315	DF.classifications_0.25_0.3_229	Singlet	pANN_0.25_0.3_229	0.129751647237709
GSE222315_GCCCGAACACGCTGTG-1_1_1_1_1	GSE222315_p4_NAT	GSE222315	DF.classifications_0.25_0.3_229	Singlet	pANN_0.25_0.3_229	0.229599594526102
GSE222315_GCCCGAACAGCATCTA-1_1_1_1_1	GSE222315_p4_NAT	GSE222315	DF.classifications_0.25_0.3_229	Singlet	pANN_0.25_0.3_229	0.156614292954891
GSE222315_GCCCGAACAGTATGAA-1_1_1_1_1	GSE222315_p4_NAT	GSE222315	DF.classifications_0.25_0.3_229	Singlet	pANN_0.25_0.3_229	0.297009630005068
GSE222315_GCCCGAACATCGAAGG-1_1_1_1_1	GSE222315_p4_NAT	GSE222315	DF.classifications_0.25_0.3_229	Singlet	pANN_0.25_0.3_229	0.174353775975672
GSE222315_GCCCGAAGTCTCTCAC-1_1_1_1_1	GSE222315_p4_NAT	GSE222315	DF.classifications_0.25_0.3_229	Singlet	pANN_0.25_0.3_229	0.162696401419159
GSE222315_GCCCGAAGTTACGCCG-1_1_1_1_1	GSE222315_p4_NAT	GSE222315	DF.classifications_0.25_0.3_229	Singlet	pANN_0.25_0.3_229	0.176887987835783
GSE222315_GCCCGAATCGCACGGT-1_1_1_1_1	GSE222315_p4_NAT	GSE222315	DF.classifications_0.25_0.3_229	Singlet	pANN_0.25_0.3_229	0.163203243791181
GSE222315_GCCGATGAGGGATCTG-1_1_1_1_1	GSE222315_p4_NAT	GSE222315	DF.classifications_0.25_0.3_229	Singlet	pANN_0.25_0.3_229	0.282818043588444
GSE222315_GCCGATGAGTCTAACC-1_1_1_1_1	GSE222315_p4_NAT	GSE222315	DF.classifications_0.25_0.3_229	Singlet	pANN_0.25_0.3_229	0.200709579320831
GSE222315_GCCGATGCAAGGTCAG-1_1_1_1_1	GSE222315_p4_NAT	GSE222315	DF.classifications_0.25_0.3_229	Doublet	pANN_0.25_0.3_229	0.386213887480993
GSE222315_GCCGATGCACAATCTG-1_1_1_1_1	GSE222315_p4_NAT	GSE222315	DF.classifications_0.25_0.3_229	Singlet	pANN_0.25_0.3_229	0.213887480993411
GSE222315_GCCGATGCACTGCTTC-1_1_1_1_1	GSE222315_p4_NAT	GSE222315	DF.classifications_0.25_0.3_229	Singlet	pANN_0.25_0.3_229	0.380638621388748
GSE222315_GCCGATGCATCTAACG-1_1_1_1_1	GSE222315_p4_NAT	GSE222315	DF.classifications_0.25_0.3_229	Singlet	pANN_0.25_0.3_229	0.136340598073999
GSE222315_GCCGATGGTCTGCAAT-1_1_1_1_1	GSE222315_p4_NAT	GSE222315	DF.classifications_0.25_0.3_229	Singlet	pANN_0.25_0.3_229	0.364419665484034
GSE222315_GCCGATGTCGATCCAA-1_1_1_1_1	GSE222315_p4_NAT	GSE222315	DF.classifications_0.25_0.3_229	Singlet	pANN_0.25_0.3_229	0.150532184490623
GSE222315_GCCGATGTCGCAGAGA-1_1_1_1_1	GSE222315_p4_NAT	GSE222315	DF.classifications_0.25_0.3_229	Singlet	pANN_0.25_0.3_229	0.345159655347187
GSE222315_GCCTGTTAGAGTCAGC-1_1_1_1_1	GSE222315_p4_NAT	GSE222315	DF.classifications_0.25_0.3_229	Singlet	pANN_0.25_0.3_229	0.233654333502281
GSE222315_GCCTGTTAGCACTAGG-1_1_1_1_1	GSE222315_p4_NAT	GSE222315	DF.classifications_0.25_0.3_229	Singlet	pANN_0.25_0.3_229	0.231120121642169
GSE222315_GCCTGTTAGGTTGTTC-1_1_1_1_1	GSE222315_p4_NAT	GSE222315	DF.classifications_0.25_0.3_229	Singlet	pANN_0.25_0.3_229	0.195641155600608
GSE222315_GCCTGTTCAACACTAC-1_1_1_1_1	GSE222315_p4_NAT	GSE222315	DF.classifications_0.25_0.3_229	Singlet	pANN_0.25_0.3_229	0.130258489609731
GSE222315_GCCTGTTCAATGACCT-1_1_1_1_1	GSE222315_p4_NAT	GSE222315	DF.classifications_0.25_0.3_229	Singlet	pANN_0.25_0.3_229	0.315762797769894
GSE222315_GCCTGTTCACACACGC-1_1_1_1_1	GSE222315_p4_NAT	GSE222315	DF.classifications_0.25_0.3_229	Singlet	pANN_0.25_0.3_229	0.187024835276229
GSE222315_GCCTGTTGTACGGGAT-1_1_1_1_1	GSE222315_p4_NAT	GSE222315	DF.classifications_0.25_0.3_229	Singlet	pANN_0.25_0.3_229	0.173846933603649
GSE222315_GCGAGAAAGGTACTGG-1_1_1_1_1	GSE222315_p4_NAT	GSE222315	DF.classifications_0.25_0.3_229	Singlet	pANN_0.25_0.3_229	0.250380131779017
GSE222315_GCGAGAAGTGATACTC-1_1_1_1_1	GSE222315_p4_NAT	GSE222315	DF.classifications_0.25_0.3_229	Singlet	pANN_0.25_0.3_229	0.206791687785099
GSE222315_GCGAGAATCTCCGCAT-1_1_1_1_1	GSE222315_p4_NAT	GSE222315	DF.classifications_0.25_0.3_229	Singlet	pANN_0.25_0.3_229	0.242777496198682
GSE222315_GCGAGAATCTGCGATA-1_1_1_1_1	GSE222315_p4_NAT	GSE222315	DF.classifications_0.25_0.3_229	Singlet	pANN_0.25_0.3_229	0.246832235174861
GSE222315_GCGATCGCAGCACAAG-1_1_1_1_1	GSE222315_p4_NAT	GSE222315	DF.classifications_0.25_0.3_229	Singlet	pANN_0.25_0.3_229	0.259503294475418
GSE222315_GCGATCGCAGGAATAT-1_1_1_1_1	GSE222315_p4_NAT	GSE222315	DF.classifications_0.25_0.3_229	Singlet	pANN_0.25_0.3_229	0.253421186011151
GSE222315_GCGATCGCATGTGGTT-1_1_1_1_1	GSE222315_p4_NAT	GSE222315	DF.classifications_0.25_0.3_229	Singlet	pANN_0.25_0.3_229	0.202230106436898
GSE222315_GCGATCGTCGACACCG-1_1_1_1_1	GSE222315_p4_NAT	GSE222315	DF.classifications_0.25_0.3_229	Singlet	pANN_0.25_0.3_229	0.141409021794222
GSE222315_GCGGAAAAGATTGCGG-1_1_1_1_1	GSE222315_p4_NAT	GSE222315	DF.classifications_0.25_0.3_229	Singlet	pANN_0.25_0.3_229	0.236695387734415
GSE222315_GCGGAAACAAGTCATC-1_1_1_1_1	GSE222315_p4_NAT	GSE222315	DF.classifications_0.25_0.3_229	Singlet	pANN_0.25_0.3_229	0.188545362392296
GSE222315_GCGGAAAGTATGAGCG-1_1_1_1_1	GSE222315_p4_NAT	GSE222315	DF.classifications_0.25_0.3_229	Singlet	pANN_0.25_0.3_229	0.196147997972631
GSE222315_GCGGAAAGTCGAACGA-1_1_1_1_1	GSE222315_p4_NAT	GSE222315	DF.classifications_0.25_0.3_229	Singlet	pANN_0.25_0.3_229	0.263051191079574
GSE222315_GCGGAAAGTGCATACT-1_1_1_1_1	GSE222315_p4_NAT	GSE222315	DF.classifications_0.25_0.3_229	Singlet	pANN_0.25_0.3_229	0.183983781044095
GSE222315_GCGGATCAGCGCTTCG-1_1_1_1_1	GSE222315_p4_NAT	GSE222315	DF.classifications_0.25_0.3_229	Singlet	pANN_0.25_0.3_229	0.233654333502281
GSE222315_GCGGATCGTAGGCAGT-1_1_1_1_1	GSE222315_p4_NAT	GSE222315	DF.classifications_0.25_0.3_229	Singlet	pANN_0.25_0.3_229	0.170805879371515
GSE222315_GCGGATCTCAATCGGT-1_1_1_1_1	GSE222315_p4_NAT	GSE222315	DF.classifications_0.25_0.3_229	Singlet	pANN_0.25_0.3_229	0.174860618347694
GSE222315_GCGGATCTCCGGACGT-1_1_1_1_1	GSE222315_p4_NAT	GSE222315	DF.classifications_0.25_0.3_229	Singlet	pANN_0.25_0.3_229	0.315762797769894
GSE222315_GCGTGCACAGTCACGC-1_1_1_1_1	GSE222315_p4_NAT	GSE222315	DF.classifications_0.25_0.3_229	Singlet	pANN_0.25_0.3_229	0.216928535225545
GSE222315_GCGTGCATCCAAAGGG-1_1_1_1_1	GSE222315_p4_NAT	GSE222315	DF.classifications_0.25_0.3_229	Singlet	pANN_0.25_0.3_229	0.213380638621389
GSE222315_GCGTGCATCTAAACGC-1_1_1_1_1	GSE222315_p4_NAT	GSE222315	DF.classifications_0.25_0.3_229	Singlet	pANN_0.25_0.3_229	0.212873796249366
GSE222315_GCGTTTCCATTGACCA-1_1_1_1_1	GSE222315_p4_NAT	GSE222315	DF.classifications_0.25_0.3_229	Singlet	pANN_0.25_0.3_229	0.191079574252408
GSE222315_GCGTTTCGTCCTGTCT-1_1_1_1_1	GSE222315_p4_NAT	GSE222315	DF.classifications_0.25_0.3_229	Singlet	pANN_0.25_0.3_229	0.235174860618348
GSE222315_GCGTTTCGTGCAAGAC-1_1_1_1_1	GSE222315_p4_NAT	GSE222315	DF.classifications_0.25_0.3_229	Singlet	pANN_0.25_0.3_229	0.203243791180943
GSE222315_GCGTTTCGTGGGTTGA-1_1_1_1_1	GSE222315_p4_NAT	GSE222315	DF.classifications_0.25_0.3_229	Singlet	pANN_0.25_0.3_229	0.144956918398378
GSE222315_GCGTTTCTCGTTAGTG-1_1_1_1_1	GSE222315_p4_NAT	GSE222315	DF.classifications_0.25_0.3_229	Singlet	pANN_0.25_0.3_229	0.308160162189559
GSE222315_GCGTTTCTCTTCTAAC-1_1_1_1_1	GSE222315_p4_NAT	GSE222315	DF.classifications_0.25_0.3_229	Singlet	pANN_0.25_0.3_229	0.137354282818044
GSE222315_GCTACAAAGGTCCCGT-1_1_1_1_1	GSE222315_p4_NAT	GSE222315	DF.classifications_0.25_0.3_229	Singlet	pANN_0.25_0.3_229	0.232133806386214
GSE222315_GCTACAAAGTGTTCCA-1_1_1_1_1	GSE222315_p4_NAT	GSE222315	DF.classifications_0.25_0.3_229	Singlet	pANN_0.25_0.3_229	0.213380638621389
GSE222315_GCTACAACACAAAGCG-1_1_1_1_1	GSE222315_p4_NAT	GSE222315	DF.classifications_0.25_0.3_229	Singlet	pANN_0.25_0.3_229	0.246832235174861
GSE222315_GCTACAACAGGGAATC-1_1_1_1_1	GSE222315_p4_NAT	GSE222315	DF.classifications_0.25_0.3_229	Singlet	pANN_0.25_0.3_229	0.15408008109478
GSE222315_GCTACAAGTCAACGCC-1_1_1_1_1	GSE222315_p4_NAT	GSE222315	DF.classifications_0.25_0.3_229	Singlet	pANN_0.25_0.3_229	0.169285352255449
GSE222315_GCTACCTAGTAGGGTC-1_1_1_1_1	GSE222315_p4_NAT	GSE222315	DF.classifications_0.25_0.3_229	Singlet	pANN_0.25_0.3_229	0.176887987835783
GSE222315_GCTACCTGTCCGGATC-1_1_1_1_1	GSE222315_p4_NAT	GSE222315	DF.classifications_0.25_0.3_229	Singlet	pANN_0.25_0.3_229	0.234161175874303
GSE222315_GCTACCTTCTGGCCAG-1_1_1_1_1	GSE222315_p4_NAT	GSE222315	DF.classifications_0.25_0.3_229	Singlet	pANN_0.25_0.3_229	0.185504308160162
GSE222315_GCTACCTTCTTCGACC-1_1_1_1_1	GSE222315_p4_NAT	GSE222315	DF.classifications_0.25_0.3_229	Singlet	pANN_0.25_0.3_229	0.163203243791181
GSE222315_GCTCAAACAAGTGACG-1_1_1_1_1	GSE222315_p4_NAT	GSE222315	DF.classifications_0.25_0.3_229	Singlet	pANN_0.25_0.3_229	0.37658388241257
GSE222315_GCTCAAACAGGGCTTC-1_1_1_1_1	GSE222315_p4_NAT	GSE222315	DF.classifications_0.25_0.3_229	Singlet	pANN_0.25_0.3_229	0.180942726811961
GSE222315_GCTCAAATCAGGACAG-1_1_1_1_1	GSE222315_p4_NAT	GSE222315	DF.classifications_0.25_0.3_229	Singlet	pANN_0.25_0.3_229	0.174860618347694
GSE222315_GCTCAAATCAGGGTAG-1_1_1_1_1	GSE222315_p4_NAT	GSE222315	DF.classifications_0.25_0.3_229	Singlet	pANN_0.25_0.3_229	0.15408008109478
GSE222315_GCTGAATTCCTCTAGC-1_1_1_1_1	GSE222315_p4_NAT	GSE222315	DF.classifications_0.25_0.3_229	Singlet	pANN_0.25_0.3_229	0.147997972630512
GSE222315_GCTGAATTCGTGCAGC-1_1_1_1_1	GSE222315_p4_NAT	GSE222315	DF.classifications_0.25_0.3_229	Singlet	pANN_0.25_0.3_229	0.263051191079574
GSE222315_GCTGAATTCTGTGCAA-1_1_1_1_1	GSE222315_p4_NAT	GSE222315	DF.classifications_0.25_0.3_229	Singlet	pANN_0.25_0.3_229	0.170299036999493
GSE222315_GCTGCAGAGAAGGCTC-1_1_1_1_1	GSE222315_p4_NAT	GSE222315	DF.classifications_0.25_0.3_229	Doublet	pANN_0.25_0.3_229	0.386213887480993
GSE222315_GCTGCAGAGGATATGT-1_1_1_1_1	GSE222315_p4_NAT	GSE222315	DF.classifications_0.25_0.3_229	Singlet	pANN_0.25_0.3_229	0.328940699442473
GSE222315_GCTGCAGTCTGCGGCA-1_1_1_1_1	GSE222315_p4_NAT	GSE222315	DF.classifications_0.25_0.3_229	Singlet	pANN_0.25_0.3_229	0.36999493157628
GSE222315_GCTGGGTAGGGTTAGC-1_1_1_1_1	GSE222315_p4_NAT	GSE222315	DF.classifications_0.25_0.3_229	Singlet	pANN_0.25_0.3_229	0.258996452103396
GSE222315_GCTGGGTCAACCCGCA-1_1_1_1_1	GSE222315_p4_NAT	GSE222315	DF.classifications_0.25_0.3_229	Singlet	pANN_0.25_0.3_229	0.219462747085656
GSE222315_GCTGGGTCAATTGCTG-1_1_1_1_1	GSE222315_p4_NAT	GSE222315	DF.classifications_0.25_0.3_229	Singlet	pANN_0.25_0.3_229	0.266092245311708
GSE222315_GCTGGGTGTACCTTCC-1_1_1_1_1	GSE222315_p4_NAT	GSE222315	DF.classifications_0.25_0.3_229	Singlet	pANN_0.25_0.3_229	0.197668525088697
GSE222315_GCTGGGTGTCCGGTGT-1_1_1_1_1	GSE222315_p4_NAT	GSE222315	DF.classifications_0.25_0.3_229	Singlet	pANN_0.25_0.3_229	0.182463253928028
GSE222315_GCTGGGTGTCCTACAA-1_1_1_1_1	GSE222315_p4_NAT	GSE222315	DF.classifications_0.25_0.3_229	Singlet	pANN_0.25_0.3_229	0.199695894576787
GSE222315_GCTGGGTGTTAATGAG-1_1_1_1_1	GSE222315_p4_NAT	GSE222315	DF.classifications_0.25_0.3_229	Singlet	pANN_0.25_0.3_229	0.162189559047136
GSE222315_GCTTCACCAAGGAGTC-1_1_1_1_1	GSE222315_p4_NAT	GSE222315	DF.classifications_0.25_0.3_229	Singlet	pANN_0.25_0.3_229	0.254941713127217
GSE222315_GCTTCACCACACCTGG-1_1_1_1_1	GSE222315_p4_NAT	GSE222315	DF.classifications_0.25_0.3_229	Singlet	pANN_0.25_0.3_229	0.242777496198682
GSE222315_GCTTCACCACATATCG-1_1_1_1_1	GSE222315_p4_NAT	GSE222315	DF.classifications_0.25_0.3_229	Singlet	pANN_0.25_0.3_229	0.23568170299037
GSE222315_GCTTCACCACCATAAC-1_1_1_1_1	GSE222315_p4_NAT	GSE222315	DF.classifications_0.25_0.3_229	Singlet	pANN_0.25_0.3_229	0.122655854029397
GSE222315_GCTTCACCACGCAAAG-1_1_1_1_1	GSE222315_p4_NAT	GSE222315	DF.classifications_0.25_0.3_229	Singlet	pANN_0.25_0.3_229	0.368474404460213
GSE222315_GCTTCACCAGGAAGTC-1_1_1_1_1	GSE222315_p4_NAT	GSE222315	DF.classifications_0.25_0.3_229	Singlet	pANN_0.25_0.3_229	0.168271667511404
GSE222315_GCTTCACCATACTTTC-1_1_1_1_1	GSE222315_p4_NAT	GSE222315	DF.classifications_0.25_0.3_229	Singlet	pANN_0.25_0.3_229	0.193106943740497
GSE222315_GCTTCACGTATTCCTT-1_1_1_1_1	GSE222315_p4_NAT	GSE222315	DF.classifications_0.25_0.3_229	Singlet	pANN_0.25_0.3_229	0.184490623416118
GSE222315_GCTTCACGTGCAGATG-1_1_1_1_1	GSE222315_p4_NAT	GSE222315	DF.classifications_0.25_0.3_229	Singlet	pANN_0.25_0.3_229	0.359351241763811
GSE222315_GCTTCACGTTCGGCGT-1_1_1_1_1	GSE222315_p4_NAT	GSE222315	DF.classifications_0.25_0.3_229	Singlet	pANN_0.25_0.3_229	0.187531677648251
GSE222315_GCTTCACTCCCATGGG-1_1_1_1_1	GSE222315_p4_NAT	GSE222315	DF.classifications_0.25_0.3_229	Singlet	pANN_0.25_0.3_229	0.192600101368474
GSE222315_GCTTCACTCCGCAGTG-1_1_1_1_1	GSE222315_p4_NAT	GSE222315	DF.classifications_0.25_0.3_229	Singlet	pANN_0.25_0.3_229	0.243284338570705
GSE222315_GCTTCACTCTTGCGCT-1_1_1_1_1	GSE222315_p4_NAT	GSE222315	DF.classifications_0.25_0.3_229	Singlet	pANN_0.25_0.3_229	0.198682209832742
GSE222315_GCTTGGGAGCCTGACC-1_1_1_1_1	GSE222315_p4_NAT	GSE222315	DF.classifications_0.25_0.3_229	Singlet	pANN_0.25_0.3_229	0.265585402939686
GSE222315_GCTTGGGCAAATAAGC-1_1_1_1_1	GSE222315_p4_NAT	GSE222315	DF.classifications_0.25_0.3_229	Singlet	pANN_0.25_0.3_229	0.193613786112519
GSE222315_GCTTGGGCAGTCCGTG-1_1_1_1_1	GSE222315_p4_NAT	GSE222315	DF.classifications_0.25_0.3_229	Singlet	pANN_0.25_0.3_229	0.314242270653827
GSE222315_GCTTGGGGTGACAGGT-1_1_1_1_1	GSE222315_p4_NAT	GSE222315	DF.classifications_0.25_0.3_229	Singlet	pANN_0.25_0.3_229	0.125696908261531
GSE222315_GCTTGGGGTTCTAACG-1_1_1_1_1	GSE222315_p4_NAT	GSE222315	DF.classifications_0.25_0.3_229	Singlet	pANN_0.25_0.3_229	0.203750633552965
GSE222315_GCTTGGGGTTTACCTT-1_1_1_1_1	GSE222315_p4_NAT	GSE222315	DF.classifications_0.25_0.3_229	Singlet	pANN_0.25_0.3_229	0.308160162189559
GSE222315_GCTTTCGAGTCGAGGT-1_1_1_1_1	GSE222315_p4_NAT	GSE222315	DF.classifications_0.25_0.3_229	Singlet	pANN_0.25_0.3_229	0.254941713127217
GSE222315_GCTTTCGCAACCACGC-1_1_1_1_1	GSE222315_p4_NAT	GSE222315	DF.classifications_0.25_0.3_229	Singlet	pANN_0.25_0.3_229	0.177901672579828
GSE222315_GCTTTCGCAGTAGGAC-1_1_1_1_1	GSE222315_p4_NAT	GSE222315	DF.classifications_0.25_0.3_229	Singlet	pANN_0.25_0.3_229	0.267612772427775
GSE222315_GCTTTCGGTATCACCA-1_1_1_1_1	GSE222315_p4_NAT	GSE222315	DF.classifications_0.25_0.3_229	Singlet	pANN_0.25_0.3_229	0.281804358844399
GSE222315_GCTTTCGGTGTATTCG-1_1_1_1_1	GSE222315_p4_NAT	GSE222315	DF.classifications_0.25_0.3_229	Singlet	pANN_0.25_0.3_229	0.216421692853523
GSE222315_GCTTTCGGTTCCTACC-1_1_1_1_1	GSE222315_p4_NAT	GSE222315	DF.classifications_0.25_0.3_229	Singlet	pANN_0.25_0.3_229	0.189052204764318
GSE222315_GCTTTCGGTTTGTTGG-1_1_1_1_1	GSE222315_p4_NAT	GSE222315	DF.classifications_0.25_0.3_229	Singlet	pANN_0.25_0.3_229	0.209832742017233
GSE222315_GCTTTCGTCCCATAAG-1_1_1_1_1	GSE222315_p4_NAT	GSE222315	DF.classifications_0.25_0.3_229	Singlet	pANN_0.25_0.3_229	0.344652812975165
GSE222315_GCTTTCGTCCCTATTA-1_1_1_1_1	GSE222315_p4_NAT	GSE222315	DF.classifications_0.25_0.3_229	Singlet	pANN_0.25_0.3_229	0.333502280790674
GSE222315_GGAACCCCATTCGATG-1_1_1_1_1	GSE222315_p4_NAT	GSE222315	DF.classifications_0.25_0.3_229	Singlet	pANN_0.25_0.3_229	0.260516979219463
GSE222315_GGAACCCTCGTTCTGC-1_1_1_1_1	GSE222315_p4_NAT	GSE222315	DF.classifications_0.25_0.3_229	Singlet	pANN_0.25_0.3_229	0.320324379118094
GSE222315_GGAAGTGAGTATGACA-1_1_1_1_1	GSE222315_p4_NAT	GSE222315	DF.classifications_0.25_0.3_229	Singlet	pANN_0.25_0.3_229	0.252407501267106
GSE222315_GGAAGTGCACGTAGTT-1_1_1_1_1	GSE222315_p4_NAT	GSE222315	DF.classifications_0.25_0.3_229	Singlet	pANN_0.25_0.3_229	0.194120628484541
GSE222315_GGAAGTGCATGAAGGC-1_1_1_1_1	GSE222315_p4_NAT	GSE222315	DF.classifications_0.25_0.3_229	Singlet	pANN_0.25_0.3_229	0.162696401419159
GSE222315_GGAAGTGGTGGACAGT-1_1_1_1_1	GSE222315_p4_NAT	GSE222315	DF.classifications_0.25_0.3_229	Singlet	pANN_0.25_0.3_229	0.157627977698936
GSE222315_GGAAGTGGTGGCAGAT-1_1_1_1_1	GSE222315_p4_NAT	GSE222315	DF.classifications_0.25_0.3_229	Singlet	pANN_0.25_0.3_229	0.134820070957932
GSE222315_GGAAGTGTCCATTGTT-1_1_1_1_1	GSE222315_p4_NAT	GSE222315	DF.classifications_0.25_0.3_229	Singlet	pANN_0.25_0.3_229	0.231120121642169
GSE222315_GGAATCTCAACGACAG-1_1_1_1_1	GSE222315_p4_NAT	GSE222315	DF.classifications_0.25_0.3_229	Singlet	pANN_0.25_0.3_229	0.20932589964521
GSE222315_GGAATCTCACTTTAGG-1_1_1_1_1	GSE222315_p4_NAT	GSE222315	DF.classifications_0.25_0.3_229	Singlet	pANN_0.25_0.3_229	0.194120628484541
GSE222315_GGAATCTCAGGCATTT-1_1_1_1_1	GSE222315_p4_NAT	GSE222315	DF.classifications_0.25_0.3_229	Singlet	pANN_0.25_0.3_229	0.225038013177902
GSE222315_GGAATGGAGGGTATAT-1_1_1_1_1	GSE222315_p4_NAT	GSE222315	DF.classifications_0.25_0.3_229	Singlet	pANN_0.25_0.3_229	0.170299036999493
GSE222315_GGAATGGGTTTGAACC-1_1_1_1_1	GSE222315_p4_NAT	GSE222315	DF.classifications_0.25_0.3_229	Singlet	pANN_0.25_0.3_229	0.169792194627471
GSE222315_GGAATGGTCCCATGGG-1_1_1_1_1	GSE222315_p4_NAT	GSE222315	DF.classifications_0.25_0.3_229	Singlet	pANN_0.25_0.3_229	0.366447034972124
GSE222315_GGAATGGTCTCATTAC-1_1_1_1_1	GSE222315_p4_NAT	GSE222315	DF.classifications_0.25_0.3_229	Singlet	pANN_0.25_0.3_229	0.232640648758236
GSE222315_GGACGTCAGCGTCAAG-1_1_1_1_1	GSE222315_p4_NAT	GSE222315	DF.classifications_0.25_0.3_229	Singlet	pANN_0.25_0.3_229	0.186517992904207
GSE222315_GGACGTCCAAGTCGTT-1_1_1_1_1	GSE222315_p4_NAT	GSE222315	DF.classifications_0.25_0.3_229	Singlet	pANN_0.25_0.3_229	0.218449062341612
GSE222315_GGACGTCCAGAAGCGT-1_1_1_1_1	GSE222315_p4_NAT	GSE222315	DF.classifications_0.25_0.3_229	Singlet	pANN_0.25_0.3_229	0.20273694880892
GSE222315_GGACGTCCAGTGAGCA-1_1_1_1_1	GSE222315_p4_NAT	GSE222315	DF.classifications_0.25_0.3_229	Singlet	pANN_0.25_0.3_229	0.180435884439939
GSE222315_GGACGTCGTGCGGTAA-1_1_1_1_1	GSE222315_p4_NAT	GSE222315	DF.classifications_0.25_0.3_229	Singlet	pANN_0.25_0.3_229	0.282311201216422
GSE222315_GGACGTCGTTCGTACA-1_1_1_1_1	GSE222315_p4_NAT	GSE222315	DF.classifications_0.25_0.3_229	Singlet	pANN_0.25_0.3_229	0.348200709579321
GSE222315_GGAGAACAGTCTGCAT-1_1_1_1_1	GSE222315_p4_NAT	GSE222315	DF.classifications_0.25_0.3_229	Singlet	pANN_0.25_0.3_229	0.297516472377091
GSE222315_GGAGAACCAATGAAAC-1_1_1_1_1	GSE222315_p4_NAT	GSE222315	DF.classifications_0.25_0.3_229	Singlet	pANN_0.25_0.3_229	0.200709579320831
GSE222315_GGAGAACTCAGGGATG-1_1_1_1_1	GSE222315_p4_NAT	GSE222315	DF.classifications_0.25_0.3_229	Singlet	pANN_0.25_0.3_229	0.229599594526102
GSE222315_GGAGAACTCCTCACTG-1_1_1_1_1	GSE222315_p4_NAT	GSE222315	DF.classifications_0.25_0.3_229	Singlet	pANN_0.25_0.3_229	0.144956918398378
GSE222315_GGAGAACTCTAGACCA-1_1_1_1_1	GSE222315_p4_NAT	GSE222315	DF.classifications_0.25_0.3_229	Singlet	pANN_0.25_0.3_229	0.173340091231627
GSE222315_GGAGATGAGCCTCGTG-1_1_1_1_1	GSE222315_p4_NAT	GSE222315	DF.classifications_0.25_0.3_229	Singlet	pANN_0.25_0.3_229	0.293461733400912
GSE222315_GGAGATGCATGCGGTC-1_1_1_1_1	GSE222315_p4_NAT	GSE222315	DF.classifications_0.25_0.3_229	Singlet	pANN_0.25_0.3_229	0.185504308160162
GSE222315_GGAGATGGTGGCGTAA-1_1_1_1_1	GSE222315_p4_NAT	GSE222315	DF.classifications_0.25_0.3_229	Doublet	pANN_0.25_0.3_229	0.404460212873796
GSE222315_GGAGATGTCCGTTGAA-1_1_1_1_1	GSE222315_p4_NAT	GSE222315	DF.classifications_0.25_0.3_229	Singlet	pANN_0.25_0.3_229	0.297009630005068
GSE222315_GGAGCAACACCCTAAA-1_1_1_1_1	GSE222315_p4_NAT	GSE222315	DF.classifications_0.25_0.3_229	Singlet	pANN_0.25_0.3_229	0.213380638621389
GSE222315_GGAGCAACATTGACAC-1_1_1_1_1	GSE222315_p4_NAT	GSE222315	DF.classifications_0.25_0.3_229	Singlet	pANN_0.25_0.3_229	0.207298530157121
GSE222315_GGAGCAAGTTGCAACT-1_1_1_1_1	GSE222315_p4_NAT	GSE222315	DF.classifications_0.25_0.3_229	Singlet	pANN_0.25_0.3_229	0.135326913329954
GSE222315_GGAGCAATCAATCGGT-1_1_1_1_1	GSE222315_p4_NAT	GSE222315	DF.classifications_0.25_0.3_229	Doublet	pANN_0.25_0.3_229	0.386720729853016
GSE222315_GGAGGATGTGGTCTAT-1_1_1_1_1	GSE222315_p4_NAT	GSE222315	DF.classifications_0.25_0.3_229	Singlet	pANN_0.25_0.3_229	0.199189052204764
GSE222315_GGAGGATTCCGGACGT-1_1_1_1_1	GSE222315_p4_NAT	GSE222315	DF.classifications_0.25_0.3_229	Singlet	pANN_0.25_0.3_229	0.163710086163203
GSE222315_GGAGGTAAGAAGTCCG-1_1_1_1_1	GSE222315_p4_NAT	GSE222315	DF.classifications_0.25_0.3_229	Singlet	pANN_0.25_0.3_229	0.123669538773441
GSE222315_GGAGGTACAAATCAGA-1_1_1_1_1	GSE222315_p4_NAT	GSE222315	DF.classifications_0.25_0.3_229	Singlet	pANN_0.25_0.3_229	0.237709072478459
GSE222315_GGAGGTAGTGAAGCGT-1_1_1_1_1	GSE222315_p4_NAT	GSE222315	DF.classifications_0.25_0.3_229	Singlet	pANN_0.25_0.3_229	0.366447034972124
GSE222315_GGAGGTAGTGGTCCCA-1_1_1_1_1	GSE222315_p4_NAT	GSE222315	DF.classifications_0.25_0.3_229	Singlet	pANN_0.25_0.3_229	0.183983781044095
GSE222315_GGAGGTAGTTTAGACC-1_1_1_1_1	GSE222315_p4_NAT	GSE222315	DF.classifications_0.25_0.3_229	Singlet	pANN_0.25_0.3_229	0.197161682716675
GSE222315_GGATGTTAGCTCCATA-1_1_1_1_1	GSE222315_p4_NAT	GSE222315	DF.classifications_0.25_0.3_229	Singlet	pANN_0.25_0.3_229	0.156107450582869
GSE222315_GGATGTTCACTAACCA-1_1_1_1_1	GSE222315_p4_NAT	GSE222315	DF.classifications_0.25_0.3_229	Singlet	pANN_0.25_0.3_229	0.380131779016726
GSE222315_GGATGTTCAGAGCGTA-1_1_1_1_1	GSE222315_p4_NAT	GSE222315	DF.classifications_0.25_0.3_229	Singlet	pANN_0.25_0.3_229	0.136847440446021
GSE222315_GGATGTTTCAGTCAGT-1_1_1_1_1	GSE222315_p4_NAT	GSE222315	DF.classifications_0.25_0.3_229	Singlet	pANN_0.25_0.3_229	0.212366953877344
GSE222315_GGATGTTTCCCTCGAT-1_1_1_1_1	GSE222315_p4_NAT	GSE222315	DF.classifications_0.25_0.3_229	Singlet	pANN_0.25_0.3_229	0.135833755701977
GSE222315_GGCACGTAGACTCATC-1_1_1_1_1	GSE222315_p4_NAT	GSE222315	DF.classifications_0.25_0.3_229	Singlet	pANN_0.25_0.3_229	0.171312721743538
GSE222315_GGCACGTAGCCAGAGT-1_1_1_1_1	GSE222315_p4_NAT	GSE222315	DF.classifications_0.25_0.3_229	Singlet	pANN_0.25_0.3_229	0.128231120121642
GSE222315_GGCACGTGTGAGTAGC-1_1_1_1_1	GSE222315_p4_NAT	GSE222315	DF.classifications_0.25_0.3_229	Singlet	pANN_0.25_0.3_229	0.342625443487076
GSE222315_GGCACGTTCAACGTGT-1_1_1_1_1	GSE222315_p4_NAT	GSE222315	DF.classifications_0.25_0.3_229	Singlet	pANN_0.25_0.3_229	0.206284845413077
GSE222315_GGCACGTTCTGTGCGG-1_1_1_1_1	GSE222315_p4_NAT	GSE222315	DF.classifications_0.25_0.3_229	Singlet	pANN_0.25_0.3_229	0.359858084135834
GSE222315_GGCAGTCCACTGGCGT-1_1_1_1_1	GSE222315_p4_NAT	GSE222315	DF.classifications_0.25_0.3_229	Singlet	pANN_0.25_0.3_229	0.242777496198682
GSE222315_GGCAGTCCAGAGAGGG-1_1_1_1_1	GSE222315_p4_NAT	GSE222315	DF.classifications_0.25_0.3_229	Doublet	pANN_0.25_0.3_229	0.401419158641662
GSE222315_GGCAGTCGTTAATGAG-1_1_1_1_1	GSE222315_p4_NAT	GSE222315	DF.classifications_0.25_0.3_229	Singlet	pANN_0.25_0.3_229	0.198682209832742
GSE222315_GGCAGTCGTTATGACC-1_1_1_1_1	GSE222315_p4_NAT	GSE222315	DF.classifications_0.25_0.3_229	Singlet	pANN_0.25_0.3_229	0.2159148504815
GSE222315_GGCAGTCTCACTACGA-1_1_1_1_1	GSE222315_p4_NAT	GSE222315	DF.classifications_0.25_0.3_229	Singlet	pANN_0.25_0.3_229	0.253928028383173
GSE222315_GGCAGTCTCCTATTTG-1_1_1_1_1	GSE222315_p4_NAT	GSE222315	DF.classifications_0.25_0.3_229	Singlet	pANN_0.25_0.3_229	0.221490116573746
GSE222315_GGCAGTCTCGAACGCC-1_1_1_1_1	GSE222315_p4_NAT	GSE222315	DF.classifications_0.25_0.3_229	Singlet	pANN_0.25_0.3_229	0.356310187531678
GSE222315_GGCAGTCTCTCGCTCA-1_1_1_1_1	GSE222315_p4_NAT	GSE222315	DF.classifications_0.25_0.3_229	Singlet	pANN_0.25_0.3_229	0.299036999493158
GSE222315_GGCGTCAAGACGACGT-1_1_1_1_1	GSE222315_p4_NAT	GSE222315	DF.classifications_0.25_0.3_229	Singlet	pANN_0.25_0.3_229	0.194120628484541
GSE222315_GGCGTCAAGGAAACGA-1_1_1_1_1	GSE222315_p4_NAT	GSE222315	DF.classifications_0.25_0.3_229	Singlet	pANN_0.25_0.3_229	0.198682209832742
GSE222315_GGCGTCACAGTCAGTT-1_1_1_1_1	GSE222315_p4_NAT	GSE222315	DF.classifications_0.25_0.3_229	Singlet	pANN_0.25_0.3_229	0.262544348707552
GSE222315_GGCGTCAGTCCTCAGG-1_1_1_1_1	GSE222315_p4_NAT	GSE222315	DF.classifications_0.25_0.3_229	Singlet	pANN_0.25_0.3_229	0.153573238722757
GSE222315_GGCGTCATCCGCGATG-1_1_1_1_1	GSE222315_p4_NAT	GSE222315	DF.classifications_0.25_0.3_229	Singlet	pANN_0.25_0.3_229	0.177394830207805
GSE222315_GGCGTCATCTGCCTCA-1_1_1_1_1	GSE222315_p4_NAT	GSE222315	DF.classifications_0.25_0.3_229	Singlet	pANN_0.25_0.3_229	0.280790674100355
GSE222315_GGCTGTGAGAGTGTGC-1_1_1_1_1	GSE222315_p4_NAT	GSE222315	DF.classifications_0.25_0.3_229	Singlet	pANN_0.25_0.3_229	0.231120121642169
GSE222315_GGCTGTGAGATTAGTG-1_1_1_1_1	GSE222315_p4_NAT	GSE222315	DF.classifications_0.25_0.3_229	Singlet	pANN_0.25_0.3_229	0.157121135326913
GSE222315_GGCTGTGCACACCGCA-1_1_1_1_1	GSE222315_p4_NAT	GSE222315	DF.classifications_0.25_0.3_229	Singlet	pANN_0.25_0.3_229	0.361885453623923
GSE222315_GGCTGTGGTATCGCTA-1_1_1_1_1	GSE222315_p4_NAT	GSE222315	DF.classifications_0.25_0.3_229	Singlet	pANN_0.25_0.3_229	0.189559047136341
GSE222315_GGCTGTGGTCGGATTT-1_1_1_1_1	GSE222315_p4_NAT	GSE222315	DF.classifications_0.25_0.3_229	Singlet	pANN_0.25_0.3_229	0.20273694880892
GSE222315_GGCTGTGGTGCGACAA-1_1_1_1_1	GSE222315_p4_NAT	GSE222315	DF.classifications_0.25_0.3_229	Singlet	pANN_0.25_0.3_229	0.378611251900659
GSE222315_GGCTGTGTCAGACCTA-1_1_1_1_1	GSE222315_p4_NAT	GSE222315	DF.classifications_0.25_0.3_229	Singlet	pANN_0.25_0.3_229	0.148504815002534
GSE222315_GGCTGTGTCCGTTGGG-1_1_1_1_1	GSE222315_p4_NAT	GSE222315	DF.classifications_0.25_0.3_229	Doublet	pANN_0.25_0.3_229	0.410035478966042
GSE222315_GGCTTGGCATCGTTCC-1_1_1_1_1	GSE222315_p4_NAT	GSE222315	DF.classifications_0.25_0.3_229	Singlet	pANN_0.25_0.3_229	0.260516979219463
GSE222315_GGCTTGGGTATGTCTG-1_1_1_1_1	GSE222315_p4_NAT	GSE222315	DF.classifications_0.25_0.3_229	Singlet	pANN_0.25_0.3_229	0.20476431829701
GSE222315_GGCTTTCAGTCGTTAC-1_1_1_1_1	GSE222315_p4_NAT	GSE222315	DF.classifications_0.25_0.3_229	Singlet	pANN_0.25_0.3_229	0.372529143436391
GSE222315_GGCTTTCCAATACCTG-1_1_1_1_1	GSE222315_p4_NAT	GSE222315	DF.classifications_0.25_0.3_229	Singlet	pANN_0.25_0.3_229	0.208819057273188
GSE222315_GGCTTTCGTCTGTGTA-1_1_1_1_1	GSE222315_p4_NAT	GSE222315	DF.classifications_0.25_0.3_229	Singlet	pANN_0.25_0.3_229	0.307653319817537
GSE222315_GGGAAGTAGATGAACT-1_1_1_1_1	GSE222315_p4_NAT	GSE222315	DF.classifications_0.25_0.3_229	Singlet	pANN_0.25_0.3_229	0.235174860618348
GSE222315_GGGAAGTCACTAGGTT-1_1_1_1_1	GSE222315_p4_NAT	GSE222315	DF.classifications_0.25_0.3_229	Singlet	pANN_0.25_0.3_229	0.182463253928028
GSE222315_GGGAAGTGTCAAGCGA-1_1_1_1_1	GSE222315_p4_NAT	GSE222315	DF.classifications_0.25_0.3_229	Singlet	pANN_0.25_0.3_229	0.366447034972124
GSE222315_GGGAAGTGTTACAGCT-1_1_1_1_1	GSE222315_p4_NAT	GSE222315	DF.classifications_0.25_0.3_229	Singlet	pANN_0.25_0.3_229	0.358337557019767
GSE222315_GGGAAGTTCACCTCTG-1_1_1_1_1	GSE222315_p4_NAT	GSE222315	DF.classifications_0.25_0.3_229	Singlet	pANN_0.25_0.3_229	0.226558540293969
GSE222315_GGGAAGTTCCAAATGC-1_1_1_1_1	GSE222315_p4_NAT	GSE222315	DF.classifications_0.25_0.3_229	Singlet	pANN_0.25_0.3_229	0.36340598073999
GSE222315_GGGAAGTTCGGACCAC-1_1_1_1_1	GSE222315_p4_NAT	GSE222315	DF.classifications_0.25_0.3_229	Singlet	pANN_0.25_0.3_229	0.366447034972124
GSE222315_GGGACAAAGACCCTTA-1_1_1_1_1	GSE222315_p4_NAT	GSE222315	DF.classifications_0.25_0.3_229	Singlet	pANN_0.25_0.3_229	0.176381145463761
GSE222315_GGGACAAAGGGTGAAA-1_1_1_1_1	GSE222315_p4_NAT	GSE222315	DF.classifications_0.25_0.3_229	Doublet	pANN_0.25_0.3_229	0.390268626457172
GSE222315_GGGACAACAAGCTACT-1_1_1_1_1	GSE222315_p4_NAT	GSE222315	DF.classifications_0.25_0.3_229	Singlet	pANN_0.25_0.3_229	0.172326406487582
GSE222315_GGGACAACATACAGGG-1_1_1_1_1	GSE222315_p4_NAT	GSE222315	DF.classifications_0.25_0.3_229	Singlet	pANN_0.25_0.3_229	0.322858590978206
GSE222315_GGGACAACATCATTTC-1_1_1_1_1	GSE222315_p4_NAT	GSE222315	DF.classifications_0.25_0.3_229	Singlet	pANN_0.25_0.3_229	0.175874303091738
GSE222315_GGGACAACATCCCGTT-1_1_1_1_1	GSE222315_p4_NAT	GSE222315	DF.classifications_0.25_0.3_229	Singlet	pANN_0.25_0.3_229	0.180942726811961
GSE222315_GGGACAACATCTCGTC-1_1_1_1_1	GSE222315_p4_NAT	GSE222315	DF.classifications_0.25_0.3_229	Singlet	pANN_0.25_0.3_229	0.246832235174861
GSE222315_GGGACAATCTTCTGGC-1_1_1_1_1	GSE222315_p4_NAT	GSE222315	DF.classifications_0.25_0.3_229	Singlet	pANN_0.25_0.3_229	0.358337557019767
GSE222315_GGGACCTAGTCCTGTA-1_1_1_1_1	GSE222315_p4_NAT	GSE222315	DF.classifications_0.25_0.3_229	Singlet	pANN_0.25_0.3_229	0.210339584389255
GSE222315_GGGACCTCAATCAAGA-1_1_1_1_1	GSE222315_p4_NAT	GSE222315	DF.classifications_0.25_0.3_229	Singlet	pANN_0.25_0.3_229	0.206284845413077
GSE222315_GGGACCTCACCAGCCA-1_1_1_1_1	GSE222315_p4_NAT	GSE222315	DF.classifications_0.25_0.3_229	Doublet	pANN_0.25_0.3_229	0.390268626457172
GSE222315_GGGACCTCAGAAATCA-1_1_1_1_1	GSE222315_p4_NAT	GSE222315	DF.classifications_0.25_0.3_229	Singlet	pANN_0.25_0.3_229	0.243284338570705
GSE222315_GGGACCTGTCAGACTT-1_1_1_1_1	GSE222315_p4_NAT	GSE222315	DF.classifications_0.25_0.3_229	Singlet	pANN_0.25_0.3_229	0.367460719716168
GSE222315_GGGACCTGTGCTGCAC-1_1_1_1_1	GSE222315_p4_NAT	GSE222315	DF.classifications_0.25_0.3_229	Singlet	pANN_0.25_0.3_229	0.201216421692854
GSE222315_GGGACCTTCTGGTCAA-1_1_1_1_1	GSE222315_p4_NAT	GSE222315	DF.classifications_0.25_0.3_229	Singlet	pANN_0.25_0.3_229	0.212366953877344
GSE222315_GGGACTCAGTGCAGCA-1_1_1_1_1	GSE222315_p4_NAT	GSE222315	DF.classifications_0.25_0.3_229	Singlet	pANN_0.25_0.3_229	0.239736441966548
GSE222315_GGGAGATAGGCTCTCG-1_1_1_1_1	GSE222315_p4_NAT	GSE222315	DF.classifications_0.25_0.3_229	Singlet	pANN_0.25_0.3_229	0.15205271160669
GSE222315_GGGAGATTCCACATAG-1_1_1_1_1	GSE222315_p4_NAT	GSE222315	DF.classifications_0.25_0.3_229	Singlet	pANN_0.25_0.3_229	0.216928535225545
GSE222315_GGGAGATTCGACCACG-1_1_1_1_1	GSE222315_p4_NAT	GSE222315	DF.classifications_0.25_0.3_229	Singlet	pANN_0.25_0.3_229	0.339077546882919
GSE222315_GGGAGATTCGCATTAG-1_1_1_1_1	GSE222315_p4_NAT	GSE222315	DF.classifications_0.25_0.3_229	Singlet	pANN_0.25_0.3_229	0.131272174353776
GSE222315_GGGAGATTCGGTCTGG-1_1_1_1_1	GSE222315_p4_NAT	GSE222315	DF.classifications_0.25_0.3_229	Singlet	pANN_0.25_0.3_229	0.189052204764318
GSE222315_GGGAGTACACATACTG-1_1_1_1_1	GSE222315_p4_NAT	GSE222315	DF.classifications_0.25_0.3_229	Singlet	pANN_0.25_0.3_229	0.272174353775976
GSE222315_GGGAGTATCATTGCCC-1_1_1_1_1	GSE222315_p4_NAT	GSE222315	DF.classifications_0.25_0.3_229	Singlet	pANN_0.25_0.3_229	0.176381145463761
GSE222315_GGGATCCAGGGCAATC-1_1_1_1_1	GSE222315_p4_NAT	GSE222315	DF.classifications_0.25_0.3_229	Singlet	pANN_0.25_0.3_229	0.15864166244298
GSE222315_GGGATCCCACCAAAGG-1_1_1_1_1	GSE222315_p4_NAT	GSE222315	DF.classifications_0.25_0.3_229	Singlet	pANN_0.25_0.3_229	0.355296502787633
GSE222315_GGGATCCGTGTCCATA-1_1_1_1_1	GSE222315_p4_NAT	GSE222315	DF.classifications_0.25_0.3_229	Singlet	pANN_0.25_0.3_229	0.134820070957932
GSE222315_GGGATCCGTTCTCCTG-1_1_1_1_1	GSE222315_p4_NAT	GSE222315	DF.classifications_0.25_0.3_229	Singlet	pANN_0.25_0.3_229	0.218449062341612
GSE222315_GGGATCCTCTCACCCA-1_1_1_1_1	GSE222315_p4_NAT	GSE222315	DF.classifications_0.25_0.3_229	Singlet	pANN_0.25_0.3_229	0.183476938672073
GSE222315_GGGATGAAGCCGTAAG-1_1_1_1_1	GSE222315_p4_NAT	GSE222315	DF.classifications_0.25_0.3_229	Singlet	pANN_0.25_0.3_229	0.227065382665991
GSE222315_GGGATGAGTCTACTGA-1_1_1_1_1	GSE222315_p4_NAT	GSE222315	DF.classifications_0.25_0.3_229	Singlet	pANN_0.25_0.3_229	0.174860618347694
GSE222315_GGGATGAGTGTCCTAA-1_1_1_1_1	GSE222315_p4_NAT	GSE222315	DF.classifications_0.25_0.3_229	Singlet	pANN_0.25_0.3_229	0.353269133299544
GSE222315_GGGATGATCTATTTCG-1_1_1_1_1	GSE222315_p4_NAT	GSE222315	DF.classifications_0.25_0.3_229	Singlet	pANN_0.25_0.3_229	0.234161175874303
GSE222315_GGGCCATCAATCGTCA-1_1_1_1_1	GSE222315_p4_NAT	GSE222315	DF.classifications_0.25_0.3_229	Singlet	pANN_0.25_0.3_229	0.149011657374557
GSE222315_GGGCCATTCCTCTGCA-1_1_1_1_1	GSE222315_p4_NAT	GSE222315	DF.classifications_0.25_0.3_229	Singlet	pANN_0.25_0.3_229	0.189559047136341
GSE222315_GGGCGTTCACATGGTT-1_1_1_1_1	GSE222315_p4_NAT	GSE222315	DF.classifications_0.25_0.3_229	Singlet	pANN_0.25_0.3_229	0.361378611251901
GSE222315_GGGCGTTGTGAGCCAA-1_1_1_1_1	GSE222315_p4_NAT	GSE222315	DF.classifications_0.25_0.3_229	Singlet	pANN_0.25_0.3_229	0.153066396350735
GSE222315_GGGCGTTTCACTCTTA-1_1_1_1_1	GSE222315_p4_NAT	GSE222315	DF.classifications_0.25_0.3_229	Singlet	pANN_0.25_0.3_229	0.150025342118601
GSE222315_GGGCGTTTCGACGATT-1_1_1_1_1	GSE222315_p4_NAT	GSE222315	DF.classifications_0.25_0.3_229	Singlet	pANN_0.25_0.3_229	0.130765331981754
GSE222315_GGGCTACAGCCAAGCA-1_1_1_1_1	GSE222315_p4_NAT	GSE222315	DF.classifications_0.25_0.3_229	Singlet	pANN_0.25_0.3_229	0.283324885960466
GSE222315_GGGCTACAGGGATCAC-1_1_1_1_1	GSE222315_p4_NAT	GSE222315	DF.classifications_0.25_0.3_229	Singlet	pANN_0.25_0.3_229	0.335529650278763
GSE222315_GGGCTACAGTCGGCCT-1_1_1_1_1	GSE222315_p4_NAT	GSE222315	DF.classifications_0.25_0.3_229	Singlet	pANN_0.25_0.3_229	0.237202230106437
GSE222315_GGGCTACGTATCACGT-1_1_1_1_1	GSE222315_p4_NAT	GSE222315	DF.classifications_0.25_0.3_229	Doublet	pANN_0.25_0.3_229	0.393309680689306
GSE222315_GGGCTACTCCAGCTCT-1_1_1_1_1	GSE222315_p4_NAT	GSE222315	DF.classifications_0.25_0.3_229	Singlet	pANN_0.25_0.3_229	0.176381145463761
GSE222315_GGGCTCACAGGGAATC-1_1_1_1_1	GSE222315_p4_NAT	GSE222315	DF.classifications_0.25_0.3_229	Singlet	pANN_0.25_0.3_229	0.191079574252408
GSE222315_GGGCTCATCAACCGAT-1_1_1_1_1	GSE222315_p4_NAT	GSE222315	DF.classifications_0.25_0.3_229	Singlet	pANN_0.25_0.3_229	0.284845413076533
GSE222315_GGGCTCATCCTATTTG-1_1_1_1_1	GSE222315_p4_NAT	GSE222315	DF.classifications_0.25_0.3_229	Singlet	pANN_0.25_0.3_229	0.206791687785099
GSE222315_GGGCTCATCGACGTCG-1_1_1_1_1	GSE222315_p4_NAT	GSE222315	DF.classifications_0.25_0.3_229	Singlet	pANN_0.25_0.3_229	0.190065889508363
GSE222315_GGGCTCATCTGCGGGT-1_1_1_1_1	GSE222315_p4_NAT	GSE222315	DF.classifications_0.25_0.3_229	Singlet	pANN_0.25_0.3_229	0.125696908261531
GSE222315_GGGTAGACAAGTCATC-1_1_1_1_1	GSE222315_p4_NAT	GSE222315	DF.classifications_0.25_0.3_229	Singlet	pANN_0.25_0.3_229	0.136340598073999
GSE222315_GGGTAGACACATGACT-1_1_1_1_1	GSE222315_p4_NAT	GSE222315	DF.classifications_0.25_0.3_229	Singlet	pANN_0.25_0.3_229	0.206791687785099
GSE222315_GGGTAGATCCACGTCT-1_1_1_1_1	GSE222315_p4_NAT	GSE222315	DF.classifications_0.25_0.3_229	Singlet	pANN_0.25_0.3_229	0.133299543841865
GSE222315_GGGTATTAGAACAGGA-1_1_1_1_1	GSE222315_p4_NAT	GSE222315	DF.classifications_0.25_0.3_229	Singlet	pANN_0.25_0.3_229	0.252914343639128
GSE222315_GGGTATTAGCTGTCCG-1_1_1_1_1	GSE222315_p4_NAT	GSE222315	DF.classifications_0.25_0.3_229	Singlet	pANN_0.25_0.3_229	0.37658388241257
GSE222315_GGGTATTAGGCCTGAA-1_1_1_1_1	GSE222315_p4_NAT	GSE222315	DF.classifications_0.25_0.3_229	Singlet	pANN_0.25_0.3_229	0.149518499746579
GSE222315_GGGTATTAGTTCTACG-1_1_1_1_1	GSE222315_p4_NAT	GSE222315	DF.classifications_0.25_0.3_229	Singlet	pANN_0.25_0.3_229	0.129751647237709
GSE222315_GGGTATTGTTAGGACG-1_1_1_1_1	GSE222315_p4_NAT	GSE222315	DF.classifications_0.25_0.3_229	Singlet	pANN_0.25_0.3_229	0.247845919918905
GSE222315_GGGTATTTCCTTCAGC-1_1_1_1_1	GSE222315_p4_NAT	GSE222315	DF.classifications_0.25_0.3_229	Doublet	pANN_0.25_0.3_229	0.398884946781551
GSE222315_GGGTATTTCTGGTGCG-1_1_1_1_1	GSE222315_p4_NAT	GSE222315	DF.classifications_0.25_0.3_229	Singlet	pANN_0.25_0.3_229	0.200709579320831
GSE222315_GGGTCACAGGAAGAAC-1_1_1_1_1	GSE222315_p4_NAT	GSE222315	DF.classifications_0.25_0.3_229	Doublet	pANN_0.25_0.3_229	0.396350734921439
GSE222315_GGGTCACAGTCTCCTC-1_1_1_1_1	GSE222315_p4_NAT	GSE222315	DF.classifications_0.25_0.3_229	Singlet	pANN_0.25_0.3_229	0.254434870755195
GSE222315_GGGTCACCAAGTGGCA-1_1_1_1_1	GSE222315_p4_NAT	GSE222315	DF.classifications_0.25_0.3_229	Singlet	pANN_0.25_0.3_229	0.34363912823112
GSE222315_GGGTCACGTTGCCGCA-1_1_1_1_1	GSE222315_p4_NAT	GSE222315	DF.classifications_0.25_0.3_229	Singlet	pANN_0.25_0.3_229	0.294475418144957
GSE222315_GGGTCACGTTTACGAC-1_1_1_1_1	GSE222315_p4_NAT	GSE222315	DF.classifications_0.25_0.3_229	Singlet	pANN_0.25_0.3_229	0.170299036999493
GSE222315_GGGTCACTCTCTAAGG-1_1_1_1_1	GSE222315_p4_NAT	GSE222315	DF.classifications_0.25_0.3_229	Singlet	pANN_0.25_0.3_229	0.223517486061835
GSE222315_GGGTCTGAGGTCTTTG-1_1_1_1_1	GSE222315_p4_NAT	GSE222315	DF.classifications_0.25_0.3_229	Singlet	pANN_0.25_0.3_229	0.363912823112012
GSE222315_GGGTCTGCAAAGGCAC-1_1_1_1_1	GSE222315_p4_NAT	GSE222315	DF.classifications_0.25_0.3_229	Singlet	pANN_0.25_0.3_229	0.210339584389255
GSE222315_GGGTCTGCAACTCCCT-1_1_1_1_1	GSE222315_p4_NAT	GSE222315	DF.classifications_0.25_0.3_229	Singlet	pANN_0.25_0.3_229	0.380638621388748
GSE222315_GGGTCTGCAGCGTGAA-1_1_1_1_1	GSE222315_p4_NAT	GSE222315	DF.classifications_0.25_0.3_229	Singlet	pANN_0.25_0.3_229	0.356310187531678
GSE222315_GGGTCTGGTTGTGTTG-1_1_1_1_1	GSE222315_p4_NAT	GSE222315	DF.classifications_0.25_0.3_229	Singlet	pANN_0.25_0.3_229	0.377090724784592
GSE222315_GGGTCTGTCACCTCTG-1_1_1_1_1	GSE222315_p4_NAT	GSE222315	DF.classifications_0.25_0.3_229	Singlet	pANN_0.25_0.3_229	0.128231120121642
GSE222315_GGGTGAAAGACCGTTT-1_1_1_1_1	GSE222315_p4_NAT	GSE222315	DF.classifications_0.25_0.3_229	Singlet	pANN_0.25_0.3_229	0.17181956411556
GSE222315_GGGTGAACATTGGCAT-1_1_1_1_1	GSE222315_p4_NAT	GSE222315	DF.classifications_0.25_0.3_229	Singlet	pANN_0.25_0.3_229	0.174353775975672
GSE222315_GGGTGTCAGACCAGAC-1_1_1_1_1	GSE222315_p4_NAT	GSE222315	DF.classifications_0.25_0.3_229	Singlet	pANN_0.25_0.3_229	0.227572225038013
GSE222315_GGGTGTCAGGACTTCT-1_1_1_1_1	GSE222315_p4_NAT	GSE222315	DF.classifications_0.25_0.3_229	Singlet	pANN_0.25_0.3_229	0.170299036999493
GSE222315_GGGTGTCCAAGAGATT-1_1_1_1_1	GSE222315_p4_NAT	GSE222315	DF.classifications_0.25_0.3_229	Singlet	pANN_0.25_0.3_229	0.176887987835783
GSE222315_GGGTGTCCAATTTCGG-1_1_1_1_1	GSE222315_p4_NAT	GSE222315	DF.classifications_0.25_0.3_229	Singlet	pANN_0.25_0.3_229	0.212366953877344
GSE222315_GGGTGTCGTTGTGTAC-1_1_1_1_1	GSE222315_p4_NAT	GSE222315	DF.classifications_0.25_0.3_229	Singlet	pANN_0.25_0.3_229	0.160669031931069
GSE222315_GGGTGTCTCCGCACTT-1_1_1_1_1	GSE222315_p4_NAT	GSE222315	DF.classifications_0.25_0.3_229	Singlet	pANN_0.25_0.3_229	0.239736441966548
GSE222315_GGGTGTCTCCGGTAGC-1_1_1_1_1	GSE222315_p4_NAT	GSE222315	DF.classifications_0.25_0.3_229	Doublet	pANN_0.25_0.3_229	0.396350734921439
GSE222315_GGGTTATAGCGTCAGA-1_1_1_1_1	GSE222315_p4_NAT	GSE222315	DF.classifications_0.25_0.3_229	Singlet	pANN_0.25_0.3_229	0.13887480993411
GSE222315_GGGTTATCAGGGAATC-1_1_1_1_1	GSE222315_p4_NAT	GSE222315	DF.classifications_0.25_0.3_229	Singlet	pANN_0.25_0.3_229	0.244298023314749
GSE222315_GGGTTATGTCGGTGAA-1_1_1_1_1	GSE222315_p4_NAT	GSE222315	DF.classifications_0.25_0.3_229	Singlet	pANN_0.25_0.3_229	0.244804865686771
GSE222315_GGGTTTACAGCTTCCT-1_1_1_1_1	GSE222315_p4_NAT	GSE222315	DF.classifications_0.25_0.3_229	Singlet	pANN_0.25_0.3_229	0.162189559047136
GSE222315_GGGTTTAGTACGAAAT-1_1_1_1_1	GSE222315_p4_NAT	GSE222315	DF.classifications_0.25_0.3_229	Singlet	pANN_0.25_0.3_229	0.160162189559047
GSE222315_GGGTTTAGTCCTGTTC-1_1_1_1_1	GSE222315_p4_NAT	GSE222315	DF.classifications_0.25_0.3_229	Singlet	pANN_0.25_0.3_229	0.195134313228586
GSE222315_GGGTTTATCCTGTAGA-1_1_1_1_1	GSE222315_p4_NAT	GSE222315	DF.classifications_0.25_0.3_229	Singlet	pANN_0.25_0.3_229	0.142422706538267
GSE222315_GGTAACTCAGCGTTTA-1_1_1_1_1	GSE222315_p4_NAT	GSE222315	DF.classifications_0.25_0.3_229	Singlet	pANN_0.25_0.3_229	0.180942726811961
GSE222315_GGTAACTGTCCGGATC-1_1_1_1_1	GSE222315_p4_NAT	GSE222315	DF.classifications_0.25_0.3_229	Singlet	pANN_0.25_0.3_229	0.131272174353776
GSE222315_GGTAACTTCATAGGCT-1_1_1_1_1	GSE222315_p4_NAT	GSE222315	DF.classifications_0.25_0.3_229	Singlet	pANN_0.25_0.3_229	0.238722757222504
GSE222315_GGTAACTTCCCATAGA-1_1_1_1_1	GSE222315_p4_NAT	GSE222315	DF.classifications_0.25_0.3_229	Singlet	pANN_0.25_0.3_229	0.243791180942727
GSE222315_GGTAACTTCCCATTTA-1_1_1_1_1	GSE222315_p4_NAT	GSE222315	DF.classifications_0.25_0.3_229	Singlet	pANN_0.25_0.3_229	0.217942219969589
GSE222315_GGTAACTTCGATGCTA-1_1_1_1_1	GSE222315_p4_NAT	GSE222315	DF.classifications_0.25_0.3_229	Singlet	pANN_0.25_0.3_229	0.251900658895084
GSE222315_GGTAATCAGCATTGTC-1_1_1_1_1	GSE222315_p4_NAT	GSE222315	DF.classifications_0.25_0.3_229	Singlet	pANN_0.25_0.3_229	0.20273694880892
GSE222315_GGTAATCCAACACACT-1_1_1_1_1	GSE222315_p4_NAT	GSE222315	DF.classifications_0.25_0.3_229	Singlet	pANN_0.25_0.3_229	0.225544855549924
GSE222315_GGTAATCCAACAGCCC-1_1_1_1_1	GSE222315_p4_NAT	GSE222315	DF.classifications_0.25_0.3_229	Singlet	pANN_0.25_0.3_229	0.231120121642169
GSE222315_GGTAATCCAAGTGGTG-1_1_1_1_1	GSE222315_p4_NAT	GSE222315	DF.classifications_0.25_0.3_229	Singlet	pANN_0.25_0.3_229	0.278256462240243
GSE222315_GGTAATCGTAGCTGTT-1_1_1_1_1	GSE222315_p4_NAT	GSE222315	DF.classifications_0.25_0.3_229	Singlet	pANN_0.25_0.3_229	0.210339584389255
GSE222315_GGTAATCTCGCCTCTA-1_1_1_1_1	GSE222315_p4_NAT	GSE222315	DF.classifications_0.25_0.3_229	Singlet	pANN_0.25_0.3_229	0.220476431829701
GSE222315_GGTAATCTCGGATTAC-1_1_1_1_1	GSE222315_p4_NAT	GSE222315	DF.classifications_0.25_0.3_229	Singlet	pANN_0.25_0.3_229	0.380131779016726
GSE222315_GGTAGAGAGAAACTAC-1_1_1_1_1	GSE222315_p4_NAT	GSE222315	DF.classifications_0.25_0.3_229	Singlet	pANN_0.25_0.3_229	0.254434870755195
GSE222315_GGTAGAGCACCTGATA-1_1_1_1_1	GSE222315_p4_NAT	GSE222315	DF.classifications_0.25_0.3_229	Singlet	pANN_0.25_0.3_229	0.132792701469843
GSE222315_GGTAGAGGTATTAAGG-1_1_1_1_1	GSE222315_p4_NAT	GSE222315	DF.classifications_0.25_0.3_229	Singlet	pANN_0.25_0.3_229	0.358337557019767
GSE222315_GGTAGAGGTTACCTTT-1_1_1_1_1	GSE222315_p4_NAT	GSE222315	DF.classifications_0.25_0.3_229	Singlet	pANN_0.25_0.3_229	0.220983274201723
GSE222315_GGTAGAGGTTTCCAAG-1_1_1_1_1	GSE222315_p4_NAT	GSE222315	DF.classifications_0.25_0.3_229	Singlet	pANN_0.25_0.3_229	0.234161175874303
GSE222315_GGTAGAGTCCATCTGC-1_1_1_1_1	GSE222315_p4_NAT	GSE222315	DF.classifications_0.25_0.3_229	Singlet	pANN_0.25_0.3_229	0.178915357323872
GSE222315_GGTAGAGTCCTTGAAG-1_1_1_1_1	GSE222315_p4_NAT	GSE222315	DF.classifications_0.25_0.3_229	Singlet	pANN_0.25_0.3_229	0.167257982767359
GSE222315_GGTAGAGTCGGTAGAG-1_1_1_1_1	GSE222315_p4_NAT	GSE222315	DF.classifications_0.25_0.3_229	Singlet	pANN_0.25_0.3_229	0.135326913329954
GSE222315_GGTAGAGTCGTAGAGG-1_1_1_1_1	GSE222315_p4_NAT	GSE222315	DF.classifications_0.25_0.3_229	Singlet	pANN_0.25_0.3_229	0.17181956411556
GSE222315_GGTAGAGTCTTCTGGC-1_1_1_1_1	GSE222315_p4_NAT	GSE222315	DF.classifications_0.25_0.3_229	Singlet	pANN_0.25_0.3_229	0.203750633552965
GSE222315_GGTCACGAGCCATATC-1_1_1_1_1	GSE222315_p4_NAT	GSE222315	DF.classifications_0.25_0.3_229	Singlet	pANN_0.25_0.3_229	0.174860618347694
GSE222315_GGTCACGCAACGCATT-1_1_1_1_1	GSE222315_p4_NAT	GSE222315	DF.classifications_0.25_0.3_229	Singlet	pANN_0.25_0.3_229	0.318297009630005
GSE222315_GGTCACGGTATGGTAA-1_1_1_1_1	GSE222315_p4_NAT	GSE222315	DF.classifications_0.25_0.3_229	Singlet	pANN_0.25_0.3_229	0.180942726811961
GSE222315_GGTCACGGTCCTTAAG-1_1_1_1_1	GSE222315_p4_NAT	GSE222315	DF.classifications_0.25_0.3_229	Singlet	pANN_0.25_0.3_229	0.247845919918905
GSE222315_GGTCACGGTGTCTTCC-1_1_1_1_1	GSE222315_p4_NAT	GSE222315	DF.classifications_0.25_0.3_229	Singlet	pANN_0.25_0.3_229	0.33046122655854
GSE222315_GGTCACGGTTATGACC-1_1_1_1_1	GSE222315_p4_NAT	GSE222315	DF.classifications_0.25_0.3_229	Singlet	pANN_0.25_0.3_229	0.154586923466802
GSE222315_GGTCTGGAGGACTATA-1_1_1_1_1	GSE222315_p4_NAT	GSE222315	DF.classifications_0.25_0.3_229	Singlet	pANN_0.25_0.3_229	0.165737455651292
GSE222315_GGTCTGGAGGCATTTC-1_1_1_1_1	GSE222315_p4_NAT	GSE222315	DF.classifications_0.25_0.3_229	Singlet	pANN_0.25_0.3_229	0.244298023314749
GSE222315_GGTCTGGTCGCTATTT-1_1_1_1_1	GSE222315_p4_NAT	GSE222315	DF.classifications_0.25_0.3_229	Singlet	pANN_0.25_0.3_229	0.142929548910289
GSE222315_GGTCTGGTCTACACTT-1_1_1_1_1	GSE222315_p4_NAT	GSE222315	DF.classifications_0.25_0.3_229	Doublet	pANN_0.25_0.3_229	0.388748099341105
GSE222315_GGTGAAGAGGCGTCCT-1_1_1_1_1	GSE222315_p4_NAT	GSE222315	DF.classifications_0.25_0.3_229	Singlet	pANN_0.25_0.3_229	0.195641155600608
GSE222315_GGTGAAGAGGTTGGAC-1_1_1_1_1	GSE222315_p4_NAT	GSE222315	DF.classifications_0.25_0.3_229	Singlet	pANN_0.25_0.3_229	0.174353775975672
GSE222315_GGTGAAGCACCGTGGT-1_1_1_1_1	GSE222315_p4_NAT	GSE222315	DF.classifications_0.25_0.3_229	Singlet	pANN_0.25_0.3_229	0.186517992904207
GSE222315_GGTGAAGTCGGCTTCT-1_1_1_1_1	GSE222315_p4_NAT	GSE222315	DF.classifications_0.25_0.3_229	Singlet	pANN_0.25_0.3_229	0.208819057273188
GSE222315_GGTGATTGTGTCCAAT-1_1_1_1_1	GSE222315_p4_NAT	GSE222315	DF.classifications_0.25_0.3_229	Singlet	pANN_0.25_0.3_229	0.317790167257983
GSE222315_GGTGATTTCACTACTT-1_1_1_1_1	GSE222315_p4_NAT	GSE222315	DF.classifications_0.25_0.3_229	Singlet	pANN_0.25_0.3_229	0.370501773948302
GSE222315_GGTGGCTCAGGTCAAG-1_1_1_1_1	GSE222315_p4_NAT	GSE222315	DF.classifications_0.25_0.3_229	Doublet	pANN_0.25_0.3_229	0.386720729853016
GSE222315_GGTGGCTCAGGTTACT-1_1_1_1_1	GSE222315_p4_NAT	GSE222315	DF.classifications_0.25_0.3_229	Singlet	pANN_0.25_0.3_229	0.258996452103396
GSE222315_GGTGGCTGTTTAGACC-1_1_1_1_1	GSE222315_p4_NAT	GSE222315	DF.classifications_0.25_0.3_229	Singlet	pANN_0.25_0.3_229	0.161682716675114
GSE222315_GGTGGCTTCCGATGTA-1_1_1_1_1	GSE222315_p4_NAT	GSE222315	DF.classifications_0.25_0.3_229	Singlet	pANN_0.25_0.3_229	0.220476431829701
GSE222315_GGTGTCGAGAATAACC-1_1_1_1_1	GSE222315_p4_NAT	GSE222315	DF.classifications_0.25_0.3_229	Singlet	pANN_0.25_0.3_229	0.183983781044095
GSE222315_GGTGTCGAGGCCGCTT-1_1_1_1_1	GSE222315_p4_NAT	GSE222315	DF.classifications_0.25_0.3_229	Singlet	pANN_0.25_0.3_229	0.310694374049671
GSE222315_GGTGTCGCATGTTCAG-1_1_1_1_1	GSE222315_p4_NAT	GSE222315	DF.classifications_0.25_0.3_229	Doublet	pANN_0.25_0.3_229	0.387227572225038
GSE222315_GGTGTCGGTTGCTGAT-1_1_1_1_1	GSE222315_p4_NAT	GSE222315	DF.classifications_0.25_0.3_229	Doublet	pANN_0.25_0.3_229	0.409021794221997
GSE222315_GGTGTCGTCCTTATCA-1_1_1_1_1	GSE222315_p4_NAT	GSE222315	DF.classifications_0.25_0.3_229	Singlet	pANN_0.25_0.3_229	0.126710593005575
GSE222315_GGTGTTAGTATGTGTC-1_1_1_1_1	GSE222315_p4_NAT	GSE222315	DF.classifications_0.25_0.3_229	Singlet	pANN_0.25_0.3_229	0.187531677648251
GSE222315_GGTGTTATCGGTATGT-1_1_1_1_1	GSE222315_p4_NAT	GSE222315	DF.classifications_0.25_0.3_229	Singlet	pANN_0.25_0.3_229	0.359858084135834
GSE222315_GGTGTTATCGGTGTAT-1_1_1_1_1	GSE222315_p4_NAT	GSE222315	DF.classifications_0.25_0.3_229	Singlet	pANN_0.25_0.3_229	0.150532184490623
GSE222315_GGTTAACAGAGTGTGC-1_1_1_1_1	GSE222315_p4_NAT	GSE222315	DF.classifications_0.25_0.3_229	Singlet	pANN_0.25_0.3_229	0.345666497719209
GSE222315_GGTTAACGTCATAACC-1_1_1_1_1	GSE222315_p4_NAT	GSE222315	DF.classifications_0.25_0.3_229	Singlet	pANN_0.25_0.3_229	0.193106943740497
GSE222315_GGTTAACGTGGTCCGT-1_1_1_1_1	GSE222315_p4_NAT	GSE222315	DF.classifications_0.25_0.3_229	Singlet	pANN_0.25_0.3_229	0.284845413076533
GSE222315_GGTTAACGTTCAACGT-1_1_1_1_1	GSE222315_p4_NAT	GSE222315	DF.classifications_0.25_0.3_229	Singlet	pANN_0.25_0.3_229	0.137354282818044
GSE222315_GGTTAACTCACTGTCC-1_1_1_1_1	GSE222315_p4_NAT	GSE222315	DF.classifications_0.25_0.3_229	Singlet	pANN_0.25_0.3_229	0.205778003041054
GSE222315_GGTTAACTCCGATTAG-1_1_1_1_1	GSE222315_p4_NAT	GSE222315	DF.classifications_0.25_0.3_229	Singlet	pANN_0.25_0.3_229	0.29295489102889
GSE222315_GGTTAACTCCTCACGT-1_1_1_1_1	GSE222315_p4_NAT	GSE222315	DF.classifications_0.25_0.3_229	Singlet	pANN_0.25_0.3_229	0.232640648758236
GSE222315_GGTTCTCGTGTATTGC-1_1_1_1_1	GSE222315_p4_NAT	GSE222315	DF.classifications_0.25_0.3_229	Singlet	pANN_0.25_0.3_229	0.352255448555499
GSE222315_GGTTCTCGTTTCGATG-1_1_1_1_1	GSE222315_p4_NAT	GSE222315	DF.classifications_0.25_0.3_229	Singlet	pANN_0.25_0.3_229	0.217942219969589
GSE222315_GGTTGTAAGTTCGCAT-1_1_1_1_1	GSE222315_p4_NAT	GSE222315	DF.classifications_0.25_0.3_229	Singlet	pANN_0.25_0.3_229	0.344145970603142
GSE222315_GGTTGTAGTCTTGAAC-1_1_1_1_1	GSE222315_p4_NAT	GSE222315	DF.classifications_0.25_0.3_229	Singlet	pANN_0.25_0.3_229	0.178915357323872
GSE222315_GGTTGTAGTGAATGAT-1_1_1_1_1	GSE222315_p4_NAT	GSE222315	DF.classifications_0.25_0.3_229	Singlet	pANN_0.25_0.3_229	0.195641155600608
GSE222315_GGTTGTATCGGCACTG-1_1_1_1_1	GSE222315_p4_NAT	GSE222315	DF.classifications_0.25_0.3_229	Singlet	pANN_0.25_0.3_229	0.381652306132793
GSE222315_GTAACACGTAAGAACT-1_1_1_1_1	GSE222315_p4_NAT	GSE222315	DF.classifications_0.25_0.3_229	Singlet	pANN_0.25_0.3_229	0.244298023314749
GSE222315_GTAACACGTGAGTTTC-1_1_1_1_1	GSE222315_p4_NAT	GSE222315	DF.classifications_0.25_0.3_229	Singlet	pANN_0.25_0.3_229	0.119107957425241
GSE222315_GTAACACTCGTCGATA-1_1_1_1_1	GSE222315_p4_NAT	GSE222315	DF.classifications_0.25_0.3_229	Singlet	pANN_0.25_0.3_229	0.22250380131779
GSE222315_GTAACCAAGTGCCAGA-1_1_1_1_1	GSE222315_p4_NAT	GSE222315	DF.classifications_0.25_0.3_229	Singlet	pANN_0.25_0.3_229	0.144450076026356
GSE222315_GTAACCACACCTCTGT-1_1_1_1_1	GSE222315_p4_NAT	GSE222315	DF.classifications_0.25_0.3_229	Singlet	pANN_0.25_0.3_229	0.1454637607704
GSE222315_GTAACCAGTCCCGCAA-1_1_1_1_1	GSE222315_p4_NAT	GSE222315	DF.classifications_0.25_0.3_229	Singlet	pANN_0.25_0.3_229	0.19817536746072
GSE222315_GTAACCATCCTAAGTG-1_1_1_1_1	GSE222315_p4_NAT	GSE222315	DF.classifications_0.25_0.3_229	Singlet	pANN_0.25_0.3_229	0.260516979219463
GSE222315_GTAAGTCCATCGTGCG-1_1_1_1_1	GSE222315_p4_NAT	GSE222315	DF.classifications_0.25_0.3_229	Singlet	pANN_0.25_0.3_229	0.208819057273188
GSE222315_GTAAGTCGTTCAAAGA-1_1_1_1_1	GSE222315_p4_NAT	GSE222315	DF.classifications_0.25_0.3_229	Singlet	pANN_0.25_0.3_229	0.33046122655854
GSE222315_GTAAGTCTCACTGGTA-1_1_1_1_1	GSE222315_p4_NAT	GSE222315	DF.classifications_0.25_0.3_229	Singlet	pANN_0.25_0.3_229	0.110491637100862
GSE222315_GTAAGTCTCTATACTC-1_1_1_1_1	GSE222315_p4_NAT	GSE222315	DF.classifications_0.25_0.3_229	Singlet	pANN_0.25_0.3_229	0.275215408008109
GSE222315_GTAAGTCTCTCGACCT-1_1_1_1_1	GSE222315_p4_NAT	GSE222315	DF.classifications_0.25_0.3_229	Singlet	pANN_0.25_0.3_229	0.146477445514445
GSE222315_GTAATCGAGATACATG-1_1_1_1_1	GSE222315_p4_NAT	GSE222315	DF.classifications_0.25_0.3_229	Singlet	pANN_0.25_0.3_229	0.12772427774962
GSE222315_GTAATCGCAATACGAA-1_1_1_1_1	GSE222315_p4_NAT	GSE222315	DF.classifications_0.25_0.3_229	Singlet	pANN_0.25_0.3_229	0.163710086163203
GSE222315_GTAATCGCACCCAATA-1_1_1_1_1	GSE222315_p4_NAT	GSE222315	DF.classifications_0.25_0.3_229	Singlet	pANN_0.25_0.3_229	0.272681196147998
GSE222315_GTAATCGCATCGTCCT-1_1_1_1_1	GSE222315_p4_NAT	GSE222315	DF.classifications_0.25_0.3_229	Singlet	pANN_0.25_0.3_229	0.186517992904207
GSE222315_GTAATGCAGGTAGTAT-1_1_1_1_1	GSE222315_p4_NAT	GSE222315	DF.classifications_0.25_0.3_229	Singlet	pANN_0.25_0.3_229	0.372529143436391
GSE222315_GTACAACAGCGCTTCG-1_1_1_1_1	GSE222315_p4_NAT	GSE222315	DF.classifications_0.25_0.3_229	Singlet	pANN_0.25_0.3_229	0.13887480993411
GSE222315_GTACAACAGGCCTAAG-1_1_1_1_1	GSE222315_p4_NAT	GSE222315	DF.classifications_0.25_0.3_229	Singlet	pANN_0.25_0.3_229	0.170805879371515
GSE222315_GTACAACAGTAGACCG-1_1_1_1_1	GSE222315_p4_NAT	GSE222315	DF.classifications_0.25_0.3_229	Doublet	pANN_0.25_0.3_229	0.406487582361885
GSE222315_GTACAACAGTCCGCGT-1_1_1_1_1	GSE222315_p4_NAT	GSE222315	DF.classifications_0.25_0.3_229	Singlet	pANN_0.25_0.3_229	0.203243791180943
GSE222315_GTACAACCACCTGCTT-1_1_1_1_1	GSE222315_p4_NAT	GSE222315	DF.classifications_0.25_0.3_229	Singlet	pANN_0.25_0.3_229	0.205778003041054
GSE222315_GTACAGTAGATACGAT-1_1_1_1_1	GSE222315_p4_NAT	GSE222315	DF.classifications_0.25_0.3_229	Singlet	pANN_0.25_0.3_229	0.190065889508363
GSE222315_GTACAGTAGGGCAGTT-1_1_1_1_1	GSE222315_p4_NAT	GSE222315	DF.classifications_0.25_0.3_229	Singlet	pANN_0.25_0.3_229	0.289406994424734
GSE222315_GTACAGTCAAGCCCAC-1_1_1_1_1	GSE222315_p4_NAT	GSE222315	DF.classifications_0.25_0.3_229	Singlet	pANN_0.25_0.3_229	0.351748606183477
GSE222315_GTACAGTGTGTCATCA-1_1_1_1_1	GSE222315_p4_NAT	GSE222315	DF.classifications_0.25_0.3_229	Singlet	pANN_0.25_0.3_229	0.141915864166244
GSE222315_GTACAGTTCTCAACCC-1_1_1_1_1	GSE222315_p4_NAT	GSE222315	DF.classifications_0.25_0.3_229	Singlet	pANN_0.25_0.3_229	0.316269640141916
GSE222315_GTAGAAACACCGTCGA-1_1_1_1_1	GSE222315_p4_NAT	GSE222315	DF.classifications_0.25_0.3_229	Singlet	pANN_0.25_0.3_229	0.172326406487582
GSE222315_GTAGAAACAGGCGAAT-1_1_1_1_1	GSE222315_p4_NAT	GSE222315	DF.classifications_0.25_0.3_229	Singlet	pANN_0.25_0.3_229	0.171312721743538
GSE222315_GTAGAAATCCTTTAGT-1_1_1_1_1	GSE222315_p4_NAT	GSE222315	DF.classifications_0.25_0.3_229	Singlet	pANN_0.25_0.3_229	0.300557526609225
GSE222315_GTAGAAATCTGAGGTT-1_1_1_1_1	GSE222315_p4_NAT	GSE222315	DF.classifications_0.25_0.3_229	Singlet	pANN_0.25_0.3_229	0.280790674100355
GSE222315_GTAGAGGAGAACGCGT-1_1_1_1_1	GSE222315_p4_NAT	GSE222315	DF.classifications_0.25_0.3_229	Singlet	pANN_0.25_0.3_229	0.190065889508363
GSE222315_GTAGAGGCAGCTTCCT-1_1_1_1_1	GSE222315_p4_NAT	GSE222315	DF.classifications_0.25_0.3_229	Singlet	pANN_0.25_0.3_229	0.334515965534719
GSE222315_GTAGAGGCATCGTTCC-1_1_1_1_1	GSE222315_p4_NAT	GSE222315	DF.classifications_0.25_0.3_229	Singlet	pANN_0.25_0.3_229	0.192600101368474
GSE222315_GTAGAGGGTACGATGG-1_1_1_1_1	GSE222315_p4_NAT	GSE222315	DF.classifications_0.25_0.3_229	Singlet	pANN_0.25_0.3_229	0.162189559047136
GSE222315_GTAGAGGTCAACTGAC-1_1_1_1_1	GSE222315_p4_NAT	GSE222315	DF.classifications_0.25_0.3_229	Singlet	pANN_0.25_0.3_229	0.220983274201723
GSE222315_GTAGAGGTCACTTCTA-1_1_1_1_1	GSE222315_p4_NAT	GSE222315	DF.classifications_0.25_0.3_229	Singlet	pANN_0.25_0.3_229	0.186011150532184
GSE222315_GTAGATCCAGCTGCCA-1_1_1_1_1	GSE222315_p4_NAT	GSE222315	DF.classifications_0.25_0.3_229	Singlet	pANN_0.25_0.3_229	0.227065382665991
GSE222315_GTAGATCGTTTCCATT-1_1_1_1_1	GSE222315_p4_NAT	GSE222315	DF.classifications_0.25_0.3_229	Singlet	pANN_0.25_0.3_229	0.180435884439939
GSE222315_GTAGCTACACACACGC-1_1_1_1_1	GSE222315_p4_NAT	GSE222315	DF.classifications_0.25_0.3_229	Singlet	pANN_0.25_0.3_229	0.265078560567663
GSE222315_GTAGCTACATGTTCGA-1_1_1_1_1	GSE222315_p4_NAT	GSE222315	DF.classifications_0.25_0.3_229	Singlet	pANN_0.25_0.3_229	0.189052204764318
GSE222315_GTAGCTAGTCTTGCTC-1_1_1_1_1	GSE222315_p4_NAT	GSE222315	DF.classifications_0.25_0.3_229	Singlet	pANN_0.25_0.3_229	0.38114546376077
GSE222315_GTAGCTAGTGGACTGA-1_1_1_1_1	GSE222315_p4_NAT	GSE222315	DF.classifications_0.25_0.3_229	Singlet	pANN_0.25_0.3_229	0.219969589457679
GSE222315_GTAGGAGCAAGATTGA-1_1_1_1_1	GSE222315_p4_NAT	GSE222315	DF.classifications_0.25_0.3_229	Singlet	pANN_0.25_0.3_229	0.384693360364927
GSE222315_GTAGGAGGTACTGAGG-1_1_1_1_1	GSE222315_p4_NAT	GSE222315	DF.classifications_0.25_0.3_229	Singlet	pANN_0.25_0.3_229	0.382159148504815
GSE222315_GTAGGAGGTCACGTGC-1_1_1_1_1	GSE222315_p4_NAT	GSE222315	DF.classifications_0.25_0.3_229	Singlet	pANN_0.25_0.3_229	0.176887987835783
GSE222315_GTAGGAGGTCCGAAAG-1_1_1_1_1	GSE222315_p4_NAT	GSE222315	DF.classifications_0.25_0.3_229	Doublet	pANN_0.25_0.3_229	0.39432336543335
GSE222315_GTAGGAGTCTTCTGGC-1_1_1_1_1	GSE222315_p4_NAT	GSE222315	DF.classifications_0.25_0.3_229	Singlet	pANN_0.25_0.3_229	0.169792194627471
GSE222315_GTAGGTTAGTTGGAGC-1_1_1_1_1	GSE222315_p4_NAT	GSE222315	DF.classifications_0.25_0.3_229	Singlet	pANN_0.25_0.3_229	0.312214901165737
GSE222315_GTAGGTTGTCATTCCC-1_1_1_1_1	GSE222315_p4_NAT	GSE222315	DF.classifications_0.25_0.3_229	Singlet	pANN_0.25_0.3_229	0.195641155600608
GSE222315_GTAGGTTGTTAACAGA-1_1_1_1_1	GSE222315_p4_NAT	GSE222315	DF.classifications_0.25_0.3_229	Singlet	pANN_0.25_0.3_229	0.237709072478459
GSE222315_GTAGGTTTCCGTAGTA-1_1_1_1_1	GSE222315_p4_NAT	GSE222315	DF.classifications_0.25_0.3_229	Doublet	pANN_0.25_0.3_229	0.388748099341105
GSE222315_GTAGTACAGAAAGCGA-1_1_1_1_1	GSE222315_p4_NAT	GSE222315	DF.classifications_0.25_0.3_229	Singlet	pANN_0.25_0.3_229	0.227065382665991
GSE222315_GTAGTACAGCCATTTG-1_1_1_1_1	GSE222315_p4_NAT	GSE222315	DF.classifications_0.25_0.3_229	Singlet	pANN_0.25_0.3_229	0.177901672579828
GSE222315_GTAGTACAGCTTAAGA-1_1_1_1_1	GSE222315_p4_NAT	GSE222315	DF.classifications_0.25_0.3_229	Singlet	pANN_0.25_0.3_229	0.262544348707552
GSE222315_GTAGTACCACATTCGA-1_1_1_1_1	GSE222315_p4_NAT	GSE222315	DF.classifications_0.25_0.3_229	Singlet	pANN_0.25_0.3_229	0.206791687785099
GSE222315_GTAGTACGTCATCCCT-1_1_1_1_1	GSE222315_p4_NAT	GSE222315	DF.classifications_0.25_0.3_229	Singlet	pANN_0.25_0.3_229	0.205271160669032
GSE222315_GTAGTACTCCATGAGT-1_1_1_1_1	GSE222315_p4_NAT	GSE222315	DF.classifications_0.25_0.3_229	Singlet	pANN_0.25_0.3_229	0.167257982767359
GSE222315_GTAGTACTCCTACAAG-1_1_1_1_1	GSE222315_p4_NAT	GSE222315	DF.classifications_0.25_0.3_229	Singlet	pANN_0.25_0.3_229	0.160162189559047
GSE222315_GTATTGGAGGAACTCG-1_1_1_1_1	GSE222315_p4_NAT	GSE222315	DF.classifications_0.25_0.3_229	Singlet	pANN_0.25_0.3_229	0.220983274201723
GSE222315_GTATTGGAGTGATAGT-1_1_1_1_1	GSE222315_p4_NAT	GSE222315	DF.classifications_0.25_0.3_229	Singlet	pANN_0.25_0.3_229	0.175367460719716
GSE222315_GTATTGGAGTTGTACC-1_1_1_1_1	GSE222315_p4_NAT	GSE222315	DF.classifications_0.25_0.3_229	Singlet	pANN_0.25_0.3_229	0.238215914850481
GSE222315_GTATTGGCACGCGGTT-1_1_1_1_1	GSE222315_p4_NAT	GSE222315	DF.classifications_0.25_0.3_229	Singlet	pANN_0.25_0.3_229	0.33705017739483
GSE222315_GTATTGGCAGCACGAA-1_1_1_1_1	GSE222315_p4_NAT	GSE222315	DF.classifications_0.25_0.3_229	Singlet	pANN_0.25_0.3_229	0.311708058793715
GSE222315_GTATTGGTCATTGGTG-1_1_1_1_1	GSE222315_p4_NAT	GSE222315	DF.classifications_0.25_0.3_229	Singlet	pANN_0.25_0.3_229	0.208819057273188
GSE222315_GTATTGGTCTGTAAGC-1_1_1_1_1	GSE222315_p4_NAT	GSE222315	DF.classifications_0.25_0.3_229	Singlet	pANN_0.25_0.3_229	0.334515965534719
GSE222315_GTATTTCAGCCTATCA-1_1_1_1_1	GSE222315_p4_NAT	GSE222315	DF.classifications_0.25_0.3_229	Singlet	pANN_0.25_0.3_229	0.247845919918905
GSE222315_GTATTTCAGTCAGGGT-1_1_1_1_1	GSE222315_p4_NAT	GSE222315	DF.classifications_0.25_0.3_229	Singlet	pANN_0.25_0.3_229	0.190065889508363
GSE222315_GTATTTCGTATCAGGG-1_1_1_1_1	GSE222315_p4_NAT	GSE222315	DF.classifications_0.25_0.3_229	Singlet	pANN_0.25_0.3_229	0.189052204764318
GSE222315_GTATTTCGTCATCGGC-1_1_1_1_1	GSE222315_p4_NAT	GSE222315	DF.classifications_0.25_0.3_229	Singlet	pANN_0.25_0.3_229	0.138367967562088
GSE222315_GTATTTCTCCTTCTGG-1_1_1_1_1	GSE222315_p4_NAT	GSE222315	DF.classifications_0.25_0.3_229	Singlet	pANN_0.25_0.3_229	0.170299036999493
GSE222315_GTCAAACCAACACGTT-1_1_1_1_1	GSE222315_p4_NAT	GSE222315	DF.classifications_0.25_0.3_229	Singlet	pANN_0.25_0.3_229	0.379118094272681
GSE222315_GTCAAACCAATACGAA-1_1_1_1_1	GSE222315_p4_NAT	GSE222315	DF.classifications_0.25_0.3_229	Singlet	pANN_0.25_0.3_229	0.1454637607704
GSE222315_GTCAAACGTCGTGTTA-1_1_1_1_1	GSE222315_p4_NAT	GSE222315	DF.classifications_0.25_0.3_229	Singlet	pANN_0.25_0.3_229	0.125190065889508
GSE222315_GTCAAGTGTTCAAGTC-1_1_1_1_1	GSE222315_p4_NAT	GSE222315	DF.classifications_0.25_0.3_229	Singlet	pANN_0.25_0.3_229	0.173340091231627
GSE222315_GTCAAGTTCCCATACC-1_1_1_1_1	GSE222315_p4_NAT	GSE222315	DF.classifications_0.25_0.3_229	Singlet	pANN_0.25_0.3_229	0.157627977698936
GSE222315_GTCAAGTTCTCTAGGA-1_1_1_1_1	GSE222315_p4_NAT	GSE222315	DF.classifications_0.25_0.3_229	Singlet	pANN_0.25_0.3_229	0.22250380131779
GSE222315_GTCACGGCAGGCTCTG-1_1_1_1_1	GSE222315_p4_NAT	GSE222315	DF.classifications_0.25_0.3_229	Singlet	pANN_0.25_0.3_229	0.191079574252408
GSE222315_GTCACGGGTGAGGATC-1_1_1_1_1	GSE222315_p4_NAT	GSE222315	DF.classifications_0.25_0.3_229	Singlet	pANN_0.25_0.3_229	0.200709579320831
GSE222315_GTCACGGTCACAGTGT-1_1_1_1_1	GSE222315_p4_NAT	GSE222315	DF.classifications_0.25_0.3_229	Singlet	pANN_0.25_0.3_229	0.190065889508363
GSE222315_GTCACGGTCCTCACGT-1_1_1_1_1	GSE222315_p4_NAT	GSE222315	DF.classifications_0.25_0.3_229	Singlet	pANN_0.25_0.3_229	0.295489102889002
GSE222315_GTCACGGTCTCTCGAC-1_1_1_1_1	GSE222315_p4_NAT	GSE222315	DF.classifications_0.25_0.3_229	Singlet	pANN_0.25_0.3_229	0.228585909782058
GSE222315_GTCACTCGTGACACAG-1_1_1_1_1	GSE222315_p4_NAT	GSE222315	DF.classifications_0.25_0.3_229	Singlet	pANN_0.25_0.3_229	0.381652306132793
GSE222315_GTCACTCGTGGTCTTA-1_1_1_1_1	GSE222315_p4_NAT	GSE222315	DF.classifications_0.25_0.3_229	Singlet	pANN_0.25_0.3_229	0.246325392802838
GSE222315_GTCACTCGTTACTCAG-1_1_1_1_1	GSE222315_p4_NAT	GSE222315	DF.classifications_0.25_0.3_229	Singlet	pANN_0.25_0.3_229	0.326913329954384
GSE222315_GTCACTCTCCCTTCCC-1_1_1_1_1	GSE222315_p4_NAT	GSE222315	DF.classifications_0.25_0.3_229	Singlet	pANN_0.25_0.3_229	0.205271160669032
GSE222315_GTCAGCGTCAACTGAC-1_1_1_1_1	GSE222315_p4_NAT	GSE222315	DF.classifications_0.25_0.3_229	Singlet	pANN_0.25_0.3_229	0.137861125190066
GSE222315_GTCAGCGTCCCTCATG-1_1_1_1_1	GSE222315_p4_NAT	GSE222315	DF.classifications_0.25_0.3_229	Singlet	pANN_0.25_0.3_229	0.367967562088191
GSE222315_GTCAGCGTCGTCCTTG-1_1_1_1_1	GSE222315_p4_NAT	GSE222315	DF.classifications_0.25_0.3_229	Singlet	pANN_0.25_0.3_229	0.184490623416118
GSE222315_GTCATCCAGACCTCCG-1_1_1_1_1	GSE222315_p4_NAT	GSE222315	DF.classifications_0.25_0.3_229	Singlet	pANN_0.25_0.3_229	0.137354282818044
GSE222315_GTCATCCAGACGTCCC-1_1_1_1_1	GSE222315_p4_NAT	GSE222315	DF.classifications_0.25_0.3_229	Singlet	pANN_0.25_0.3_229	0.135326913329954
GSE222315_GTCATCCCAGAGAAAG-1_1_1_1_1	GSE222315_p4_NAT	GSE222315	DF.classifications_0.25_0.3_229	Singlet	pANN_0.25_0.3_229	0.347693867207299
GSE222315_GTCATCCCATGCACTA-1_1_1_1_1	GSE222315_p4_NAT	GSE222315	DF.classifications_0.25_0.3_229	Singlet	pANN_0.25_0.3_229	0.232133806386214
GSE222315_GTCATCCGTTTACGAC-1_1_1_1_1	GSE222315_p4_NAT	GSE222315	DF.classifications_0.25_0.3_229	Singlet	pANN_0.25_0.3_229	0.19158641662443
GSE222315_GTCATCCTCATGCCAA-1_1_1_1_1	GSE222315_p4_NAT	GSE222315	DF.classifications_0.25_0.3_229	Singlet	pANN_0.25_0.3_229	0.178915357323872
GSE222315_GTCATCCTCCAGCACG-1_1_1_1_1	GSE222315_p4_NAT	GSE222315	DF.classifications_0.25_0.3_229	Singlet	pANN_0.25_0.3_229	0.2863659401926
GSE222315_GTCATCCTCTACTCAT-1_1_1_1_1	GSE222315_p4_NAT	GSE222315	DF.classifications_0.25_0.3_229	Singlet	pANN_0.25_0.3_229	0.191079574252408
GSE222315_GTCATGAAGCCTGTCG-1_1_1_1_1	GSE222315_p4_NAT	GSE222315	DF.classifications_0.25_0.3_229	Singlet	pANN_0.25_0.3_229	0.373542828180436
GSE222315_GTCATGACAGACATCT-1_1_1_1_1	GSE222315_p4_NAT	GSE222315	DF.classifications_0.25_0.3_229	Singlet	pANN_0.25_0.3_229	0.275215408008109
GSE222315_GTCATGACAGCACCCA-1_1_1_1_1	GSE222315_p4_NAT	GSE222315	DF.classifications_0.25_0.3_229	Singlet	pANN_0.25_0.3_229	0.205271160669032
GSE222315_GTCATGAGTCTTAGTG-1_1_1_1_1	GSE222315_p4_NAT	GSE222315	DF.classifications_0.25_0.3_229	Singlet	pANN_0.25_0.3_229	0.226051697921946
GSE222315_GTCATGAGTGTGTCCG-1_1_1_1_1	GSE222315_p4_NAT	GSE222315	DF.classifications_0.25_0.3_229	Singlet	pANN_0.25_0.3_229	0.208312214901166
GSE222315_GTCATGATCAAGTCTG-1_1_1_1_1	GSE222315_p4_NAT	GSE222315	DF.classifications_0.25_0.3_229	Singlet	pANN_0.25_0.3_229	0.253928028383173
GSE222315_GTCATGATCTGTCTCG-1_1_1_1_1	GSE222315_p4_NAT	GSE222315	DF.classifications_0.25_0.3_229	Singlet	pANN_0.25_0.3_229	0.220476431829701
GSE222315_GTCATTTAGCATGCAG-1_1_1_1_1	GSE222315_p4_NAT	GSE222315	DF.classifications_0.25_0.3_229	Singlet	pANN_0.25_0.3_229	0.221996958945768
GSE222315_GTCATTTAGGGCAGGA-1_1_1_1_1	GSE222315_p4_NAT	GSE222315	DF.classifications_0.25_0.3_229	Singlet	pANN_0.25_0.3_229	0.372022301064369
GSE222315_GTCATTTCATCGATGT-1_1_1_1_1	GSE222315_p4_NAT	GSE222315	DF.classifications_0.25_0.3_229	Singlet	pANN_0.25_0.3_229	0.199695894576787
GSE222315_GTCATTTCATGAAGGC-1_1_1_1_1	GSE222315_p4_NAT	GSE222315	DF.classifications_0.25_0.3_229	Singlet	pANN_0.25_0.3_229	0.212873796249366
GSE222315_GTCATTTGTCACTCTC-1_1_1_1_1	GSE222315_p4_NAT	GSE222315	DF.classifications_0.25_0.3_229	Singlet	pANN_0.25_0.3_229	0.219462747085656
GSE222315_GTCATTTGTCAGCTTA-1_1_1_1_1	GSE222315_p4_NAT	GSE222315	DF.classifications_0.25_0.3_229	Singlet	pANN_0.25_0.3_229	0.267105930055753
GSE222315_GTCATTTGTTCTGACA-1_1_1_1_1	GSE222315_p4_NAT	GSE222315	DF.classifications_0.25_0.3_229	Singlet	pANN_0.25_0.3_229	0.188545362392296
GSE222315_GTCATTTGTTTCGTAG-1_1_1_1_1	GSE222315_p4_NAT	GSE222315	DF.classifications_0.25_0.3_229	Singlet	pANN_0.25_0.3_229	0.371008616320324
GSE222315_GTCCACTAGAGCTGAC-1_1_1_1_1	GSE222315_p4_NAT	GSE222315	DF.classifications_0.25_0.3_229	Singlet	pANN_0.25_0.3_229	0.174860618347694
GSE222315_GTCCACTAGCACCGAA-1_1_1_1_1	GSE222315_p4_NAT	GSE222315	DF.classifications_0.25_0.3_229	Singlet	pANN_0.25_0.3_229	0.227065382665991
GSE222315_GTCCACTAGCTAGCCC-1_1_1_1_1	GSE222315_p4_NAT	GSE222315	DF.classifications_0.25_0.3_229	Singlet	pANN_0.25_0.3_229	0.195641155600608
GSE222315_GTCCACTCAACGATCT-1_1_1_1_1	GSE222315_p4_NAT	GSE222315	DF.classifications_0.25_0.3_229	Singlet	pANN_0.25_0.3_229	0.249873289406994
GSE222315_GTCCACTCATCCTCAC-1_1_1_1_1	GSE222315_p4_NAT	GSE222315	DF.classifications_0.25_0.3_229	Singlet	pANN_0.25_0.3_229	0.340598073998986
GSE222315_GTCCACTGTCATTCCC-1_1_1_1_1	GSE222315_p4_NAT	GSE222315	DF.classifications_0.25_0.3_229	Singlet	pANN_0.25_0.3_229	0.203750633552965
GSE222315_GTCCACTGTGACATCT-1_1_1_1_1	GSE222315_p4_NAT	GSE222315	DF.classifications_0.25_0.3_229	Singlet	pANN_0.25_0.3_229	0.33705017739483
GSE222315_GTCCACTGTGCATTAC-1_1_1_1_1	GSE222315_p4_NAT	GSE222315	DF.classifications_0.25_0.3_229	Singlet	pANN_0.25_0.3_229	0.194627470856564
GSE222315_GTCCACTGTTAGAAGT-1_1_1_1_1	GSE222315_p4_NAT	GSE222315	DF.classifications_0.25_0.3_229	Singlet	pANN_0.25_0.3_229	0.213380638621389
GSE222315_GTCCCATAGGTAGGCT-1_1_1_1_1	GSE222315_p4_NAT	GSE222315	DF.classifications_0.25_0.3_229	Singlet	pANN_0.25_0.3_229	0.180435884439939
GSE222315_GTCCCATAGTTGCTGT-1_1_1_1_1	GSE222315_p4_NAT	GSE222315	DF.classifications_0.25_0.3_229	Singlet	pANN_0.25_0.3_229	0.235174860618348
GSE222315_GTCCCATCACATACGT-1_1_1_1_1	GSE222315_p4_NAT	GSE222315	DF.classifications_0.25_0.3_229	Singlet	pANN_0.25_0.3_229	0.220476431829701
GSE222315_GTCCTCAAGCTGTTAC-1_1_1_1_1	GSE222315_p4_NAT	GSE222315	DF.classifications_0.25_0.3_229	Singlet	pANN_0.25_0.3_229	0.161175874303092
GSE222315_GTCCTCAAGGTCCGAA-1_1_1_1_1	GSE222315_p4_NAT	GSE222315	DF.classifications_0.25_0.3_229	Singlet	pANN_0.25_0.3_229	0.349214394323365
GSE222315_GTCCTCAAGGTTGACG-1_1_1_1_1	GSE222315_p4_NAT	GSE222315	DF.classifications_0.25_0.3_229	Singlet	pANN_0.25_0.3_229	0.310187531677648
GSE222315_GTCCTCAGTTCAAGGG-1_1_1_1_1	GSE222315_p4_NAT	GSE222315	DF.classifications_0.25_0.3_229	Singlet	pANN_0.25_0.3_229	0.12113532691333
GSE222315_GTCCTCATCAACACGT-1_1_1_1_1	GSE222315_p4_NAT	GSE222315	DF.classifications_0.25_0.3_229	Singlet	pANN_0.25_0.3_229	0.355296502787633
GSE222315_GTCCTCATCTACGGGC-1_1_1_1_1	GSE222315_p4_NAT	GSE222315	DF.classifications_0.25_0.3_229	Singlet	pANN_0.25_0.3_229	0.210339584389255
GSE222315_GTCGAATAGACTGTTC-1_1_1_1_1	GSE222315_p4_NAT	GSE222315	DF.classifications_0.25_0.3_229	Singlet	pANN_0.25_0.3_229	0.168778509883426
GSE222315_GTCGAATGTTGCATTG-1_1_1_1_1	GSE222315_p4_NAT	GSE222315	DF.classifications_0.25_0.3_229	Singlet	pANN_0.25_0.3_229	0.223010643689812
GSE222315_GTCGAATTCGCTGATA-1_1_1_1_1	GSE222315_p4_NAT	GSE222315	DF.classifications_0.25_0.3_229	Singlet	pANN_0.25_0.3_229	0.248352762290928
GSE222315_GTCGAATTCTTTGCGC-1_1_1_1_1	GSE222315_p4_NAT	GSE222315	DF.classifications_0.25_0.3_229	Singlet	pANN_0.25_0.3_229	0.196147997972631
GSE222315_GTCGCGACAGAGAGGG-1_1_1_1_1	GSE222315_p4_NAT	GSE222315	DF.classifications_0.25_0.3_229	Singlet	pANN_0.25_0.3_229	0.206791687785099
GSE222315_GTCGCGACAGAGTAAT-1_1_1_1_1	GSE222315_p4_NAT	GSE222315	DF.classifications_0.25_0.3_229	Singlet	pANN_0.25_0.3_229	0.2159148504815
GSE222315_GTCGCGACATAGGAGC-1_1_1_1_1	GSE222315_p4_NAT	GSE222315	DF.classifications_0.25_0.3_229	Doublet	pANN_0.25_0.3_229	0.38773441459706
GSE222315_GTCGTAAAGATTGATG-1_1_1_1_1	GSE222315_p4_NAT	GSE222315	DF.classifications_0.25_0.3_229	Singlet	pANN_0.25_0.3_229	0.200709579320831
GSE222315_GTCGTAAGTAATGTGA-1_1_1_1_1	GSE222315_p4_NAT	GSE222315	DF.classifications_0.25_0.3_229	Singlet	pANN_0.25_0.3_229	0.216421692853523
GSE222315_GTCGTAAGTTCCCAAA-1_1_1_1_1	GSE222315_p4_NAT	GSE222315	DF.classifications_0.25_0.3_229	Singlet	pANN_0.25_0.3_229	0.266092245311708
GSE222315_GTCGTAATCTACCTTA-1_1_1_1_1	GSE222315_p4_NAT	GSE222315	DF.classifications_0.25_0.3_229	Singlet	pANN_0.25_0.3_229	0.219969589457679
GSE222315_GTCGTAATCTCGTCGT-1_1_1_1_1	GSE222315_p4_NAT	GSE222315	DF.classifications_0.25_0.3_229	Singlet	pANN_0.25_0.3_229	0.292448048656868
GSE222315_GTCGTTCAGCACTAAA-1_1_1_1_1	GSE222315_p4_NAT	GSE222315	DF.classifications_0.25_0.3_229	Singlet	pANN_0.25_0.3_229	0.203750633552965
GSE222315_GTCGTTCCAAACCATC-1_1_1_1_1	GSE222315_p4_NAT	GSE222315	DF.classifications_0.25_0.3_229	Singlet	pANN_0.25_0.3_229	0.305119107957425
GSE222315_GTCGTTCCAACTTGGT-1_1_1_1_1	GSE222315_p4_NAT	GSE222315	DF.classifications_0.25_0.3_229	Singlet	pANN_0.25_0.3_229	0.179422199695895
GSE222315_GTCGTTCCAAGCAGGT-1_1_1_1_1	GSE222315_p4_NAT	GSE222315	DF.classifications_0.25_0.3_229	Singlet	pANN_0.25_0.3_229	0.204257475924987
GSE222315_GTCGTTCCAGTAACCT-1_1_1_1_1	GSE222315_p4_NAT	GSE222315	DF.classifications_0.25_0.3_229	Singlet	pANN_0.25_0.3_229	0.332995438418652
GSE222315_GTCGTTCCATCGCCTT-1_1_1_1_1	GSE222315_p4_NAT	GSE222315	DF.classifications_0.25_0.3_229	Singlet	pANN_0.25_0.3_229	0.223517486061835
GSE222315_GTCGTTCGTCTTCTAT-1_1_1_1_1	GSE222315_p4_NAT	GSE222315	DF.classifications_0.25_0.3_229	Singlet	pANN_0.25_0.3_229	0.201216421692854
GSE222315_GTCGTTCGTGAGTGAC-1_1_1_1_1	GSE222315_p4_NAT	GSE222315	DF.classifications_0.25_0.3_229	Doublet	pANN_0.25_0.3_229	0.40750126710593
GSE222315_GTCGTTCGTGCATTAC-1_1_1_1_1	GSE222315_p4_NAT	GSE222315	DF.classifications_0.25_0.3_229	Singlet	pANN_0.25_0.3_229	0.381652306132793
GSE222315_GTCGTTCTCAAGCTGT-1_1_1_1_1	GSE222315_p4_NAT	GSE222315	DF.classifications_0.25_0.3_229	Singlet	pANN_0.25_0.3_229	0.166244298023315
GSE222315_GTCTACCCAGGCGAAT-1_1_1_1_1	GSE222315_p4_NAT	GSE222315	DF.classifications_0.25_0.3_229	Singlet	pANN_0.25_0.3_229	0.170299036999493
GSE222315_GTCTACCGTCGTTCAA-1_1_1_1_1	GSE222315_p4_NAT	GSE222315	DF.classifications_0.25_0.3_229	Singlet	pANN_0.25_0.3_229	0.189052204764318
GSE222315_GTCTAGAAGCCTCACG-1_1_1_1_1	GSE222315_p4_NAT	GSE222315	DF.classifications_0.25_0.3_229	Singlet	pANN_0.25_0.3_229	0.187531677648251
GSE222315_GTCTAGAAGTGCTCAT-1_1_1_1_1	GSE222315_p4_NAT	GSE222315	DF.classifications_0.25_0.3_229	Singlet	pANN_0.25_0.3_229	0.175367460719716
GSE222315_GTCTAGAGTTTGTTCT-1_1_1_1_1	GSE222315_p4_NAT	GSE222315	DF.classifications_0.25_0.3_229	Singlet	pANN_0.25_0.3_229	0.205271160669032
GSE222315_GTCTAGATCGAACGGA-1_1_1_1_1	GSE222315_p4_NAT	GSE222315	DF.classifications_0.25_0.3_229	Singlet	pANN_0.25_0.3_229	0.377597567156614
GSE222315_GTCTCACAGGGATGTC-1_1_1_1_1	GSE222315_p4_NAT	GSE222315	DF.classifications_0.25_0.3_229	Singlet	pANN_0.25_0.3_229	0.199695894576787
GSE222315_GTCTCACCAAACCACT-1_1_1_1_1	GSE222315_p4_NAT	GSE222315	DF.classifications_0.25_0.3_229	Singlet	pANN_0.25_0.3_229	0.166244298023315
GSE222315_GTCTCACCAGAACATA-1_1_1_1_1	GSE222315_p4_NAT	GSE222315	DF.classifications_0.25_0.3_229	Singlet	pANN_0.25_0.3_229	0.379118094272681
GSE222315_GTCTCACGTAAGTTAG-1_1_1_1_1	GSE222315_p4_NAT	GSE222315	DF.classifications_0.25_0.3_229	Singlet	pANN_0.25_0.3_229	0.249873289406994
GSE222315_GTCTCACTCATTGTTC-1_1_1_1_1	GSE222315_p4_NAT	GSE222315	DF.classifications_0.25_0.3_229	Singlet	pANN_0.25_0.3_229	0.17181956411556
GSE222315_GTCTCACTCCCAAGTA-1_1_1_1_1	GSE222315_p4_NAT	GSE222315	DF.classifications_0.25_0.3_229	Singlet	pANN_0.25_0.3_229	0.212366953877344
GSE222315_GTCTCACTCCCTCATG-1_1_1_1_1	GSE222315_p4_NAT	GSE222315	DF.classifications_0.25_0.3_229	Singlet	pANN_0.25_0.3_229	0.199695894576787
GSE222315_GTCTCACTCCGTTGAA-1_1_1_1_1	GSE222315_p4_NAT	GSE222315	DF.classifications_0.25_0.3_229	Singlet	pANN_0.25_0.3_229	0.135326913329954
GSE222315_GTCTCACTCTAAGCGT-1_1_1_1_1	GSE222315_p4_NAT	GSE222315	DF.classifications_0.25_0.3_229	Doublet	pANN_0.25_0.3_229	0.38773441459706
GSE222315_GTCTGTCAGACCAGCA-1_1_1_1_1	GSE222315_p4_NAT	GSE222315	DF.classifications_0.25_0.3_229	Singlet	pANN_0.25_0.3_229	0.177394830207805
GSE222315_GTCTGTCAGATCCCAT-1_1_1_1_1	GSE222315_p4_NAT	GSE222315	DF.classifications_0.25_0.3_229	Singlet	pANN_0.25_0.3_229	0.185504308160162
GSE222315_GTCTGTCCACCCTTAC-1_1_1_1_1	GSE222315_p4_NAT	GSE222315	DF.classifications_0.25_0.3_229	Singlet	pANN_0.25_0.3_229	0.265585402939686
GSE222315_GTCTGTCGTGGCAACA-1_1_1_1_1	GSE222315_p4_NAT	GSE222315	DF.classifications_0.25_0.3_229	Singlet	pANN_0.25_0.3_229	0.31728332488596
GSE222315_GTCTGTCGTGTCTTGA-1_1_1_1_1	GSE222315_p4_NAT	GSE222315	DF.classifications_0.25_0.3_229	Singlet	pANN_0.25_0.3_229	0.258489609731374
GSE222315_GTCTGTCGTTCCCACT-1_1_1_1_1	GSE222315_p4_NAT	GSE222315	DF.classifications_0.25_0.3_229	Singlet	pANN_0.25_0.3_229	0.128737962493664
GSE222315_GTCTGTCTCTGGTCAA-1_1_1_1_1	GSE222315_p4_NAT	GSE222315	DF.classifications_0.25_0.3_229	Singlet	pANN_0.25_0.3_229	0.180942726811961
GSE222315_GTCTTTAAGAAGCGCT-1_1_1_1_1	GSE222315_p4_NAT	GSE222315	DF.classifications_0.25_0.3_229	Singlet	pANN_0.25_0.3_229	0.207298530157121
GSE222315_GTCTTTAAGTGCGTCC-1_1_1_1_1	GSE222315_p4_NAT	GSE222315	DF.classifications_0.25_0.3_229	Singlet	pANN_0.25_0.3_229	0.360364926507856
GSE222315_GTCTTTACAAAGAGTT-1_1_1_1_1	GSE222315_p4_NAT	GSE222315	DF.classifications_0.25_0.3_229	Singlet	pANN_0.25_0.3_229	0.179929042067917
GSE222315_GTCTTTACAAGCTCTA-1_1_1_1_1	GSE222315_p4_NAT	GSE222315	DF.classifications_0.25_0.3_229	Singlet	pANN_0.25_0.3_229	0.189052204764318
GSE222315_GTCTTTACAGTTGCGC-1_1_1_1_1	GSE222315_p4_NAT	GSE222315	DF.classifications_0.25_0.3_229	Singlet	pANN_0.25_0.3_229	0.176887987835783
GSE222315_GTCTTTATCATCTACT-1_1_1_1_1	GSE222315_p4_NAT	GSE222315	DF.classifications_0.25_0.3_229	Doublet	pANN_0.25_0.3_229	0.397364419665484
GSE222315_GTCTTTATCTGCATAG-1_1_1_1_1	GSE222315_p4_NAT	GSE222315	DF.classifications_0.25_0.3_229	Singlet	pANN_0.25_0.3_229	0.233147491130258
GSE222315_GTGACGCAGATCCTAC-1_1_1_1_1	GSE222315_p4_NAT	GSE222315	DF.classifications_0.25_0.3_229	Singlet	pANN_0.25_0.3_229	0.195134313228586
GSE222315_GTGACGCAGTCATTGC-1_1_1_1_1	GSE222315_p4_NAT	GSE222315	DF.classifications_0.25_0.3_229	Singlet	pANN_0.25_0.3_229	0.155093765838824
GSE222315_GTGACGCTCTGGTGGC-1_1_1_1_1	GSE222315_p4_NAT	GSE222315	DF.classifications_0.25_0.3_229	Singlet	pANN_0.25_0.3_229	0.272681196147998
GSE222315_GTGAGCCAGAGGTTTA-1_1_1_1_1	GSE222315_p4_NAT	GSE222315	DF.classifications_0.25_0.3_229	Singlet	pANN_0.25_0.3_229	0.38317283324886
GSE222315_GTGAGCCAGTGCAGGT-1_1_1_1_1	GSE222315_p4_NAT	GSE222315	DF.classifications_0.25_0.3_229	Singlet	pANN_0.25_0.3_229	0.163710086163203
GSE222315_GTGAGCCGTCGGCCTA-1_1_1_1_1	GSE222315_p4_NAT	GSE222315	DF.classifications_0.25_0.3_229	Singlet	pANN_0.25_0.3_229	0.229599594526102
GSE222315_GTGAGCCGTTAAGAAC-1_1_1_1_1	GSE222315_p4_NAT	GSE222315	DF.classifications_0.25_0.3_229	Singlet	pANN_0.25_0.3_229	0.379118094272681
GSE222315_GTGAGCCGTTGGTAGG-1_1_1_1_1	GSE222315_p4_NAT	GSE222315	DF.classifications_0.25_0.3_229	Singlet	pANN_0.25_0.3_229	0.368981246832235
GSE222315_GTGAGCCTCTACCTTA-1_1_1_1_1	GSE222315_p4_NAT	GSE222315	DF.classifications_0.25_0.3_229	Singlet	pANN_0.25_0.3_229	0.287379624936645
GSE222315_GTGAGCCTCTCCACTG-1_1_1_1_1	GSE222315_p4_NAT	GSE222315	DF.classifications_0.25_0.3_229	Doublet	pANN_0.25_0.3_229	0.39432336543335
GSE222315_GTGAGCCTCTTCACAT-1_1_1_1_1	GSE222315_p4_NAT	GSE222315	DF.classifications_0.25_0.3_229	Singlet	pANN_0.25_0.3_229	0.143436391282311
GSE222315_GTGAGGAGTAGGTCAG-1_1_1_1_1	GSE222315_p4_NAT	GSE222315	DF.classifications_0.25_0.3_229	Singlet	pANN_0.25_0.3_229	0.200202736948809
GSE222315_GTGAGGAGTTGGTGTT-1_1_1_1_1	GSE222315_p4_NAT	GSE222315	DF.classifications_0.25_0.3_229	Singlet	pANN_0.25_0.3_229	0.216421692853523
GSE222315_GTGAGGATCAATCGGT-1_1_1_1_1	GSE222315_p4_NAT	GSE222315	DF.classifications_0.25_0.3_229	Singlet	pANN_0.25_0.3_229	0.286872782564622
GSE222315_GTGAGTTCACTTCAAG-1_1_1_1_1	GSE222315_p4_NAT	GSE222315	DF.classifications_0.25_0.3_229	Singlet	pANN_0.25_0.3_229	0.126710593005575
GSE222315_GTGAGTTGTACCCGCA-1_1_1_1_1	GSE222315_p4_NAT	GSE222315	DF.classifications_0.25_0.3_229	Singlet	pANN_0.25_0.3_229	0.153066396350735
GSE222315_GTGAGTTGTTCCGTTC-1_1_1_1_1	GSE222315_p4_NAT	GSE222315	DF.classifications_0.25_0.3_229	Singlet	pANN_0.25_0.3_229	0.161682716675114
GSE222315_GTGATGTAGAACAGGA-1_1_1_1_1	GSE222315_p4_NAT	GSE222315	DF.classifications_0.25_0.3_229	Singlet	pANN_0.25_0.3_229	0.223010643689812
GSE222315_GTGATGTAGGCCGCTT-1_1_1_1_1	GSE222315_p4_NAT	GSE222315	DF.classifications_0.25_0.3_229	Singlet	pANN_0.25_0.3_229	0.22250380131779
GSE222315_GTGATGTCACCTCTAC-1_1_1_1_1	GSE222315_p4_NAT	GSE222315	DF.classifications_0.25_0.3_229	Singlet	pANN_0.25_0.3_229	0.1409021794222
GSE222315_GTGATGTCAGTAGAAT-1_1_1_1_1	GSE222315_p4_NAT	GSE222315	DF.classifications_0.25_0.3_229	Singlet	pANN_0.25_0.3_229	0.168778509883426
GSE222315_GTGATGTGTCTGTGAT-1_1_1_1_1	GSE222315_p4_NAT	GSE222315	DF.classifications_0.25_0.3_229	Singlet	pANN_0.25_0.3_229	0.16523061327927
GSE222315_GTGATGTGTGGCTCTG-1_1_1_1_1	GSE222315_p4_NAT	GSE222315	DF.classifications_0.25_0.3_229	Singlet	pANN_0.25_0.3_229	0.159148504815003
GSE222315_GTGCACGAGCGATGGT-1_1_1_1_1	GSE222315_p4_NAT	GSE222315	DF.classifications_0.25_0.3_229	Singlet	pANN_0.25_0.3_229	0.218449062341612
GSE222315_GTGCACGGTCAGCGTC-1_1_1_1_1	GSE222315_p4_NAT	GSE222315	DF.classifications_0.25_0.3_229	Singlet	pANN_0.25_0.3_229	0.219969589457679
GSE222315_GTGCACGTCTGCGAGC-1_1_1_1_1	GSE222315_p4_NAT	GSE222315	DF.classifications_0.25_0.3_229	Singlet	pANN_0.25_0.3_229	0.232133806386214
GSE222315_GTGCAGCAGTCAGCGA-1_1_1_1_1	GSE222315_p4_NAT	GSE222315	DF.classifications_0.25_0.3_229	Singlet	pANN_0.25_0.3_229	0.250886974151039
GSE222315_GTGCAGCAGTCATCCA-1_1_1_1_1	GSE222315_p4_NAT	GSE222315	DF.classifications_0.25_0.3_229	Singlet	pANN_0.25_0.3_229	0.208819057273188
GSE222315_GTGCAGCTCAAGCCCG-1_1_1_1_1	GSE222315_p4_NAT	GSE222315	DF.classifications_0.25_0.3_229	Singlet	pANN_0.25_0.3_229	0.219969589457679
GSE222315_GTGCAGCTCCGTGGTG-1_1_1_1_1	GSE222315_p4_NAT	GSE222315	DF.classifications_0.25_0.3_229	Singlet	pANN_0.25_0.3_229	0.203750633552965
GSE222315_GTGCGTGAGCGATTCT-1_1_1_1_1	GSE222315_p4_NAT	GSE222315	DF.classifications_0.25_0.3_229	Singlet	pANN_0.25_0.3_229	0.263558033451597
GSE222315_GTGCGTGAGGTTACAA-1_1_1_1_1	GSE222315_p4_NAT	GSE222315	DF.classifications_0.25_0.3_229	Singlet	pANN_0.25_0.3_229	0.233654333502281
GSE222315_GTGCGTGGTGTAAATG-1_1_1_1_1	GSE222315_p4_NAT	GSE222315	DF.classifications_0.25_0.3_229	Singlet	pANN_0.25_0.3_229	0.289913836796756
GSE222315_GTGCGTGTCCAAACCA-1_1_1_1_1	GSE222315_p4_NAT	GSE222315	DF.classifications_0.25_0.3_229	Singlet	pANN_0.25_0.3_229	0.226051697921946
GSE222315_GTGCTGGAGGAAGTCC-1_1_1_1_1	GSE222315_p4_NAT	GSE222315	DF.classifications_0.25_0.3_229	Singlet	pANN_0.25_0.3_229	0.233654333502281
GSE222315_GTGCTGGCAAGTCCCG-1_1_1_1_1	GSE222315_p4_NAT	GSE222315	DF.classifications_0.25_0.3_229	Singlet	pANN_0.25_0.3_229	0.163710086163203
GSE222315_GTGCTGGCACCAGTTA-1_1_1_1_1	GSE222315_p4_NAT	GSE222315	DF.classifications_0.25_0.3_229	Singlet	pANN_0.25_0.3_229	0.261023821591485
GSE222315_GTGCTTCAGGACAGCT-1_1_1_1_1	GSE222315_p4_NAT	GSE222315	DF.classifications_0.25_0.3_229	Singlet	pANN_0.25_0.3_229	0.153573238722757
GSE222315_GTGCTTCCAGTGACCC-1_1_1_1_1	GSE222315_p4_NAT	GSE222315	DF.classifications_0.25_0.3_229	Singlet	pANN_0.25_0.3_229	0.276735935124176
GSE222315_GTGCTTCGTGGCAACA-1_1_1_1_1	GSE222315_p4_NAT	GSE222315	DF.classifications_0.25_0.3_229	Singlet	pANN_0.25_0.3_229	0.164723770907248
GSE222315_GTGCTTCTCAGCACCG-1_1_1_1_1	GSE222315_p4_NAT	GSE222315	DF.classifications_0.25_0.3_229	Singlet	pANN_0.25_0.3_229	0.172833248859605
GSE222315_GTGCTTCTCTGGTTGA-1_1_1_1_1	GSE222315_p4_NAT	GSE222315	DF.classifications_0.25_0.3_229	Singlet	pANN_0.25_0.3_229	0.204257475924987
GSE222315_GTGGAAGAGATTGATG-1_1_1_1_1	GSE222315_p4_NAT	GSE222315	DF.classifications_0.25_0.3_229	Singlet	pANN_0.25_0.3_229	0.135833755701977
GSE222315_GTGGAAGGTCAAACGG-1_1_1_1_1	GSE222315_p4_NAT	GSE222315	DF.classifications_0.25_0.3_229	Singlet	pANN_0.25_0.3_229	0.239229599594526
GSE222315_GTGGAAGGTTAGGCTT-1_1_1_1_1	GSE222315_p4_NAT	GSE222315	DF.classifications_0.25_0.3_229	Singlet	pANN_0.25_0.3_229	0.204257475924987
GSE222315_GTGGAAGTCCCATTTA-1_1_1_1_1	GSE222315_p4_NAT	GSE222315	DF.classifications_0.25_0.3_229	Singlet	pANN_0.25_0.3_229	0.275215408008109
GSE222315_GTGGAAGTCCTCAGAA-1_1_1_1_1	GSE222315_p4_NAT	GSE222315	DF.classifications_0.25_0.3_229	Singlet	pANN_0.25_0.3_229	0.227065382665991
GSE222315_GTGGAGAAGCGCCATC-1_1_1_1_1	GSE222315_p4_NAT	GSE222315	DF.classifications_0.25_0.3_229	Singlet	pANN_0.25_0.3_229	0.173846933603649
GSE222315_GTGGAGACAATACCCA-1_1_1_1_1	GSE222315_p4_NAT	GSE222315	DF.classifications_0.25_0.3_229	Singlet	pANN_0.25_0.3_229	0.213380638621389
GSE222315_GTGGAGACAGAGGCAT-1_1_1_1_1	GSE222315_p4_NAT	GSE222315	DF.classifications_0.25_0.3_229	Doublet	pANN_0.25_0.3_229	0.406487582361885
GSE222315_GTGGCGTAGAGGGCGA-1_1_1_1_1	GSE222315_p4_NAT	GSE222315	DF.classifications_0.25_0.3_229	Singlet	pANN_0.25_0.3_229	0.371515458692347
GSE222315_GTGGCGTCAAGGGTCA-1_1_1_1_1	GSE222315_p4_NAT	GSE222315	DF.classifications_0.25_0.3_229	Singlet	pANN_0.25_0.3_229	0.22250380131779
GSE222315_GTGGCGTGTACAAGTA-1_1_1_1_1	GSE222315_p4_NAT	GSE222315	DF.classifications_0.25_0.3_229	Singlet	pANN_0.25_0.3_229	0.186011150532184
GSE222315_GTGGGAAAGACAAGCC-1_1_1_1_1	GSE222315_p4_NAT	GSE222315	DF.classifications_0.25_0.3_229	Singlet	pANN_0.25_0.3_229	0.270653826659909
GSE222315_GTGGGAAAGTCAAGCG-1_1_1_1_1	GSE222315_p4_NAT	GSE222315	DF.classifications_0.25_0.3_229	Singlet	pANN_0.25_0.3_229	0.227572225038013
GSE222315_GTGGGAACAAACACCT-1_1_1_1_1	GSE222315_p4_NAT	GSE222315	DF.classifications_0.25_0.3_229	Singlet	pANN_0.25_0.3_229	0.232133806386214
GSE222315_GTGGGAACACACCGAC-1_1_1_1_1	GSE222315_p4_NAT	GSE222315	DF.classifications_0.25_0.3_229	Singlet	pANN_0.25_0.3_229	0.176887987835783
GSE222315_GTGGGAACACGAGGTA-1_1_1_1_1	GSE222315_p4_NAT	GSE222315	DF.classifications_0.25_0.3_229	Singlet	pANN_0.25_0.3_229	0.237709072478459
GSE222315_GTGGGAAGTGTCACAT-1_1_1_1_1	GSE222315_p4_NAT	GSE222315	DF.classifications_0.25_0.3_229	Singlet	pANN_0.25_0.3_229	0.245818550430816
GSE222315_GTGGGAATCCTGTAAG-1_1_1_1_1	GSE222315_p4_NAT	GSE222315	DF.classifications_0.25_0.3_229	Singlet	pANN_0.25_0.3_229	0.156107450582869
GSE222315_GTGGGAATCTACTTCA-1_1_1_1_1	GSE222315_p4_NAT	GSE222315	DF.classifications_0.25_0.3_229	Singlet	pANN_0.25_0.3_229	0.158134820070958
GSE222315_GTGGTTAAGCATGCAG-1_1_1_1_1	GSE222315_p4_NAT	GSE222315	DF.classifications_0.25_0.3_229	Singlet	pANN_0.25_0.3_229	0.259503294475418
GSE222315_GTGGTTACACGTACAT-1_1_1_1_1	GSE222315_p4_NAT	GSE222315	DF.classifications_0.25_0.3_229	Singlet	pANN_0.25_0.3_229	0.228585909782058
GSE222315_GTGGTTACAGGTACGA-1_1_1_1_1	GSE222315_p4_NAT	GSE222315	DF.classifications_0.25_0.3_229	Singlet	pANN_0.25_0.3_229	0.304612265585403
GSE222315_GTGGTTACATGGCTAT-1_1_1_1_1	GSE222315_p4_NAT	GSE222315	DF.classifications_0.25_0.3_229	Doublet	pANN_0.25_0.3_229	0.388241256969083
GSE222315_GTGGTTAGTCGAATTC-1_1_1_1_1	GSE222315_p4_NAT	GSE222315	DF.classifications_0.25_0.3_229	Singlet	pANN_0.25_0.3_229	0.236695387734415
GSE222315_GTGGTTATCCCTTCCC-1_1_1_1_1	GSE222315_p4_NAT	GSE222315	DF.classifications_0.25_0.3_229	Singlet	pANN_0.25_0.3_229	0.267105930055753
GSE222315_GTGTAACCAGTAGAAT-1_1_1_1_1	GSE222315_p4_NAT	GSE222315	DF.classifications_0.25_0.3_229	Singlet	pANN_0.25_0.3_229	0.173340091231627
GSE222315_GTGTAACGTCTAGGTT-1_1_1_1_1	GSE222315_p4_NAT	GSE222315	DF.classifications_0.25_0.3_229	Singlet	pANN_0.25_0.3_229	0.372529143436391
GSE222315_GTGTAACGTTGCTGAT-1_1_1_1_1	GSE222315_p4_NAT	GSE222315	DF.classifications_0.25_0.3_229	Singlet	pANN_0.25_0.3_229	0.225544855549924
GSE222315_GTGTAACGTTTCTATC-1_1_1_1_1	GSE222315_p4_NAT	GSE222315	DF.classifications_0.25_0.3_229	Singlet	pANN_0.25_0.3_229	0.180942726811961
GSE222315_GTGTCCTGTGGGTTGA-1_1_1_1_1	GSE222315_p4_NAT	GSE222315	DF.classifications_0.25_0.3_229	Singlet	pANN_0.25_0.3_229	0.195134313228586
GSE222315_GTGTCCTTCGCGCTGA-1_1_1_1_1	GSE222315_p4_NAT	GSE222315	DF.classifications_0.25_0.3_229	Singlet	pANN_0.25_0.3_229	0.1454637607704
GSE222315_GTGTGATTCACGATAC-1_1_1_1_1	GSE222315_p4_NAT	GSE222315	DF.classifications_0.25_0.3_229	Singlet	pANN_0.25_0.3_229	0.164216928535226
GSE222315_GTGTGATTCGTTCCTG-1_1_1_1_1	GSE222315_p4_NAT	GSE222315	DF.classifications_0.25_0.3_229	Singlet	pANN_0.25_0.3_229	0.382159148504815
GSE222315_GTGTGATTCTCGTCAC-1_1_1_1_1	GSE222315_p4_NAT	GSE222315	DF.classifications_0.25_0.3_229	Singlet	pANN_0.25_0.3_229	0.129244804865687
GSE222315_GTGTGGCAGCACGTCC-1_1_1_1_1	GSE222315_p4_NAT	GSE222315	DF.classifications_0.25_0.3_229	Singlet	pANN_0.25_0.3_229	0.305625950329448
GSE222315_GTGTGGCCAAATAAGC-1_1_1_1_1	GSE222315_p4_NAT	GSE222315	DF.classifications_0.25_0.3_229	Singlet	pANN_0.25_0.3_229	0.188545362392296
GSE222315_GTGTGGCCATCGGAGA-1_1_1_1_1	GSE222315_p4_NAT	GSE222315	DF.classifications_0.25_0.3_229	Singlet	pANN_0.25_0.3_229	0.167764825139382
GSE222315_GTGTGGCGTACAGAGC-1_1_1_1_1	GSE222315_p4_NAT	GSE222315	DF.classifications_0.25_0.3_229	Singlet	pANN_0.25_0.3_229	0.368474404460213
GSE222315_GTGTGGCGTTATGTGC-1_1_1_1_1	GSE222315_p4_NAT	GSE222315	DF.classifications_0.25_0.3_229	Singlet	pANN_0.25_0.3_229	0.118601115053218
GSE222315_GTGTTAGAGCTCATAC-1_1_1_1_1	GSE222315_p4_NAT	GSE222315	DF.classifications_0.25_0.3_229	Singlet	pANN_0.25_0.3_229	0.374556512924481
GSE222315_GTGTTAGAGGGCGAGA-1_1_1_1_1	GSE222315_p4_NAT	GSE222315	DF.classifications_0.25_0.3_229	Singlet	pANN_0.25_0.3_229	0.151545869234668
GSE222315_GTGTTAGCATCTTAGG-1_1_1_1_1	GSE222315_p4_NAT	GSE222315	DF.classifications_0.25_0.3_229	Singlet	pANN_0.25_0.3_229	0.208312214901166
GSE222315_GTGTTAGGTATGGTAA-1_1_1_1_1	GSE222315_p4_NAT	GSE222315	DF.classifications_0.25_0.3_229	Singlet	pANN_0.25_0.3_229	0.12772427774962
GSE222315_GTGTTAGGTTGCCATA-1_1_1_1_1	GSE222315_p4_NAT	GSE222315	DF.classifications_0.25_0.3_229	Singlet	pANN_0.25_0.3_229	0.336543335022808
GSE222315_GTGTTAGTCCTATGGA-1_1_1_1_1	GSE222315_p4_NAT	GSE222315	DF.classifications_0.25_0.3_229	Singlet	pANN_0.25_0.3_229	0.258996452103396
GSE222315_GTGTTAGTCGGTAAGG-1_1_1_1_1	GSE222315_p4_NAT	GSE222315	DF.classifications_0.25_0.3_229	Singlet	pANN_0.25_0.3_229	0.225544855549924
GSE222315_GTGTTAGTCTACTCAT-1_1_1_1_1	GSE222315_p4_NAT	GSE222315	DF.classifications_0.25_0.3_229	Singlet	pANN_0.25_0.3_229	0.220983274201723
GSE222315_GTGTTCCAGGTCGAGT-1_1_1_1_1	GSE222315_p4_NAT	GSE222315	DF.classifications_0.25_0.3_229	Singlet	pANN_0.25_0.3_229	0.156107450582869
GSE222315_GTGTTCCCATCCTTCG-1_1_1_1_1	GSE222315_p4_NAT	GSE222315	DF.classifications_0.25_0.3_229	Singlet	pANN_0.25_0.3_229	0.205778003041054
GSE222315_GTGTTCCGTCTTCAAG-1_1_1_1_1	GSE222315_p4_NAT	GSE222315	DF.classifications_0.25_0.3_229	Singlet	pANN_0.25_0.3_229	0.331981753674607
GSE222315_GTGTTCCGTGGGACAT-1_1_1_1_1	GSE222315_p4_NAT	GSE222315	DF.classifications_0.25_0.3_229	Singlet	pANN_0.25_0.3_229	0.231626964014192
GSE222315_GTTACAGCAGTATGAA-1_1_1_1_1	GSE222315_p4_NAT	GSE222315	DF.classifications_0.25_0.3_229	Singlet	pANN_0.25_0.3_229	0.182463253928028
GSE222315_GTTACCCAGACGAAGA-1_1_1_1_1	GSE222315_p4_NAT	GSE222315	DF.classifications_0.25_0.3_229	Singlet	pANN_0.25_0.3_229	0.238215914850481
GSE222315_GTTACCCAGACTGGGT-1_1_1_1_1	GSE222315_p4_NAT	GSE222315	DF.classifications_0.25_0.3_229	Singlet	pANN_0.25_0.3_229	0.145970603142423
GSE222315_GTTACCCCATATGAAG-1_1_1_1_1	GSE222315_p4_NAT	GSE222315	DF.classifications_0.25_0.3_229	Singlet	pANN_0.25_0.3_229	0.272174353775976
GSE222315_GTTACCCGTCCAGCAC-1_1_1_1_1	GSE222315_p4_NAT	GSE222315	DF.classifications_0.25_0.3_229	Singlet	pANN_0.25_0.3_229	0.193613786112519
GSE222315_GTTACCCTCCTACTGC-1_1_1_1_1	GSE222315_p4_NAT	GSE222315	DF.classifications_0.25_0.3_229	Singlet	pANN_0.25_0.3_229	0.142929548910289
GSE222315_GTTACCCTCTGCCTCA-1_1_1_1_1	GSE222315_p4_NAT	GSE222315	DF.classifications_0.25_0.3_229	Singlet	pANN_0.25_0.3_229	0.337557019766852
GSE222315_GTTACGAAGGTCCTGC-1_1_1_1_1	GSE222315_p4_NAT	GSE222315	DF.classifications_0.25_0.3_229	Singlet	pANN_0.25_0.3_229	0.223517486061835
GSE222315_GTTACGAAGTACAACA-1_1_1_1_1	GSE222315_p4_NAT	GSE222315	DF.classifications_0.25_0.3_229	Singlet	pANN_0.25_0.3_229	0.233654333502281
GSE222315_GTTACGAAGTACTGGG-1_1_1_1_1	GSE222315_p4_NAT	GSE222315	DF.classifications_0.25_0.3_229	Singlet	pANN_0.25_0.3_229	0.205271160669032
GSE222315_GTTACGAAGTCGCCAC-1_1_1_1_1	GSE222315_p4_NAT	GSE222315	DF.classifications_0.25_0.3_229	Singlet	pANN_0.25_0.3_229	0.257982767359351
GSE222315_GTTACGACATCAGTGT-1_1_1_1_1	GSE222315_p4_NAT	GSE222315	DF.classifications_0.25_0.3_229	Singlet	pANN_0.25_0.3_229	0.140395337050177
GSE222315_GTTACGACATGCAGGA-1_1_1_1_1	GSE222315_p4_NAT	GSE222315	DF.classifications_0.25_0.3_229	Singlet	pANN_0.25_0.3_229	0.366447034972124
GSE222315_GTTACGATCGGTGAAG-1_1_1_1_1	GSE222315_p4_NAT	GSE222315	DF.classifications_0.25_0.3_229	Singlet	pANN_0.25_0.3_229	0.1409021794222
GSE222315_GTTAGACAGCAGCCTC-1_1_1_1_1	GSE222315_p4_NAT	GSE222315	DF.classifications_0.25_0.3_229	Singlet	pANN_0.25_0.3_229	0.160162189559047
GSE222315_GTTAGACCACAGCCAC-1_1_1_1_1	GSE222315_p4_NAT	GSE222315	DF.classifications_0.25_0.3_229	Doublet	pANN_0.25_0.3_229	0.408008109477952
GSE222315_GTTAGACCAGGGACTA-1_1_1_1_1	GSE222315_p4_NAT	GSE222315	DF.classifications_0.25_0.3_229	Doublet	pANN_0.25_0.3_229	0.391282311201216
GSE222315_GTTAGACTCCTACCGT-1_1_1_1_1	GSE222315_p4_NAT	GSE222315	DF.classifications_0.25_0.3_229	Singlet	pANN_0.25_0.3_229	0.237202230106437
GSE222315_GTTAGTGCACTGGATT-1_1_1_1_1	GSE222315_p4_NAT	GSE222315	DF.classifications_0.25_0.3_229	Singlet	pANN_0.25_0.3_229	0.281804358844399
GSE222315_GTTAGTGGTTAAGAAC-1_1_1_1_1	GSE222315_p4_NAT	GSE222315	DF.classifications_0.25_0.3_229	Singlet	pANN_0.25_0.3_229	0.184490623416118
GSE222315_GTTAGTGTCCCTTCCC-1_1_1_1_1	GSE222315_p4_NAT	GSE222315	DF.classifications_0.25_0.3_229	Singlet	pANN_0.25_0.3_229	0.219462747085656
GSE222315_GTTAGTGTCTGTCAGA-1_1_1_1_1	GSE222315_p4_NAT	GSE222315	DF.classifications_0.25_0.3_229	Singlet	pANN_0.25_0.3_229	0.355803345159655
GSE222315_GTTATGGAGTCTGTAC-1_1_1_1_1	GSE222315_p4_NAT	GSE222315	DF.classifications_0.25_0.3_229	Singlet	pANN_0.25_0.3_229	0.245311708058794
GSE222315_GTTATGGCACGTAGTT-1_1_1_1_1	GSE222315_p4_NAT	GSE222315	DF.classifications_0.25_0.3_229	Singlet	pANN_0.25_0.3_229	0.226051697921946
GSE222315_GTTATGGGTCTTACTT-1_1_1_1_1	GSE222315_p4_NAT	GSE222315	DF.classifications_0.25_0.3_229	Singlet	pANN_0.25_0.3_229	0.293968575772935
GSE222315_GTTATGGTCCTGCCAT-1_1_1_1_1	GSE222315_p4_NAT	GSE222315	DF.classifications_0.25_0.3_229	Singlet	pANN_0.25_0.3_229	0.219969589457679
GSE222315_GTTCATTCAACCGGAA-1_1_1_1_1	GSE222315_p4_NAT	GSE222315	DF.classifications_0.25_0.3_229	Singlet	pANN_0.25_0.3_229	0.163710086163203
GSE222315_GTTCATTGTGCGAGTA-1_1_1_1_1	GSE222315_p4_NAT	GSE222315	DF.classifications_0.25_0.3_229	Singlet	pANN_0.25_0.3_229	0.193106943740497
GSE222315_GTTCATTGTTGCTAGT-1_1_1_1_1	GSE222315_p4_NAT	GSE222315	DF.classifications_0.25_0.3_229	Singlet	pANN_0.25_0.3_229	0.180942726811961
GSE222315_GTTCATTTCCTTGAAG-1_1_1_1_1	GSE222315_p4_NAT	GSE222315	DF.classifications_0.25_0.3_229	Singlet	pANN_0.25_0.3_229	0.167764825139382
GSE222315_GTTCATTTCTGAATGC-1_1_1_1_1	GSE222315_p4_NAT	GSE222315	DF.classifications_0.25_0.3_229	Singlet	pANN_0.25_0.3_229	0.212366953877344
GSE222315_GTTCCGTAGACAGCTG-1_1_1_1_1	GSE222315_p4_NAT	GSE222315	DF.classifications_0.25_0.3_229	Singlet	pANN_0.25_0.3_229	0.211860111505322
GSE222315_GTTCCGTAGATCACCT-1_1_1_1_1	GSE222315_p4_NAT	GSE222315	DF.classifications_0.25_0.3_229	Singlet	pANN_0.25_0.3_229	0.162696401419159
GSE222315_GTTCCGTCACTTCATT-1_1_1_1_1	GSE222315_p4_NAT	GSE222315	DF.classifications_0.25_0.3_229	Singlet	pANN_0.25_0.3_229	0.233147491130258
GSE222315_GTTCCGTGTACAGCGA-1_1_1_1_1	GSE222315_p4_NAT	GSE222315	DF.classifications_0.25_0.3_229	Singlet	pANN_0.25_0.3_229	0.208819057273188
GSE222315_GTTCCGTGTACTCGAT-1_1_1_1_1	GSE222315_p4_NAT	GSE222315	DF.classifications_0.25_0.3_229	Singlet	pANN_0.25_0.3_229	0.198682209832742
GSE222315_GTTCCGTGTCGTCGGT-1_1_1_1_1	GSE222315_p4_NAT	GSE222315	DF.classifications_0.25_0.3_229	Singlet	pANN_0.25_0.3_229	0.194120628484541
GSE222315_GTTCGCTAGTGCCTCG-1_1_1_1_1	GSE222315_p4_NAT	GSE222315	DF.classifications_0.25_0.3_229	Singlet	pANN_0.25_0.3_229	0.200709579320831
GSE222315_GTTCGCTAGTTCGGTT-1_1_1_1_1	GSE222315_p4_NAT	GSE222315	DF.classifications_0.25_0.3_229	Singlet	pANN_0.25_0.3_229	0.252407501267106
GSE222315_GTTCGCTCAAGACCGA-1_1_1_1_1	GSE222315_p4_NAT	GSE222315	DF.classifications_0.25_0.3_229	Singlet	pANN_0.25_0.3_229	0.134820070957932
GSE222315_GTTCGCTCAAGTGGTG-1_1_1_1_1	GSE222315_p4_NAT	GSE222315	DF.classifications_0.25_0.3_229	Singlet	pANN_0.25_0.3_229	0.123162696401419
GSE222315_GTTCGCTCACCTGATA-1_1_1_1_1	GSE222315_p4_NAT	GSE222315	DF.classifications_0.25_0.3_229	Singlet	pANN_0.25_0.3_229	0.269133299543842
GSE222315_GTTCGCTGTGCGCTCA-1_1_1_1_1	GSE222315_p4_NAT	GSE222315	DF.classifications_0.25_0.3_229	Singlet	pANN_0.25_0.3_229	0.342118601115053
GSE222315_GTTCGCTGTTTCTTAC-1_1_1_1_1	GSE222315_p4_NAT	GSE222315	DF.classifications_0.25_0.3_229	Singlet	pANN_0.25_0.3_229	0.194120628484541
GSE222315_GTTCGCTTCCAGCACG-1_1_1_1_1	GSE222315_p4_NAT	GSE222315	DF.classifications_0.25_0.3_229	Singlet	pANN_0.25_0.3_229	0.336543335022808
GSE222315_GTTCGCTTCTTAGGAC-1_1_1_1_1	GSE222315_p4_NAT	GSE222315	DF.classifications_0.25_0.3_229	Singlet	pANN_0.25_0.3_229	0.166751140395337
GSE222315_GTTCTATAGAAACTGT-1_1_1_1_1	GSE222315_p4_NAT	GSE222315	DF.classifications_0.25_0.3_229	Singlet	pANN_0.25_0.3_229	0.181956411556006
GSE222315_GTTCTATCAAACGAGC-1_1_1_1_1	GSE222315_p4_NAT	GSE222315	DF.classifications_0.25_0.3_229	Singlet	pANN_0.25_0.3_229	0.314242270653827
GSE222315_GTTCTATCACAGCTGC-1_1_1_1_1	GSE222315_p4_NAT	GSE222315	DF.classifications_0.25_0.3_229	Singlet	pANN_0.25_0.3_229	0.2113532691333
GSE222315_GTTGAACAGCGCAATG-1_1_1_1_1	GSE222315_p4_NAT	GSE222315	DF.classifications_0.25_0.3_229	Singlet	pANN_0.25_0.3_229	0.119107957425241
GSE222315_GTTGAACCATGAGATA-1_1_1_1_1	GSE222315_p4_NAT	GSE222315	DF.classifications_0.25_0.3_229	Singlet	pANN_0.25_0.3_229	0.36340598073999
GSE222315_GTTGAACGTAGCGTAG-1_1_1_1_1	GSE222315_p4_NAT	GSE222315	DF.classifications_0.25_0.3_229	Singlet	pANN_0.25_0.3_229	0.251900658895084
GSE222315_GTTGAACGTCAACACT-1_1_1_1_1	GSE222315_p4_NAT	GSE222315	DF.classifications_0.25_0.3_229	Singlet	pANN_0.25_0.3_229	0.137354282818044
GSE222315_GTTGAACTCCGGTTCT-1_1_1_1_1	GSE222315_p4_NAT	GSE222315	DF.classifications_0.25_0.3_229	Singlet	pANN_0.25_0.3_229	0.157121135326913
GSE222315_GTTGAACTCGCGTTTC-1_1_1_1_1	GSE222315_p4_NAT	GSE222315	DF.classifications_0.25_0.3_229	Singlet	pANN_0.25_0.3_229	0.207805372529143
GSE222315_GTTGAACTCTAAGAAG-1_1_1_1_1	GSE222315_p4_NAT	GSE222315	DF.classifications_0.25_0.3_229	Singlet	pANN_0.25_0.3_229	0.192600101368474
GSE222315_GTTGCGGAGAGAAGGT-1_1_1_1_1	GSE222315_p4_NAT	GSE222315	DF.classifications_0.25_0.3_229	Singlet	pANN_0.25_0.3_229	0.201723264064876
GSE222315_GTTGCGGAGGTCTACT-1_1_1_1_1	GSE222315_p4_NAT	GSE222315	DF.classifications_0.25_0.3_229	Singlet	pANN_0.25_0.3_229	0.334009123162696
GSE222315_GTTGCGGGTCTAGGCC-1_1_1_1_1	GSE222315_p4_NAT	GSE222315	DF.classifications_0.25_0.3_229	Singlet	pANN_0.25_0.3_229	0.19158641662443
GSE222315_GTTGCTCAGAGATTCA-1_1_1_1_1	GSE222315_p4_NAT	GSE222315	DF.classifications_0.25_0.3_229	Singlet	pANN_0.25_0.3_229	0.167257982767359
GSE222315_GTTGCTCAGCGCTTCG-1_1_1_1_1	GSE222315_p4_NAT	GSE222315	DF.classifications_0.25_0.3_229	Singlet	pANN_0.25_0.3_229	0.203750633552965
GSE222315_GTTGCTCAGTCCCGAC-1_1_1_1_1	GSE222315_p4_NAT	GSE222315	DF.classifications_0.25_0.3_229	Singlet	pANN_0.25_0.3_229	0.184490623416118
GSE222315_GTTGCTCCACCGTACG-1_1_1_1_1	GSE222315_p4_NAT	GSE222315	DF.classifications_0.25_0.3_229	Singlet	pANN_0.25_0.3_229	0.206791687785099
GSE222315_GTTGCTCCACGATTCA-1_1_1_1_1	GSE222315_p4_NAT	GSE222315	DF.classifications_0.25_0.3_229	Singlet	pANN_0.25_0.3_229	0.223517486061835
GSE222315_GTTGCTCCATAATCGC-1_1_1_1_1	GSE222315_p4_NAT	GSE222315	DF.classifications_0.25_0.3_229	Singlet	pANN_0.25_0.3_229	0.206284845413077
GSE222315_GTTGCTCCATTCTTCA-1_1_1_1_1	GSE222315_p4_NAT	GSE222315	DF.classifications_0.25_0.3_229	Singlet	pANN_0.25_0.3_229	0.20932589964521
GSE222315_GTTGCTCGTACAAGCG-1_1_1_1_1	GSE222315_p4_NAT	GSE222315	DF.classifications_0.25_0.3_229	Doublet	pANN_0.25_0.3_229	0.399391789153573
GSE222315_GTTGCTCTCGGTAAGG-1_1_1_1_1	GSE222315_p4_NAT	GSE222315	DF.classifications_0.25_0.3_229	Singlet	pANN_0.25_0.3_229	0.267612772427775
GSE222315_GTTGTAGAGATGCCGA-1_1_1_1_1	GSE222315_p4_NAT	GSE222315	DF.classifications_0.25_0.3_229	Singlet	pANN_0.25_0.3_229	0.22909275215408
GSE222315_GTTGTAGCAAATTAGG-1_1_1_1_1	GSE222315_p4_NAT	GSE222315	DF.classifications_0.25_0.3_229	Singlet	pANN_0.25_0.3_229	0.160162189559047
GSE222315_GTTGTAGCAAGATCCT-1_1_1_1_1	GSE222315_p4_NAT	GSE222315	DF.classifications_0.25_0.3_229	Singlet	pANN_0.25_0.3_229	0.292448048656868
GSE222315_GTTGTAGGTCCTGTTC-1_1_1_1_1	GSE222315_p4_NAT	GSE222315	DF.classifications_0.25_0.3_229	Singlet	pANN_0.25_0.3_229	0.149518499746579
GSE222315_GTTGTCCAGACATACA-1_1_1_1_1	GSE222315_p4_NAT	GSE222315	DF.classifications_0.25_0.3_229	Singlet	pANN_0.25_0.3_229	0.356310187531678
GSE222315_GTTGTCCAGATGTAGT-1_1_1_1_1	GSE222315_p4_NAT	GSE222315	DF.classifications_0.25_0.3_229	Singlet	pANN_0.25_0.3_229	0.184490623416118
GSE222315_GTTGTCCAGCCTATCA-1_1_1_1_1	GSE222315_p4_NAT	GSE222315	DF.classifications_0.25_0.3_229	Singlet	pANN_0.25_0.3_229	0.19158641662443
GSE222315_GTTGTCCCAATCAGCT-1_1_1_1_1	GSE222315_p4_NAT	GSE222315	DF.classifications_0.25_0.3_229	Singlet	pANN_0.25_0.3_229	0.154586923466802
GSE222315_GTTGTCCGTGCCGTAC-1_1_1_1_1	GSE222315_p4_NAT	GSE222315	DF.classifications_0.25_0.3_229	Singlet	pANN_0.25_0.3_229	0.358844399391789
GSE222315_GTTGTCCGTGTTCCTC-1_1_1_1_1	GSE222315_p4_NAT	GSE222315	DF.classifications_0.25_0.3_229	Singlet	pANN_0.25_0.3_229	0.146984287886467
GSE222315_GTTGTGAAGAGGGTCT-1_1_1_1_1	GSE222315_p4_NAT	GSE222315	DF.classifications_0.25_0.3_229	Singlet	pANN_0.25_0.3_229	0.163203243791181
GSE222315_GTTGTGAAGGTCTACT-1_1_1_1_1	GSE222315_p4_NAT	GSE222315	DF.classifications_0.25_0.3_229	Singlet	pANN_0.25_0.3_229	0.183476938672073
GSE222315_GTTGTGAAGTAAACAC-1_1_1_1_1	GSE222315_p4_NAT	GSE222315	DF.classifications_0.25_0.3_229	Doublet	pANN_0.25_0.3_229	0.394830207805373
GSE222315_GTTGTGAAGTAGACAT-1_1_1_1_1	GSE222315_p4_NAT	GSE222315	DF.classifications_0.25_0.3_229	Doublet	pANN_0.25_0.3_229	0.390775468829194
GSE222315_GTTGTGAAGTTGAATG-1_1_1_1_1	GSE222315_p4_NAT	GSE222315	DF.classifications_0.25_0.3_229	Singlet	pANN_0.25_0.3_229	0.2159148504815
GSE222315_GTTGTGAGTTCGTTCC-1_1_1_1_1	GSE222315_p4_NAT	GSE222315	DF.classifications_0.25_0.3_229	Singlet	pANN_0.25_0.3_229	0.172833248859605
GSE222315_GTTGTGAGTTCTTAGG-1_1_1_1_1	GSE222315_p4_NAT	GSE222315	DF.classifications_0.25_0.3_229	Singlet	pANN_0.25_0.3_229	0.170805879371515
GSE222315_GTTTACTAGAGCAACC-1_1_1_1_1	GSE222315_p4_NAT	GSE222315	DF.classifications_0.25_0.3_229	Singlet	pANN_0.25_0.3_229	0.23568170299037
GSE222315_GTTTACTAGTCGCCAC-1_1_1_1_1	GSE222315_p4_NAT	GSE222315	DF.classifications_0.25_0.3_229	Doublet	pANN_0.25_0.3_229	0.406487582361885
GSE222315_GTTTACTCAAGTATCC-1_1_1_1_1	GSE222315_p4_NAT	GSE222315	DF.classifications_0.25_0.3_229	Singlet	pANN_0.25_0.3_229	0.288393309680689
GSE222315_GTTTACTGTGACTGTT-1_1_1_1_1	GSE222315_p4_NAT	GSE222315	DF.classifications_0.25_0.3_229	Singlet	pANN_0.25_0.3_229	0.371008616320324
GSE222315_GTTTACTGTGAGAACC-1_1_1_1_1	GSE222315_p4_NAT	GSE222315	DF.classifications_0.25_0.3_229	Singlet	pANN_0.25_0.3_229	0.142422706538267
GSE222315_GTTTACTTCGCGAAGA-1_1_1_1_1	GSE222315_p4_NAT	GSE222315	DF.classifications_0.25_0.3_229	Doublet	pANN_0.25_0.3_229	0.406487582361885
GSE222315_GTTTGGAGTGGCTGCT-1_1_1_1_1	GSE222315_p4_NAT	GSE222315	DF.classifications_0.25_0.3_229	Singlet	pANN_0.25_0.3_229	0.173340091231627
GSE222315_GTTTGGATCCAATGCA-1_1_1_1_1	GSE222315_p4_NAT	GSE222315	DF.classifications_0.25_0.3_229	Singlet	pANN_0.25_0.3_229	0.261023821591485
GSE222315_TAACACGAGGTTCCAT-1_1_1_1_1	GSE222315_p4_NAT	GSE222315	DF.classifications_0.25_0.3_229	Singlet	pANN_0.25_0.3_229	0.121642169285352
GSE222315_TAACACGAGTCTAACC-1_1_1_1_1	GSE222315_p4_NAT	GSE222315	DF.classifications_0.25_0.3_229	Singlet	pANN_0.25_0.3_229	0.252407501267106
GSE222315_TAACACGCATTGAGCT-1_1_1_1_1	GSE222315_p4_NAT	GSE222315	DF.classifications_0.25_0.3_229	Singlet	pANN_0.25_0.3_229	0.320324379118094
GSE222315_TAACACGGTACCTAGT-1_1_1_1_1	GSE222315_p4_NAT	GSE222315	DF.classifications_0.25_0.3_229	Singlet	pANN_0.25_0.3_229	0.220983274201723
GSE222315_TAACACGGTGAATATG-1_1_1_1_1	GSE222315_p4_NAT	GSE222315	DF.classifications_0.25_0.3_229	Singlet	pANN_0.25_0.3_229	0.245818550430816
GSE222315_TAACACGTCCACATAG-1_1_1_1_1	GSE222315_p4_NAT	GSE222315	DF.classifications_0.25_0.3_229	Singlet	pANN_0.25_0.3_229	0.158134820070958
GSE222315_TAACACGTCCTCTAAT-1_1_1_1_1	GSE222315_p4_NAT	GSE222315	DF.classifications_0.25_0.3_229	Singlet	pANN_0.25_0.3_229	0.234161175874303
GSE222315_TAACCAGAGGCGATAC-1_1_1_1_1	GSE222315_p4_NAT	GSE222315	DF.classifications_0.25_0.3_229	Singlet	pANN_0.25_0.3_229	0.190572731880385
GSE222315_TAACCAGCAATGCAGG-1_1_1_1_1	GSE222315_p4_NAT	GSE222315	DF.classifications_0.25_0.3_229	Singlet	pANN_0.25_0.3_229	0.175874303091738
GSE222315_TAACCAGGTGGTCTTA-1_1_1_1_1	GSE222315_p4_NAT	GSE222315	DF.classifications_0.25_0.3_229	Singlet	pANN_0.25_0.3_229	0.2159148504815
GSE222315_TAACCAGGTTACCCAA-1_1_1_1_1	GSE222315_p4_NAT	GSE222315	DF.classifications_0.25_0.3_229	Singlet	pANN_0.25_0.3_229	0.188038520020274
GSE222315_TAACCAGGTTGTTGTG-1_1_1_1_1	GSE222315_p4_NAT	GSE222315	DF.classifications_0.25_0.3_229	Singlet	pANN_0.25_0.3_229	0.246832235174861
GSE222315_TAACGACCAATAGAGT-1_1_1_1_1	GSE222315_p4_NAT	GSE222315	DF.classifications_0.25_0.3_229	Singlet	pANN_0.25_0.3_229	0.171312721743538
GSE222315_TAACGACGTCGCATTA-1_1_1_1_1	GSE222315_p4_NAT	GSE222315	DF.classifications_0.25_0.3_229	Singlet	pANN_0.25_0.3_229	0.177901672579828
GSE222315_TAACGACGTGTCTAAC-1_1_1_1_1	GSE222315_p4_NAT	GSE222315	DF.classifications_0.25_0.3_229	Singlet	pANN_0.25_0.3_229	0.36999493157628
GSE222315_TAACTTCAGTCGAAGC-1_1_1_1_1	GSE222315_p4_NAT	GSE222315	DF.classifications_0.25_0.3_229	Singlet	pANN_0.25_0.3_229	0.186011150532184
GSE222315_TAACTTCCATGACAAA-1_1_1_1_1	GSE222315_p4_NAT	GSE222315	DF.classifications_0.25_0.3_229	Singlet	pANN_0.25_0.3_229	0.195641155600608
GSE222315_TAACTTCGTGTTACTG-1_1_1_1_1	GSE222315_p4_NAT	GSE222315	DF.classifications_0.25_0.3_229	Singlet	pANN_0.25_0.3_229	0.167764825139382
GSE222315_TAACTTCTCAACTGGT-1_1_1_1_1	GSE222315_p4_NAT	GSE222315	DF.classifications_0.25_0.3_229	Singlet	pANN_0.25_0.3_229	0.225038013177902
GSE222315_TAAGCACAGCAACCAG-1_1_1_1_1	GSE222315_p4_NAT	GSE222315	DF.classifications_0.25_0.3_229	Singlet	pANN_0.25_0.3_229	0.201216421692854
GSE222315_TAAGCACGTCGCCTAG-1_1_1_1_1	GSE222315_p4_NAT	GSE222315	DF.classifications_0.25_0.3_229	Singlet	pANN_0.25_0.3_229	0.365433350228079
GSE222315_TAAGCACGTGCACGCT-1_1_1_1_1	GSE222315_p4_NAT	GSE222315	DF.classifications_0.25_0.3_229	Singlet	pANN_0.25_0.3_229	0.279270146984288
GSE222315_TAAGCACGTGGTCCCA-1_1_1_1_1	GSE222315_p4_NAT	GSE222315	DF.classifications_0.25_0.3_229	Singlet	pANN_0.25_0.3_229	0.37658388241257
GSE222315_TAAGCACGTTCCTACC-1_1_1_1_1	GSE222315_p4_NAT	GSE222315	DF.classifications_0.25_0.3_229	Singlet	pANN_0.25_0.3_229	0.365940192600101
GSE222315_TAAGCACTCCCTTTGG-1_1_1_1_1	GSE222315_p4_NAT	GSE222315	DF.classifications_0.25_0.3_229	Singlet	pANN_0.25_0.3_229	0.234668018246325
GSE222315_TAAGCACTCTTTGATC-1_1_1_1_1	GSE222315_p4_NAT	GSE222315	DF.classifications_0.25_0.3_229	Singlet	pANN_0.25_0.3_229	0.352255448555499
GSE222315_TAAGCCAGTGTTCCTC-1_1_1_1_1	GSE222315_p4_NAT	GSE222315	DF.classifications_0.25_0.3_229	Singlet	pANN_0.25_0.3_229	0.292448048656868
GSE222315_TAAGCCATCGACGATT-1_1_1_1_1	GSE222315_p4_NAT	GSE222315	DF.classifications_0.25_0.3_229	Doublet	pANN_0.25_0.3_229	0.392802838317283
GSE222315_TAAGCGTAGTGAGTGC-1_1_1_1_1	GSE222315_p4_NAT	GSE222315	DF.classifications_0.25_0.3_229	Doublet	pANN_0.25_0.3_229	0.417638114546376
GSE222315_TAAGCGTAGTTGGCGA-1_1_1_1_1	GSE222315_p4_NAT	GSE222315	DF.classifications_0.25_0.3_229	Singlet	pANN_0.25_0.3_229	0.246832235174861
GSE222315_TAAGCGTCACAGAGAC-1_1_1_1_1	GSE222315_p4_NAT	GSE222315	DF.classifications_0.25_0.3_229	Singlet	pANN_0.25_0.3_229	0.235174860618348
GSE222315_TAAGCGTGTTTCGTTT-1_1_1_1_1	GSE222315_p4_NAT	GSE222315	DF.classifications_0.25_0.3_229	Singlet	pANN_0.25_0.3_229	0.177394830207805
GSE222315_TAAGCGTTCCAACTAG-1_1_1_1_1	GSE222315_p4_NAT	GSE222315	DF.classifications_0.25_0.3_229	Singlet	pANN_0.25_0.3_229	0.207298530157121
GSE222315_TAAGCGTTCGAATCCA-1_1_1_1_1	GSE222315_p4_NAT	GSE222315	DF.classifications_0.25_0.3_229	Singlet	pANN_0.25_0.3_229	0.157121135326913
GSE222315_TAAGTCGAGCGAACTG-1_1_1_1_1	GSE222315_p4_NAT	GSE222315	DF.classifications_0.25_0.3_229	Singlet	pANN_0.25_0.3_229	0.182970096300051
GSE222315_TAAGTCGAGGCACCAA-1_1_1_1_1	GSE222315_p4_NAT	GSE222315	DF.classifications_0.25_0.3_229	Singlet	pANN_0.25_0.3_229	0.20476431829701
GSE222315_TAAGTCGAGTATAGGT-1_1_1_1_1	GSE222315_p4_NAT	GSE222315	DF.classifications_0.25_0.3_229	Singlet	pANN_0.25_0.3_229	0.33046122655854
GSE222315_TAAGTCGCATCGAACT-1_1_1_1_1	GSE222315_p4_NAT	GSE222315	DF.classifications_0.25_0.3_229	Singlet	pANN_0.25_0.3_229	0.300050684237202
GSE222315_TAATCTCAGACCCGCT-1_1_1_1_1	GSE222315_p4_NAT	GSE222315	DF.classifications_0.25_0.3_229	Singlet	pANN_0.25_0.3_229	0.188038520020274
GSE222315_TAATCTCAGTGGTCAG-1_1_1_1_1	GSE222315_p4_NAT	GSE222315	DF.classifications_0.25_0.3_229	Doublet	pANN_0.25_0.3_229	0.419665484034465
GSE222315_TAATCTCAGTTAGTAG-1_1_1_1_1	GSE222315_p4_NAT	GSE222315	DF.classifications_0.25_0.3_229	Singlet	pANN_0.25_0.3_229	0.240243284338571
GSE222315_TAATCTCCACCATATG-1_1_1_1_1	GSE222315_p4_NAT	GSE222315	DF.classifications_0.25_0.3_229	Singlet	pANN_0.25_0.3_229	0.286872782564622
GSE222315_TAATTCCAGGGCATGT-1_1_1_1_1	GSE222315_p4_NAT	GSE222315	DF.classifications_0.25_0.3_229	Singlet	pANN_0.25_0.3_229	0.366447034972124
GSE222315_TAATTCCCAAGCGAGT-1_1_1_1_1	GSE222315_p4_NAT	GSE222315	DF.classifications_0.25_0.3_229	Singlet	pANN_0.25_0.3_229	0.19817536746072
GSE222315_TAATTCCCAATACCCA-1_1_1_1_1	GSE222315_p4_NAT	GSE222315	DF.classifications_0.25_0.3_229	Singlet	pANN_0.25_0.3_229	0.360871768879878
GSE222315_TAATTCCTCCATTGGA-1_1_1_1_1	GSE222315_p4_NAT	GSE222315	DF.classifications_0.25_0.3_229	Singlet	pANN_0.25_0.3_229	0.219969589457679
GSE222315_TACAACGAGACATGCG-1_1_1_1_1	GSE222315_p4_NAT	GSE222315	DF.classifications_0.25_0.3_229	Doublet	pANN_0.25_0.3_229	0.395337050177395
GSE222315_TACAACGAGATCGGTG-1_1_1_1_1	GSE222315_p4_NAT	GSE222315	DF.classifications_0.25_0.3_229	Singlet	pANN_0.25_0.3_229	0.253928028383173
GSE222315_TACAACGGTAGCGTAG-1_1_1_1_1	GSE222315_p4_NAT	GSE222315	DF.classifications_0.25_0.3_229	Singlet	pANN_0.25_0.3_229	0.228585909782058
GSE222315_TACAACGGTATGGTAA-1_1_1_1_1	GSE222315_p4_NAT	GSE222315	DF.classifications_0.25_0.3_229	Singlet	pANN_0.25_0.3_229	0.251900658895084
GSE222315_TACACCCAGCTTTCCC-1_1_1_1_1	GSE222315_p4_NAT	GSE222315	DF.classifications_0.25_0.3_229	Singlet	pANN_0.25_0.3_229	0.376077040040547
GSE222315_TACACCCTCGGTTGTA-1_1_1_1_1	GSE222315_p4_NAT	GSE222315	DF.classifications_0.25_0.3_229	Singlet	pANN_0.25_0.3_229	0.219462747085656
GSE222315_TACACCCTCTTACTGT-1_1_1_1_1	GSE222315_p4_NAT	GSE222315	DF.classifications_0.25_0.3_229	Singlet	pANN_0.25_0.3_229	0.367967562088191
GSE222315_TACAGGTAGATCGACG-1_1_1_1_1	GSE222315_p4_NAT	GSE222315	DF.classifications_0.25_0.3_229	Singlet	pANN_0.25_0.3_229	0.144450076026356
GSE222315_TACAGGTAGCGCAATG-1_1_1_1_1	GSE222315_p4_NAT	GSE222315	DF.classifications_0.25_0.3_229	Singlet	pANN_0.25_0.3_229	0.170805879371515
GSE222315_TACAGGTGTCGCTTGG-1_1_1_1_1	GSE222315_p4_NAT	GSE222315	DF.classifications_0.25_0.3_229	Singlet	pANN_0.25_0.3_229	0.214901165737456
GSE222315_TACAGGTTCTAAGCCA-1_1_1_1_1	GSE222315_p4_NAT	GSE222315	DF.classifications_0.25_0.3_229	Singlet	pANN_0.25_0.3_229	0.203243791180943
GSE222315_TACATTCAGATAGTCA-1_1_1_1_1	GSE222315_p4_NAT	GSE222315	DF.classifications_0.25_0.3_229	Singlet	pANN_0.25_0.3_229	0.17181956411556
GSE222315_TACATTCAGCCATCCG-1_1_1_1_1	GSE222315_p4_NAT	GSE222315	DF.classifications_0.25_0.3_229	Singlet	pANN_0.25_0.3_229	0.187531677648251
GSE222315_TACATTCAGTTGCATC-1_1_1_1_1	GSE222315_p4_NAT	GSE222315	DF.classifications_0.25_0.3_229	Singlet	pANN_0.25_0.3_229	0.283831728332489
GSE222315_TACATTCCAGAGCCCT-1_1_1_1_1	GSE222315_p4_NAT	GSE222315	DF.classifications_0.25_0.3_229	Singlet	pANN_0.25_0.3_229	0.348707551951343
GSE222315_TACATTCGTAAGGCCA-1_1_1_1_1	GSE222315_p4_NAT	GSE222315	DF.classifications_0.25_0.3_229	Singlet	pANN_0.25_0.3_229	0.214901165737456
GSE222315_TACATTCGTAGAGACC-1_1_1_1_1	GSE222315_p4_NAT	GSE222315	DF.classifications_0.25_0.3_229	Singlet	pANN_0.25_0.3_229	0.17840851495185
GSE222315_TACATTCGTATCGATC-1_1_1_1_1	GSE222315_p4_NAT	GSE222315	DF.classifications_0.25_0.3_229	Singlet	pANN_0.25_0.3_229	0.159655347187025
GSE222315_TACATTCGTCTGCATA-1_1_1_1_1	GSE222315_p4_NAT	GSE222315	DF.classifications_0.25_0.3_229	Singlet	pANN_0.25_0.3_229	0.123669538773441
GSE222315_TACATTCGTGGGATTG-1_1_1_1_1	GSE222315_p4_NAT	GSE222315	DF.classifications_0.25_0.3_229	Singlet	pANN_0.25_0.3_229	0.326406487582362
GSE222315_TACATTCTCACGGGCT-1_1_1_1_1	GSE222315_p4_NAT	GSE222315	DF.classifications_0.25_0.3_229	Singlet	pANN_0.25_0.3_229	0.377597567156614
GSE222315_TACATTCTCTCATTTG-1_1_1_1_1	GSE222315_p4_NAT	GSE222315	DF.classifications_0.25_0.3_229	Singlet	pANN_0.25_0.3_229	0.209832742017233
GSE222315_TACATTCTCTGAATGC-1_1_1_1_1	GSE222315_p4_NAT	GSE222315	DF.classifications_0.25_0.3_229	Singlet	pANN_0.25_0.3_229	0.165737455651292
GSE222315_TACCCACAGTAGGAAG-1_1_1_1_1	GSE222315_p4_NAT	GSE222315	DF.classifications_0.25_0.3_229	Singlet	pANN_0.25_0.3_229	0.232640648758236
GSE222315_TACCCACGTAATCAAG-1_1_1_1_1	GSE222315_p4_NAT	GSE222315	DF.classifications_0.25_0.3_229	Singlet	pANN_0.25_0.3_229	0.203750633552965
GSE222315_TACCCACTCCGTTTCG-1_1_1_1_1	GSE222315_p4_NAT	GSE222315	DF.classifications_0.25_0.3_229	Singlet	pANN_0.25_0.3_229	0.256462240243284
GSE222315_TACCCACTCGTCGCTT-1_1_1_1_1	GSE222315_p4_NAT	GSE222315	DF.classifications_0.25_0.3_229	Singlet	pANN_0.25_0.3_229	0.157121135326913
GSE222315_TACCCACTCTCATTGT-1_1_1_1_1	GSE222315_p4_NAT	GSE222315	DF.classifications_0.25_0.3_229	Singlet	pANN_0.25_0.3_229	0.171312721743538
GSE222315_TACCCGTAGCATTTCG-1_1_1_1_1	GSE222315_p4_NAT	GSE222315	DF.classifications_0.25_0.3_229	Singlet	pANN_0.25_0.3_229	0.14749113025849
GSE222315_TACCCGTAGGTCCAGA-1_1_1_1_1	GSE222315_p4_NAT	GSE222315	DF.classifications_0.25_0.3_229	Singlet	pANN_0.25_0.3_229	0.172833248859605
GSE222315_TACCCGTCAATCCTAG-1_1_1_1_1	GSE222315_p4_NAT	GSE222315	DF.classifications_0.25_0.3_229	Singlet	pANN_0.25_0.3_229	0.260516979219463
GSE222315_TACCCGTGTACATTGC-1_1_1_1_1	GSE222315_p4_NAT	GSE222315	DF.classifications_0.25_0.3_229	Singlet	pANN_0.25_0.3_229	0.192093258996452
GSE222315_TACCCGTGTCCGGACT-1_1_1_1_1	GSE222315_p4_NAT	GSE222315	DF.classifications_0.25_0.3_229	Singlet	pANN_0.25_0.3_229	0.132792701469843
GSE222315_TACCCGTGTTGCTTGA-1_1_1_1_1	GSE222315_p4_NAT	GSE222315	DF.classifications_0.25_0.3_229	Singlet	pANN_0.25_0.3_229	0.158134820070958
GSE222315_TACCCGTGTTGGATCT-1_1_1_1_1	GSE222315_p4_NAT	GSE222315	DF.classifications_0.25_0.3_229	Singlet	pANN_0.25_0.3_229	0.193106943740497
GSE222315_TACCCGTTCTTCCCGA-1_1_1_1_1	GSE222315_p4_NAT	GSE222315	DF.classifications_0.25_0.3_229	Singlet	pANN_0.25_0.3_229	0.380131779016726
GSE222315_TACCGAAAGCGAGAAA-1_1_1_1_1	GSE222315_p4_NAT	GSE222315	DF.classifications_0.25_0.3_229	Singlet	pANN_0.25_0.3_229	0.239229599594526
GSE222315_TACCGAACACCCTCTA-1_1_1_1_1	GSE222315_p4_NAT	GSE222315	DF.classifications_0.25_0.3_229	Singlet	pANN_0.25_0.3_229	0.244804865686771
GSE222315_TACCGAAGTAACTTCG-1_1_1_1_1	GSE222315_p4_NAT	GSE222315	DF.classifications_0.25_0.3_229	Singlet	pANN_0.25_0.3_229	0.331981753674607
GSE222315_TACCGAAGTAGCCCTG-1_1_1_1_1	GSE222315_p4_NAT	GSE222315	DF.classifications_0.25_0.3_229	Singlet	pANN_0.25_0.3_229	0.209832742017233
GSE222315_TACCGAATCCGTAGGC-1_1_1_1_1	GSE222315_p4_NAT	GSE222315	DF.classifications_0.25_0.3_229	Singlet	pANN_0.25_0.3_229	0.199695894576787
GSE222315_TACCGAATCTTTGCTA-1_1_1_1_1	GSE222315_p4_NAT	GSE222315	DF.classifications_0.25_0.3_229	Singlet	pANN_0.25_0.3_229	0.182463253928028
GSE222315_TACCGGGGTTCCACGG-1_1_1_1_1	GSE222315_p4_NAT	GSE222315	DF.classifications_0.25_0.3_229	Singlet	pANN_0.25_0.3_229	0.278763304612266
GSE222315_TACCGGGGTTTGATCG-1_1_1_1_1	GSE222315_p4_NAT	GSE222315	DF.classifications_0.25_0.3_229	Singlet	pANN_0.25_0.3_229	0.302584896097314
GSE222315_TACCGGGTCCATTCAT-1_1_1_1_1	GSE222315_p4_NAT	GSE222315	DF.classifications_0.25_0.3_229	Singlet	pANN_0.25_0.3_229	0.379118094272681
GSE222315_TACCGGGTCGCAAGAG-1_1_1_1_1	GSE222315_p4_NAT	GSE222315	DF.classifications_0.25_0.3_229	Singlet	pANN_0.25_0.3_229	0.123162696401419
GSE222315_TACCGGGTCTCAATCT-1_1_1_1_1	GSE222315_p4_NAT	GSE222315	DF.classifications_0.25_0.3_229	Singlet	pANN_0.25_0.3_229	0.183983781044095
GSE222315_TACCTCGCAGAGATTA-1_1_1_1_1	GSE222315_p4_NAT	GSE222315	DF.classifications_0.25_0.3_229	Singlet	pANN_0.25_0.3_229	0.125696908261531
GSE222315_TACCTCGCATACACCA-1_1_1_1_1	GSE222315_p4_NAT	GSE222315	DF.classifications_0.25_0.3_229	Singlet	pANN_0.25_0.3_229	0.300050684237202
GSE222315_TACCTCGGTAGGTACG-1_1_1_1_1	GSE222315_p4_NAT	GSE222315	DF.classifications_0.25_0.3_229	Singlet	pANN_0.25_0.3_229	0.242777496198682
GSE222315_TACCTCGGTGGGTCAA-1_1_1_1_1	GSE222315_p4_NAT	GSE222315	DF.classifications_0.25_0.3_229	Singlet	pANN_0.25_0.3_229	0.256969082615307
GSE222315_TACCTCGGTGTACATC-1_1_1_1_1	GSE222315_p4_NAT	GSE222315	DF.classifications_0.25_0.3_229	Singlet	pANN_0.25_0.3_229	0.370501773948302
GSE222315_TACCTGCAGTGGTTCT-1_1_1_1_1	GSE222315_p4_NAT	GSE222315	DF.classifications_0.25_0.3_229	Singlet	pANN_0.25_0.3_229	0.162696401419159
GSE222315_TACCTGCCAACTAGAA-1_1_1_1_1	GSE222315_p4_NAT	GSE222315	DF.classifications_0.25_0.3_229	Singlet	pANN_0.25_0.3_229	0.157627977698936
GSE222315_TACCTGCCACGTCGTG-1_1_1_1_1	GSE222315_p4_NAT	GSE222315	DF.classifications_0.25_0.3_229	Singlet	pANN_0.25_0.3_229	0.367460719716168
GSE222315_TACCTGCCAGGTTCGC-1_1_1_1_1	GSE222315_p4_NAT	GSE222315	DF.classifications_0.25_0.3_229	Singlet	pANN_0.25_0.3_229	0.29954384186518
GSE222315_TACCTGCGTCTTGCTC-1_1_1_1_1	GSE222315_p4_NAT	GSE222315	DF.classifications_0.25_0.3_229	Singlet	pANN_0.25_0.3_229	0.17840851495185
GSE222315_TACCTGCGTTCTCCCA-1_1_1_1_1	GSE222315_p4_NAT	GSE222315	DF.classifications_0.25_0.3_229	Singlet	pANN_0.25_0.3_229	0.205778003041054
GSE222315_TACCTGCTCACTAGCA-1_1_1_1_1	GSE222315_p4_NAT	GSE222315	DF.classifications_0.25_0.3_229	Singlet	pANN_0.25_0.3_229	0.364926507856057
GSE222315_TACGCTCGTACGGGAT-1_1_1_1_1	GSE222315_p4_NAT	GSE222315	DF.classifications_0.25_0.3_229	Singlet	pANN_0.25_0.3_229	0.234161175874303
GSE222315_TACGCTCGTCCAAGAG-1_1_1_1_1	GSE222315_p4_NAT	GSE222315	DF.classifications_0.25_0.3_229	Singlet	pANN_0.25_0.3_229	0.212366953877344
GSE222315_TACGCTCGTCGCACGT-1_1_1_1_1	GSE222315_p4_NAT	GSE222315	DF.classifications_0.25_0.3_229	Singlet	pANN_0.25_0.3_229	0.138367967562088
GSE222315_TACGCTCGTGTGTACT-1_1_1_1_1	GSE222315_p4_NAT	GSE222315	DF.classifications_0.25_0.3_229	Singlet	pANN_0.25_0.3_229	0.347187024835276
GSE222315_TACGCTCGTTGCGGAA-1_1_1_1_1	GSE222315_p4_NAT	GSE222315	DF.classifications_0.25_0.3_229	Singlet	pANN_0.25_0.3_229	0.192093258996452
GSE222315_TACGCTCTCCGAGAAG-1_1_1_1_1	GSE222315_p4_NAT	GSE222315	DF.classifications_0.25_0.3_229	Singlet	pANN_0.25_0.3_229	0.240750126710593
GSE222315_TACGCTCTCTATGCCC-1_1_1_1_1	GSE222315_p4_NAT	GSE222315	DF.classifications_0.25_0.3_229	Singlet	pANN_0.25_0.3_229	0.251393816523061
GSE222315_TACGGGCAGCCGAATG-1_1_1_1_1	GSE222315_p4_NAT	GSE222315	DF.classifications_0.25_0.3_229	Singlet	pANN_0.25_0.3_229	0.190572731880385
GSE222315_TACGGGCAGCTATCTG-1_1_1_1_1	GSE222315_p4_NAT	GSE222315	DF.classifications_0.25_0.3_229	Singlet	pANN_0.25_0.3_229	0.33248859604663
GSE222315_TACGGGCAGTCAGCGA-1_1_1_1_1	GSE222315_p4_NAT	GSE222315	DF.classifications_0.25_0.3_229	Singlet	pANN_0.25_0.3_229	0.221996958945768
GSE222315_TACGGGCGTTTGGCTA-1_1_1_1_1	GSE222315_p4_NAT	GSE222315	DF.classifications_0.25_0.3_229	Singlet	pANN_0.25_0.3_229	0.190065889508363
GSE222315_TACGGGCTCGGAATTC-1_1_1_1_1	GSE222315_p4_NAT	GSE222315	DF.classifications_0.25_0.3_229	Singlet	pANN_0.25_0.3_229	0.119107957425241
GSE222315_TACGGGCTCTTGGTGA-1_1_1_1_1	GSE222315_p4_NAT	GSE222315	DF.classifications_0.25_0.3_229	Singlet	pANN_0.25_0.3_229	0.208819057273188
GSE222315_TACGGTAAGACGGTCA-1_1_1_1_1	GSE222315_p4_NAT	GSE222315	DF.classifications_0.25_0.3_229	Singlet	pANN_0.25_0.3_229	0.171312721743538
GSE222315_TACGGTAAGTAAACTG-1_1_1_1_1	GSE222315_p4_NAT	GSE222315	DF.classifications_0.25_0.3_229	Singlet	pANN_0.25_0.3_229	0.125696908261531
GSE222315_TACGGTACACGCGGTT-1_1_1_1_1	GSE222315_p4_NAT	GSE222315	DF.classifications_0.25_0.3_229	Singlet	pANN_0.25_0.3_229	0.157121135326913
GSE222315_TACGGTAGTCATGACT-1_1_1_1_1	GSE222315_p4_NAT	GSE222315	DF.classifications_0.25_0.3_229	Doublet	pANN_0.25_0.3_229	0.398378104409529
GSE222315_TACGGTAGTTAGCGGA-1_1_1_1_1	GSE222315_p4_NAT	GSE222315	DF.classifications_0.25_0.3_229	Singlet	pANN_0.25_0.3_229	0.328940699442473
GSE222315_TACGGTAGTTCGATTG-1_1_1_1_1	GSE222315_p4_NAT	GSE222315	DF.classifications_0.25_0.3_229	Singlet	pANN_0.25_0.3_229	0.145970603142423
GSE222315_TACGGTATCAAGTAAG-1_1_1_1_1	GSE222315_p4_NAT	GSE222315	DF.classifications_0.25_0.3_229	Singlet	pANN_0.25_0.3_229	0.129751647237709
GSE222315_TACGGTATCACGACTA-1_1_1_1_1	GSE222315_p4_NAT	GSE222315	DF.classifications_0.25_0.3_229	Doublet	pANN_0.25_0.3_229	0.401926001013685
GSE222315_TACGGTATCCGATCGG-1_1_1_1_1	GSE222315_p4_NAT	GSE222315	DF.classifications_0.25_0.3_229	Singlet	pANN_0.25_0.3_229	0.251900658895084
GSE222315_TACGTCCAGATGCTAA-1_1_1_1_1	GSE222315_p4_NAT	GSE222315	DF.classifications_0.25_0.3_229	Singlet	pANN_0.25_0.3_229	0.238722757222504
GSE222315_TACGTCCAGGTTATAG-1_1_1_1_1	GSE222315_p4_NAT	GSE222315	DF.classifications_0.25_0.3_229	Singlet	pANN_0.25_0.3_229	0.377090724784592
GSE222315_TACGTCCCACGCTATA-1_1_1_1_1	GSE222315_p4_NAT	GSE222315	DF.classifications_0.25_0.3_229	Singlet	pANN_0.25_0.3_229	0.319817536746072
GSE222315_TACGTCCCATTCACCC-1_1_1_1_1	GSE222315_p4_NAT	GSE222315	DF.classifications_0.25_0.3_229	Singlet	pANN_0.25_0.3_229	0.220476431829701
GSE222315_TACGTCCGTAACGTTC-1_1_1_1_1	GSE222315_p4_NAT	GSE222315	DF.classifications_0.25_0.3_229	Singlet	pANN_0.25_0.3_229	0.173846933603649
GSE222315_TACGTCCGTAAGATAC-1_1_1_1_1	GSE222315_p4_NAT	GSE222315	DF.classifications_0.25_0.3_229	Singlet	pANN_0.25_0.3_229	0.2113532691333
GSE222315_TACGTCCTCTGGCCAG-1_1_1_1_1	GSE222315_p4_NAT	GSE222315	DF.classifications_0.25_0.3_229	Singlet	pANN_0.25_0.3_229	0.367967562088191
GSE222315_TACTGCCAGTATGATG-1_1_1_1_1	GSE222315_p4_NAT	GSE222315	DF.classifications_0.25_0.3_229	Singlet	pANN_0.25_0.3_229	0.203243791180943
GSE222315_TACTGCCCACGTCTCT-1_1_1_1_1	GSE222315_p4_NAT	GSE222315	DF.classifications_0.25_0.3_229	Singlet	pANN_0.25_0.3_229	0.188545362392296
GSE222315_TACTGCCCAGCATGCC-1_1_1_1_1	GSE222315_p4_NAT	GSE222315	DF.classifications_0.25_0.3_229	Singlet	pANN_0.25_0.3_229	0.20476431829701
GSE222315_TACTGCCCATAACCCA-1_1_1_1_1	GSE222315_p4_NAT	GSE222315	DF.classifications_0.25_0.3_229	Singlet	pANN_0.25_0.3_229	0.181449569183984
GSE222315_TACTGCCCATCAGTGT-1_1_1_1_1	GSE222315_p4_NAT	GSE222315	DF.classifications_0.25_0.3_229	Singlet	pANN_0.25_0.3_229	0.188545362392296
GSE222315_TACTGCCCATTGACAC-1_1_1_1_1	GSE222315_p4_NAT	GSE222315	DF.classifications_0.25_0.3_229	Singlet	pANN_0.25_0.3_229	0.323365433350228
GSE222315_TACTGCCGTGATCATC-1_1_1_1_1	GSE222315_p4_NAT	GSE222315	DF.classifications_0.25_0.3_229	Singlet	pANN_0.25_0.3_229	0.244298023314749
GSE222315_TACTGCCTCAATCAGC-1_1_1_1_1	GSE222315_p4_NAT	GSE222315	DF.classifications_0.25_0.3_229	Singlet	pANN_0.25_0.3_229	0.295489102889002
GSE222315_TACTGCCTCACCGGGT-1_1_1_1_1	GSE222315_p4_NAT	GSE222315	DF.classifications_0.25_0.3_229	Singlet	pANN_0.25_0.3_229	0.174860618347694
GSE222315_TACTGCCTCCGCAACG-1_1_1_1_1	GSE222315_p4_NAT	GSE222315	DF.classifications_0.25_0.3_229	Singlet	pANN_0.25_0.3_229	0.228079067410035
GSE222315_TACTTACAGGACTGGT-1_1_1_1_1	GSE222315_p4_NAT	GSE222315	DF.classifications_0.25_0.3_229	Singlet	pANN_0.25_0.3_229	0.178915357323872
GSE222315_TACTTACCACATGAAA-1_1_1_1_1	GSE222315_p4_NAT	GSE222315	DF.classifications_0.25_0.3_229	Singlet	pANN_0.25_0.3_229	0.2113532691333
GSE222315_TACTTACCACGTAACT-1_1_1_1_1	GSE222315_p4_NAT	GSE222315	DF.classifications_0.25_0.3_229	Singlet	pANN_0.25_0.3_229	0.190065889508363
GSE222315_TACTTACGTGGAAGTC-1_1_1_1_1	GSE222315_p4_NAT	GSE222315	DF.classifications_0.25_0.3_229	Singlet	pANN_0.25_0.3_229	0.264571718195641
GSE222315_TACTTACTCCTTATGT-1_1_1_1_1	GSE222315_p4_NAT	GSE222315	DF.classifications_0.25_0.3_229	Singlet	pANN_0.25_0.3_229	0.182970096300051
GSE222315_TACTTACTCTCTGCCA-1_1_1_1_1	GSE222315_p4_NAT	GSE222315	DF.classifications_0.25_0.3_229	Singlet	pANN_0.25_0.3_229	0.245311708058794
GSE222315_TACTTCACACAAGCCC-1_1_1_1_1	GSE222315_p4_NAT	GSE222315	DF.classifications_0.25_0.3_229	Singlet	pANN_0.25_0.3_229	0.31931069437405
GSE222315_TACTTCACAGCTGTTA-1_1_1_1_1	GSE222315_p4_NAT	GSE222315	DF.classifications_0.25_0.3_229	Singlet	pANN_0.25_0.3_229	0.189559047136341
GSE222315_TACTTCAGTCTTGTCC-1_1_1_1_1	GSE222315_p4_NAT	GSE222315	DF.classifications_0.25_0.3_229	Singlet	pANN_0.25_0.3_229	0.199695894576787
GSE222315_TACTTCATCATTCGGA-1_1_1_1_1	GSE222315_p4_NAT	GSE222315	DF.classifications_0.25_0.3_229	Singlet	pANN_0.25_0.3_229	0.379624936644703
GSE222315_TACTTCATCGCTGTTC-1_1_1_1_1	GSE222315_p4_NAT	GSE222315	DF.classifications_0.25_0.3_229	Singlet	pANN_0.25_0.3_229	0.198682209832742
GSE222315_TACTTCATCTACCCAC-1_1_1_1_1	GSE222315_p4_NAT	GSE222315	DF.classifications_0.25_0.3_229	Singlet	pANN_0.25_0.3_229	0.18499746578814
GSE222315_TACTTCATCTCTGAGA-1_1_1_1_1	GSE222315_p4_NAT	GSE222315	DF.classifications_0.25_0.3_229	Singlet	pANN_0.25_0.3_229	0.20932589964521
GSE222315_TACTTGTAGATCGCCC-1_1_1_1_1	GSE222315_p4_NAT	GSE222315	DF.classifications_0.25_0.3_229	Singlet	pANN_0.25_0.3_229	0.151545869234668
GSE222315_TACTTGTAGGGTTAAT-1_1_1_1_1	GSE222315_p4_NAT	GSE222315	DF.classifications_0.25_0.3_229	Singlet	pANN_0.25_0.3_229	0.147997972630512
GSE222315_TACTTGTAGTATGACA-1_1_1_1_1	GSE222315_p4_NAT	GSE222315	DF.classifications_0.25_0.3_229	Doublet	pANN_0.25_0.3_229	0.409528636594019
GSE222315_TACTTGTCAAGGCAAC-1_1_1_1_1	GSE222315_p4_NAT	GSE222315	DF.classifications_0.25_0.3_229	Singlet	pANN_0.25_0.3_229	0.160669031931069
GSE222315_TACTTGTCACACCAGC-1_1_1_1_1	GSE222315_p4_NAT	GSE222315	DF.classifications_0.25_0.3_229	Singlet	pANN_0.25_0.3_229	0.207298530157121
GSE222315_TACTTGTGTAGATCCT-1_1_1_1_1	GSE222315_p4_NAT	GSE222315	DF.classifications_0.25_0.3_229	Singlet	pANN_0.25_0.3_229	0.122655854029397
GSE222315_TACTTGTGTAGTACGG-1_1_1_1_1	GSE222315_p4_NAT	GSE222315	DF.classifications_0.25_0.3_229	Doublet	pANN_0.25_0.3_229	0.405980739989863
GSE222315_TAGACCAGTTGTAGCT-1_1_1_1_1	GSE222315_p4_NAT	GSE222315	DF.classifications_0.25_0.3_229	Singlet	pANN_0.25_0.3_229	0.1454637607704
GSE222315_TAGACCATCAGTGTTG-1_1_1_1_1	GSE222315_p4_NAT	GSE222315	DF.classifications_0.25_0.3_229	Singlet	pANN_0.25_0.3_229	0.118094272681196
GSE222315_TAGACCATCATGAAAG-1_1_1_1_1	GSE222315_p4_NAT	GSE222315	DF.classifications_0.25_0.3_229	Doublet	pANN_0.25_0.3_229	0.399898631525596
GSE222315_TAGACTGAGCTAATCC-1_1_1_1_1	GSE222315_p4_NAT	GSE222315	DF.classifications_0.25_0.3_229	Singlet	pANN_0.25_0.3_229	0.118094272681196
GSE222315_TAGACTGCACAATCTG-1_1_1_1_1	GSE222315_p4_NAT	GSE222315	DF.classifications_0.25_0.3_229	Singlet	pANN_0.25_0.3_229	0.186011150532184
GSE222315_TAGACTGCACCCAACG-1_1_1_1_1	GSE222315_p4_NAT	GSE222315	DF.classifications_0.25_0.3_229	Singlet	pANN_0.25_0.3_229	0.383679675620882
GSE222315_TAGACTGGTCTTGCTC-1_1_1_1_1	GSE222315_p4_NAT	GSE222315	DF.classifications_0.25_0.3_229	Singlet	pANN_0.25_0.3_229	0.240750126710593
GSE222315_TAGACTGGTGTCCGTG-1_1_1_1_1	GSE222315_p4_NAT	GSE222315	DF.classifications_0.25_0.3_229	Singlet	pANN_0.25_0.3_229	0.141409021794222
GSE222315_TAGACTGGTTCTGACA-1_1_1_1_1	GSE222315_p4_NAT	GSE222315	DF.classifications_0.25_0.3_229	Singlet	pANN_0.25_0.3_229	0.179929042067917
GSE222315_TAGACTGTCCATTCGC-1_1_1_1_1	GSE222315_p4_NAT	GSE222315	DF.classifications_0.25_0.3_229	Singlet	pANN_0.25_0.3_229	0.374049670552458
GSE222315_TAGACTGTCGCCAATA-1_1_1_1_1	GSE222315_p4_NAT	GSE222315	DF.classifications_0.25_0.3_229	Singlet	pANN_0.25_0.3_229	0.123669538773441
GSE222315_TAGAGTCAGTGGATAT-1_1_1_1_1	GSE222315_p4_NAT	GSE222315	DF.classifications_0.25_0.3_229	Singlet	pANN_0.25_0.3_229	0.19158641662443
GSE222315_TAGAGTCCAGGACAGT-1_1_1_1_1	GSE222315_p4_NAT	GSE222315	DF.classifications_0.25_0.3_229	Singlet	pANN_0.25_0.3_229	0.274201723264065
GSE222315_TAGAGTCGTACCGGCT-1_1_1_1_1	GSE222315_p4_NAT	GSE222315	DF.classifications_0.25_0.3_229	Singlet	pANN_0.25_0.3_229	0.345666497719209
GSE222315_TAGAGTCGTTGTTTGG-1_1_1_1_1	GSE222315_p4_NAT	GSE222315	DF.classifications_0.25_0.3_229	Singlet	pANN_0.25_0.3_229	0.226051697921946
GSE222315_TAGAGTCTCCCGAGAC-1_1_1_1_1	GSE222315_p4_NAT	GSE222315	DF.classifications_0.25_0.3_229	Singlet	pANN_0.25_0.3_229	0.210846426761277
GSE222315_TAGATCGAGCCAAGCA-1_1_1_1_1	GSE222315_p4_NAT	GSE222315	DF.classifications_0.25_0.3_229	Singlet	pANN_0.25_0.3_229	0.168778509883426
GSE222315_TAGATCGCACAACGTT-1_1_1_1_1	GSE222315_p4_NAT	GSE222315	DF.classifications_0.25_0.3_229	Singlet	pANN_0.25_0.3_229	0.218449062341612
GSE222315_TAGATCGTCAGCTCTC-1_1_1_1_1	GSE222315_p4_NAT	GSE222315	DF.classifications_0.25_0.3_229	Singlet	pANN_0.25_0.3_229	0.186011150532184
GSE222315_TAGATCGTCGGCATAT-1_1_1_1_1	GSE222315_p4_NAT	GSE222315	DF.classifications_0.25_0.3_229	Singlet	pANN_0.25_0.3_229	0.169285352255449
GSE222315_TAGCACACAAACGAGC-1_1_1_1_1	GSE222315_p4_NAT	GSE222315	DF.classifications_0.25_0.3_229	Singlet	pANN_0.25_0.3_229	0.178915357323872
GSE222315_TAGCACATCCCAACTC-1_1_1_1_1	GSE222315_p4_NAT	GSE222315	DF.classifications_0.25_0.3_229	Singlet	pANN_0.25_0.3_229	0.158134820070958
GSE222315_TAGGAGGAGAGGTCGT-1_1_1_1_1	GSE222315_p4_NAT	GSE222315	DF.classifications_0.25_0.3_229	Singlet	pANN_0.25_0.3_229	0.225544855549924
GSE222315_TAGGAGGAGTCTCCTC-1_1_1_1_1	GSE222315_p4_NAT	GSE222315	DF.classifications_0.25_0.3_229	Singlet	pANN_0.25_0.3_229	0.354282818043588
GSE222315_TAGGAGGCAGATTTCG-1_1_1_1_1	GSE222315_p4_NAT	GSE222315	DF.classifications_0.25_0.3_229	Singlet	pANN_0.25_0.3_229	0.257982767359351
GSE222315_TAGGAGGGTCCAAAGG-1_1_1_1_1	GSE222315_p4_NAT	GSE222315	DF.classifications_0.25_0.3_229	Singlet	pANN_0.25_0.3_229	0.125190065889508
GSE222315_TAGGAGGTCCGCGATG-1_1_1_1_1	GSE222315_p4_NAT	GSE222315	DF.classifications_0.25_0.3_229	Singlet	pANN_0.25_0.3_229	0.261023821591485
GSE222315_TAGGAGGTCGGTCAGC-1_1_1_1_1	GSE222315_p4_NAT	GSE222315	DF.classifications_0.25_0.3_229	Singlet	pANN_0.25_0.3_229	0.224024328433857
GSE222315_TAGGGTTAGGGATCAC-1_1_1_1_1	GSE222315_p4_NAT	GSE222315	DF.classifications_0.25_0.3_229	Singlet	pANN_0.25_0.3_229	0.20476431829701
GSE222315_TAGGGTTCAATTCTCT-1_1_1_1_1	GSE222315_p4_NAT	GSE222315	DF.classifications_0.25_0.3_229	Singlet	pANN_0.25_0.3_229	0.218955904713634
GSE222315_TAGGGTTGTATCTCTT-1_1_1_1_1	GSE222315_p4_NAT	GSE222315	DF.classifications_0.25_0.3_229	Singlet	pANN_0.25_0.3_229	0.196147997972631
GSE222315_TAGGGTTTCACGACTA-1_1_1_1_1	GSE222315_p4_NAT	GSE222315	DF.classifications_0.25_0.3_229	Singlet	pANN_0.25_0.3_229	0.188038520020274
GSE222315_TAGGTACGTATCTCGA-1_1_1_1_1	GSE222315_p4_NAT	GSE222315	DF.classifications_0.25_0.3_229	Singlet	pANN_0.25_0.3_229	0.335529650278763
GSE222315_TAGGTACTCGATCCAA-1_1_1_1_1	GSE222315_p4_NAT	GSE222315	DF.classifications_0.25_0.3_229	Singlet	pANN_0.25_0.3_229	0.190065889508363
GSE222315_TAGGTACTCTCAAAGC-1_1_1_1_1	GSE222315_p4_NAT	GSE222315	DF.classifications_0.25_0.3_229	Singlet	pANN_0.25_0.3_229	0.213887480993411
GSE222315_TAGGTTGAGATGAATC-1_1_1_1_1	GSE222315_p4_NAT	GSE222315	DF.classifications_0.25_0.3_229	Singlet	pANN_0.25_0.3_229	0.290420679168779
GSE222315_TAGGTTGAGTCGAAGC-1_1_1_1_1	GSE222315_p4_NAT	GSE222315	DF.classifications_0.25_0.3_229	Singlet	pANN_0.25_0.3_229	0.241256969082615
GSE222315_TAGGTTGAGTCTTGGT-1_1_1_1_1	GSE222315_p4_NAT	GSE222315	DF.classifications_0.25_0.3_229	Doublet	pANN_0.25_0.3_229	0.389761784085149
GSE222315_TAGGTTGGTAGAGTTA-1_1_1_1_1	GSE222315_p4_NAT	GSE222315	DF.classifications_0.25_0.3_229	Singlet	pANN_0.25_0.3_229	0.366447034972124
GSE222315_TAGTGCAAGATCGCTT-1_1_1_1_1	GSE222315_p4_NAT	GSE222315	DF.classifications_0.25_0.3_229	Singlet	pANN_0.25_0.3_229	0.309173846933604
GSE222315_TAGTGCACAATCTGCA-1_1_1_1_1	GSE222315_p4_NAT	GSE222315	DF.classifications_0.25_0.3_229	Singlet	pANN_0.25_0.3_229	0.125696908261531
GSE222315_TAGTGCACATTGTGCA-1_1_1_1_1	GSE222315_p4_NAT	GSE222315	DF.classifications_0.25_0.3_229	Singlet	pANN_0.25_0.3_229	0.184490623416118
GSE222315_TAGTGCAGTTCAATCG-1_1_1_1_1	GSE222315_p4_NAT	GSE222315	DF.classifications_0.25_0.3_229	Singlet	pANN_0.25_0.3_229	0.361885453623923
GSE222315_TAGTGCAGTTGCAAGG-1_1_1_1_1	GSE222315_p4_NAT	GSE222315	DF.classifications_0.25_0.3_229	Singlet	pANN_0.25_0.3_229	0.126203750633553
GSE222315_TAGTGCATCAAAGAAC-1_1_1_1_1	GSE222315_p4_NAT	GSE222315	DF.classifications_0.25_0.3_229	Singlet	pANN_0.25_0.3_229	0.17840851495185
GSE222315_TATACCTAGATCCCGC-1_1_1_1_1	GSE222315_p4_NAT	GSE222315	DF.classifications_0.25_0.3_229	Singlet	pANN_0.25_0.3_229	0.237202230106437
GSE222315_TATACCTGTCTAACTG-1_1_1_1_1	GSE222315_p4_NAT	GSE222315	DF.classifications_0.25_0.3_229	Singlet	pANN_0.25_0.3_229	0.142422706538267
GSE222315_TATACCTGTGCGACAA-1_1_1_1_1	GSE222315_p4_NAT	GSE222315	DF.classifications_0.25_0.3_229	Singlet	pANN_0.25_0.3_229	0.206791687785099
GSE222315_TATACCTGTTAAGAAC-1_1_1_1_1	GSE222315_p4_NAT	GSE222315	DF.classifications_0.25_0.3_229	Singlet	pANN_0.25_0.3_229	0.205271160669032
GSE222315_TATACCTTCCGTCAAA-1_1_1_1_1	GSE222315_p4_NAT	GSE222315	DF.classifications_0.25_0.3_229	Singlet	pANN_0.25_0.3_229	0.180435884439939
GSE222315_TATATCCAGCTGAGTG-1_1_1_1_1	GSE222315_p4_NAT	GSE222315	DF.classifications_0.25_0.3_229	Singlet	pANN_0.25_0.3_229	0.250380131779017
GSE222315_TATATCCAGTGGCCTC-1_1_1_1_1	GSE222315_p4_NAT	GSE222315	DF.classifications_0.25_0.3_229	Singlet	pANN_0.25_0.3_229	0.375570197668525
GSE222315_TATATCCTCAATGTCG-1_1_1_1_1	GSE222315_p4_NAT	GSE222315	DF.classifications_0.25_0.3_229	Singlet	pANN_0.25_0.3_229	0.166751140395337
GSE222315_TATCAGGAGATTACCC-1_1_1_1_1	GSE222315_p4_NAT	GSE222315	DF.classifications_0.25_0.3_229	Singlet	pANN_0.25_0.3_229	0.207298530157121
GSE222315_TATCAGGAGTGTTCAC-1_1_1_1_1	GSE222315_p4_NAT	GSE222315	DF.classifications_0.25_0.3_229	Singlet	pANN_0.25_0.3_229	0.240750126710593
GSE222315_TATCAGGAGTTCCAGT-1_1_1_1_1	GSE222315_p4_NAT	GSE222315	DF.classifications_0.25_0.3_229	Singlet	pANN_0.25_0.3_229	0.234161175874303
GSE222315_TATCAGGCAATGAAAC-1_1_1_1_1	GSE222315_p4_NAT	GSE222315	DF.classifications_0.25_0.3_229	Singlet	pANN_0.25_0.3_229	0.241256969082615
GSE222315_TATCAGGCAGATCATC-1_1_1_1_1	GSE222315_p4_NAT	GSE222315	DF.classifications_0.25_0.3_229	Singlet	pANN_0.25_0.3_229	0.207298530157121
GSE222315_TATCAGGCAGCTTTCC-1_1_1_1_1	GSE222315_p4_NAT	GSE222315	DF.classifications_0.25_0.3_229	Singlet	pANN_0.25_0.3_229	0.205271160669032
GSE222315_TATCAGGGTTATCTTC-1_1_1_1_1	GSE222315_p4_NAT	GSE222315	DF.classifications_0.25_0.3_229	Singlet	pANN_0.25_0.3_229	0.327420172326406
GSE222315_TATCAGGTCCCGTTCA-1_1_1_1_1	GSE222315_p4_NAT	GSE222315	DF.classifications_0.25_0.3_229	Singlet	pANN_0.25_0.3_229	0.264571718195641
GSE222315_TATCAGGTCGCGCCAA-1_1_1_1_1	GSE222315_p4_NAT	GSE222315	DF.classifications_0.25_0.3_229	Singlet	pANN_0.25_0.3_229	0.199189052204764
GSE222315_TATCAGGTCGTAACTG-1_1_1_1_1	GSE222315_p4_NAT	GSE222315	DF.classifications_0.25_0.3_229	Singlet	pANN_0.25_0.3_229	0.268119614799797
GSE222315_TATCAGGTCTCAGAAC-1_1_1_1_1	GSE222315_p4_NAT	GSE222315	DF.classifications_0.25_0.3_229	Singlet	pANN_0.25_0.3_229	0.368981246832235
GSE222315_TATCAGGTCTGGAAGG-1_1_1_1_1	GSE222315_p4_NAT	GSE222315	DF.classifications_0.25_0.3_229	Singlet	pANN_0.25_0.3_229	0.149518499746579
GSE222315_TATCCTAAGGCCCGTT-1_1_1_1_1	GSE222315_p4_NAT	GSE222315	DF.classifications_0.25_0.3_229	Singlet	pANN_0.25_0.3_229	0.207805372529143
GSE222315_TATCCTACAGAGTAAT-1_1_1_1_1	GSE222315_p4_NAT	GSE222315	DF.classifications_0.25_0.3_229	Doublet	pANN_0.25_0.3_229	0.394830207805373
GSE222315_TATCCTAGTCTGTCAA-1_1_1_1_1	GSE222315_p4_NAT	GSE222315	DF.classifications_0.25_0.3_229	Singlet	pANN_0.25_0.3_229	0.253928028383173
GSE222315_TATCCTAGTGGCTAGA-1_1_1_1_1	GSE222315_p4_NAT	GSE222315	DF.classifications_0.25_0.3_229	Singlet	pANN_0.25_0.3_229	0.166751140395337
GSE222315_TATCGCCCATACAGGG-1_1_1_1_1	GSE222315_p4_NAT	GSE222315	DF.classifications_0.25_0.3_229	Singlet	pANN_0.25_0.3_229	0.196147997972631
GSE222315_TATCGCCGTGGTCCGT-1_1_1_1_1	GSE222315_p4_NAT	GSE222315	DF.classifications_0.25_0.3_229	Doublet	pANN_0.25_0.3_229	0.397871262037506
GSE222315_TATCGCCTCACAAGAA-1_1_1_1_1	GSE222315_p4_NAT	GSE222315	DF.classifications_0.25_0.3_229	Singlet	pANN_0.25_0.3_229	0.283831728332489
GSE222315_TATCGCCTCAGCTGAT-1_1_1_1_1	GSE222315_p4_NAT	GSE222315	DF.classifications_0.25_0.3_229	Singlet	pANN_0.25_0.3_229	0.261530663963507
GSE222315_TATCGCCTCTGCAGCG-1_1_1_1_1	GSE222315_p4_NAT	GSE222315	DF.classifications_0.25_0.3_229	Singlet	pANN_0.25_0.3_229	0.156614292954891
GSE222315_TATCTGTAGATAGTGT-1_1_1_1_1	GSE222315_p4_NAT	GSE222315	DF.classifications_0.25_0.3_229	Singlet	pANN_0.25_0.3_229	0.20273694880892
GSE222315_TATCTGTAGATCGCCC-1_1_1_1_1	GSE222315_p4_NAT	GSE222315	DF.classifications_0.25_0.3_229	Singlet	pANN_0.25_0.3_229	0.230613279270147
GSE222315_TATCTGTGTCCAGAAG-1_1_1_1_1	GSE222315_p4_NAT	GSE222315	DF.classifications_0.25_0.3_229	Singlet	pANN_0.25_0.3_229	0.206791687785099
GSE222315_TATCTGTGTTTGGGAG-1_1_1_1_1	GSE222315_p4_NAT	GSE222315	DF.classifications_0.25_0.3_229	Doublet	pANN_0.25_0.3_229	0.385707045108971
GSE222315_TATCTGTTCATGCCCT-1_1_1_1_1	GSE222315_p4_NAT	GSE222315	DF.classifications_0.25_0.3_229	Singlet	pANN_0.25_0.3_229	0.196147997972631
GSE222315_TATCTGTTCCGATCTC-1_1_1_1_1	GSE222315_p4_NAT	GSE222315	DF.classifications_0.25_0.3_229	Singlet	pANN_0.25_0.3_229	0.147997972630512
GSE222315_TATCTGTTCGTTCAGA-1_1_1_1_1	GSE222315_p4_NAT	GSE222315	DF.classifications_0.25_0.3_229	Singlet	pANN_0.25_0.3_229	0.206791687785099
GSE222315_TATCTGTTCTACCCAC-1_1_1_1_1	GSE222315_p4_NAT	GSE222315	DF.classifications_0.25_0.3_229	Singlet	pANN_0.25_0.3_229	0.235174860618348
GSE222315_TATCTTGAGACGGTCA-1_1_1_1_1	GSE222315_p4_NAT	GSE222315	DF.classifications_0.25_0.3_229	Singlet	pANN_0.25_0.3_229	0.137354282818044
GSE222315_TATCTTGAGCGCCTAC-1_1_1_1_1	GSE222315_p4_NAT	GSE222315	DF.classifications_0.25_0.3_229	Singlet	pANN_0.25_0.3_229	0.120121642169285
GSE222315_TATCTTGAGCTATCCA-1_1_1_1_1	GSE222315_p4_NAT	GSE222315	DF.classifications_0.25_0.3_229	Doublet	pANN_0.25_0.3_229	0.397871262037506
GSE222315_TATCTTGAGGGTGAGG-1_1_1_1_1	GSE222315_p4_NAT	GSE222315	DF.classifications_0.25_0.3_229	Singlet	pANN_0.25_0.3_229	0.212366953877344
GSE222315_TATCTTGCAAACAGGC-1_1_1_1_1	GSE222315_p4_NAT	GSE222315	DF.classifications_0.25_0.3_229	Singlet	pANN_0.25_0.3_229	0.197668525088697
GSE222315_TATCTTGCAACAAAGT-1_1_1_1_1	GSE222315_p4_NAT	GSE222315	DF.classifications_0.25_0.3_229	Singlet	pANN_0.25_0.3_229	0.231120121642169
GSE222315_TATCTTGCAAGGGCAT-1_1_1_1_1	GSE222315_p4_NAT	GSE222315	DF.classifications_0.25_0.3_229	Singlet	pANN_0.25_0.3_229	0.126203750633553
GSE222315_TATCTTGCATCGGAAG-1_1_1_1_1	GSE222315_p4_NAT	GSE222315	DF.classifications_0.25_0.3_229	Doublet	pANN_0.25_0.3_229	0.402939685757729
GSE222315_TATCTTGGTCACTCAA-1_1_1_1_1	GSE222315_p4_NAT	GSE222315	DF.classifications_0.25_0.3_229	Singlet	pANN_0.25_0.3_229	0.189052204764318
GSE222315_TATCTTGGTGCGACAA-1_1_1_1_1	GSE222315_p4_NAT	GSE222315	DF.classifications_0.25_0.3_229	Singlet	pANN_0.25_0.3_229	0.143943233654334
GSE222315_TATCTTGTCATAGACC-1_1_1_1_1	GSE222315_p4_NAT	GSE222315	DF.classifications_0.25_0.3_229	Singlet	pANN_0.25_0.3_229	0.366447034972124
GSE222315_TATCTTGTCATTGTTC-1_1_1_1_1	GSE222315_p4_NAT	GSE222315	DF.classifications_0.25_0.3_229	Singlet	pANN_0.25_0.3_229	0.19817536746072
GSE222315_TATCTTGTCGGCTTGG-1_1_1_1_1	GSE222315_p4_NAT	GSE222315	DF.classifications_0.25_0.3_229	Singlet	pANN_0.25_0.3_229	0.281804358844399
GSE222315_TATGTTCAGCGACATG-1_1_1_1_1	GSE222315_p4_NAT	GSE222315	DF.classifications_0.25_0.3_229	Singlet	pANN_0.25_0.3_229	0.330968068930563
GSE222315_TATGTTCCAAGCGCAA-1_1_1_1_1	GSE222315_p4_NAT	GSE222315	DF.classifications_0.25_0.3_229	Singlet	pANN_0.25_0.3_229	0.128231120121642
GSE222315_TATGTTCCACTGGAAG-1_1_1_1_1	GSE222315_p4_NAT	GSE222315	DF.classifications_0.25_0.3_229	Singlet	pANN_0.25_0.3_229	0.249366447034972
GSE222315_TATTCCAGTGTGATGG-1_1_1_1_1	GSE222315_p4_NAT	GSE222315	DF.classifications_0.25_0.3_229	Singlet	pANN_0.25_0.3_229	0.147997972630512
GSE222315_TATTCCATCCTAGCCT-1_1_1_1_1	GSE222315_p4_NAT	GSE222315	DF.classifications_0.25_0.3_229	Singlet	pANN_0.25_0.3_229	0.257982767359351
GSE222315_TATTGCTAGCGTGAAC-1_1_1_1_1	GSE222315_p4_NAT	GSE222315	DF.classifications_0.25_0.3_229	Singlet	pANN_0.25_0.3_229	0.373035985808414
GSE222315_TATTGCTAGTTGTACC-1_1_1_1_1	GSE222315_p4_NAT	GSE222315	DF.classifications_0.25_0.3_229	Singlet	pANN_0.25_0.3_229	0.224531170805879
GSE222315_TATTGCTTCCATTTAC-1_1_1_1_1	GSE222315_p4_NAT	GSE222315	DF.classifications_0.25_0.3_229	Singlet	pANN_0.25_0.3_229	0.170299036999493
GSE222315_TATTGGGAGCAGCACA-1_1_1_1_1	GSE222315_p4_NAT	GSE222315	DF.classifications_0.25_0.3_229	Singlet	pANN_0.25_0.3_229	0.131272174353776
GSE222315_TATTGGGCACCAGACC-1_1_1_1_1	GSE222315_p4_NAT	GSE222315	DF.classifications_0.25_0.3_229	Singlet	pANN_0.25_0.3_229	0.268119614799797
GSE222315_TATTGGGCATGTAACC-1_1_1_1_1	GSE222315_p4_NAT	GSE222315	DF.classifications_0.25_0.3_229	Singlet	pANN_0.25_0.3_229	0.146984287886467
GSE222315_TATTGGGGTACTCCCT-1_1_1_1_1	GSE222315_p4_NAT	GSE222315	DF.classifications_0.25_0.3_229	Singlet	pANN_0.25_0.3_229	0.180942726811961
GSE222315_TATTGGGGTCTGTGGC-1_1_1_1_1	GSE222315_p4_NAT	GSE222315	DF.classifications_0.25_0.3_229	Singlet	pANN_0.25_0.3_229	0.378104409528637
GSE222315_TATTGGGTCGCTACAA-1_1_1_1_1	GSE222315_p4_NAT	GSE222315	DF.classifications_0.25_0.3_229	Singlet	pANN_0.25_0.3_229	0.221996958945768
GSE222315_TATTGGGTCTAAGCGT-1_1_1_1_1	GSE222315_p4_NAT	GSE222315	DF.classifications_0.25_0.3_229	Doublet	pANN_0.25_0.3_229	0.401926001013685
GSE222315_TATTTCGAGGTCTGGA-1_1_1_1_1	GSE222315_p4_NAT	GSE222315	DF.classifications_0.25_0.3_229	Singlet	pANN_0.25_0.3_229	0.231626964014192
GSE222315_TATTTCGCACTACCCT-1_1_1_1_1	GSE222315_p4_NAT	GSE222315	DF.classifications_0.25_0.3_229	Singlet	pANN_0.25_0.3_229	0.227572225038013
GSE222315_TATTTCGCACTAGTAC-1_1_1_1_1	GSE222315_p4_NAT	GSE222315	DF.classifications_0.25_0.3_229	Singlet	pANN_0.25_0.3_229	0.197161682716675
GSE222315_TATTTCGCATCAGCGC-1_1_1_1_1	GSE222315_p4_NAT	GSE222315	DF.classifications_0.25_0.3_229	Singlet	pANN_0.25_0.3_229	0.273694880892043
GSE222315_TATTTCGTCCCAACTC-1_1_1_1_1	GSE222315_p4_NAT	GSE222315	DF.classifications_0.25_0.3_229	Singlet	pANN_0.25_0.3_229	0.254434870755195
GSE222315_TATTTCGTCGGCCAAC-1_1_1_1_1	GSE222315_p4_NAT	GSE222315	DF.classifications_0.25_0.3_229	Singlet	pANN_0.25_0.3_229	0.210339584389255
GSE222315_TCAAGACAGTCCTGTA-1_1_1_1_1	GSE222315_p4_NAT	GSE222315	DF.classifications_0.25_0.3_229	Singlet	pANN_0.25_0.3_229	0.250380131779017
GSE222315_TCAAGACCATATGAAG-1_1_1_1_1	GSE222315_p4_NAT	GSE222315	DF.classifications_0.25_0.3_229	Singlet	pANN_0.25_0.3_229	0.192600101368474
GSE222315_TCAAGACGTACGGATG-1_1_1_1_1	GSE222315_p4_NAT	GSE222315	DF.classifications_0.25_0.3_229	Singlet	pANN_0.25_0.3_229	0.168271667511404
GSE222315_TCAAGACTCATTCACT-1_1_1_1_1	GSE222315_p4_NAT	GSE222315	DF.classifications_0.25_0.3_229	Singlet	pANN_0.25_0.3_229	0.226051697921946
GSE222315_TCAAGACTCTGACCCT-1_1_1_1_1	GSE222315_p4_NAT	GSE222315	DF.classifications_0.25_0.3_229	Singlet	pANN_0.25_0.3_229	0.116573745565129
GSE222315_TCAAGCACACAACGCC-1_1_1_1_1	GSE222315_p4_NAT	GSE222315	DF.classifications_0.25_0.3_229	Singlet	pANN_0.25_0.3_229	0.244298023314749
GSE222315_TCAAGCATCCACGAAT-1_1_1_1_1	GSE222315_p4_NAT	GSE222315	DF.classifications_0.25_0.3_229	Singlet	pANN_0.25_0.3_229	0.159655347187025
GSE222315_TCAAGTGAGGGACCAT-1_1_1_1_1	GSE222315_p4_NAT	GSE222315	DF.classifications_0.25_0.3_229	Singlet	pANN_0.25_0.3_229	0.237709072478459
GSE222315_TCAAGTGAGTGGTGGT-1_1_1_1_1	GSE222315_p4_NAT	GSE222315	DF.classifications_0.25_0.3_229	Singlet	pANN_0.25_0.3_229	0.32589964521034
GSE222315_TCAAGTGCAAATGGCG-1_1_1_1_1	GSE222315_p4_NAT	GSE222315	DF.classifications_0.25_0.3_229	Singlet	pANN_0.25_0.3_229	0.169792194627471
GSE222315_TCAAGTGCAACAGCCC-1_1_1_1_1	GSE222315_p4_NAT	GSE222315	DF.classifications_0.25_0.3_229	Singlet	pANN_0.25_0.3_229	0.24227065382666
GSE222315_TCAAGTGCATGAAGCG-1_1_1_1_1	GSE222315_p4_NAT	GSE222315	DF.classifications_0.25_0.3_229	Singlet	pANN_0.25_0.3_229	0.199695894576787
GSE222315_TCAAGTGCATGCGGTC-1_1_1_1_1	GSE222315_p4_NAT	GSE222315	DF.classifications_0.25_0.3_229	Singlet	pANN_0.25_0.3_229	0.374556512924481
GSE222315_TCAAGTGCATTGGATC-1_1_1_1_1	GSE222315_p4_NAT	GSE222315	DF.classifications_0.25_0.3_229	Singlet	pANN_0.25_0.3_229	0.293461733400912
GSE222315_TCAAGTGGTGATTAGA-1_1_1_1_1	GSE222315_p4_NAT	GSE222315	DF.classifications_0.25_0.3_229	Singlet	pANN_0.25_0.3_229	0.249366447034972
GSE222315_TCAAGTGGTGTGGTCC-1_1_1_1_1	GSE222315_p4_NAT	GSE222315	DF.classifications_0.25_0.3_229	Singlet	pANN_0.25_0.3_229	0.173340091231627
GSE222315_TCAAGTGTCTAGTACG-1_1_1_1_1	GSE222315_p4_NAT	GSE222315	DF.classifications_0.25_0.3_229	Singlet	pANN_0.25_0.3_229	0.226558540293969
GSE222315_TCAATCTTCGCTCCTA-1_1_1_1_1	GSE222315_p4_NAT	GSE222315	DF.classifications_0.25_0.3_229	Singlet	pANN_0.25_0.3_229	0.251393816523061
GSE222315_TCAATTCAGTTGTCGT-1_1_1_1_1	GSE222315_p4_NAT	GSE222315	DF.classifications_0.25_0.3_229	Singlet	pANN_0.25_0.3_229	0.174353775975672
GSE222315_TCAATTCGTTTCACAG-1_1_1_1_1	GSE222315_p4_NAT	GSE222315	DF.classifications_0.25_0.3_229	Singlet	pANN_0.25_0.3_229	0.245818550430816
GSE222315_TCACAAGAGCACTCGC-1_1_1_1_1	GSE222315_p4_NAT	GSE222315	DF.classifications_0.25_0.3_229	Singlet	pANN_0.25_0.3_229	0.239229599594526
GSE222315_TCACAAGAGTACAGCG-1_1_1_1_1	GSE222315_p4_NAT	GSE222315	DF.classifications_0.25_0.3_229	Singlet	pANN_0.25_0.3_229	0.136340598073999
GSE222315_TCACAAGCATGGGAAC-1_1_1_1_1	GSE222315_p4_NAT	GSE222315	DF.classifications_0.25_0.3_229	Singlet	pANN_0.25_0.3_229	0.370501773948302
GSE222315_TCACAAGGTACCTTCC-1_1_1_1_1	GSE222315_p4_NAT	GSE222315	DF.classifications_0.25_0.3_229	Doublet	pANN_0.25_0.3_229	0.389761784085149
GSE222315_TCACAAGTCGAGAGAC-1_1_1_1_1	GSE222315_p4_NAT	GSE222315	DF.classifications_0.25_0.3_229	Singlet	pANN_0.25_0.3_229	0.342118601115053
GSE222315_TCACAAGTCTTGGAAC-1_1_1_1_1	GSE222315_p4_NAT	GSE222315	DF.classifications_0.25_0.3_229	Singlet	pANN_0.25_0.3_229	0.228585909782058
GSE222315_TCACACCAGACCCGCT-1_1_1_1_1	GSE222315_p4_NAT	GSE222315	DF.classifications_0.25_0.3_229	Singlet	pANN_0.25_0.3_229	0.194120628484541
GSE222315_TCACACCAGCAATAGT-1_1_1_1_1	GSE222315_p4_NAT	GSE222315	DF.classifications_0.25_0.3_229	Singlet	pANN_0.25_0.3_229	0.346173340091232
GSE222315_TCACACCAGCCTGCCA-1_1_1_1_1	GSE222315_p4_NAT	GSE222315	DF.classifications_0.25_0.3_229	Singlet	pANN_0.25_0.3_229	0.234668018246325
GSE222315_TCACACCCACGACGAA-1_1_1_1_1	GSE222315_p4_NAT	GSE222315	DF.classifications_0.25_0.3_229	Singlet	pANN_0.25_0.3_229	0.290927521540801
GSE222315_TCACACCCACGTCGTG-1_1_1_1_1	GSE222315_p4_NAT	GSE222315	DF.classifications_0.25_0.3_229	Singlet	pANN_0.25_0.3_229	0.245311708058794
GSE222315_TCACACCGTAAGGTCG-1_1_1_1_1	GSE222315_p4_NAT	GSE222315	DF.classifications_0.25_0.3_229	Singlet	pANN_0.25_0.3_229	0.18499746578814
GSE222315_TCACACCGTTGTGGCC-1_1_1_1_1	GSE222315_p4_NAT	GSE222315	DF.classifications_0.25_0.3_229	Singlet	pANN_0.25_0.3_229	0.336543335022808
GSE222315_TCACATTAGATGCAGC-1_1_1_1_1	GSE222315_p4_NAT	GSE222315	DF.classifications_0.25_0.3_229	Singlet	pANN_0.25_0.3_229	0.233654333502281
GSE222315_TCACATTAGGGTTAGC-1_1_1_1_1	GSE222315_p4_NAT	GSE222315	DF.classifications_0.25_0.3_229	Singlet	pANN_0.25_0.3_229	0.341611758743031
GSE222315_TCACATTAGTCATCGT-1_1_1_1_1	GSE222315_p4_NAT	GSE222315	DF.classifications_0.25_0.3_229	Singlet	pANN_0.25_0.3_229	0.174860618347694
GSE222315_TCACATTGTTTACACG-1_1_1_1_1	GSE222315_p4_NAT	GSE222315	DF.classifications_0.25_0.3_229	Singlet	pANN_0.25_0.3_229	0.354789660415611
GSE222315_TCACGCTAGGGCCAAT-1_1_1_1_1	GSE222315_p4_NAT	GSE222315	DF.classifications_0.25_0.3_229	Singlet	pANN_0.25_0.3_229	0.197161682716675
GSE222315_TCACGCTCAAATGCGG-1_1_1_1_1	GSE222315_p4_NAT	GSE222315	DF.classifications_0.25_0.3_229	Singlet	pANN_0.25_0.3_229	0.194627470856564
GSE222315_TCACGCTGTCTTGAGT-1_1_1_1_1	GSE222315_p4_NAT	GSE222315	DF.classifications_0.25_0.3_229	Singlet	pANN_0.25_0.3_229	0.195134313228586
GSE222315_TCACGCTTCACTGAAC-1_1_1_1_1	GSE222315_p4_NAT	GSE222315	DF.classifications_0.25_0.3_229	Singlet	pANN_0.25_0.3_229	0.206791687785099
GSE222315_TCACGCTTCCATACTT-1_1_1_1_1	GSE222315_p4_NAT	GSE222315	DF.classifications_0.25_0.3_229	Singlet	pANN_0.25_0.3_229	0.138367967562088
GSE222315_TCACGCTTCTCATAGG-1_1_1_1_1	GSE222315_p4_NAT	GSE222315	DF.classifications_0.25_0.3_229	Singlet	pANN_0.25_0.3_229	0.189052204764318
GSE222315_TCACGGGCACCCTAGG-1_1_1_1_1	GSE222315_p4_NAT	GSE222315	DF.classifications_0.25_0.3_229	Singlet	pANN_0.25_0.3_229	0.142929548910289
GSE222315_TCACGGGGTAGTGGCA-1_1_1_1_1	GSE222315_p4_NAT	GSE222315	DF.classifications_0.25_0.3_229	Singlet	pANN_0.25_0.3_229	0.181449569183984
GSE222315_TCACGGGGTTGAGAGC-1_1_1_1_1	GSE222315_p4_NAT	GSE222315	DF.classifications_0.25_0.3_229	Singlet	pANN_0.25_0.3_229	0.13431322858591
GSE222315_TCACGGGTCGGTTCAA-1_1_1_1_1	GSE222315_p4_NAT	GSE222315	DF.classifications_0.25_0.3_229	Singlet	pANN_0.25_0.3_229	0.246325392802838
GSE222315_TCACTATAGCATTTCG-1_1_1_1_1	GSE222315_p4_NAT	GSE222315	DF.classifications_0.25_0.3_229	Singlet	pANN_0.25_0.3_229	0.235174860618348
GSE222315_TCACTATCACGGCCAT-1_1_1_1_1	GSE222315_p4_NAT	GSE222315	DF.classifications_0.25_0.3_229	Doublet	pANN_0.25_0.3_229	0.388748099341105
GSE222315_TCACTATCAGTCGCTG-1_1_1_1_1	GSE222315_p4_NAT	GSE222315	DF.classifications_0.25_0.3_229	Singlet	pANN_0.25_0.3_229	0.338570704510897
GSE222315_TCACTATCATCAGCTA-1_1_1_1_1	GSE222315_p4_NAT	GSE222315	DF.classifications_0.25_0.3_229	Singlet	pANN_0.25_0.3_229	0.143436391282311
GSE222315_TCACTATGTACTCAAC-1_1_1_1_1	GSE222315_p4_NAT	GSE222315	DF.classifications_0.25_0.3_229	Singlet	pANN_0.25_0.3_229	0.184490623416118
GSE222315_TCACTCGAGGATGAGA-1_1_1_1_1	GSE222315_p4_NAT	GSE222315	DF.classifications_0.25_0.3_229	Singlet	pANN_0.25_0.3_229	0.265078560567663
GSE222315_TCACTCGCACACCTAA-1_1_1_1_1	GSE222315_p4_NAT	GSE222315	DF.classifications_0.25_0.3_229	Singlet	pANN_0.25_0.3_229	0.220476431829701
GSE222315_TCACTCGGTCTTTATC-1_1_1_1_1	GSE222315_p4_NAT	GSE222315	DF.classifications_0.25_0.3_229	Singlet	pANN_0.25_0.3_229	0.261530663963507
GSE222315_TCACTCGTCCACTTCG-1_1_1_1_1	GSE222315_p4_NAT	GSE222315	DF.classifications_0.25_0.3_229	Singlet	pANN_0.25_0.3_229	0.179422199695895
GSE222315_TCACTCGTCTCGAGTA-1_1_1_1_1	GSE222315_p4_NAT	GSE222315	DF.classifications_0.25_0.3_229	Singlet	pANN_0.25_0.3_229	0.218449062341612
GSE222315_TCAGCAACAACGGCCT-1_1_1_1_1	GSE222315_p4_NAT	GSE222315	DF.classifications_0.25_0.3_229	Singlet	pANN_0.25_0.3_229	0.278256462240243
GSE222315_TCAGCAACAAGATGGC-1_1_1_1_1	GSE222315_p4_NAT	GSE222315	DF.classifications_0.25_0.3_229	Doublet	pANN_0.25_0.3_229	0.403953370501774
GSE222315_TCAGCAACAAGTGGGT-1_1_1_1_1	GSE222315_p4_NAT	GSE222315	DF.classifications_0.25_0.3_229	Singlet	pANN_0.25_0.3_229	0.170299036999493
GSE222315_TCAGCAACATAGAATG-1_1_1_1_1	GSE222315_p4_NAT	GSE222315	DF.classifications_0.25_0.3_229	Singlet	pANN_0.25_0.3_229	0.27977698935631
GSE222315_TCAGCAAGTACGCGTC-1_1_1_1_1	GSE222315_p4_NAT	GSE222315	DF.classifications_0.25_0.3_229	Singlet	pANN_0.25_0.3_229	0.380638621388748
GSE222315_TCAGCAATCGACCACG-1_1_1_1_1	GSE222315_p4_NAT	GSE222315	DF.classifications_0.25_0.3_229	Singlet	pANN_0.25_0.3_229	0.368474404460213
GSE222315_TCAGCAATCTGTGTGA-1_1_1_1_1	GSE222315_p4_NAT	GSE222315	DF.classifications_0.25_0.3_229	Singlet	pANN_0.25_0.3_229	0.13431322858591
GSE222315_TCAGCCTAGGTTCATC-1_1_1_1_1	GSE222315_p4_NAT	GSE222315	DF.classifications_0.25_0.3_229	Singlet	pANN_0.25_0.3_229	0.212873796249366
GSE222315_TCAGCCTAGTTGGCGA-1_1_1_1_1	GSE222315_p4_NAT	GSE222315	DF.classifications_0.25_0.3_229	Singlet	pANN_0.25_0.3_229	0.158134820070958
GSE222315_TCAGCCTCAGTGACCC-1_1_1_1_1	GSE222315_p4_NAT	GSE222315	DF.classifications_0.25_0.3_229	Singlet	pANN_0.25_0.3_229	0.162189559047136
GSE222315_TCAGCCTGTCTACGTA-1_1_1_1_1	GSE222315_p4_NAT	GSE222315	DF.classifications_0.25_0.3_229	Singlet	pANN_0.25_0.3_229	0.226558540293969
GSE222315_TCAGCCTTCGGTCGGT-1_1_1_1_1	GSE222315_p4_NAT	GSE222315	DF.classifications_0.25_0.3_229	Singlet	pANN_0.25_0.3_229	0.270146984287886
GSE222315_TCAGGGCAGCAAGCCA-1_1_1_1_1	GSE222315_p4_NAT	GSE222315	DF.classifications_0.25_0.3_229	Singlet	pANN_0.25_0.3_229	0.373035985808414
GSE222315_TCAGGGCGTCACTCTC-1_1_1_1_1	GSE222315_p4_NAT	GSE222315	DF.classifications_0.25_0.3_229	Singlet	pANN_0.25_0.3_229	0.195641155600608
GSE222315_TCAGGGCGTGTTAAAG-1_1_1_1_1	GSE222315_p4_NAT	GSE222315	DF.classifications_0.25_0.3_229	Singlet	pANN_0.25_0.3_229	0.371008616320324
GSE222315_TCAGGGCGTTCGGGTC-1_1_1_1_1	GSE222315_p4_NAT	GSE222315	DF.classifications_0.25_0.3_229	Singlet	pANN_0.25_0.3_229	0.272174353775976
GSE222315_TCAGGTAAGCCGTCGT-1_1_1_1_1	GSE222315_p4_NAT	GSE222315	DF.classifications_0.25_0.3_229	Singlet	pANN_0.25_0.3_229	0.253928028383173
GSE222315_TCAGGTACAATACCTG-1_1_1_1_1	GSE222315_p4_NAT	GSE222315	DF.classifications_0.25_0.3_229	Singlet	pANN_0.25_0.3_229	0.326913329954384
GSE222315_TCAGGTAGTGTGGTCC-1_1_1_1_1	GSE222315_p4_NAT	GSE222315	DF.classifications_0.25_0.3_229	Singlet	pANN_0.25_0.3_229	0.176381145463761
GSE222315_TCAGGTAGTTTACGAC-1_1_1_1_1	GSE222315_p4_NAT	GSE222315	DF.classifications_0.25_0.3_229	Singlet	pANN_0.25_0.3_229	0.199189052204764
GSE222315_TCAGGTATCCGCTTAC-1_1_1_1_1	GSE222315_p4_NAT	GSE222315	DF.classifications_0.25_0.3_229	Singlet	pANN_0.25_0.3_229	0.151545869234668
GSE222315_TCAGTCCAGCCGGAAT-1_1_1_1_1	GSE222315_p4_NAT	GSE222315	DF.classifications_0.25_0.3_229	Singlet	pANN_0.25_0.3_229	0.384186517992904
GSE222315_TCAGTCCAGGTTAGTA-1_1_1_1_1	GSE222315_p4_NAT	GSE222315	DF.classifications_0.25_0.3_229	Singlet	pANN_0.25_0.3_229	0.213380638621389
GSE222315_TCAGTCCTCTTCTCAA-1_1_1_1_1	GSE222315_p4_NAT	GSE222315	DF.classifications_0.25_0.3_229	Singlet	pANN_0.25_0.3_229	0.380131779016726
GSE222315_TCAGTGAAGCTGTCCG-1_1_1_1_1	GSE222315_p4_NAT	GSE222315	DF.classifications_0.25_0.3_229	Singlet	pANN_0.25_0.3_229	0.188545362392296
GSE222315_TCAGTTTAGATAACGT-1_1_1_1_1	GSE222315_p4_NAT	GSE222315	DF.classifications_0.25_0.3_229	Singlet	pANN_0.25_0.3_229	0.205778003041054
GSE222315_TCAGTTTAGCGCCGTT-1_1_1_1_1	GSE222315_p4_NAT	GSE222315	DF.classifications_0.25_0.3_229	Singlet	pANN_0.25_0.3_229	0.259503294475418
GSE222315_TCAGTTTTCCTGGTCT-1_1_1_1_1	GSE222315_p4_NAT	GSE222315	DF.classifications_0.25_0.3_229	Singlet	pANN_0.25_0.3_229	0.17840851495185
GSE222315_TCAGTTTTCGCTCTAC-1_1_1_1_1	GSE222315_p4_NAT	GSE222315	DF.classifications_0.25_0.3_229	Singlet	pANN_0.25_0.3_229	0.126710593005575
GSE222315_TCAGTTTTCTATACGG-1_1_1_1_1	GSE222315_p4_NAT	GSE222315	DF.classifications_0.25_0.3_229	Doublet	pANN_0.25_0.3_229	0.388241256969083
GSE222315_TCATACTAGACCAAAT-1_1_1_1_1	GSE222315_p4_NAT	GSE222315	DF.classifications_0.25_0.3_229	Singlet	pANN_0.25_0.3_229	0.26862645717182
GSE222315_TCATACTAGTATAGGT-1_1_1_1_1	GSE222315_p4_NAT	GSE222315	DF.classifications_0.25_0.3_229	Singlet	pANN_0.25_0.3_229	0.202230106436898
GSE222315_TCATACTCATAAGCGG-1_1_1_1_1	GSE222315_p4_NAT	GSE222315	DF.classifications_0.25_0.3_229	Singlet	pANN_0.25_0.3_229	0.12772427774962
GSE222315_TCATACTGTCACAGAG-1_1_1_1_1	GSE222315_p4_NAT	GSE222315	DF.classifications_0.25_0.3_229	Singlet	pANN_0.25_0.3_229	0.172833248859605
GSE222315_TCATACTGTCCTTAAG-1_1_1_1_1	GSE222315_p4_NAT	GSE222315	DF.classifications_0.25_0.3_229	Singlet	pANN_0.25_0.3_229	0.243284338570705
GSE222315_TCATACTGTTTGGCTA-1_1_1_1_1	GSE222315_p4_NAT	GSE222315	DF.classifications_0.25_0.3_229	Singlet	pANN_0.25_0.3_229	0.15408008109478
GSE222315_TCATATCCAAAGCGTG-1_1_1_1_1	GSE222315_p4_NAT	GSE222315	DF.classifications_0.25_0.3_229	Singlet	pANN_0.25_0.3_229	0.165737455651292
GSE222315_TCATATCGTAGACGTG-1_1_1_1_1	GSE222315_p4_NAT	GSE222315	DF.classifications_0.25_0.3_229	Singlet	pANN_0.25_0.3_229	0.221996958945768
GSE222315_TCATATCGTCCCTCAT-1_1_1_1_1	GSE222315_p4_NAT	GSE222315	DF.classifications_0.25_0.3_229	Singlet	pANN_0.25_0.3_229	0.158134820070958
GSE222315_TCATATCGTGACCGAA-1_1_1_1_1	GSE222315_p4_NAT	GSE222315	DF.classifications_0.25_0.3_229	Singlet	pANN_0.25_0.3_229	0.196654840344653
GSE222315_TCATCATAGAATCGAT-1_1_1_1_1	GSE222315_p4_NAT	GSE222315	DF.classifications_0.25_0.3_229	Singlet	pANN_0.25_0.3_229	0.273694880892043
GSE222315_TCATCATCAGTCACGC-1_1_1_1_1	GSE222315_p4_NAT	GSE222315	DF.classifications_0.25_0.3_229	Singlet	pANN_0.25_0.3_229	0.268119614799797
GSE222315_TCATCATGTGTCTTAG-1_1_1_1_1	GSE222315_p4_NAT	GSE222315	DF.classifications_0.25_0.3_229	Singlet	pANN_0.25_0.3_229	0.223010643689812
GSE222315_TCATCATTCCGATGTA-1_1_1_1_1	GSE222315_p4_NAT	GSE222315	DF.classifications_0.25_0.3_229	Singlet	pANN_0.25_0.3_229	0.303091738469336
GSE222315_TCATCCGAGACGACTG-1_1_1_1_1	GSE222315_p4_NAT	GSE222315	DF.classifications_0.25_0.3_229	Singlet	pANN_0.25_0.3_229	0.237202230106437
GSE222315_TCATCCGGTGGTAACG-1_1_1_1_1	GSE222315_p4_NAT	GSE222315	DF.classifications_0.25_0.3_229	Singlet	pANN_0.25_0.3_229	0.264064875823619
GSE222315_TCATCCGTCCAGGACC-1_1_1_1_1	GSE222315_p4_NAT	GSE222315	DF.classifications_0.25_0.3_229	Singlet	pANN_0.25_0.3_229	0.184490623416118
GSE222315_TCATCCGTCCGGCAAC-1_1_1_1_1	GSE222315_p4_NAT	GSE222315	DF.classifications_0.25_0.3_229	Doublet	pANN_0.25_0.3_229	0.388241256969083
GSE222315_TCATGAGGTGATACCT-1_1_1_1_1	GSE222315_p4_NAT	GSE222315	DF.classifications_0.25_0.3_229	Singlet	pANN_0.25_0.3_229	0.237202230106437
GSE222315_TCATGAGGTGCTCGTG-1_1_1_1_1	GSE222315_p4_NAT	GSE222315	DF.classifications_0.25_0.3_229	Singlet	pANN_0.25_0.3_229	0.315255955397871
GSE222315_TCATGAGGTTGGCCGT-1_1_1_1_1	GSE222315_p4_NAT	GSE222315	DF.classifications_0.25_0.3_229	Singlet	pANN_0.25_0.3_229	0.213380638621389
GSE222315_TCATGAGTCACTTTGT-1_1_1_1_1	GSE222315_p4_NAT	GSE222315	DF.classifications_0.25_0.3_229	Singlet	pANN_0.25_0.3_229	0.298530157121135
GSE222315_TCATGAGTCAGGCGAA-1_1_1_1_1	GSE222315_p4_NAT	GSE222315	DF.classifications_0.25_0.3_229	Singlet	pANN_0.25_0.3_229	0.272681196147998
GSE222315_TCATGAGTCCATGCAA-1_1_1_1_1	GSE222315_p4_NAT	GSE222315	DF.classifications_0.25_0.3_229	Singlet	pANN_0.25_0.3_229	0.173846933603649
GSE222315_TCATGAGTCCATTGGA-1_1_1_1_1	GSE222315_p4_NAT	GSE222315	DF.classifications_0.25_0.3_229	Singlet	pANN_0.25_0.3_229	0.193613786112519
GSE222315_TCATGAGTCTGTGCTC-1_1_1_1_1	GSE222315_p4_NAT	GSE222315	DF.classifications_0.25_0.3_229	Singlet	pANN_0.25_0.3_229	0.155600608210846
GSE222315_TCATGCCAGGTCGAGT-1_1_1_1_1	GSE222315_p4_NAT	GSE222315	DF.classifications_0.25_0.3_229	Singlet	pANN_0.25_0.3_229	0.264571718195641
GSE222315_TCATGCCCACAGTATC-1_1_1_1_1	GSE222315_p4_NAT	GSE222315	DF.classifications_0.25_0.3_229	Singlet	pANN_0.25_0.3_229	0.171312721743538
GSE222315_TCATGCCGTGACTGAG-1_1_1_1_1	GSE222315_p4_NAT	GSE222315	DF.classifications_0.25_0.3_229	Singlet	pANN_0.25_0.3_229	0.13431322858591
GSE222315_TCATGCCTCGCCTAGG-1_1_1_1_1	GSE222315_p4_NAT	GSE222315	DF.classifications_0.25_0.3_229	Singlet	pANN_0.25_0.3_229	0.36999493157628
GSE222315_TCATGGAAGATGCTTC-1_1_1_1_1	GSE222315_p4_NAT	GSE222315	DF.classifications_0.25_0.3_229	Singlet	pANN_0.25_0.3_229	0.166751140395337
GSE222315_TCATGGAAGCGACAGT-1_1_1_1_1	GSE222315_p4_NAT	GSE222315	DF.classifications_0.25_0.3_229	Singlet	pANN_0.25_0.3_229	0.219462747085656
GSE222315_TCATGGAAGCTAAACA-1_1_1_1_1	GSE222315_p4_NAT	GSE222315	DF.classifications_0.25_0.3_229	Singlet	pANN_0.25_0.3_229	0.178915357323872
GSE222315_TCATGGAGTCGGTACC-1_1_1_1_1	GSE222315_p4_NAT	GSE222315	DF.classifications_0.25_0.3_229	Singlet	pANN_0.25_0.3_229	0.232640648758236
GSE222315_TCATGGAGTTCTATCT-1_1_1_1_1	GSE222315_p4_NAT	GSE222315	DF.classifications_0.25_0.3_229	Singlet	pANN_0.25_0.3_229	0.355296502787633
GSE222315_TCATGGATCCATCCGT-1_1_1_1_1	GSE222315_p4_NAT	GSE222315	DF.classifications_0.25_0.3_229	Singlet	pANN_0.25_0.3_229	0.123669538773441
GSE222315_TCATGTTAGCGTTCCG-1_1_1_1_1	GSE222315_p4_NAT	GSE222315	DF.classifications_0.25_0.3_229	Singlet	pANN_0.25_0.3_229	0.18499746578814
GSE222315_TCATGTTAGGACAGCT-1_1_1_1_1	GSE222315_p4_NAT	GSE222315	DF.classifications_0.25_0.3_229	Singlet	pANN_0.25_0.3_229	0.36999493157628
GSE222315_TCATGTTAGTTCACTG-1_1_1_1_1	GSE222315_p4_NAT	GSE222315	DF.classifications_0.25_0.3_229	Singlet	pANN_0.25_0.3_229	0.223010643689812
GSE222315_TCATGTTCAGCTGAGA-1_1_1_1_1	GSE222315_p4_NAT	GSE222315	DF.classifications_0.25_0.3_229	Singlet	pANN_0.25_0.3_229	0.342625443487076
GSE222315_TCATTACAGACTCAAA-1_1_1_1_1	GSE222315_p4_NAT	GSE222315	DF.classifications_0.25_0.3_229	Singlet	pANN_0.25_0.3_229	0.240243284338571
GSE222315_TCATTACAGGGACACT-1_1_1_1_1	GSE222315_p4_NAT	GSE222315	DF.classifications_0.25_0.3_229	Singlet	pANN_0.25_0.3_229	0.276735935124176
GSE222315_TCATTACAGTTTGCTG-1_1_1_1_1	GSE222315_p4_NAT	GSE222315	DF.classifications_0.25_0.3_229	Singlet	pANN_0.25_0.3_229	0.123669538773441
GSE222315_TCATTCAGTAATGCGG-1_1_1_1_1	GSE222315_p4_NAT	GSE222315	DF.classifications_0.25_0.3_229	Singlet	pANN_0.25_0.3_229	0.263051191079574
GSE222315_TCATTCAGTACGTTCA-1_1_1_1_1	GSE222315_p4_NAT	GSE222315	DF.classifications_0.25_0.3_229	Singlet	pANN_0.25_0.3_229	0.30613279270147
GSE222315_TCATTCAGTACTAGCT-1_1_1_1_1	GSE222315_p4_NAT	GSE222315	DF.classifications_0.25_0.3_229	Singlet	pANN_0.25_0.3_229	0.167764825139382
GSE222315_TCATTCAGTGCATCTA-1_1_1_1_1	GSE222315_p4_NAT	GSE222315	DF.classifications_0.25_0.3_229	Singlet	pANN_0.25_0.3_229	0.154586923466802
GSE222315_TCATTCATCACTGTCC-1_1_1_1_1	GSE222315_p4_NAT	GSE222315	DF.classifications_0.25_0.3_229	Singlet	pANN_0.25_0.3_229	0.213887480993411
GSE222315_TCATTCATCAGACATC-1_1_1_1_1	GSE222315_p4_NAT	GSE222315	DF.classifications_0.25_0.3_229	Singlet	pANN_0.25_0.3_229	0.261530663963507
GSE222315_TCATTGTAGACGGTTG-1_1_1_1_1	GSE222315_p4_NAT	GSE222315	DF.classifications_0.25_0.3_229	Singlet	pANN_0.25_0.3_229	0.152559553978713
GSE222315_TCATTGTAGATGCTTC-1_1_1_1_1	GSE222315_p4_NAT	GSE222315	DF.classifications_0.25_0.3_229	Singlet	pANN_0.25_0.3_229	0.223010643689812
GSE222315_TCATTGTGTACCCAGC-1_1_1_1_1	GSE222315_p4_NAT	GSE222315	DF.classifications_0.25_0.3_229	Singlet	pANN_0.25_0.3_229	0.186011150532184
GSE222315_TCATTGTGTATGGTAA-1_1_1_1_1	GSE222315_p4_NAT	GSE222315	DF.classifications_0.25_0.3_229	Singlet	pANN_0.25_0.3_229	0.20932589964521
GSE222315_TCATTGTGTCTGTGTA-1_1_1_1_1	GSE222315_p4_NAT	GSE222315	DF.classifications_0.25_0.3_229	Singlet	pANN_0.25_0.3_229	0.198682209832742
GSE222315_TCATTGTGTGAGCCAA-1_1_1_1_1	GSE222315_p4_NAT	GSE222315	DF.classifications_0.25_0.3_229	Singlet	pANN_0.25_0.3_229	0.308667004561581
GSE222315_TCATTGTTCGGCCCAA-1_1_1_1_1	GSE222315_p4_NAT	GSE222315	DF.classifications_0.25_0.3_229	Singlet	pANN_0.25_0.3_229	0.231120121642169
GSE222315_TCATTTGAGCTCCCTT-1_1_1_1_1	GSE222315_p4_NAT	GSE222315	DF.classifications_0.25_0.3_229	Singlet	pANN_0.25_0.3_229	0.271160669031931
GSE222315_TCATTTGTCGTGTCAA-1_1_1_1_1	GSE222315_p4_NAT	GSE222315	DF.classifications_0.25_0.3_229	Singlet	pANN_0.25_0.3_229	0.181956411556006
GSE222315_TCCACCAAGACAACAT-1_1_1_1_1	GSE222315_p4_NAT	GSE222315	DF.classifications_0.25_0.3_229	Singlet	pANN_0.25_0.3_229	0.212873796249366
GSE222315_TCCACCACAAATGATG-1_1_1_1_1	GSE222315_p4_NAT	GSE222315	DF.classifications_0.25_0.3_229	Singlet	pANN_0.25_0.3_229	0.362392295995945
GSE222315_TCCACCACAACACTAC-1_1_1_1_1	GSE222315_p4_NAT	GSE222315	DF.classifications_0.25_0.3_229	Singlet	pANN_0.25_0.3_229	0.147997972630512
GSE222315_TCCACCAGTTCTCTAT-1_1_1_1_1	GSE222315_p4_NAT	GSE222315	DF.classifications_0.25_0.3_229	Doublet	pANN_0.25_0.3_229	0.387227572225038
GSE222315_TCCACCATCCATCGTC-1_1_1_1_1	GSE222315_p4_NAT	GSE222315	DF.classifications_0.25_0.3_229	Singlet	pANN_0.25_0.3_229	0.290927521540801
GSE222315_TCCACCATCGTACACA-1_1_1_1_1	GSE222315_p4_NAT	GSE222315	DF.classifications_0.25_0.3_229	Singlet	pANN_0.25_0.3_229	0.170805879371515
GSE222315_TCCACCATCGTGGGAA-1_1_1_1_1	GSE222315_p4_NAT	GSE222315	DF.classifications_0.25_0.3_229	Singlet	pANN_0.25_0.3_229	0.199695894576787
GSE222315_TCCACGTAGAGCACTG-1_1_1_1_1	GSE222315_p4_NAT	GSE222315	DF.classifications_0.25_0.3_229	Singlet	pANN_0.25_0.3_229	0.176887987835783
GSE222315_TCCACGTAGTATGATG-1_1_1_1_1	GSE222315_p4_NAT	GSE222315	DF.classifications_0.25_0.3_229	Singlet	pANN_0.25_0.3_229	0.264571718195641
GSE222315_TCCACGTCAGCCTATA-1_1_1_1_1	GSE222315_p4_NAT	GSE222315	DF.classifications_0.25_0.3_229	Singlet	pANN_0.25_0.3_229	0.374556512924481
GSE222315_TCCACGTGTCGAACGA-1_1_1_1_1	GSE222315_p4_NAT	GSE222315	DF.classifications_0.25_0.3_229	Singlet	pANN_0.25_0.3_229	0.306639635073492
GSE222315_TCCACGTTCATCCCGT-1_1_1_1_1	GSE222315_p4_NAT	GSE222315	DF.classifications_0.25_0.3_229	Singlet	pANN_0.25_0.3_229	0.207298530157121
GSE222315_TCCAGAAAGAAGCTGC-1_1_1_1_1	GSE222315_p4_NAT	GSE222315	DF.classifications_0.25_0.3_229	Singlet	pANN_0.25_0.3_229	0.245818550430816
GSE222315_TCCAGAACAAGACAAT-1_1_1_1_1	GSE222315_p4_NAT	GSE222315	DF.classifications_0.25_0.3_229	Singlet	pANN_0.25_0.3_229	0.238722757222504
GSE222315_TCCAGAATCTCTGACC-1_1_1_1_1	GSE222315_p4_NAT	GSE222315	DF.classifications_0.25_0.3_229	Singlet	pANN_0.25_0.3_229	0.217942219969589
GSE222315_TCCATCGAGTAGCCAG-1_1_1_1_1	GSE222315_p4_NAT	GSE222315	DF.classifications_0.25_0.3_229	Singlet	pANN_0.25_0.3_229	0.123669538773441
GSE222315_TCCATCGGTGAGAACC-1_1_1_1_1	GSE222315_p4_NAT	GSE222315	DF.classifications_0.25_0.3_229	Singlet	pANN_0.25_0.3_229	0.143943233654334
GSE222315_TCCATCGGTGTTTCTT-1_1_1_1_1	GSE222315_p4_NAT	GSE222315	DF.classifications_0.25_0.3_229	Singlet	pANN_0.25_0.3_229	0.237202230106437
GSE222315_TCCATGCAGACTACGG-1_1_1_1_1	GSE222315_p4_NAT	GSE222315	DF.classifications_0.25_0.3_229	Singlet	pANN_0.25_0.3_229	0.179929042067917
GSE222315_TCCATGCAGGTATTGA-1_1_1_1_1	GSE222315_p4_NAT	GSE222315	DF.classifications_0.25_0.3_229	Singlet	pANN_0.25_0.3_229	0.168271667511404
GSE222315_TCCATGCCAAGAGTGC-1_1_1_1_1	GSE222315_p4_NAT	GSE222315	DF.classifications_0.25_0.3_229	Singlet	pANN_0.25_0.3_229	0.363912823112012
GSE222315_TCCATGCCACCTGCGA-1_1_1_1_1	GSE222315_p4_NAT	GSE222315	DF.classifications_0.25_0.3_229	Singlet	pANN_0.25_0.3_229	0.171312721743538
GSE222315_TCCATGCGTTCGGCCA-1_1_1_1_1	GSE222315_p4_NAT	GSE222315	DF.classifications_0.25_0.3_229	Singlet	pANN_0.25_0.3_229	0.329954384186518
GSE222315_TCCATGCTCTTGGTCC-1_1_1_1_1	GSE222315_p4_NAT	GSE222315	DF.classifications_0.25_0.3_229	Singlet	pANN_0.25_0.3_229	0.329954384186518
GSE222315_TCCCACAAGAAGTGTT-1_1_1_1_1	GSE222315_p4_NAT	GSE222315	DF.classifications_0.25_0.3_229	Singlet	pANN_0.25_0.3_229	0.24227065382666
GSE222315_TCCCACAAGGAAAGGT-1_1_1_1_1	GSE222315_p4_NAT	GSE222315	DF.classifications_0.25_0.3_229	Singlet	pANN_0.25_0.3_229	0.208819057273188
GSE222315_TCCCACAAGTAACGTA-1_1_1_1_1	GSE222315_p4_NAT	GSE222315	DF.classifications_0.25_0.3_229	Singlet	pANN_0.25_0.3_229	0.208819057273188
GSE222315_TCCCACACATGCCATA-1_1_1_1_1	GSE222315_p4_NAT	GSE222315	DF.classifications_0.25_0.3_229	Singlet	pANN_0.25_0.3_229	0.182463253928028
GSE222315_TCCCACAGTACAGTCT-1_1_1_1_1	GSE222315_p4_NAT	GSE222315	DF.classifications_0.25_0.3_229	Singlet	pANN_0.25_0.3_229	0.278256462240243
GSE222315_TCCCACAGTCAACACT-1_1_1_1_1	GSE222315_p4_NAT	GSE222315	DF.classifications_0.25_0.3_229	Doublet	pANN_0.25_0.3_229	0.410542321338064
GSE222315_TCCCACAGTCTCACAA-1_1_1_1_1	GSE222315_p4_NAT	GSE222315	DF.classifications_0.25_0.3_229	Singlet	pANN_0.25_0.3_229	0.188545362392296
GSE222315_TCCCACAGTCTCGCGA-1_1_1_1_1	GSE222315_p4_NAT	GSE222315	DF.classifications_0.25_0.3_229	Singlet	pANN_0.25_0.3_229	0.161175874303092
GSE222315_TCCCAGTAGGCATCTT-1_1_1_1_1	GSE222315_p4_NAT	GSE222315	DF.classifications_0.25_0.3_229	Singlet	pANN_0.25_0.3_229	0.198682209832742
GSE222315_TCCCAGTCAACCGGAA-1_1_1_1_1	GSE222315_p4_NAT	GSE222315	DF.classifications_0.25_0.3_229	Singlet	pANN_0.25_0.3_229	0.219969589457679
GSE222315_TCCCAGTTCAAGTAAG-1_1_1_1_1	GSE222315_p4_NAT	GSE222315	DF.classifications_0.25_0.3_229	Singlet	pANN_0.25_0.3_229	0.232640648758236
GSE222315_TCCCAGTTCAGACCGC-1_1_1_1_1	GSE222315_p4_NAT	GSE222315	DF.classifications_0.25_0.3_229	Singlet	pANN_0.25_0.3_229	0.136340598073999
GSE222315_TCCCATGCAGATTAAG-1_1_1_1_1	GSE222315_p4_NAT	GSE222315	DF.classifications_0.25_0.3_229	Doublet	pANN_0.25_0.3_229	0.387227572225038
GSE222315_TCCCATGGTGGTGATG-1_1_1_1_1	GSE222315_p4_NAT	GSE222315	DF.classifications_0.25_0.3_229	Singlet	pANN_0.25_0.3_229	0.158134820070958
GSE222315_TCCCATGGTGTCCACG-1_1_1_1_1	GSE222315_p4_NAT	GSE222315	DF.classifications_0.25_0.3_229	Singlet	pANN_0.25_0.3_229	0.362392295995945
GSE222315_TCCCATGTCGGAGTGA-1_1_1_1_1	GSE222315_p4_NAT	GSE222315	DF.classifications_0.25_0.3_229	Singlet	pANN_0.25_0.3_229	0.276229092752154
GSE222315_TCCCATGTCTTGGATG-1_1_1_1_1	GSE222315_p4_NAT	GSE222315	DF.classifications_0.25_0.3_229	Singlet	pANN_0.25_0.3_229	0.257475924987329
GSE222315_TCCGAAACAACGAGGT-1_1_1_1_1	GSE222315_p4_NAT	GSE222315	DF.classifications_0.25_0.3_229	Singlet	pANN_0.25_0.3_229	0.216928535225545
GSE222315_TCCGAAACAACGGTAG-1_1_1_1_1	GSE222315_p4_NAT	GSE222315	DF.classifications_0.25_0.3_229	Singlet	pANN_0.25_0.3_229	0.226558540293969
GSE222315_TCCGAAACACGACGTC-1_1_1_1_1	GSE222315_p4_NAT	GSE222315	DF.classifications_0.25_0.3_229	Singlet	pANN_0.25_0.3_229	0.177394830207805
GSE222315_TCCGATCAGATAACGT-1_1_1_1_1	GSE222315_p4_NAT	GSE222315	DF.classifications_0.25_0.3_229	Singlet	pANN_0.25_0.3_229	0.197668525088697
GSE222315_TCCGATCAGATGTTAG-1_1_1_1_1	GSE222315_p4_NAT	GSE222315	DF.classifications_0.25_0.3_229	Singlet	pANN_0.25_0.3_229	0.207298530157121
GSE222315_TCCGATCAGCATGCAG-1_1_1_1_1	GSE222315_p4_NAT	GSE222315	DF.classifications_0.25_0.3_229	Singlet	pANN_0.25_0.3_229	0.151039026862646
GSE222315_TCCGATCCAAACACCT-1_1_1_1_1	GSE222315_p4_NAT	GSE222315	DF.classifications_0.25_0.3_229	Singlet	pANN_0.25_0.3_229	0.221996958945768
GSE222315_TCCGATCCATCACAGT-1_1_1_1_1	GSE222315_p4_NAT	GSE222315	DF.classifications_0.25_0.3_229	Singlet	pANN_0.25_0.3_229	0.211860111505322
GSE222315_TCCGATCTCACGACTA-1_1_1_1_1	GSE222315_p4_NAT	GSE222315	DF.classifications_0.25_0.3_229	Singlet	pANN_0.25_0.3_229	0.175874303091738
GSE222315_TCCGATCTCACGGGCT-1_1_1_1_1	GSE222315_p4_NAT	GSE222315	DF.classifications_0.25_0.3_229	Singlet	pANN_0.25_0.3_229	0.22909275215408
GSE222315_TCCGATCTCGAAATCC-1_1_1_1_1	GSE222315_p4_NAT	GSE222315	DF.classifications_0.25_0.3_229	Singlet	pANN_0.25_0.3_229	0.251393816523061
GSE222315_TCCGATCTCTGAGTCA-1_1_1_1_1	GSE222315_p4_NAT	GSE222315	DF.classifications_0.25_0.3_229	Singlet	pANN_0.25_0.3_229	0.369488089204257
GSE222315_TCCGATCTCTGTCGCT-1_1_1_1_1	GSE222315_p4_NAT	GSE222315	DF.classifications_0.25_0.3_229	Singlet	pANN_0.25_0.3_229	0.123669538773441
GSE222315_TCCGGGAAGGTATAGT-1_1_1_1_1	GSE222315_p4_NAT	GSE222315	DF.classifications_0.25_0.3_229	Singlet	pANN_0.25_0.3_229	0.215408008109478
GSE222315_TCCGGGAAGTCGCCAC-1_1_1_1_1	GSE222315_p4_NAT	GSE222315	DF.classifications_0.25_0.3_229	Singlet	pANN_0.25_0.3_229	0.203243791180943
GSE222315_TCCGGGAAGTGTTGAA-1_1_1_1_1	GSE222315_p4_NAT	GSE222315	DF.classifications_0.25_0.3_229	Singlet	pANN_0.25_0.3_229	0.22250380131779
GSE222315_TCCGGGACAAGTTCCA-1_1_1_1_1	GSE222315_p4_NAT	GSE222315	DF.classifications_0.25_0.3_229	Singlet	pANN_0.25_0.3_229	0.196654840344653
GSE222315_TCCGGGACACTCTAGA-1_1_1_1_1	GSE222315_p4_NAT	GSE222315	DF.classifications_0.25_0.3_229	Singlet	pANN_0.25_0.3_229	0.259503294475418
GSE222315_TCCGGGACATTGAAGA-1_1_1_1_1	GSE222315_p4_NAT	GSE222315	DF.classifications_0.25_0.3_229	Singlet	pANN_0.25_0.3_229	0.247845919918905
GSE222315_TCCGGGATCAACCTTT-1_1_1_1_1	GSE222315_p4_NAT	GSE222315	DF.classifications_0.25_0.3_229	Singlet	pANN_0.25_0.3_229	0.156107450582869
GSE222315_TCCGGGATCGATCCCT-1_1_1_1_1	GSE222315_p4_NAT	GSE222315	DF.classifications_0.25_0.3_229	Singlet	pANN_0.25_0.3_229	0.196147997972631
GSE222315_TCCGTGTGTCATCCGG-1_1_1_1_1	GSE222315_p4_NAT	GSE222315	DF.classifications_0.25_0.3_229	Singlet	pANN_0.25_0.3_229	0.365433350228079
GSE222315_TCCGTGTGTGTCGATT-1_1_1_1_1	GSE222315_p4_NAT	GSE222315	DF.classifications_0.25_0.3_229	Singlet	pANN_0.25_0.3_229	0.216421692853523
GSE222315_TCCGTGTTCATTCCTA-1_1_1_1_1	GSE222315_p4_NAT	GSE222315	DF.classifications_0.25_0.3_229	Doublet	pANN_0.25_0.3_229	0.387227572225038
GSE222315_TCCTAATCAGATACCT-1_1_1_1_1	GSE222315_p4_NAT	GSE222315	DF.classifications_0.25_0.3_229	Singlet	pANN_0.25_0.3_229	0.371008616320324
GSE222315_TCCTAATGTATACAGA-1_1_1_1_1	GSE222315_p4_NAT	GSE222315	DF.classifications_0.25_0.3_229	Singlet	pANN_0.25_0.3_229	0.341611758743031
GSE222315_TCCTAATGTGGTCTAT-1_1_1_1_1	GSE222315_p4_NAT	GSE222315	DF.classifications_0.25_0.3_229	Singlet	pANN_0.25_0.3_229	0.243284338570705
GSE222315_TCCTCCCAGCTACTAC-1_1_1_1_1	GSE222315_p4_NAT	GSE222315	DF.classifications_0.25_0.3_229	Singlet	pANN_0.25_0.3_229	0.163203243791181
GSE222315_TCCTCCCAGTAGATCA-1_1_1_1_1	GSE222315_p4_NAT	GSE222315	DF.classifications_0.25_0.3_229	Singlet	pANN_0.25_0.3_229	0.223517486061835
GSE222315_TCCTCCCGTCACATTG-1_1_1_1_1	GSE222315_p4_NAT	GSE222315	DF.classifications_0.25_0.3_229	Singlet	pANN_0.25_0.3_229	0.260516979219463
GSE222315_TCCTCGACAACACGTT-1_1_1_1_1	GSE222315_p4_NAT	GSE222315	DF.classifications_0.25_0.3_229	Singlet	pANN_0.25_0.3_229	0.257475924987329
GSE222315_TCCTCGACACGGCTAC-1_1_1_1_1	GSE222315_p4_NAT	GSE222315	DF.classifications_0.25_0.3_229	Singlet	pANN_0.25_0.3_229	0.232640648758236
GSE222315_TCCTCGAGTATGAAAC-1_1_1_1_1	GSE222315_p4_NAT	GSE222315	DF.classifications_0.25_0.3_229	Singlet	pANN_0.25_0.3_229	0.129244804865687
GSE222315_TCCTCGATCCAATCTT-1_1_1_1_1	GSE222315_p4_NAT	GSE222315	DF.classifications_0.25_0.3_229	Singlet	pANN_0.25_0.3_229	0.130765331981754
GSE222315_TCCTCGATCTCGTGGG-1_1_1_1_1	GSE222315_p4_NAT	GSE222315	DF.classifications_0.25_0.3_229	Singlet	pANN_0.25_0.3_229	0.212366953877344
GSE222315_TCCTCTTAGATTACCC-1_1_1_1_1	GSE222315_p4_NAT	GSE222315	DF.classifications_0.25_0.3_229	Singlet	pANN_0.25_0.3_229	0.141915864166244
GSE222315_TCCTCTTAGCATAGGC-1_1_1_1_1	GSE222315_p4_NAT	GSE222315	DF.classifications_0.25_0.3_229	Singlet	pANN_0.25_0.3_229	0.131779016725798
GSE222315_TCCTCTTAGGATACAT-1_1_1_1_1	GSE222315_p4_NAT	GSE222315	DF.classifications_0.25_0.3_229	Singlet	pANN_0.25_0.3_229	0.173846933603649
GSE222315_TCCTCTTCATTGACCA-1_1_1_1_1	GSE222315_p4_NAT	GSE222315	DF.classifications_0.25_0.3_229	Singlet	pANN_0.25_0.3_229	0.182463253928028
GSE222315_TCCTCTTTCATCCTGC-1_1_1_1_1	GSE222315_p4_NAT	GSE222315	DF.classifications_0.25_0.3_229	Singlet	pANN_0.25_0.3_229	0.191079574252408
GSE222315_TCCTCTTTCCAAACCA-1_1_1_1_1	GSE222315_p4_NAT	GSE222315	DF.classifications_0.25_0.3_229	Singlet	pANN_0.25_0.3_229	0.234668018246325
GSE222315_TCCTCTTTCCCGTGTT-1_1_1_1_1	GSE222315_p4_NAT	GSE222315	DF.classifications_0.25_0.3_229	Singlet	pANN_0.25_0.3_229	0.256969082615307
GSE222315_TCCTTCTAGACAGCTG-1_1_1_1_1	GSE222315_p4_NAT	GSE222315	DF.classifications_0.25_0.3_229	Singlet	pANN_0.25_0.3_229	0.166751140395337
GSE222315_TCCTTCTCAGACAAGC-1_1_1_1_1	GSE222315_p4_NAT	GSE222315	DF.classifications_0.25_0.3_229	Singlet	pANN_0.25_0.3_229	0.374556512924481
GSE222315_TCCTTCTCAGAGAATT-1_1_1_1_1	GSE222315_p4_NAT	GSE222315	DF.classifications_0.25_0.3_229	Singlet	pANN_0.25_0.3_229	0.272681196147998
GSE222315_TCCTTCTGTGCGAACA-1_1_1_1_1	GSE222315_p4_NAT	GSE222315	DF.classifications_0.25_0.3_229	Singlet	pANN_0.25_0.3_229	0.125190065889508
GSE222315_TCCTTCTGTTGGGACA-1_1_1_1_1	GSE222315_p4_NAT	GSE222315	DF.classifications_0.25_0.3_229	Singlet	pANN_0.25_0.3_229	0.237202230106437
GSE222315_TCCTTCTTCAGTCCGG-1_1_1_1_1	GSE222315_p4_NAT	GSE222315	DF.classifications_0.25_0.3_229	Singlet	pANN_0.25_0.3_229	0.136847440446021
GSE222315_TCCTTCTTCCGTATAG-1_1_1_1_1	GSE222315_p4_NAT	GSE222315	DF.classifications_0.25_0.3_229	Singlet	pANN_0.25_0.3_229	0.324379118094273
GSE222315_TCCTTTCAGACAACAT-1_1_1_1_1	GSE222315_p4_NAT	GSE222315	DF.classifications_0.25_0.3_229	Singlet	pANN_0.25_0.3_229	0.184490623416118
GSE222315_TCCTTTCAGTTCGCAT-1_1_1_1_1	GSE222315_p4_NAT	GSE222315	DF.classifications_0.25_0.3_229	Singlet	pANN_0.25_0.3_229	0.196654840344653
GSE222315_TCCTTTCGTTGACTGT-1_1_1_1_1	GSE222315_p4_NAT	GSE222315	DF.classifications_0.25_0.3_229	Singlet	pANN_0.25_0.3_229	0.26203750633553
GSE222315_TCGAACAAGGGCATGT-1_1_1_1_1	GSE222315_p4_NAT	GSE222315	DF.classifications_0.25_0.3_229	Singlet	pANN_0.25_0.3_229	0.190572731880385
GSE222315_TCGAACACATATGGCT-1_1_1_1_1	GSE222315_p4_NAT	GSE222315	DF.classifications_0.25_0.3_229	Singlet	pANN_0.25_0.3_229	0.344652812975165
GSE222315_TCGAACATCACCTACC-1_1_1_1_1	GSE222315_p4_NAT	GSE222315	DF.classifications_0.25_0.3_229	Singlet	pANN_0.25_0.3_229	0.227065382665991
GSE222315_TCGAACATCTACTGAG-1_1_1_1_1	GSE222315_p4_NAT	GSE222315	DF.classifications_0.25_0.3_229	Singlet	pANN_0.25_0.3_229	0.288393309680689
GSE222315_TCGAACATCTCGGCTT-1_1_1_1_1	GSE222315_p4_NAT	GSE222315	DF.classifications_0.25_0.3_229	Singlet	pANN_0.25_0.3_229	0.227572225038013
GSE222315_TCGAAGTAGGTTCATC-1_1_1_1_1	GSE222315_p4_NAT	GSE222315	DF.classifications_0.25_0.3_229	Singlet	pANN_0.25_0.3_229	0.218955904713634
GSE222315_TCGAAGTCACTGAGTT-1_1_1_1_1	GSE222315_p4_NAT	GSE222315	DF.classifications_0.25_0.3_229	Singlet	pANN_0.25_0.3_229	0.220476431829701
GSE222315_TCGAAGTCATAATGAG-1_1_1_1_1	GSE222315_p4_NAT	GSE222315	DF.classifications_0.25_0.3_229	Singlet	pANN_0.25_0.3_229	0.318297009630005
GSE222315_TCGAAGTCATAGGAGC-1_1_1_1_1	GSE222315_p4_NAT	GSE222315	DF.classifications_0.25_0.3_229	Singlet	pANN_0.25_0.3_229	0.202230106436898
GSE222315_TCGAAGTGTTGAAGTA-1_1_1_1_1	GSE222315_p4_NAT	GSE222315	DF.classifications_0.25_0.3_229	Singlet	pANN_0.25_0.3_229	0.149518499746579
GSE222315_TCGAAGTGTTTAGTCG-1_1_1_1_1	GSE222315_p4_NAT	GSE222315	DF.classifications_0.25_0.3_229	Singlet	pANN_0.25_0.3_229	0.328433857070451
GSE222315_TCGAAGTTCCAATCCC-1_1_1_1_1	GSE222315_p4_NAT	GSE222315	DF.classifications_0.25_0.3_229	Singlet	pANN_0.25_0.3_229	0.206284845413077
GSE222315_TCGAAGTTCGGTCTAA-1_1_1_1_1	GSE222315_p4_NAT	GSE222315	DF.classifications_0.25_0.3_229	Singlet	pANN_0.25_0.3_229	0.321844906234161
GSE222315_TCGACCTAGACATCCT-1_1_1_1_1	GSE222315_p4_NAT	GSE222315	DF.classifications_0.25_0.3_229	Singlet	pANN_0.25_0.3_229	0.227065382665991
GSE222315_TCGACCTAGTATGTAG-1_1_1_1_1	GSE222315_p4_NAT	GSE222315	DF.classifications_0.25_0.3_229	Singlet	pANN_0.25_0.3_229	0.189559047136341
GSE222315_TCGACCTAGTGGACTG-1_1_1_1_1	GSE222315_p4_NAT	GSE222315	DF.classifications_0.25_0.3_229	Singlet	pANN_0.25_0.3_229	0.144956918398378
GSE222315_TCGACCTCAAGTTCGT-1_1_1_1_1	GSE222315_p4_NAT	GSE222315	DF.classifications_0.25_0.3_229	Singlet	pANN_0.25_0.3_229	0.230613279270147
GSE222315_TCGACCTCATATGCGT-1_1_1_1_1	GSE222315_p4_NAT	GSE222315	DF.classifications_0.25_0.3_229	Singlet	pANN_0.25_0.3_229	0.353269133299544
GSE222315_TCGACCTCATCTGTTT-1_1_1_1_1	GSE222315_p4_NAT	GSE222315	DF.classifications_0.25_0.3_229	Singlet	pANN_0.25_0.3_229	0.141915864166244
GSE222315_TCGACCTTCTAGATCG-1_1_1_1_1	GSE222315_p4_NAT	GSE222315	DF.classifications_0.25_0.3_229	Singlet	pANN_0.25_0.3_229	0.122149011657375
GSE222315_TCGACGGCACTTTATC-1_1_1_1_1	GSE222315_p4_NAT	GSE222315	DF.classifications_0.25_0.3_229	Singlet	pANN_0.25_0.3_229	0.326406487582362
GSE222315_TCGACGGCAGTTCCAA-1_1_1_1_1	GSE222315_p4_NAT	GSE222315	DF.classifications_0.25_0.3_229	Singlet	pANN_0.25_0.3_229	0.195641155600608
GSE222315_TCGACGGGTCTTACAG-1_1_1_1_1	GSE222315_p4_NAT	GSE222315	DF.classifications_0.25_0.3_229	Singlet	pANN_0.25_0.3_229	0.162189559047136
GSE222315_TCGACGGGTTCAGCTA-1_1_1_1_1	GSE222315_p4_NAT	GSE222315	DF.classifications_0.25_0.3_229	Singlet	pANN_0.25_0.3_229	0.231626964014192
GSE222315_TCGACGGTCGTAGGGA-1_1_1_1_1	GSE222315_p4_NAT	GSE222315	DF.classifications_0.25_0.3_229	Singlet	pANN_0.25_0.3_229	0.231120121642169
GSE222315_TCGACGGTCTTCACAT-1_1_1_1_1	GSE222315_p4_NAT	GSE222315	DF.classifications_0.25_0.3_229	Singlet	pANN_0.25_0.3_229	0.154586923466802
GSE222315_TCGATTTAGATCGCTT-1_1_1_1_1	GSE222315_p4_NAT	GSE222315	DF.classifications_0.25_0.3_229	Singlet	pANN_0.25_0.3_229	0.234161175874303
GSE222315_TCGATTTCAATGACCT-1_1_1_1_1	GSE222315_p4_NAT	GSE222315	DF.classifications_0.25_0.3_229	Singlet	pANN_0.25_0.3_229	0.206284845413077
GSE222315_TCGATTTCATGGCCCA-1_1_1_1_1	GSE222315_p4_NAT	GSE222315	DF.classifications_0.25_0.3_229	Singlet	pANN_0.25_0.3_229	0.206791687785099
GSE222315_TCGATTTGTAACAGTA-1_1_1_1_1	GSE222315_p4_NAT	GSE222315	DF.classifications_0.25_0.3_229	Singlet	pANN_0.25_0.3_229	0.205271160669032
GSE222315_TCGATTTGTAGTATAG-1_1_1_1_1	GSE222315_p4_NAT	GSE222315	DF.classifications_0.25_0.3_229	Singlet	pANN_0.25_0.3_229	0.127217435377598
GSE222315_TCGATTTGTCGGTACC-1_1_1_1_1	GSE222315_p4_NAT	GSE222315	DF.classifications_0.25_0.3_229	Singlet	pANN_0.25_0.3_229	0.125190065889508
GSE222315_TCGATTTGTTACCCAA-1_1_1_1_1	GSE222315_p4_NAT	GSE222315	DF.classifications_0.25_0.3_229	Singlet	pANN_0.25_0.3_229	0.167257982767359
GSE222315_TCGCACTAGAGGCCAT-1_1_1_1_1	GSE222315_p4_NAT	GSE222315	DF.classifications_0.25_0.3_229	Singlet	pANN_0.25_0.3_229	0.237709072478459
GSE222315_TCGCACTAGATTTGCC-1_1_1_1_1	GSE222315_p4_NAT	GSE222315	DF.classifications_0.25_0.3_229	Singlet	pANN_0.25_0.3_229	0.179422199695895
GSE222315_TCGCACTAGGATGAGA-1_1_1_1_1	GSE222315_p4_NAT	GSE222315	DF.classifications_0.25_0.3_229	Singlet	pANN_0.25_0.3_229	0.182463253928028
GSE222315_TCGCACTCACACTGGC-1_1_1_1_1	GSE222315_p4_NAT	GSE222315	DF.classifications_0.25_0.3_229	Singlet	pANN_0.25_0.3_229	0.131272174353776
GSE222315_TCGCACTCACTCGATA-1_1_1_1_1	GSE222315_p4_NAT	GSE222315	DF.classifications_0.25_0.3_229	Singlet	pANN_0.25_0.3_229	0.168778509883426
GSE222315_TCGCACTCATGAATCC-1_1_1_1_1	GSE222315_p4_NAT	GSE222315	DF.classifications_0.25_0.3_229	Singlet	pANN_0.25_0.3_229	0.250886974151039
GSE222315_TCGCACTGTCACTTCC-1_1_1_1_1	GSE222315_p4_NAT	GSE222315	DF.classifications_0.25_0.3_229	Singlet	pANN_0.25_0.3_229	0.206791687785099
GSE222315_TCGCACTGTTCGAAGG-1_1_1_1_1	GSE222315_p4_NAT	GSE222315	DF.classifications_0.25_0.3_229	Singlet	pANN_0.25_0.3_229	0.337557019766852
GSE222315_TCGCACTTCCGAGCTG-1_1_1_1_1	GSE222315_p4_NAT	GSE222315	DF.classifications_0.25_0.3_229	Singlet	pANN_0.25_0.3_229	0.172833248859605
GSE222315_TCGCACTTCTGAGCAT-1_1_1_1_1	GSE222315_p4_NAT	GSE222315	DF.classifications_0.25_0.3_229	Singlet	pANN_0.25_0.3_229	0.368981246832235
GSE222315_TCGCAGGAGAAGGATG-1_1_1_1_1	GSE222315_p4_NAT	GSE222315	DF.classifications_0.25_0.3_229	Singlet	pANN_0.25_0.3_229	0.204257475924987
GSE222315_TCGCAGGAGGTGCCAA-1_1_1_1_1	GSE222315_p4_NAT	GSE222315	DF.classifications_0.25_0.3_229	Singlet	pANN_0.25_0.3_229	0.130765331981754
GSE222315_TCGCAGGAGTCATGCT-1_1_1_1_1	GSE222315_p4_NAT	GSE222315	DF.classifications_0.25_0.3_229	Singlet	pANN_0.25_0.3_229	0.239736441966548
GSE222315_TCGCAGGGTAACGTTC-1_1_1_1_1	GSE222315_p4_NAT	GSE222315	DF.classifications_0.25_0.3_229	Singlet	pANN_0.25_0.3_229	0.237202230106437
GSE222315_TCGCAGGGTTACGGAG-1_1_1_1_1	GSE222315_p4_NAT	GSE222315	DF.classifications_0.25_0.3_229	Singlet	pANN_0.25_0.3_229	0.161682716675114
GSE222315_TCGCAGGGTTTACACG-1_1_1_1_1	GSE222315_p4_NAT	GSE222315	DF.classifications_0.25_0.3_229	Singlet	pANN_0.25_0.3_229	0.195641155600608
GSE222315_TCGCAGGTCCGTTGAA-1_1_1_1_1	GSE222315_p4_NAT	GSE222315	DF.classifications_0.25_0.3_229	Singlet	pANN_0.25_0.3_229	0.376077040040547
GSE222315_TCGCTCAAGGACTGGT-1_1_1_1_1	GSE222315_p4_NAT	GSE222315	DF.classifications_0.25_0.3_229	Singlet	pANN_0.25_0.3_229	0.315255955397871
GSE222315_TCGCTCAAGTAAACAC-1_1_1_1_1	GSE222315_p4_NAT	GSE222315	DF.classifications_0.25_0.3_229	Singlet	pANN_0.25_0.3_229	0.195134313228586
GSE222315_TCGCTCATCCAACTAG-1_1_1_1_1	GSE222315_p4_NAT	GSE222315	DF.classifications_0.25_0.3_229	Singlet	pANN_0.25_0.3_229	0.362899138367968
GSE222315_TCGCTTGAGCGGATCA-1_1_1_1_1	GSE222315_p4_NAT	GSE222315	DF.classifications_0.25_0.3_229	Singlet	pANN_0.25_0.3_229	0.181449569183984
GSE222315_TCGCTTGAGTTTCGGT-1_1_1_1_1	GSE222315_p4_NAT	GSE222315	DF.classifications_0.25_0.3_229	Singlet	pANN_0.25_0.3_229	0.238215914850481
GSE222315_TCGCTTGCAAGTATCC-1_1_1_1_1	GSE222315_p4_NAT	GSE222315	DF.classifications_0.25_0.3_229	Singlet	pANN_0.25_0.3_229	0.138367967562088
GSE222315_TCGCTTGGTCGCATTA-1_1_1_1_1	GSE222315_p4_NAT	GSE222315	DF.classifications_0.25_0.3_229	Singlet	pANN_0.25_0.3_229	0.186011150532184
GSE222315_TCGCTTGGTTAGAAGT-1_1_1_1_1	GSE222315_p4_NAT	GSE222315	DF.classifications_0.25_0.3_229	Singlet	pANN_0.25_0.3_229	0.276229092752154
GSE222315_TCGCTTGGTTTACTTC-1_1_1_1_1	GSE222315_p4_NAT	GSE222315	DF.classifications_0.25_0.3_229	Singlet	pANN_0.25_0.3_229	0.229599594526102
GSE222315_TCGCTTGTCAATCGGT-1_1_1_1_1	GSE222315_p4_NAT	GSE222315	DF.classifications_0.25_0.3_229	Singlet	pANN_0.25_0.3_229	0.187531677648251
GSE222315_TCGCTTGTCCATCTCG-1_1_1_1_1	GSE222315_p4_NAT	GSE222315	DF.classifications_0.25_0.3_229	Singlet	pANN_0.25_0.3_229	0.187024835276229
GSE222315_TCGGATACAGTGAGCA-1_1_1_1_1	GSE222315_p4_NAT	GSE222315	DF.classifications_0.25_0.3_229	Singlet	pANN_0.25_0.3_229	0.372529143436391
GSE222315_TCGGATACAGTGGGTA-1_1_1_1_1	GSE222315_p4_NAT	GSE222315	DF.classifications_0.25_0.3_229	Singlet	pANN_0.25_0.3_229	0.354789660415611
GSE222315_TCGGATACATTAAAGG-1_1_1_1_1	GSE222315_p4_NAT	GSE222315	DF.classifications_0.25_0.3_229	Singlet	pANN_0.25_0.3_229	0.212873796249366
GSE222315_TCGGATAGTGGAACCA-1_1_1_1_1	GSE222315_p4_NAT	GSE222315	DF.classifications_0.25_0.3_229	Singlet	pANN_0.25_0.3_229	0.181956411556006
GSE222315_TCGGATAGTGTGTGGA-1_1_1_1_1	GSE222315_p4_NAT	GSE222315	DF.classifications_0.25_0.3_229	Singlet	pANN_0.25_0.3_229	0.236188545362392
GSE222315_TCGGATATCTGACAGT-1_1_1_1_1	GSE222315_p4_NAT	GSE222315	DF.classifications_0.25_0.3_229	Singlet	pANN_0.25_0.3_229	0.381652306132793
GSE222315_TCGGGACAGAAGATCT-1_1_1_1_1	GSE222315_p4_NAT	GSE222315	DF.classifications_0.25_0.3_229	Singlet	pANN_0.25_0.3_229	0.13431322858591
GSE222315_TCGGGACAGGTTGGTG-1_1_1_1_1	GSE222315_p4_NAT	GSE222315	DF.classifications_0.25_0.3_229	Singlet	pANN_0.25_0.3_229	0.164723770907248
GSE222315_TCGGGACAGTGTGTTC-1_1_1_1_1	GSE222315_p4_NAT	GSE222315	DF.classifications_0.25_0.3_229	Singlet	pANN_0.25_0.3_229	0.142422706538267
GSE222315_TCGGGACGTAGTCCTA-1_1_1_1_1	GSE222315_p4_NAT	GSE222315	DF.classifications_0.25_0.3_229	Singlet	pANN_0.25_0.3_229	0.176887987835783
GSE222315_TCGGGACGTCTTACAG-1_1_1_1_1	GSE222315_p4_NAT	GSE222315	DF.classifications_0.25_0.3_229	Singlet	pANN_0.25_0.3_229	0.246832235174861
GSE222315_TCGGGACTCTGTGCAA-1_1_1_1_1	GSE222315_p4_NAT	GSE222315	DF.classifications_0.25_0.3_229	Singlet	pANN_0.25_0.3_229	0.120628484541308
GSE222315_TCGGGACTCTTAAGGC-1_1_1_1_1	GSE222315_p4_NAT	GSE222315	DF.classifications_0.25_0.3_229	Singlet	pANN_0.25_0.3_229	0.179422199695895
GSE222315_TCGGGCACAGTGGTGA-1_1_1_1_1	GSE222315_p4_NAT	GSE222315	DF.classifications_0.25_0.3_229	Singlet	pANN_0.25_0.3_229	0.181449569183984
GSE222315_TCGGGCACATGGGATG-1_1_1_1_1	GSE222315_p4_NAT	GSE222315	DF.classifications_0.25_0.3_229	Singlet	pANN_0.25_0.3_229	0.253421186011151
GSE222315_TCGGGCAGTATGAGAT-1_1_1_1_1	GSE222315_p4_NAT	GSE222315	DF.classifications_0.25_0.3_229	Singlet	pANN_0.25_0.3_229	0.174860618347694
GSE222315_TCGGGCAGTTGTTGTG-1_1_1_1_1	GSE222315_p4_NAT	GSE222315	DF.classifications_0.25_0.3_229	Doublet	pANN_0.25_0.3_229	0.38773441459706
GSE222315_TCGGGTGAGCGATGCA-1_1_1_1_1	GSE222315_p4_NAT	GSE222315	DF.classifications_0.25_0.3_229	Singlet	pANN_0.25_0.3_229	0.305625950329448
GSE222315_TCGGGTGCAGATCATC-1_1_1_1_1	GSE222315_p4_NAT	GSE222315	DF.classifications_0.25_0.3_229	Singlet	pANN_0.25_0.3_229	0.161682716675114
GSE222315_TCGGGTGGTCCTGAAT-1_1_1_1_1	GSE222315_p4_NAT	GSE222315	DF.classifications_0.25_0.3_229	Singlet	pANN_0.25_0.3_229	0.181956411556006
GSE222315_TCGGGTGTCAAGTCGT-1_1_1_1_1	GSE222315_p4_NAT	GSE222315	DF.classifications_0.25_0.3_229	Singlet	pANN_0.25_0.3_229	0.125696908261531
GSE222315_TCGGGTGTCGACCCAG-1_1_1_1_1	GSE222315_p4_NAT	GSE222315	DF.classifications_0.25_0.3_229	Singlet	pANN_0.25_0.3_229	0.240750126710593
GSE222315_TCGGTCTAGAAGGGAT-1_1_1_1_1	GSE222315_p4_NAT	GSE222315	DF.classifications_0.25_0.3_229	Singlet	pANN_0.25_0.3_229	0.287379624936645
GSE222315_TCGGTCTAGTTTCAGC-1_1_1_1_1	GSE222315_p4_NAT	GSE222315	DF.classifications_0.25_0.3_229	Singlet	pANN_0.25_0.3_229	0.122149011657375
GSE222315_TCGGTCTGTTACGTAC-1_1_1_1_1	GSE222315_p4_NAT	GSE222315	DF.classifications_0.25_0.3_229	Singlet	pANN_0.25_0.3_229	0.225038013177902
GSE222315_TCGTAGAAGAGGTCAC-1_1_1_1_1	GSE222315_p4_NAT	GSE222315	DF.classifications_0.25_0.3_229	Singlet	pANN_0.25_0.3_229	0.163203243791181
GSE222315_TCGTAGACACTTTAGG-1_1_1_1_1	GSE222315_p4_NAT	GSE222315	DF.classifications_0.25_0.3_229	Doublet	pANN_0.25_0.3_229	0.386213887480993
GSE222315_TCGTAGAGTGAATGAT-1_1_1_1_1	GSE222315_p4_NAT	GSE222315	DF.classifications_0.25_0.3_229	Singlet	pANN_0.25_0.3_229	0.176887987835783
GSE222315_TCGTCCAAGCGATGAC-1_1_1_1_1	GSE222315_p4_NAT	GSE222315	DF.classifications_0.25_0.3_229	Singlet	pANN_0.25_0.3_229	0.220983274201723
GSE222315_TCGTCCACACTGAGTT-1_1_1_1_1	GSE222315_p4_NAT	GSE222315	DF.classifications_0.25_0.3_229	Singlet	pANN_0.25_0.3_229	0.245818550430816
GSE222315_TCGTCCAGTACCTTCC-1_1_1_1_1	GSE222315_p4_NAT	GSE222315	DF.classifications_0.25_0.3_229	Singlet	pANN_0.25_0.3_229	0.237709072478459
GSE222315_TCGTCCATCGCTGCGA-1_1_1_1_1	GSE222315_p4_NAT	GSE222315	DF.classifications_0.25_0.3_229	Singlet	pANN_0.25_0.3_229	0.203750633552965
GSE222315_TCGTGCTCAACGCATT-1_1_1_1_1	GSE222315_p4_NAT	GSE222315	DF.classifications_0.25_0.3_229	Singlet	pANN_0.25_0.3_229	0.375063355296503
GSE222315_TCGTGCTGTAACATCC-1_1_1_1_1	GSE222315_p4_NAT	GSE222315	DF.classifications_0.25_0.3_229	Singlet	pANN_0.25_0.3_229	0.205778003041054
GSE222315_TCGTGCTGTAGGAGGG-1_1_1_1_1	GSE222315_p4_NAT	GSE222315	DF.classifications_0.25_0.3_229	Singlet	pANN_0.25_0.3_229	0.185504308160162
GSE222315_TCGTGCTGTGCACGCT-1_1_1_1_1	GSE222315_p4_NAT	GSE222315	DF.classifications_0.25_0.3_229	Singlet	pANN_0.25_0.3_229	0.356310187531678
GSE222315_TCGTGCTTCCTACTGC-1_1_1_1_1	GSE222315_p4_NAT	GSE222315	DF.classifications_0.25_0.3_229	Singlet	pANN_0.25_0.3_229	0.182463253928028
GSE222315_TCGTGCTTCTATCACT-1_1_1_1_1	GSE222315_p4_NAT	GSE222315	DF.classifications_0.25_0.3_229	Singlet	pANN_0.25_0.3_229	0.168271667511404
GSE222315_TCGTGGGGTTCTCCAC-1_1_1_1_1	GSE222315_p4_NAT	GSE222315	DF.classifications_0.25_0.3_229	Singlet	pANN_0.25_0.3_229	0.357323872275722
GSE222315_TCGTGGGTCAATGTCG-1_1_1_1_1	GSE222315_p4_NAT	GSE222315	DF.classifications_0.25_0.3_229	Singlet	pANN_0.25_0.3_229	0.190572731880385
GSE222315_TCTAACTCAGCTTTGA-1_1_1_1_1	GSE222315_p4_NAT	GSE222315	DF.classifications_0.25_0.3_229	Singlet	pANN_0.25_0.3_229	0.175874303091738
GSE222315_TCTAACTTCCTGTTGC-1_1_1_1_1	GSE222315_p4_NAT	GSE222315	DF.classifications_0.25_0.3_229	Singlet	pANN_0.25_0.3_229	0.368474404460213
GSE222315_TCTAACTTCTCCGCAT-1_1_1_1_1	GSE222315_p4_NAT	GSE222315	DF.classifications_0.25_0.3_229	Singlet	pANN_0.25_0.3_229	0.209832742017233
GSE222315_TCTACATAGCCATCCG-1_1_1_1_1	GSE222315_p4_NAT	GSE222315	DF.classifications_0.25_0.3_229	Singlet	pANN_0.25_0.3_229	0.166751140395337
GSE222315_TCTACATAGCTAAGTA-1_1_1_1_1	GSE222315_p4_NAT	GSE222315	DF.classifications_0.25_0.3_229	Singlet	pANN_0.25_0.3_229	0.150532184490623
GSE222315_TCTACATCACCGCTGA-1_1_1_1_1	GSE222315_p4_NAT	GSE222315	DF.classifications_0.25_0.3_229	Singlet	pANN_0.25_0.3_229	0.208819057273188
GSE222315_TCTACATCAGATTAAG-1_1_1_1_1	GSE222315_p4_NAT	GSE222315	DF.classifications_0.25_0.3_229	Singlet	pANN_0.25_0.3_229	0.142422706538267
GSE222315_TCTACATGTATGGGAC-1_1_1_1_1	GSE222315_p4_NAT	GSE222315	DF.classifications_0.25_0.3_229	Singlet	pANN_0.25_0.3_229	0.380638621388748
GSE222315_TCTACATTCCTGCTAC-1_1_1_1_1	GSE222315_p4_NAT	GSE222315	DF.classifications_0.25_0.3_229	Singlet	pANN_0.25_0.3_229	0.252914343639128
GSE222315_TCTACATTCGAGCTGC-1_1_1_1_1	GSE222315_p4_NAT	GSE222315	DF.classifications_0.25_0.3_229	Singlet	pANN_0.25_0.3_229	0.202230106436898
GSE222315_TCTACATTCTCGGCTT-1_1_1_1_1	GSE222315_p4_NAT	GSE222315	DF.classifications_0.25_0.3_229	Singlet	pANN_0.25_0.3_229	0.259503294475418
GSE222315_TCTACCGAGGAATGTT-1_1_1_1_1	GSE222315_p4_NAT	GSE222315	DF.classifications_0.25_0.3_229	Singlet	pANN_0.25_0.3_229	0.131779016725798
GSE222315_TCTACCGCAAGCGCAA-1_1_1_1_1	GSE222315_p4_NAT	GSE222315	DF.classifications_0.25_0.3_229	Singlet	pANN_0.25_0.3_229	0.158134820070958
GSE222315_TCTACCGCACGGTGTC-1_1_1_1_1	GSE222315_p4_NAT	GSE222315	DF.classifications_0.25_0.3_229	Singlet	pANN_0.25_0.3_229	0.210846426761277
GSE222315_TCTACCGCAGCTGTTA-1_1_1_1_1	GSE222315_p4_NAT	GSE222315	DF.classifications_0.25_0.3_229	Singlet	pANN_0.25_0.3_229	0.203243791180943
GSE222315_TCTACCGGTACAACGG-1_1_1_1_1	GSE222315_p4_NAT	GSE222315	DF.classifications_0.25_0.3_229	Singlet	pANN_0.25_0.3_229	0.265585402939686
GSE222315_TCTACCGGTCAAACGG-1_1_1_1_1	GSE222315_p4_NAT	GSE222315	DF.classifications_0.25_0.3_229	Singlet	pANN_0.25_0.3_229	0.186517992904207
GSE222315_TCTACCGGTTCAGGTT-1_1_1_1_1	GSE222315_p4_NAT	GSE222315	DF.classifications_0.25_0.3_229	Singlet	pANN_0.25_0.3_229	0.346680182463254
GSE222315_TCTACCGTCCTGGGAC-1_1_1_1_1	GSE222315_p4_NAT	GSE222315	DF.classifications_0.25_0.3_229	Singlet	pANN_0.25_0.3_229	0.173846933603649
GSE222315_TCTATACCAAACTCTG-1_1_1_1_1	GSE222315_p4_NAT	GSE222315	DF.classifications_0.25_0.3_229	Singlet	pANN_0.25_0.3_229	0.203750633552965
GSE222315_TCTATACCACGACGTC-1_1_1_1_1	GSE222315_p4_NAT	GSE222315	DF.classifications_0.25_0.3_229	Singlet	pANN_0.25_0.3_229	0.22909275215408
GSE222315_TCTATACCAGGTCCCA-1_1_1_1_1	GSE222315_p4_NAT	GSE222315	DF.classifications_0.25_0.3_229	Singlet	pANN_0.25_0.3_229	0.193613786112519
GSE222315_TCTATACGTTCTTAGG-1_1_1_1_1	GSE222315_p4_NAT	GSE222315	DF.classifications_0.25_0.3_229	Singlet	pANN_0.25_0.3_229	0.18499746578814
GSE222315_TCTATACTCATCTCTA-1_1_1_1_1	GSE222315_p4_NAT	GSE222315	DF.classifications_0.25_0.3_229	Singlet	pANN_0.25_0.3_229	0.224531170805879
GSE222315_TCTATACTCTATACGG-1_1_1_1_1	GSE222315_p4_NAT	GSE222315	DF.classifications_0.25_0.3_229	Singlet	pANN_0.25_0.3_229	0.172833248859605
GSE222315_TCTATACTCTGAGTCA-1_1_1_1_1	GSE222315_p4_NAT	GSE222315	DF.classifications_0.25_0.3_229	Singlet	pANN_0.25_0.3_229	0.170805879371515
GSE222315_TCTATCAAGATAACAC-1_1_1_1_1	GSE222315_p4_NAT	GSE222315	DF.classifications_0.25_0.3_229	Singlet	pANN_0.25_0.3_229	0.347187024835276
GSE222315_TCTATCAAGTCATAGA-1_1_1_1_1	GSE222315_p4_NAT	GSE222315	DF.classifications_0.25_0.3_229	Singlet	pANN_0.25_0.3_229	0.342118601115053
GSE222315_TCTATCACAACATCGT-1_1_1_1_1	GSE222315_p4_NAT	GSE222315	DF.classifications_0.25_0.3_229	Singlet	pANN_0.25_0.3_229	0.233654333502281
GSE222315_TCTATCAGTATCGCGC-1_1_1_1_1	GSE222315_p4_NAT	GSE222315	DF.classifications_0.25_0.3_229	Singlet	pANN_0.25_0.3_229	0.379118094272681
GSE222315_TCTATCAGTGCTGCAC-1_1_1_1_1	GSE222315_p4_NAT	GSE222315	DF.classifications_0.25_0.3_229	Singlet	pANN_0.25_0.3_229	0.203243791180943
GSE222315_TCTATCAGTGCTTATG-1_1_1_1_1	GSE222315_p4_NAT	GSE222315	DF.classifications_0.25_0.3_229	Singlet	pANN_0.25_0.3_229	0.201216421692854
GSE222315_TCTATCATCCATACAG-1_1_1_1_1	GSE222315_p4_NAT	GSE222315	DF.classifications_0.25_0.3_229	Singlet	pANN_0.25_0.3_229	0.237202230106437
GSE222315_TCTATCATCGTTGTAG-1_1_1_1_1	GSE222315_p4_NAT	GSE222315	DF.classifications_0.25_0.3_229	Singlet	pANN_0.25_0.3_229	0.124176381145464
GSE222315_TCTCACGAGTATGTAG-1_1_1_1_1	GSE222315_p4_NAT	GSE222315	DF.classifications_0.25_0.3_229	Singlet	pANN_0.25_0.3_229	0.187531677648251
GSE222315_TCTCACGCATACATCG-1_1_1_1_1	GSE222315_p4_NAT	GSE222315	DF.classifications_0.25_0.3_229	Singlet	pANN_0.25_0.3_229	0.153066396350735
GSE222315_TCTCACGGTTACCCTC-1_1_1_1_1	GSE222315_p4_NAT	GSE222315	DF.classifications_0.25_0.3_229	Singlet	pANN_0.25_0.3_229	0.18499746578814
GSE222315_TCTCACGGTTATCTGG-1_1_1_1_1	GSE222315_p4_NAT	GSE222315	DF.classifications_0.25_0.3_229	Singlet	pANN_0.25_0.3_229	0.221490116573746
GSE222315_TCTCAGCCACTGTCGG-1_1_1_1_1	GSE222315_p4_NAT	GSE222315	DF.classifications_0.25_0.3_229	Singlet	pANN_0.25_0.3_229	0.140395337050177
GSE222315_TCTCAGCGTATACCTG-1_1_1_1_1	GSE222315_p4_NAT	GSE222315	DF.classifications_0.25_0.3_229	Singlet	pANN_0.25_0.3_229	0.221996958945768
GSE222315_TCTCAGCTCCATTTCA-1_1_1_1_1	GSE222315_p4_NAT	GSE222315	DF.classifications_0.25_0.3_229	Singlet	pANN_0.25_0.3_229	0.251900658895084
GSE222315_TCTCCGAAGACGACTG-1_1_1_1_1	GSE222315_p4_NAT	GSE222315	DF.classifications_0.25_0.3_229	Singlet	pANN_0.25_0.3_229	0.163203243791181
GSE222315_TCTCCGACAAGTACCT-1_1_1_1_1	GSE222315_p4_NAT	GSE222315	DF.classifications_0.25_0.3_229	Singlet	pANN_0.25_0.3_229	0.321844906234161
GSE222315_TCTCCGACACGGATCC-1_1_1_1_1	GSE222315_p4_NAT	GSE222315	DF.classifications_0.25_0.3_229	Singlet	pANN_0.25_0.3_229	0.247845919918905
GSE222315_TCTCCGAGTAGCTTTG-1_1_1_1_1	GSE222315_p4_NAT	GSE222315	DF.classifications_0.25_0.3_229	Singlet	pANN_0.25_0.3_229	0.2159148504815
GSE222315_TCTCCGATCACGTAGT-1_1_1_1_1	GSE222315_p4_NAT	GSE222315	DF.classifications_0.25_0.3_229	Singlet	pANN_0.25_0.3_229	0.188038520020274
GSE222315_TCTCCGATCGACCCAG-1_1_1_1_1	GSE222315_p4_NAT	GSE222315	DF.classifications_0.25_0.3_229	Singlet	pANN_0.25_0.3_229	0.241763811454638
GSE222315_TCTCCGATCGTGCACG-1_1_1_1_1	GSE222315_p4_NAT	GSE222315	DF.classifications_0.25_0.3_229	Singlet	pANN_0.25_0.3_229	0.247339077546883
GSE222315_TCTCTGGAGACCAAAT-1_1_1_1_1	GSE222315_p4_NAT	GSE222315	DF.classifications_0.25_0.3_229	Singlet	pANN_0.25_0.3_229	0.25544855549924
GSE222315_TCTCTGGAGAGTAACT-1_1_1_1_1	GSE222315_p4_NAT	GSE222315	DF.classifications_0.25_0.3_229	Singlet	pANN_0.25_0.3_229	0.261530663963507
GSE222315_TCTCTGGAGGTCTTTG-1_1_1_1_1	GSE222315_p4_NAT	GSE222315	DF.classifications_0.25_0.3_229	Singlet	pANN_0.25_0.3_229	0.221490116573746
GSE222315_TCTCTGGCAGAAATTG-1_1_1_1_1	GSE222315_p4_NAT	GSE222315	DF.classifications_0.25_0.3_229	Doublet	pANN_0.25_0.3_229	0.385707045108971
GSE222315_TCTCTGGCATTAAGCC-1_1_1_1_1	GSE222315_p4_NAT	GSE222315	DF.classifications_0.25_0.3_229	Singlet	pANN_0.25_0.3_229	0.207298530157121
GSE222315_TCTGCCAAGTACGTCT-1_1_1_1_1	GSE222315_p4_NAT	GSE222315	DF.classifications_0.25_0.3_229	Singlet	pANN_0.25_0.3_229	0.226051697921946
GSE222315_TCTGCCACAGCACCCA-1_1_1_1_1	GSE222315_p4_NAT	GSE222315	DF.classifications_0.25_0.3_229	Singlet	pANN_0.25_0.3_229	0.182970096300051
GSE222315_TCTGCCAGTGTTATCG-1_1_1_1_1	GSE222315_p4_NAT	GSE222315	DF.classifications_0.25_0.3_229	Singlet	pANN_0.25_0.3_229	0.141915864166244
GSE222315_TCTGGCTAGAAGCGCT-1_1_1_1_1	GSE222315_p4_NAT	GSE222315	DF.classifications_0.25_0.3_229	Singlet	pANN_0.25_0.3_229	0.179929042067917
GSE222315_TCTGGCTAGATAGCAT-1_1_1_1_1	GSE222315_p4_NAT	GSE222315	DF.classifications_0.25_0.3_229	Singlet	pANN_0.25_0.3_229	0.341104916371009
GSE222315_TCTGGCTAGTGGACTG-1_1_1_1_1	GSE222315_p4_NAT	GSE222315	DF.classifications_0.25_0.3_229	Singlet	pANN_0.25_0.3_229	0.177901672579828
GSE222315_TCTGGCTGTCGTCATA-1_1_1_1_1	GSE222315_p4_NAT	GSE222315	DF.classifications_0.25_0.3_229	Singlet	pANN_0.25_0.3_229	0.199189052204764
GSE222315_TCTGGCTGTGGAGGTT-1_1_1_1_1	GSE222315_p4_NAT	GSE222315	DF.classifications_0.25_0.3_229	Singlet	pANN_0.25_0.3_229	0.26659908768373
GSE222315_TCTGGCTTCCGTAGTA-1_1_1_1_1	GSE222315_p4_NAT	GSE222315	DF.classifications_0.25_0.3_229	Singlet	pANN_0.25_0.3_229	0.153066396350735
GSE222315_TCTGTCGCAAACTCGT-1_1_1_1_1	GSE222315_p4_NAT	GSE222315	DF.classifications_0.25_0.3_229	Singlet	pANN_0.25_0.3_229	0.155093765838824
GSE222315_TCTGTCGCAATGGCAG-1_1_1_1_1	GSE222315_p4_NAT	GSE222315	DF.classifications_0.25_0.3_229	Singlet	pANN_0.25_0.3_229	0.142422706538267
GSE222315_TCTGTCGCATTGAAAG-1_1_1_1_1	GSE222315_p4_NAT	GSE222315	DF.classifications_0.25_0.3_229	Singlet	pANN_0.25_0.3_229	0.245311708058794
GSE222315_TCTGTCGGTATCAGGG-1_1_1_1_1	GSE222315_p4_NAT	GSE222315	DF.classifications_0.25_0.3_229	Singlet	pANN_0.25_0.3_229	0.213887480993411
GSE222315_TCTTAGTAGTGTAGAT-1_1_1_1_1	GSE222315_p4_NAT	GSE222315	DF.classifications_0.25_0.3_229	Singlet	pANN_0.25_0.3_229	0.33705017739483
GSE222315_TCTTAGTCATACACCA-1_1_1_1_1	GSE222315_p4_NAT	GSE222315	DF.classifications_0.25_0.3_229	Singlet	pANN_0.25_0.3_229	0.257982767359351
GSE222315_TCTTAGTGTACCTAGT-1_1_1_1_1	GSE222315_p4_NAT	GSE222315	DF.classifications_0.25_0.3_229	Singlet	pANN_0.25_0.3_229	0.186517992904207
GSE222315_TCTTAGTGTGTAGTGG-1_1_1_1_1	GSE222315_p4_NAT	GSE222315	DF.classifications_0.25_0.3_229	Singlet	pANN_0.25_0.3_229	0.188545362392296
GSE222315_TCTTCCTAGGTTCTAC-1_1_1_1_1	GSE222315_p4_NAT	GSE222315	DF.classifications_0.25_0.3_229	Singlet	pANN_0.25_0.3_229	0.22250380131779
GSE222315_TCTTCCTCACCAGACC-1_1_1_1_1	GSE222315_p4_NAT	GSE222315	DF.classifications_0.25_0.3_229	Singlet	pANN_0.25_0.3_229	0.161682716675114
GSE222315_TCTTCCTCAGTAACAA-1_1_1_1_1	GSE222315_p4_NAT	GSE222315	DF.classifications_0.25_0.3_229	Singlet	pANN_0.25_0.3_229	0.228585909782058
GSE222315_TCTTCCTGTCACTCAA-1_1_1_1_1	GSE222315_p4_NAT	GSE222315	DF.classifications_0.25_0.3_229	Singlet	pANN_0.25_0.3_229	0.206791687785099
GSE222315_TCTTCCTGTGGCCTCA-1_1_1_1_1	GSE222315_p4_NAT	GSE222315	DF.classifications_0.25_0.3_229	Singlet	pANN_0.25_0.3_229	0.226558540293969
GSE222315_TCTTCCTGTGGTAATA-1_1_1_1_1	GSE222315_p4_NAT	GSE222315	DF.classifications_0.25_0.3_229	Singlet	pANN_0.25_0.3_229	0.315255955397871
GSE222315_TCTTGCGAGACGGATC-1_1_1_1_1	GSE222315_p4_NAT	GSE222315	DF.classifications_0.25_0.3_229	Singlet	pANN_0.25_0.3_229	0.200709579320831
GSE222315_TCTTGCGAGAGCCTGA-1_1_1_1_1	GSE222315_p4_NAT	GSE222315	DF.classifications_0.25_0.3_229	Singlet	pANN_0.25_0.3_229	0.360871768879878
GSE222315_TCTTGCGAGGTACCTT-1_1_1_1_1	GSE222315_p4_NAT	GSE222315	DF.classifications_0.25_0.3_229	Singlet	pANN_0.25_0.3_229	0.258489609731374
GSE222315_TCTTGCGGTACAATAG-1_1_1_1_1	GSE222315_p4_NAT	GSE222315	DF.classifications_0.25_0.3_229	Singlet	pANN_0.25_0.3_229	0.236695387734415
GSE222315_TCTTGCGGTCATTCCC-1_1_1_1_1	GSE222315_p4_NAT	GSE222315	DF.classifications_0.25_0.3_229	Singlet	pANN_0.25_0.3_229	0.281804358844399
GSE222315_TCTTGCGTCACATCAG-1_1_1_1_1	GSE222315_p4_NAT	GSE222315	DF.classifications_0.25_0.3_229	Singlet	pANN_0.25_0.3_229	0.15864166244298
GSE222315_TCTTGCGTCCATCTAT-1_1_1_1_1	GSE222315_p4_NAT	GSE222315	DF.classifications_0.25_0.3_229	Doublet	pANN_0.25_0.3_229	0.403446528129752
GSE222315_TCTTTGAAGGTCGTGA-1_1_1_1_1	GSE222315_p4_NAT	GSE222315	DF.classifications_0.25_0.3_229	Singlet	pANN_0.25_0.3_229	0.2863659401926
GSE222315_TCTTTGACAACAGCCC-1_1_1_1_1	GSE222315_p4_NAT	GSE222315	DF.classifications_0.25_0.3_229	Singlet	pANN_0.25_0.3_229	0.181449569183984
GSE222315_TCTTTGACAGCTGTCG-1_1_1_1_1	GSE222315_p4_NAT	GSE222315	DF.classifications_0.25_0.3_229	Singlet	pANN_0.25_0.3_229	0.151545869234668
GSE222315_TCTTTGACATCAGCTA-1_1_1_1_1	GSE222315_p4_NAT	GSE222315	DF.classifications_0.25_0.3_229	Doublet	pANN_0.25_0.3_229	0.395337050177395
GSE222315_TCTTTGAGTCTAGATC-1_1_1_1_1	GSE222315_p4_NAT	GSE222315	DF.classifications_0.25_0.3_229	Singlet	pANN_0.25_0.3_229	0.194120628484541
GSE222315_TCTTTGATCAAAGACA-1_1_1_1_1	GSE222315_p4_NAT	GSE222315	DF.classifications_0.25_0.3_229	Singlet	pANN_0.25_0.3_229	0.33705017739483
GSE222315_TCTTTGATCCGAAATC-1_1_1_1_1	GSE222315_p4_NAT	GSE222315	DF.classifications_0.25_0.3_229	Singlet	pANN_0.25_0.3_229	0.138367967562088
GSE222315_TCTTTGATCCGTTTCG-1_1_1_1_1	GSE222315_p4_NAT	GSE222315	DF.classifications_0.25_0.3_229	Singlet	pANN_0.25_0.3_229	0.197668525088697
GSE222315_TCTTTGATCCTTACCG-1_1_1_1_1	GSE222315_p4_NAT	GSE222315	DF.classifications_0.25_0.3_229	Singlet	pANN_0.25_0.3_229	0.190572731880385
GSE222315_TGAACGTAGGAAAGTG-1_1_1_1_1	GSE222315_p4_NAT	GSE222315	DF.classifications_0.25_0.3_229	Singlet	pANN_0.25_0.3_229	0.356310187531678
GSE222315_TGAACGTCACAGCATT-1_1_1_1_1	GSE222315_p4_NAT	GSE222315	DF.classifications_0.25_0.3_229	Singlet	pANN_0.25_0.3_229	0.208819057273188
GSE222315_TGAACGTCATTAAAGG-1_1_1_1_1	GSE222315_p4_NAT	GSE222315	DF.classifications_0.25_0.3_229	Singlet	pANN_0.25_0.3_229	0.275215408008109
GSE222315_TGAACGTTCAAAGGAT-1_1_1_1_1	GSE222315_p4_NAT	GSE222315	DF.classifications_0.25_0.3_229	Singlet	pANN_0.25_0.3_229	0.215408008109478
GSE222315_TGAACGTTCAAGCCAT-1_1_1_1_1	GSE222315_p4_NAT	GSE222315	DF.classifications_0.25_0.3_229	Singlet	pANN_0.25_0.3_229	0.129244804865687
GSE222315_TGAATCGGTCGCGGTT-1_1_1_1_1	GSE222315_p4_NAT	GSE222315	DF.classifications_0.25_0.3_229	Singlet	pANN_0.25_0.3_229	0.183476938672073
GSE222315_TGAATCGGTGCACATT-1_1_1_1_1	GSE222315_p4_NAT	GSE222315	DF.classifications_0.25_0.3_229	Singlet	pANN_0.25_0.3_229	0.310187531677648
GSE222315_TGAATCGGTTAACAGA-1_1_1_1_1	GSE222315_p4_NAT	GSE222315	DF.classifications_0.25_0.3_229	Singlet	pANN_0.25_0.3_229	0.182463253928028
GSE222315_TGAATCGGTTCGGCCA-1_1_1_1_1	GSE222315_p4_NAT	GSE222315	DF.classifications_0.25_0.3_229	Doublet	pANN_0.25_0.3_229	0.386720729853016
GSE222315_TGAATCGGTTCTGACA-1_1_1_1_1	GSE222315_p4_NAT	GSE222315	DF.classifications_0.25_0.3_229	Singlet	pANN_0.25_0.3_229	0.240243284338571
GSE222315_TGAATCGTCGACCACG-1_1_1_1_1	GSE222315_p4_NAT	GSE222315	DF.classifications_0.25_0.3_229	Singlet	pANN_0.25_0.3_229	0.219969589457679
GSE222315_TGAATCGTCTGAATCG-1_1_1_1_1	GSE222315_p4_NAT	GSE222315	DF.classifications_0.25_0.3_229	Doublet	pANN_0.25_0.3_229	0.393816523061328
GSE222315_TGAATCGTCTGGCCAG-1_1_1_1_1	GSE222315_p4_NAT	GSE222315	DF.classifications_0.25_0.3_229	Singlet	pANN_0.25_0.3_229	0.223517486061835
GSE222315_TGAATGCCAACCGACC-1_1_1_1_1	GSE222315_p4_NAT	GSE222315	DF.classifications_0.25_0.3_229	Doublet	pANN_0.25_0.3_229	0.388748099341105
GSE222315_TGAATGCCACTATCCC-1_1_1_1_1	GSE222315_p4_NAT	GSE222315	DF.classifications_0.25_0.3_229	Singlet	pANN_0.25_0.3_229	0.148504815002534
GSE222315_TGAATGCTCTGACCCT-1_1_1_1_1	GSE222315_p4_NAT	GSE222315	DF.classifications_0.25_0.3_229	Singlet	pANN_0.25_0.3_229	0.257475924987329
GSE222315_TGACAGTAGAATCTAG-1_1_1_1_1	GSE222315_p4_NAT	GSE222315	DF.classifications_0.25_0.3_229	Singlet	pANN_0.25_0.3_229	0.245311708058794
GSE222315_TGACAGTCAAATGGAT-1_1_1_1_1	GSE222315_p4_NAT	GSE222315	DF.classifications_0.25_0.3_229	Singlet	pANN_0.25_0.3_229	0.135833755701977
GSE222315_TGACAGTGTCTCGACG-1_1_1_1_1	GSE222315_p4_NAT	GSE222315	DF.classifications_0.25_0.3_229	Singlet	pANN_0.25_0.3_229	0.233654333502281
GSE222315_TGACAGTTCTGATGGT-1_1_1_1_1	GSE222315_p4_NAT	GSE222315	DF.classifications_0.25_0.3_229	Singlet	pANN_0.25_0.3_229	0.199695894576787
GSE222315_TGACCCTAGATACGAT-1_1_1_1_1	GSE222315_p4_NAT	GSE222315	DF.classifications_0.25_0.3_229	Singlet	pANN_0.25_0.3_229	0.2113532691333
GSE222315_TGACCCTCAACGACAG-1_1_1_1_1	GSE222315_p4_NAT	GSE222315	DF.classifications_0.25_0.3_229	Singlet	pANN_0.25_0.3_229	0.276229092752154
GSE222315_TGACCCTGTGGCAACA-1_1_1_1_1	GSE222315_p4_NAT	GSE222315	DF.classifications_0.25_0.3_229	Singlet	pANN_0.25_0.3_229	0.134820070957932
GSE222315_TGACGCGCAATAGAGT-1_1_1_1_1	GSE222315_p4_NAT	GSE222315	DF.classifications_0.25_0.3_229	Singlet	pANN_0.25_0.3_229	0.294475418144957
GSE222315_TGACGCGGTCGAATTC-1_1_1_1_1	GSE222315_p4_NAT	GSE222315	DF.classifications_0.25_0.3_229	Singlet	pANN_0.25_0.3_229	0.15864166244298
GSE222315_TGACTCCAGCGACTGA-1_1_1_1_1	GSE222315_p4_NAT	GSE222315	DF.classifications_0.25_0.3_229	Singlet	pANN_0.25_0.3_229	0.160162189559047
GSE222315_TGACTCCAGCGTCTCG-1_1_1_1_1	GSE222315_p4_NAT	GSE222315	DF.classifications_0.25_0.3_229	Singlet	pANN_0.25_0.3_229	0.169285352255449
GSE222315_TGACTCCAGCTAGAGC-1_1_1_1_1	GSE222315_p4_NAT	GSE222315	DF.classifications_0.25_0.3_229	Singlet	pANN_0.25_0.3_229	0.161682716675114
GSE222315_TGACTCCCAAAGGGCT-1_1_1_1_1	GSE222315_p4_NAT	GSE222315	DF.classifications_0.25_0.3_229	Singlet	pANN_0.25_0.3_229	0.214901165737456
GSE222315_TGACTCCGTCTCAGGC-1_1_1_1_1	GSE222315_p4_NAT	GSE222315	DF.classifications_0.25_0.3_229	Singlet	pANN_0.25_0.3_229	0.257475924987329
GSE222315_TGACTCCGTTCAAGTC-1_1_1_1_1	GSE222315_p4_NAT	GSE222315	DF.classifications_0.25_0.3_229	Singlet	pANN_0.25_0.3_229	0.203243791180943
GSE222315_TGACTCCTCATAGGCT-1_1_1_1_1	GSE222315_p4_NAT	GSE222315	DF.classifications_0.25_0.3_229	Singlet	pANN_0.25_0.3_229	0.349214394323365
GSE222315_TGACTCCTCGGCATAT-1_1_1_1_1	GSE222315_p4_NAT	GSE222315	DF.classifications_0.25_0.3_229	Singlet	pANN_0.25_0.3_229	0.178915357323872
GSE222315_TGAGACTAGCGTCAAG-1_1_1_1_1	GSE222315_p4_NAT	GSE222315	DF.classifications_0.25_0.3_229	Singlet	pANN_0.25_0.3_229	0.375570197668525
GSE222315_TGAGACTCAAGCGCTC-1_1_1_1_1	GSE222315_p4_NAT	GSE222315	DF.classifications_0.25_0.3_229	Singlet	pANN_0.25_0.3_229	0.179929042067917
GSE222315_TGAGACTCAATAGTCC-1_1_1_1_1	GSE222315_p4_NAT	GSE222315	DF.classifications_0.25_0.3_229	Singlet	pANN_0.25_0.3_229	0.187024835276229
GSE222315_TGAGACTCACAGTACT-1_1_1_1_1	GSE222315_p4_NAT	GSE222315	DF.classifications_0.25_0.3_229	Singlet	pANN_0.25_0.3_229	0.186517992904207
GSE222315_TGAGACTCACTGAATC-1_1_1_1_1	GSE222315_p4_NAT	GSE222315	DF.classifications_0.25_0.3_229	Singlet	pANN_0.25_0.3_229	0.244804865686771
GSE222315_TGAGACTTCGCCAACG-1_1_1_1_1	GSE222315_p4_NAT	GSE222315	DF.classifications_0.25_0.3_229	Singlet	pANN_0.25_0.3_229	0.175367460719716
GSE222315_TGAGCATAGACGCATG-1_1_1_1_1	GSE222315_p4_NAT	GSE222315	DF.classifications_0.25_0.3_229	Singlet	pANN_0.25_0.3_229	0.15864166244298
GSE222315_TGAGCATAGAGCATTA-1_1_1_1_1	GSE222315_p4_NAT	GSE222315	DF.classifications_0.25_0.3_229	Singlet	pANN_0.25_0.3_229	0.256462240243284
GSE222315_TGAGCATCACCGAATT-1_1_1_1_1	GSE222315_p4_NAT	GSE222315	DF.classifications_0.25_0.3_229	Singlet	pANN_0.25_0.3_229	0.324885960466295
GSE222315_TGAGCATCATGATAGA-1_1_1_1_1	GSE222315_p4_NAT	GSE222315	DF.classifications_0.25_0.3_229	Singlet	pANN_0.25_0.3_229	0.180942726811961
GSE222315_TGAGCATCATGGAATA-1_1_1_1_1	GSE222315_p4_NAT	GSE222315	DF.classifications_0.25_0.3_229	Singlet	pANN_0.25_0.3_229	0.210339584389255
GSE222315_TGAGCGCAGCTCGTGC-1_1_1_1_1	GSE222315_p4_NAT	GSE222315	DF.classifications_0.25_0.3_229	Singlet	pANN_0.25_0.3_229	0.384186517992904
GSE222315_TGAGCGCCACCAAATC-1_1_1_1_1	GSE222315_p4_NAT	GSE222315	DF.classifications_0.25_0.3_229	Doublet	pANN_0.25_0.3_229	0.405980739989863
GSE222315_TGAGCGCGTACACTCA-1_1_1_1_1	GSE222315_p4_NAT	GSE222315	DF.classifications_0.25_0.3_229	Singlet	pANN_0.25_0.3_229	0.199189052204764
GSE222315_TGAGCGCTCACTGGTA-1_1_1_1_1	GSE222315_p4_NAT	GSE222315	DF.classifications_0.25_0.3_229	Singlet	pANN_0.25_0.3_229	0.212873796249366
GSE222315_TGAGGAGAGAACCGCA-1_1_1_1_1	GSE222315_p4_NAT	GSE222315	DF.classifications_0.25_0.3_229	Singlet	pANN_0.25_0.3_229	0.141915864166244
GSE222315_TGAGGAGAGACCAGAC-1_1_1_1_1	GSE222315_p4_NAT	GSE222315	DF.classifications_0.25_0.3_229	Singlet	pANN_0.25_0.3_229	0.185504308160162
GSE222315_TGAGGAGAGCTAAATG-1_1_1_1_1	GSE222315_p4_NAT	GSE222315	DF.classifications_0.25_0.3_229	Singlet	pANN_0.25_0.3_229	0.193106943740497
GSE222315_TGAGGAGAGGAGAGGC-1_1_1_1_1	GSE222315_p4_NAT	GSE222315	DF.classifications_0.25_0.3_229	Singlet	pANN_0.25_0.3_229	0.145970603142423
GSE222315_TGAGGAGCACCTGCTT-1_1_1_1_1	GSE222315_p4_NAT	GSE222315	DF.classifications_0.25_0.3_229	Singlet	pANN_0.25_0.3_229	0.26659908768373
GSE222315_TGAGGAGCAGTCGAGA-1_1_1_1_1	GSE222315_p4_NAT	GSE222315	DF.classifications_0.25_0.3_229	Singlet	pANN_0.25_0.3_229	0.35022807906741
GSE222315_TGAGGAGCATCGGTTA-1_1_1_1_1	GSE222315_p4_NAT	GSE222315	DF.classifications_0.25_0.3_229	Singlet	pANN_0.25_0.3_229	0.239229599594526
GSE222315_TGAGGAGGTATCTTCT-1_1_1_1_1	GSE222315_p4_NAT	GSE222315	DF.classifications_0.25_0.3_229	Singlet	pANN_0.25_0.3_229	0.180435884439939
GSE222315_TGAGGAGGTGTGACCC-1_1_1_1_1	GSE222315_p4_NAT	GSE222315	DF.classifications_0.25_0.3_229	Singlet	pANN_0.25_0.3_229	0.267105930055753
GSE222315_TGAGGAGGTTCTCGTC-1_1_1_1_1	GSE222315_p4_NAT	GSE222315	DF.classifications_0.25_0.3_229	Singlet	pANN_0.25_0.3_229	0.134820070957932
GSE222315_TGAGGAGGTTTGGGTT-1_1_1_1_1	GSE222315_p4_NAT	GSE222315	DF.classifications_0.25_0.3_229	Singlet	pANN_0.25_0.3_229	0.217942219969589
GSE222315_TGAGGAGTCCTAGCCT-1_1_1_1_1	GSE222315_p4_NAT	GSE222315	DF.classifications_0.25_0.3_229	Singlet	pANN_0.25_0.3_229	0.200202736948809
GSE222315_TGAGGAGTCGATTGAC-1_1_1_1_1	GSE222315_p4_NAT	GSE222315	DF.classifications_0.25_0.3_229	Singlet	pANN_0.25_0.3_229	0.157627977698936
GSE222315_TGAGGAGTCTGCCTGT-1_1_1_1_1	GSE222315_p4_NAT	GSE222315	DF.classifications_0.25_0.3_229	Singlet	pANN_0.25_0.3_229	0.375063355296503
GSE222315_TGAGGGAAGTAGACAT-1_1_1_1_1	GSE222315_p4_NAT	GSE222315	DF.classifications_0.25_0.3_229	Singlet	pANN_0.25_0.3_229	0.114039533705018
GSE222315_TGAGGGACACTACAGT-1_1_1_1_1	GSE222315_p4_NAT	GSE222315	DF.classifications_0.25_0.3_229	Singlet	pANN_0.25_0.3_229	0.272681196147998
GSE222315_TGAGGGACATCGAAGG-1_1_1_1_1	GSE222315_p4_NAT	GSE222315	DF.classifications_0.25_0.3_229	Singlet	pANN_0.25_0.3_229	0.132285859097821
GSE222315_TGAGGGAGTACACGCC-1_1_1_1_1	GSE222315_p4_NAT	GSE222315	DF.classifications_0.25_0.3_229	Singlet	pANN_0.25_0.3_229	0.145970603142423
GSE222315_TGAGGTTGTTAAGGAT-1_1_1_1_1	GSE222315_p4_NAT	GSE222315	DF.classifications_0.25_0.3_229	Singlet	pANN_0.25_0.3_229	0.353269133299544
GSE222315_TGAGGTTGTTATTCCT-1_1_1_1_1	GSE222315_p4_NAT	GSE222315	DF.classifications_0.25_0.3_229	Singlet	pANN_0.25_0.3_229	0.180942726811961
GSE222315_TGAGGTTTCGATGCTA-1_1_1_1_1	GSE222315_p4_NAT	GSE222315	DF.classifications_0.25_0.3_229	Singlet	pANN_0.25_0.3_229	0.244804865686771
GSE222315_TGAGGTTTCGCCAGTG-1_1_1_1_1	GSE222315_p4_NAT	GSE222315	DF.classifications_0.25_0.3_229	Singlet	pANN_0.25_0.3_229	0.214394323365433
GSE222315_TGAGTCACACACCTTC-1_1_1_1_1	GSE222315_p4_NAT	GSE222315	DF.classifications_0.25_0.3_229	Singlet	pANN_0.25_0.3_229	0.374556512924481
GSE222315_TGAGTCATCAGTGTGT-1_1_1_1_1	GSE222315_p4_NAT	GSE222315	DF.classifications_0.25_0.3_229	Singlet	pANN_0.25_0.3_229	0.223517486061835
GSE222315_TGAGTCATCGACCCAG-1_1_1_1_1	GSE222315_p4_NAT	GSE222315	DF.classifications_0.25_0.3_229	Singlet	pANN_0.25_0.3_229	0.162696401419159
GSE222315_TGATCAGAGGGCTGAT-1_1_1_1_1	GSE222315_p4_NAT	GSE222315	DF.classifications_0.25_0.3_229	Singlet	pANN_0.25_0.3_229	0.208312214901166
GSE222315_TGATCAGCATAAGCGG-1_1_1_1_1	GSE222315_p4_NAT	GSE222315	DF.classifications_0.25_0.3_229	Singlet	pANN_0.25_0.3_229	0.232640648758236
GSE222315_TGATCAGTCCGGTTCT-1_1_1_1_1	GSE222315_p4_NAT	GSE222315	DF.classifications_0.25_0.3_229	Singlet	pANN_0.25_0.3_229	0.245311708058794
GSE222315_TGATCTTAGGTAGTAT-1_1_1_1_1	GSE222315_p4_NAT	GSE222315	DF.classifications_0.25_0.3_229	Doublet	pANN_0.25_0.3_229	0.385200202736949
GSE222315_TGATCTTAGTGTGTTC-1_1_1_1_1	GSE222315_p4_NAT	GSE222315	DF.classifications_0.25_0.3_229	Singlet	pANN_0.25_0.3_229	0.234161175874303
GSE222315_TGATCTTGTAACGCGA-1_1_1_1_1	GSE222315_p4_NAT	GSE222315	DF.classifications_0.25_0.3_229	Singlet	pANN_0.25_0.3_229	0.319817536746072
GSE222315_TGATCTTGTCACAATC-1_1_1_1_1	GSE222315_p4_NAT	GSE222315	DF.classifications_0.25_0.3_229	Singlet	pANN_0.25_0.3_229	0.26659908768373
GSE222315_TGATCTTGTCCGAAGA-1_1_1_1_1	GSE222315_p4_NAT	GSE222315	DF.classifications_0.25_0.3_229	Singlet	pANN_0.25_0.3_229	0.228079067410035
GSE222315_TGATCTTGTCGCTTAA-1_1_1_1_1	GSE222315_p4_NAT	GSE222315	DF.classifications_0.25_0.3_229	Singlet	pANN_0.25_0.3_229	0.176381145463761
GSE222315_TGATCTTGTTATTCCT-1_1_1_1_1	GSE222315_p4_NAT	GSE222315	DF.classifications_0.25_0.3_229	Singlet	pANN_0.25_0.3_229	0.142929548910289
GSE222315_TGATCTTTCCCGTTCA-1_1_1_1_1	GSE222315_p4_NAT	GSE222315	DF.classifications_0.25_0.3_229	Singlet	pANN_0.25_0.3_229	0.191079574252408
GSE222315_TGATGCAAGCCAACCC-1_1_1_1_1	GSE222315_p4_NAT	GSE222315	DF.classifications_0.25_0.3_229	Singlet	pANN_0.25_0.3_229	0.272174353775976
GSE222315_TGATGCACAACAGAGC-1_1_1_1_1	GSE222315_p4_NAT	GSE222315	DF.classifications_0.25_0.3_229	Singlet	pANN_0.25_0.3_229	0.179929042067917
GSE222315_TGATGCACAATAACCC-1_1_1_1_1	GSE222315_p4_NAT	GSE222315	DF.classifications_0.25_0.3_229	Singlet	pANN_0.25_0.3_229	0.150025342118601
GSE222315_TGATGCACAGGATTCT-1_1_1_1_1	GSE222315_p4_NAT	GSE222315	DF.classifications_0.25_0.3_229	Singlet	pANN_0.25_0.3_229	0.217942219969589
GSE222315_TGATGCACATGTACGT-1_1_1_1_1	GSE222315_p4_NAT	GSE222315	DF.classifications_0.25_0.3_229	Singlet	pANN_0.25_0.3_229	0.214901165737456
GSE222315_TGATGCAGTACTCGAT-1_1_1_1_1	GSE222315_p4_NAT	GSE222315	DF.classifications_0.25_0.3_229	Singlet	pANN_0.25_0.3_229	0.217435377597567
GSE222315_TGATGCATCTGAGAAA-1_1_1_1_1	GSE222315_p4_NAT	GSE222315	DF.classifications_0.25_0.3_229	Singlet	pANN_0.25_0.3_229	0.172833248859605
GSE222315_TGATGGTAGAAGCGAA-1_1_1_1_1	GSE222315_p4_NAT	GSE222315	DF.classifications_0.25_0.3_229	Doublet	pANN_0.25_0.3_229	0.388748099341105
GSE222315_TGATGGTAGCTCATAC-1_1_1_1_1	GSE222315_p4_NAT	GSE222315	DF.classifications_0.25_0.3_229	Singlet	pANN_0.25_0.3_229	0.20476431829701
GSE222315_TGATGGTCAGGATTCT-1_1_1_1_1	GSE222315_p4_NAT	GSE222315	DF.classifications_0.25_0.3_229	Singlet	pANN_0.25_0.3_229	0.22250380131779
GSE222315_TGATGGTCAGTCCGTG-1_1_1_1_1	GSE222315_p4_NAT	GSE222315	DF.classifications_0.25_0.3_229	Doublet	pANN_0.25_0.3_229	0.385200202736949
GSE222315_TGATGGTGTCTTCCGT-1_1_1_1_1	GSE222315_p4_NAT	GSE222315	DF.classifications_0.25_0.3_229	Singlet	pANN_0.25_0.3_229	0.181449569183984
GSE222315_TGATGGTTCTAGCAAC-1_1_1_1_1	GSE222315_p4_NAT	GSE222315	DF.classifications_0.25_0.3_229	Singlet	pANN_0.25_0.3_229	0.374049670552458
GSE222315_TGATTCTTCAAAGACA-1_1_1_1_1	GSE222315_p4_NAT	GSE222315	DF.classifications_0.25_0.3_229	Singlet	pANN_0.25_0.3_229	0.261023821591485
GSE222315_TGATTCTTCGATTCCC-1_1_1_1_1	GSE222315_p4_NAT	GSE222315	DF.classifications_0.25_0.3_229	Singlet	pANN_0.25_0.3_229	0.288393309680689
GSE222315_TGATTTCAGATGTAGT-1_1_1_1_1	GSE222315_p4_NAT	GSE222315	DF.classifications_0.25_0.3_229	Singlet	pANN_0.25_0.3_229	0.173846933603649
GSE222315_TGATTTCGTGCTCTTC-1_1_1_1_1	GSE222315_p4_NAT	GSE222315	DF.classifications_0.25_0.3_229	Singlet	pANN_0.25_0.3_229	0.132285859097821
GSE222315_TGATTTCTCTTCGTAT-1_1_1_1_1	GSE222315_p4_NAT	GSE222315	DF.classifications_0.25_0.3_229	Singlet	pANN_0.25_0.3_229	0.358844399391789
GSE222315_TGCACGGAGCACGGAT-1_1_1_1_1	GSE222315_p4_NAT	GSE222315	DF.classifications_0.25_0.3_229	Singlet	pANN_0.25_0.3_229	0.240750126710593
GSE222315_TGCACGGAGTATAGAC-1_1_1_1_1	GSE222315_p4_NAT	GSE222315	DF.classifications_0.25_0.3_229	Singlet	pANN_0.25_0.3_229	0.153066396350735
GSE222315_TGCACGGCAACCGCCA-1_1_1_1_1	GSE222315_p4_NAT	GSE222315	DF.classifications_0.25_0.3_229	Singlet	pANN_0.25_0.3_229	0.15408008109478
GSE222315_TGCACGGCAAGACCGA-1_1_1_1_1	GSE222315_p4_NAT	GSE222315	DF.classifications_0.25_0.3_229	Singlet	pANN_0.25_0.3_229	0.218955904713634
GSE222315_TGCAGATAGTCCCGGT-1_1_1_1_1	GSE222315_p4_NAT	GSE222315	DF.classifications_0.25_0.3_229	Singlet	pANN_0.25_0.3_229	0.182463253928028
GSE222315_TGCAGATAGTGGATTA-1_1_1_1_1	GSE222315_p4_NAT	GSE222315	DF.classifications_0.25_0.3_229	Doublet	pANN_0.25_0.3_229	0.408008109477952
GSE222315_TGCAGATGTAACATCC-1_1_1_1_1	GSE222315_p4_NAT	GSE222315	DF.classifications_0.25_0.3_229	Singlet	pANN_0.25_0.3_229	0.15205271160669
GSE222315_TGCAGATGTTCTTGTT-1_1_1_1_1	GSE222315_p4_NAT	GSE222315	DF.classifications_0.25_0.3_229	Singlet	pANN_0.25_0.3_229	0.211860111505322
GSE222315_TGCAGGCAGAGTACCG-1_1_1_1_1	GSE222315_p4_NAT	GSE222315	DF.classifications_0.25_0.3_229	Singlet	pANN_0.25_0.3_229	0.245818550430816
GSE222315_TGCAGGCAGATTGGGC-1_1_1_1_1	GSE222315_p4_NAT	GSE222315	DF.classifications_0.25_0.3_229	Singlet	pANN_0.25_0.3_229	0.348707551951343
GSE222315_TGCAGGCAGCAAACAT-1_1_1_1_1	GSE222315_p4_NAT	GSE222315	DF.classifications_0.25_0.3_229	Singlet	pANN_0.25_0.3_229	0.14749113025849
GSE222315_TGCAGGCGTACTGCGC-1_1_1_1_1	GSE222315_p4_NAT	GSE222315	DF.classifications_0.25_0.3_229	Singlet	pANN_0.25_0.3_229	0.295995945261024
GSE222315_TGCAGGCGTGGAATGC-1_1_1_1_1	GSE222315_p4_NAT	GSE222315	DF.classifications_0.25_0.3_229	Singlet	pANN_0.25_0.3_229	0.194627470856564
GSE222315_TGCAGGCTCGTTCCCA-1_1_1_1_1	GSE222315_p4_NAT	GSE222315	DF.classifications_0.25_0.3_229	Singlet	pANN_0.25_0.3_229	0.303598580841358
GSE222315_TGCAGTACAAATGGTA-1_1_1_1_1	GSE222315_p4_NAT	GSE222315	DF.classifications_0.25_0.3_229	Singlet	pANN_0.25_0.3_229	0.194120628484541
GSE222315_TGCAGTACAAGTCGTT-1_1_1_1_1	GSE222315_p4_NAT	GSE222315	DF.classifications_0.25_0.3_229	Singlet	pANN_0.25_0.3_229	0.139381652306133
GSE222315_TGCAGTACAGTTGAAA-1_1_1_1_1	GSE222315_p4_NAT	GSE222315	DF.classifications_0.25_0.3_229	Singlet	pANN_0.25_0.3_229	0.367967562088191
GSE222315_TGCAGTACATAGAATG-1_1_1_1_1	GSE222315_p4_NAT	GSE222315	DF.classifications_0.25_0.3_229	Singlet	pANN_0.25_0.3_229	0.254941713127217
GSE222315_TGCAGTACATTCTGTT-1_1_1_1_1	GSE222315_p4_NAT	GSE222315	DF.classifications_0.25_0.3_229	Singlet	pANN_0.25_0.3_229	0.281297516472377
GSE222315_TGCAGTAGTCAAATCC-1_1_1_1_1	GSE222315_p4_NAT	GSE222315	DF.classifications_0.25_0.3_229	Singlet	pANN_0.25_0.3_229	0.220476431829701
GSE222315_TGCAGTAGTGACCGAA-1_1_1_1_1	GSE222315_p4_NAT	GSE222315	DF.classifications_0.25_0.3_229	Singlet	pANN_0.25_0.3_229	0.332995438418652
GSE222315_TGCAGTAGTTCGAGCC-1_1_1_1_1	GSE222315_p4_NAT	GSE222315	DF.classifications_0.25_0.3_229	Doublet	pANN_0.25_0.3_229	0.394830207805373
GSE222315_TGCATCCAGGTACAGC-1_1_1_1_1	GSE222315_p4_NAT	GSE222315	DF.classifications_0.25_0.3_229	Singlet	pANN_0.25_0.3_229	0.353269133299544
GSE222315_TGCATCCGTACTCCCT-1_1_1_1_1	GSE222315_p4_NAT	GSE222315	DF.classifications_0.25_0.3_229	Singlet	pANN_0.25_0.3_229	0.161175874303092
GSE222315_TGCATCCTCATGCCCT-1_1_1_1_1	GSE222315_p4_NAT	GSE222315	DF.classifications_0.25_0.3_229	Singlet	pANN_0.25_0.3_229	0.216421692853523
GSE222315_TGCATGACACCGGTCA-1_1_1_1_1	GSE222315_p4_NAT	GSE222315	DF.classifications_0.25_0.3_229	Singlet	pANN_0.25_0.3_229	0.385200202736949
GSE222315_TGCATGACATAAGCGG-1_1_1_1_1	GSE222315_p4_NAT	GSE222315	DF.classifications_0.25_0.3_229	Singlet	pANN_0.25_0.3_229	0.237709072478459
GSE222315_TGCATGATCGAAACAA-1_1_1_1_1	GSE222315_p4_NAT	GSE222315	DF.classifications_0.25_0.3_229	Singlet	pANN_0.25_0.3_229	0.216928535225545
GSE222315_TGCCGAGTCGACTCCT-1_1_1_1_1	GSE222315_p4_NAT	GSE222315	DF.classifications_0.25_0.3_229	Singlet	pANN_0.25_0.3_229	0.274708565636087
GSE222315_TGCGACGAGAAACACT-1_1_1_1_1	GSE222315_p4_NAT	GSE222315	DF.classifications_0.25_0.3_229	Singlet	pANN_0.25_0.3_229	0.244804865686771
GSE222315_TGCGACGAGCAGCAGT-1_1_1_1_1	GSE222315_p4_NAT	GSE222315	DF.classifications_0.25_0.3_229	Singlet	pANN_0.25_0.3_229	0.148504815002534
GSE222315_TGCGACGAGTCTTCCC-1_1_1_1_1	GSE222315_p4_NAT	GSE222315	DF.classifications_0.25_0.3_229	Singlet	pANN_0.25_0.3_229	0.172326406487582
GSE222315_TGCGACGCACGTGAGA-1_1_1_1_1	GSE222315_p4_NAT	GSE222315	DF.classifications_0.25_0.3_229	Singlet	pANN_0.25_0.3_229	0.164216928535226
GSE222315_TGCGACGCACTACAGT-1_1_1_1_1	GSE222315_p4_NAT	GSE222315	DF.classifications_0.25_0.3_229	Singlet	pANN_0.25_0.3_229	0.176887987835783
GSE222315_TGCGACGGTTCTCAGA-1_1_1_1_1	GSE222315_p4_NAT	GSE222315	DF.classifications_0.25_0.3_229	Singlet	pANN_0.25_0.3_229	0.254941713127217
GSE222315_TGCGATACATCCCACT-1_1_1_1_1	GSE222315_p4_NAT	GSE222315	DF.classifications_0.25_0.3_229	Singlet	pANN_0.25_0.3_229	0.161682716675114
GSE222315_TGCGATACATTCCTCG-1_1_1_1_1	GSE222315_p4_NAT	GSE222315	DF.classifications_0.25_0.3_229	Singlet	pANN_0.25_0.3_229	0.203243791180943
GSE222315_TGCGATAGTGCCTGAC-1_1_1_1_1	GSE222315_p4_NAT	GSE222315	DF.classifications_0.25_0.3_229	Singlet	pANN_0.25_0.3_229	0.207805372529143
GSE222315_TGCGATATCATCGCAA-1_1_1_1_1	GSE222315_p4_NAT	GSE222315	DF.classifications_0.25_0.3_229	Singlet	pANN_0.25_0.3_229	0.246325392802838
GSE222315_TGCGATATCGTCGATA-1_1_1_1_1	GSE222315_p4_NAT	GSE222315	DF.classifications_0.25_0.3_229	Singlet	pANN_0.25_0.3_229	0.182970096300051
GSE222315_TGCGGCACATTGTGCA-1_1_1_1_1	GSE222315_p4_NAT	GSE222315	DF.classifications_0.25_0.3_229	Singlet	pANN_0.25_0.3_229	0.218449062341612
GSE222315_TGCGGCATCCACTAGA-1_1_1_1_1	GSE222315_p4_NAT	GSE222315	DF.classifications_0.25_0.3_229	Singlet	pANN_0.25_0.3_229	0.140395337050177
GSE222315_TGCGGCATCGTCGACG-1_1_1_1_1	GSE222315_p4_NAT	GSE222315	DF.classifications_0.25_0.3_229	Singlet	pANN_0.25_0.3_229	0.220476431829701
GSE222315_TGCGGGTCAGGTGGAT-1_1_1_1_1	GSE222315_p4_NAT	GSE222315	DF.classifications_0.25_0.3_229	Doublet	pANN_0.25_0.3_229	0.388748099341105
GSE222315_TGCGGGTGTGGCGTAA-1_1_1_1_1	GSE222315_p4_NAT	GSE222315	DF.classifications_0.25_0.3_229	Singlet	pANN_0.25_0.3_229	0.376077040040547
GSE222315_TGCTCCACAGCAGGAT-1_1_1_1_1	GSE222315_p4_NAT	GSE222315	DF.classifications_0.25_0.3_229	Singlet	pANN_0.25_0.3_229	0.15408008109478
GSE222315_TGCTCCAGTGCAACGA-1_1_1_1_1	GSE222315_p4_NAT	GSE222315	DF.classifications_0.25_0.3_229	Singlet	pANN_0.25_0.3_229	0.122655854029397
GSE222315_TGCTCCATCATGCAGT-1_1_1_1_1	GSE222315_p4_NAT	GSE222315	DF.classifications_0.25_0.3_229	Singlet	pANN_0.25_0.3_229	0.193106943740497
GSE222315_TGCTCGTAGTCCGTCG-1_1_1_1_1	GSE222315_p4_NAT	GSE222315	DF.classifications_0.25_0.3_229	Singlet	pANN_0.25_0.3_229	0.180435884439939
GSE222315_TGCTCGTCACAAATCC-1_1_1_1_1	GSE222315_p4_NAT	GSE222315	DF.classifications_0.25_0.3_229	Singlet	pANN_0.25_0.3_229	0.23568170299037
GSE222315_TGCTCGTGTACAGCGA-1_1_1_1_1	GSE222315_p4_NAT	GSE222315	DF.classifications_0.25_0.3_229	Singlet	pANN_0.25_0.3_229	0.171312721743538
GSE222315_TGCTCGTTCAACTGGT-1_1_1_1_1	GSE222315_p4_NAT	GSE222315	DF.classifications_0.25_0.3_229	Singlet	pANN_0.25_0.3_229	0.224024328433857
GSE222315_TGCTCGTTCCCTCGAT-1_1_1_1_1	GSE222315_p4_NAT	GSE222315	DF.classifications_0.25_0.3_229	Singlet	pANN_0.25_0.3_229	0.213380638621389
GSE222315_TGCTCGTTCGACGTCG-1_1_1_1_1	GSE222315_p4_NAT	GSE222315	DF.classifications_0.25_0.3_229	Singlet	pANN_0.25_0.3_229	0.205778003041054
GSE222315_TGCTGAAAGTCTGTAC-1_1_1_1_1	GSE222315_p4_NAT	GSE222315	DF.classifications_0.25_0.3_229	Singlet	pANN_0.25_0.3_229	0.163710086163203
GSE222315_TGCTGAACAACACACT-1_1_1_1_1	GSE222315_p4_NAT	GSE222315	DF.classifications_0.25_0.3_229	Singlet	pANN_0.25_0.3_229	0.254434870755195
GSE222315_TGCTGAACAGCGACCT-1_1_1_1_1	GSE222315_p4_NAT	GSE222315	DF.classifications_0.25_0.3_229	Singlet	pANN_0.25_0.3_229	0.134820070957932
GSE222315_TGCTGAACATCATCTT-1_1_1_1_1	GSE222315_p4_NAT	GSE222315	DF.classifications_0.25_0.3_229	Singlet	pANN_0.25_0.3_229	0.186011150532184
GSE222315_TGCTGAACATCCTTCG-1_1_1_1_1	GSE222315_p4_NAT	GSE222315	DF.classifications_0.25_0.3_229	Singlet	pANN_0.25_0.3_229	0.223517486061835
GSE222315_TGCTGAAGTCGTCGGT-1_1_1_1_1	GSE222315_p4_NAT	GSE222315	DF.classifications_0.25_0.3_229	Singlet	pANN_0.25_0.3_229	0.139381652306133
GSE222315_TGCTGAAGTCTGTCCT-1_1_1_1_1	GSE222315_p4_NAT	GSE222315	DF.classifications_0.25_0.3_229	Singlet	pANN_0.25_0.3_229	0.254434870755195
GSE222315_TGCTGAAGTGCCTTCT-1_1_1_1_1	GSE222315_p4_NAT	GSE222315	DF.classifications_0.25_0.3_229	Singlet	pANN_0.25_0.3_229	0.26862645717182
GSE222315_TGCTGAAGTGCGACAA-1_1_1_1_1	GSE222315_p4_NAT	GSE222315	DF.classifications_0.25_0.3_229	Singlet	pANN_0.25_0.3_229	0.219969589457679
GSE222315_TGCTGAAGTTAATGAG-1_1_1_1_1	GSE222315_p4_NAT	GSE222315	DF.classifications_0.25_0.3_229	Singlet	pANN_0.25_0.3_229	0.352762290927522
GSE222315_TGCTGAAGTTAGAGTA-1_1_1_1_1	GSE222315_p4_NAT	GSE222315	DF.classifications_0.25_0.3_229	Singlet	pANN_0.25_0.3_229	0.19158641662443
GSE222315_TGCTGAATCCTCTCTT-1_1_1_1_1	GSE222315_p4_NAT	GSE222315	DF.classifications_0.25_0.3_229	Singlet	pANN_0.25_0.3_229	0.320324379118094
GSE222315_TGCTGAATCGAGTGGA-1_1_1_1_1	GSE222315_p4_NAT	GSE222315	DF.classifications_0.25_0.3_229	Singlet	pANN_0.25_0.3_229	0.384186517992904
GSE222315_TGCTGAATCTGGAGAG-1_1_1_1_1	GSE222315_p4_NAT	GSE222315	DF.classifications_0.25_0.3_229	Singlet	pANN_0.25_0.3_229	0.254941713127217
GSE222315_TGCTTCGAGCCTTTCC-1_1_1_1_1	GSE222315_p4_NAT	GSE222315	DF.classifications_0.25_0.3_229	Singlet	pANN_0.25_0.3_229	0.357830714647745
GSE222315_TGCTTCGAGGCCTGCT-1_1_1_1_1	GSE222315_p4_NAT	GSE222315	DF.classifications_0.25_0.3_229	Doublet	pANN_0.25_0.3_229	0.391282311201216
GSE222315_TGCTTCGAGTAAAGCT-1_1_1_1_1	GSE222315_p4_NAT	GSE222315	DF.classifications_0.25_0.3_229	Singlet	pANN_0.25_0.3_229	0.254434870755195
GSE222315_TGCTTCGCAGCGTGCT-1_1_1_1_1	GSE222315_p4_NAT	GSE222315	DF.classifications_0.25_0.3_229	Singlet	pANN_0.25_0.3_229	0.16523061327927
GSE222315_TGCTTCGGTACCATAC-1_1_1_1_1	GSE222315_p4_NAT	GSE222315	DF.classifications_0.25_0.3_229	Singlet	pANN_0.25_0.3_229	0.219462747085656
GSE222315_TGCTTCGGTTAGGACG-1_1_1_1_1	GSE222315_p4_NAT	GSE222315	DF.classifications_0.25_0.3_229	Singlet	pANN_0.25_0.3_229	0.174353775975672
GSE222315_TGCTTCGTCTCGGTCT-1_1_1_1_1	GSE222315_p4_NAT	GSE222315	DF.classifications_0.25_0.3_229	Singlet	pANN_0.25_0.3_229	0.178915357323872
GSE222315_TGCTTGCCAAGTGATA-1_1_1_1_1	GSE222315_p4_NAT	GSE222315	DF.classifications_0.25_0.3_229	Singlet	pANN_0.25_0.3_229	0.163203243791181
GSE222315_TGCTTGCGTGCTAGCC-1_1_1_1_1	GSE222315_p4_NAT	GSE222315	DF.classifications_0.25_0.3_229	Singlet	pANN_0.25_0.3_229	0.190065889508363
GSE222315_TGCTTGCTCGTGTGAT-1_1_1_1_1	GSE222315_p4_NAT	GSE222315	DF.classifications_0.25_0.3_229	Singlet	pANN_0.25_0.3_229	0.176381145463761
GSE222315_TGGAACTAGAAGTCTA-1_1_1_1_1	GSE222315_p4_NAT	GSE222315	DF.classifications_0.25_0.3_229	Singlet	pANN_0.25_0.3_229	0.17840851495185
GSE222315_TGGAACTAGCGTGCTC-1_1_1_1_1	GSE222315_p4_NAT	GSE222315	DF.classifications_0.25_0.3_229	Singlet	pANN_0.25_0.3_229	0.149518499746579
GSE222315_TGGAACTCAAGCCATT-1_1_1_1_1	GSE222315_p4_NAT	GSE222315	DF.classifications_0.25_0.3_229	Singlet	pANN_0.25_0.3_229	0.24885960466295
GSE222315_TGGAACTGTCTACGTA-1_1_1_1_1	GSE222315_p4_NAT	GSE222315	DF.classifications_0.25_0.3_229	Singlet	pANN_0.25_0.3_229	0.122149011657375
GSE222315_TGGAGAGCATGTTCAG-1_1_1_1_1	GSE222315_p4_NAT	GSE222315	DF.classifications_0.25_0.3_229	Singlet	pANN_0.25_0.3_229	0.17840851495185
GSE222315_TGGAGAGGTGGCAGAT-1_1_1_1_1	GSE222315_p4_NAT	GSE222315	DF.classifications_0.25_0.3_229	Singlet	pANN_0.25_0.3_229	0.225544855549924
GSE222315_TGGAGAGTCATTCGGA-1_1_1_1_1	GSE222315_p4_NAT	GSE222315	DF.classifications_0.25_0.3_229	Singlet	pANN_0.25_0.3_229	0.139888494678155
GSE222315_TGGAGGAAGTCCGCGT-1_1_1_1_1	GSE222315_p4_NAT	GSE222315	DF.classifications_0.25_0.3_229	Singlet	pANN_0.25_0.3_229	0.130765331981754
GSE222315_TGGAGGACATAGGAGC-1_1_1_1_1	GSE222315_p4_NAT	GSE222315	DF.classifications_0.25_0.3_229	Singlet	pANN_0.25_0.3_229	0.14749113025849
GSE222315_TGGAGGATCATCGCCT-1_1_1_1_1	GSE222315_p4_NAT	GSE222315	DF.classifications_0.25_0.3_229	Singlet	pANN_0.25_0.3_229	0.136340598073999
GSE222315_TGGATCAAGAATCTAG-1_1_1_1_1	GSE222315_p4_NAT	GSE222315	DF.classifications_0.25_0.3_229	Singlet	pANN_0.25_0.3_229	0.160162189559047
GSE222315_TGGATCAAGTGGCGAT-1_1_1_1_1	GSE222315_p4_NAT	GSE222315	DF.classifications_0.25_0.3_229	Singlet	pANN_0.25_0.3_229	0.380131779016726
GSE222315_TGGATCACAATCTGCA-1_1_1_1_1	GSE222315_p4_NAT	GSE222315	DF.classifications_0.25_0.3_229	Doublet	pANN_0.25_0.3_229	0.409528636594019
GSE222315_TGGATCAGTCACCACG-1_1_1_1_1	GSE222315_p4_NAT	GSE222315	DF.classifications_0.25_0.3_229	Singlet	pANN_0.25_0.3_229	0.26001013684744
GSE222315_TGGATCAGTTCTCCCA-1_1_1_1_1	GSE222315_p4_NAT	GSE222315	DF.classifications_0.25_0.3_229	Singlet	pANN_0.25_0.3_229	0.247845919918905
GSE222315_TGGATCAGTTGGGTAG-1_1_1_1_1	GSE222315_p4_NAT	GSE222315	DF.classifications_0.25_0.3_229	Singlet	pANN_0.25_0.3_229	0.246325392802838
GSE222315_TGGATCATCAATCCAG-1_1_1_1_1	GSE222315_p4_NAT	GSE222315	DF.classifications_0.25_0.3_229	Singlet	pANN_0.25_0.3_229	0.153573238722757
GSE222315_TGGATCATCTCAGGCG-1_1_1_1_1	GSE222315_p4_NAT	GSE222315	DF.classifications_0.25_0.3_229	Doublet	pANN_0.25_0.3_229	0.392295995945261
GSE222315_TGGATCATCTGGCCTT-1_1_1_1_1	GSE222315_p4_NAT	GSE222315	DF.classifications_0.25_0.3_229	Singlet	pANN_0.25_0.3_229	0.230613279270147
GSE222315_TGGATGTAGAACAGGA-1_1_1_1_1	GSE222315_p4_NAT	GSE222315	DF.classifications_0.25_0.3_229	Singlet	pANN_0.25_0.3_229	0.22250380131779
GSE222315_TGGATGTAGGTTACCT-1_1_1_1_1	GSE222315_p4_NAT	GSE222315	DF.classifications_0.25_0.3_229	Singlet	pANN_0.25_0.3_229	0.168778509883426
GSE222315_TGGATGTGTAGATTAG-1_1_1_1_1	GSE222315_p4_NAT	GSE222315	DF.classifications_0.25_0.3_229	Singlet	pANN_0.25_0.3_229	0.168271667511404
GSE222315_TGGATGTTCGCAGTGC-1_1_1_1_1	GSE222315_p4_NAT	GSE222315	DF.classifications_0.25_0.3_229	Singlet	pANN_0.25_0.3_229	0.164723770907248
GSE222315_TGGATGTTCGCATTGA-1_1_1_1_1	GSE222315_p4_NAT	GSE222315	DF.classifications_0.25_0.3_229	Singlet	pANN_0.25_0.3_229	0.38317283324886
GSE222315_TGGATGTTCTCATTGT-1_1_1_1_1	GSE222315_p4_NAT	GSE222315	DF.classifications_0.25_0.3_229	Singlet	pANN_0.25_0.3_229	0.15864166244298
GSE222315_TGGCGTGGTGCCTTCT-1_1_1_1_1	GSE222315_p4_NAT	GSE222315	DF.classifications_0.25_0.3_229	Singlet	pANN_0.25_0.3_229	0.175367460719716
GSE222315_TGGGAAGAGTTACTCG-1_1_1_1_1	GSE222315_p4_NAT	GSE222315	DF.classifications_0.25_0.3_229	Singlet	pANN_0.25_0.3_229	0.254941713127217
GSE222315_TGGGAAGGTCTAGATC-1_1_1_1_1	GSE222315_p4_NAT	GSE222315	DF.classifications_0.25_0.3_229	Singlet	pANN_0.25_0.3_229	0.384693360364927
GSE222315_TGGGAAGGTGGCGTAA-1_1_1_1_1	GSE222315_p4_NAT	GSE222315	DF.classifications_0.25_0.3_229	Singlet	pANN_0.25_0.3_229	0.134820070957932
GSE222315_TGGGAAGGTGTGCCTG-1_1_1_1_1	GSE222315_p4_NAT	GSE222315	DF.classifications_0.25_0.3_229	Singlet	pANN_0.25_0.3_229	0.147997972630512
GSE222315_TGGGAAGTCGTTACCC-1_1_1_1_1	GSE222315_p4_NAT	GSE222315	DF.classifications_0.25_0.3_229	Singlet	pANN_0.25_0.3_229	0.195134313228586
GSE222315_TGGGAGAAGAATTGTG-1_1_1_1_1	GSE222315_p4_NAT	GSE222315	DF.classifications_0.25_0.3_229	Singlet	pANN_0.25_0.3_229	0.211860111505322
GSE222315_TGGGAGACAGAGAATT-1_1_1_1_1	GSE222315_p4_NAT	GSE222315	DF.classifications_0.25_0.3_229	Singlet	pANN_0.25_0.3_229	0.144956918398378
GSE222315_TGGGAGAGTATCACGT-1_1_1_1_1	GSE222315_p4_NAT	GSE222315	DF.classifications_0.25_0.3_229	Singlet	pANN_0.25_0.3_229	0.380131779016726
GSE222315_TGGGAGAGTCTTGTCC-1_1_1_1_1	GSE222315_p4_NAT	GSE222315	DF.classifications_0.25_0.3_229	Doublet	pANN_0.25_0.3_229	0.389254941713127
GSE222315_TGGGATTCAAAGAACT-1_1_1_1_1	GSE222315_p4_NAT	GSE222315	DF.classifications_0.25_0.3_229	Singlet	pANN_0.25_0.3_229	0.137354282818044
GSE222315_TGGGATTCACGTACAT-1_1_1_1_1	GSE222315_p4_NAT	GSE222315	DF.classifications_0.25_0.3_229	Singlet	pANN_0.25_0.3_229	0.247845919918905
GSE222315_TGGGATTGTCGCACGT-1_1_1_1_1	GSE222315_p4_NAT	GSE222315	DF.classifications_0.25_0.3_229	Singlet	pANN_0.25_0.3_229	0.176887987835783
GSE222315_TGGGATTGTCTCACAA-1_1_1_1_1	GSE222315_p4_NAT	GSE222315	DF.classifications_0.25_0.3_229	Singlet	pANN_0.25_0.3_229	0.204257475924987
GSE222315_TGGGATTTCCAAACCA-1_1_1_1_1	GSE222315_p4_NAT	GSE222315	DF.classifications_0.25_0.3_229	Singlet	pANN_0.25_0.3_229	0.224024328433857
GSE222315_TGGGCGTCACAAGTTC-1_1_1_1_1	GSE222315_p4_NAT	GSE222315	DF.classifications_0.25_0.3_229	Singlet	pANN_0.25_0.3_229	0.225038013177902
GSE222315_TGGGCGTGTACGGATG-1_1_1_1_1	GSE222315_p4_NAT	GSE222315	DF.classifications_0.25_0.3_229	Singlet	pANN_0.25_0.3_229	0.249873289406994
GSE222315_TGGGCGTGTATAGGAT-1_1_1_1_1	GSE222315_p4_NAT	GSE222315	DF.classifications_0.25_0.3_229	Singlet	pANN_0.25_0.3_229	0.144450076026356
GSE222315_TGGGCGTGTCCTCATC-1_1_1_1_1	GSE222315_p4_NAT	GSE222315	DF.classifications_0.25_0.3_229	Singlet	pANN_0.25_0.3_229	0.203750633552965
GSE222315_TGGGCGTTCCATCACC-1_1_1_1_1	GSE222315_p4_NAT	GSE222315	DF.classifications_0.25_0.3_229	Singlet	pANN_0.25_0.3_229	0.207805372529143
GSE222315_TGGGCGTTCCGTGTCT-1_1_1_1_1	GSE222315_p4_NAT	GSE222315	DF.classifications_0.25_0.3_229	Singlet	pANN_0.25_0.3_229	0.269640141915864
GSE222315_TGGGCGTTCGCAACAT-1_1_1_1_1	GSE222315_p4_NAT	GSE222315	DF.classifications_0.25_0.3_229	Singlet	pANN_0.25_0.3_229	0.182970096300051
GSE222315_TGGGCTGAGCTCACTA-1_1_1_1_1	GSE222315_p4_NAT	GSE222315	DF.classifications_0.25_0.3_229	Singlet	pANN_0.25_0.3_229	0.188038520020274
GSE222315_TGGGCTGGTAGCGTTT-1_1_1_1_1	GSE222315_p4_NAT	GSE222315	DF.classifications_0.25_0.3_229	Singlet	pANN_0.25_0.3_229	0.214394323365433
GSE222315_TGGGCTGGTCCGGTGT-1_1_1_1_1	GSE222315_p4_NAT	GSE222315	DF.classifications_0.25_0.3_229	Singlet	pANN_0.25_0.3_229	0.216421692853523
GSE222315_TGGGCTGGTTCCCACT-1_1_1_1_1	GSE222315_p4_NAT	GSE222315	DF.classifications_0.25_0.3_229	Singlet	pANN_0.25_0.3_229	0.181956411556006
GSE222315_TGGGCTGTCCGCACTT-1_1_1_1_1	GSE222315_p4_NAT	GSE222315	DF.classifications_0.25_0.3_229	Doublet	pANN_0.25_0.3_229	0.388241256969083
GSE222315_TGGGTTAAGCATCTTG-1_1_1_1_1	GSE222315_p4_NAT	GSE222315	DF.classifications_0.25_0.3_229	Singlet	pANN_0.25_0.3_229	0.373542828180436
GSE222315_TGGGTTAAGCCTCATA-1_1_1_1_1	GSE222315_p4_NAT	GSE222315	DF.classifications_0.25_0.3_229	Singlet	pANN_0.25_0.3_229	0.159655347187025
GSE222315_TGGGTTACACAAATCC-1_1_1_1_1	GSE222315_p4_NAT	GSE222315	DF.classifications_0.25_0.3_229	Singlet	pANN_0.25_0.3_229	0.24227065382666
GSE222315_TGGGTTAGTGTCACAT-1_1_1_1_1	GSE222315_p4_NAT	GSE222315	DF.classifications_0.25_0.3_229	Singlet	pANN_0.25_0.3_229	0.210339584389255
GSE222315_TGGGTTATCTCGCAGG-1_1_1_1_1	GSE222315_p4_NAT	GSE222315	DF.classifications_0.25_0.3_229	Singlet	pANN_0.25_0.3_229	0.309680689305626
GSE222315_TGGTACAAGCTTAGTC-1_1_1_1_1	GSE222315_p4_NAT	GSE222315	DF.classifications_0.25_0.3_229	Singlet	pANN_0.25_0.3_229	0.187531677648251
GSE222315_TGGTACACACACACTA-1_1_1_1_1	GSE222315_p4_NAT	GSE222315	DF.classifications_0.25_0.3_229	Singlet	pANN_0.25_0.3_229	0.280283831728332
GSE222315_TGGTACAGTATCGGTT-1_1_1_1_1	GSE222315_p4_NAT	GSE222315	DF.classifications_0.25_0.3_229	Singlet	pANN_0.25_0.3_229	0.246325392802838
GSE222315_TGGTACAGTTACGGAG-1_1_1_1_1	GSE222315_p4_NAT	GSE222315	DF.classifications_0.25_0.3_229	Singlet	pANN_0.25_0.3_229	0.353269133299544
GSE222315_TGGTACATCCTCTTTC-1_1_1_1_1	GSE222315_p4_NAT	GSE222315	DF.classifications_0.25_0.3_229	Singlet	pANN_0.25_0.3_229	0.169792194627471
GSE222315_TGGTACATCGCCAGAC-1_1_1_1_1	GSE222315_p4_NAT	GSE222315	DF.classifications_0.25_0.3_229	Singlet	pANN_0.25_0.3_229	0.190065889508363
GSE222315_TGGTACATCTGACCCT-1_1_1_1_1	GSE222315_p4_NAT	GSE222315	DF.classifications_0.25_0.3_229	Singlet	pANN_0.25_0.3_229	0.353775975671566
GSE222315_TGGTAGTAGCGTCGAA-1_1_1_1_1	GSE222315_p4_NAT	GSE222315	DF.classifications_0.25_0.3_229	Singlet	pANN_0.25_0.3_229	0.178915357323872
GSE222315_TGGTAGTAGGTCATAA-1_1_1_1_1	GSE222315_p4_NAT	GSE222315	DF.classifications_0.25_0.3_229	Singlet	pANN_0.25_0.3_229	0.162696401419159
GSE222315_TGGTAGTCAGCTTCCT-1_1_1_1_1	GSE222315_p4_NAT	GSE222315	DF.classifications_0.25_0.3_229	Singlet	pANN_0.25_0.3_229	0.235174860618348
GSE222315_TGGTAGTGTCGGTGTC-1_1_1_1_1	GSE222315_p4_NAT	GSE222315	DF.classifications_0.25_0.3_229	Singlet	pANN_0.25_0.3_229	0.162696401419159
GSE222315_TGGTGATAGAGCTGAC-1_1_1_1_1	GSE222315_p4_NAT	GSE222315	DF.classifications_0.25_0.3_229	Singlet	pANN_0.25_0.3_229	0.162696401419159
GSE222315_TGGTGATAGCGAGGAG-1_1_1_1_1	GSE222315_p4_NAT	GSE222315	DF.classifications_0.25_0.3_229	Singlet	pANN_0.25_0.3_229	0.224531170805879
GSE222315_TGGTGATCACCGTACG-1_1_1_1_1	GSE222315_p4_NAT	GSE222315	DF.classifications_0.25_0.3_229	Singlet	pANN_0.25_0.3_229	0.193106943740497
GSE222315_TGGTGATTCGCAAGAG-1_1_1_1_1	GSE222315_p4_NAT	GSE222315	DF.classifications_0.25_0.3_229	Singlet	pANN_0.25_0.3_229	0.27318803852002
GSE222315_TGGTGATTCGCCTTTG-1_1_1_1_1	GSE222315_p4_NAT	GSE222315	DF.classifications_0.25_0.3_229	Singlet	pANN_0.25_0.3_229	0.118094272681196
GSE222315_TGGTTAGAGGTCATAA-1_1_1_1_1	GSE222315_p4_NAT	GSE222315	DF.classifications_0.25_0.3_229	Singlet	pANN_0.25_0.3_229	0.166244298023315
GSE222315_TGGTTAGAGTAATTGG-1_1_1_1_1	GSE222315_p4_NAT	GSE222315	DF.classifications_0.25_0.3_229	Singlet	pANN_0.25_0.3_229	0.249873289406994
GSE222315_TGGTTAGCATCGTTCC-1_1_1_1_1	GSE222315_p4_NAT	GSE222315	DF.classifications_0.25_0.3_229	Singlet	pANN_0.25_0.3_229	0.139888494678155
GSE222315_TGGTTAGGTCAAAGTA-1_1_1_1_1	GSE222315_p4_NAT	GSE222315	DF.classifications_0.25_0.3_229	Singlet	pANN_0.25_0.3_229	0.26203750633553
GSE222315_TGGTTAGGTCACGACC-1_1_1_1_1	GSE222315_p4_NAT	GSE222315	DF.classifications_0.25_0.3_229	Singlet	pANN_0.25_0.3_229	0.250886974151039
GSE222315_TGGTTAGTCCCGAATA-1_1_1_1_1	GSE222315_p4_NAT	GSE222315	DF.classifications_0.25_0.3_229	Singlet	pANN_0.25_0.3_229	0.133806386213887
GSE222315_TGGTTAGTCTAAGCGT-1_1_1_1_1	GSE222315_p4_NAT	GSE222315	DF.classifications_0.25_0.3_229	Doublet	pANN_0.25_0.3_229	0.39432336543335
GSE222315_TGTAACGAGATACAGT-1_1_1_1_1	GSE222315_p4_NAT	GSE222315	DF.classifications_0.25_0.3_229	Singlet	pANN_0.25_0.3_229	0.169792194627471
GSE222315_TGTAACGAGCGCATCC-1_1_1_1_1	GSE222315_p4_NAT	GSE222315	DF.classifications_0.25_0.3_229	Singlet	pANN_0.25_0.3_229	0.170299036999493
GSE222315_TGTAACGCAAATAGCA-1_1_1_1_1	GSE222315_p4_NAT	GSE222315	DF.classifications_0.25_0.3_229	Singlet	pANN_0.25_0.3_229	0.160162189559047
GSE222315_TGTAACGCACATACTG-1_1_1_1_1	GSE222315_p4_NAT	GSE222315	DF.classifications_0.25_0.3_229	Singlet	pANN_0.25_0.3_229	0.17181956411556
GSE222315_TGTAACGCACGACGAA-1_1_1_1_1	GSE222315_p4_NAT	GSE222315	DF.classifications_0.25_0.3_229	Singlet	pANN_0.25_0.3_229	0.318803852002027
GSE222315_TGTAACGCAGAATGTA-1_1_1_1_1	GSE222315_p4_NAT	GSE222315	DF.classifications_0.25_0.3_229	Singlet	pANN_0.25_0.3_229	0.277749619868221
GSE222315_TGTAACGGTTTCTATC-1_1_1_1_1	GSE222315_p4_NAT	GSE222315	DF.classifications_0.25_0.3_229	Singlet	pANN_0.25_0.3_229	0.199189052204764
GSE222315_TGTAACGTCCAGCTCT-1_1_1_1_1	GSE222315_p4_NAT	GSE222315	DF.classifications_0.25_0.3_229	Singlet	pANN_0.25_0.3_229	0.377090724784592
GSE222315_TGTAACGTCTCATAGG-1_1_1_1_1	GSE222315_p4_NAT	GSE222315	DF.classifications_0.25_0.3_229	Singlet	pANN_0.25_0.3_229	0.339584389254942
GSE222315_TGTAAGCCACTCTGCT-1_1_1_1_1	GSE222315_p4_NAT	GSE222315	DF.classifications_0.25_0.3_229	Singlet	pANN_0.25_0.3_229	0.346173340091232
GSE222315_TGTAAGCCAGCGCGTT-1_1_1_1_1	GSE222315_p4_NAT	GSE222315	DF.classifications_0.25_0.3_229	Singlet	pANN_0.25_0.3_229	0.225544855549924
GSE222315_TGTAAGCGTCGTTCAA-1_1_1_1_1	GSE222315_p4_NAT	GSE222315	DF.classifications_0.25_0.3_229	Singlet	pANN_0.25_0.3_229	0.255955397871262
GSE222315_TGTAAGCGTTAAACCC-1_1_1_1_1	GSE222315_p4_NAT	GSE222315	DF.classifications_0.25_0.3_229	Singlet	pANN_0.25_0.3_229	0.159148504815003
GSE222315_TGTACAGAGCCGAATG-1_1_1_1_1	GSE222315_p4_NAT	GSE222315	DF.classifications_0.25_0.3_229	Singlet	pANN_0.25_0.3_229	0.176887987835783
GSE222315_TGTACAGAGCGAACTG-1_1_1_1_1	GSE222315_p4_NAT	GSE222315	DF.classifications_0.25_0.3_229	Singlet	pANN_0.25_0.3_229	0.160162189559047
GSE222315_TGTACAGCAAGCGGAT-1_1_1_1_1	GSE222315_p4_NAT	GSE222315	DF.classifications_0.25_0.3_229	Singlet	pANN_0.25_0.3_229	0.326913329954384
GSE222315_TGTACAGTCCCTCGAT-1_1_1_1_1	GSE222315_p4_NAT	GSE222315	DF.classifications_0.25_0.3_229	Singlet	pANN_0.25_0.3_229	0.214394323365433
GSE222315_TGTAGACAGTACAGAT-1_1_1_1_1	GSE222315_p4_NAT	GSE222315	DF.classifications_0.25_0.3_229	Singlet	pANN_0.25_0.3_229	0.251393816523061
GSE222315_TGTAGACCACCTGTCT-1_1_1_1_1	GSE222315_p4_NAT	GSE222315	DF.classifications_0.25_0.3_229	Singlet	pANN_0.25_0.3_229	0.147997972630512
GSE222315_TGTCAGAAGTAGTCTC-1_1_1_1_1	GSE222315_p4_NAT	GSE222315	DF.classifications_0.25_0.3_229	Singlet	pANN_0.25_0.3_229	0.179929042067917
GSE222315_TGTCAGATCGCGTTTC-1_1_1_1_1	GSE222315_p4_NAT	GSE222315	DF.classifications_0.25_0.3_229	Singlet	pANN_0.25_0.3_229	0.225038013177902
GSE222315_TGTCCACAGGTTGTTC-1_1_1_1_1	GSE222315_p4_NAT	GSE222315	DF.classifications_0.25_0.3_229	Singlet	pANN_0.25_0.3_229	0.132792701469843
GSE222315_TGTCCACCAACTTCTT-1_1_1_1_1	GSE222315_p4_NAT	GSE222315	DF.classifications_0.25_0.3_229	Singlet	pANN_0.25_0.3_229	0.212366953877344
GSE222315_TGTCCACGTCTCACGG-1_1_1_1_1	GSE222315_p4_NAT	GSE222315	DF.classifications_0.25_0.3_229	Doublet	pANN_0.25_0.3_229	0.408008109477952
GSE222315_TGTCCACTCAAGATAG-1_1_1_1_1	GSE222315_p4_NAT	GSE222315	DF.classifications_0.25_0.3_229	Singlet	pANN_0.25_0.3_229	0.130765331981754
GSE222315_TGTCCACTCATACGGT-1_1_1_1_1	GSE222315_p4_NAT	GSE222315	DF.classifications_0.25_0.3_229	Singlet	pANN_0.25_0.3_229	0.347693867207299
GSE222315_TGTCCACTCCCTTGGT-1_1_1_1_1	GSE222315_p4_NAT	GSE222315	DF.classifications_0.25_0.3_229	Singlet	pANN_0.25_0.3_229	0.314749113025849
GSE222315_TGTCCCAAGGTTCCAT-1_1_1_1_1	GSE222315_p4_NAT	GSE222315	DF.classifications_0.25_0.3_229	Doublet	pANN_0.25_0.3_229	0.399898631525596
GSE222315_TGTCCCAAGTAGGAAG-1_1_1_1_1	GSE222315_p4_NAT	GSE222315	DF.classifications_0.25_0.3_229	Singlet	pANN_0.25_0.3_229	0.32387227572225
GSE222315_TGTCCCAGTACGTGAG-1_1_1_1_1	GSE222315_p4_NAT	GSE222315	DF.classifications_0.25_0.3_229	Singlet	pANN_0.25_0.3_229	0.378611251900659
GSE222315_TGTCCCATCACCGGTG-1_1_1_1_1	GSE222315_p4_NAT	GSE222315	DF.classifications_0.25_0.3_229	Singlet	pANN_0.25_0.3_229	0.196147997972631
GSE222315_TGTCCCATCGCTATTT-1_1_1_1_1	GSE222315_p4_NAT	GSE222315	DF.classifications_0.25_0.3_229	Singlet	pANN_0.25_0.3_229	0.230106436898125
GSE222315_TGTCCTGGTCGATTTG-1_1_1_1_1	GSE222315_p4_NAT	GSE222315	DF.classifications_0.25_0.3_229	Singlet	pANN_0.25_0.3_229	0.201216421692854
GSE222315_TGTCCTGTCTTTGCGC-1_1_1_1_1	GSE222315_p4_NAT	GSE222315	DF.classifications_0.25_0.3_229	Singlet	pANN_0.25_0.3_229	0.239229599594526
GSE222315_TGTGAGTGTCACTCAA-1_1_1_1_1	GSE222315_p4_NAT	GSE222315	DF.classifications_0.25_0.3_229	Singlet	pANN_0.25_0.3_229	0.175367460719716
GSE222315_TGTGAGTGTCCAAATC-1_1_1_1_1	GSE222315_p4_NAT	GSE222315	DF.classifications_0.25_0.3_229	Singlet	pANN_0.25_0.3_229	0.193613786112519
GSE222315_TGTGATGAGGGCCTCT-1_1_1_1_1	GSE222315_p4_NAT	GSE222315	DF.classifications_0.25_0.3_229	Singlet	pANN_0.25_0.3_229	0.174860618347694
GSE222315_TGTGATGAGTAAATGC-1_1_1_1_1	GSE222315_p4_NAT	GSE222315	DF.classifications_0.25_0.3_229	Singlet	pANN_0.25_0.3_229	0.157627977698936
GSE222315_TGTGATGCACTTCTCG-1_1_1_1_1	GSE222315_p4_NAT	GSE222315	DF.classifications_0.25_0.3_229	Singlet	pANN_0.25_0.3_229	0.196654840344653
GSE222315_TGTGATGGTTATGTCG-1_1_1_1_1	GSE222315_p4_NAT	GSE222315	DF.classifications_0.25_0.3_229	Singlet	pANN_0.25_0.3_229	0.161682716675114
GSE222315_TGTGATGTCACAAGGG-1_1_1_1_1	GSE222315_p4_NAT	GSE222315	DF.classifications_0.25_0.3_229	Singlet	pANN_0.25_0.3_229	0.189052204764318
GSE222315_TGTGATGTCATTGCGA-1_1_1_1_1	GSE222315_p4_NAT	GSE222315	DF.classifications_0.25_0.3_229	Singlet	pANN_0.25_0.3_229	0.170805879371515
GSE222315_TGTGATGTCGTTGTGA-1_1_1_1_1	GSE222315_p4_NAT	GSE222315	DF.classifications_0.25_0.3_229	Singlet	pANN_0.25_0.3_229	0.136340598073999
GSE222315_TGTGCGGCAAACCGGA-1_1_1_1_1	GSE222315_p4_NAT	GSE222315	DF.classifications_0.25_0.3_229	Singlet	pANN_0.25_0.3_229	0.20273694880892
GSE222315_TGTGCGGCAACACAGG-1_1_1_1_1	GSE222315_p4_NAT	GSE222315	DF.classifications_0.25_0.3_229	Singlet	pANN_0.25_0.3_229	0.269133299543842
GSE222315_TGTGCGGGTATGCGGA-1_1_1_1_1	GSE222315_p4_NAT	GSE222315	DF.classifications_0.25_0.3_229	Singlet	pANN_0.25_0.3_229	0.178915357323872
GSE222315_TGTGCGGGTTATTCTC-1_1_1_1_1	GSE222315_p4_NAT	GSE222315	DF.classifications_0.25_0.3_229	Singlet	pANN_0.25_0.3_229	0.143943233654334
GSE222315_TGTGTGAAGGGCGAAG-1_1_1_1_1	GSE222315_p4_NAT	GSE222315	DF.classifications_0.25_0.3_229	Singlet	pANN_0.25_0.3_229	0.166244298023315
GSE222315_TGTGTGACAGGGTCTC-1_1_1_1_1	GSE222315_p4_NAT	GSE222315	DF.classifications_0.25_0.3_229	Singlet	pANN_0.25_0.3_229	0.189052204764318
GSE222315_TGTGTGAGTACGATGG-1_1_1_1_1	GSE222315_p4_NAT	GSE222315	DF.classifications_0.25_0.3_229	Singlet	pANN_0.25_0.3_229	0.136847440446021
GSE222315_TGTGTGAGTTTACACG-1_1_1_1_1	GSE222315_p4_NAT	GSE222315	DF.classifications_0.25_0.3_229	Singlet	pANN_0.25_0.3_229	0.243791180942727
GSE222315_TGTGTGATCATCGCTC-1_1_1_1_1	GSE222315_p4_NAT	GSE222315	DF.classifications_0.25_0.3_229	Singlet	pANN_0.25_0.3_229	0.253421186011151
GSE222315_TGTGTGATCCTCACGT-1_1_1_1_1	GSE222315_p4_NAT	GSE222315	DF.classifications_0.25_0.3_229	Singlet	pANN_0.25_0.3_229	0.204257475924987
GSE222315_TGTTACTCAAGCGAAC-1_1_1_1_1	GSE222315_p4_NAT	GSE222315	DF.classifications_0.25_0.3_229	Singlet	pANN_0.25_0.3_229	0.213380638621389
GSE222315_TGTTACTTCACCGACG-1_1_1_1_1	GSE222315_p4_NAT	GSE222315	DF.classifications_0.25_0.3_229	Singlet	pANN_0.25_0.3_229	0.361378611251901
GSE222315_TGTTACTTCGAGTGGA-1_1_1_1_1	GSE222315_p4_NAT	GSE222315	DF.classifications_0.25_0.3_229	Singlet	pANN_0.25_0.3_229	0.204257475924987
GSE222315_TGTTCATAGGAGCAAA-1_1_1_1_1	GSE222315_p4_NAT	GSE222315	DF.classifications_0.25_0.3_229	Singlet	pANN_0.25_0.3_229	0.197668525088697
GSE222315_TGTTCATCAAGCTCTA-1_1_1_1_1	GSE222315_p4_NAT	GSE222315	DF.classifications_0.25_0.3_229	Singlet	pANN_0.25_0.3_229	0.141915864166244
GSE222315_TGTTCATCAATCAGCT-1_1_1_1_1	GSE222315_p4_NAT	GSE222315	DF.classifications_0.25_0.3_229	Doublet	pANN_0.25_0.3_229	0.393816523061328
GSE222315_TGTTCATCACAATGAA-1_1_1_1_1	GSE222315_p4_NAT	GSE222315	DF.classifications_0.25_0.3_229	Singlet	pANN_0.25_0.3_229	0.169285352255449
GSE222315_TGTTCATCAGGCACTC-1_1_1_1_1	GSE222315_p4_NAT	GSE222315	DF.classifications_0.25_0.3_229	Singlet	pANN_0.25_0.3_229	0.221490116573746
GSE222315_TGTTCATGTATTTCCT-1_1_1_1_1	GSE222315_p4_NAT	GSE222315	DF.classifications_0.25_0.3_229	Singlet	pANN_0.25_0.3_229	0.193613786112519
GSE222315_TGTTCCGAGTGGAATT-1_1_1_1_1	GSE222315_p4_NAT	GSE222315	DF.classifications_0.25_0.3_229	Singlet	pANN_0.25_0.3_229	0.364419665484034
GSE222315_TGTTCCGCACTCCTGT-1_1_1_1_1	GSE222315_p4_NAT	GSE222315	DF.classifications_0.25_0.3_229	Singlet	pANN_0.25_0.3_229	0.228079067410035
GSE222315_TGTTCCGCACTGGAAG-1_1_1_1_1	GSE222315_p4_NAT	GSE222315	DF.classifications_0.25_0.3_229	Singlet	pANN_0.25_0.3_229	0.336543335022808
GSE222315_TGTTCCGCAGAACTCT-1_1_1_1_1	GSE222315_p4_NAT	GSE222315	DF.classifications_0.25_0.3_229	Singlet	pANN_0.25_0.3_229	0.218449062341612
GSE222315_TGTTCCGGTCGTATGT-1_1_1_1_1	GSE222315_p4_NAT	GSE222315	DF.classifications_0.25_0.3_229	Singlet	pANN_0.25_0.3_229	0.195134313228586
GSE222315_TGTTCCGGTTCGGCCA-1_1_1_1_1	GSE222315_p4_NAT	GSE222315	DF.classifications_0.25_0.3_229	Singlet	pANN_0.25_0.3_229	0.233654333502281
GSE222315_TGTTCCGTCATGGAGG-1_1_1_1_1	GSE222315_p4_NAT	GSE222315	DF.classifications_0.25_0.3_229	Singlet	pANN_0.25_0.3_229	0.218955904713634
GSE222315_TGTTCTACACCGGCTA-1_1_1_1_1	GSE222315_p4_NAT	GSE222315	DF.classifications_0.25_0.3_229	Singlet	pANN_0.25_0.3_229	0.207298530157121
GSE222315_TGTTCTACACCGTCTT-1_1_1_1_1	GSE222315_p4_NAT	GSE222315	DF.classifications_0.25_0.3_229	Singlet	pANN_0.25_0.3_229	0.150532184490623
GSE222315_TGTTCTACAGGCTATT-1_1_1_1_1	GSE222315_p4_NAT	GSE222315	DF.classifications_0.25_0.3_229	Singlet	pANN_0.25_0.3_229	0.253421186011151
GSE222315_TGTTCTATCTGAATGC-1_1_1_1_1	GSE222315_p4_NAT	GSE222315	DF.classifications_0.25_0.3_229	Singlet	pANN_0.25_0.3_229	0.249873289406994
GSE222315_TGTTGAGCAAGGGTCA-1_1_1_1_1	GSE222315_p4_NAT	GSE222315	DF.classifications_0.25_0.3_229	Singlet	pANN_0.25_0.3_229	0.233654333502281
GSE222315_TGTTGAGGTACTCCCT-1_1_1_1_1	GSE222315_p4_NAT	GSE222315	DF.classifications_0.25_0.3_229	Singlet	pANN_0.25_0.3_229	0.136847440446021
GSE222315_TGTTGAGGTATGAGAT-1_1_1_1_1	GSE222315_p4_NAT	GSE222315	DF.classifications_0.25_0.3_229	Singlet	pANN_0.25_0.3_229	0.263051191079574
GSE222315_TGTTGAGGTTTCGTGA-1_1_1_1_1	GSE222315_p4_NAT	GSE222315	DF.classifications_0.25_0.3_229	Singlet	pANN_0.25_0.3_229	0.240243284338571
GSE222315_TGTTGGAAGCCTCTTC-1_1_1_1_1	GSE222315_p4_NAT	GSE222315	DF.classifications_0.25_0.3_229	Singlet	pANN_0.25_0.3_229	0.35022807906741
GSE222315_TGTTGGAAGGTGGGTT-1_1_1_1_1	GSE222315_p4_NAT	GSE222315	DF.classifications_0.25_0.3_229	Singlet	pANN_0.25_0.3_229	0.132792701469843
GSE222315_TGTTGGACAAAGGCTG-1_1_1_1_1	GSE222315_p4_NAT	GSE222315	DF.classifications_0.25_0.3_229	Singlet	pANN_0.25_0.3_229	0.197668525088697
GSE222315_TGTTGGACAACCAATC-1_1_1_1_1	GSE222315_p4_NAT	GSE222315	DF.classifications_0.25_0.3_229	Singlet	pANN_0.25_0.3_229	0.234161175874303
GSE222315_TGTTGGACAGCTCCTT-1_1_1_1_1	GSE222315_p4_NAT	GSE222315	DF.classifications_0.25_0.3_229	Singlet	pANN_0.25_0.3_229	0.22909275215408
GSE222315_TGTTGGACATGCAGGA-1_1_1_1_1	GSE222315_p4_NAT	GSE222315	DF.classifications_0.25_0.3_229	Singlet	pANN_0.25_0.3_229	0.264571718195641
GSE222315_TGTTGGAGTAACAAGT-1_1_1_1_1	GSE222315_p4_NAT	GSE222315	DF.classifications_0.25_0.3_229	Singlet	pANN_0.25_0.3_229	0.209832742017233
GSE222315_TGTTGGATCGACGCGT-1_1_1_1_1	GSE222315_p4_NAT	GSE222315	DF.classifications_0.25_0.3_229	Singlet	pANN_0.25_0.3_229	0.138367967562088
GSE222315_TGTTGGATCGCTAAAC-1_1_1_1_1	GSE222315_p4_NAT	GSE222315	DF.classifications_0.25_0.3_229	Singlet	pANN_0.25_0.3_229	0.237709072478459
GSE222315_TGTTTGTAGCTGTTAC-1_1_1_1_1	GSE222315_p4_NAT	GSE222315	DF.classifications_0.25_0.3_229	Singlet	pANN_0.25_0.3_229	0.207298530157121
GSE222315_TGTTTGTCACATTGTG-1_1_1_1_1	GSE222315_p4_NAT	GSE222315	DF.classifications_0.25_0.3_229	Singlet	pANN_0.25_0.3_229	0.282818043588444
GSE222315_TGTTTGTGTCCTGTCT-1_1_1_1_1	GSE222315_p4_NAT	GSE222315	DF.classifications_0.25_0.3_229	Singlet	pANN_0.25_0.3_229	0.124683223517486
GSE222315_TTAATCCAGGCATGGT-1_1_1_1_1	GSE222315_p4_NAT	GSE222315	DF.classifications_0.25_0.3_229	Singlet	pANN_0.25_0.3_229	0.250886974151039
GSE222315_TTAATCCCATTGCAAC-1_1_1_1_1	GSE222315_p4_NAT	GSE222315	DF.classifications_0.25_0.3_229	Singlet	pANN_0.25_0.3_229	0.137861125190066
GSE222315_TTAATCCTCCTGTTAT-1_1_1_1_1	GSE222315_p4_NAT	GSE222315	DF.classifications_0.25_0.3_229	Singlet	pANN_0.25_0.3_229	0.182463253928028
GSE222315_TTACAGGAGATAGCTA-1_1_1_1_1	GSE222315_p4_NAT	GSE222315	DF.classifications_0.25_0.3_229	Singlet	pANN_0.25_0.3_229	0.123669538773441
GSE222315_TTACAGGAGATTAGAC-1_1_1_1_1	GSE222315_p4_NAT	GSE222315	DF.classifications_0.25_0.3_229	Singlet	pANN_0.25_0.3_229	0.141409021794222
GSE222315_TTACAGGCACCCTAAA-1_1_1_1_1	GSE222315_p4_NAT	GSE222315	DF.classifications_0.25_0.3_229	Singlet	pANN_0.25_0.3_229	0.246832235174861
GSE222315_TTACAGGCAGAGGCTA-1_1_1_1_1	GSE222315_p4_NAT	GSE222315	DF.classifications_0.25_0.3_229	Singlet	pANN_0.25_0.3_229	0.334515965534719
GSE222315_TTACAGGCAGCGATTT-1_1_1_1_1	GSE222315_p4_NAT	GSE222315	DF.classifications_0.25_0.3_229	Singlet	pANN_0.25_0.3_229	0.240243284338571
GSE222315_TTACAGGGTCGTTGGC-1_1_1_1_1	GSE222315_p4_NAT	GSE222315	DF.classifications_0.25_0.3_229	Singlet	pANN_0.25_0.3_229	0.197161682716675
GSE222315_TTACAGGTCGTGAGAG-1_1_1_1_1	GSE222315_p4_NAT	GSE222315	DF.classifications_0.25_0.3_229	Singlet	pANN_0.25_0.3_229	0.323365433350228
GSE222315_TTACAGGTCTGGTGCG-1_1_1_1_1	GSE222315_p4_NAT	GSE222315	DF.classifications_0.25_0.3_229	Singlet	pANN_0.25_0.3_229	0.216928535225545
GSE222315_TTACCATAGAGCATCG-1_1_1_1_1	GSE222315_p4_NAT	GSE222315	DF.classifications_0.25_0.3_229	Singlet	pANN_0.25_0.3_229	0.380131779016726
GSE222315_TTACCATGTATCGGTT-1_1_1_1_1	GSE222315_p4_NAT	GSE222315	DF.classifications_0.25_0.3_229	Singlet	pANN_0.25_0.3_229	0.253928028383173
GSE222315_TTACCATGTGGGACAT-1_1_1_1_1	GSE222315_p4_NAT	GSE222315	DF.classifications_0.25_0.3_229	Singlet	pANN_0.25_0.3_229	0.23568170299037
GSE222315_TTACCATGTTGGGTTT-1_1_1_1_1	GSE222315_p4_NAT	GSE222315	DF.classifications_0.25_0.3_229	Singlet	pANN_0.25_0.3_229	0.377090724784592
GSE222315_TTACCGCAGACCTCCG-1_1_1_1_1	GSE222315_p4_NAT	GSE222315	DF.classifications_0.25_0.3_229	Singlet	pANN_0.25_0.3_229	0.170299036999493
GSE222315_TTACCGCAGACGTCCC-1_1_1_1_1	GSE222315_p4_NAT	GSE222315	DF.classifications_0.25_0.3_229	Singlet	pANN_0.25_0.3_229	0.190572731880385
GSE222315_TTACCGCCATAGTCGT-1_1_1_1_1	GSE222315_p4_NAT	GSE222315	DF.classifications_0.25_0.3_229	Singlet	pANN_0.25_0.3_229	0.166244298023315
GSE222315_TTACCGCTCCCGTAAA-1_1_1_1_1	GSE222315_p4_NAT	GSE222315	DF.classifications_0.25_0.3_229	Singlet	pANN_0.25_0.3_229	0.202230106436898
GSE222315_TTACCGCTCCTTGACC-1_1_1_1_1	GSE222315_p4_NAT	GSE222315	DF.classifications_0.25_0.3_229	Singlet	pANN_0.25_0.3_229	0.171312721743538
GSE222315_TTACGCCAGAACGTGC-1_1_1_1_1	GSE222315_p4_NAT	GSE222315	DF.classifications_0.25_0.3_229	Singlet	pANN_0.25_0.3_229	0.189559047136341
GSE222315_TTACGCCAGCCTCAGC-1_1_1_1_1	GSE222315_p4_NAT	GSE222315	DF.classifications_0.25_0.3_229	Doublet	pANN_0.25_0.3_229	0.409528636594019
GSE222315_TTACGCCAGGTTACCT-1_1_1_1_1	GSE222315_p4_NAT	GSE222315	DF.classifications_0.25_0.3_229	Singlet	pANN_0.25_0.3_229	0.246325392802838
GSE222315_TTACGCCAGTTGTCAC-1_1_1_1_1	GSE222315_p4_NAT	GSE222315	DF.classifications_0.25_0.3_229	Singlet	pANN_0.25_0.3_229	0.372529143436391
GSE222315_TTACGCCCAGCTCTGG-1_1_1_1_1	GSE222315_p4_NAT	GSE222315	DF.classifications_0.25_0.3_229	Singlet	pANN_0.25_0.3_229	0.17181956411556
GSE222315_TTACGCCTCCTAAACG-1_1_1_1_1	GSE222315_p4_NAT	GSE222315	DF.classifications_0.25_0.3_229	Singlet	pANN_0.25_0.3_229	0.185504308160162
GSE222315_TTACGTTAGCATCCCG-1_1_1_1_1	GSE222315_p4_NAT	GSE222315	DF.classifications_0.25_0.3_229	Singlet	pANN_0.25_0.3_229	0.355296502787633
GSE222315_TTACGTTAGCGACTTT-1_1_1_1_1	GSE222315_p4_NAT	GSE222315	DF.classifications_0.25_0.3_229	Singlet	pANN_0.25_0.3_229	0.306639635073492
GSE222315_TTACGTTCACAGAAGC-1_1_1_1_1	GSE222315_p4_NAT	GSE222315	DF.classifications_0.25_0.3_229	Singlet	pANN_0.25_0.3_229	0.188038520020274
GSE222315_TTACGTTGTGAAGCGT-1_1_1_1_1	GSE222315_p4_NAT	GSE222315	DF.classifications_0.25_0.3_229	Singlet	pANN_0.25_0.3_229	0.26203750633553
GSE222315_TTACTGTAGGCCTTCG-1_1_1_1_1	GSE222315_p4_NAT	GSE222315	DF.classifications_0.25_0.3_229	Singlet	pANN_0.25_0.3_229	0.161175874303092
GSE222315_TTACTGTCAAGTGCTT-1_1_1_1_1	GSE222315_p4_NAT	GSE222315	DF.classifications_0.25_0.3_229	Singlet	pANN_0.25_0.3_229	0.19158641662443
GSE222315_TTACTGTCACCCTAAA-1_1_1_1_1	GSE222315_p4_NAT	GSE222315	DF.classifications_0.25_0.3_229	Singlet	pANN_0.25_0.3_229	0.38317283324886
GSE222315_TTACTGTCACTACCGG-1_1_1_1_1	GSE222315_p4_NAT	GSE222315	DF.classifications_0.25_0.3_229	Singlet	pANN_0.25_0.3_229	0.298530157121135
GSE222315_TTACTGTCATGCAGCC-1_1_1_1_1	GSE222315_p4_NAT	GSE222315	DF.classifications_0.25_0.3_229	Singlet	pANN_0.25_0.3_229	0.351748606183477
GSE222315_TTACTGTGTGCCGGTT-1_1_1_1_1	GSE222315_p4_NAT	GSE222315	DF.classifications_0.25_0.3_229	Singlet	pANN_0.25_0.3_229	0.160669031931069
GSE222315_TTACTGTTCAAAGGTA-1_1_1_1_1	GSE222315_p4_NAT	GSE222315	DF.classifications_0.25_0.3_229	Singlet	pANN_0.25_0.3_229	0.161682716675114
GSE222315_TTACTGTTCTTAGTTC-1_1_1_1_1	GSE222315_p4_NAT	GSE222315	DF.classifications_0.25_0.3_229	Singlet	pANN_0.25_0.3_229	0.210846426761277
GSE222315_TTACTGTTCTTTGCGC-1_1_1_1_1	GSE222315_p4_NAT	GSE222315	DF.classifications_0.25_0.3_229	Singlet	pANN_0.25_0.3_229	0.283831728332489
GSE222315_TTAGGCAAGCACTCGC-1_1_1_1_1	GSE222315_p4_NAT	GSE222315	DF.classifications_0.25_0.3_229	Singlet	pANN_0.25_0.3_229	0.366447034972124
GSE222315_TTAGGCACAAGGGCAT-1_1_1_1_1	GSE222315_p4_NAT	GSE222315	DF.classifications_0.25_0.3_229	Singlet	pANN_0.25_0.3_229	0.20932589964521
GSE222315_TTAGGCATCATTGCTT-1_1_1_1_1	GSE222315_p4_NAT	GSE222315	DF.classifications_0.25_0.3_229	Singlet	pANN_0.25_0.3_229	0.206284845413077
GSE222315_TTAGGGTAGGACTAAT-1_1_1_1_1	GSE222315_p4_NAT	GSE222315	DF.classifications_0.25_0.3_229	Singlet	pANN_0.25_0.3_229	0.249366447034972
GSE222315_TTAGGGTCACAAATCC-1_1_1_1_1	GSE222315_p4_NAT	GSE222315	DF.classifications_0.25_0.3_229	Singlet	pANN_0.25_0.3_229	0.317790167257983
GSE222315_TTAGGGTCAGTTGAAA-1_1_1_1_1	GSE222315_p4_NAT	GSE222315	DF.classifications_0.25_0.3_229	Singlet	pANN_0.25_0.3_229	0.207805372529143
GSE222315_TTAGGGTGTCCACTTC-1_1_1_1_1	GSE222315_p4_NAT	GSE222315	DF.classifications_0.25_0.3_229	Singlet	pANN_0.25_0.3_229	0.237709072478459
GSE222315_TTAGGGTTCCAAACCA-1_1_1_1_1	GSE222315_p4_NAT	GSE222315	DF.classifications_0.25_0.3_229	Singlet	pANN_0.25_0.3_229	0.196147997972631
GSE222315_TTAGGGTTCCACGTAA-1_1_1_1_1	GSE222315_p4_NAT	GSE222315	DF.classifications_0.25_0.3_229	Doublet	pANN_0.25_0.3_229	0.386213887480993
GSE222315_TTAGTCTAGGAGGCAG-1_1_1_1_1	GSE222315_p4_NAT	GSE222315	DF.classifications_0.25_0.3_229	Singlet	pANN_0.25_0.3_229	0.155093765838824
GSE222315_TTAGTCTAGGAGGGTG-1_1_1_1_1	GSE222315_p4_NAT	GSE222315	DF.classifications_0.25_0.3_229	Doublet	pANN_0.25_0.3_229	0.390775468829194
GSE222315_TTAGTCTAGGTAAGTT-1_1_1_1_1	GSE222315_p4_NAT	GSE222315	DF.classifications_0.25_0.3_229	Singlet	pANN_0.25_0.3_229	0.220983274201723
GSE222315_TTAGTCTCAACAAAGT-1_1_1_1_1	GSE222315_p4_NAT	GSE222315	DF.classifications_0.25_0.3_229	Singlet	pANN_0.25_0.3_229	0.236188545362392
GSE222315_TTAGTCTCAACTAGAA-1_1_1_1_1	GSE222315_p4_NAT	GSE222315	DF.classifications_0.25_0.3_229	Singlet	pANN_0.25_0.3_229	0.256462240243284
GSE222315_TTAGTCTCACGCCAGT-1_1_1_1_1	GSE222315_p4_NAT	GSE222315	DF.classifications_0.25_0.3_229	Singlet	pANN_0.25_0.3_229	0.15864166244298
GSE222315_TTAGTCTCATGTCAGT-1_1_1_1_1	GSE222315_p4_NAT	GSE222315	DF.classifications_0.25_0.3_229	Singlet	pANN_0.25_0.3_229	0.26659908768373
GSE222315_TTAGTCTGTTGTTGTG-1_1_1_1_1	GSE222315_p4_NAT	GSE222315	DF.classifications_0.25_0.3_229	Singlet	pANN_0.25_0.3_229	0.38114546376077
GSE222315_TTAGTCTTCAGCCTCT-1_1_1_1_1	GSE222315_p4_NAT	GSE222315	DF.classifications_0.25_0.3_229	Singlet	pANN_0.25_0.3_229	0.20932589964521
GSE222315_TTAGTCTTCTCGCGTT-1_1_1_1_1	GSE222315_p4_NAT	GSE222315	DF.classifications_0.25_0.3_229	Singlet	pANN_0.25_0.3_229	0.146477445514445
GSE222315_TTATTGCAGATGGCAC-1_1_1_1_1	GSE222315_p4_NAT	GSE222315	DF.classifications_0.25_0.3_229	Singlet	pANN_0.25_0.3_229	0.144450076026356
GSE222315_TTATTGCAGCTTGTTG-1_1_1_1_1	GSE222315_p4_NAT	GSE222315	DF.classifications_0.25_0.3_229	Singlet	pANN_0.25_0.3_229	0.14749113025849
GSE222315_TTATTGCCAGCTGTAT-1_1_1_1_1	GSE222315_p4_NAT	GSE222315	DF.classifications_0.25_0.3_229	Singlet	pANN_0.25_0.3_229	0.252914343639128
GSE222315_TTATTGCGTAACACGG-1_1_1_1_1	GSE222315_p4_NAT	GSE222315	DF.classifications_0.25_0.3_229	Singlet	pANN_0.25_0.3_229	0.258489609731374
GSE222315_TTATTGCGTAACGTTC-1_1_1_1_1	GSE222315_p4_NAT	GSE222315	DF.classifications_0.25_0.3_229	Singlet	pANN_0.25_0.3_229	0.241763811454638
GSE222315_TTATTGCGTCTAGATC-1_1_1_1_1	GSE222315_p4_NAT	GSE222315	DF.classifications_0.25_0.3_229	Singlet	pANN_0.25_0.3_229	0.175874303091738
GSE222315_TTATTGCGTTTCCATT-1_1_1_1_1	GSE222315_p4_NAT	GSE222315	DF.classifications_0.25_0.3_229	Doublet	pANN_0.25_0.3_229	0.391789153573239
GSE222315_TTATTGCTCCACACCT-1_1_1_1_1	GSE222315_p4_NAT	GSE222315	DF.classifications_0.25_0.3_229	Singlet	pANN_0.25_0.3_229	0.200202736948809
GSE222315_TTATTGCTCCACGAAT-1_1_1_1_1	GSE222315_p4_NAT	GSE222315	DF.classifications_0.25_0.3_229	Singlet	pANN_0.25_0.3_229	0.256969082615307
GSE222315_TTATTGCTCTCATTGT-1_1_1_1_1	GSE222315_p4_NAT	GSE222315	DF.classifications_0.25_0.3_229	Singlet	pANN_0.25_0.3_229	0.144956918398378
GSE222315_TTCAATCAGTCTACCA-1_1_1_1_1	GSE222315_p4_NAT	GSE222315	DF.classifications_0.25_0.3_229	Singlet	pANN_0.25_0.3_229	0.198682209832742
GSE222315_TTCAATCGTCGCACAC-1_1_1_1_1	GSE222315_p4_NAT	GSE222315	DF.classifications_0.25_0.3_229	Singlet	pANN_0.25_0.3_229	0.1454637607704
GSE222315_TTCAATCGTTACGCCG-1_1_1_1_1	GSE222315_p4_NAT	GSE222315	DF.classifications_0.25_0.3_229	Singlet	pANN_0.25_0.3_229	0.155093765838824
GSE222315_TTCAATCTCCCTCGAT-1_1_1_1_1	GSE222315_p4_NAT	GSE222315	DF.classifications_0.25_0.3_229	Singlet	pANN_0.25_0.3_229	0.351241763811455
GSE222315_TTCAATCTCCGATGTA-1_1_1_1_1	GSE222315_p4_NAT	GSE222315	DF.classifications_0.25_0.3_229	Singlet	pANN_0.25_0.3_229	0.174353775975672
GSE222315_TTCAATCTCCTACGAA-1_1_1_1_1	GSE222315_p4_NAT	GSE222315	DF.classifications_0.25_0.3_229	Singlet	pANN_0.25_0.3_229	0.243284338570705
GSE222315_TTCACCGAGTCCCGAC-1_1_1_1_1	GSE222315_p4_NAT	GSE222315	DF.classifications_0.25_0.3_229	Singlet	pANN_0.25_0.3_229	0.205271160669032
GSE222315_TTCACCGCAGCGTTTA-1_1_1_1_1	GSE222315_p4_NAT	GSE222315	DF.classifications_0.25_0.3_229	Singlet	pANN_0.25_0.3_229	0.197668525088697
GSE222315_TTCACCGGTTAAACCC-1_1_1_1_1	GSE222315_p4_NAT	GSE222315	DF.classifications_0.25_0.3_229	Singlet	pANN_0.25_0.3_229	0.174353775975672
GSE222315_TTCACCGGTTCCTTGC-1_1_1_1_1	GSE222315_p4_NAT	GSE222315	DF.classifications_0.25_0.3_229	Singlet	pANN_0.25_0.3_229	0.138367967562088
GSE222315_TTCACCGTCTGAATCG-1_1_1_1_1	GSE222315_p4_NAT	GSE222315	DF.classifications_0.25_0.3_229	Singlet	pANN_0.25_0.3_229	0.207805372529143
GSE222315_TTCACCGTCTGAGCAT-1_1_1_1_1	GSE222315_p4_NAT	GSE222315	DF.classifications_0.25_0.3_229	Singlet	pANN_0.25_0.3_229	0.370501773948302
GSE222315_TTCACGCAGTGATGGC-1_1_1_1_1	GSE222315_p4_NAT	GSE222315	DF.classifications_0.25_0.3_229	Singlet	pANN_0.25_0.3_229	0.244804865686771
GSE222315_TTCACGCCATTGAGGG-1_1_1_1_1	GSE222315_p4_NAT	GSE222315	DF.classifications_0.25_0.3_229	Singlet	pANN_0.25_0.3_229	0.245311708058794
GSE222315_TTCACGCGTAGGACCA-1_1_1_1_1	GSE222315_p4_NAT	GSE222315	DF.classifications_0.25_0.3_229	Singlet	pANN_0.25_0.3_229	0.19158641662443
GSE222315_TTCACGCGTCACGCTG-1_1_1_1_1	GSE222315_p4_NAT	GSE222315	DF.classifications_0.25_0.3_229	Singlet	pANN_0.25_0.3_229	0.205271160669032
GSE222315_TTCACGCGTCTCTCAC-1_1_1_1_1	GSE222315_p4_NAT	GSE222315	DF.classifications_0.25_0.3_229	Singlet	pANN_0.25_0.3_229	0.14749113025849
GSE222315_TTCACGCTCTCCGTGT-1_1_1_1_1	GSE222315_p4_NAT	GSE222315	DF.classifications_0.25_0.3_229	Singlet	pANN_0.25_0.3_229	0.161175874303092
GSE222315_TTCACGCTCTTCGATT-1_1_1_1_1	GSE222315_p4_NAT	GSE222315	DF.classifications_0.25_0.3_229	Singlet	pANN_0.25_0.3_229	0.20273694880892
GSE222315_TTCAGGACAGAGGGTT-1_1_1_1_1	GSE222315_p4_NAT	GSE222315	DF.classifications_0.25_0.3_229	Singlet	pANN_0.25_0.3_229	0.253421186011151
GSE222315_TTCAGGACAGTCTCTC-1_1_1_1_1	GSE222315_p4_NAT	GSE222315	DF.classifications_0.25_0.3_229	Singlet	pANN_0.25_0.3_229	0.175874303091738
GSE222315_TTCAGGACAGTTAGAA-1_1_1_1_1	GSE222315_p4_NAT	GSE222315	DF.classifications_0.25_0.3_229	Singlet	pANN_0.25_0.3_229	0.205271160669032
GSE222315_TTCAGGAGTCATGACT-1_1_1_1_1	GSE222315_p4_NAT	GSE222315	DF.classifications_0.25_0.3_229	Singlet	pANN_0.25_0.3_229	0.137354282818044
GSE222315_TTCAGGAGTCGTGATT-1_1_1_1_1	GSE222315_p4_NAT	GSE222315	DF.classifications_0.25_0.3_229	Singlet	pANN_0.25_0.3_229	0.226051697921946
GSE222315_TTCAGGAGTTATGACC-1_1_1_1_1	GSE222315_p4_NAT	GSE222315	DF.classifications_0.25_0.3_229	Singlet	pANN_0.25_0.3_229	0.331474911302585
GSE222315_TTCAGGATCAACTACG-1_1_1_1_1	GSE222315_p4_NAT	GSE222315	DF.classifications_0.25_0.3_229	Singlet	pANN_0.25_0.3_229	0.199695894576787
GSE222315_TTCAGGATCAGGACAG-1_1_1_1_1	GSE222315_p4_NAT	GSE222315	DF.classifications_0.25_0.3_229	Singlet	pANN_0.25_0.3_229	0.350734921439432
GSE222315_TTCAGGATCGCTTGAA-1_1_1_1_1	GSE222315_p4_NAT	GSE222315	DF.classifications_0.25_0.3_229	Singlet	pANN_0.25_0.3_229	0.285352255448556
GSE222315_TTCAGGATCTGTTCAT-1_1_1_1_1	GSE222315_p4_NAT	GSE222315	DF.classifications_0.25_0.3_229	Singlet	pANN_0.25_0.3_229	0.36340598073999
GSE222315_TTCATGTAGGGTACAC-1_1_1_1_1	GSE222315_p4_NAT	GSE222315	DF.classifications_0.25_0.3_229	Singlet	pANN_0.25_0.3_229	0.180435884439939
GSE222315_TTCATGTCAGTCTTCC-1_1_1_1_1	GSE222315_p4_NAT	GSE222315	DF.classifications_0.25_0.3_229	Singlet	pANN_0.25_0.3_229	0.169792194627471
GSE222315_TTCATGTGTGCAATAA-1_1_1_1_1	GSE222315_p4_NAT	GSE222315	DF.classifications_0.25_0.3_229	Singlet	pANN_0.25_0.3_229	0.341611758743031
GSE222315_TTCATTGCACAAGCCC-1_1_1_1_1	GSE222315_p4_NAT	GSE222315	DF.classifications_0.25_0.3_229	Singlet	pANN_0.25_0.3_229	0.309680689305626
GSE222315_TTCATTGCATCACCAA-1_1_1_1_1	GSE222315_p4_NAT	GSE222315	DF.classifications_0.25_0.3_229	Singlet	pANN_0.25_0.3_229	0.201216421692854
GSE222315_TTCATTGGTTCAGGTT-1_1_1_1_1	GSE222315_p4_NAT	GSE222315	DF.classifications_0.25_0.3_229	Singlet	pANN_0.25_0.3_229	0.209832742017233
GSE222315_TTCCAATAGCGTTCAT-1_1_1_1_1	GSE222315_p4_NAT	GSE222315	DF.classifications_0.25_0.3_229	Singlet	pANN_0.25_0.3_229	0.227065382665991
GSE222315_TTCCAATAGGTAACTA-1_1_1_1_1	GSE222315_p4_NAT	GSE222315	DF.classifications_0.25_0.3_229	Singlet	pANN_0.25_0.3_229	0.132285859097821
GSE222315_TTCCAATAGTCATGAA-1_1_1_1_1	GSE222315_p4_NAT	GSE222315	DF.classifications_0.25_0.3_229	Singlet	pANN_0.25_0.3_229	0.127217435377598
GSE222315_TTCCAATAGTTGAAGT-1_1_1_1_1	GSE222315_p4_NAT	GSE222315	DF.classifications_0.25_0.3_229	Singlet	pANN_0.25_0.3_229	0.138367967562088
GSE222315_TTCCAATGTTCCAGGC-1_1_1_1_1	GSE222315_p4_NAT	GSE222315	DF.classifications_0.25_0.3_229	Singlet	pANN_0.25_0.3_229	0.285352255448556
GSE222315_TTCCAATGTTCGTAAC-1_1_1_1_1	GSE222315_p4_NAT	GSE222315	DF.classifications_0.25_0.3_229	Singlet	pANN_0.25_0.3_229	0.204257475924987
GSE222315_TTCCAATTCGCTTTAT-1_1_1_1_1	GSE222315_p4_NAT	GSE222315	DF.classifications_0.25_0.3_229	Singlet	pANN_0.25_0.3_229	0.232133806386214
GSE222315_TTCCACGAGATGAACT-1_1_1_1_1	GSE222315_p4_NAT	GSE222315	DF.classifications_0.25_0.3_229	Singlet	pANN_0.25_0.3_229	0.236695387734415
GSE222315_TTCCACGAGCTGACTT-1_1_1_1_1	GSE222315_p4_NAT	GSE222315	DF.classifications_0.25_0.3_229	Singlet	pANN_0.25_0.3_229	0.343132285859098
GSE222315_TTCCACGAGGTAAGGA-1_1_1_1_1	GSE222315_p4_NAT	GSE222315	DF.classifications_0.25_0.3_229	Singlet	pANN_0.25_0.3_229	0.367460719716168
GSE222315_TTCCACGAGTGACACG-1_1_1_1_1	GSE222315_p4_NAT	GSE222315	DF.classifications_0.25_0.3_229	Singlet	pANN_0.25_0.3_229	0.132792701469843
GSE222315_TTCCACGCACCCTAAA-1_1_1_1_1	GSE222315_p4_NAT	GSE222315	DF.classifications_0.25_0.3_229	Singlet	pANN_0.25_0.3_229	0.244298023314749
GSE222315_TTCCACGCACTGTCGG-1_1_1_1_1	GSE222315_p4_NAT	GSE222315	DF.classifications_0.25_0.3_229	Singlet	pANN_0.25_0.3_229	0.349214394323365
GSE222315_TTCCACGGTCGTTGCG-1_1_1_1_1	GSE222315_p4_NAT	GSE222315	DF.classifications_0.25_0.3_229	Doublet	pANN_0.25_0.3_229	0.386213887480993
GSE222315_TTCCACGGTTTCCATT-1_1_1_1_1	GSE222315_p4_NAT	GSE222315	DF.classifications_0.25_0.3_229	Singlet	pANN_0.25_0.3_229	0.361378611251901
GSE222315_TTCCGGTAGCACGTCC-1_1_1_1_1	GSE222315_p4_NAT	GSE222315	DF.classifications_0.25_0.3_229	Singlet	pANN_0.25_0.3_229	0.220476431829701
GSE222315_TTCCGGTCAACAAGAT-1_1_1_1_1	GSE222315_p4_NAT	GSE222315	DF.classifications_0.25_0.3_229	Singlet	pANN_0.25_0.3_229	0.20476431829701
GSE222315_TTCCGGTCAACACTAC-1_1_1_1_1	GSE222315_p4_NAT	GSE222315	DF.classifications_0.25_0.3_229	Singlet	pANN_0.25_0.3_229	0.123162696401419
GSE222315_TTCCGGTGTACCCAGC-1_1_1_1_1	GSE222315_p4_NAT	GSE222315	DF.classifications_0.25_0.3_229	Singlet	pANN_0.25_0.3_229	0.361885453623923
GSE222315_TTCCGGTGTGCAATAA-1_1_1_1_1	GSE222315_p4_NAT	GSE222315	DF.classifications_0.25_0.3_229	Singlet	pANN_0.25_0.3_229	0.196654840344653
GSE222315_TTCCGGTGTTCGGCCA-1_1_1_1_1	GSE222315_p4_NAT	GSE222315	DF.classifications_0.25_0.3_229	Singlet	pANN_0.25_0.3_229	0.210846426761277
GSE222315_TTCCGGTTCGTCCATC-1_1_1_1_1	GSE222315_p4_NAT	GSE222315	DF.classifications_0.25_0.3_229	Singlet	pANN_0.25_0.3_229	0.186517992904207
GSE222315_TTCCGTGAGATGCAGC-1_1_1_1_1	GSE222315_p4_NAT	GSE222315	DF.classifications_0.25_0.3_229	Singlet	pANN_0.25_0.3_229	0.200709579320831
GSE222315_TTCCGTGAGCATCAGG-1_1_1_1_1	GSE222315_p4_NAT	GSE222315	DF.classifications_0.25_0.3_229	Singlet	pANN_0.25_0.3_229	0.195641155600608
GSE222315_TTCCGTGAGGTTGCCC-1_1_1_1_1	GSE222315_p4_NAT	GSE222315	DF.classifications_0.25_0.3_229	Singlet	pANN_0.25_0.3_229	0.254434870755195
GSE222315_TTCCGTGCACTGTCCT-1_1_1_1_1	GSE222315_p4_NAT	GSE222315	DF.classifications_0.25_0.3_229	Singlet	pANN_0.25_0.3_229	0.168778509883426
GSE222315_TTCCGTGCAGCCTATA-1_1_1_1_1	GSE222315_p4_NAT	GSE222315	DF.classifications_0.25_0.3_229	Singlet	pANN_0.25_0.3_229	0.179422199695895
GSE222315_TTCCGTGGTAGAGATT-1_1_1_1_1	GSE222315_p4_NAT	GSE222315	DF.classifications_0.25_0.3_229	Singlet	pANN_0.25_0.3_229	0.167257982767359
GSE222315_TTCCGTGTCCGCGATG-1_1_1_1_1	GSE222315_p4_NAT	GSE222315	DF.classifications_0.25_0.3_229	Singlet	pANN_0.25_0.3_229	0.184490623416118
GSE222315_TTCCGTGTCTTTGCTA-1_1_1_1_1	GSE222315_p4_NAT	GSE222315	DF.classifications_0.25_0.3_229	Singlet	pANN_0.25_0.3_229	0.186517992904207
GSE222315_TTCCTAAAGCCTCCAG-1_1_1_1_1	GSE222315_p4_NAT	GSE222315	DF.classifications_0.25_0.3_229	Doublet	pANN_0.25_0.3_229	0.397871262037506
GSE222315_TTCCTAAAGGGTCAAC-1_1_1_1_1	GSE222315_p4_NAT	GSE222315	DF.classifications_0.25_0.3_229	Singlet	pANN_0.25_0.3_229	0.2113532691333
GSE222315_TTCCTAAAGGTCACAG-1_1_1_1_1	GSE222315_p4_NAT	GSE222315	DF.classifications_0.25_0.3_229	Singlet	pANN_0.25_0.3_229	0.159655347187025
GSE222315_TTCCTAAGTACGAGTG-1_1_1_1_1	GSE222315_p4_NAT	GSE222315	DF.classifications_0.25_0.3_229	Singlet	pANN_0.25_0.3_229	0.191079574252408
GSE222315_TTCCTAAGTCTACTGA-1_1_1_1_1	GSE222315_p4_NAT	GSE222315	DF.classifications_0.25_0.3_229	Singlet	pANN_0.25_0.3_229	0.220476431829701
GSE222315_TTCCTAATCCAACCGG-1_1_1_1_1	GSE222315_p4_NAT	GSE222315	DF.classifications_0.25_0.3_229	Singlet	pANN_0.25_0.3_229	0.138367967562088
GSE222315_TTCCTCTAGACTAAGT-1_1_1_1_1	GSE222315_p4_NAT	GSE222315	DF.classifications_0.25_0.3_229	Singlet	pANN_0.25_0.3_229	0.127217435377598
GSE222315_TTCCTCTAGAGTCTGG-1_1_1_1_1	GSE222315_p4_NAT	GSE222315	DF.classifications_0.25_0.3_229	Singlet	pANN_0.25_0.3_229	0.214901165737456
GSE222315_TTCCTCTAGTGTAGTA-1_1_1_1_1	GSE222315_p4_NAT	GSE222315	DF.classifications_0.25_0.3_229	Singlet	pANN_0.25_0.3_229	0.195641155600608
GSE222315_TTCCTCTCAACTCGTA-1_1_1_1_1	GSE222315_p4_NAT	GSE222315	DF.classifications_0.25_0.3_229	Singlet	pANN_0.25_0.3_229	0.236695387734415
GSE222315_TTCCTCTCAGACTGCC-1_1_1_1_1	GSE222315_p4_NAT	GSE222315	DF.classifications_0.25_0.3_229	Singlet	pANN_0.25_0.3_229	0.13431322858591
GSE222315_TTCCTCTCAGCTCTGG-1_1_1_1_1	GSE222315_p4_NAT	GSE222315	DF.classifications_0.25_0.3_229	Singlet	pANN_0.25_0.3_229	0.138367967562088
GSE222315_TTCCTTCAGAGCAGTC-1_1_1_1_1	GSE222315_p4_NAT	GSE222315	DF.classifications_0.25_0.3_229	Singlet	pANN_0.25_0.3_229	0.370501773948302
GSE222315_TTCCTTCGTAGGATAT-1_1_1_1_1	GSE222315_p4_NAT	GSE222315	DF.classifications_0.25_0.3_229	Singlet	pANN_0.25_0.3_229	0.220476431829701
GSE222315_TTCCTTCGTGGCTTAT-1_1_1_1_1	GSE222315_p4_NAT	GSE222315	DF.classifications_0.25_0.3_229	Singlet	pANN_0.25_0.3_229	0.143436391282311
GSE222315_TTCCTTCTCCTGGGAC-1_1_1_1_1	GSE222315_p4_NAT	GSE222315	DF.classifications_0.25_0.3_229	Singlet	pANN_0.25_0.3_229	0.12113532691333
GSE222315_TTCGATTAGCCTCACG-1_1_1_1_1	GSE222315_p4_NAT	GSE222315	DF.classifications_0.25_0.3_229	Singlet	pANN_0.25_0.3_229	0.175367460719716
GSE222315_TTCGATTCACCTGTCT-1_1_1_1_1	GSE222315_p4_NAT	GSE222315	DF.classifications_0.25_0.3_229	Singlet	pANN_0.25_0.3_229	0.385200202736949
GSE222315_TTCGATTTCGCTGATA-1_1_1_1_1	GSE222315_p4_NAT	GSE222315	DF.classifications_0.25_0.3_229	Singlet	pANN_0.25_0.3_229	0.193106943740497
GSE222315_TTCGATTTCTCTTAAC-1_1_1_1_1	GSE222315_p4_NAT	GSE222315	DF.classifications_0.25_0.3_229	Singlet	pANN_0.25_0.3_229	0.196654840344653
GSE222315_TTCGCTGAGGCACCAA-1_1_1_1_1	GSE222315_p4_NAT	GSE222315	DF.classifications_0.25_0.3_229	Singlet	pANN_0.25_0.3_229	0.359858084135834
GSE222315_TTCGCTGAGGTATAGT-1_1_1_1_1	GSE222315_p4_NAT	GSE222315	DF.classifications_0.25_0.3_229	Singlet	pANN_0.25_0.3_229	0.263558033451597
GSE222315_TTCGGTCAGCAGCGAT-1_1_1_1_1	GSE222315_p4_NAT	GSE222315	DF.classifications_0.25_0.3_229	Singlet	pANN_0.25_0.3_229	0.34363912823112
GSE222315_TTCGGTCAGTACTGGG-1_1_1_1_1	GSE222315_p4_NAT	GSE222315	DF.classifications_0.25_0.3_229	Singlet	pANN_0.25_0.3_229	0.199695894576787
GSE222315_TTCGGTCAGTCGTCTA-1_1_1_1_1	GSE222315_p4_NAT	GSE222315	DF.classifications_0.25_0.3_229	Singlet	pANN_0.25_0.3_229	0.150025342118601
GSE222315_TTCGGTCCACAACGAG-1_1_1_1_1	GSE222315_p4_NAT	GSE222315	DF.classifications_0.25_0.3_229	Singlet	pANN_0.25_0.3_229	0.349214394323365
GSE222315_TTCGGTCCAGAGGTAC-1_1_1_1_1	GSE222315_p4_NAT	GSE222315	DF.classifications_0.25_0.3_229	Singlet	pANN_0.25_0.3_229	0.244804865686771
GSE222315_TTCGGTCCATGGATCT-1_1_1_1_1	GSE222315_p4_NAT	GSE222315	DF.classifications_0.25_0.3_229	Singlet	pANN_0.25_0.3_229	0.123669538773441
GSE222315_TTCGGTCGTTCTCAGA-1_1_1_1_1	GSE222315_p4_NAT	GSE222315	DF.classifications_0.25_0.3_229	Singlet	pANN_0.25_0.3_229	0.167257982767359
GSE222315_TTCGGTCGTTGTGGCC-1_1_1_1_1	GSE222315_p4_NAT	GSE222315	DF.classifications_0.25_0.3_229	Singlet	pANN_0.25_0.3_229	0.203750633552965
GSE222315_TTCGGTCTCTCACCCA-1_1_1_1_1	GSE222315_p4_NAT	GSE222315	DF.classifications_0.25_0.3_229	Singlet	pANN_0.25_0.3_229	0.359858084135834
GSE222315_TTCTAACAGAGGGTAA-1_1_1_1_1	GSE222315_p4_NAT	GSE222315	DF.classifications_0.25_0.3_229	Singlet	pANN_0.25_0.3_229	0.187531677648251
GSE222315_TTCTAACAGCGATGAC-1_1_1_1_1	GSE222315_p4_NAT	GSE222315	DF.classifications_0.25_0.3_229	Singlet	pANN_0.25_0.3_229	0.270653826659909
GSE222315_TTCTAACGTACGCGTC-1_1_1_1_1	GSE222315_p4_NAT	GSE222315	DF.classifications_0.25_0.3_229	Singlet	pANN_0.25_0.3_229	0.249873289406994
GSE222315_TTCTAACGTAGAGATT-1_1_1_1_1	GSE222315_p4_NAT	GSE222315	DF.classifications_0.25_0.3_229	Doublet	pANN_0.25_0.3_229	0.389254941713127
GSE222315_TTCTAACGTGTTCCAA-1_1_1_1_1	GSE222315_p4_NAT	GSE222315	DF.classifications_0.25_0.3_229	Singlet	pANN_0.25_0.3_229	0.204257475924987
GSE222315_TTCTAACTCCCGAACG-1_1_1_1_1	GSE222315_p4_NAT	GSE222315	DF.classifications_0.25_0.3_229	Singlet	pANN_0.25_0.3_229	0.381652306132793
GSE222315_TTCTAACTCTAAGCGT-1_1_1_1_1	GSE222315_p4_NAT	GSE222315	DF.classifications_0.25_0.3_229	Singlet	pANN_0.25_0.3_229	0.186517992904207
GSE222315_TTCTAGTGTATGTCAC-1_1_1_1_1	GSE222315_p4_NAT	GSE222315	DF.classifications_0.25_0.3_229	Singlet	pANN_0.25_0.3_229	0.173846933603649
GSE222315_TTCTAGTGTTCGGCTG-1_1_1_1_1	GSE222315_p4_NAT	GSE222315	DF.classifications_0.25_0.3_229	Singlet	pANN_0.25_0.3_229	0.258489609731374
GSE222315_TTCTAGTTCGCTTGCT-1_1_1_1_1	GSE222315_p4_NAT	GSE222315	DF.classifications_0.25_0.3_229	Singlet	pANN_0.25_0.3_229	0.238722757222504
GSE222315_TTCTCTCAGAGGATCC-1_1_1_1_1	GSE222315_p4_NAT	GSE222315	DF.classifications_0.25_0.3_229	Singlet	pANN_0.25_0.3_229	0.203243791180943
GSE222315_TTCTCTCAGAGGCGGA-1_1_1_1_1	GSE222315_p4_NAT	GSE222315	DF.classifications_0.25_0.3_229	Singlet	pANN_0.25_0.3_229	0.203243791180943
GSE222315_TTCTCTCAGTGGTCAG-1_1_1_1_1	GSE222315_p4_NAT	GSE222315	DF.classifications_0.25_0.3_229	Doublet	pANN_0.25_0.3_229	0.388748099341105
GSE222315_TTCTCTCCAAGCGGAT-1_1_1_1_1	GSE222315_p4_NAT	GSE222315	DF.classifications_0.25_0.3_229	Singlet	pANN_0.25_0.3_229	0.217942219969589
GSE222315_TTCTCTCCACAGCGCT-1_1_1_1_1	GSE222315_p4_NAT	GSE222315	DF.classifications_0.25_0.3_229	Singlet	pANN_0.25_0.3_229	0.253928028383173
GSE222315_TTCTCTCCATGACTGT-1_1_1_1_1	GSE222315_p4_NAT	GSE222315	DF.classifications_0.25_0.3_229	Singlet	pANN_0.25_0.3_229	0.122149011657375
GSE222315_TTCTCTCCATTACTCT-1_1_1_1_1	GSE222315_p4_NAT	GSE222315	DF.classifications_0.25_0.3_229	Singlet	pANN_0.25_0.3_229	0.269133299543842
GSE222315_TTCTCTCTCGAGTCTA-1_1_1_1_1	GSE222315_p4_NAT	GSE222315	DF.classifications_0.25_0.3_229	Singlet	pANN_0.25_0.3_229	0.214394323365433
GSE222315_TTCTCTCTCGCTGTTC-1_1_1_1_1	GSE222315_p4_NAT	GSE222315	DF.classifications_0.25_0.3_229	Singlet	pANN_0.25_0.3_229	0.13431322858591
GSE222315_TTCTGTAAGCATCAAA-1_1_1_1_1	GSE222315_p4_NAT	GSE222315	DF.classifications_0.25_0.3_229	Singlet	pANN_0.25_0.3_229	0.272174353775976
GSE222315_TTCTGTAAGCATTGTC-1_1_1_1_1	GSE222315_p4_NAT	GSE222315	DF.classifications_0.25_0.3_229	Singlet	pANN_0.25_0.3_229	0.187531677648251
GSE222315_TTCTGTAAGGGAGGGT-1_1_1_1_1	GSE222315_p4_NAT	GSE222315	DF.classifications_0.25_0.3_229	Singlet	pANN_0.25_0.3_229	0.238215914850481
GSE222315_TTCTGTAAGTATAGGT-1_1_1_1_1	GSE222315_p4_NAT	GSE222315	DF.classifications_0.25_0.3_229	Singlet	pANN_0.25_0.3_229	0.26659908768373
GSE222315_TTCTGTACACGACGAA-1_1_1_1_1	GSE222315_p4_NAT	GSE222315	DF.classifications_0.25_0.3_229	Singlet	pANN_0.25_0.3_229	0.197161682716675
GSE222315_TTCTGTACATAAGATG-1_1_1_1_1	GSE222315_p4_NAT	GSE222315	DF.classifications_0.25_0.3_229	Singlet	pANN_0.25_0.3_229	0.161175874303092
GSE222315_TTCTGTAGTAGTCTGT-1_1_1_1_1	GSE222315_p4_NAT	GSE222315	DF.classifications_0.25_0.3_229	Singlet	pANN_0.25_0.3_229	0.373542828180436
GSE222315_TTCTGTATCCTACGGG-1_1_1_1_1	GSE222315_p4_NAT	GSE222315	DF.classifications_0.25_0.3_229	Singlet	pANN_0.25_0.3_229	0.252914343639128
GSE222315_TTCTGTATCTTTACAC-1_1_1_1_1	GSE222315_p4_NAT	GSE222315	DF.classifications_0.25_0.3_229	Singlet	pANN_0.25_0.3_229	0.336543335022808
GSE222315_TTCTTCCAGCCTCTCT-1_1_1_1_1	GSE222315_p4_NAT	GSE222315	DF.classifications_0.25_0.3_229	Singlet	pANN_0.25_0.3_229	0.131779016725798
GSE222315_TTCTTCCAGGGTCTTT-1_1_1_1_1	GSE222315_p4_NAT	GSE222315	DF.classifications_0.25_0.3_229	Singlet	pANN_0.25_0.3_229	0.167764825139382
GSE222315_TTCTTCCCAGAGTCTT-1_1_1_1_1	GSE222315_p4_NAT	GSE222315	DF.classifications_0.25_0.3_229	Singlet	pANN_0.25_0.3_229	0.233654333502281
GSE222315_TTCTTCCCATGACAAA-1_1_1_1_1	GSE222315_p4_NAT	GSE222315	DF.classifications_0.25_0.3_229	Singlet	pANN_0.25_0.3_229	0.232133806386214
GSE222315_TTCTTCCGTACTCGCG-1_1_1_1_1	GSE222315_p4_NAT	GSE222315	DF.classifications_0.25_0.3_229	Singlet	pANN_0.25_0.3_229	0.143436391282311
GSE222315_TTCTTCCGTCCGGTCA-1_1_1_1_1	GSE222315_p4_NAT	GSE222315	DF.classifications_0.25_0.3_229	Doublet	pANN_0.25_0.3_229	0.414597060314242
GSE222315_TTCTTCCGTTACCTGA-1_1_1_1_1	GSE222315_p4_NAT	GSE222315	DF.classifications_0.25_0.3_229	Singlet	pANN_0.25_0.3_229	0.18499746578814
GSE222315_TTCTTGAAGTACCGGA-1_1_1_1_1	GSE222315_p4_NAT	GSE222315	DF.classifications_0.25_0.3_229	Singlet	pANN_0.25_0.3_229	0.239229599594526
GSE222315_TTCTTGACAAGAGTGC-1_1_1_1_1	GSE222315_p4_NAT	GSE222315	DF.classifications_0.25_0.3_229	Singlet	pANN_0.25_0.3_229	0.13887480993411
GSE222315_TTCTTGACATGCGTGC-1_1_1_1_1	GSE222315_p4_NAT	GSE222315	DF.classifications_0.25_0.3_229	Singlet	pANN_0.25_0.3_229	0.237709072478459
GSE222315_TTCTTGAGTAGACGTG-1_1_1_1_1	GSE222315_p4_NAT	GSE222315	DF.classifications_0.25_0.3_229	Singlet	pANN_0.25_0.3_229	0.146984287886467
GSE222315_TTCTTGAGTGATACAA-1_1_1_1_1	GSE222315_p4_NAT	GSE222315	DF.classifications_0.25_0.3_229	Singlet	pANN_0.25_0.3_229	0.254941713127217
GSE222315_TTCTTGATCCTTATAC-1_1_1_1_1	GSE222315_p4_NAT	GSE222315	DF.classifications_0.25_0.3_229	Doublet	pANN_0.25_0.3_229	0.392802838317283
GSE222315_TTGAACGAGATGACAT-1_1_1_1_1	GSE222315_p4_NAT	GSE222315	DF.classifications_0.25_0.3_229	Singlet	pANN_0.25_0.3_229	0.262544348707552
GSE222315_TTGAACGTCGTTCATT-1_1_1_1_1	GSE222315_p4_NAT	GSE222315	DF.classifications_0.25_0.3_229	Singlet	pANN_0.25_0.3_229	0.171312721743538
GSE222315_TTGACCCAGCATGGGT-1_1_1_1_1	GSE222315_p4_NAT	GSE222315	DF.classifications_0.25_0.3_229	Singlet	pANN_0.25_0.3_229	0.220983274201723
GSE222315_TTGACCCAGCCAGTAG-1_1_1_1_1	GSE222315_p4_NAT	GSE222315	DF.classifications_0.25_0.3_229	Singlet	pANN_0.25_0.3_229	0.287379624936645
GSE222315_TTGACCCAGCTGTTAC-1_1_1_1_1	GSE222315_p4_NAT	GSE222315	DF.classifications_0.25_0.3_229	Singlet	pANN_0.25_0.3_229	0.316269640141916
GSE222315_TTGACCCTCATTCTTG-1_1_1_1_1	GSE222315_p4_NAT	GSE222315	DF.classifications_0.25_0.3_229	Singlet	pANN_0.25_0.3_229	0.300050684237202
GSE222315_TTGACCCTCTAGTGAC-1_1_1_1_1	GSE222315_p4_NAT	GSE222315	DF.classifications_0.25_0.3_229	Singlet	pANN_0.25_0.3_229	0.228585909782058
GSE222315_TTGACCCTCTATACGG-1_1_1_1_1	GSE222315_p4_NAT	GSE222315	DF.classifications_0.25_0.3_229	Singlet	pANN_0.25_0.3_229	0.215408008109478
GSE222315_TTGAGTGAGTTGGCTT-1_1_1_1_1	GSE222315_p4_NAT	GSE222315	DF.classifications_0.25_0.3_229	Singlet	pANN_0.25_0.3_229	0.227065382665991
GSE222315_TTGAGTGCAGAGAGGG-1_1_1_1_1	GSE222315_p4_NAT	GSE222315	DF.classifications_0.25_0.3_229	Singlet	pANN_0.25_0.3_229	0.348707551951343
GSE222315_TTGAGTGCATGGCGCT-1_1_1_1_1	GSE222315_p4_NAT	GSE222315	DF.classifications_0.25_0.3_229	Singlet	pANN_0.25_0.3_229	0.246832235174861
GSE222315_TTGAGTGGTAGCTTGT-1_1_1_1_1	GSE222315_p4_NAT	GSE222315	DF.classifications_0.25_0.3_229	Singlet	pANN_0.25_0.3_229	0.166751140395337
GSE222315_TTGAGTGTCGCCGATG-1_1_1_1_1	GSE222315_p4_NAT	GSE222315	DF.classifications_0.25_0.3_229	Singlet	pANN_0.25_0.3_229	0.380638621388748
GSE222315_TTGATGGAGGAGGCAG-1_1_1_1_1	GSE222315_p4_NAT	GSE222315	DF.classifications_0.25_0.3_229	Singlet	pANN_0.25_0.3_229	0.186011150532184
GSE222315_TTGATGGAGTAGCCAG-1_1_1_1_1	GSE222315_p4_NAT	GSE222315	DF.classifications_0.25_0.3_229	Doublet	pANN_0.25_0.3_229	0.389254941713127
GSE222315_TTGATGGCAAATGAAC-1_1_1_1_1	GSE222315_p4_NAT	GSE222315	DF.classifications_0.25_0.3_229	Singlet	pANN_0.25_0.3_229	0.353269133299544
GSE222315_TTGATGGTCCAAGGGA-1_1_1_1_1	GSE222315_p4_NAT	GSE222315	DF.classifications_0.25_0.3_229	Singlet	pANN_0.25_0.3_229	0.296502787633046
GSE222315_TTGATGGTCTTCCCGA-1_1_1_1_1	GSE222315_p4_NAT	GSE222315	DF.classifications_0.25_0.3_229	Singlet	pANN_0.25_0.3_229	0.170805879371515
GSE222315_TTGCATTAGAAGCCTG-1_1_1_1_1	GSE222315_p4_NAT	GSE222315	DF.classifications_0.25_0.3_229	Singlet	pANN_0.25_0.3_229	0.150532184490623
GSE222315_TTGCATTTCTTTGCTA-1_1_1_1_1	GSE222315_p4_NAT	GSE222315	DF.classifications_0.25_0.3_229	Singlet	pANN_0.25_0.3_229	0.175874303091738
GSE222315_TTGCCTGCACAGTGAG-1_1_1_1_1	GSE222315_p4_NAT	GSE222315	DF.classifications_0.25_0.3_229	Singlet	pANN_0.25_0.3_229	0.217435377597567
GSE222315_TTGCCTGCATGTTCGA-1_1_1_1_1	GSE222315_p4_NAT	GSE222315	DF.classifications_0.25_0.3_229	Singlet	pANN_0.25_0.3_229	0.188038520020274
GSE222315_TTGCCTGGTAGGAGTC-1_1_1_1_1	GSE222315_p4_NAT	GSE222315	DF.classifications_0.25_0.3_229	Singlet	pANN_0.25_0.3_229	0.371515458692347
GSE222315_TTGCCTGGTTAATGAG-1_1_1_1_1	GSE222315_p4_NAT	GSE222315	DF.classifications_0.25_0.3_229	Singlet	pANN_0.25_0.3_229	0.239736441966548
GSE222315_TTGCGTCAGGATTTGA-1_1_1_1_1	GSE222315_p4_NAT	GSE222315	DF.classifications_0.25_0.3_229	Singlet	pANN_0.25_0.3_229	0.381652306132793
GSE222315_TTGCGTCAGGGAGTTC-1_1_1_1_1	GSE222315_p4_NAT	GSE222315	DF.classifications_0.25_0.3_229	Singlet	pANN_0.25_0.3_229	0.19158641662443
GSE222315_TTGCGTCAGTGTACAA-1_1_1_1_1	GSE222315_p4_NAT	GSE222315	DF.classifications_0.25_0.3_229	Singlet	pANN_0.25_0.3_229	0.16523061327927
GSE222315_TTGCGTCCAGCCTTCT-1_1_1_1_1	GSE222315_p4_NAT	GSE222315	DF.classifications_0.25_0.3_229	Singlet	pANN_0.25_0.3_229	0.367967562088191
GSE222315_TTGCGTCGTCGCGTTG-1_1_1_1_1	GSE222315_p4_NAT	GSE222315	DF.classifications_0.25_0.3_229	Singlet	pANN_0.25_0.3_229	0.24227065382666
GSE222315_TTGCGTCTCTAGTCAG-1_1_1_1_1	GSE222315_p4_NAT	GSE222315	DF.classifications_0.25_0.3_229	Singlet	pANN_0.25_0.3_229	0.189052204764318
GSE222315_TTGCGTCTCTGTCCCA-1_1_1_1_1	GSE222315_p4_NAT	GSE222315	DF.classifications_0.25_0.3_229	Singlet	pANN_0.25_0.3_229	0.1454637607704
GSE222315_TTGCTGCAGAGTATAC-1_1_1_1_1	GSE222315_p4_NAT	GSE222315	DF.classifications_0.25_0.3_229	Singlet	pANN_0.25_0.3_229	0.176887987835783
GSE222315_TTGCTGCAGAGTTGAT-1_1_1_1_1	GSE222315_p4_NAT	GSE222315	DF.classifications_0.25_0.3_229	Singlet	pANN_0.25_0.3_229	0.252407501267106
GSE222315_TTGCTGCAGCCGATTT-1_1_1_1_1	GSE222315_p4_NAT	GSE222315	DF.classifications_0.25_0.3_229	Singlet	pANN_0.25_0.3_229	0.184490623416118
GSE222315_TTGCTGCCAACCGCCA-1_1_1_1_1	GSE222315_p4_NAT	GSE222315	DF.classifications_0.25_0.3_229	Singlet	pANN_0.25_0.3_229	0.25544855549924
GSE222315_TTGCTGCCACATGAAA-1_1_1_1_1	GSE222315_p4_NAT	GSE222315	DF.classifications_0.25_0.3_229	Singlet	pANN_0.25_0.3_229	0.160669031931069
GSE222315_TTGCTGCCACCAGTAT-1_1_1_1_1	GSE222315_p4_NAT	GSE222315	DF.classifications_0.25_0.3_229	Singlet	pANN_0.25_0.3_229	0.240243284338571
GSE222315_TTGCTGCCATAGATGA-1_1_1_1_1	GSE222315_p4_NAT	GSE222315	DF.classifications_0.25_0.3_229	Singlet	pANN_0.25_0.3_229	0.169285352255449
GSE222315_TTGCTGCGTATGAAAC-1_1_1_1_1	GSE222315_p4_NAT	GSE222315	DF.classifications_0.25_0.3_229	Singlet	pANN_0.25_0.3_229	0.203243791180943
GSE222315_TTGCTGCGTCTACAAC-1_1_1_1_1	GSE222315_p4_NAT	GSE222315	DF.classifications_0.25_0.3_229	Singlet	pANN_0.25_0.3_229	0.156107450582869
GSE222315_TTGCTGCTCATACGAC-1_1_1_1_1	GSE222315_p4_NAT	GSE222315	DF.classifications_0.25_0.3_229	Singlet	pANN_0.25_0.3_229	0.132285859097821
GSE222315_TTGGATGAGGAACTCG-1_1_1_1_1	GSE222315_p4_NAT	GSE222315	DF.classifications_0.25_0.3_229	Singlet	pANN_0.25_0.3_229	0.292448048656868
GSE222315_TTGGATGCAGGAGACT-1_1_1_1_1	GSE222315_p4_NAT	GSE222315	DF.classifications_0.25_0.3_229	Singlet	pANN_0.25_0.3_229	0.213887480993411
GSE222315_TTGGATGCATTGCCGG-1_1_1_1_1	GSE222315_p4_NAT	GSE222315	DF.classifications_0.25_0.3_229	Singlet	pANN_0.25_0.3_229	0.203243791180943
GSE222315_TTGGGATAGATTGACA-1_1_1_1_1	GSE222315_p4_NAT	GSE222315	DF.classifications_0.25_0.3_229	Singlet	pANN_0.25_0.3_229	0.308160162189559
GSE222315_TTGGGATAGGAGTCTG-1_1_1_1_1	GSE222315_p4_NAT	GSE222315	DF.classifications_0.25_0.3_229	Singlet	pANN_0.25_0.3_229	0.181449569183984
GSE222315_TTGGGATCATGGGTTT-1_1_1_1_1	GSE222315_p4_NAT	GSE222315	DF.classifications_0.25_0.3_229	Singlet	pANN_0.25_0.3_229	0.195641155600608
GSE222315_TTGGGATGTACGCTAT-1_1_1_1_1	GSE222315_p4_NAT	GSE222315	DF.classifications_0.25_0.3_229	Singlet	pANN_0.25_0.3_229	0.239736441966548
GSE222315_TTGGGATTCAAAGAAC-1_1_1_1_1	GSE222315_p4_NAT	GSE222315	DF.classifications_0.25_0.3_229	Singlet	pANN_0.25_0.3_229	0.226051697921946
GSE222315_TTGGGATTCGTTCTGC-1_1_1_1_1	GSE222315_p4_NAT	GSE222315	DF.classifications_0.25_0.3_229	Singlet	pANN_0.25_0.3_229	0.183476938672073
GSE222315_TTGGGCGGTAAGTAGT-1_1_1_1_1	GSE222315_p4_NAT	GSE222315	DF.classifications_0.25_0.3_229	Doublet	pANN_0.25_0.3_229	0.393816523061328
GSE222315_TTGGGCGGTCCCACGA-1_1_1_1_1	GSE222315_p4_NAT	GSE222315	DF.classifications_0.25_0.3_229	Singlet	pANN_0.25_0.3_229	0.15864166244298
GSE222315_TTGGGCGGTCTTAGTG-1_1_1_1_1	GSE222315_p4_NAT	GSE222315	DF.classifications_0.25_0.3_229	Singlet	pANN_0.25_0.3_229	0.225038013177902
GSE222315_TTGGGCGGTTCTGAGT-1_1_1_1_1	GSE222315_p4_NAT	GSE222315	DF.classifications_0.25_0.3_229	Singlet	pANN_0.25_0.3_229	0.229599594526102
GSE222315_TTGGGTAAGAGAGGTA-1_1_1_1_1	GSE222315_p4_NAT	GSE222315	DF.classifications_0.25_0.3_229	Singlet	pANN_0.25_0.3_229	0.375063355296503
GSE222315_TTGGGTAAGTCTTCGA-1_1_1_1_1	GSE222315_p4_NAT	GSE222315	DF.classifications_0.25_0.3_229	Singlet	pANN_0.25_0.3_229	0.214901165737456
GSE222315_TTGGGTACAGAATGTA-1_1_1_1_1	GSE222315_p4_NAT	GSE222315	DF.classifications_0.25_0.3_229	Singlet	pANN_0.25_0.3_229	0.252914343639128
GSE222315_TTGGGTACATCTCAAG-1_1_1_1_1	GSE222315_p4_NAT	GSE222315	DF.classifications_0.25_0.3_229	Singlet	pANN_0.25_0.3_229	0.19158641662443
GSE222315_TTGGGTAGTGCTGATT-1_1_1_1_1	GSE222315_p4_NAT	GSE222315	DF.classifications_0.25_0.3_229	Singlet	pANN_0.25_0.3_229	0.17840851495185
GSE222315_TTGGGTATCCACCCTA-1_1_1_1_1	GSE222315_p4_NAT	GSE222315	DF.classifications_0.25_0.3_229	Singlet	pANN_0.25_0.3_229	0.216928535225545
GSE222315_TTGGGTATCTTACGTT-1_1_1_1_1	GSE222315_p4_NAT	GSE222315	DF.classifications_0.25_0.3_229	Singlet	pANN_0.25_0.3_229	0.206791687785099
GSE222315_TTGGTTTAGACCAGAC-1_1_1_1_1	GSE222315_p4_NAT	GSE222315	DF.classifications_0.25_0.3_229	Singlet	pANN_0.25_0.3_229	0.281297516472377
GSE222315_TTGGTTTAGGAAAGTG-1_1_1_1_1	GSE222315_p4_NAT	GSE222315	DF.classifications_0.25_0.3_229	Singlet	pANN_0.25_0.3_229	0.133299543841865
GSE222315_TTGGTTTGTATTTCCT-1_1_1_1_1	GSE222315_p4_NAT	GSE222315	DF.classifications_0.25_0.3_229	Singlet	pANN_0.25_0.3_229	0.271667511403953
GSE222315_TTGGTTTGTCGAATGG-1_1_1_1_1	GSE222315_p4_NAT	GSE222315	DF.classifications_0.25_0.3_229	Singlet	pANN_0.25_0.3_229	0.238722757222504
GSE222315_TTGGTTTGTCTACAGT-1_1_1_1_1	GSE222315_p4_NAT	GSE222315	DF.classifications_0.25_0.3_229	Singlet	pANN_0.25_0.3_229	0.157121135326913
GSE222315_TTGGTTTGTCTACGTA-1_1_1_1_1	GSE222315_p4_NAT	GSE222315	DF.classifications_0.25_0.3_229	Singlet	pANN_0.25_0.3_229	0.244298023314749
GSE222315_TTGGTTTTCGCATGAT-1_1_1_1_1	GSE222315_p4_NAT	GSE222315	DF.classifications_0.25_0.3_229	Singlet	pANN_0.25_0.3_229	0.149011657374557
GSE222315_TTGTGGAAGCCTCATA-1_1_1_1_1	GSE222315_p4_NAT	GSE222315	DF.classifications_0.25_0.3_229	Singlet	pANN_0.25_0.3_229	0.331474911302585
GSE222315_TTGTGGAAGGTTAAAC-1_1_1_1_1	GSE222315_p4_NAT	GSE222315	DF.classifications_0.25_0.3_229	Singlet	pANN_0.25_0.3_229	0.153573238722757
GSE222315_TTGTGGAAGTTTCTTC-1_1_1_1_1	GSE222315_p4_NAT	GSE222315	DF.classifications_0.25_0.3_229	Singlet	pANN_0.25_0.3_229	0.167764825139382
GSE222315_TTGTGGAGTGTCTAAC-1_1_1_1_1	GSE222315_p4_NAT	GSE222315	DF.classifications_0.25_0.3_229	Singlet	pANN_0.25_0.3_229	0.313735428281804
GSE222315_TTGTGGAGTTAATGAG-1_1_1_1_1	GSE222315_p4_NAT	GSE222315	DF.classifications_0.25_0.3_229	Singlet	pANN_0.25_0.3_229	0.226558540293969
GSE222315_TTGTGGATCGATACAC-1_1_1_1_1	GSE222315_p4_NAT	GSE222315	DF.classifications_0.25_0.3_229	Singlet	pANN_0.25_0.3_229	0.324885960466295
GSE222315_TTGTGTTCAACACTAC-1_1_1_1_1	GSE222315_p4_NAT	GSE222315	DF.classifications_0.25_0.3_229	Singlet	pANN_0.25_0.3_229	0.19817536746072
GSE222315_TTGTGTTGTGTTCGAT-1_1_1_1_1	GSE222315_p4_NAT	GSE222315	DF.classifications_0.25_0.3_229	Doublet	pANN_0.25_0.3_229	0.386720729853016
GSE222315_TTGTGTTGTGTTGCCG-1_1_1_1_1	GSE222315_p4_NAT	GSE222315	DF.classifications_0.25_0.3_229	Singlet	pANN_0.25_0.3_229	0.236695387734415
GSE222315_TTGTGTTTCAAGGACG-1_1_1_1_1	GSE222315_p4_NAT	GSE222315	DF.classifications_0.25_0.3_229	Singlet	pANN_0.25_0.3_229	0.241763811454638
GSE222315_TTGTTCAAGCATAGGC-1_1_1_1_1	GSE222315_p4_NAT	GSE222315	DF.classifications_0.25_0.3_229	Singlet	pANN_0.25_0.3_229	0.339077546882919
GSE222315_TTGTTCAAGCGACCCT-1_1_1_1_1	GSE222315_p4_NAT	GSE222315	DF.classifications_0.25_0.3_229	Singlet	pANN_0.25_0.3_229	0.379118094272681
GSE222315_TTGTTCACAGACCATT-1_1_1_1_1	GSE222315_p4_NAT	GSE222315	DF.classifications_0.25_0.3_229	Singlet	pANN_0.25_0.3_229	0.136340598073999
GSE222315_TTGTTGTGTACACTCA-1_1_1_1_1	GSE222315_p4_NAT	GSE222315	DF.classifications_0.25_0.3_229	Singlet	pANN_0.25_0.3_229	0.140395337050177
GSE222315_TTGTTGTGTGCATGAG-1_1_1_1_1	GSE222315_p4_NAT	GSE222315	DF.classifications_0.25_0.3_229	Singlet	pANN_0.25_0.3_229	0.133299543841865
GSE222315_TTGTTGTTCCGAGATT-1_1_1_1_1	GSE222315_p4_NAT	GSE222315	DF.classifications_0.25_0.3_229	Singlet	pANN_0.25_0.3_229	0.135326913329954
GSE222315_TTGTTGTTCGTCAGAT-1_1_1_1_1	GSE222315_p4_NAT	GSE222315	DF.classifications_0.25_0.3_229	Singlet	pANN_0.25_0.3_229	0.195134313228586
GSE222315_TTGTTGTTCTGTGTGA-1_1_1_1_1	GSE222315_p4_NAT	GSE222315	DF.classifications_0.25_0.3_229	Singlet	pANN_0.25_0.3_229	0.192093258996452
GSE222315_TTGTTGTTCTTTGCGC-1_1_1_1_1	GSE222315_p4_NAT	GSE222315	DF.classifications_0.25_0.3_229	Doublet	pANN_0.25_0.3_229	0.386213887480993
GSE222315_TTGTTTGAGAGAATCT-1_1_1_1_1	GSE222315_p4_NAT	GSE222315	DF.classifications_0.25_0.3_229	Singlet	pANN_0.25_0.3_229	0.212366953877344
GSE222315_TTGTTTGAGTAACAGT-1_1_1_1_1	GSE222315_p4_NAT	GSE222315	DF.classifications_0.25_0.3_229	Singlet	pANN_0.25_0.3_229	0.282311201216422
GSE222315_TTGTTTGGTACCTAAC-1_1_1_1_1	GSE222315_p4_NAT	GSE222315	DF.classifications_0.25_0.3_229	Singlet	pANN_0.25_0.3_229	0.257475924987329
GSE222315_TTGTTTGGTGCCGTAC-1_1_1_1_1	GSE222315_p4_NAT	GSE222315	DF.classifications_0.25_0.3_229	Singlet	pANN_0.25_0.3_229	0.377090724784592
GSE222315_TTGTTTGGTTGAGAGC-1_1_1_1_1	GSE222315_p4_NAT	GSE222315	DF.classifications_0.25_0.3_229	Singlet	pANN_0.25_0.3_229	0.357830714647745
GSE222315_TTGTTTGTCAAGAATG-1_1_1_1_1	GSE222315_p4_NAT	GSE222315	DF.classifications_0.25_0.3_229	Singlet	pANN_0.25_0.3_229	0.218449062341612
GSE222315_TTGTTTGTCGCTAGCG-1_1_1_1_1	GSE222315_p4_NAT	GSE222315	DF.classifications_0.25_0.3_229	Singlet	pANN_0.25_0.3_229	0.237709072478459
GSE222315_TTGTTTGTCTCCTGTG-1_1_1_1_1	GSE222315_p4_NAT	GSE222315	DF.classifications_0.25_0.3_229	Singlet	pANN_0.25_0.3_229	0.364926507856057
GSE222315_TTTACCAAGCGCTGAA-1_1_1_1_1	GSE222315_p4_NAT	GSE222315	DF.classifications_0.25_0.3_229	Singlet	pANN_0.25_0.3_229	0.244298023314749
GSE222315_TTTACCAAGTTTGCTG-1_1_1_1_1	GSE222315_p4_NAT	GSE222315	DF.classifications_0.25_0.3_229	Singlet	pANN_0.25_0.3_229	0.297009630005068
GSE222315_TTTACCACAATATCCG-1_1_1_1_1	GSE222315_p4_NAT	GSE222315	DF.classifications_0.25_0.3_229	Singlet	pANN_0.25_0.3_229	0.181449569183984
GSE222315_TTTACCAGTATGAGCG-1_1_1_1_1	GSE222315_p4_NAT	GSE222315	DF.classifications_0.25_0.3_229	Singlet	pANN_0.25_0.3_229	0.240243284338571
GSE222315_TTTACCATCCGCTAGG-1_1_1_1_1	GSE222315_p4_NAT	GSE222315	DF.classifications_0.25_0.3_229	Singlet	pANN_0.25_0.3_229	0.237202230106437
GSE222315_TTTACGTAGGTTGAGC-1_1_1_1_1	GSE222315_p4_NAT	GSE222315	DF.classifications_0.25_0.3_229	Singlet	pANN_0.25_0.3_229	0.340598073998986
GSE222315_TTTACGTCATAACCCA-1_1_1_1_1	GSE222315_p4_NAT	GSE222315	DF.classifications_0.25_0.3_229	Singlet	pANN_0.25_0.3_229	0.249366447034972
GSE222315_TTTACGTCATCAGTCA-1_1_1_1_1	GSE222315_p4_NAT	GSE222315	DF.classifications_0.25_0.3_229	Singlet	pANN_0.25_0.3_229	0.174860618347694
GSE222315_TTTACGTCATGACGTT-1_1_1_1_1	GSE222315_p4_NAT	GSE222315	DF.classifications_0.25_0.3_229	Singlet	pANN_0.25_0.3_229	0.236695387734415
GSE222315_TTTACGTGTAACATCC-1_1_1_1_1	GSE222315_p4_NAT	GSE222315	DF.classifications_0.25_0.3_229	Singlet	pANN_0.25_0.3_229	0.237202230106437
GSE222315_TTTACGTGTGTTACAC-1_1_1_1_1	GSE222315_p4_NAT	GSE222315	DF.classifications_0.25_0.3_229	Doublet	pANN_0.25_0.3_229	0.388241256969083
GSE222315_TTTACGTGTGTTGAGG-1_1_1_1_1	GSE222315_p4_NAT	GSE222315	DF.classifications_0.25_0.3_229	Singlet	pANN_0.25_0.3_229	0.258489609731374
GSE222315_TTTACTGAGTGGTTCT-1_1_1_1_1	GSE222315_p4_NAT	GSE222315	DF.classifications_0.25_0.3_229	Singlet	pANN_0.25_0.3_229	0.249873289406994
GSE222315_TTTAGTCAGCACTCTA-1_1_1_1_1	GSE222315_p4_NAT	GSE222315	DF.classifications_0.25_0.3_229	Doublet	pANN_0.25_0.3_229	0.426254434870755
GSE222315_TTTAGTCGTAAGACCG-1_1_1_1_1	GSE222315_p4_NAT	GSE222315	DF.classifications_0.25_0.3_229	Singlet	pANN_0.25_0.3_229	0.17840851495185
GSE222315_TTTAGTCTCCGTTGGG-1_1_1_1_1	GSE222315_p4_NAT	GSE222315	DF.classifications_0.25_0.3_229	Singlet	pANN_0.25_0.3_229	0.180942726811961
GSE222315_TTTAGTCTCGCTCCTA-1_1_1_1_1	GSE222315_p4_NAT	GSE222315	DF.classifications_0.25_0.3_229	Singlet	pANN_0.25_0.3_229	0.183476938672073
GSE222315_TTTAGTCTCTGTGTGA-1_1_1_1_1	GSE222315_p4_NAT	GSE222315	DF.classifications_0.25_0.3_229	Singlet	pANN_0.25_0.3_229	0.188038520020274
GSE222315_TTTATGCAGATGTAGT-1_1_1_1_1	GSE222315_p4_NAT	GSE222315	DF.classifications_0.25_0.3_229	Singlet	pANN_0.25_0.3_229	0.269133299543842
GSE222315_TTTATGCCACAATGTC-1_1_1_1_1	GSE222315_p4_NAT	GSE222315	DF.classifications_0.25_0.3_229	Singlet	pANN_0.25_0.3_229	0.175874303091738
GSE222315_TTTATGCTCTCGTTTA-1_1_1_1_1	GSE222315_p4_NAT	GSE222315	DF.classifications_0.25_0.3_229	Singlet	pANN_0.25_0.3_229	0.237709072478459
GSE222315_TTTATGCTCTTTGATC-1_1_1_1_1	GSE222315_p4_NAT	GSE222315	DF.classifications_0.25_0.3_229	Singlet	pANN_0.25_0.3_229	0.170805879371515
GSE222315_TTTCACACACTTGAAC-1_1_1_1_1	GSE222315_p4_NAT	GSE222315	DF.classifications_0.25_0.3_229	Singlet	pANN_0.25_0.3_229	0.265078560567663
GSE222315_TTTCACAGTACGTACT-1_1_1_1_1	GSE222315_p4_NAT	GSE222315	DF.classifications_0.25_0.3_229	Singlet	pANN_0.25_0.3_229	0.14749113025849
GSE222315_TTTCACAGTCAGACGA-1_1_1_1_1	GSE222315_p4_NAT	GSE222315	DF.classifications_0.25_0.3_229	Doublet	pANN_0.25_0.3_229	0.397364419665484
GSE222315_TTTCACAGTGTACAGG-1_1_1_1_1	GSE222315_p4_NAT	GSE222315	DF.classifications_0.25_0.3_229	Singlet	pANN_0.25_0.3_229	0.341104916371009
GSE222315_TTTCACATCAGACAAA-1_1_1_1_1	GSE222315_p4_NAT	GSE222315	DF.classifications_0.25_0.3_229	Singlet	pANN_0.25_0.3_229	0.199189052204764
GSE222315_TTTCACATCGGCCTTT-1_1_1_1_1	GSE222315_p4_NAT	GSE222315	DF.classifications_0.25_0.3_229	Singlet	pANN_0.25_0.3_229	0.13431322858591
GSE222315_TTTCACATCGTGGCTG-1_1_1_1_1	GSE222315_p4_NAT	GSE222315	DF.classifications_0.25_0.3_229	Singlet	pANN_0.25_0.3_229	0.158134820070958
GSE222315_TTTCAGTAGCTAGAGC-1_1_1_1_1	GSE222315_p4_NAT	GSE222315	DF.classifications_0.25_0.3_229	Singlet	pANN_0.25_0.3_229	0.282818043588444
GSE222315_TTTCAGTAGGACCCAA-1_1_1_1_1	GSE222315_p4_NAT	GSE222315	DF.classifications_0.25_0.3_229	Singlet	pANN_0.25_0.3_229	0.197668525088697
GSE222315_TTTCAGTAGGCGAAGG-1_1_1_1_1	GSE222315_p4_NAT	GSE222315	DF.classifications_0.25_0.3_229	Singlet	pANN_0.25_0.3_229	0.195641155600608
GSE222315_TTTCAGTGTATTGCCA-1_1_1_1_1	GSE222315_p4_NAT	GSE222315	DF.classifications_0.25_0.3_229	Singlet	pANN_0.25_0.3_229	0.181449569183984
GSE222315_TTTCAGTGTCCACTTC-1_1_1_1_1	GSE222315_p4_NAT	GSE222315	DF.classifications_0.25_0.3_229	Singlet	pANN_0.25_0.3_229	0.189052204764318
GSE222315_TTTCAGTTCAAGCCCG-1_1_1_1_1	GSE222315_p4_NAT	GSE222315	DF.classifications_0.25_0.3_229	Singlet	pANN_0.25_0.3_229	0.185504308160162
GSE222315_TTTCATGCAAGCCTGC-1_1_1_1_1	GSE222315_p4_NAT	GSE222315	DF.classifications_0.25_0.3_229	Singlet	pANN_0.25_0.3_229	0.274201723264065
GSE222315_TTTCCTCAGAGGTCAC-1_1_1_1_1	GSE222315_p4_NAT	GSE222315	DF.classifications_0.25_0.3_229	Singlet	pANN_0.25_0.3_229	0.192093258996452
GSE222315_TTTCCTCCACTCCACT-1_1_1_1_1	GSE222315_p4_NAT	GSE222315	DF.classifications_0.25_0.3_229	Singlet	pANN_0.25_0.3_229	0.180435884439939
GSE222315_TTTCCTCCATGGGTTT-1_1_1_1_1	GSE222315_p4_NAT	GSE222315	DF.classifications_0.25_0.3_229	Singlet	pANN_0.25_0.3_229	0.122149011657375
GSE222315_TTTCCTCTCCATTGCC-1_1_1_1_1	GSE222315_p4_NAT	GSE222315	DF.classifications_0.25_0.3_229	Singlet	pANN_0.25_0.3_229	0.320831221490117
GSE222315_TTTCGATCACAAGCTT-1_1_1_1_1	GSE222315_p4_NAT	GSE222315	DF.classifications_0.25_0.3_229	Singlet	pANN_0.25_0.3_229	0.224024328433857
GSE222315_TTTCGATCACACTGGC-1_1_1_1_1	GSE222315_p4_NAT	GSE222315	DF.classifications_0.25_0.3_229	Singlet	pANN_0.25_0.3_229	0.234668018246325
GSE222315_TTTCGATCAGCTATAC-1_1_1_1_1	GSE222315_p4_NAT	GSE222315	DF.classifications_0.25_0.3_229	Singlet	pANN_0.25_0.3_229	0.285352255448556
GSE222315_TTTCGATCAGCTATTG-1_1_1_1_1	GSE222315_p4_NAT	GSE222315	DF.classifications_0.25_0.3_229	Doublet	pANN_0.25_0.3_229	0.397871262037506
GSE222315_TTTCGATCATAGGAGC-1_1_1_1_1	GSE222315_p4_NAT	GSE222315	DF.classifications_0.25_0.3_229	Singlet	pANN_0.25_0.3_229	0.161175874303092
GSE222315_TTTCGATGTCACCTTC-1_1_1_1_1	GSE222315_p4_NAT	GSE222315	DF.classifications_0.25_0.3_229	Singlet	pANN_0.25_0.3_229	0.162189559047136
GSE222315_TTTCGATTCACGATAC-1_1_1_1_1	GSE222315_p4_NAT	GSE222315	DF.classifications_0.25_0.3_229	Singlet	pANN_0.25_0.3_229	0.176381145463761
GSE222315_TTTGACTAGAATCGCG-1_1_1_1_1	GSE222315_p4_NAT	GSE222315	DF.classifications_0.25_0.3_229	Singlet	pANN_0.25_0.3_229	0.280283831728332
GSE222315_TTTGACTAGGTCCCGT-1_1_1_1_1	GSE222315_p4_NAT	GSE222315	DF.classifications_0.25_0.3_229	Singlet	pANN_0.25_0.3_229	0.152559553978713
GSE222315_TTTGACTCAACACAGG-1_1_1_1_1	GSE222315_p4_NAT	GSE222315	DF.classifications_0.25_0.3_229	Singlet	pANN_0.25_0.3_229	0.167257982767359
GSE222315_TTTGACTTCAGAGCAG-1_1_1_1_1	GSE222315_p4_NAT	GSE222315	DF.classifications_0.25_0.3_229	Singlet	pANN_0.25_0.3_229	0.239229599594526
GSE222315_TTTGATCAGATGAATC-1_1_1_1_1	GSE222315_p4_NAT	GSE222315	DF.classifications_0.25_0.3_229	Singlet	pANN_0.25_0.3_229	0.237202230106437
GSE222315_TTTGATCCAATCCTTT-1_1_1_1_1	GSE222315_p4_NAT	GSE222315	DF.classifications_0.25_0.3_229	Singlet	pANN_0.25_0.3_229	0.225038013177902
GSE222315_TTTGATCCACATGACT-1_1_1_1_1	GSE222315_p4_NAT	GSE222315	DF.classifications_0.25_0.3_229	Singlet	pANN_0.25_0.3_229	0.272681196147998
GSE222315_TTTGATCGTTCCCACT-1_1_1_1_1	GSE222315_p4_NAT	GSE222315	DF.classifications_0.25_0.3_229	Singlet	pANN_0.25_0.3_229	0.263051191079574
GSE222315_TTTGATCGTTGGTACT-1_1_1_1_1	GSE222315_p4_NAT	GSE222315	DF.classifications_0.25_0.3_229	Singlet	pANN_0.25_0.3_229	0.381652306132793
GSE222315_TTTGATCGTTTACCAG-1_1_1_1_1	GSE222315_p4_NAT	GSE222315	DF.classifications_0.25_0.3_229	Singlet	pANN_0.25_0.3_229	0.164216928535226
GSE222315_TTTGATCTCCACGTCT-1_1_1_1_1	GSE222315_p4_NAT	GSE222315	DF.classifications_0.25_0.3_229	Singlet	pANN_0.25_0.3_229	0.20273694880892
GSE222315_TTTGGAGAGCTTAAGA-1_1_1_1_1	GSE222315_p4_NAT	GSE222315	DF.classifications_0.25_0.3_229	Singlet	pANN_0.25_0.3_229	0.234161175874303
GSE222315_TTTGGAGCACGGGTAA-1_1_1_1_1	GSE222315_p4_NAT	GSE222315	DF.classifications_0.25_0.3_229	Singlet	pANN_0.25_0.3_229	0.221996958945768
GSE222315_TTTGGAGCAGAGTGTG-1_1_1_1_1	GSE222315_p4_NAT	GSE222315	DF.classifications_0.25_0.3_229	Singlet	pANN_0.25_0.3_229	0.364926507856057
GSE222315_TTTGGAGTCAAACGTC-1_1_1_1_1	GSE222315_p4_NAT	GSE222315	DF.classifications_0.25_0.3_229	Singlet	pANN_0.25_0.3_229	0.257982767359351
GSE222315_TTTGGAGTCCTTCTGG-1_1_1_1_1	GSE222315_p4_NAT	GSE222315	DF.classifications_0.25_0.3_229	Singlet	pANN_0.25_0.3_229	0.176381145463761
GSE222315_TTTGGTTAGAGAATCT-1_1_1_1_1	GSE222315_p4_NAT	GSE222315	DF.classifications_0.25_0.3_229	Singlet	pANN_0.25_0.3_229	0.286872782564622
GSE222315_TTTGGTTAGAGGTTAT-1_1_1_1_1	GSE222315_p4_NAT	GSE222315	DF.classifications_0.25_0.3_229	Singlet	pANN_0.25_0.3_229	0.236695387734415
GSE222315_TTTGGTTCAACCTAAC-1_1_1_1_1	GSE222315_p4_NAT	GSE222315	DF.classifications_0.25_0.3_229	Singlet	pANN_0.25_0.3_229	0.170299036999493
GSE222315_TTTGGTTGTCGAAACG-1_1_1_1_1	GSE222315_p4_NAT	GSE222315	DF.classifications_0.25_0.3_229	Singlet	pANN_0.25_0.3_229	0.125696908261531
GSE222315_TTTGGTTTCAATCTCT-1_1_1_1_1	GSE222315_p4_NAT	GSE222315	DF.classifications_0.25_0.3_229	Singlet	pANN_0.25_0.3_229	0.237202230106437
GSE222315_TTTGGTTTCTTAAGGC-1_1_1_1_1	GSE222315_p4_NAT	GSE222315	DF.classifications_0.25_0.3_229	Singlet	pANN_0.25_0.3_229	0.202230106436898
GSE222315_TTTGTTGAGGCCTGAA-1_1_1_1_1	GSE222315_p4_NAT	GSE222315	DF.classifications_0.25_0.3_229	Singlet	pANN_0.25_0.3_229	0.257982767359351
GSE222315_TTTGTTGGTCTAGGCC-1_1_1_1_1	GSE222315_p4_NAT	GSE222315	DF.classifications_0.25_0.3_229	Singlet	pANN_0.25_0.3_229	0.124176381145464
GSE222315_TTTGTTGTCTATGCCC-1_1_1_1_1	GSE222315_p4_NAT	GSE222315	DF.classifications_0.25_0.3_229	Doublet	pANN_0.25_0.3_229	0.386720729853016
