cell_id	orig.ident	dataset	df_classification_column	df_classification	df_pANN_column	df_pANN
HRA003620_AAACCCACAGCTTTGA-1_1	HRA003620_NC-27	HRA003620	DF.classifications_0.25_0.005_366	Singlet	pANN_0.25_0.005_366	0.162790697674419
HRA003620_AAACCCACATTGGATC-1_1	HRA003620_NC-27	HRA003620	DF.classifications_0.25_0.005_366	Doublet	pANN_0.25_0.005_366	0.418604651162791
HRA003620_AAACCCAGTACGCGTC-1_1	HRA003620_NC-27	HRA003620	DF.classifications_0.25_0.005_366	Singlet	pANN_0.25_0.005_366	0.0232558139534884
HRA003620_AAACCCAGTAGTGGCA-1_1	HRA003620_NC-27	HRA003620	DF.classifications_0.25_0.005_366	Singlet	pANN_0.25_0.005_366	0.116279069767442
HRA003620_AAACCCAGTATACCTG-1_1	HRA003620_NC-27	HRA003620	DF.classifications_0.25_0.005_366	Singlet	pANN_0.25_0.005_366	0.13953488372093
HRA003620_AAACCCAGTGTTCGTA-1_1	HRA003620_NC-27	HRA003620	DF.classifications_0.25_0.005_366	Singlet	pANN_0.25_0.005_366	0.302325581395349
HRA003620_AAACCCAGTTTCTATC-1_1	HRA003620_NC-27	HRA003620	DF.classifications_0.25_0.005_366	Singlet	pANN_0.25_0.005_366	0.0697674418604651
HRA003620_AAACCCATCCTTCTTC-1_1	HRA003620_NC-27	HRA003620	DF.classifications_0.25_0.005_366	Singlet	pANN_0.25_0.005_366	0.0465116279069767
HRA003620_AAACCCATCGCATTAG-1_1	HRA003620_NC-27	HRA003620	DF.classifications_0.25_0.005_366	Singlet	pANN_0.25_0.005_366	0.162790697674419
HRA003620_AAACGAACAACCGGAA-1_1	HRA003620_NC-27	HRA003620	DF.classifications_0.25_0.005_366	Singlet	pANN_0.25_0.005_366	0.209302325581395
HRA003620_AAACGAAGTCGAGCAA-1_1	HRA003620_NC-27	HRA003620	DF.classifications_0.25_0.005_366	Singlet	pANN_0.25_0.005_366	0.162790697674419
HRA003620_AAACGAAGTCTGATCA-1_1	HRA003620_NC-27	HRA003620	DF.classifications_0.25_0.005_366	Singlet	pANN_0.25_0.005_366	0.13953488372093
HRA003620_AAACGAATCTGAGATC-1_1	HRA003620_NC-27	HRA003620	DF.classifications_0.25_0.005_366	Singlet	pANN_0.25_0.005_366	0.0930232558139535
HRA003620_AAACGCTAGTGATGGC-1_1	HRA003620_NC-27	HRA003620	DF.classifications_0.25_0.005_366	Singlet	pANN_0.25_0.005_366	0.13953488372093
HRA003620_AAACGCTCAAACCATC-1_1	HRA003620_NC-27	HRA003620	DF.classifications_0.25_0.005_366	Singlet	pANN_0.25_0.005_366	0.162790697674419
HRA003620_AAACGCTCAGATCACT-1_1	HRA003620_NC-27	HRA003620	DF.classifications_0.25_0.005_366	Singlet	pANN_0.25_0.005_366	0.232558139534884
HRA003620_AAACGCTCATTGAAAG-1_1	HRA003620_NC-27	HRA003620	DF.classifications_0.25_0.005_366	Singlet	pANN_0.25_0.005_366	0.13953488372093
HRA003620_AAACGCTGTAGCCCTG-1_1	HRA003620_NC-27	HRA003620	DF.classifications_0.25_0.005_366	Singlet	pANN_0.25_0.005_366	0.116279069767442
HRA003620_AAACGCTGTGCCCGTA-1_1	HRA003620_NC-27	HRA003620	DF.classifications_0.25_0.005_366	Singlet	pANN_0.25_0.005_366	0.186046511627907
HRA003620_AAACGCTTCCATTTAC-1_1	HRA003620_NC-27	HRA003620	DF.classifications_0.25_0.005_366	Singlet	pANN_0.25_0.005_366	0.255813953488372
HRA003620_AAACGCTTCGTCAAAC-1_1	HRA003620_NC-27	HRA003620	DF.classifications_0.25_0.005_366	Singlet	pANN_0.25_0.005_366	0.0930232558139535
HRA003620_AAACGCTTCTGCTCTG-1_1	HRA003620_NC-27	HRA003620	DF.classifications_0.25_0.005_366	Singlet	pANN_0.25_0.005_366	0.0465116279069767
HRA003620_AAAGAACAGCTGGCTC-1_1	HRA003620_NC-27	HRA003620	DF.classifications_0.25_0.005_366	Singlet	pANN_0.25_0.005_366	0.13953488372093
HRA003620_AAAGAACAGCTTTCCC-1_1	HRA003620_NC-27	HRA003620	DF.classifications_0.25_0.005_366	Singlet	pANN_0.25_0.005_366	0.13953488372093
HRA003620_AAAGAACAGGTCCAGA-1_1	HRA003620_NC-27	HRA003620	DF.classifications_0.25_0.005_366	Singlet	pANN_0.25_0.005_366	0.0465116279069767
HRA003620_AAAGAACAGTCCCAAT-1_1	HRA003620_NC-27	HRA003620	DF.classifications_0.25_0.005_366	Singlet	pANN_0.25_0.005_366	0.162790697674419
HRA003620_AAAGAACTCGCCAGTG-1_1	HRA003620_NC-27	HRA003620	DF.classifications_0.25_0.005_366	Singlet	pANN_0.25_0.005_366	0.116279069767442
HRA003620_AAAGAACTCTGAGAGG-1_1	HRA003620_NC-27	HRA003620	DF.classifications_0.25_0.005_366	Singlet	pANN_0.25_0.005_366	0.186046511627907
HRA003620_AAAGGATCAACTTGGT-1_1	HRA003620_NC-27	HRA003620	DF.classifications_0.25_0.005_366	Singlet	pANN_0.25_0.005_366	0.186046511627907
HRA003620_AAAGGATCACCGTCGA-1_1	HRA003620_NC-27	HRA003620	DF.classifications_0.25_0.005_366	Singlet	pANN_0.25_0.005_366	0.209302325581395
HRA003620_AAAGGATCAGACACAG-1_1	HRA003620_NC-27	HRA003620	DF.classifications_0.25_0.005_366	Singlet	pANN_0.25_0.005_366	0.116279069767442
HRA003620_AAAGGATGTTGGATCT-1_1	HRA003620_NC-27	HRA003620	DF.classifications_0.25_0.005_366	Singlet	pANN_0.25_0.005_366	0.395348837209302
HRA003620_AAAGGATTCTCATTGT-1_1	HRA003620_NC-27	HRA003620	DF.classifications_0.25_0.005_366	Singlet	pANN_0.25_0.005_366	0.116279069767442
HRA003620_AAAGGGCAGCCAAGTG-1_1	HRA003620_NC-27	HRA003620	DF.classifications_0.25_0.005_366	Singlet	pANN_0.25_0.005_366	0.13953488372093
HRA003620_AAAGGGCAGGAGTCTG-1_1	HRA003620_NC-27	HRA003620	DF.classifications_0.25_0.005_366	Singlet	pANN_0.25_0.005_366	0.325581395348837
HRA003620_AAAGGGCCAGAGTTCT-1_1	HRA003620_NC-27	HRA003620	DF.classifications_0.25_0.005_366	Singlet	pANN_0.25_0.005_366	0.27906976744186
HRA003620_AAAGGGCCAGCCGTTG-1_1	HRA003620_NC-27	HRA003620	DF.classifications_0.25_0.005_366	Singlet	pANN_0.25_0.005_366	0.162790697674419
HRA003620_AAAGGGCCAGGCGATA-1_1	HRA003620_NC-27	HRA003620	DF.classifications_0.25_0.005_366	Singlet	pANN_0.25_0.005_366	0
HRA003620_AAAGGGCGTCAGTTTG-1_1	HRA003620_NC-27	HRA003620	DF.classifications_0.25_0.005_366	Singlet	pANN_0.25_0.005_366	0.116279069767442
HRA003620_AAAGGGCGTGGTATGG-1_1	HRA003620_NC-27	HRA003620	DF.classifications_0.25_0.005_366	Singlet	pANN_0.25_0.005_366	0.116279069767442
HRA003620_AAAGGGCTCAGTAGGG-1_1	HRA003620_NC-27	HRA003620	DF.classifications_0.25_0.005_366	Singlet	pANN_0.25_0.005_366	0.255813953488372
HRA003620_AAAGGGCTCATTTGGG-1_1	HRA003620_NC-27	HRA003620	DF.classifications_0.25_0.005_366	Doublet	pANN_0.25_0.005_366	0.465116279069767
HRA003620_AAAGGTACACGAAAGC-1_1	HRA003620_NC-27	HRA003620	DF.classifications_0.25_0.005_366	Singlet	pANN_0.25_0.005_366	0.209302325581395
HRA003620_AAAGGTACATTCAGGT-1_1	HRA003620_NC-27	HRA003620	DF.classifications_0.25_0.005_366	Singlet	pANN_0.25_0.005_366	0
HRA003620_AAAGGTATCACTGATG-1_1	HRA003620_NC-27	HRA003620	DF.classifications_0.25_0.005_366	Singlet	pANN_0.25_0.005_366	0.232558139534884
HRA003620_AAAGGTATCTATCGGA-1_1	HRA003620_NC-27	HRA003620	DF.classifications_0.25_0.005_366	Singlet	pANN_0.25_0.005_366	0.13953488372093
HRA003620_AAAGTCCCATAGTCAC-1_1	HRA003620_NC-27	HRA003620	DF.classifications_0.25_0.005_366	Singlet	pANN_0.25_0.005_366	0.0465116279069767
HRA003620_AAAGTCCGTGATACTC-1_1	HRA003620_NC-27	HRA003620	DF.classifications_0.25_0.005_366	Singlet	pANN_0.25_0.005_366	0.302325581395349
HRA003620_AAAGTCCGTTAGCGGA-1_1	HRA003620_NC-27	HRA003620	DF.classifications_0.25_0.005_366	Doublet	pANN_0.25_0.005_366	0.511627906976744
HRA003620_AAAGTCCTCGAGAAGC-1_1	HRA003620_NC-27	HRA003620	DF.classifications_0.25_0.005_366	Singlet	pANN_0.25_0.005_366	0.13953488372093
HRA003620_AAAGTCCTCGCATGAT-1_1	HRA003620_NC-27	HRA003620	DF.classifications_0.25_0.005_366	Doublet	pANN_0.25_0.005_366	0.511627906976744
HRA003620_AAAGTGACAATTTCGG-1_1	HRA003620_NC-27	HRA003620	DF.classifications_0.25_0.005_366	Singlet	pANN_0.25_0.005_366	0.0930232558139535
HRA003620_AAAGTGACACCAATTG-1_1	HRA003620_NC-27	HRA003620	DF.classifications_0.25_0.005_366	Singlet	pANN_0.25_0.005_366	0.0697674418604651
HRA003620_AAAGTGACAGGTGACA-1_1	HRA003620_NC-27	HRA003620	DF.classifications_0.25_0.005_366	Singlet	pANN_0.25_0.005_366	0.0465116279069767
HRA003620_AAAGTGACATTATGCG-1_1	HRA003620_NC-27	HRA003620	DF.classifications_0.25_0.005_366	Singlet	pANN_0.25_0.005_366	0.0465116279069767
HRA003620_AAAGTGAGTCACAGTT-1_1	HRA003620_NC-27	HRA003620	DF.classifications_0.25_0.005_366	Singlet	pANN_0.25_0.005_366	0.162790697674419
HRA003620_AAAGTGATCCAGCCTT-1_1	HRA003620_NC-27	HRA003620	DF.classifications_0.25_0.005_366	Singlet	pANN_0.25_0.005_366	0.302325581395349
HRA003620_AAAGTGATCTAAGGAA-1_1	HRA003620_NC-27	HRA003620	DF.classifications_0.25_0.005_366	Singlet	pANN_0.25_0.005_366	0.13953488372093
HRA003620_AAAGTGATCTAGTGTG-1_1	HRA003620_NC-27	HRA003620	DF.classifications_0.25_0.005_366	Singlet	pANN_0.25_0.005_366	0.255813953488372
HRA003620_AAAGTGATCTCGGCTT-1_1	HRA003620_NC-27	HRA003620	DF.classifications_0.25_0.005_366	Singlet	pANN_0.25_0.005_366	0.209302325581395
HRA003620_AAATGGAAGACATAGT-1_1	HRA003620_NC-27	HRA003620	DF.classifications_0.25_0.005_366	Doublet	pANN_0.25_0.005_366	0.581395348837209
HRA003620_AAATGGAGTACCGTGC-1_1	HRA003620_NC-27	HRA003620	DF.classifications_0.25_0.005_366	Singlet	pANN_0.25_0.005_366	0.0232558139534884
HRA003620_AAATGGAGTTTCGGCG-1_1	HRA003620_NC-27	HRA003620	DF.classifications_0.25_0.005_366	Singlet	pANN_0.25_0.005_366	0.0930232558139535
HRA003620_AAATGGATCTAGGCAT-1_1	HRA003620_NC-27	HRA003620	DF.classifications_0.25_0.005_366	Singlet	pANN_0.25_0.005_366	0.232558139534884
HRA003620_AAATGGATCTGCGGCA-1_1	HRA003620_NC-27	HRA003620	DF.classifications_0.25_0.005_366	Singlet	pANN_0.25_0.005_366	0.0930232558139535
HRA003620_AACAAAGCAGTTGAAA-1_1	HRA003620_NC-27	HRA003620	DF.classifications_0.25_0.005_366	Singlet	pANN_0.25_0.005_366	0.186046511627907
HRA003620_AACAAAGCATCGTGGC-1_1	HRA003620_NC-27	HRA003620	DF.classifications_0.25_0.005_366	Singlet	pANN_0.25_0.005_366	0.13953488372093
HRA003620_AACAAAGCATGCAGGA-1_1	HRA003620_NC-27	HRA003620	DF.classifications_0.25_0.005_366	Singlet	pANN_0.25_0.005_366	0.186046511627907
HRA003620_AACAAAGGTACTGCGC-1_1	HRA003620_NC-27	HRA003620	DF.classifications_0.25_0.005_366	Singlet	pANN_0.25_0.005_366	0.186046511627907
HRA003620_AACAAAGTCCATATGG-1_1	HRA003620_NC-27	HRA003620	DF.classifications_0.25_0.005_366	Singlet	pANN_0.25_0.005_366	0.232558139534884
HRA003620_AACAACCAGATTGCGG-1_1	HRA003620_NC-27	HRA003620	DF.classifications_0.25_0.005_366	Singlet	pANN_0.25_0.005_366	0
HRA003620_AACAACCCAATTTCCT-1_1	HRA003620_NC-27	HRA003620	DF.classifications_0.25_0.005_366	Singlet	pANN_0.25_0.005_366	0.186046511627907
HRA003620_AACAACCCACCCAATA-1_1	HRA003620_NC-27	HRA003620	DF.classifications_0.25_0.005_366	Doublet	pANN_0.25_0.005_366	0.604651162790698
HRA003620_AACAACCGTAACGATA-1_1	HRA003620_NC-27	HRA003620	DF.classifications_0.25_0.005_366	Singlet	pANN_0.25_0.005_366	0.232558139534884
HRA003620_AACAACCGTATTTCTC-1_1	HRA003620_NC-27	HRA003620	DF.classifications_0.25_0.005_366	Singlet	pANN_0.25_0.005_366	0.186046511627907
HRA003620_AACAACCGTCACAGAG-1_1	HRA003620_NC-27	HRA003620	DF.classifications_0.25_0.005_366	Singlet	pANN_0.25_0.005_366	0.0465116279069767
HRA003620_AACAACCGTGCGAACA-1_1	HRA003620_NC-27	HRA003620	DF.classifications_0.25_0.005_366	Singlet	pANN_0.25_0.005_366	0
HRA003620_AACAACCTCATGAGGG-1_1	HRA003620_NC-27	HRA003620	DF.classifications_0.25_0.005_366	Singlet	pANN_0.25_0.005_366	0.162790697674419
HRA003620_AACAACCTCGAACTCA-1_1	HRA003620_NC-27	HRA003620	DF.classifications_0.25_0.005_366	Singlet	pANN_0.25_0.005_366	0.0465116279069767
HRA003620_AACAACCTCGTACACA-1_1	HRA003620_NC-27	HRA003620	DF.classifications_0.25_0.005_366	Singlet	pANN_0.25_0.005_366	0.0930232558139535
HRA003620_AACAAGAAGCTAGAAT-1_1	HRA003620_NC-27	HRA003620	DF.classifications_0.25_0.005_366	Singlet	pANN_0.25_0.005_366	0
HRA003620_AACAAGAAGGTCACTT-1_1	HRA003620_NC-27	HRA003620	DF.classifications_0.25_0.005_366	Singlet	pANN_0.25_0.005_366	0.186046511627907
HRA003620_AACAAGACAATGAAAC-1_1	HRA003620_NC-27	HRA003620	DF.classifications_0.25_0.005_366	Singlet	pANN_0.25_0.005_366	0.0232558139534884
HRA003620_AACAAGATCCTCACCA-1_1	HRA003620_NC-27	HRA003620	DF.classifications_0.25_0.005_366	Singlet	pANN_0.25_0.005_366	0.0930232558139535
HRA003620_AACAAGATCGACGATT-1_1	HRA003620_NC-27	HRA003620	DF.classifications_0.25_0.005_366	Singlet	pANN_0.25_0.005_366	0.116279069767442
HRA003620_AACAAGATCGTGCATA-1_1	HRA003620_NC-27	HRA003620	DF.classifications_0.25_0.005_366	Singlet	pANN_0.25_0.005_366	0.116279069767442
HRA003620_AACAAGATCTGACGCG-1_1	HRA003620_NC-27	HRA003620	DF.classifications_0.25_0.005_366	Singlet	pANN_0.25_0.005_366	0.325581395348837
HRA003620_AACACACAGGATACAT-1_1	HRA003620_NC-27	HRA003620	DF.classifications_0.25_0.005_366	Singlet	pANN_0.25_0.005_366	0.232558139534884
HRA003620_AACACACCAGAACTAA-1_1	HRA003620_NC-27	HRA003620	DF.classifications_0.25_0.005_366	Singlet	pANN_0.25_0.005_366	0.162790697674419
HRA003620_AACACACGTGATACAA-1_1	HRA003620_NC-27	HRA003620	DF.classifications_0.25_0.005_366	Singlet	pANN_0.25_0.005_366	0.372093023255814
HRA003620_AACACACTCGGTAGGA-1_1	HRA003620_NC-27	HRA003620	DF.classifications_0.25_0.005_366	Singlet	pANN_0.25_0.005_366	0.13953488372093
HRA003620_AACACACTCGGTCTAA-1_1	HRA003620_NC-27	HRA003620	DF.classifications_0.25_0.005_366	Singlet	pANN_0.25_0.005_366	0.325581395348837
HRA003620_AACAGGGCACACCAGC-1_1	HRA003620_NC-27	HRA003620	DF.classifications_0.25_0.005_366	Singlet	pANN_0.25_0.005_366	0.0232558139534884
HRA003620_AACAGGGCACGGTCTG-1_1	HRA003620_NC-27	HRA003620	DF.classifications_0.25_0.005_366	Singlet	pANN_0.25_0.005_366	0.0697674418604651
HRA003620_AACAGGGCAGCCTATA-1_1	HRA003620_NC-27	HRA003620	DF.classifications_0.25_0.005_366	Singlet	pANN_0.25_0.005_366	0.325581395348837
HRA003620_AACAGGGGTATCGCGC-1_1	HRA003620_NC-27	HRA003620	DF.classifications_0.25_0.005_366	Singlet	pANN_0.25_0.005_366	0
HRA003620_AACAGGGGTGTCTTGA-1_1	HRA003620_NC-27	HRA003620	DF.classifications_0.25_0.005_366	Singlet	pANN_0.25_0.005_366	0.27906976744186
HRA003620_AACAGGGGTTAATGAG-1_1	HRA003620_NC-27	HRA003620	DF.classifications_0.25_0.005_366	Singlet	pANN_0.25_0.005_366	0.186046511627907
HRA003620_AACAGGGGTTGGGATG-1_1	HRA003620_NC-27	HRA003620	DF.classifications_0.25_0.005_366	Doublet	pANN_0.25_0.005_366	0.558139534883721
HRA003620_AACAGGGTCGAAGCCC-1_1	HRA003620_NC-27	HRA003620	DF.classifications_0.25_0.005_366	Singlet	pANN_0.25_0.005_366	0.0465116279069767
HRA003620_AACCAACAGAGGCCAT-1_1	HRA003620_NC-27	HRA003620	DF.classifications_0.25_0.005_366	Singlet	pANN_0.25_0.005_366	0.255813953488372
HRA003620_AACCAACAGCACTGGA-1_1	HRA003620_NC-27	HRA003620	DF.classifications_0.25_0.005_366	Singlet	pANN_0.25_0.005_366	0.0697674418604651
HRA003620_AACCAACAGGATTTCC-1_1	HRA003620_NC-27	HRA003620	DF.classifications_0.25_0.005_366	Singlet	pANN_0.25_0.005_366	0.0232558139534884
HRA003620_AACCAACCAAATCGGG-1_1	HRA003620_NC-27	HRA003620	DF.classifications_0.25_0.005_366	Singlet	pANN_0.25_0.005_366	0.0697674418604651
HRA003620_AACCAACCATCAACCA-1_1	HRA003620_NC-27	HRA003620	DF.classifications_0.25_0.005_366	Singlet	pANN_0.25_0.005_366	0.209302325581395
HRA003620_AACCAACGTGTCCGGT-1_1	HRA003620_NC-27	HRA003620	DF.classifications_0.25_0.005_366	Singlet	pANN_0.25_0.005_366	0.186046511627907
HRA003620_AACCAACTCGAGAGAC-1_1	HRA003620_NC-27	HRA003620	DF.classifications_0.25_0.005_366	Singlet	pANN_0.25_0.005_366	0.255813953488372
HRA003620_AACCACAAGCTTTCTT-1_1	HRA003620_NC-27	HRA003620	DF.classifications_0.25_0.005_366	Singlet	pANN_0.25_0.005_366	0.0465116279069767
HRA003620_AACCACAAGGAGAATG-1_1	HRA003620_NC-27	HRA003620	DF.classifications_0.25_0.005_366	Singlet	pANN_0.25_0.005_366	0.255813953488372
HRA003620_AACCACAAGGGCAACT-1_1	HRA003620_NC-27	HRA003620	DF.classifications_0.25_0.005_366	Singlet	pANN_0.25_0.005_366	0.209302325581395
HRA003620_AACCACAAGGTCCTGC-1_1	HRA003620_NC-27	HRA003620	DF.classifications_0.25_0.005_366	Singlet	pANN_0.25_0.005_366	0.13953488372093
HRA003620_AACCACACATAGACTC-1_1	HRA003620_NC-27	HRA003620	DF.classifications_0.25_0.005_366	Singlet	pANN_0.25_0.005_366	0.255813953488372
HRA003620_AACCACAGTGCAGTGA-1_1	HRA003620_NC-27	HRA003620	DF.classifications_0.25_0.005_366	Singlet	pANN_0.25_0.005_366	0.209302325581395
HRA003620_AACCACAGTTGTAGCT-1_1	HRA003620_NC-27	HRA003620	DF.classifications_0.25_0.005_366	Doublet	pANN_0.25_0.005_366	0.465116279069767
HRA003620_AACCACATCCATCGTC-1_1	HRA003620_NC-27	HRA003620	DF.classifications_0.25_0.005_366	Singlet	pANN_0.25_0.005_366	0.162790697674419
HRA003620_AACCACATCCTTTAGT-1_1	HRA003620_NC-27	HRA003620	DF.classifications_0.25_0.005_366	Singlet	pANN_0.25_0.005_366	0.209302325581395
HRA003620_AACCACATCTCCAATT-1_1	HRA003620_NC-27	HRA003620	DF.classifications_0.25_0.005_366	Singlet	pANN_0.25_0.005_366	0
HRA003620_AACCATGAGGTTGGTG-1_1	HRA003620_NC-27	HRA003620	DF.classifications_0.25_0.005_366	Singlet	pANN_0.25_0.005_366	0.0465116279069767
HRA003620_AACCATGCACTGTCCT-1_1	HRA003620_NC-27	HRA003620	DF.classifications_0.25_0.005_366	Singlet	pANN_0.25_0.005_366	0
HRA003620_AACCATGCACTTGTGA-1_1	HRA003620_NC-27	HRA003620	DF.classifications_0.25_0.005_366	Singlet	pANN_0.25_0.005_366	0.116279069767442
HRA003620_AACCATGGTCCTCCAT-1_1	HRA003620_NC-27	HRA003620	DF.classifications_0.25_0.005_366	Singlet	pANN_0.25_0.005_366	0.0465116279069767
HRA003620_AACCATGTCACTCACC-1_1	HRA003620_NC-27	HRA003620	DF.classifications_0.25_0.005_366	Singlet	pANN_0.25_0.005_366	0.255813953488372
HRA003620_AACCATGTCCTGTACC-1_1	HRA003620_NC-27	HRA003620	DF.classifications_0.25_0.005_366	Singlet	pANN_0.25_0.005_366	0.325581395348837
HRA003620_AACCATGTCGTCCTCA-1_1	HRA003620_NC-27	HRA003620	DF.classifications_0.25_0.005_366	Singlet	pANN_0.25_0.005_366	0.186046511627907
HRA003620_AACCATGTCTAGTACG-1_1	HRA003620_NC-27	HRA003620	DF.classifications_0.25_0.005_366	Singlet	pANN_0.25_0.005_366	0.162790697674419
HRA003620_AACCCAAAGCCTCAAT-1_1	HRA003620_NC-27	HRA003620	DF.classifications_0.25_0.005_366	Singlet	pANN_0.25_0.005_366	0.116279069767442
HRA003620_AACCCAAAGCTGAGTG-1_1	HRA003620_NC-27	HRA003620	DF.classifications_0.25_0.005_366	Singlet	pANN_0.25_0.005_366	0.0697674418604651
HRA003620_AACCCAAAGTCGCGAA-1_1	HRA003620_NC-27	HRA003620	DF.classifications_0.25_0.005_366	Singlet	pANN_0.25_0.005_366	0.116279069767442
HRA003620_AACCCAAGTACCGGAA-1_1	HRA003620_NC-27	HRA003620	DF.classifications_0.25_0.005_366	Singlet	pANN_0.25_0.005_366	0
HRA003620_AACCCAAGTCCCGGTA-1_1	HRA003620_NC-27	HRA003620	DF.classifications_0.25_0.005_366	Singlet	pANN_0.25_0.005_366	0.0465116279069767
HRA003620_AACCCAATCTGTCGCT-1_1	HRA003620_NC-27	HRA003620	DF.classifications_0.25_0.005_366	Singlet	pANN_0.25_0.005_366	0.162790697674419
HRA003620_AACCTGAAGAAATTCG-1_1	HRA003620_NC-27	HRA003620	DF.classifications_0.25_0.005_366	Singlet	pANN_0.25_0.005_366	0.116279069767442
HRA003620_AACCTGAAGCGGCTCT-1_1	HRA003620_NC-27	HRA003620	DF.classifications_0.25_0.005_366	Singlet	pANN_0.25_0.005_366	0.232558139534884
HRA003620_AACCTGAAGCTGACTT-1_1	HRA003620_NC-27	HRA003620	DF.classifications_0.25_0.005_366	Singlet	pANN_0.25_0.005_366	0.13953488372093
HRA003620_AACCTGACAGATTAAG-1_1	HRA003620_NC-27	HRA003620	DF.classifications_0.25_0.005_366	Singlet	pANN_0.25_0.005_366	0.232558139534884
HRA003620_AACCTGACAGGTATGG-1_1	HRA003620_NC-27	HRA003620	DF.classifications_0.25_0.005_366	Singlet	pANN_0.25_0.005_366	0.0232558139534884
HRA003620_AACCTGACATACAGAA-1_1	HRA003620_NC-27	HRA003620	DF.classifications_0.25_0.005_366	Singlet	pANN_0.25_0.005_366	0.162790697674419
HRA003620_AACCTGATCCATACAG-1_1	HRA003620_NC-27	HRA003620	DF.classifications_0.25_0.005_366	Singlet	pANN_0.25_0.005_366	0.302325581395349
HRA003620_AACCTGATCCGGTAAT-1_1	HRA003620_NC-27	HRA003620	DF.classifications_0.25_0.005_366	Singlet	pANN_0.25_0.005_366	0.0930232558139535
HRA003620_AACCTTTAGCAAATGT-1_1	HRA003620_NC-27	HRA003620	DF.classifications_0.25_0.005_366	Singlet	pANN_0.25_0.005_366	0.325581395348837
HRA003620_AACCTTTCAATGAAAC-1_1	HRA003620_NC-27	HRA003620	DF.classifications_0.25_0.005_366	Singlet	pANN_0.25_0.005_366	0.255813953488372
HRA003620_AACCTTTCACCAGGTC-1_1	HRA003620_NC-27	HRA003620	DF.classifications_0.25_0.005_366	Singlet	pANN_0.25_0.005_366	0.116279069767442
HRA003620_AACCTTTGTAGCGTCC-1_1	HRA003620_NC-27	HRA003620	DF.classifications_0.25_0.005_366	Singlet	pANN_0.25_0.005_366	0.0930232558139535
HRA003620_AACCTTTGTGAGTCAG-1_1	HRA003620_NC-27	HRA003620	DF.classifications_0.25_0.005_366	Singlet	pANN_0.25_0.005_366	0.27906976744186
HRA003620_AACCTTTGTTTGGGTT-1_1	HRA003620_NC-27	HRA003620	DF.classifications_0.25_0.005_366	Singlet	pANN_0.25_0.005_366	0
HRA003620_AACCTTTTCTTCGATT-1_1	HRA003620_NC-27	HRA003620	DF.classifications_0.25_0.005_366	Doublet	pANN_0.25_0.005_366	0.581395348837209
HRA003620_AACGAAAGTAGCCAGA-1_1	HRA003620_NC-27	HRA003620	DF.classifications_0.25_0.005_366	Singlet	pANN_0.25_0.005_366	0.0697674418604651
HRA003620_AACGAAAGTTAAACAG-1_1	HRA003620_NC-27	HRA003620	DF.classifications_0.25_0.005_366	Doublet	pANN_0.25_0.005_366	0.465116279069767
HRA003620_AACGAAATCTAAGCCA-1_1	HRA003620_NC-27	HRA003620	DF.classifications_0.25_0.005_366	Singlet	pANN_0.25_0.005_366	0.209302325581395
HRA003620_AACGGGAAGACCAACG-1_1	HRA003620_NC-27	HRA003620	DF.classifications_0.25_0.005_366	Singlet	pANN_0.25_0.005_366	0.0930232558139535
HRA003620_AACGGGACAATAACCC-1_1	HRA003620_NC-27	HRA003620	DF.classifications_0.25_0.005_366	Singlet	pANN_0.25_0.005_366	0.0465116279069767
HRA003620_AACGGGAGTACCATAC-1_1	HRA003620_NC-27	HRA003620	DF.classifications_0.25_0.005_366	Singlet	pANN_0.25_0.005_366	0.13953488372093
HRA003620_AACGGGAGTATCATGC-1_1	HRA003620_NC-27	HRA003620	DF.classifications_0.25_0.005_366	Singlet	pANN_0.25_0.005_366	0.162790697674419
HRA003620_AACGGGAGTCGAAACG-1_1	HRA003620_NC-27	HRA003620	DF.classifications_0.25_0.005_366	Singlet	pANN_0.25_0.005_366	0.186046511627907
HRA003620_AACGGGATCACGAGGA-1_1	HRA003620_NC-27	HRA003620	DF.classifications_0.25_0.005_366	Singlet	pANN_0.25_0.005_366	0.0930232558139535
HRA003620_AACGTCAGTACAAGTA-1_1	HRA003620_NC-27	HRA003620	DF.classifications_0.25_0.005_366	Singlet	pANN_0.25_0.005_366	0.395348837209302
HRA003620_AACGTCATCGGCACTG-1_1	HRA003620_NC-27	HRA003620	DF.classifications_0.25_0.005_366	Singlet	pANN_0.25_0.005_366	0.209302325581395
HRA003620_AACTTCTCAAGGTCTT-1_1	HRA003620_NC-27	HRA003620	DF.classifications_0.25_0.005_366	Singlet	pANN_0.25_0.005_366	0.325581395348837
HRA003620_AACTTCTCACGGCCAT-1_1	HRA003620_NC-27	HRA003620	DF.classifications_0.25_0.005_366	Singlet	pANN_0.25_0.005_366	0.13953488372093
HRA003620_AACTTCTCATGGGTTT-1_1	HRA003620_NC-27	HRA003620	DF.classifications_0.25_0.005_366	Singlet	pANN_0.25_0.005_366	0.186046511627907
HRA003620_AACTTCTGTATGCTTG-1_1	HRA003620_NC-27	HRA003620	DF.classifications_0.25_0.005_366	Singlet	pANN_0.25_0.005_366	0.255813953488372
HRA003620_AACTTCTTCCACATAG-1_1	HRA003620_NC-27	HRA003620	DF.classifications_0.25_0.005_366	Singlet	pANN_0.25_0.005_366	0.232558139534884
HRA003620_AAGAACAAGGCGATAC-1_1	HRA003620_NC-27	HRA003620	DF.classifications_0.25_0.005_366	Singlet	pANN_0.25_0.005_366	0.13953488372093
HRA003620_AAGAACAAGTACGAGC-1_1	HRA003620_NC-27	HRA003620	DF.classifications_0.25_0.005_366	Singlet	pANN_0.25_0.005_366	0.209302325581395
HRA003620_AAGAACACACGAAGAC-1_1	HRA003620_NC-27	HRA003620	DF.classifications_0.25_0.005_366	Singlet	pANN_0.25_0.005_366	0.0232558139534884
HRA003620_AAGAACACATTGTACG-1_1	HRA003620_NC-27	HRA003620	DF.classifications_0.25_0.005_366	Singlet	pANN_0.25_0.005_366	0.186046511627907
HRA003620_AAGAACAGTTCCTAGA-1_1	HRA003620_NC-27	HRA003620	DF.classifications_0.25_0.005_366	Singlet	pANN_0.25_0.005_366	0.302325581395349
HRA003620_AAGACAAAGACCTTTG-1_1	HRA003620_NC-27	HRA003620	DF.classifications_0.25_0.005_366	Singlet	pANN_0.25_0.005_366	0.209302325581395
HRA003620_AAGACAAAGATCGGTG-1_1	HRA003620_NC-27	HRA003620	DF.classifications_0.25_0.005_366	Singlet	pANN_0.25_0.005_366	0.372093023255814
HRA003620_AAGACAAAGCCACTCG-1_1	HRA003620_NC-27	HRA003620	DF.classifications_0.25_0.005_366	Singlet	pANN_0.25_0.005_366	0.0930232558139535
HRA003620_AAGACAAAGCGTATAA-1_1	HRA003620_NC-27	HRA003620	DF.classifications_0.25_0.005_366	Singlet	pANN_0.25_0.005_366	0.0930232558139535
HRA003620_AAGACAAAGGGATGTC-1_1	HRA003620_NC-27	HRA003620	DF.classifications_0.25_0.005_366	Doublet	pANN_0.25_0.005_366	0.534883720930233
HRA003620_AAGACAACAAGCAGGT-1_1	HRA003620_NC-27	HRA003620	DF.classifications_0.25_0.005_366	Singlet	pANN_0.25_0.005_366	0.0465116279069767
HRA003620_AAGACAACACAAACGG-1_1	HRA003620_NC-27	HRA003620	DF.classifications_0.25_0.005_366	Singlet	pANN_0.25_0.005_366	0.209302325581395
HRA003620_AAGACAACAGAGGCAT-1_1	HRA003620_NC-27	HRA003620	DF.classifications_0.25_0.005_366	Singlet	pANN_0.25_0.005_366	0.27906976744186
HRA003620_AAGACAAGTCCTGTCT-1_1	HRA003620_NC-27	HRA003620	DF.classifications_0.25_0.005_366	Doublet	pANN_0.25_0.005_366	0.465116279069767
HRA003620_AAGACAAGTGCTCGTG-1_1	HRA003620_NC-27	HRA003620	DF.classifications_0.25_0.005_366	Singlet	pANN_0.25_0.005_366	0.209302325581395
HRA003620_AAGACAAGTTCCCAAA-1_1	HRA003620_NC-27	HRA003620	DF.classifications_0.25_0.005_366	Singlet	pANN_0.25_0.005_366	0.162790697674419
HRA003620_AAGACAAGTTTCACAG-1_1	HRA003620_NC-27	HRA003620	DF.classifications_0.25_0.005_366	Singlet	pANN_0.25_0.005_366	0.0697674418604651
HRA003620_AAGACAAGTTTGCAGT-1_1	HRA003620_NC-27	HRA003620	DF.classifications_0.25_0.005_366	Singlet	pANN_0.25_0.005_366	0.0232558139534884
HRA003620_AAGACAATCGGCATTA-1_1	HRA003620_NC-27	HRA003620	DF.classifications_0.25_0.005_366	Singlet	pANN_0.25_0.005_366	0.372093023255814
HRA003620_AAGACTCAGCACGATG-1_1	HRA003620_NC-27	HRA003620	DF.classifications_0.25_0.005_366	Singlet	pANN_0.25_0.005_366	0
HRA003620_AAGACTCGTGTGGACA-1_1	HRA003620_NC-27	HRA003620	DF.classifications_0.25_0.005_366	Doublet	pANN_0.25_0.005_366	0.418604651162791
HRA003620_AAGACTCGTTAGAAAC-1_1	HRA003620_NC-27	HRA003620	DF.classifications_0.25_0.005_366	Singlet	pANN_0.25_0.005_366	0.13953488372093
HRA003620_AAGACTCGTTGAATCC-1_1	HRA003620_NC-27	HRA003620	DF.classifications_0.25_0.005_366	Singlet	pANN_0.25_0.005_366	0.27906976744186
HRA003620_AAGACTCTCCATGAGT-1_1	HRA003620_NC-27	HRA003620	DF.classifications_0.25_0.005_366	Singlet	pANN_0.25_0.005_366	0.0930232558139535
HRA003620_AAGACTCTCGGTATGT-1_1	HRA003620_NC-27	HRA003620	DF.classifications_0.25_0.005_366	Singlet	pANN_0.25_0.005_366	0.232558139534884
HRA003620_AAGATAGCACTGAATC-1_1	HRA003620_NC-27	HRA003620	DF.classifications_0.25_0.005_366	Singlet	pANN_0.25_0.005_366	0.372093023255814
HRA003620_AAGATAGCATTCACCC-1_1	HRA003620_NC-27	HRA003620	DF.classifications_0.25_0.005_366	Singlet	pANN_0.25_0.005_366	0.232558139534884
HRA003620_AAGATAGGTTAGAGTA-1_1	HRA003620_NC-27	HRA003620	DF.classifications_0.25_0.005_366	Singlet	pANN_0.25_0.005_366	0.186046511627907
HRA003620_AAGATAGTCAAGAGTA-1_1	HRA003620_NC-27	HRA003620	DF.classifications_0.25_0.005_366	Singlet	pANN_0.25_0.005_366	0.232558139534884
HRA003620_AAGATAGTCTCCGTGT-1_1	HRA003620_NC-27	HRA003620	DF.classifications_0.25_0.005_366	Singlet	pANN_0.25_0.005_366	0
HRA003620_AAGCATCAGCATCCCG-1_1	HRA003620_NC-27	HRA003620	DF.classifications_0.25_0.005_366	Singlet	pANN_0.25_0.005_366	0.232558139534884
HRA003620_AAGCATCCAATGGCCC-1_1	HRA003620_NC-27	HRA003620	DF.classifications_0.25_0.005_366	Singlet	pANN_0.25_0.005_366	0.395348837209302
HRA003620_AAGCATCGTCGAATTC-1_1	HRA003620_NC-27	HRA003620	DF.classifications_0.25_0.005_366	Singlet	pANN_0.25_0.005_366	0.13953488372093
HRA003620_AAGCATCGTGGCACTC-1_1	HRA003620_NC-27	HRA003620	DF.classifications_0.25_0.005_366	Singlet	pANN_0.25_0.005_366	0.0232558139534884
HRA003620_AAGCATCGTTCGGGTC-1_1	HRA003620_NC-27	HRA003620	DF.classifications_0.25_0.005_366	Singlet	pANN_0.25_0.005_366	0.232558139534884
HRA003620_AAGCATCTCACCATAG-1_1	HRA003620_NC-27	HRA003620	DF.classifications_0.25_0.005_366	Doublet	pANN_0.25_0.005_366	0.418604651162791
HRA003620_AAGCCATAGCCGTCGT-1_1	HRA003620_NC-27	HRA003620	DF.classifications_0.25_0.005_366	Singlet	pANN_0.25_0.005_366	0
HRA003620_AAGCCATAGTTCAACC-1_1	HRA003620_NC-27	HRA003620	DF.classifications_0.25_0.005_366	Singlet	pANN_0.25_0.005_366	0.0697674418604651
HRA003620_AAGCCATCATTGCAAC-1_1	HRA003620_NC-27	HRA003620	DF.classifications_0.25_0.005_366	Singlet	pANN_0.25_0.005_366	0.27906976744186
HRA003620_AAGCGAGAGCGAATGC-1_1	HRA003620_NC-27	HRA003620	DF.classifications_0.25_0.005_366	Doublet	pANN_0.25_0.005_366	0.465116279069767
HRA003620_AAGCGAGAGCTACAAA-1_1	HRA003620_NC-27	HRA003620	DF.classifications_0.25_0.005_366	Singlet	pANN_0.25_0.005_366	0.162790697674419
HRA003620_AAGCGAGAGTCACGCC-1_1	HRA003620_NC-27	HRA003620	DF.classifications_0.25_0.005_366	Singlet	pANN_0.25_0.005_366	0.13953488372093
HRA003620_AAGCGAGAGTGGTTAA-1_1	HRA003620_NC-27	HRA003620	DF.classifications_0.25_0.005_366	Singlet	pANN_0.25_0.005_366	0
HRA003620_AAGCGAGCAGTCTGGC-1_1	HRA003620_NC-27	HRA003620	DF.classifications_0.25_0.005_366	Singlet	pANN_0.25_0.005_366	0.348837209302326
HRA003620_AAGCGAGGTACGGATG-1_1	HRA003620_NC-27	HRA003620	DF.classifications_0.25_0.005_366	Singlet	pANN_0.25_0.005_366	0
HRA003620_AAGCGAGGTCTGCGCA-1_1	HRA003620_NC-27	HRA003620	DF.classifications_0.25_0.005_366	Singlet	pANN_0.25_0.005_366	0.372093023255814
HRA003620_AAGCGAGGTCTGTAGT-1_1	HRA003620_NC-27	HRA003620	DF.classifications_0.25_0.005_366	Singlet	pANN_0.25_0.005_366	0.0930232558139535
HRA003620_AAGCGTTAGAAATGGG-1_1	HRA003620_NC-27	HRA003620	DF.classifications_0.25_0.005_366	Singlet	pANN_0.25_0.005_366	0.209302325581395
HRA003620_AAGCGTTAGCCGTTAT-1_1	HRA003620_NC-27	HRA003620	DF.classifications_0.25_0.005_366	Singlet	pANN_0.25_0.005_366	0.255813953488372
HRA003620_AAGCGTTCACCCTAGG-1_1	HRA003620_NC-27	HRA003620	DF.classifications_0.25_0.005_366	Singlet	pANN_0.25_0.005_366	0.0930232558139535
HRA003620_AAGCGTTGTATTGCCA-1_1	HRA003620_NC-27	HRA003620	DF.classifications_0.25_0.005_366	Singlet	pANN_0.25_0.005_366	0
HRA003620_AAGCGTTTCAGACAAA-1_1	HRA003620_NC-27	HRA003620	DF.classifications_0.25_0.005_366	Singlet	pANN_0.25_0.005_366	0
HRA003620_AAGCGTTTCGCGCTGA-1_1	HRA003620_NC-27	HRA003620	DF.classifications_0.25_0.005_366	Singlet	pANN_0.25_0.005_366	0
HRA003620_AAGGAATAGACGTCGA-1_1	HRA003620_NC-27	HRA003620	DF.classifications_0.25_0.005_366	Singlet	pANN_0.25_0.005_366	0
HRA003620_AAGGAATAGCGACCCT-1_1	HRA003620_NC-27	HRA003620	DF.classifications_0.25_0.005_366	Singlet	pANN_0.25_0.005_366	0.348837209302326
HRA003620_AAGGAATAGTAGCAAT-1_1	HRA003620_NC-27	HRA003620	DF.classifications_0.25_0.005_366	Singlet	pANN_0.25_0.005_366	0.27906976744186
HRA003620_AAGGAATCAAATGATG-1_1	HRA003620_NC-27	HRA003620	DF.classifications_0.25_0.005_366	Singlet	pANN_0.25_0.005_366	0.0930232558139535
HRA003620_AAGGAATGTATCAGCT-1_1	HRA003620_NC-27	HRA003620	DF.classifications_0.25_0.005_366	Singlet	pANN_0.25_0.005_366	0.0232558139534884
HRA003620_AAGGAATTCACAAGAA-1_1	HRA003620_NC-27	HRA003620	DF.classifications_0.25_0.005_366	Singlet	pANN_0.25_0.005_366	0.186046511627907
HRA003620_AAGGAATTCACTTGTT-1_1	HRA003620_NC-27	HRA003620	DF.classifications_0.25_0.005_366	Singlet	pANN_0.25_0.005_366	0.27906976744186
HRA003620_AAGGAATTCATGCTAG-1_1	HRA003620_NC-27	HRA003620	DF.classifications_0.25_0.005_366	Singlet	pANN_0.25_0.005_366	0.209302325581395
HRA003620_AAGGAATTCGCATTGA-1_1	HRA003620_NC-27	HRA003620	DF.classifications_0.25_0.005_366	Singlet	pANN_0.25_0.005_366	0.0930232558139535
HRA003620_AAGGTAAAGCAAGTCG-1_1	HRA003620_NC-27	HRA003620	DF.classifications_0.25_0.005_366	Singlet	pANN_0.25_0.005_366	0.0232558139534884
HRA003620_AAGGTAAAGTTCACTG-1_1	HRA003620_NC-27	HRA003620	DF.classifications_0.25_0.005_366	Singlet	pANN_0.25_0.005_366	0.0697674418604651
HRA003620_AAGGTAACACTACACA-1_1	HRA003620_NC-27	HRA003620	DF.classifications_0.25_0.005_366	Singlet	pANN_0.25_0.005_366	0.302325581395349
HRA003620_AAGGTAACATCATCTT-1_1	HRA003620_NC-27	HRA003620	DF.classifications_0.25_0.005_366	Singlet	pANN_0.25_0.005_366	0.209302325581395
HRA003620_AAGGTAATCATGGCCG-1_1	HRA003620_NC-27	HRA003620	DF.classifications_0.25_0.005_366	Singlet	pANN_0.25_0.005_366	0.162790697674419
HRA003620_AAGGTAATCCAAAGGG-1_1	HRA003620_NC-27	HRA003620	DF.classifications_0.25_0.005_366	Singlet	pANN_0.25_0.005_366	0
HRA003620_AAGGTAATCTTACTGT-1_1	HRA003620_NC-27	HRA003620	DF.classifications_0.25_0.005_366	Singlet	pANN_0.25_0.005_366	0
HRA003620_AAGGTAATCTTCTGGC-1_1	HRA003620_NC-27	HRA003620	DF.classifications_0.25_0.005_366	Singlet	pANN_0.25_0.005_366	0.255813953488372
HRA003620_AAGTACCCAGCACAAG-1_1	HRA003620_NC-27	HRA003620	DF.classifications_0.25_0.005_366	Doublet	pANN_0.25_0.005_366	0.488372093023256
HRA003620_AAGTACCCATAGAGGC-1_1	HRA003620_NC-27	HRA003620	DF.classifications_0.25_0.005_366	Doublet	pANN_0.25_0.005_366	0.511627906976744
HRA003620_AAGTACCGTAGAATAC-1_1	HRA003620_NC-27	HRA003620	DF.classifications_0.25_0.005_366	Singlet	pANN_0.25_0.005_366	0.372093023255814
HRA003620_AAGTACCGTTCTTCAT-1_1	HRA003620_NC-27	HRA003620	DF.classifications_0.25_0.005_366	Singlet	pANN_0.25_0.005_366	0.27906976744186
HRA003620_AAGTACCTCCGTCAAA-1_1	HRA003620_NC-27	HRA003620	DF.classifications_0.25_0.005_366	Singlet	pANN_0.25_0.005_366	0.255813953488372
HRA003620_AAGTACCTCTGGCCTT-1_1	HRA003620_NC-27	HRA003620	DF.classifications_0.25_0.005_366	Singlet	pANN_0.25_0.005_366	0.0697674418604651
HRA003620_AAGTCGTCACGTTGGC-1_1	HRA003620_NC-27	HRA003620	DF.classifications_0.25_0.005_366	Singlet	pANN_0.25_0.005_366	0.186046511627907
HRA003620_AAGTCGTGTCTATGAC-1_1	HRA003620_NC-27	HRA003620	DF.classifications_0.25_0.005_366	Singlet	pANN_0.25_0.005_366	0.232558139534884
HRA003620_AAGTCGTGTCTCACGG-1_1	HRA003620_NC-27	HRA003620	DF.classifications_0.25_0.005_366	Singlet	pANN_0.25_0.005_366	0.186046511627907
HRA003620_AAGTCGTTCACTGTTT-1_1	HRA003620_NC-27	HRA003620	DF.classifications_0.25_0.005_366	Singlet	pANN_0.25_0.005_366	0.209302325581395
HRA003620_AAGTCGTTCATCACAG-1_1	HRA003620_NC-27	HRA003620	DF.classifications_0.25_0.005_366	Singlet	pANN_0.25_0.005_366	0.162790697674419
HRA003620_AAGTCGTTCGCCAGAC-1_1	HRA003620_NC-27	HRA003620	DF.classifications_0.25_0.005_366	Singlet	pANN_0.25_0.005_366	0.348837209302326
HRA003620_AAGTCGTTCTCTCAAT-1_1	HRA003620_NC-27	HRA003620	DF.classifications_0.25_0.005_366	Singlet	pANN_0.25_0.005_366	0.27906976744186
HRA003620_AAGTGAAAGATACTGA-1_1	HRA003620_NC-27	HRA003620	DF.classifications_0.25_0.005_366	Singlet	pANN_0.25_0.005_366	0.116279069767442
HRA003620_AAGTGAAGTCTGCGCA-1_1	HRA003620_NC-27	HRA003620	DF.classifications_0.25_0.005_366	Singlet	pANN_0.25_0.005_366	0.232558139534884
HRA003620_AAGTGAATCAATCTCT-1_1	HRA003620_NC-27	HRA003620	DF.classifications_0.25_0.005_366	Singlet	pANN_0.25_0.005_366	0.0232558139534884
HRA003620_AAGTGAATCAATGCAC-1_1	HRA003620_NC-27	HRA003620	DF.classifications_0.25_0.005_366	Singlet	pANN_0.25_0.005_366	0.209302325581395
HRA003620_AAGTTCGAGTCTTGGT-1_1	HRA003620_NC-27	HRA003620	DF.classifications_0.25_0.005_366	Singlet	pANN_0.25_0.005_366	0.162790697674419
HRA003620_AAGTTCGCATACAGCT-1_1	HRA003620_NC-27	HRA003620	DF.classifications_0.25_0.005_366	Singlet	pANN_0.25_0.005_366	0.186046511627907
HRA003620_AAGTTCGGTCAGACGA-1_1	HRA003620_NC-27	HRA003620	DF.classifications_0.25_0.005_366	Singlet	pANN_0.25_0.005_366	0.0232558139534884
HRA003620_AAGTTCGGTCCTGGTG-1_1	HRA003620_NC-27	HRA003620	DF.classifications_0.25_0.005_366	Singlet	pANN_0.25_0.005_366	0.209302325581395
HRA003620_AAGTTCGGTGCTCTTC-1_1	HRA003620_NC-27	HRA003620	DF.classifications_0.25_0.005_366	Singlet	pANN_0.25_0.005_366	0.0465116279069767
HRA003620_AAGTTCGTCAAAGAAC-1_1	HRA003620_NC-27	HRA003620	DF.classifications_0.25_0.005_366	Singlet	pANN_0.25_0.005_366	0.0697674418604651
HRA003620_AAGTTCGTCGGAAACG-1_1	HRA003620_NC-27	HRA003620	DF.classifications_0.25_0.005_366	Singlet	pANN_0.25_0.005_366	0.232558139534884
HRA003620_AAGTTCGTCGTTCTGC-1_1	HRA003620_NC-27	HRA003620	DF.classifications_0.25_0.005_366	Singlet	pANN_0.25_0.005_366	0.255813953488372
HRA003620_AATAGAGAGACCATGG-1_1	HRA003620_NC-27	HRA003620	DF.classifications_0.25_0.005_366	Singlet	pANN_0.25_0.005_366	0.0697674418604651
HRA003620_AATAGAGAGAGAAGGT-1_1	HRA003620_NC-27	HRA003620	DF.classifications_0.25_0.005_366	Singlet	pANN_0.25_0.005_366	0.27906976744186
HRA003620_AATAGAGAGGGAGATA-1_1	HRA003620_NC-27	HRA003620	DF.classifications_0.25_0.005_366	Singlet	pANN_0.25_0.005_366	0.186046511627907
HRA003620_AATAGAGAGGGTACAC-1_1	HRA003620_NC-27	HRA003620	DF.classifications_0.25_0.005_366	Singlet	pANN_0.25_0.005_366	0.0232558139534884
HRA003620_AATAGAGCAACAACAA-1_1	HRA003620_NC-27	HRA003620	DF.classifications_0.25_0.005_366	Singlet	pANN_0.25_0.005_366	0.232558139534884
HRA003620_AATAGAGGTCAATCTG-1_1	HRA003620_NC-27	HRA003620	DF.classifications_0.25_0.005_366	Doublet	pANN_0.25_0.005_366	0.790697674418605
HRA003620_AATAGAGGTTCGTGCG-1_1	HRA003620_NC-27	HRA003620	DF.classifications_0.25_0.005_366	Singlet	pANN_0.25_0.005_366	0
HRA003620_AATAGAGGTTCTCTCG-1_1	HRA003620_NC-27	HRA003620	DF.classifications_0.25_0.005_366	Doublet	pANN_0.25_0.005_366	0.534883720930233
HRA003620_AATAGAGTCTCAGTCC-1_1	HRA003620_NC-27	HRA003620	DF.classifications_0.25_0.005_366	Singlet	pANN_0.25_0.005_366	0.0465116279069767
HRA003620_AATCACGAGGGAGGAC-1_1	HRA003620_NC-27	HRA003620	DF.classifications_0.25_0.005_366	Singlet	pANN_0.25_0.005_366	0.27906976744186
HRA003620_AATCACGAGGTATTGA-1_1	HRA003620_NC-27	HRA003620	DF.classifications_0.25_0.005_366	Singlet	pANN_0.25_0.005_366	0.27906976744186
HRA003620_AATCACGGTATAGGAT-1_1	HRA003620_NC-27	HRA003620	DF.classifications_0.25_0.005_366	Singlet	pANN_0.25_0.005_366	0.209302325581395
HRA003620_AATCACGGTATAGGGC-1_1	HRA003620_NC-27	HRA003620	DF.classifications_0.25_0.005_366	Singlet	pANN_0.25_0.005_366	0
HRA003620_AATCACGGTCTAATCG-1_1	HRA003620_NC-27	HRA003620	DF.classifications_0.25_0.005_366	Singlet	pANN_0.25_0.005_366	0
HRA003620_AATCACGTCACTGTCC-1_1	HRA003620_NC-27	HRA003620	DF.classifications_0.25_0.005_366	Singlet	pANN_0.25_0.005_366	0.372093023255814
HRA003620_AATCACGTCTTAGCCC-1_1	HRA003620_NC-27	HRA003620	DF.classifications_0.25_0.005_366	Singlet	pANN_0.25_0.005_366	0.162790697674419
HRA003620_AATCGACAGAAGTGTT-1_1	HRA003620_NC-27	HRA003620	DF.classifications_0.25_0.005_366	Singlet	pANN_0.25_0.005_366	0.209302325581395
HRA003620_AATCGACAGCACTCGC-1_1	HRA003620_NC-27	HRA003620	DF.classifications_0.25_0.005_366	Singlet	pANN_0.25_0.005_366	0.186046511627907
HRA003620_AATCGACAGCCAAGTG-1_1	HRA003620_NC-27	HRA003620	DF.classifications_0.25_0.005_366	Singlet	pANN_0.25_0.005_366	0.0465116279069767
HRA003620_AATCGACAGCGATCGA-1_1	HRA003620_NC-27	HRA003620	DF.classifications_0.25_0.005_366	Singlet	pANN_0.25_0.005_366	0.209302325581395
HRA003620_AATCGACAGTAAGAGG-1_1	HRA003620_NC-27	HRA003620	DF.classifications_0.25_0.005_366	Singlet	pANN_0.25_0.005_366	0
HRA003620_AATCGACTCAGGAACG-1_1	HRA003620_NC-27	HRA003620	DF.classifications_0.25_0.005_366	Singlet	pANN_0.25_0.005_366	0.116279069767442
HRA003620_AATCGACTCCATACAG-1_1	HRA003620_NC-27	HRA003620	DF.classifications_0.25_0.005_366	Singlet	pANN_0.25_0.005_366	0.325581395348837
HRA003620_AATCGACTCCATGAGT-1_1	HRA003620_NC-27	HRA003620	DF.classifications_0.25_0.005_366	Singlet	pANN_0.25_0.005_366	0.116279069767442
HRA003620_AATCGTGAGAAGCGGG-1_1	HRA003620_NC-27	HRA003620	DF.classifications_0.25_0.005_366	Singlet	pANN_0.25_0.005_366	0
HRA003620_AATCGTGCACATTCTT-1_1	HRA003620_NC-27	HRA003620	DF.classifications_0.25_0.005_366	Singlet	pANN_0.25_0.005_366	0.162790697674419
HRA003620_AATGAAGAGCCTGTGC-1_1	HRA003620_NC-27	HRA003620	DF.classifications_0.25_0.005_366	Singlet	pANN_0.25_0.005_366	0.27906976744186
HRA003620_AATGAAGAGCTCGACC-1_1	HRA003620_NC-27	HRA003620	DF.classifications_0.25_0.005_366	Singlet	pANN_0.25_0.005_366	0.116279069767442
HRA003620_AATGAAGAGGCTTAGG-1_1	HRA003620_NC-27	HRA003620	DF.classifications_0.25_0.005_366	Singlet	pANN_0.25_0.005_366	0.255813953488372
HRA003620_AATGAAGCATTGGATC-1_1	HRA003620_NC-27	HRA003620	DF.classifications_0.25_0.005_366	Singlet	pANN_0.25_0.005_366	0.186046511627907
HRA003620_AATGAAGTCTAGCCAA-1_1	HRA003620_NC-27	HRA003620	DF.classifications_0.25_0.005_366	Singlet	pANN_0.25_0.005_366	0.372093023255814
HRA003620_AATGAAGTCTCTCCGA-1_1	HRA003620_NC-27	HRA003620	DF.classifications_0.25_0.005_366	Singlet	pANN_0.25_0.005_366	0.13953488372093
HRA003620_AATGACCAGCTGACTT-1_1	HRA003620_NC-27	HRA003620	DF.classifications_0.25_0.005_366	Singlet	pANN_0.25_0.005_366	0.348837209302326
HRA003620_AATGACCAGCTTTCCC-1_1	HRA003620_NC-27	HRA003620	DF.classifications_0.25_0.005_366	Singlet	pANN_0.25_0.005_366	0.255813953488372
HRA003620_AATGACCAGTCTAGCT-1_1	HRA003620_NC-27	HRA003620	DF.classifications_0.25_0.005_366	Singlet	pANN_0.25_0.005_366	0.116279069767442
HRA003620_AATGACCGTCACTACA-1_1	HRA003620_NC-27	HRA003620	DF.classifications_0.25_0.005_366	Singlet	pANN_0.25_0.005_366	0.0930232558139535
HRA003620_AATGACCGTTGTAGCT-1_1	HRA003620_NC-27	HRA003620	DF.classifications_0.25_0.005_366	Singlet	pANN_0.25_0.005_366	0.116279069767442
HRA003620_AATGACCTCAGTCAGT-1_1	HRA003620_NC-27	HRA003620	DF.classifications_0.25_0.005_366	Singlet	pANN_0.25_0.005_366	0.232558139534884
HRA003620_AATGCCAAGACCACGA-1_1	HRA003620_NC-27	HRA003620	DF.classifications_0.25_0.005_366	Singlet	pANN_0.25_0.005_366	0.162790697674419
HRA003620_AATGCCAAGGTCGTGA-1_1	HRA003620_NC-27	HRA003620	DF.classifications_0.25_0.005_366	Singlet	pANN_0.25_0.005_366	0.116279069767442
HRA003620_AATGCCAAGTGTTGTC-1_1	HRA003620_NC-27	HRA003620	DF.classifications_0.25_0.005_366	Singlet	pANN_0.25_0.005_366	0.0697674418604651
HRA003620_AATGCCAGTCGGTGTC-1_1	HRA003620_NC-27	HRA003620	DF.classifications_0.25_0.005_366	Singlet	pANN_0.25_0.005_366	0.13953488372093
HRA003620_AATGCCAGTTTAGACC-1_1	HRA003620_NC-27	HRA003620	DF.classifications_0.25_0.005_366	Singlet	pANN_0.25_0.005_366	0.162790697674419
HRA003620_AATGCCATCCGTACGG-1_1	HRA003620_NC-27	HRA003620	DF.classifications_0.25_0.005_366	Doublet	pANN_0.25_0.005_366	0.511627906976744
HRA003620_AATGCCATCTCCGAAA-1_1	HRA003620_NC-27	HRA003620	DF.classifications_0.25_0.005_366	Singlet	pANN_0.25_0.005_366	0.0232558139534884
HRA003620_AATGGAAAGACAACAT-1_1	HRA003620_NC-27	HRA003620	DF.classifications_0.25_0.005_366	Singlet	pANN_0.25_0.005_366	0.186046511627907
HRA003620_AATGGAAGTACGTAGG-1_1	HRA003620_NC-27	HRA003620	DF.classifications_0.25_0.005_366	Singlet	pANN_0.25_0.005_366	0.232558139534884
HRA003620_AATGGAATCTCATTGT-1_1	HRA003620_NC-27	HRA003620	DF.classifications_0.25_0.005_366	Singlet	pANN_0.25_0.005_366	0.372093023255814
HRA003620_AATGGAATCTGACGCG-1_1	HRA003620_NC-27	HRA003620	DF.classifications_0.25_0.005_366	Singlet	pANN_0.25_0.005_366	0.162790697674419
HRA003620_AATGGCTAGCAAGCCA-1_1	HRA003620_NC-27	HRA003620	DF.classifications_0.25_0.005_366	Singlet	pANN_0.25_0.005_366	0.116279069767442
HRA003620_AATGGCTAGGCAGGGA-1_1	HRA003620_NC-27	HRA003620	DF.classifications_0.25_0.005_366	Singlet	pANN_0.25_0.005_366	0.116279069767442
HRA003620_AATGGCTCACGATTCA-1_1	HRA003620_NC-27	HRA003620	DF.classifications_0.25_0.005_366	Doublet	pANN_0.25_0.005_366	0.627906976744186
HRA003620_AATGGCTCACTGCACG-1_1	HRA003620_NC-27	HRA003620	DF.classifications_0.25_0.005_366	Singlet	pANN_0.25_0.005_366	0.209302325581395
HRA003620_AATGGCTGTCATATGC-1_1	HRA003620_NC-27	HRA003620	DF.classifications_0.25_0.005_366	Singlet	pANN_0.25_0.005_366	0.116279069767442
HRA003620_AATGGCTGTTCCTAAG-1_1	HRA003620_NC-27	HRA003620	DF.classifications_0.25_0.005_366	Singlet	pANN_0.25_0.005_366	0.162790697674419
HRA003620_AATGGCTGTTGCACGC-1_1	HRA003620_NC-27	HRA003620	DF.classifications_0.25_0.005_366	Singlet	pANN_0.25_0.005_366	0.116279069767442
HRA003620_AATGGCTTCAACTGGT-1_1	HRA003620_NC-27	HRA003620	DF.classifications_0.25_0.005_366	Doublet	pANN_0.25_0.005_366	0.581395348837209
HRA003620_AATGGCTTCATGTCTT-1_1	HRA003620_NC-27	HRA003620	DF.classifications_0.25_0.005_366	Singlet	pANN_0.25_0.005_366	0.0697674418604651
HRA003620_AATTCCTAGACTCATC-1_1	HRA003620_NC-27	HRA003620	DF.classifications_0.25_0.005_366	Singlet	pANN_0.25_0.005_366	0.162790697674419
HRA003620_AATTCCTAGCCTGTGC-1_1	HRA003620_NC-27	HRA003620	DF.classifications_0.25_0.005_366	Singlet	pANN_0.25_0.005_366	0.27906976744186
HRA003620_AATTCCTCAAGCAGGT-1_1	HRA003620_NC-27	HRA003620	DF.classifications_0.25_0.005_366	Singlet	pANN_0.25_0.005_366	0.232558139534884
HRA003620_AATTCCTCAGTAGTGG-1_1	HRA003620_NC-27	HRA003620	DF.classifications_0.25_0.005_366	Doublet	pANN_0.25_0.005_366	0.534883720930233
HRA003620_AATTCCTGTTACGATC-1_1	HRA003620_NC-27	HRA003620	DF.classifications_0.25_0.005_366	Singlet	pANN_0.25_0.005_366	0.13953488372093
HRA003620_AATTTCCAGATACTGA-1_1	HRA003620_NC-27	HRA003620	DF.classifications_0.25_0.005_366	Singlet	pANN_0.25_0.005_366	0
HRA003620_AATTTCCAGCACGGAT-1_1	HRA003620_NC-27	HRA003620	DF.classifications_0.25_0.005_366	Singlet	pANN_0.25_0.005_366	0.13953488372093
HRA003620_AATTTCCAGGTGATCG-1_1	HRA003620_NC-27	HRA003620	DF.classifications_0.25_0.005_366	Singlet	pANN_0.25_0.005_366	0.0232558139534884
HRA003620_AATTTCCCAAGAAATC-1_1	HRA003620_NC-27	HRA003620	DF.classifications_0.25_0.005_366	Singlet	pANN_0.25_0.005_366	0.116279069767442
HRA003620_AATTTCCCAATACCTG-1_1	HRA003620_NC-27	HRA003620	DF.classifications_0.25_0.005_366	Singlet	pANN_0.25_0.005_366	0.232558139534884
HRA003620_AATTTCCGTCGATTTG-1_1	HRA003620_NC-27	HRA003620	DF.classifications_0.25_0.005_366	Singlet	pANN_0.25_0.005_366	0.302325581395349
HRA003620_AATTTCCGTCTTCCGT-1_1	HRA003620_NC-27	HRA003620	DF.classifications_0.25_0.005_366	Singlet	pANN_0.25_0.005_366	0.13953488372093
HRA003620_AATTTCCGTGTTTGCA-1_1	HRA003620_NC-27	HRA003620	DF.classifications_0.25_0.005_366	Singlet	pANN_0.25_0.005_366	0.186046511627907
HRA003620_AATTTCCTCAATCAGC-1_1	HRA003620_NC-27	HRA003620	DF.classifications_0.25_0.005_366	Singlet	pANN_0.25_0.005_366	0.209302325581395
HRA003620_AATTTCCTCCACTGGG-1_1	HRA003620_NC-27	HRA003620	DF.classifications_0.25_0.005_366	Singlet	pANN_0.25_0.005_366	0.27906976744186
HRA003620_AATTTCCTCGGTCGAC-1_1	HRA003620_NC-27	HRA003620	DF.classifications_0.25_0.005_366	Singlet	pANN_0.25_0.005_366	0.186046511627907
HRA003620_AATTTCCTCTATTTCG-1_1	HRA003620_NC-27	HRA003620	DF.classifications_0.25_0.005_366	Singlet	pANN_0.25_0.005_366	0.116279069767442
HRA003620_ACAAAGAAGCGCCCAT-1_1	HRA003620_NC-27	HRA003620	DF.classifications_0.25_0.005_366	Singlet	pANN_0.25_0.005_366	0
HRA003620_ACAAAGACAAACGGCA-1_1	HRA003620_NC-27	HRA003620	DF.classifications_0.25_0.005_366	Singlet	pANN_0.25_0.005_366	0.0232558139534884
HRA003620_ACAAAGACAATACGCT-1_1	HRA003620_NC-27	HRA003620	DF.classifications_0.25_0.005_366	Doublet	pANN_0.25_0.005_366	0.465116279069767
HRA003620_ACAAAGACACGATAGG-1_1	HRA003620_NC-27	HRA003620	DF.classifications_0.25_0.005_366	Singlet	pANN_0.25_0.005_366	0.186046511627907
HRA003620_ACAAAGACACGCGCAT-1_1	HRA003620_NC-27	HRA003620	DF.classifications_0.25_0.005_366	Singlet	pANN_0.25_0.005_366	0
HRA003620_ACAAAGAGTGACATCT-1_1	HRA003620_NC-27	HRA003620	DF.classifications_0.25_0.005_366	Singlet	pANN_0.25_0.005_366	0.186046511627907
HRA003620_ACAAAGATCGAGCTGC-1_1	HRA003620_NC-27	HRA003620	DF.classifications_0.25_0.005_366	Singlet	pANN_0.25_0.005_366	0
HRA003620_ACAAAGATCTGCGAGC-1_1	HRA003620_NC-27	HRA003620	DF.classifications_0.25_0.005_366	Singlet	pANN_0.25_0.005_366	0.0465116279069767
HRA003620_ACAAAGATCTTTGCAT-1_1	HRA003620_NC-27	HRA003620	DF.classifications_0.25_0.005_366	Singlet	pANN_0.25_0.005_366	0.162790697674419
HRA003620_ACAACCAAGGCAGGGA-1_1	HRA003620_NC-27	HRA003620	DF.classifications_0.25_0.005_366	Singlet	pANN_0.25_0.005_366	0.0697674418604651
HRA003620_ACAACCAGTCAAAGCG-1_1	HRA003620_NC-27	HRA003620	DF.classifications_0.25_0.005_366	Singlet	pANN_0.25_0.005_366	0.13953488372093
HRA003620_ACAACCAGTCGACTTA-1_1	HRA003620_NC-27	HRA003620	DF.classifications_0.25_0.005_366	Singlet	pANN_0.25_0.005_366	0.302325581395349
HRA003620_ACAACCATCACTCTTA-1_1	HRA003620_NC-27	HRA003620	DF.classifications_0.25_0.005_366	Singlet	pANN_0.25_0.005_366	0.162790697674419
HRA003620_ACAACCATCGTTGTAG-1_1	HRA003620_NC-27	HRA003620	DF.classifications_0.25_0.005_366	Singlet	pANN_0.25_0.005_366	0.0232558139534884
HRA003620_ACAAGCTAGTGCAAAT-1_1	HRA003620_NC-27	HRA003620	DF.classifications_0.25_0.005_366	Singlet	pANN_0.25_0.005_366	0.255813953488372
HRA003620_ACAAGCTAGTGCTACT-1_1	HRA003620_NC-27	HRA003620	DF.classifications_0.25_0.005_366	Singlet	pANN_0.25_0.005_366	0.232558139534884
HRA003620_ACAAGCTCAAGGCGTA-1_1	HRA003620_NC-27	HRA003620	DF.classifications_0.25_0.005_366	Singlet	pANN_0.25_0.005_366	0.0930232558139535
HRA003620_ACAAGCTCAGCGTACC-1_1	HRA003620_NC-27	HRA003620	DF.classifications_0.25_0.005_366	Singlet	pANN_0.25_0.005_366	0.162790697674419
HRA003620_ACAAGCTGTACCATAC-1_1	HRA003620_NC-27	HRA003620	DF.classifications_0.25_0.005_366	Singlet	pANN_0.25_0.005_366	0.162790697674419
HRA003620_ACAAGCTGTAGTCCTA-1_1	HRA003620_NC-27	HRA003620	DF.classifications_0.25_0.005_366	Singlet	pANN_0.25_0.005_366	0.186046511627907
HRA003620_ACAAGCTGTAGTGTGG-1_1	HRA003620_NC-27	HRA003620	DF.classifications_0.25_0.005_366	Singlet	pANN_0.25_0.005_366	0.0697674418604651
HRA003620_ACAAGCTGTATCGAAA-1_1	HRA003620_NC-27	HRA003620	DF.classifications_0.25_0.005_366	Singlet	pANN_0.25_0.005_366	0.302325581395349
HRA003620_ACAAGCTGTCGAGCTC-1_1	HRA003620_NC-27	HRA003620	DF.classifications_0.25_0.005_366	Singlet	pANN_0.25_0.005_366	0.162790697674419
HRA003620_ACAAGCTGTGCCCGTA-1_1	HRA003620_NC-27	HRA003620	DF.classifications_0.25_0.005_366	Doublet	pANN_0.25_0.005_366	0.418604651162791
HRA003620_ACACAGTAGGTGGGTT-1_1	HRA003620_NC-27	HRA003620	DF.classifications_0.25_0.005_366	Singlet	pANN_0.25_0.005_366	0.0232558139534884
HRA003620_ACACAGTAGTAAGAGG-1_1	HRA003620_NC-27	HRA003620	DF.classifications_0.25_0.005_366	Singlet	pANN_0.25_0.005_366	0.325581395348837
HRA003620_ACACAGTCATCCGTTC-1_1	HRA003620_NC-27	HRA003620	DF.classifications_0.25_0.005_366	Singlet	pANN_0.25_0.005_366	0.255813953488372
HRA003620_ACACAGTCATGAGAAT-1_1	HRA003620_NC-27	HRA003620	DF.classifications_0.25_0.005_366	Singlet	pANN_0.25_0.005_366	0.0465116279069767
HRA003620_ACACAGTGTGTTGACT-1_1	HRA003620_NC-27	HRA003620	DF.classifications_0.25_0.005_366	Singlet	pANN_0.25_0.005_366	0
HRA003620_ACACAGTTCAGTCACA-1_1	HRA003620_NC-27	HRA003620	DF.classifications_0.25_0.005_366	Singlet	pANN_0.25_0.005_366	0.302325581395349
HRA003620_ACACCAAAGGTGGGTT-1_1	HRA003620_NC-27	HRA003620	DF.classifications_0.25_0.005_366	Singlet	pANN_0.25_0.005_366	0
HRA003620_ACACCAAAGTTCTACG-1_1	HRA003620_NC-27	HRA003620	DF.classifications_0.25_0.005_366	Singlet	pANN_0.25_0.005_366	0.255813953488372
HRA003620_ACACCAAGTATCAGCT-1_1	HRA003620_NC-27	HRA003620	DF.classifications_0.25_0.005_366	Singlet	pANN_0.25_0.005_366	0.0465116279069767
HRA003620_ACACCAAGTCTACGAT-1_1	HRA003620_NC-27	HRA003620	DF.classifications_0.25_0.005_366	Singlet	pANN_0.25_0.005_366	0.13953488372093
HRA003620_ACACCAATCCATTTCA-1_1	HRA003620_NC-27	HRA003620	DF.classifications_0.25_0.005_366	Singlet	pANN_0.25_0.005_366	0.13953488372093
HRA003620_ACACCAATCTCCTGTG-1_1	HRA003620_NC-27	HRA003620	DF.classifications_0.25_0.005_366	Singlet	pANN_0.25_0.005_366	0.27906976744186
HRA003620_ACACCAATCTGCGGGT-1_1	HRA003620_NC-27	HRA003620	DF.classifications_0.25_0.005_366	Singlet	pANN_0.25_0.005_366	0.232558139534884
HRA003620_ACACGCGAGAGTTGCG-1_1	HRA003620_NC-27	HRA003620	DF.classifications_0.25_0.005_366	Singlet	pANN_0.25_0.005_366	0.0697674418604651
HRA003620_ACACGCGAGTTCATGC-1_1	HRA003620_NC-27	HRA003620	DF.classifications_0.25_0.005_366	Singlet	pANN_0.25_0.005_366	0.232558139534884
HRA003620_ACACGCGCATAGGCGA-1_1	HRA003620_NC-27	HRA003620	DF.classifications_0.25_0.005_366	Singlet	pANN_0.25_0.005_366	0.27906976744186
HRA003620_ACACGCGGTACCTATG-1_1	HRA003620_NC-27	HRA003620	DF.classifications_0.25_0.005_366	Doublet	pANN_0.25_0.005_366	0.488372093023256
HRA003620_ACACGCGGTGAAAGTT-1_1	HRA003620_NC-27	HRA003620	DF.classifications_0.25_0.005_366	Singlet	pANN_0.25_0.005_366	0.302325581395349
HRA003620_ACACGCGGTGGAAGTC-1_1	HRA003620_NC-27	HRA003620	DF.classifications_0.25_0.005_366	Singlet	pANN_0.25_0.005_366	0.255813953488372
HRA003620_ACACGCGGTTGTCATG-1_1	HRA003620_NC-27	HRA003620	DF.classifications_0.25_0.005_366	Singlet	pANN_0.25_0.005_366	0
HRA003620_ACACGCGTCAAACCCA-1_1	HRA003620_NC-27	HRA003620	DF.classifications_0.25_0.005_366	Singlet	pANN_0.25_0.005_366	0.186046511627907
HRA003620_ACACGCGTCCCATAGA-1_1	HRA003620_NC-27	HRA003620	DF.classifications_0.25_0.005_366	Singlet	pANN_0.25_0.005_366	0.302325581395349
HRA003620_ACACTGAAGCTGCGAA-1_1	HRA003620_NC-27	HRA003620	DF.classifications_0.25_0.005_366	Singlet	pANN_0.25_0.005_366	0.0465116279069767
HRA003620_ACACTGAAGGATTTCC-1_1	HRA003620_NC-27	HRA003620	DF.classifications_0.25_0.005_366	Singlet	pANN_0.25_0.005_366	0.209302325581395
HRA003620_ACACTGAGTCAAGTTC-1_1	HRA003620_NC-27	HRA003620	DF.classifications_0.25_0.005_366	Singlet	pANN_0.25_0.005_366	0.162790697674419
HRA003620_ACACTGAGTCCGACGT-1_1	HRA003620_NC-27	HRA003620	DF.classifications_0.25_0.005_366	Singlet	pANN_0.25_0.005_366	0.0465116279069767
HRA003620_ACACTGATCTGGTCAA-1_1	HRA003620_NC-27	HRA003620	DF.classifications_0.25_0.005_366	Singlet	pANN_0.25_0.005_366	0.255813953488372
HRA003620_ACACTGATCTTCACGC-1_1	HRA003620_NC-27	HRA003620	DF.classifications_0.25_0.005_366	Singlet	pANN_0.25_0.005_366	0.372093023255814
HRA003620_ACAGAAAAGTAACAGT-1_1	HRA003620_NC-27	HRA003620	DF.classifications_0.25_0.005_366	Singlet	pANN_0.25_0.005_366	0.209302325581395
HRA003620_ACAGAAACAAATCCCA-1_1	HRA003620_NC-27	HRA003620	DF.classifications_0.25_0.005_366	Singlet	pANN_0.25_0.005_366	0.255813953488372
HRA003620_ACAGAAAGTAAGCAAT-1_1	HRA003620_NC-27	HRA003620	DF.classifications_0.25_0.005_366	Singlet	pANN_0.25_0.005_366	0
HRA003620_ACAGAAAGTCCAGCAC-1_1	HRA003620_NC-27	HRA003620	DF.classifications_0.25_0.005_366	Singlet	pANN_0.25_0.005_366	0.162790697674419
HRA003620_ACAGAAAGTTTGACAC-1_1	HRA003620_NC-27	HRA003620	DF.classifications_0.25_0.005_366	Singlet	pANN_0.25_0.005_366	0.325581395348837
HRA003620_ACAGAAATCAGCGGAA-1_1	HRA003620_NC-27	HRA003620	DF.classifications_0.25_0.005_366	Singlet	pANN_0.25_0.005_366	0.209302325581395
HRA003620_ACAGAAATCATGCCAA-1_1	HRA003620_NC-27	HRA003620	DF.classifications_0.25_0.005_366	Singlet	pANN_0.25_0.005_366	0.0232558139534884
HRA003620_ACAGCCGAGTAGCCAG-1_1	HRA003620_NC-27	HRA003620	DF.classifications_0.25_0.005_366	Singlet	pANN_0.25_0.005_366	0.0930232558139535
HRA003620_ACAGCCGAGTCTACCA-1_1	HRA003620_NC-27	HRA003620	DF.classifications_0.25_0.005_366	Singlet	pANN_0.25_0.005_366	0.162790697674419
HRA003620_ACAGCCGCAAGAGATT-1_1	HRA003620_NC-27	HRA003620	DF.classifications_0.25_0.005_366	Singlet	pANN_0.25_0.005_366	0.0930232558139535
HRA003620_ACAGCCGGTTGCTCAA-1_1	HRA003620_NC-27	HRA003620	DF.classifications_0.25_0.005_366	Singlet	pANN_0.25_0.005_366	0.162790697674419
HRA003620_ACAGCCGTCACCTCAC-1_1	HRA003620_NC-27	HRA003620	DF.classifications_0.25_0.005_366	Singlet	pANN_0.25_0.005_366	0.302325581395349
HRA003620_ACAGCCGTCGCTCATC-1_1	HRA003620_NC-27	HRA003620	DF.classifications_0.25_0.005_366	Singlet	pANN_0.25_0.005_366	0.0930232558139535
HRA003620_ACAGGGAAGGTTACCT-1_1	HRA003620_NC-27	HRA003620	DF.classifications_0.25_0.005_366	Singlet	pANN_0.25_0.005_366	0.162790697674419
HRA003620_ACAGGGACACAGAGCA-1_1	HRA003620_NC-27	HRA003620	DF.classifications_0.25_0.005_366	Singlet	pANN_0.25_0.005_366	0
HRA003620_ACAGGGACATGACAAA-1_1	HRA003620_NC-27	HRA003620	DF.classifications_0.25_0.005_366	Singlet	pANN_0.25_0.005_366	0.162790697674419
HRA003620_ACAGGGAGTAGCGTAG-1_1	HRA003620_NC-27	HRA003620	DF.classifications_0.25_0.005_366	Singlet	pANN_0.25_0.005_366	0.232558139534884
HRA003620_ACAGGGAGTGAACCGA-1_1	HRA003620_NC-27	HRA003620	DF.classifications_0.25_0.005_366	Singlet	pANN_0.25_0.005_366	0.0232558139534884
HRA003620_ACAGGGAGTGCAATGG-1_1	HRA003620_NC-27	HRA003620	DF.classifications_0.25_0.005_366	Singlet	pANN_0.25_0.005_366	0.325581395348837
HRA003620_ACATCCCAGATTAGAC-1_1	HRA003620_NC-27	HRA003620	DF.classifications_0.25_0.005_366	Singlet	pANN_0.25_0.005_366	0.0697674418604651
HRA003620_ACATCCCAGCGTTGTT-1_1	HRA003620_NC-27	HRA003620	DF.classifications_0.25_0.005_366	Singlet	pANN_0.25_0.005_366	0.0697674418604651
HRA003620_ACATCCCAGTGGTTGG-1_1	HRA003620_NC-27	HRA003620	DF.classifications_0.25_0.005_366	Singlet	pANN_0.25_0.005_366	0.162790697674419
HRA003620_ACATCCCGTTCTGAGT-1_1	HRA003620_NC-27	HRA003620	DF.classifications_0.25_0.005_366	Singlet	pANN_0.25_0.005_366	0.209302325581395
HRA003620_ACATCCCTCCAACTAG-1_1	HRA003620_NC-27	HRA003620	DF.classifications_0.25_0.005_366	Singlet	pANN_0.25_0.005_366	0.162790697674419
HRA003620_ACATCCCTCCCGAGAC-1_1	HRA003620_NC-27	HRA003620	DF.classifications_0.25_0.005_366	Singlet	pANN_0.25_0.005_366	0.13953488372093
HRA003620_ACATCCCTCCGCTGTT-1_1	HRA003620_NC-27	HRA003620	DF.classifications_0.25_0.005_366	Singlet	pANN_0.25_0.005_366	0.209302325581395
HRA003620_ACATCCCTCTCATTTG-1_1	HRA003620_NC-27	HRA003620	DF.classifications_0.25_0.005_366	Singlet	pANN_0.25_0.005_366	0.13953488372093
HRA003620_ACATCGAGTGCTCGTG-1_1	HRA003620_NC-27	HRA003620	DF.classifications_0.25_0.005_366	Singlet	pANN_0.25_0.005_366	0
HRA003620_ACATCGAGTTGTGCAT-1_1	HRA003620_NC-27	HRA003620	DF.classifications_0.25_0.005_366	Singlet	pANN_0.25_0.005_366	0.0465116279069767
HRA003620_ACATCGAGTTTGAACC-1_1	HRA003620_NC-27	HRA003620	DF.classifications_0.25_0.005_366	Singlet	pANN_0.25_0.005_366	0.0930232558139535
HRA003620_ACATCGATCGTCGCTT-1_1	HRA003620_NC-27	HRA003620	DF.classifications_0.25_0.005_366	Singlet	pANN_0.25_0.005_366	0.0465116279069767
HRA003620_ACATGCAAGATGGTCG-1_1	HRA003620_NC-27	HRA003620	DF.classifications_0.25_0.005_366	Singlet	pANN_0.25_0.005_366	0.209302325581395
HRA003620_ACATGCAAGCCTGAAG-1_1	HRA003620_NC-27	HRA003620	DF.classifications_0.25_0.005_366	Singlet	pANN_0.25_0.005_366	0
HRA003620_ACATGCAGTCTCACAA-1_1	HRA003620_NC-27	HRA003620	DF.classifications_0.25_0.005_366	Singlet	pANN_0.25_0.005_366	0.162790697674419
HRA003620_ACATGCAGTGAATATG-1_1	HRA003620_NC-27	HRA003620	DF.classifications_0.25_0.005_366	Singlet	pANN_0.25_0.005_366	0.162790697674419
HRA003620_ACATGCAGTGGCACTC-1_1	HRA003620_NC-27	HRA003620	DF.classifications_0.25_0.005_366	Singlet	pANN_0.25_0.005_366	0.116279069767442
HRA003620_ACATGCAGTTCGAACT-1_1	HRA003620_NC-27	HRA003620	DF.classifications_0.25_0.005_366	Singlet	pANN_0.25_0.005_366	0.232558139534884
HRA003620_ACATGCATCACATTGG-1_1	HRA003620_NC-27	HRA003620	DF.classifications_0.25_0.005_366	Singlet	pANN_0.25_0.005_366	0.13953488372093
HRA003620_ACATGCATCGTTCATT-1_1	HRA003620_NC-27	HRA003620	DF.classifications_0.25_0.005_366	Singlet	pANN_0.25_0.005_366	0.186046511627907
HRA003620_ACATTTCAGGCCCGTT-1_1	HRA003620_NC-27	HRA003620	DF.classifications_0.25_0.005_366	Singlet	pANN_0.25_0.005_366	0.232558139534884
HRA003620_ACATTTCAGTCTAGCT-1_1	HRA003620_NC-27	HRA003620	DF.classifications_0.25_0.005_366	Singlet	pANN_0.25_0.005_366	0.13953488372093
HRA003620_ACATTTCAGTGGTGGT-1_1	HRA003620_NC-27	HRA003620	DF.classifications_0.25_0.005_366	Singlet	pANN_0.25_0.005_366	0.209302325581395
HRA003620_ACATTTCCACACCTTC-1_1	HRA003620_NC-27	HRA003620	DF.classifications_0.25_0.005_366	Singlet	pANN_0.25_0.005_366	0.0697674418604651
HRA003620_ACATTTCCAGTAACCT-1_1	HRA003620_NC-27	HRA003620	DF.classifications_0.25_0.005_366	Singlet	pANN_0.25_0.005_366	0.0465116279069767
HRA003620_ACATTTCGTCGCATCG-1_1	HRA003620_NC-27	HRA003620	DF.classifications_0.25_0.005_366	Singlet	pANN_0.25_0.005_366	0.0930232558139535
HRA003620_ACCAAACGTGAGCGAT-1_1	HRA003620_NC-27	HRA003620	DF.classifications_0.25_0.005_366	Singlet	pANN_0.25_0.005_366	0.13953488372093
HRA003620_ACCAAACTCAGGAACG-1_1	HRA003620_NC-27	HRA003620	DF.classifications_0.25_0.005_366	Doublet	pANN_0.25_0.005_366	0.558139534883721
HRA003620_ACCAACAAGAGAGAAC-1_1	HRA003620_NC-27	HRA003620	DF.classifications_0.25_0.005_366	Singlet	pANN_0.25_0.005_366	0
HRA003620_ACCAACAAGAGAGTTT-1_1	HRA003620_NC-27	HRA003620	DF.classifications_0.25_0.005_366	Singlet	pANN_0.25_0.005_366	0.348837209302326
HRA003620_ACCAACACAAGACCTT-1_1	HRA003620_NC-27	HRA003620	DF.classifications_0.25_0.005_366	Singlet	pANN_0.25_0.005_366	0.0930232558139535
HRA003620_ACCAACACATCTGGGC-1_1	HRA003620_NC-27	HRA003620	DF.classifications_0.25_0.005_366	Singlet	pANN_0.25_0.005_366	0.27906976744186
HRA003620_ACCAACAGTCACAGAG-1_1	HRA003620_NC-27	HRA003620	DF.classifications_0.25_0.005_366	Singlet	pANN_0.25_0.005_366	0.13953488372093
HRA003620_ACCAACAGTTGGCCGT-1_1	HRA003620_NC-27	HRA003620	DF.classifications_0.25_0.005_366	Singlet	pANN_0.25_0.005_366	0.325581395348837
HRA003620_ACCAACAGTTTGCAGT-1_1	HRA003620_NC-27	HRA003620	DF.classifications_0.25_0.005_366	Singlet	pANN_0.25_0.005_366	0.232558139534884
HRA003620_ACCACAAAGCCTAGGA-1_1	HRA003620_NC-27	HRA003620	DF.classifications_0.25_0.005_366	Doublet	pANN_0.25_0.005_366	0.441860465116279
HRA003620_ACCACAACAATTGCCA-1_1	HRA003620_NC-27	HRA003620	DF.classifications_0.25_0.005_366	Singlet	pANN_0.25_0.005_366	0.0232558139534884
HRA003620_ACCACAACACCTATCC-1_1	HRA003620_NC-27	HRA003620	DF.classifications_0.25_0.005_366	Singlet	pANN_0.25_0.005_366	0.0465116279069767
HRA003620_ACCACAACACGGCCAT-1_1	HRA003620_NC-27	HRA003620	DF.classifications_0.25_0.005_366	Singlet	pANN_0.25_0.005_366	0.232558139534884
HRA003620_ACCACAACATTGCTGA-1_1	HRA003620_NC-27	HRA003620	DF.classifications_0.25_0.005_366	Singlet	pANN_0.25_0.005_366	0.27906976744186
HRA003620_ACCACAAGTACTAAGA-1_1	HRA003620_NC-27	HRA003620	DF.classifications_0.25_0.005_366	Singlet	pANN_0.25_0.005_366	0.0930232558139535
HRA003620_ACCACAAGTAGGCAGT-1_1	HRA003620_NC-27	HRA003620	DF.classifications_0.25_0.005_366	Singlet	pANN_0.25_0.005_366	0
HRA003620_ACCACAAGTCGAAGCA-1_1	HRA003620_NC-27	HRA003620	DF.classifications_0.25_0.005_366	Singlet	pANN_0.25_0.005_366	0.209302325581395
HRA003620_ACCACAAGTCTCTCAC-1_1	HRA003620_NC-27	HRA003620	DF.classifications_0.25_0.005_366	Singlet	pANN_0.25_0.005_366	0
HRA003620_ACCACAAGTGACACAG-1_1	HRA003620_NC-27	HRA003620	DF.classifications_0.25_0.005_366	Singlet	pANN_0.25_0.005_366	0.13953488372093
HRA003620_ACCACAATCACTAGCA-1_1	HRA003620_NC-27	HRA003620	DF.classifications_0.25_0.005_366	Singlet	pANN_0.25_0.005_366	0.302325581395349
HRA003620_ACCACAATCATGCCGG-1_1	HRA003620_NC-27	HRA003620	DF.classifications_0.25_0.005_366	Singlet	pANN_0.25_0.005_366	0.255813953488372
HRA003620_ACCACAATCCATACTT-1_1	HRA003620_NC-27	HRA003620	DF.classifications_0.25_0.005_366	Singlet	pANN_0.25_0.005_366	0.186046511627907
HRA003620_ACCATTTAGAATCGTA-1_1	HRA003620_NC-27	HRA003620	DF.classifications_0.25_0.005_366	Singlet	pANN_0.25_0.005_366	0.302325581395349
HRA003620_ACCATTTAGATAGTCA-1_1	HRA003620_NC-27	HRA003620	DF.classifications_0.25_0.005_366	Singlet	pANN_0.25_0.005_366	0.116279069767442
HRA003620_ACCATTTCATCATTGG-1_1	HRA003620_NC-27	HRA003620	DF.classifications_0.25_0.005_366	Singlet	pANN_0.25_0.005_366	0.162790697674419
HRA003620_ACCATTTCATTCACAG-1_1	HRA003620_NC-27	HRA003620	DF.classifications_0.25_0.005_366	Singlet	pANN_0.25_0.005_366	0.209302325581395
HRA003620_ACCATTTTCCAAGCAT-1_1	HRA003620_NC-27	HRA003620	DF.classifications_0.25_0.005_366	Doublet	pANN_0.25_0.005_366	0.534883720930233
HRA003620_ACCATTTTCGATTTCT-1_1	HRA003620_NC-27	HRA003620	DF.classifications_0.25_0.005_366	Singlet	pANN_0.25_0.005_366	0.13953488372093
HRA003620_ACCATTTTCGCCTTGT-1_1	HRA003620_NC-27	HRA003620	DF.classifications_0.25_0.005_366	Singlet	pANN_0.25_0.005_366	0.0232558139534884
HRA003620_ACCATTTTCGTGCACG-1_1	HRA003620_NC-27	HRA003620	DF.classifications_0.25_0.005_366	Singlet	pANN_0.25_0.005_366	0.0930232558139535
HRA003620_ACCCAAACAAGAGCTG-1_1	HRA003620_NC-27	HRA003620	DF.classifications_0.25_0.005_366	Doublet	pANN_0.25_0.005_366	0.534883720930233
HRA003620_ACCCAAACATGTCGTA-1_1	HRA003620_NC-27	HRA003620	DF.classifications_0.25_0.005_366	Singlet	pANN_0.25_0.005_366	0.372093023255814
HRA003620_ACCCAAATCCTATTTG-1_1	HRA003620_NC-27	HRA003620	DF.classifications_0.25_0.005_366	Singlet	pANN_0.25_0.005_366	0.0930232558139535
HRA003620_ACCCTCAAGCAGCCCT-1_1	HRA003620_NC-27	HRA003620	DF.classifications_0.25_0.005_366	Singlet	pANN_0.25_0.005_366	0.302325581395349
HRA003620_ACCCTCAAGGTTATAG-1_1	HRA003620_NC-27	HRA003620	DF.classifications_0.25_0.005_366	Singlet	pANN_0.25_0.005_366	0.302325581395349
HRA003620_ACCCTCACAGTAACGG-1_1	HRA003620_NC-27	HRA003620	DF.classifications_0.25_0.005_366	Singlet	pANN_0.25_0.005_366	0.0930232558139535
HRA003620_ACCCTCAGTACTGTTG-1_1	HRA003620_NC-27	HRA003620	DF.classifications_0.25_0.005_366	Singlet	pANN_0.25_0.005_366	0.209302325581395
HRA003620_ACCCTCAGTATCCTCC-1_1	HRA003620_NC-27	HRA003620	DF.classifications_0.25_0.005_366	Singlet	pANN_0.25_0.005_366	0.372093023255814
HRA003620_ACCCTCAGTCGGCACT-1_1	HRA003620_NC-27	HRA003620	DF.classifications_0.25_0.005_366	Singlet	pANN_0.25_0.005_366	0.162790697674419
HRA003620_ACCCTCAGTGCGAGTA-1_1	HRA003620_NC-27	HRA003620	DF.classifications_0.25_0.005_366	Singlet	pANN_0.25_0.005_366	0.13953488372093
HRA003620_ACCCTCAGTTATTCCT-1_1	HRA003620_NC-27	HRA003620	DF.classifications_0.25_0.005_366	Singlet	pANN_0.25_0.005_366	0
HRA003620_ACCCTCATCAAACCCA-1_1	HRA003620_NC-27	HRA003620	DF.classifications_0.25_0.005_366	Singlet	pANN_0.25_0.005_366	0.0232558139534884
HRA003620_ACCCTCATCTGTTCAT-1_1	HRA003620_NC-27	HRA003620	DF.classifications_0.25_0.005_366	Singlet	pANN_0.25_0.005_366	0.255813953488372
HRA003620_ACCCTTGAGAAGCCTG-1_1	HRA003620_NC-27	HRA003620	DF.classifications_0.25_0.005_366	Singlet	pANN_0.25_0.005_366	0.116279069767442
HRA003620_ACCCTTGAGCAAACAT-1_1	HRA003620_NC-27	HRA003620	DF.classifications_0.25_0.005_366	Doublet	pANN_0.25_0.005_366	0.488372093023256
HRA003620_ACCCTTGAGCACCGAA-1_1	HRA003620_NC-27	HRA003620	DF.classifications_0.25_0.005_366	Singlet	pANN_0.25_0.005_366	0.255813953488372
HRA003620_ACCCTTGAGGAGATAG-1_1	HRA003620_NC-27	HRA003620	DF.classifications_0.25_0.005_366	Singlet	pANN_0.25_0.005_366	0
HRA003620_ACCCTTGAGGCCACCT-1_1	HRA003620_NC-27	HRA003620	DF.classifications_0.25_0.005_366	Singlet	pANN_0.25_0.005_366	0.255813953488372
HRA003620_ACCCTTGCATATGGCT-1_1	HRA003620_NC-27	HRA003620	DF.classifications_0.25_0.005_366	Singlet	pANN_0.25_0.005_366	0.232558139534884
HRA003620_ACCCTTGGTCAACCTA-1_1	HRA003620_NC-27	HRA003620	DF.classifications_0.25_0.005_366	Singlet	pANN_0.25_0.005_366	0.13953488372093
HRA003620_ACCCTTGGTCGGCTAC-1_1	HRA003620_NC-27	HRA003620	DF.classifications_0.25_0.005_366	Singlet	pANN_0.25_0.005_366	0.232558139534884
HRA003620_ACCCTTGGTTGTGTAC-1_1	HRA003620_NC-27	HRA003620	DF.classifications_0.25_0.005_366	Singlet	pANN_0.25_0.005_366	0.186046511627907
HRA003620_ACCCTTGTCGTGCTCT-1_1	HRA003620_NC-27	HRA003620	DF.classifications_0.25_0.005_366	Singlet	pANN_0.25_0.005_366	0.0930232558139535
HRA003620_ACCCTTGTCGTGTGGC-1_1	HRA003620_NC-27	HRA003620	DF.classifications_0.25_0.005_366	Singlet	pANN_0.25_0.005_366	0.162790697674419
HRA003620_ACCGTTCAGCCTCCAG-1_1	HRA003620_NC-27	HRA003620	DF.classifications_0.25_0.005_366	Singlet	pANN_0.25_0.005_366	0.0697674418604651
HRA003620_ACCGTTCAGCGTGCTC-1_1	HRA003620_NC-27	HRA003620	DF.classifications_0.25_0.005_366	Singlet	pANN_0.25_0.005_366	0.13953488372093
HRA003620_ACCGTTCAGGTACATA-1_1	HRA003620_NC-27	HRA003620	DF.classifications_0.25_0.005_366	Singlet	pANN_0.25_0.005_366	0.232558139534884
HRA003620_ACCGTTCAGTAGAGTT-1_1	HRA003620_NC-27	HRA003620	DF.classifications_0.25_0.005_366	Singlet	pANN_0.25_0.005_366	0.0465116279069767
HRA003620_ACCGTTCCATTAGGAA-1_1	HRA003620_NC-27	HRA003620	DF.classifications_0.25_0.005_366	Singlet	pANN_0.25_0.005_366	0.232558139534884
HRA003620_ACCGTTCGTCCACATA-1_1	HRA003620_NC-27	HRA003620	DF.classifications_0.25_0.005_366	Singlet	pANN_0.25_0.005_366	0.232558139534884
HRA003620_ACCGTTCTCAATCCGA-1_1	HRA003620_NC-27	HRA003620	DF.classifications_0.25_0.005_366	Singlet	pANN_0.25_0.005_366	0.0930232558139535
HRA003620_ACCGTTCTCCCAGGAC-1_1	HRA003620_NC-27	HRA003620	DF.classifications_0.25_0.005_366	Singlet	pANN_0.25_0.005_366	0.13953488372093
HRA003620_ACCGTTCTCGAACCAT-1_1	HRA003620_NC-27	HRA003620	DF.classifications_0.25_0.005_366	Singlet	pANN_0.25_0.005_366	0.186046511627907
HRA003620_ACCTACCCAAGAGTTA-1_1	HRA003620_NC-27	HRA003620	DF.classifications_0.25_0.005_366	Singlet	pANN_0.25_0.005_366	0.162790697674419
HRA003620_ACCTACCCAATTGCGT-1_1	HRA003620_NC-27	HRA003620	DF.classifications_0.25_0.005_366	Singlet	pANN_0.25_0.005_366	0
HRA003620_ACCTACCTCACTGGGC-1_1	HRA003620_NC-27	HRA003620	DF.classifications_0.25_0.005_366	Singlet	pANN_0.25_0.005_366	0.13953488372093
HRA003620_ACCTACCTCGCCTCTA-1_1	HRA003620_NC-27	HRA003620	DF.classifications_0.25_0.005_366	Singlet	pANN_0.25_0.005_366	0.13953488372093
HRA003620_ACCTACCTCTAGCAAC-1_1	HRA003620_NC-27	HRA003620	DF.classifications_0.25_0.005_366	Singlet	pANN_0.25_0.005_366	0.0465116279069767
HRA003620_ACCTACCTCTGTCGCT-1_1	HRA003620_NC-27	HRA003620	DF.classifications_0.25_0.005_366	Singlet	pANN_0.25_0.005_366	0.186046511627907
HRA003620_ACCTGAAAGATGACAT-1_1	HRA003620_NC-27	HRA003620	DF.classifications_0.25_0.005_366	Singlet	pANN_0.25_0.005_366	0.116279069767442
HRA003620_ACCTGAAAGTGCCCGT-1_1	HRA003620_NC-27	HRA003620	DF.classifications_0.25_0.005_366	Singlet	pANN_0.25_0.005_366	0.0697674418604651
HRA003620_ACCTGAACACTACCGG-1_1	HRA003620_NC-27	HRA003620	DF.classifications_0.25_0.005_366	Singlet	pANN_0.25_0.005_366	0.0465116279069767
HRA003620_ACCTGAATCAGGAAGC-1_1	HRA003620_NC-27	HRA003620	DF.classifications_0.25_0.005_366	Singlet	pANN_0.25_0.005_366	0.13953488372093
HRA003620_ACCTGAATCCCAACTC-1_1	HRA003620_NC-27	HRA003620	DF.classifications_0.25_0.005_366	Singlet	pANN_0.25_0.005_366	0.0697674418604651
HRA003620_ACCTGTCAGATTAGTG-1_1	HRA003620_NC-27	HRA003620	DF.classifications_0.25_0.005_366	Singlet	pANN_0.25_0.005_366	0
HRA003620_ACCTGTCAGTTGAAGT-1_1	HRA003620_NC-27	HRA003620	DF.classifications_0.25_0.005_366	Singlet	pANN_0.25_0.005_366	0.372093023255814
HRA003620_ACCTGTCAGTTGGCTT-1_1	HRA003620_NC-27	HRA003620	DF.classifications_0.25_0.005_366	Singlet	pANN_0.25_0.005_366	0.232558139534884
HRA003620_ACCTGTCCAGCTAACT-1_1	HRA003620_NC-27	HRA003620	DF.classifications_0.25_0.005_366	Doublet	pANN_0.25_0.005_366	0.465116279069767
HRA003620_ACGATCAAGACAGTCG-1_1	HRA003620_NC-27	HRA003620	DF.classifications_0.25_0.005_366	Singlet	pANN_0.25_0.005_366	0.13953488372093
HRA003620_ACGATCAAGTGTCATC-1_1	HRA003620_NC-27	HRA003620	DF.classifications_0.25_0.005_366	Singlet	pANN_0.25_0.005_366	0.255813953488372
HRA003620_ACGATCAGTAGAGTTA-1_1	HRA003620_NC-27	HRA003620	DF.classifications_0.25_0.005_366	Singlet	pANN_0.25_0.005_366	0.0930232558139535
HRA003620_ACGATGTAGCTTGTTG-1_1	HRA003620_NC-27	HRA003620	DF.classifications_0.25_0.005_366	Singlet	pANN_0.25_0.005_366	0.209302325581395
HRA003620_ACGATGTAGGGATCTG-1_1	HRA003620_NC-27	HRA003620	DF.classifications_0.25_0.005_366	Singlet	pANN_0.25_0.005_366	0.116279069767442
HRA003620_ACGATGTAGTGCAAAT-1_1	HRA003620_NC-27	HRA003620	DF.classifications_0.25_0.005_366	Singlet	pANN_0.25_0.005_366	0.162790697674419
HRA003620_ACGATGTCAAGTATAG-1_1	HRA003620_NC-27	HRA003620	DF.classifications_0.25_0.005_366	Singlet	pANN_0.25_0.005_366	0.348837209302326
HRA003620_ACGATGTCATCTTCGC-1_1	HRA003620_NC-27	HRA003620	DF.classifications_0.25_0.005_366	Singlet	pANN_0.25_0.005_366	0.13953488372093
HRA003620_ACGATGTGTAAGATAC-1_1	HRA003620_NC-27	HRA003620	DF.classifications_0.25_0.005_366	Singlet	pANN_0.25_0.005_366	0.302325581395349
HRA003620_ACGATGTGTCACTTAG-1_1	HRA003620_NC-27	HRA003620	DF.classifications_0.25_0.005_366	Singlet	pANN_0.25_0.005_366	0.186046511627907
HRA003620_ACGATGTGTGAGGATC-1_1	HRA003620_NC-27	HRA003620	DF.classifications_0.25_0.005_366	Singlet	pANN_0.25_0.005_366	0.13953488372093
HRA003620_ACGATGTTCAATCTCT-1_1	HRA003620_NC-27	HRA003620	DF.classifications_0.25_0.005_366	Doublet	pANN_0.25_0.005_366	0.558139534883721
HRA003620_ACGATGTTCATCGCTC-1_1	HRA003620_NC-27	HRA003620	DF.classifications_0.25_0.005_366	Singlet	pANN_0.25_0.005_366	0.186046511627907
HRA003620_ACGATGTTCCACGGAC-1_1	HRA003620_NC-27	HRA003620	DF.classifications_0.25_0.005_366	Singlet	pANN_0.25_0.005_366	0.209302325581395
HRA003620_ACGATGTTCCGCGAGT-1_1	HRA003620_NC-27	HRA003620	DF.classifications_0.25_0.005_366	Singlet	pANN_0.25_0.005_366	0.0930232558139535
HRA003620_ACGCACGAGACATAGT-1_1	HRA003620_NC-27	HRA003620	DF.classifications_0.25_0.005_366	Doublet	pANN_0.25_0.005_366	0.720930232558139
HRA003620_ACGCACGAGCCTGAAG-1_1	HRA003620_NC-27	HRA003620	DF.classifications_0.25_0.005_366	Singlet	pANN_0.25_0.005_366	0.0930232558139535
HRA003620_ACGCACGAGTCAAGCG-1_1	HRA003620_NC-27	HRA003620	DF.classifications_0.25_0.005_366	Singlet	pANN_0.25_0.005_366	0
HRA003620_ACGCACGCACCCAACG-1_1	HRA003620_NC-27	HRA003620	DF.classifications_0.25_0.005_366	Singlet	pANN_0.25_0.005_366	0.255813953488372
HRA003620_ACGCACGCACTGTTCC-1_1	HRA003620_NC-27	HRA003620	DF.classifications_0.25_0.005_366	Singlet	pANN_0.25_0.005_366	0.0930232558139535
HRA003620_ACGCACGGTACAATAG-1_1	HRA003620_NC-27	HRA003620	DF.classifications_0.25_0.005_366	Singlet	pANN_0.25_0.005_366	0.0232558139534884
HRA003620_ACGCACGTCCTCGCAT-1_1	HRA003620_NC-27	HRA003620	DF.classifications_0.25_0.005_366	Singlet	pANN_0.25_0.005_366	0
HRA003620_ACGCACGTCTATTCGT-1_1	HRA003620_NC-27	HRA003620	DF.classifications_0.25_0.005_366	Singlet	pANN_0.25_0.005_366	0
HRA003620_ACGCACGTCTTACACT-1_1	HRA003620_NC-27	HRA003620	DF.classifications_0.25_0.005_366	Singlet	pANN_0.25_0.005_366	0.0697674418604651
HRA003620_ACGGAAGAGAAGGATG-1_1	HRA003620_NC-27	HRA003620	DF.classifications_0.25_0.005_366	Singlet	pANN_0.25_0.005_366	0.0930232558139535
HRA003620_ACGGAAGCAGGTCCCA-1_1	HRA003620_NC-27	HRA003620	DF.classifications_0.25_0.005_366	Singlet	pANN_0.25_0.005_366	0.0232558139534884
HRA003620_ACGGAAGGTACCCACG-1_1	HRA003620_NC-27	HRA003620	DF.classifications_0.25_0.005_366	Singlet	pANN_0.25_0.005_366	0.0465116279069767
HRA003620_ACGGAAGGTTCTCCTG-1_1	HRA003620_NC-27	HRA003620	DF.classifications_0.25_0.005_366	Singlet	pANN_0.25_0.005_366	0.116279069767442
HRA003620_ACGGAAGGTTTGACAC-1_1	HRA003620_NC-27	HRA003620	DF.classifications_0.25_0.005_366	Doublet	pANN_0.25_0.005_366	0.581395348837209
HRA003620_ACGGAAGTCAAGTCGT-1_1	HRA003620_NC-27	HRA003620	DF.classifications_0.25_0.005_366	Singlet	pANN_0.25_0.005_366	0.302325581395349
HRA003620_ACGGAAGTCGACGACC-1_1	HRA003620_NC-27	HRA003620	DF.classifications_0.25_0.005_366	Singlet	pANN_0.25_0.005_366	0.0232558139534884
HRA003620_ACGGGTCAGGATTTCC-1_1	HRA003620_NC-27	HRA003620	DF.classifications_0.25_0.005_366	Singlet	pANN_0.25_0.005_366	0.116279069767442
HRA003620_ACGGGTCAGGTTCCGC-1_1	HRA003620_NC-27	HRA003620	DF.classifications_0.25_0.005_366	Singlet	pANN_0.25_0.005_366	0.0697674418604651
HRA003620_ACGGGTCAGTCGAAAT-1_1	HRA003620_NC-27	HRA003620	DF.classifications_0.25_0.005_366	Singlet	pANN_0.25_0.005_366	0.162790697674419
HRA003620_ACGGGTCAGTCTCTGA-1_1	HRA003620_NC-27	HRA003620	DF.classifications_0.25_0.005_366	Singlet	pANN_0.25_0.005_366	0.209302325581395
HRA003620_ACGGGTCAGTGCTCGC-1_1	HRA003620_NC-27	HRA003620	DF.classifications_0.25_0.005_366	Singlet	pANN_0.25_0.005_366	0.0232558139534884
HRA003620_ACGGGTCGTCCACTTC-1_1	HRA003620_NC-27	HRA003620	DF.classifications_0.25_0.005_366	Singlet	pANN_0.25_0.005_366	0.116279069767442
HRA003620_ACGGGTCTCACAGTGT-1_1	HRA003620_NC-27	HRA003620	DF.classifications_0.25_0.005_366	Singlet	pANN_0.25_0.005_366	0.116279069767442
HRA003620_ACGGGTCTCCAAGCCG-1_1	HRA003620_NC-27	HRA003620	DF.classifications_0.25_0.005_366	Singlet	pANN_0.25_0.005_366	0.162790697674419
HRA003620_ACGGTCGAGAAGCGAA-1_1	HRA003620_NC-27	HRA003620	DF.classifications_0.25_0.005_366	Singlet	pANN_0.25_0.005_366	0.232558139534884
HRA003620_ACGGTCGGTGCGTCGT-1_1	HRA003620_NC-27	HRA003620	DF.classifications_0.25_0.005_366	Singlet	pANN_0.25_0.005_366	0.0232558139534884
HRA003620_ACGGTCGGTGTTTACG-1_1	HRA003620_NC-27	HRA003620	DF.classifications_0.25_0.005_366	Singlet	pANN_0.25_0.005_366	0.13953488372093
HRA003620_ACGGTCGTCCGGTTCT-1_1	HRA003620_NC-27	HRA003620	DF.classifications_0.25_0.005_366	Singlet	pANN_0.25_0.005_366	0.0930232558139535
HRA003620_ACGGTCGTCTGCTTAT-1_1	HRA003620_NC-27	HRA003620	DF.classifications_0.25_0.005_366	Singlet	pANN_0.25_0.005_366	0.0930232558139535
HRA003620_ACGGTCGTCTGGGAGA-1_1	HRA003620_NC-27	HRA003620	DF.classifications_0.25_0.005_366	Singlet	pANN_0.25_0.005_366	0.325581395348837
HRA003620_ACGGTTAAGCCGCTTG-1_1	HRA003620_NC-27	HRA003620	DF.classifications_0.25_0.005_366	Singlet	pANN_0.25_0.005_366	0.0697674418604651
HRA003620_ACGGTTAAGGTCATTC-1_1	HRA003620_NC-27	HRA003620	DF.classifications_0.25_0.005_366	Singlet	pANN_0.25_0.005_366	0.209302325581395
HRA003620_ACGGTTACAACGCCCA-1_1	HRA003620_NC-27	HRA003620	DF.classifications_0.25_0.005_366	Singlet	pANN_0.25_0.005_366	0.186046511627907
HRA003620_ACGGTTACAGTAACCT-1_1	HRA003620_NC-27	HRA003620	DF.classifications_0.25_0.005_366	Singlet	pANN_0.25_0.005_366	0.209302325581395
HRA003620_ACGGTTACATATGGCT-1_1	HRA003620_NC-27	HRA003620	DF.classifications_0.25_0.005_366	Singlet	pANN_0.25_0.005_366	0.209302325581395
HRA003620_ACGGTTATCAAAGAAC-1_1	HRA003620_NC-27	HRA003620	DF.classifications_0.25_0.005_366	Singlet	pANN_0.25_0.005_366	0.186046511627907
HRA003620_ACGGTTATCACCTGGG-1_1	HRA003620_NC-27	HRA003620	DF.classifications_0.25_0.005_366	Singlet	pANN_0.25_0.005_366	0.255813953488372
HRA003620_ACGGTTATCATCACTT-1_1	HRA003620_NC-27	HRA003620	DF.classifications_0.25_0.005_366	Singlet	pANN_0.25_0.005_366	0.0465116279069767
HRA003620_ACGGTTATCCTAGCTC-1_1	HRA003620_NC-27	HRA003620	DF.classifications_0.25_0.005_366	Singlet	pANN_0.25_0.005_366	0.302325581395349
HRA003620_ACGGTTATCGAACGCC-1_1	HRA003620_NC-27	HRA003620	DF.classifications_0.25_0.005_366	Singlet	pANN_0.25_0.005_366	0.0697674418604651
HRA003620_ACGTAACAGAAATTCG-1_1	HRA003620_NC-27	HRA003620	DF.classifications_0.25_0.005_366	Singlet	pANN_0.25_0.005_366	0.162790697674419
HRA003620_ACGTAACCAGCAGAAC-1_1	HRA003620_NC-27	HRA003620	DF.classifications_0.25_0.005_366	Singlet	pANN_0.25_0.005_366	0.0697674418604651
HRA003620_ACGTAACCAGGATTCT-1_1	HRA003620_NC-27	HRA003620	DF.classifications_0.25_0.005_366	Singlet	pANN_0.25_0.005_366	0.209302325581395
HRA003620_ACGTAACCAGTTCTAG-1_1	HRA003620_NC-27	HRA003620	DF.classifications_0.25_0.005_366	Singlet	pANN_0.25_0.005_366	0.116279069767442
HRA003620_ACGTAACGTCAAGCCC-1_1	HRA003620_NC-27	HRA003620	DF.classifications_0.25_0.005_366	Singlet	pANN_0.25_0.005_366	0.302325581395349
HRA003620_ACGTAACGTGATGGCA-1_1	HRA003620_NC-27	HRA003620	DF.classifications_0.25_0.005_366	Singlet	pANN_0.25_0.005_366	0.0930232558139535
HRA003620_ACGTAACGTGGATTTC-1_1	HRA003620_NC-27	HRA003620	DF.classifications_0.25_0.005_366	Singlet	pANN_0.25_0.005_366	0.13953488372093
HRA003620_ACGTAACTCAAATGAG-1_1	HRA003620_NC-27	HRA003620	DF.classifications_0.25_0.005_366	Singlet	pANN_0.25_0.005_366	0.255813953488372
HRA003620_ACGTAACTCCTTACCG-1_1	HRA003620_NC-27	HRA003620	DF.classifications_0.25_0.005_366	Singlet	pANN_0.25_0.005_366	0.0697674418604651
HRA003620_ACGTAACTCGGCCTTT-1_1	HRA003620_NC-27	HRA003620	DF.classifications_0.25_0.005_366	Singlet	pANN_0.25_0.005_366	0.0930232558139535
HRA003620_ACGTAACTCTTAGCCC-1_1	HRA003620_NC-27	HRA003620	DF.classifications_0.25_0.005_366	Singlet	pANN_0.25_0.005_366	0.209302325581395
HRA003620_ACGTACACAACCAGAG-1_1	HRA003620_NC-27	HRA003620	DF.classifications_0.25_0.005_366	Singlet	pANN_0.25_0.005_366	0.209302325581395
HRA003620_ACGTACACACAGAGCA-1_1	HRA003620_NC-27	HRA003620	DF.classifications_0.25_0.005_366	Singlet	pANN_0.25_0.005_366	0.232558139534884
HRA003620_ACGTACACAGGCACTC-1_1	HRA003620_NC-27	HRA003620	DF.classifications_0.25_0.005_366	Singlet	pANN_0.25_0.005_366	0
HRA003620_ACGTACAGTCACGCTG-1_1	HRA003620_NC-27	HRA003620	DF.classifications_0.25_0.005_366	Singlet	pANN_0.25_0.005_366	0.13953488372093
HRA003620_ACGTACAGTTTGGAGG-1_1	HRA003620_NC-27	HRA003620	DF.classifications_0.25_0.005_366	Singlet	pANN_0.25_0.005_366	0.348837209302326
HRA003620_ACGTAGTAGACTGAGC-1_1	HRA003620_NC-27	HRA003620	DF.classifications_0.25_0.005_366	Singlet	pANN_0.25_0.005_366	0.0930232558139535
HRA003620_ACGTAGTCACTGTGAT-1_1	HRA003620_NC-27	HRA003620	DF.classifications_0.25_0.005_366	Singlet	pANN_0.25_0.005_366	0.209302325581395
HRA003620_ACGTAGTCAGAACTAA-1_1	HRA003620_NC-27	HRA003620	DF.classifications_0.25_0.005_366	Singlet	pANN_0.25_0.005_366	0
HRA003620_ACGTAGTCAGTTCACA-1_1	HRA003620_NC-27	HRA003620	DF.classifications_0.25_0.005_366	Singlet	pANN_0.25_0.005_366	0
HRA003620_ACGTAGTTCGGTGAAG-1_1	HRA003620_NC-27	HRA003620	DF.classifications_0.25_0.005_366	Singlet	pANN_0.25_0.005_366	0.0930232558139535
HRA003620_ACGTCCTAGCAGCACA-1_1	HRA003620_NC-27	HRA003620	DF.classifications_0.25_0.005_366	Singlet	pANN_0.25_0.005_366	0.116279069767442
HRA003620_ACGTCCTAGCGACCCT-1_1	HRA003620_NC-27	HRA003620	DF.classifications_0.25_0.005_366	Singlet	pANN_0.25_0.005_366	0.0930232558139535
HRA003620_ACGTCCTAGTGAGGCT-1_1	HRA003620_NC-27	HRA003620	DF.classifications_0.25_0.005_366	Singlet	pANN_0.25_0.005_366	0.302325581395349
HRA003620_ACGTCCTCAATTGGTC-1_1	HRA003620_NC-27	HRA003620	DF.classifications_0.25_0.005_366	Singlet	pANN_0.25_0.005_366	0.209302325581395
HRA003620_ACGTCCTCAGGACAGT-1_1	HRA003620_NC-27	HRA003620	DF.classifications_0.25_0.005_366	Singlet	pANN_0.25_0.005_366	0.0697674418604651
HRA003620_ACGTCCTCAGGAGGAG-1_1	HRA003620_NC-27	HRA003620	DF.classifications_0.25_0.005_366	Singlet	pANN_0.25_0.005_366	0.186046511627907
HRA003620_ACGTCCTGTATACCCA-1_1	HRA003620_NC-27	HRA003620	DF.classifications_0.25_0.005_366	Singlet	pANN_0.25_0.005_366	0.255813953488372
HRA003620_ACGTCCTGTCATCTAG-1_1	HRA003620_NC-27	HRA003620	DF.classifications_0.25_0.005_366	Singlet	pANN_0.25_0.005_366	0.186046511627907
HRA003620_ACGTCCTGTCCAACGC-1_1	HRA003620_NC-27	HRA003620	DF.classifications_0.25_0.005_366	Singlet	pANN_0.25_0.005_366	0.186046511627907
HRA003620_ACGTCCTTCGACGTCG-1_1	HRA003620_NC-27	HRA003620	DF.classifications_0.25_0.005_366	Singlet	pANN_0.25_0.005_366	0.13953488372093
HRA003620_ACGTCCTTCTCCGAAA-1_1	HRA003620_NC-27	HRA003620	DF.classifications_0.25_0.005_366	Singlet	pANN_0.25_0.005_366	0.0697674418604651
HRA003620_ACGTTCCAGAAATCCA-1_1	HRA003620_NC-27	HRA003620	DF.classifications_0.25_0.005_366	Singlet	pANN_0.25_0.005_366	0.0930232558139535
HRA003620_ACGTTCCAGATTGGGC-1_1	HRA003620_NC-27	HRA003620	DF.classifications_0.25_0.005_366	Singlet	pANN_0.25_0.005_366	0.0465116279069767
HRA003620_ACGTTCCCACTCCTTG-1_1	HRA003620_NC-27	HRA003620	DF.classifications_0.25_0.005_366	Singlet	pANN_0.25_0.005_366	0.162790697674419
HRA003620_ACGTTCCGTAATCAAG-1_1	HRA003620_NC-27	HRA003620	DF.classifications_0.25_0.005_366	Singlet	pANN_0.25_0.005_366	0.0930232558139535
HRA003620_ACGTTCCGTTAAGGAT-1_1	HRA003620_NC-27	HRA003620	DF.classifications_0.25_0.005_366	Doublet	pANN_0.25_0.005_366	0.418604651162791
HRA003620_ACGTTCCTCAGCGCAC-1_1	HRA003620_NC-27	HRA003620	DF.classifications_0.25_0.005_366	Singlet	pANN_0.25_0.005_366	0.162790697674419
HRA003620_ACGTTCCTCGAACGCC-1_1	HRA003620_NC-27	HRA003620	DF.classifications_0.25_0.005_366	Singlet	pANN_0.25_0.005_366	0.255813953488372
HRA003620_ACGTTCCTCGCGGACT-1_1	HRA003620_NC-27	HRA003620	DF.classifications_0.25_0.005_366	Singlet	pANN_0.25_0.005_366	0.13953488372093
HRA003620_ACTACGAAGGGAGATA-1_1	HRA003620_NC-27	HRA003620	DF.classifications_0.25_0.005_366	Singlet	pANN_0.25_0.005_366	0.27906976744186
HRA003620_ACTACGACAATACGAA-1_1	HRA003620_NC-27	HRA003620	DF.classifications_0.25_0.005_366	Singlet	pANN_0.25_0.005_366	0.209302325581395
HRA003620_ACTACGAGTAGTGGCA-1_1	HRA003620_NC-27	HRA003620	DF.classifications_0.25_0.005_366	Singlet	pANN_0.25_0.005_366	0.186046511627907
HRA003620_ACTACGAGTTAGGCCC-1_1	HRA003620_NC-27	HRA003620	DF.classifications_0.25_0.005_366	Singlet	pANN_0.25_0.005_366	0.0697674418604651
HRA003620_ACTATCTAGCCGCTTG-1_1	HRA003620_NC-27	HRA003620	DF.classifications_0.25_0.005_366	Singlet	pANN_0.25_0.005_366	0.186046511627907
HRA003620_ACTATCTAGGCCATAG-1_1	HRA003620_NC-27	HRA003620	DF.classifications_0.25_0.005_366	Doublet	pANN_0.25_0.005_366	0.534883720930233
HRA003620_ACTATCTCAAACGAGC-1_1	HRA003620_NC-27	HRA003620	DF.classifications_0.25_0.005_366	Singlet	pANN_0.25_0.005_366	0.27906976744186
HRA003620_ACTATCTCAGCAGGAT-1_1	HRA003620_NC-27	HRA003620	DF.classifications_0.25_0.005_366	Singlet	pANN_0.25_0.005_366	0.162790697674419
HRA003620_ACTATCTGTAGCTAAA-1_1	HRA003620_NC-27	HRA003620	DF.classifications_0.25_0.005_366	Singlet	pANN_0.25_0.005_366	0.162790697674419
HRA003620_ACTATCTGTCATCCCT-1_1	HRA003620_NC-27	HRA003620	DF.classifications_0.25_0.005_366	Singlet	pANN_0.25_0.005_366	0.0930232558139535
HRA003620_ACTATCTGTTCAGCTA-1_1	HRA003620_NC-27	HRA003620	DF.classifications_0.25_0.005_366	Singlet	pANN_0.25_0.005_366	0.232558139534884
HRA003620_ACTATCTTCGGCTGTG-1_1	HRA003620_NC-27	HRA003620	DF.classifications_0.25_0.005_366	Singlet	pANN_0.25_0.005_366	0.255813953488372
HRA003620_ACTATCTTCTGTCTCG-1_1	HRA003620_NC-27	HRA003620	DF.classifications_0.25_0.005_366	Singlet	pANN_0.25_0.005_366	0.13953488372093
HRA003620_ACTATGGAGCACTCCG-1_1	HRA003620_NC-27	HRA003620	DF.classifications_0.25_0.005_366	Singlet	pANN_0.25_0.005_366	0.209302325581395
HRA003620_ACTATGGAGCCAAGCA-1_1	HRA003620_NC-27	HRA003620	DF.classifications_0.25_0.005_366	Singlet	pANN_0.25_0.005_366	0.348837209302326
HRA003620_ACTATGGAGTTCCGTA-1_1	HRA003620_NC-27	HRA003620	DF.classifications_0.25_0.005_366	Singlet	pANN_0.25_0.005_366	0.209302325581395
HRA003620_ACTATGGCACCGTCTT-1_1	HRA003620_NC-27	HRA003620	DF.classifications_0.25_0.005_366	Singlet	pANN_0.25_0.005_366	0.186046511627907
HRA003620_ACTATGGGTGACAACG-1_1	HRA003620_NC-27	HRA003620	DF.classifications_0.25_0.005_366	Singlet	pANN_0.25_0.005_366	0
HRA003620_ACTATTCAGGGAGAAT-1_1	HRA003620_NC-27	HRA003620	DF.classifications_0.25_0.005_366	Singlet	pANN_0.25_0.005_366	0
HRA003620_ACTATTCAGGGCGAGA-1_1	HRA003620_NC-27	HRA003620	DF.classifications_0.25_0.005_366	Singlet	pANN_0.25_0.005_366	0.232558139534884
HRA003620_ACTATTCAGTTTCGAC-1_1	HRA003620_NC-27	HRA003620	DF.classifications_0.25_0.005_366	Singlet	pANN_0.25_0.005_366	0.0232558139534884
HRA003620_ACTATTCCAATTCTCT-1_1	HRA003620_NC-27	HRA003620	DF.classifications_0.25_0.005_366	Singlet	pANN_0.25_0.005_366	0.13953488372093
HRA003620_ACTATTCCAGGAGGAG-1_1	HRA003620_NC-27	HRA003620	DF.classifications_0.25_0.005_366	Singlet	pANN_0.25_0.005_366	0
HRA003620_ACTCCCAAGCGGTAGT-1_1	HRA003620_NC-27	HRA003620	DF.classifications_0.25_0.005_366	Singlet	pANN_0.25_0.005_366	0.302325581395349
HRA003620_ACTCCCACAGGTCCCA-1_1	HRA003620_NC-27	HRA003620	DF.classifications_0.25_0.005_366	Singlet	pANN_0.25_0.005_366	0.162790697674419
HRA003620_ACTCCCAGTAGCCAGA-1_1	HRA003620_NC-27	HRA003620	DF.classifications_0.25_0.005_366	Singlet	pANN_0.25_0.005_366	0.0697674418604651
HRA003620_ACTCCCAGTGAGACGT-1_1	HRA003620_NC-27	HRA003620	DF.classifications_0.25_0.005_366	Singlet	pANN_0.25_0.005_366	0.209302325581395
HRA003620_ACTCCCAGTGGAGAAA-1_1	HRA003620_NC-27	HRA003620	DF.classifications_0.25_0.005_366	Singlet	pANN_0.25_0.005_366	0.232558139534884
HRA003620_ACTCTCGAGACCTGGA-1_1	HRA003620_NC-27	HRA003620	DF.classifications_0.25_0.005_366	Singlet	pANN_0.25_0.005_366	0.209302325581395
HRA003620_ACTCTCGAGCAGGGAG-1_1	HRA003620_NC-27	HRA003620	DF.classifications_0.25_0.005_366	Singlet	pANN_0.25_0.005_366	0.0930232558139535
HRA003620_ACTCTCGAGCGTGTTT-1_1	HRA003620_NC-27	HRA003620	DF.classifications_0.25_0.005_366	Singlet	pANN_0.25_0.005_366	0.116279069767442
HRA003620_ACTCTCGCACGCGCTA-1_1	HRA003620_NC-27	HRA003620	DF.classifications_0.25_0.005_366	Singlet	pANN_0.25_0.005_366	0.325581395348837
HRA003620_ACTCTCGCAGCATACT-1_1	HRA003620_NC-27	HRA003620	DF.classifications_0.25_0.005_366	Singlet	pANN_0.25_0.005_366	0.162790697674419
HRA003620_ACTCTCGCATCATTGG-1_1	HRA003620_NC-27	HRA003620	DF.classifications_0.25_0.005_366	Singlet	pANN_0.25_0.005_366	0.325581395348837
HRA003620_ACTCTCGGTAGCGTCC-1_1	HRA003620_NC-27	HRA003620	DF.classifications_0.25_0.005_366	Singlet	pANN_0.25_0.005_366	0.116279069767442
HRA003620_ACTCTCGGTAGTATAG-1_1	HRA003620_NC-27	HRA003620	DF.classifications_0.25_0.005_366	Singlet	pANN_0.25_0.005_366	0.348837209302326
HRA003620_ACTCTCGTCACTGGTA-1_1	HRA003620_NC-27	HRA003620	DF.classifications_0.25_0.005_366	Singlet	pANN_0.25_0.005_366	0
HRA003620_ACTGATGAGCTCGACC-1_1	HRA003620_NC-27	HRA003620	DF.classifications_0.25_0.005_366	Singlet	pANN_0.25_0.005_366	0.232558139534884
HRA003620_ACTGATGCAGAGGTTG-1_1	HRA003620_NC-27	HRA003620	DF.classifications_0.25_0.005_366	Singlet	pANN_0.25_0.005_366	0.232558139534884
HRA003620_ACTGATGCATCCGAGC-1_1	HRA003620_NC-27	HRA003620	DF.classifications_0.25_0.005_366	Singlet	pANN_0.25_0.005_366	0.162790697674419
HRA003620_ACTGATGGTCACTGAT-1_1	HRA003620_NC-27	HRA003620	DF.classifications_0.25_0.005_366	Singlet	pANN_0.25_0.005_366	0.0697674418604651
HRA003620_ACTGATGTCTGGTGGC-1_1	HRA003620_NC-27	HRA003620	DF.classifications_0.25_0.005_366	Singlet	pANN_0.25_0.005_366	0.0697674418604651
HRA003620_ACTGCAAAGCATGTTC-1_1	HRA003620_NC-27	HRA003620	DF.classifications_0.25_0.005_366	Singlet	pANN_0.25_0.005_366	0.232558139534884
HRA003620_ACTGCAAAGCTCGACC-1_1	HRA003620_NC-27	HRA003620	DF.classifications_0.25_0.005_366	Singlet	pANN_0.25_0.005_366	0.162790697674419
HRA003620_ACTGCAAAGGTTGGAC-1_1	HRA003620_NC-27	HRA003620	DF.classifications_0.25_0.005_366	Singlet	pANN_0.25_0.005_366	0.0930232558139535
HRA003620_ACTGCAACAATTTCCT-1_1	HRA003620_NC-27	HRA003620	DF.classifications_0.25_0.005_366	Singlet	pANN_0.25_0.005_366	0.0697674418604651
HRA003620_ACTGCAACACCGGAAA-1_1	HRA003620_NC-27	HRA003620	DF.classifications_0.25_0.005_366	Singlet	pANN_0.25_0.005_366	0.0232558139534884
HRA003620_ACTGCAAGTAATCAAG-1_1	HRA003620_NC-27	HRA003620	DF.classifications_0.25_0.005_366	Singlet	pANN_0.25_0.005_366	0.186046511627907
HRA003620_ACTGCAAGTCCTACGG-1_1	HRA003620_NC-27	HRA003620	DF.classifications_0.25_0.005_366	Singlet	pANN_0.25_0.005_366	0.0930232558139535
HRA003620_ACTGCAATCAAGTAAG-1_1	HRA003620_NC-27	HRA003620	DF.classifications_0.25_0.005_366	Singlet	pANN_0.25_0.005_366	0.162790697674419
HRA003620_ACTGCAATCATGGCCG-1_1	HRA003620_NC-27	HRA003620	DF.classifications_0.25_0.005_366	Singlet	pANN_0.25_0.005_366	0.325581395348837
HRA003620_ACTGCAATCGCACGGT-1_1	HRA003620_NC-27	HRA003620	DF.classifications_0.25_0.005_366	Singlet	pANN_0.25_0.005_366	0.232558139534884
HRA003620_ACTGCAATCGTGTGGC-1_1	HRA003620_NC-27	HRA003620	DF.classifications_0.25_0.005_366	Singlet	pANN_0.25_0.005_366	0.162790697674419
HRA003620_ACTGTCCCACTCCCTA-1_1	HRA003620_NC-27	HRA003620	DF.classifications_0.25_0.005_366	Singlet	pANN_0.25_0.005_366	0.0697674418604651
HRA003620_ACTGTCCGTAGCGCTC-1_1	HRA003620_NC-27	HRA003620	DF.classifications_0.25_0.005_366	Singlet	pANN_0.25_0.005_366	0.162790697674419
HRA003620_ACTGTCCGTCCCTCAT-1_1	HRA003620_NC-27	HRA003620	DF.classifications_0.25_0.005_366	Singlet	pANN_0.25_0.005_366	0.0697674418604651
HRA003620_ACTGTCCTCCGAGAAG-1_1	HRA003620_NC-27	HRA003620	DF.classifications_0.25_0.005_366	Singlet	pANN_0.25_0.005_366	0.348837209302326
HRA003620_ACTGTCCTCCTTCTAA-1_1	HRA003620_NC-27	HRA003620	DF.classifications_0.25_0.005_366	Doublet	pANN_0.25_0.005_366	0.883720930232558
HRA003620_ACTGTGAAGAAGCGAA-1_1	HRA003620_NC-27	HRA003620	DF.classifications_0.25_0.005_366	Singlet	pANN_0.25_0.005_366	0.0232558139534884
HRA003620_ACTGTGAAGCAGTACG-1_1	HRA003620_NC-27	HRA003620	DF.classifications_0.25_0.005_366	Singlet	pANN_0.25_0.005_366	0.186046511627907
HRA003620_ACTGTGAAGCTAGTTC-1_1	HRA003620_NC-27	HRA003620	DF.classifications_0.25_0.005_366	Singlet	pANN_0.25_0.005_366	0.209302325581395
HRA003620_ACTGTGAAGGGAGTTC-1_1	HRA003620_NC-27	HRA003620	DF.classifications_0.25_0.005_366	Singlet	pANN_0.25_0.005_366	0.162790697674419
HRA003620_ACTGTGACAAGAATAC-1_1	HRA003620_NC-27	HRA003620	DF.classifications_0.25_0.005_366	Singlet	pANN_0.25_0.005_366	0.395348837209302
HRA003620_ACTGTGACACAAACGG-1_1	HRA003620_NC-27	HRA003620	DF.classifications_0.25_0.005_366	Singlet	pANN_0.25_0.005_366	0.0697674418604651
HRA003620_ACTGTGACACAAGCAG-1_1	HRA003620_NC-27	HRA003620	DF.classifications_0.25_0.005_366	Singlet	pANN_0.25_0.005_366	0.232558139534884
HRA003620_ACTGTGACAGTGTATC-1_1	HRA003620_NC-27	HRA003620	DF.classifications_0.25_0.005_366	Singlet	pANN_0.25_0.005_366	0.0232558139534884
HRA003620_ACTGTGACATCCGCGA-1_1	HRA003620_NC-27	HRA003620	DF.classifications_0.25_0.005_366	Singlet	pANN_0.25_0.005_366	0.209302325581395
HRA003620_ACTGTGACATCCGTGG-1_1	HRA003620_NC-27	HRA003620	DF.classifications_0.25_0.005_366	Singlet	pANN_0.25_0.005_366	0.116279069767442
HRA003620_ACTGTGACATTGCAAC-1_1	HRA003620_NC-27	HRA003620	DF.classifications_0.25_0.005_366	Singlet	pANN_0.25_0.005_366	0.0465116279069767
HRA003620_ACTGTGAGTATACCTG-1_1	HRA003620_NC-27	HRA003620	DF.classifications_0.25_0.005_366	Singlet	pANN_0.25_0.005_366	0.0465116279069767
HRA003620_ACTGTGAGTATCACCA-1_1	HRA003620_NC-27	HRA003620	DF.classifications_0.25_0.005_366	Singlet	pANN_0.25_0.005_366	0
HRA003620_ACTGTGAGTCACAGAG-1_1	HRA003620_NC-27	HRA003620	DF.classifications_0.25_0.005_366	Singlet	pANN_0.25_0.005_366	0.232558139534884
HRA003620_ACTGTGAGTGACTGAG-1_1	HRA003620_NC-27	HRA003620	DF.classifications_0.25_0.005_366	Singlet	pANN_0.25_0.005_366	0.302325581395349
HRA003620_ACTGTGAGTTGCAACT-1_1	HRA003620_NC-27	HRA003620	DF.classifications_0.25_0.005_366	Singlet	pANN_0.25_0.005_366	0.0930232558139535
HRA003620_ACTGTGATCGCGGTAC-1_1	HRA003620_NC-27	HRA003620	DF.classifications_0.25_0.005_366	Singlet	pANN_0.25_0.005_366	0.13953488372093
HRA003620_ACTGTGATCTCAGAAC-1_1	HRA003620_NC-27	HRA003620	DF.classifications_0.25_0.005_366	Singlet	pANN_0.25_0.005_366	0.0232558139534884
HRA003620_ACTTAGGAGTGGCCTC-1_1	HRA003620_NC-27	HRA003620	DF.classifications_0.25_0.005_366	Singlet	pANN_0.25_0.005_366	0.325581395348837
HRA003620_ACTTAGGGTATCGGTT-1_1	HRA003620_NC-27	HRA003620	DF.classifications_0.25_0.005_366	Singlet	pANN_0.25_0.005_366	0.0930232558139535
HRA003620_ACTTAGGGTGTACAGG-1_1	HRA003620_NC-27	HRA003620	DF.classifications_0.25_0.005_366	Singlet	pANN_0.25_0.005_366	0.0232558139534884
HRA003620_ACTTATCCAGGCCCTA-1_1	HRA003620_NC-27	HRA003620	DF.classifications_0.25_0.005_366	Doublet	pANN_0.25_0.005_366	0.418604651162791
HRA003620_ACTTATCCATGGCACC-1_1	HRA003620_NC-27	HRA003620	DF.classifications_0.25_0.005_366	Singlet	pANN_0.25_0.005_366	0.0930232558139535
HRA003620_ACTTATCTCCGGTAGC-1_1	HRA003620_NC-27	HRA003620	DF.classifications_0.25_0.005_366	Singlet	pANN_0.25_0.005_366	0.27906976744186
HRA003620_ACTTCCGAGGTCATCT-1_1	HRA003620_NC-27	HRA003620	DF.classifications_0.25_0.005_366	Singlet	pANN_0.25_0.005_366	0
HRA003620_ACTTCCGAGTTGCATC-1_1	HRA003620_NC-27	HRA003620	DF.classifications_0.25_0.005_366	Singlet	pANN_0.25_0.005_366	0.302325581395349
HRA003620_ACTTCCGCAAACTAGA-1_1	HRA003620_NC-27	HRA003620	DF.classifications_0.25_0.005_366	Singlet	pANN_0.25_0.005_366	0.0697674418604651
HRA003620_ACTTCCGGTAGCACAG-1_1	HRA003620_NC-27	HRA003620	DF.classifications_0.25_0.005_366	Singlet	pANN_0.25_0.005_366	0.116279069767442
HRA003620_ACTTCCGGTAGGCTGA-1_1	HRA003620_NC-27	HRA003620	DF.classifications_0.25_0.005_366	Singlet	pANN_0.25_0.005_366	0.0232558139534884
HRA003620_ACTTCCGGTCATCTAG-1_1	HRA003620_NC-27	HRA003620	DF.classifications_0.25_0.005_366	Singlet	pANN_0.25_0.005_366	0.162790697674419
HRA003620_ACTTCCGTCCCTCTAG-1_1	HRA003620_NC-27	HRA003620	DF.classifications_0.25_0.005_366	Singlet	pANN_0.25_0.005_366	0.116279069767442
HRA003620_ACTTCGCGTTCAAGGG-1_1	HRA003620_NC-27	HRA003620	DF.classifications_0.25_0.005_366	Singlet	pANN_0.25_0.005_366	0.255813953488372
HRA003620_ACTTCGCTCAATCTTC-1_1	HRA003620_NC-27	HRA003620	DF.classifications_0.25_0.005_366	Singlet	pANN_0.25_0.005_366	0.0232558139534884
HRA003620_ACTTCGCTCCACGGAC-1_1	HRA003620_NC-27	HRA003620	DF.classifications_0.25_0.005_366	Singlet	pANN_0.25_0.005_366	0.232558139534884
HRA003620_ACTTTCACACGACGAA-1_1	HRA003620_NC-27	HRA003620	DF.classifications_0.25_0.005_366	Singlet	pANN_0.25_0.005_366	0.209302325581395
HRA003620_ACTTTCAGTAGGTGCA-1_1	HRA003620_NC-27	HRA003620	DF.classifications_0.25_0.005_366	Singlet	pANN_0.25_0.005_366	0.0930232558139535
HRA003620_ACTTTGTAGAGAGAAC-1_1	HRA003620_NC-27	HRA003620	DF.classifications_0.25_0.005_366	Singlet	pANN_0.25_0.005_366	0.0232558139534884
HRA003620_ACTTTGTAGTGGACTG-1_1	HRA003620_NC-27	HRA003620	DF.classifications_0.25_0.005_366	Singlet	pANN_0.25_0.005_366	0.348837209302326
HRA003620_ACTTTGTCACGGTGAA-1_1	HRA003620_NC-27	HRA003620	DF.classifications_0.25_0.005_366	Singlet	pANN_0.25_0.005_366	0.255813953488372
HRA003620_ACTTTGTCATTGCAAC-1_1	HRA003620_NC-27	HRA003620	DF.classifications_0.25_0.005_366	Singlet	pANN_0.25_0.005_366	0.0930232558139535
HRA003620_ACTTTGTGTCAAGCCC-1_1	HRA003620_NC-27	HRA003620	DF.classifications_0.25_0.005_366	Singlet	pANN_0.25_0.005_366	0.186046511627907
HRA003620_ACTTTGTTCAGTCCGG-1_1	HRA003620_NC-27	HRA003620	DF.classifications_0.25_0.005_366	Singlet	pANN_0.25_0.005_366	0.116279069767442
HRA003620_AGAAATGAGCCACTCG-1_1	HRA003620_NC-27	HRA003620	DF.classifications_0.25_0.005_366	Singlet	pANN_0.25_0.005_366	0.186046511627907
HRA003620_AGAAATGCACGCACCA-1_1	HRA003620_NC-27	HRA003620	DF.classifications_0.25_0.005_366	Singlet	pANN_0.25_0.005_366	0.0697674418604651
HRA003620_AGAAATGCAGTAACAA-1_1	HRA003620_NC-27	HRA003620	DF.classifications_0.25_0.005_366	Singlet	pANN_0.25_0.005_366	0.162790697674419
HRA003620_AGAAATGCAGTTGTTG-1_1	HRA003620_NC-27	HRA003620	DF.classifications_0.25_0.005_366	Singlet	pANN_0.25_0.005_366	0.302325581395349
HRA003620_AGAAATGGTTTCACTT-1_1	HRA003620_NC-27	HRA003620	DF.classifications_0.25_0.005_366	Singlet	pANN_0.25_0.005_366	0.0697674418604651
HRA003620_AGAAATGTCAGACCCG-1_1	HRA003620_NC-27	HRA003620	DF.classifications_0.25_0.005_366	Singlet	pANN_0.25_0.005_366	0.116279069767442
HRA003620_AGAAATGTCATGTCTT-1_1	HRA003620_NC-27	HRA003620	DF.classifications_0.25_0.005_366	Singlet	pANN_0.25_0.005_366	0.0930232558139535
HRA003620_AGAAATGTCGTCTACC-1_1	HRA003620_NC-27	HRA003620	DF.classifications_0.25_0.005_366	Singlet	pANN_0.25_0.005_366	0.0232558139534884
HRA003620_AGAAATGTCGTTCAGA-1_1	HRA003620_NC-27	HRA003620	DF.classifications_0.25_0.005_366	Singlet	pANN_0.25_0.005_366	0.0232558139534884
HRA003620_AGAACAAAGCACTCAT-1_1	HRA003620_NC-27	HRA003620	DF.classifications_0.25_0.005_366	Singlet	pANN_0.25_0.005_366	0.162790697674419
HRA003620_AGAACAAAGCGGACAT-1_1	HRA003620_NC-27	HRA003620	DF.classifications_0.25_0.005_366	Doublet	pANN_0.25_0.005_366	0.627906976744186
HRA003620_AGAACAACAGGTCCGT-1_1	HRA003620_NC-27	HRA003620	DF.classifications_0.25_0.005_366	Singlet	pANN_0.25_0.005_366	0.27906976744186
HRA003620_AGAACAATCGGAATTC-1_1	HRA003620_NC-27	HRA003620	DF.classifications_0.25_0.005_366	Doublet	pANN_0.25_0.005_366	0.441860465116279
HRA003620_AGAACCTAGAATCCCT-1_1	HRA003620_NC-27	HRA003620	DF.classifications_0.25_0.005_366	Singlet	pANN_0.25_0.005_366	0
HRA003620_AGAACCTAGAATCGTA-1_1	HRA003620_NC-27	HRA003620	DF.classifications_0.25_0.005_366	Singlet	pANN_0.25_0.005_366	0.0697674418604651
HRA003620_AGAACCTAGACAGCGT-1_1	HRA003620_NC-27	HRA003620	DF.classifications_0.25_0.005_366	Singlet	pANN_0.25_0.005_366	0.116279069767442
HRA003620_AGAACCTGTAGTTCCA-1_1	HRA003620_NC-27	HRA003620	DF.classifications_0.25_0.005_366	Singlet	pANN_0.25_0.005_366	0.0697674418604651
HRA003620_AGAACCTTCATGAAAG-1_1	HRA003620_NC-27	HRA003620	DF.classifications_0.25_0.005_366	Singlet	pANN_0.25_0.005_366	0.162790697674419
HRA003620_AGAACCTTCCGTAGGC-1_1	HRA003620_NC-27	HRA003620	DF.classifications_0.25_0.005_366	Singlet	pANN_0.25_0.005_366	0.232558139534884
HRA003620_AGAAGCGCACCACTGG-1_1	HRA003620_NC-27	HRA003620	DF.classifications_0.25_0.005_366	Singlet	pANN_0.25_0.005_366	0.302325581395349
HRA003620_AGAAGCGCATTCGATG-1_1	HRA003620_NC-27	HRA003620	DF.classifications_0.25_0.005_366	Singlet	pANN_0.25_0.005_366	0
HRA003620_AGAAGCGGTCACGCTG-1_1	HRA003620_NC-27	HRA003620	DF.classifications_0.25_0.005_366	Singlet	pANN_0.25_0.005_366	0.186046511627907
HRA003620_AGAAGCGTCACCATAG-1_1	HRA003620_NC-27	HRA003620	DF.classifications_0.25_0.005_366	Singlet	pANN_0.25_0.005_366	0.162790697674419
HRA003620_AGAAGCGTCTCTCGCA-1_1	HRA003620_NC-27	HRA003620	DF.classifications_0.25_0.005_366	Singlet	pANN_0.25_0.005_366	0.0232558139534884
HRA003620_AGAAGTAGTACCGGAA-1_1	HRA003620_NC-27	HRA003620	DF.classifications_0.25_0.005_366	Singlet	pANN_0.25_0.005_366	0.0697674418604651
HRA003620_AGAAGTAGTCCGAAAG-1_1	HRA003620_NC-27	HRA003620	DF.classifications_0.25_0.005_366	Singlet	pANN_0.25_0.005_366	0
HRA003620_AGAAGTAGTGTCATTG-1_1	HRA003620_NC-27	HRA003620	DF.classifications_0.25_0.005_366	Singlet	pANN_0.25_0.005_366	0
HRA003620_AGAAGTATCCACTGAA-1_1	HRA003620_NC-27	HRA003620	DF.classifications_0.25_0.005_366	Singlet	pANN_0.25_0.005_366	0.0930232558139535
HRA003620_AGACAAAAGTAGAGTT-1_1	HRA003620_NC-27	HRA003620	DF.classifications_0.25_0.005_366	Doublet	pANN_0.25_0.005_366	0.604651162790698
HRA003620_AGACAAACACATTGTG-1_1	HRA003620_NC-27	HRA003620	DF.classifications_0.25_0.005_366	Singlet	pANN_0.25_0.005_366	0.232558139534884
HRA003620_AGACAAACACCCTATC-1_1	HRA003620_NC-27	HRA003620	DF.classifications_0.25_0.005_366	Singlet	pANN_0.25_0.005_366	0.209302325581395
HRA003620_AGACAAATCGCTACAA-1_1	HRA003620_NC-27	HRA003620	DF.classifications_0.25_0.005_366	Singlet	pANN_0.25_0.005_366	0
HRA003620_AGACACTCAAGATGTA-1_1	HRA003620_NC-27	HRA003620	DF.classifications_0.25_0.005_366	Singlet	pANN_0.25_0.005_366	0.116279069767442
HRA003620_AGACACTCACACAGAG-1_1	HRA003620_NC-27	HRA003620	DF.classifications_0.25_0.005_366	Singlet	pANN_0.25_0.005_366	0.162790697674419
HRA003620_AGACACTGTAAGTCAA-1_1	HRA003620_NC-27	HRA003620	DF.classifications_0.25_0.005_366	Singlet	pANN_0.25_0.005_366	0.232558139534884
HRA003620_AGACACTGTAGGACTG-1_1	HRA003620_NC-27	HRA003620	DF.classifications_0.25_0.005_366	Singlet	pANN_0.25_0.005_366	0.186046511627907
HRA003620_AGACACTGTCGCACGT-1_1	HRA003620_NC-27	HRA003620	DF.classifications_0.25_0.005_366	Singlet	pANN_0.25_0.005_366	0.0930232558139535
HRA003620_AGACACTGTGCCTTTC-1_1	HRA003620_NC-27	HRA003620	DF.classifications_0.25_0.005_366	Singlet	pANN_0.25_0.005_366	0.186046511627907
HRA003620_AGACACTGTTCGAAGG-1_1	HRA003620_NC-27	HRA003620	DF.classifications_0.25_0.005_366	Singlet	pANN_0.25_0.005_366	0.232558139534884
HRA003620_AGACACTTCACGAACT-1_1	HRA003620_NC-27	HRA003620	DF.classifications_0.25_0.005_366	Singlet	pANN_0.25_0.005_366	0.27906976744186
HRA003620_AGACACTTCACGGACC-1_1	HRA003620_NC-27	HRA003620	DF.classifications_0.25_0.005_366	Singlet	pANN_0.25_0.005_366	0.0697674418604651
HRA003620_AGACACTTCCGATGCG-1_1	HRA003620_NC-27	HRA003620	DF.classifications_0.25_0.005_366	Doublet	pANN_0.25_0.005_366	0.534883720930233
HRA003620_AGACACTTCTCGTCGT-1_1	HRA003620_NC-27	HRA003620	DF.classifications_0.25_0.005_366	Singlet	pANN_0.25_0.005_366	0.0232558139534884
HRA003620_AGACAGGAGATTGACA-1_1	HRA003620_NC-27	HRA003620	DF.classifications_0.25_0.005_366	Doublet	pANN_0.25_0.005_366	0.558139534883721
HRA003620_AGACAGGCACAGTACT-1_1	HRA003620_NC-27	HRA003620	DF.classifications_0.25_0.005_366	Singlet	pANN_0.25_0.005_366	0.255813953488372
HRA003620_AGACAGGCAGTGGCTC-1_1	HRA003620_NC-27	HRA003620	DF.classifications_0.25_0.005_366	Singlet	pANN_0.25_0.005_366	0
HRA003620_AGACAGGGTAACGATA-1_1	HRA003620_NC-27	HRA003620	DF.classifications_0.25_0.005_366	Singlet	pANN_0.25_0.005_366	0.0232558139534884
HRA003620_AGACAGGGTACAATAG-1_1	HRA003620_NC-27	HRA003620	DF.classifications_0.25_0.005_366	Singlet	pANN_0.25_0.005_366	0.0465116279069767
HRA003620_AGACAGGGTCAACACT-1_1	HRA003620_NC-27	HRA003620	DF.classifications_0.25_0.005_366	Singlet	pANN_0.25_0.005_366	0.186046511627907
HRA003620_AGACAGGTCACCATCC-1_1	HRA003620_NC-27	HRA003620	DF.classifications_0.25_0.005_366	Singlet	pANN_0.25_0.005_366	0.0697674418604651
HRA003620_AGACAGGTCGACACCG-1_1	HRA003620_NC-27	HRA003620	DF.classifications_0.25_0.005_366	Singlet	pANN_0.25_0.005_366	0.0232558139534884
HRA003620_AGACCATAGATCGGTG-1_1	HRA003620_NC-27	HRA003620	DF.classifications_0.25_0.005_366	Singlet	pANN_0.25_0.005_366	0.0697674418604651
HRA003620_AGACCATAGCGTTAGG-1_1	HRA003620_NC-27	HRA003620	DF.classifications_0.25_0.005_366	Singlet	pANN_0.25_0.005_366	0.0697674418604651
HRA003620_AGACCATAGGATATAC-1_1	HRA003620_NC-27	HRA003620	DF.classifications_0.25_0.005_366	Singlet	pANN_0.25_0.005_366	0.302325581395349
HRA003620_AGACCATCAATGAACA-1_1	HRA003620_NC-27	HRA003620	DF.classifications_0.25_0.005_366	Singlet	pANN_0.25_0.005_366	0.0697674418604651
HRA003620_AGACCATGTGCATTTG-1_1	HRA003620_NC-27	HRA003620	DF.classifications_0.25_0.005_366	Singlet	pANN_0.25_0.005_366	0.0465116279069767
HRA003620_AGACCATGTTATCTTC-1_1	HRA003620_NC-27	HRA003620	DF.classifications_0.25_0.005_366	Singlet	pANN_0.25_0.005_366	0.13953488372093
HRA003620_AGACCATTCTGGCCAG-1_1	HRA003620_NC-27	HRA003620	DF.classifications_0.25_0.005_366	Singlet	pANN_0.25_0.005_366	0.0697674418604651
HRA003620_AGACCCGGTTCCATTT-1_1	HRA003620_NC-27	HRA003620	DF.classifications_0.25_0.005_366	Singlet	pANN_0.25_0.005_366	0.13953488372093
HRA003620_AGACCCGGTTCGGACC-1_1	HRA003620_NC-27	HRA003620	DF.classifications_0.25_0.005_366	Singlet	pANN_0.25_0.005_366	0.186046511627907
HRA003620_AGACTCAAGCAACCAG-1_1	HRA003620_NC-27	HRA003620	DF.classifications_0.25_0.005_366	Singlet	pANN_0.25_0.005_366	0.209302325581395
HRA003620_AGACTCACAAAGGAGA-1_1	HRA003620_NC-27	HRA003620	DF.classifications_0.25_0.005_366	Singlet	pANN_0.25_0.005_366	0.0697674418604651
HRA003620_AGACTCACAAGCGCTC-1_1	HRA003620_NC-27	HRA003620	DF.classifications_0.25_0.005_366	Singlet	pANN_0.25_0.005_366	0.13953488372093
HRA003620_AGACTCACACCAGCTG-1_1	HRA003620_NC-27	HRA003620	DF.classifications_0.25_0.005_366	Doublet	pANN_0.25_0.005_366	0.627906976744186
HRA003620_AGACTCATCAACCGAT-1_1	HRA003620_NC-27	HRA003620	DF.classifications_0.25_0.005_366	Singlet	pANN_0.25_0.005_366	0.13953488372093
HRA003620_AGACTCATCCCATACC-1_1	HRA003620_NC-27	HRA003620	DF.classifications_0.25_0.005_366	Singlet	pANN_0.25_0.005_366	0.186046511627907
HRA003620_AGAGAATAGGGCAGGA-1_1	HRA003620_NC-27	HRA003620	DF.classifications_0.25_0.005_366	Singlet	pANN_0.25_0.005_366	0.0930232558139535
HRA003620_AGAGAATAGGTCACAG-1_1	HRA003620_NC-27	HRA003620	DF.classifications_0.25_0.005_366	Singlet	pANN_0.25_0.005_366	0.0930232558139535
HRA003620_AGAGAATAGGTCACTT-1_1	HRA003620_NC-27	HRA003620	DF.classifications_0.25_0.005_366	Singlet	pANN_0.25_0.005_366	0.13953488372093
HRA003620_AGAGAATCAGAGCGTA-1_1	HRA003620_NC-27	HRA003620	DF.classifications_0.25_0.005_366	Singlet	pANN_0.25_0.005_366	0.13953488372093
HRA003620_AGAGAATCATGTAACC-1_1	HRA003620_NC-27	HRA003620	DF.classifications_0.25_0.005_366	Singlet	pANN_0.25_0.005_366	0.0697674418604651
HRA003620_AGAGAATTCAGTGATC-1_1	HRA003620_NC-27	HRA003620	DF.classifications_0.25_0.005_366	Singlet	pANN_0.25_0.005_366	0.0930232558139535
HRA003620_AGAGAATTCCATGAGT-1_1	HRA003620_NC-27	HRA003620	DF.classifications_0.25_0.005_366	Singlet	pANN_0.25_0.005_366	0
HRA003620_AGAGAGCAGGTCACCC-1_1	HRA003620_NC-27	HRA003620	DF.classifications_0.25_0.005_366	Singlet	pANN_0.25_0.005_366	0.209302325581395
HRA003620_AGAGAGCAGTAAGACT-1_1	HRA003620_NC-27	HRA003620	DF.classifications_0.25_0.005_366	Singlet	pANN_0.25_0.005_366	0.116279069767442
HRA003620_AGAGAGCCAAGACAAT-1_1	HRA003620_NC-27	HRA003620	DF.classifications_0.25_0.005_366	Singlet	pANN_0.25_0.005_366	0.0930232558139535
HRA003620_AGAGAGCCAGGACGAT-1_1	HRA003620_NC-27	HRA003620	DF.classifications_0.25_0.005_366	Singlet	pANN_0.25_0.005_366	0.209302325581395
HRA003620_AGAGAGCTCGGTCAGC-1_1	HRA003620_NC-27	HRA003620	DF.classifications_0.25_0.005_366	Singlet	pANN_0.25_0.005_366	0.395348837209302
HRA003620_AGAGCAGAGACCAAAT-1_1	HRA003620_NC-27	HRA003620	DF.classifications_0.25_0.005_366	Singlet	pANN_0.25_0.005_366	0.0930232558139535
HRA003620_AGAGCAGCACGCGCAT-1_1	HRA003620_NC-27	HRA003620	DF.classifications_0.25_0.005_366	Singlet	pANN_0.25_0.005_366	0.0697674418604651
HRA003620_AGAGCAGGTATGAAAC-1_1	HRA003620_NC-27	HRA003620	DF.classifications_0.25_0.005_366	Singlet	pANN_0.25_0.005_366	0.162790697674419
HRA003620_AGAGCAGGTCAAGGCA-1_1	HRA003620_NC-27	HRA003620	DF.classifications_0.25_0.005_366	Singlet	pANN_0.25_0.005_366	0.0232558139534884
HRA003620_AGAGCAGGTGATCATC-1_1	HRA003620_NC-27	HRA003620	DF.classifications_0.25_0.005_366	Singlet	pANN_0.25_0.005_366	0.0465116279069767
HRA003620_AGAGCAGTCAGAGTTC-1_1	HRA003620_NC-27	HRA003620	DF.classifications_0.25_0.005_366	Singlet	pANN_0.25_0.005_366	0.325581395348837
HRA003620_AGAGCAGTCCAGTACA-1_1	HRA003620_NC-27	HRA003620	DF.classifications_0.25_0.005_366	Singlet	pANN_0.25_0.005_366	0.0697674418604651
HRA003620_AGAGCAGTCCGGCAAC-1_1	HRA003620_NC-27	HRA003620	DF.classifications_0.25_0.005_366	Singlet	pANN_0.25_0.005_366	0.162790697674419
HRA003620_AGAGCCCAGACGCATG-1_1	HRA003620_NC-27	HRA003620	DF.classifications_0.25_0.005_366	Singlet	pANN_0.25_0.005_366	0
HRA003620_AGAGCCCAGGCATGGT-1_1	HRA003620_NC-27	HRA003620	DF.classifications_0.25_0.005_366	Singlet	pANN_0.25_0.005_366	0.162790697674419
HRA003620_AGAGCCCCAGGAAGTC-1_1	HRA003620_NC-27	HRA003620	DF.classifications_0.25_0.005_366	Singlet	pANN_0.25_0.005_366	0.209302325581395
HRA003620_AGAGCCCGTACCGTCG-1_1	HRA003620_NC-27	HRA003620	DF.classifications_0.25_0.005_366	Doublet	pANN_0.25_0.005_366	0.418604651162791
HRA003620_AGAGCCCGTATCGGTT-1_1	HRA003620_NC-27	HRA003620	DF.classifications_0.25_0.005_366	Singlet	pANN_0.25_0.005_366	0
HRA003620_AGAGCCCGTTGAGAGC-1_1	HRA003620_NC-27	HRA003620	DF.classifications_0.25_0.005_366	Singlet	pANN_0.25_0.005_366	0.0465116279069767
HRA003620_AGAGCCCTCACCATAG-1_1	HRA003620_NC-27	HRA003620	DF.classifications_0.25_0.005_366	Singlet	pANN_0.25_0.005_366	0.186046511627907
HRA003620_AGAGCCCTCGGCATCG-1_1	HRA003620_NC-27	HRA003620	DF.classifications_0.25_0.005_366	Singlet	pANN_0.25_0.005_366	0.0232558139534884
HRA003620_AGATAGACACACAGCC-1_1	HRA003620_NC-27	HRA003620	DF.classifications_0.25_0.005_366	Singlet	pANN_0.25_0.005_366	0
HRA003620_AGATAGATCACGGACC-1_1	HRA003620_NC-27	HRA003620	DF.classifications_0.25_0.005_366	Singlet	pANN_0.25_0.005_366	0.13953488372093
HRA003620_AGATAGATCCGTTGAA-1_1	HRA003620_NC-27	HRA003620	DF.classifications_0.25_0.005_366	Singlet	pANN_0.25_0.005_366	0.232558139534884
HRA003620_AGATAGATCCTTCTTC-1_1	HRA003620_NC-27	HRA003620	DF.classifications_0.25_0.005_366	Singlet	pANN_0.25_0.005_366	0.186046511627907
HRA003620_AGATAGATCGACACCG-1_1	HRA003620_NC-27	HRA003620	DF.classifications_0.25_0.005_366	Singlet	pANN_0.25_0.005_366	0.0930232558139535
HRA003620_AGATCCAAGGCTAACG-1_1	HRA003620_NC-27	HRA003620	DF.classifications_0.25_0.005_366	Singlet	pANN_0.25_0.005_366	0.0697674418604651
HRA003620_AGATCCACACTGATTG-1_1	HRA003620_NC-27	HRA003620	DF.classifications_0.25_0.005_366	Singlet	pANN_0.25_0.005_366	0.325581395348837
HRA003620_AGATCCACAGTCGGAA-1_1	HRA003620_NC-27	HRA003620	DF.classifications_0.25_0.005_366	Singlet	pANN_0.25_0.005_366	0.0232558139534884
HRA003620_AGATCCACATGCCGCA-1_1	HRA003620_NC-27	HRA003620	DF.classifications_0.25_0.005_366	Singlet	pANN_0.25_0.005_366	0.0232558139534884
HRA003620_AGATCCACATTAGGAA-1_1	HRA003620_NC-27	HRA003620	DF.classifications_0.25_0.005_366	Singlet	pANN_0.25_0.005_366	0.162790697674419
HRA003620_AGATCCAGTATGGGAC-1_1	HRA003620_NC-27	HRA003620	DF.classifications_0.25_0.005_366	Singlet	pANN_0.25_0.005_366	0.302325581395349
HRA003620_AGATCCAGTCCACTCT-1_1	HRA003620_NC-27	HRA003620	DF.classifications_0.25_0.005_366	Singlet	pANN_0.25_0.005_366	0
HRA003620_AGATCCAGTCGATTCA-1_1	HRA003620_NC-27	HRA003620	DF.classifications_0.25_0.005_366	Singlet	pANN_0.25_0.005_366	0.232558139534884
HRA003620_AGATCCATCCTTCAGC-1_1	HRA003620_NC-27	HRA003620	DF.classifications_0.25_0.005_366	Singlet	pANN_0.25_0.005_366	0.302325581395349
HRA003620_AGATCGTAGCACCTGC-1_1	HRA003620_NC-27	HRA003620	DF.classifications_0.25_0.005_366	Singlet	pANN_0.25_0.005_366	0.209302325581395
HRA003620_AGATCGTAGCTCAGAG-1_1	HRA003620_NC-27	HRA003620	DF.classifications_0.25_0.005_366	Singlet	pANN_0.25_0.005_366	0.13953488372093
HRA003620_AGATCGTCAGGCACTC-1_1	HRA003620_NC-27	HRA003620	DF.classifications_0.25_0.005_366	Singlet	pANN_0.25_0.005_366	0.0930232558139535
HRA003620_AGATCGTGTTCTCTCG-1_1	HRA003620_NC-27	HRA003620	DF.classifications_0.25_0.005_366	Singlet	pANN_0.25_0.005_366	0.0465116279069767
HRA003620_AGATCGTTCGGATTAC-1_1	HRA003620_NC-27	HRA003620	DF.classifications_0.25_0.005_366	Singlet	pANN_0.25_0.005_366	0.0930232558139535
HRA003620_AGATCGTTCGGCACTG-1_1	HRA003620_NC-27	HRA003620	DF.classifications_0.25_0.005_366	Singlet	pANN_0.25_0.005_366	0.13953488372093
HRA003620_AGATGAAAGGCTCTAT-1_1	HRA003620_NC-27	HRA003620	DF.classifications_0.25_0.005_366	Doublet	pANN_0.25_0.005_366	0.488372093023256
HRA003620_AGATGAAAGGTAGATT-1_1	HRA003620_NC-27	HRA003620	DF.classifications_0.25_0.005_366	Singlet	pANN_0.25_0.005_366	0.116279069767442
HRA003620_AGATGAACAAATAGCA-1_1	HRA003620_NC-27	HRA003620	DF.classifications_0.25_0.005_366	Singlet	pANN_0.25_0.005_366	0.27906976744186
HRA003620_AGATGAACAAGTAGTA-1_1	HRA003620_NC-27	HRA003620	DF.classifications_0.25_0.005_366	Doublet	pANN_0.25_0.005_366	0.534883720930233
HRA003620_AGATGAAGTAAGATCA-1_1	HRA003620_NC-27	HRA003620	DF.classifications_0.25_0.005_366	Singlet	pANN_0.25_0.005_366	0.348837209302326
HRA003620_AGATGAAGTCTCTCTG-1_1	HRA003620_NC-27	HRA003620	DF.classifications_0.25_0.005_366	Singlet	pANN_0.25_0.005_366	0.255813953488372
HRA003620_AGATGAATCACTCTTA-1_1	HRA003620_NC-27	HRA003620	DF.classifications_0.25_0.005_366	Singlet	pANN_0.25_0.005_366	0.13953488372093
HRA003620_AGATGAATCGTCAAAC-1_1	HRA003620_NC-27	HRA003620	DF.classifications_0.25_0.005_366	Singlet	pANN_0.25_0.005_366	0.209302325581395
HRA003620_AGATGCTAGGCACTCC-1_1	HRA003620_NC-27	HRA003620	DF.classifications_0.25_0.005_366	Singlet	pANN_0.25_0.005_366	0.209302325581395
HRA003620_AGATGCTCACATACGT-1_1	HRA003620_NC-27	HRA003620	DF.classifications_0.25_0.005_366	Singlet	pANN_0.25_0.005_366	0.0930232558139535
HRA003620_AGATGCTCATCCTGTC-1_1	HRA003620_NC-27	HRA003620	DF.classifications_0.25_0.005_366	Singlet	pANN_0.25_0.005_366	0.209302325581395
HRA003620_AGATGCTGTATCCCAA-1_1	HRA003620_NC-27	HRA003620	DF.classifications_0.25_0.005_366	Singlet	pANN_0.25_0.005_366	0.0697674418604651
HRA003620_AGATGCTGTCAACATC-1_1	HRA003620_NC-27	HRA003620	DF.classifications_0.25_0.005_366	Singlet	pANN_0.25_0.005_366	0.162790697674419
HRA003620_AGATGCTTCTGCGGAC-1_1	HRA003620_NC-27	HRA003620	DF.classifications_0.25_0.005_366	Singlet	pANN_0.25_0.005_366	0.0697674418604651
HRA003620_AGCATCACACAGCCAC-1_1	HRA003620_NC-27	HRA003620	DF.classifications_0.25_0.005_366	Singlet	pANN_0.25_0.005_366	0.0465116279069767
HRA003620_AGCATCACAGCGGTTC-1_1	HRA003620_NC-27	HRA003620	DF.classifications_0.25_0.005_366	Singlet	pANN_0.25_0.005_366	0
HRA003620_AGCATCAGTGGAGAAA-1_1	HRA003620_NC-27	HRA003620	DF.classifications_0.25_0.005_366	Singlet	pANN_0.25_0.005_366	0.395348837209302
HRA003620_AGCATCATCACCGGGT-1_1	HRA003620_NC-27	HRA003620	DF.classifications_0.25_0.005_366	Singlet	pANN_0.25_0.005_366	0.0232558139534884
HRA003620_AGCATCATCAGCTGAT-1_1	HRA003620_NC-27	HRA003620	DF.classifications_0.25_0.005_366	Singlet	pANN_0.25_0.005_366	0.27906976744186
HRA003620_AGCATCATCAGGTGTT-1_1	HRA003620_NC-27	HRA003620	DF.classifications_0.25_0.005_366	Singlet	pANN_0.25_0.005_366	0.209302325581395
HRA003620_AGCCAATAGCAGGTCA-1_1	HRA003620_NC-27	HRA003620	DF.classifications_0.25_0.005_366	Singlet	pANN_0.25_0.005_366	0.116279069767442
HRA003620_AGCCAATAGTAACCGG-1_1	HRA003620_NC-27	HRA003620	DF.classifications_0.25_0.005_366	Singlet	pANN_0.25_0.005_366	0.232558139534884
HRA003620_AGCCAATCAGGTGGAT-1_1	HRA003620_NC-27	HRA003620	DF.classifications_0.25_0.005_366	Singlet	pANN_0.25_0.005_366	0.232558139534884
HRA003620_AGCCAATCATGTGGCC-1_1	HRA003620_NC-27	HRA003620	DF.classifications_0.25_0.005_366	Singlet	pANN_0.25_0.005_366	0.232558139534884
HRA003620_AGCCAATGTGGTTTAC-1_1	HRA003620_NC-27	HRA003620	DF.classifications_0.25_0.005_366	Singlet	pANN_0.25_0.005_366	0.0465116279069767
HRA003620_AGCCAATTCAATCAGC-1_1	HRA003620_NC-27	HRA003620	DF.classifications_0.25_0.005_366	Singlet	pANN_0.25_0.005_366	0.186046511627907
HRA003620_AGCCAATTCGTGTGGC-1_1	HRA003620_NC-27	HRA003620	DF.classifications_0.25_0.005_366	Singlet	pANN_0.25_0.005_366	0.209302325581395
HRA003620_AGCCACGAGCCAACCC-1_1	HRA003620_NC-27	HRA003620	DF.classifications_0.25_0.005_366	Singlet	pANN_0.25_0.005_366	0.162790697674419
HRA003620_AGCCACGCACACTTAG-1_1	HRA003620_NC-27	HRA003620	DF.classifications_0.25_0.005_366	Singlet	pANN_0.25_0.005_366	0
HRA003620_AGCCACGCACTGGAAG-1_1	HRA003620_NC-27	HRA003620	DF.classifications_0.25_0.005_366	Singlet	pANN_0.25_0.005_366	0.0930232558139535
HRA003620_AGCCACGGTGCATTAC-1_1	HRA003620_NC-27	HRA003620	DF.classifications_0.25_0.005_366	Singlet	pANN_0.25_0.005_366	0.162790697674419
HRA003620_AGCCACGTCACCTTGC-1_1	HRA003620_NC-27	HRA003620	DF.classifications_0.25_0.005_366	Singlet	pANN_0.25_0.005_366	0.395348837209302
HRA003620_AGCCACGTCCGAGATT-1_1	HRA003620_NC-27	HRA003620	DF.classifications_0.25_0.005_366	Singlet	pANN_0.25_0.005_366	0.162790697674419
HRA003620_AGCCACGTCGAGAAAT-1_1	HRA003620_NC-27	HRA003620	DF.classifications_0.25_0.005_366	Doublet	pANN_0.25_0.005_366	0.697674418604651
HRA003620_AGCCAGCAGGATATGT-1_1	HRA003620_NC-27	HRA003620	DF.classifications_0.25_0.005_366	Singlet	pANN_0.25_0.005_366	0.348837209302326
HRA003620_AGCCAGCCAAGAGCTG-1_1	HRA003620_NC-27	HRA003620	DF.classifications_0.25_0.005_366	Singlet	pANN_0.25_0.005_366	0.232558139534884
HRA003620_AGCCAGCGTCGCATCG-1_1	HRA003620_NC-27	HRA003620	DF.classifications_0.25_0.005_366	Singlet	pANN_0.25_0.005_366	0
HRA003620_AGCCAGCGTGCCTACG-1_1	HRA003620_NC-27	HRA003620	DF.classifications_0.25_0.005_366	Singlet	pANN_0.25_0.005_366	0.232558139534884
HRA003620_AGCCAGCGTGGACCAA-1_1	HRA003620_NC-27	HRA003620	DF.classifications_0.25_0.005_366	Doublet	pANN_0.25_0.005_366	0.441860465116279
HRA003620_AGCGATTCATCGTGCG-1_1	HRA003620_NC-27	HRA003620	DF.classifications_0.25_0.005_366	Singlet	pANN_0.25_0.005_366	0.116279069767442
HRA003620_AGCGCCAAGAATCTAG-1_1	HRA003620_NC-27	HRA003620	DF.classifications_0.25_0.005_366	Doublet	pANN_0.25_0.005_366	0.441860465116279
HRA003620_AGCGCCAAGGTCCTGC-1_1	HRA003620_NC-27	HRA003620	DF.classifications_0.25_0.005_366	Singlet	pANN_0.25_0.005_366	0.0465116279069767
HRA003620_AGCGCCAAGTAATCCC-1_1	HRA003620_NC-27	HRA003620	DF.classifications_0.25_0.005_366	Singlet	pANN_0.25_0.005_366	0.0232558139534884
HRA003620_AGCGCCACAACCCTAA-1_1	HRA003620_NC-27	HRA003620	DF.classifications_0.25_0.005_366	Singlet	pANN_0.25_0.005_366	0.13953488372093
HRA003620_AGCGCCACACGGTCTG-1_1	HRA003620_NC-27	HRA003620	DF.classifications_0.25_0.005_366	Singlet	pANN_0.25_0.005_366	0.162790697674419
HRA003620_AGCGCCACATGACGGA-1_1	HRA003620_NC-27	HRA003620	DF.classifications_0.25_0.005_366	Singlet	pANN_0.25_0.005_366	0.0465116279069767
HRA003620_AGCGCCAGTAGATGTA-1_1	HRA003620_NC-27	HRA003620	DF.classifications_0.25_0.005_366	Singlet	pANN_0.25_0.005_366	0.302325581395349
HRA003620_AGCGCTGAGAAATGGG-1_1	HRA003620_NC-27	HRA003620	DF.classifications_0.25_0.005_366	Singlet	pANN_0.25_0.005_366	0
HRA003620_AGCGCTGAGGCACGAT-1_1	HRA003620_NC-27	HRA003620	DF.classifications_0.25_0.005_366	Singlet	pANN_0.25_0.005_366	0.162790697674419
HRA003620_AGCGCTGCAAGATGGC-1_1	HRA003620_NC-27	HRA003620	DF.classifications_0.25_0.005_366	Singlet	pANN_0.25_0.005_366	0.0697674418604651
HRA003620_AGCGCTGCATACACCA-1_1	HRA003620_NC-27	HRA003620	DF.classifications_0.25_0.005_366	Singlet	pANN_0.25_0.005_366	0.0232558139534884
HRA003620_AGCGCTGGTCACCGAC-1_1	HRA003620_NC-27	HRA003620	DF.classifications_0.25_0.005_366	Singlet	pANN_0.25_0.005_366	0.209302325581395
HRA003620_AGCGCTGTCACGATCA-1_1	HRA003620_NC-27	HRA003620	DF.classifications_0.25_0.005_366	Singlet	pANN_0.25_0.005_366	0.13953488372093
HRA003620_AGCGCTGTCTTGCGCT-1_1	HRA003620_NC-27	HRA003620	DF.classifications_0.25_0.005_366	Singlet	pANN_0.25_0.005_366	0.116279069767442
HRA003620_AGCGTATAGTGTCATC-1_1	HRA003620_NC-27	HRA003620	DF.classifications_0.25_0.005_366	Singlet	pANN_0.25_0.005_366	0.0697674418604651
HRA003620_AGCGTATCACGCTGAC-1_1	HRA003620_NC-27	HRA003620	DF.classifications_0.25_0.005_366	Singlet	pANN_0.25_0.005_366	0.13953488372093
HRA003620_AGCGTATCAGGTGGAT-1_1	HRA003620_NC-27	HRA003620	DF.classifications_0.25_0.005_366	Singlet	pANN_0.25_0.005_366	0.162790697674419
HRA003620_AGCGTATCATCAGCAT-1_1	HRA003620_NC-27	HRA003620	DF.classifications_0.25_0.005_366	Singlet	pANN_0.25_0.005_366	0.13953488372093
HRA003620_AGCGTATCATGGGTCC-1_1	HRA003620_NC-27	HRA003620	DF.classifications_0.25_0.005_366	Singlet	pANN_0.25_0.005_366	0.116279069767442
HRA003620_AGCGTATGTTCAGTAC-1_1	HRA003620_NC-27	HRA003620	DF.classifications_0.25_0.005_366	Singlet	pANN_0.25_0.005_366	0.162790697674419
HRA003620_AGCGTATTCGTTACCC-1_1	HRA003620_NC-27	HRA003620	DF.classifications_0.25_0.005_366	Singlet	pANN_0.25_0.005_366	0.13953488372093
HRA003620_AGCGTATTCTTGTTAC-1_1	HRA003620_NC-27	HRA003620	DF.classifications_0.25_0.005_366	Singlet	pANN_0.25_0.005_366	0.162790697674419
HRA003620_AGCGTCGGTCTAACGT-1_1	HRA003620_NC-27	HRA003620	DF.classifications_0.25_0.005_366	Singlet	pANN_0.25_0.005_366	0.0232558139534884
HRA003620_AGCTACAAGCCTGACC-1_1	HRA003620_NC-27	HRA003620	DF.classifications_0.25_0.005_366	Singlet	pANN_0.25_0.005_366	0.0465116279069767
HRA003620_AGCTACAAGCTTACGT-1_1	HRA003620_NC-27	HRA003620	DF.classifications_0.25_0.005_366	Singlet	pANN_0.25_0.005_366	0.0465116279069767
HRA003620_AGCTACAGTCTCACAA-1_1	HRA003620_NC-27	HRA003620	DF.classifications_0.25_0.005_366	Singlet	pANN_0.25_0.005_366	0.0930232558139535
HRA003620_AGCTACATCAACTCTT-1_1	HRA003620_NC-27	HRA003620	DF.classifications_0.25_0.005_366	Singlet	pANN_0.25_0.005_366	0.162790697674419
HRA003620_AGCTACATCCCTAGGG-1_1	HRA003620_NC-27	HRA003620	DF.classifications_0.25_0.005_366	Singlet	pANN_0.25_0.005_366	0.162790697674419
HRA003620_AGCTACATCGCCGAGT-1_1	HRA003620_NC-27	HRA003620	DF.classifications_0.25_0.005_366	Singlet	pANN_0.25_0.005_366	0.255813953488372
HRA003620_AGCTACATCTTTCAGT-1_1	HRA003620_NC-27	HRA003620	DF.classifications_0.25_0.005_366	Singlet	pANN_0.25_0.005_366	0.186046511627907
HRA003620_AGCTCAAAGCAGTAAT-1_1	HRA003620_NC-27	HRA003620	DF.classifications_0.25_0.005_366	Singlet	pANN_0.25_0.005_366	0.186046511627907
HRA003620_AGCTCAAAGCTAGAGC-1_1	HRA003620_NC-27	HRA003620	DF.classifications_0.25_0.005_366	Singlet	pANN_0.25_0.005_366	0.232558139534884
HRA003620_AGCTCAAAGGGCAATC-1_1	HRA003620_NC-27	HRA003620	DF.classifications_0.25_0.005_366	Singlet	pANN_0.25_0.005_366	0.209302325581395
HRA003620_AGCTCAAAGGTCATCT-1_1	HRA003620_NC-27	HRA003620	DF.classifications_0.25_0.005_366	Singlet	pANN_0.25_0.005_366	0.255813953488372
HRA003620_AGCTCAACAAGAGTTA-1_1	HRA003620_NC-27	HRA003620	DF.classifications_0.25_0.005_366	Singlet	pANN_0.25_0.005_366	0.0465116279069767
HRA003620_AGCTCAAGTTGGGTAG-1_1	HRA003620_NC-27	HRA003620	DF.classifications_0.25_0.005_366	Singlet	pANN_0.25_0.005_366	0.0930232558139535
HRA003620_AGCTTCCAGCACGTCC-1_1	HRA003620_NC-27	HRA003620	DF.classifications_0.25_0.005_366	Singlet	pANN_0.25_0.005_366	0.255813953488372
HRA003620_AGCTTCCAGGACACTG-1_1	HRA003620_NC-27	HRA003620	DF.classifications_0.25_0.005_366	Singlet	pANN_0.25_0.005_366	0.302325581395349
HRA003620_AGCTTCCAGTGGCGAT-1_1	HRA003620_NC-27	HRA003620	DF.classifications_0.25_0.005_366	Singlet	pANN_0.25_0.005_366	0.255813953488372
HRA003620_AGCTTCCCAAGACAAT-1_1	HRA003620_NC-27	HRA003620	DF.classifications_0.25_0.005_366	Singlet	pANN_0.25_0.005_366	0.0232558139534884
HRA003620_AGCTTCCGTCCGTTTC-1_1	HRA003620_NC-27	HRA003620	DF.classifications_0.25_0.005_366	Singlet	pANN_0.25_0.005_366	0.0232558139534884
HRA003620_AGGAAATAGACCCGCT-1_1	HRA003620_NC-27	HRA003620	DF.classifications_0.25_0.005_366	Singlet	pANN_0.25_0.005_366	0.186046511627907
HRA003620_AGGAAATAGGTCCAGA-1_1	HRA003620_NC-27	HRA003620	DF.classifications_0.25_0.005_366	Singlet	pANN_0.25_0.005_366	0.209302325581395
HRA003620_AGGAAATCAACACAGG-1_1	HRA003620_NC-27	HRA003620	DF.classifications_0.25_0.005_366	Singlet	pANN_0.25_0.005_366	0.209302325581395
HRA003620_AGGAAATCATTACTCT-1_1	HRA003620_NC-27	HRA003620	DF.classifications_0.25_0.005_366	Singlet	pANN_0.25_0.005_366	0.232558139534884
HRA003620_AGGAAATGTGATAGAT-1_1	HRA003620_NC-27	HRA003620	DF.classifications_0.25_0.005_366	Singlet	pANN_0.25_0.005_366	0.0930232558139535
HRA003620_AGGAAATGTGATCGTT-1_1	HRA003620_NC-27	HRA003620	DF.classifications_0.25_0.005_366	Singlet	pANN_0.25_0.005_366	0.0930232558139535
HRA003620_AGGAAATGTTCCGTTC-1_1	HRA003620_NC-27	HRA003620	DF.classifications_0.25_0.005_366	Singlet	pANN_0.25_0.005_366	0.116279069767442
HRA003620_AGGAATAAGACGGATC-1_1	HRA003620_NC-27	HRA003620	DF.classifications_0.25_0.005_366	Singlet	pANN_0.25_0.005_366	0.0232558139534884
HRA003620_AGGAATAAGCACTCCG-1_1	HRA003620_NC-27	HRA003620	DF.classifications_0.25_0.005_366	Singlet	pANN_0.25_0.005_366	0.0697674418604651
HRA003620_AGGAATAAGGAACGCT-1_1	HRA003620_NC-27	HRA003620	DF.classifications_0.25_0.005_366	Singlet	pANN_0.25_0.005_366	0.0697674418604651
HRA003620_AGGAATAAGGGAGTTC-1_1	HRA003620_NC-27	HRA003620	DF.classifications_0.25_0.005_366	Singlet	pANN_0.25_0.005_366	0.0697674418604651
HRA003620_AGGAATACAGCATCTA-1_1	HRA003620_NC-27	HRA003620	DF.classifications_0.25_0.005_366	Singlet	pANN_0.25_0.005_366	0.186046511627907
HRA003620_AGGAATACATCATGAC-1_1	HRA003620_NC-27	HRA003620	DF.classifications_0.25_0.005_366	Singlet	pANN_0.25_0.005_366	0.162790697674419
HRA003620_AGGAATAGTACGCTTA-1_1	HRA003620_NC-27	HRA003620	DF.classifications_0.25_0.005_366	Singlet	pANN_0.25_0.005_366	0.13953488372093
HRA003620_AGGAATAGTATCAGCT-1_1	HRA003620_NC-27	HRA003620	DF.classifications_0.25_0.005_366	Singlet	pANN_0.25_0.005_366	0.0232558139534884
HRA003620_AGGAATAGTGCAATGG-1_1	HRA003620_NC-27	HRA003620	DF.classifications_0.25_0.005_366	Singlet	pANN_0.25_0.005_366	0.232558139534884
HRA003620_AGGAATATCGCTAAAC-1_1	HRA003620_NC-27	HRA003620	DF.classifications_0.25_0.005_366	Singlet	pANN_0.25_0.005_366	0.372093023255814
HRA003620_AGGAATATCTACTCAT-1_1	HRA003620_NC-27	HRA003620	DF.classifications_0.25_0.005_366	Singlet	pANN_0.25_0.005_366	0.232558139534884
HRA003620_AGGACGAAGCGTGAAC-1_1	HRA003620_NC-27	HRA003620	DF.classifications_0.25_0.005_366	Singlet	pANN_0.25_0.005_366	0
HRA003620_AGGACGAAGTACCGGA-1_1	HRA003620_NC-27	HRA003620	DF.classifications_0.25_0.005_366	Singlet	pANN_0.25_0.005_366	0.186046511627907
HRA003620_AGGACGACAAGCAATA-1_1	HRA003620_NC-27	HRA003620	DF.classifications_0.25_0.005_366	Singlet	pANN_0.25_0.005_366	0.0697674418604651
HRA003620_AGGACGACATGGGAAC-1_1	HRA003620_NC-27	HRA003620	DF.classifications_0.25_0.005_366	Singlet	pANN_0.25_0.005_366	0.186046511627907
HRA003620_AGGACGAGTTCGGCCA-1_1	HRA003620_NC-27	HRA003620	DF.classifications_0.25_0.005_366	Singlet	pANN_0.25_0.005_366	0.0930232558139535
HRA003620_AGGACGATCATTTCCA-1_1	HRA003620_NC-27	HRA003620	DF.classifications_0.25_0.005_366	Singlet	pANN_0.25_0.005_366	0.0930232558139535
HRA003620_AGGACTTAGAGACAAG-1_1	HRA003620_NC-27	HRA003620	DF.classifications_0.25_0.005_366	Singlet	pANN_0.25_0.005_366	0.27906976744186
HRA003620_AGGACTTAGGGTACAC-1_1	HRA003620_NC-27	HRA003620	DF.classifications_0.25_0.005_366	Singlet	pANN_0.25_0.005_366	0.348837209302326
HRA003620_AGGACTTGTAAGTAGT-1_1	HRA003620_NC-27	HRA003620	DF.classifications_0.25_0.005_366	Singlet	pANN_0.25_0.005_366	0.0697674418604651
HRA003620_AGGACTTGTATGGAAT-1_1	HRA003620_NC-27	HRA003620	DF.classifications_0.25_0.005_366	Singlet	pANN_0.25_0.005_366	0.186046511627907
HRA003620_AGGAGGTAGGTCATAA-1_1	HRA003620_NC-27	HRA003620	DF.classifications_0.25_0.005_366	Singlet	pANN_0.25_0.005_366	0.255813953488372
HRA003620_AGGAGGTCACTATCCC-1_1	HRA003620_NC-27	HRA003620	DF.classifications_0.25_0.005_366	Singlet	pANN_0.25_0.005_366	0.232558139534884
HRA003620_AGGAGGTCAGACATCT-1_1	HRA003620_NC-27	HRA003620	DF.classifications_0.25_0.005_366	Singlet	pANN_0.25_0.005_366	0.232558139534884
HRA003620_AGGAGGTCATGAATAG-1_1	HRA003620_NC-27	HRA003620	DF.classifications_0.25_0.005_366	Singlet	pANN_0.25_0.005_366	0.209302325581395
HRA003620_AGGAGGTGTATGAAAC-1_1	HRA003620_NC-27	HRA003620	DF.classifications_0.25_0.005_366	Doublet	pANN_0.25_0.005_366	0.418604651162791
HRA003620_AGGAGGTGTCTTACTT-1_1	HRA003620_NC-27	HRA003620	DF.classifications_0.25_0.005_366	Singlet	pANN_0.25_0.005_366	0.209302325581395
HRA003620_AGGAGGTGTTCCCAAA-1_1	HRA003620_NC-27	HRA003620	DF.classifications_0.25_0.005_366	Singlet	pANN_0.25_0.005_366	0.13953488372093
HRA003620_AGGAGGTTCAAGTCGT-1_1	HRA003620_NC-27	HRA003620	DF.classifications_0.25_0.005_366	Singlet	pANN_0.25_0.005_366	0.232558139534884
HRA003620_AGGAGGTTCCTATTGT-1_1	HRA003620_NC-27	HRA003620	DF.classifications_0.25_0.005_366	Singlet	pANN_0.25_0.005_366	0.13953488372093
HRA003620_AGGATAAAGCCGATAG-1_1	HRA003620_NC-27	HRA003620	DF.classifications_0.25_0.005_366	Singlet	pANN_0.25_0.005_366	0.186046511627907
HRA003620_AGGATAAAGCGAAACC-1_1	HRA003620_NC-27	HRA003620	DF.classifications_0.25_0.005_366	Singlet	pANN_0.25_0.005_366	0.0232558139534884
HRA003620_AGGATAAAGCGGTAGT-1_1	HRA003620_NC-27	HRA003620	DF.classifications_0.25_0.005_366	Singlet	pANN_0.25_0.005_366	0.209302325581395
HRA003620_AGGATAACAAATCGTC-1_1	HRA003620_NC-27	HRA003620	DF.classifications_0.25_0.005_366	Singlet	pANN_0.25_0.005_366	0.0465116279069767
HRA003620_AGGATAACAACGATCT-1_1	HRA003620_NC-27	HRA003620	DF.classifications_0.25_0.005_366	Singlet	pANN_0.25_0.005_366	0.0232558139534884
HRA003620_AGGATAACATACTTTC-1_1	HRA003620_NC-27	HRA003620	DF.classifications_0.25_0.005_366	Singlet	pANN_0.25_0.005_366	0.0697674418604651
HRA003620_AGGATAATCCACTTTA-1_1	HRA003620_NC-27	HRA003620	DF.classifications_0.25_0.005_366	Singlet	pANN_0.25_0.005_366	0.0697674418604651
HRA003620_AGGATAATCTAGATCG-1_1	HRA003620_NC-27	HRA003620	DF.classifications_0.25_0.005_366	Singlet	pANN_0.25_0.005_366	0.302325581395349
HRA003620_AGGATCTAGCCAGAGT-1_1	HRA003620_NC-27	HRA003620	DF.classifications_0.25_0.005_366	Singlet	pANN_0.25_0.005_366	0.255813953488372
HRA003620_AGGATCTCAACGATTC-1_1	HRA003620_NC-27	HRA003620	DF.classifications_0.25_0.005_366	Singlet	pANN_0.25_0.005_366	0.186046511627907
HRA003620_AGGATCTCAATACGAA-1_1	HRA003620_NC-27	HRA003620	DF.classifications_0.25_0.005_366	Doublet	pANN_0.25_0.005_366	0.511627906976744
HRA003620_AGGATCTCACGCTGCA-1_1	HRA003620_NC-27	HRA003620	DF.classifications_0.25_0.005_366	Singlet	pANN_0.25_0.005_366	0.162790697674419
HRA003620_AGGATCTGTGGCCACT-1_1	HRA003620_NC-27	HRA003620	DF.classifications_0.25_0.005_366	Singlet	pANN_0.25_0.005_366	0
HRA003620_AGGATCTTCAAGCCGC-1_1	HRA003620_NC-27	HRA003620	DF.classifications_0.25_0.005_366	Singlet	pANN_0.25_0.005_366	0.0232558139534884
HRA003620_AGGATCTTCCGTCCTA-1_1	HRA003620_NC-27	HRA003620	DF.classifications_0.25_0.005_366	Singlet	pANN_0.25_0.005_366	0.186046511627907
HRA003620_AGGATCTTCGTAATGC-1_1	HRA003620_NC-27	HRA003620	DF.classifications_0.25_0.005_366	Singlet	pANN_0.25_0.005_366	0.325581395348837
HRA003620_AGGCATTAGAAACTAC-1_1	HRA003620_NC-27	HRA003620	DF.classifications_0.25_0.005_366	Singlet	pANN_0.25_0.005_366	0.302325581395349
HRA003620_AGGCATTAGATCGCTT-1_1	HRA003620_NC-27	HRA003620	DF.classifications_0.25_0.005_366	Singlet	pANN_0.25_0.005_366	0.255813953488372
HRA003620_AGGCATTAGCAGCACA-1_1	HRA003620_NC-27	HRA003620	DF.classifications_0.25_0.005_366	Singlet	pANN_0.25_0.005_366	0.0465116279069767
HRA003620_AGGCATTAGTGATCGG-1_1	HRA003620_NC-27	HRA003620	DF.classifications_0.25_0.005_366	Singlet	pANN_0.25_0.005_366	0.0697674418604651
HRA003620_AGGCATTCAACTGCCG-1_1	HRA003620_NC-27	HRA003620	DF.classifications_0.25_0.005_366	Doublet	pANN_0.25_0.005_366	0.488372093023256
HRA003620_AGGCATTGTCGTGATT-1_1	HRA003620_NC-27	HRA003620	DF.classifications_0.25_0.005_366	Doublet	pANN_0.25_0.005_366	0.488372093023256
HRA003620_AGGCCACAGGTCTTTG-1_1	HRA003620_NC-27	HRA003620	DF.classifications_0.25_0.005_366	Singlet	pANN_0.25_0.005_366	0
HRA003620_AGGCCACAGTGCTCAT-1_1	HRA003620_NC-27	HRA003620	DF.classifications_0.25_0.005_366	Singlet	pANN_0.25_0.005_366	0.302325581395349
HRA003620_AGGCCACCATTCATCT-1_1	HRA003620_NC-27	HRA003620	DF.classifications_0.25_0.005_366	Doublet	pANN_0.25_0.005_366	0.581395348837209
HRA003620_AGGCCACGTAGTATAG-1_1	HRA003620_NC-27	HRA003620	DF.classifications_0.25_0.005_366	Singlet	pANN_0.25_0.005_366	0.302325581395349
HRA003620_AGGCCACGTCCTGTCT-1_1	HRA003620_NC-27	HRA003620	DF.classifications_0.25_0.005_366	Singlet	pANN_0.25_0.005_366	0.232558139534884
HRA003620_AGGCCACGTGATGTAA-1_1	HRA003620_NC-27	HRA003620	DF.classifications_0.25_0.005_366	Singlet	pANN_0.25_0.005_366	0.372093023255814
HRA003620_AGGCCACTCACTTTGT-1_1	HRA003620_NC-27	HRA003620	DF.classifications_0.25_0.005_366	Singlet	pANN_0.25_0.005_366	0.255813953488372
HRA003620_AGGCCACTCGAATGCT-1_1	HRA003620_NC-27	HRA003620	DF.classifications_0.25_0.005_366	Singlet	pANN_0.25_0.005_366	0.13953488372093
HRA003620_AGGCTGCAGAGCTGCA-1_1	HRA003620_NC-27	HRA003620	DF.classifications_0.25_0.005_366	Singlet	pANN_0.25_0.005_366	0.302325581395349
HRA003620_AGGCTGCAGTACTCGT-1_1	HRA003620_NC-27	HRA003620	DF.classifications_0.25_0.005_366	Singlet	pANN_0.25_0.005_366	0.116279069767442
HRA003620_AGGCTGCGTAAGGCCA-1_1	HRA003620_NC-27	HRA003620	DF.classifications_0.25_0.005_366	Singlet	pANN_0.25_0.005_366	0.0697674418604651
HRA003620_AGGGAGTAGAACTGAT-1_1	HRA003620_NC-27	HRA003620	DF.classifications_0.25_0.005_366	Singlet	pANN_0.25_0.005_366	0.372093023255814
HRA003620_AGGGAGTCAAGACCGA-1_1	HRA003620_NC-27	HRA003620	DF.classifications_0.25_0.005_366	Singlet	pANN_0.25_0.005_366	0.0232558139534884
HRA003620_AGGGAGTCACCAGGTC-1_1	HRA003620_NC-27	HRA003620	DF.classifications_0.25_0.005_366	Singlet	pANN_0.25_0.005_366	0.209302325581395
HRA003620_AGGGAGTGTAGGACTG-1_1	HRA003620_NC-27	HRA003620	DF.classifications_0.25_0.005_366	Singlet	pANN_0.25_0.005_366	0.0465116279069767
HRA003620_AGGGAGTGTCGAGTGA-1_1	HRA003620_NC-27	HRA003620	DF.classifications_0.25_0.005_366	Singlet	pANN_0.25_0.005_366	0
HRA003620_AGGGAGTTCCACGTCT-1_1	HRA003620_NC-27	HRA003620	DF.classifications_0.25_0.005_366	Singlet	pANN_0.25_0.005_366	0.0697674418604651
HRA003620_AGGGAGTTCTGTTGGA-1_1	HRA003620_NC-27	HRA003620	DF.classifications_0.25_0.005_366	Singlet	pANN_0.25_0.005_366	0.186046511627907
HRA003620_AGGGCCTAGCAAATCA-1_1	HRA003620_NC-27	HRA003620	DF.classifications_0.25_0.005_366	Singlet	pANN_0.25_0.005_366	0.209302325581395
HRA003620_AGGGCCTCAACGATCT-1_1	HRA003620_NC-27	HRA003620	DF.classifications_0.25_0.005_366	Singlet	pANN_0.25_0.005_366	0.348837209302326
HRA003620_AGGGCCTCATGACAGG-1_1	HRA003620_NC-27	HRA003620	DF.classifications_0.25_0.005_366	Singlet	pANN_0.25_0.005_366	0.209302325581395
HRA003620_AGGGCCTGTGTTCATG-1_1	HRA003620_NC-27	HRA003620	DF.classifications_0.25_0.005_366	Singlet	pANN_0.25_0.005_366	0.0930232558139535
HRA003620_AGGGCCTTCGAGATAA-1_1	HRA003620_NC-27	HRA003620	DF.classifications_0.25_0.005_366	Singlet	pANN_0.25_0.005_366	0.0465116279069767
HRA003620_AGGGCCTTCGCTACAA-1_1	HRA003620_NC-27	HRA003620	DF.classifications_0.25_0.005_366	Singlet	pANN_0.25_0.005_366	0.13953488372093
HRA003620_AGGGCTCGTGGAACAC-1_1	HRA003620_NC-27	HRA003620	DF.classifications_0.25_0.005_366	Singlet	pANN_0.25_0.005_366	0.13953488372093
HRA003620_AGGGCTCTCAAGAAAC-1_1	HRA003620_NC-27	HRA003620	DF.classifications_0.25_0.005_366	Singlet	pANN_0.25_0.005_366	0.116279069767442
HRA003620_AGGGCTCTCCACTAGA-1_1	HRA003620_NC-27	HRA003620	DF.classifications_0.25_0.005_366	Singlet	pANN_0.25_0.005_366	0.27906976744186
HRA003620_AGGGCTCTCGACATCA-1_1	HRA003620_NC-27	HRA003620	DF.classifications_0.25_0.005_366	Singlet	pANN_0.25_0.005_366	0
HRA003620_AGGGCTCTCGTAGTCA-1_1	HRA003620_NC-27	HRA003620	DF.classifications_0.25_0.005_366	Singlet	pANN_0.25_0.005_366	0.0697674418604651
HRA003620_AGGGTCCAGCCATTTG-1_1	HRA003620_NC-27	HRA003620	DF.classifications_0.25_0.005_366	Singlet	pANN_0.25_0.005_366	0.209302325581395
HRA003620_AGGGTCCAGCTCGACC-1_1	HRA003620_NC-27	HRA003620	DF.classifications_0.25_0.005_366	Singlet	pANN_0.25_0.005_366	0.0697674418604651
HRA003620_AGGGTCCCAACCCGCA-1_1	HRA003620_NC-27	HRA003620	DF.classifications_0.25_0.005_366	Singlet	pANN_0.25_0.005_366	0.0232558139534884
HRA003620_AGGGTCCCACAGTCGC-1_1	HRA003620_NC-27	HRA003620	DF.classifications_0.25_0.005_366	Singlet	pANN_0.25_0.005_366	0.13953488372093
HRA003620_AGGGTCCCATCGGCCA-1_1	HRA003620_NC-27	HRA003620	DF.classifications_0.25_0.005_366	Singlet	pANN_0.25_0.005_366	0.0465116279069767
HRA003620_AGGGTCCGTACCAATC-1_1	HRA003620_NC-27	HRA003620	DF.classifications_0.25_0.005_366	Singlet	pANN_0.25_0.005_366	0.232558139534884
HRA003620_AGGGTCCGTACGCTAT-1_1	HRA003620_NC-27	HRA003620	DF.classifications_0.25_0.005_366	Singlet	pANN_0.25_0.005_366	0.0465116279069767
HRA003620_AGGGTCCGTGAGGCAT-1_1	HRA003620_NC-27	HRA003620	DF.classifications_0.25_0.005_366	Singlet	pANN_0.25_0.005_366	0.209302325581395
HRA003620_AGGGTCCTCACCGCTT-1_1	HRA003620_NC-27	HRA003620	DF.classifications_0.25_0.005_366	Singlet	pANN_0.25_0.005_366	0.255813953488372
HRA003620_AGGGTCCTCTGAATGC-1_1	HRA003620_NC-27	HRA003620	DF.classifications_0.25_0.005_366	Singlet	pANN_0.25_0.005_366	0.162790697674419
HRA003620_AGGGTCCTCTTACACT-1_1	HRA003620_NC-27	HRA003620	DF.classifications_0.25_0.005_366	Singlet	pANN_0.25_0.005_366	0.13953488372093
HRA003620_AGGGTGAAGCATGCAG-1_1	HRA003620_NC-27	HRA003620	DF.classifications_0.25_0.005_366	Singlet	pANN_0.25_0.005_366	0.232558139534884
HRA003620_AGGGTGATCCATTGGA-1_1	HRA003620_NC-27	HRA003620	DF.classifications_0.25_0.005_366	Singlet	pANN_0.25_0.005_366	0.116279069767442
HRA003620_AGGGTGATCTTCGGAA-1_1	HRA003620_NC-27	HRA003620	DF.classifications_0.25_0.005_366	Singlet	pANN_0.25_0.005_366	0.302325581395349
HRA003620_AGGGTTTAGATTGCGG-1_1	HRA003620_NC-27	HRA003620	DF.classifications_0.25_0.005_366	Singlet	pANN_0.25_0.005_366	0.232558139534884
HRA003620_AGGGTTTCAGCTACCG-1_1	HRA003620_NC-27	HRA003620	DF.classifications_0.25_0.005_366	Singlet	pANN_0.25_0.005_366	0.0465116279069767
HRA003620_AGGGTTTCATGCCGAC-1_1	HRA003620_NC-27	HRA003620	DF.classifications_0.25_0.005_366	Singlet	pANN_0.25_0.005_366	0.0930232558139535
HRA003620_AGGGTTTGTATAGGAT-1_1	HRA003620_NC-27	HRA003620	DF.classifications_0.25_0.005_366	Singlet	pANN_0.25_0.005_366	0.0697674418604651
HRA003620_AGGGTTTGTATCACGT-1_1	HRA003620_NC-27	HRA003620	DF.classifications_0.25_0.005_366	Singlet	pANN_0.25_0.005_366	0.116279069767442
HRA003620_AGGTAGGAGACTACGG-1_1	HRA003620_NC-27	HRA003620	DF.classifications_0.25_0.005_366	Singlet	pANN_0.25_0.005_366	0.162790697674419
HRA003620_AGGTAGGAGGTTGGTG-1_1	HRA003620_NC-27	HRA003620	DF.classifications_0.25_0.005_366	Singlet	pANN_0.25_0.005_366	0.27906976744186
HRA003620_AGGTAGGAGTAGTCTC-1_1	HRA003620_NC-27	HRA003620	DF.classifications_0.25_0.005_366	Singlet	pANN_0.25_0.005_366	0.13953488372093
HRA003620_AGGTAGGCACAAGTTC-1_1	HRA003620_NC-27	HRA003620	DF.classifications_0.25_0.005_366	Singlet	pANN_0.25_0.005_366	0.209302325581395
HRA003620_AGGTAGGCATTGGCAT-1_1	HRA003620_NC-27	HRA003620	DF.classifications_0.25_0.005_366	Singlet	pANN_0.25_0.005_366	0.0465116279069767
HRA003620_AGGTAGGTCCTACGGG-1_1	HRA003620_NC-27	HRA003620	DF.classifications_0.25_0.005_366	Singlet	pANN_0.25_0.005_366	0.186046511627907
HRA003620_AGGTAGGTCGAACCTA-1_1	HRA003620_NC-27	HRA003620	DF.classifications_0.25_0.005_366	Singlet	pANN_0.25_0.005_366	0.255813953488372
HRA003620_AGGTAGGTCGTCTACC-1_1	HRA003620_NC-27	HRA003620	DF.classifications_0.25_0.005_366	Singlet	pANN_0.25_0.005_366	0.302325581395349
HRA003620_AGGTCATAGCAATAGT-1_1	HRA003620_NC-27	HRA003620	DF.classifications_0.25_0.005_366	Singlet	pANN_0.25_0.005_366	0.209302325581395
HRA003620_AGGTCATAGCATCAAA-1_1	HRA003620_NC-27	HRA003620	DF.classifications_0.25_0.005_366	Singlet	pANN_0.25_0.005_366	0.162790697674419
HRA003620_AGGTCATAGCGCTGAA-1_1	HRA003620_NC-27	HRA003620	DF.classifications_0.25_0.005_366	Singlet	pANN_0.25_0.005_366	0.255813953488372
HRA003620_AGGTCATCACCCTAAA-1_1	HRA003620_NC-27	HRA003620	DF.classifications_0.25_0.005_366	Singlet	pANN_0.25_0.005_366	0.209302325581395
HRA003620_AGGTCATGTCCATACA-1_1	HRA003620_NC-27	HRA003620	DF.classifications_0.25_0.005_366	Singlet	pANN_0.25_0.005_366	0.116279069767442
HRA003620_AGGTCATGTCGGTGAA-1_1	HRA003620_NC-27	HRA003620	DF.classifications_0.25_0.005_366	Singlet	pANN_0.25_0.005_366	0.255813953488372
HRA003620_AGGTCATTCATTCATC-1_1	HRA003620_NC-27	HRA003620	DF.classifications_0.25_0.005_366	Singlet	pANN_0.25_0.005_366	0.255813953488372
HRA003620_AGGTCTAAGCGAGTCA-1_1	HRA003620_NC-27	HRA003620	DF.classifications_0.25_0.005_366	Singlet	pANN_0.25_0.005_366	0.116279069767442
HRA003620_AGGTCTAAGTAGAGTT-1_1	HRA003620_NC-27	HRA003620	DF.classifications_0.25_0.005_366	Singlet	pANN_0.25_0.005_366	0.0232558139534884
HRA003620_AGGTCTACAAAGTATG-1_1	HRA003620_NC-27	HRA003620	DF.classifications_0.25_0.005_366	Singlet	pANN_0.25_0.005_366	0.116279069767442
HRA003620_AGGTCTACATAGAATG-1_1	HRA003620_NC-27	HRA003620	DF.classifications_0.25_0.005_366	Singlet	pANN_0.25_0.005_366	0.255813953488372
HRA003620_AGGTCTACATGCAGGA-1_1	HRA003620_NC-27	HRA003620	DF.classifications_0.25_0.005_366	Singlet	pANN_0.25_0.005_366	0.162790697674419
HRA003620_AGGTCTAGTAGACAGC-1_1	HRA003620_NC-27	HRA003620	DF.classifications_0.25_0.005_366	Singlet	pANN_0.25_0.005_366	0.116279069767442
HRA003620_AGGTCTAGTCATTGCA-1_1	HRA003620_NC-27	HRA003620	DF.classifications_0.25_0.005_366	Singlet	pANN_0.25_0.005_366	0.0465116279069767
HRA003620_AGGTCTATCCACAGGC-1_1	HRA003620_NC-27	HRA003620	DF.classifications_0.25_0.005_366	Singlet	pANN_0.25_0.005_366	0.0465116279069767
HRA003620_AGGTCTATCCGTTGAA-1_1	HRA003620_NC-27	HRA003620	DF.classifications_0.25_0.005_366	Doublet	pANN_0.25_0.005_366	0.441860465116279
HRA003620_AGGTCTATCGGACTTA-1_1	HRA003620_NC-27	HRA003620	DF.classifications_0.25_0.005_366	Singlet	pANN_0.25_0.005_366	0.0930232558139535
HRA003620_AGGTGTTCAAGTGCTT-1_1	HRA003620_NC-27	HRA003620	DF.classifications_0.25_0.005_366	Singlet	pANN_0.25_0.005_366	0.232558139534884
HRA003620_AGGTGTTCACAGCCTG-1_1	HRA003620_NC-27	HRA003620	DF.classifications_0.25_0.005_366	Singlet	pANN_0.25_0.005_366	0.255813953488372
HRA003620_AGGTGTTCACGGGCTT-1_1	HRA003620_NC-27	HRA003620	DF.classifications_0.25_0.005_366	Singlet	pANN_0.25_0.005_366	0.0465116279069767
HRA003620_AGGTGTTTCAGTCCGG-1_1	HRA003620_NC-27	HRA003620	DF.classifications_0.25_0.005_366	Singlet	pANN_0.25_0.005_366	0.162790697674419
HRA003620_AGGTTACAGTAAGGGA-1_1	HRA003620_NC-27	HRA003620	DF.classifications_0.25_0.005_366	Singlet	pANN_0.25_0.005_366	0.116279069767442
HRA003620_AGGTTACCAACCTAAC-1_1	HRA003620_NC-27	HRA003620	DF.classifications_0.25_0.005_366	Singlet	pANN_0.25_0.005_366	0.302325581395349
HRA003620_AGGTTACCAATGCAGG-1_1	HRA003620_NC-27	HRA003620	DF.classifications_0.25_0.005_366	Singlet	pANN_0.25_0.005_366	0.232558139534884
HRA003620_AGGTTACCACCAAAGG-1_1	HRA003620_NC-27	HRA003620	DF.classifications_0.25_0.005_366	Singlet	pANN_0.25_0.005_366	0.116279069767442
HRA003620_AGGTTACCATTGGGAG-1_1	HRA003620_NC-27	HRA003620	DF.classifications_0.25_0.005_366	Singlet	pANN_0.25_0.005_366	0.0465116279069767
HRA003620_AGGTTACGTCACAGTT-1_1	HRA003620_NC-27	HRA003620	DF.classifications_0.25_0.005_366	Singlet	pANN_0.25_0.005_366	0.13953488372093
HRA003620_AGGTTACGTCTGTCCT-1_1	HRA003620_NC-27	HRA003620	DF.classifications_0.25_0.005_366	Singlet	pANN_0.25_0.005_366	0.209302325581395
HRA003620_AGGTTACTCATGACAC-1_1	HRA003620_NC-27	HRA003620	DF.classifications_0.25_0.005_366	Singlet	pANN_0.25_0.005_366	0.0465116279069767
HRA003620_AGGTTACTCCGTTGGG-1_1	HRA003620_NC-27	HRA003620	DF.classifications_0.25_0.005_366	Singlet	pANN_0.25_0.005_366	0.27906976744186
HRA003620_AGGTTACTCGTTCATT-1_1	HRA003620_NC-27	HRA003620	DF.classifications_0.25_0.005_366	Singlet	pANN_0.25_0.005_366	0.186046511627907
HRA003620_AGGTTGTCAATTAGGA-1_1	HRA003620_NC-27	HRA003620	DF.classifications_0.25_0.005_366	Singlet	pANN_0.25_0.005_366	0.13953488372093
HRA003620_AGGTTGTGTCTTTCAT-1_1	HRA003620_NC-27	HRA003620	DF.classifications_0.25_0.005_366	Singlet	pANN_0.25_0.005_366	0.232558139534884
HRA003620_AGGTTGTGTGTTTACG-1_1	HRA003620_NC-27	HRA003620	DF.classifications_0.25_0.005_366	Singlet	pANN_0.25_0.005_366	0.209302325581395
HRA003620_AGGTTGTGTTGTGGAG-1_1	HRA003620_NC-27	HRA003620	DF.classifications_0.25_0.005_366	Singlet	pANN_0.25_0.005_366	0.162790697674419
HRA003620_AGGTTGTTCATCTACT-1_1	HRA003620_NC-27	HRA003620	DF.classifications_0.25_0.005_366	Singlet	pANN_0.25_0.005_366	0.0930232558139535
HRA003620_AGGTTGTTCCAATGCA-1_1	HRA003620_NC-27	HRA003620	DF.classifications_0.25_0.005_366	Singlet	pANN_0.25_0.005_366	0.13953488372093
HRA003620_AGGTTGTTCGGTAGAG-1_1	HRA003620_NC-27	HRA003620	DF.classifications_0.25_0.005_366	Singlet	pANN_0.25_0.005_366	0
HRA003620_AGGTTGTTCTGTGCGG-1_1	HRA003620_NC-27	HRA003620	DF.classifications_0.25_0.005_366	Singlet	pANN_0.25_0.005_366	0.232558139534884
HRA003620_AGTAACCAGCCAAGGT-1_1	HRA003620_NC-27	HRA003620	DF.classifications_0.25_0.005_366	Singlet	pANN_0.25_0.005_366	0.255813953488372
HRA003620_AGTAACCAGCGATGCA-1_1	HRA003620_NC-27	HRA003620	DF.classifications_0.25_0.005_366	Singlet	pANN_0.25_0.005_366	0.232558139534884
HRA003620_AGTAACCCACCTTCCA-1_1	HRA003620_NC-27	HRA003620	DF.classifications_0.25_0.005_366	Doublet	pANN_0.25_0.005_366	0.511627906976744
HRA003620_AGTAACCCATTCACCC-1_1	HRA003620_NC-27	HRA003620	DF.classifications_0.25_0.005_366	Doublet	pANN_0.25_0.005_366	0.511627906976744
HRA003620_AGTAACCGTCTTGTCC-1_1	HRA003620_NC-27	HRA003620	DF.classifications_0.25_0.005_366	Singlet	pANN_0.25_0.005_366	0.0930232558139535
HRA003620_AGTAACCGTTGCTAGT-1_1	HRA003620_NC-27	HRA003620	DF.classifications_0.25_0.005_366	Singlet	pANN_0.25_0.005_366	0
HRA003620_AGTACCAAGCATATGA-1_1	HRA003620_NC-27	HRA003620	DF.classifications_0.25_0.005_366	Singlet	pANN_0.25_0.005_366	0.348837209302326
HRA003620_AGTACCACAATTGAAG-1_1	HRA003620_NC-27	HRA003620	DF.classifications_0.25_0.005_366	Singlet	pANN_0.25_0.005_366	0.162790697674419
HRA003620_AGTACCACACTACAGT-1_1	HRA003620_NC-27	HRA003620	DF.classifications_0.25_0.005_366	Singlet	pANN_0.25_0.005_366	0.0465116279069767
HRA003620_AGTACCACATTCACAG-1_1	HRA003620_NC-27	HRA003620	DF.classifications_0.25_0.005_366	Singlet	pANN_0.25_0.005_366	0.162790697674419
HRA003620_AGTACCAGTGGTAATA-1_1	HRA003620_NC-27	HRA003620	DF.classifications_0.25_0.005_366	Singlet	pANN_0.25_0.005_366	0.186046511627907
HRA003620_AGTACCAGTGGTTCTA-1_1	HRA003620_NC-27	HRA003620	DF.classifications_0.25_0.005_366	Singlet	pANN_0.25_0.005_366	0.27906976744186
HRA003620_AGTACCAGTGTAGTGG-1_1	HRA003620_NC-27	HRA003620	DF.classifications_0.25_0.005_366	Singlet	pANN_0.25_0.005_366	0.13953488372093
HRA003620_AGTACCAGTTTCGGCG-1_1	HRA003620_NC-27	HRA003620	DF.classifications_0.25_0.005_366	Singlet	pANN_0.25_0.005_366	0.27906976744186
HRA003620_AGTACTGAGATAGCTA-1_1	HRA003620_NC-27	HRA003620	DF.classifications_0.25_0.005_366	Singlet	pANN_0.25_0.005_366	0.27906976744186
HRA003620_AGTACTGAGGCGCTTC-1_1	HRA003620_NC-27	HRA003620	DF.classifications_0.25_0.005_366	Singlet	pANN_0.25_0.005_366	0
HRA003620_AGTACTGAGTATGCAA-1_1	HRA003620_NC-27	HRA003620	DF.classifications_0.25_0.005_366	Singlet	pANN_0.25_0.005_366	0.0930232558139535
HRA003620_AGTACTGCAACAACAA-1_1	HRA003620_NC-27	HRA003620	DF.classifications_0.25_0.005_366	Singlet	pANN_0.25_0.005_366	0.255813953488372
HRA003620_AGTACTGGTCCTCATC-1_1	HRA003620_NC-27	HRA003620	DF.classifications_0.25_0.005_366	Singlet	pANN_0.25_0.005_366	0.186046511627907
HRA003620_AGTACTGGTGCGGTAA-1_1	HRA003620_NC-27	HRA003620	DF.classifications_0.25_0.005_366	Singlet	pANN_0.25_0.005_366	0.209302325581395
HRA003620_AGTACTGGTGGCACTC-1_1	HRA003620_NC-27	HRA003620	DF.classifications_0.25_0.005_366	Singlet	pANN_0.25_0.005_366	0.186046511627907
HRA003620_AGTACTGTCGACGAGA-1_1	HRA003620_NC-27	HRA003620	DF.classifications_0.25_0.005_366	Doublet	pANN_0.25_0.005_366	0.418604651162791
HRA003620_AGTAGCTAGCAATAGT-1_1	HRA003620_NC-27	HRA003620	DF.classifications_0.25_0.005_366	Singlet	pANN_0.25_0.005_366	0.186046511627907
HRA003620_AGTAGCTAGTAGTCAA-1_1	HRA003620_NC-27	HRA003620	DF.classifications_0.25_0.005_366	Singlet	pANN_0.25_0.005_366	0.0465116279069767
HRA003620_AGTAGCTAGTCGGCCT-1_1	HRA003620_NC-27	HRA003620	DF.classifications_0.25_0.005_366	Singlet	pANN_0.25_0.005_366	0.116279069767442
HRA003620_AGTAGCTGTGGACTAG-1_1	HRA003620_NC-27	HRA003620	DF.classifications_0.25_0.005_366	Singlet	pANN_0.25_0.005_366	0.372093023255814
HRA003620_AGTAGCTGTTCGAACT-1_1	HRA003620_NC-27	HRA003620	DF.classifications_0.25_0.005_366	Singlet	pANN_0.25_0.005_366	0.232558139534884
HRA003620_AGTAGCTTCTACCTTA-1_1	HRA003620_NC-27	HRA003620	DF.classifications_0.25_0.005_366	Singlet	pANN_0.25_0.005_366	0.0465116279069767
HRA003620_AGTAGCTTCTATGTGG-1_1	HRA003620_NC-27	HRA003620	DF.classifications_0.25_0.005_366	Singlet	pANN_0.25_0.005_366	0.372093023255814
HRA003620_AGTAGCTTCTGGCCGA-1_1	HRA003620_NC-27	HRA003620	DF.classifications_0.25_0.005_366	Singlet	pANN_0.25_0.005_366	0.209302325581395
HRA003620_AGTAGTCCACTAGGTT-1_1	HRA003620_NC-27	HRA003620	DF.classifications_0.25_0.005_366	Singlet	pANN_0.25_0.005_366	0.0930232558139535
HRA003620_AGTAGTCGTACCACGC-1_1	HRA003620_NC-27	HRA003620	DF.classifications_0.25_0.005_366	Singlet	pANN_0.25_0.005_366	0.302325581395349
HRA003620_AGTCAACCAAAGCAAT-1_1	HRA003620_NC-27	HRA003620	DF.classifications_0.25_0.005_366	Singlet	pANN_0.25_0.005_366	0.348837209302326
HRA003620_AGTCAACGTAGGTACG-1_1	HRA003620_NC-27	HRA003620	DF.classifications_0.25_0.005_366	Doublet	pANN_0.25_0.005_366	0.441860465116279
HRA003620_AGTCAACGTCACCTTC-1_1	HRA003620_NC-27	HRA003620	DF.classifications_0.25_0.005_366	Singlet	pANN_0.25_0.005_366	0.186046511627907
HRA003620_AGTCAACGTGACTGAG-1_1	HRA003620_NC-27	HRA003620	DF.classifications_0.25_0.005_366	Singlet	pANN_0.25_0.005_366	0.0232558139534884
HRA003620_AGTCAACTCACTGAAC-1_1	HRA003620_NC-27	HRA003620	DF.classifications_0.25_0.005_366	Singlet	pANN_0.25_0.005_366	0.0697674418604651
HRA003620_AGTCACACAAGCGAGT-1_1	HRA003620_NC-27	HRA003620	DF.classifications_0.25_0.005_366	Singlet	pANN_0.25_0.005_366	0.0697674418604651
HRA003620_AGTCACAGTCAGGCAA-1_1	HRA003620_NC-27	HRA003620	DF.classifications_0.25_0.005_366	Singlet	pANN_0.25_0.005_366	0.116279069767442
HRA003620_AGTCACAGTTTGCAGT-1_1	HRA003620_NC-27	HRA003620	DF.classifications_0.25_0.005_366	Singlet	pANN_0.25_0.005_366	0
HRA003620_AGTCACATCATGAGTC-1_1	HRA003620_NC-27	HRA003620	DF.classifications_0.25_0.005_366	Singlet	pANN_0.25_0.005_366	0.255813953488372
HRA003620_AGTCACATCCTTCACG-1_1	HRA003620_NC-27	HRA003620	DF.classifications_0.25_0.005_366	Singlet	pANN_0.25_0.005_366	0
HRA003620_AGTCACATCGTAGCCG-1_1	HRA003620_NC-27	HRA003620	DF.classifications_0.25_0.005_366	Doublet	pANN_0.25_0.005_366	0.627906976744186
HRA003620_AGTCATGAGTGAGCCA-1_1	HRA003620_NC-27	HRA003620	DF.classifications_0.25_0.005_366	Singlet	pANN_0.25_0.005_366	0
HRA003620_AGTCATGCAACCCGCA-1_1	HRA003620_NC-27	HRA003620	DF.classifications_0.25_0.005_366	Singlet	pANN_0.25_0.005_366	0.186046511627907
HRA003620_AGTCATGCACTGGCCA-1_1	HRA003620_NC-27	HRA003620	DF.classifications_0.25_0.005_366	Singlet	pANN_0.25_0.005_366	0.162790697674419
HRA003620_AGTCATGGTGGCATCC-1_1	HRA003620_NC-27	HRA003620	DF.classifications_0.25_0.005_366	Doublet	pANN_0.25_0.005_366	0.465116279069767
HRA003620_AGTCATGGTTATAGAG-1_1	HRA003620_NC-27	HRA003620	DF.classifications_0.25_0.005_366	Singlet	pANN_0.25_0.005_366	0.372093023255814
HRA003620_AGTCATGTCGAGAAGC-1_1	HRA003620_NC-27	HRA003620	DF.classifications_0.25_0.005_366	Singlet	pANN_0.25_0.005_366	0.116279069767442
HRA003620_AGTCATGTCTAGGCCG-1_1	HRA003620_NC-27	HRA003620	DF.classifications_0.25_0.005_366	Singlet	pANN_0.25_0.005_366	0.162790697674419
HRA003620_AGTCTCCAGAGCGACT-1_1	HRA003620_NC-27	HRA003620	DF.classifications_0.25_0.005_366	Singlet	pANN_0.25_0.005_366	0.116279069767442
HRA003620_AGTCTCCAGGCACCAA-1_1	HRA003620_NC-27	HRA003620	DF.classifications_0.25_0.005_366	Singlet	pANN_0.25_0.005_366	0.325581395348837
HRA003620_AGTCTCCAGTTTGGCT-1_1	HRA003620_NC-27	HRA003620	DF.classifications_0.25_0.005_366	Singlet	pANN_0.25_0.005_366	0.395348837209302
HRA003620_AGTCTCCTCGAAGAAT-1_1	HRA003620_NC-27	HRA003620	DF.classifications_0.25_0.005_366	Singlet	pANN_0.25_0.005_366	0.209302325581395
HRA003620_AGTCTCCTCGTCAGAT-1_1	HRA003620_NC-27	HRA003620	DF.classifications_0.25_0.005_366	Singlet	pANN_0.25_0.005_366	0.0697674418604651
HRA003620_AGTGACTAGCAAATGT-1_1	HRA003620_NC-27	HRA003620	DF.classifications_0.25_0.005_366	Singlet	pANN_0.25_0.005_366	0
HRA003620_AGTGACTAGCTGCCAC-1_1	HRA003620_NC-27	HRA003620	DF.classifications_0.25_0.005_366	Singlet	pANN_0.25_0.005_366	0.209302325581395
HRA003620_AGTGACTAGTGCGTCC-1_1	HRA003620_NC-27	HRA003620	DF.classifications_0.25_0.005_366	Singlet	pANN_0.25_0.005_366	0.13953488372093
HRA003620_AGTGACTCAAACGAGC-1_1	HRA003620_NC-27	HRA003620	DF.classifications_0.25_0.005_366	Singlet	pANN_0.25_0.005_366	0.0232558139534884
HRA003620_AGTGACTCAAACTCGT-1_1	HRA003620_NC-27	HRA003620	DF.classifications_0.25_0.005_366	Singlet	pANN_0.25_0.005_366	0.162790697674419
HRA003620_AGTGACTCAGCATGCC-1_1	HRA003620_NC-27	HRA003620	DF.classifications_0.25_0.005_366	Singlet	pANN_0.25_0.005_366	0.0232558139534884
HRA003620_AGTGACTCATCGTCCT-1_1	HRA003620_NC-27	HRA003620	DF.classifications_0.25_0.005_366	Singlet	pANN_0.25_0.005_366	0.162790697674419
HRA003620_AGTGACTGTGTCATCA-1_1	HRA003620_NC-27	HRA003620	DF.classifications_0.25_0.005_366	Singlet	pANN_0.25_0.005_366	0.0465116279069767
HRA003620_AGTGACTTCCAGCACG-1_1	HRA003620_NC-27	HRA003620	DF.classifications_0.25_0.005_366	Singlet	pANN_0.25_0.005_366	0.27906976744186
HRA003620_AGTGATCAGACCAGCA-1_1	HRA003620_NC-27	HRA003620	DF.classifications_0.25_0.005_366	Singlet	pANN_0.25_0.005_366	0.13953488372093
HRA003620_AGTGATCAGCCACTCG-1_1	HRA003620_NC-27	HRA003620	DF.classifications_0.25_0.005_366	Singlet	pANN_0.25_0.005_366	0.186046511627907
HRA003620_AGTGATCAGTCATAGA-1_1	HRA003620_NC-27	HRA003620	DF.classifications_0.25_0.005_366	Singlet	pANN_0.25_0.005_366	0
HRA003620_AGTGATCGTAGCGTTT-1_1	HRA003620_NC-27	HRA003620	DF.classifications_0.25_0.005_366	Doublet	pANN_0.25_0.005_366	0.465116279069767
HRA003620_AGTGATCGTCCATACA-1_1	HRA003620_NC-27	HRA003620	DF.classifications_0.25_0.005_366	Singlet	pANN_0.25_0.005_366	0.0232558139534884
HRA003620_AGTGATCTCTCGGTAA-1_1	HRA003620_NC-27	HRA003620	DF.classifications_0.25_0.005_366	Doublet	pANN_0.25_0.005_366	0.534883720930233
HRA003620_AGTGATCTCTTGCGCT-1_1	HRA003620_NC-27	HRA003620	DF.classifications_0.25_0.005_366	Singlet	pANN_0.25_0.005_366	0.395348837209302
HRA003620_AGTGCCGAGATTAGAC-1_1	HRA003620_NC-27	HRA003620	DF.classifications_0.25_0.005_366	Singlet	pANN_0.25_0.005_366	0.13953488372093
HRA003620_AGTGCCGAGCATGCGA-1_1	HRA003620_NC-27	HRA003620	DF.classifications_0.25_0.005_366	Singlet	pANN_0.25_0.005_366	0.13953488372093
HRA003620_AGTGCCGAGCGAGTAC-1_1	HRA003620_NC-27	HRA003620	DF.classifications_0.25_0.005_366	Singlet	pANN_0.25_0.005_366	0.13953488372093
HRA003620_AGTGCCGAGGCGAAGG-1_1	HRA003620_NC-27	HRA003620	DF.classifications_0.25_0.005_366	Singlet	pANN_0.25_0.005_366	0.0465116279069767
HRA003620_AGTGCCGCAAGGATGC-1_1	HRA003620_NC-27	HRA003620	DF.classifications_0.25_0.005_366	Singlet	pANN_0.25_0.005_366	0.186046511627907
HRA003620_AGTGCCGCAGATACCT-1_1	HRA003620_NC-27	HRA003620	DF.classifications_0.25_0.005_366	Singlet	pANN_0.25_0.005_366	0.0697674418604651
HRA003620_AGTGCCGCATAGCACT-1_1	HRA003620_NC-27	HRA003620	DF.classifications_0.25_0.005_366	Singlet	pANN_0.25_0.005_366	0.186046511627907
HRA003620_AGTGCCGTCCCTCTAG-1_1	HRA003620_NC-27	HRA003620	DF.classifications_0.25_0.005_366	Singlet	pANN_0.25_0.005_366	0.116279069767442
HRA003620_AGTGCCGTCTGATGGT-1_1	HRA003620_NC-27	HRA003620	DF.classifications_0.25_0.005_366	Singlet	pANN_0.25_0.005_366	0.0930232558139535
HRA003620_AGTGTTGAGCGTGTTT-1_1	HRA003620_NC-27	HRA003620	DF.classifications_0.25_0.005_366	Singlet	pANN_0.25_0.005_366	0.395348837209302
HRA003620_AGTGTTGAGTGCACAG-1_1	HRA003620_NC-27	HRA003620	DF.classifications_0.25_0.005_366	Singlet	pANN_0.25_0.005_366	0.0697674418604651
HRA003620_AGTGTTGCACTACGGC-1_1	HRA003620_NC-27	HRA003620	DF.classifications_0.25_0.005_366	Singlet	pANN_0.25_0.005_366	0.0930232558139535
HRA003620_AGTGTTGCAGAGTGTG-1_1	HRA003620_NC-27	HRA003620	DF.classifications_0.25_0.005_366	Singlet	pANN_0.25_0.005_366	0.116279069767442
HRA003620_AGTGTTGCAGGTAGTG-1_1	HRA003620_NC-27	HRA003620	DF.classifications_0.25_0.005_366	Singlet	pANN_0.25_0.005_366	0.209302325581395
HRA003620_AGTGTTGGTCGCACAC-1_1	HRA003620_NC-27	HRA003620	DF.classifications_0.25_0.005_366	Singlet	pANN_0.25_0.005_366	0.302325581395349
HRA003620_AGTGTTGGTCTGATAC-1_1	HRA003620_NC-27	HRA003620	DF.classifications_0.25_0.005_366	Singlet	pANN_0.25_0.005_366	0.0697674418604651
HRA003620_AGTGTTGTCTGAGTCA-1_1	HRA003620_NC-27	HRA003620	DF.classifications_0.25_0.005_366	Singlet	pANN_0.25_0.005_366	0.162790697674419
HRA003620_AGTTAGCCAGCAGTCC-1_1	HRA003620_NC-27	HRA003620	DF.classifications_0.25_0.005_366	Singlet	pANN_0.25_0.005_366	0.13953488372093
HRA003620_AGTTAGCGTCTATGAC-1_1	HRA003620_NC-27	HRA003620	DF.classifications_0.25_0.005_366	Singlet	pANN_0.25_0.005_366	0.255813953488372
HRA003620_AGTTAGCGTTCAAAGA-1_1	HRA003620_NC-27	HRA003620	DF.classifications_0.25_0.005_366	Singlet	pANN_0.25_0.005_366	0.0697674418604651
HRA003620_AGTTAGCTCTAGACCA-1_1	HRA003620_NC-27	HRA003620	DF.classifications_0.25_0.005_366	Singlet	pANN_0.25_0.005_366	0.27906976744186
HRA003620_AGTTCCCAGCAGCCTC-1_1	HRA003620_NC-27	HRA003620	DF.classifications_0.25_0.005_366	Singlet	pANN_0.25_0.005_366	0.209302325581395
HRA003620_AGTTCCCGTATGATCC-1_1	HRA003620_NC-27	HRA003620	DF.classifications_0.25_0.005_366	Doublet	pANN_0.25_0.005_366	0.627906976744186
HRA003620_AGTTCCCGTCCGTACG-1_1	HRA003620_NC-27	HRA003620	DF.classifications_0.25_0.005_366	Singlet	pANN_0.25_0.005_366	0.13953488372093
HRA003620_AGTTCCCGTCGCTTAA-1_1	HRA003620_NC-27	HRA003620	DF.classifications_0.25_0.005_366	Singlet	pANN_0.25_0.005_366	0.13953488372093
HRA003620_AGTTCCCGTTCTAAGC-1_1	HRA003620_NC-27	HRA003620	DF.classifications_0.25_0.005_366	Singlet	pANN_0.25_0.005_366	0.0465116279069767
HRA003620_AGTTCGACACAATCTG-1_1	HRA003620_NC-27	HRA003620	DF.classifications_0.25_0.005_366	Singlet	pANN_0.25_0.005_366	0.27906976744186
HRA003620_AGTTCGACAGGTGACA-1_1	HRA003620_NC-27	HRA003620	DF.classifications_0.25_0.005_366	Singlet	pANN_0.25_0.005_366	0
HRA003620_AGTTCGAGTCACTAGT-1_1	HRA003620_NC-27	HRA003620	DF.classifications_0.25_0.005_366	Singlet	pANN_0.25_0.005_366	0.162790697674419
HRA003620_AGTTCGATCACAACCA-1_1	HRA003620_NC-27	HRA003620	DF.classifications_0.25_0.005_366	Singlet	pANN_0.25_0.005_366	0.209302325581395
HRA003620_ATACCGAGTTACGCCG-1_1	HRA003620_NC-27	HRA003620	DF.classifications_0.25_0.005_366	Singlet	pANN_0.25_0.005_366	0.27906976744186
HRA003620_ATACCGATCCAGTGCG-1_1	HRA003620_NC-27	HRA003620	DF.classifications_0.25_0.005_366	Singlet	pANN_0.25_0.005_366	0.162790697674419
HRA003620_ATACCGATCTTTCCAA-1_1	HRA003620_NC-27	HRA003620	DF.classifications_0.25_0.005_366	Singlet	pANN_0.25_0.005_366	0.0697674418604651
HRA003620_ATACCTTAGGAGTACC-1_1	HRA003620_NC-27	HRA003620	DF.classifications_0.25_0.005_366	Singlet	pANN_0.25_0.005_366	0.0697674418604651
HRA003620_ATACCTTCAAGAGTAT-1_1	HRA003620_NC-27	HRA003620	DF.classifications_0.25_0.005_366	Singlet	pANN_0.25_0.005_366	0.232558139534884
HRA003620_ATACCTTCACAGCTTA-1_1	HRA003620_NC-27	HRA003620	DF.classifications_0.25_0.005_366	Singlet	pANN_0.25_0.005_366	0.162790697674419
HRA003620_ATACCTTGTCGAACGA-1_1	HRA003620_NC-27	HRA003620	DF.classifications_0.25_0.005_366	Singlet	pANN_0.25_0.005_366	0.13953488372093
HRA003620_ATACCTTTCAGACCCG-1_1	HRA003620_NC-27	HRA003620	DF.classifications_0.25_0.005_366	Singlet	pANN_0.25_0.005_366	0.27906976744186
HRA003620_ATACCTTTCCCATACC-1_1	HRA003620_NC-27	HRA003620	DF.classifications_0.25_0.005_366	Singlet	pANN_0.25_0.005_366	0.0465116279069767
HRA003620_ATACCTTTCTAAGCGT-1_1	HRA003620_NC-27	HRA003620	DF.classifications_0.25_0.005_366	Doublet	pANN_0.25_0.005_366	0.418604651162791
HRA003620_ATACTTCGTGTACGCC-1_1	HRA003620_NC-27	HRA003620	DF.classifications_0.25_0.005_366	Singlet	pANN_0.25_0.005_366	0.209302325581395
HRA003620_ATACTTCTCCAATCTT-1_1	HRA003620_NC-27	HRA003620	DF.classifications_0.25_0.005_366	Singlet	pANN_0.25_0.005_366	0.0930232558139535
HRA003620_ATAGACCAGCGATCGA-1_1	HRA003620_NC-27	HRA003620	DF.classifications_0.25_0.005_366	Singlet	pANN_0.25_0.005_366	0.0697674418604651
HRA003620_ATAGACCAGCGGGTTA-1_1	HRA003620_NC-27	HRA003620	DF.classifications_0.25_0.005_366	Singlet	pANN_0.25_0.005_366	0.186046511627907
HRA003620_ATAGACCAGTAAGCAT-1_1	HRA003620_NC-27	HRA003620	DF.classifications_0.25_0.005_366	Singlet	pANN_0.25_0.005_366	0.0232558139534884
HRA003620_ATAGACCCAGATCATC-1_1	HRA003620_NC-27	HRA003620	DF.classifications_0.25_0.005_366	Singlet	pANN_0.25_0.005_366	0.116279069767442
HRA003620_ATAGACCTCTTCACAT-1_1	HRA003620_NC-27	HRA003620	DF.classifications_0.25_0.005_366	Doublet	pANN_0.25_0.005_366	0.627906976744186
HRA003620_ATAGAGAAGCTGGCCT-1_1	HRA003620_NC-27	HRA003620	DF.classifications_0.25_0.005_366	Singlet	pANN_0.25_0.005_366	0.116279069767442
HRA003620_ATAGGCTAGGCTAACG-1_1	HRA003620_NC-27	HRA003620	DF.classifications_0.25_0.005_366	Doublet	pANN_0.25_0.005_366	0.558139534883721
HRA003620_ATAGGCTCAGGCTTGC-1_1	HRA003620_NC-27	HRA003620	DF.classifications_0.25_0.005_366	Singlet	pANN_0.25_0.005_366	0.0232558139534884
HRA003620_ATAGGCTTCGTTAGTG-1_1	HRA003620_NC-27	HRA003620	DF.classifications_0.25_0.005_366	Singlet	pANN_0.25_0.005_366	0.0232558139534884
HRA003620_ATAGGCTTCTTCGCTG-1_1	HRA003620_NC-27	HRA003620	DF.classifications_0.25_0.005_366	Singlet	pANN_0.25_0.005_366	0.162790697674419
HRA003620_ATAGGCTTCTTCGTAT-1_1	HRA003620_NC-27	HRA003620	DF.classifications_0.25_0.005_366	Singlet	pANN_0.25_0.005_366	0.0232558139534884
HRA003620_ATATCCTAGGAAAGAC-1_1	HRA003620_NC-27	HRA003620	DF.classifications_0.25_0.005_366	Singlet	pANN_0.25_0.005_366	0.0930232558139535
HRA003620_ATATCCTCAACCGTGC-1_1	HRA003620_NC-27	HRA003620	DF.classifications_0.25_0.005_366	Singlet	pANN_0.25_0.005_366	0.27906976744186
HRA003620_ATATCCTCACCATTCC-1_1	HRA003620_NC-27	HRA003620	DF.classifications_0.25_0.005_366	Singlet	pANN_0.25_0.005_366	0.13953488372093
HRA003620_ATATCCTCATGCCATA-1_1	HRA003620_NC-27	HRA003620	DF.classifications_0.25_0.005_366	Singlet	pANN_0.25_0.005_366	0.13953488372093
HRA003620_ATATCCTGTTAGCTAC-1_1	HRA003620_NC-27	HRA003620	DF.classifications_0.25_0.005_366	Singlet	pANN_0.25_0.005_366	0.325581395348837
HRA003620_ATATCCTGTTTACCAG-1_1	HRA003620_NC-27	HRA003620	DF.classifications_0.25_0.005_366	Singlet	pANN_0.25_0.005_366	0.0697674418604651
HRA003620_ATATCCTTCCTCTCGA-1_1	HRA003620_NC-27	HRA003620	DF.classifications_0.25_0.005_366	Doublet	pANN_0.25_0.005_366	0.441860465116279
HRA003620_ATATCCTTCCTTGACC-1_1	HRA003620_NC-27	HRA003620	DF.classifications_0.25_0.005_366	Singlet	pANN_0.25_0.005_366	0.0465116279069767
HRA003620_ATCACAGAGCATCCCG-1_1	HRA003620_NC-27	HRA003620	DF.classifications_0.25_0.005_366	Singlet	pANN_0.25_0.005_366	0.0930232558139535
HRA003620_ATCACAGAGCCTCAAT-1_1	HRA003620_NC-27	HRA003620	DF.classifications_0.25_0.005_366	Singlet	pANN_0.25_0.005_366	0.348837209302326
HRA003620_ATCACAGAGGCTTTCA-1_1	HRA003620_NC-27	HRA003620	DF.classifications_0.25_0.005_366	Singlet	pANN_0.25_0.005_366	0.186046511627907
HRA003620_ATCACAGCAAACAGGC-1_1	HRA003620_NC-27	HRA003620	DF.classifications_0.25_0.005_366	Doublet	pANN_0.25_0.005_366	0.418604651162791
HRA003620_ATCACAGCATATGGCT-1_1	HRA003620_NC-27	HRA003620	DF.classifications_0.25_0.005_366	Singlet	pANN_0.25_0.005_366	0.186046511627907
HRA003620_ATCACAGGTCACGCTG-1_1	HRA003620_NC-27	HRA003620	DF.classifications_0.25_0.005_366	Singlet	pANN_0.25_0.005_366	0.162790697674419
HRA003620_ATCACAGTCCTTATGT-1_1	HRA003620_NC-27	HRA003620	DF.classifications_0.25_0.005_366	Singlet	pANN_0.25_0.005_366	0.209302325581395
HRA003620_ATCACAGTCTTCCCAG-1_1	HRA003620_NC-27	HRA003620	DF.classifications_0.25_0.005_366	Singlet	pANN_0.25_0.005_366	0.162790697674419
HRA003620_ATCACGAAGCAAGTCG-1_1	HRA003620_NC-27	HRA003620	DF.classifications_0.25_0.005_366	Singlet	pANN_0.25_0.005_366	0.372093023255814
HRA003620_ATCACGAAGCTCTTCC-1_1	HRA003620_NC-27	HRA003620	DF.classifications_0.25_0.005_366	Singlet	pANN_0.25_0.005_366	0.0930232558139535
HRA003620_ATCACGAAGTATGGCG-1_1	HRA003620_NC-27	HRA003620	DF.classifications_0.25_0.005_366	Singlet	pANN_0.25_0.005_366	0.0930232558139535
HRA003620_ATCACGACAGGAGGTT-1_1	HRA003620_NC-27	HRA003620	DF.classifications_0.25_0.005_366	Singlet	pANN_0.25_0.005_366	0.0465116279069767
HRA003620_ATCACGAGTTTGCCGG-1_1	HRA003620_NC-27	HRA003620	DF.classifications_0.25_0.005_366	Singlet	pANN_0.25_0.005_366	0.13953488372093
HRA003620_ATCACGATCGTGCAGC-1_1	HRA003620_NC-27	HRA003620	DF.classifications_0.25_0.005_366	Singlet	pANN_0.25_0.005_366	0.27906976744186
HRA003620_ATCACGATCTGTGCGG-1_1	HRA003620_NC-27	HRA003620	DF.classifications_0.25_0.005_366	Singlet	pANN_0.25_0.005_366	0.209302325581395
HRA003620_ATCACTTCAGGTGGAT-1_1	HRA003620_NC-27	HRA003620	DF.classifications_0.25_0.005_366	Singlet	pANN_0.25_0.005_366	0.13953488372093
HRA003620_ATCACTTGTCTGCGCA-1_1	HRA003620_NC-27	HRA003620	DF.classifications_0.25_0.005_366	Singlet	pANN_0.25_0.005_366	0.186046511627907
HRA003620_ATCACTTGTGTCTTGA-1_1	HRA003620_NC-27	HRA003620	DF.classifications_0.25_0.005_366	Singlet	pANN_0.25_0.005_366	0.186046511627907
HRA003620_ATCACTTGTTCGGTCG-1_1	HRA003620_NC-27	HRA003620	DF.classifications_0.25_0.005_366	Singlet	pANN_0.25_0.005_366	0.27906976744186
HRA003620_ATCACTTTCCAAAGGG-1_1	HRA003620_NC-27	HRA003620	DF.classifications_0.25_0.005_366	Singlet	pANN_0.25_0.005_366	0.0697674418604651
HRA003620_ATCACTTTCTGGGAGA-1_1	HRA003620_NC-27	HRA003620	DF.classifications_0.25_0.005_366	Singlet	pANN_0.25_0.005_366	0.0697674418604651
HRA003620_ATCAGGTAGAGTTGCG-1_1	HRA003620_NC-27	HRA003620	DF.classifications_0.25_0.005_366	Singlet	pANN_0.25_0.005_366	0.302325581395349
HRA003620_ATCAGGTCAGAATTCC-1_1	HRA003620_NC-27	HRA003620	DF.classifications_0.25_0.005_366	Singlet	pANN_0.25_0.005_366	0.27906976744186
HRA003620_ATCAGGTCATCCAATG-1_1	HRA003620_NC-27	HRA003620	DF.classifications_0.25_0.005_366	Singlet	pANN_0.25_0.005_366	0.255813953488372
HRA003620_ATCAGGTGTACGTGAG-1_1	HRA003620_NC-27	HRA003620	DF.classifications_0.25_0.005_366	Singlet	pANN_0.25_0.005_366	0.0930232558139535
HRA003620_ATCAGGTGTCACGCTG-1_1	HRA003620_NC-27	HRA003620	DF.classifications_0.25_0.005_366	Singlet	pANN_0.25_0.005_366	0.209302325581395
HRA003620_ATCAGGTGTCTGTCAA-1_1	HRA003620_NC-27	HRA003620	DF.classifications_0.25_0.005_366	Singlet	pANN_0.25_0.005_366	0
HRA003620_ATCAGGTTCAGTCACA-1_1	HRA003620_NC-27	HRA003620	DF.classifications_0.25_0.005_366	Singlet	pANN_0.25_0.005_366	0.232558139534884
HRA003620_ATCATTCCACATGGTT-1_1	HRA003620_NC-27	HRA003620	DF.classifications_0.25_0.005_366	Singlet	pANN_0.25_0.005_366	0.13953488372093
HRA003620_ATCATTCCAGAGTTCT-1_1	HRA003620_NC-27	HRA003620	DF.classifications_0.25_0.005_366	Singlet	pANN_0.25_0.005_366	0.13953488372093
HRA003620_ATCATTCGTCACAGTT-1_1	HRA003620_NC-27	HRA003620	DF.classifications_0.25_0.005_366	Singlet	pANN_0.25_0.005_366	0.0930232558139535
HRA003620_ATCATTCGTCTACAGT-1_1	HRA003620_NC-27	HRA003620	DF.classifications_0.25_0.005_366	Doublet	pANN_0.25_0.005_366	0.604651162790698
HRA003620_ATCATTCGTGGGCTCT-1_1	HRA003620_NC-27	HRA003620	DF.classifications_0.25_0.005_366	Doublet	pANN_0.25_0.005_366	0.581395348837209
HRA003620_ATCATTCTCCAGCAAT-1_1	HRA003620_NC-27	HRA003620	DF.classifications_0.25_0.005_366	Singlet	pANN_0.25_0.005_366	0.395348837209302
HRA003620_ATCATTCTCCCTCGTA-1_1	HRA003620_NC-27	HRA003620	DF.classifications_0.25_0.005_366	Doublet	pANN_0.25_0.005_366	0.441860465116279
HRA003620_ATCATTCTCGAGAATA-1_1	HRA003620_NC-27	HRA003620	DF.classifications_0.25_0.005_366	Singlet	pANN_0.25_0.005_366	0.162790697674419
HRA003620_ATCCACCCAAGTCATC-1_1	HRA003620_NC-27	HRA003620	DF.classifications_0.25_0.005_366	Singlet	pANN_0.25_0.005_366	0.13953488372093
HRA003620_ATCCACCCACAATGAA-1_1	HRA003620_NC-27	HRA003620	DF.classifications_0.25_0.005_366	Singlet	pANN_0.25_0.005_366	0.232558139534884
HRA003620_ATCCACCCAGGTCAGA-1_1	HRA003620_NC-27	HRA003620	DF.classifications_0.25_0.005_366	Singlet	pANN_0.25_0.005_366	0.255813953488372
HRA003620_ATCCACCCATACAGAA-1_1	HRA003620_NC-27	HRA003620	DF.classifications_0.25_0.005_366	Singlet	pANN_0.25_0.005_366	0.186046511627907
HRA003620_ATCCACCCATCCGGCA-1_1	HRA003620_NC-27	HRA003620	DF.classifications_0.25_0.005_366	Singlet	pANN_0.25_0.005_366	0.232558139534884
HRA003620_ATCCACCGTTACGTAC-1_1	HRA003620_NC-27	HRA003620	DF.classifications_0.25_0.005_366	Singlet	pANN_0.25_0.005_366	0.0465116279069767
HRA003620_ATCCACCTCATGAAAG-1_1	HRA003620_NC-27	HRA003620	DF.classifications_0.25_0.005_366	Doublet	pANN_0.25_0.005_366	0.488372093023256
HRA003620_ATCCACCTCCCGAAAT-1_1	HRA003620_NC-27	HRA003620	DF.classifications_0.25_0.005_366	Singlet	pANN_0.25_0.005_366	0.372093023255814
HRA003620_ATCCACCTCGACATCA-1_1	HRA003620_NC-27	HRA003620	DF.classifications_0.25_0.005_366	Doublet	pANN_0.25_0.005_366	0.627906976744186
HRA003620_ATCCACCTCGACGCTG-1_1	HRA003620_NC-27	HRA003620	DF.classifications_0.25_0.005_366	Singlet	pANN_0.25_0.005_366	0.186046511627907
HRA003620_ATCCACCTCTATGCCC-1_1	HRA003620_NC-27	HRA003620	DF.classifications_0.25_0.005_366	Singlet	pANN_0.25_0.005_366	0.116279069767442
HRA003620_ATCCATTAGATGTAGT-1_1	HRA003620_NC-27	HRA003620	DF.classifications_0.25_0.005_366	Doublet	pANN_0.25_0.005_366	0.441860465116279
HRA003620_ATCCATTCAGATCACT-1_1	HRA003620_NC-27	HRA003620	DF.classifications_0.25_0.005_366	Singlet	pANN_0.25_0.005_366	0.116279069767442
HRA003620_ATCCATTCAGTGGCTC-1_1	HRA003620_NC-27	HRA003620	DF.classifications_0.25_0.005_366	Singlet	pANN_0.25_0.005_366	0.0697674418604651
HRA003620_ATCCATTGTCTTTATC-1_1	HRA003620_NC-27	HRA003620	DF.classifications_0.25_0.005_366	Singlet	pANN_0.25_0.005_366	0.0930232558139535
HRA003620_ATCCATTGTTATAGAG-1_1	HRA003620_NC-27	HRA003620	DF.classifications_0.25_0.005_366	Singlet	pANN_0.25_0.005_366	0.0232558139534884
HRA003620_ATCCATTGTTATCCAG-1_1	HRA003620_NC-27	HRA003620	DF.classifications_0.25_0.005_366	Singlet	pANN_0.25_0.005_366	0.0232558139534884
HRA003620_ATCCATTTCCTCAGAA-1_1	HRA003620_NC-27	HRA003620	DF.classifications_0.25_0.005_366	Singlet	pANN_0.25_0.005_366	0.209302325581395
HRA003620_ATCCCTGCACTGTGAT-1_1	HRA003620_NC-27	HRA003620	DF.classifications_0.25_0.005_366	Singlet	pANN_0.25_0.005_366	0.186046511627907
HRA003620_ATCCCTGGTAGCGTCC-1_1	HRA003620_NC-27	HRA003620	DF.classifications_0.25_0.005_366	Singlet	pANN_0.25_0.005_366	0.0465116279069767
HRA003620_ATCCCTGGTTCGGTAT-1_1	HRA003620_NC-27	HRA003620	DF.classifications_0.25_0.005_366	Singlet	pANN_0.25_0.005_366	0.162790697674419
HRA003620_ATCCCTGTCGTCCATC-1_1	HRA003620_NC-27	HRA003620	DF.classifications_0.25_0.005_366	Singlet	pANN_0.25_0.005_366	0.27906976744186
HRA003620_ATCCGTCCAAGAGTTA-1_1	HRA003620_NC-27	HRA003620	DF.classifications_0.25_0.005_366	Singlet	pANN_0.25_0.005_366	0.27906976744186
HRA003620_ATCCGTCTCTCGCGTT-1_1	HRA003620_NC-27	HRA003620	DF.classifications_0.25_0.005_366	Singlet	pANN_0.25_0.005_366	0.13953488372093
HRA003620_ATCCTATAGGCATCTT-1_1	HRA003620_NC-27	HRA003620	DF.classifications_0.25_0.005_366	Singlet	pANN_0.25_0.005_366	0.116279069767442
HRA003620_ATCCTATAGTAGACAT-1_1	HRA003620_NC-27	HRA003620	DF.classifications_0.25_0.005_366	Singlet	pANN_0.25_0.005_366	0.0232558139534884
HRA003620_ATCCTATCAAATTGGA-1_1	HRA003620_NC-27	HRA003620	DF.classifications_0.25_0.005_366	Singlet	pANN_0.25_0.005_366	0.232558139534884
HRA003620_ATCCTATCAGTGGCTC-1_1	HRA003620_NC-27	HRA003620	DF.classifications_0.25_0.005_366	Singlet	pANN_0.25_0.005_366	0.302325581395349
HRA003620_ATCCTATGTGACACGA-1_1	HRA003620_NC-27	HRA003620	DF.classifications_0.25_0.005_366	Singlet	pANN_0.25_0.005_366	0.116279069767442
HRA003620_ATCCTATTCAGTGCGC-1_1	HRA003620_NC-27	HRA003620	DF.classifications_0.25_0.005_366	Singlet	pANN_0.25_0.005_366	0.27906976744186
HRA003620_ATCCTATTCGCTTGCT-1_1	HRA003620_NC-27	HRA003620	DF.classifications_0.25_0.005_366	Singlet	pANN_0.25_0.005_366	0.0930232558139535
HRA003620_ATCCTATTCTGTCTCG-1_1	HRA003620_NC-27	HRA003620	DF.classifications_0.25_0.005_366	Singlet	pANN_0.25_0.005_366	0.0697674418604651
HRA003620_ATCGATGAGAGCACTG-1_1	HRA003620_NC-27	HRA003620	DF.classifications_0.25_0.005_366	Singlet	pANN_0.25_0.005_366	0.186046511627907
HRA003620_ATCGATGAGATCCCGC-1_1	HRA003620_NC-27	HRA003620	DF.classifications_0.25_0.005_366	Doublet	pANN_0.25_0.005_366	0.465116279069767
HRA003620_ATCGATGAGCGAGTCA-1_1	HRA003620_NC-27	HRA003620	DF.classifications_0.25_0.005_366	Singlet	pANN_0.25_0.005_366	0.348837209302326
HRA003620_ATCGATGAGCTCGAAG-1_1	HRA003620_NC-27	HRA003620	DF.classifications_0.25_0.005_366	Singlet	pANN_0.25_0.005_366	0.0232558139534884
HRA003620_ATCGATGAGGATTCAA-1_1	HRA003620_NC-27	HRA003620	DF.classifications_0.25_0.005_366	Singlet	pANN_0.25_0.005_366	0.0697674418604651
HRA003620_ATCGATGAGGGAGTTC-1_1	HRA003620_NC-27	HRA003620	DF.classifications_0.25_0.005_366	Singlet	pANN_0.25_0.005_366	0.0232558139534884
HRA003620_ATCGATGCACCTGCGA-1_1	HRA003620_NC-27	HRA003620	DF.classifications_0.25_0.005_366	Singlet	pANN_0.25_0.005_366	0.186046511627907
HRA003620_ATCGATGCAGGATGAC-1_1	HRA003620_NC-27	HRA003620	DF.classifications_0.25_0.005_366	Singlet	pANN_0.25_0.005_366	0.209302325581395
HRA003620_ATCGATGCATGCACTA-1_1	HRA003620_NC-27	HRA003620	DF.classifications_0.25_0.005_366	Singlet	pANN_0.25_0.005_366	0.116279069767442
HRA003620_ATCGATGGTGGAACCA-1_1	HRA003620_NC-27	HRA003620	DF.classifications_0.25_0.005_366	Singlet	pANN_0.25_0.005_366	0.186046511627907
HRA003620_ATCGATGTCTCCACTG-1_1	HRA003620_NC-27	HRA003620	DF.classifications_0.25_0.005_366	Singlet	pANN_0.25_0.005_366	0.27906976744186
HRA003620_ATCGCCTAGTAGTCCT-1_1	HRA003620_NC-27	HRA003620	DF.classifications_0.25_0.005_366	Singlet	pANN_0.25_0.005_366	0.395348837209302
HRA003620_ATCGCCTAGTATGGCG-1_1	HRA003620_NC-27	HRA003620	DF.classifications_0.25_0.005_366	Singlet	pANN_0.25_0.005_366	0.186046511627907
HRA003620_ATCGCCTCATCCTCAC-1_1	HRA003620_NC-27	HRA003620	DF.classifications_0.25_0.005_366	Singlet	pANN_0.25_0.005_366	0.27906976744186
HRA003620_ATCGCCTGTAGACGGT-1_1	HRA003620_NC-27	HRA003620	DF.classifications_0.25_0.005_366	Singlet	pANN_0.25_0.005_366	0.0232558139534884
HRA003620_ATCGCCTGTGAATTAG-1_1	HRA003620_NC-27	HRA003620	DF.classifications_0.25_0.005_366	Singlet	pANN_0.25_0.005_366	0.209302325581395
HRA003620_ATCGCCTGTTGGGATG-1_1	HRA003620_NC-27	HRA003620	DF.classifications_0.25_0.005_366	Singlet	pANN_0.25_0.005_366	0.0232558139534884
HRA003620_ATCGCCTTCTCGACCT-1_1	HRA003620_NC-27	HRA003620	DF.classifications_0.25_0.005_366	Singlet	pANN_0.25_0.005_366	0.186046511627907
HRA003620_ATCGCCTTCTGCATGA-1_1	HRA003620_NC-27	HRA003620	DF.classifications_0.25_0.005_366	Singlet	pANN_0.25_0.005_366	0.162790697674419
HRA003620_ATCGCCTTCTGTCGTC-1_1	HRA003620_NC-27	HRA003620	DF.classifications_0.25_0.005_366	Singlet	pANN_0.25_0.005_366	0.0697674418604651
HRA003620_ATCGGATAGATAACGT-1_1	HRA003620_NC-27	HRA003620	DF.classifications_0.25_0.005_366	Singlet	pANN_0.25_0.005_366	0.325581395348837
HRA003620_ATCGGATAGGTGTGAC-1_1	HRA003620_NC-27	HRA003620	DF.classifications_0.25_0.005_366	Singlet	pANN_0.25_0.005_366	0
HRA003620_ATCGGATAGTGTTCCA-1_1	HRA003620_NC-27	HRA003620	DF.classifications_0.25_0.005_366	Singlet	pANN_0.25_0.005_366	0.116279069767442
HRA003620_ATCGGATGTCATCAGT-1_1	HRA003620_NC-27	HRA003620	DF.classifications_0.25_0.005_366	Singlet	pANN_0.25_0.005_366	0.162790697674419
HRA003620_ATCGGATGTCTCTCAC-1_1	HRA003620_NC-27	HRA003620	DF.classifications_0.25_0.005_366	Singlet	pANN_0.25_0.005_366	0.13953488372093
HRA003620_ATCGGCGAGAAGCCAC-1_1	HRA003620_NC-27	HRA003620	DF.classifications_0.25_0.005_366	Singlet	pANN_0.25_0.005_366	0.209302325581395
HRA003620_ATCGGCGAGCGGTAGT-1_1	HRA003620_NC-27	HRA003620	DF.classifications_0.25_0.005_366	Singlet	pANN_0.25_0.005_366	0.0930232558139535
HRA003620_ATCGGCGAGGAACGTC-1_1	HRA003620_NC-27	HRA003620	DF.classifications_0.25_0.005_366	Singlet	pANN_0.25_0.005_366	0.232558139534884
HRA003620_ATCGGCGCAAATGGCG-1_1	HRA003620_NC-27	HRA003620	DF.classifications_0.25_0.005_366	Singlet	pANN_0.25_0.005_366	0.162790697674419
HRA003620_ATCGGCGGTAACGGTG-1_1	HRA003620_NC-27	HRA003620	DF.classifications_0.25_0.005_366	Singlet	pANN_0.25_0.005_366	0
HRA003620_ATCGGCGGTACTCGCG-1_1	HRA003620_NC-27	HRA003620	DF.classifications_0.25_0.005_366	Singlet	pANN_0.25_0.005_366	0.372093023255814
HRA003620_ATCGGCGGTACTGCGC-1_1	HRA003620_NC-27	HRA003620	DF.classifications_0.25_0.005_366	Singlet	pANN_0.25_0.005_366	0.13953488372093
HRA003620_ATCGGCGGTCGCATTA-1_1	HRA003620_NC-27	HRA003620	DF.classifications_0.25_0.005_366	Singlet	pANN_0.25_0.005_366	0.255813953488372
HRA003620_ATCGGCGGTTGTAAAG-1_1	HRA003620_NC-27	HRA003620	DF.classifications_0.25_0.005_366	Singlet	pANN_0.25_0.005_366	0.162790697674419
HRA003620_ATCGGCGGTTTAGAGA-1_1	HRA003620_NC-27	HRA003620	DF.classifications_0.25_0.005_366	Singlet	pANN_0.25_0.005_366	0.0232558139534884
HRA003620_ATCGGCGTCAGGAACG-1_1	HRA003620_NC-27	HRA003620	DF.classifications_0.25_0.005_366	Singlet	pANN_0.25_0.005_366	0.0697674418604651
HRA003620_ATCGGCGTCCTTGAAG-1_1	HRA003620_NC-27	HRA003620	DF.classifications_0.25_0.005_366	Singlet	pANN_0.25_0.005_366	0.0465116279069767
HRA003620_ATCGTAGAGAAGCTCG-1_1	HRA003620_NC-27	HRA003620	DF.classifications_0.25_0.005_366	Singlet	pANN_0.25_0.005_366	0.116279069767442
HRA003620_ATCGTAGAGAATTGTG-1_1	HRA003620_NC-27	HRA003620	DF.classifications_0.25_0.005_366	Singlet	pANN_0.25_0.005_366	0.116279069767442
HRA003620_ATCGTAGAGTTTCGGT-1_1	HRA003620_NC-27	HRA003620	DF.classifications_0.25_0.005_366	Singlet	pANN_0.25_0.005_366	0.0697674418604651
HRA003620_ATCGTAGCACTGATTG-1_1	HRA003620_NC-27	HRA003620	DF.classifications_0.25_0.005_366	Singlet	pANN_0.25_0.005_366	0
HRA003620_ATCGTAGGTAGATTGA-1_1	HRA003620_NC-27	HRA003620	DF.classifications_0.25_0.005_366	Singlet	pANN_0.25_0.005_366	0.302325581395349
HRA003620_ATCGTAGTCACCCTGT-1_1	HRA003620_NC-27	HRA003620	DF.classifications_0.25_0.005_366	Singlet	pANN_0.25_0.005_366	0.186046511627907
HRA003620_ATCGTAGTCATGCCCT-1_1	HRA003620_NC-27	HRA003620	DF.classifications_0.25_0.005_366	Doublet	pANN_0.25_0.005_366	0.558139534883721
HRA003620_ATCGTCCAGGCTAACG-1_1	HRA003620_NC-27	HRA003620	DF.classifications_0.25_0.005_366	Singlet	pANN_0.25_0.005_366	0
HRA003620_ATCGTCCGTACGTAGG-1_1	HRA003620_NC-27	HRA003620	DF.classifications_0.25_0.005_366	Singlet	pANN_0.25_0.005_366	0.0465116279069767
HRA003620_ATCGTCCGTCGTAATC-1_1	HRA003620_NC-27	HRA003620	DF.classifications_0.25_0.005_366	Singlet	pANN_0.25_0.005_366	0.348837209302326
HRA003620_ATCGTCCTCGGCCAAC-1_1	HRA003620_NC-27	HRA003620	DF.classifications_0.25_0.005_366	Singlet	pANN_0.25_0.005_366	0.232558139534884
HRA003620_ATCGTGAAGGTGAGAA-1_1	HRA003620_NC-27	HRA003620	DF.classifications_0.25_0.005_366	Singlet	pANN_0.25_0.005_366	0.116279069767442
HRA003620_ATCGTGACAAGAGTTA-1_1	HRA003620_NC-27	HRA003620	DF.classifications_0.25_0.005_366	Singlet	pANN_0.25_0.005_366	0.13953488372093
HRA003620_ATCGTGACAATTCTCT-1_1	HRA003620_NC-27	HRA003620	DF.classifications_0.25_0.005_366	Singlet	pANN_0.25_0.005_366	0.255813953488372
HRA003620_ATCGTGACACCGTCTT-1_1	HRA003620_NC-27	HRA003620	DF.classifications_0.25_0.005_366	Singlet	pANN_0.25_0.005_366	0.255813953488372
HRA003620_ATCGTGAGTGTCGATT-1_1	HRA003620_NC-27	HRA003620	DF.classifications_0.25_0.005_366	Singlet	pANN_0.25_0.005_366	0.0232558139534884
HRA003620_ATCGTGATCCCAGCGA-1_1	HRA003620_NC-27	HRA003620	DF.classifications_0.25_0.005_366	Singlet	pANN_0.25_0.005_366	0.162790697674419
HRA003620_ATCGTGATCCGTGGTG-1_1	HRA003620_NC-27	HRA003620	DF.classifications_0.25_0.005_366	Singlet	pANN_0.25_0.005_366	0.255813953488372
HRA003620_ATCGTGATCCTACAAG-1_1	HRA003620_NC-27	HRA003620	DF.classifications_0.25_0.005_366	Singlet	pANN_0.25_0.005_366	0
HRA003620_ATCGTGATCGTGGGTC-1_1	HRA003620_NC-27	HRA003620	DF.classifications_0.25_0.005_366	Singlet	pANN_0.25_0.005_366	0.0232558139534884
HRA003620_ATCGTGATCTATCCAT-1_1	HRA003620_NC-27	HRA003620	DF.classifications_0.25_0.005_366	Singlet	pANN_0.25_0.005_366	0.0465116279069767
HRA003620_ATCTCTAAGGGCAGTT-1_1	HRA003620_NC-27	HRA003620	DF.classifications_0.25_0.005_366	Singlet	pANN_0.25_0.005_366	0.13953488372093
HRA003620_ATCTCTAAGGGCCCTT-1_1	HRA003620_NC-27	HRA003620	DF.classifications_0.25_0.005_366	Singlet	pANN_0.25_0.005_366	0.0465116279069767
HRA003620_ATCTCTAAGGGCCTCT-1_1	HRA003620_NC-27	HRA003620	DF.classifications_0.25_0.005_366	Singlet	pANN_0.25_0.005_366	0.116279069767442
HRA003620_ATCTCTAAGTTGTAAG-1_1	HRA003620_NC-27	HRA003620	DF.classifications_0.25_0.005_366	Singlet	pANN_0.25_0.005_366	0.232558139534884
HRA003620_ATCTCTACACCGTGAC-1_1	HRA003620_NC-27	HRA003620	DF.classifications_0.25_0.005_366	Singlet	pANN_0.25_0.005_366	0.209302325581395
HRA003620_ATCTTCAAGAATTCAG-1_1	HRA003620_NC-27	HRA003620	DF.classifications_0.25_0.005_366	Singlet	pANN_0.25_0.005_366	0.0930232558139535
HRA003620_ATCTTCACACTGCTTC-1_1	HRA003620_NC-27	HRA003620	DF.classifications_0.25_0.005_366	Singlet	pANN_0.25_0.005_366	0.232558139534884
HRA003620_ATCTTCACAGGACATG-1_1	HRA003620_NC-27	HRA003620	DF.classifications_0.25_0.005_366	Singlet	pANN_0.25_0.005_366	0.232558139534884
HRA003620_ATCTTCAGTCAAAGCG-1_1	HRA003620_NC-27	HRA003620	DF.classifications_0.25_0.005_366	Singlet	pANN_0.25_0.005_366	0.348837209302326
HRA003620_ATCTTCAGTGTTTGCA-1_1	HRA003620_NC-27	HRA003620	DF.classifications_0.25_0.005_366	Singlet	pANN_0.25_0.005_366	0.325581395348837
HRA003620_ATCTTCATCCATTCGC-1_1	HRA003620_NC-27	HRA003620	DF.classifications_0.25_0.005_366	Singlet	pANN_0.25_0.005_366	0.27906976744186
HRA003620_ATGAAAGAGCCGATCC-1_1	HRA003620_NC-27	HRA003620	DF.classifications_0.25_0.005_366	Singlet	pANN_0.25_0.005_366	0
HRA003620_ATGAAAGCAAGTGGGT-1_1	HRA003620_NC-27	HRA003620	DF.classifications_0.25_0.005_366	Singlet	pANN_0.25_0.005_366	0.255813953488372
HRA003620_ATGAAAGGTCGCAACC-1_1	HRA003620_NC-27	HRA003620	DF.classifications_0.25_0.005_366	Singlet	pANN_0.25_0.005_366	0.116279069767442
HRA003620_ATGAAAGGTCTTCTAT-1_1	HRA003620_NC-27	HRA003620	DF.classifications_0.25_0.005_366	Singlet	pANN_0.25_0.005_366	0
HRA003620_ATGAAAGGTTGGGACA-1_1	HRA003620_NC-27	HRA003620	DF.classifications_0.25_0.005_366	Singlet	pANN_0.25_0.005_366	0.162790697674419
HRA003620_ATGAAAGTCACCCTGT-1_1	HRA003620_NC-27	HRA003620	DF.classifications_0.25_0.005_366	Singlet	pANN_0.25_0.005_366	0.116279069767442
HRA003620_ATGACCAAGGGATCAC-1_1	HRA003620_NC-27	HRA003620	DF.classifications_0.25_0.005_366	Singlet	pANN_0.25_0.005_366	0.0232558139534884
HRA003620_ATGACCAAGTATCTGC-1_1	HRA003620_NC-27	HRA003620	DF.classifications_0.25_0.005_366	Singlet	pANN_0.25_0.005_366	0.162790697674419
HRA003620_ATGACCAAGTGGCCTC-1_1	HRA003620_NC-27	HRA003620	DF.classifications_0.25_0.005_366	Doublet	pANN_0.25_0.005_366	0.534883720930233
HRA003620_ATGACCACACGGGTAA-1_1	HRA003620_NC-27	HRA003620	DF.classifications_0.25_0.005_366	Singlet	pANN_0.25_0.005_366	0.209302325581395
HRA003620_ATGACCAGTGGCTACC-1_1	HRA003620_NC-27	HRA003620	DF.classifications_0.25_0.005_366	Singlet	pANN_0.25_0.005_366	0.116279069767442
HRA003620_ATGACCATCTCCGAGG-1_1	HRA003620_NC-27	HRA003620	DF.classifications_0.25_0.005_366	Singlet	pANN_0.25_0.005_366	0.0465116279069767
HRA003620_ATGAGGGAGAGCAAGA-1_1	HRA003620_NC-27	HRA003620	DF.classifications_0.25_0.005_366	Singlet	pANN_0.25_0.005_366	0.302325581395349
HRA003620_ATGAGGGAGCCTGAGA-1_1	HRA003620_NC-27	HRA003620	DF.classifications_0.25_0.005_366	Singlet	pANN_0.25_0.005_366	0.13953488372093
HRA003620_ATGAGGGCAATTGAGA-1_1	HRA003620_NC-27	HRA003620	DF.classifications_0.25_0.005_366	Singlet	pANN_0.25_0.005_366	0.0465116279069767
HRA003620_ATGAGGGCACGTCTCT-1_1	HRA003620_NC-27	HRA003620	DF.classifications_0.25_0.005_366	Singlet	pANN_0.25_0.005_366	0.302325581395349
HRA003620_ATGAGGGCAGTCCGTG-1_1	HRA003620_NC-27	HRA003620	DF.classifications_0.25_0.005_366	Singlet	pANN_0.25_0.005_366	0
HRA003620_ATGAGGGGTAGAGTTA-1_1	HRA003620_NC-27	HRA003620	DF.classifications_0.25_0.005_366	Singlet	pANN_0.25_0.005_366	0.27906976744186
HRA003620_ATGAGGGTCAATCAGC-1_1	HRA003620_NC-27	HRA003620	DF.classifications_0.25_0.005_366	Singlet	pANN_0.25_0.005_366	0.0697674418604651
HRA003620_ATGAGGGTCCATTTAC-1_1	HRA003620_NC-27	HRA003620	DF.classifications_0.25_0.005_366	Singlet	pANN_0.25_0.005_366	0.209302325581395
HRA003620_ATGAGGGTCTGGAGAG-1_1	HRA003620_NC-27	HRA003620	DF.classifications_0.25_0.005_366	Singlet	pANN_0.25_0.005_366	0.162790697674419
HRA003620_ATGAGTCAGTCAGCGA-1_1	HRA003620_NC-27	HRA003620	DF.classifications_0.25_0.005_366	Singlet	pANN_0.25_0.005_366	0.162790697674419
HRA003620_ATGAGTCCACGTAGTT-1_1	HRA003620_NC-27	HRA003620	DF.classifications_0.25_0.005_366	Doublet	pANN_0.25_0.005_366	0.418604651162791
HRA003620_ATGAGTCGTACAATAG-1_1	HRA003620_NC-27	HRA003620	DF.classifications_0.25_0.005_366	Singlet	pANN_0.25_0.005_366	0.348837209302326
HRA003620_ATGAGTCTCAACACCA-1_1	HRA003620_NC-27	HRA003620	DF.classifications_0.25_0.005_366	Singlet	pANN_0.25_0.005_366	0.325581395348837
HRA003620_ATGAGTCTCATTGTTC-1_1	HRA003620_NC-27	HRA003620	DF.classifications_0.25_0.005_366	Singlet	pANN_0.25_0.005_366	0.186046511627907
HRA003620_ATGAGTCTCGATCCAA-1_1	HRA003620_NC-27	HRA003620	DF.classifications_0.25_0.005_366	Singlet	pANN_0.25_0.005_366	0.0697674418604651
HRA003620_ATGATCGGTCTCTCTG-1_1	HRA003620_NC-27	HRA003620	DF.classifications_0.25_0.005_366	Singlet	pANN_0.25_0.005_366	0.395348837209302
HRA003620_ATGATCGTCACCTACC-1_1	HRA003620_NC-27	HRA003620	DF.classifications_0.25_0.005_366	Singlet	pANN_0.25_0.005_366	0.162790697674419
HRA003620_ATGATCGTCCGTGTGG-1_1	HRA003620_NC-27	HRA003620	DF.classifications_0.25_0.005_366	Singlet	pANN_0.25_0.005_366	0.302325581395349
HRA003620_ATGATCGTCGTCGATA-1_1	HRA003620_NC-27	HRA003620	DF.classifications_0.25_0.005_366	Singlet	pANN_0.25_0.005_366	0.0697674418604651
HRA003620_ATGCATGAGCCGATCC-1_1	HRA003620_NC-27	HRA003620	DF.classifications_0.25_0.005_366	Singlet	pANN_0.25_0.005_366	0
HRA003620_ATGCATGAGCCTTGAT-1_1	HRA003620_NC-27	HRA003620	DF.classifications_0.25_0.005_366	Singlet	pANN_0.25_0.005_366	0.186046511627907
HRA003620_ATGCATGGTCACAGAG-1_1	HRA003620_NC-27	HRA003620	DF.classifications_0.25_0.005_366	Singlet	pANN_0.25_0.005_366	0.0930232558139535
HRA003620_ATGCATGGTCTCCCTA-1_1	HRA003620_NC-27	HRA003620	DF.classifications_0.25_0.005_366	Singlet	pANN_0.25_0.005_366	0.0232558139534884
HRA003620_ATGCATGGTGAGATAT-1_1	HRA003620_NC-27	HRA003620	DF.classifications_0.25_0.005_366	Singlet	pANN_0.25_0.005_366	0.186046511627907
HRA003620_ATGCATGTCCCAACTC-1_1	HRA003620_NC-27	HRA003620	DF.classifications_0.25_0.005_366	Singlet	pANN_0.25_0.005_366	0.0930232558139535
HRA003620_ATGCATGTCGCGGACT-1_1	HRA003620_NC-27	HRA003620	DF.classifications_0.25_0.005_366	Singlet	pANN_0.25_0.005_366	0.162790697674419
HRA003620_ATGCCTCAGCCGCTTG-1_1	HRA003620_NC-27	HRA003620	DF.classifications_0.25_0.005_366	Singlet	pANN_0.25_0.005_366	0.0465116279069767
HRA003620_ATGCCTCAGGATTTCC-1_1	HRA003620_NC-27	HRA003620	DF.classifications_0.25_0.005_366	Singlet	pANN_0.25_0.005_366	0.186046511627907
HRA003620_ATGCCTCCAAGGTCAG-1_1	HRA003620_NC-27	HRA003620	DF.classifications_0.25_0.005_366	Doublet	pANN_0.25_0.005_366	0.488372093023256
HRA003620_ATGCCTCCATTGCAAC-1_1	HRA003620_NC-27	HRA003620	DF.classifications_0.25_0.005_366	Singlet	pANN_0.25_0.005_366	0.27906976744186
HRA003620_ATGCCTCGTAACAGGC-1_1	HRA003620_NC-27	HRA003620	DF.classifications_0.25_0.005_366	Singlet	pANN_0.25_0.005_366	0.0465116279069767
HRA003620_ATGCCTCGTGGGACAT-1_1	HRA003620_NC-27	HRA003620	DF.classifications_0.25_0.005_366	Singlet	pANN_0.25_0.005_366	0.186046511627907
HRA003620_ATGCCTCGTTCCGCTT-1_1	HRA003620_NC-27	HRA003620	DF.classifications_0.25_0.005_366	Singlet	pANN_0.25_0.005_366	0.13953488372093
HRA003620_ATGCCTCTCGTTACCC-1_1	HRA003620_NC-27	HRA003620	DF.classifications_0.25_0.005_366	Singlet	pANN_0.25_0.005_366	0.0930232558139535
HRA003620_ATGCCTCTCTGAGTCA-1_1	HRA003620_NC-27	HRA003620	DF.classifications_0.25_0.005_366	Singlet	pANN_0.25_0.005_366	0
HRA003620_ATGCGATAGCCGATAG-1_1	HRA003620_NC-27	HRA003620	DF.classifications_0.25_0.005_366	Singlet	pANN_0.25_0.005_366	0.209302325581395
HRA003620_ATGCGATAGTCATGCT-1_1	HRA003620_NC-27	HRA003620	DF.classifications_0.25_0.005_366	Singlet	pANN_0.25_0.005_366	0.13953488372093
HRA003620_ATGCGATCACACCAGC-1_1	HRA003620_NC-27	HRA003620	DF.classifications_0.25_0.005_366	Singlet	pANN_0.25_0.005_366	0.186046511627907
HRA003620_ATGCGATTCGGTAGAG-1_1	HRA003620_NC-27	HRA003620	DF.classifications_0.25_0.005_366	Singlet	pANN_0.25_0.005_366	0.13953488372093
HRA003620_ATGCGATTCTGACCCT-1_1	HRA003620_NC-27	HRA003620	DF.classifications_0.25_0.005_366	Doublet	pANN_0.25_0.005_366	0.441860465116279
HRA003620_ATGCGATTCTGTACAG-1_1	HRA003620_NC-27	HRA003620	DF.classifications_0.25_0.005_366	Singlet	pANN_0.25_0.005_366	0.186046511627907
HRA003620_ATGGAGGGTCAAGCGA-1_1	HRA003620_NC-27	HRA003620	DF.classifications_0.25_0.005_366	Singlet	pANN_0.25_0.005_366	0.395348837209302
HRA003620_ATGGAGGTCATGCAGT-1_1	HRA003620_NC-27	HRA003620	DF.classifications_0.25_0.005_366	Singlet	pANN_0.25_0.005_366	0.0697674418604651
HRA003620_ATGGATCCAACTCCCT-1_1	HRA003620_NC-27	HRA003620	DF.classifications_0.25_0.005_366	Singlet	pANN_0.25_0.005_366	0.0930232558139535
HRA003620_ATGGATCCATCCGGTG-1_1	HRA003620_NC-27	HRA003620	DF.classifications_0.25_0.005_366	Singlet	pANN_0.25_0.005_366	0.232558139534884
HRA003620_ATGGATCGTCTTTCTA-1_1	HRA003620_NC-27	HRA003620	DF.classifications_0.25_0.005_366	Singlet	pANN_0.25_0.005_366	0.209302325581395
HRA003620_ATGGATCGTGAGGCAT-1_1	HRA003620_NC-27	HRA003620	DF.classifications_0.25_0.005_366	Singlet	pANN_0.25_0.005_366	0.0697674418604651
HRA003620_ATGGATCGTTGCTCAA-1_1	HRA003620_NC-27	HRA003620	DF.classifications_0.25_0.005_366	Singlet	pANN_0.25_0.005_366	0.0232558139534884
HRA003620_ATGGATCGTTGGAGAC-1_1	HRA003620_NC-27	HRA003620	DF.classifications_0.25_0.005_366	Singlet	pANN_0.25_0.005_366	0.0232558139534884
HRA003620_ATGGATCTCAAGCCCG-1_1	HRA003620_NC-27	HRA003620	DF.classifications_0.25_0.005_366	Singlet	pANN_0.25_0.005_366	0.186046511627907
HRA003620_ATGGATCTCAGCGCAC-1_1	HRA003620_NC-27	HRA003620	DF.classifications_0.25_0.005_366	Singlet	pANN_0.25_0.005_366	0.325581395348837
HRA003620_ATGGATCTCGCAATGT-1_1	HRA003620_NC-27	HRA003620	DF.classifications_0.25_0.005_366	Singlet	pANN_0.25_0.005_366	0.0697674418604651
HRA003620_ATGGGAGAGCATGCAG-1_1	HRA003620_NC-27	HRA003620	DF.classifications_0.25_0.005_366	Singlet	pANN_0.25_0.005_366	0.0930232558139535
HRA003620_ATGGGAGAGCTGAAGC-1_1	HRA003620_NC-27	HRA003620	DF.classifications_0.25_0.005_366	Singlet	pANN_0.25_0.005_366	0.162790697674419
HRA003620_ATGGGAGCACGCAAAG-1_1	HRA003620_NC-27	HRA003620	DF.classifications_0.25_0.005_366	Singlet	pANN_0.25_0.005_366	0.255813953488372
HRA003620_ATGGGAGCATAGGTTC-1_1	HRA003620_NC-27	HRA003620	DF.classifications_0.25_0.005_366	Singlet	pANN_0.25_0.005_366	0.348837209302326
HRA003620_ATGGGAGCATCCTGTC-1_1	HRA003620_NC-27	HRA003620	DF.classifications_0.25_0.005_366	Singlet	pANN_0.25_0.005_366	0.186046511627907
HRA003620_ATGGGAGTCTATACGG-1_1	HRA003620_NC-27	HRA003620	DF.classifications_0.25_0.005_366	Singlet	pANN_0.25_0.005_366	0.162790697674419
HRA003620_ATGGGAGTCTGTCTCG-1_1	HRA003620_NC-27	HRA003620	DF.classifications_0.25_0.005_366	Singlet	pANN_0.25_0.005_366	0.372093023255814
HRA003620_ATGGGTTAGCCTGTGC-1_1	HRA003620_NC-27	HRA003620	DF.classifications_0.25_0.005_366	Singlet	pANN_0.25_0.005_366	0.162790697674419
HRA003620_ATGGGTTGTCGAACAG-1_1	HRA003620_NC-27	HRA003620	DF.classifications_0.25_0.005_366	Singlet	pANN_0.25_0.005_366	0.162790697674419
HRA003620_ATGGGTTGTGTTGAGG-1_1	HRA003620_NC-27	HRA003620	DF.classifications_0.25_0.005_366	Singlet	pANN_0.25_0.005_366	0.325581395348837
HRA003620_ATGGGTTTCAGCCTCT-1_1	HRA003620_NC-27	HRA003620	DF.classifications_0.25_0.005_366	Singlet	pANN_0.25_0.005_366	0.325581395348837
HRA003620_ATGGGTTTCTCATAGG-1_1	HRA003620_NC-27	HRA003620	DF.classifications_0.25_0.005_366	Singlet	pANN_0.25_0.005_366	0.116279069767442
HRA003620_ATGGTTGAGTGTAGAT-1_1	HRA003620_NC-27	HRA003620	DF.classifications_0.25_0.005_366	Doublet	pANN_0.25_0.005_366	0.488372093023256
HRA003620_ATGGTTGAGTTGGAAT-1_1	HRA003620_NC-27	HRA003620	DF.classifications_0.25_0.005_366	Singlet	pANN_0.25_0.005_366	0.116279069767442
HRA003620_ATGGTTGCAATGCAAA-1_1	HRA003620_NC-27	HRA003620	DF.classifications_0.25_0.005_366	Singlet	pANN_0.25_0.005_366	0.162790697674419
HRA003620_ATGGTTGCATTGACAC-1_1	HRA003620_NC-27	HRA003620	DF.classifications_0.25_0.005_366	Singlet	pANN_0.25_0.005_366	0.0232558139534884
HRA003620_ATGGTTGGTGTTCATG-1_1	HRA003620_NC-27	HRA003620	DF.classifications_0.25_0.005_366	Singlet	pANN_0.25_0.005_366	0.0232558139534884
HRA003620_ATGGTTGTCAGTCATG-1_1	HRA003620_NC-27	HRA003620	DF.classifications_0.25_0.005_366	Singlet	pANN_0.25_0.005_366	0.209302325581395
HRA003620_ATGGTTGTCTGGTGGC-1_1	HRA003620_NC-27	HRA003620	DF.classifications_0.25_0.005_366	Singlet	pANN_0.25_0.005_366	0.209302325581395
HRA003620_ATGTCCCAGGTCGAGT-1_1	HRA003620_NC-27	HRA003620	DF.classifications_0.25_0.005_366	Singlet	pANN_0.25_0.005_366	0.0697674418604651
HRA003620_ATGTCCCAGGTGCAGT-1_1	HRA003620_NC-27	HRA003620	DF.classifications_0.25_0.005_366	Singlet	pANN_0.25_0.005_366	0.162790697674419
HRA003620_ATGTCCCCAAGAGGTC-1_1	HRA003620_NC-27	HRA003620	DF.classifications_0.25_0.005_366	Singlet	pANN_0.25_0.005_366	0.372093023255814
HRA003620_ATGTCCCCACTGCGAC-1_1	HRA003620_NC-27	HRA003620	DF.classifications_0.25_0.005_366	Singlet	pANN_0.25_0.005_366	0.13953488372093
HRA003620_ATGTCCCCATAATCCG-1_1	HRA003620_NC-27	HRA003620	DF.classifications_0.25_0.005_366	Singlet	pANN_0.25_0.005_366	0.27906976744186
HRA003620_ATGTCCCCATCAGCTA-1_1	HRA003620_NC-27	HRA003620	DF.classifications_0.25_0.005_366	Singlet	pANN_0.25_0.005_366	0.0465116279069767
HRA003620_ATGTCCCCATGCCGAC-1_1	HRA003620_NC-27	HRA003620	DF.classifications_0.25_0.005_366	Singlet	pANN_0.25_0.005_366	0.325581395348837
HRA003620_ATGTCTTAGATAACAC-1_1	HRA003620_NC-27	HRA003620	DF.classifications_0.25_0.005_366	Singlet	pANN_0.25_0.005_366	0.116279069767442
HRA003620_ATGTCTTGTACGAGTG-1_1	HRA003620_NC-27	HRA003620	DF.classifications_0.25_0.005_366	Singlet	pANN_0.25_0.005_366	0.13953488372093
HRA003620_ATGTCTTGTTACGATC-1_1	HRA003620_NC-27	HRA003620	DF.classifications_0.25_0.005_366	Singlet	pANN_0.25_0.005_366	0.27906976744186
HRA003620_ATGTCTTTCAAGTTGC-1_1	HRA003620_NC-27	HRA003620	DF.classifications_0.25_0.005_366	Singlet	pANN_0.25_0.005_366	0.116279069767442
HRA003620_ATTACCTAGACTACCT-1_1	HRA003620_NC-27	HRA003620	DF.classifications_0.25_0.005_366	Singlet	pANN_0.25_0.005_366	0.186046511627907
HRA003620_ATTACCTAGCACTCAT-1_1	HRA003620_NC-27	HRA003620	DF.classifications_0.25_0.005_366	Singlet	pANN_0.25_0.005_366	0.395348837209302
HRA003620_ATTACCTAGTAGGGTC-1_1	HRA003620_NC-27	HRA003620	DF.classifications_0.25_0.005_366	Singlet	pANN_0.25_0.005_366	0.186046511627907
HRA003620_ATTACCTCATTGCTTT-1_1	HRA003620_NC-27	HRA003620	DF.classifications_0.25_0.005_366	Singlet	pANN_0.25_0.005_366	0.27906976744186
HRA003620_ATTACCTTCACAGAGG-1_1	HRA003620_NC-27	HRA003620	DF.classifications_0.25_0.005_366	Doublet	pANN_0.25_0.005_366	0.534883720930233
HRA003620_ATTACCTTCCCTCTTT-1_1	HRA003620_NC-27	HRA003620	DF.classifications_0.25_0.005_366	Singlet	pANN_0.25_0.005_366	0.116279069767442
HRA003620_ATTACTCAGATAGTCA-1_1	HRA003620_NC-27	HRA003620	DF.classifications_0.25_0.005_366	Singlet	pANN_0.25_0.005_366	0.255813953488372
HRA003620_ATTACTCCATGTACGT-1_1	HRA003620_NC-27	HRA003620	DF.classifications_0.25_0.005_366	Singlet	pANN_0.25_0.005_366	0
HRA003620_ATTACTCCATTGCCTC-1_1	HRA003620_NC-27	HRA003620	DF.classifications_0.25_0.005_366	Singlet	pANN_0.25_0.005_366	0.0465116279069767
HRA003620_ATTACTCGTGAGTAGC-1_1	HRA003620_NC-27	HRA003620	DF.classifications_0.25_0.005_366	Singlet	pANN_0.25_0.005_366	0
HRA003620_ATTACTCTCTAAACGC-1_1	HRA003620_NC-27	HRA003620	DF.classifications_0.25_0.005_366	Singlet	pANN_0.25_0.005_366	0.162790697674419
HRA003620_ATTACTCTCTGAACGT-1_1	HRA003620_NC-27	HRA003620	DF.classifications_0.25_0.005_366	Singlet	pANN_0.25_0.005_366	0.0930232558139535
HRA003620_ATTATCCAGATACCAA-1_1	HRA003620_NC-27	HRA003620	DF.classifications_0.25_0.005_366	Singlet	pANN_0.25_0.005_366	0.209302325581395
HRA003620_ATTATCCAGTTACGAA-1_1	HRA003620_NC-27	HRA003620	DF.classifications_0.25_0.005_366	Singlet	pANN_0.25_0.005_366	0.186046511627907
HRA003620_ATTATCCCAAATCGGG-1_1	HRA003620_NC-27	HRA003620	DF.classifications_0.25_0.005_366	Singlet	pANN_0.25_0.005_366	0.0465116279069767
HRA003620_ATTATCCCAACCGTGC-1_1	HRA003620_NC-27	HRA003620	DF.classifications_0.25_0.005_366	Singlet	pANN_0.25_0.005_366	0.13953488372093
HRA003620_ATTATCCCACTGTTCC-1_1	HRA003620_NC-27	HRA003620	DF.classifications_0.25_0.005_366	Singlet	pANN_0.25_0.005_366	0.232558139534884
HRA003620_ATTATCCCATCTCAAG-1_1	HRA003620_NC-27	HRA003620	DF.classifications_0.25_0.005_366	Singlet	pANN_0.25_0.005_366	0.13953488372093
HRA003620_ATTATCCTCGTGGACC-1_1	HRA003620_NC-27	HRA003620	DF.classifications_0.25_0.005_366	Singlet	pANN_0.25_0.005_366	0.325581395348837
HRA003620_ATTATCCTCTCCCATG-1_1	HRA003620_NC-27	HRA003620	DF.classifications_0.25_0.005_366	Singlet	pANN_0.25_0.005_366	0.27906976744186
HRA003620_ATTCACTAGCAGCGAT-1_1	HRA003620_NC-27	HRA003620	DF.classifications_0.25_0.005_366	Singlet	pANN_0.25_0.005_366	0
HRA003620_ATTCACTAGTGATAGT-1_1	HRA003620_NC-27	HRA003620	DF.classifications_0.25_0.005_366	Singlet	pANN_0.25_0.005_366	0
HRA003620_ATTCACTAGTTGGCGA-1_1	HRA003620_NC-27	HRA003620	DF.classifications_0.25_0.005_366	Singlet	pANN_0.25_0.005_366	0.325581395348837
HRA003620_ATTCACTGTCAAGCGA-1_1	HRA003620_NC-27	HRA003620	DF.classifications_0.25_0.005_366	Singlet	pANN_0.25_0.005_366	0.0697674418604651
HRA003620_ATTCACTGTCACTAGT-1_1	HRA003620_NC-27	HRA003620	DF.classifications_0.25_0.005_366	Singlet	pANN_0.25_0.005_366	0.0930232558139535
HRA003620_ATTCACTGTTTCTATC-1_1	HRA003620_NC-27	HRA003620	DF.classifications_0.25_0.005_366	Singlet	pANN_0.25_0.005_366	0.13953488372093
HRA003620_ATTCACTTCAAGTGTC-1_1	HRA003620_NC-27	HRA003620	DF.classifications_0.25_0.005_366	Singlet	pANN_0.25_0.005_366	0
HRA003620_ATTCACTTCCCAGCGA-1_1	HRA003620_NC-27	HRA003620	DF.classifications_0.25_0.005_366	Singlet	pANN_0.25_0.005_366	0.13953488372093
HRA003620_ATTCAGGCAGGGAATC-1_1	HRA003620_NC-27	HRA003620	DF.classifications_0.25_0.005_366	Singlet	pANN_0.25_0.005_366	0.0232558139534884
HRA003620_ATTCAGGCATATCTCT-1_1	HRA003620_NC-27	HRA003620	DF.classifications_0.25_0.005_366	Singlet	pANN_0.25_0.005_366	0.0465116279069767
HRA003620_ATTCAGGGTGAATTAG-1_1	HRA003620_NC-27	HRA003620	DF.classifications_0.25_0.005_366	Singlet	pANN_0.25_0.005_366	0.302325581395349
HRA003620_ATTCAGGGTGTACGCC-1_1	HRA003620_NC-27	HRA003620	DF.classifications_0.25_0.005_366	Singlet	pANN_0.25_0.005_366	0.13953488372093
HRA003620_ATTCAGGGTTCAACGT-1_1	HRA003620_NC-27	HRA003620	DF.classifications_0.25_0.005_366	Singlet	pANN_0.25_0.005_366	0.0465116279069767
HRA003620_ATTCAGGTCCTTACCG-1_1	HRA003620_NC-27	HRA003620	DF.classifications_0.25_0.005_366	Singlet	pANN_0.25_0.005_366	0.0465116279069767
HRA003620_ATTCATCAGACTTAAG-1_1	HRA003620_NC-27	HRA003620	DF.classifications_0.25_0.005_366	Singlet	pANN_0.25_0.005_366	0.186046511627907
HRA003620_ATTCATCCAGGCACTC-1_1	HRA003620_NC-27	HRA003620	DF.classifications_0.25_0.005_366	Singlet	pANN_0.25_0.005_366	0.0465116279069767
HRA003620_ATTCATCGTCCATCTC-1_1	HRA003620_NC-27	HRA003620	DF.classifications_0.25_0.005_366	Singlet	pANN_0.25_0.005_366	0.0697674418604651
HRA003620_ATTCATCTCCTCTGCA-1_1	HRA003620_NC-27	HRA003620	DF.classifications_0.25_0.005_366	Singlet	pANN_0.25_0.005_366	0.13953488372093
HRA003620_ATTCATCTCGTCGCTT-1_1	HRA003620_NC-27	HRA003620	DF.classifications_0.25_0.005_366	Singlet	pANN_0.25_0.005_366	0.116279069767442
HRA003620_ATTCCATAGAGAACCC-1_1	HRA003620_NC-27	HRA003620	DF.classifications_0.25_0.005_366	Singlet	pANN_0.25_0.005_366	0.116279069767442
HRA003620_ATTCCATCAGAAACCG-1_1	HRA003620_NC-27	HRA003620	DF.classifications_0.25_0.005_366	Singlet	pANN_0.25_0.005_366	0.302325581395349
HRA003620_ATTCCATCAGCGACAA-1_1	HRA003620_NC-27	HRA003620	DF.classifications_0.25_0.005_366	Singlet	pANN_0.25_0.005_366	0.255813953488372
HRA003620_ATTCCATCATAAGCGG-1_1	HRA003620_NC-27	HRA003620	DF.classifications_0.25_0.005_366	Singlet	pANN_0.25_0.005_366	0.302325581395349
HRA003620_ATTCCATTCTGGAGAG-1_1	HRA003620_NC-27	HRA003620	DF.classifications_0.25_0.005_366	Singlet	pANN_0.25_0.005_366	0.0930232558139535
HRA003620_ATTCCCGAGAGCCTGA-1_1	HRA003620_NC-27	HRA003620	DF.classifications_0.25_0.005_366	Singlet	pANN_0.25_0.005_366	0.116279069767442
HRA003620_ATTCCCGAGGCTTCCG-1_1	HRA003620_NC-27	HRA003620	DF.classifications_0.25_0.005_366	Singlet	pANN_0.25_0.005_366	0.325581395348837
HRA003620_ATTCCCGCACAACATC-1_1	HRA003620_NC-27	HRA003620	DF.classifications_0.25_0.005_366	Doublet	pANN_0.25_0.005_366	0.511627906976744
HRA003620_ATTCCCGTCAACGAGG-1_1	HRA003620_NC-27	HRA003620	DF.classifications_0.25_0.005_366	Singlet	pANN_0.25_0.005_366	0.162790697674419
HRA003620_ATTCCCGTCATCACTT-1_1	HRA003620_NC-27	HRA003620	DF.classifications_0.25_0.005_366	Singlet	pANN_0.25_0.005_366	0.116279069767442
HRA003620_ATTCCCGTCATGGAGG-1_1	HRA003620_NC-27	HRA003620	DF.classifications_0.25_0.005_366	Singlet	pANN_0.25_0.005_366	0.116279069767442
HRA003620_ATTCCCGTCGGTCACG-1_1	HRA003620_NC-27	HRA003620	DF.classifications_0.25_0.005_366	Singlet	pANN_0.25_0.005_366	0.186046511627907
HRA003620_ATTCCCGTCTATGCCC-1_1	HRA003620_NC-27	HRA003620	DF.classifications_0.25_0.005_366	Singlet	pANN_0.25_0.005_366	0.0930232558139535
HRA003620_ATTCCTAAGAGCAAGA-1_1	HRA003620_NC-27	HRA003620	DF.classifications_0.25_0.005_366	Singlet	pANN_0.25_0.005_366	0.0232558139534884
HRA003620_ATTCCTAAGGTTTACC-1_1	HRA003620_NC-27	HRA003620	DF.classifications_0.25_0.005_366	Singlet	pANN_0.25_0.005_366	0.232558139534884
HRA003620_ATTCCTACACATGTTG-1_1	HRA003620_NC-27	HRA003620	DF.classifications_0.25_0.005_366	Singlet	pANN_0.25_0.005_366	0.232558139534884
HRA003620_ATTCCTACACCGGTCA-1_1	HRA003620_NC-27	HRA003620	DF.classifications_0.25_0.005_366	Singlet	pANN_0.25_0.005_366	0.162790697674419
HRA003620_ATTCCTACATGCCGCA-1_1	HRA003620_NC-27	HRA003620	DF.classifications_0.25_0.005_366	Singlet	pANN_0.25_0.005_366	0.232558139534884
HRA003620_ATTCCTAGTTGGGTAG-1_1	HRA003620_NC-27	HRA003620	DF.classifications_0.25_0.005_366	Singlet	pANN_0.25_0.005_366	0
HRA003620_ATTCCTATCACTGGGC-1_1	HRA003620_NC-27	HRA003620	DF.classifications_0.25_0.005_366	Singlet	pANN_0.25_0.005_366	0.0930232558139535
HRA003620_ATTCGTTAGGTATCTC-1_1	HRA003620_NC-27	HRA003620	DF.classifications_0.25_0.005_366	Singlet	pANN_0.25_0.005_366	0.255813953488372
HRA003620_ATTCGTTCAACTTCTT-1_1	HRA003620_NC-27	HRA003620	DF.classifications_0.25_0.005_366	Singlet	pANN_0.25_0.005_366	0.116279069767442
HRA003620_ATTCGTTCACAACATC-1_1	HRA003620_NC-27	HRA003620	DF.classifications_0.25_0.005_366	Singlet	pANN_0.25_0.005_366	0.0930232558139535
HRA003620_ATTCGTTGTCAGCTTA-1_1	HRA003620_NC-27	HRA003620	DF.classifications_0.25_0.005_366	Singlet	pANN_0.25_0.005_366	0.186046511627907
HRA003620_ATTCGTTTCGCCGTGA-1_1	HRA003620_NC-27	HRA003620	DF.classifications_0.25_0.005_366	Singlet	pANN_0.25_0.005_366	0.302325581395349
HRA003620_ATTCTTGCAACACAAA-1_1	HRA003620_NC-27	HRA003620	DF.classifications_0.25_0.005_366	Singlet	pANN_0.25_0.005_366	0
HRA003620_ATTCTTGCATTGCCTC-1_1	HRA003620_NC-27	HRA003620	DF.classifications_0.25_0.005_366	Singlet	pANN_0.25_0.005_366	0.0465116279069767
HRA003620_ATTCTTGGTTGCGGAA-1_1	HRA003620_NC-27	HRA003620	DF.classifications_0.25_0.005_366	Singlet	pANN_0.25_0.005_366	0.116279069767442
HRA003620_ATTCTTGTCGTTGTAG-1_1	HRA003620_NC-27	HRA003620	DF.classifications_0.25_0.005_366	Singlet	pANN_0.25_0.005_366	0.325581395348837
HRA003620_ATTCTTGTCTCACCCA-1_1	HRA003620_NC-27	HRA003620	DF.classifications_0.25_0.005_366	Singlet	pANN_0.25_0.005_366	0.209302325581395
HRA003620_ATTGGGTAGGGTGAGG-1_1	HRA003620_NC-27	HRA003620	DF.classifications_0.25_0.005_366	Singlet	pANN_0.25_0.005_366	0.186046511627907
HRA003620_ATTGGGTGTTATGGTC-1_1	HRA003620_NC-27	HRA003620	DF.classifications_0.25_0.005_366	Singlet	pANN_0.25_0.005_366	0.0930232558139535
HRA003620_ATTGGGTTCGACATTG-1_1	HRA003620_NC-27	HRA003620	DF.classifications_0.25_0.005_366	Singlet	pANN_0.25_0.005_366	0.325581395348837
HRA003620_ATTGTTCAGAGCTGCA-1_1	HRA003620_NC-27	HRA003620	DF.classifications_0.25_0.005_366	Singlet	pANN_0.25_0.005_366	0.325581395348837
HRA003620_ATTGTTCAGCTGGAGT-1_1	HRA003620_NC-27	HRA003620	DF.classifications_0.25_0.005_366	Doublet	pANN_0.25_0.005_366	0.465116279069767
HRA003620_ATTGTTCAGGTTCAGG-1_1	HRA003620_NC-27	HRA003620	DF.classifications_0.25_0.005_366	Singlet	pANN_0.25_0.005_366	0.162790697674419
HRA003620_ATTGTTCAGTGAGGCT-1_1	HRA003620_NC-27	HRA003620	DF.classifications_0.25_0.005_366	Doublet	pANN_0.25_0.005_366	0.697674418604651
HRA003620_ATTGTTCGTATTGACC-1_1	HRA003620_NC-27	HRA003620	DF.classifications_0.25_0.005_366	Singlet	pANN_0.25_0.005_366	0.27906976744186
HRA003620_ATTGTTCGTCATCTAG-1_1	HRA003620_NC-27	HRA003620	DF.classifications_0.25_0.005_366	Singlet	pANN_0.25_0.005_366	0.372093023255814
HRA003620_ATTGTTCGTCGTTATG-1_1	HRA003620_NC-27	HRA003620	DF.classifications_0.25_0.005_366	Singlet	pANN_0.25_0.005_366	0.232558139534884
HRA003620_ATTGTTCGTCTTAGTG-1_1	HRA003620_NC-27	HRA003620	DF.classifications_0.25_0.005_366	Singlet	pANN_0.25_0.005_366	0.0465116279069767
HRA003620_ATTGTTCTCATCTCTA-1_1	HRA003620_NC-27	HRA003620	DF.classifications_0.25_0.005_366	Singlet	pANN_0.25_0.005_366	0.255813953488372
HRA003620_ATTGTTCTCATGCCAA-1_1	HRA003620_NC-27	HRA003620	DF.classifications_0.25_0.005_366	Doublet	pANN_0.25_0.005_366	0.465116279069767
HRA003620_ATTGTTCTCGAAGCCC-1_1	HRA003620_NC-27	HRA003620	DF.classifications_0.25_0.005_366	Singlet	pANN_0.25_0.005_366	0.325581395348837
HRA003620_ATTTACCAGAACAGGA-1_1	HRA003620_NC-27	HRA003620	DF.classifications_0.25_0.005_366	Singlet	pANN_0.25_0.005_366	0.232558139534884
HRA003620_ATTTACCAGACGATAT-1_1	HRA003620_NC-27	HRA003620	DF.classifications_0.25_0.005_366	Singlet	pANN_0.25_0.005_366	0.116279069767442
HRA003620_ATTTACCAGAGGGTCT-1_1	HRA003620_NC-27	HRA003620	DF.classifications_0.25_0.005_366	Singlet	pANN_0.25_0.005_366	0.186046511627907
HRA003620_ATTTACCCACCCATAA-1_1	HRA003620_NC-27	HRA003620	DF.classifications_0.25_0.005_366	Singlet	pANN_0.25_0.005_366	0.0697674418604651
HRA003620_ATTTACCCACTCCGAG-1_1	HRA003620_NC-27	HRA003620	DF.classifications_0.25_0.005_366	Singlet	pANN_0.25_0.005_366	0.302325581395349
HRA003620_ATTTACCGTACCTATG-1_1	HRA003620_NC-27	HRA003620	DF.classifications_0.25_0.005_366	Singlet	pANN_0.25_0.005_366	0.0697674418604651
HRA003620_ATTTACCGTCGCTGCA-1_1	HRA003620_NC-27	HRA003620	DF.classifications_0.25_0.005_366	Singlet	pANN_0.25_0.005_366	0.186046511627907
HRA003620_ATTTACCTCATTACTC-1_1	HRA003620_NC-27	HRA003620	DF.classifications_0.25_0.005_366	Singlet	pANN_0.25_0.005_366	0.418604651162791
HRA003620_ATTTCACCAATTGGTC-1_1	HRA003620_NC-27	HRA003620	DF.classifications_0.25_0.005_366	Singlet	pANN_0.25_0.005_366	0.255813953488372
HRA003620_ATTTCACCATAAGATG-1_1	HRA003620_NC-27	HRA003620	DF.classifications_0.25_0.005_366	Singlet	pANN_0.25_0.005_366	0.209302325581395
HRA003620_ATTTCACCATCCTCAC-1_1	HRA003620_NC-27	HRA003620	DF.classifications_0.25_0.005_366	Singlet	pANN_0.25_0.005_366	0.348837209302326
HRA003620_ATTTCACGTATGACAA-1_1	HRA003620_NC-27	HRA003620	DF.classifications_0.25_0.005_366	Doublet	pANN_0.25_0.005_366	0.604651162790698
HRA003620_ATTTCACTCACGTAGT-1_1	HRA003620_NC-27	HRA003620	DF.classifications_0.25_0.005_366	Singlet	pANN_0.25_0.005_366	0.116279069767442
HRA003620_ATTTCACTCCATCCGT-1_1	HRA003620_NC-27	HRA003620	DF.classifications_0.25_0.005_366	Singlet	pANN_0.25_0.005_366	0.325581395348837
HRA003620_ATTTCACTCCTGGTCT-1_1	HRA003620_NC-27	HRA003620	DF.classifications_0.25_0.005_366	Doublet	pANN_0.25_0.005_366	0.558139534883721
HRA003620_ATTTCACTCTACTTCA-1_1	HRA003620_NC-27	HRA003620	DF.classifications_0.25_0.005_366	Singlet	pANN_0.25_0.005_366	0.209302325581395
HRA003620_ATTTCTGAGGTTACAA-1_1	HRA003620_NC-27	HRA003620	DF.classifications_0.25_0.005_366	Singlet	pANN_0.25_0.005_366	0.186046511627907
HRA003620_ATTTCTGAGTCGAGGT-1_1	HRA003620_NC-27	HRA003620	DF.classifications_0.25_0.005_366	Singlet	pANN_0.25_0.005_366	0.13953488372093
HRA003620_ATTTCTGAGTTGCTCA-1_1	HRA003620_NC-27	HRA003620	DF.classifications_0.25_0.005_366	Singlet	pANN_0.25_0.005_366	0.116279069767442
HRA003620_ATTTCTGGTACAACGG-1_1	HRA003620_NC-27	HRA003620	DF.classifications_0.25_0.005_366	Singlet	pANN_0.25_0.005_366	0.162790697674419
HRA003620_ATTTCTGGTCGCCACA-1_1	HRA003620_NC-27	HRA003620	DF.classifications_0.25_0.005_366	Singlet	pANN_0.25_0.005_366	0.186046511627907
HRA003620_ATTTCTGGTCTCACAA-1_1	HRA003620_NC-27	HRA003620	DF.classifications_0.25_0.005_366	Singlet	pANN_0.25_0.005_366	0.186046511627907
HRA003620_ATTTCTGGTTTCAGAC-1_1	HRA003620_NC-27	HRA003620	DF.classifications_0.25_0.005_366	Singlet	pANN_0.25_0.005_366	0.418604651162791
HRA003620_CAAAGAAAGGTAGCCA-1_1	HRA003620_NC-27	HRA003620	DF.classifications_0.25_0.005_366	Singlet	pANN_0.25_0.005_366	0.116279069767442
HRA003620_CAAAGAACAGTCGTTA-1_1	HRA003620_NC-27	HRA003620	DF.classifications_0.25_0.005_366	Singlet	pANN_0.25_0.005_366	0.209302325581395
HRA003620_CAAAGAAGTATCGAGG-1_1	HRA003620_NC-27	HRA003620	DF.classifications_0.25_0.005_366	Singlet	pANN_0.25_0.005_366	0.0232558139534884
HRA003620_CAAAGAAGTCACGTGC-1_1	HRA003620_NC-27	HRA003620	DF.classifications_0.25_0.005_366	Singlet	pANN_0.25_0.005_366	0.162790697674419
HRA003620_CAAAGAAGTCAGGCAA-1_1	HRA003620_NC-27	HRA003620	DF.classifications_0.25_0.005_366	Singlet	pANN_0.25_0.005_366	0.0697674418604651
HRA003620_CAAAGAAGTCCTTAAG-1_1	HRA003620_NC-27	HRA003620	DF.classifications_0.25_0.005_366	Singlet	pANN_0.25_0.005_366	0.27906976744186
HRA003620_CAAAGAAGTGGCCTCA-1_1	HRA003620_NC-27	HRA003620	DF.classifications_0.25_0.005_366	Singlet	pANN_0.25_0.005_366	0.0697674418604651
HRA003620_CAAAGAATCAGGGTAG-1_1	HRA003620_NC-27	HRA003620	DF.classifications_0.25_0.005_366	Singlet	pANN_0.25_0.005_366	0.0465116279069767
HRA003620_CAAAGAATCATTGAGC-1_1	HRA003620_NC-27	HRA003620	DF.classifications_0.25_0.005_366	Singlet	pANN_0.25_0.005_366	0.0697674418604651
HRA003620_CAACAACAGCTCCCTT-1_1	HRA003620_NC-27	HRA003620	DF.classifications_0.25_0.005_366	Singlet	pANN_0.25_0.005_366	0.13953488372093
HRA003620_CAACAACCACACTGGC-1_1	HRA003620_NC-27	HRA003620	DF.classifications_0.25_0.005_366	Singlet	pANN_0.25_0.005_366	0.186046511627907
HRA003620_CAACAACCACGCCACA-1_1	HRA003620_NC-27	HRA003620	DF.classifications_0.25_0.005_366	Singlet	pANN_0.25_0.005_366	0.302325581395349
HRA003620_CAACAACGTGGACCAA-1_1	HRA003620_NC-27	HRA003620	DF.classifications_0.25_0.005_366	Singlet	pANN_0.25_0.005_366	0.0465116279069767
HRA003620_CAACAACGTGGGACAT-1_1	HRA003620_NC-27	HRA003620	DF.classifications_0.25_0.005_366	Singlet	pANN_0.25_0.005_366	0.0930232558139535
HRA003620_CAACAACTCCGTTGGG-1_1	HRA003620_NC-27	HRA003620	DF.classifications_0.25_0.005_366	Singlet	pANN_0.25_0.005_366	0
HRA003620_CAACAGTAGGAAGTCC-1_1	HRA003620_NC-27	HRA003620	DF.classifications_0.25_0.005_366	Singlet	pANN_0.25_0.005_366	0.255813953488372
HRA003620_CAACAGTAGTACAGAT-1_1	HRA003620_NC-27	HRA003620	DF.classifications_0.25_0.005_366	Singlet	pANN_0.25_0.005_366	0.116279069767442
HRA003620_CAACAGTCAAGCTGCC-1_1	HRA003620_NC-27	HRA003620	DF.classifications_0.25_0.005_366	Singlet	pANN_0.25_0.005_366	0.116279069767442
HRA003620_CAACAGTCACAAAGTA-1_1	HRA003620_NC-27	HRA003620	DF.classifications_0.25_0.005_366	Singlet	pANN_0.25_0.005_366	0.255813953488372
HRA003620_CAACAGTGTACTCGTA-1_1	HRA003620_NC-27	HRA003620	DF.classifications_0.25_0.005_366	Singlet	pANN_0.25_0.005_366	0.325581395348837
HRA003620_CAACAGTTCAACCTCC-1_1	HRA003620_NC-27	HRA003620	DF.classifications_0.25_0.005_366	Singlet	pANN_0.25_0.005_366	0.0697674418604651
HRA003620_CAACAGTTCGCTGTCT-1_1	HRA003620_NC-27	HRA003620	DF.classifications_0.25_0.005_366	Singlet	pANN_0.25_0.005_366	0.0697674418604651
HRA003620_CAACCAAAGCTGAGCA-1_1	HRA003620_NC-27	HRA003620	DF.classifications_0.25_0.005_366	Singlet	pANN_0.25_0.005_366	0.209302325581395
HRA003620_CAACCAAAGGCTTTCA-1_1	HRA003620_NC-27	HRA003620	DF.classifications_0.25_0.005_366	Singlet	pANN_0.25_0.005_366	0.232558139534884
HRA003620_CAACCAAAGGTTATAG-1_1	HRA003620_NC-27	HRA003620	DF.classifications_0.25_0.005_366	Singlet	pANN_0.25_0.005_366	0.116279069767442
HRA003620_CAACCAAGTAGACAAT-1_1	HRA003620_NC-27	HRA003620	DF.classifications_0.25_0.005_366	Singlet	pANN_0.25_0.005_366	0.232558139534884
HRA003620_CAACCAATCATGGTAC-1_1	HRA003620_NC-27	HRA003620	DF.classifications_0.25_0.005_366	Singlet	pANN_0.25_0.005_366	0.186046511627907
HRA003620_CAACCAATCCTCTGCA-1_1	HRA003620_NC-27	HRA003620	DF.classifications_0.25_0.005_366	Singlet	pANN_0.25_0.005_366	0.325581395348837
HRA003620_CAACCAATCGTTGCCT-1_1	HRA003620_NC-27	HRA003620	DF.classifications_0.25_0.005_366	Singlet	pANN_0.25_0.005_366	0.116279069767442
HRA003620_CAACCTCCAAGAGGCT-1_1	HRA003620_NC-27	HRA003620	DF.classifications_0.25_0.005_366	Singlet	pANN_0.25_0.005_366	0.162790697674419
HRA003620_CAACCTCTCAAAGACA-1_1	HRA003620_NC-27	HRA003620	DF.classifications_0.25_0.005_366	Singlet	pANN_0.25_0.005_366	0.0232558139534884
HRA003620_CAACCTCTCTCTTAAC-1_1	HRA003620_NC-27	HRA003620	DF.classifications_0.25_0.005_366	Singlet	pANN_0.25_0.005_366	0.255813953488372
HRA003620_CAACGATCACTACGGC-1_1	HRA003620_NC-27	HRA003620	DF.classifications_0.25_0.005_366	Singlet	pANN_0.25_0.005_366	0.255813953488372
HRA003620_CAACGATCATATGGCT-1_1	HRA003620_NC-27	HRA003620	DF.classifications_0.25_0.005_366	Singlet	pANN_0.25_0.005_366	0.116279069767442
HRA003620_CAACGATGTAGCGTCC-1_1	HRA003620_NC-27	HRA003620	DF.classifications_0.25_0.005_366	Singlet	pANN_0.25_0.005_366	0.209302325581395
HRA003620_CAACGATGTCATGGCC-1_1	HRA003620_NC-27	HRA003620	DF.classifications_0.25_0.005_366	Singlet	pANN_0.25_0.005_366	0.209302325581395
HRA003620_CAACGGCAGTTTCGGT-1_1	HRA003620_NC-27	HRA003620	DF.classifications_0.25_0.005_366	Singlet	pANN_0.25_0.005_366	0.0465116279069767
HRA003620_CAACGGCCAAGATCCT-1_1	HRA003620_NC-27	HRA003620	DF.classifications_0.25_0.005_366	Singlet	pANN_0.25_0.005_366	0.162790697674419
HRA003620_CAACGGCCAGGCAATG-1_1	HRA003620_NC-27	HRA003620	DF.classifications_0.25_0.005_366	Singlet	pANN_0.25_0.005_366	0.13953488372093
HRA003620_CAACGGCCATACTGTG-1_1	HRA003620_NC-27	HRA003620	DF.classifications_0.25_0.005_366	Singlet	pANN_0.25_0.005_366	0.395348837209302
HRA003620_CAACGGCGTAGAATGT-1_1	HRA003620_NC-27	HRA003620	DF.classifications_0.25_0.005_366	Singlet	pANN_0.25_0.005_366	0.162790697674419
HRA003620_CAACGGCGTCTGTGGC-1_1	HRA003620_NC-27	HRA003620	DF.classifications_0.25_0.005_366	Singlet	pANN_0.25_0.005_366	0.13953488372093
HRA003620_CAACGGCTCATAGACC-1_1	HRA003620_NC-27	HRA003620	DF.classifications_0.25_0.005_366	Doublet	pANN_0.25_0.005_366	0.441860465116279
HRA003620_CAACGGCTCCGTAGGC-1_1	HRA003620_NC-27	HRA003620	DF.classifications_0.25_0.005_366	Singlet	pANN_0.25_0.005_366	0.209302325581395
HRA003620_CAACGGCTCTCAGGCG-1_1	HRA003620_NC-27	HRA003620	DF.classifications_0.25_0.005_366	Singlet	pANN_0.25_0.005_366	0.209302325581395
HRA003620_CAAGACTCACATATGC-1_1	HRA003620_NC-27	HRA003620	DF.classifications_0.25_0.005_366	Singlet	pANN_0.25_0.005_366	0.0232558139534884
HRA003620_CAAGACTCAGTTTCAG-1_1	HRA003620_NC-27	HRA003620	DF.classifications_0.25_0.005_366	Singlet	pANN_0.25_0.005_366	0.162790697674419
HRA003620_CAAGACTGTACTGGGA-1_1	HRA003620_NC-27	HRA003620	DF.classifications_0.25_0.005_366	Singlet	pANN_0.25_0.005_366	0.116279069767442
HRA003620_CAAGACTGTCCAGCAC-1_1	HRA003620_NC-27	HRA003620	DF.classifications_0.25_0.005_366	Singlet	pANN_0.25_0.005_366	0.0465116279069767
HRA003620_CAAGACTGTCGCATGC-1_1	HRA003620_NC-27	HRA003620	DF.classifications_0.25_0.005_366	Singlet	pANN_0.25_0.005_366	0.186046511627907
HRA003620_CAAGACTGTCGGATTT-1_1	HRA003620_NC-27	HRA003620	DF.classifications_0.25_0.005_366	Singlet	pANN_0.25_0.005_366	0.209302325581395
HRA003620_CAAGACTGTGTAAACA-1_1	HRA003620_NC-27	HRA003620	DF.classifications_0.25_0.005_366	Singlet	pANN_0.25_0.005_366	0.162790697674419
HRA003620_CAAGACTTCAGTGTCA-1_1	HRA003620_NC-27	HRA003620	DF.classifications_0.25_0.005_366	Singlet	pANN_0.25_0.005_366	0.186046511627907
HRA003620_CAAGACTTCGACACTA-1_1	HRA003620_NC-27	HRA003620	DF.classifications_0.25_0.005_366	Singlet	pANN_0.25_0.005_366	0.348837209302326
HRA003620_CAAGAGGAGTCATGAA-1_1	HRA003620_NC-27	HRA003620	DF.classifications_0.25_0.005_366	Singlet	pANN_0.25_0.005_366	0.209302325581395
HRA003620_CAAGAGGGTCAGACGA-1_1	HRA003620_NC-27	HRA003620	DF.classifications_0.25_0.005_366	Singlet	pANN_0.25_0.005_366	0.0465116279069767
HRA003620_CAAGAGGGTTAGGACG-1_1	HRA003620_NC-27	HRA003620	DF.classifications_0.25_0.005_366	Singlet	pANN_0.25_0.005_366	0.13953488372093
HRA003620_CAAGCTAAGGGCAGAG-1_1	HRA003620_NC-27	HRA003620	DF.classifications_0.25_0.005_366	Singlet	pANN_0.25_0.005_366	0.116279069767442
HRA003620_CAAGCTACAGTCGGTC-1_1	HRA003620_NC-27	HRA003620	DF.classifications_0.25_0.005_366	Singlet	pANN_0.25_0.005_366	0.162790697674419
HRA003620_CAAGCTACATGTGGCC-1_1	HRA003620_NC-27	HRA003620	DF.classifications_0.25_0.005_366	Singlet	pANN_0.25_0.005_366	0.0697674418604651
HRA003620_CAAGGGAAGGGCAACT-1_1	HRA003620_NC-27	HRA003620	DF.classifications_0.25_0.005_366	Singlet	pANN_0.25_0.005_366	0.186046511627907
HRA003620_CAAGGGACAAACTCGT-1_1	HRA003620_NC-27	HRA003620	DF.classifications_0.25_0.005_366	Doublet	pANN_0.25_0.005_366	0.581395348837209
HRA003620_CAAGGGAGTAGCGCTC-1_1	HRA003620_NC-27	HRA003620	DF.classifications_0.25_0.005_366	Singlet	pANN_0.25_0.005_366	0.209302325581395
HRA003620_CAAGGGAGTCATACCA-1_1	HRA003620_NC-27	HRA003620	DF.classifications_0.25_0.005_366	Singlet	pANN_0.25_0.005_366	0.209302325581395
HRA003620_CAAGGGAGTGCACATT-1_1	HRA003620_NC-27	HRA003620	DF.classifications_0.25_0.005_366	Singlet	pANN_0.25_0.005_366	0.186046511627907
HRA003620_CAAGGGATCCTACGGG-1_1	HRA003620_NC-27	HRA003620	DF.classifications_0.25_0.005_366	Singlet	pANN_0.25_0.005_366	0.0930232558139535
HRA003620_CAAGGGATCGGCTATA-1_1	HRA003620_NC-27	HRA003620	DF.classifications_0.25_0.005_366	Singlet	pANN_0.25_0.005_366	0.0465116279069767
HRA003620_CAAGGGATCTCGCCTA-1_1	HRA003620_NC-27	HRA003620	DF.classifications_0.25_0.005_366	Doublet	pANN_0.25_0.005_366	0.465116279069767
HRA003620_CAATACGAGGTATAGT-1_1	HRA003620_NC-27	HRA003620	DF.classifications_0.25_0.005_366	Singlet	pANN_0.25_0.005_366	0.13953488372093
HRA003620_CAATACGGTCCGGATC-1_1	HRA003620_NC-27	HRA003620	DF.classifications_0.25_0.005_366	Singlet	pANN_0.25_0.005_366	0.255813953488372
HRA003620_CAATACGGTGCCGGTT-1_1	HRA003620_NC-27	HRA003620	DF.classifications_0.25_0.005_366	Singlet	pANN_0.25_0.005_366	0
HRA003620_CAATACGTCCTTTGAT-1_1	HRA003620_NC-27	HRA003620	DF.classifications_0.25_0.005_366	Singlet	pANN_0.25_0.005_366	0.116279069767442
HRA003620_CAATACGTCTCTCGAC-1_1	HRA003620_NC-27	HRA003620	DF.classifications_0.25_0.005_366	Singlet	pANN_0.25_0.005_366	0.186046511627907
HRA003620_CAATCGATCCACGGGT-1_1	HRA003620_NC-27	HRA003620	DF.classifications_0.25_0.005_366	Singlet	pANN_0.25_0.005_366	0.255813953488372
HRA003620_CAATGACAGTGTACAA-1_1	HRA003620_NC-27	HRA003620	DF.classifications_0.25_0.005_366	Singlet	pANN_0.25_0.005_366	0.13953488372093
HRA003620_CAATGACCAACCGTGC-1_1	HRA003620_NC-27	HRA003620	DF.classifications_0.25_0.005_366	Singlet	pANN_0.25_0.005_366	0.0930232558139535
HRA003620_CAATGACCACTAGGCC-1_1	HRA003620_NC-27	HRA003620	DF.classifications_0.25_0.005_366	Singlet	pANN_0.25_0.005_366	0.0232558139534884
HRA003620_CAATGACCATGTCAGT-1_1	HRA003620_NC-27	HRA003620	DF.classifications_0.25_0.005_366	Singlet	pANN_0.25_0.005_366	0.0930232558139535
HRA003620_CAATGACGTCTGCGCA-1_1	HRA003620_NC-27	HRA003620	DF.classifications_0.25_0.005_366	Singlet	pANN_0.25_0.005_366	0.255813953488372
HRA003620_CAATGACTCTAGACAC-1_1	HRA003620_NC-27	HRA003620	DF.classifications_0.25_0.005_366	Singlet	pANN_0.25_0.005_366	0.0465116279069767
HRA003620_CAATTTCAGGGCAACT-1_1	HRA003620_NC-27	HRA003620	DF.classifications_0.25_0.005_366	Singlet	pANN_0.25_0.005_366	0.209302325581395
HRA003620_CAATTTCAGGTCCGAA-1_1	HRA003620_NC-27	HRA003620	DF.classifications_0.25_0.005_366	Singlet	pANN_0.25_0.005_366	0.13953488372093
HRA003620_CAATTTCAGGTGCCAA-1_1	HRA003620_NC-27	HRA003620	DF.classifications_0.25_0.005_366	Doublet	pANN_0.25_0.005_366	0.488372093023256
HRA003620_CAATTTCAGTAGGCCA-1_1	HRA003620_NC-27	HRA003620	DF.classifications_0.25_0.005_366	Singlet	pANN_0.25_0.005_366	0.232558139534884
HRA003620_CAATTTCAGTATCCTG-1_1	HRA003620_NC-27	HRA003620	DF.classifications_0.25_0.005_366	Doublet	pANN_0.25_0.005_366	0.604651162790698
HRA003620_CAATTTCAGTCCCGGT-1_1	HRA003620_NC-27	HRA003620	DF.classifications_0.25_0.005_366	Singlet	pANN_0.25_0.005_366	0.209302325581395
HRA003620_CAATTTCCAATGAACA-1_1	HRA003620_NC-27	HRA003620	DF.classifications_0.25_0.005_366	Singlet	pANN_0.25_0.005_366	0.162790697674419
HRA003620_CAATTTCCACCCTAAA-1_1	HRA003620_NC-27	HRA003620	DF.classifications_0.25_0.005_366	Singlet	pANN_0.25_0.005_366	0.186046511627907
HRA003620_CAATTTCCAGTACTAC-1_1	HRA003620_NC-27	HRA003620	DF.classifications_0.25_0.005_366	Singlet	pANN_0.25_0.005_366	0.209302325581395
HRA003620_CAATTTCCATACCGTA-1_1	HRA003620_NC-27	HRA003620	DF.classifications_0.25_0.005_366	Singlet	pANN_0.25_0.005_366	0.325581395348837
HRA003620_CAATTTCGTACGAGCA-1_1	HRA003620_NC-27	HRA003620	DF.classifications_0.25_0.005_366	Singlet	pANN_0.25_0.005_366	0.0697674418604651
HRA003620_CAATTTCGTGAGCCAA-1_1	HRA003620_NC-27	HRA003620	DF.classifications_0.25_0.005_366	Singlet	pANN_0.25_0.005_366	0
HRA003620_CAATTTCGTGGACCTC-1_1	HRA003620_NC-27	HRA003620	DF.classifications_0.25_0.005_366	Singlet	pANN_0.25_0.005_366	0.0232558139534884
HRA003620_CAATTTCGTTGCTCAA-1_1	HRA003620_NC-27	HRA003620	DF.classifications_0.25_0.005_366	Singlet	pANN_0.25_0.005_366	0.232558139534884
HRA003620_CAATTTCTCATGCCCT-1_1	HRA003620_NC-27	HRA003620	DF.classifications_0.25_0.005_366	Singlet	pANN_0.25_0.005_366	0.302325581395349
HRA003620_CAATTTCTCTCCCATG-1_1	HRA003620_NC-27	HRA003620	DF.classifications_0.25_0.005_366	Singlet	pANN_0.25_0.005_366	0.162790697674419
HRA003620_CAATTTCTCTTTACAC-1_1	HRA003620_NC-27	HRA003620	DF.classifications_0.25_0.005_366	Singlet	pANN_0.25_0.005_366	0.0930232558139535
HRA003620_CACAACAAGAATACAC-1_1	HRA003620_NC-27	HRA003620	DF.classifications_0.25_0.005_366	Singlet	pANN_0.25_0.005_366	0.302325581395349
HRA003620_CACAACACAAATCAAG-1_1	HRA003620_NC-27	HRA003620	DF.classifications_0.25_0.005_366	Singlet	pANN_0.25_0.005_366	0.162790697674419
HRA003620_CACAACACACGGTAGA-1_1	HRA003620_NC-27	HRA003620	DF.classifications_0.25_0.005_366	Singlet	pANN_0.25_0.005_366	0.186046511627907
HRA003620_CACAACACACTGCGTG-1_1	HRA003620_NC-27	HRA003620	DF.classifications_0.25_0.005_366	Singlet	pANN_0.25_0.005_366	0.13953488372093
HRA003620_CACAACACAGAAACCG-1_1	HRA003620_NC-27	HRA003620	DF.classifications_0.25_0.005_366	Singlet	pANN_0.25_0.005_366	0.27906976744186
HRA003620_CACAACAGTCGGCCTA-1_1	HRA003620_NC-27	HRA003620	DF.classifications_0.25_0.005_366	Singlet	pANN_0.25_0.005_366	0.186046511627907
HRA003620_CACAACATCAGAGTTC-1_1	HRA003620_NC-27	HRA003620	DF.classifications_0.25_0.005_366	Singlet	pANN_0.25_0.005_366	0.372093023255814
HRA003620_CACACAAAGACATGCG-1_1	HRA003620_NC-27	HRA003620	DF.classifications_0.25_0.005_366	Singlet	pANN_0.25_0.005_366	0.372093023255814
HRA003620_CACACAAAGCACCGTC-1_1	HRA003620_NC-27	HRA003620	DF.classifications_0.25_0.005_366	Singlet	pANN_0.25_0.005_366	0.13953488372093
HRA003620_CACACAACAAGACAAT-1_1	HRA003620_NC-27	HRA003620	DF.classifications_0.25_0.005_366	Singlet	pANN_0.25_0.005_366	0.232558139534884
HRA003620_CACACAAGTGCCCACA-1_1	HRA003620_NC-27	HRA003620	DF.classifications_0.25_0.005_366	Singlet	pANN_0.25_0.005_366	0.162790697674419
HRA003620_CACACAATCCGCGGAT-1_1	HRA003620_NC-27	HRA003620	DF.classifications_0.25_0.005_366	Singlet	pANN_0.25_0.005_366	0
HRA003620_CACACAATCGCCAACG-1_1	HRA003620_NC-27	HRA003620	DF.classifications_0.25_0.005_366	Singlet	pANN_0.25_0.005_366	0.0930232558139535
HRA003620_CACAGATAGACTCGAG-1_1	HRA003620_NC-27	HRA003620	DF.classifications_0.25_0.005_366	Singlet	pANN_0.25_0.005_366	0.0232558139534884
HRA003620_CACAGATAGCCGTTAT-1_1	HRA003620_NC-27	HRA003620	DF.classifications_0.25_0.005_366	Singlet	pANN_0.25_0.005_366	0.27906976744186
HRA003620_CACAGATAGTATCCTG-1_1	HRA003620_NC-27	HRA003620	DF.classifications_0.25_0.005_366	Singlet	pANN_0.25_0.005_366	0.302325581395349
HRA003620_CACAGATCAATTCGTG-1_1	HRA003620_NC-27	HRA003620	DF.classifications_0.25_0.005_366	Singlet	pANN_0.25_0.005_366	0.372093023255814
HRA003620_CACAGATGTGGTTTAC-1_1	HRA003620_NC-27	HRA003620	DF.classifications_0.25_0.005_366	Singlet	pANN_0.25_0.005_366	0.0930232558139535
HRA003620_CACAGATGTTAGTCGT-1_1	HRA003620_NC-27	HRA003620	DF.classifications_0.25_0.005_366	Singlet	pANN_0.25_0.005_366	0.0930232558139535
HRA003620_CACAGATGTTTCTTAC-1_1	HRA003620_NC-27	HRA003620	DF.classifications_0.25_0.005_366	Singlet	pANN_0.25_0.005_366	0.0697674418604651
HRA003620_CACAGATTCCAGTGCG-1_1	HRA003620_NC-27	HRA003620	DF.classifications_0.25_0.005_366	Singlet	pANN_0.25_0.005_366	0.0232558139534884
HRA003620_CACAGATTCCTCATAT-1_1	HRA003620_NC-27	HRA003620	DF.classifications_0.25_0.005_366	Singlet	pANN_0.25_0.005_366	0.0930232558139535
HRA003620_CACAGATTCGTGGAAG-1_1	HRA003620_NC-27	HRA003620	DF.classifications_0.25_0.005_366	Singlet	pANN_0.25_0.005_366	0.186046511627907
HRA003620_CACAGATTCGTTCTCG-1_1	HRA003620_NC-27	HRA003620	DF.classifications_0.25_0.005_366	Doublet	pANN_0.25_0.005_366	0.534883720930233
HRA003620_CACAGATTCTAGACAC-1_1	HRA003620_NC-27	HRA003620	DF.classifications_0.25_0.005_366	Singlet	pANN_0.25_0.005_366	0.186046511627907
HRA003620_CACAGGCAGCGTATAA-1_1	HRA003620_NC-27	HRA003620	DF.classifications_0.25_0.005_366	Singlet	pANN_0.25_0.005_366	0.27906976744186
HRA003620_CACAGGCCACTCCGAG-1_1	HRA003620_NC-27	HRA003620	DF.classifications_0.25_0.005_366	Singlet	pANN_0.25_0.005_366	0.0465116279069767
HRA003620_CACAGGCCAGGACTAG-1_1	HRA003620_NC-27	HRA003620	DF.classifications_0.25_0.005_366	Singlet	pANN_0.25_0.005_366	0
HRA003620_CACAGGCCATGAATCC-1_1	HRA003620_NC-27	HRA003620	DF.classifications_0.25_0.005_366	Singlet	pANN_0.25_0.005_366	0.13953488372093
HRA003620_CACAGGCCATTGCCGG-1_1	HRA003620_NC-27	HRA003620	DF.classifications_0.25_0.005_366	Singlet	pANN_0.25_0.005_366	0
HRA003620_CACAGGCGTATGGAAT-1_1	HRA003620_NC-27	HRA003620	DF.classifications_0.25_0.005_366	Singlet	pANN_0.25_0.005_366	0.209302325581395
HRA003620_CACAGGCTCACGTCCT-1_1	HRA003620_NC-27	HRA003620	DF.classifications_0.25_0.005_366	Singlet	pANN_0.25_0.005_366	0.13953488372093
HRA003620_CACAGGCTCTGGAAGG-1_1	HRA003620_NC-27	HRA003620	DF.classifications_0.25_0.005_366	Singlet	pANN_0.25_0.005_366	0.348837209302326
HRA003620_CACATGAAGAGTCTGG-1_1	HRA003620_NC-27	HRA003620	DF.classifications_0.25_0.005_366	Singlet	pANN_0.25_0.005_366	0
HRA003620_CACATGACACTCCGAG-1_1	HRA003620_NC-27	HRA003620	DF.classifications_0.25_0.005_366	Singlet	pANN_0.25_0.005_366	0.27906976744186
HRA003620_CACATGACAGTAGTTC-1_1	HRA003620_NC-27	HRA003620	DF.classifications_0.25_0.005_366	Singlet	pANN_0.25_0.005_366	0.186046511627907
HRA003620_CACATGACATAGAGGC-1_1	HRA003620_NC-27	HRA003620	DF.classifications_0.25_0.005_366	Singlet	pANN_0.25_0.005_366	0.232558139534884
HRA003620_CACATGAGTCTGTGGC-1_1	HRA003620_NC-27	HRA003620	DF.classifications_0.25_0.005_366	Singlet	pANN_0.25_0.005_366	0.13953488372093
HRA003620_CACATGATCAGCGCAC-1_1	HRA003620_NC-27	HRA003620	DF.classifications_0.25_0.005_366	Singlet	pANN_0.25_0.005_366	0.348837209302326
HRA003620_CACATGATCTGTGCAA-1_1	HRA003620_NC-27	HRA003620	DF.classifications_0.25_0.005_366	Singlet	pANN_0.25_0.005_366	0.186046511627907
HRA003620_CACCAAAAGTCTCTGA-1_1	HRA003620_NC-27	HRA003620	DF.classifications_0.25_0.005_366	Singlet	pANN_0.25_0.005_366	0.0465116279069767
HRA003620_CACCAAACACTACAGT-1_1	HRA003620_NC-27	HRA003620	DF.classifications_0.25_0.005_366	Singlet	pANN_0.25_0.005_366	0.255813953488372
HRA003620_CACCAAAGTACGCGTC-1_1	HRA003620_NC-27	HRA003620	DF.classifications_0.25_0.005_366	Singlet	pANN_0.25_0.005_366	0.186046511627907
HRA003620_CACCAAAGTCGCGGTT-1_1	HRA003620_NC-27	HRA003620	DF.classifications_0.25_0.005_366	Singlet	pANN_0.25_0.005_366	0.0930232558139535
HRA003620_CACCGTTAGTTGCGAG-1_1	HRA003620_NC-27	HRA003620	DF.classifications_0.25_0.005_366	Singlet	pANN_0.25_0.005_366	0.232558139534884
HRA003620_CACCGTTCAAACGAGC-1_1	HRA003620_NC-27	HRA003620	DF.classifications_0.25_0.005_366	Singlet	pANN_0.25_0.005_366	0.162790697674419
HRA003620_CACCGTTCAACGTAAA-1_1	HRA003620_NC-27	HRA003620	DF.classifications_0.25_0.005_366	Singlet	pANN_0.25_0.005_366	0.116279069767442
HRA003620_CACCGTTCAAGCACCC-1_1	HRA003620_NC-27	HRA003620	DF.classifications_0.25_0.005_366	Singlet	pANN_0.25_0.005_366	0.162790697674419
HRA003620_CACCGTTCACCCAACG-1_1	HRA003620_NC-27	HRA003620	DF.classifications_0.25_0.005_366	Singlet	pANN_0.25_0.005_366	0.162790697674419
HRA003620_CACCGTTGTCGCACGT-1_1	HRA003620_NC-27	HRA003620	DF.classifications_0.25_0.005_366	Singlet	pANN_0.25_0.005_366	0.116279069767442
HRA003620_CACCGTTTCGACTCCT-1_1	HRA003620_NC-27	HRA003620	DF.classifications_0.25_0.005_366	Singlet	pANN_0.25_0.005_366	0.232558139534884
HRA003620_CACGAATAGACACACG-1_1	HRA003620_NC-27	HRA003620	DF.classifications_0.25_0.005_366	Singlet	pANN_0.25_0.005_366	0.186046511627907
HRA003620_CACGAATGTGTCCATA-1_1	HRA003620_NC-27	HRA003620	DF.classifications_0.25_0.005_366	Singlet	pANN_0.25_0.005_366	0.27906976744186
HRA003620_CACGAATTCAAGATAG-1_1	HRA003620_NC-27	HRA003620	DF.classifications_0.25_0.005_366	Singlet	pANN_0.25_0.005_366	0.0930232558139535
HRA003620_CACGAATTCATCACTT-1_1	HRA003620_NC-27	HRA003620	DF.classifications_0.25_0.005_366	Singlet	pANN_0.25_0.005_366	0.325581395348837
HRA003620_CACGAATTCTTTCCAA-1_1	HRA003620_NC-27	HRA003620	DF.classifications_0.25_0.005_366	Singlet	pANN_0.25_0.005_366	0.186046511627907
HRA003620_CACGGGTAGAAGTATC-1_1	HRA003620_NC-27	HRA003620	DF.classifications_0.25_0.005_366	Singlet	pANN_0.25_0.005_366	0.0465116279069767
HRA003620_CACGGGTGTCTAACGT-1_1	HRA003620_NC-27	HRA003620	DF.classifications_0.25_0.005_366	Singlet	pANN_0.25_0.005_366	0.0465116279069767
HRA003620_CACGGGTTCAAGTAAG-1_1	HRA003620_NC-27	HRA003620	DF.classifications_0.25_0.005_366	Doublet	pANN_0.25_0.005_366	0.744186046511628
HRA003620_CACGGGTTCCAGCTCT-1_1	HRA003620_NC-27	HRA003620	DF.classifications_0.25_0.005_366	Singlet	pANN_0.25_0.005_366	0
HRA003620_CACGGGTTCGCCATAA-1_1	HRA003620_NC-27	HRA003620	DF.classifications_0.25_0.005_366	Singlet	pANN_0.25_0.005_366	0.116279069767442
HRA003620_CACGGGTTCGCCGATG-1_1	HRA003620_NC-27	HRA003620	DF.classifications_0.25_0.005_366	Singlet	pANN_0.25_0.005_366	0.162790697674419
HRA003620_CACGTGGAGCTGTGCC-1_1	HRA003620_NC-27	HRA003620	DF.classifications_0.25_0.005_366	Singlet	pANN_0.25_0.005_366	0.162790697674419
HRA003620_CACGTGGCAACTACGT-1_1	HRA003620_NC-27	HRA003620	DF.classifications_0.25_0.005_366	Singlet	pANN_0.25_0.005_366	0.13953488372093
HRA003620_CACGTGGCAGAAGTTA-1_1	HRA003620_NC-27	HRA003620	DF.classifications_0.25_0.005_366	Singlet	pANN_0.25_0.005_366	0.13953488372093
HRA003620_CACGTGGCATCCTCAC-1_1	HRA003620_NC-27	HRA003620	DF.classifications_0.25_0.005_366	Singlet	pANN_0.25_0.005_366	0.116279069767442
HRA003620_CACGTGGGTCCAGGTC-1_1	HRA003620_NC-27	HRA003620	DF.classifications_0.25_0.005_366	Singlet	pANN_0.25_0.005_366	0
HRA003620_CACGTTCAGGCATCAG-1_1	HRA003620_NC-27	HRA003620	DF.classifications_0.25_0.005_366	Singlet	pANN_0.25_0.005_366	0.0930232558139535
HRA003620_CACGTTCAGTCATGCT-1_1	HRA003620_NC-27	HRA003620	DF.classifications_0.25_0.005_366	Singlet	pANN_0.25_0.005_366	0.186046511627907
HRA003620_CACGTTCCAAACTCTG-1_1	HRA003620_NC-27	HRA003620	DF.classifications_0.25_0.005_366	Singlet	pANN_0.25_0.005_366	0.255813953488372
HRA003620_CACGTTCGTAGATGTA-1_1	HRA003620_NC-27	HRA003620	DF.classifications_0.25_0.005_366	Singlet	pANN_0.25_0.005_366	0.186046511627907
HRA003620_CACGTTCTCACCTTAT-1_1	HRA003620_NC-27	HRA003620	DF.classifications_0.25_0.005_366	Singlet	pANN_0.25_0.005_366	0
HRA003620_CACGTTCTCACTTGGA-1_1	HRA003620_NC-27	HRA003620	DF.classifications_0.25_0.005_366	Singlet	pANN_0.25_0.005_366	0.186046511627907
HRA003620_CACTAAGAGAAATGGG-1_1	HRA003620_NC-27	HRA003620	DF.classifications_0.25_0.005_366	Singlet	pANN_0.25_0.005_366	0.27906976744186
HRA003620_CACTAAGCACCGGCTA-1_1	HRA003620_NC-27	HRA003620	DF.classifications_0.25_0.005_366	Singlet	pANN_0.25_0.005_366	0.0465116279069767
HRA003620_CACTAAGCACGCGTCA-1_1	HRA003620_NC-27	HRA003620	DF.classifications_0.25_0.005_366	Singlet	pANN_0.25_0.005_366	0.209302325581395
HRA003620_CACTAAGGTAAGGAGA-1_1	HRA003620_NC-27	HRA003620	DF.classifications_0.25_0.005_366	Singlet	pANN_0.25_0.005_366	0.186046511627907
HRA003620_CACTAAGGTAGGACCA-1_1	HRA003620_NC-27	HRA003620	DF.classifications_0.25_0.005_366	Singlet	pANN_0.25_0.005_366	0.0697674418604651
HRA003620_CACTAAGGTATCAGGG-1_1	HRA003620_NC-27	HRA003620	DF.classifications_0.25_0.005_366	Singlet	pANN_0.25_0.005_366	0.325581395348837
HRA003620_CACTAAGGTGCCTATA-1_1	HRA003620_NC-27	HRA003620	DF.classifications_0.25_0.005_366	Singlet	pANN_0.25_0.005_366	0.162790697674419
HRA003620_CACTAAGGTGTAACGG-1_1	HRA003620_NC-27	HRA003620	DF.classifications_0.25_0.005_366	Singlet	pANN_0.25_0.005_366	0.27906976744186
HRA003620_CACTAAGGTGTCACAT-1_1	HRA003620_NC-27	HRA003620	DF.classifications_0.25_0.005_366	Doublet	pANN_0.25_0.005_366	0.511627906976744
HRA003620_CACTAAGGTTTGAAAG-1_1	HRA003620_NC-27	HRA003620	DF.classifications_0.25_0.005_366	Singlet	pANN_0.25_0.005_366	0.209302325581395
HRA003620_CACTAAGTCATTTCGT-1_1	HRA003620_NC-27	HRA003620	DF.classifications_0.25_0.005_366	Singlet	pANN_0.25_0.005_366	0.325581395348837
HRA003620_CACTGAAAGAATTGTG-1_1	HRA003620_NC-27	HRA003620	DF.classifications_0.25_0.005_366	Singlet	pANN_0.25_0.005_366	0.0232558139534884
HRA003620_CACTGAAAGCCTCATA-1_1	HRA003620_NC-27	HRA003620	DF.classifications_0.25_0.005_366	Doublet	pANN_0.25_0.005_366	0.488372093023256
HRA003620_CACTGAAAGGGTGGGA-1_1	HRA003620_NC-27	HRA003620	DF.classifications_0.25_0.005_366	Singlet	pANN_0.25_0.005_366	0.232558139534884
HRA003620_CACTGAAGTAAGTAGT-1_1	HRA003620_NC-27	HRA003620	DF.classifications_0.25_0.005_366	Singlet	pANN_0.25_0.005_366	0.0930232558139535
HRA003620_CACTGAAGTCTGTAAC-1_1	HRA003620_NC-27	HRA003620	DF.classifications_0.25_0.005_366	Singlet	pANN_0.25_0.005_366	0.116279069767442
HRA003620_CACTGGGAGATACGAT-1_1	HRA003620_NC-27	HRA003620	DF.classifications_0.25_0.005_366	Singlet	pANN_0.25_0.005_366	0.116279069767442
HRA003620_CACTGGGAGGCTTAGG-1_1	HRA003620_NC-27	HRA003620	DF.classifications_0.25_0.005_366	Singlet	pANN_0.25_0.005_366	0.0465116279069767
HRA003620_CACTGGGCAGCCATTA-1_1	HRA003620_NC-27	HRA003620	DF.classifications_0.25_0.005_366	Singlet	pANN_0.25_0.005_366	0.302325581395349
HRA003620_CACTGGGGTACGTTCA-1_1	HRA003620_NC-27	HRA003620	DF.classifications_0.25_0.005_366	Singlet	pANN_0.25_0.005_366	0.0232558139534884
HRA003620_CACTGGGGTAGAATAC-1_1	HRA003620_NC-27	HRA003620	DF.classifications_0.25_0.005_366	Singlet	pANN_0.25_0.005_366	0.162790697674419
HRA003620_CACTGGGGTCCATACA-1_1	HRA003620_NC-27	HRA003620	DF.classifications_0.25_0.005_366	Doublet	pANN_0.25_0.005_366	0.441860465116279
HRA003620_CACTGGGTCACCATCC-1_1	HRA003620_NC-27	HRA003620	DF.classifications_0.25_0.005_366	Singlet	pANN_0.25_0.005_366	0.255813953488372
HRA003620_CACTGGGTCAGACCTA-1_1	HRA003620_NC-27	HRA003620	DF.classifications_0.25_0.005_366	Singlet	pANN_0.25_0.005_366	0.255813953488372
HRA003620_CACTGGGTCGCATAGT-1_1	HRA003620_NC-27	HRA003620	DF.classifications_0.25_0.005_366	Singlet	pANN_0.25_0.005_366	0.162790697674419
HRA003620_CACTGTCAGACGGATC-1_1	HRA003620_NC-27	HRA003620	DF.classifications_0.25_0.005_366	Singlet	pANN_0.25_0.005_366	0.232558139534884
HRA003620_CACTGTCAGAGGATCC-1_1	HRA003620_NC-27	HRA003620	DF.classifications_0.25_0.005_366	Singlet	pANN_0.25_0.005_366	0.162790697674419
HRA003620_CACTGTCCACTCCTGT-1_1	HRA003620_NC-27	HRA003620	DF.classifications_0.25_0.005_366	Singlet	pANN_0.25_0.005_366	0.116279069767442
HRA003620_CACTGTCGTAGCTTGT-1_1	HRA003620_NC-27	HRA003620	DF.classifications_0.25_0.005_366	Singlet	pANN_0.25_0.005_366	0.255813953488372
HRA003620_CACTGTCGTGAGCGAT-1_1	HRA003620_NC-27	HRA003620	DF.classifications_0.25_0.005_366	Singlet	pANN_0.25_0.005_366	0.13953488372093
HRA003620_CACTGTCGTTCCTAGA-1_1	HRA003620_NC-27	HRA003620	DF.classifications_0.25_0.005_366	Singlet	pANN_0.25_0.005_366	0.0465116279069767
HRA003620_CACTGTCTCCGATCTC-1_1	HRA003620_NC-27	HRA003620	DF.classifications_0.25_0.005_366	Singlet	pANN_0.25_0.005_366	0.0465116279069767
HRA003620_CACTTCGAGCCATGCC-1_1	HRA003620_NC-27	HRA003620	DF.classifications_0.25_0.005_366	Singlet	pANN_0.25_0.005_366	0.116279069767442
HRA003620_CACTTCGGTCATCCCT-1_1	HRA003620_NC-27	HRA003620	DF.classifications_0.25_0.005_366	Singlet	pANN_0.25_0.005_366	0.0232558139534884
HRA003620_CACTTCGGTGAATATG-1_1	HRA003620_NC-27	HRA003620	DF.classifications_0.25_0.005_366	Singlet	pANN_0.25_0.005_366	0.186046511627907
HRA003620_CACTTCGGTGTGACCC-1_1	HRA003620_NC-27	HRA003620	DF.classifications_0.25_0.005_366	Singlet	pANN_0.25_0.005_366	0.0232558139534884
HRA003620_CAGAGCCAGGATTTCC-1_1	HRA003620_NC-27	HRA003620	DF.classifications_0.25_0.005_366	Singlet	pANN_0.25_0.005_366	0.255813953488372
HRA003620_CAGAGCCCACAACGCC-1_1	HRA003620_NC-27	HRA003620	DF.classifications_0.25_0.005_366	Singlet	pANN_0.25_0.005_366	0.0232558139534884
HRA003620_CAGAGCCCAGACCATT-1_1	HRA003620_NC-27	HRA003620	DF.classifications_0.25_0.005_366	Singlet	pANN_0.25_0.005_366	0.13953488372093
HRA003620_CAGAGCCGTCGAAACG-1_1	HRA003620_NC-27	HRA003620	DF.classifications_0.25_0.005_366	Singlet	pANN_0.25_0.005_366	0.162790697674419
HRA003620_CAGAGCCTCGTTAGAC-1_1	HRA003620_NC-27	HRA003620	DF.classifications_0.25_0.005_366	Singlet	pANN_0.25_0.005_366	0.0930232558139535
HRA003620_CAGATACAGCACTAAA-1_1	HRA003620_NC-27	HRA003620	DF.classifications_0.25_0.005_366	Singlet	pANN_0.25_0.005_366	0.232558139534884
HRA003620_CAGATACAGCTAGCCC-1_1	HRA003620_NC-27	HRA003620	DF.classifications_0.25_0.005_366	Singlet	pANN_0.25_0.005_366	0.209302325581395
HRA003620_CAGATACCAGCAAGAC-1_1	HRA003620_NC-27	HRA003620	DF.classifications_0.25_0.005_366	Singlet	pANN_0.25_0.005_366	0
HRA003620_CAGATACGTCTAGATC-1_1	HRA003620_NC-27	HRA003620	DF.classifications_0.25_0.005_366	Singlet	pANN_0.25_0.005_366	0.162790697674419
HRA003620_CAGATACGTGTTCGAT-1_1	HRA003620_NC-27	HRA003620	DF.classifications_0.25_0.005_366	Singlet	pANN_0.25_0.005_366	0.186046511627907
HRA003620_CAGATACGTTAAGGAT-1_1	HRA003620_NC-27	HRA003620	DF.classifications_0.25_0.005_366	Singlet	pANN_0.25_0.005_366	0.0465116279069767
HRA003620_CAGATCAAGACAACAT-1_1	HRA003620_NC-27	HRA003620	DF.classifications_0.25_0.005_366	Singlet	pANN_0.25_0.005_366	0.209302325581395
HRA003620_CAGATCAAGGAGTCTG-1_1	HRA003620_NC-27	HRA003620	DF.classifications_0.25_0.005_366	Singlet	pANN_0.25_0.005_366	0
HRA003620_CAGATCACAAGCGCTC-1_1	HRA003620_NC-27	HRA003620	DF.classifications_0.25_0.005_366	Singlet	pANN_0.25_0.005_366	0.0232558139534884
HRA003620_CAGATCACAATTGCTG-1_1	HRA003620_NC-27	HRA003620	DF.classifications_0.25_0.005_366	Singlet	pANN_0.25_0.005_366	0.232558139534884
HRA003620_CAGATCAGTTCCATTT-1_1	HRA003620_NC-27	HRA003620	DF.classifications_0.25_0.005_366	Singlet	pANN_0.25_0.005_366	0.0697674418604651
HRA003620_CAGATCATCACCTTAT-1_1	HRA003620_NC-27	HRA003620	DF.classifications_0.25_0.005_366	Singlet	pANN_0.25_0.005_366	0.302325581395349
HRA003620_CAGATCATCAGGAAAT-1_1	HRA003620_NC-27	HRA003620	DF.classifications_0.25_0.005_366	Doublet	pANN_0.25_0.005_366	0.558139534883721
HRA003620_CAGATTGAGCTCCATA-1_1	HRA003620_NC-27	HRA003620	DF.classifications_0.25_0.005_366	Doublet	pANN_0.25_0.005_366	0.488372093023256
HRA003620_CAGATTGAGTATAACG-1_1	HRA003620_NC-27	HRA003620	DF.classifications_0.25_0.005_366	Singlet	pANN_0.25_0.005_366	0.162790697674419
HRA003620_CAGATTGCAAACTCGT-1_1	HRA003620_NC-27	HRA003620	DF.classifications_0.25_0.005_366	Singlet	pANN_0.25_0.005_366	0.302325581395349
HRA003620_CAGATTGCACTCCACT-1_1	HRA003620_NC-27	HRA003620	DF.classifications_0.25_0.005_366	Singlet	pANN_0.25_0.005_366	0.232558139534884
HRA003620_CAGATTGCATCATCTT-1_1	HRA003620_NC-27	HRA003620	DF.classifications_0.25_0.005_366	Singlet	pANN_0.25_0.005_366	0.255813953488372
HRA003620_CAGATTGTCAAACCCA-1_1	HRA003620_NC-27	HRA003620	DF.classifications_0.25_0.005_366	Singlet	pANN_0.25_0.005_366	0.116279069767442
HRA003620_CAGATTGTCGCTTGCT-1_1	HRA003620_NC-27	HRA003620	DF.classifications_0.25_0.005_366	Singlet	pANN_0.25_0.005_366	0.209302325581395
HRA003620_CAGATTGTCGGCAGTC-1_1	HRA003620_NC-27	HRA003620	DF.classifications_0.25_0.005_366	Singlet	pANN_0.25_0.005_366	0.209302325581395
HRA003620_CAGCAATAGTGGGAAA-1_1	HRA003620_NC-27	HRA003620	DF.classifications_0.25_0.005_366	Singlet	pANN_0.25_0.005_366	0.209302325581395
HRA003620_CAGCAATCATTGTCGA-1_1	HRA003620_NC-27	HRA003620	DF.classifications_0.25_0.005_366	Singlet	pANN_0.25_0.005_366	0
HRA003620_CAGCAATGTAGACACG-1_1	HRA003620_NC-27	HRA003620	DF.classifications_0.25_0.005_366	Singlet	pANN_0.25_0.005_366	0.186046511627907
HRA003620_CAGCAATGTCGATTTG-1_1	HRA003620_NC-27	HRA003620	DF.classifications_0.25_0.005_366	Singlet	pANN_0.25_0.005_366	0.0697674418604651
HRA003620_CAGCAATGTGCCCACA-1_1	HRA003620_NC-27	HRA003620	DF.classifications_0.25_0.005_366	Singlet	pANN_0.25_0.005_366	0.0465116279069767
HRA003620_CAGCAATTCGCAACAT-1_1	HRA003620_NC-27	HRA003620	DF.classifications_0.25_0.005_366	Singlet	pANN_0.25_0.005_366	0.162790697674419
HRA003620_CAGCACGCACTACACA-1_1	HRA003620_NC-27	HRA003620	DF.classifications_0.25_0.005_366	Singlet	pANN_0.25_0.005_366	0.162790697674419
HRA003620_CAGCACGTCATAGAGA-1_1	HRA003620_NC-27	HRA003620	DF.classifications_0.25_0.005_366	Singlet	pANN_0.25_0.005_366	0.162790697674419
HRA003620_CAGCACGTCATCGTAG-1_1	HRA003620_NC-27	HRA003620	DF.classifications_0.25_0.005_366	Singlet	pANN_0.25_0.005_366	0.255813953488372
HRA003620_CAGCAGCCACTCCTGT-1_1	HRA003620_NC-27	HRA003620	DF.classifications_0.25_0.005_366	Singlet	pANN_0.25_0.005_366	0.162790697674419
HRA003620_CAGCAGCCATGATCTG-1_1	HRA003620_NC-27	HRA003620	DF.classifications_0.25_0.005_366	Doublet	pANN_0.25_0.005_366	0.604651162790698
HRA003620_CAGCAGCGTTCTCCTG-1_1	HRA003620_NC-27	HRA003620	DF.classifications_0.25_0.005_366	Singlet	pANN_0.25_0.005_366	0.116279069767442
HRA003620_CAGCAGCGTTGAGGAC-1_1	HRA003620_NC-27	HRA003620	DF.classifications_0.25_0.005_366	Singlet	pANN_0.25_0.005_366	0.116279069767442
HRA003620_CAGCCAGAGGCAGGGA-1_1	HRA003620_NC-27	HRA003620	DF.classifications_0.25_0.005_366	Singlet	pANN_0.25_0.005_366	0.116279069767442
HRA003620_CAGCCAGCAACTCATG-1_1	HRA003620_NC-27	HRA003620	DF.classifications_0.25_0.005_366	Doublet	pANN_0.25_0.005_366	0.465116279069767
HRA003620_CAGCCAGCACAAACGG-1_1	HRA003620_NC-27	HRA003620	DF.classifications_0.25_0.005_366	Singlet	pANN_0.25_0.005_366	0.0232558139534884
HRA003620_CAGCCAGCACTGGCCA-1_1	HRA003620_NC-27	HRA003620	DF.classifications_0.25_0.005_366	Singlet	pANN_0.25_0.005_366	0.162790697674419
HRA003620_CAGCCAGGTATCACGT-1_1	HRA003620_NC-27	HRA003620	DF.classifications_0.25_0.005_366	Singlet	pANN_0.25_0.005_366	0.13953488372093
HRA003620_CAGCCAGGTCTACTGA-1_1	HRA003620_NC-27	HRA003620	DF.classifications_0.25_0.005_366	Doublet	pANN_0.25_0.005_366	0.465116279069767
HRA003620_CAGCCAGGTCTTCATT-1_1	HRA003620_NC-27	HRA003620	DF.classifications_0.25_0.005_366	Singlet	pANN_0.25_0.005_366	0.255813953488372
HRA003620_CAGCCAGTCCTTCAGC-1_1	HRA003620_NC-27	HRA003620	DF.classifications_0.25_0.005_366	Singlet	pANN_0.25_0.005_366	0.0697674418604651
HRA003620_CAGCCAGTCGTTGTGA-1_1	HRA003620_NC-27	HRA003620	DF.classifications_0.25_0.005_366	Singlet	pANN_0.25_0.005_366	0.0465116279069767
HRA003620_CAGCCAGTCTGCTGAA-1_1	HRA003620_NC-27	HRA003620	DF.classifications_0.25_0.005_366	Singlet	pANN_0.25_0.005_366	0.0930232558139535
HRA003620_CAGCGTGAGGCGAACT-1_1	HRA003620_NC-27	HRA003620	DF.classifications_0.25_0.005_366	Singlet	pANN_0.25_0.005_366	0.27906976744186
HRA003620_CAGCGTGAGGTTGAGC-1_1	HRA003620_NC-27	HRA003620	DF.classifications_0.25_0.005_366	Singlet	pANN_0.25_0.005_366	0.0697674418604651
HRA003620_CAGCGTGCAGTCGGTC-1_1	HRA003620_NC-27	HRA003620	DF.classifications_0.25_0.005_366	Singlet	pANN_0.25_0.005_366	0.0930232558139535
HRA003620_CAGCGTGGTCGCACGT-1_1	HRA003620_NC-27	HRA003620	DF.classifications_0.25_0.005_366	Singlet	pANN_0.25_0.005_366	0.232558139534884
HRA003620_CAGCGTGGTGAGCTCC-1_1	HRA003620_NC-27	HRA003620	DF.classifications_0.25_0.005_366	Singlet	pANN_0.25_0.005_366	0.372093023255814
HRA003620_CAGGCCAAGAGTCTTC-1_1	HRA003620_NC-27	HRA003620	DF.classifications_0.25_0.005_366	Singlet	pANN_0.25_0.005_366	0
HRA003620_CAGGCCACATTCTTCA-1_1	HRA003620_NC-27	HRA003620	DF.classifications_0.25_0.005_366	Doublet	pANN_0.25_0.005_366	0.441860465116279
HRA003620_CAGGCCAGTTAGAGAT-1_1	HRA003620_NC-27	HRA003620	DF.classifications_0.25_0.005_366	Singlet	pANN_0.25_0.005_366	0.116279069767442
HRA003620_CAGGGCTAGCCTGCCA-1_1	HRA003620_NC-27	HRA003620	DF.classifications_0.25_0.005_366	Singlet	pANN_0.25_0.005_366	0.116279069767442
HRA003620_CAGGGCTAGTGCAGGT-1_1	HRA003620_NC-27	HRA003620	DF.classifications_0.25_0.005_366	Singlet	pANN_0.25_0.005_366	0.0232558139534884
HRA003620_CAGGGCTGTCTTCTAT-1_1	HRA003620_NC-27	HRA003620	DF.classifications_0.25_0.005_366	Singlet	pANN_0.25_0.005_366	0.348837209302326
HRA003620_CAGGGCTTCTAACGCA-1_1	HRA003620_NC-27	HRA003620	DF.classifications_0.25_0.005_366	Singlet	pANN_0.25_0.005_366	0.162790697674419
HRA003620_CAGGTATGTGGGTTGA-1_1	HRA003620_NC-27	HRA003620	DF.classifications_0.25_0.005_366	Doublet	pANN_0.25_0.005_366	0.720930232558139
HRA003620_CAGGTATTCTAATTCC-1_1	HRA003620_NC-27	HRA003620	DF.classifications_0.25_0.005_366	Doublet	pANN_0.25_0.005_366	0.488372093023256
HRA003620_CAGGTATTCTCCAAGA-1_1	HRA003620_NC-27	HRA003620	DF.classifications_0.25_0.005_366	Singlet	pANN_0.25_0.005_366	0.186046511627907
HRA003620_CAGGTATTCTTTGCAT-1_1	HRA003620_NC-27	HRA003620	DF.classifications_0.25_0.005_366	Singlet	pANN_0.25_0.005_366	0.0465116279069767
HRA003620_CAGTGCGAGACTAAGT-1_1	HRA003620_NC-27	HRA003620	DF.classifications_0.25_0.005_366	Singlet	pANN_0.25_0.005_366	0.186046511627907
HRA003620_CAGTGCGAGCGCTTCG-1_1	HRA003620_NC-27	HRA003620	DF.classifications_0.25_0.005_366	Singlet	pANN_0.25_0.005_366	0
HRA003620_CAGTGCGAGCGTGCTC-1_1	HRA003620_NC-27	HRA003620	DF.classifications_0.25_0.005_366	Singlet	pANN_0.25_0.005_366	0.0465116279069767
HRA003620_CAGTGCGAGGGTATAT-1_1	HRA003620_NC-27	HRA003620	DF.classifications_0.25_0.005_366	Singlet	pANN_0.25_0.005_366	0.27906976744186
HRA003620_CAGTGCGAGGTGCCTC-1_1	HRA003620_NC-27	HRA003620	DF.classifications_0.25_0.005_366	Singlet	pANN_0.25_0.005_366	0
HRA003620_CAGTGCGCACTGGACC-1_1	HRA003620_NC-27	HRA003620	DF.classifications_0.25_0.005_366	Singlet	pANN_0.25_0.005_366	0.162790697674419
HRA003620_CAGTGCGGTCAACCAT-1_1	HRA003620_NC-27	HRA003620	DF.classifications_0.25_0.005_366	Singlet	pANN_0.25_0.005_366	0.0232558139534884
HRA003620_CAGTGCGTCCCATAGA-1_1	HRA003620_NC-27	HRA003620	DF.classifications_0.25_0.005_366	Singlet	pANN_0.25_0.005_366	0.162790697674419
HRA003620_CAGTTAGAGAAGTCTA-1_1	HRA003620_NC-27	HRA003620	DF.classifications_0.25_0.005_366	Singlet	pANN_0.25_0.005_366	0.13953488372093
HRA003620_CAGTTAGAGAGAGGTA-1_1	HRA003620_NC-27	HRA003620	DF.classifications_0.25_0.005_366	Singlet	pANN_0.25_0.005_366	0.232558139534884
HRA003620_CAGTTAGCAGAACCGA-1_1	HRA003620_NC-27	HRA003620	DF.classifications_0.25_0.005_366	Singlet	pANN_0.25_0.005_366	0.232558139534884
HRA003620_CAGTTAGGTCGGCACT-1_1	HRA003620_NC-27	HRA003620	DF.classifications_0.25_0.005_366	Singlet	pANN_0.25_0.005_366	0.0465116279069767
HRA003620_CAGTTAGGTGCTCTTC-1_1	HRA003620_NC-27	HRA003620	DF.classifications_0.25_0.005_366	Singlet	pANN_0.25_0.005_366	0.232558139534884
HRA003620_CAGTTAGGTGGAAATT-1_1	HRA003620_NC-27	HRA003620	DF.classifications_0.25_0.005_366	Singlet	pANN_0.25_0.005_366	0.255813953488372
HRA003620_CAGTTAGGTGTATTGC-1_1	HRA003620_NC-27	HRA003620	DF.classifications_0.25_0.005_366	Singlet	pANN_0.25_0.005_366	0.255813953488372
HRA003620_CAGTTCCAGACTTGTC-1_1	HRA003620_NC-27	HRA003620	DF.classifications_0.25_0.005_366	Singlet	pANN_0.25_0.005_366	0.0232558139534884
HRA003620_CAGTTCCAGATACAGT-1_1	HRA003620_NC-27	HRA003620	DF.classifications_0.25_0.005_366	Singlet	pANN_0.25_0.005_366	0.186046511627907
HRA003620_CAGTTCCAGGCATGGT-1_1	HRA003620_NC-27	HRA003620	DF.classifications_0.25_0.005_366	Singlet	pANN_0.25_0.005_366	0.255813953488372
HRA003620_CAGTTCCAGGGTTTCT-1_1	HRA003620_NC-27	HRA003620	DF.classifications_0.25_0.005_366	Singlet	pANN_0.25_0.005_366	0.0930232558139535
HRA003620_CAGTTCCAGTCATGCT-1_1	HRA003620_NC-27	HRA003620	DF.classifications_0.25_0.005_366	Singlet	pANN_0.25_0.005_366	0.255813953488372
HRA003620_CAGTTCCCAAAGCGTG-1_1	HRA003620_NC-27	HRA003620	DF.classifications_0.25_0.005_366	Singlet	pANN_0.25_0.005_366	0.209302325581395
HRA003620_CAGTTCCCACGGTGAA-1_1	HRA003620_NC-27	HRA003620	DF.classifications_0.25_0.005_366	Singlet	pANN_0.25_0.005_366	0.0697674418604651
HRA003620_CAGTTCCCATTGTCGA-1_1	HRA003620_NC-27	HRA003620	DF.classifications_0.25_0.005_366	Singlet	pANN_0.25_0.005_366	0.162790697674419
HRA003620_CAGTTCCGTCATCGGC-1_1	HRA003620_NC-27	HRA003620	DF.classifications_0.25_0.005_366	Singlet	pANN_0.25_0.005_366	0
HRA003620_CAGTTCCGTCTTGAGT-1_1	HRA003620_NC-27	HRA003620	DF.classifications_0.25_0.005_366	Singlet	pANN_0.25_0.005_366	0.0232558139534884
HRA003620_CAGTTCCTCGCAGTCG-1_1	HRA003620_NC-27	HRA003620	DF.classifications_0.25_0.005_366	Singlet	pANN_0.25_0.005_366	0.0232558139534884
HRA003620_CAGTTCCTCTACCAGA-1_1	HRA003620_NC-27	HRA003620	DF.classifications_0.25_0.005_366	Singlet	pANN_0.25_0.005_366	0.0930232558139535
HRA003620_CAGTTCCTCTTCGACC-1_1	HRA003620_NC-27	HRA003620	DF.classifications_0.25_0.005_366	Singlet	pANN_0.25_0.005_366	0.302325581395349
HRA003620_CATAAGCAGTTGCGCC-1_1	HRA003620_NC-27	HRA003620	DF.classifications_0.25_0.005_366	Singlet	pANN_0.25_0.005_366	0.0697674418604651
HRA003620_CATAAGCTCGTGGGAA-1_1	HRA003620_NC-27	HRA003620	DF.classifications_0.25_0.005_366	Singlet	pANN_0.25_0.005_366	0.0697674418604651
HRA003620_CATACAGAGAAGGCTC-1_1	HRA003620_NC-27	HRA003620	DF.classifications_0.25_0.005_366	Singlet	pANN_0.25_0.005_366	0.27906976744186
HRA003620_CATACAGAGCGTGCTC-1_1	HRA003620_NC-27	HRA003620	DF.classifications_0.25_0.005_366	Singlet	pANN_0.25_0.005_366	0
HRA003620_CATACAGCAGGTGTGA-1_1	HRA003620_NC-27	HRA003620	DF.classifications_0.25_0.005_366	Doublet	pANN_0.25_0.005_366	0.511627906976744
HRA003620_CATACAGGTACGACAG-1_1	HRA003620_NC-27	HRA003620	DF.classifications_0.25_0.005_366	Singlet	pANN_0.25_0.005_366	0.116279069767442
HRA003620_CATACAGGTAGGATAT-1_1	HRA003620_NC-27	HRA003620	DF.classifications_0.25_0.005_366	Singlet	pANN_0.25_0.005_366	0.232558139534884
HRA003620_CATACAGGTCGCTCGA-1_1	HRA003620_NC-27	HRA003620	DF.classifications_0.25_0.005_366	Singlet	pANN_0.25_0.005_366	0.232558139534884
HRA003620_CATACAGGTCTGTCAA-1_1	HRA003620_NC-27	HRA003620	DF.classifications_0.25_0.005_366	Singlet	pANN_0.25_0.005_366	0.186046511627907
HRA003620_CATACAGTCCGTCAAA-1_1	HRA003620_NC-27	HRA003620	DF.classifications_0.25_0.005_366	Doublet	pANN_0.25_0.005_366	0.674418604651163
HRA003620_CATACCCAGAAGCGAA-1_1	HRA003620_NC-27	HRA003620	DF.classifications_0.25_0.005_366	Singlet	pANN_0.25_0.005_366	0.255813953488372
HRA003620_CATACCCGTACTGGGA-1_1	HRA003620_NC-27	HRA003620	DF.classifications_0.25_0.005_366	Singlet	pANN_0.25_0.005_366	0.232558139534884
HRA003620_CATACCCTCATGCGGC-1_1	HRA003620_NC-27	HRA003620	DF.classifications_0.25_0.005_366	Singlet	pANN_0.25_0.005_366	0.116279069767442
HRA003620_CATACTTAGTGTACCT-1_1	HRA003620_NC-27	HRA003620	DF.classifications_0.25_0.005_366	Singlet	pANN_0.25_0.005_366	0.13953488372093
HRA003620_CATACTTCACATTCGA-1_1	HRA003620_NC-27	HRA003620	DF.classifications_0.25_0.005_366	Singlet	pANN_0.25_0.005_366	0.232558139534884
HRA003620_CATACTTCACGTTCGG-1_1	HRA003620_NC-27	HRA003620	DF.classifications_0.25_0.005_366	Singlet	pANN_0.25_0.005_366	0.186046511627907
HRA003620_CATACTTGTCAACATC-1_1	HRA003620_NC-27	HRA003620	DF.classifications_0.25_0.005_366	Singlet	pANN_0.25_0.005_366	0.186046511627907
HRA003620_CATACTTGTGTGTGGA-1_1	HRA003620_NC-27	HRA003620	DF.classifications_0.25_0.005_366	Singlet	pANN_0.25_0.005_366	0.13953488372093
HRA003620_CATACTTGTTGTAAAG-1_1	HRA003620_NC-27	HRA003620	DF.classifications_0.25_0.005_366	Singlet	pANN_0.25_0.005_366	0.116279069767442
HRA003620_CATACTTTCGCAGTGC-1_1	HRA003620_NC-27	HRA003620	DF.classifications_0.25_0.005_366	Doublet	pANN_0.25_0.005_366	0.86046511627907
HRA003620_CATAGACAGAGAAGGT-1_1	HRA003620_NC-27	HRA003620	DF.classifications_0.25_0.005_366	Singlet	pANN_0.25_0.005_366	0.27906976744186
HRA003620_CATAGACAGCCTCATA-1_1	HRA003620_NC-27	HRA003620	DF.classifications_0.25_0.005_366	Singlet	pANN_0.25_0.005_366	0.232558139534884
HRA003620_CATAGACAGTTTCAGC-1_1	HRA003620_NC-27	HRA003620	DF.classifications_0.25_0.005_366	Singlet	pANN_0.25_0.005_366	0.348837209302326
HRA003620_CATCAAGAGCGTGCTC-1_1	HRA003620_NC-27	HRA003620	DF.classifications_0.25_0.005_366	Singlet	pANN_0.25_0.005_366	0.27906976744186
HRA003620_CATCAAGCAATGGGTG-1_1	HRA003620_NC-27	HRA003620	DF.classifications_0.25_0.005_366	Singlet	pANN_0.25_0.005_366	0.27906976744186
HRA003620_CATCAAGCACCATAAC-1_1	HRA003620_NC-27	HRA003620	DF.classifications_0.25_0.005_366	Singlet	pANN_0.25_0.005_366	0
HRA003620_CATCAAGCATGAGGGT-1_1	HRA003620_NC-27	HRA003620	DF.classifications_0.25_0.005_366	Singlet	pANN_0.25_0.005_366	0.348837209302326
HRA003620_CATCAAGTCCCAATAG-1_1	HRA003620_NC-27	HRA003620	DF.classifications_0.25_0.005_366	Singlet	pANN_0.25_0.005_366	0.0930232558139535
HRA003620_CATCAAGTCGACACTA-1_1	HRA003620_NC-27	HRA003620	DF.classifications_0.25_0.005_366	Singlet	pANN_0.25_0.005_366	0.116279069767442
HRA003620_CATCCACAGACTTCCA-1_1	HRA003620_NC-27	HRA003620	DF.classifications_0.25_0.005_366	Singlet	pANN_0.25_0.005_366	0.209302325581395
HRA003620_CATCCACAGGCTCACC-1_1	HRA003620_NC-27	HRA003620	DF.classifications_0.25_0.005_366	Singlet	pANN_0.25_0.005_366	0.348837209302326
HRA003620_CATCCACCACAATCTG-1_1	HRA003620_NC-27	HRA003620	DF.classifications_0.25_0.005_366	Singlet	pANN_0.25_0.005_366	0.232558139534884
HRA003620_CATCCACCACTTGGGC-1_1	HRA003620_NC-27	HRA003620	DF.classifications_0.25_0.005_366	Singlet	pANN_0.25_0.005_366	0.255813953488372
HRA003620_CATCCACCATCTCCCA-1_1	HRA003620_NC-27	HRA003620	DF.classifications_0.25_0.005_366	Doublet	pANN_0.25_0.005_366	0.465116279069767
HRA003620_CATCCACGTCATCAGT-1_1	HRA003620_NC-27	HRA003620	DF.classifications_0.25_0.005_366	Singlet	pANN_0.25_0.005_366	0.0465116279069767
HRA003620_CATCCACGTGATATAG-1_1	HRA003620_NC-27	HRA003620	DF.classifications_0.25_0.005_366	Singlet	pANN_0.25_0.005_366	0.0465116279069767
HRA003620_CATCCACGTTTCCATT-1_1	HRA003620_NC-27	HRA003620	DF.classifications_0.25_0.005_366	Singlet	pANN_0.25_0.005_366	0.162790697674419
HRA003620_CATCCACGTTTGAAAG-1_1	HRA003620_NC-27	HRA003620	DF.classifications_0.25_0.005_366	Singlet	pANN_0.25_0.005_366	0.302325581395349
HRA003620_CATCCACTCGGTGAAG-1_1	HRA003620_NC-27	HRA003620	DF.classifications_0.25_0.005_366	Singlet	pANN_0.25_0.005_366	0.116279069767442
HRA003620_CATCCCAAGTCGAGGT-1_1	HRA003620_NC-27	HRA003620	DF.classifications_0.25_0.005_366	Singlet	pANN_0.25_0.005_366	0.186046511627907
HRA003620_CATCCCACAAAGGCGT-1_1	HRA003620_NC-27	HRA003620	DF.classifications_0.25_0.005_366	Singlet	pANN_0.25_0.005_366	0.0465116279069767
HRA003620_CATCCCACACTCCACT-1_1	HRA003620_NC-27	HRA003620	DF.classifications_0.25_0.005_366	Singlet	pANN_0.25_0.005_366	0.372093023255814
HRA003620_CATCCCAGTGTTACAC-1_1	HRA003620_NC-27	HRA003620	DF.classifications_0.25_0.005_366	Singlet	pANN_0.25_0.005_366	0.0465116279069767
HRA003620_CATCCCATCACACCCT-1_1	HRA003620_NC-27	HRA003620	DF.classifications_0.25_0.005_366	Singlet	pANN_0.25_0.005_366	0.232558139534884
HRA003620_CATCCCATCATCACCC-1_1	HRA003620_NC-27	HRA003620	DF.classifications_0.25_0.005_366	Singlet	pANN_0.25_0.005_366	0.116279069767442
HRA003620_CATCCCATCTATGCCC-1_1	HRA003620_NC-27	HRA003620	DF.classifications_0.25_0.005_366	Singlet	pANN_0.25_0.005_366	0
HRA003620_CATCCCATCTCGAACA-1_1	HRA003620_NC-27	HRA003620	DF.classifications_0.25_0.005_366	Singlet	pANN_0.25_0.005_366	0
HRA003620_CATCCCATCTGTCAGA-1_1	HRA003620_NC-27	HRA003620	DF.classifications_0.25_0.005_366	Singlet	pANN_0.25_0.005_366	0.302325581395349
HRA003620_CATCCCATCTTTCCAA-1_1	HRA003620_NC-27	HRA003620	DF.classifications_0.25_0.005_366	Doublet	pANN_0.25_0.005_366	0.604651162790698
HRA003620_CATCCGTCAAGGCTTT-1_1	HRA003620_NC-27	HRA003620	DF.classifications_0.25_0.005_366	Singlet	pANN_0.25_0.005_366	0.255813953488372
HRA003620_CATCCGTCACTTGACA-1_1	HRA003620_NC-27	HRA003620	DF.classifications_0.25_0.005_366	Singlet	pANN_0.25_0.005_366	0.0697674418604651
HRA003620_CATCCGTGTCGAGATG-1_1	HRA003620_NC-27	HRA003620	DF.classifications_0.25_0.005_366	Singlet	pANN_0.25_0.005_366	0.372093023255814
HRA003620_CATCCGTGTGAATGTA-1_1	HRA003620_NC-27	HRA003620	DF.classifications_0.25_0.005_366	Doublet	pANN_0.25_0.005_366	0.441860465116279
HRA003620_CATCGCTCAAGTGCTT-1_1	HRA003620_NC-27	HRA003620	DF.classifications_0.25_0.005_366	Singlet	pANN_0.25_0.005_366	0
HRA003620_CATCGCTCACGACTAT-1_1	HRA003620_NC-27	HRA003620	DF.classifications_0.25_0.005_366	Singlet	pANN_0.25_0.005_366	0.162790697674419
HRA003620_CATCGCTCACTGCTTC-1_1	HRA003620_NC-27	HRA003620	DF.classifications_0.25_0.005_366	Singlet	pANN_0.25_0.005_366	0.209302325581395
HRA003620_CATCGCTGTGACCGAA-1_1	HRA003620_NC-27	HRA003620	DF.classifications_0.25_0.005_366	Singlet	pANN_0.25_0.005_366	0
HRA003620_CATCGCTTCAAATGCC-1_1	HRA003620_NC-27	HRA003620	DF.classifications_0.25_0.005_366	Singlet	pANN_0.25_0.005_366	0.116279069767442
HRA003620_CATCGGGAGAGGATGA-1_1	HRA003620_NC-27	HRA003620	DF.classifications_0.25_0.005_366	Singlet	pANN_0.25_0.005_366	0.116279069767442
HRA003620_CATCGGGAGATGCTAA-1_1	HRA003620_NC-27	HRA003620	DF.classifications_0.25_0.005_366	Singlet	pANN_0.25_0.005_366	0.27906976744186
HRA003620_CATCGGGGTACACGCC-1_1	HRA003620_NC-27	HRA003620	DF.classifications_0.25_0.005_366	Singlet	pANN_0.25_0.005_366	0.209302325581395
HRA003620_CATCGGGGTGATACAA-1_1	HRA003620_NC-27	HRA003620	DF.classifications_0.25_0.005_366	Singlet	pANN_0.25_0.005_366	0.232558139534884
HRA003620_CATCGGGTCTGTGCGG-1_1	HRA003620_NC-27	HRA003620	DF.classifications_0.25_0.005_366	Singlet	pANN_0.25_0.005_366	0.0930232558139535
HRA003620_CATCGTCCAAGCTGCC-1_1	HRA003620_NC-27	HRA003620	DF.classifications_0.25_0.005_366	Singlet	pANN_0.25_0.005_366	0.232558139534884
HRA003620_CATCGTCCAGGGACTA-1_1	HRA003620_NC-27	HRA003620	DF.classifications_0.25_0.005_366	Singlet	pANN_0.25_0.005_366	0.0465116279069767
HRA003620_CATCGTCCATTGGGAG-1_1	HRA003620_NC-27	HRA003620	DF.classifications_0.25_0.005_366	Singlet	pANN_0.25_0.005_366	0.186046511627907
HRA003620_CATCGTCGTATCGTGT-1_1	HRA003620_NC-27	HRA003620	DF.classifications_0.25_0.005_366	Singlet	pANN_0.25_0.005_366	0.116279069767442
HRA003620_CATGAGTAGACTCGAG-1_1	HRA003620_NC-27	HRA003620	DF.classifications_0.25_0.005_366	Singlet	pANN_0.25_0.005_366	0.325581395348837
HRA003620_CATGAGTAGTGCTAGG-1_1	HRA003620_NC-27	HRA003620	DF.classifications_0.25_0.005_366	Singlet	pANN_0.25_0.005_366	0.255813953488372
HRA003620_CATGAGTCAGAATTCC-1_1	HRA003620_NC-27	HRA003620	DF.classifications_0.25_0.005_366	Singlet	pANN_0.25_0.005_366	0.255813953488372
HRA003620_CATGAGTCATTGGATC-1_1	HRA003620_NC-27	HRA003620	DF.classifications_0.25_0.005_366	Singlet	pANN_0.25_0.005_366	0.0465116279069767
HRA003620_CATGAGTGTGTCCCTT-1_1	HRA003620_NC-27	HRA003620	DF.classifications_0.25_0.005_366	Doublet	pANN_0.25_0.005_366	0.604651162790698
HRA003620_CATGAGTTCCCGTGTT-1_1	HRA003620_NC-27	HRA003620	DF.classifications_0.25_0.005_366	Singlet	pANN_0.25_0.005_366	0.0465116279069767
HRA003620_CATGAGTTCGACATTG-1_1	HRA003620_NC-27	HRA003620	DF.classifications_0.25_0.005_366	Singlet	pANN_0.25_0.005_366	0.116279069767442
HRA003620_CATGAGTTCGAGAGCA-1_1	HRA003620_NC-27	HRA003620	DF.classifications_0.25_0.005_366	Singlet	pANN_0.25_0.005_366	0.209302325581395
HRA003620_CATGAGTTCGGCTGGT-1_1	HRA003620_NC-27	HRA003620	DF.classifications_0.25_0.005_366	Singlet	pANN_0.25_0.005_366	0.27906976744186
HRA003620_CATGCAAAGTGAATAC-1_1	HRA003620_NC-27	HRA003620	DF.classifications_0.25_0.005_366	Singlet	pANN_0.25_0.005_366	0.0465116279069767
HRA003620_CATGCAACACTGCTTC-1_1	HRA003620_NC-27	HRA003620	DF.classifications_0.25_0.005_366	Singlet	pANN_0.25_0.005_366	0.27906976744186
HRA003620_CATGCAACAGGTTCCG-1_1	HRA003620_NC-27	HRA003620	DF.classifications_0.25_0.005_366	Singlet	pANN_0.25_0.005_366	0.255813953488372
HRA003620_CATGCAAGTAACATGA-1_1	HRA003620_NC-27	HRA003620	DF.classifications_0.25_0.005_366	Singlet	pANN_0.25_0.005_366	0.395348837209302
HRA003620_CATGCAATCATCACAG-1_1	HRA003620_NC-27	HRA003620	DF.classifications_0.25_0.005_366	Singlet	pANN_0.25_0.005_366	0.0465116279069767
HRA003620_CATGCCTAGCACTCAT-1_1	HRA003620_NC-27	HRA003620	DF.classifications_0.25_0.005_366	Singlet	pANN_0.25_0.005_366	0.0232558139534884
HRA003620_CATGCCTGTAGATTGA-1_1	HRA003620_NC-27	HRA003620	DF.classifications_0.25_0.005_366	Singlet	pANN_0.25_0.005_366	0.395348837209302
HRA003620_CATGCCTGTAGGGAGG-1_1	HRA003620_NC-27	HRA003620	DF.classifications_0.25_0.005_366	Singlet	pANN_0.25_0.005_366	0.13953488372093
HRA003620_CATGCCTGTTTCAGAC-1_1	HRA003620_NC-27	HRA003620	DF.classifications_0.25_0.005_366	Singlet	pANN_0.25_0.005_366	0.0697674418604651
HRA003620_CATGCCTTCATAGCAC-1_1	HRA003620_NC-27	HRA003620	DF.classifications_0.25_0.005_366	Singlet	pANN_0.25_0.005_366	0.0232558139534884
HRA003620_CATGCGGAGAGTCACG-1_1	HRA003620_NC-27	HRA003620	DF.classifications_0.25_0.005_366	Singlet	pANN_0.25_0.005_366	0.0465116279069767
HRA003620_CATGCGGAGCCTCATA-1_1	HRA003620_NC-27	HRA003620	DF.classifications_0.25_0.005_366	Singlet	pANN_0.25_0.005_366	0.0930232558139535
HRA003620_CATGCGGAGCCTGACC-1_1	HRA003620_NC-27	HRA003620	DF.classifications_0.25_0.005_366	Singlet	pANN_0.25_0.005_366	0.162790697674419
HRA003620_CATGCGGAGGTTAGTA-1_1	HRA003620_NC-27	HRA003620	DF.classifications_0.25_0.005_366	Singlet	pANN_0.25_0.005_366	0
HRA003620_CATGCGGAGGTTCATC-1_1	HRA003620_NC-27	HRA003620	DF.classifications_0.25_0.005_366	Singlet	pANN_0.25_0.005_366	0.116279069767442
HRA003620_CATGCGGAGTTCGGTT-1_1	HRA003620_NC-27	HRA003620	DF.classifications_0.25_0.005_366	Singlet	pANN_0.25_0.005_366	0.27906976744186
HRA003620_CATGCGGCATCGAACT-1_1	HRA003620_NC-27	HRA003620	DF.classifications_0.25_0.005_366	Singlet	pANN_0.25_0.005_366	0.0930232558139535
HRA003620_CATGCGGCATTACGGT-1_1	HRA003620_NC-27	HRA003620	DF.classifications_0.25_0.005_366	Singlet	pANN_0.25_0.005_366	0.0930232558139535
HRA003620_CATGCGGGTTCTCGCT-1_1	HRA003620_NC-27	HRA003620	DF.classifications_0.25_0.005_366	Singlet	pANN_0.25_0.005_366	0.255813953488372
HRA003620_CATGCGGTCATCACCC-1_1	HRA003620_NC-27	HRA003620	DF.classifications_0.25_0.005_366	Singlet	pANN_0.25_0.005_366	0.116279069767442
HRA003620_CATGCGGTCCGTAATG-1_1	HRA003620_NC-27	HRA003620	DF.classifications_0.25_0.005_366	Singlet	pANN_0.25_0.005_366	0.255813953488372
HRA003620_CATGCGGTCTACAGGT-1_1	HRA003620_NC-27	HRA003620	DF.classifications_0.25_0.005_366	Singlet	pANN_0.25_0.005_366	0.255813953488372
HRA003620_CATGCTCAGATGCGAC-1_1	HRA003620_NC-27	HRA003620	DF.classifications_0.25_0.005_366	Singlet	pANN_0.25_0.005_366	0.162790697674419
HRA003620_CATGCTCAGCAATTAG-1_1	HRA003620_NC-27	HRA003620	DF.classifications_0.25_0.005_366	Singlet	pANN_0.25_0.005_366	0.232558139534884
HRA003620_CATGCTCAGCACCCAC-1_1	HRA003620_NC-27	HRA003620	DF.classifications_0.25_0.005_366	Singlet	pANN_0.25_0.005_366	0.255813953488372
HRA003620_CATGCTCAGCACCGTC-1_1	HRA003620_NC-27	HRA003620	DF.classifications_0.25_0.005_366	Singlet	pANN_0.25_0.005_366	0.302325581395349
HRA003620_CATGCTCAGTGGTTGG-1_1	HRA003620_NC-27	HRA003620	DF.classifications_0.25_0.005_366	Singlet	pANN_0.25_0.005_366	0.0697674418604651
HRA003620_CATGCTCCAAGACAAT-1_1	HRA003620_NC-27	HRA003620	DF.classifications_0.25_0.005_366	Singlet	pANN_0.25_0.005_366	0.0697674418604651
HRA003620_CATGCTCCAAGCGGAT-1_1	HRA003620_NC-27	HRA003620	DF.classifications_0.25_0.005_366	Singlet	pANN_0.25_0.005_366	0
HRA003620_CATGCTCCAGAGACTG-1_1	HRA003620_NC-27	HRA003620	DF.classifications_0.25_0.005_366	Singlet	pANN_0.25_0.005_366	0
HRA003620_CATGCTCCAGCAGTCC-1_1	HRA003620_NC-27	HRA003620	DF.classifications_0.25_0.005_366	Singlet	pANN_0.25_0.005_366	0.255813953488372
HRA003620_CATGCTCCAGCTTCCT-1_1	HRA003620_NC-27	HRA003620	DF.classifications_0.25_0.005_366	Singlet	pANN_0.25_0.005_366	0.255813953488372
HRA003620_CATGCTCGTACCTTCC-1_1	HRA003620_NC-27	HRA003620	DF.classifications_0.25_0.005_366	Singlet	pANN_0.25_0.005_366	0.372093023255814
HRA003620_CATGCTCGTCCACAGC-1_1	HRA003620_NC-27	HRA003620	DF.classifications_0.25_0.005_366	Singlet	pANN_0.25_0.005_366	0.0697674418604651
HRA003620_CATGCTCTCATGGGAG-1_1	HRA003620_NC-27	HRA003620	DF.classifications_0.25_0.005_366	Singlet	pANN_0.25_0.005_366	0.27906976744186
HRA003620_CATGCTCTCGCTATTT-1_1	HRA003620_NC-27	HRA003620	DF.classifications_0.25_0.005_366	Singlet	pANN_0.25_0.005_366	0.255813953488372
HRA003620_CATGGATAGAGCCCAA-1_1	HRA003620_NC-27	HRA003620	DF.classifications_0.25_0.005_366	Singlet	pANN_0.25_0.005_366	0.13953488372093
HRA003620_CATGGATAGATGACAT-1_1	HRA003620_NC-27	HRA003620	DF.classifications_0.25_0.005_366	Singlet	pANN_0.25_0.005_366	0.255813953488372
HRA003620_CATGGATAGGTCTGGA-1_1	HRA003620_NC-27	HRA003620	DF.classifications_0.25_0.005_366	Singlet	pANN_0.25_0.005_366	0
HRA003620_CATGGATAGTATGATG-1_1	HRA003620_NC-27	HRA003620	DF.classifications_0.25_0.005_366	Singlet	pANN_0.25_0.005_366	0.27906976744186
HRA003620_CATGGATCACTGAGGA-1_1	HRA003620_NC-27	HRA003620	DF.classifications_0.25_0.005_366	Singlet	pANN_0.25_0.005_366	0.13953488372093
HRA003620_CATGGATCAGACACCC-1_1	HRA003620_NC-27	HRA003620	DF.classifications_0.25_0.005_366	Singlet	pANN_0.25_0.005_366	0.162790697674419
HRA003620_CATGGATGTACAAGTA-1_1	HRA003620_NC-27	HRA003620	DF.classifications_0.25_0.005_366	Singlet	pANN_0.25_0.005_366	0.13953488372093
HRA003620_CATGGATGTCCTTTGC-1_1	HRA003620_NC-27	HRA003620	DF.classifications_0.25_0.005_366	Singlet	pANN_0.25_0.005_366	0.27906976744186
HRA003620_CATGGATGTGAAGCGT-1_1	HRA003620_NC-27	HRA003620	DF.classifications_0.25_0.005_366	Singlet	pANN_0.25_0.005_366	0.162790697674419
HRA003620_CATGGATTCAACGCTA-1_1	HRA003620_NC-27	HRA003620	DF.classifications_0.25_0.005_366	Singlet	pANN_0.25_0.005_366	0.0232558139534884
HRA003620_CATGGATTCTGTGTGA-1_1	HRA003620_NC-27	HRA003620	DF.classifications_0.25_0.005_366	Singlet	pANN_0.25_0.005_366	0.232558139534884
HRA003620_CATGGTAAGGTCCTGC-1_1	HRA003620_NC-27	HRA003620	DF.classifications_0.25_0.005_366	Singlet	pANN_0.25_0.005_366	0.302325581395349
HRA003620_CATGGTACATGGAACG-1_1	HRA003620_NC-27	HRA003620	DF.classifications_0.25_0.005_366	Singlet	pANN_0.25_0.005_366	0.325581395348837
HRA003620_CATGGTAGTTGGATCT-1_1	HRA003620_NC-27	HRA003620	DF.classifications_0.25_0.005_366	Singlet	pANN_0.25_0.005_366	0.302325581395349
HRA003620_CATGGTATCCCTATTA-1_1	HRA003620_NC-27	HRA003620	DF.classifications_0.25_0.005_366	Singlet	pANN_0.25_0.005_366	0.27906976744186
HRA003620_CATGGTATCGCCTCTA-1_1	HRA003620_NC-27	HRA003620	DF.classifications_0.25_0.005_366	Doublet	pANN_0.25_0.005_366	0.465116279069767
HRA003620_CATTCATAGAGGTTAT-1_1	HRA003620_NC-27	HRA003620	DF.classifications_0.25_0.005_366	Singlet	pANN_0.25_0.005_366	0.325581395348837
HRA003620_CATTCATAGGTTCACT-1_1	HRA003620_NC-27	HRA003620	DF.classifications_0.25_0.005_366	Doublet	pANN_0.25_0.005_366	0.441860465116279
HRA003620_CATTCATCAATACCTG-1_1	HRA003620_NC-27	HRA003620	DF.classifications_0.25_0.005_366	Singlet	pANN_0.25_0.005_366	0.13953488372093
HRA003620_CATTCATCATTCGGGC-1_1	HRA003620_NC-27	HRA003620	DF.classifications_0.25_0.005_366	Singlet	pANN_0.25_0.005_366	0.13953488372093
HRA003620_CATTCATGTAATTGGA-1_1	HRA003620_NC-27	HRA003620	DF.classifications_0.25_0.005_366	Singlet	pANN_0.25_0.005_366	0.116279069767442
HRA003620_CATTCATGTATGCGGA-1_1	HRA003620_NC-27	HRA003620	DF.classifications_0.25_0.005_366	Singlet	pANN_0.25_0.005_366	0.232558139534884
HRA003620_CATTCATGTCGATTCA-1_1	HRA003620_NC-27	HRA003620	DF.classifications_0.25_0.005_366	Singlet	pANN_0.25_0.005_366	0.186046511627907
HRA003620_CATTCCGAGGGTTAGC-1_1	HRA003620_NC-27	HRA003620	DF.classifications_0.25_0.005_366	Singlet	pANN_0.25_0.005_366	0.325581395348837
HRA003620_CATTCCGCAGTTGGTT-1_1	HRA003620_NC-27	HRA003620	DF.classifications_0.25_0.005_366	Singlet	pANN_0.25_0.005_366	0.186046511627907
HRA003620_CATTCCGTCCAACCAA-1_1	HRA003620_NC-27	HRA003620	DF.classifications_0.25_0.005_366	Singlet	pANN_0.25_0.005_366	0.162790697674419
HRA003620_CATTCCGTCCGCGAGT-1_1	HRA003620_NC-27	HRA003620	DF.classifications_0.25_0.005_366	Singlet	pANN_0.25_0.005_366	0.162790697674419
HRA003620_CATTCTAAGCCATTTG-1_1	HRA003620_NC-27	HRA003620	DF.classifications_0.25_0.005_366	Singlet	pANN_0.25_0.005_366	0.232558139534884
HRA003620_CATTCTACACGCTGAC-1_1	HRA003620_NC-27	HRA003620	DF.classifications_0.25_0.005_366	Singlet	pANN_0.25_0.005_366	0.162790697674419
HRA003620_CATTCTACATTGACAC-1_1	HRA003620_NC-27	HRA003620	DF.classifications_0.25_0.005_366	Singlet	pANN_0.25_0.005_366	0.325581395348837
HRA003620_CATTCTAGTAGCCCTG-1_1	HRA003620_NC-27	HRA003620	DF.classifications_0.25_0.005_366	Singlet	pANN_0.25_0.005_366	0.162790697674419
HRA003620_CATTCTAGTCGAAACG-1_1	HRA003620_NC-27	HRA003620	DF.classifications_0.25_0.005_366	Singlet	pANN_0.25_0.005_366	0.186046511627907
HRA003620_CATTCTATCGCTTGAA-1_1	HRA003620_NC-27	HRA003620	DF.classifications_0.25_0.005_366	Singlet	pANN_0.25_0.005_366	0.0930232558139535
HRA003620_CATTCTATCTTCGTAT-1_1	HRA003620_NC-27	HRA003620	DF.classifications_0.25_0.005_366	Singlet	pANN_0.25_0.005_366	0.162790697674419
HRA003620_CATTGAGAGAGTGACC-1_1	HRA003620_NC-27	HRA003620	DF.classifications_0.25_0.005_366	Singlet	pANN_0.25_0.005_366	0.0930232558139535
HRA003620_CATTGAGAGTGACCTT-1_1	HRA003620_NC-27	HRA003620	DF.classifications_0.25_0.005_366	Singlet	pANN_0.25_0.005_366	0.0697674418604651
HRA003620_CATTGAGCAATCGCAT-1_1	HRA003620_NC-27	HRA003620	DF.classifications_0.25_0.005_366	Singlet	pANN_0.25_0.005_366	0.325581395348837
HRA003620_CATTGAGGTATCTCGA-1_1	HRA003620_NC-27	HRA003620	DF.classifications_0.25_0.005_366	Singlet	pANN_0.25_0.005_366	0.0930232558139535
HRA003620_CATTGAGTCCTTCTGG-1_1	HRA003620_NC-27	HRA003620	DF.classifications_0.25_0.005_366	Singlet	pANN_0.25_0.005_366	0.0930232558139535
HRA003620_CATTGCCAGAGTTCGG-1_1	HRA003620_NC-27	HRA003620	DF.classifications_0.25_0.005_366	Doublet	pANN_0.25_0.005_366	0.465116279069767
HRA003620_CATTGCCAGTTGAATG-1_1	HRA003620_NC-27	HRA003620	DF.classifications_0.25_0.005_366	Singlet	pANN_0.25_0.005_366	0.162790697674419
HRA003620_CATTGCCGTATTGAGA-1_1	HRA003620_NC-27	HRA003620	DF.classifications_0.25_0.005_366	Singlet	pANN_0.25_0.005_366	0.162790697674419
HRA003620_CATTGCCGTCGCTTAA-1_1	HRA003620_NC-27	HRA003620	DF.classifications_0.25_0.005_366	Singlet	pANN_0.25_0.005_366	0.116279069767442
HRA003620_CATTGCCGTTACGGAG-1_1	HRA003620_NC-27	HRA003620	DF.classifications_0.25_0.005_366	Singlet	pANN_0.25_0.005_366	0.209302325581395
HRA003620_CATTGCCTCATGCCGG-1_1	HRA003620_NC-27	HRA003620	DF.classifications_0.25_0.005_366	Doublet	pANN_0.25_0.005_366	0.441860465116279
HRA003620_CATTGTTAGGGAGGCA-1_1	HRA003620_NC-27	HRA003620	DF.classifications_0.25_0.005_366	Singlet	pANN_0.25_0.005_366	0.0232558139534884
HRA003620_CATTGTTCAGCAGACA-1_1	HRA003620_NC-27	HRA003620	DF.classifications_0.25_0.005_366	Singlet	pANN_0.25_0.005_366	0.13953488372093
HRA003620_CATTGTTGTAGACTGG-1_1	HRA003620_NC-27	HRA003620	DF.classifications_0.25_0.005_366	Doublet	pANN_0.25_0.005_366	0.441860465116279
HRA003620_CATTGTTGTGGTCCGT-1_1	HRA003620_NC-27	HRA003620	DF.classifications_0.25_0.005_366	Singlet	pANN_0.25_0.005_366	0.27906976744186
HRA003620_CATTGTTTCGCATTGA-1_1	HRA003620_NC-27	HRA003620	DF.classifications_0.25_0.005_366	Singlet	pANN_0.25_0.005_366	0.372093023255814
HRA003620_CATTTCAGTAACTGCT-1_1	HRA003620_NC-27	HRA003620	DF.classifications_0.25_0.005_366	Singlet	pANN_0.25_0.005_366	0.186046511627907
HRA003620_CATTTCAGTCAAAGAT-1_1	HRA003620_NC-27	HRA003620	DF.classifications_0.25_0.005_366	Singlet	pANN_0.25_0.005_366	0.0697674418604651
HRA003620_CCAAGCGAGAAAGCGA-1_1	HRA003620_NC-27	HRA003620	DF.classifications_0.25_0.005_366	Doublet	pANN_0.25_0.005_366	0.511627906976744
HRA003620_CCAAGCGAGGAAAGGT-1_1	HRA003620_NC-27	HRA003620	DF.classifications_0.25_0.005_366	Singlet	pANN_0.25_0.005_366	0.186046511627907
HRA003620_CCAAGCGAGGGTCTTT-1_1	HRA003620_NC-27	HRA003620	DF.classifications_0.25_0.005_366	Singlet	pANN_0.25_0.005_366	0.0232558139534884
HRA003620_CCAAGCGCAAATACGA-1_1	HRA003620_NC-27	HRA003620	DF.classifications_0.25_0.005_366	Singlet	pANN_0.25_0.005_366	0.13953488372093
HRA003620_CCAAGCGCAGTCGTTA-1_1	HRA003620_NC-27	HRA003620	DF.classifications_0.25_0.005_366	Singlet	pANN_0.25_0.005_366	0.0930232558139535
HRA003620_CCAAGCGGTCCTGTCT-1_1	HRA003620_NC-27	HRA003620	DF.classifications_0.25_0.005_366	Doublet	pANN_0.25_0.005_366	0.720930232558139
HRA003620_CCAAGCGTCAATCCGA-1_1	HRA003620_NC-27	HRA003620	DF.classifications_0.25_0.005_366	Singlet	pANN_0.25_0.005_366	0
HRA003620_CCAAGCGTCCTTACCG-1_1	HRA003620_NC-27	HRA003620	DF.classifications_0.25_0.005_366	Singlet	pANN_0.25_0.005_366	0.372093023255814
HRA003620_CCAATGAAGGCATCAG-1_1	HRA003620_NC-27	HRA003620	DF.classifications_0.25_0.005_366	Singlet	pANN_0.25_0.005_366	0
HRA003620_CCAATGAAGTTACTCG-1_1	HRA003620_NC-27	HRA003620	DF.classifications_0.25_0.005_366	Singlet	pANN_0.25_0.005_366	0.302325581395349
HRA003620_CCAATGACAAAGAACT-1_1	HRA003620_NC-27	HRA003620	DF.classifications_0.25_0.005_366	Singlet	pANN_0.25_0.005_366	0.162790697674419
HRA003620_CCAATGACAAAGTATG-1_1	HRA003620_NC-27	HRA003620	DF.classifications_0.25_0.005_366	Singlet	pANN_0.25_0.005_366	0.162790697674419
HRA003620_CCAATGAGTATCAGGG-1_1	HRA003620_NC-27	HRA003620	DF.classifications_0.25_0.005_366	Singlet	pANN_0.25_0.005_366	0.255813953488372
HRA003620_CCAATGATCCGACATA-1_1	HRA003620_NC-27	HRA003620	DF.classifications_0.25_0.005_366	Singlet	pANN_0.25_0.005_366	0.255813953488372
HRA003620_CCAATTTAGTTTGTCG-1_1	HRA003620_NC-27	HRA003620	DF.classifications_0.25_0.005_366	Singlet	pANN_0.25_0.005_366	0
HRA003620_CCAATTTCAACCACAT-1_1	HRA003620_NC-27	HRA003620	DF.classifications_0.25_0.005_366	Doublet	pANN_0.25_0.005_366	0.558139534883721
HRA003620_CCAATTTCAGAGTTCT-1_1	HRA003620_NC-27	HRA003620	DF.classifications_0.25_0.005_366	Singlet	pANN_0.25_0.005_366	0.0232558139534884
HRA003620_CCAATTTGTCGCGTCA-1_1	HRA003620_NC-27	HRA003620	DF.classifications_0.25_0.005_366	Singlet	pANN_0.25_0.005_366	0
HRA003620_CCAATTTTCTGGACTA-1_1	HRA003620_NC-27	HRA003620	DF.classifications_0.25_0.005_366	Singlet	pANN_0.25_0.005_366	0.255813953488372
HRA003620_CCACAAAAGAGAGCGG-1_1	HRA003620_NC-27	HRA003620	DF.classifications_0.25_0.005_366	Singlet	pANN_0.25_0.005_366	0.13953488372093
HRA003620_CCACAAAAGCGGACAT-1_1	HRA003620_NC-27	HRA003620	DF.classifications_0.25_0.005_366	Doublet	pANN_0.25_0.005_366	0.744186046511628
HRA003620_CCACAAAAGGCAGTCA-1_1	HRA003620_NC-27	HRA003620	DF.classifications_0.25_0.005_366	Singlet	pANN_0.25_0.005_366	0.209302325581395
HRA003620_CCACAAAAGGCATCGA-1_1	HRA003620_NC-27	HRA003620	DF.classifications_0.25_0.005_366	Singlet	pANN_0.25_0.005_366	0.209302325581395
HRA003620_CCACAAACAGAGGCAT-1_1	HRA003620_NC-27	HRA003620	DF.classifications_0.25_0.005_366	Singlet	pANN_0.25_0.005_366	0.372093023255814
HRA003620_CCACAAAGTATCGCAT-1_1	HRA003620_NC-27	HRA003620	DF.classifications_0.25_0.005_366	Singlet	pANN_0.25_0.005_366	0.302325581395349
HRA003620_CCACAAAGTATTGACC-1_1	HRA003620_NC-27	HRA003620	DF.classifications_0.25_0.005_366	Singlet	pANN_0.25_0.005_366	0
HRA003620_CCACAAAGTGTCCGTG-1_1	HRA003620_NC-27	HRA003620	DF.classifications_0.25_0.005_366	Singlet	pANN_0.25_0.005_366	0
HRA003620_CCACACTAGCATCAGG-1_1	HRA003620_NC-27	HRA003620	DF.classifications_0.25_0.005_366	Singlet	pANN_0.25_0.005_366	0.0930232558139535
HRA003620_CCACACTAGGGACACT-1_1	HRA003620_NC-27	HRA003620	DF.classifications_0.25_0.005_366	Singlet	pANN_0.25_0.005_366	0.27906976744186
HRA003620_CCACACTCAACCACAT-1_1	HRA003620_NC-27	HRA003620	DF.classifications_0.25_0.005_366	Singlet	pANN_0.25_0.005_366	0.0930232558139535
HRA003620_CCACACTCAAGACCTT-1_1	HRA003620_NC-27	HRA003620	DF.classifications_0.25_0.005_366	Singlet	pANN_0.25_0.005_366	0.186046511627907
HRA003620_CCACACTCAAGACGAC-1_1	HRA003620_NC-27	HRA003620	DF.classifications_0.25_0.005_366	Singlet	pANN_0.25_0.005_366	0.0930232558139535
HRA003620_CCACACTCACAACATC-1_1	HRA003620_NC-27	HRA003620	DF.classifications_0.25_0.005_366	Singlet	pANN_0.25_0.005_366	0.372093023255814
HRA003620_CCACACTCACGTAGAG-1_1	HRA003620_NC-27	HRA003620	DF.classifications_0.25_0.005_366	Singlet	pANN_0.25_0.005_366	0.0930232558139535
HRA003620_CCACACTGTGGTTTAC-1_1	HRA003620_NC-27	HRA003620	DF.classifications_0.25_0.005_366	Singlet	pANN_0.25_0.005_366	0.255813953488372
HRA003620_CCACACTGTTAATGAG-1_1	HRA003620_NC-27	HRA003620	DF.classifications_0.25_0.005_366	Singlet	pANN_0.25_0.005_366	0.0465116279069767
HRA003620_CCACACTTCTGGTGCG-1_1	HRA003620_NC-27	HRA003620	DF.classifications_0.25_0.005_366	Singlet	pANN_0.25_0.005_366	0.395348837209302
HRA003620_CCACCATAGCAACTTC-1_1	HRA003620_NC-27	HRA003620	DF.classifications_0.25_0.005_366	Singlet	pANN_0.25_0.005_366	0.232558139534884
HRA003620_CCACCATGTCACCGAC-1_1	HRA003620_NC-27	HRA003620	DF.classifications_0.25_0.005_366	Singlet	pANN_0.25_0.005_366	0.0697674418604651
HRA003620_CCACCATTCAGAACCT-1_1	HRA003620_NC-27	HRA003620	DF.classifications_0.25_0.005_366	Doublet	pANN_0.25_0.005_366	0.651162790697674
HRA003620_CCACCATTCATAAGGA-1_1	HRA003620_NC-27	HRA003620	DF.classifications_0.25_0.005_366	Singlet	pANN_0.25_0.005_366	0.209302325581395
HRA003620_CCACGAGAGGCTTCCG-1_1	HRA003620_NC-27	HRA003620	DF.classifications_0.25_0.005_366	Singlet	pANN_0.25_0.005_366	0
HRA003620_CCACGAGAGTCCGCCA-1_1	HRA003620_NC-27	HRA003620	DF.classifications_0.25_0.005_366	Singlet	pANN_0.25_0.005_366	0.0930232558139535
HRA003620_CCACGAGCAGCGTAGA-1_1	HRA003620_NC-27	HRA003620	DF.classifications_0.25_0.005_366	Singlet	pANN_0.25_0.005_366	0.186046511627907
HRA003620_CCACGAGCAGCTCCTT-1_1	HRA003620_NC-27	HRA003620	DF.classifications_0.25_0.005_366	Singlet	pANN_0.25_0.005_366	0.27906976744186
HRA003620_CCACGAGCAGTGACCC-1_1	HRA003620_NC-27	HRA003620	DF.classifications_0.25_0.005_366	Singlet	pANN_0.25_0.005_366	0.162790697674419
HRA003620_CCACGAGCATATGAAG-1_1	HRA003620_NC-27	HRA003620	DF.classifications_0.25_0.005_366	Singlet	pANN_0.25_0.005_366	0.0697674418604651
HRA003620_CCACGAGGTACGTAGG-1_1	HRA003620_NC-27	HRA003620	DF.classifications_0.25_0.005_366	Singlet	pANN_0.25_0.005_366	0.0930232558139535
HRA003620_CCACGAGGTTAAGGGC-1_1	HRA003620_NC-27	HRA003620	DF.classifications_0.25_0.005_366	Singlet	pANN_0.25_0.005_366	0.13953488372093
HRA003620_CCACGAGTCCGGTAGC-1_1	HRA003620_NC-27	HRA003620	DF.classifications_0.25_0.005_366	Singlet	pANN_0.25_0.005_366	0.0930232558139535
HRA003620_CCACGTTAGTTAACGA-1_1	HRA003620_NC-27	HRA003620	DF.classifications_0.25_0.005_366	Singlet	pANN_0.25_0.005_366	0.186046511627907
HRA003620_CCACGTTCAGACCTAT-1_1	HRA003620_NC-27	HRA003620	DF.classifications_0.25_0.005_366	Singlet	pANN_0.25_0.005_366	0.27906976744186
HRA003620_CCACGTTCAGATAAAC-1_1	HRA003620_NC-27	HRA003620	DF.classifications_0.25_0.005_366	Singlet	pANN_0.25_0.005_366	0.13953488372093
HRA003620_CCACGTTCATCCGGCA-1_1	HRA003620_NC-27	HRA003620	DF.classifications_0.25_0.005_366	Doublet	pANN_0.25_0.005_366	0.674418604651163
HRA003620_CCACGTTGTACAGTTC-1_1	HRA003620_NC-27	HRA003620	DF.classifications_0.25_0.005_366	Singlet	pANN_0.25_0.005_366	0.372093023255814
HRA003620_CCACGTTGTACGGCAA-1_1	HRA003620_NC-27	HRA003620	DF.classifications_0.25_0.005_366	Singlet	pANN_0.25_0.005_366	0.0232558139534884
HRA003620_CCACGTTTCAAGGTGG-1_1	HRA003620_NC-27	HRA003620	DF.classifications_0.25_0.005_366	Singlet	pANN_0.25_0.005_366	0
HRA003620_CCACGTTTCTTCCTAA-1_1	HRA003620_NC-27	HRA003620	DF.classifications_0.25_0.005_366	Singlet	pANN_0.25_0.005_366	0.27906976744186
HRA003620_CCACTTGCAGATACTC-1_1	HRA003620_NC-27	HRA003620	DF.classifications_0.25_0.005_366	Singlet	pANN_0.25_0.005_366	0.0697674418604651
HRA003620_CCACTTGGTATCCCAA-1_1	HRA003620_NC-27	HRA003620	DF.classifications_0.25_0.005_366	Singlet	pANN_0.25_0.005_366	0.232558139534884
HRA003620_CCACTTGGTCTGTCCT-1_1	HRA003620_NC-27	HRA003620	DF.classifications_0.25_0.005_366	Singlet	pANN_0.25_0.005_366	0.116279069767442
HRA003620_CCACTTGGTTACAGCT-1_1	HRA003620_NC-27	HRA003620	DF.classifications_0.25_0.005_366	Doublet	pANN_0.25_0.005_366	0.511627906976744
HRA003620_CCACTTGTCAAACTGC-1_1	HRA003620_NC-27	HRA003620	DF.classifications_0.25_0.005_366	Doublet	pANN_0.25_0.005_366	0.558139534883721
HRA003620_CCATAAGCACCAGACC-1_1	HRA003620_NC-27	HRA003620	DF.classifications_0.25_0.005_366	Singlet	pANN_0.25_0.005_366	0.0232558139534884
HRA003620_CCATAAGCAGGTCTCG-1_1	HRA003620_NC-27	HRA003620	DF.classifications_0.25_0.005_366	Singlet	pANN_0.25_0.005_366	0
HRA003620_CCATAAGGTCGAGATG-1_1	HRA003620_NC-27	HRA003620	DF.classifications_0.25_0.005_366	Singlet	pANN_0.25_0.005_366	0
HRA003620_CCATAAGGTTATCCAG-1_1	HRA003620_NC-27	HRA003620	DF.classifications_0.25_0.005_366	Singlet	pANN_0.25_0.005_366	0.255813953488372
HRA003620_CCATAAGTCGAGTCTA-1_1	HRA003620_NC-27	HRA003620	DF.classifications_0.25_0.005_366	Singlet	pANN_0.25_0.005_366	0.0697674418604651
HRA003620_CCATAAGTCGGTTCAA-1_1	HRA003620_NC-27	HRA003620	DF.classifications_0.25_0.005_366	Singlet	pANN_0.25_0.005_366	0
HRA003620_CCATCACAGAAACTAC-1_1	HRA003620_NC-27	HRA003620	DF.classifications_0.25_0.005_366	Doublet	pANN_0.25_0.005_366	0.441860465116279
HRA003620_CCATCACAGGACTATA-1_1	HRA003620_NC-27	HRA003620	DF.classifications_0.25_0.005_366	Singlet	pANN_0.25_0.005_366	0.395348837209302
HRA003620_CCATCACCATTGAAGA-1_1	HRA003620_NC-27	HRA003620	DF.classifications_0.25_0.005_366	Singlet	pANN_0.25_0.005_366	0.13953488372093
HRA003620_CCCAACTAGGGTCAAC-1_1	HRA003620_NC-27	HRA003620	DF.classifications_0.25_0.005_366	Singlet	pANN_0.25_0.005_366	0.162790697674419
HRA003620_CCCAACTAGGTGGCTA-1_1	HRA003620_NC-27	HRA003620	DF.classifications_0.25_0.005_366	Singlet	pANN_0.25_0.005_366	0.116279069767442
HRA003620_CCCAACTGTTCGGCGT-1_1	HRA003620_NC-27	HRA003620	DF.classifications_0.25_0.005_366	Singlet	pANN_0.25_0.005_366	0.0930232558139535
HRA003620_CCCAACTTCCAGCCTT-1_1	HRA003620_NC-27	HRA003620	DF.classifications_0.25_0.005_366	Singlet	pANN_0.25_0.005_366	0.186046511627907
HRA003620_CCCAACTTCTTCGTAT-1_1	HRA003620_NC-27	HRA003620	DF.classifications_0.25_0.005_366	Singlet	pANN_0.25_0.005_366	0.27906976744186
HRA003620_CCCATTGAGCTAGAGC-1_1	HRA003620_NC-27	HRA003620	DF.classifications_0.25_0.005_366	Singlet	pANN_0.25_0.005_366	0.186046511627907
HRA003620_CCCATTGCAACTTGGT-1_1	HRA003620_NC-27	HRA003620	DF.classifications_0.25_0.005_366	Singlet	pANN_0.25_0.005_366	0.27906976744186
HRA003620_CCCATTGCAAGGTCAG-1_1	HRA003620_NC-27	HRA003620	DF.classifications_0.25_0.005_366	Singlet	pANN_0.25_0.005_366	0.0232558139534884
HRA003620_CCCATTGCAGCGTGCT-1_1	HRA003620_NC-27	HRA003620	DF.classifications_0.25_0.005_366	Singlet	pANN_0.25_0.005_366	0.255813953488372
HRA003620_CCCATTGCAGCTGTCG-1_1	HRA003620_NC-27	HRA003620	DF.classifications_0.25_0.005_366	Singlet	pANN_0.25_0.005_366	0.0232558139534884
HRA003620_CCCATTGCAGTCAACT-1_1	HRA003620_NC-27	HRA003620	DF.classifications_0.25_0.005_366	Singlet	pANN_0.25_0.005_366	0.232558139534884
HRA003620_CCCATTGCATACTGTG-1_1	HRA003620_NC-27	HRA003620	DF.classifications_0.25_0.005_366	Singlet	pANN_0.25_0.005_366	0.13953488372093
HRA003620_CCCATTGGTCCCTCAT-1_1	HRA003620_NC-27	HRA003620	DF.classifications_0.25_0.005_366	Singlet	pANN_0.25_0.005_366	0.209302325581395
HRA003620_CCCATTGTCTGGGCGT-1_1	HRA003620_NC-27	HRA003620	DF.classifications_0.25_0.005_366	Singlet	pANN_0.25_0.005_366	0.232558139534884
HRA003620_CCCGAAGAGAACTTCC-1_1	HRA003620_NC-27	HRA003620	DF.classifications_0.25_0.005_366	Singlet	pANN_0.25_0.005_366	0.255813953488372
HRA003620_CCCGAAGCAGACAAAT-1_1	HRA003620_NC-27	HRA003620	DF.classifications_0.25_0.005_366	Singlet	pANN_0.25_0.005_366	0.0697674418604651
HRA003620_CCCGAAGGTATGCAAA-1_1	HRA003620_NC-27	HRA003620	DF.classifications_0.25_0.005_366	Singlet	pANN_0.25_0.005_366	0.232558139534884
HRA003620_CCCGAAGGTTATTCTC-1_1	HRA003620_NC-27	HRA003620	DF.classifications_0.25_0.005_366	Singlet	pANN_0.25_0.005_366	0.0930232558139535
HRA003620_CCCGAAGGTTCTCACC-1_1	HRA003620_NC-27	HRA003620	DF.classifications_0.25_0.005_366	Singlet	pANN_0.25_0.005_366	0.0930232558139535
HRA003620_CCCGAAGTCATCTATC-1_1	HRA003620_NC-27	HRA003620	DF.classifications_0.25_0.005_366	Singlet	pANN_0.25_0.005_366	0.116279069767442
HRA003620_CCCGGAAAGCGTGCCT-1_1	HRA003620_NC-27	HRA003620	DF.classifications_0.25_0.005_366	Singlet	pANN_0.25_0.005_366	0.0232558139534884
HRA003620_CCCGGAAAGCTGACAG-1_1	HRA003620_NC-27	HRA003620	DF.classifications_0.25_0.005_366	Singlet	pANN_0.25_0.005_366	0.116279069767442
HRA003620_CCCGGAACACATACGT-1_1	HRA003620_NC-27	HRA003620	DF.classifications_0.25_0.005_366	Singlet	pANN_0.25_0.005_366	0.0465116279069767
HRA003620_CCCGGAACACTTCTCG-1_1	HRA003620_NC-27	HRA003620	DF.classifications_0.25_0.005_366	Singlet	pANN_0.25_0.005_366	0.302325581395349
HRA003620_CCCGGAACAGTGCGCT-1_1	HRA003620_NC-27	HRA003620	DF.classifications_0.25_0.005_366	Singlet	pANN_0.25_0.005_366	0.116279069767442
HRA003620_CCCGGAAGTATCGATC-1_1	HRA003620_NC-27	HRA003620	DF.classifications_0.25_0.005_366	Singlet	pANN_0.25_0.005_366	0.0465116279069767
HRA003620_CCCGGAAGTATCTTCT-1_1	HRA003620_NC-27	HRA003620	DF.classifications_0.25_0.005_366	Singlet	pANN_0.25_0.005_366	0.13953488372093
HRA003620_CCCGGAAGTTTCGCTC-1_1	HRA003620_NC-27	HRA003620	DF.classifications_0.25_0.005_366	Singlet	pANN_0.25_0.005_366	0.0697674418604651
HRA003620_CCCGGAATCCGGTAGC-1_1	HRA003620_NC-27	HRA003620	DF.classifications_0.25_0.005_366	Singlet	pANN_0.25_0.005_366	0.0465116279069767
HRA003620_CCCGGAATCGATCCCT-1_1	HRA003620_NC-27	HRA003620	DF.classifications_0.25_0.005_366	Singlet	pANN_0.25_0.005_366	0.209302325581395
HRA003620_CCCTAACCAATCGCGC-1_1	HRA003620_NC-27	HRA003620	DF.classifications_0.25_0.005_366	Singlet	pANN_0.25_0.005_366	0.186046511627907
HRA003620_CCCTAACCAGAGCTAG-1_1	HRA003620_NC-27	HRA003620	DF.classifications_0.25_0.005_366	Singlet	pANN_0.25_0.005_366	0.232558139534884
HRA003620_CCCTAACGTCTCTCAC-1_1	HRA003620_NC-27	HRA003620	DF.classifications_0.25_0.005_366	Singlet	pANN_0.25_0.005_366	0.0465116279069767
HRA003620_CCCTCAAAGCAGTCTT-1_1	HRA003620_NC-27	HRA003620	DF.classifications_0.25_0.005_366	Singlet	pANN_0.25_0.005_366	0.116279069767442
HRA003620_CCCTCAACATGTGCCG-1_1	HRA003620_NC-27	HRA003620	DF.classifications_0.25_0.005_366	Singlet	pANN_0.25_0.005_366	0.116279069767442
HRA003620_CCCTCAAGTATCGGTT-1_1	HRA003620_NC-27	HRA003620	DF.classifications_0.25_0.005_366	Singlet	pANN_0.25_0.005_366	0.13953488372093
HRA003620_CCCTCAAGTGAACGGT-1_1	HRA003620_NC-27	HRA003620	DF.classifications_0.25_0.005_366	Singlet	pANN_0.25_0.005_366	0.13953488372093
HRA003620_CCCTCAATCAATCAGC-1_1	HRA003620_NC-27	HRA003620	DF.classifications_0.25_0.005_366	Singlet	pANN_0.25_0.005_366	0.302325581395349
HRA003620_CCCTCTCAGGGATGTC-1_1	HRA003620_NC-27	HRA003620	DF.classifications_0.25_0.005_366	Singlet	pANN_0.25_0.005_366	0.0232558139534884
HRA003620_CCCTCTCAGTAGGTTA-1_1	HRA003620_NC-27	HRA003620	DF.classifications_0.25_0.005_366	Singlet	pANN_0.25_0.005_366	0.0930232558139535
HRA003620_CCCTCTCCAAGCAATA-1_1	HRA003620_NC-27	HRA003620	DF.classifications_0.25_0.005_366	Singlet	pANN_0.25_0.005_366	0.162790697674419
HRA003620_CCCTCTCCAGTAACCT-1_1	HRA003620_NC-27	HRA003620	DF.classifications_0.25_0.005_366	Singlet	pANN_0.25_0.005_366	0.0232558139534884
HRA003620_CCCTCTCGTTATGTCG-1_1	HRA003620_NC-27	HRA003620	DF.classifications_0.25_0.005_366	Singlet	pANN_0.25_0.005_366	0.0697674418604651
HRA003620_CCCTCTCGTTGAGTCT-1_1	HRA003620_NC-27	HRA003620	DF.classifications_0.25_0.005_366	Singlet	pANN_0.25_0.005_366	0.13953488372093
HRA003620_CCCTCTCTCAGCGCGT-1_1	HRA003620_NC-27	HRA003620	DF.classifications_0.25_0.005_366	Singlet	pANN_0.25_0.005_366	0
HRA003620_CCCTCTCTCCTCCACA-1_1	HRA003620_NC-27	HRA003620	DF.classifications_0.25_0.005_366	Singlet	pANN_0.25_0.005_366	0.348837209302326
HRA003620_CCCTCTCTCGGTGTTA-1_1	HRA003620_NC-27	HRA003620	DF.classifications_0.25_0.005_366	Singlet	pANN_0.25_0.005_366	0.116279069767442
HRA003620_CCCTCTCTCTTGGCTC-1_1	HRA003620_NC-27	HRA003620	DF.classifications_0.25_0.005_366	Singlet	pANN_0.25_0.005_366	0.209302325581395
HRA003620_CCCTGATAGCCTCAAT-1_1	HRA003620_NC-27	HRA003620	DF.classifications_0.25_0.005_366	Singlet	pANN_0.25_0.005_366	0.116279069767442
HRA003620_CCCTGATCATGCCGCA-1_1	HRA003620_NC-27	HRA003620	DF.classifications_0.25_0.005_366	Singlet	pANN_0.25_0.005_366	0.13953488372093
HRA003620_CCCTGATGTAGCTGTT-1_1	HRA003620_NC-27	HRA003620	DF.classifications_0.25_0.005_366	Singlet	pANN_0.25_0.005_366	0.13953488372093
HRA003620_CCCTTAGCACAGTCGC-1_1	HRA003620_NC-27	HRA003620	DF.classifications_0.25_0.005_366	Singlet	pANN_0.25_0.005_366	0.0232558139534884
HRA003620_CCCTTAGCACGGCGTT-1_1	HRA003620_NC-27	HRA003620	DF.classifications_0.25_0.005_366	Singlet	pANN_0.25_0.005_366	0.13953488372093
HRA003620_CCCTTAGCAGCCCAGT-1_1	HRA003620_NC-27	HRA003620	DF.classifications_0.25_0.005_366	Singlet	pANN_0.25_0.005_366	0.0697674418604651
HRA003620_CCCTTAGGTAGACGTG-1_1	HRA003620_NC-27	HRA003620	DF.classifications_0.25_0.005_366	Singlet	pANN_0.25_0.005_366	0.372093023255814
HRA003620_CCCTTAGTCATATGGC-1_1	HRA003620_NC-27	HRA003620	DF.classifications_0.25_0.005_366	Singlet	pANN_0.25_0.005_366	0.27906976744186
HRA003620_CCCTTAGTCCCTTGTG-1_1	HRA003620_NC-27	HRA003620	DF.classifications_0.25_0.005_366	Singlet	pANN_0.25_0.005_366	0.372093023255814
HRA003620_CCCTTAGTCGACGATT-1_1	HRA003620_NC-27	HRA003620	DF.classifications_0.25_0.005_366	Singlet	pANN_0.25_0.005_366	0.186046511627907
HRA003620_CCGAACGAGCGTGTCC-1_1	HRA003620_NC-27	HRA003620	DF.classifications_0.25_0.005_366	Singlet	pANN_0.25_0.005_366	0.186046511627907
HRA003620_CCGAACGAGGCAGTCA-1_1	HRA003620_NC-27	HRA003620	DF.classifications_0.25_0.005_366	Singlet	pANN_0.25_0.005_366	0.186046511627907
HRA003620_CCGAACGCACCCGTAG-1_1	HRA003620_NC-27	HRA003620	DF.classifications_0.25_0.005_366	Singlet	pANN_0.25_0.005_366	0.186046511627907
HRA003620_CCGAACGCACTTACAG-1_1	HRA003620_NC-27	HRA003620	DF.classifications_0.25_0.005_366	Singlet	pANN_0.25_0.005_366	0.209302325581395
HRA003620_CCGAACGTCATCGGGC-1_1	HRA003620_NC-27	HRA003620	DF.classifications_0.25_0.005_366	Singlet	pANN_0.25_0.005_366	0.0232558139534884
HRA003620_CCGAACGTCGCACGAC-1_1	HRA003620_NC-27	HRA003620	DF.classifications_0.25_0.005_366	Singlet	pANN_0.25_0.005_366	0.0465116279069767
HRA003620_CCGATCTAGGATATAC-1_1	HRA003620_NC-27	HRA003620	DF.classifications_0.25_0.005_366	Singlet	pANN_0.25_0.005_366	0.209302325581395
HRA003620_CCGATCTCACACGTGC-1_1	HRA003620_NC-27	HRA003620	DF.classifications_0.25_0.005_366	Singlet	pANN_0.25_0.005_366	0.232558139534884
HRA003620_CCGATCTCACCAGCTG-1_1	HRA003620_NC-27	HRA003620	DF.classifications_0.25_0.005_366	Singlet	pANN_0.25_0.005_366	0.13953488372093
HRA003620_CCGATCTCACTTCAGA-1_1	HRA003620_NC-27	HRA003620	DF.classifications_0.25_0.005_366	Singlet	pANN_0.25_0.005_366	0.209302325581395
HRA003620_CCGATCTCAGGAAGTC-1_1	HRA003620_NC-27	HRA003620	DF.classifications_0.25_0.005_366	Singlet	pANN_0.25_0.005_366	0.116279069767442
HRA003620_CCGATCTGTCTGGTTA-1_1	HRA003620_NC-27	HRA003620	DF.classifications_0.25_0.005_366	Singlet	pANN_0.25_0.005_366	0.27906976744186
HRA003620_CCGATCTTCAACGAGG-1_1	HRA003620_NC-27	HRA003620	DF.classifications_0.25_0.005_366	Singlet	pANN_0.25_0.005_366	0.0697674418604651
HRA003620_CCGATCTTCATAGACC-1_1	HRA003620_NC-27	HRA003620	DF.classifications_0.25_0.005_366	Singlet	pANN_0.25_0.005_366	0.0232558139534884
HRA003620_CCGATCTTCCATGAGT-1_1	HRA003620_NC-27	HRA003620	DF.classifications_0.25_0.005_366	Singlet	pANN_0.25_0.005_366	0.0930232558139535
HRA003620_CCGATGGAGACTACCT-1_1	HRA003620_NC-27	HRA003620	DF.classifications_0.25_0.005_366	Singlet	pANN_0.25_0.005_366	0.0930232558139535
HRA003620_CCGATGGAGAGCAGAA-1_1	HRA003620_NC-27	HRA003620	DF.classifications_0.25_0.005_366	Singlet	pANN_0.25_0.005_366	0.116279069767442
HRA003620_CCGATGGAGTGAGTGC-1_1	HRA003620_NC-27	HRA003620	DF.classifications_0.25_0.005_366	Singlet	pANN_0.25_0.005_366	0.186046511627907
HRA003620_CCGATGGCAACACGTT-1_1	HRA003620_NC-27	HRA003620	DF.classifications_0.25_0.005_366	Singlet	pANN_0.25_0.005_366	0.0697674418604651
HRA003620_CCGATGGCACGGTCTG-1_1	HRA003620_NC-27	HRA003620	DF.classifications_0.25_0.005_366	Singlet	pANN_0.25_0.005_366	0.162790697674419
HRA003620_CCGATGGCATTGTCGA-1_1	HRA003620_NC-27	HRA003620	DF.classifications_0.25_0.005_366	Singlet	pANN_0.25_0.005_366	0.162790697674419
HRA003620_CCGATGGGTACAAGCG-1_1	HRA003620_NC-27	HRA003620	DF.classifications_0.25_0.005_366	Singlet	pANN_0.25_0.005_366	0.0465116279069767
HRA003620_CCGATGGGTAGTCTGT-1_1	HRA003620_NC-27	HRA003620	DF.classifications_0.25_0.005_366	Singlet	pANN_0.25_0.005_366	0.13953488372093
HRA003620_CCGATGGGTTAAGACA-1_1	HRA003620_NC-27	HRA003620	DF.classifications_0.25_0.005_366	Singlet	pANN_0.25_0.005_366	0.0697674418604651
HRA003620_CCGATGGTCCACAGCG-1_1	HRA003620_NC-27	HRA003620	DF.classifications_0.25_0.005_366	Singlet	pANN_0.25_0.005_366	0.116279069767442
HRA003620_CCGCAAGAGGCACTCC-1_1	HRA003620_NC-27	HRA003620	DF.classifications_0.25_0.005_366	Singlet	pANN_0.25_0.005_366	0.255813953488372
HRA003620_CCGCAAGAGGCCTAGA-1_1	HRA003620_NC-27	HRA003620	DF.classifications_0.25_0.005_366	Singlet	pANN_0.25_0.005_366	0.0697674418604651
HRA003620_CCGCAAGCAAAGTGTA-1_1	HRA003620_NC-27	HRA003620	DF.classifications_0.25_0.005_366	Singlet	pANN_0.25_0.005_366	0
HRA003620_CCGCAAGGTAGTCCTA-1_1	HRA003620_NC-27	HRA003620	DF.classifications_0.25_0.005_366	Singlet	pANN_0.25_0.005_366	0.325581395348837
HRA003620_CCGCAAGGTATGCGGA-1_1	HRA003620_NC-27	HRA003620	DF.classifications_0.25_0.005_366	Singlet	pANN_0.25_0.005_366	0.232558139534884
HRA003620_CCGCAAGGTGGGTTGA-1_1	HRA003620_NC-27	HRA003620	DF.classifications_0.25_0.005_366	Singlet	pANN_0.25_0.005_366	0.0930232558139535
HRA003620_CCGCAAGGTTATGACC-1_1	HRA003620_NC-27	HRA003620	DF.classifications_0.25_0.005_366	Singlet	pANN_0.25_0.005_366	0.209302325581395
HRA003620_CCGCAAGTCGAAGAAT-1_1	HRA003620_NC-27	HRA003620	DF.classifications_0.25_0.005_366	Singlet	pANN_0.25_0.005_366	0.186046511627907
HRA003620_CCGGACAAGACTCATC-1_1	HRA003620_NC-27	HRA003620	DF.classifications_0.25_0.005_366	Singlet	pANN_0.25_0.005_366	0.116279069767442
HRA003620_CCGGACAAGAGAGAAC-1_1	HRA003620_NC-27	HRA003620	DF.classifications_0.25_0.005_366	Singlet	pANN_0.25_0.005_366	0.209302325581395
HRA003620_CCGGACAAGCCTCATA-1_1	HRA003620_NC-27	HRA003620	DF.classifications_0.25_0.005_366	Singlet	pANN_0.25_0.005_366	0.302325581395349
HRA003620_CCGGACACAAGAGATT-1_1	HRA003620_NC-27	HRA003620	DF.classifications_0.25_0.005_366	Singlet	pANN_0.25_0.005_366	0.116279069767442
HRA003620_CCGGACACAGACAATA-1_1	HRA003620_NC-27	HRA003620	DF.classifications_0.25_0.005_366	Singlet	pANN_0.25_0.005_366	0.116279069767442
HRA003620_CCGGACAGTCTACGAT-1_1	HRA003620_NC-27	HRA003620	DF.classifications_0.25_0.005_366	Singlet	pANN_0.25_0.005_366	0.302325581395349
HRA003620_CCGGACAGTGTTGCCG-1_1	HRA003620_NC-27	HRA003620	DF.classifications_0.25_0.005_366	Singlet	pANN_0.25_0.005_366	0.348837209302326
HRA003620_CCGGACATCATCGGGC-1_1	HRA003620_NC-27	HRA003620	DF.classifications_0.25_0.005_366	Singlet	pANN_0.25_0.005_366	0.0465116279069767
HRA003620_CCGGACATCCTTGGAA-1_1	HRA003620_NC-27	HRA003620	DF.classifications_0.25_0.005_366	Singlet	pANN_0.25_0.005_366	0.0232558139534884
HRA003620_CCGGGTAAGCCGCACT-1_1	HRA003620_NC-27	HRA003620	DF.classifications_0.25_0.005_366	Singlet	pANN_0.25_0.005_366	0.186046511627907
HRA003620_CCGGGTAAGGTCGTGA-1_1	HRA003620_NC-27	HRA003620	DF.classifications_0.25_0.005_366	Singlet	pANN_0.25_0.005_366	0.0930232558139535
HRA003620_CCGGGTAAGTATGGAT-1_1	HRA003620_NC-27	HRA003620	DF.classifications_0.25_0.005_366	Singlet	pANN_0.25_0.005_366	0.232558139534884
HRA003620_CCGGGTACACGACGTC-1_1	HRA003620_NC-27	HRA003620	DF.classifications_0.25_0.005_366	Singlet	pANN_0.25_0.005_366	0.27906976744186
HRA003620_CCGGGTAGTAAGAACT-1_1	HRA003620_NC-27	HRA003620	DF.classifications_0.25_0.005_366	Singlet	pANN_0.25_0.005_366	0.302325581395349
HRA003620_CCGGGTAGTGTTCAGT-1_1	HRA003620_NC-27	HRA003620	DF.classifications_0.25_0.005_366	Singlet	pANN_0.25_0.005_366	0.0232558139534884
HRA003620_CCGGTAGAGTTAGTAG-1_1	HRA003620_NC-27	HRA003620	DF.classifications_0.25_0.005_366	Singlet	pANN_0.25_0.005_366	0.232558139534884
HRA003620_CCGGTAGGTAACAAGT-1_1	HRA003620_NC-27	HRA003620	DF.classifications_0.25_0.005_366	Singlet	pANN_0.25_0.005_366	0.27906976744186
HRA003620_CCGGTAGGTCAGTCCG-1_1	HRA003620_NC-27	HRA003620	DF.classifications_0.25_0.005_366	Singlet	pANN_0.25_0.005_366	0.0697674418604651
HRA003620_CCGGTAGGTCTACAAC-1_1	HRA003620_NC-27	HRA003620	DF.classifications_0.25_0.005_366	Singlet	pANN_0.25_0.005_366	0
HRA003620_CCGGTAGGTGACAACG-1_1	HRA003620_NC-27	HRA003620	DF.classifications_0.25_0.005_366	Singlet	pANN_0.25_0.005_366	0.302325581395349
HRA003620_CCGGTAGGTTGTCAGT-1_1	HRA003620_NC-27	HRA003620	DF.classifications_0.25_0.005_366	Singlet	pANN_0.25_0.005_366	0.0232558139534884
HRA003620_CCGGTAGGTTTCGTGA-1_1	HRA003620_NC-27	HRA003620	DF.classifications_0.25_0.005_366	Singlet	pANN_0.25_0.005_366	0.0465116279069767
HRA003620_CCGGTAGTCCGATCGG-1_1	HRA003620_NC-27	HRA003620	DF.classifications_0.25_0.005_366	Singlet	pANN_0.25_0.005_366	0.0697674418604651
HRA003620_CCGGTGAAGAGTGAAG-1_1	HRA003620_NC-27	HRA003620	DF.classifications_0.25_0.005_366	Singlet	pANN_0.25_0.005_366	0.116279069767442
HRA003620_CCGGTGACAGGACATG-1_1	HRA003620_NC-27	HRA003620	DF.classifications_0.25_0.005_366	Singlet	pANN_0.25_0.005_366	0.186046511627907
HRA003620_CCGGTGAGTCGCATTA-1_1	HRA003620_NC-27	HRA003620	DF.classifications_0.25_0.005_366	Singlet	pANN_0.25_0.005_366	0
HRA003620_CCGTAGGAGACATACA-1_1	HRA003620_NC-27	HRA003620	DF.classifications_0.25_0.005_366	Singlet	pANN_0.25_0.005_366	0.232558139534884
HRA003620_CCGTAGGAGAGCTGCA-1_1	HRA003620_NC-27	HRA003620	DF.classifications_0.25_0.005_366	Singlet	pANN_0.25_0.005_366	0.0232558139534884
HRA003620_CCGTAGGCACACCTTC-1_1	HRA003620_NC-27	HRA003620	DF.classifications_0.25_0.005_366	Singlet	pANN_0.25_0.005_366	0.162790697674419
HRA003620_CCGTAGGCACGACCTG-1_1	HRA003620_NC-27	HRA003620	DF.classifications_0.25_0.005_366	Singlet	pANN_0.25_0.005_366	0.325581395348837
HRA003620_CCGTAGGCAGGTGTGA-1_1	HRA003620_NC-27	HRA003620	DF.classifications_0.25_0.005_366	Singlet	pANN_0.25_0.005_366	0
HRA003620_CCGTAGGGTAACAAGT-1_1	HRA003620_NC-27	HRA003620	DF.classifications_0.25_0.005_366	Singlet	pANN_0.25_0.005_366	0.0930232558139535
HRA003620_CCGTAGGGTGCAGATG-1_1	HRA003620_NC-27	HRA003620	DF.classifications_0.25_0.005_366	Singlet	pANN_0.25_0.005_366	0.255813953488372
HRA003620_CCGTAGGTCGACGCGT-1_1	HRA003620_NC-27	HRA003620	DF.classifications_0.25_0.005_366	Singlet	pANN_0.25_0.005_366	0.13953488372093
HRA003620_CCGTAGGTCGGCTGTG-1_1	HRA003620_NC-27	HRA003620	DF.classifications_0.25_0.005_366	Singlet	pANN_0.25_0.005_366	0.186046511627907
HRA003620_CCGTAGGTCTGAGGCC-1_1	HRA003620_NC-27	HRA003620	DF.classifications_0.25_0.005_366	Singlet	pANN_0.25_0.005_366	0
HRA003620_CCGTGAGAGCGGTATG-1_1	HRA003620_NC-27	HRA003620	DF.classifications_0.25_0.005_366	Singlet	pANN_0.25_0.005_366	0.0930232558139535
HRA003620_CCGTGAGCATGACGGA-1_1	HRA003620_NC-27	HRA003620	DF.classifications_0.25_0.005_366	Singlet	pANN_0.25_0.005_366	0.0697674418604651
HRA003620_CCGTGAGGTCATCAGT-1_1	HRA003620_NC-27	HRA003620	DF.classifications_0.25_0.005_366	Singlet	pANN_0.25_0.005_366	0.418604651162791
HRA003620_CCGTGAGGTGAATATG-1_1	HRA003620_NC-27	HRA003620	DF.classifications_0.25_0.005_366	Singlet	pANN_0.25_0.005_366	0.302325581395349
HRA003620_CCGTGAGGTTACGGAG-1_1	HRA003620_NC-27	HRA003620	DF.classifications_0.25_0.005_366	Singlet	pANN_0.25_0.005_366	0
HRA003620_CCGTGAGTCGACGTCG-1_1	HRA003620_NC-27	HRA003620	DF.classifications_0.25_0.005_366	Singlet	pANN_0.25_0.005_366	0.325581395348837
HRA003620_CCGTGAGTCTAGCATG-1_1	HRA003620_NC-27	HRA003620	DF.classifications_0.25_0.005_366	Singlet	pANN_0.25_0.005_366	0.0465116279069767
HRA003620_CCGTTCAAGCAGCCTC-1_1	HRA003620_NC-27	HRA003620	DF.classifications_0.25_0.005_366	Singlet	pANN_0.25_0.005_366	0.232558139534884
HRA003620_CCGTTCACAAGAGGTC-1_1	HRA003620_NC-27	HRA003620	DF.classifications_0.25_0.005_366	Singlet	pANN_0.25_0.005_366	0.209302325581395
HRA003620_CCGTTCACAGAGCTAG-1_1	HRA003620_NC-27	HRA003620	DF.classifications_0.25_0.005_366	Singlet	pANN_0.25_0.005_366	0.209302325581395
HRA003620_CCGTTCAGTCATGGCC-1_1	HRA003620_NC-27	HRA003620	DF.classifications_0.25_0.005_366	Singlet	pANN_0.25_0.005_366	0.0232558139534884
HRA003620_CCGTTCATCGCTAATG-1_1	HRA003620_NC-27	HRA003620	DF.classifications_0.25_0.005_366	Singlet	pANN_0.25_0.005_366	0.116279069767442
HRA003620_CCGTTCATCTGCACCT-1_1	HRA003620_NC-27	HRA003620	DF.classifications_0.25_0.005_366	Singlet	pANN_0.25_0.005_366	0.116279069767442
HRA003620_CCTAACCAGCATCTTG-1_1	HRA003620_NC-27	HRA003620	DF.classifications_0.25_0.005_366	Singlet	pANN_0.25_0.005_366	0.232558139534884
HRA003620_CCTAACCAGGCATCTT-1_1	HRA003620_NC-27	HRA003620	DF.classifications_0.25_0.005_366	Singlet	pANN_0.25_0.005_366	0.325581395348837
HRA003620_CCTAACCGTGTTAAAG-1_1	HRA003620_NC-27	HRA003620	DF.classifications_0.25_0.005_366	Singlet	pANN_0.25_0.005_366	0.27906976744186
HRA003620_CCTAACCGTTTAGACC-1_1	HRA003620_NC-27	HRA003620	DF.classifications_0.25_0.005_366	Singlet	pANN_0.25_0.005_366	0.13953488372093
HRA003620_CCTAACCTCCTAGCCT-1_1	HRA003620_NC-27	HRA003620	DF.classifications_0.25_0.005_366	Singlet	pANN_0.25_0.005_366	0.162790697674419
HRA003620_CCTAACCTCGTTCAGA-1_1	HRA003620_NC-27	HRA003620	DF.classifications_0.25_0.005_366	Singlet	pANN_0.25_0.005_366	0.0232558139534884
HRA003620_CCTAACCTCTGTGCTC-1_1	HRA003620_NC-27	HRA003620	DF.classifications_0.25_0.005_366	Singlet	pANN_0.25_0.005_366	0.13953488372093
HRA003620_CCTAAGAAGGGAGGCA-1_1	HRA003620_NC-27	HRA003620	DF.classifications_0.25_0.005_366	Singlet	pANN_0.25_0.005_366	0.0465116279069767
HRA003620_CCTAAGACAGAGAAAG-1_1	HRA003620_NC-27	HRA003620	DF.classifications_0.25_0.005_366	Doublet	pANN_0.25_0.005_366	0.465116279069767
HRA003620_CCTAAGAGTATCGATC-1_1	HRA003620_NC-27	HRA003620	DF.classifications_0.25_0.005_366	Singlet	pANN_0.25_0.005_366	0.0697674418604651
HRA003620_CCTAAGAGTTCCAAAC-1_1	HRA003620_NC-27	HRA003620	DF.classifications_0.25_0.005_366	Singlet	pANN_0.25_0.005_366	0.209302325581395
HRA003620_CCTAAGATCAGCCCAG-1_1	HRA003620_NC-27	HRA003620	DF.classifications_0.25_0.005_366	Singlet	pANN_0.25_0.005_366	0.0930232558139535
HRA003620_CCTAAGATCCAAGCAT-1_1	HRA003620_NC-27	HRA003620	DF.classifications_0.25_0.005_366	Singlet	pANN_0.25_0.005_366	0.162790697674419
HRA003620_CCTAAGATCCTAAGTG-1_1	HRA003620_NC-27	HRA003620	DF.classifications_0.25_0.005_366	Singlet	pANN_0.25_0.005_366	0.162790697674419
HRA003620_CCTACGTAGGTAACTA-1_1	HRA003620_NC-27	HRA003620	DF.classifications_0.25_0.005_366	Singlet	pANN_0.25_0.005_366	0.13953488372093
HRA003620_CCTACGTCAAGAGGTC-1_1	HRA003620_NC-27	HRA003620	DF.classifications_0.25_0.005_366	Singlet	pANN_0.25_0.005_366	0.0465116279069767
HRA003620_CCTACGTCATGAGTAA-1_1	HRA003620_NC-27	HRA003620	DF.classifications_0.25_0.005_366	Singlet	pANN_0.25_0.005_366	0.209302325581395
HRA003620_CCTACGTGTGCATCTA-1_1	HRA003620_NC-27	HRA003620	DF.classifications_0.25_0.005_366	Singlet	pANN_0.25_0.005_366	0.0465116279069767
HRA003620_CCTACGTTCAAGAAAC-1_1	HRA003620_NC-27	HRA003620	DF.classifications_0.25_0.005_366	Singlet	pANN_0.25_0.005_366	0.13953488372093
HRA003620_CCTACGTTCGTTCGCT-1_1	HRA003620_NC-27	HRA003620	DF.classifications_0.25_0.005_366	Singlet	pANN_0.25_0.005_366	0.232558139534884
HRA003620_CCTATCGCACAGACGA-1_1	HRA003620_NC-27	HRA003620	DF.classifications_0.25_0.005_366	Singlet	pANN_0.25_0.005_366	0.0232558139534884
HRA003620_CCTATCGCACCCTATC-1_1	HRA003620_NC-27	HRA003620	DF.classifications_0.25_0.005_366	Singlet	pANN_0.25_0.005_366	0.209302325581395
HRA003620_CCTATCGGTAGGTCAG-1_1	HRA003620_NC-27	HRA003620	DF.classifications_0.25_0.005_366	Singlet	pANN_0.25_0.005_366	0.13953488372093
HRA003620_CCTATCGGTTGGTGTT-1_1	HRA003620_NC-27	HRA003620	DF.classifications_0.25_0.005_366	Singlet	pANN_0.25_0.005_366	0.255813953488372
HRA003620_CCTATCGTCAGGTGTT-1_1	HRA003620_NC-27	HRA003620	DF.classifications_0.25_0.005_366	Singlet	pANN_0.25_0.005_366	0.0232558139534884
HRA003620_CCTATCGTCGCCCAGA-1_1	HRA003620_NC-27	HRA003620	DF.classifications_0.25_0.005_366	Singlet	pANN_0.25_0.005_366	0.0465116279069767
HRA003620_CCTCAACAGGCCCGTT-1_1	HRA003620_NC-27	HRA003620	DF.classifications_0.25_0.005_366	Singlet	pANN_0.25_0.005_366	0.13953488372093
HRA003620_CCTCAACAGGCTTAAA-1_1	HRA003620_NC-27	HRA003620	DF.classifications_0.25_0.005_366	Singlet	pANN_0.25_0.005_366	0.162790697674419
HRA003620_CCTCAACAGGTTGCCC-1_1	HRA003620_NC-27	HRA003620	DF.classifications_0.25_0.005_366	Singlet	pANN_0.25_0.005_366	0.162790697674419
HRA003620_CCTCAACAGTCTCCTC-1_1	HRA003620_NC-27	HRA003620	DF.classifications_0.25_0.005_366	Singlet	pANN_0.25_0.005_366	0.0930232558139535
HRA003620_CCTCAACCACGACTAT-1_1	HRA003620_NC-27	HRA003620	DF.classifications_0.25_0.005_366	Singlet	pANN_0.25_0.005_366	0.186046511627907
HRA003620_CCTCAACCACGTCGTG-1_1	HRA003620_NC-27	HRA003620	DF.classifications_0.25_0.005_366	Singlet	pANN_0.25_0.005_366	0.0697674418604651
HRA003620_CCTCAACCATCAGCAT-1_1	HRA003620_NC-27	HRA003620	DF.classifications_0.25_0.005_366	Singlet	pANN_0.25_0.005_366	0.116279069767442
HRA003620_CCTCAACGTGACAGGT-1_1	HRA003620_NC-27	HRA003620	DF.classifications_0.25_0.005_366	Singlet	pANN_0.25_0.005_366	0.395348837209302
HRA003620_CCTCAACGTTATGTGC-1_1	HRA003620_NC-27	HRA003620	DF.classifications_0.25_0.005_366	Singlet	pANN_0.25_0.005_366	0.186046511627907
HRA003620_CCTCACAAGAGCATTA-1_1	HRA003620_NC-27	HRA003620	DF.classifications_0.25_0.005_366	Singlet	pANN_0.25_0.005_366	0.186046511627907
HRA003620_CCTCACAAGGCTTTCA-1_1	HRA003620_NC-27	HRA003620	DF.classifications_0.25_0.005_366	Doublet	pANN_0.25_0.005_366	0.581395348837209
HRA003620_CCTCACAAGTGAGTTA-1_1	HRA003620_NC-27	HRA003620	DF.classifications_0.25_0.005_366	Singlet	pANN_0.25_0.005_366	0.0930232558139535
HRA003620_CCTCACACACTGGCCA-1_1	HRA003620_NC-27	HRA003620	DF.classifications_0.25_0.005_366	Singlet	pANN_0.25_0.005_366	0.0930232558139535
HRA003620_CCTCACACAGGTGTGA-1_1	HRA003620_NC-27	HRA003620	DF.classifications_0.25_0.005_366	Singlet	pANN_0.25_0.005_366	0.209302325581395
HRA003620_CCTCACAGTCGATTTG-1_1	HRA003620_NC-27	HRA003620	DF.classifications_0.25_0.005_366	Singlet	pANN_0.25_0.005_366	0.302325581395349
HRA003620_CCTCACAGTCGCCACA-1_1	HRA003620_NC-27	HRA003620	DF.classifications_0.25_0.005_366	Doublet	pANN_0.25_0.005_366	0.558139534883721
HRA003620_CCTCACAGTCTTACTT-1_1	HRA003620_NC-27	HRA003620	DF.classifications_0.25_0.005_366	Singlet	pANN_0.25_0.005_366	0.209302325581395
HRA003620_CCTCACATCACGGACC-1_1	HRA003620_NC-27	HRA003620	DF.classifications_0.25_0.005_366	Singlet	pANN_0.25_0.005_366	0.0930232558139535
HRA003620_CCTCACATCATCTCTA-1_1	HRA003620_NC-27	HRA003620	DF.classifications_0.25_0.005_366	Singlet	pANN_0.25_0.005_366	0.0232558139534884
HRA003620_CCTCACATCATTTGGG-1_1	HRA003620_NC-27	HRA003620	DF.classifications_0.25_0.005_366	Singlet	pANN_0.25_0.005_366	0.27906976744186
HRA003620_CCTCACATCGAACCTA-1_1	HRA003620_NC-27	HRA003620	DF.classifications_0.25_0.005_366	Singlet	pANN_0.25_0.005_366	0.162790697674419
HRA003620_CCTCACATCGAGAAGC-1_1	HRA003620_NC-27	HRA003620	DF.classifications_0.25_0.005_366	Singlet	pANN_0.25_0.005_366	0.13953488372093
HRA003620_CCTCAGTAGCCTTCTC-1_1	HRA003620_NC-27	HRA003620	DF.classifications_0.25_0.005_366	Singlet	pANN_0.25_0.005_366	0.13953488372093
HRA003620_CCTCAGTAGCGTATGG-1_1	HRA003620_NC-27	HRA003620	DF.classifications_0.25_0.005_366	Singlet	pANN_0.25_0.005_366	0.209302325581395
HRA003620_CCTCAGTAGTGGCAGT-1_1	HRA003620_NC-27	HRA003620	DF.classifications_0.25_0.005_366	Singlet	pANN_0.25_0.005_366	0.0930232558139535
HRA003620_CCTCAGTCAATCGCCG-1_1	HRA003620_NC-27	HRA003620	DF.classifications_0.25_0.005_366	Singlet	pANN_0.25_0.005_366	0.255813953488372
HRA003620_CCTCAGTCACAGAGCA-1_1	HRA003620_NC-27	HRA003620	DF.classifications_0.25_0.005_366	Singlet	pANN_0.25_0.005_366	0.0697674418604651
HRA003620_CCTCAGTGTGCGAACA-1_1	HRA003620_NC-27	HRA003620	DF.classifications_0.25_0.005_366	Singlet	pANN_0.25_0.005_366	0.162790697674419
HRA003620_CCTCAGTGTTCTTAGG-1_1	HRA003620_NC-27	HRA003620	DF.classifications_0.25_0.005_366	Singlet	pANN_0.25_0.005_366	0.162790697674419
HRA003620_CCTCAGTTCAAATAGG-1_1	HRA003620_NC-27	HRA003620	DF.classifications_0.25_0.005_366	Singlet	pANN_0.25_0.005_366	0.13953488372093
HRA003620_CCTCAGTTCGAGAAAT-1_1	HRA003620_NC-27	HRA003620	DF.classifications_0.25_0.005_366	Singlet	pANN_0.25_0.005_366	0.186046511627907
HRA003620_CCTCAGTTCTTAATCC-1_1	HRA003620_NC-27	HRA003620	DF.classifications_0.25_0.005_366	Singlet	pANN_0.25_0.005_366	0.302325581395349
HRA003620_CCTCATGAGGCATCAG-1_1	HRA003620_NC-27	HRA003620	DF.classifications_0.25_0.005_366	Singlet	pANN_0.25_0.005_366	0.348837209302326
HRA003620_CCTCATGAGGTGGCTA-1_1	HRA003620_NC-27	HRA003620	DF.classifications_0.25_0.005_366	Singlet	pANN_0.25_0.005_366	0.395348837209302
HRA003620_CCTCATGCAAAGAGTT-1_1	HRA003620_NC-27	HRA003620	DF.classifications_0.25_0.005_366	Singlet	pANN_0.25_0.005_366	0.27906976744186
HRA003620_CCTCATGCACGAGGAT-1_1	HRA003620_NC-27	HRA003620	DF.classifications_0.25_0.005_366	Singlet	pANN_0.25_0.005_366	0
HRA003620_CCTCATGCACGCTATA-1_1	HRA003620_NC-27	HRA003620	DF.classifications_0.25_0.005_366	Singlet	pANN_0.25_0.005_366	0.0465116279069767
HRA003620_CCTCATGGTACGTTCA-1_1	HRA003620_NC-27	HRA003620	DF.classifications_0.25_0.005_366	Singlet	pANN_0.25_0.005_366	0
HRA003620_CCTCATGGTTGGACCC-1_1	HRA003620_NC-27	HRA003620	DF.classifications_0.25_0.005_366	Singlet	pANN_0.25_0.005_366	0.13953488372093
HRA003620_CCTCATGTCCACTAGA-1_1	HRA003620_NC-27	HRA003620	DF.classifications_0.25_0.005_366	Singlet	pANN_0.25_0.005_366	0.116279069767442
HRA003620_CCTCATGTCTCCCAAC-1_1	HRA003620_NC-27	HRA003620	DF.classifications_0.25_0.005_366	Singlet	pANN_0.25_0.005_366	0.209302325581395
HRA003620_CCTCATGTCTGGGCAC-1_1	HRA003620_NC-27	HRA003620	DF.classifications_0.25_0.005_366	Singlet	pANN_0.25_0.005_366	0.418604651162791
HRA003620_CCTCCAAAGAAGTGTT-1_1	HRA003620_NC-27	HRA003620	DF.classifications_0.25_0.005_366	Singlet	pANN_0.25_0.005_366	0.162790697674419
HRA003620_CCTCCAACACTGGCGT-1_1	HRA003620_NC-27	HRA003620	DF.classifications_0.25_0.005_366	Singlet	pANN_0.25_0.005_366	0.27906976744186
HRA003620_CCTCCAATCATCGGGC-1_1	HRA003620_NC-27	HRA003620	DF.classifications_0.25_0.005_366	Singlet	pANN_0.25_0.005_366	0
HRA003620_CCTCCAATCCGTCAAA-1_1	HRA003620_NC-27	HRA003620	DF.classifications_0.25_0.005_366	Singlet	pANN_0.25_0.005_366	0.0697674418604651
HRA003620_CCTCCAATCTGAATGC-1_1	HRA003620_NC-27	HRA003620	DF.classifications_0.25_0.005_366	Singlet	pANN_0.25_0.005_366	0.13953488372093
HRA003620_CCTCCTCAGGACTAAT-1_1	HRA003620_NC-27	HRA003620	DF.classifications_0.25_0.005_366	Singlet	pANN_0.25_0.005_366	0.186046511627907
HRA003620_CCTCCTCAGGCACGAT-1_1	HRA003620_NC-27	HRA003620	DF.classifications_0.25_0.005_366	Singlet	pANN_0.25_0.005_366	0.116279069767442
HRA003620_CCTCCTCGTATGAGGC-1_1	HRA003620_NC-27	HRA003620	DF.classifications_0.25_0.005_366	Singlet	pANN_0.25_0.005_366	0.27906976744186
HRA003620_CCTCCTCGTCAAGTTC-1_1	HRA003620_NC-27	HRA003620	DF.classifications_0.25_0.005_366	Singlet	pANN_0.25_0.005_366	0.0697674418604651
HRA003620_CCTCCTCGTCGTCTCT-1_1	HRA003620_NC-27	HRA003620	DF.classifications_0.25_0.005_366	Singlet	pANN_0.25_0.005_366	0.27906976744186
HRA003620_CCTCTAGAGCGTTCAT-1_1	HRA003620_NC-27	HRA003620	DF.classifications_0.25_0.005_366	Singlet	pANN_0.25_0.005_366	0.0465116279069767
HRA003620_CCTCTAGCAGGCTACC-1_1	HRA003620_NC-27	HRA003620	DF.classifications_0.25_0.005_366	Singlet	pANN_0.25_0.005_366	0.232558139534884
HRA003620_CCTCTAGGTGTGAGCA-1_1	HRA003620_NC-27	HRA003620	DF.classifications_0.25_0.005_366	Singlet	pANN_0.25_0.005_366	0.162790697674419
HRA003620_CCTCTAGTCTAGCAAC-1_1	HRA003620_NC-27	HRA003620	DF.classifications_0.25_0.005_366	Singlet	pANN_0.25_0.005_366	0.116279069767442
HRA003620_CCTCTCCAGGTCGTAG-1_1	HRA003620_NC-27	HRA003620	DF.classifications_0.25_0.005_366	Singlet	pANN_0.25_0.005_366	0.255813953488372
HRA003620_CCTCTCCCACTGTCCT-1_1	HRA003620_NC-27	HRA003620	DF.classifications_0.25_0.005_366	Singlet	pANN_0.25_0.005_366	0.13953488372093
HRA003620_CCTCTCCGTATGTCTG-1_1	HRA003620_NC-27	HRA003620	DF.classifications_0.25_0.005_366	Singlet	pANN_0.25_0.005_366	0.27906976744186
HRA003620_CCTCTCCTCAGCTAGT-1_1	HRA003620_NC-27	HRA003620	DF.classifications_0.25_0.005_366	Singlet	pANN_0.25_0.005_366	0.232558139534884
HRA003620_CCTCTCCTCCTACCAC-1_1	HRA003620_NC-27	HRA003620	DF.classifications_0.25_0.005_366	Singlet	pANN_0.25_0.005_366	0.232558139534884
HRA003620_CCTCTCCTCTGGTGCG-1_1	HRA003620_NC-27	HRA003620	DF.classifications_0.25_0.005_366	Singlet	pANN_0.25_0.005_366	0.0697674418604651
HRA003620_CCTGCATAGGCCTAGA-1_1	HRA003620_NC-27	HRA003620	DF.classifications_0.25_0.005_366	Singlet	pANN_0.25_0.005_366	0.27906976744186
HRA003620_CCTGCATAGTCAATCC-1_1	HRA003620_NC-27	HRA003620	DF.classifications_0.25_0.005_366	Singlet	pANN_0.25_0.005_366	0.0930232558139535
HRA003620_CCTGCATCACCGGTCA-1_1	HRA003620_NC-27	HRA003620	DF.classifications_0.25_0.005_366	Singlet	pANN_0.25_0.005_366	0.13953488372093
HRA003620_CCTGCATCAGCAGTAG-1_1	HRA003620_NC-27	HRA003620	DF.classifications_0.25_0.005_366	Singlet	pANN_0.25_0.005_366	0.0465116279069767
HRA003620_CCTGCATCAGCTGTGC-1_1	HRA003620_NC-27	HRA003620	DF.classifications_0.25_0.005_366	Singlet	pANN_0.25_0.005_366	0.186046511627907
HRA003620_CCTGCATGTAATTAGG-1_1	HRA003620_NC-27	HRA003620	DF.classifications_0.25_0.005_366	Singlet	pANN_0.25_0.005_366	0.116279069767442
HRA003620_CCTGCATGTACCAGAG-1_1	HRA003620_NC-27	HRA003620	DF.classifications_0.25_0.005_366	Singlet	pANN_0.25_0.005_366	0.162790697674419
HRA003620_CCTGCATGTAGTCTGT-1_1	HRA003620_NC-27	HRA003620	DF.classifications_0.25_0.005_366	Doublet	pANN_0.25_0.005_366	0.627906976744186
HRA003620_CCTGCATGTGTGTACT-1_1	HRA003620_NC-27	HRA003620	DF.classifications_0.25_0.005_366	Singlet	pANN_0.25_0.005_366	0.116279069767442
HRA003620_CCTGTTGAGGATTTAG-1_1	HRA003620_NC-27	HRA003620	DF.classifications_0.25_0.005_366	Singlet	pANN_0.25_0.005_366	0.255813953488372
HRA003620_CCTGTTGAGTTCAACC-1_1	HRA003620_NC-27	HRA003620	DF.classifications_0.25_0.005_366	Singlet	pANN_0.25_0.005_366	0.255813953488372
HRA003620_CCTGTTGCAAGCTCTA-1_1	HRA003620_NC-27	HRA003620	DF.classifications_0.25_0.005_366	Singlet	pANN_0.25_0.005_366	0.13953488372093
HRA003620_CCTGTTGCATGGGATG-1_1	HRA003620_NC-27	HRA003620	DF.classifications_0.25_0.005_366	Singlet	pANN_0.25_0.005_366	0.325581395348837
HRA003620_CCTGTTGGTCACTAGT-1_1	HRA003620_NC-27	HRA003620	DF.classifications_0.25_0.005_366	Singlet	pANN_0.25_0.005_366	0.209302325581395
HRA003620_CCTGTTGGTCGTGTTA-1_1	HRA003620_NC-27	HRA003620	DF.classifications_0.25_0.005_366	Singlet	pANN_0.25_0.005_366	0.255813953488372
HRA003620_CCTGTTGGTTATAGAG-1_1	HRA003620_NC-27	HRA003620	DF.classifications_0.25_0.005_366	Singlet	pANN_0.25_0.005_366	0
HRA003620_CCTGTTGGTTGTACGT-1_1	HRA003620_NC-27	HRA003620	DF.classifications_0.25_0.005_366	Singlet	pANN_0.25_0.005_366	0.325581395348837
HRA003620_CCTGTTGTCAATCCAG-1_1	HRA003620_NC-27	HRA003620	DF.classifications_0.25_0.005_366	Singlet	pANN_0.25_0.005_366	0.186046511627907
HRA003620_CCTGTTGTCCTGCTAC-1_1	HRA003620_NC-27	HRA003620	DF.classifications_0.25_0.005_366	Singlet	pANN_0.25_0.005_366	0
HRA003620_CCTGTTGTCGAGCTGC-1_1	HRA003620_NC-27	HRA003620	DF.classifications_0.25_0.005_366	Singlet	pANN_0.25_0.005_366	0.116279069767442
HRA003620_CCTGTTGTCTTCGATT-1_1	HRA003620_NC-27	HRA003620	DF.classifications_0.25_0.005_366	Singlet	pANN_0.25_0.005_366	0.0930232558139535
HRA003620_CCTTCAGCACGTAACT-1_1	HRA003620_NC-27	HRA003620	DF.classifications_0.25_0.005_366	Singlet	pANN_0.25_0.005_366	0.116279069767442
HRA003620_CCTTCAGCACTTTAGG-1_1	HRA003620_NC-27	HRA003620	DF.classifications_0.25_0.005_366	Singlet	pANN_0.25_0.005_366	0.0465116279069767
HRA003620_CCTTCAGCAGATTCGT-1_1	HRA003620_NC-27	HRA003620	DF.classifications_0.25_0.005_366	Singlet	pANN_0.25_0.005_366	0.255813953488372
HRA003620_CCTTCAGCATAGGCGA-1_1	HRA003620_NC-27	HRA003620	DF.classifications_0.25_0.005_366	Singlet	pANN_0.25_0.005_366	0.348837209302326
HRA003620_CCTTCAGCATCCGATA-1_1	HRA003620_NC-27	HRA003620	DF.classifications_0.25_0.005_366	Singlet	pANN_0.25_0.005_366	0.209302325581395
HRA003620_CCTTCAGGTTCTGAGT-1_1	HRA003620_NC-27	HRA003620	DF.classifications_0.25_0.005_366	Singlet	pANN_0.25_0.005_366	0.116279069767442
HRA003620_CCTTCAGTCGTGGCTG-1_1	HRA003620_NC-27	HRA003620	DF.classifications_0.25_0.005_366	Singlet	pANN_0.25_0.005_366	0.232558139534884
HRA003620_CCTTGTGAGCATGCAG-1_1	HRA003620_NC-27	HRA003620	DF.classifications_0.25_0.005_366	Singlet	pANN_0.25_0.005_366	0.0232558139534884
HRA003620_CCTTGTGCAAATGATG-1_1	HRA003620_NC-27	HRA003620	DF.classifications_0.25_0.005_366	Singlet	pANN_0.25_0.005_366	0.0697674418604651
HRA003620_CCTTGTGCAGCGGATA-1_1	HRA003620_NC-27	HRA003620	DF.classifications_0.25_0.005_366	Singlet	pANN_0.25_0.005_366	0.186046511627907
HRA003620_CCTTGTGGTAGCGATG-1_1	HRA003620_NC-27	HRA003620	DF.classifications_0.25_0.005_366	Singlet	pANN_0.25_0.005_366	0.0930232558139535
HRA003620_CCTTGTGTCCTGGTCT-1_1	HRA003620_NC-27	HRA003620	DF.classifications_0.25_0.005_366	Singlet	pANN_0.25_0.005_366	0.0465116279069767
HRA003620_CCTTTGGAGAAGCGCT-1_1	HRA003620_NC-27	HRA003620	DF.classifications_0.25_0.005_366	Singlet	pANN_0.25_0.005_366	0.186046511627907
HRA003620_CCTTTGGAGAGGGCGA-1_1	HRA003620_NC-27	HRA003620	DF.classifications_0.25_0.005_366	Singlet	pANN_0.25_0.005_366	0.0930232558139535
HRA003620_CCTTTGGAGGGTGGGA-1_1	HRA003620_NC-27	HRA003620	DF.classifications_0.25_0.005_366	Singlet	pANN_0.25_0.005_366	0.0465116279069767
HRA003620_CCTTTGGCACTATGTG-1_1	HRA003620_NC-27	HRA003620	DF.classifications_0.25_0.005_366	Singlet	pANN_0.25_0.005_366	0.13953488372093
HRA003620_CCTTTGGCAGACTGCC-1_1	HRA003620_NC-27	HRA003620	DF.classifications_0.25_0.005_366	Singlet	pANN_0.25_0.005_366	0.302325581395349
HRA003620_CCTTTGGCAGGACTAG-1_1	HRA003620_NC-27	HRA003620	DF.classifications_0.25_0.005_366	Singlet	pANN_0.25_0.005_366	0.0465116279069767
HRA003620_CCTTTGGGTAATGATG-1_1	HRA003620_NC-27	HRA003620	DF.classifications_0.25_0.005_366	Singlet	pANN_0.25_0.005_366	0.13953488372093
HRA003620_CCTTTGGGTACTAGCT-1_1	HRA003620_NC-27	HRA003620	DF.classifications_0.25_0.005_366	Singlet	pANN_0.25_0.005_366	0.186046511627907
HRA003620_CCTTTGGGTCACGCTG-1_1	HRA003620_NC-27	HRA003620	DF.classifications_0.25_0.005_366	Singlet	pANN_0.25_0.005_366	0.0930232558139535
HRA003620_CCTTTGGGTTGATGTC-1_1	HRA003620_NC-27	HRA003620	DF.classifications_0.25_0.005_366	Singlet	pANN_0.25_0.005_366	0.209302325581395
HRA003620_CCTTTGGTCGTGCTCT-1_1	HRA003620_NC-27	HRA003620	DF.classifications_0.25_0.005_366	Singlet	pANN_0.25_0.005_366	0.0697674418604651
HRA003620_CGAAGGAAGACCCTTA-1_1	HRA003620_NC-27	HRA003620	DF.classifications_0.25_0.005_366	Singlet	pANN_0.25_0.005_366	0.0465116279069767
HRA003620_CGAAGGACAACCGGAA-1_1	HRA003620_NC-27	HRA003620	DF.classifications_0.25_0.005_366	Singlet	pANN_0.25_0.005_366	0.0930232558139535
HRA003620_CGAAGGACACCAACAT-1_1	HRA003620_NC-27	HRA003620	DF.classifications_0.25_0.005_366	Singlet	pANN_0.25_0.005_366	0.0930232558139535
HRA003620_CGAAGGACAGTTCACA-1_1	HRA003620_NC-27	HRA003620	DF.classifications_0.25_0.005_366	Singlet	pANN_0.25_0.005_366	0.0697674418604651
HRA003620_CGAAGGAGTACTCGTA-1_1	HRA003620_NC-27	HRA003620	DF.classifications_0.25_0.005_366	Singlet	pANN_0.25_0.005_366	0.255813953488372
HRA003620_CGAAGGATCGTCGGGT-1_1	HRA003620_NC-27	HRA003620	DF.classifications_0.25_0.005_366	Singlet	pANN_0.25_0.005_366	0.255813953488372
HRA003620_CGAAGGATCTCCATAT-1_1	HRA003620_NC-27	HRA003620	DF.classifications_0.25_0.005_366	Singlet	pANN_0.25_0.005_366	0.13953488372093
HRA003620_CGAAGTTCAAAGCTCT-1_1	HRA003620_NC-27	HRA003620	DF.classifications_0.25_0.005_366	Singlet	pANN_0.25_0.005_366	0.13953488372093
HRA003620_CGAAGTTCACTTCATT-1_1	HRA003620_NC-27	HRA003620	DF.classifications_0.25_0.005_366	Singlet	pANN_0.25_0.005_366	0.186046511627907
HRA003620_CGAAGTTCAGAGGACT-1_1	HRA003620_NC-27	HRA003620	DF.classifications_0.25_0.005_366	Singlet	pANN_0.25_0.005_366	0.27906976744186
HRA003620_CGAAGTTCATGGGCAA-1_1	HRA003620_NC-27	HRA003620	DF.classifications_0.25_0.005_366	Singlet	pANN_0.25_0.005_366	0.348837209302326
HRA003620_CGAAGTTTCTTCACAT-1_1	HRA003620_NC-27	HRA003620	DF.classifications_0.25_0.005_366	Singlet	pANN_0.25_0.005_366	0.372093023255814
HRA003620_CGAATTGAGTCCGCCA-1_1	HRA003620_NC-27	HRA003620	DF.classifications_0.25_0.005_366	Singlet	pANN_0.25_0.005_366	0
HRA003620_CGAATTGGTCTTTCTA-1_1	HRA003620_NC-27	HRA003620	DF.classifications_0.25_0.005_366	Doublet	pANN_0.25_0.005_366	0.488372093023256
HRA003620_CGAATTGTCGGTAGGA-1_1	HRA003620_NC-27	HRA003620	DF.classifications_0.25_0.005_366	Singlet	pANN_0.25_0.005_366	0.325581395348837
HRA003620_CGACAGCAGATGGCGT-1_1	HRA003620_NC-27	HRA003620	DF.classifications_0.25_0.005_366	Singlet	pANN_0.25_0.005_366	0.13953488372093
HRA003620_CGACAGCAGGGCATGT-1_1	HRA003620_NC-27	HRA003620	DF.classifications_0.25_0.005_366	Singlet	pANN_0.25_0.005_366	0.255813953488372
HRA003620_CGACAGCAGGTCACCC-1_1	HRA003620_NC-27	HRA003620	DF.classifications_0.25_0.005_366	Singlet	pANN_0.25_0.005_366	0.13953488372093
HRA003620_CGACAGCCACGACAGA-1_1	HRA003620_NC-27	HRA003620	DF.classifications_0.25_0.005_366	Singlet	pANN_0.25_0.005_366	0.232558139534884
HRA003620_CGACAGCCAGTAGTTC-1_1	HRA003620_NC-27	HRA003620	DF.classifications_0.25_0.005_366	Singlet	pANN_0.25_0.005_366	0.302325581395349
HRA003620_CGACAGCGTGTGCCTG-1_1	HRA003620_NC-27	HRA003620	DF.classifications_0.25_0.005_366	Singlet	pANN_0.25_0.005_366	0.186046511627907
HRA003620_CGACAGCTCTTTGGAG-1_1	HRA003620_NC-27	HRA003620	DF.classifications_0.25_0.005_366	Singlet	pANN_0.25_0.005_366	0.116279069767442
HRA003620_CGAGAAGAGCTGGCCT-1_1	HRA003620_NC-27	HRA003620	DF.classifications_0.25_0.005_366	Singlet	pANN_0.25_0.005_366	0.232558139534884
HRA003620_CGAGAAGAGCTTGTGT-1_1	HRA003620_NC-27	HRA003620	DF.classifications_0.25_0.005_366	Singlet	pANN_0.25_0.005_366	0.27906976744186
HRA003620_CGAGAAGAGGCGTTGA-1_1	HRA003620_NC-27	HRA003620	DF.classifications_0.25_0.005_366	Singlet	pANN_0.25_0.005_366	0.0697674418604651
HRA003620_CGAGAAGGTAAGGCTG-1_1	HRA003620_NC-27	HRA003620	DF.classifications_0.25_0.005_366	Singlet	pANN_0.25_0.005_366	0
HRA003620_CGAGAAGGTCACGTGC-1_1	HRA003620_NC-27	HRA003620	DF.classifications_0.25_0.005_366	Singlet	pANN_0.25_0.005_366	0.27906976744186
HRA003620_CGAGAAGTCCACTGGG-1_1	HRA003620_NC-27	HRA003620	DF.classifications_0.25_0.005_366	Singlet	pANN_0.25_0.005_366	0.0232558139534884
HRA003620_CGAGGAAAGCTTTCCC-1_1	HRA003620_NC-27	HRA003620	DF.classifications_0.25_0.005_366	Singlet	pANN_0.25_0.005_366	0.116279069767442
HRA003620_CGAGGAAAGGCTCTCG-1_1	HRA003620_NC-27	HRA003620	DF.classifications_0.25_0.005_366	Singlet	pANN_0.25_0.005_366	0.0232558139534884
HRA003620_CGAGGAAAGGTCGTAG-1_1	HRA003620_NC-27	HRA003620	DF.classifications_0.25_0.005_366	Doublet	pANN_0.25_0.005_366	0.627906976744186
HRA003620_CGAGGAACAGCACACC-1_1	HRA003620_NC-27	HRA003620	DF.classifications_0.25_0.005_366	Singlet	pANN_0.25_0.005_366	0.255813953488372
HRA003620_CGAGGAATCACCATGA-1_1	HRA003620_NC-27	HRA003620	DF.classifications_0.25_0.005_366	Singlet	pANN_0.25_0.005_366	0.162790697674419
HRA003620_CGAGGAATCCACGAAT-1_1	HRA003620_NC-27	HRA003620	DF.classifications_0.25_0.005_366	Singlet	pANN_0.25_0.005_366	0.0697674418604651
HRA003620_CGAGGAATCGAAACAA-1_1	HRA003620_NC-27	HRA003620	DF.classifications_0.25_0.005_366	Singlet	pANN_0.25_0.005_366	0
HRA003620_CGAGGAATCGCGCTGA-1_1	HRA003620_NC-27	HRA003620	DF.classifications_0.25_0.005_366	Singlet	pANN_0.25_0.005_366	0.232558139534884
HRA003620_CGAGGAATCTTCCTAA-1_1	HRA003620_NC-27	HRA003620	DF.classifications_0.25_0.005_366	Singlet	pANN_0.25_0.005_366	0.0697674418604651
HRA003620_CGAGGCTAGAGTAACT-1_1	HRA003620_NC-27	HRA003620	DF.classifications_0.25_0.005_366	Singlet	pANN_0.25_0.005_366	0.0465116279069767
HRA003620_CGAGGCTCACGAGGAT-1_1	HRA003620_NC-27	HRA003620	DF.classifications_0.25_0.005_366	Singlet	pANN_0.25_0.005_366	0
HRA003620_CGAGGCTCACTACCCT-1_1	HRA003620_NC-27	HRA003620	DF.classifications_0.25_0.005_366	Singlet	pANN_0.25_0.005_366	0.116279069767442
HRA003620_CGAGGCTCAGGTCCGT-1_1	HRA003620_NC-27	HRA003620	DF.classifications_0.25_0.005_366	Doublet	pANN_0.25_0.005_366	0.441860465116279
HRA003620_CGAGGCTGTTGATGTC-1_1	HRA003620_NC-27	HRA003620	DF.classifications_0.25_0.005_366	Singlet	pANN_0.25_0.005_366	0.116279069767442
HRA003620_CGAGGCTTCTTACTGT-1_1	HRA003620_NC-27	HRA003620	DF.classifications_0.25_0.005_366	Singlet	pANN_0.25_0.005_366	0.0465116279069767
HRA003620_CGAGTGCAGATGGCAC-1_1	HRA003620_NC-27	HRA003620	DF.classifications_0.25_0.005_366	Singlet	pANN_0.25_0.005_366	0.209302325581395
HRA003620_CGAGTGCAGGCTCTAT-1_1	HRA003620_NC-27	HRA003620	DF.classifications_0.25_0.005_366	Singlet	pANN_0.25_0.005_366	0.232558139534884
HRA003620_CGAGTGCCACCGGTCA-1_1	HRA003620_NC-27	HRA003620	DF.classifications_0.25_0.005_366	Singlet	pANN_0.25_0.005_366	0.0697674418604651
HRA003620_CGAGTGCCACGACGAA-1_1	HRA003620_NC-27	HRA003620	DF.classifications_0.25_0.005_366	Singlet	pANN_0.25_0.005_366	0.0465116279069767
HRA003620_CGAGTGCGTGAACTAA-1_1	HRA003620_NC-27	HRA003620	DF.classifications_0.25_0.005_366	Singlet	pANN_0.25_0.005_366	0
HRA003620_CGAGTGCGTGGTAATA-1_1	HRA003620_NC-27	HRA003620	DF.classifications_0.25_0.005_366	Singlet	pANN_0.25_0.005_366	0
HRA003620_CGAGTGCGTTGCCGCA-1_1	HRA003620_NC-27	HRA003620	DF.classifications_0.25_0.005_366	Singlet	pANN_0.25_0.005_366	0
HRA003620_CGAGTGCTCAGTGTTG-1_1	HRA003620_NC-27	HRA003620	DF.classifications_0.25_0.005_366	Singlet	pANN_0.25_0.005_366	0.0232558139534884
HRA003620_CGAGTGCTCGGTCAGC-1_1	HRA003620_NC-27	HRA003620	DF.classifications_0.25_0.005_366	Singlet	pANN_0.25_0.005_366	0.162790697674419
HRA003620_CGAGTTAAGAGGTTAT-1_1	HRA003620_NC-27	HRA003620	DF.classifications_0.25_0.005_366	Singlet	pANN_0.25_0.005_366	0
HRA003620_CGAGTTAAGAGTTGAT-1_1	HRA003620_NC-27	HRA003620	DF.classifications_0.25_0.005_366	Singlet	pANN_0.25_0.005_366	0.13953488372093
HRA003620_CGAGTTAAGGCTTCCG-1_1	HRA003620_NC-27	HRA003620	DF.classifications_0.25_0.005_366	Singlet	pANN_0.25_0.005_366	0.0930232558139535
HRA003620_CGAGTTACAGTCCCGA-1_1	HRA003620_NC-27	HRA003620	DF.classifications_0.25_0.005_366	Singlet	pANN_0.25_0.005_366	0.0697674418604651
HRA003620_CGAGTTACATCCTAAG-1_1	HRA003620_NC-27	HRA003620	DF.classifications_0.25_0.005_366	Singlet	pANN_0.25_0.005_366	0.209302325581395
HRA003620_CGAGTTACATGTACGT-1_1	HRA003620_NC-27	HRA003620	DF.classifications_0.25_0.005_366	Singlet	pANN_0.25_0.005_366	0.0930232558139535
HRA003620_CGAGTTAGTATTGCCA-1_1	HRA003620_NC-27	HRA003620	DF.classifications_0.25_0.005_366	Singlet	pANN_0.25_0.005_366	0.395348837209302
HRA003620_CGAGTTAGTCCAAAGG-1_1	HRA003620_NC-27	HRA003620	DF.classifications_0.25_0.005_366	Singlet	pANN_0.25_0.005_366	0
HRA003620_CGAGTTATCGCCTTGT-1_1	HRA003620_NC-27	HRA003620	DF.classifications_0.25_0.005_366	Singlet	pANN_0.25_0.005_366	0
HRA003620_CGATCGGAGCTCCATA-1_1	HRA003620_NC-27	HRA003620	DF.classifications_0.25_0.005_366	Singlet	pANN_0.25_0.005_366	0.0232558139534884
HRA003620_CGATCGGCACACAGAG-1_1	HRA003620_NC-27	HRA003620	DF.classifications_0.25_0.005_366	Singlet	pANN_0.25_0.005_366	0.162790697674419
HRA003620_CGATCGGTCAGGACAG-1_1	HRA003620_NC-27	HRA003620	DF.classifications_0.25_0.005_366	Singlet	pANN_0.25_0.005_366	0
HRA003620_CGATCGGTCCCGAATA-1_1	HRA003620_NC-27	HRA003620	DF.classifications_0.25_0.005_366	Singlet	pANN_0.25_0.005_366	0.255813953488372
HRA003620_CGATCGGTCGGCTGAC-1_1	HRA003620_NC-27	HRA003620	DF.classifications_0.25_0.005_366	Singlet	pANN_0.25_0.005_366	0.27906976744186
HRA003620_CGATGCGAGCAGCGAT-1_1	HRA003620_NC-27	HRA003620	DF.classifications_0.25_0.005_366	Singlet	pANN_0.25_0.005_366	0.13953488372093
HRA003620_CGATGCGAGCCTGAAG-1_1	HRA003620_NC-27	HRA003620	DF.classifications_0.25_0.005_366	Singlet	pANN_0.25_0.005_366	0.255813953488372
HRA003620_CGATGCGCAGAGTTCT-1_1	HRA003620_NC-27	HRA003620	DF.classifications_0.25_0.005_366	Singlet	pANN_0.25_0.005_366	0.0465116279069767
HRA003620_CGATGCGGTCGTAATC-1_1	HRA003620_NC-27	HRA003620	DF.classifications_0.25_0.005_366	Singlet	pANN_0.25_0.005_366	0.209302325581395
HRA003620_CGATGCGGTTGCCATA-1_1	HRA003620_NC-27	HRA003620	DF.classifications_0.25_0.005_366	Singlet	pANN_0.25_0.005_366	0.0232558139534884
HRA003620_CGATGCGTCCAAGAGG-1_1	HRA003620_NC-27	HRA003620	DF.classifications_0.25_0.005_366	Singlet	pANN_0.25_0.005_366	0.13953488372093
HRA003620_CGATGCGTCCCGAGAC-1_1	HRA003620_NC-27	HRA003620	DF.classifications_0.25_0.005_366	Singlet	pANN_0.25_0.005_366	0.0697674418604651
HRA003620_CGATGCGTCCGATGCG-1_1	HRA003620_NC-27	HRA003620	DF.classifications_0.25_0.005_366	Singlet	pANN_0.25_0.005_366	0
HRA003620_CGATGCGTCGCCGATG-1_1	HRA003620_NC-27	HRA003620	DF.classifications_0.25_0.005_366	Singlet	pANN_0.25_0.005_366	0.302325581395349
HRA003620_CGATGCGTCGTTCGCT-1_1	HRA003620_NC-27	HRA003620	DF.classifications_0.25_0.005_366	Singlet	pANN_0.25_0.005_366	0.116279069767442
HRA003620_CGATGCGTCTACGGGC-1_1	HRA003620_NC-27	HRA003620	DF.classifications_0.25_0.005_366	Singlet	pANN_0.25_0.005_366	0.348837209302326
HRA003620_CGATGGCAGAATAACC-1_1	HRA003620_NC-27	HRA003620	DF.classifications_0.25_0.005_366	Singlet	pANN_0.25_0.005_366	0
HRA003620_CGATGGCAGCAGTAAT-1_1	HRA003620_NC-27	HRA003620	DF.classifications_0.25_0.005_366	Singlet	pANN_0.25_0.005_366	0
HRA003620_CGATGGCAGCTTCTAG-1_1	HRA003620_NC-27	HRA003620	DF.classifications_0.25_0.005_366	Singlet	pANN_0.25_0.005_366	0.0930232558139535
HRA003620_CGATGGCCACAAGCTT-1_1	HRA003620_NC-27	HRA003620	DF.classifications_0.25_0.005_366	Singlet	pANN_0.25_0.005_366	0.232558139534884
HRA003620_CGATGGCCACGTTGGC-1_1	HRA003620_NC-27	HRA003620	DF.classifications_0.25_0.005_366	Singlet	pANN_0.25_0.005_366	0.209302325581395
HRA003620_CGCAGGTCAAGCGGAT-1_1	HRA003620_NC-27	HRA003620	DF.classifications_0.25_0.005_366	Singlet	pANN_0.25_0.005_366	0.0697674418604651
HRA003620_CGCAGGTCAATGCAAA-1_1	HRA003620_NC-27	HRA003620	DF.classifications_0.25_0.005_366	Singlet	pANN_0.25_0.005_366	0.116279069767442
HRA003620_CGCAGGTCAGAGAAAG-1_1	HRA003620_NC-27	HRA003620	DF.classifications_0.25_0.005_366	Singlet	pANN_0.25_0.005_366	0.116279069767442
HRA003620_CGCAGGTCAGTGGGTA-1_1	HRA003620_NC-27	HRA003620	DF.classifications_0.25_0.005_366	Singlet	pANN_0.25_0.005_366	0.325581395348837
HRA003620_CGCAGGTGTATCCCTC-1_1	HRA003620_NC-27	HRA003620	DF.classifications_0.25_0.005_366	Singlet	pANN_0.25_0.005_366	0.232558139534884
HRA003620_CGCAGGTGTGAGATAT-1_1	HRA003620_NC-27	HRA003620	DF.classifications_0.25_0.005_366	Doublet	pANN_0.25_0.005_366	0.488372093023256
HRA003620_CGCAGGTTCAAGCCCG-1_1	HRA003620_NC-27	HRA003620	DF.classifications_0.25_0.005_366	Singlet	pANN_0.25_0.005_366	0.27906976744186
HRA003620_CGCAGGTTCAGCTCTC-1_1	HRA003620_NC-27	HRA003620	DF.classifications_0.25_0.005_366	Singlet	pANN_0.25_0.005_366	0
HRA003620_CGCAGGTTCATGGCCG-1_1	HRA003620_NC-27	HRA003620	DF.classifications_0.25_0.005_366	Singlet	pANN_0.25_0.005_366	0.348837209302326
HRA003620_CGCAGGTTCCGACGGT-1_1	HRA003620_NC-27	HRA003620	DF.classifications_0.25_0.005_366	Singlet	pANN_0.25_0.005_366	0.0232558139534884
HRA003620_CGCAGGTTCGACGCTG-1_1	HRA003620_NC-27	HRA003620	DF.classifications_0.25_0.005_366	Doublet	pANN_0.25_0.005_366	0.790697674418605
HRA003620_CGCATAAAGTGGCCTC-1_1	HRA003620_NC-27	HRA003620	DF.classifications_0.25_0.005_366	Singlet	pANN_0.25_0.005_366	0.0232558139534884
HRA003620_CGCATAACAATGTCTG-1_1	HRA003620_NC-27	HRA003620	DF.classifications_0.25_0.005_366	Singlet	pANN_0.25_0.005_366	0.255813953488372
HRA003620_CGCATAACACCAGCTG-1_1	HRA003620_NC-27	HRA003620	DF.classifications_0.25_0.005_366	Singlet	pANN_0.25_0.005_366	0.325581395348837
HRA003620_CGCATAAGTTCAAGTC-1_1	HRA003620_NC-27	HRA003620	DF.classifications_0.25_0.005_366	Singlet	pANN_0.25_0.005_366	0.255813953488372
HRA003620_CGCATAATCATTCTTG-1_1	HRA003620_NC-27	HRA003620	DF.classifications_0.25_0.005_366	Singlet	pANN_0.25_0.005_366	0.255813953488372
HRA003620_CGCATAATCGTTTACT-1_1	HRA003620_NC-27	HRA003620	DF.classifications_0.25_0.005_366	Singlet	pANN_0.25_0.005_366	0.13953488372093
HRA003620_CGCATAATCTTTGATC-1_1	HRA003620_NC-27	HRA003620	DF.classifications_0.25_0.005_366	Singlet	pANN_0.25_0.005_366	0.255813953488372
HRA003620_CGCATGGGTCCCTCAT-1_1	HRA003620_NC-27	HRA003620	DF.classifications_0.25_0.005_366	Singlet	pANN_0.25_0.005_366	0.0930232558139535
HRA003620_CGCATGGGTTTGAACC-1_1	HRA003620_NC-27	HRA003620	DF.classifications_0.25_0.005_366	Doublet	pANN_0.25_0.005_366	0.465116279069767
HRA003620_CGCATGGTCCACCCTA-1_1	HRA003620_NC-27	HRA003620	DF.classifications_0.25_0.005_366	Singlet	pANN_0.25_0.005_366	0.13953488372093
HRA003620_CGCCAGACAACTACGT-1_1	HRA003620_NC-27	HRA003620	DF.classifications_0.25_0.005_366	Singlet	pANN_0.25_0.005_366	0.116279069767442
HRA003620_CGCCAGAGTAAGGAGA-1_1	HRA003620_NC-27	HRA003620	DF.classifications_0.25_0.005_366	Singlet	pANN_0.25_0.005_366	0.13953488372093
HRA003620_CGCCAGATCAAGCCTA-1_1	HRA003620_NC-27	HRA003620	DF.classifications_0.25_0.005_366	Doublet	pANN_0.25_0.005_366	0.511627906976744
HRA003620_CGCCAGATCATCGGGC-1_1	HRA003620_NC-27	HRA003620	DF.classifications_0.25_0.005_366	Singlet	pANN_0.25_0.005_366	0.418604651162791
HRA003620_CGCCAGATCATCTATC-1_1	HRA003620_NC-27	HRA003620	DF.classifications_0.25_0.005_366	Singlet	pANN_0.25_0.005_366	0.162790697674419
HRA003620_CGCCATTAGCTCGACC-1_1	HRA003620_NC-27	HRA003620	DF.classifications_0.25_0.005_366	Singlet	pANN_0.25_0.005_366	0.348837209302326
HRA003620_CGCCATTGTGTATTCG-1_1	HRA003620_NC-27	HRA003620	DF.classifications_0.25_0.005_366	Singlet	pANN_0.25_0.005_366	0.232558139534884
HRA003620_CGCCATTGTTGGTAGG-1_1	HRA003620_NC-27	HRA003620	DF.classifications_0.25_0.005_366	Singlet	pANN_0.25_0.005_366	0.372093023255814
HRA003620_CGCCATTTCTAGATCG-1_1	HRA003620_NC-27	HRA003620	DF.classifications_0.25_0.005_366	Singlet	pANN_0.25_0.005_366	0.13953488372093
HRA003620_CGCGTGACAAATGATG-1_1	HRA003620_NC-27	HRA003620	DF.classifications_0.25_0.005_366	Singlet	pANN_0.25_0.005_366	0
HRA003620_CGCGTGACAGGACAGT-1_1	HRA003620_NC-27	HRA003620	DF.classifications_0.25_0.005_366	Singlet	pANN_0.25_0.005_366	0.418604651162791
HRA003620_CGCGTGAGTACACGTT-1_1	HRA003620_NC-27	HRA003620	DF.classifications_0.25_0.005_366	Singlet	pANN_0.25_0.005_366	0.13953488372093
HRA003620_CGCGTGAGTAGTCGGA-1_1	HRA003620_NC-27	HRA003620	DF.classifications_0.25_0.005_366	Singlet	pANN_0.25_0.005_366	0
HRA003620_CGCGTGATCGCGTCGA-1_1	HRA003620_NC-27	HRA003620	DF.classifications_0.25_0.005_366	Singlet	pANN_0.25_0.005_366	0
HRA003620_CGCGTGATCTAGAACC-1_1	HRA003620_NC-27	HRA003620	DF.classifications_0.25_0.005_366	Singlet	pANN_0.25_0.005_366	0.186046511627907
HRA003620_CGGAACCAGAAAGCGA-1_1	HRA003620_NC-27	HRA003620	DF.classifications_0.25_0.005_366	Singlet	pANN_0.25_0.005_366	0.116279069767442
HRA003620_CGGAACCAGGGTATAT-1_1	HRA003620_NC-27	HRA003620	DF.classifications_0.25_0.005_366	Singlet	pANN_0.25_0.005_366	0.0930232558139535
HRA003620_CGGAACCGTGCAATAA-1_1	HRA003620_NC-27	HRA003620	DF.classifications_0.25_0.005_366	Singlet	pANN_0.25_0.005_366	0.348837209302326
HRA003620_CGGAACCGTGCCTGAC-1_1	HRA003620_NC-27	HRA003620	DF.classifications_0.25_0.005_366	Singlet	pANN_0.25_0.005_366	0.162790697674419
HRA003620_CGGAACCGTTATTCTC-1_1	HRA003620_NC-27	HRA003620	DF.classifications_0.25_0.005_366	Singlet	pANN_0.25_0.005_366	0.116279069767442
HRA003620_CGGAACCTCCGCAAAT-1_1	HRA003620_NC-27	HRA003620	DF.classifications_0.25_0.005_366	Singlet	pANN_0.25_0.005_366	0.209302325581395
HRA003620_CGGAATTCATGGAATA-1_1	HRA003620_NC-27	HRA003620	DF.classifications_0.25_0.005_366	Singlet	pANN_0.25_0.005_366	0.395348837209302
HRA003620_CGGAATTGTATGTCCA-1_1	HRA003620_NC-27	HRA003620	DF.classifications_0.25_0.005_366	Singlet	pANN_0.25_0.005_366	0.0697674418604651
HRA003620_CGGAATTGTGGGACAT-1_1	HRA003620_NC-27	HRA003620	DF.classifications_0.25_0.005_366	Singlet	pANN_0.25_0.005_366	0.0697674418604651
HRA003620_CGGAATTTCACCGCTT-1_1	HRA003620_NC-27	HRA003620	DF.classifications_0.25_0.005_366	Singlet	pANN_0.25_0.005_366	0.116279069767442
HRA003620_CGGACACAGGGTTTCT-1_1	HRA003620_NC-27	HRA003620	DF.classifications_0.25_0.005_366	Singlet	pANN_0.25_0.005_366	0.395348837209302
HRA003620_CGGACACGTATCCTTT-1_1	HRA003620_NC-27	HRA003620	DF.classifications_0.25_0.005_366	Singlet	pANN_0.25_0.005_366	0.0465116279069767
HRA003620_CGGACACGTCAAGGCA-1_1	HRA003620_NC-27	HRA003620	DF.classifications_0.25_0.005_366	Singlet	pANN_0.25_0.005_366	0.186046511627907
HRA003620_CGGACACGTCGTTATG-1_1	HRA003620_NC-27	HRA003620	DF.classifications_0.25_0.005_366	Singlet	pANN_0.25_0.005_366	0.116279069767442
HRA003620_CGGACACGTTGTCTAG-1_1	HRA003620_NC-27	HRA003620	DF.classifications_0.25_0.005_366	Singlet	pANN_0.25_0.005_366	0.116279069767442
HRA003620_CGGACACTCGGTCTAA-1_1	HRA003620_NC-27	HRA003620	DF.classifications_0.25_0.005_366	Singlet	pANN_0.25_0.005_366	0.13953488372093
HRA003620_CGGAGAAAGAGATCGC-1_1	HRA003620_NC-27	HRA003620	DF.classifications_0.25_0.005_366	Singlet	pANN_0.25_0.005_366	0.186046511627907
HRA003620_CGGAGAAAGTGCAGCA-1_1	HRA003620_NC-27	HRA003620	DF.classifications_0.25_0.005_366	Singlet	pANN_0.25_0.005_366	0.209302325581395
HRA003620_CGGAGAACAAAGCAAT-1_1	HRA003620_NC-27	HRA003620	DF.classifications_0.25_0.005_366	Singlet	pANN_0.25_0.005_366	0.209302325581395
HRA003620_CGGAGAAGTATTTCCT-1_1	HRA003620_NC-27	HRA003620	DF.classifications_0.25_0.005_366	Singlet	pANN_0.25_0.005_366	0.116279069767442
HRA003620_CGGAGAATCAGTCATG-1_1	HRA003620_NC-27	HRA003620	DF.classifications_0.25_0.005_366	Singlet	pANN_0.25_0.005_366	0.27906976744186
HRA003620_CGGAGAATCATAGGCT-1_1	HRA003620_NC-27	HRA003620	DF.classifications_0.25_0.005_366	Singlet	pANN_0.25_0.005_366	0.0930232558139535
HRA003620_CGGAGAATCCACAAGT-1_1	HRA003620_NC-27	HRA003620	DF.classifications_0.25_0.005_366	Singlet	pANN_0.25_0.005_366	0.372093023255814
HRA003620_CGGAGAATCTCGTGGG-1_1	HRA003620_NC-27	HRA003620	DF.classifications_0.25_0.005_366	Singlet	pANN_0.25_0.005_366	0.348837209302326
HRA003620_CGGCAGTCACCCTAGG-1_1	HRA003620_NC-27	HRA003620	DF.classifications_0.25_0.005_366	Singlet	pANN_0.25_0.005_366	0
HRA003620_CGGCAGTCAGGCACTC-1_1	HRA003620_NC-27	HRA003620	DF.classifications_0.25_0.005_366	Singlet	pANN_0.25_0.005_366	0.302325581395349
HRA003620_CGGCAGTGTCTGGTTA-1_1	HRA003620_NC-27	HRA003620	DF.classifications_0.25_0.005_366	Singlet	pANN_0.25_0.005_366	0.0697674418604651
HRA003620_CGGCAGTTCGAAGAAT-1_1	HRA003620_NC-27	HRA003620	DF.classifications_0.25_0.005_366	Singlet	pANN_0.25_0.005_366	0.0465116279069767
HRA003620_CGGCAGTTCGCTGCGA-1_1	HRA003620_NC-27	HRA003620	DF.classifications_0.25_0.005_366	Doublet	pANN_0.25_0.005_366	0.558139534883721
HRA003620_CGGCAGTTCTAGCATG-1_1	HRA003620_NC-27	HRA003620	DF.classifications_0.25_0.005_366	Singlet	pANN_0.25_0.005_366	0.232558139534884
HRA003620_CGGGACTAGGCATTTC-1_1	HRA003620_NC-27	HRA003620	DF.classifications_0.25_0.005_366	Singlet	pANN_0.25_0.005_366	0.116279069767442
HRA003620_CGGGACTAGTCACGCC-1_1	HRA003620_NC-27	HRA003620	DF.classifications_0.25_0.005_366	Singlet	pANN_0.25_0.005_366	0.13953488372093
HRA003620_CGGGACTAGTTCACTG-1_1	HRA003620_NC-27	HRA003620	DF.classifications_0.25_0.005_366	Singlet	pANN_0.25_0.005_366	0.0930232558139535
HRA003620_CGGGACTCAACTCCCT-1_1	HRA003620_NC-27	HRA003620	DF.classifications_0.25_0.005_366	Singlet	pANN_0.25_0.005_366	0
HRA003620_CGGGACTGTACCAGAG-1_1	HRA003620_NC-27	HRA003620	DF.classifications_0.25_0.005_366	Singlet	pANN_0.25_0.005_366	0.0465116279069767
HRA003620_CGGGACTGTCCGGACT-1_1	HRA003620_NC-27	HRA003620	DF.classifications_0.25_0.005_366	Singlet	pANN_0.25_0.005_366	0.0232558139534884
HRA003620_CGGGACTTCCACACAA-1_1	HRA003620_NC-27	HRA003620	DF.classifications_0.25_0.005_366	Singlet	pANN_0.25_0.005_366	0.186046511627907
HRA003620_CGGGACTTCGATGCTA-1_1	HRA003620_NC-27	HRA003620	DF.classifications_0.25_0.005_366	Singlet	pANN_0.25_0.005_366	0.0465116279069767
HRA003620_CGGGACTTCGGATTAC-1_1	HRA003620_NC-27	HRA003620	DF.classifications_0.25_0.005_366	Singlet	pANN_0.25_0.005_366	0
HRA003620_CGGGACTTCGTGCAGC-1_1	HRA003620_NC-27	HRA003620	DF.classifications_0.25_0.005_366	Singlet	pANN_0.25_0.005_366	0.0232558139534884
HRA003620_CGGGACTTCTCCAAGA-1_1	HRA003620_NC-27	HRA003620	DF.classifications_0.25_0.005_366	Singlet	pANN_0.25_0.005_366	0.0232558139534884
HRA003620_CGGGCATAGCCTGACC-1_1	HRA003620_NC-27	HRA003620	DF.classifications_0.25_0.005_366	Singlet	pANN_0.25_0.005_366	0.325581395348837
HRA003620_CGGGCATAGGAAGAAC-1_1	HRA003620_NC-27	HRA003620	DF.classifications_0.25_0.005_366	Singlet	pANN_0.25_0.005_366	0.209302325581395
HRA003620_CGGGCATAGGGAGGTG-1_1	HRA003620_NC-27	HRA003620	DF.classifications_0.25_0.005_366	Singlet	pANN_0.25_0.005_366	0.255813953488372
HRA003620_CGGGCATCAGGTCAAG-1_1	HRA003620_NC-27	HRA003620	DF.classifications_0.25_0.005_366	Singlet	pANN_0.25_0.005_366	0.0697674418604651
HRA003620_CGGGCATGTCTCGACG-1_1	HRA003620_NC-27	HRA003620	DF.classifications_0.25_0.005_366	Singlet	pANN_0.25_0.005_366	0.13953488372093
HRA003620_CGGGCATGTGATACTC-1_1	HRA003620_NC-27	HRA003620	DF.classifications_0.25_0.005_366	Singlet	pANN_0.25_0.005_366	0.209302325581395
HRA003620_CGGGCATTCGCGAAGA-1_1	HRA003620_NC-27	HRA003620	DF.classifications_0.25_0.005_366	Singlet	pANN_0.25_0.005_366	0.302325581395349
HRA003620_CGGGCATTCTACCAGA-1_1	HRA003620_NC-27	HRA003620	DF.classifications_0.25_0.005_366	Singlet	pANN_0.25_0.005_366	0.0232558139534884
HRA003620_CGGGTCAAGCTAAACA-1_1	HRA003620_NC-27	HRA003620	DF.classifications_0.25_0.005_366	Singlet	pANN_0.25_0.005_366	0.116279069767442
HRA003620_CGGGTCAAGGAGACCT-1_1	HRA003620_NC-27	HRA003620	DF.classifications_0.25_0.005_366	Singlet	pANN_0.25_0.005_366	0.418604651162791
HRA003620_CGGGTCAAGTAAATGC-1_1	HRA003620_NC-27	HRA003620	DF.classifications_0.25_0.005_366	Singlet	pANN_0.25_0.005_366	0.255813953488372
HRA003620_CGGGTCAGTCATTCCC-1_1	HRA003620_NC-27	HRA003620	DF.classifications_0.25_0.005_366	Singlet	pANN_0.25_0.005_366	0.209302325581395
HRA003620_CGGGTCAGTGTGTGGA-1_1	HRA003620_NC-27	HRA003620	DF.classifications_0.25_0.005_366	Singlet	pANN_0.25_0.005_366	0.0232558139534884
HRA003620_CGGGTCATCAGAGTGG-1_1	HRA003620_NC-27	HRA003620	DF.classifications_0.25_0.005_366	Singlet	pANN_0.25_0.005_366	0
HRA003620_CGGGTCATCTAGATCG-1_1	HRA003620_NC-27	HRA003620	DF.classifications_0.25_0.005_366	Singlet	pANN_0.25_0.005_366	0.0465116279069767
HRA003620_CGGGTCATCTCACCCA-1_1	HRA003620_NC-27	HRA003620	DF.classifications_0.25_0.005_366	Singlet	pANN_0.25_0.005_366	0.232558139534884
HRA003620_CGGGTGTAGCGAATGC-1_1	HRA003620_NC-27	HRA003620	DF.classifications_0.25_0.005_366	Singlet	pANN_0.25_0.005_366	0.13953488372093
HRA003620_CGGGTGTAGGAAGTGA-1_1	HRA003620_NC-27	HRA003620	DF.classifications_0.25_0.005_366	Singlet	pANN_0.25_0.005_366	0.162790697674419
HRA003620_CGGGTGTAGGGCAACT-1_1	HRA003620_NC-27	HRA003620	DF.classifications_0.25_0.005_366	Singlet	pANN_0.25_0.005_366	0.0697674418604651
HRA003620_CGGGTGTCAGGACGAT-1_1	HRA003620_NC-27	HRA003620	DF.classifications_0.25_0.005_366	Singlet	pANN_0.25_0.005_366	0.162790697674419
HRA003620_CGGGTGTGTAAGGTCG-1_1	HRA003620_NC-27	HRA003620	DF.classifications_0.25_0.005_366	Singlet	pANN_0.25_0.005_366	0.13953488372093
HRA003620_CGGGTGTGTTTACCTT-1_1	HRA003620_NC-27	HRA003620	DF.classifications_0.25_0.005_366	Singlet	pANN_0.25_0.005_366	0.116279069767442
HRA003620_CGGGTGTTCAACACCA-1_1	HRA003620_NC-27	HRA003620	DF.classifications_0.25_0.005_366	Singlet	pANN_0.25_0.005_366	0.186046511627907
HRA003620_CGGGTGTTCCGCAAAT-1_1	HRA003620_NC-27	HRA003620	DF.classifications_0.25_0.005_366	Singlet	pANN_0.25_0.005_366	0.0465116279069767
HRA003620_CGGGTGTTCTGTCCCA-1_1	HRA003620_NC-27	HRA003620	DF.classifications_0.25_0.005_366	Singlet	pANN_0.25_0.005_366	0.209302325581395
HRA003620_CGGTCAGAGGGTCACA-1_1	HRA003620_NC-27	HRA003620	DF.classifications_0.25_0.005_366	Singlet	pANN_0.25_0.005_366	0.395348837209302
HRA003620_CGGTCAGCAAATCCCA-1_1	HRA003620_NC-27	HRA003620	DF.classifications_0.25_0.005_366	Singlet	pANN_0.25_0.005_366	0.13953488372093
HRA003620_CGGTCAGCAAGATCCT-1_1	HRA003620_NC-27	HRA003620	DF.classifications_0.25_0.005_366	Singlet	pANN_0.25_0.005_366	0.186046511627907
HRA003620_CGGTCAGCATCAGCTA-1_1	HRA003620_NC-27	HRA003620	DF.classifications_0.25_0.005_366	Singlet	pANN_0.25_0.005_366	0
HRA003620_CGGTCAGCATCCGTTC-1_1	HRA003620_NC-27	HRA003620	DF.classifications_0.25_0.005_366	Singlet	pANN_0.25_0.005_366	0.116279069767442
HRA003620_CGGTCAGGTAACTGCT-1_1	HRA003620_NC-27	HRA003620	DF.classifications_0.25_0.005_366	Singlet	pANN_0.25_0.005_366	0.325581395348837
HRA003620_CGGTCAGGTACAACGG-1_1	HRA003620_NC-27	HRA003620	DF.classifications_0.25_0.005_366	Singlet	pANN_0.25_0.005_366	0.209302325581395
HRA003620_CGTAAGTAGCACTCAT-1_1	HRA003620_NC-27	HRA003620	DF.classifications_0.25_0.005_366	Singlet	pANN_0.25_0.005_366	0.116279069767442
HRA003620_CGTAAGTCACAGAGAC-1_1	HRA003620_NC-27	HRA003620	DF.classifications_0.25_0.005_366	Singlet	pANN_0.25_0.005_366	0.116279069767442
HRA003620_CGTAAGTCAGAGTTCT-1_1	HRA003620_NC-27	HRA003620	DF.classifications_0.25_0.005_366	Singlet	pANN_0.25_0.005_366	0.186046511627907
HRA003620_CGTAAGTGTTCAGTAC-1_1	HRA003620_NC-27	HRA003620	DF.classifications_0.25_0.005_366	Singlet	pANN_0.25_0.005_366	0.116279069767442
HRA003620_CGTAAGTTCTCTCTTC-1_1	HRA003620_NC-27	HRA003620	DF.classifications_0.25_0.005_366	Singlet	pANN_0.25_0.005_366	0.348837209302326
HRA003620_CGTAATGAGTCTTCGA-1_1	HRA003620_NC-27	HRA003620	DF.classifications_0.25_0.005_366	Singlet	pANN_0.25_0.005_366	0.232558139534884
HRA003620_CGTAATGTCCTTCAGC-1_1	HRA003620_NC-27	HRA003620	DF.classifications_0.25_0.005_366	Singlet	pANN_0.25_0.005_366	0.0232558139534884
HRA003620_CGTAATGTCGAGAAGC-1_1	HRA003620_NC-27	HRA003620	DF.classifications_0.25_0.005_366	Singlet	pANN_0.25_0.005_366	0.162790697674419
HRA003620_CGTAATGTCGCAGATT-1_1	HRA003620_NC-27	HRA003620	DF.classifications_0.25_0.005_366	Singlet	pANN_0.25_0.005_366	0.186046511627907
HRA003620_CGTAGTAAGGAATCGC-1_1	HRA003620_NC-27	HRA003620	DF.classifications_0.25_0.005_366	Singlet	pANN_0.25_0.005_366	0.0232558139534884
HRA003620_CGTAGTACAAGAGATT-1_1	HRA003620_NC-27	HRA003620	DF.classifications_0.25_0.005_366	Singlet	pANN_0.25_0.005_366	0.162790697674419
HRA003620_CGTAGTACAGTTGGTT-1_1	HRA003620_NC-27	HRA003620	DF.classifications_0.25_0.005_366	Singlet	pANN_0.25_0.005_366	0.162790697674419
HRA003620_CGTAGTAGTAAGTTGA-1_1	HRA003620_NC-27	HRA003620	DF.classifications_0.25_0.005_366	Singlet	pANN_0.25_0.005_366	0.116279069767442
HRA003620_CGTAGTAGTCGTGTTA-1_1	HRA003620_NC-27	HRA003620	DF.classifications_0.25_0.005_366	Singlet	pANN_0.25_0.005_366	0.13953488372093
HRA003620_CGTAGTAGTGGTCTAT-1_1	HRA003620_NC-27	HRA003620	DF.classifications_0.25_0.005_366	Singlet	pANN_0.25_0.005_366	0.255813953488372
HRA003620_CGTAGTAGTGTATTCG-1_1	HRA003620_NC-27	HRA003620	DF.classifications_0.25_0.005_366	Singlet	pANN_0.25_0.005_366	0.209302325581395
HRA003620_CGTAGTAGTGTCATCA-1_1	HRA003620_NC-27	HRA003620	DF.classifications_0.25_0.005_366	Singlet	pANN_0.25_0.005_366	0.232558139534884
HRA003620_CGTAGTATCCACTAGA-1_1	HRA003620_NC-27	HRA003620	DF.classifications_0.25_0.005_366	Singlet	pANN_0.25_0.005_366	0.325581395348837
HRA003620_CGTAGTATCCTCAGGG-1_1	HRA003620_NC-27	HRA003620	DF.classifications_0.25_0.005_366	Singlet	pANN_0.25_0.005_366	0.186046511627907
HRA003620_CGTAGTATCGAGATGG-1_1	HRA003620_NC-27	HRA003620	DF.classifications_0.25_0.005_366	Singlet	pANN_0.25_0.005_366	0.209302325581395
HRA003620_CGTCAAAAGAGCTGAC-1_1	HRA003620_NC-27	HRA003620	DF.classifications_0.25_0.005_366	Singlet	pANN_0.25_0.005_366	0.0232558139534884
HRA003620_CGTCAAAAGGACTATA-1_1	HRA003620_NC-27	HRA003620	DF.classifications_0.25_0.005_366	Singlet	pANN_0.25_0.005_366	0.209302325581395
HRA003620_CGTCAAAAGGTCGTAG-1_1	HRA003620_NC-27	HRA003620	DF.classifications_0.25_0.005_366	Singlet	pANN_0.25_0.005_366	0.209302325581395
HRA003620_CGTCAAAAGGTGTGAC-1_1	HRA003620_NC-27	HRA003620	DF.classifications_0.25_0.005_366	Singlet	pANN_0.25_0.005_366	0
HRA003620_CGTCAAAAGGTTCTTG-1_1	HRA003620_NC-27	HRA003620	DF.classifications_0.25_0.005_366	Singlet	pANN_0.25_0.005_366	0.116279069767442
HRA003620_CGTCAAAAGTAGAATC-1_1	HRA003620_NC-27	HRA003620	DF.classifications_0.25_0.005_366	Singlet	pANN_0.25_0.005_366	0.348837209302326
HRA003620_CGTCAAACAAACACGG-1_1	HRA003620_NC-27	HRA003620	DF.classifications_0.25_0.005_366	Singlet	pANN_0.25_0.005_366	0.0232558139534884
HRA003620_CGTCAAAGTACACTCA-1_1	HRA003620_NC-27	HRA003620	DF.classifications_0.25_0.005_366	Singlet	pANN_0.25_0.005_366	0
HRA003620_CGTCAAAGTGTTCATG-1_1	HRA003620_NC-27	HRA003620	DF.classifications_0.25_0.005_366	Singlet	pANN_0.25_0.005_366	0.186046511627907
HRA003620_CGTCAAAGTTACACTG-1_1	HRA003620_NC-27	HRA003620	DF.classifications_0.25_0.005_366	Singlet	pANN_0.25_0.005_366	0.209302325581395
HRA003620_CGTCAAAGTTGTTGCA-1_1	HRA003620_NC-27	HRA003620	DF.classifications_0.25_0.005_366	Singlet	pANN_0.25_0.005_366	0.13953488372093
HRA003620_CGTCAAATCACCTACC-1_1	HRA003620_NC-27	HRA003620	DF.classifications_0.25_0.005_366	Singlet	pANN_0.25_0.005_366	0.162790697674419
HRA003620_CGTCAAATCCAGCTCT-1_1	HRA003620_NC-27	HRA003620	DF.classifications_0.25_0.005_366	Singlet	pANN_0.25_0.005_366	0.13953488372093
HRA003620_CGTCAAATCTGTCCCA-1_1	HRA003620_NC-27	HRA003620	DF.classifications_0.25_0.005_366	Singlet	pANN_0.25_0.005_366	0.0465116279069767
HRA003620_CGTCCATAGGCATGGT-1_1	HRA003620_NC-27	HRA003620	DF.classifications_0.25_0.005_366	Singlet	pANN_0.25_0.005_366	0.418604651162791
HRA003620_CGTCCATAGTTGTCGT-1_1	HRA003620_NC-27	HRA003620	DF.classifications_0.25_0.005_366	Singlet	pANN_0.25_0.005_366	0.186046511627907
HRA003620_CGTCCATCAGGCAATG-1_1	HRA003620_NC-27	HRA003620	DF.classifications_0.25_0.005_366	Singlet	pANN_0.25_0.005_366	0.232558139534884
HRA003620_CGTCCATGTACCATAC-1_1	HRA003620_NC-27	HRA003620	DF.classifications_0.25_0.005_366	Singlet	pANN_0.25_0.005_366	0.162790697674419
HRA003620_CGTCCATGTGTGACCC-1_1	HRA003620_NC-27	HRA003620	DF.classifications_0.25_0.005_366	Singlet	pANN_0.25_0.005_366	0
HRA003620_CGTCCATTCGTAATGC-1_1	HRA003620_NC-27	HRA003620	DF.classifications_0.25_0.005_366	Singlet	pANN_0.25_0.005_366	0.162790697674419
HRA003620_CGTGAATCAAGAATAC-1_1	HRA003620_NC-27	HRA003620	DF.classifications_0.25_0.005_366	Singlet	pANN_0.25_0.005_366	0.0232558139534884
HRA003620_CGTGAATCACCCAATA-1_1	HRA003620_NC-27	HRA003620	DF.classifications_0.25_0.005_366	Singlet	pANN_0.25_0.005_366	0.302325581395349
HRA003620_CGTGAATCAGCAAGAC-1_1	HRA003620_NC-27	HRA003620	DF.classifications_0.25_0.005_366	Singlet	pANN_0.25_0.005_366	0.232558139534884
HRA003620_CGTGAATCAGGAGACT-1_1	HRA003620_NC-27	HRA003620	DF.classifications_0.25_0.005_366	Singlet	pANN_0.25_0.005_366	0.186046511627907
HRA003620_CGTGAATCATTCTCTA-1_1	HRA003620_NC-27	HRA003620	DF.classifications_0.25_0.005_366	Singlet	pANN_0.25_0.005_366	0.232558139534884
HRA003620_CGTGAATCATTGCTTT-1_1	HRA003620_NC-27	HRA003620	DF.classifications_0.25_0.005_366	Singlet	pANN_0.25_0.005_366	0.209302325581395
HRA003620_CGTGAATGTACGTAGG-1_1	HRA003620_NC-27	HRA003620	DF.classifications_0.25_0.005_366	Singlet	pANN_0.25_0.005_366	0
HRA003620_CGTGAATGTGTGCTTA-1_1	HRA003620_NC-27	HRA003620	DF.classifications_0.25_0.005_366	Singlet	pANN_0.25_0.005_366	0.0465116279069767
HRA003620_CGTGAATTCCAGTGCG-1_1	HRA003620_NC-27	HRA003620	DF.classifications_0.25_0.005_366	Singlet	pANN_0.25_0.005_366	0.0697674418604651
HRA003620_CGTGAATTCCGCACGA-1_1	HRA003620_NC-27	HRA003620	DF.classifications_0.25_0.005_366	Singlet	pANN_0.25_0.005_366	0.0930232558139535
HRA003620_CGTGAATTCTGCACCT-1_1	HRA003620_NC-27	HRA003620	DF.classifications_0.25_0.005_366	Singlet	pANN_0.25_0.005_366	0.13953488372093
HRA003620_CGTGATAAGCCTATCA-1_1	HRA003620_NC-27	HRA003620	DF.classifications_0.25_0.005_366	Singlet	pANN_0.25_0.005_366	0.255813953488372
HRA003620_CGTGATACAAAGAGTT-1_1	HRA003620_NC-27	HRA003620	DF.classifications_0.25_0.005_366	Singlet	pANN_0.25_0.005_366	0.255813953488372
HRA003620_CGTGATACAAAGCACG-1_1	HRA003620_NC-27	HRA003620	DF.classifications_0.25_0.005_366	Singlet	pANN_0.25_0.005_366	0.186046511627907
HRA003620_CGTGATACAACAGATA-1_1	HRA003620_NC-27	HRA003620	DF.classifications_0.25_0.005_366	Singlet	pANN_0.25_0.005_366	0.232558139534884
HRA003620_CGTGATAGTAACGTTC-1_1	HRA003620_NC-27	HRA003620	DF.classifications_0.25_0.005_366	Singlet	pANN_0.25_0.005_366	0.255813953488372
HRA003620_CGTGATAGTGGACCTC-1_1	HRA003620_NC-27	HRA003620	DF.classifications_0.25_0.005_366	Singlet	pANN_0.25_0.005_366	0.209302325581395
HRA003620_CGTGCTTAGCACTCAT-1_1	HRA003620_NC-27	HRA003620	DF.classifications_0.25_0.005_366	Doublet	pANN_0.25_0.005_366	0.511627906976744
HRA003620_CGTGCTTCACTCTAGA-1_1	HRA003620_NC-27	HRA003620	DF.classifications_0.25_0.005_366	Singlet	pANN_0.25_0.005_366	0.116279069767442
HRA003620_CGTGCTTGTCAGCGTC-1_1	HRA003620_NC-27	HRA003620	DF.classifications_0.25_0.005_366	Singlet	pANN_0.25_0.005_366	0.186046511627907
HRA003620_CGTGCTTGTGAATGTA-1_1	HRA003620_NC-27	HRA003620	DF.classifications_0.25_0.005_366	Singlet	pANN_0.25_0.005_366	0.162790697674419
HRA003620_CGTGCTTTCCTGCCAT-1_1	HRA003620_NC-27	HRA003620	DF.classifications_0.25_0.005_366	Singlet	pANN_0.25_0.005_366	0.0697674418604651
HRA003620_CGTGTCTGTAGGTAGC-1_1	HRA003620_NC-27	HRA003620	DF.classifications_0.25_0.005_366	Singlet	pANN_0.25_0.005_366	0.0232558139534884
HRA003620_CGTGTCTGTTTGAAAG-1_1	HRA003620_NC-27	HRA003620	DF.classifications_0.25_0.005_366	Singlet	pANN_0.25_0.005_366	0.0697674418604651
HRA003620_CGTGTCTTCAAGTGGG-1_1	HRA003620_NC-27	HRA003620	DF.classifications_0.25_0.005_366	Singlet	pANN_0.25_0.005_366	0.372093023255814
HRA003620_CGTGTCTTCGGCTTCT-1_1	HRA003620_NC-27	HRA003620	DF.classifications_0.25_0.005_366	Doublet	pANN_0.25_0.005_366	0.465116279069767
HRA003620_CGTTAGAAGAAGTCAT-1_1	HRA003620_NC-27	HRA003620	DF.classifications_0.25_0.005_366	Singlet	pANN_0.25_0.005_366	0.0930232558139535
HRA003620_CGTTAGAAGCTACTGT-1_1	HRA003620_NC-27	HRA003620	DF.classifications_0.25_0.005_366	Singlet	pANN_0.25_0.005_366	0.232558139534884
HRA003620_CGTTAGAAGGGCAGAG-1_1	HRA003620_NC-27	HRA003620	DF.classifications_0.25_0.005_366	Singlet	pANN_0.25_0.005_366	0.0232558139534884
HRA003620_CGTTAGACAACCGATT-1_1	HRA003620_NC-27	HRA003620	DF.classifications_0.25_0.005_366	Singlet	pANN_0.25_0.005_366	0.0465116279069767
HRA003620_CGTTAGACAATCCAGT-1_1	HRA003620_NC-27	HRA003620	DF.classifications_0.25_0.005_366	Singlet	pANN_0.25_0.005_366	0.186046511627907
HRA003620_CGTTAGACATCATTGG-1_1	HRA003620_NC-27	HRA003620	DF.classifications_0.25_0.005_366	Singlet	pANN_0.25_0.005_366	0.0465116279069767
HRA003620_CGTTAGACATGAGTAA-1_1	HRA003620_NC-27	HRA003620	DF.classifications_0.25_0.005_366	Singlet	pANN_0.25_0.005_366	0.232558139534884
HRA003620_CGTTAGAGTACCAGAG-1_1	HRA003620_NC-27	HRA003620	DF.classifications_0.25_0.005_366	Singlet	pANN_0.25_0.005_366	0.116279069767442
HRA003620_CGTTAGAGTCGATGCC-1_1	HRA003620_NC-27	HRA003620	DF.classifications_0.25_0.005_366	Singlet	pANN_0.25_0.005_366	0.348837209302326
HRA003620_CGTTAGAGTGGCTAGA-1_1	HRA003620_NC-27	HRA003620	DF.classifications_0.25_0.005_366	Singlet	pANN_0.25_0.005_366	0.27906976744186
HRA003620_CGTTAGATCTCGACGG-1_1	HRA003620_NC-27	HRA003620	DF.classifications_0.25_0.005_366	Singlet	pANN_0.25_0.005_366	0.0697674418604651
HRA003620_CGTTCTGAGAGTGTTA-1_1	HRA003620_NC-27	HRA003620	DF.classifications_0.25_0.005_366	Singlet	pANN_0.25_0.005_366	0.0697674418604651
HRA003620_CGTTCTGAGATACATG-1_1	HRA003620_NC-27	HRA003620	DF.classifications_0.25_0.005_366	Singlet	pANN_0.25_0.005_366	0.27906976744186
HRA003620_CGTTCTGAGATCCCAT-1_1	HRA003620_NC-27	HRA003620	DF.classifications_0.25_0.005_366	Singlet	pANN_0.25_0.005_366	0.302325581395349
HRA003620_CGTTCTGAGCGGATCA-1_1	HRA003620_NC-27	HRA003620	DF.classifications_0.25_0.005_366	Singlet	pANN_0.25_0.005_366	0.116279069767442
HRA003620_CGTTCTGAGCTCGGCT-1_1	HRA003620_NC-27	HRA003620	DF.classifications_0.25_0.005_366	Singlet	pANN_0.25_0.005_366	0.255813953488372
HRA003620_CGTTCTGAGGTTACAA-1_1	HRA003620_NC-27	HRA003620	DF.classifications_0.25_0.005_366	Singlet	pANN_0.25_0.005_366	0.0232558139534884
HRA003620_CGTTCTGCAAAGCGTG-1_1	HRA003620_NC-27	HRA003620	DF.classifications_0.25_0.005_366	Singlet	pANN_0.25_0.005_366	0.162790697674419
HRA003620_CGTTCTGCAGAGAGGG-1_1	HRA003620_NC-27	HRA003620	DF.classifications_0.25_0.005_366	Singlet	pANN_0.25_0.005_366	0.0930232558139535
HRA003620_CGTTCTGCATGGAGAC-1_1	HRA003620_NC-27	HRA003620	DF.classifications_0.25_0.005_366	Singlet	pANN_0.25_0.005_366	0.27906976744186
HRA003620_CGTTCTGGTCGCACGT-1_1	HRA003620_NC-27	HRA003620	DF.classifications_0.25_0.005_366	Singlet	pANN_0.25_0.005_366	0.232558139534884
HRA003620_CGTTCTGTCACCCATC-1_1	HRA003620_NC-27	HRA003620	DF.classifications_0.25_0.005_366	Singlet	pANN_0.25_0.005_366	0.0930232558139535
HRA003620_CGTTCTGTCAGCTTGA-1_1	HRA003620_NC-27	HRA003620	DF.classifications_0.25_0.005_366	Singlet	pANN_0.25_0.005_366	0.162790697674419
HRA003620_CGTTGGGAGCAGGCTA-1_1	HRA003620_NC-27	HRA003620	DF.classifications_0.25_0.005_366	Singlet	pANN_0.25_0.005_366	0.209302325581395
HRA003620_CGTTGGGAGTGGACGT-1_1	HRA003620_NC-27	HRA003620	DF.classifications_0.25_0.005_366	Singlet	pANN_0.25_0.005_366	0.116279069767442
HRA003620_CGTTGGGCAGATAAAC-1_1	HRA003620_NC-27	HRA003620	DF.classifications_0.25_0.005_366	Singlet	pANN_0.25_0.005_366	0.302325581395349
HRA003620_CGTTGGGCAGTTAAAG-1_1	HRA003620_NC-27	HRA003620	DF.classifications_0.25_0.005_366	Singlet	pANN_0.25_0.005_366	0.232558139534884
HRA003620_CGTTGGGCATGCGTGC-1_1	HRA003620_NC-27	HRA003620	DF.classifications_0.25_0.005_366	Singlet	pANN_0.25_0.005_366	0.162790697674419
HRA003620_CGTTGGGGTGTGGACA-1_1	HRA003620_NC-27	HRA003620	DF.classifications_0.25_0.005_366	Singlet	pANN_0.25_0.005_366	0
HRA003620_CGTTGGGTCCATACAG-1_1	HRA003620_NC-27	HRA003620	DF.classifications_0.25_0.005_366	Singlet	pANN_0.25_0.005_366	0.348837209302326
HRA003620_CTAACCCAGAAATTCG-1_1	HRA003620_NC-27	HRA003620	DF.classifications_0.25_0.005_366	Singlet	pANN_0.25_0.005_366	0.325581395348837
HRA003620_CTAACCCAGAAGGGAT-1_1	HRA003620_NC-27	HRA003620	DF.classifications_0.25_0.005_366	Singlet	pANN_0.25_0.005_366	0.116279069767442
HRA003620_CTAACCCAGCCTGTGC-1_1	HRA003620_NC-27	HRA003620	DF.classifications_0.25_0.005_366	Doublet	pANN_0.25_0.005_366	0.488372093023256
HRA003620_CTAACCCAGCGCCTTG-1_1	HRA003620_NC-27	HRA003620	DF.classifications_0.25_0.005_366	Singlet	pANN_0.25_0.005_366	0
HRA003620_CTAACCCAGGATGGCT-1_1	HRA003620_NC-27	HRA003620	DF.classifications_0.25_0.005_366	Singlet	pANN_0.25_0.005_366	0.186046511627907
HRA003620_CTAACCCAGTCTGCAT-1_1	HRA003620_NC-27	HRA003620	DF.classifications_0.25_0.005_366	Singlet	pANN_0.25_0.005_366	0.27906976744186
HRA003620_CTAACCCCAATGAAAC-1_1	HRA003620_NC-27	HRA003620	DF.classifications_0.25_0.005_366	Singlet	pANN_0.25_0.005_366	0.116279069767442
HRA003620_CTAACCCCATCGCTGG-1_1	HRA003620_NC-27	HRA003620	DF.classifications_0.25_0.005_366	Singlet	pANN_0.25_0.005_366	0
HRA003620_CTAACCCGTTCAAGTC-1_1	HRA003620_NC-27	HRA003620	DF.classifications_0.25_0.005_366	Singlet	pANN_0.25_0.005_366	0.209302325581395
HRA003620_CTAACCCTCTTCTAAC-1_1	HRA003620_NC-27	HRA003620	DF.classifications_0.25_0.005_366	Singlet	pANN_0.25_0.005_366	0.116279069767442
HRA003620_CTAACTTAGCCAAGGT-1_1	HRA003620_NC-27	HRA003620	DF.classifications_0.25_0.005_366	Doublet	pANN_0.25_0.005_366	0.441860465116279
HRA003620_CTAACTTGTAAGACCG-1_1	HRA003620_NC-27	HRA003620	DF.classifications_0.25_0.005_366	Singlet	pANN_0.25_0.005_366	0.162790697674419
HRA003620_CTAACTTTCTGTCCCA-1_1	HRA003620_NC-27	HRA003620	DF.classifications_0.25_0.005_366	Singlet	pANN_0.25_0.005_366	0.186046511627907
HRA003620_CTAAGTGAGGGAGGAC-1_1	HRA003620_NC-27	HRA003620	DF.classifications_0.25_0.005_366	Singlet	pANN_0.25_0.005_366	0
HRA003620_CTAAGTGGTGTCCAAT-1_1	HRA003620_NC-27	HRA003620	DF.classifications_0.25_0.005_366	Singlet	pANN_0.25_0.005_366	0.209302325581395
HRA003620_CTAAGTGGTTCGTACA-1_1	HRA003620_NC-27	HRA003620	DF.classifications_0.25_0.005_366	Singlet	pANN_0.25_0.005_366	0.0465116279069767
HRA003620_CTAAGTGGTTGTGGAG-1_1	HRA003620_NC-27	HRA003620	DF.classifications_0.25_0.005_366	Singlet	pANN_0.25_0.005_366	0.0465116279069767
HRA003620_CTAAGTGTCCGTCACT-1_1	HRA003620_NC-27	HRA003620	DF.classifications_0.25_0.005_366	Singlet	pANN_0.25_0.005_366	0.395348837209302
HRA003620_CTAAGTGTCGCAACAT-1_1	HRA003620_NC-27	HRA003620	DF.classifications_0.25_0.005_366	Singlet	pANN_0.25_0.005_366	0.13953488372093
HRA003620_CTAAGTGTCTAGAACC-1_1	HRA003620_NC-27	HRA003620	DF.classifications_0.25_0.005_366	Singlet	pANN_0.25_0.005_366	0.13953488372093
HRA003620_CTACAGAGTAGTTCCA-1_1	HRA003620_NC-27	HRA003620	DF.classifications_0.25_0.005_366	Singlet	pANN_0.25_0.005_366	0.0465116279069767
HRA003620_CTACAGAGTATCCTTT-1_1	HRA003620_NC-27	HRA003620	DF.classifications_0.25_0.005_366	Singlet	pANN_0.25_0.005_366	0.302325581395349
HRA003620_CTACAGAGTCCTACAA-1_1	HRA003620_NC-27	HRA003620	DF.classifications_0.25_0.005_366	Singlet	pANN_0.25_0.005_366	0.255813953488372
HRA003620_CTACAGAGTTTAGTCG-1_1	HRA003620_NC-27	HRA003620	DF.classifications_0.25_0.005_366	Singlet	pANN_0.25_0.005_366	0.255813953488372
HRA003620_CTACAGATCTGAGATC-1_1	HRA003620_NC-27	HRA003620	DF.classifications_0.25_0.005_366	Singlet	pANN_0.25_0.005_366	0.13953488372093
HRA003620_CTACAGATCTTGGCTC-1_1	HRA003620_NC-27	HRA003620	DF.classifications_0.25_0.005_366	Singlet	pANN_0.25_0.005_366	0.209302325581395
HRA003620_CTACATTAGATGGCAC-1_1	HRA003620_NC-27	HRA003620	DF.classifications_0.25_0.005_366	Singlet	pANN_0.25_0.005_366	0.0465116279069767
HRA003620_CTACATTGTACCTAAC-1_1	HRA003620_NC-27	HRA003620	DF.classifications_0.25_0.005_366	Singlet	pANN_0.25_0.005_366	0.162790697674419
HRA003620_CTACATTGTGGTCTGC-1_1	HRA003620_NC-27	HRA003620	DF.classifications_0.25_0.005_366	Singlet	pANN_0.25_0.005_366	0.0465116279069767
HRA003620_CTACATTTCAACACGT-1_1	HRA003620_NC-27	HRA003620	DF.classifications_0.25_0.005_366	Singlet	pANN_0.25_0.005_366	0.162790697674419
HRA003620_CTACATTTCACGATAC-1_1	HRA003620_NC-27	HRA003620	DF.classifications_0.25_0.005_366	Singlet	pANN_0.25_0.005_366	0.0697674418604651
HRA003620_CTACCCAAGCTAAATG-1_1	HRA003620_NC-27	HRA003620	DF.classifications_0.25_0.005_366	Singlet	pANN_0.25_0.005_366	0.0465116279069767
HRA003620_CTACCCACACTATCCC-1_1	HRA003620_NC-27	HRA003620	DF.classifications_0.25_0.005_366	Singlet	pANN_0.25_0.005_366	0.186046511627907
HRA003620_CTACCCAGTGTCTTCC-1_1	HRA003620_NC-27	HRA003620	DF.classifications_0.25_0.005_366	Singlet	pANN_0.25_0.005_366	0.27906976744186
HRA003620_CTACCCATCGGCGATC-1_1	HRA003620_NC-27	HRA003620	DF.classifications_0.25_0.005_366	Singlet	pANN_0.25_0.005_366	0.162790697674419
HRA003620_CTACCTGAGAAGCCAC-1_1	HRA003620_NC-27	HRA003620	DF.classifications_0.25_0.005_366	Singlet	pANN_0.25_0.005_366	0.27906976744186
HRA003620_CTACCTGAGAAGTGTT-1_1	HRA003620_NC-27	HRA003620	DF.classifications_0.25_0.005_366	Singlet	pANN_0.25_0.005_366	0.116279069767442
HRA003620_CTACCTGCACCTCAGG-1_1	HRA003620_NC-27	HRA003620	DF.classifications_0.25_0.005_366	Singlet	pANN_0.25_0.005_366	0.186046511627907
HRA003620_CTACCTGCACGACCTG-1_1	HRA003620_NC-27	HRA003620	DF.classifications_0.25_0.005_366	Singlet	pANN_0.25_0.005_366	0.13953488372093
HRA003620_CTACCTGCAGAACTAA-1_1	HRA003620_NC-27	HRA003620	DF.classifications_0.25_0.005_366	Singlet	pANN_0.25_0.005_366	0.13953488372093
HRA003620_CTACCTGCAGAGAATT-1_1	HRA003620_NC-27	HRA003620	DF.classifications_0.25_0.005_366	Singlet	pANN_0.25_0.005_366	0.13953488372093
HRA003620_CTACCTGGTGTTACAC-1_1	HRA003620_NC-27	HRA003620	DF.classifications_0.25_0.005_366	Singlet	pANN_0.25_0.005_366	0.232558139534884
HRA003620_CTACCTGTCCCACAGG-1_1	HRA003620_NC-27	HRA003620	DF.classifications_0.25_0.005_366	Singlet	pANN_0.25_0.005_366	0.13953488372093
HRA003620_CTACCTGTCCGCACTT-1_1	HRA003620_NC-27	HRA003620	DF.classifications_0.25_0.005_366	Singlet	pANN_0.25_0.005_366	0.0930232558139535
HRA003620_CTACGGGTCAAGGTGG-1_1	HRA003620_NC-27	HRA003620	DF.classifications_0.25_0.005_366	Singlet	pANN_0.25_0.005_366	0.0232558139534884
HRA003620_CTACTATCAGAAACCG-1_1	HRA003620_NC-27	HRA003620	DF.classifications_0.25_0.005_366	Singlet	pANN_0.25_0.005_366	0.0697674418604651
HRA003620_CTACTATCATACCACA-1_1	HRA003620_NC-27	HRA003620	DF.classifications_0.25_0.005_366	Singlet	pANN_0.25_0.005_366	0.0465116279069767
HRA003620_CTACTATCATGTGGCC-1_1	HRA003620_NC-27	HRA003620	DF.classifications_0.25_0.005_366	Singlet	pANN_0.25_0.005_366	0.0930232558139535
HRA003620_CTACTATGTCATAGTC-1_1	HRA003620_NC-27	HRA003620	DF.classifications_0.25_0.005_366	Singlet	pANN_0.25_0.005_366	0.0930232558139535
HRA003620_CTACTATGTCCAAGAG-1_1	HRA003620_NC-27	HRA003620	DF.classifications_0.25_0.005_366	Singlet	pANN_0.25_0.005_366	0.0232558139534884
HRA003620_CTACTATTCGATCCCT-1_1	HRA003620_NC-27	HRA003620	DF.classifications_0.25_0.005_366	Singlet	pANN_0.25_0.005_366	0.162790697674419
HRA003620_CTACTATTCGGAAGGT-1_1	HRA003620_NC-27	HRA003620	DF.classifications_0.25_0.005_366	Singlet	pANN_0.25_0.005_366	0.232558139534884
HRA003620_CTACTATTCTACACTT-1_1	HRA003620_NC-27	HRA003620	DF.classifications_0.25_0.005_366	Singlet	pANN_0.25_0.005_366	0.13953488372093
HRA003620_CTAGACAAGGAATTAC-1_1	HRA003620_NC-27	HRA003620	DF.classifications_0.25_0.005_366	Singlet	pANN_0.25_0.005_366	0.348837209302326
HRA003620_CTAGACACAAGAGTAT-1_1	HRA003620_NC-27	HRA003620	DF.classifications_0.25_0.005_366	Singlet	pANN_0.25_0.005_366	0.348837209302326
HRA003620_CTAGACACAATAACCC-1_1	HRA003620_NC-27	HRA003620	DF.classifications_0.25_0.005_366	Singlet	pANN_0.25_0.005_366	0.186046511627907
HRA003620_CTAGACAGTCTCACAA-1_1	HRA003620_NC-27	HRA003620	DF.classifications_0.25_0.005_366	Singlet	pANN_0.25_0.005_366	0.186046511627907
HRA003620_CTAGACAGTTTCACAG-1_1	HRA003620_NC-27	HRA003620	DF.classifications_0.25_0.005_366	Singlet	pANN_0.25_0.005_366	0.162790697674419
HRA003620_CTAGACATCCATCTGC-1_1	HRA003620_NC-27	HRA003620	DF.classifications_0.25_0.005_366	Singlet	pANN_0.25_0.005_366	0.302325581395349
HRA003620_CTAGACATCGAAATCC-1_1	HRA003620_NC-27	HRA003620	DF.classifications_0.25_0.005_366	Doublet	pANN_0.25_0.005_366	0.627906976744186
HRA003620_CTAGACATCTCGGTAA-1_1	HRA003620_NC-27	HRA003620	DF.classifications_0.25_0.005_366	Doublet	pANN_0.25_0.005_366	0.744186046511628
HRA003620_CTAGGTAGTATCGCAT-1_1	HRA003620_NC-27	HRA003620	DF.classifications_0.25_0.005_366	Singlet	pANN_0.25_0.005_366	0.209302325581395
HRA003620_CTAGGTAGTCTAATCG-1_1	HRA003620_NC-27	HRA003620	DF.classifications_0.25_0.005_366	Singlet	pANN_0.25_0.005_366	0.255813953488372
HRA003620_CTAGGTAGTGAGGCAT-1_1	HRA003620_NC-27	HRA003620	DF.classifications_0.25_0.005_366	Singlet	pANN_0.25_0.005_366	0.0232558139534884
HRA003620_CTAGGTAGTTCAACGT-1_1	HRA003620_NC-27	HRA003620	DF.classifications_0.25_0.005_366	Singlet	pANN_0.25_0.005_366	0.13953488372093
HRA003620_CTAGGTATCCCTTCCC-1_1	HRA003620_NC-27	HRA003620	DF.classifications_0.25_0.005_366	Singlet	pANN_0.25_0.005_366	0.209302325581395
HRA003620_CTATAGGAGGTTGGAC-1_1	HRA003620_NC-27	HRA003620	DF.classifications_0.25_0.005_366	Singlet	pANN_0.25_0.005_366	0.13953488372093
HRA003620_CTATAGGCATCGAACT-1_1	HRA003620_NC-27	HRA003620	DF.classifications_0.25_0.005_366	Singlet	pANN_0.25_0.005_366	0.232558139534884
HRA003620_CTATAGGTCCTACACC-1_1	HRA003620_NC-27	HRA003620	DF.classifications_0.25_0.005_366	Singlet	pANN_0.25_0.005_366	0.0930232558139535
HRA003620_CTATCCGAGAAGTGTT-1_1	HRA003620_NC-27	HRA003620	DF.classifications_0.25_0.005_366	Singlet	pANN_0.25_0.005_366	0.0232558139534884
HRA003620_CTATCCGCAAAGGCAC-1_1	HRA003620_NC-27	HRA003620	DF.classifications_0.25_0.005_366	Singlet	pANN_0.25_0.005_366	0
HRA003620_CTATCCGCAACCAATC-1_1	HRA003620_NC-27	HRA003620	DF.classifications_0.25_0.005_366	Singlet	pANN_0.25_0.005_366	0.255813953488372
HRA003620_CTATCCGCAAGCGCAA-1_1	HRA003620_NC-27	HRA003620	DF.classifications_0.25_0.005_366	Singlet	pANN_0.25_0.005_366	0.0465116279069767
HRA003620_CTATCCGCAAGGTACG-1_1	HRA003620_NC-27	HRA003620	DF.classifications_0.25_0.005_366	Singlet	pANN_0.25_0.005_366	0.0930232558139535
HRA003620_CTATCCGGTCGTATTG-1_1	HRA003620_NC-27	HRA003620	DF.classifications_0.25_0.005_366	Singlet	pANN_0.25_0.005_366	0.0697674418604651
HRA003620_CTATCCGGTCTTGGTA-1_1	HRA003620_NC-27	HRA003620	DF.classifications_0.25_0.005_366	Singlet	pANN_0.25_0.005_366	0.186046511627907
HRA003620_CTATCCGGTGGGTCAA-1_1	HRA003620_NC-27	HRA003620	DF.classifications_0.25_0.005_366	Singlet	pANN_0.25_0.005_366	0.0930232558139535
HRA003620_CTATCCGGTGTCTCCT-1_1	HRA003620_NC-27	HRA003620	DF.classifications_0.25_0.005_366	Singlet	pANN_0.25_0.005_366	0.13953488372093
HRA003620_CTATCCGTCTCACGAA-1_1	HRA003620_NC-27	HRA003620	DF.classifications_0.25_0.005_366	Doublet	pANN_0.25_0.005_366	0.627906976744186
HRA003620_CTATCCGTCTCCGAAA-1_1	HRA003620_NC-27	HRA003620	DF.classifications_0.25_0.005_366	Singlet	pANN_0.25_0.005_366	0.0465116279069767
HRA003620_CTATCCGTCTTACTGT-1_1	HRA003620_NC-27	HRA003620	DF.classifications_0.25_0.005_366	Singlet	pANN_0.25_0.005_366	0.232558139534884
HRA003620_CTATCTAAGGCCCACT-1_1	HRA003620_NC-27	HRA003620	DF.classifications_0.25_0.005_366	Singlet	pANN_0.25_0.005_366	0.27906976744186
HRA003620_CTATCTAAGTAACGTA-1_1	HRA003620_NC-27	HRA003620	DF.classifications_0.25_0.005_366	Singlet	pANN_0.25_0.005_366	0.0465116279069767
HRA003620_CTATCTACAAGACCGA-1_1	HRA003620_NC-27	HRA003620	DF.classifications_0.25_0.005_366	Singlet	pANN_0.25_0.005_366	0.186046511627907
HRA003620_CTATCTACAAGAGTTA-1_1	HRA003620_NC-27	HRA003620	DF.classifications_0.25_0.005_366	Singlet	pANN_0.25_0.005_366	0.116279069767442
HRA003620_CTATCTACAAGTCGTT-1_1	HRA003620_NC-27	HRA003620	DF.classifications_0.25_0.005_366	Singlet	pANN_0.25_0.005_366	0.0697674418604651
HRA003620_CTATCTACAATACAGA-1_1	HRA003620_NC-27	HRA003620	DF.classifications_0.25_0.005_366	Doublet	pANN_0.25_0.005_366	0.627906976744186
HRA003620_CTATCTACATAGGTAA-1_1	HRA003620_NC-27	HRA003620	DF.classifications_0.25_0.005_366	Doublet	pANN_0.25_0.005_366	0.558139534883721
HRA003620_CTATCTAGTTAGGACG-1_1	HRA003620_NC-27	HRA003620	DF.classifications_0.25_0.005_366	Singlet	pANN_0.25_0.005_366	0.13953488372093
HRA003620_CTATCTATCGCTTAAG-1_1	HRA003620_NC-27	HRA003620	DF.classifications_0.25_0.005_366	Singlet	pANN_0.25_0.005_366	0.209302325581395
HRA003620_CTCAACCAGATAACAC-1_1	HRA003620_NC-27	HRA003620	DF.classifications_0.25_0.005_366	Singlet	pANN_0.25_0.005_366	0.372093023255814
HRA003620_CTCAACCAGTCATACC-1_1	HRA003620_NC-27	HRA003620	DF.classifications_0.25_0.005_366	Singlet	pANN_0.25_0.005_366	0.255813953488372
HRA003620_CTCAACCCAATGTTGC-1_1	HRA003620_NC-27	HRA003620	DF.classifications_0.25_0.005_366	Singlet	pANN_0.25_0.005_366	0.186046511627907
HRA003620_CTCAACCTCAGCACCG-1_1	HRA003620_NC-27	HRA003620	DF.classifications_0.25_0.005_366	Singlet	pANN_0.25_0.005_366	0.0465116279069767
HRA003620_CTCAACCTCGATACGT-1_1	HRA003620_NC-27	HRA003620	DF.classifications_0.25_0.005_366	Singlet	pANN_0.25_0.005_366	0.0232558139534884
HRA003620_CTCAAGAAGCGTTGTT-1_1	HRA003620_NC-27	HRA003620	DF.classifications_0.25_0.005_366	Singlet	pANN_0.25_0.005_366	0.0930232558139535
HRA003620_CTCAAGAAGGCTGAAC-1_1	HRA003620_NC-27	HRA003620	DF.classifications_0.25_0.005_366	Singlet	pANN_0.25_0.005_366	0.0930232558139535
HRA003620_CTCAAGAAGGGTCTTT-1_1	HRA003620_NC-27	HRA003620	DF.classifications_0.25_0.005_366	Doublet	pANN_0.25_0.005_366	0.558139534883721
HRA003620_CTCAAGAAGGTAAAGG-1_1	HRA003620_NC-27	HRA003620	DF.classifications_0.25_0.005_366	Singlet	pANN_0.25_0.005_366	0.162790697674419
HRA003620_CTCAAGACAAGAGGCT-1_1	HRA003620_NC-27	HRA003620	DF.classifications_0.25_0.005_366	Singlet	pANN_0.25_0.005_366	0.302325581395349
HRA003620_CTCAAGACATGGCCAC-1_1	HRA003620_NC-27	HRA003620	DF.classifications_0.25_0.005_366	Singlet	pANN_0.25_0.005_366	0.209302325581395
HRA003620_CTCAAGACATTGAGGG-1_1	HRA003620_NC-27	HRA003620	DF.classifications_0.25_0.005_366	Singlet	pANN_0.25_0.005_366	0.325581395348837
HRA003620_CTCAAGAGTTTACTTC-1_1	HRA003620_NC-27	HRA003620	DF.classifications_0.25_0.005_366	Singlet	pANN_0.25_0.005_366	0.232558139534884
HRA003620_CTCAATTAGAACCGCA-1_1	HRA003620_NC-27	HRA003620	DF.classifications_0.25_0.005_366	Doublet	pANN_0.25_0.005_366	0.441860465116279
HRA003620_CTCAATTAGACCAACG-1_1	HRA003620_NC-27	HRA003620	DF.classifications_0.25_0.005_366	Singlet	pANN_0.25_0.005_366	0.27906976744186
HRA003620_CTCAATTAGTCGAATA-1_1	HRA003620_NC-27	HRA003620	DF.classifications_0.25_0.005_366	Singlet	pANN_0.25_0.005_366	0.27906976744186
HRA003620_CTCAATTCACCGAATT-1_1	HRA003620_NC-27	HRA003620	DF.classifications_0.25_0.005_366	Singlet	pANN_0.25_0.005_366	0.255813953488372
HRA003620_CTCAATTCACGGTGTC-1_1	HRA003620_NC-27	HRA003620	DF.classifications_0.25_0.005_366	Singlet	pANN_0.25_0.005_366	0.418604651162791
HRA003620_CTCAATTTCCTCTGCA-1_1	HRA003620_NC-27	HRA003620	DF.classifications_0.25_0.005_366	Singlet	pANN_0.25_0.005_366	0
HRA003620_CTCAATTTCTAGTACG-1_1	HRA003620_NC-27	HRA003620	DF.classifications_0.25_0.005_366	Doublet	pANN_0.25_0.005_366	0.627906976744186
HRA003620_CTCAATTTCTTGGTGA-1_1	HRA003620_NC-27	HRA003620	DF.classifications_0.25_0.005_366	Singlet	pANN_0.25_0.005_366	0.0697674418604651
HRA003620_CTCACTGAGAGTCACG-1_1	HRA003620_NC-27	HRA003620	DF.classifications_0.25_0.005_366	Doublet	pANN_0.25_0.005_366	0.441860465116279
HRA003620_CTCACTGAGTCCGCGT-1_1	HRA003620_NC-27	HRA003620	DF.classifications_0.25_0.005_366	Singlet	pANN_0.25_0.005_366	0.0465116279069767
HRA003620_CTCACTGAGTTACGTC-1_1	HRA003620_NC-27	HRA003620	DF.classifications_0.25_0.005_366	Singlet	pANN_0.25_0.005_366	0.0232558139534884
HRA003620_CTCACTGCAACATCGT-1_1	HRA003620_NC-27	HRA003620	DF.classifications_0.25_0.005_366	Singlet	pANN_0.25_0.005_366	0.0232558139534884
HRA003620_CTCACTGCAGTGTGGA-1_1	HRA003620_NC-27	HRA003620	DF.classifications_0.25_0.005_366	Singlet	pANN_0.25_0.005_366	0.116279069767442
HRA003620_CTCACTGCATGCAGCC-1_1	HRA003620_NC-27	HRA003620	DF.classifications_0.25_0.005_366	Singlet	pANN_0.25_0.005_366	0.418604651162791
HRA003620_CTCACTGGTTAGAGAT-1_1	HRA003620_NC-27	HRA003620	DF.classifications_0.25_0.005_366	Singlet	pANN_0.25_0.005_366	0.0930232558139535
HRA003620_CTCACTGTCCGTAGGC-1_1	HRA003620_NC-27	HRA003620	DF.classifications_0.25_0.005_366	Singlet	pANN_0.25_0.005_366	0.162790697674419
HRA003620_CTCACTGTCGAAGTGG-1_1	HRA003620_NC-27	HRA003620	DF.classifications_0.25_0.005_366	Singlet	pANN_0.25_0.005_366	0.13953488372093
HRA003620_CTCACTGTCGACCATA-1_1	HRA003620_NC-27	HRA003620	DF.classifications_0.25_0.005_366	Singlet	pANN_0.25_0.005_366	0.255813953488372
HRA003620_CTCACTGTCGCGTCGA-1_1	HRA003620_NC-27	HRA003620	DF.classifications_0.25_0.005_366	Doublet	pANN_0.25_0.005_366	0.86046511627907
HRA003620_CTCACTGTCTGAGTCA-1_1	HRA003620_NC-27	HRA003620	DF.classifications_0.25_0.005_366	Singlet	pANN_0.25_0.005_366	0.116279069767442
HRA003620_CTCAGAAAGGAACGAA-1_1	HRA003620_NC-27	HRA003620	DF.classifications_0.25_0.005_366	Singlet	pANN_0.25_0.005_366	0.27906976744186
HRA003620_CTCAGAAAGGAGACCT-1_1	HRA003620_NC-27	HRA003620	DF.classifications_0.25_0.005_366	Singlet	pANN_0.25_0.005_366	0.27906976744186
HRA003620_CTCAGAAAGTCTTCCC-1_1	HRA003620_NC-27	HRA003620	DF.classifications_0.25_0.005_366	Doublet	pANN_0.25_0.005_366	0.581395348837209
HRA003620_CTCAGAACACGTCGTG-1_1	HRA003620_NC-27	HRA003620	DF.classifications_0.25_0.005_366	Singlet	pANN_0.25_0.005_366	0.162790697674419
HRA003620_CTCAGAACAGAACTAA-1_1	HRA003620_NC-27	HRA003620	DF.classifications_0.25_0.005_366	Singlet	pANN_0.25_0.005_366	0.372093023255814
HRA003620_CTCAGAACAGCTAACT-1_1	HRA003620_NC-27	HRA003620	DF.classifications_0.25_0.005_366	Singlet	pANN_0.25_0.005_366	0.186046511627907
HRA003620_CTCAGAAGTCTCGACG-1_1	HRA003620_NC-27	HRA003620	DF.classifications_0.25_0.005_366	Singlet	pANN_0.25_0.005_366	0.0930232558139535
HRA003620_CTCAGAAGTGTTTGCA-1_1	HRA003620_NC-27	HRA003620	DF.classifications_0.25_0.005_366	Singlet	pANN_0.25_0.005_366	0
HRA003620_CTCAGAAGTTCGGTAT-1_1	HRA003620_NC-27	HRA003620	DF.classifications_0.25_0.005_366	Singlet	pANN_0.25_0.005_366	0.162790697674419
HRA003620_CTCAGAATCCCTTGGT-1_1	HRA003620_NC-27	HRA003620	DF.classifications_0.25_0.005_366	Singlet	pANN_0.25_0.005_366	0
HRA003620_CTCAGAATCGATCCAA-1_1	HRA003620_NC-27	HRA003620	DF.classifications_0.25_0.005_366	Singlet	pANN_0.25_0.005_366	0.0697674418604651
HRA003620_CTCAGAATCGCTTGAA-1_1	HRA003620_NC-27	HRA003620	DF.classifications_0.25_0.005_366	Singlet	pANN_0.25_0.005_366	0.116279069767442
HRA003620_CTCAGGGCAAATCCCA-1_1	HRA003620_NC-27	HRA003620	DF.classifications_0.25_0.005_366	Singlet	pANN_0.25_0.005_366	0.116279069767442
HRA003620_CTCAGGGCAGAAGTGC-1_1	HRA003620_NC-27	HRA003620	DF.classifications_0.25_0.005_366	Singlet	pANN_0.25_0.005_366	0.0465116279069767
HRA003620_CTCAGGGGTCGAATTC-1_1	HRA003620_NC-27	HRA003620	DF.classifications_0.25_0.005_366	Singlet	pANN_0.25_0.005_366	0.0465116279069767
HRA003620_CTCAGGGGTCGCGTTG-1_1	HRA003620_NC-27	HRA003620	DF.classifications_0.25_0.005_366	Singlet	pANN_0.25_0.005_366	0.0697674418604651
HRA003620_CTCAGGGGTGTGACCC-1_1	HRA003620_NC-27	HRA003620	DF.classifications_0.25_0.005_366	Singlet	pANN_0.25_0.005_366	0.302325581395349
HRA003620_CTCAGTCAGTCTGTAC-1_1	HRA003620_NC-27	HRA003620	DF.classifications_0.25_0.005_366	Singlet	pANN_0.25_0.005_366	0
HRA003620_CTCAGTCTCACGATAC-1_1	HRA003620_NC-27	HRA003620	DF.classifications_0.25_0.005_366	Doublet	pANN_0.25_0.005_366	0.465116279069767
HRA003620_CTCAGTCTCAGACAAA-1_1	HRA003620_NC-27	HRA003620	DF.classifications_0.25_0.005_366	Singlet	pANN_0.25_0.005_366	0.13953488372093
HRA003620_CTCATCGAGATCACCT-1_1	HRA003620_NC-27	HRA003620	DF.classifications_0.25_0.005_366	Singlet	pANN_0.25_0.005_366	0.255813953488372
HRA003620_CTCATCGAGTCGTCTA-1_1	HRA003620_NC-27	HRA003620	DF.classifications_0.25_0.005_366	Singlet	pANN_0.25_0.005_366	0.209302325581395
HRA003620_CTCATCGCAAACTAAG-1_1	HRA003620_NC-27	HRA003620	DF.classifications_0.25_0.005_366	Singlet	pANN_0.25_0.005_366	0.0232558139534884
HRA003620_CTCATCGCAAATGAAC-1_1	HRA003620_NC-27	HRA003620	DF.classifications_0.25_0.005_366	Singlet	pANN_0.25_0.005_366	0.162790697674419
HRA003620_CTCATCGCACAAGCCC-1_1	HRA003620_NC-27	HRA003620	DF.classifications_0.25_0.005_366	Singlet	pANN_0.25_0.005_366	0.186046511627907
HRA003620_CTCATCGGTACGTAGG-1_1	HRA003620_NC-27	HRA003620	DF.classifications_0.25_0.005_366	Singlet	pANN_0.25_0.005_366	0.0465116279069767
HRA003620_CTCATCGGTACTAAGA-1_1	HRA003620_NC-27	HRA003620	DF.classifications_0.25_0.005_366	Singlet	pANN_0.25_0.005_366	0.116279069767442
HRA003620_CTCATCGTCATGTCTT-1_1	HRA003620_NC-27	HRA003620	DF.classifications_0.25_0.005_366	Singlet	pANN_0.25_0.005_366	0.13953488372093
HRA003620_CTCATGCAGATACTGA-1_1	HRA003620_NC-27	HRA003620	DF.classifications_0.25_0.005_366	Singlet	pANN_0.25_0.005_366	0.13953488372093
HRA003620_CTCATGCAGCCTGAAG-1_1	HRA003620_NC-27	HRA003620	DF.classifications_0.25_0.005_366	Singlet	pANN_0.25_0.005_366	0.418604651162791
HRA003620_CTCATGCAGGATTACA-1_1	HRA003620_NC-27	HRA003620	DF.classifications_0.25_0.005_366	Singlet	pANN_0.25_0.005_366	0.116279069767442
HRA003620_CTCATGCCATCATTGG-1_1	HRA003620_NC-27	HRA003620	DF.classifications_0.25_0.005_366	Singlet	pANN_0.25_0.005_366	0.255813953488372
HRA003620_CTCATGCGTGTGTGTT-1_1	HRA003620_NC-27	HRA003620	DF.classifications_0.25_0.005_366	Singlet	pANN_0.25_0.005_366	0.162790697674419
HRA003620_CTCATGCTCCTTCAGC-1_1	HRA003620_NC-27	HRA003620	DF.classifications_0.25_0.005_366	Singlet	pANN_0.25_0.005_366	0.0697674418604651
HRA003620_CTCATTAAGCTAGTTC-1_1	HRA003620_NC-27	HRA003620	DF.classifications_0.25_0.005_366	Singlet	pANN_0.25_0.005_366	0.116279069767442
HRA003620_CTCATTAAGGAATGTT-1_1	HRA003620_NC-27	HRA003620	DF.classifications_0.25_0.005_366	Singlet	pANN_0.25_0.005_366	0
HRA003620_CTCATTAAGGGAGTTC-1_1	HRA003620_NC-27	HRA003620	DF.classifications_0.25_0.005_366	Singlet	pANN_0.25_0.005_366	0.162790697674419
HRA003620_CTCATTAAGGTACCTT-1_1	HRA003620_NC-27	HRA003620	DF.classifications_0.25_0.005_366	Singlet	pANN_0.25_0.005_366	0.186046511627907
HRA003620_CTCATTAAGTGTAGTA-1_1	HRA003620_NC-27	HRA003620	DF.classifications_0.25_0.005_366	Singlet	pANN_0.25_0.005_366	0.13953488372093
HRA003620_CTCATTACACAGCATT-1_1	HRA003620_NC-27	HRA003620	DF.classifications_0.25_0.005_366	Singlet	pANN_0.25_0.005_366	0.418604651162791
HRA003620_CTCATTATCAGGGATG-1_1	HRA003620_NC-27	HRA003620	DF.classifications_0.25_0.005_366	Singlet	pANN_0.25_0.005_366	0.232558139534884
HRA003620_CTCCAACAGAATCTAG-1_1	HRA003620_NC-27	HRA003620	DF.classifications_0.25_0.005_366	Singlet	pANN_0.25_0.005_366	0.302325581395349
HRA003620_CTCCAACAGTAGCATA-1_1	HRA003620_NC-27	HRA003620	DF.classifications_0.25_0.005_366	Singlet	pANN_0.25_0.005_366	0.0465116279069767
HRA003620_CTCCAACAGTCCGTCG-1_1	HRA003620_NC-27	HRA003620	DF.classifications_0.25_0.005_366	Singlet	pANN_0.25_0.005_366	0.186046511627907
HRA003620_CTCCAACCACACACTA-1_1	HRA003620_NC-27	HRA003620	DF.classifications_0.25_0.005_366	Singlet	pANN_0.25_0.005_366	0.13953488372093
HRA003620_CTCCAACGTTCTCCAC-1_1	HRA003620_NC-27	HRA003620	DF.classifications_0.25_0.005_366	Singlet	pANN_0.25_0.005_366	0.0465116279069767
HRA003620_CTCCAACTCCTCACCA-1_1	HRA003620_NC-27	HRA003620	DF.classifications_0.25_0.005_366	Singlet	pANN_0.25_0.005_366	0.162790697674419
HRA003620_CTCCAACTCGAGTCCG-1_1	HRA003620_NC-27	HRA003620	DF.classifications_0.25_0.005_366	Singlet	pANN_0.25_0.005_366	0.27906976744186
HRA003620_CTCCACAAGCGATGGT-1_1	HRA003620_NC-27	HRA003620	DF.classifications_0.25_0.005_366	Singlet	pANN_0.25_0.005_366	0.209302325581395
HRA003620_CTCCACAAGGTAGCAC-1_1	HRA003620_NC-27	HRA003620	DF.classifications_0.25_0.005_366	Singlet	pANN_0.25_0.005_366	0.0465116279069767
HRA003620_CTCCACACAGAACGCA-1_1	HRA003620_NC-27	HRA003620	DF.classifications_0.25_0.005_366	Singlet	pANN_0.25_0.005_366	0.13953488372093
HRA003620_CTCCACACAGACCAAG-1_1	HRA003620_NC-27	HRA003620	DF.classifications_0.25_0.005_366	Singlet	pANN_0.25_0.005_366	0.0465116279069767
HRA003620_CTCCACAGTTCTCAGA-1_1	HRA003620_NC-27	HRA003620	DF.classifications_0.25_0.005_366	Singlet	pANN_0.25_0.005_366	0.0232558139534884
HRA003620_CTCCACATCATCACAG-1_1	HRA003620_NC-27	HRA003620	DF.classifications_0.25_0.005_366	Singlet	pANN_0.25_0.005_366	0.186046511627907
HRA003620_CTCCACATCGTGCACG-1_1	HRA003620_NC-27	HRA003620	DF.classifications_0.25_0.005_366	Singlet	pANN_0.25_0.005_366	0.0697674418604651
HRA003620_CTCCATGAGTATGCAA-1_1	HRA003620_NC-27	HRA003620	DF.classifications_0.25_0.005_366	Singlet	pANN_0.25_0.005_366	0.186046511627907
HRA003620_CTCCATGAGTCTGGTT-1_1	HRA003620_NC-27	HRA003620	DF.classifications_0.25_0.005_366	Singlet	pANN_0.25_0.005_366	0.162790697674419
HRA003620_CTCCATGGTACTCGCG-1_1	HRA003620_NC-27	HRA003620	DF.classifications_0.25_0.005_366	Singlet	pANN_0.25_0.005_366	0.0930232558139535
HRA003620_CTCCATGGTAGCGTTT-1_1	HRA003620_NC-27	HRA003620	DF.classifications_0.25_0.005_366	Singlet	pANN_0.25_0.005_366	0.186046511627907
HRA003620_CTCCATGTCAAGCCGC-1_1	HRA003620_NC-27	HRA003620	DF.classifications_0.25_0.005_366	Singlet	pANN_0.25_0.005_366	0.13953488372093
HRA003620_CTCCCAAAGATACTGA-1_1	HRA003620_NC-27	HRA003620	DF.classifications_0.25_0.005_366	Singlet	pANN_0.25_0.005_366	0.116279069767442
HRA003620_CTCCCAAAGCCAAGGT-1_1	HRA003620_NC-27	HRA003620	DF.classifications_0.25_0.005_366	Singlet	pANN_0.25_0.005_366	0.348837209302326
HRA003620_CTCCCAAAGGGCAGGA-1_1	HRA003620_NC-27	HRA003620	DF.classifications_0.25_0.005_366	Singlet	pANN_0.25_0.005_366	0.186046511627907
HRA003620_CTCCCAAAGTGGCCTC-1_1	HRA003620_NC-27	HRA003620	DF.classifications_0.25_0.005_366	Singlet	pANN_0.25_0.005_366	0.162790697674419
HRA003620_CTCCCAAGTAAGGCCA-1_1	HRA003620_NC-27	HRA003620	DF.classifications_0.25_0.005_366	Singlet	pANN_0.25_0.005_366	0.232558139534884
HRA003620_CTCCCAAGTATGAGAT-1_1	HRA003620_NC-27	HRA003620	DF.classifications_0.25_0.005_366	Doublet	pANN_0.25_0.005_366	0.465116279069767
HRA003620_CTCCCAAGTCGATGCC-1_1	HRA003620_NC-27	HRA003620	DF.classifications_0.25_0.005_366	Singlet	pANN_0.25_0.005_366	0.209302325581395
HRA003620_CTCCCAAGTCTTTATC-1_1	HRA003620_NC-27	HRA003620	DF.classifications_0.25_0.005_366	Singlet	pANN_0.25_0.005_366	0.13953488372093
HRA003620_CTCCCAAGTCTTTCAT-1_1	HRA003620_NC-27	HRA003620	DF.classifications_0.25_0.005_366	Doublet	pANN_0.25_0.005_366	0.441860465116279
HRA003620_CTCCCAATCCATAAGC-1_1	HRA003620_NC-27	HRA003620	DF.classifications_0.25_0.005_366	Singlet	pANN_0.25_0.005_366	0.0232558139534884
HRA003620_CTCCCAATCGGAATGG-1_1	HRA003620_NC-27	HRA003620	DF.classifications_0.25_0.005_366	Singlet	pANN_0.25_0.005_366	0.325581395348837
HRA003620_CTCCCTCAGCATCCCG-1_1	HRA003620_NC-27	HRA003620	DF.classifications_0.25_0.005_366	Singlet	pANN_0.25_0.005_366	0.255813953488372
HRA003620_CTCCCTCAGTCATAGA-1_1	HRA003620_NC-27	HRA003620	DF.classifications_0.25_0.005_366	Singlet	pANN_0.25_0.005_366	0.13953488372093
HRA003620_CTCCCTCCAACCCTAA-1_1	HRA003620_NC-27	HRA003620	DF.classifications_0.25_0.005_366	Singlet	pANN_0.25_0.005_366	0.209302325581395
HRA003620_CTCCCTCCACAATGAA-1_1	HRA003620_NC-27	HRA003620	DF.classifications_0.25_0.005_366	Singlet	pANN_0.25_0.005_366	0.302325581395349
HRA003620_CTCCCTCCACCAGTTA-1_1	HRA003620_NC-27	HRA003620	DF.classifications_0.25_0.005_366	Singlet	pANN_0.25_0.005_366	0.255813953488372
HRA003620_CTCCCTCTCGGAATTC-1_1	HRA003620_NC-27	HRA003620	DF.classifications_0.25_0.005_366	Singlet	pANN_0.25_0.005_366	0.27906976744186
HRA003620_CTCCGATAGTGTACAA-1_1	HRA003620_NC-27	HRA003620	DF.classifications_0.25_0.005_366	Singlet	pANN_0.25_0.005_366	0.255813953488372
HRA003620_CTCCGATCACGCAAAG-1_1	HRA003620_NC-27	HRA003620	DF.classifications_0.25_0.005_366	Doublet	pANN_0.25_0.005_366	0.511627906976744
HRA003620_CTCCGATCAGTAGAAT-1_1	HRA003620_NC-27	HRA003620	DF.classifications_0.25_0.005_366	Singlet	pANN_0.25_0.005_366	0.418604651162791
HRA003620_CTCCGATGTCCGGCAT-1_1	HRA003620_NC-27	HRA003620	DF.classifications_0.25_0.005_366	Singlet	pANN_0.25_0.005_366	0.209302325581395
HRA003620_CTCCGATTCATGGTAC-1_1	HRA003620_NC-27	HRA003620	DF.classifications_0.25_0.005_366	Singlet	pANN_0.25_0.005_366	0.0697674418604651
HRA003620_CTCCGATTCCGAGTGC-1_1	HRA003620_NC-27	HRA003620	DF.classifications_0.25_0.005_366	Singlet	pANN_0.25_0.005_366	0.0697674418604651
HRA003620_CTCCTCCAGCGCCCAT-1_1	HRA003620_NC-27	HRA003620	DF.classifications_0.25_0.005_366	Singlet	pANN_0.25_0.005_366	0.13953488372093
HRA003620_CTCCTCCAGTCACTGT-1_1	HRA003620_NC-27	HRA003620	DF.classifications_0.25_0.005_366	Singlet	pANN_0.25_0.005_366	0.13953488372093
HRA003620_CTCCTCCCAATTCTCT-1_1	HRA003620_NC-27	HRA003620	DF.classifications_0.25_0.005_366	Singlet	pANN_0.25_0.005_366	0.0697674418604651
HRA003620_CTCCTCCCATCCGTGG-1_1	HRA003620_NC-27	HRA003620	DF.classifications_0.25_0.005_366	Singlet	pANN_0.25_0.005_366	0.325581395348837
HRA003620_CTCCTCCGTGTCATTG-1_1	HRA003620_NC-27	HRA003620	DF.classifications_0.25_0.005_366	Singlet	pANN_0.25_0.005_366	0
HRA003620_CTCCTCCGTTTCCCAC-1_1	HRA003620_NC-27	HRA003620	DF.classifications_0.25_0.005_366	Singlet	pANN_0.25_0.005_366	0.13953488372093
HRA003620_CTCCTCCTCAGTCACA-1_1	HRA003620_NC-27	HRA003620	DF.classifications_0.25_0.005_366	Singlet	pANN_0.25_0.005_366	0.116279069767442
HRA003620_CTCCTCCTCCGCATAA-1_1	HRA003620_NC-27	HRA003620	DF.classifications_0.25_0.005_366	Doublet	pANN_0.25_0.005_366	0.441860465116279
HRA003620_CTCCTTTAGTCACACT-1_1	HRA003620_NC-27	HRA003620	DF.classifications_0.25_0.005_366	Singlet	pANN_0.25_0.005_366	0.325581395348837
HRA003620_CTCCTTTCACAAGCTT-1_1	HRA003620_NC-27	HRA003620	DF.classifications_0.25_0.005_366	Singlet	pANN_0.25_0.005_366	0.0697674418604651
HRA003620_CTCCTTTCACCTTCCA-1_1	HRA003620_NC-27	HRA003620	DF.classifications_0.25_0.005_366	Singlet	pANN_0.25_0.005_366	0.0697674418604651
HRA003620_CTCCTTTCACTAGGCC-1_1	HRA003620_NC-27	HRA003620	DF.classifications_0.25_0.005_366	Doublet	pANN_0.25_0.005_366	0.581395348837209
HRA003620_CTCCTTTGTAAGATTG-1_1	HRA003620_NC-27	HRA003620	DF.classifications_0.25_0.005_366	Singlet	pANN_0.25_0.005_366	0.162790697674419
HRA003620_CTCCTTTGTACCGTGC-1_1	HRA003620_NC-27	HRA003620	DF.classifications_0.25_0.005_366	Singlet	pANN_0.25_0.005_366	0.162790697674419
HRA003620_CTCCTTTTCATTTACC-1_1	HRA003620_NC-27	HRA003620	DF.classifications_0.25_0.005_366	Singlet	pANN_0.25_0.005_366	0
HRA003620_CTCCTTTTCCAAATGC-1_1	HRA003620_NC-27	HRA003620	DF.classifications_0.25_0.005_366	Singlet	pANN_0.25_0.005_366	0.209302325581395
HRA003620_CTCCTTTTCGTTCAGA-1_1	HRA003620_NC-27	HRA003620	DF.classifications_0.25_0.005_366	Singlet	pANN_0.25_0.005_366	0.186046511627907
HRA003620_CTCGAGGAGAGTACCG-1_1	HRA003620_NC-27	HRA003620	DF.classifications_0.25_0.005_366	Singlet	pANN_0.25_0.005_366	0.116279069767442
HRA003620_CTCGAGGAGTTCACTG-1_1	HRA003620_NC-27	HRA003620	DF.classifications_0.25_0.005_366	Singlet	pANN_0.25_0.005_366	0
HRA003620_CTCGAGGCAACACTAC-1_1	HRA003620_NC-27	HRA003620	DF.classifications_0.25_0.005_366	Singlet	pANN_0.25_0.005_366	0.232558139534884
HRA003620_CTCGAGGCAGACCAGA-1_1	HRA003620_NC-27	HRA003620	DF.classifications_0.25_0.005_366	Singlet	pANN_0.25_0.005_366	0
HRA003620_CTCGAGGCATGGAGAC-1_1	HRA003620_NC-27	HRA003620	DF.classifications_0.25_0.005_366	Singlet	pANN_0.25_0.005_366	0.325581395348837
HRA003620_CTCGAGGCATGGCGCT-1_1	HRA003620_NC-27	HRA003620	DF.classifications_0.25_0.005_366	Singlet	pANN_0.25_0.005_366	0.13953488372093
HRA003620_CTCGAGGCATGTGCTA-1_1	HRA003620_NC-27	HRA003620	DF.classifications_0.25_0.005_366	Singlet	pANN_0.25_0.005_366	0.0930232558139535
HRA003620_CTCGAGGGTTTACCTT-1_1	HRA003620_NC-27	HRA003620	DF.classifications_0.25_0.005_366	Singlet	pANN_0.25_0.005_366	0.162790697674419
HRA003620_CTCTCAGAGATGAAGG-1_1	HRA003620_NC-27	HRA003620	DF.classifications_0.25_0.005_366	Singlet	pANN_0.25_0.005_366	0.0465116279069767
HRA003620_CTCTCAGAGCAAACAT-1_1	HRA003620_NC-27	HRA003620	DF.classifications_0.25_0.005_366	Singlet	pANN_0.25_0.005_366	0.255813953488372
HRA003620_CTCTCAGCACCGGCTA-1_1	HRA003620_NC-27	HRA003620	DF.classifications_0.25_0.005_366	Singlet	pANN_0.25_0.005_366	0.13953488372093
HRA003620_CTCTCAGCACGGTGCT-1_1	HRA003620_NC-27	HRA003620	DF.classifications_0.25_0.005_366	Singlet	pANN_0.25_0.005_366	0.0465116279069767
HRA003620_CTCTCAGCATGAGTAA-1_1	HRA003620_NC-27	HRA003620	DF.classifications_0.25_0.005_366	Singlet	pANN_0.25_0.005_366	0.186046511627907
HRA003620_CTCTCAGGTTCCACGG-1_1	HRA003620_NC-27	HRA003620	DF.classifications_0.25_0.005_366	Singlet	pANN_0.25_0.005_366	0.116279069767442
HRA003620_CTCTCAGTCCGCACGA-1_1	HRA003620_NC-27	HRA003620	DF.classifications_0.25_0.005_366	Singlet	pANN_0.25_0.005_366	0.0930232558139535
HRA003620_CTCTCAGTCGGATTAC-1_1	HRA003620_NC-27	HRA003620	DF.classifications_0.25_0.005_366	Singlet	pANN_0.25_0.005_366	0.0930232558139535
HRA003620_CTCTCGAAGGTCGAGT-1_1	HRA003620_NC-27	HRA003620	DF.classifications_0.25_0.005_366	Singlet	pANN_0.25_0.005_366	0.0232558139534884
HRA003620_CTCTCGACAACTCCAA-1_1	HRA003620_NC-27	HRA003620	DF.classifications_0.25_0.005_366	Singlet	pANN_0.25_0.005_366	0.209302325581395
HRA003620_CTCTCGACAACTTCTT-1_1	HRA003620_NC-27	HRA003620	DF.classifications_0.25_0.005_366	Doublet	pANN_0.25_0.005_366	0.441860465116279
HRA003620_CTCTCGACAGGCGTTC-1_1	HRA003620_NC-27	HRA003620	DF.classifications_0.25_0.005_366	Singlet	pANN_0.25_0.005_366	0.0232558139534884
HRA003620_CTCTCGACATCCTGTC-1_1	HRA003620_NC-27	HRA003620	DF.classifications_0.25_0.005_366	Doublet	pANN_0.25_0.005_366	0.558139534883721
HRA003620_CTCTCGAGTAGTGCGA-1_1	HRA003620_NC-27	HRA003620	DF.classifications_0.25_0.005_366	Singlet	pANN_0.25_0.005_366	0.0930232558139535
HRA003620_CTCTCGAGTAGTGGCA-1_1	HRA003620_NC-27	HRA003620	DF.classifications_0.25_0.005_366	Singlet	pANN_0.25_0.005_366	0.232558139534884
HRA003620_CTCTCGAGTCCAGCGT-1_1	HRA003620_NC-27	HRA003620	DF.classifications_0.25_0.005_366	Singlet	pANN_0.25_0.005_366	0.0232558139534884
HRA003620_CTCTCGAGTGCTCGTG-1_1	HRA003620_NC-27	HRA003620	DF.classifications_0.25_0.005_366	Singlet	pANN_0.25_0.005_366	0
HRA003620_CTCTCGAGTTCTCTCG-1_1	HRA003620_NC-27	HRA003620	DF.classifications_0.25_0.005_366	Singlet	pANN_0.25_0.005_366	0.302325581395349
HRA003620_CTCTCGATCCTTATCA-1_1	HRA003620_NC-27	HRA003620	DF.classifications_0.25_0.005_366	Singlet	pANN_0.25_0.005_366	0.232558139534884
HRA003620_CTCTCGATCGGTTAGT-1_1	HRA003620_NC-27	HRA003620	DF.classifications_0.25_0.005_366	Singlet	pANN_0.25_0.005_366	0.0465116279069767
HRA003620_CTCTGGTAGACGCCAA-1_1	HRA003620_NC-27	HRA003620	DF.classifications_0.25_0.005_366	Singlet	pANN_0.25_0.005_366	0.0697674418604651
HRA003620_CTCTGGTAGATGTTGA-1_1	HRA003620_NC-27	HRA003620	DF.classifications_0.25_0.005_366	Singlet	pANN_0.25_0.005_366	0.0465116279069767
HRA003620_CTCTGGTCAAGATTGA-1_1	HRA003620_NC-27	HRA003620	DF.classifications_0.25_0.005_366	Singlet	pANN_0.25_0.005_366	0.325581395348837
HRA003620_CTCTGGTTCCACGTCT-1_1	HRA003620_NC-27	HRA003620	DF.classifications_0.25_0.005_366	Singlet	pANN_0.25_0.005_366	0.0465116279069767
HRA003620_CTGAATGCAAGGTTGG-1_1	HRA003620_NC-27	HRA003620	DF.classifications_0.25_0.005_366	Singlet	pANN_0.25_0.005_366	0.255813953488372
HRA003620_CTGAATGCACAGCCAC-1_1	HRA003620_NC-27	HRA003620	DF.classifications_0.25_0.005_366	Singlet	pANN_0.25_0.005_366	0.0930232558139535
HRA003620_CTGAATGGTGGAATGC-1_1	HRA003620_NC-27	HRA003620	DF.classifications_0.25_0.005_366	Singlet	pANN_0.25_0.005_366	0.13953488372093
HRA003620_CTGAATGTCAAGTAAG-1_1	HRA003620_NC-27	HRA003620	DF.classifications_0.25_0.005_366	Singlet	pANN_0.25_0.005_366	0.186046511627907
HRA003620_CTGAATGTCCCTATTA-1_1	HRA003620_NC-27	HRA003620	DF.classifications_0.25_0.005_366	Singlet	pANN_0.25_0.005_366	0.162790697674419
HRA003620_CTGAGCGAGGTCACCC-1_1	HRA003620_NC-27	HRA003620	DF.classifications_0.25_0.005_366	Singlet	pANN_0.25_0.005_366	0.255813953488372
HRA003620_CTGAGCGCACCAACAT-1_1	HRA003620_NC-27	HRA003620	DF.classifications_0.25_0.005_366	Singlet	pANN_0.25_0.005_366	0.27906976744186
HRA003620_CTGAGCGCAGGATGAC-1_1	HRA003620_NC-27	HRA003620	DF.classifications_0.25_0.005_366	Singlet	pANN_0.25_0.005_366	0.302325581395349
HRA003620_CTGAGCGCATCGCTGG-1_1	HRA003620_NC-27	HRA003620	DF.classifications_0.25_0.005_366	Singlet	pANN_0.25_0.005_366	0.0697674418604651
HRA003620_CTGAGCGGTGTGAATA-1_1	HRA003620_NC-27	HRA003620	DF.classifications_0.25_0.005_366	Singlet	pANN_0.25_0.005_366	0.0232558139534884
HRA003620_CTGAGCGGTTCAACGT-1_1	HRA003620_NC-27	HRA003620	DF.classifications_0.25_0.005_366	Singlet	pANN_0.25_0.005_366	0.209302325581395
HRA003620_CTGAGGCAGCACACCC-1_1	HRA003620_NC-27	HRA003620	DF.classifications_0.25_0.005_366	Singlet	pANN_0.25_0.005_366	0.0697674418604651
HRA003620_CTGAGGCAGGATGCGT-1_1	HRA003620_NC-27	HRA003620	DF.classifications_0.25_0.005_366	Doublet	pANN_0.25_0.005_366	0.604651162790698
HRA003620_CTGAGGCAGGTCTTTG-1_1	HRA003620_NC-27	HRA003620	DF.classifications_0.25_0.005_366	Singlet	pANN_0.25_0.005_366	0.186046511627907
HRA003620_CTGAGGCAGTCCCGAC-1_1	HRA003620_NC-27	HRA003620	DF.classifications_0.25_0.005_366	Singlet	pANN_0.25_0.005_366	0
HRA003620_CTGAGGCCACAGTATC-1_1	HRA003620_NC-27	HRA003620	DF.classifications_0.25_0.005_366	Singlet	pANN_0.25_0.005_366	0.232558139534884
HRA003620_CTGAGGCCAGTAGAGC-1_1	HRA003620_NC-27	HRA003620	DF.classifications_0.25_0.005_366	Singlet	pANN_0.25_0.005_366	0
HRA003620_CTGAGGCGTACAACGG-1_1	HRA003620_NC-27	HRA003620	DF.classifications_0.25_0.005_366	Singlet	pANN_0.25_0.005_366	0.0232558139534884
HRA003620_CTGAGGCGTATGTGTC-1_1	HRA003620_NC-27	HRA003620	DF.classifications_0.25_0.005_366	Singlet	pANN_0.25_0.005_366	0.162790697674419
HRA003620_CTGAGGCGTGAATTGA-1_1	HRA003620_NC-27	HRA003620	DF.classifications_0.25_0.005_366	Singlet	pANN_0.25_0.005_366	0.0930232558139535
HRA003620_CTGAGGCGTTATTCCT-1_1	HRA003620_NC-27	HRA003620	DF.classifications_0.25_0.005_366	Doublet	pANN_0.25_0.005_366	0.488372093023256
HRA003620_CTGAGGCTCACCTCTG-1_1	HRA003620_NC-27	HRA003620	DF.classifications_0.25_0.005_366	Singlet	pANN_0.25_0.005_366	0.0697674418604651
HRA003620_CTGAGGCTCGTCCTTG-1_1	HRA003620_NC-27	HRA003620	DF.classifications_0.25_0.005_366	Doublet	pANN_0.25_0.005_366	0.465116279069767
HRA003620_CTGATCCAGCTCACTA-1_1	HRA003620_NC-27	HRA003620	DF.classifications_0.25_0.005_366	Singlet	pANN_0.25_0.005_366	0.0930232558139535
HRA003620_CTGATCCCAATTTCCT-1_1	HRA003620_NC-27	HRA003620	DF.classifications_0.25_0.005_366	Singlet	pANN_0.25_0.005_366	0.186046511627907
HRA003620_CTGATCCGTGCAATAA-1_1	HRA003620_NC-27	HRA003620	DF.classifications_0.25_0.005_366	Singlet	pANN_0.25_0.005_366	0.0930232558139535
HRA003620_CTGATCCTCAGGAACG-1_1	HRA003620_NC-27	HRA003620	DF.classifications_0.25_0.005_366	Singlet	pANN_0.25_0.005_366	0.0465116279069767
HRA003620_CTGATCCTCGGAAGGT-1_1	HRA003620_NC-27	HRA003620	DF.classifications_0.25_0.005_366	Singlet	pANN_0.25_0.005_366	0.395348837209302
HRA003620_CTGCAGGAGTTACGTC-1_1	HRA003620_NC-27	HRA003620	DF.classifications_0.25_0.005_366	Doublet	pANN_0.25_0.005_366	0.627906976744186
HRA003620_CTGCAGGCAAATACAG-1_1	HRA003620_NC-27	HRA003620	DF.classifications_0.25_0.005_366	Singlet	pANN_0.25_0.005_366	0.395348837209302
HRA003620_CTGCAGGGTACTCAAC-1_1	HRA003620_NC-27	HRA003620	DF.classifications_0.25_0.005_366	Singlet	pANN_0.25_0.005_366	0.0232558139534884
HRA003620_CTGCAGGGTTACCTTT-1_1	HRA003620_NC-27	HRA003620	DF.classifications_0.25_0.005_366	Singlet	pANN_0.25_0.005_366	0.27906976744186
HRA003620_CTGCAGGTCTCTCTTC-1_1	HRA003620_NC-27	HRA003620	DF.classifications_0.25_0.005_366	Singlet	pANN_0.25_0.005_366	0.162790697674419
HRA003620_CTGCAGGTCTTGAGCA-1_1	HRA003620_NC-27	HRA003620	DF.classifications_0.25_0.005_366	Singlet	pANN_0.25_0.005_366	0.186046511627907
HRA003620_CTGCATCCAAGATGTA-1_1	HRA003620_NC-27	HRA003620	DF.classifications_0.25_0.005_366	Singlet	pANN_0.25_0.005_366	0.13953488372093
HRA003620_CTGCATCGTCAGTTTG-1_1	HRA003620_NC-27	HRA003620	DF.classifications_0.25_0.005_366	Singlet	pANN_0.25_0.005_366	0.302325581395349
HRA003620_CTGCATCGTCGTGTTA-1_1	HRA003620_NC-27	HRA003620	DF.classifications_0.25_0.005_366	Singlet	pANN_0.25_0.005_366	0.186046511627907
HRA003620_CTGCATCGTTTCGTTT-1_1	HRA003620_NC-27	HRA003620	DF.classifications_0.25_0.005_366	Singlet	pANN_0.25_0.005_366	0.302325581395349
HRA003620_CTGCATCTCCTTGAAG-1_1	HRA003620_NC-27	HRA003620	DF.classifications_0.25_0.005_366	Singlet	pANN_0.25_0.005_366	0.186046511627907
HRA003620_CTGCATCTCGCATTGA-1_1	HRA003620_NC-27	HRA003620	DF.classifications_0.25_0.005_366	Singlet	pANN_0.25_0.005_366	0.209302325581395
HRA003620_CTGCCATAGGCCCGTT-1_1	HRA003620_NC-27	HRA003620	DF.classifications_0.25_0.005_366	Doublet	pANN_0.25_0.005_366	0.534883720930233
HRA003620_CTGCCATCATCGGCCA-1_1	HRA003620_NC-27	HRA003620	DF.classifications_0.25_0.005_366	Singlet	pANN_0.25_0.005_366	0.232558139534884
HRA003620_CTGCCATGTAACGGTG-1_1	HRA003620_NC-27	HRA003620	DF.classifications_0.25_0.005_366	Singlet	pANN_0.25_0.005_366	0.348837209302326
HRA003620_CTGCCATGTCTAACTG-1_1	HRA003620_NC-27	HRA003620	DF.classifications_0.25_0.005_366	Singlet	pANN_0.25_0.005_366	0.186046511627907
HRA003620_CTGCCATTCAAATGCC-1_1	HRA003620_NC-27	HRA003620	DF.classifications_0.25_0.005_366	Singlet	pANN_0.25_0.005_366	0.232558139534884
HRA003620_CTGCCATTCATGAAAG-1_1	HRA003620_NC-27	HRA003620	DF.classifications_0.25_0.005_366	Singlet	pANN_0.25_0.005_366	0.0465116279069767
HRA003620_CTGCCATTCGCTATTT-1_1	HRA003620_NC-27	HRA003620	DF.classifications_0.25_0.005_366	Singlet	pANN_0.25_0.005_366	0.162790697674419
HRA003620_CTGCCTAAGCAAGCCA-1_1	HRA003620_NC-27	HRA003620	DF.classifications_0.25_0.005_366	Singlet	pANN_0.25_0.005_366	0.162790697674419
HRA003620_CTGCCTAAGCCAGAGT-1_1	HRA003620_NC-27	HRA003620	DF.classifications_0.25_0.005_366	Singlet	pANN_0.25_0.005_366	0.0930232558139535
HRA003620_CTGCCTAAGGTTACAA-1_1	HRA003620_NC-27	HRA003620	DF.classifications_0.25_0.005_366	Singlet	pANN_0.25_0.005_366	0.232558139534884
HRA003620_CTGCCTACAGTCGTTA-1_1	HRA003620_NC-27	HRA003620	DF.classifications_0.25_0.005_366	Singlet	pANN_0.25_0.005_366	0.13953488372093
HRA003620_CTGCCTAGTGACTATC-1_1	HRA003620_NC-27	HRA003620	DF.classifications_0.25_0.005_366	Singlet	pANN_0.25_0.005_366	0.116279069767442
HRA003620_CTGCCTAGTGTGCTTA-1_1	HRA003620_NC-27	HRA003620	DF.classifications_0.25_0.005_366	Singlet	pANN_0.25_0.005_366	0.0697674418604651
HRA003620_CTGCCTATCGCAGAGA-1_1	HRA003620_NC-27	HRA003620	DF.classifications_0.25_0.005_366	Singlet	pANN_0.25_0.005_366	0.0697674418604651
HRA003620_CTGCGAGAGAAGCTGC-1_1	HRA003620_NC-27	HRA003620	DF.classifications_0.25_0.005_366	Singlet	pANN_0.25_0.005_366	0.325581395348837
HRA003620_CTGCGAGCATCCGAAT-1_1	HRA003620_NC-27	HRA003620	DF.classifications_0.25_0.005_366	Singlet	pANN_0.25_0.005_366	0.0697674418604651
HRA003620_CTGCGAGGTGAGCCAA-1_1	HRA003620_NC-27	HRA003620	DF.classifications_0.25_0.005_366	Singlet	pANN_0.25_0.005_366	0.0232558139534884
HRA003620_CTGCTCAAGAAGGGAT-1_1	HRA003620_NC-27	HRA003620	DF.classifications_0.25_0.005_366	Doublet	pANN_0.25_0.005_366	0.488372093023256
HRA003620_CTGCTCAAGATCCCAT-1_1	HRA003620_NC-27	HRA003620	DF.classifications_0.25_0.005_366	Singlet	pANN_0.25_0.005_366	0.162790697674419
HRA003620_CTGCTCAAGCTGAAGC-1_1	HRA003620_NC-27	HRA003620	DF.classifications_0.25_0.005_366	Singlet	pANN_0.25_0.005_366	0.0697674418604651
HRA003620_CTGCTCAAGGCTCTCG-1_1	HRA003620_NC-27	HRA003620	DF.classifications_0.25_0.005_366	Singlet	pANN_0.25_0.005_366	0.232558139534884
HRA003620_CTGCTCAAGGGTAATT-1_1	HRA003620_NC-27	HRA003620	DF.classifications_0.25_0.005_366	Singlet	pANN_0.25_0.005_366	0.186046511627907
HRA003620_CTGCTCACAAGTATAG-1_1	HRA003620_NC-27	HRA003620	DF.classifications_0.25_0.005_366	Singlet	pANN_0.25_0.005_366	0.209302325581395
HRA003620_CTGCTCACATCCTCAC-1_1	HRA003620_NC-27	HRA003620	DF.classifications_0.25_0.005_366	Singlet	pANN_0.25_0.005_366	0.0930232558139535
HRA003620_CTGCTCATCCCAGGCA-1_1	HRA003620_NC-27	HRA003620	DF.classifications_0.25_0.005_366	Singlet	pANN_0.25_0.005_366	0.302325581395349
HRA003620_CTGCTCATCCTTATCA-1_1	HRA003620_NC-27	HRA003620	DF.classifications_0.25_0.005_366	Singlet	pANN_0.25_0.005_366	0.13953488372093
HRA003620_CTGGACGAGAAACTAC-1_1	HRA003620_NC-27	HRA003620	DF.classifications_0.25_0.005_366	Singlet	pANN_0.25_0.005_366	0.116279069767442
HRA003620_CTGGACGAGCTGCCTG-1_1	HRA003620_NC-27	HRA003620	DF.classifications_0.25_0.005_366	Singlet	pANN_0.25_0.005_366	0.0465116279069767
HRA003620_CTGGACGAGTGGAATT-1_1	HRA003620_NC-27	HRA003620	DF.classifications_0.25_0.005_366	Singlet	pANN_0.25_0.005_366	0.116279069767442
HRA003620_CTGGACGCAACTCATG-1_1	HRA003620_NC-27	HRA003620	DF.classifications_0.25_0.005_366	Singlet	pANN_0.25_0.005_366	0.0232558139534884
HRA003620_CTGGACGGTCCTTAAG-1_1	HRA003620_NC-27	HRA003620	DF.classifications_0.25_0.005_366	Singlet	pANN_0.25_0.005_366	0.27906976744186
HRA003620_CTGGACGGTGTCATGT-1_1	HRA003620_NC-27	HRA003620	DF.classifications_0.25_0.005_366	Singlet	pANN_0.25_0.005_366	0.348837209302326
HRA003620_CTGGACGGTTCTCCCA-1_1	HRA003620_NC-27	HRA003620	DF.classifications_0.25_0.005_366	Singlet	pANN_0.25_0.005_366	0.0930232558139535
HRA003620_CTGGACGTCATTACCT-1_1	HRA003620_NC-27	HRA003620	DF.classifications_0.25_0.005_366	Singlet	pANN_0.25_0.005_366	0.0930232558139535
HRA003620_CTGGACGTCGCCTATC-1_1	HRA003620_NC-27	HRA003620	DF.classifications_0.25_0.005_366	Singlet	pANN_0.25_0.005_366	0.116279069767442
HRA003620_CTGGACGTCTTAGGAC-1_1	HRA003620_NC-27	HRA003620	DF.classifications_0.25_0.005_366	Singlet	pANN_0.25_0.005_366	0.418604651162791
HRA003620_CTGGCAGAGAAACACT-1_1	HRA003620_NC-27	HRA003620	DF.classifications_0.25_0.005_366	Singlet	pANN_0.25_0.005_366	0.0465116279069767
HRA003620_CTGGCAGAGTCACACT-1_1	HRA003620_NC-27	HRA003620	DF.classifications_0.25_0.005_366	Singlet	pANN_0.25_0.005_366	0.0697674418604651
HRA003620_CTGGCAGCATCAACCA-1_1	HRA003620_NC-27	HRA003620	DF.classifications_0.25_0.005_366	Doublet	pANN_0.25_0.005_366	0.674418604651163
HRA003620_CTGGCAGGTCACTTAG-1_1	HRA003620_NC-27	HRA003620	DF.classifications_0.25_0.005_366	Singlet	pANN_0.25_0.005_366	0.0465116279069767
HRA003620_CTGGCAGTCCCATTTA-1_1	HRA003620_NC-27	HRA003620	DF.classifications_0.25_0.005_366	Singlet	pANN_0.25_0.005_366	0.232558139534884
HRA003620_CTGGCAGTCGCCGTGA-1_1	HRA003620_NC-27	HRA003620	DF.classifications_0.25_0.005_366	Singlet	pANN_0.25_0.005_366	0
HRA003620_CTGGTCTAGCATTGTC-1_1	HRA003620_NC-27	HRA003620	DF.classifications_0.25_0.005_366	Singlet	pANN_0.25_0.005_366	0.232558139534884
HRA003620_CTGGTCTAGCCTGTGC-1_1	HRA003620_NC-27	HRA003620	DF.classifications_0.25_0.005_366	Singlet	pANN_0.25_0.005_366	0.209302325581395
HRA003620_CTGGTCTCACTCAGAT-1_1	HRA003620_NC-27	HRA003620	DF.classifications_0.25_0.005_366	Singlet	pANN_0.25_0.005_366	0.232558139534884
HRA003620_CTGGTCTGTCGTGGTC-1_1	HRA003620_NC-27	HRA003620	DF.classifications_0.25_0.005_366	Singlet	pANN_0.25_0.005_366	0.232558139534884
HRA003620_CTGGTCTGTCTTGCTC-1_1	HRA003620_NC-27	HRA003620	DF.classifications_0.25_0.005_366	Singlet	pANN_0.25_0.005_366	0.186046511627907
HRA003620_CTGGTCTGTGCTTCAA-1_1	HRA003620_NC-27	HRA003620	DF.classifications_0.25_0.005_366	Singlet	pANN_0.25_0.005_366	0.186046511627907
HRA003620_CTGGTCTGTTAGAGAT-1_1	HRA003620_NC-27	HRA003620	DF.classifications_0.25_0.005_366	Singlet	pANN_0.25_0.005_366	0.232558139534884
HRA003620_CTGGTCTGTTATGACC-1_1	HRA003620_NC-27	HRA003620	DF.classifications_0.25_0.005_366	Singlet	pANN_0.25_0.005_366	0.255813953488372
HRA003620_CTGGTCTGTTCTTGTT-1_1	HRA003620_NC-27	HRA003620	DF.classifications_0.25_0.005_366	Singlet	pANN_0.25_0.005_366	0.116279069767442
HRA003620_CTGTACCAGATTCGCT-1_1	HRA003620_NC-27	HRA003620	DF.classifications_0.25_0.005_366	Singlet	pANN_0.25_0.005_366	0.0930232558139535
HRA003620_CTGTACCAGCCAAGTG-1_1	HRA003620_NC-27	HRA003620	DF.classifications_0.25_0.005_366	Singlet	pANN_0.25_0.005_366	0.255813953488372
HRA003620_CTGTACCAGCGGTAAC-1_1	HRA003620_NC-27	HRA003620	DF.classifications_0.25_0.005_366	Singlet	pANN_0.25_0.005_366	0.0232558139534884
HRA003620_CTGTACCGTATCCCAA-1_1	HRA003620_NC-27	HRA003620	DF.classifications_0.25_0.005_366	Singlet	pANN_0.25_0.005_366	0.232558139534884
HRA003620_CTGTACCGTGAGTAGC-1_1	HRA003620_NC-27	HRA003620	DF.classifications_0.25_0.005_366	Doublet	pANN_0.25_0.005_366	0.465116279069767
HRA003620_CTGTACCGTTGTAAAG-1_1	HRA003620_NC-27	HRA003620	DF.classifications_0.25_0.005_366	Doublet	pANN_0.25_0.005_366	0.837209302325581
HRA003620_CTGTACCTCAGCCTCT-1_1	HRA003620_NC-27	HRA003620	DF.classifications_0.25_0.005_366	Singlet	pANN_0.25_0.005_366	0.116279069767442
HRA003620_CTGTACCTCCCTCATG-1_1	HRA003620_NC-27	HRA003620	DF.classifications_0.25_0.005_366	Singlet	pANN_0.25_0.005_366	0.302325581395349
HRA003620_CTGTAGACAGGGAGAG-1_1	HRA003620_NC-27	HRA003620	DF.classifications_0.25_0.005_366	Singlet	pANN_0.25_0.005_366	0.0465116279069767
HRA003620_CTGTAGAGTACAAGCG-1_1	HRA003620_NC-27	HRA003620	DF.classifications_0.25_0.005_366	Singlet	pANN_0.25_0.005_366	0.0232558139534884
HRA003620_CTGTAGAGTCCCACGA-1_1	HRA003620_NC-27	HRA003620	DF.classifications_0.25_0.005_366	Singlet	pANN_0.25_0.005_366	0.0697674418604651
HRA003620_CTGTAGATCCAAGCCG-1_1	HRA003620_NC-27	HRA003620	DF.classifications_0.25_0.005_366	Singlet	pANN_0.25_0.005_366	0.0930232558139535
HRA003620_CTGTAGATCCACTTTA-1_1	HRA003620_NC-27	HRA003620	DF.classifications_0.25_0.005_366	Singlet	pANN_0.25_0.005_366	0.0465116279069767
HRA003620_CTGTATTAGCACCTGC-1_1	HRA003620_NC-27	HRA003620	DF.classifications_0.25_0.005_366	Singlet	pANN_0.25_0.005_366	0.0930232558139535
HRA003620_CTGTATTAGCTAATGA-1_1	HRA003620_NC-27	HRA003620	DF.classifications_0.25_0.005_366	Singlet	pANN_0.25_0.005_366	0.209302325581395
HRA003620_CTGTATTAGTCGTCTA-1_1	HRA003620_NC-27	HRA003620	DF.classifications_0.25_0.005_366	Singlet	pANN_0.25_0.005_366	0.162790697674419
HRA003620_CTGTATTCAAAGCAAT-1_1	HRA003620_NC-27	HRA003620	DF.classifications_0.25_0.005_366	Singlet	pANN_0.25_0.005_366	0.255813953488372
HRA003620_CTGTATTCAGAGGTAC-1_1	HRA003620_NC-27	HRA003620	DF.classifications_0.25_0.005_366	Singlet	pANN_0.25_0.005_366	0.162790697674419
HRA003620_CTGTATTCATGATCTG-1_1	HRA003620_NC-27	HRA003620	DF.classifications_0.25_0.005_366	Singlet	pANN_0.25_0.005_366	0.186046511627907
HRA003620_CTGTATTGTAACCCGC-1_1	HRA003620_NC-27	HRA003620	DF.classifications_0.25_0.005_366	Doublet	pANN_0.25_0.005_366	0.651162790697674
HRA003620_CTGTATTGTACGAAAT-1_1	HRA003620_NC-27	HRA003620	DF.classifications_0.25_0.005_366	Singlet	pANN_0.25_0.005_366	0.0465116279069767
HRA003620_CTGTATTGTCATAAAG-1_1	HRA003620_NC-27	HRA003620	DF.classifications_0.25_0.005_366	Singlet	pANN_0.25_0.005_366	0.162790697674419
HRA003620_CTGTATTTCATCTACT-1_1	HRA003620_NC-27	HRA003620	DF.classifications_0.25_0.005_366	Singlet	pANN_0.25_0.005_366	0.13953488372093
HRA003620_CTGTATTTCTACGGTA-1_1	HRA003620_NC-27	HRA003620	DF.classifications_0.25_0.005_366	Singlet	pANN_0.25_0.005_366	0.209302325581395
HRA003620_CTGTCGTAGATGGTCG-1_1	HRA003620_NC-27	HRA003620	DF.classifications_0.25_0.005_366	Singlet	pANN_0.25_0.005_366	0.209302325581395
HRA003620_CTGTCGTAGTGAACAT-1_1	HRA003620_NC-27	HRA003620	DF.classifications_0.25_0.005_366	Singlet	pANN_0.25_0.005_366	0.0465116279069767
HRA003620_CTGTCGTCACATATCG-1_1	HRA003620_NC-27	HRA003620	DF.classifications_0.25_0.005_366	Singlet	pANN_0.25_0.005_366	0.209302325581395
HRA003620_CTGTCGTCATAGATGA-1_1	HRA003620_NC-27	HRA003620	DF.classifications_0.25_0.005_366	Singlet	pANN_0.25_0.005_366	0
HRA003620_CTGTCGTGTACTAGCT-1_1	HRA003620_NC-27	HRA003620	DF.classifications_0.25_0.005_366	Singlet	pANN_0.25_0.005_366	0.302325581395349
HRA003620_CTGTCGTTCTCCAATT-1_1	HRA003620_NC-27	HRA003620	DF.classifications_0.25_0.005_366	Singlet	pANN_0.25_0.005_366	0
HRA003620_CTGTGAAAGGACAGTC-1_1	HRA003620_NC-27	HRA003620	DF.classifications_0.25_0.005_366	Doublet	pANN_0.25_0.005_366	0.441860465116279
HRA003620_CTGTGAAAGGTATAGT-1_1	HRA003620_NC-27	HRA003620	DF.classifications_0.25_0.005_366	Singlet	pANN_0.25_0.005_366	0.13953488372093
HRA003620_CTGTGAAAGGTTGTTC-1_1	HRA003620_NC-27	HRA003620	DF.classifications_0.25_0.005_366	Singlet	pANN_0.25_0.005_366	0.27906976744186
HRA003620_CTGTGAAAGTCTGTAC-1_1	HRA003620_NC-27	HRA003620	DF.classifications_0.25_0.005_366	Singlet	pANN_0.25_0.005_366	0.13953488372093
HRA003620_CTGTGAACACTAGGTT-1_1	HRA003620_NC-27	HRA003620	DF.classifications_0.25_0.005_366	Doublet	pANN_0.25_0.005_366	0.441860465116279
HRA003620_CTGTGAACAGCACAAG-1_1	HRA003620_NC-27	HRA003620	DF.classifications_0.25_0.005_366	Doublet	pANN_0.25_0.005_366	0.465116279069767
HRA003620_CTGTGAACAGGAACCA-1_1	HRA003620_NC-27	HRA003620	DF.classifications_0.25_0.005_366	Singlet	pANN_0.25_0.005_366	0.302325581395349
HRA003620_CTGTGAACATATCTCT-1_1	HRA003620_NC-27	HRA003620	DF.classifications_0.25_0.005_366	Singlet	pANN_0.25_0.005_366	0.0465116279069767
HRA003620_CTGTGAAGTGATACTC-1_1	HRA003620_NC-27	HRA003620	DF.classifications_0.25_0.005_366	Singlet	pANN_0.25_0.005_366	0.162790697674419
HRA003620_CTGTGAAGTTAAGCAA-1_1	HRA003620_NC-27	HRA003620	DF.classifications_0.25_0.005_366	Singlet	pANN_0.25_0.005_366	0.232558139534884
HRA003620_CTGTGAATCGCGTCGA-1_1	HRA003620_NC-27	HRA003620	DF.classifications_0.25_0.005_366	Singlet	pANN_0.25_0.005_366	0
HRA003620_CTGTGGGAGCATCGAG-1_1	HRA003620_NC-27	HRA003620	DF.classifications_0.25_0.005_366	Singlet	pANN_0.25_0.005_366	0.209302325581395
HRA003620_CTGTGGGAGCTGGTGA-1_1	HRA003620_NC-27	HRA003620	DF.classifications_0.25_0.005_366	Singlet	pANN_0.25_0.005_366	0.162790697674419
HRA003620_CTGTGGGCATCCCGTT-1_1	HRA003620_NC-27	HRA003620	DF.classifications_0.25_0.005_366	Singlet	pANN_0.25_0.005_366	0.13953488372093
HRA003620_CTGTGGGTCCAAAGGG-1_1	HRA003620_NC-27	HRA003620	DF.classifications_0.25_0.005_366	Singlet	pANN_0.25_0.005_366	0.0465116279069767
HRA003620_CTTACCGAGTATAACG-1_1	HRA003620_NC-27	HRA003620	DF.classifications_0.25_0.005_366	Singlet	pANN_0.25_0.005_366	0
HRA003620_CTTACCGAGTCTTCGA-1_1	HRA003620_NC-27	HRA003620	DF.classifications_0.25_0.005_366	Doublet	pANN_0.25_0.005_366	0.558139534883721
HRA003620_CTTACCGCAATAGGGC-1_1	HRA003620_NC-27	HRA003620	DF.classifications_0.25_0.005_366	Singlet	pANN_0.25_0.005_366	0.0465116279069767
HRA003620_CTTACCGGTGGTAACG-1_1	HRA003620_NC-27	HRA003620	DF.classifications_0.25_0.005_366	Singlet	pANN_0.25_0.005_366	0.162790697674419
HRA003620_CTTACCGGTTCACGAT-1_1	HRA003620_NC-27	HRA003620	DF.classifications_0.25_0.005_366	Singlet	pANN_0.25_0.005_366	0.232558139534884
HRA003620_CTTACCGTCAGGGTAG-1_1	HRA003620_NC-27	HRA003620	DF.classifications_0.25_0.005_366	Singlet	pANN_0.25_0.005_366	0.186046511627907
HRA003620_CTTAGGAAGAGATGCC-1_1	HRA003620_NC-27	HRA003620	DF.classifications_0.25_0.005_366	Singlet	pANN_0.25_0.005_366	0.116279069767442
HRA003620_CTTAGGAAGAGTACCG-1_1	HRA003620_NC-27	HRA003620	DF.classifications_0.25_0.005_366	Doublet	pANN_0.25_0.005_366	0.651162790697674
HRA003620_CTTAGGAAGATCCTAC-1_1	HRA003620_NC-27	HRA003620	DF.classifications_0.25_0.005_366	Singlet	pANN_0.25_0.005_366	0.186046511627907
HRA003620_CTTAGGAAGGGCTTCC-1_1	HRA003620_NC-27	HRA003620	DF.classifications_0.25_0.005_366	Singlet	pANN_0.25_0.005_366	0.372093023255814
HRA003620_CTTAGGACAAACTCTG-1_1	HRA003620_NC-27	HRA003620	DF.classifications_0.25_0.005_366	Singlet	pANN_0.25_0.005_366	0.395348837209302
HRA003620_CTTAGGACAGATCATC-1_1	HRA003620_NC-27	HRA003620	DF.classifications_0.25_0.005_366	Singlet	pANN_0.25_0.005_366	0
HRA003620_CTTAGGACATCGATGT-1_1	HRA003620_NC-27	HRA003620	DF.classifications_0.25_0.005_366	Singlet	pANN_0.25_0.005_366	0.186046511627907
HRA003620_CTTAGGAGTATACAGA-1_1	HRA003620_NC-27	HRA003620	DF.classifications_0.25_0.005_366	Singlet	pANN_0.25_0.005_366	0.0930232558139535
HRA003620_CTTAGGAGTGCCGTTG-1_1	HRA003620_NC-27	HRA003620	DF.classifications_0.25_0.005_366	Singlet	pANN_0.25_0.005_366	0
HRA003620_CTTAGGAGTTGTCTAG-1_1	HRA003620_NC-27	HRA003620	DF.classifications_0.25_0.005_366	Singlet	pANN_0.25_0.005_366	0.0232558139534884
HRA003620_CTTAGGATCCGGGACT-1_1	HRA003620_NC-27	HRA003620	DF.classifications_0.25_0.005_366	Singlet	pANN_0.25_0.005_366	0.116279069767442
HRA003620_CTTAGGATCGAGCTGC-1_1	HRA003620_NC-27	HRA003620	DF.classifications_0.25_0.005_366	Singlet	pANN_0.25_0.005_366	0.116279069767442
HRA003620_CTTCAATAGCCAACCC-1_1	HRA003620_NC-27	HRA003620	DF.classifications_0.25_0.005_366	Singlet	pANN_0.25_0.005_366	0.27906976744186
HRA003620_CTTCAATAGTCGAGGT-1_1	HRA003620_NC-27	HRA003620	DF.classifications_0.25_0.005_366	Singlet	pANN_0.25_0.005_366	0.255813953488372
HRA003620_CTTCAATGTATTCCGA-1_1	HRA003620_NC-27	HRA003620	DF.classifications_0.25_0.005_366	Singlet	pANN_0.25_0.005_366	0.232558139534884
HRA003620_CTTCAATGTCACTCTC-1_1	HRA003620_NC-27	HRA003620	DF.classifications_0.25_0.005_366	Singlet	pANN_0.25_0.005_366	0.232558139534884
HRA003620_CTTCAATTCTGCCTCA-1_1	HRA003620_NC-27	HRA003620	DF.classifications_0.25_0.005_366	Singlet	pANN_0.25_0.005_366	0.162790697674419
HRA003620_CTTCCGAAGAAGGGAT-1_1	HRA003620_NC-27	HRA003620	DF.classifications_0.25_0.005_366	Singlet	pANN_0.25_0.005_366	0.116279069767442
HRA003620_CTTCCGAAGCATGAAT-1_1	HRA003620_NC-27	HRA003620	DF.classifications_0.25_0.005_366	Singlet	pANN_0.25_0.005_366	0.186046511627907
HRA003620_CTTCCGACAATACAGA-1_1	HRA003620_NC-27	HRA003620	DF.classifications_0.25_0.005_366	Singlet	pANN_0.25_0.005_366	0.395348837209302
HRA003620_CTTCCGAGTCCTATAG-1_1	HRA003620_NC-27	HRA003620	DF.classifications_0.25_0.005_366	Singlet	pANN_0.25_0.005_366	0.0697674418604651
HRA003620_CTTCCGAGTTGCGTAT-1_1	HRA003620_NC-27	HRA003620	DF.classifications_0.25_0.005_366	Singlet	pANN_0.25_0.005_366	0.162790697674419
HRA003620_CTTCCGATCGAGAAAT-1_1	HRA003620_NC-27	HRA003620	DF.classifications_0.25_0.005_366	Singlet	pANN_0.25_0.005_366	0.13953488372093
HRA003620_CTTCCTTAGCGAATGC-1_1	HRA003620_NC-27	HRA003620	DF.classifications_0.25_0.005_366	Singlet	pANN_0.25_0.005_366	0.0930232558139535
HRA003620_CTTCCTTAGGATAATC-1_1	HRA003620_NC-27	HRA003620	DF.classifications_0.25_0.005_366	Singlet	pANN_0.25_0.005_366	0.0697674418604651
HRA003620_CTTCCTTAGGCTCCCA-1_1	HRA003620_NC-27	HRA003620	DF.classifications_0.25_0.005_366	Singlet	pANN_0.25_0.005_366	0
HRA003620_CTTCCTTCAGCGTTTA-1_1	HRA003620_NC-27	HRA003620	DF.classifications_0.25_0.005_366	Singlet	pANN_0.25_0.005_366	0.0232558139534884
HRA003620_CTTCCTTCATCTGGGC-1_1	HRA003620_NC-27	HRA003620	DF.classifications_0.25_0.005_366	Singlet	pANN_0.25_0.005_366	0.13953488372093
HRA003620_CTTCCTTGTAATGCGG-1_1	HRA003620_NC-27	HRA003620	DF.classifications_0.25_0.005_366	Singlet	pANN_0.25_0.005_366	0.0697674418604651
HRA003620_CTTCCTTGTCTGATCA-1_1	HRA003620_NC-27	HRA003620	DF.classifications_0.25_0.005_366	Singlet	pANN_0.25_0.005_366	0.0232558139534884
HRA003620_CTTCCTTGTTGACTGT-1_1	HRA003620_NC-27	HRA003620	DF.classifications_0.25_0.005_366	Singlet	pANN_0.25_0.005_366	0.232558139534884
HRA003620_CTTCCTTTCAGACATC-1_1	HRA003620_NC-27	HRA003620	DF.classifications_0.25_0.005_366	Singlet	pANN_0.25_0.005_366	0.186046511627907
HRA003620_CTTCGGTAGCTCGCAC-1_1	HRA003620_NC-27	HRA003620	DF.classifications_0.25_0.005_366	Singlet	pANN_0.25_0.005_366	0.255813953488372
HRA003620_CTTCGGTAGGTTCAGG-1_1	HRA003620_NC-27	HRA003620	DF.classifications_0.25_0.005_366	Singlet	pANN_0.25_0.005_366	0
HRA003620_CTTCGGTCACTAACCA-1_1	HRA003620_NC-27	HRA003620	DF.classifications_0.25_0.005_366	Singlet	pANN_0.25_0.005_366	0.0232558139534884
HRA003620_CTTCGGTCAGGACTAG-1_1	HRA003620_NC-27	HRA003620	DF.classifications_0.25_0.005_366	Singlet	pANN_0.25_0.005_366	0.13953488372093
HRA003620_CTTCGGTGTAACGCGA-1_1	HRA003620_NC-27	HRA003620	DF.classifications_0.25_0.005_366	Singlet	pANN_0.25_0.005_366	0.0232558139534884
HRA003620_CTTCGGTGTCAAACGG-1_1	HRA003620_NC-27	HRA003620	DF.classifications_0.25_0.005_366	Singlet	pANN_0.25_0.005_366	0.0465116279069767
HRA003620_CTTCTAAAGAGTCGAC-1_1	HRA003620_NC-27	HRA003620	DF.classifications_0.25_0.005_366	Singlet	pANN_0.25_0.005_366	0.186046511627907
HRA003620_CTTCTAAAGGATACCG-1_1	HRA003620_NC-27	HRA003620	DF.classifications_0.25_0.005_366	Singlet	pANN_0.25_0.005_366	0.13953488372093
HRA003620_CTTCTAAAGGGACAGG-1_1	HRA003620_NC-27	HRA003620	DF.classifications_0.25_0.005_366	Singlet	pANN_0.25_0.005_366	0.418604651162791
HRA003620_CTTCTAAAGGTGCATG-1_1	HRA003620_NC-27	HRA003620	DF.classifications_0.25_0.005_366	Singlet	pANN_0.25_0.005_366	0.209302325581395
HRA003620_CTTCTAACAATGCAGG-1_1	HRA003620_NC-27	HRA003620	DF.classifications_0.25_0.005_366	Singlet	pANN_0.25_0.005_366	0.116279069767442
HRA003620_CTTCTAACACCGTACG-1_1	HRA003620_NC-27	HRA003620	DF.classifications_0.25_0.005_366	Doublet	pANN_0.25_0.005_366	0.837209302325581
HRA003620_CTTCTAACACTAGGTT-1_1	HRA003620_NC-27	HRA003620	DF.classifications_0.25_0.005_366	Singlet	pANN_0.25_0.005_366	0.0930232558139535
HRA003620_CTTCTAAGTCATCACA-1_1	HRA003620_NC-27	HRA003620	DF.classifications_0.25_0.005_366	Singlet	pANN_0.25_0.005_366	0.186046511627907
HRA003620_CTTCTAAGTCTTCAAG-1_1	HRA003620_NC-27	HRA003620	DF.classifications_0.25_0.005_366	Doublet	pANN_0.25_0.005_366	0.604651162790698
HRA003620_CTTCTAAGTGCAACAG-1_1	HRA003620_NC-27	HRA003620	DF.classifications_0.25_0.005_366	Singlet	pANN_0.25_0.005_366	0.162790697674419
HRA003620_CTTCTAAGTGCAATAA-1_1	HRA003620_NC-27	HRA003620	DF.classifications_0.25_0.005_366	Singlet	pANN_0.25_0.005_366	0.13953488372093
HRA003620_CTTCTAAGTTGCATCA-1_1	HRA003620_NC-27	HRA003620	DF.classifications_0.25_0.005_366	Singlet	pANN_0.25_0.005_366	0.0697674418604651
HRA003620_CTTCTAATCGTCGACG-1_1	HRA003620_NC-27	HRA003620	DF.classifications_0.25_0.005_366	Singlet	pANN_0.25_0.005_366	0.348837209302326
HRA003620_CTTCTCTAGACAGCTG-1_1	HRA003620_NC-27	HRA003620	DF.classifications_0.25_0.005_366	Singlet	pANN_0.25_0.005_366	0.255813953488372
HRA003620_CTTCTCTCAATGTCTG-1_1	HRA003620_NC-27	HRA003620	DF.classifications_0.25_0.005_366	Doublet	pANN_0.25_0.005_366	0.488372093023256
HRA003620_CTTCTCTCATGCCGGT-1_1	HRA003620_NC-27	HRA003620	DF.classifications_0.25_0.005_366	Singlet	pANN_0.25_0.005_366	0.162790697674419
HRA003620_CTTCTCTCATGGGCAA-1_1	HRA003620_NC-27	HRA003620	DF.classifications_0.25_0.005_366	Doublet	pANN_0.25_0.005_366	0.511627906976744
HRA003620_CTTCTCTTCGTACACA-1_1	HRA003620_NC-27	HRA003620	DF.classifications_0.25_0.005_366	Singlet	pANN_0.25_0.005_366	0.0930232558139535
HRA003620_CTTGAGAAGTCTTCGA-1_1	HRA003620_NC-27	HRA003620	DF.classifications_0.25_0.005_366	Singlet	pANN_0.25_0.005_366	0.162790697674419
HRA003620_CTTGAGAGTGACGCCT-1_1	HRA003620_NC-27	HRA003620	DF.classifications_0.25_0.005_366	Singlet	pANN_0.25_0.005_366	0.116279069767442
HRA003620_CTTGAGATCCTCTGCA-1_1	HRA003620_NC-27	HRA003620	DF.classifications_0.25_0.005_366	Singlet	pANN_0.25_0.005_366	0.209302325581395
HRA003620_CTTGAGATCGATTGGT-1_1	HRA003620_NC-27	HRA003620	DF.classifications_0.25_0.005_366	Singlet	pANN_0.25_0.005_366	0.27906976744186
HRA003620_CTTGAGATCTCACGAA-1_1	HRA003620_NC-27	HRA003620	DF.classifications_0.25_0.005_366	Doublet	pANN_0.25_0.005_366	0.488372093023256
HRA003620_CTTGATTAGCGACAGT-1_1	HRA003620_NC-27	HRA003620	DF.classifications_0.25_0.005_366	Singlet	pANN_0.25_0.005_366	0.116279069767442
HRA003620_CTTGATTCACCCGTAG-1_1	HRA003620_NC-27	HRA003620	DF.classifications_0.25_0.005_366	Singlet	pANN_0.25_0.005_366	0.0697674418604651
HRA003620_CTTGATTGTCGAATGG-1_1	HRA003620_NC-27	HRA003620	DF.classifications_0.25_0.005_366	Singlet	pANN_0.25_0.005_366	0.13953488372093
HRA003620_CTTGATTGTTCCGCTT-1_1	HRA003620_NC-27	HRA003620	DF.classifications_0.25_0.005_366	Singlet	pANN_0.25_0.005_366	0.186046511627907
HRA003620_CTTTCAAAGATTTGCC-1_1	HRA003620_NC-27	HRA003620	DF.classifications_0.25_0.005_366	Singlet	pANN_0.25_0.005_366	0.209302325581395
HRA003620_CTTTCAAAGCTGTTCA-1_1	HRA003620_NC-27	HRA003620	DF.classifications_0.25_0.005_366	Singlet	pANN_0.25_0.005_366	0.255813953488372
HRA003620_CTTTCAAAGGAAGTAG-1_1	HRA003620_NC-27	HRA003620	DF.classifications_0.25_0.005_366	Doublet	pANN_0.25_0.005_366	0.441860465116279
HRA003620_CTTTCAACACTGAGTT-1_1	HRA003620_NC-27	HRA003620	DF.classifications_0.25_0.005_366	Singlet	pANN_0.25_0.005_366	0.162790697674419
HRA003620_CTTTCAATCGCGCTGA-1_1	HRA003620_NC-27	HRA003620	DF.classifications_0.25_0.005_366	Singlet	pANN_0.25_0.005_366	0.255813953488372
HRA003620_CTTTCGGAGAGGGTCT-1_1	HRA003620_NC-27	HRA003620	DF.classifications_0.25_0.005_366	Singlet	pANN_0.25_0.005_366	0.0232558139534884
HRA003620_CTTTCGGAGATCCTAC-1_1	HRA003620_NC-27	HRA003620	DF.classifications_0.25_0.005_366	Singlet	pANN_0.25_0.005_366	0.0930232558139535
HRA003620_CTTTCGGAGGCAGGTT-1_1	HRA003620_NC-27	HRA003620	DF.classifications_0.25_0.005_366	Singlet	pANN_0.25_0.005_366	0.0232558139534884
HRA003620_CTTTCGGAGTAACCTC-1_1	HRA003620_NC-27	HRA003620	DF.classifications_0.25_0.005_366	Singlet	pANN_0.25_0.005_366	0.0697674418604651
HRA003620_CTTTCGGAGTGGATAT-1_1	HRA003620_NC-27	HRA003620	DF.classifications_0.25_0.005_366	Singlet	pANN_0.25_0.005_366	0.0697674418604651
HRA003620_CTTTCGGCACACACTA-1_1	HRA003620_NC-27	HRA003620	DF.classifications_0.25_0.005_366	Singlet	pANN_0.25_0.005_366	0.0232558139534884
HRA003620_CTTTCGGCAGCCGTCA-1_1	HRA003620_NC-27	HRA003620	DF.classifications_0.25_0.005_366	Singlet	pANN_0.25_0.005_366	0.0930232558139535
HRA003620_CTTTCGGGTACAGCGA-1_1	HRA003620_NC-27	HRA003620	DF.classifications_0.25_0.005_366	Singlet	pANN_0.25_0.005_366	0.162790697674419
HRA003620_CTTTCGGGTGCCTACG-1_1	HRA003620_NC-27	HRA003620	DF.classifications_0.25_0.005_366	Singlet	pANN_0.25_0.005_366	0.209302325581395
HRA003620_CTTTCGGTCGACATCA-1_1	HRA003620_NC-27	HRA003620	DF.classifications_0.25_0.005_366	Singlet	pANN_0.25_0.005_366	0.209302325581395
HRA003620_CTTTCGGTCTCCGCAT-1_1	HRA003620_NC-27	HRA003620	DF.classifications_0.25_0.005_366	Singlet	pANN_0.25_0.005_366	0.0465116279069767
HRA003620_GAAACCTCAGAGATGC-1_1	HRA003620_NC-27	HRA003620	DF.classifications_0.25_0.005_366	Singlet	pANN_0.25_0.005_366	0.0232558139534884
HRA003620_GAAACCTGTTAACAGA-1_1	HRA003620_NC-27	HRA003620	DF.classifications_0.25_0.005_366	Singlet	pANN_0.25_0.005_366	0.116279069767442
HRA003620_GAAACCTGTTACCTGA-1_1	HRA003620_NC-27	HRA003620	DF.classifications_0.25_0.005_366	Singlet	pANN_0.25_0.005_366	0.116279069767442
HRA003620_GAAACCTTCCTATGGA-1_1	HRA003620_NC-27	HRA003620	DF.classifications_0.25_0.005_366	Singlet	pANN_0.25_0.005_366	0.209302325581395
HRA003620_GAAACCTTCGATTCCC-1_1	HRA003620_NC-27	HRA003620	DF.classifications_0.25_0.005_366	Singlet	pANN_0.25_0.005_366	0.162790697674419
HRA003620_GAAACCTTCTCCGATC-1_1	HRA003620_NC-27	HRA003620	DF.classifications_0.25_0.005_366	Singlet	pANN_0.25_0.005_366	0.325581395348837
HRA003620_GAAATGAAGCGTCTGC-1_1	HRA003620_NC-27	HRA003620	DF.classifications_0.25_0.005_366	Singlet	pANN_0.25_0.005_366	0.116279069767442
HRA003620_GAAATGAAGTAGCCAG-1_1	HRA003620_NC-27	HRA003620	DF.classifications_0.25_0.005_366	Singlet	pANN_0.25_0.005_366	0.0465116279069767
HRA003620_GAAATGACATACCATG-1_1	HRA003620_NC-27	HRA003620	DF.classifications_0.25_0.005_366	Singlet	pANN_0.25_0.005_366	0.162790697674419
HRA003620_GAAATGAGTCCCTGTT-1_1	HRA003620_NC-27	HRA003620	DF.classifications_0.25_0.005_366	Singlet	pANN_0.25_0.005_366	0.0232558139534884
HRA003620_GAAATGAGTTCGGCTG-1_1	HRA003620_NC-27	HRA003620	DF.classifications_0.25_0.005_366	Singlet	pANN_0.25_0.005_366	0.0232558139534884
HRA003620_GAAATGATCCAATGCA-1_1	HRA003620_NC-27	HRA003620	DF.classifications_0.25_0.005_366	Singlet	pANN_0.25_0.005_366	0.186046511627907
HRA003620_GAACACTCATTACGGT-1_1	HRA003620_NC-27	HRA003620	DF.classifications_0.25_0.005_366	Singlet	pANN_0.25_0.005_366	0.13953488372093
HRA003620_GAACACTGTATGAAAC-1_1	HRA003620_NC-27	HRA003620	DF.classifications_0.25_0.005_366	Singlet	pANN_0.25_0.005_366	0.162790697674419
HRA003620_GAACACTGTCACGCTG-1_1	HRA003620_NC-27	HRA003620	DF.classifications_0.25_0.005_366	Singlet	pANN_0.25_0.005_366	0.27906976744186
HRA003620_GAACACTGTGTCTCCT-1_1	HRA003620_NC-27	HRA003620	DF.classifications_0.25_0.005_366	Doublet	pANN_0.25_0.005_366	0.441860465116279
HRA003620_GAACACTGTTTGTTGG-1_1	HRA003620_NC-27	HRA003620	DF.classifications_0.25_0.005_366	Singlet	pANN_0.25_0.005_366	0.348837209302326
HRA003620_GAACGTTGTACTTGTG-1_1	HRA003620_NC-27	HRA003620	DF.classifications_0.25_0.005_366	Singlet	pANN_0.25_0.005_366	0.209302325581395
HRA003620_GAACGTTGTTCGAGCC-1_1	HRA003620_NC-27	HRA003620	DF.classifications_0.25_0.005_366	Singlet	pANN_0.25_0.005_366	0.0930232558139535
HRA003620_GAACGTTTCTCCACTG-1_1	HRA003620_NC-27	HRA003620	DF.classifications_0.25_0.005_366	Singlet	pANN_0.25_0.005_366	0
HRA003620_GAACTGTAGCGACTTT-1_1	HRA003620_NC-27	HRA003620	DF.classifications_0.25_0.005_366	Singlet	pANN_0.25_0.005_366	0.0465116279069767
HRA003620_GAACTGTAGTTTCAGC-1_1	HRA003620_NC-27	HRA003620	DF.classifications_0.25_0.005_366	Singlet	pANN_0.25_0.005_366	0.209302325581395
HRA003620_GAACTGTCACGTGAGA-1_1	HRA003620_NC-27	HRA003620	DF.classifications_0.25_0.005_366	Singlet	pANN_0.25_0.005_366	0
HRA003620_GAACTGTGTCCATCTC-1_1	HRA003620_NC-27	HRA003620	DF.classifications_0.25_0.005_366	Singlet	pANN_0.25_0.005_366	0.162790697674419
HRA003620_GAACTGTGTTGCATAC-1_1	HRA003620_NC-27	HRA003620	DF.classifications_0.25_0.005_366	Singlet	pANN_0.25_0.005_366	0.162790697674419
HRA003620_GAACTGTGTTTGGCTA-1_1	HRA003620_NC-27	HRA003620	DF.classifications_0.25_0.005_366	Singlet	pANN_0.25_0.005_366	0.0697674418604651
HRA003620_GAACTGTTCCACAGCG-1_1	HRA003620_NC-27	HRA003620	DF.classifications_0.25_0.005_366	Singlet	pANN_0.25_0.005_366	0.302325581395349
HRA003620_GAACTGTTCTGACCCT-1_1	HRA003620_NC-27	HRA003620	DF.classifications_0.25_0.005_366	Singlet	pANN_0.25_0.005_366	0.162790697674419
HRA003620_GAAGAATAGCGAGAAA-1_1	HRA003620_NC-27	HRA003620	DF.classifications_0.25_0.005_366	Singlet	pANN_0.25_0.005_366	0.209302325581395
HRA003620_GAAGAATAGGTTTACC-1_1	HRA003620_NC-27	HRA003620	DF.classifications_0.25_0.005_366	Singlet	pANN_0.25_0.005_366	0.162790697674419
HRA003620_GAAGAATCACCCAATA-1_1	HRA003620_NC-27	HRA003620	DF.classifications_0.25_0.005_366	Singlet	pANN_0.25_0.005_366	0.13953488372093
HRA003620_GAAGAATCAGAGACTG-1_1	HRA003620_NC-27	HRA003620	DF.classifications_0.25_0.005_366	Singlet	pANN_0.25_0.005_366	0.27906976744186
HRA003620_GAAGAATGTAGATCCT-1_1	HRA003620_NC-27	HRA003620	DF.classifications_0.25_0.005_366	Singlet	pANN_0.25_0.005_366	0.0465116279069767
HRA003620_GAAGAATGTCTTGCGG-1_1	HRA003620_NC-27	HRA003620	DF.classifications_0.25_0.005_366	Singlet	pANN_0.25_0.005_366	0.0930232558139535
HRA003620_GAAGAATTCGCTGTCT-1_1	HRA003620_NC-27	HRA003620	DF.classifications_0.25_0.005_366	Singlet	pANN_0.25_0.005_366	0.209302325581395
HRA003620_GAAGCCCGTGAATATG-1_1	HRA003620_NC-27	HRA003620	DF.classifications_0.25_0.005_366	Singlet	pANN_0.25_0.005_366	0.0930232558139535
HRA003620_GAAGCCCGTGATCGTT-1_1	HRA003620_NC-27	HRA003620	DF.classifications_0.25_0.005_366	Singlet	pANN_0.25_0.005_366	0.162790697674419
HRA003620_GAAGCCCGTTCCACGG-1_1	HRA003620_NC-27	HRA003620	DF.classifications_0.25_0.005_366	Singlet	pANN_0.25_0.005_366	0.232558139534884
HRA003620_GAAGCCCGTTCCAGGC-1_1	HRA003620_NC-27	HRA003620	DF.classifications_0.25_0.005_366	Singlet	pANN_0.25_0.005_366	0.232558139534884
HRA003620_GAAGCCCTCGCCGAAC-1_1	HRA003620_NC-27	HRA003620	DF.classifications_0.25_0.005_366	Singlet	pANN_0.25_0.005_366	0.186046511627907
HRA003620_GAAGCGAAGGTGATCG-1_1	HRA003620_NC-27	HRA003620	DF.classifications_0.25_0.005_366	Singlet	pANN_0.25_0.005_366	0.232558139534884
HRA003620_GAAGCGACAGGCTCTG-1_1	HRA003620_NC-27	HRA003620	DF.classifications_0.25_0.005_366	Singlet	pANN_0.25_0.005_366	0.162790697674419
HRA003620_GAAGCGAGTCCCACGA-1_1	HRA003620_NC-27	HRA003620	DF.classifications_0.25_0.005_366	Singlet	pANN_0.25_0.005_366	0.0930232558139535
HRA003620_GAAGCGATCCTACGGG-1_1	HRA003620_NC-27	HRA003620	DF.classifications_0.25_0.005_366	Singlet	pANN_0.25_0.005_366	0.186046511627907
HRA003620_GAAGGACAGGATGAGA-1_1	HRA003620_NC-27	HRA003620	DF.classifications_0.25_0.005_366	Singlet	pANN_0.25_0.005_366	0.0465116279069767
HRA003620_GAAGGACCAAAGCTCT-1_1	HRA003620_NC-27	HRA003620	DF.classifications_0.25_0.005_366	Singlet	pANN_0.25_0.005_366	0.186046511627907
HRA003620_GAAGGACCACGTAGTT-1_1	HRA003620_NC-27	HRA003620	DF.classifications_0.25_0.005_366	Singlet	pANN_0.25_0.005_366	0.209302325581395
HRA003620_GAAGGACCATAACAGA-1_1	HRA003620_NC-27	HRA003620	DF.classifications_0.25_0.005_366	Singlet	pANN_0.25_0.005_366	0.0930232558139535
HRA003620_GAAGGACGTTTCGCTC-1_1	HRA003620_NC-27	HRA003620	DF.classifications_0.25_0.005_366	Singlet	pANN_0.25_0.005_366	0.372093023255814
HRA003620_GAAGGACTCCTTCGAC-1_1	HRA003620_NC-27	HRA003620	DF.classifications_0.25_0.005_366	Singlet	pANN_0.25_0.005_366	0
HRA003620_GAAGGGTAGTCGGCCT-1_1	HRA003620_NC-27	HRA003620	DF.classifications_0.25_0.005_366	Singlet	pANN_0.25_0.005_366	0
HRA003620_GAAGGGTCAATGAGCG-1_1	HRA003620_NC-27	HRA003620	DF.classifications_0.25_0.005_366	Singlet	pANN_0.25_0.005_366	0.0930232558139535
HRA003620_GAAGGGTCACCTCGTT-1_1	HRA003620_NC-27	HRA003620	DF.classifications_0.25_0.005_366	Singlet	pANN_0.25_0.005_366	0.0930232558139535
HRA003620_GAAGGGTCAGTGCCTG-1_1	HRA003620_NC-27	HRA003620	DF.classifications_0.25_0.005_366	Singlet	pANN_0.25_0.005_366	0.162790697674419
HRA003620_GAAGGGTCAGTTGAAA-1_1	HRA003620_NC-27	HRA003620	DF.classifications_0.25_0.005_366	Singlet	pANN_0.25_0.005_366	0.0697674418604651
HRA003620_GAAGGGTGTCTAGATC-1_1	HRA003620_NC-27	HRA003620	DF.classifications_0.25_0.005_366	Singlet	pANN_0.25_0.005_366	0.0232558139534884
HRA003620_GAAGGGTTCCAAGAGG-1_1	HRA003620_NC-27	HRA003620	DF.classifications_0.25_0.005_366	Singlet	pANN_0.25_0.005_366	0.209302325581395
HRA003620_GAAGTAACAATAGGGC-1_1	HRA003620_NC-27	HRA003620	DF.classifications_0.25_0.005_366	Singlet	pANN_0.25_0.005_366	0.325581395348837
HRA003620_GAAGTAACACACCTTC-1_1	HRA003620_NC-27	HRA003620	DF.classifications_0.25_0.005_366	Singlet	pANN_0.25_0.005_366	0.0465116279069767
HRA003620_GAAGTAACATGGCTGC-1_1	HRA003620_NC-27	HRA003620	DF.classifications_0.25_0.005_366	Singlet	pANN_0.25_0.005_366	0.0930232558139535
HRA003620_GAAGTAAGTATCCCAA-1_1	HRA003620_NC-27	HRA003620	DF.classifications_0.25_0.005_366	Singlet	pANN_0.25_0.005_366	0.186046511627907
HRA003620_GAAGTAAGTTCAAGGG-1_1	HRA003620_NC-27	HRA003620	DF.classifications_0.25_0.005_366	Singlet	pANN_0.25_0.005_366	0.209302325581395
HRA003620_GAATAGACAGGGAATC-1_1	HRA003620_NC-27	HRA003620	DF.classifications_0.25_0.005_366	Singlet	pANN_0.25_0.005_366	0.186046511627907
HRA003620_GAATAGACATAGCTGT-1_1	HRA003620_NC-27	HRA003620	DF.classifications_0.25_0.005_366	Singlet	pANN_0.25_0.005_366	0.0930232558139535
HRA003620_GAATAGAGTGGGTCAA-1_1	HRA003620_NC-27	HRA003620	DF.classifications_0.25_0.005_366	Singlet	pANN_0.25_0.005_366	0.0232558139534884
HRA003620_GAATAGATCCCGTGTT-1_1	HRA003620_NC-27	HRA003620	DF.classifications_0.25_0.005_366	Singlet	pANN_0.25_0.005_366	0.116279069767442
HRA003620_GAATCACAGCTAGCCC-1_1	HRA003620_NC-27	HRA003620	DF.classifications_0.25_0.005_366	Singlet	pANN_0.25_0.005_366	0.0930232558139535
HRA003620_GAATCACAGGACTTCT-1_1	HRA003620_NC-27	HRA003620	DF.classifications_0.25_0.005_366	Singlet	pANN_0.25_0.005_366	0.0232558139534884
HRA003620_GAATCACCATCTCGTC-1_1	HRA003620_NC-27	HRA003620	DF.classifications_0.25_0.005_366	Singlet	pANN_0.25_0.005_366	0.0930232558139535
HRA003620_GAATCACTCAACTGAC-1_1	HRA003620_NC-27	HRA003620	DF.classifications_0.25_0.005_366	Singlet	pANN_0.25_0.005_366	0.372093023255814
HRA003620_GAATCACTCACCCTCA-1_1	HRA003620_NC-27	HRA003620	DF.classifications_0.25_0.005_366	Singlet	pANN_0.25_0.005_366	0.27906976744186
HRA003620_GAATCGTCACGCTGCA-1_1	HRA003620_NC-27	HRA003620	DF.classifications_0.25_0.005_366	Singlet	pANN_0.25_0.005_366	0.232558139534884
HRA003620_GAATCGTGTCAAAGAT-1_1	HRA003620_NC-27	HRA003620	DF.classifications_0.25_0.005_366	Singlet	pANN_0.25_0.005_366	0.0697674418604651
HRA003620_GAATCGTGTGCAACAG-1_1	HRA003620_NC-27	HRA003620	DF.classifications_0.25_0.005_366	Singlet	pANN_0.25_0.005_366	0.0697674418604651
HRA003620_GAATCGTTCTCTGAGA-1_1	HRA003620_NC-27	HRA003620	DF.classifications_0.25_0.005_366	Singlet	pANN_0.25_0.005_366	0.372093023255814
HRA003620_GACACGCGTACCTAGT-1_1	HRA003620_NC-27	HRA003620	DF.classifications_0.25_0.005_366	Singlet	pANN_0.25_0.005_366	0.0232558139534884
HRA003620_GACACGCGTATGTGTC-1_1	HRA003620_NC-27	HRA003620	DF.classifications_0.25_0.005_366	Singlet	pANN_0.25_0.005_366	0.0697674418604651
HRA003620_GACACGCGTCCGGACT-1_1	HRA003620_NC-27	HRA003620	DF.classifications_0.25_0.005_366	Singlet	pANN_0.25_0.005_366	0.0697674418604651
HRA003620_GACACGCTCGAAGTGG-1_1	HRA003620_NC-27	HRA003620	DF.classifications_0.25_0.005_366	Singlet	pANN_0.25_0.005_366	0.0930232558139535
HRA003620_GACACGCTCTCTTAAC-1_1	HRA003620_NC-27	HRA003620	DF.classifications_0.25_0.005_366	Singlet	pANN_0.25_0.005_366	0.372093023255814
HRA003620_GACAGCCAGCGAGGAG-1_1	HRA003620_NC-27	HRA003620	DF.classifications_0.25_0.005_366	Singlet	pANN_0.25_0.005_366	0
HRA003620_GACAGCCCATCAACCA-1_1	HRA003620_NC-27	HRA003620	DF.classifications_0.25_0.005_366	Singlet	pANN_0.25_0.005_366	0
HRA003620_GACAGCCCATCCTTCG-1_1	HRA003620_NC-27	HRA003620	DF.classifications_0.25_0.005_366	Singlet	pANN_0.25_0.005_366	0.162790697674419
HRA003620_GACAGCCCATGGCGCT-1_1	HRA003620_NC-27	HRA003620	DF.classifications_0.25_0.005_366	Singlet	pANN_0.25_0.005_366	0
HRA003620_GACAGCCTCCATTTAC-1_1	HRA003620_NC-27	HRA003620	DF.classifications_0.25_0.005_366	Singlet	pANN_0.25_0.005_366	0.232558139534884
HRA003620_GACAGCCTCGGTGAAG-1_1	HRA003620_NC-27	HRA003620	DF.classifications_0.25_0.005_366	Singlet	pANN_0.25_0.005_366	0.0232558139534884
HRA003620_GACATCATCAGTGATC-1_1	HRA003620_NC-27	HRA003620	DF.classifications_0.25_0.005_366	Singlet	pANN_0.25_0.005_366	0.0465116279069767
HRA003620_GACCAATAGAGTTGCG-1_1	HRA003620_NC-27	HRA003620	DF.classifications_0.25_0.005_366	Singlet	pANN_0.25_0.005_366	0
HRA003620_GACCAATAGCCGTAAG-1_1	HRA003620_NC-27	HRA003620	DF.classifications_0.25_0.005_366	Singlet	pANN_0.25_0.005_366	0.232558139534884
HRA003620_GACCAATAGTGCTCGC-1_1	HRA003620_NC-27	HRA003620	DF.classifications_0.25_0.005_366	Doublet	pANN_0.25_0.005_366	0.581395348837209
HRA003620_GACCAATCAACGATCT-1_1	HRA003620_NC-27	HRA003620	DF.classifications_0.25_0.005_366	Singlet	pANN_0.25_0.005_366	0.0697674418604651
HRA003620_GACCAATCACAATGCT-1_1	HRA003620_NC-27	HRA003620	DF.classifications_0.25_0.005_366	Singlet	pANN_0.25_0.005_366	0.0697674418604651
HRA003620_GACCAATCATCCAACA-1_1	HRA003620_NC-27	HRA003620	DF.classifications_0.25_0.005_366	Singlet	pANN_0.25_0.005_366	0.0232558139534884
HRA003620_GACCAATGTCCATACA-1_1	HRA003620_NC-27	HRA003620	DF.classifications_0.25_0.005_366	Singlet	pANN_0.25_0.005_366	0.255813953488372
HRA003620_GACCAATTCTTCCACG-1_1	HRA003620_NC-27	HRA003620	DF.classifications_0.25_0.005_366	Singlet	pANN_0.25_0.005_366	0.27906976744186
HRA003620_GACCCAGAGCGGCTCT-1_1	HRA003620_NC-27	HRA003620	DF.classifications_0.25_0.005_366	Singlet	pANN_0.25_0.005_366	0.186046511627907
HRA003620_GACCCAGAGGCCTGAA-1_1	HRA003620_NC-27	HRA003620	DF.classifications_0.25_0.005_366	Singlet	pANN_0.25_0.005_366	0.209302325581395
HRA003620_GACCCAGTCCCAACTC-1_1	HRA003620_NC-27	HRA003620	DF.classifications_0.25_0.005_366	Singlet	pANN_0.25_0.005_366	0.255813953488372
HRA003620_GACCCTTAGCCTGTGC-1_1	HRA003620_NC-27	HRA003620	DF.classifications_0.25_0.005_366	Singlet	pANN_0.25_0.005_366	0.0697674418604651
HRA003620_GACCCTTAGGCGAACT-1_1	HRA003620_NC-27	HRA003620	DF.classifications_0.25_0.005_366	Singlet	pANN_0.25_0.005_366	0.0465116279069767
HRA003620_GACCCTTCAAATGGAT-1_1	HRA003620_NC-27	HRA003620	DF.classifications_0.25_0.005_366	Singlet	pANN_0.25_0.005_366	0.0232558139534884
HRA003620_GACCCTTCACCGCTGA-1_1	HRA003620_NC-27	HRA003620	DF.classifications_0.25_0.005_366	Singlet	pANN_0.25_0.005_366	0.0465116279069767
HRA003620_GACCCTTGTTCGGACC-1_1	HRA003620_NC-27	HRA003620	DF.classifications_0.25_0.005_366	Doublet	pANN_0.25_0.005_366	0.441860465116279
HRA003620_GACCCTTTCAAACTGC-1_1	HRA003620_NC-27	HRA003620	DF.classifications_0.25_0.005_366	Singlet	pANN_0.25_0.005_366	0.0465116279069767
HRA003620_GACCCTTTCTCATGGA-1_1	HRA003620_NC-27	HRA003620	DF.classifications_0.25_0.005_366	Singlet	pANN_0.25_0.005_366	0.116279069767442
HRA003620_GACCGTGAGAAGCCTG-1_1	HRA003620_NC-27	HRA003620	DF.classifications_0.25_0.005_366	Singlet	pANN_0.25_0.005_366	0.255813953488372
HRA003620_GACCGTGTCCCAACTC-1_1	HRA003620_NC-27	HRA003620	DF.classifications_0.25_0.005_366	Singlet	pANN_0.25_0.005_366	0.209302325581395
HRA003620_GACCGTGTCCTACCGT-1_1	HRA003620_NC-27	HRA003620	DF.classifications_0.25_0.005_366	Singlet	pANN_0.25_0.005_366	0.0697674418604651
HRA003620_GACCGTGTCCTCGCAT-1_1	HRA003620_NC-27	HRA003620	DF.classifications_0.25_0.005_366	Singlet	pANN_0.25_0.005_366	0.27906976744186
HRA003620_GACCGTGTCGACACCG-1_1	HRA003620_NC-27	HRA003620	DF.classifications_0.25_0.005_366	Singlet	pANN_0.25_0.005_366	0.0930232558139535
HRA003620_GACCGTGTCTTCCCGA-1_1	HRA003620_NC-27	HRA003620	DF.classifications_0.25_0.005_366	Doublet	pANN_0.25_0.005_366	0.581395348837209
HRA003620_GACCTTCAGAAGAGCA-1_1	HRA003620_NC-27	HRA003620	DF.classifications_0.25_0.005_366	Singlet	pANN_0.25_0.005_366	0.0232558139534884
HRA003620_GACCTTCAGATCACCT-1_1	HRA003620_NC-27	HRA003620	DF.classifications_0.25_0.005_366	Singlet	pANN_0.25_0.005_366	0.116279069767442
HRA003620_GACCTTCAGATCCCAT-1_1	HRA003620_NC-27	HRA003620	DF.classifications_0.25_0.005_366	Singlet	pANN_0.25_0.005_366	0.209302325581395
HRA003620_GACCTTCAGATGTTCC-1_1	HRA003620_NC-27	HRA003620	DF.classifications_0.25_0.005_366	Singlet	pANN_0.25_0.005_366	0.232558139534884
HRA003620_GACCTTCAGGGCATGT-1_1	HRA003620_NC-27	HRA003620	DF.classifications_0.25_0.005_366	Singlet	pANN_0.25_0.005_366	0.116279069767442
HRA003620_GACCTTCCAAAGAGTT-1_1	HRA003620_NC-27	HRA003620	DF.classifications_0.25_0.005_366	Singlet	pANN_0.25_0.005_366	0.116279069767442
HRA003620_GACCTTCCAAATGGCG-1_1	HRA003620_NC-27	HRA003620	DF.classifications_0.25_0.005_366	Singlet	pANN_0.25_0.005_366	0.255813953488372
HRA003620_GACCTTCCACGAGAAC-1_1	HRA003620_NC-27	HRA003620	DF.classifications_0.25_0.005_366	Singlet	pANN_0.25_0.005_366	0.0465116279069767
HRA003620_GACCTTCCAGCACCCA-1_1	HRA003620_NC-27	HRA003620	DF.classifications_0.25_0.005_366	Singlet	pANN_0.25_0.005_366	0.13953488372093
HRA003620_GACCTTCGTATGACAA-1_1	HRA003620_NC-27	HRA003620	DF.classifications_0.25_0.005_366	Singlet	pANN_0.25_0.005_366	0
HRA003620_GACCTTCGTCGCCTAG-1_1	HRA003620_NC-27	HRA003620	DF.classifications_0.25_0.005_366	Singlet	pANN_0.25_0.005_366	0.0465116279069767
HRA003620_GACCTTCGTTCGCGTG-1_1	HRA003620_NC-27	HRA003620	DF.classifications_0.25_0.005_366	Singlet	pANN_0.25_0.005_366	0.209302325581395
HRA003620_GACGCTGAGGAGCTGT-1_1	HRA003620_NC-27	HRA003620	DF.classifications_0.25_0.005_366	Singlet	pANN_0.25_0.005_366	0.162790697674419
HRA003620_GACGCTGAGTCAGCCC-1_1	HRA003620_NC-27	HRA003620	DF.classifications_0.25_0.005_366	Singlet	pANN_0.25_0.005_366	0.27906976744186
HRA003620_GACGCTGCATTCTGTT-1_1	HRA003620_NC-27	HRA003620	DF.classifications_0.25_0.005_366	Singlet	pANN_0.25_0.005_366	0.395348837209302
HRA003620_GACGCTGGTACGACAG-1_1	HRA003620_NC-27	HRA003620	DF.classifications_0.25_0.005_366	Singlet	pANN_0.25_0.005_366	0
HRA003620_GACGCTGTCCAGTGCG-1_1	HRA003620_NC-27	HRA003620	DF.classifications_0.25_0.005_366	Singlet	pANN_0.25_0.005_366	0.209302325581395
HRA003620_GACGCTGTCGAAGTGG-1_1	HRA003620_NC-27	HRA003620	DF.classifications_0.25_0.005_366	Singlet	pANN_0.25_0.005_366	0.0697674418604651
HRA003620_GACGTTACAAAGCGTG-1_1	HRA003620_NC-27	HRA003620	DF.classifications_0.25_0.005_366	Singlet	pANN_0.25_0.005_366	0.0232558139534884
HRA003620_GACGTTATCCACGGAC-1_1	HRA003620_NC-27	HRA003620	DF.classifications_0.25_0.005_366	Singlet	pANN_0.25_0.005_366	0.162790697674419
HRA003620_GACTATGGTCAGACTT-1_1	HRA003620_NC-27	HRA003620	DF.classifications_0.25_0.005_366	Singlet	pANN_0.25_0.005_366	0.0930232558139535
HRA003620_GACTATGGTGACTCGC-1_1	HRA003620_NC-27	HRA003620	DF.classifications_0.25_0.005_366	Singlet	pANN_0.25_0.005_366	0.116279069767442
HRA003620_GACTATGTCAGGTAAA-1_1	HRA003620_NC-27	HRA003620	DF.classifications_0.25_0.005_366	Singlet	pANN_0.25_0.005_366	0.162790697674419
HRA003620_GACTATGTCCGATAGT-1_1	HRA003620_NC-27	HRA003620	DF.classifications_0.25_0.005_366	Singlet	pANN_0.25_0.005_366	0.116279069767442
HRA003620_GACTATGTCTAACGCA-1_1	HRA003620_NC-27	HRA003620	DF.classifications_0.25_0.005_366	Singlet	pANN_0.25_0.005_366	0.0465116279069767
HRA003620_GACTCAAAGTACCGGA-1_1	HRA003620_NC-27	HRA003620	DF.classifications_0.25_0.005_366	Singlet	pANN_0.25_0.005_366	0
HRA003620_GACTCAACAGGCATTT-1_1	HRA003620_NC-27	HRA003620	DF.classifications_0.25_0.005_366	Singlet	pANN_0.25_0.005_366	0
HRA003620_GACTCAACATAATGAG-1_1	HRA003620_NC-27	HRA003620	DF.classifications_0.25_0.005_366	Doublet	pANN_0.25_0.005_366	0.581395348837209
HRA003620_GACTCAAGTGATACCT-1_1	HRA003620_NC-27	HRA003620	DF.classifications_0.25_0.005_366	Singlet	pANN_0.25_0.005_366	0
HRA003620_GACTCAAGTGCGCTCA-1_1	HRA003620_NC-27	HRA003620	DF.classifications_0.25_0.005_366	Singlet	pANN_0.25_0.005_366	0.13953488372093
HRA003620_GACTCAAGTGTCCGGT-1_1	HRA003620_NC-27	HRA003620	DF.classifications_0.25_0.005_366	Singlet	pANN_0.25_0.005_366	0.13953488372093
HRA003620_GACTCTCCATGGAAGC-1_1	HRA003620_NC-27	HRA003620	DF.classifications_0.25_0.005_366	Doublet	pANN_0.25_0.005_366	0.441860465116279
HRA003620_GACTCTCGTGTACGCC-1_1	HRA003620_NC-27	HRA003620	DF.classifications_0.25_0.005_366	Singlet	pANN_0.25_0.005_366	0.209302325581395
HRA003620_GACTCTCTCACCGCTT-1_1	HRA003620_NC-27	HRA003620	DF.classifications_0.25_0.005_366	Singlet	pANN_0.25_0.005_366	0.116279069767442
HRA003620_GACTCTCTCCCAAGTA-1_1	HRA003620_NC-27	HRA003620	DF.classifications_0.25_0.005_366	Singlet	pANN_0.25_0.005_366	0.186046511627907
HRA003620_GACTCTCTCGGACAAG-1_1	HRA003620_NC-27	HRA003620	DF.classifications_0.25_0.005_366	Singlet	pANN_0.25_0.005_366	0.0232558139534884
HRA003620_GACTGATAGTGCCCGT-1_1	HRA003620_NC-27	HRA003620	DF.classifications_0.25_0.005_366	Singlet	pANN_0.25_0.005_366	0.116279069767442
HRA003620_GACTGATCACAAGGTG-1_1	HRA003620_NC-27	HRA003620	DF.classifications_0.25_0.005_366	Singlet	pANN_0.25_0.005_366	0.0465116279069767
HRA003620_GACTGATCATCGCCTT-1_1	HRA003620_NC-27	HRA003620	DF.classifications_0.25_0.005_366	Singlet	pANN_0.25_0.005_366	0.27906976744186
HRA003620_GACTGATGTACTGGGA-1_1	HRA003620_NC-27	HRA003620	DF.classifications_0.25_0.005_366	Doublet	pANN_0.25_0.005_366	0.441860465116279
HRA003620_GACTGATGTCAGATTC-1_1	HRA003620_NC-27	HRA003620	DF.classifications_0.25_0.005_366	Singlet	pANN_0.25_0.005_366	0.13953488372093
HRA003620_GACTGATGTGCGAACA-1_1	HRA003620_NC-27	HRA003620	DF.classifications_0.25_0.005_366	Doublet	pANN_0.25_0.005_366	0.604651162790698
HRA003620_GACTGATTCACACGAT-1_1	HRA003620_NC-27	HRA003620	DF.classifications_0.25_0.005_366	Singlet	pANN_0.25_0.005_366	0.13953488372093
HRA003620_GACTGATTCTCATGCC-1_1	HRA003620_NC-27	HRA003620	DF.classifications_0.25_0.005_366	Singlet	pANN_0.25_0.005_366	0.13953488372093
HRA003620_GACTTCCAGTCGAGGT-1_1	HRA003620_NC-27	HRA003620	DF.classifications_0.25_0.005_366	Singlet	pANN_0.25_0.005_366	0.255813953488372
HRA003620_GACTTCCCAGACAATA-1_1	HRA003620_NC-27	HRA003620	DF.classifications_0.25_0.005_366	Singlet	pANN_0.25_0.005_366	0.0697674418604651
HRA003620_GACTTCCCAGTAGAGC-1_1	HRA003620_NC-27	HRA003620	DF.classifications_0.25_0.005_366	Singlet	pANN_0.25_0.005_366	0.372093023255814
HRA003620_GACTTCCGTGACCGAA-1_1	HRA003620_NC-27	HRA003620	DF.classifications_0.25_0.005_366	Singlet	pANN_0.25_0.005_366	0.27906976744186
HRA003620_GACTTCCGTTCCGCTT-1_1	HRA003620_NC-27	HRA003620	DF.classifications_0.25_0.005_366	Singlet	pANN_0.25_0.005_366	0.209302325581395
HRA003620_GACTTCCTCACAGAGG-1_1	HRA003620_NC-27	HRA003620	DF.classifications_0.25_0.005_366	Singlet	pANN_0.25_0.005_366	0.325581395348837
HRA003620_GACTTCCTCCATACAG-1_1	HRA003620_NC-27	HRA003620	DF.classifications_0.25_0.005_366	Singlet	pANN_0.25_0.005_366	0.209302325581395
HRA003620_GACTTCCTCTGGTTGA-1_1	HRA003620_NC-27	HRA003620	DF.classifications_0.25_0.005_366	Singlet	pANN_0.25_0.005_366	0.186046511627907
HRA003620_GAGAAATAGGGCAAGG-1_1	HRA003620_NC-27	HRA003620	DF.classifications_0.25_0.005_366	Singlet	pANN_0.25_0.005_366	0.0465116279069767
HRA003620_GAGAAATAGTCACGCC-1_1	HRA003620_NC-27	HRA003620	DF.classifications_0.25_0.005_366	Singlet	pANN_0.25_0.005_366	0.372093023255814
HRA003620_GAGAAATCAACCCTAA-1_1	HRA003620_NC-27	HRA003620	DF.classifications_0.25_0.005_366	Singlet	pANN_0.25_0.005_366	0.162790697674419
HRA003620_GAGAAATCACATTCTT-1_1	HRA003620_NC-27	HRA003620	DF.classifications_0.25_0.005_366	Singlet	pANN_0.25_0.005_366	0.302325581395349
HRA003620_GAGAAATCACCTCTAC-1_1	HRA003620_NC-27	HRA003620	DF.classifications_0.25_0.005_366	Singlet	pANN_0.25_0.005_366	0.186046511627907
HRA003620_GAGAAATGTCGGCCTA-1_1	HRA003620_NC-27	HRA003620	DF.classifications_0.25_0.005_366	Singlet	pANN_0.25_0.005_366	0.116279069767442
HRA003620_GAGAAATGTGCAGTGA-1_1	HRA003620_NC-27	HRA003620	DF.classifications_0.25_0.005_366	Singlet	pANN_0.25_0.005_366	0.27906976744186
HRA003620_GAGAAATGTGCGAGTA-1_1	HRA003620_NC-27	HRA003620	DF.classifications_0.25_0.005_366	Singlet	pANN_0.25_0.005_366	0.186046511627907
HRA003620_GAGAAATTCAAACGAA-1_1	HRA003620_NC-27	HRA003620	DF.classifications_0.25_0.005_366	Singlet	pANN_0.25_0.005_366	0.13953488372093
HRA003620_GAGAAATTCCAAACCA-1_1	HRA003620_NC-27	HRA003620	DF.classifications_0.25_0.005_366	Singlet	pANN_0.25_0.005_366	0.232558139534884
HRA003620_GAGAAATTCTGGAGAG-1_1	HRA003620_NC-27	HRA003620	DF.classifications_0.25_0.005_366	Singlet	pANN_0.25_0.005_366	0.13953488372093
HRA003620_GAGACCCAGGCCTGAA-1_1	HRA003620_NC-27	HRA003620	DF.classifications_0.25_0.005_366	Singlet	pANN_0.25_0.005_366	0.232558139534884
HRA003620_GAGACCCAGTCTAACC-1_1	HRA003620_NC-27	HRA003620	DF.classifications_0.25_0.005_366	Singlet	pANN_0.25_0.005_366	0
HRA003620_GAGACCCAGTGCTCGC-1_1	HRA003620_NC-27	HRA003620	DF.classifications_0.25_0.005_366	Singlet	pANN_0.25_0.005_366	0.0232558139534884
HRA003620_GAGACCCCACATACTG-1_1	HRA003620_NC-27	HRA003620	DF.classifications_0.25_0.005_366	Singlet	pANN_0.25_0.005_366	0.186046511627907
HRA003620_GAGACCCCAGACTGCC-1_1	HRA003620_NC-27	HRA003620	DF.classifications_0.25_0.005_366	Singlet	pANN_0.25_0.005_366	0.162790697674419
HRA003620_GAGACCCGTTACGTAC-1_1	HRA003620_NC-27	HRA003620	DF.classifications_0.25_0.005_366	Singlet	pANN_0.25_0.005_366	0.0232558139534884
HRA003620_GAGACCCTCCCACAGG-1_1	HRA003620_NC-27	HRA003620	DF.classifications_0.25_0.005_366	Singlet	pANN_0.25_0.005_366	0.0930232558139535
HRA003620_GAGACCCTCCGCTGTT-1_1	HRA003620_NC-27	HRA003620	DF.classifications_0.25_0.005_366	Singlet	pANN_0.25_0.005_366	0.0930232558139535
HRA003620_GAGACTTAGTGTACAA-1_1	HRA003620_NC-27	HRA003620	DF.classifications_0.25_0.005_366	Singlet	pANN_0.25_0.005_366	0.0232558139534884
HRA003620_GAGACTTCAATACCCA-1_1	HRA003620_NC-27	HRA003620	DF.classifications_0.25_0.005_366	Singlet	pANN_0.25_0.005_366	0.116279069767442
HRA003620_GAGACTTGTACCTAAC-1_1	HRA003620_NC-27	HRA003620	DF.classifications_0.25_0.005_366	Singlet	pANN_0.25_0.005_366	0.0930232558139535
HRA003620_GAGACTTGTAGAGCTG-1_1	HRA003620_NC-27	HRA003620	DF.classifications_0.25_0.005_366	Singlet	pANN_0.25_0.005_366	0.116279069767442
HRA003620_GAGACTTTCGAAGCAG-1_1	HRA003620_NC-27	HRA003620	DF.classifications_0.25_0.005_366	Singlet	pANN_0.25_0.005_366	0.186046511627907
HRA003620_GAGAGGTCAGGTTACT-1_1	HRA003620_NC-27	HRA003620	DF.classifications_0.25_0.005_366	Singlet	pANN_0.25_0.005_366	0.162790697674419
HRA003620_GAGAGGTCATCTGTTT-1_1	HRA003620_NC-27	HRA003620	DF.classifications_0.25_0.005_366	Singlet	pANN_0.25_0.005_366	0.209302325581395
HRA003620_GAGAGGTGTGATGGCA-1_1	HRA003620_NC-27	HRA003620	DF.classifications_0.25_0.005_366	Singlet	pANN_0.25_0.005_366	0.162790697674419
HRA003620_GAGAGGTTCCAACACA-1_1	HRA003620_NC-27	HRA003620	DF.classifications_0.25_0.005_366	Singlet	pANN_0.25_0.005_366	0.0232558139534884
HRA003620_GAGATGGCATCTCATT-1_1	HRA003620_NC-27	HRA003620	DF.classifications_0.25_0.005_366	Singlet	pANN_0.25_0.005_366	0.162790697674419
HRA003620_GAGATGGGTTGTTGCA-1_1	HRA003620_NC-27	HRA003620	DF.classifications_0.25_0.005_366	Singlet	pANN_0.25_0.005_366	0.209302325581395
HRA003620_GAGCCTGCACCCATAA-1_1	HRA003620_NC-27	HRA003620	DF.classifications_0.25_0.005_366	Singlet	pANN_0.25_0.005_366	0.395348837209302
HRA003620_GAGCCTGGTCCGGTCA-1_1	HRA003620_NC-27	HRA003620	DF.classifications_0.25_0.005_366	Singlet	pANN_0.25_0.005_366	0.372093023255814
HRA003620_GAGCCTGGTCGTACTA-1_1	HRA003620_NC-27	HRA003620	DF.classifications_0.25_0.005_366	Singlet	pANN_0.25_0.005_366	0.13953488372093
HRA003620_GAGCCTGTCCGATCGG-1_1	HRA003620_NC-27	HRA003620	DF.classifications_0.25_0.005_366	Singlet	pANN_0.25_0.005_366	0.116279069767442
HRA003620_GAGCCTGTCCGTCAAA-1_1	HRA003620_NC-27	HRA003620	DF.classifications_0.25_0.005_366	Singlet	pANN_0.25_0.005_366	0.0930232558139535
HRA003620_GAGCCTGTCGACGCGT-1_1	HRA003620_NC-27	HRA003620	DF.classifications_0.25_0.005_366	Singlet	pANN_0.25_0.005_366	0.255813953488372
HRA003620_GAGCCTGTCTACCTTA-1_1	HRA003620_NC-27	HRA003620	DF.classifications_0.25_0.005_366	Singlet	pANN_0.25_0.005_366	0.0930232558139535
HRA003620_GAGCCTGTCTAGTGTG-1_1	HRA003620_NC-27	HRA003620	DF.classifications_0.25_0.005_366	Doublet	pANN_0.25_0.005_366	0.604651162790698
HRA003620_GAGCCTGTCTGGCCTT-1_1	HRA003620_NC-27	HRA003620	DF.classifications_0.25_0.005_366	Singlet	pANN_0.25_0.005_366	0.209302325581395
HRA003620_GAGCTGCAGACATAAC-1_1	HRA003620_NC-27	HRA003620	DF.classifications_0.25_0.005_366	Singlet	pANN_0.25_0.005_366	0.0697674418604651
HRA003620_GAGCTGCAGCAGCCCT-1_1	HRA003620_NC-27	HRA003620	DF.classifications_0.25_0.005_366	Singlet	pANN_0.25_0.005_366	0.116279069767442
HRA003620_GAGCTGCAGTACGTCT-1_1	HRA003620_NC-27	HRA003620	DF.classifications_0.25_0.005_366	Singlet	pANN_0.25_0.005_366	0.302325581395349
HRA003620_GAGCTGCGTATCGAAA-1_1	HRA003620_NC-27	HRA003620	DF.classifications_0.25_0.005_366	Singlet	pANN_0.25_0.005_366	0.27906976744186
HRA003620_GAGGCAAAGAGTATAC-1_1	HRA003620_NC-27	HRA003620	DF.classifications_0.25_0.005_366	Singlet	pANN_0.25_0.005_366	0.0232558139534884
HRA003620_GAGGCAAAGCCTGAAG-1_1	HRA003620_NC-27	HRA003620	DF.classifications_0.25_0.005_366	Singlet	pANN_0.25_0.005_366	0
HRA003620_GAGGCAACATATAGCC-1_1	HRA003620_NC-27	HRA003620	DF.classifications_0.25_0.005_366	Singlet	pANN_0.25_0.005_366	0.162790697674419
HRA003620_GAGGCAAGTAATGATG-1_1	HRA003620_NC-27	HRA003620	DF.classifications_0.25_0.005_366	Singlet	pANN_0.25_0.005_366	0
HRA003620_GAGGCAAGTACACGTT-1_1	HRA003620_NC-27	HRA003620	DF.classifications_0.25_0.005_366	Singlet	pANN_0.25_0.005_366	0.13953488372093
HRA003620_GAGGCAAGTGACGTCC-1_1	HRA003620_NC-27	HRA003620	DF.classifications_0.25_0.005_366	Singlet	pANN_0.25_0.005_366	0.302325581395349
HRA003620_GAGGCAATCACGAACT-1_1	HRA003620_NC-27	HRA003620	DF.classifications_0.25_0.005_366	Singlet	pANN_0.25_0.005_366	0.0697674418604651
HRA003620_GAGGCAATCAGCCTCT-1_1	HRA003620_NC-27	HRA003620	DF.classifications_0.25_0.005_366	Singlet	pANN_0.25_0.005_366	0.162790697674419
HRA003620_GAGGCCTAGGAATTAC-1_1	HRA003620_NC-27	HRA003620	DF.classifications_0.25_0.005_366	Singlet	pANN_0.25_0.005_366	0.186046511627907
HRA003620_GAGGCCTAGTGAGTGC-1_1	HRA003620_NC-27	HRA003620	DF.classifications_0.25_0.005_366	Singlet	pANN_0.25_0.005_366	0
HRA003620_GAGGCCTAGTGAGTTA-1_1	HRA003620_NC-27	HRA003620	DF.classifications_0.25_0.005_366	Singlet	pANN_0.25_0.005_366	0.186046511627907
HRA003620_GAGGCCTCAAATACAG-1_1	HRA003620_NC-27	HRA003620	DF.classifications_0.25_0.005_366	Singlet	pANN_0.25_0.005_366	0.232558139534884
HRA003620_GAGGCCTGTCTAGTGT-1_1	HRA003620_NC-27	HRA003620	DF.classifications_0.25_0.005_366	Singlet	pANN_0.25_0.005_366	0.0465116279069767
HRA003620_GAGGCCTGTGGGATTG-1_1	HRA003620_NC-27	HRA003620	DF.classifications_0.25_0.005_366	Singlet	pANN_0.25_0.005_366	0.232558139534884
HRA003620_GAGGCCTTCGAGTCCG-1_1	HRA003620_NC-27	HRA003620	DF.classifications_0.25_0.005_366	Singlet	pANN_0.25_0.005_366	0.0697674418604651
HRA003620_GAGGCCTTCTGGTTGA-1_1	HRA003620_NC-27	HRA003620	DF.classifications_0.25_0.005_366	Singlet	pANN_0.25_0.005_366	0.0232558139534884
HRA003620_GAGGGATAGTTCATCG-1_1	HRA003620_NC-27	HRA003620	DF.classifications_0.25_0.005_366	Singlet	pANN_0.25_0.005_366	0.0930232558139535
HRA003620_GAGGGATAGTTGGCGA-1_1	HRA003620_NC-27	HRA003620	DF.classifications_0.25_0.005_366	Singlet	pANN_0.25_0.005_366	0.0232558139534884
HRA003620_GAGGGATGTCTTGTCC-1_1	HRA003620_NC-27	HRA003620	DF.classifications_0.25_0.005_366	Singlet	pANN_0.25_0.005_366	0.0232558139534884
HRA003620_GAGGGATTCCTCACGT-1_1	HRA003620_NC-27	HRA003620	DF.classifications_0.25_0.005_366	Singlet	pANN_0.25_0.005_366	0.325581395348837
HRA003620_GAGGGATTCGCTGCGA-1_1	HRA003620_NC-27	HRA003620	DF.classifications_0.25_0.005_366	Singlet	pANN_0.25_0.005_366	0
HRA003620_GAGGGATTCTGGGTCG-1_1	HRA003620_NC-27	HRA003620	DF.classifications_0.25_0.005_366	Singlet	pANN_0.25_0.005_366	0.232558139534884
HRA003620_GAGGGTAAGATTTGCC-1_1	HRA003620_NC-27	HRA003620	DF.classifications_0.25_0.005_366	Singlet	pANN_0.25_0.005_366	0.232558139534884
HRA003620_GAGGGTAAGGCTGGAT-1_1	HRA003620_NC-27	HRA003620	DF.classifications_0.25_0.005_366	Singlet	pANN_0.25_0.005_366	0.162790697674419
HRA003620_GAGGGTAAGTCATAGA-1_1	HRA003620_NC-27	HRA003620	DF.classifications_0.25_0.005_366	Singlet	pANN_0.25_0.005_366	0.116279069767442
HRA003620_GAGGGTAAGTCGAGGT-1_1	HRA003620_NC-27	HRA003620	DF.classifications_0.25_0.005_366	Singlet	pANN_0.25_0.005_366	0
HRA003620_GAGGGTACAGAAGTTA-1_1	HRA003620_NC-27	HRA003620	DF.classifications_0.25_0.005_366	Singlet	pANN_0.25_0.005_366	0.209302325581395
HRA003620_GAGGGTAGTAAGGCTG-1_1	HRA003620_NC-27	HRA003620	DF.classifications_0.25_0.005_366	Singlet	pANN_0.25_0.005_366	0.209302325581395
HRA003620_GAGGGTATCATCACCC-1_1	HRA003620_NC-27	HRA003620	DF.classifications_0.25_0.005_366	Singlet	pANN_0.25_0.005_366	0.348837209302326
HRA003620_GAGGGTATCTAGCCAA-1_1	HRA003620_NC-27	HRA003620	DF.classifications_0.25_0.005_366	Singlet	pANN_0.25_0.005_366	0.162790697674419
HRA003620_GAGTCATAGGTTATAG-1_1	HRA003620_NC-27	HRA003620	DF.classifications_0.25_0.005_366	Singlet	pANN_0.25_0.005_366	0.0465116279069767
HRA003620_GAGTCATGTCGTACTA-1_1	HRA003620_NC-27	HRA003620	DF.classifications_0.25_0.005_366	Singlet	pANN_0.25_0.005_366	0.27906976744186
HRA003620_GAGTCATTCAATGTCG-1_1	HRA003620_NC-27	HRA003620	DF.classifications_0.25_0.005_366	Singlet	pANN_0.25_0.005_366	0.232558139534884
HRA003620_GAGTCATTCAGGAAGC-1_1	HRA003620_NC-27	HRA003620	DF.classifications_0.25_0.005_366	Singlet	pANN_0.25_0.005_366	0.13953488372093
HRA003620_GAGTCTAAGATAGCTA-1_1	HRA003620_NC-27	HRA003620	DF.classifications_0.25_0.005_366	Singlet	pANN_0.25_0.005_366	0.162790697674419
HRA003620_GAGTCTACAGCACAGA-1_1	HRA003620_NC-27	HRA003620	DF.classifications_0.25_0.005_366	Singlet	pANN_0.25_0.005_366	0.0697674418604651
HRA003620_GAGTCTAGTACGTACT-1_1	HRA003620_NC-27	HRA003620	DF.classifications_0.25_0.005_366	Singlet	pANN_0.25_0.005_366	0.0697674418604651
HRA003620_GAGTCTAGTACTGGGA-1_1	HRA003620_NC-27	HRA003620	DF.classifications_0.25_0.005_366	Singlet	pANN_0.25_0.005_366	0.395348837209302
HRA003620_GAGTCTAGTAGCTTAC-1_1	HRA003620_NC-27	HRA003620	DF.classifications_0.25_0.005_366	Singlet	pANN_0.25_0.005_366	0.162790697674419
HRA003620_GAGTCTATCCATCAGA-1_1	HRA003620_NC-27	HRA003620	DF.classifications_0.25_0.005_366	Singlet	pANN_0.25_0.005_366	0.0930232558139535
HRA003620_GAGTCTATCGATGCAT-1_1	HRA003620_NC-27	HRA003620	DF.classifications_0.25_0.005_366	Singlet	pANN_0.25_0.005_366	0.0697674418604651
HRA003620_GAGTCTATCTAGTGTG-1_1	HRA003620_NC-27	HRA003620	DF.classifications_0.25_0.005_366	Singlet	pANN_0.25_0.005_366	0.0465116279069767
HRA003620_GAGTGAGCATCGAACT-1_1	HRA003620_NC-27	HRA003620	DF.classifications_0.25_0.005_366	Singlet	pANN_0.25_0.005_366	0.116279069767442
HRA003620_GAGTGAGGTAACTAAG-1_1	HRA003620_NC-27	HRA003620	DF.classifications_0.25_0.005_366	Singlet	pANN_0.25_0.005_366	0.186046511627907
HRA003620_GAGTGAGGTCGTATGT-1_1	HRA003620_NC-27	HRA003620	DF.classifications_0.25_0.005_366	Singlet	pANN_0.25_0.005_366	0.0697674418604651
HRA003620_GAGTGAGGTGGCCTCA-1_1	HRA003620_NC-27	HRA003620	DF.classifications_0.25_0.005_366	Doublet	pANN_0.25_0.005_366	0.465116279069767
HRA003620_GAGTGAGTCCTCTTTC-1_1	HRA003620_NC-27	HRA003620	DF.classifications_0.25_0.005_366	Singlet	pANN_0.25_0.005_366	0.116279069767442
HRA003620_GAGTGAGTCGGCTCTT-1_1	HRA003620_NC-27	HRA003620	DF.classifications_0.25_0.005_366	Singlet	pANN_0.25_0.005_366	0.116279069767442
HRA003620_GAGTGAGTCTCTCGAC-1_1	HRA003620_NC-27	HRA003620	DF.classifications_0.25_0.005_366	Singlet	pANN_0.25_0.005_366	0.232558139534884
HRA003620_GAGTGTTAGCATCGAG-1_1	HRA003620_NC-27	HRA003620	DF.classifications_0.25_0.005_366	Singlet	pANN_0.25_0.005_366	0.255813953488372
HRA003620_GAGTGTTAGGGCCAAT-1_1	HRA003620_NC-27	HRA003620	DF.classifications_0.25_0.005_366	Singlet	pANN_0.25_0.005_366	0.255813953488372
HRA003620_GAGTGTTCAGAAGTGC-1_1	HRA003620_NC-27	HRA003620	DF.classifications_0.25_0.005_366	Singlet	pANN_0.25_0.005_366	0.116279069767442
HRA003620_GAGTGTTGTGCGTGCT-1_1	HRA003620_NC-27	HRA003620	DF.classifications_0.25_0.005_366	Singlet	pANN_0.25_0.005_366	0.302325581395349
HRA003620_GAGTGTTTCTAAGAAG-1_1	HRA003620_NC-27	HRA003620	DF.classifications_0.25_0.005_366	Singlet	pANN_0.25_0.005_366	0.209302325581395
HRA003620_GAGTGTTTCTATGCCC-1_1	HRA003620_NC-27	HRA003620	DF.classifications_0.25_0.005_366	Singlet	pANN_0.25_0.005_366	0.209302325581395
HRA003620_GAGTTACAGACTGGGT-1_1	HRA003620_NC-27	HRA003620	DF.classifications_0.25_0.005_366	Singlet	pANN_0.25_0.005_366	0.0930232558139535
HRA003620_GAGTTACAGGGCCCTT-1_1	HRA003620_NC-27	HRA003620	DF.classifications_0.25_0.005_366	Singlet	pANN_0.25_0.005_366	0.27906976744186
HRA003620_GAGTTACAGGTGCTAG-1_1	HRA003620_NC-27	HRA003620	DF.classifications_0.25_0.005_366	Singlet	pANN_0.25_0.005_366	0.13953488372093
HRA003620_GAGTTACCATAGGTAA-1_1	HRA003620_NC-27	HRA003620	DF.classifications_0.25_0.005_366	Singlet	pANN_0.25_0.005_366	0.186046511627907
HRA003620_GAGTTACGTGCACAAG-1_1	HRA003620_NC-27	HRA003620	DF.classifications_0.25_0.005_366	Singlet	pANN_0.25_0.005_366	0.255813953488372
HRA003620_GAGTTACGTGGGTATG-1_1	HRA003620_NC-27	HRA003620	DF.classifications_0.25_0.005_366	Singlet	pANN_0.25_0.005_366	0.209302325581395
HRA003620_GAGTTACGTGTCGATT-1_1	HRA003620_NC-27	HRA003620	DF.classifications_0.25_0.005_366	Singlet	pANN_0.25_0.005_366	0.232558139534884
HRA003620_GAGTTACTCATTCCTA-1_1	HRA003620_NC-27	HRA003620	DF.classifications_0.25_0.005_366	Singlet	pANN_0.25_0.005_366	0.209302325581395
HRA003620_GAGTTGTAGACCAGCA-1_1	HRA003620_NC-27	HRA003620	DF.classifications_0.25_0.005_366	Singlet	pANN_0.25_0.005_366	0.116279069767442
HRA003620_GAGTTGTAGATGCGAC-1_1	HRA003620_NC-27	HRA003620	DF.classifications_0.25_0.005_366	Singlet	pANN_0.25_0.005_366	0.27906976744186
HRA003620_GAGTTGTAGCCACCGT-1_1	HRA003620_NC-27	HRA003620	DF.classifications_0.25_0.005_366	Doublet	pANN_0.25_0.005_366	0.581395348837209
HRA003620_GAGTTGTCACTCTGCT-1_1	HRA003620_NC-27	HRA003620	DF.classifications_0.25_0.005_366	Singlet	pANN_0.25_0.005_366	0.0465116279069767
HRA003620_GAGTTGTGTTCGCGTG-1_1	HRA003620_NC-27	HRA003620	DF.classifications_0.25_0.005_366	Singlet	pANN_0.25_0.005_366	0
HRA003620_GAGTTGTGTTTCGACA-1_1	HRA003620_NC-27	HRA003620	DF.classifications_0.25_0.005_366	Singlet	pANN_0.25_0.005_366	0.0232558139534884
HRA003620_GAGTTGTTCCTATGGA-1_1	HRA003620_NC-27	HRA003620	DF.classifications_0.25_0.005_366	Singlet	pANN_0.25_0.005_366	0.0697674418604651
HRA003620_GAGTTGTTCTGGTTGA-1_1	HRA003620_NC-27	HRA003620	DF.classifications_0.25_0.005_366	Singlet	pANN_0.25_0.005_366	0.162790697674419
HRA003620_GAGTTTGAGCATGGGT-1_1	HRA003620_NC-27	HRA003620	DF.classifications_0.25_0.005_366	Singlet	pANN_0.25_0.005_366	0.116279069767442
HRA003620_GAGTTTGAGCCATTGT-1_1	HRA003620_NC-27	HRA003620	DF.classifications_0.25_0.005_366	Singlet	pANN_0.25_0.005_366	0.0232558139534884
HRA003620_GAGTTTGAGCGACCCT-1_1	HRA003620_NC-27	HRA003620	DF.classifications_0.25_0.005_366	Singlet	pANN_0.25_0.005_366	0.255813953488372
HRA003620_GAGTTTGAGCGAGAAA-1_1	HRA003620_NC-27	HRA003620	DF.classifications_0.25_0.005_366	Singlet	pANN_0.25_0.005_366	0.0232558139534884
HRA003620_GAGTTTGAGGTAAGAG-1_1	HRA003620_NC-27	HRA003620	DF.classifications_0.25_0.005_366	Singlet	pANN_0.25_0.005_366	0.116279069767442
HRA003620_GAGTTTGAGTAAGGGA-1_1	HRA003620_NC-27	HRA003620	DF.classifications_0.25_0.005_366	Singlet	pANN_0.25_0.005_366	0.0232558139534884
HRA003620_GAGTTTGCAAGCCATT-1_1	HRA003620_NC-27	HRA003620	DF.classifications_0.25_0.005_366	Singlet	pANN_0.25_0.005_366	0.209302325581395
HRA003620_GAGTTTGCAATGGGTG-1_1	HRA003620_NC-27	HRA003620	DF.classifications_0.25_0.005_366	Singlet	pANN_0.25_0.005_366	0.13953488372093
HRA003620_GAGTTTGGTCTGTCAA-1_1	HRA003620_NC-27	HRA003620	DF.classifications_0.25_0.005_366	Singlet	pANN_0.25_0.005_366	0.0465116279069767
HRA003620_GAGTTTGGTGCGTGCT-1_1	HRA003620_NC-27	HRA003620	DF.classifications_0.25_0.005_366	Singlet	pANN_0.25_0.005_366	0.302325581395349
HRA003620_GAGTTTGGTTCGAGCC-1_1	HRA003620_NC-27	HRA003620	DF.classifications_0.25_0.005_366	Singlet	pANN_0.25_0.005_366	0.116279069767442
HRA003620_GAGTTTGGTTGTGCAT-1_1	HRA003620_NC-27	HRA003620	DF.classifications_0.25_0.005_366	Singlet	pANN_0.25_0.005_366	0.27906976744186
HRA003620_GAGTTTGTCAAGTGGG-1_1	HRA003620_NC-27	HRA003620	DF.classifications_0.25_0.005_366	Singlet	pANN_0.25_0.005_366	0.209302325581395
HRA003620_GAGTTTGTCAATCCAG-1_1	HRA003620_NC-27	HRA003620	DF.classifications_0.25_0.005_366	Singlet	pANN_0.25_0.005_366	0.0930232558139535
HRA003620_GAGTTTGTCCGGTTCT-1_1	HRA003620_NC-27	HRA003620	DF.classifications_0.25_0.005_366	Singlet	pANN_0.25_0.005_366	0.0930232558139535
HRA003620_GAGTTTGTCCTAACAG-1_1	HRA003620_NC-27	HRA003620	DF.classifications_0.25_0.005_366	Singlet	pANN_0.25_0.005_366	0.209302325581395
HRA003620_GAGTTTGTCCTTATGT-1_1	HRA003620_NC-27	HRA003620	DF.classifications_0.25_0.005_366	Singlet	pANN_0.25_0.005_366	0.13953488372093
HRA003620_GAGTTTGTCGTTCAGA-1_1	HRA003620_NC-27	HRA003620	DF.classifications_0.25_0.005_366	Singlet	pANN_0.25_0.005_366	0.209302325581395
HRA003620_GATAGAAAGGTGCTAG-1_1	HRA003620_NC-27	HRA003620	DF.classifications_0.25_0.005_366	Singlet	pANN_0.25_0.005_366	0.116279069767442
HRA003620_GATAGCTAGCCGCACT-1_1	HRA003620_NC-27	HRA003620	DF.classifications_0.25_0.005_366	Singlet	pANN_0.25_0.005_366	0.116279069767442
HRA003620_GATAGCTCATACAGCT-1_1	HRA003620_NC-27	HRA003620	DF.classifications_0.25_0.005_366	Singlet	pANN_0.25_0.005_366	0.116279069767442
HRA003620_GATAGCTGTAAGTAGT-1_1	HRA003620_NC-27	HRA003620	DF.classifications_0.25_0.005_366	Singlet	pANN_0.25_0.005_366	0.13953488372093
HRA003620_GATAGCTGTACTTGTG-1_1	HRA003620_NC-27	HRA003620	DF.classifications_0.25_0.005_366	Singlet	pANN_0.25_0.005_366	0.0697674418604651
HRA003620_GATAGCTGTCGCACGT-1_1	HRA003620_NC-27	HRA003620	DF.classifications_0.25_0.005_366	Singlet	pANN_0.25_0.005_366	0.0697674418604651
HRA003620_GATAGCTGTGGGTCAA-1_1	HRA003620_NC-27	HRA003620	DF.classifications_0.25_0.005_366	Singlet	pANN_0.25_0.005_366	0.209302325581395
HRA003620_GATAGCTGTTCTTAGG-1_1	HRA003620_NC-27	HRA003620	DF.classifications_0.25_0.005_366	Singlet	pANN_0.25_0.005_366	0.0930232558139535
HRA003620_GATCACAGTGTTACAC-1_1	HRA003620_NC-27	HRA003620	DF.classifications_0.25_0.005_366	Singlet	pANN_0.25_0.005_366	0.162790697674419
HRA003620_GATCACAGTTTCGTTT-1_1	HRA003620_NC-27	HRA003620	DF.classifications_0.25_0.005_366	Singlet	pANN_0.25_0.005_366	0.162790697674419
HRA003620_GATCACATCACCTCAC-1_1	HRA003620_NC-27	HRA003620	DF.classifications_0.25_0.005_366	Singlet	pANN_0.25_0.005_366	0.325581395348837
HRA003620_GATCACATCGAACGCC-1_1	HRA003620_NC-27	HRA003620	DF.classifications_0.25_0.005_366	Singlet	pANN_0.25_0.005_366	0.232558139534884
HRA003620_GATCACATCTAACACG-1_1	HRA003620_NC-27	HRA003620	DF.classifications_0.25_0.005_366	Singlet	pANN_0.25_0.005_366	0.255813953488372
HRA003620_GATCAGTAGCGTTCAT-1_1	HRA003620_NC-27	HRA003620	DF.classifications_0.25_0.005_366	Singlet	pANN_0.25_0.005_366	0.186046511627907
HRA003620_GATCAGTAGTTCCTGA-1_1	HRA003620_NC-27	HRA003620	DF.classifications_0.25_0.005_366	Singlet	pANN_0.25_0.005_366	0.186046511627907
HRA003620_GATCAGTAGTTGGGAC-1_1	HRA003620_NC-27	HRA003620	DF.classifications_0.25_0.005_366	Singlet	pANN_0.25_0.005_366	0.232558139534884
HRA003620_GATCAGTCACATTCGA-1_1	HRA003620_NC-27	HRA003620	DF.classifications_0.25_0.005_366	Singlet	pANN_0.25_0.005_366	0.0465116279069767
HRA003620_GATCAGTCATCCGTGG-1_1	HRA003620_NC-27	HRA003620	DF.classifications_0.25_0.005_366	Singlet	pANN_0.25_0.005_366	0.162790697674419
HRA003620_GATCAGTTCATCCTAT-1_1	HRA003620_NC-27	HRA003620	DF.classifications_0.25_0.005_366	Singlet	pANN_0.25_0.005_366	0.232558139534884
HRA003620_GATCAGTTCCACTTCG-1_1	HRA003620_NC-27	HRA003620	DF.classifications_0.25_0.005_366	Singlet	pANN_0.25_0.005_366	0.186046511627907
HRA003620_GATCAGTTCGATACTG-1_1	HRA003620_NC-27	HRA003620	DF.classifications_0.25_0.005_366	Singlet	pANN_0.25_0.005_366	0.27906976744186
HRA003620_GATCATGCAAACACGG-1_1	HRA003620_NC-27	HRA003620	DF.classifications_0.25_0.005_366	Singlet	pANN_0.25_0.005_366	0.0930232558139535
HRA003620_GATCATGCAGGAGGAG-1_1	HRA003620_NC-27	HRA003620	DF.classifications_0.25_0.005_366	Singlet	pANN_0.25_0.005_366	0.13953488372093
HRA003620_GATCATGCATTGCTTT-1_1	HRA003620_NC-27	HRA003620	DF.classifications_0.25_0.005_366	Singlet	pANN_0.25_0.005_366	0.372093023255814
HRA003620_GATCATGGTTGTAGCT-1_1	HRA003620_NC-27	HRA003620	DF.classifications_0.25_0.005_366	Singlet	pANN_0.25_0.005_366	0.116279069767442
HRA003620_GATCATGTCGACCCAG-1_1	HRA003620_NC-27	HRA003620	DF.classifications_0.25_0.005_366	Singlet	pANN_0.25_0.005_366	0.0697674418604651
HRA003620_GATCATGTCTGCTTTA-1_1	HRA003620_NC-27	HRA003620	DF.classifications_0.25_0.005_366	Singlet	pANN_0.25_0.005_366	0.116279069767442
HRA003620_GATCCCTAGTAAAGCT-1_1	HRA003620_NC-27	HRA003620	DF.classifications_0.25_0.005_366	Singlet	pANN_0.25_0.005_366	0.209302325581395
HRA003620_GATCCCTGTCCTTGTC-1_1	HRA003620_NC-27	HRA003620	DF.classifications_0.25_0.005_366	Singlet	pANN_0.25_0.005_366	0.0465116279069767
HRA003620_GATCCCTGTTTGAAAG-1_1	HRA003620_NC-27	HRA003620	DF.classifications_0.25_0.005_366	Singlet	pANN_0.25_0.005_366	0.13953488372093
HRA003620_GATCCCTTCCACACAA-1_1	HRA003620_NC-27	HRA003620	DF.classifications_0.25_0.005_366	Singlet	pANN_0.25_0.005_366	0.325581395348837
HRA003620_GATCCCTTCCTACACC-1_1	HRA003620_NC-27	HRA003620	DF.classifications_0.25_0.005_366	Doublet	pANN_0.25_0.005_366	0.465116279069767
HRA003620_GATCCCTTCCTCACTG-1_1	HRA003620_NC-27	HRA003620	DF.classifications_0.25_0.005_366	Singlet	pANN_0.25_0.005_366	0.13953488372093
HRA003620_GATCCCTTCGCGTGAC-1_1	HRA003620_NC-27	HRA003620	DF.classifications_0.25_0.005_366	Singlet	pANN_0.25_0.005_366	0.0930232558139535
HRA003620_GATCCCTTCTAGGAAA-1_1	HRA003620_NC-27	HRA003620	DF.classifications_0.25_0.005_366	Singlet	pANN_0.25_0.005_366	0.0465116279069767
HRA003620_GATCGTAAGACATATG-1_1	HRA003620_NC-27	HRA003620	DF.classifications_0.25_0.005_366	Singlet	pANN_0.25_0.005_366	0
HRA003620_GATCGTAAGGCTTAAA-1_1	HRA003620_NC-27	HRA003620	DF.classifications_0.25_0.005_366	Singlet	pANN_0.25_0.005_366	0.255813953488372
HRA003620_GATCGTAAGGGAGTGG-1_1	HRA003620_NC-27	HRA003620	DF.classifications_0.25_0.005_366	Singlet	pANN_0.25_0.005_366	0.0930232558139535
HRA003620_GATCGTACAACCCTCT-1_1	HRA003620_NC-27	HRA003620	DF.classifications_0.25_0.005_366	Singlet	pANN_0.25_0.005_366	0.162790697674419
HRA003620_GATCGTACAACCGTAT-1_1	HRA003620_NC-27	HRA003620	DF.classifications_0.25_0.005_366	Singlet	pANN_0.25_0.005_366	0.0232558139534884
HRA003620_GATCGTACAGGCTTGC-1_1	HRA003620_NC-27	HRA003620	DF.classifications_0.25_0.005_366	Singlet	pANN_0.25_0.005_366	0.255813953488372
HRA003620_GATCGTACATGACTAC-1_1	HRA003620_NC-27	HRA003620	DF.classifications_0.25_0.005_366	Singlet	pANN_0.25_0.005_366	0.13953488372093
HRA003620_GATCGTAGTCCAGCCA-1_1	HRA003620_NC-27	HRA003620	DF.classifications_0.25_0.005_366	Singlet	pANN_0.25_0.005_366	0
HRA003620_GATCGTAGTGCATTAC-1_1	HRA003620_NC-27	HRA003620	DF.classifications_0.25_0.005_366	Singlet	pANN_0.25_0.005_366	0
HRA003620_GATCGTAGTGTGCCTG-1_1	HRA003620_NC-27	HRA003620	DF.classifications_0.25_0.005_366	Singlet	pANN_0.25_0.005_366	0
HRA003620_GATCGTATCCGCAAAT-1_1	HRA003620_NC-27	HRA003620	DF.classifications_0.25_0.005_366	Singlet	pANN_0.25_0.005_366	0.0232558139534884
HRA003620_GATCGTATCTACTGAG-1_1	HRA003620_NC-27	HRA003620	DF.classifications_0.25_0.005_366	Singlet	pANN_0.25_0.005_366	0.162790697674419
HRA003620_GATGACTAGTATGACA-1_1	HRA003620_NC-27	HRA003620	DF.classifications_0.25_0.005_366	Doublet	pANN_0.25_0.005_366	0.534883720930233
HRA003620_GATGACTCAAGTGCAG-1_1	HRA003620_NC-27	HRA003620	DF.classifications_0.25_0.005_366	Singlet	pANN_0.25_0.005_366	0.0465116279069767
HRA003620_GATGACTCACAGTCAT-1_1	HRA003620_NC-27	HRA003620	DF.classifications_0.25_0.005_366	Singlet	pANN_0.25_0.005_366	0
HRA003620_GATGACTGTCGAATTC-1_1	HRA003620_NC-27	HRA003620	DF.classifications_0.25_0.005_366	Singlet	pANN_0.25_0.005_366	0.395348837209302
HRA003620_GATGACTTCTCGACGG-1_1	HRA003620_NC-27	HRA003620	DF.classifications_0.25_0.005_366	Singlet	pANN_0.25_0.005_366	0
HRA003620_GATGAGGAGAAGTGTT-1_1	HRA003620_NC-27	HRA003620	DF.classifications_0.25_0.005_366	Singlet	pANN_0.25_0.005_366	0
HRA003620_GATGAGGAGCGTCTCG-1_1	HRA003620_NC-27	HRA003620	DF.classifications_0.25_0.005_366	Singlet	pANN_0.25_0.005_366	0.0232558139534884
HRA003620_GATGAGGAGCTCAGAG-1_1	HRA003620_NC-27	HRA003620	DF.classifications_0.25_0.005_366	Singlet	pANN_0.25_0.005_366	0.232558139534884
HRA003620_GATGAGGAGGAAGAAC-1_1	HRA003620_NC-27	HRA003620	DF.classifications_0.25_0.005_366	Singlet	pANN_0.25_0.005_366	0.13953488372093
HRA003620_GATGAGGAGGACAAGA-1_1	HRA003620_NC-27	HRA003620	DF.classifications_0.25_0.005_366	Singlet	pANN_0.25_0.005_366	0.27906976744186
HRA003620_GATGAGGAGGTCACAG-1_1	HRA003620_NC-27	HRA003620	DF.classifications_0.25_0.005_366	Singlet	pANN_0.25_0.005_366	0.0930232558139535
HRA003620_GATGAGGAGTTAGTGA-1_1	HRA003620_NC-27	HRA003620	DF.classifications_0.25_0.005_366	Singlet	pANN_0.25_0.005_366	0.13953488372093
HRA003620_GATGAGGCAACTCGAT-1_1	HRA003620_NC-27	HRA003620	DF.classifications_0.25_0.005_366	Singlet	pANN_0.25_0.005_366	0.27906976744186
HRA003620_GATGAGGCAAGAAATC-1_1	HRA003620_NC-27	HRA003620	DF.classifications_0.25_0.005_366	Singlet	pANN_0.25_0.005_366	0
HRA003620_GATGAGGCAATGAGCG-1_1	HRA003620_NC-27	HRA003620	DF.classifications_0.25_0.005_366	Singlet	pANN_0.25_0.005_366	0.186046511627907
HRA003620_GATGAGGTCAGTCAGT-1_1	HRA003620_NC-27	HRA003620	DF.classifications_0.25_0.005_366	Singlet	pANN_0.25_0.005_366	0.209302325581395
HRA003620_GATGATCCACGAAAGC-1_1	HRA003620_NC-27	HRA003620	DF.classifications_0.25_0.005_366	Singlet	pANN_0.25_0.005_366	0.0465116279069767
HRA003620_GATGATCCATAGAAAC-1_1	HRA003620_NC-27	HRA003620	DF.classifications_0.25_0.005_366	Singlet	pANN_0.25_0.005_366	0.209302325581395
HRA003620_GATGATCGTAACTTCG-1_1	HRA003620_NC-27	HRA003620	DF.classifications_0.25_0.005_366	Singlet	pANN_0.25_0.005_366	0.0465116279069767
HRA003620_GATGATCGTCAGCTTA-1_1	HRA003620_NC-27	HRA003620	DF.classifications_0.25_0.005_366	Singlet	pANN_0.25_0.005_366	0.0697674418604651
HRA003620_GATGATCGTCCAAATC-1_1	HRA003620_NC-27	HRA003620	DF.classifications_0.25_0.005_366	Singlet	pANN_0.25_0.005_366	0.395348837209302
HRA003620_GATGATCGTCCCTCAT-1_1	HRA003620_NC-27	HRA003620	DF.classifications_0.25_0.005_366	Singlet	pANN_0.25_0.005_366	0.255813953488372
HRA003620_GATGATCGTCGGCTAC-1_1	HRA003620_NC-27	HRA003620	DF.classifications_0.25_0.005_366	Singlet	pANN_0.25_0.005_366	0.13953488372093
HRA003620_GATGATCTCACCTCGT-1_1	HRA003620_NC-27	HRA003620	DF.classifications_0.25_0.005_366	Doublet	pANN_0.25_0.005_366	0.581395348837209
HRA003620_GATGATCTCGACGAGA-1_1	HRA003620_NC-27	HRA003620	DF.classifications_0.25_0.005_366	Singlet	pANN_0.25_0.005_366	0.27906976744186
HRA003620_GATGATCTCTTCCACG-1_1	HRA003620_NC-27	HRA003620	DF.classifications_0.25_0.005_366	Singlet	pANN_0.25_0.005_366	0.232558139534884
HRA003620_GATGCTAAGGAAGTAG-1_1	HRA003620_NC-27	HRA003620	DF.classifications_0.25_0.005_366	Doublet	pANN_0.25_0.005_366	0.488372093023256
HRA003620_GATGCTAAGGACGCTA-1_1	HRA003620_NC-27	HRA003620	DF.classifications_0.25_0.005_366	Singlet	pANN_0.25_0.005_366	0.186046511627907
HRA003620_GATGCTACAGGTTCAT-1_1	HRA003620_NC-27	HRA003620	DF.classifications_0.25_0.005_366	Singlet	pANN_0.25_0.005_366	0.0930232558139535
HRA003620_GATGCTAGTTAAACAG-1_1	HRA003620_NC-27	HRA003620	DF.classifications_0.25_0.005_366	Singlet	pANN_0.25_0.005_366	0.162790697674419
HRA003620_GATGCTATCTGTGCAA-1_1	HRA003620_NC-27	HRA003620	DF.classifications_0.25_0.005_366	Singlet	pANN_0.25_0.005_366	0.0930232558139535
HRA003620_GATGGAGAGTCATAGA-1_1	HRA003620_NC-27	HRA003620	DF.classifications_0.25_0.005_366	Singlet	pANN_0.25_0.005_366	0.162790697674419
HRA003620_GATGGAGGTAGTCCTA-1_1	HRA003620_NC-27	HRA003620	DF.classifications_0.25_0.005_366	Singlet	pANN_0.25_0.005_366	0.13953488372093
HRA003620_GATGGAGGTTGGAGGT-1_1	HRA003620_NC-27	HRA003620	DF.classifications_0.25_0.005_366	Singlet	pANN_0.25_0.005_366	0.13953488372093
HRA003620_GATGGAGTCAGCACCG-1_1	HRA003620_NC-27	HRA003620	DF.classifications_0.25_0.005_366	Singlet	pANN_0.25_0.005_366	0.302325581395349
HRA003620_GATGTTGCAAGGCAAC-1_1	HRA003620_NC-27	HRA003620	DF.classifications_0.25_0.005_366	Singlet	pANN_0.25_0.005_366	0
HRA003620_GATGTTGCAGCTCATA-1_1	HRA003620_NC-27	HRA003620	DF.classifications_0.25_0.005_366	Singlet	pANN_0.25_0.005_366	0.27906976744186
HRA003620_GATGTTGCATTGACAC-1_1	HRA003620_NC-27	HRA003620	DF.classifications_0.25_0.005_366	Singlet	pANN_0.25_0.005_366	0.0232558139534884
HRA003620_GATGTTGGTATGCGTT-1_1	HRA003620_NC-27	HRA003620	DF.classifications_0.25_0.005_366	Singlet	pANN_0.25_0.005_366	0.186046511627907
HRA003620_GATGTTGGTCAGGCAA-1_1	HRA003620_NC-27	HRA003620	DF.classifications_0.25_0.005_366	Singlet	pANN_0.25_0.005_366	0.186046511627907
HRA003620_GATGTTGGTCGATTTG-1_1	HRA003620_NC-27	HRA003620	DF.classifications_0.25_0.005_366	Singlet	pANN_0.25_0.005_366	0.186046511627907
HRA003620_GATGTTGTCCACAAGT-1_1	HRA003620_NC-27	HRA003620	DF.classifications_0.25_0.005_366	Singlet	pANN_0.25_0.005_366	0.186046511627907
HRA003620_GATGTTGTCCACTAGA-1_1	HRA003620_NC-27	HRA003620	DF.classifications_0.25_0.005_366	Singlet	pANN_0.25_0.005_366	0.372093023255814
HRA003620_GATGTTGTCCTATTGT-1_1	HRA003620_NC-27	HRA003620	DF.classifications_0.25_0.005_366	Singlet	pANN_0.25_0.005_366	0.325581395348837
HRA003620_GATGTTGTCGATGCTA-1_1	HRA003620_NC-27	HRA003620	DF.classifications_0.25_0.005_366	Singlet	pANN_0.25_0.005_366	0.209302325581395
HRA003620_GATGTTGTCGGAAGGT-1_1	HRA003620_NC-27	HRA003620	DF.classifications_0.25_0.005_366	Singlet	pANN_0.25_0.005_366	0.232558139534884
HRA003620_GATGTTGTCGTTCTCG-1_1	HRA003620_NC-27	HRA003620	DF.classifications_0.25_0.005_366	Singlet	pANN_0.25_0.005_366	0.162790697674419
HRA003620_GATTCGAAGCCTCCAG-1_1	HRA003620_NC-27	HRA003620	DF.classifications_0.25_0.005_366	Singlet	pANN_0.25_0.005_366	0.0697674418604651
HRA003620_GATTCGAAGGGAACAA-1_1	HRA003620_NC-27	HRA003620	DF.classifications_0.25_0.005_366	Singlet	pANN_0.25_0.005_366	0.255813953488372
HRA003620_GATTCGACACTATCCC-1_1	HRA003620_NC-27	HRA003620	DF.classifications_0.25_0.005_366	Singlet	pANN_0.25_0.005_366	0.13953488372093
HRA003620_GATTCGACAGAGATTA-1_1	HRA003620_NC-27	HRA003620	DF.classifications_0.25_0.005_366	Singlet	pANN_0.25_0.005_366	0.0930232558139535
HRA003620_GATTCGACAGCTTTGA-1_1	HRA003620_NC-27	HRA003620	DF.classifications_0.25_0.005_366	Singlet	pANN_0.25_0.005_366	0.162790697674419
HRA003620_GATTCGAGTGAGTGAC-1_1	HRA003620_NC-27	HRA003620	DF.classifications_0.25_0.005_366	Singlet	pANN_0.25_0.005_366	0.186046511627907
HRA003620_GATTCGAGTGGCCTCA-1_1	HRA003620_NC-27	HRA003620	DF.classifications_0.25_0.005_366	Singlet	pANN_0.25_0.005_366	0.418604651162791
HRA003620_GATTCGAGTTTCCAAG-1_1	HRA003620_NC-27	HRA003620	DF.classifications_0.25_0.005_366	Singlet	pANN_0.25_0.005_366	0.232558139534884
HRA003620_GATTCGATCATTTGGG-1_1	HRA003620_NC-27	HRA003620	DF.classifications_0.25_0.005_366	Singlet	pANN_0.25_0.005_366	0.27906976744186
HRA003620_GATTCGATCGCGAAGA-1_1	HRA003620_NC-27	HRA003620	DF.classifications_0.25_0.005_366	Singlet	pANN_0.25_0.005_366	0
HRA003620_GATTCGATCGCGTGCA-1_1	HRA003620_NC-27	HRA003620	DF.classifications_0.25_0.005_366	Singlet	pANN_0.25_0.005_366	0.0232558139534884
HRA003620_GATTCGATCTGCTGAA-1_1	HRA003620_NC-27	HRA003620	DF.classifications_0.25_0.005_366	Singlet	pANN_0.25_0.005_366	0.0697674418604651
HRA003620_GATTCTTAGTCGTCTA-1_1	HRA003620_NC-27	HRA003620	DF.classifications_0.25_0.005_366	Singlet	pANN_0.25_0.005_366	0.302325581395349
HRA003620_GATTCTTAGTCTAGAA-1_1	HRA003620_NC-27	HRA003620	DF.classifications_0.25_0.005_366	Singlet	pANN_0.25_0.005_366	0.325581395348837
HRA003620_GATTCTTCACTCCACT-1_1	HRA003620_NC-27	HRA003620	DF.classifications_0.25_0.005_366	Singlet	pANN_0.25_0.005_366	0
HRA003620_GATTCTTGTGGATACG-1_1	HRA003620_NC-27	HRA003620	DF.classifications_0.25_0.005_366	Singlet	pANN_0.25_0.005_366	0.255813953488372
HRA003620_GATTCTTTCGCAAGAG-1_1	HRA003620_NC-27	HRA003620	DF.classifications_0.25_0.005_366	Singlet	pANN_0.25_0.005_366	0.116279069767442
HRA003620_GATTGGTAGAGGTCAC-1_1	HRA003620_NC-27	HRA003620	DF.classifications_0.25_0.005_366	Singlet	pANN_0.25_0.005_366	0.186046511627907
HRA003620_GATTGGTTCGAGAATA-1_1	HRA003620_NC-27	HRA003620	DF.classifications_0.25_0.005_366	Doublet	pANN_0.25_0.005_366	0.534883720930233
HRA003620_GATTGGTTCGTGGCGT-1_1	HRA003620_NC-27	HRA003620	DF.classifications_0.25_0.005_366	Doublet	pANN_0.25_0.005_366	0.790697674418605
HRA003620_GATTGGTTCTCCCATG-1_1	HRA003620_NC-27	HRA003620	DF.classifications_0.25_0.005_366	Singlet	pANN_0.25_0.005_366	0.209302325581395
HRA003620_GATTTCTAGATCACCT-1_1	HRA003620_NC-27	HRA003620	DF.classifications_0.25_0.005_366	Singlet	pANN_0.25_0.005_366	0.0232558139534884
HRA003620_GATTTCTAGGATGGCT-1_1	HRA003620_NC-27	HRA003620	DF.classifications_0.25_0.005_366	Singlet	pANN_0.25_0.005_366	0.232558139534884
HRA003620_GATTTCTAGGCGCTCT-1_1	HRA003620_NC-27	HRA003620	DF.classifications_0.25_0.005_366	Singlet	pANN_0.25_0.005_366	0.162790697674419
HRA003620_GATTTCTAGGTAGATT-1_1	HRA003620_NC-27	HRA003620	DF.classifications_0.25_0.005_366	Singlet	pANN_0.25_0.005_366	0.209302325581395
HRA003620_GATTTCTAGGTCACCC-1_1	HRA003620_NC-27	HRA003620	DF.classifications_0.25_0.005_366	Doublet	pANN_0.25_0.005_366	0.674418604651163
HRA003620_GATTTCTAGTGTACAA-1_1	HRA003620_NC-27	HRA003620	DF.classifications_0.25_0.005_366	Singlet	pANN_0.25_0.005_366	0.162790697674419
HRA003620_GATTTCTCACGCTATA-1_1	HRA003620_NC-27	HRA003620	DF.classifications_0.25_0.005_366	Singlet	pANN_0.25_0.005_366	0.325581395348837
HRA003620_GATTTCTCAGAGGAAA-1_1	HRA003620_NC-27	HRA003620	DF.classifications_0.25_0.005_366	Singlet	pANN_0.25_0.005_366	0.232558139534884
HRA003620_GATTTCTCAGGCATGA-1_1	HRA003620_NC-27	HRA003620	DF.classifications_0.25_0.005_366	Singlet	pANN_0.25_0.005_366	0.27906976744186
HRA003620_GATTTCTGTACAAGTA-1_1	HRA003620_NC-27	HRA003620	DF.classifications_0.25_0.005_366	Singlet	pANN_0.25_0.005_366	0.0465116279069767
HRA003620_GATTTCTGTTAATCGC-1_1	HRA003620_NC-27	HRA003620	DF.classifications_0.25_0.005_366	Singlet	pANN_0.25_0.005_366	0
HRA003620_GATTTCTGTTGCTCCT-1_1	HRA003620_NC-27	HRA003620	DF.classifications_0.25_0.005_366	Singlet	pANN_0.25_0.005_366	0.0232558139534884
HRA003620_GATTTCTTCGCCCAGA-1_1	HRA003620_NC-27	HRA003620	DF.classifications_0.25_0.005_366	Singlet	pANN_0.25_0.005_366	0.0465116279069767
HRA003620_GATTTCTTCTTGAACG-1_1	HRA003620_NC-27	HRA003620	DF.classifications_0.25_0.005_366	Singlet	pANN_0.25_0.005_366	0.0232558139534884
HRA003620_GCAACATAGCAGTCTT-1_1	HRA003620_NC-27	HRA003620	DF.classifications_0.25_0.005_366	Singlet	pANN_0.25_0.005_366	0.232558139534884
HRA003620_GCAACATCAGATCCAT-1_1	HRA003620_NC-27	HRA003620	DF.classifications_0.25_0.005_366	Singlet	pANN_0.25_0.005_366	0.162790697674419
HRA003620_GCAACATGTAACTAAG-1_1	HRA003620_NC-27	HRA003620	DF.classifications_0.25_0.005_366	Singlet	pANN_0.25_0.005_366	0.0232558139534884
HRA003620_GCAACATGTCCGGACT-1_1	HRA003620_NC-27	HRA003620	DF.classifications_0.25_0.005_366	Singlet	pANN_0.25_0.005_366	0.209302325581395
HRA003620_GCAACATGTGGCATCC-1_1	HRA003620_NC-27	HRA003620	DF.classifications_0.25_0.005_366	Singlet	pANN_0.25_0.005_366	0.0930232558139535
HRA003620_GCAACATGTTCGTGCG-1_1	HRA003620_NC-27	HRA003620	DF.classifications_0.25_0.005_366	Singlet	pANN_0.25_0.005_366	0.255813953488372
HRA003620_GCAACATTCTCATTTG-1_1	HRA003620_NC-27	HRA003620	DF.classifications_0.25_0.005_366	Singlet	pANN_0.25_0.005_366	0.162790697674419
HRA003620_GCAACCGAGAGGGTCT-1_1	HRA003620_NC-27	HRA003620	DF.classifications_0.25_0.005_366	Singlet	pANN_0.25_0.005_366	0.255813953488372
HRA003620_GCAACCGGTCAAAGTA-1_1	HRA003620_NC-27	HRA003620	DF.classifications_0.25_0.005_366	Singlet	pANN_0.25_0.005_366	0.0232558139534884
HRA003620_GCAACCGGTTCCAAAC-1_1	HRA003620_NC-27	HRA003620	DF.classifications_0.25_0.005_366	Singlet	pANN_0.25_0.005_366	0
HRA003620_GCACATAAGCACTCAT-1_1	HRA003620_NC-27	HRA003620	DF.classifications_0.25_0.005_366	Singlet	pANN_0.25_0.005_366	0
HRA003620_GCACATAAGCCTCCAG-1_1	HRA003620_NC-27	HRA003620	DF.classifications_0.25_0.005_366	Singlet	pANN_0.25_0.005_366	0.418604651162791
HRA003620_GCACATACAGGAGGAG-1_1	HRA003620_NC-27	HRA003620	DF.classifications_0.25_0.005_366	Singlet	pANN_0.25_0.005_366	0.232558139534884
HRA003620_GCACGGTAGAAAGCGA-1_1	HRA003620_NC-27	HRA003620	DF.classifications_0.25_0.005_366	Singlet	pANN_0.25_0.005_366	0.0930232558139535
HRA003620_GCACGGTGTTAGGAGC-1_1	HRA003620_NC-27	HRA003620	DF.classifications_0.25_0.005_366	Singlet	pANN_0.25_0.005_366	0.162790697674419
HRA003620_GCACGGTTCGTGTGAT-1_1	HRA003620_NC-27	HRA003620	DF.classifications_0.25_0.005_366	Singlet	pANN_0.25_0.005_366	0.209302325581395
HRA003620_GCACGTGAGGGCTAAC-1_1	HRA003620_NC-27	HRA003620	DF.classifications_0.25_0.005_366	Singlet	pANN_0.25_0.005_366	0.162790697674419
HRA003620_GCACGTGCAAGGGTCA-1_1	HRA003620_NC-27	HRA003620	DF.classifications_0.25_0.005_366	Singlet	pANN_0.25_0.005_366	0
HRA003620_GCACGTGGTGGACCAA-1_1	HRA003620_NC-27	HRA003620	DF.classifications_0.25_0.005_366	Singlet	pANN_0.25_0.005_366	0.0232558139534884
HRA003620_GCACTAAAGCGCATCC-1_1	HRA003620_NC-27	HRA003620	DF.classifications_0.25_0.005_366	Singlet	pANN_0.25_0.005_366	0.209302325581395
HRA003620_GCACTAAAGTATTAGG-1_1	HRA003620_NC-27	HRA003620	DF.classifications_0.25_0.005_366	Singlet	pANN_0.25_0.005_366	0.302325581395349
HRA003620_GCACTAACACACAGAG-1_1	HRA003620_NC-27	HRA003620	DF.classifications_0.25_0.005_366	Singlet	pANN_0.25_0.005_366	0.209302325581395
HRA003620_GCACTAACACTTGTCC-1_1	HRA003620_NC-27	HRA003620	DF.classifications_0.25_0.005_366	Singlet	pANN_0.25_0.005_366	0.162790697674419
HRA003620_GCACTAATCTACTGAG-1_1	HRA003620_NC-27	HRA003620	DF.classifications_0.25_0.005_366	Singlet	pANN_0.25_0.005_366	0.255813953488372
HRA003620_GCACTAATCTATCGGA-1_1	HRA003620_NC-27	HRA003620	DF.classifications_0.25_0.005_366	Singlet	pANN_0.25_0.005_366	0
HRA003620_GCACTAATCTGTCGTC-1_1	HRA003620_NC-27	HRA003620	DF.classifications_0.25_0.005_366	Singlet	pANN_0.25_0.005_366	0
HRA003620_GCAGCCAAGAATTGTG-1_1	HRA003620_NC-27	HRA003620	DF.classifications_0.25_0.005_366	Singlet	pANN_0.25_0.005_366	0.13953488372093
HRA003620_GCAGCCACAAACGGCA-1_1	HRA003620_NC-27	HRA003620	DF.classifications_0.25_0.005_366	Singlet	pANN_0.25_0.005_366	0.395348837209302
HRA003620_GCAGCCACAAGAGCTG-1_1	HRA003620_NC-27	HRA003620	DF.classifications_0.25_0.005_366	Singlet	pANN_0.25_0.005_366	0.209302325581395
HRA003620_GCAGCCAGTAAGCTCT-1_1	HRA003620_NC-27	HRA003620	DF.classifications_0.25_0.005_366	Singlet	pANN_0.25_0.005_366	0.302325581395349
HRA003620_GCAGCCAGTTTAGTCG-1_1	HRA003620_NC-27	HRA003620	DF.classifications_0.25_0.005_366	Singlet	pANN_0.25_0.005_366	0.232558139534884
HRA003620_GCAGCCATCACCCTCA-1_1	HRA003620_NC-27	HRA003620	DF.classifications_0.25_0.005_366	Singlet	pANN_0.25_0.005_366	0.255813953488372
HRA003620_GCAGCCATCATCCCGT-1_1	HRA003620_NC-27	HRA003620	DF.classifications_0.25_0.005_366	Singlet	pANN_0.25_0.005_366	0.186046511627907
HRA003620_GCAGCCATCTAAACGC-1_1	HRA003620_NC-27	HRA003620	DF.classifications_0.25_0.005_366	Singlet	pANN_0.25_0.005_366	0.27906976744186
HRA003620_GCAGCTGAGAGGTATT-1_1	HRA003620_NC-27	HRA003620	DF.classifications_0.25_0.005_366	Singlet	pANN_0.25_0.005_366	0.27906976744186
HRA003620_GCAGCTGAGATCGCTT-1_1	HRA003620_NC-27	HRA003620	DF.classifications_0.25_0.005_366	Singlet	pANN_0.25_0.005_366	0.0232558139534884
HRA003620_GCAGCTGAGTCCGCCA-1_1	HRA003620_NC-27	HRA003620	DF.classifications_0.25_0.005_366	Singlet	pANN_0.25_0.005_366	0.232558139534884
HRA003620_GCAGCTGCAACACTAC-1_1	HRA003620_NC-27	HRA003620	DF.classifications_0.25_0.005_366	Singlet	pANN_0.25_0.005_366	0.186046511627907
HRA003620_GCAGCTGCAAGGATGC-1_1	HRA003620_NC-27	HRA003620	DF.classifications_0.25_0.005_366	Singlet	pANN_0.25_0.005_366	0.255813953488372
HRA003620_GCAGCTGGTCCGTACG-1_1	HRA003620_NC-27	HRA003620	DF.classifications_0.25_0.005_366	Singlet	pANN_0.25_0.005_366	0
HRA003620_GCAGCTGTCGAGAACG-1_1	HRA003620_NC-27	HRA003620	DF.classifications_0.25_0.005_366	Singlet	pANN_0.25_0.005_366	0.162790697674419
HRA003620_GCAGCTGTCTCAAAGC-1_1	HRA003620_NC-27	HRA003620	DF.classifications_0.25_0.005_366	Singlet	pANN_0.25_0.005_366	0.162790697674419
HRA003620_GCAGGCTAGAAGTCCG-1_1	HRA003620_NC-27	HRA003620	DF.classifications_0.25_0.005_366	Singlet	pANN_0.25_0.005_366	0.27906976744186
HRA003620_GCAGGCTAGCTGAGCA-1_1	HRA003620_NC-27	HRA003620	DF.classifications_0.25_0.005_366	Singlet	pANN_0.25_0.005_366	0.162790697674419
HRA003620_GCAGGCTAGGAGACCT-1_1	HRA003620_NC-27	HRA003620	DF.classifications_0.25_0.005_366	Singlet	pANN_0.25_0.005_366	0.0930232558139535
HRA003620_GCAGGCTAGGATACAT-1_1	HRA003620_NC-27	HRA003620	DF.classifications_0.25_0.005_366	Singlet	pANN_0.25_0.005_366	0.0465116279069767
HRA003620_GCAGGCTCAATGGGTG-1_1	HRA003620_NC-27	HRA003620	DF.classifications_0.25_0.005_366	Singlet	pANN_0.25_0.005_366	0.27906976744186
HRA003620_GCAGGCTTCCACGGAC-1_1	HRA003620_NC-27	HRA003620	DF.classifications_0.25_0.005_366	Singlet	pANN_0.25_0.005_366	0.116279069767442
HRA003620_GCAGGCTTCTAGGCCG-1_1	HRA003620_NC-27	HRA003620	DF.classifications_0.25_0.005_366	Singlet	pANN_0.25_0.005_366	0.186046511627907
HRA003620_GCAGTTAAGCGATGGT-1_1	HRA003620_NC-27	HRA003620	DF.classifications_0.25_0.005_366	Singlet	pANN_0.25_0.005_366	0
HRA003620_GCAGTTAAGGGATCAC-1_1	HRA003620_NC-27	HRA003620	DF.classifications_0.25_0.005_366	Singlet	pANN_0.25_0.005_366	0.116279069767442
HRA003620_GCAGTTACAGGTCAGA-1_1	HRA003620_NC-27	HRA003620	DF.classifications_0.25_0.005_366	Singlet	pANN_0.25_0.005_366	0.325581395348837
HRA003620_GCAGTTACATGCAGCC-1_1	HRA003620_NC-27	HRA003620	DF.classifications_0.25_0.005_366	Singlet	pANN_0.25_0.005_366	0.116279069767442
HRA003620_GCAGTTAGTCGGTACC-1_1	HRA003620_NC-27	HRA003620	DF.classifications_0.25_0.005_366	Singlet	pANN_0.25_0.005_366	0.255813953488372
HRA003620_GCAGTTATCCTCAGGG-1_1	HRA003620_NC-27	HRA003620	DF.classifications_0.25_0.005_366	Singlet	pANN_0.25_0.005_366	0.0465116279069767
HRA003620_GCATCGGCAGCGACCT-1_1	HRA003620_NC-27	HRA003620	DF.classifications_0.25_0.005_366	Singlet	pANN_0.25_0.005_366	0.325581395348837
HRA003620_GCATCGGTCACGGAGA-1_1	HRA003620_NC-27	HRA003620	DF.classifications_0.25_0.005_366	Singlet	pANN_0.25_0.005_366	0.418604651162791
HRA003620_GCATCTCAGCGTCAGA-1_1	HRA003620_NC-27	HRA003620	DF.classifications_0.25_0.005_366	Singlet	pANN_0.25_0.005_366	0.302325581395349
HRA003620_GCATCTCAGGCTTTCA-1_1	HRA003620_NC-27	HRA003620	DF.classifications_0.25_0.005_366	Doublet	pANN_0.25_0.005_366	0.511627906976744
HRA003620_GCATCTCAGTGGTTAA-1_1	HRA003620_NC-27	HRA003620	DF.classifications_0.25_0.005_366	Singlet	pANN_0.25_0.005_366	0.116279069767442
HRA003620_GCATCTCGTTCGGGTC-1_1	HRA003620_NC-27	HRA003620	DF.classifications_0.25_0.005_366	Singlet	pANN_0.25_0.005_366	0.186046511627907
HRA003620_GCATCTCTCAGCAATC-1_1	HRA003620_NC-27	HRA003620	DF.classifications_0.25_0.005_366	Singlet	pANN_0.25_0.005_366	0.27906976744186
HRA003620_GCATCTCTCCATTCAT-1_1	HRA003620_NC-27	HRA003620	DF.classifications_0.25_0.005_366	Singlet	pANN_0.25_0.005_366	0.232558139534884
HRA003620_GCATCTCTCGAGCCAC-1_1	HRA003620_NC-27	HRA003620	DF.classifications_0.25_0.005_366	Singlet	pANN_0.25_0.005_366	0.186046511627907
HRA003620_GCATCTCTCGCATTAG-1_1	HRA003620_NC-27	HRA003620	DF.classifications_0.25_0.005_366	Singlet	pANN_0.25_0.005_366	0.13953488372093
HRA003620_GCATGATAGCTCTGTA-1_1	HRA003620_NC-27	HRA003620	DF.classifications_0.25_0.005_366	Singlet	pANN_0.25_0.005_366	0.162790697674419
HRA003620_GCATGATAGGGAGGAC-1_1	HRA003620_NC-27	HRA003620	DF.classifications_0.25_0.005_366	Singlet	pANN_0.25_0.005_366	0.0930232558139535
HRA003620_GCATGATAGGTGCCAA-1_1	HRA003620_NC-27	HRA003620	DF.classifications_0.25_0.005_366	Doublet	pANN_0.25_0.005_366	0.813953488372093
HRA003620_GCATGATAGTCTCCTC-1_1	HRA003620_NC-27	HRA003620	DF.classifications_0.25_0.005_366	Singlet	pANN_0.25_0.005_366	0.395348837209302
HRA003620_GCATGATGTAATGCGG-1_1	HRA003620_NC-27	HRA003620	DF.classifications_0.25_0.005_366	Singlet	pANN_0.25_0.005_366	0.186046511627907
HRA003620_GCATGATTCACTTATC-1_1	HRA003620_NC-27	HRA003620	DF.classifications_0.25_0.005_366	Singlet	pANN_0.25_0.005_366	0.209302325581395
HRA003620_GCATGATTCGAAGGAC-1_1	HRA003620_NC-27	HRA003620	DF.classifications_0.25_0.005_366	Singlet	pANN_0.25_0.005_366	0.0930232558139535
HRA003620_GCATGATTCGTTCCCA-1_1	HRA003620_NC-27	HRA003620	DF.classifications_0.25_0.005_366	Singlet	pANN_0.25_0.005_366	0.232558139534884
HRA003620_GCATTAGAGATAGCAT-1_1	HRA003620_NC-27	HRA003620	DF.classifications_0.25_0.005_366	Singlet	pANN_0.25_0.005_366	0.232558139534884
HRA003620_GCATTAGCACTCCGAG-1_1	HRA003620_NC-27	HRA003620	DF.classifications_0.25_0.005_366	Singlet	pANN_0.25_0.005_366	0.325581395348837
HRA003620_GCATTAGCAGACCAGA-1_1	HRA003620_NC-27	HRA003620	DF.classifications_0.25_0.005_366	Singlet	pANN_0.25_0.005_366	0.116279069767442
HRA003620_GCATTAGGTCCGATCG-1_1	HRA003620_NC-27	HRA003620	DF.classifications_0.25_0.005_366	Singlet	pANN_0.25_0.005_366	0.232558139534884
HRA003620_GCATTAGTCGTAGCCG-1_1	HRA003620_NC-27	HRA003620	DF.classifications_0.25_0.005_366	Doublet	pANN_0.25_0.005_366	0.511627906976744
HRA003620_GCCAACGAGATGTTCC-1_1	HRA003620_NC-27	HRA003620	DF.classifications_0.25_0.005_366	Singlet	pANN_0.25_0.005_366	0.232558139534884
HRA003620_GCCAACGAGGTAGTCG-1_1	HRA003620_NC-27	HRA003620	DF.classifications_0.25_0.005_366	Singlet	pANN_0.25_0.005_366	0.255813953488372
HRA003620_GCCAACGAGTCACACT-1_1	HRA003620_NC-27	HRA003620	DF.classifications_0.25_0.005_366	Singlet	pANN_0.25_0.005_366	0.209302325581395
HRA003620_GCCAACGCAACATACC-1_1	HRA003620_NC-27	HRA003620	DF.classifications_0.25_0.005_366	Singlet	pANN_0.25_0.005_366	0.418604651162791
HRA003620_GCCAACGCATAGATCC-1_1	HRA003620_NC-27	HRA003620	DF.classifications_0.25_0.005_366	Singlet	pANN_0.25_0.005_366	0.162790697674419
HRA003620_GCCAACGGTGACAGGT-1_1	HRA003620_NC-27	HRA003620	DF.classifications_0.25_0.005_366	Singlet	pANN_0.25_0.005_366	0.0930232558139535
HRA003620_GCCAACGGTTACACAC-1_1	HRA003620_NC-27	HRA003620	DF.classifications_0.25_0.005_366	Singlet	pANN_0.25_0.005_366	0.418604651162791
HRA003620_GCCAACGTCATTGTTC-1_1	HRA003620_NC-27	HRA003620	DF.classifications_0.25_0.005_366	Singlet	pANN_0.25_0.005_366	0.186046511627907
HRA003620_GCCAACGTCCTGGGAC-1_1	HRA003620_NC-27	HRA003620	DF.classifications_0.25_0.005_366	Singlet	pANN_0.25_0.005_366	0.0697674418604651
HRA003620_GCCAACGTCGGCTCTT-1_1	HRA003620_NC-27	HRA003620	DF.classifications_0.25_0.005_366	Singlet	pANN_0.25_0.005_366	0.0465116279069767
HRA003620_GCCAGCAAGAGGATCC-1_1	HRA003620_NC-27	HRA003620	DF.classifications_0.25_0.005_366	Singlet	pANN_0.25_0.005_366	0.162790697674419
HRA003620_GCCAGCAAGGATGGCT-1_1	HRA003620_NC-27	HRA003620	DF.classifications_0.25_0.005_366	Doublet	pANN_0.25_0.005_366	0.441860465116279
HRA003620_GCCAGCAAGGTGATAT-1_1	HRA003620_NC-27	HRA003620	DF.classifications_0.25_0.005_366	Singlet	pANN_0.25_0.005_366	0
HRA003620_GCCAGCAAGTCATCCA-1_1	HRA003620_NC-27	HRA003620	DF.classifications_0.25_0.005_366	Singlet	pANN_0.25_0.005_366	0.209302325581395
HRA003620_GCCAGCACAGCTACTA-1_1	HRA003620_NC-27	HRA003620	DF.classifications_0.25_0.005_366	Singlet	pANN_0.25_0.005_366	0.255813953488372
HRA003620_GCCAGCACAGTGTATC-1_1	HRA003620_NC-27	HRA003620	DF.classifications_0.25_0.005_366	Singlet	pANN_0.25_0.005_366	0.0930232558139535
HRA003620_GCCAGCAGTAAGATAC-1_1	HRA003620_NC-27	HRA003620	DF.classifications_0.25_0.005_366	Singlet	pANN_0.25_0.005_366	0
HRA003620_GCCAGCAGTAGTCGGA-1_1	HRA003620_NC-27	HRA003620	DF.classifications_0.25_0.005_366	Singlet	pANN_0.25_0.005_366	0.209302325581395
HRA003620_GCCAGCATCGTGAGAG-1_1	HRA003620_NC-27	HRA003620	DF.classifications_0.25_0.005_366	Singlet	pANN_0.25_0.005_366	0
HRA003620_GCCAGGTAGCGGATCA-1_1	HRA003620_NC-27	HRA003620	DF.classifications_0.25_0.005_366	Singlet	pANN_0.25_0.005_366	0.302325581395349
HRA003620_GCCAGGTAGGCTCCCA-1_1	HRA003620_NC-27	HRA003620	DF.classifications_0.25_0.005_366	Singlet	pANN_0.25_0.005_366	0.162790697674419
HRA003620_GCCAGGTAGGGCCTCT-1_1	HRA003620_NC-27	HRA003620	DF.classifications_0.25_0.005_366	Singlet	pANN_0.25_0.005_366	0
HRA003620_GCCAGGTGTTTGAACC-1_1	HRA003620_NC-27	HRA003620	DF.classifications_0.25_0.005_366	Singlet	pANN_0.25_0.005_366	0
HRA003620_GCCAGTGAGAGGCGGA-1_1	HRA003620_NC-27	HRA003620	DF.classifications_0.25_0.005_366	Singlet	pANN_0.25_0.005_366	0.116279069767442
HRA003620_GCCAGTGAGCACACAG-1_1	HRA003620_NC-27	HRA003620	DF.classifications_0.25_0.005_366	Singlet	pANN_0.25_0.005_366	0
HRA003620_GCCAGTGAGCGTCAAG-1_1	HRA003620_NC-27	HRA003620	DF.classifications_0.25_0.005_366	Singlet	pANN_0.25_0.005_366	0.0465116279069767
HRA003620_GCCAGTGCAACCACGC-1_1	HRA003620_NC-27	HRA003620	DF.classifications_0.25_0.005_366	Singlet	pANN_0.25_0.005_366	0.255813953488372
HRA003620_GCCAGTGCAACCGATT-1_1	HRA003620_NC-27	HRA003620	DF.classifications_0.25_0.005_366	Singlet	pANN_0.25_0.005_366	0.27906976744186
HRA003620_GCCAGTGCATTGGCAT-1_1	HRA003620_NC-27	HRA003620	DF.classifications_0.25_0.005_366	Singlet	pANN_0.25_0.005_366	0.232558139534884
HRA003620_GCCAGTGGTTGAGGAC-1_1	HRA003620_NC-27	HRA003620	DF.classifications_0.25_0.005_366	Singlet	pANN_0.25_0.005_366	0.116279069767442
HRA003620_GCCAGTGTCTCTTCAA-1_1	HRA003620_NC-27	HRA003620	DF.classifications_0.25_0.005_366	Singlet	pANN_0.25_0.005_366	0.0465116279069767
HRA003620_GCCATGGAGCATTTGC-1_1	HRA003620_NC-27	HRA003620	DF.classifications_0.25_0.005_366	Singlet	pANN_0.25_0.005_366	0.302325581395349
HRA003620_GCCATGGAGGCCACCT-1_1	HRA003620_NC-27	HRA003620	DF.classifications_0.25_0.005_366	Singlet	pANN_0.25_0.005_366	0.372093023255814
HRA003620_GCCATGGAGGTTGCCC-1_1	HRA003620_NC-27	HRA003620	DF.classifications_0.25_0.005_366	Singlet	pANN_0.25_0.005_366	0.116279069767442
HRA003620_GCCATGGAGTACCCTA-1_1	HRA003620_NC-27	HRA003620	DF.classifications_0.25_0.005_366	Singlet	pANN_0.25_0.005_366	0.0697674418604651
HRA003620_GCCATGGAGTGGCAGT-1_1	HRA003620_NC-27	HRA003620	DF.classifications_0.25_0.005_366	Singlet	pANN_0.25_0.005_366	0.302325581395349
HRA003620_GCCATGGAGTTTCGGT-1_1	HRA003620_NC-27	HRA003620	DF.classifications_0.25_0.005_366	Singlet	pANN_0.25_0.005_366	0
HRA003620_GCCATGGCAACGACAG-1_1	HRA003620_NC-27	HRA003620	DF.classifications_0.25_0.005_366	Singlet	pANN_0.25_0.005_366	0.325581395348837
HRA003620_GCCATGGCAATAGTGA-1_1	HRA003620_NC-27	HRA003620	DF.classifications_0.25_0.005_366	Singlet	pANN_0.25_0.005_366	0.232558139534884
HRA003620_GCCATGGCATCTATCT-1_1	HRA003620_NC-27	HRA003620	DF.classifications_0.25_0.005_366	Singlet	pANN_0.25_0.005_366	0.0697674418604651
HRA003620_GCCATGGGTCCTCATC-1_1	HRA003620_NC-27	HRA003620	DF.classifications_0.25_0.005_366	Singlet	pANN_0.25_0.005_366	0.232558139534884
HRA003620_GCCATGGGTGGATTTC-1_1	HRA003620_NC-27	HRA003620	DF.classifications_0.25_0.005_366	Singlet	pANN_0.25_0.005_366	0.209302325581395
HRA003620_GCCATGGGTGTTCAGT-1_1	HRA003620_NC-27	HRA003620	DF.classifications_0.25_0.005_366	Singlet	pANN_0.25_0.005_366	0.209302325581395
HRA003620_GCCATGGTCACCGGTG-1_1	HRA003620_NC-27	HRA003620	DF.classifications_0.25_0.005_366	Singlet	pANN_0.25_0.005_366	0.372093023255814
HRA003620_GCCATGGTCTTTCAGT-1_1	HRA003620_NC-27	HRA003620	DF.classifications_0.25_0.005_366	Singlet	pANN_0.25_0.005_366	0.162790697674419
HRA003620_GCCATTCAGTGCTACT-1_1	HRA003620_NC-27	HRA003620	DF.classifications_0.25_0.005_366	Singlet	pANN_0.25_0.005_366	0.0930232558139535
HRA003620_GCCATTCCAAATAAGC-1_1	HRA003620_NC-27	HRA003620	DF.classifications_0.25_0.005_366	Singlet	pANN_0.25_0.005_366	0.232558139534884
HRA003620_GCCATTCCACGGATCC-1_1	HRA003620_NC-27	HRA003620	DF.classifications_0.25_0.005_366	Singlet	pANN_0.25_0.005_366	0.0232558139534884
HRA003620_GCCATTCGTTTGGGTT-1_1	HRA003620_NC-27	HRA003620	DF.classifications_0.25_0.005_366	Singlet	pANN_0.25_0.005_366	0.0697674418604651
HRA003620_GCCATTCTCCTTATAC-1_1	HRA003620_NC-27	HRA003620	DF.classifications_0.25_0.005_366	Singlet	pANN_0.25_0.005_366	0.27906976744186
HRA003620_GCCATTCTCTCCCAAC-1_1	HRA003620_NC-27	HRA003620	DF.classifications_0.25_0.005_366	Singlet	pANN_0.25_0.005_366	0.418604651162791
HRA003620_GCCCAGAAGGAAAGTG-1_1	HRA003620_NC-27	HRA003620	DF.classifications_0.25_0.005_366	Singlet	pANN_0.25_0.005_366	0
HRA003620_GCCCAGACAAGTGGTG-1_1	HRA003620_NC-27	HRA003620	DF.classifications_0.25_0.005_366	Singlet	pANN_0.25_0.005_366	0.348837209302326
HRA003620_GCCCAGAGTAGCTAAA-1_1	HRA003620_NC-27	HRA003620	DF.classifications_0.25_0.005_366	Singlet	pANN_0.25_0.005_366	0.232558139534884
HRA003620_GCCCAGAGTCACCGCA-1_1	HRA003620_NC-27	HRA003620	DF.classifications_0.25_0.005_366	Singlet	pANN_0.25_0.005_366	0.255813953488372
HRA003620_GCCCAGAGTGGACTAG-1_1	HRA003620_NC-27	HRA003620	DF.classifications_0.25_0.005_366	Singlet	pANN_0.25_0.005_366	0.27906976744186
HRA003620_GCCCAGATCCTACTGC-1_1	HRA003620_NC-27	HRA003620	DF.classifications_0.25_0.005_366	Singlet	pANN_0.25_0.005_366	0.0930232558139535
HRA003620_GCCCGAAAGACGCTCC-1_1	HRA003620_NC-27	HRA003620	DF.classifications_0.25_0.005_366	Singlet	pANN_0.25_0.005_366	0.0930232558139535
HRA003620_GCCCGAAAGCCATATC-1_1	HRA003620_NC-27	HRA003620	DF.classifications_0.25_0.005_366	Singlet	pANN_0.25_0.005_366	0.255813953488372
HRA003620_GCCCGAAAGCTTTCCC-1_1	HRA003620_NC-27	HRA003620	DF.classifications_0.25_0.005_366	Singlet	pANN_0.25_0.005_366	0.0465116279069767
HRA003620_GCCCGAAAGGCACGAT-1_1	HRA003620_NC-27	HRA003620	DF.classifications_0.25_0.005_366	Singlet	pANN_0.25_0.005_366	0.186046511627907
HRA003620_GCCCGAACAGTGAGCA-1_1	HRA003620_NC-27	HRA003620	DF.classifications_0.25_0.005_366	Singlet	pANN_0.25_0.005_366	0.0232558139534884
HRA003620_GCCCGAACATCGATAC-1_1	HRA003620_NC-27	HRA003620	DF.classifications_0.25_0.005_366	Singlet	pANN_0.25_0.005_366	0.116279069767442
HRA003620_GCCCGAATCTTAGGAC-1_1	HRA003620_NC-27	HRA003620	DF.classifications_0.25_0.005_366	Singlet	pANN_0.25_0.005_366	0.0930232558139535
HRA003620_GCCGATGCAAGTATCC-1_1	HRA003620_NC-27	HRA003620	DF.classifications_0.25_0.005_366	Singlet	pANN_0.25_0.005_366	0.0930232558139535
HRA003620_GCCGATGCACTCTCGT-1_1	HRA003620_NC-27	HRA003620	DF.classifications_0.25_0.005_366	Singlet	pANN_0.25_0.005_366	0.0697674418604651
HRA003620_GCCGATGCAGCCGTTG-1_1	HRA003620_NC-27	HRA003620	DF.classifications_0.25_0.005_366	Doublet	pANN_0.25_0.005_366	0.558139534883721
HRA003620_GCCGATGGTCGCGTCA-1_1	HRA003620_NC-27	HRA003620	DF.classifications_0.25_0.005_366	Singlet	pANN_0.25_0.005_366	0
HRA003620_GCCGATGGTTAAGAAC-1_1	HRA003620_NC-27	HRA003620	DF.classifications_0.25_0.005_366	Singlet	pANN_0.25_0.005_366	0.302325581395349
HRA003620_GCCGATGGTTCAATCG-1_1	HRA003620_NC-27	HRA003620	DF.classifications_0.25_0.005_366	Singlet	pANN_0.25_0.005_366	0.209302325581395
HRA003620_GCCGATGGTTCCTTGC-1_1	HRA003620_NC-27	HRA003620	DF.classifications_0.25_0.005_366	Singlet	pANN_0.25_0.005_366	0.395348837209302
HRA003620_GCCGATGGTTGGACCC-1_1	HRA003620_NC-27	HRA003620	DF.classifications_0.25_0.005_366	Singlet	pANN_0.25_0.005_366	0.325581395348837
HRA003620_GCCGATGTCGGTTGTA-1_1	HRA003620_NC-27	HRA003620	DF.classifications_0.25_0.005_366	Doublet	pANN_0.25_0.005_366	0.441860465116279
HRA003620_GCCGATGTCTTAGCTT-1_1	HRA003620_NC-27	HRA003620	DF.classifications_0.25_0.005_366	Singlet	pANN_0.25_0.005_366	0.162790697674419
HRA003620_GCCGTGAAGAATTCAG-1_1	HRA003620_NC-27	HRA003620	DF.classifications_0.25_0.005_366	Singlet	pANN_0.25_0.005_366	0.255813953488372
HRA003620_GCCGTGACAACCGTAT-1_1	HRA003620_NC-27	HRA003620	DF.classifications_0.25_0.005_366	Singlet	pANN_0.25_0.005_366	0.0232558139534884
HRA003620_GCCGTGACAGATCCAT-1_1	HRA003620_NC-27	HRA003620	DF.classifications_0.25_0.005_366	Singlet	pANN_0.25_0.005_366	0
HRA003620_GCCGTGACAGGCTATT-1_1	HRA003620_NC-27	HRA003620	DF.classifications_0.25_0.005_366	Singlet	pANN_0.25_0.005_366	0.13953488372093
HRA003620_GCCGTGAGTTCACGAT-1_1	HRA003620_NC-27	HRA003620	DF.classifications_0.25_0.005_366	Singlet	pANN_0.25_0.005_366	0.325581395348837
HRA003620_GCCGTGATCTTCACGC-1_1	HRA003620_NC-27	HRA003620	DF.classifications_0.25_0.005_366	Singlet	pANN_0.25_0.005_366	0.302325581395349
HRA003620_GCCTGTTCAAGATGTA-1_1	HRA003620_NC-27	HRA003620	DF.classifications_0.25_0.005_366	Doublet	pANN_0.25_0.005_366	0.465116279069767
HRA003620_GCCTGTTCAGGGTCTC-1_1	HRA003620_NC-27	HRA003620	DF.classifications_0.25_0.005_366	Singlet	pANN_0.25_0.005_366	0.27906976744186
HRA003620_GCCTGTTGTATCACCA-1_1	HRA003620_NC-27	HRA003620	DF.classifications_0.25_0.005_366	Singlet	pANN_0.25_0.005_366	0.186046511627907
HRA003620_GCCTGTTGTGCAGTGA-1_1	HRA003620_NC-27	HRA003620	DF.classifications_0.25_0.005_366	Singlet	pANN_0.25_0.005_366	0.372093023255814
HRA003620_GCCTGTTTCCAGTGCG-1_1	HRA003620_NC-27	HRA003620	DF.classifications_0.25_0.005_366	Singlet	pANN_0.25_0.005_366	0.0930232558139535
HRA003620_GCCTGTTTCTCCCTAG-1_1	HRA003620_NC-27	HRA003620	DF.classifications_0.25_0.005_366	Singlet	pANN_0.25_0.005_366	0.0697674418604651
HRA003620_GCGAGAAAGCACCGTC-1_1	HRA003620_NC-27	HRA003620	DF.classifications_0.25_0.005_366	Singlet	pANN_0.25_0.005_366	0.0930232558139535
HRA003620_GCGAGAAAGCACTTTG-1_1	HRA003620_NC-27	HRA003620	DF.classifications_0.25_0.005_366	Singlet	pANN_0.25_0.005_366	0.0232558139534884
HRA003620_GCGAGAACATACAGGG-1_1	HRA003620_NC-27	HRA003620	DF.classifications_0.25_0.005_366	Singlet	pANN_0.25_0.005_366	0.162790697674419
HRA003620_GCGAGAATCAAGCCCG-1_1	HRA003620_NC-27	HRA003620	DF.classifications_0.25_0.005_366	Singlet	pANN_0.25_0.005_366	0.116279069767442
HRA003620_GCGAGAATCATGAGTC-1_1	HRA003620_NC-27	HRA003620	DF.classifications_0.25_0.005_366	Singlet	pANN_0.25_0.005_366	0.302325581395349
HRA003620_GCGAGAATCTGAGAAA-1_1	HRA003620_NC-27	HRA003620	DF.classifications_0.25_0.005_366	Singlet	pANN_0.25_0.005_366	0.13953488372093
HRA003620_GCGATCGAGAACAAGG-1_1	HRA003620_NC-27	HRA003620	DF.classifications_0.25_0.005_366	Singlet	pANN_0.25_0.005_366	0.13953488372093
HRA003620_GCGATCGAGATTCGCT-1_1	HRA003620_NC-27	HRA003620	DF.classifications_0.25_0.005_366	Singlet	pANN_0.25_0.005_366	0.162790697674419
HRA003620_GCGATCGAGCTGACTT-1_1	HRA003620_NC-27	HRA003620	DF.classifications_0.25_0.005_366	Singlet	pANN_0.25_0.005_366	0.325581395348837
HRA003620_GCGATCGCACAGTGAG-1_1	HRA003620_NC-27	HRA003620	DF.classifications_0.25_0.005_366	Singlet	pANN_0.25_0.005_366	0.186046511627907
HRA003620_GCGATCGCATAGATGA-1_1	HRA003620_NC-27	HRA003620	DF.classifications_0.25_0.005_366	Singlet	pANN_0.25_0.005_366	0.255813953488372
HRA003620_GCGATCGGTAACTAAG-1_1	HRA003620_NC-27	HRA003620	DF.classifications_0.25_0.005_366	Singlet	pANN_0.25_0.005_366	0.0697674418604651
HRA003620_GCGATCGGTCGCAGTC-1_1	HRA003620_NC-27	HRA003620	DF.classifications_0.25_0.005_366	Singlet	pANN_0.25_0.005_366	0.232558139534884
HRA003620_GCGATCGTCTTACACT-1_1	HRA003620_NC-27	HRA003620	DF.classifications_0.25_0.005_366	Singlet	pANN_0.25_0.005_366	0.186046511627907
HRA003620_GCGGAAAAGCCATTGT-1_1	HRA003620_NC-27	HRA003620	DF.classifications_0.25_0.005_366	Singlet	pANN_0.25_0.005_366	0.162790697674419
HRA003620_GCGGAAAAGCGAGAAA-1_1	HRA003620_NC-27	HRA003620	DF.classifications_0.25_0.005_366	Singlet	pANN_0.25_0.005_366	0.0697674418604651
HRA003620_GCGGAAAAGGAGTACC-1_1	HRA003620_NC-27	HRA003620	DF.classifications_0.25_0.005_366	Singlet	pANN_0.25_0.005_366	0.232558139534884
HRA003620_GCGGAAAAGTTCGCAT-1_1	HRA003620_NC-27	HRA003620	DF.classifications_0.25_0.005_366	Singlet	pANN_0.25_0.005_366	0.209302325581395
HRA003620_GCGGAAACAATTTCCT-1_1	HRA003620_NC-27	HRA003620	DF.classifications_0.25_0.005_366	Singlet	pANN_0.25_0.005_366	0.0465116279069767
HRA003620_GCGGAAACACGGCCAT-1_1	HRA003620_NC-27	HRA003620	DF.classifications_0.25_0.005_366	Singlet	pANN_0.25_0.005_366	0.209302325581395
HRA003620_GCGGAAACATGGATCT-1_1	HRA003620_NC-27	HRA003620	DF.classifications_0.25_0.005_366	Singlet	pANN_0.25_0.005_366	0.13953488372093
HRA003620_GCGGAAATCGCCTTTG-1_1	HRA003620_NC-27	HRA003620	DF.classifications_0.25_0.005_366	Singlet	pANN_0.25_0.005_366	0.162790697674419
HRA003620_GCGGATCCATGACTCA-1_1	HRA003620_NC-27	HRA003620	DF.classifications_0.25_0.005_366	Singlet	pANN_0.25_0.005_366	0.209302325581395
HRA003620_GCGGATCGTCTGCGCA-1_1	HRA003620_NC-27	HRA003620	DF.classifications_0.25_0.005_366	Singlet	pANN_0.25_0.005_366	0
HRA003620_GCGTGCAAGGAGTACC-1_1	HRA003620_NC-27	HRA003620	DF.classifications_0.25_0.005_366	Singlet	pANN_0.25_0.005_366	0.0697674418604651
HRA003620_GCGTGCACATCGTCCT-1_1	HRA003620_NC-27	HRA003620	DF.classifications_0.25_0.005_366	Singlet	pANN_0.25_0.005_366	0.255813953488372
HRA003620_GCGTGCAGTACAGAAT-1_1	HRA003620_NC-27	HRA003620	DF.classifications_0.25_0.005_366	Singlet	pANN_0.25_0.005_366	0.13953488372093
HRA003620_GCGTGCAGTAGCGATG-1_1	HRA003620_NC-27	HRA003620	DF.classifications_0.25_0.005_366	Singlet	pANN_0.25_0.005_366	0
HRA003620_GCGTTTCAGCGGACAT-1_1	HRA003620_NC-27	HRA003620	DF.classifications_0.25_0.005_366	Singlet	pANN_0.25_0.005_366	0.116279069767442
HRA003620_GCGTTTCGTGTGTGGA-1_1	HRA003620_NC-27	HRA003620	DF.classifications_0.25_0.005_366	Singlet	pANN_0.25_0.005_366	0.0465116279069767
HRA003620_GCGTTTCGTTGACGGA-1_1	HRA003620_NC-27	HRA003620	DF.classifications_0.25_0.005_366	Singlet	pANN_0.25_0.005_366	0.0465116279069767
HRA003620_GCGTTTCGTTGGCCGT-1_1	HRA003620_NC-27	HRA003620	DF.classifications_0.25_0.005_366	Singlet	pANN_0.25_0.005_366	0.325581395348837
HRA003620_GCGTTTCTCGAGCACC-1_1	HRA003620_NC-27	HRA003620	DF.classifications_0.25_0.005_366	Singlet	pANN_0.25_0.005_366	0.0697674418604651
HRA003620_GCTACAAGTTCGTAAC-1_1	HRA003620_NC-27	HRA003620	DF.classifications_0.25_0.005_366	Singlet	pANN_0.25_0.005_366	0.116279069767442
HRA003620_GCTACAATCACCATCC-1_1	HRA003620_NC-27	HRA003620	DF.classifications_0.25_0.005_366	Singlet	pANN_0.25_0.005_366	0.302325581395349
HRA003620_GCTACAATCCCGAGGT-1_1	HRA003620_NC-27	HRA003620	DF.classifications_0.25_0.005_366	Singlet	pANN_0.25_0.005_366	0.116279069767442
HRA003620_GCTACAATCTTCTAAC-1_1	HRA003620_NC-27	HRA003620	DF.classifications_0.25_0.005_366	Singlet	pANN_0.25_0.005_366	0.13953488372093
HRA003620_GCTACCTAGCCTGGAA-1_1	HRA003620_NC-27	HRA003620	DF.classifications_0.25_0.005_366	Singlet	pANN_0.25_0.005_366	0.162790697674419
HRA003620_GCTACCTCATCGCTCT-1_1	HRA003620_NC-27	HRA003620	DF.classifications_0.25_0.005_366	Singlet	pANN_0.25_0.005_366	0.0232558139534884
HRA003620_GCTACCTCATCTGGGC-1_1	HRA003620_NC-27	HRA003620	DF.classifications_0.25_0.005_366	Singlet	pANN_0.25_0.005_366	0.209302325581395
HRA003620_GCTACCTGTAGAGATT-1_1	HRA003620_NC-27	HRA003620	DF.classifications_0.25_0.005_366	Singlet	pANN_0.25_0.005_366	0.27906976744186
HRA003620_GCTACCTGTCTACATG-1_1	HRA003620_NC-27	HRA003620	DF.classifications_0.25_0.005_366	Singlet	pANN_0.25_0.005_366	0.13953488372093
HRA003620_GCTACCTTCCTTCTTC-1_1	HRA003620_NC-27	HRA003620	DF.classifications_0.25_0.005_366	Singlet	pANN_0.25_0.005_366	0.255813953488372
HRA003620_GCTCAAAAGATAGCAT-1_1	HRA003620_NC-27	HRA003620	DF.classifications_0.25_0.005_366	Doublet	pANN_0.25_0.005_366	0.488372093023256
HRA003620_GCTCAAAAGTTGTACC-1_1	HRA003620_NC-27	HRA003620	DF.classifications_0.25_0.005_366	Singlet	pANN_0.25_0.005_366	0.13953488372093
HRA003620_GCTCAAACACGAGGAT-1_1	HRA003620_NC-27	HRA003620	DF.classifications_0.25_0.005_366	Singlet	pANN_0.25_0.005_366	0.0465116279069767
HRA003620_GCTCAAACACTTCTCG-1_1	HRA003620_NC-27	HRA003620	DF.classifications_0.25_0.005_366	Singlet	pANN_0.25_0.005_366	0.302325581395349
HRA003620_GCTCAAATCCTCATAT-1_1	HRA003620_NC-27	HRA003620	DF.classifications_0.25_0.005_366	Singlet	pANN_0.25_0.005_366	0.0465116279069767
HRA003620_GCTCAAATCGAGAGCA-1_1	HRA003620_NC-27	HRA003620	DF.classifications_0.25_0.005_366	Singlet	pANN_0.25_0.005_366	0.255813953488372
HRA003620_GCTCAAATCGTTCTCG-1_1	HRA003620_NC-27	HRA003620	DF.classifications_0.25_0.005_366	Singlet	pANN_0.25_0.005_366	0.255813953488372
HRA003620_GCTGAATAGGATCATA-1_1	HRA003620_NC-27	HRA003620	DF.classifications_0.25_0.005_366	Singlet	pANN_0.25_0.005_366	0.0697674418604651
HRA003620_GCTGAATCAGAGAGGG-1_1	HRA003620_NC-27	HRA003620	DF.classifications_0.25_0.005_366	Singlet	pANN_0.25_0.005_366	0.348837209302326
HRA003620_GCTGAATCAGGCCTGT-1_1	HRA003620_NC-27	HRA003620	DF.classifications_0.25_0.005_366	Singlet	pANN_0.25_0.005_366	0.0232558139534884
HRA003620_GCTGAATGTAATACCC-1_1	HRA003620_NC-27	HRA003620	DF.classifications_0.25_0.005_366	Singlet	pANN_0.25_0.005_366	0.0930232558139535
HRA003620_GCTGAATGTGAATGAT-1_1	HRA003620_NC-27	HRA003620	DF.classifications_0.25_0.005_366	Singlet	pANN_0.25_0.005_366	0.255813953488372
HRA003620_GCTGAATGTTCAGCTA-1_1	HRA003620_NC-27	HRA003620	DF.classifications_0.25_0.005_366	Singlet	pANN_0.25_0.005_366	0.302325581395349
HRA003620_GCTGAATTCCACACCT-1_1	HRA003620_NC-27	HRA003620	DF.classifications_0.25_0.005_366	Singlet	pANN_0.25_0.005_366	0.0930232558139535
HRA003620_GCTGAATTCGTTAGTG-1_1	HRA003620_NC-27	HRA003620	DF.classifications_0.25_0.005_366	Singlet	pANN_0.25_0.005_366	0.0465116279069767
HRA003620_GCTGCAGAGCAAGTGC-1_1	HRA003620_NC-27	HRA003620	DF.classifications_0.25_0.005_366	Singlet	pANN_0.25_0.005_366	0.232558139534884
HRA003620_GCTGCAGAGCTAGTTC-1_1	HRA003620_NC-27	HRA003620	DF.classifications_0.25_0.005_366	Singlet	pANN_0.25_0.005_366	0.302325581395349
HRA003620_GCTGCAGAGCTGACAG-1_1	HRA003620_NC-27	HRA003620	DF.classifications_0.25_0.005_366	Singlet	pANN_0.25_0.005_366	0.0697674418604651
HRA003620_GCTGCAGAGTTGCCCG-1_1	HRA003620_NC-27	HRA003620	DF.classifications_0.25_0.005_366	Doublet	pANN_0.25_0.005_366	0.604651162790698
HRA003620_GCTGCAGCACGCGTCA-1_1	HRA003620_NC-27	HRA003620	DF.classifications_0.25_0.005_366	Singlet	pANN_0.25_0.005_366	0.372093023255814
HRA003620_GCTGCAGGTCAACACT-1_1	HRA003620_NC-27	HRA003620	DF.classifications_0.25_0.005_366	Singlet	pANN_0.25_0.005_366	0.255813953488372
HRA003620_GCTGCAGGTTTGTTGG-1_1	HRA003620_NC-27	HRA003620	DF.classifications_0.25_0.005_366	Singlet	pANN_0.25_0.005_366	0.0465116279069767
HRA003620_GCTGCAGTCAGCCCAG-1_1	HRA003620_NC-27	HRA003620	DF.classifications_0.25_0.005_366	Singlet	pANN_0.25_0.005_366	0.13953488372093
HRA003620_GCTGCAGTCCAAAGGG-1_1	HRA003620_NC-27	HRA003620	DF.classifications_0.25_0.005_366	Singlet	pANN_0.25_0.005_366	0.186046511627907
HRA003620_GCTGCAGTCGAGTTGT-1_1	HRA003620_NC-27	HRA003620	DF.classifications_0.25_0.005_366	Singlet	pANN_0.25_0.005_366	0.116279069767442
HRA003620_GCTGGGTAGGGATCTG-1_1	HRA003620_NC-27	HRA003620	DF.classifications_0.25_0.005_366	Singlet	pANN_0.25_0.005_366	0
HRA003620_GCTGGGTAGTTTAGGA-1_1	HRA003620_NC-27	HRA003620	DF.classifications_0.25_0.005_366	Singlet	pANN_0.25_0.005_366	0.232558139534884
HRA003620_GCTGGGTGTGAGGAAA-1_1	HRA003620_NC-27	HRA003620	DF.classifications_0.25_0.005_366	Singlet	pANN_0.25_0.005_366	0.0697674418604651
HRA003620_GCTGGGTTCACCTCGT-1_1	HRA003620_NC-27	HRA003620	DF.classifications_0.25_0.005_366	Singlet	pANN_0.25_0.005_366	0.116279069767442
HRA003620_GCTGGGTTCTTCCACG-1_1	HRA003620_NC-27	HRA003620	DF.classifications_0.25_0.005_366	Singlet	pANN_0.25_0.005_366	0.162790697674419
HRA003620_GCTTCACAGAATTGTG-1_1	HRA003620_NC-27	HRA003620	DF.classifications_0.25_0.005_366	Singlet	pANN_0.25_0.005_366	0.0930232558139535
HRA003620_GCTTCACAGATTAGCA-1_1	HRA003620_NC-27	HRA003620	DF.classifications_0.25_0.005_366	Singlet	pANN_0.25_0.005_366	0.162790697674419
HRA003620_GCTTCACAGCAAATGT-1_1	HRA003620_NC-27	HRA003620	DF.classifications_0.25_0.005_366	Singlet	pANN_0.25_0.005_366	0
HRA003620_GCTTCACCAATCTGCA-1_1	HRA003620_NC-27	HRA003620	DF.classifications_0.25_0.005_366	Singlet	pANN_0.25_0.005_366	0.0697674418604651
HRA003620_GCTTCACCACATACTG-1_1	HRA003620_NC-27	HRA003620	DF.classifications_0.25_0.005_366	Singlet	pANN_0.25_0.005_366	0.0465116279069767
HRA003620_GCTTCACCAGGTTCCG-1_1	HRA003620_NC-27	HRA003620	DF.classifications_0.25_0.005_366	Singlet	pANN_0.25_0.005_366	0.255813953488372
HRA003620_GCTTCACCATAATGAG-1_1	HRA003620_NC-27	HRA003620	DF.classifications_0.25_0.005_366	Singlet	pANN_0.25_0.005_366	0.209302325581395
HRA003620_GCTTCACTCTCTGAGA-1_1	HRA003620_NC-27	HRA003620	DF.classifications_0.25_0.005_366	Singlet	pANN_0.25_0.005_366	0.13953488372093
HRA003620_GCTTGGGAGATGGCAC-1_1	HRA003620_NC-27	HRA003620	DF.classifications_0.25_0.005_366	Doublet	pANN_0.25_0.005_366	0.651162790697674
HRA003620_GCTTGGGAGGAACTCG-1_1	HRA003620_NC-27	HRA003620	DF.classifications_0.25_0.005_366	Singlet	pANN_0.25_0.005_366	0.255813953488372
HRA003620_GCTTGGGCAGTGAGCA-1_1	HRA003620_NC-27	HRA003620	DF.classifications_0.25_0.005_366	Singlet	pANN_0.25_0.005_366	0.209302325581395
HRA003620_GCTTGGGGTCGCTCGA-1_1	HRA003620_NC-27	HRA003620	DF.classifications_0.25_0.005_366	Singlet	pANN_0.25_0.005_366	0.13953488372093
HRA003620_GCTTGGGGTCTCCCTA-1_1	HRA003620_NC-27	HRA003620	DF.classifications_0.25_0.005_366	Singlet	pANN_0.25_0.005_366	0.395348837209302
HRA003620_GCTTGGGGTGCAATAA-1_1	HRA003620_NC-27	HRA003620	DF.classifications_0.25_0.005_366	Singlet	pANN_0.25_0.005_366	0.395348837209302
HRA003620_GCTTGGGGTTCTCGCT-1_1	HRA003620_NC-27	HRA003620	DF.classifications_0.25_0.005_366	Singlet	pANN_0.25_0.005_366	0.13953488372093
HRA003620_GCTTGGGTCACCTACC-1_1	HRA003620_NC-27	HRA003620	DF.classifications_0.25_0.005_366	Singlet	pANN_0.25_0.005_366	0.302325581395349
HRA003620_GCTTGGGTCAGGTGTT-1_1	HRA003620_NC-27	HRA003620	DF.classifications_0.25_0.005_366	Singlet	pANN_0.25_0.005_366	0
HRA003620_GCTTTCGAGCGTATGG-1_1	HRA003620_NC-27	HRA003620	DF.classifications_0.25_0.005_366	Singlet	pANN_0.25_0.005_366	0
HRA003620_GCTTTCGAGTGGTTAA-1_1	HRA003620_NC-27	HRA003620	DF.classifications_0.25_0.005_366	Singlet	pANN_0.25_0.005_366	0.0465116279069767
HRA003620_GCTTTCGCAAGAATGT-1_1	HRA003620_NC-27	HRA003620	DF.classifications_0.25_0.005_366	Doublet	pANN_0.25_0.005_366	0.488372093023256
HRA003620_GCTTTCGCAGGGAATC-1_1	HRA003620_NC-27	HRA003620	DF.classifications_0.25_0.005_366	Singlet	pANN_0.25_0.005_366	0.0930232558139535
HRA003620_GCTTTCGGTAGTGATA-1_1	HRA003620_NC-27	HRA003620	DF.classifications_0.25_0.005_366	Singlet	pANN_0.25_0.005_366	0.325581395348837
HRA003620_GCTTTCGGTTTGCAGT-1_1	HRA003620_NC-27	HRA003620	DF.classifications_0.25_0.005_366	Singlet	pANN_0.25_0.005_366	0
HRA003620_GCTTTCGTCCACAGCG-1_1	HRA003620_NC-27	HRA003620	DF.classifications_0.25_0.005_366	Singlet	pANN_0.25_0.005_366	0.0697674418604651
HRA003620_GGAACCCCACAGAAGC-1_1	HRA003620_NC-27	HRA003620	DF.classifications_0.25_0.005_366	Singlet	pANN_0.25_0.005_366	0.186046511627907
HRA003620_GGAACCCCATAGATGA-1_1	HRA003620_NC-27	HRA003620	DF.classifications_0.25_0.005_366	Singlet	pANN_0.25_0.005_366	0.232558139534884
HRA003620_GGAACCCCATGAAGGC-1_1	HRA003620_NC-27	HRA003620	DF.classifications_0.25_0.005_366	Singlet	pANN_0.25_0.005_366	0.209302325581395
HRA003620_GGAACCCTCTCGCTTG-1_1	HRA003620_NC-27	HRA003620	DF.classifications_0.25_0.005_366	Singlet	pANN_0.25_0.005_366	0
HRA003620_GGAACCCTCTGCCTGT-1_1	HRA003620_NC-27	HRA003620	DF.classifications_0.25_0.005_366	Singlet	pANN_0.25_0.005_366	0.0465116279069767
HRA003620_GGAAGTGAGACAACAT-1_1	HRA003620_NC-27	HRA003620	DF.classifications_0.25_0.005_366	Singlet	pANN_0.25_0.005_366	0.255813953488372
HRA003620_GGAAGTGCAACATACC-1_1	HRA003620_NC-27	HRA003620	DF.classifications_0.25_0.005_366	Singlet	pANN_0.25_0.005_366	0.325581395348837
HRA003620_GGAAGTGGTGCAATGG-1_1	HRA003620_NC-27	HRA003620	DF.classifications_0.25_0.005_366	Singlet	pANN_0.25_0.005_366	0.372093023255814
HRA003620_GGAAGTGGTTATTCCT-1_1	HRA003620_NC-27	HRA003620	DF.classifications_0.25_0.005_366	Singlet	pANN_0.25_0.005_366	0.302325581395349
HRA003620_GGAAGTGGTTGTCAGT-1_1	HRA003620_NC-27	HRA003620	DF.classifications_0.25_0.005_366	Singlet	pANN_0.25_0.005_366	0.209302325581395
HRA003620_GGAAGTGTCATTCACT-1_1	HRA003620_NC-27	HRA003620	DF.classifications_0.25_0.005_366	Singlet	pANN_0.25_0.005_366	0.302325581395349
HRA003620_GGAATCTCATAATCCG-1_1	HRA003620_NC-27	HRA003620	DF.classifications_0.25_0.005_366	Singlet	pANN_0.25_0.005_366	0.0465116279069767
HRA003620_GGAATCTGTCTGCCTT-1_1	HRA003620_NC-27	HRA003620	DF.classifications_0.25_0.005_366	Singlet	pANN_0.25_0.005_366	0.27906976744186
HRA003620_GGAATCTGTGATATAG-1_1	HRA003620_NC-27	HRA003620	DF.classifications_0.25_0.005_366	Singlet	pANN_0.25_0.005_366	0.0697674418604651
HRA003620_GGAATCTTCCCAAGCG-1_1	HRA003620_NC-27	HRA003620	DF.classifications_0.25_0.005_366	Singlet	pANN_0.25_0.005_366	0.209302325581395
HRA003620_GGAATGGAGAATCGCG-1_1	HRA003620_NC-27	HRA003620	DF.classifications_0.25_0.005_366	Singlet	pANN_0.25_0.005_366	0.13953488372093
HRA003620_GGAATGGCAATCTAGC-1_1	HRA003620_NC-27	HRA003620	DF.classifications_0.25_0.005_366	Singlet	pANN_0.25_0.005_366	0.186046511627907
HRA003620_GGAATGGCAGGTTCGC-1_1	HRA003620_NC-27	HRA003620	DF.classifications_0.25_0.005_366	Singlet	pANN_0.25_0.005_366	0
HRA003620_GGAATGGCATAAGCGG-1_1	HRA003620_NC-27	HRA003620	DF.classifications_0.25_0.005_366	Singlet	pANN_0.25_0.005_366	0
HRA003620_GGAATGGGTCCATACA-1_1	HRA003620_NC-27	HRA003620	DF.classifications_0.25_0.005_366	Singlet	pANN_0.25_0.005_366	0.0232558139534884
HRA003620_GGAATGGGTTGGGAAC-1_1	HRA003620_NC-27	HRA003620	DF.classifications_0.25_0.005_366	Singlet	pANN_0.25_0.005_366	0.0930232558139535
HRA003620_GGAATGGTCGAGCTGC-1_1	HRA003620_NC-27	HRA003620	DF.classifications_0.25_0.005_366	Singlet	pANN_0.25_0.005_366	0
HRA003620_GGAATGGTCGATACTG-1_1	HRA003620_NC-27	HRA003620	DF.classifications_0.25_0.005_366	Doublet	pANN_0.25_0.005_366	0.697674418604651
HRA003620_GGACGTCAGAGCACTG-1_1	HRA003620_NC-27	HRA003620	DF.classifications_0.25_0.005_366	Singlet	pANN_0.25_0.005_366	0.209302325581395
HRA003620_GGACGTCAGCAGGCAT-1_1	HRA003620_NC-27	HRA003620	DF.classifications_0.25_0.005_366	Singlet	pANN_0.25_0.005_366	0.27906976744186
HRA003620_GGACGTCAGCTGGTGA-1_1	HRA003620_NC-27	HRA003620	DF.classifications_0.25_0.005_366	Singlet	pANN_0.25_0.005_366	0.0930232558139535
HRA003620_GGACGTCAGTCAGCGA-1_1	HRA003620_NC-27	HRA003620	DF.classifications_0.25_0.005_366	Singlet	pANN_0.25_0.005_366	0.255813953488372
HRA003620_GGACGTCAGTCGAGGT-1_1	HRA003620_NC-27	HRA003620	DF.classifications_0.25_0.005_366	Singlet	pANN_0.25_0.005_366	0.0465116279069767
HRA003620_GGACGTCAGTGAGCCA-1_1	HRA003620_NC-27	HRA003620	DF.classifications_0.25_0.005_366	Singlet	pANN_0.25_0.005_366	0.0465116279069767
HRA003620_GGACGTCAGTTACGTC-1_1	HRA003620_NC-27	HRA003620	DF.classifications_0.25_0.005_366	Singlet	pANN_0.25_0.005_366	0.0697674418604651
HRA003620_GGACGTCCATAATCGC-1_1	HRA003620_NC-27	HRA003620	DF.classifications_0.25_0.005_366	Singlet	pANN_0.25_0.005_366	0
HRA003620_GGAGAACAGTCATGGG-1_1	HRA003620_NC-27	HRA003620	DF.classifications_0.25_0.005_366	Singlet	pANN_0.25_0.005_366	0.0465116279069767
HRA003620_GGAGAACCAACCCGCA-1_1	HRA003620_NC-27	HRA003620	DF.classifications_0.25_0.005_366	Doublet	pANN_0.25_0.005_366	0.720930232558139
HRA003620_GGAGAACCAAGTGCAG-1_1	HRA003620_NC-27	HRA003620	DF.classifications_0.25_0.005_366	Singlet	pANN_0.25_0.005_366	0.162790697674419
HRA003620_GGAGAACTCCCAATAG-1_1	HRA003620_NC-27	HRA003620	DF.classifications_0.25_0.005_366	Singlet	pANN_0.25_0.005_366	0.209302325581395
HRA003620_GGAGATGAGGAGGTTC-1_1	HRA003620_NC-27	HRA003620	DF.classifications_0.25_0.005_366	Singlet	pANN_0.25_0.005_366	0.0697674418604651
HRA003620_GGAGATGAGTAGCCAG-1_1	HRA003620_NC-27	HRA003620	DF.classifications_0.25_0.005_366	Singlet	pANN_0.25_0.005_366	0
HRA003620_GGAGATGCAACATCGT-1_1	HRA003620_NC-27	HRA003620	DF.classifications_0.25_0.005_366	Singlet	pANN_0.25_0.005_366	0
HRA003620_GGAGATGCAATTGCCA-1_1	HRA003620_NC-27	HRA003620	DF.classifications_0.25_0.005_366	Singlet	pANN_0.25_0.005_366	0.162790697674419
HRA003620_GGAGATGGTGAATATG-1_1	HRA003620_NC-27	HRA003620	DF.classifications_0.25_0.005_366	Singlet	pANN_0.25_0.005_366	0.348837209302326
HRA003620_GGAGATGGTGACACAG-1_1	HRA003620_NC-27	HRA003620	DF.classifications_0.25_0.005_366	Singlet	pANN_0.25_0.005_366	0.0697674418604651
HRA003620_GGAGCAAAGCAGATAT-1_1	HRA003620_NC-27	HRA003620	DF.classifications_0.25_0.005_366	Singlet	pANN_0.25_0.005_366	0
HRA003620_GGAGCAACAAGTGGAC-1_1	HRA003620_NC-27	HRA003620	DF.classifications_0.25_0.005_366	Singlet	pANN_0.25_0.005_366	0.0697674418604651
HRA003620_GGAGCAACAGGATGAC-1_1	HRA003620_NC-27	HRA003620	DF.classifications_0.25_0.005_366	Singlet	pANN_0.25_0.005_366	0.0465116279069767
HRA003620_GGAGCAACATAGCACT-1_1	HRA003620_NC-27	HRA003620	DF.classifications_0.25_0.005_366	Singlet	pANN_0.25_0.005_366	0.209302325581395
HRA003620_GGAGCAAGTAACAAGT-1_1	HRA003620_NC-27	HRA003620	DF.classifications_0.25_0.005_366	Singlet	pANN_0.25_0.005_366	0.325581395348837
HRA003620_GGAGCAAGTATGTCCA-1_1	HRA003620_NC-27	HRA003620	DF.classifications_0.25_0.005_366	Singlet	pANN_0.25_0.005_366	0.27906976744186
HRA003620_GGAGCAAGTCCAACGC-1_1	HRA003620_NC-27	HRA003620	DF.classifications_0.25_0.005_366	Doublet	pANN_0.25_0.005_366	0.465116279069767
HRA003620_GGAGCAAGTGATGTAA-1_1	HRA003620_NC-27	HRA003620	DF.classifications_0.25_0.005_366	Singlet	pANN_0.25_0.005_366	0.13953488372093
HRA003620_GGAGCAAGTGGCACTC-1_1	HRA003620_NC-27	HRA003620	DF.classifications_0.25_0.005_366	Singlet	pANN_0.25_0.005_366	0.232558139534884
HRA003620_GGAGCAATCCTCCACA-1_1	HRA003620_NC-27	HRA003620	DF.classifications_0.25_0.005_366	Singlet	pANN_0.25_0.005_366	0.186046511627907
HRA003620_GGAGGATCATATGAAG-1_1	HRA003620_NC-27	HRA003620	DF.classifications_0.25_0.005_366	Singlet	pANN_0.25_0.005_366	0.186046511627907
HRA003620_GGAGGATGTAACAAGT-1_1	HRA003620_NC-27	HRA003620	DF.classifications_0.25_0.005_366	Singlet	pANN_0.25_0.005_366	0.0232558139534884
HRA003620_GGAGGATGTACGGGAT-1_1	HRA003620_NC-27	HRA003620	DF.classifications_0.25_0.005_366	Singlet	pANN_0.25_0.005_366	0.116279069767442
HRA003620_GGAGGATTCAAGCCGC-1_1	HRA003620_NC-27	HRA003620	DF.classifications_0.25_0.005_366	Singlet	pANN_0.25_0.005_366	0.232558139534884
HRA003620_GGAGGATTCCATTGCC-1_1	HRA003620_NC-27	HRA003620	DF.classifications_0.25_0.005_366	Singlet	pANN_0.25_0.005_366	0.116279069767442
HRA003620_GGAGGATTCGAAGCCC-1_1	HRA003620_NC-27	HRA003620	DF.classifications_0.25_0.005_366	Singlet	pANN_0.25_0.005_366	0.13953488372093
HRA003620_GGAGGATTCGTCGCTT-1_1	HRA003620_NC-27	HRA003620	DF.classifications_0.25_0.005_366	Singlet	pANN_0.25_0.005_366	0.0697674418604651
HRA003620_GGAGGTAAGAGTCACG-1_1	HRA003620_NC-27	HRA003620	DF.classifications_0.25_0.005_366	Singlet	pANN_0.25_0.005_366	0.13953488372093
HRA003620_GGAGGTAAGCGTCTCG-1_1	HRA003620_NC-27	HRA003620	DF.classifications_0.25_0.005_366	Singlet	pANN_0.25_0.005_366	0.0232558139534884
HRA003620_GGAGGTACAGTTTCAG-1_1	HRA003620_NC-27	HRA003620	DF.classifications_0.25_0.005_366	Singlet	pANN_0.25_0.005_366	0.0930232558139535
HRA003620_GGAGGTATCGGACCAC-1_1	HRA003620_NC-27	HRA003620	DF.classifications_0.25_0.005_366	Singlet	pANN_0.25_0.005_366	0.0930232558139535
HRA003620_GGAGGTATCGGTCACG-1_1	HRA003620_NC-27	HRA003620	DF.classifications_0.25_0.005_366	Singlet	pANN_0.25_0.005_366	0
HRA003620_GGATCTAAGAATAGTC-1_1	HRA003620_NC-27	HRA003620	DF.classifications_0.25_0.005_366	Singlet	pANN_0.25_0.005_366	0.209302325581395
HRA003620_GGATCTACAGGCTACC-1_1	HRA003620_NC-27	HRA003620	DF.classifications_0.25_0.005_366	Singlet	pANN_0.25_0.005_366	0.116279069767442
HRA003620_GGATCTAGTCCCTAAA-1_1	HRA003620_NC-27	HRA003620	DF.classifications_0.25_0.005_366	Singlet	pANN_0.25_0.005_366	0.0930232558139535
HRA003620_GGATCTAGTCGCGTCA-1_1	HRA003620_NC-27	HRA003620	DF.classifications_0.25_0.005_366	Singlet	pANN_0.25_0.005_366	0.0930232558139535
HRA003620_GGATCTATCCTTATAC-1_1	HRA003620_NC-27	HRA003620	DF.classifications_0.25_0.005_366	Singlet	pANN_0.25_0.005_366	0.0930232558139535
HRA003620_GGATCTATCGGTTCAA-1_1	HRA003620_NC-27	HRA003620	DF.classifications_0.25_0.005_366	Singlet	pANN_0.25_0.005_366	0.162790697674419
HRA003620_GGATGTTAGATGCTAA-1_1	HRA003620_NC-27	HRA003620	DF.classifications_0.25_0.005_366	Singlet	pANN_0.25_0.005_366	0.27906976744186
HRA003620_GGATGTTCAGAACTAA-1_1	HRA003620_NC-27	HRA003620	DF.classifications_0.25_0.005_366	Singlet	pANN_0.25_0.005_366	0.0465116279069767
HRA003620_GGCACGTCATAACGGG-1_1	HRA003620_NC-27	HRA003620	DF.classifications_0.25_0.005_366	Singlet	pANN_0.25_0.005_366	0.13953488372093
HRA003620_GGCACGTGTCCTCAGG-1_1	HRA003620_NC-27	HRA003620	DF.classifications_0.25_0.005_366	Singlet	pANN_0.25_0.005_366	0.325581395348837
HRA003620_GGCACGTTCCGGACTG-1_1	HRA003620_NC-27	HRA003620	DF.classifications_0.25_0.005_366	Singlet	pANN_0.25_0.005_366	0.116279069767442
HRA003620_GGCACGTTCGAGCCAC-1_1	HRA003620_NC-27	HRA003620	DF.classifications_0.25_0.005_366	Singlet	pANN_0.25_0.005_366	0.0930232558139535
HRA003620_GGCACGTTCTCGGTAA-1_1	HRA003620_NC-27	HRA003620	DF.classifications_0.25_0.005_366	Singlet	pANN_0.25_0.005_366	0.0465116279069767
HRA003620_GGCAGTCAGAAACACT-1_1	HRA003620_NC-27	HRA003620	DF.classifications_0.25_0.005_366	Singlet	pANN_0.25_0.005_366	0.232558139534884
HRA003620_GGCAGTCAGCCTCACG-1_1	HRA003620_NC-27	HRA003620	DF.classifications_0.25_0.005_366	Singlet	pANN_0.25_0.005_366	0.0930232558139535
HRA003620_GGCAGTCAGGGCAGTT-1_1	HRA003620_NC-27	HRA003620	DF.classifications_0.25_0.005_366	Singlet	pANN_0.25_0.005_366	0.395348837209302
HRA003620_GGCAGTCAGTACCCTA-1_1	HRA003620_NC-27	HRA003620	DF.classifications_0.25_0.005_366	Doublet	pANN_0.25_0.005_366	0.767441860465116
HRA003620_GGCAGTCCACTTACAG-1_1	HRA003620_NC-27	HRA003620	DF.classifications_0.25_0.005_366	Singlet	pANN_0.25_0.005_366	0.0930232558139535
HRA003620_GGCAGTCGTGTGCTTA-1_1	HRA003620_NC-27	HRA003620	DF.classifications_0.25_0.005_366	Singlet	pANN_0.25_0.005_366	0.186046511627907
HRA003620_GGCAGTCTCACCGACG-1_1	HRA003620_NC-27	HRA003620	DF.classifications_0.25_0.005_366	Singlet	pANN_0.25_0.005_366	0.0232558139534884
HRA003620_GGCAGTCTCACTCACC-1_1	HRA003620_NC-27	HRA003620	DF.classifications_0.25_0.005_366	Singlet	pANN_0.25_0.005_366	0.27906976744186
HRA003620_GGCAGTCTCGCCAGTG-1_1	HRA003620_NC-27	HRA003620	DF.classifications_0.25_0.005_366	Singlet	pANN_0.25_0.005_366	0.186046511627907
HRA003620_GGCGTCAAGCACTAGG-1_1	HRA003620_NC-27	HRA003620	DF.classifications_0.25_0.005_366	Singlet	pANN_0.25_0.005_366	0.13953488372093
HRA003620_GGCGTCAAGCGCAATG-1_1	HRA003620_NC-27	HRA003620	DF.classifications_0.25_0.005_366	Singlet	pANN_0.25_0.005_366	0.325581395348837
HRA003620_GGCGTCACACTCTCGT-1_1	HRA003620_NC-27	HRA003620	DF.classifications_0.25_0.005_366	Singlet	pANN_0.25_0.005_366	0.186046511627907
HRA003620_GGCGTCACAGGTCTCG-1_1	HRA003620_NC-27	HRA003620	DF.classifications_0.25_0.005_366	Singlet	pANN_0.25_0.005_366	0.162790697674419
HRA003620_GGCGTCAGTGTCTTCC-1_1	HRA003620_NC-27	HRA003620	DF.classifications_0.25_0.005_366	Singlet	pANN_0.25_0.005_366	0
HRA003620_GGCTGTGAGAGCGACT-1_1	HRA003620_NC-27	HRA003620	DF.classifications_0.25_0.005_366	Singlet	pANN_0.25_0.005_366	0.116279069767442
HRA003620_GGCTGTGAGTAGTCAA-1_1	HRA003620_NC-27	HRA003620	DF.classifications_0.25_0.005_366	Singlet	pANN_0.25_0.005_366	0.116279069767442
HRA003620_GGCTGTGCAAAGCACG-1_1	HRA003620_NC-27	HRA003620	DF.classifications_0.25_0.005_366	Singlet	pANN_0.25_0.005_366	0.0465116279069767
HRA003620_GGCTGTGCACCCTTGT-1_1	HRA003620_NC-27	HRA003620	DF.classifications_0.25_0.005_366	Singlet	pANN_0.25_0.005_366	0.209302325581395
HRA003620_GGCTGTGCATTCACAG-1_1	HRA003620_NC-27	HRA003620	DF.classifications_0.25_0.005_366	Singlet	pANN_0.25_0.005_366	0.348837209302326
HRA003620_GGCTGTGGTACCCGAC-1_1	HRA003620_NC-27	HRA003620	DF.classifications_0.25_0.005_366	Singlet	pANN_0.25_0.005_366	0
HRA003620_GGCTGTGGTTAAGGAT-1_1	HRA003620_NC-27	HRA003620	DF.classifications_0.25_0.005_366	Singlet	pANN_0.25_0.005_366	0.0930232558139535
HRA003620_GGCTGTGTCAAGATAG-1_1	HRA003620_NC-27	HRA003620	DF.classifications_0.25_0.005_366	Singlet	pANN_0.25_0.005_366	0.116279069767442
HRA003620_GGCTGTGTCTCCGAAA-1_1	HRA003620_NC-27	HRA003620	DF.classifications_0.25_0.005_366	Doublet	pANN_0.25_0.005_366	0.465116279069767
HRA003620_GGCTTGGAGAATCGCG-1_1	HRA003620_NC-27	HRA003620	DF.classifications_0.25_0.005_366	Singlet	pANN_0.25_0.005_366	0.186046511627907
HRA003620_GGCTTGGAGATGCTAA-1_1	HRA003620_NC-27	HRA003620	DF.classifications_0.25_0.005_366	Singlet	pANN_0.25_0.005_366	0.0232558139534884
HRA003620_GGCTTGGAGCTGAAGC-1_1	HRA003620_NC-27	HRA003620	DF.classifications_0.25_0.005_366	Singlet	pANN_0.25_0.005_366	0.0697674418604651
HRA003620_GGCTTGGAGGGCAGGA-1_1	HRA003620_NC-27	HRA003620	DF.classifications_0.25_0.005_366	Singlet	pANN_0.25_0.005_366	0.116279069767442
HRA003620_GGCTTGGCACCAGCCA-1_1	HRA003620_NC-27	HRA003620	DF.classifications_0.25_0.005_366	Singlet	pANN_0.25_0.005_366	0.209302325581395
HRA003620_GGCTTGGGTTATCCAG-1_1	HRA003620_NC-27	HRA003620	DF.classifications_0.25_0.005_366	Singlet	pANN_0.25_0.005_366	0.0930232558139535
HRA003620_GGCTTTCAGGAGGTTC-1_1	HRA003620_NC-27	HRA003620	DF.classifications_0.25_0.005_366	Singlet	pANN_0.25_0.005_366	0.0232558139534884
HRA003620_GGCTTTCAGTCCGCGT-1_1	HRA003620_NC-27	HRA003620	DF.classifications_0.25_0.005_366	Singlet	pANN_0.25_0.005_366	0.372093023255814
HRA003620_GGCTTTCCAACCTAAC-1_1	HRA003620_NC-27	HRA003620	DF.classifications_0.25_0.005_366	Singlet	pANN_0.25_0.005_366	0.27906976744186
HRA003620_GGCTTTCCAAGGTTGG-1_1	HRA003620_NC-27	HRA003620	DF.classifications_0.25_0.005_366	Singlet	pANN_0.25_0.005_366	0.255813953488372
HRA003620_GGCTTTCCATGACAAA-1_1	HRA003620_NC-27	HRA003620	DF.classifications_0.25_0.005_366	Singlet	pANN_0.25_0.005_366	0.0697674418604651
HRA003620_GGCTTTCGTTCACCGG-1_1	HRA003620_NC-27	HRA003620	DF.classifications_0.25_0.005_366	Singlet	pANN_0.25_0.005_366	0.0697674418604651
HRA003620_GGCTTTCTCCGGCAAC-1_1	HRA003620_NC-27	HRA003620	DF.classifications_0.25_0.005_366	Singlet	pANN_0.25_0.005_366	0.232558139534884
HRA003620_GGGAAGTAGAGTCTTC-1_1	HRA003620_NC-27	HRA003620	DF.classifications_0.25_0.005_366	Singlet	pANN_0.25_0.005_366	0
HRA003620_GGGAAGTAGCCAACCC-1_1	HRA003620_NC-27	HRA003620	DF.classifications_0.25_0.005_366	Singlet	pANN_0.25_0.005_366	0.0697674418604651
HRA003620_GGGAAGTGTGTCCACG-1_1	HRA003620_NC-27	HRA003620	DF.classifications_0.25_0.005_366	Singlet	pANN_0.25_0.005_366	0.27906976744186
HRA003620_GGGACAAAGGGCAATC-1_1	HRA003620_NC-27	HRA003620	DF.classifications_0.25_0.005_366	Singlet	pANN_0.25_0.005_366	0.0930232558139535
HRA003620_GGGACAAAGGTAACTA-1_1	HRA003620_NC-27	HRA003620	DF.classifications_0.25_0.005_366	Singlet	pANN_0.25_0.005_366	0.27906976744186
HRA003620_GGGACAAGTTATCTGG-1_1	HRA003620_NC-27	HRA003620	DF.classifications_0.25_0.005_366	Singlet	pANN_0.25_0.005_366	0.162790697674419
HRA003620_GGGACAATCGAACTCA-1_1	HRA003620_NC-27	HRA003620	DF.classifications_0.25_0.005_366	Doublet	pANN_0.25_0.005_366	0.488372093023256
HRA003620_GGGACAATCGCATTGA-1_1	HRA003620_NC-27	HRA003620	DF.classifications_0.25_0.005_366	Singlet	pANN_0.25_0.005_366	0.325581395348837
HRA003620_GGGACAATCTCAATCT-1_1	HRA003620_NC-27	HRA003620	DF.classifications_0.25_0.005_366	Singlet	pANN_0.25_0.005_366	0.13953488372093
HRA003620_GGGACAATCTGTAAGC-1_1	HRA003620_NC-27	HRA003620	DF.classifications_0.25_0.005_366	Singlet	pANN_0.25_0.005_366	0.232558139534884
HRA003620_GGGACCTAGCATCTTG-1_1	HRA003620_NC-27	HRA003620	DF.classifications_0.25_0.005_366	Singlet	pANN_0.25_0.005_366	0.209302325581395
HRA003620_GGGACCTAGCGTTGTT-1_1	HRA003620_NC-27	HRA003620	DF.classifications_0.25_0.005_366	Singlet	pANN_0.25_0.005_366	0.13953488372093
HRA003620_GGGACCTCAGAGAATT-1_1	HRA003620_NC-27	HRA003620	DF.classifications_0.25_0.005_366	Singlet	pANN_0.25_0.005_366	0.116279069767442
HRA003620_GGGACCTCATAGATCC-1_1	HRA003620_NC-27	HRA003620	DF.classifications_0.25_0.005_366	Singlet	pANN_0.25_0.005_366	0.209302325581395
HRA003620_GGGACCTGTCCAGAAG-1_1	HRA003620_NC-27	HRA003620	DF.classifications_0.25_0.005_366	Singlet	pANN_0.25_0.005_366	0.116279069767442
HRA003620_GGGACCTGTTATGGTC-1_1	HRA003620_NC-27	HRA003620	DF.classifications_0.25_0.005_366	Singlet	pANN_0.25_0.005_366	0.0465116279069767
HRA003620_GGGACCTTCGCTCTCA-1_1	HRA003620_NC-27	HRA003620	DF.classifications_0.25_0.005_366	Singlet	pANN_0.25_0.005_366	0.418604651162791
HRA003620_GGGACTCAGAAGGTAG-1_1	HRA003620_NC-27	HRA003620	DF.classifications_0.25_0.005_366	Singlet	pANN_0.25_0.005_366	0
HRA003620_GGGACTCAGGAATCGC-1_1	HRA003620_NC-27	HRA003620	DF.classifications_0.25_0.005_366	Singlet	pANN_0.25_0.005_366	0.325581395348837
HRA003620_GGGACTCCAGTCTTCC-1_1	HRA003620_NC-27	HRA003620	DF.classifications_0.25_0.005_366	Singlet	pANN_0.25_0.005_366	0.255813953488372
HRA003620_GGGACTCGTGGATACG-1_1	HRA003620_NC-27	HRA003620	DF.classifications_0.25_0.005_366	Singlet	pANN_0.25_0.005_366	0.209302325581395
HRA003620_GGGACTCTCTGGTGCG-1_1	HRA003620_NC-27	HRA003620	DF.classifications_0.25_0.005_366	Singlet	pANN_0.25_0.005_366	0.232558139534884
HRA003620_GGGAGATAGGATTTAG-1_1	HRA003620_NC-27	HRA003620	DF.classifications_0.25_0.005_366	Singlet	pANN_0.25_0.005_366	0.116279069767442
HRA003620_GGGAGATCACGTGAGA-1_1	HRA003620_NC-27	HRA003620	DF.classifications_0.25_0.005_366	Singlet	pANN_0.25_0.005_366	0.116279069767442
HRA003620_GGGAGATCATCACCAA-1_1	HRA003620_NC-27	HRA003620	DF.classifications_0.25_0.005_366	Singlet	pANN_0.25_0.005_366	0.186046511627907
HRA003620_GGGAGATGTGCTCTCT-1_1	HRA003620_NC-27	HRA003620	DF.classifications_0.25_0.005_366	Singlet	pANN_0.25_0.005_366	0.0930232558139535
HRA003620_GGGAGATTCGGCCCAA-1_1	HRA003620_NC-27	HRA003620	DF.classifications_0.25_0.005_366	Singlet	pANN_0.25_0.005_366	0.0465116279069767
HRA003620_GGGAGTAAGACATAGT-1_1	HRA003620_NC-27	HRA003620	DF.classifications_0.25_0.005_366	Doublet	pANN_0.25_0.005_366	0.441860465116279
HRA003620_GGGAGTAAGTAGCATA-1_1	HRA003620_NC-27	HRA003620	DF.classifications_0.25_0.005_366	Singlet	pANN_0.25_0.005_366	0.27906976744186
HRA003620_GGGAGTAAGTGAATAC-1_1	HRA003620_NC-27	HRA003620	DF.classifications_0.25_0.005_366	Singlet	pANN_0.25_0.005_366	0.0697674418604651
HRA003620_GGGAGTAGTAAGCGGT-1_1	HRA003620_NC-27	HRA003620	DF.classifications_0.25_0.005_366	Doublet	pANN_0.25_0.005_366	0.534883720930233
HRA003620_GGGAGTAGTACATACC-1_1	HRA003620_NC-27	HRA003620	DF.classifications_0.25_0.005_366	Singlet	pANN_0.25_0.005_366	0.162790697674419
HRA003620_GGGAGTAGTGCCCAGT-1_1	HRA003620_NC-27	HRA003620	DF.classifications_0.25_0.005_366	Singlet	pANN_0.25_0.005_366	0.232558139534884
HRA003620_GGGAGTAGTGCGGTAA-1_1	HRA003620_NC-27	HRA003620	DF.classifications_0.25_0.005_366	Singlet	pANN_0.25_0.005_366	0.348837209302326
HRA003620_GGGAGTATCAGAGCGA-1_1	HRA003620_NC-27	HRA003620	DF.classifications_0.25_0.005_366	Singlet	pANN_0.25_0.005_366	0.0232558139534884
HRA003620_GGGAGTATCCGAGGCT-1_1	HRA003620_NC-27	HRA003620	DF.classifications_0.25_0.005_366	Doublet	pANN_0.25_0.005_366	0.488372093023256
HRA003620_GGGAGTATCGAGCCTG-1_1	HRA003620_NC-27	HRA003620	DF.classifications_0.25_0.005_366	Singlet	pANN_0.25_0.005_366	0.162790697674419
HRA003620_GGGAGTATCGGAGATG-1_1	HRA003620_NC-27	HRA003620	DF.classifications_0.25_0.005_366	Singlet	pANN_0.25_0.005_366	0.0465116279069767
HRA003620_GGGATCCAGAGGACTC-1_1	HRA003620_NC-27	HRA003620	DF.classifications_0.25_0.005_366	Singlet	pANN_0.25_0.005_366	0
HRA003620_GGGATCCAGGCCTGCT-1_1	HRA003620_NC-27	HRA003620	DF.classifications_0.25_0.005_366	Singlet	pANN_0.25_0.005_366	0.232558139534884
HRA003620_GGGATCCCAAAGTATG-1_1	HRA003620_NC-27	HRA003620	DF.classifications_0.25_0.005_366	Singlet	pANN_0.25_0.005_366	0.209302325581395
HRA003620_GGGATCCCATCGCTGG-1_1	HRA003620_NC-27	HRA003620	DF.classifications_0.25_0.005_366	Singlet	pANN_0.25_0.005_366	0.186046511627907
HRA003620_GGGATCCGTGATAGTA-1_1	HRA003620_NC-27	HRA003620	DF.classifications_0.25_0.005_366	Singlet	pANN_0.25_0.005_366	0.27906976744186
HRA003620_GGGATCCGTGTCTTCC-1_1	HRA003620_NC-27	HRA003620	DF.classifications_0.25_0.005_366	Singlet	pANN_0.25_0.005_366	0.186046511627907
HRA003620_GGGATCCTCTGCTCTG-1_1	HRA003620_NC-27	HRA003620	DF.classifications_0.25_0.005_366	Singlet	pANN_0.25_0.005_366	0.162790697674419
HRA003620_GGGATCCTCTTCGGAA-1_1	HRA003620_NC-27	HRA003620	DF.classifications_0.25_0.005_366	Singlet	pANN_0.25_0.005_366	0.232558139534884
HRA003620_GGGATGAAGAAGTCAT-1_1	HRA003620_NC-27	HRA003620	DF.classifications_0.25_0.005_366	Doublet	pANN_0.25_0.005_366	0.837209302325581
HRA003620_GGGATGACAATCAAGA-1_1	HRA003620_NC-27	HRA003620	DF.classifications_0.25_0.005_366	Singlet	pANN_0.25_0.005_366	0.27906976744186
HRA003620_GGGATGACACTGTGTA-1_1	HRA003620_NC-27	HRA003620	DF.classifications_0.25_0.005_366	Singlet	pANN_0.25_0.005_366	0.0232558139534884
HRA003620_GGGATGAGTCAACGCC-1_1	HRA003620_NC-27	HRA003620	DF.classifications_0.25_0.005_366	Singlet	pANN_0.25_0.005_366	0.0697674418604651
HRA003620_GGGATGAGTCGTAATC-1_1	HRA003620_NC-27	HRA003620	DF.classifications_0.25_0.005_366	Singlet	pANN_0.25_0.005_366	0.0465116279069767
HRA003620_GGGATGATCACGGTCG-1_1	HRA003620_NC-27	HRA003620	DF.classifications_0.25_0.005_366	Singlet	pANN_0.25_0.005_366	0.116279069767442
HRA003620_GGGATGATCTTCGACC-1_1	HRA003620_NC-27	HRA003620	DF.classifications_0.25_0.005_366	Singlet	pANN_0.25_0.005_366	0
HRA003620_GGGCCATCACCACATA-1_1	HRA003620_NC-27	HRA003620	DF.classifications_0.25_0.005_366	Singlet	pANN_0.25_0.005_366	0.325581395348837
HRA003620_GGGCCATGTGAATATG-1_1	HRA003620_NC-27	HRA003620	DF.classifications_0.25_0.005_366	Singlet	pANN_0.25_0.005_366	0.395348837209302
HRA003620_GGGCGTTAGAAACACT-1_1	HRA003620_NC-27	HRA003620	DF.classifications_0.25_0.005_366	Singlet	pANN_0.25_0.005_366	0.0930232558139535
HRA003620_GGGCGTTAGAGCATCG-1_1	HRA003620_NC-27	HRA003620	DF.classifications_0.25_0.005_366	Singlet	pANN_0.25_0.005_366	0
HRA003620_GGGCGTTCAGATCCAT-1_1	HRA003620_NC-27	HRA003620	DF.classifications_0.25_0.005_366	Singlet	pANN_0.25_0.005_366	0.186046511627907
HRA003620_GGGCGTTCATCAGTGT-1_1	HRA003620_NC-27	HRA003620	DF.classifications_0.25_0.005_366	Singlet	pANN_0.25_0.005_366	0.372093023255814
HRA003620_GGGCGTTGTCCAGAAG-1_1	HRA003620_NC-27	HRA003620	DF.classifications_0.25_0.005_366	Singlet	pANN_0.25_0.005_366	0.0232558139534884
HRA003620_GGGCGTTGTTCGAACT-1_1	HRA003620_NC-27	HRA003620	DF.classifications_0.25_0.005_366	Singlet	pANN_0.25_0.005_366	0.209302325581395
HRA003620_GGGCTACAGTACGAGC-1_1	HRA003620_NC-27	HRA003620	DF.classifications_0.25_0.005_366	Singlet	pANN_0.25_0.005_366	0.302325581395349
HRA003620_GGGCTACGTACTGCCG-1_1	HRA003620_NC-27	HRA003620	DF.classifications_0.25_0.005_366	Singlet	pANN_0.25_0.005_366	0.0930232558139535
HRA003620_GGGCTCAAGCTCCATA-1_1	HRA003620_NC-27	HRA003620	DF.classifications_0.25_0.005_366	Singlet	pANN_0.25_0.005_366	0.116279069767442
HRA003620_GGGCTCAAGGCTAACG-1_1	HRA003620_NC-27	HRA003620	DF.classifications_0.25_0.005_366	Singlet	pANN_0.25_0.005_366	0.116279069767442
HRA003620_GGGCTCATCGAATGCT-1_1	HRA003620_NC-27	HRA003620	DF.classifications_0.25_0.005_366	Singlet	pANN_0.25_0.005_366	0.0232558139534884
HRA003620_GGGCTCATCTAACGCA-1_1	HRA003620_NC-27	HRA003620	DF.classifications_0.25_0.005_366	Singlet	pANN_0.25_0.005_366	0.116279069767442
HRA003620_GGGCTCATCTGGACCG-1_1	HRA003620_NC-27	HRA003620	DF.classifications_0.25_0.005_366	Singlet	pANN_0.25_0.005_366	0.186046511627907
HRA003620_GGGTAGAAGCAGATAT-1_1	HRA003620_NC-27	HRA003620	DF.classifications_0.25_0.005_366	Singlet	pANN_0.25_0.005_366	0.0465116279069767
HRA003620_GGGTAGAAGCATTTGC-1_1	HRA003620_NC-27	HRA003620	DF.classifications_0.25_0.005_366	Singlet	pANN_0.25_0.005_366	0.116279069767442
HRA003620_GGGTAGAAGCGTCTCG-1_1	HRA003620_NC-27	HRA003620	DF.classifications_0.25_0.005_366	Singlet	pANN_0.25_0.005_366	0.0697674418604651
HRA003620_GGGTAGAAGCTGACCC-1_1	HRA003620_NC-27	HRA003620	DF.classifications_0.25_0.005_366	Singlet	pANN_0.25_0.005_366	0.0697674418604651
HRA003620_GGGTAGAAGGGTCACA-1_1	HRA003620_NC-27	HRA003620	DF.classifications_0.25_0.005_366	Singlet	pANN_0.25_0.005_366	0.116279069767442
HRA003620_GGGTAGAAGTACAACA-1_1	HRA003620_NC-27	HRA003620	DF.classifications_0.25_0.005_366	Singlet	pANN_0.25_0.005_366	0.186046511627907
HRA003620_GGGTAGACACGTCGTG-1_1	HRA003620_NC-27	HRA003620	DF.classifications_0.25_0.005_366	Singlet	pANN_0.25_0.005_366	0
HRA003620_GGGTAGACAGGTTACT-1_1	HRA003620_NC-27	HRA003620	DF.classifications_0.25_0.005_366	Singlet	pANN_0.25_0.005_366	0.0697674418604651
HRA003620_GGGTAGAGTGCCTTTC-1_1	HRA003620_NC-27	HRA003620	DF.classifications_0.25_0.005_366	Singlet	pANN_0.25_0.005_366	0.418604651162791
HRA003620_GGGTAGAGTTGTTGCA-1_1	HRA003620_NC-27	HRA003620	DF.classifications_0.25_0.005_366	Doublet	pANN_0.25_0.005_366	0.465116279069767
HRA003620_GGGTAGAGTTTACCAG-1_1	HRA003620_NC-27	HRA003620	DF.classifications_0.25_0.005_366	Singlet	pANN_0.25_0.005_366	0.116279069767442
HRA003620_GGGTAGATCGATGGAG-1_1	HRA003620_NC-27	HRA003620	DF.classifications_0.25_0.005_366	Singlet	pANN_0.25_0.005_366	0.162790697674419
HRA003620_GGGTAGATCGTGCGAC-1_1	HRA003620_NC-27	HRA003620	DF.classifications_0.25_0.005_366	Singlet	pANN_0.25_0.005_366	0.0930232558139535
HRA003620_GGGTATTAGAGAGGGC-1_1	HRA003620_NC-27	HRA003620	DF.classifications_0.25_0.005_366	Singlet	pANN_0.25_0.005_366	0.325581395348837
HRA003620_GGGTATTAGCGTATAA-1_1	HRA003620_NC-27	HRA003620	DF.classifications_0.25_0.005_366	Singlet	pANN_0.25_0.005_366	0.255813953488372
HRA003620_GGGTATTGTGACACGA-1_1	HRA003620_NC-27	HRA003620	DF.classifications_0.25_0.005_366	Singlet	pANN_0.25_0.005_366	0.162790697674419
HRA003620_GGGTCACAGATGATTG-1_1	HRA003620_NC-27	HRA003620	DF.classifications_0.25_0.005_366	Singlet	pANN_0.25_0.005_366	0.162790697674419
HRA003620_GGGTCACAGCTGACCC-1_1	HRA003620_NC-27	HRA003620	DF.classifications_0.25_0.005_366	Singlet	pANN_0.25_0.005_366	0.209302325581395
HRA003620_GGGTCACAGTCACGCC-1_1	HRA003620_NC-27	HRA003620	DF.classifications_0.25_0.005_366	Singlet	pANN_0.25_0.005_366	0.186046511627907
HRA003620_GGGTCACAGTCCGTCG-1_1	HRA003620_NC-27	HRA003620	DF.classifications_0.25_0.005_366	Singlet	pANN_0.25_0.005_366	0.186046511627907
HRA003620_GGGTCACCACACGGTC-1_1	HRA003620_NC-27	HRA003620	DF.classifications_0.25_0.005_366	Singlet	pANN_0.25_0.005_366	0.0697674418604651
HRA003620_GGGTCACTCGGCACTG-1_1	HRA003620_NC-27	HRA003620	DF.classifications_0.25_0.005_366	Singlet	pANN_0.25_0.005_366	0.0232558139534884
HRA003620_GGGTCTGCACGCGTCA-1_1	HRA003620_NC-27	HRA003620	DF.classifications_0.25_0.005_366	Singlet	pANN_0.25_0.005_366	0
HRA003620_GGGTCTGCAGACGGAT-1_1	HRA003620_NC-27	HRA003620	DF.classifications_0.25_0.005_366	Singlet	pANN_0.25_0.005_366	0.0232558139534884
HRA003620_GGGTCTGTCGTCACCT-1_1	HRA003620_NC-27	HRA003620	DF.classifications_0.25_0.005_366	Singlet	pANN_0.25_0.005_366	0.162790697674419
HRA003620_GGGTCTGTCTGGCCTT-1_1	HRA003620_NC-27	HRA003620	DF.classifications_0.25_0.005_366	Singlet	pANN_0.25_0.005_366	0.13953488372093
HRA003620_GGGTGAAGTGGAAGTC-1_1	HRA003620_NC-27	HRA003620	DF.classifications_0.25_0.005_366	Singlet	pANN_0.25_0.005_366	0
HRA003620_GGGTGAATCCCTTGGT-1_1	HRA003620_NC-27	HRA003620	DF.classifications_0.25_0.005_366	Singlet	pANN_0.25_0.005_366	0.162790697674419
HRA003620_GGGTGTCAGTATGAAC-1_1	HRA003620_NC-27	HRA003620	DF.classifications_0.25_0.005_366	Singlet	pANN_0.25_0.005_366	0.27906976744186
HRA003620_GGGTGTCCATGGAATA-1_1	HRA003620_NC-27	HRA003620	DF.classifications_0.25_0.005_366	Singlet	pANN_0.25_0.005_366	0.209302325581395
HRA003620_GGGTGTCGTCTTTCTA-1_1	HRA003620_NC-27	HRA003620	DF.classifications_0.25_0.005_366	Singlet	pANN_0.25_0.005_366	0.209302325581395
HRA003620_GGGTGTCTCAGGACGA-1_1	HRA003620_NC-27	HRA003620	DF.classifications_0.25_0.005_366	Doublet	pANN_0.25_0.005_366	0.441860465116279
HRA003620_GGGTGTCTCTCCAAGA-1_1	HRA003620_NC-27	HRA003620	DF.classifications_0.25_0.005_366	Singlet	pANN_0.25_0.005_366	0.162790697674419
HRA003620_GGGTTATAGGTTAGTA-1_1	HRA003620_NC-27	HRA003620	DF.classifications_0.25_0.005_366	Singlet	pANN_0.25_0.005_366	0.209302325581395
HRA003620_GGGTTATGTTACGTAC-1_1	HRA003620_NC-27	HRA003620	DF.classifications_0.25_0.005_366	Singlet	pANN_0.25_0.005_366	0.255813953488372
HRA003620_GGGTTATGTTCTCCCA-1_1	HRA003620_NC-27	HRA003620	DF.classifications_0.25_0.005_366	Doublet	pANN_0.25_0.005_366	0.488372093023256
HRA003620_GGGTTTAAGTGTTCCA-1_1	HRA003620_NC-27	HRA003620	DF.classifications_0.25_0.005_366	Singlet	pANN_0.25_0.005_366	0.162790697674419
HRA003620_GGGTTTACACTGCACG-1_1	HRA003620_NC-27	HRA003620	DF.classifications_0.25_0.005_366	Singlet	pANN_0.25_0.005_366	0.209302325581395
HRA003620_GGGTTTACATCCGAGC-1_1	HRA003620_NC-27	HRA003620	DF.classifications_0.25_0.005_366	Singlet	pANN_0.25_0.005_366	0.27906976744186
HRA003620_GGGTTTATCCACCTGT-1_1	HRA003620_NC-27	HRA003620	DF.classifications_0.25_0.005_366	Singlet	pANN_0.25_0.005_366	0.13953488372093
HRA003620_GGGTTTATCCGTAGGC-1_1	HRA003620_NC-27	HRA003620	DF.classifications_0.25_0.005_366	Singlet	pANN_0.25_0.005_366	0.186046511627907
HRA003620_GGGTTTATCCTTCACG-1_1	HRA003620_NC-27	HRA003620	DF.classifications_0.25_0.005_366	Singlet	pANN_0.25_0.005_366	0.0465116279069767
HRA003620_GGTAACTCAAACTGCT-1_1	HRA003620_NC-27	HRA003620	DF.classifications_0.25_0.005_366	Singlet	pANN_0.25_0.005_366	0.0930232558139535
HRA003620_GGTAACTCAAAGGCGT-1_1	HRA003620_NC-27	HRA003620	DF.classifications_0.25_0.005_366	Singlet	pANN_0.25_0.005_366	0.186046511627907
HRA003620_GGTAACTCACGGCGTT-1_1	HRA003620_NC-27	HRA003620	DF.classifications_0.25_0.005_366	Singlet	pANN_0.25_0.005_366	0.13953488372093
HRA003620_GGTAACTGTGCGAGTA-1_1	HRA003620_NC-27	HRA003620	DF.classifications_0.25_0.005_366	Singlet	pANN_0.25_0.005_366	0.186046511627907
HRA003620_GGTAACTTCAGACCTA-1_1	HRA003620_NC-27	HRA003620	DF.classifications_0.25_0.005_366	Singlet	pANN_0.25_0.005_366	0.0465116279069767
HRA003620_GGTAACTTCGAACCAT-1_1	HRA003620_NC-27	HRA003620	DF.classifications_0.25_0.005_366	Singlet	pANN_0.25_0.005_366	0.255813953488372
HRA003620_GGTAACTTCGCAGTTA-1_1	HRA003620_NC-27	HRA003620	DF.classifications_0.25_0.005_366	Singlet	pANN_0.25_0.005_366	0.325581395348837
HRA003620_GGTAATCAGATAGTCA-1_1	HRA003620_NC-27	HRA003620	DF.classifications_0.25_0.005_366	Singlet	pANN_0.25_0.005_366	0.255813953488372
HRA003620_GGTAATCAGCCGATCC-1_1	HRA003620_NC-27	HRA003620	DF.classifications_0.25_0.005_366	Singlet	pANN_0.25_0.005_366	0.348837209302326
HRA003620_GGTAATCAGGACAGCT-1_1	HRA003620_NC-27	HRA003620	DF.classifications_0.25_0.005_366	Singlet	pANN_0.25_0.005_366	0.209302325581395
HRA003620_GGTAATCAGTGCTCGC-1_1	HRA003620_NC-27	HRA003620	DF.classifications_0.25_0.005_366	Singlet	pANN_0.25_0.005_366	0.27906976744186
HRA003620_GGTAATCCAAGGTCTT-1_1	HRA003620_NC-27	HRA003620	DF.classifications_0.25_0.005_366	Singlet	pANN_0.25_0.005_366	0
HRA003620_GGTAATCGTCCTGGTG-1_1	HRA003620_NC-27	HRA003620	DF.classifications_0.25_0.005_366	Doublet	pANN_0.25_0.005_366	0.465116279069767
HRA003620_GGTAATCGTTACGGAG-1_1	HRA003620_NC-27	HRA003620	DF.classifications_0.25_0.005_366	Singlet	pANN_0.25_0.005_366	0.209302325581395
HRA003620_GGTAATCTCATCACCC-1_1	HRA003620_NC-27	HRA003620	DF.classifications_0.25_0.005_366	Singlet	pANN_0.25_0.005_366	0.0930232558139535
HRA003620_GGTAATCTCATTGCTT-1_1	HRA003620_NC-27	HRA003620	DF.classifications_0.25_0.005_366	Singlet	pANN_0.25_0.005_366	0.255813953488372
HRA003620_GGTAATCTCCTCTCTT-1_1	HRA003620_NC-27	HRA003620	DF.classifications_0.25_0.005_366	Singlet	pANN_0.25_0.005_366	0.13953488372093
HRA003620_GGTAATCTCCTTCACG-1_1	HRA003620_NC-27	HRA003620	DF.classifications_0.25_0.005_366	Singlet	pANN_0.25_0.005_366	0.255813953488372
HRA003620_GGTAATCTCTCACCCA-1_1	HRA003620_NC-27	HRA003620	DF.classifications_0.25_0.005_366	Singlet	pANN_0.25_0.005_366	0.162790697674419
HRA003620_GGTAGAGCAAACTAAG-1_1	HRA003620_NC-27	HRA003620	DF.classifications_0.25_0.005_366	Singlet	pANN_0.25_0.005_366	0.0465116279069767
HRA003620_GGTAGAGCACAGGATG-1_1	HRA003620_NC-27	HRA003620	DF.classifications_0.25_0.005_366	Singlet	pANN_0.25_0.005_366	0.0697674418604651
HRA003620_GGTAGAGTCGAGCACC-1_1	HRA003620_NC-27	HRA003620	DF.classifications_0.25_0.005_366	Singlet	pANN_0.25_0.005_366	0.302325581395349
HRA003620_GGTCACGCAGGAACCA-1_1	HRA003620_NC-27	HRA003620	DF.classifications_0.25_0.005_366	Singlet	pANN_0.25_0.005_366	0.372093023255814
HRA003620_GGTCACGTCAGCCTCT-1_1	HRA003620_NC-27	HRA003620	DF.classifications_0.25_0.005_366	Doublet	pANN_0.25_0.005_366	0.488372093023256
HRA003620_GGTCACGTCCAATGCA-1_1	HRA003620_NC-27	HRA003620	DF.classifications_0.25_0.005_366	Singlet	pANN_0.25_0.005_366	0.0697674418604651
HRA003620_GGTCACGTCGGAAGGT-1_1	HRA003620_NC-27	HRA003620	DF.classifications_0.25_0.005_366	Singlet	pANN_0.25_0.005_366	0.0232558139534884
HRA003620_GGTCTGGAGATCCCAT-1_1	HRA003620_NC-27	HRA003620	DF.classifications_0.25_0.005_366	Singlet	pANN_0.25_0.005_366	0.162790697674419
HRA003620_GGTCTGGAGGAGCAAA-1_1	HRA003620_NC-27	HRA003620	DF.classifications_0.25_0.005_366	Singlet	pANN_0.25_0.005_366	0.302325581395349
HRA003620_GGTCTGGAGGTAACTA-1_1	HRA003620_NC-27	HRA003620	DF.classifications_0.25_0.005_366	Singlet	pANN_0.25_0.005_366	0.232558139534884
HRA003620_GGTCTGGAGGTGCTAG-1_1	HRA003620_NC-27	HRA003620	DF.classifications_0.25_0.005_366	Singlet	pANN_0.25_0.005_366	0.0232558139534884
HRA003620_GGTCTGGGTCTGTGGC-1_1	HRA003620_NC-27	HRA003620	DF.classifications_0.25_0.005_366	Singlet	pANN_0.25_0.005_366	0.0232558139534884
HRA003620_GGTCTGGGTTCGAACT-1_1	HRA003620_NC-27	HRA003620	DF.classifications_0.25_0.005_366	Singlet	pANN_0.25_0.005_366	0.27906976744186
HRA003620_GGTGAAGAGCCAACCC-1_1	HRA003620_NC-27	HRA003620	DF.classifications_0.25_0.005_366	Singlet	pANN_0.25_0.005_366	0.116279069767442
HRA003620_GGTGAAGAGTCAAGCG-1_1	HRA003620_NC-27	HRA003620	DF.classifications_0.25_0.005_366	Singlet	pANN_0.25_0.005_366	0.116279069767442
HRA003620_GGTGAAGAGTCTAACC-1_1	HRA003620_NC-27	HRA003620	DF.classifications_0.25_0.005_366	Doublet	pANN_0.25_0.005_366	0.488372093023256
HRA003620_GGTGAAGGTACTCCGG-1_1	HRA003620_NC-27	HRA003620	DF.classifications_0.25_0.005_366	Singlet	pANN_0.25_0.005_366	0.13953488372093
HRA003620_GGTGAAGGTCGGAAAC-1_1	HRA003620_NC-27	HRA003620	DF.classifications_0.25_0.005_366	Singlet	pANN_0.25_0.005_366	0.348837209302326
HRA003620_GGTGAAGTCGCCACTT-1_1	HRA003620_NC-27	HRA003620	DF.classifications_0.25_0.005_366	Doublet	pANN_0.25_0.005_366	0.674418604651163
HRA003620_GGTGATTAGAACTCCT-1_1	HRA003620_NC-27	HRA003620	DF.classifications_0.25_0.005_366	Singlet	pANN_0.25_0.005_366	0.162790697674419
HRA003620_GGTGATTAGAGGACTC-1_1	HRA003620_NC-27	HRA003620	DF.classifications_0.25_0.005_366	Singlet	pANN_0.25_0.005_366	0.13953488372093
HRA003620_GGTGATTCAACTCATG-1_1	HRA003620_NC-27	HRA003620	DF.classifications_0.25_0.005_366	Singlet	pANN_0.25_0.005_366	0
HRA003620_GGTGATTCAGCTACTA-1_1	HRA003620_NC-27	HRA003620	DF.classifications_0.25_0.005_366	Singlet	pANN_0.25_0.005_366	0.162790697674419
HRA003620_GGTGATTGTCAGGAGT-1_1	HRA003620_NC-27	HRA003620	DF.classifications_0.25_0.005_366	Singlet	pANN_0.25_0.005_366	0.255813953488372
HRA003620_GGTGATTTCATGAAAG-1_1	HRA003620_NC-27	HRA003620	DF.classifications_0.25_0.005_366	Singlet	pANN_0.25_0.005_366	0.0232558139534884
HRA003620_GGTGATTTCGTGCATA-1_1	HRA003620_NC-27	HRA003620	DF.classifications_0.25_0.005_366	Singlet	pANN_0.25_0.005_366	0.0232558139534884
HRA003620_GGTGGCTAGATCCAAA-1_1	HRA003620_NC-27	HRA003620	DF.classifications_0.25_0.005_366	Singlet	pANN_0.25_0.005_366	0.209302325581395
HRA003620_GGTGGCTCAGGCACTC-1_1	HRA003620_NC-27	HRA003620	DF.classifications_0.25_0.005_366	Singlet	pANN_0.25_0.005_366	0.0697674418604651
HRA003620_GGTGGCTCATAGAAAC-1_1	HRA003620_NC-27	HRA003620	DF.classifications_0.25_0.005_366	Singlet	pANN_0.25_0.005_366	0.0930232558139535
HRA003620_GGTGGCTGTCCTCCAT-1_1	HRA003620_NC-27	HRA003620	DF.classifications_0.25_0.005_366	Singlet	pANN_0.25_0.005_366	0.0930232558139535
HRA003620_GGTGGCTGTTAATCGC-1_1	HRA003620_NC-27	HRA003620	DF.classifications_0.25_0.005_366	Singlet	pANN_0.25_0.005_366	0.0232558139534884
HRA003620_GGTGGCTTCGGTCATA-1_1	HRA003620_NC-27	HRA003620	DF.classifications_0.25_0.005_366	Singlet	pANN_0.25_0.005_366	0.0930232558139535
HRA003620_GGTGTCGAGCATGATA-1_1	HRA003620_NC-27	HRA003620	DF.classifications_0.25_0.005_366	Singlet	pANN_0.25_0.005_366	0.0697674418604651
HRA003620_GGTGTCGAGCTTGTTG-1_1	HRA003620_NC-27	HRA003620	DF.classifications_0.25_0.005_366	Singlet	pANN_0.25_0.005_366	0.232558139534884
HRA003620_GGTGTCGCAACTTGCA-1_1	HRA003620_NC-27	HRA003620	DF.classifications_0.25_0.005_366	Singlet	pANN_0.25_0.005_366	0.13953488372093
HRA003620_GGTGTCGCACAGCTTA-1_1	HRA003620_NC-27	HRA003620	DF.classifications_0.25_0.005_366	Singlet	pANN_0.25_0.005_366	0.209302325581395
HRA003620_GGTGTCGCACGACTAT-1_1	HRA003620_NC-27	HRA003620	DF.classifications_0.25_0.005_366	Singlet	pANN_0.25_0.005_366	0.232558139534884
HRA003620_GGTGTCGCAGTTAGAA-1_1	HRA003620_NC-27	HRA003620	DF.classifications_0.25_0.005_366	Singlet	pANN_0.25_0.005_366	0.209302325581395
HRA003620_GGTGTCGTCACGGAGA-1_1	HRA003620_NC-27	HRA003620	DF.classifications_0.25_0.005_366	Singlet	pANN_0.25_0.005_366	0.116279069767442
HRA003620_GGTGTCGTCTTCACGC-1_1	HRA003620_NC-27	HRA003620	DF.classifications_0.25_0.005_366	Singlet	pANN_0.25_0.005_366	0.232558139534884
HRA003620_GGTGTTAAGAAGAACG-1_1	HRA003620_NC-27	HRA003620	DF.classifications_0.25_0.005_366	Singlet	pANN_0.25_0.005_366	0.372093023255814
HRA003620_GGTGTTAAGGGTACAC-1_1	HRA003620_NC-27	HRA003620	DF.classifications_0.25_0.005_366	Singlet	pANN_0.25_0.005_366	0.0930232558139535
HRA003620_GGTGTTACAAGAAACT-1_1	HRA003620_NC-27	HRA003620	DF.classifications_0.25_0.005_366	Singlet	pANN_0.25_0.005_366	0.0465116279069767
HRA003620_GGTGTTACAGAGGTTG-1_1	HRA003620_NC-27	HRA003620	DF.classifications_0.25_0.005_366	Singlet	pANN_0.25_0.005_366	0.302325581395349
HRA003620_GGTGTTAGTATACGGG-1_1	HRA003620_NC-27	HRA003620	DF.classifications_0.25_0.005_366	Singlet	pANN_0.25_0.005_366	0.0232558139534884
HRA003620_GGTTAACAGCTCGAAG-1_1	HRA003620_NC-27	HRA003620	DF.classifications_0.25_0.005_366	Singlet	pANN_0.25_0.005_366	0.13953488372093
HRA003620_GGTTAACAGGAAGTAG-1_1	HRA003620_NC-27	HRA003620	DF.classifications_0.25_0.005_366	Singlet	pANN_0.25_0.005_366	0
HRA003620_GGTTAACAGTCTTGGT-1_1	HRA003620_NC-27	HRA003620	DF.classifications_0.25_0.005_366	Singlet	pANN_0.25_0.005_366	0.186046511627907
HRA003620_GGTTAACCACGTACTA-1_1	HRA003620_NC-27	HRA003620	DF.classifications_0.25_0.005_366	Singlet	pANN_0.25_0.005_366	0.0697674418604651
HRA003620_GGTTAACCAGCAGTTT-1_1	HRA003620_NC-27	HRA003620	DF.classifications_0.25_0.005_366	Doublet	pANN_0.25_0.005_366	0.651162790697674
HRA003620_GGTTAACTCGCAGTTA-1_1	HRA003620_NC-27	HRA003620	DF.classifications_0.25_0.005_366	Singlet	pANN_0.25_0.005_366	0.0930232558139535
HRA003620_GGTTCTCGTACTAACC-1_1	HRA003620_NC-27	HRA003620	DF.classifications_0.25_0.005_366	Singlet	pANN_0.25_0.005_366	0.209302325581395
HRA003620_GGTTCTCTCAAGCTGT-1_1	HRA003620_NC-27	HRA003620	DF.classifications_0.25_0.005_366	Singlet	pANN_0.25_0.005_366	0.0930232558139535
HRA003620_GGTTCTCTCGGCATAT-1_1	HRA003620_NC-27	HRA003620	DF.classifications_0.25_0.005_366	Singlet	pANN_0.25_0.005_366	0.232558139534884
HRA003620_GGTTGTAAGAAAGTCT-1_1	HRA003620_NC-27	HRA003620	DF.classifications_0.25_0.005_366	Singlet	pANN_0.25_0.005_366	0.0930232558139535
HRA003620_GGTTGTAAGATTAGAC-1_1	HRA003620_NC-27	HRA003620	DF.classifications_0.25_0.005_366	Singlet	pANN_0.25_0.005_366	0.255813953488372
HRA003620_GGTTGTAGTGGAACCA-1_1	HRA003620_NC-27	HRA003620	DF.classifications_0.25_0.005_366	Singlet	pANN_0.25_0.005_366	0.13953488372093
HRA003620_GGTTGTATCGCCACTT-1_1	HRA003620_NC-27	HRA003620	DF.classifications_0.25_0.005_366	Singlet	pANN_0.25_0.005_366	0.372093023255814
HRA003620_GGTTGTATCTTAGCCC-1_1	HRA003620_NC-27	HRA003620	DF.classifications_0.25_0.005_366	Singlet	pANN_0.25_0.005_366	0.0232558139534884
HRA003620_GTAACACAGTGGATTA-1_1	HRA003620_NC-27	HRA003620	DF.classifications_0.25_0.005_366	Singlet	pANN_0.25_0.005_366	0.0697674418604651
HRA003620_GTAACACCAGGCACAA-1_1	HRA003620_NC-27	HRA003620	DF.classifications_0.25_0.005_366	Singlet	pANN_0.25_0.005_366	0.0697674418604651
HRA003620_GTAACACCATATGCGT-1_1	HRA003620_NC-27	HRA003620	DF.classifications_0.25_0.005_366	Singlet	pANN_0.25_0.005_366	0.209302325581395
HRA003620_GTAACACGTATTCCTT-1_1	HRA003620_NC-27	HRA003620	DF.classifications_0.25_0.005_366	Singlet	pANN_0.25_0.005_366	0.27906976744186
HRA003620_GTAACACGTGAGCGAT-1_1	HRA003620_NC-27	HRA003620	DF.classifications_0.25_0.005_366	Singlet	pANN_0.25_0.005_366	0.13953488372093
HRA003620_GTAACACTCATGACAC-1_1	HRA003620_NC-27	HRA003620	DF.classifications_0.25_0.005_366	Singlet	pANN_0.25_0.005_366	0.116279069767442
HRA003620_GTAACACTCGACGACC-1_1	HRA003620_NC-27	HRA003620	DF.classifications_0.25_0.005_366	Doublet	pANN_0.25_0.005_366	0.511627906976744
HRA003620_GTAACACTCTACGCAA-1_1	HRA003620_NC-27	HRA003620	DF.classifications_0.25_0.005_366	Singlet	pANN_0.25_0.005_366	0.162790697674419
HRA003620_GTAACACTCTAGTCAG-1_1	HRA003620_NC-27	HRA003620	DF.classifications_0.25_0.005_366	Singlet	pANN_0.25_0.005_366	0.186046511627907
HRA003620_GTAACACTCTTAAGGC-1_1	HRA003620_NC-27	HRA003620	DF.classifications_0.25_0.005_366	Singlet	pANN_0.25_0.005_366	0.209302325581395
HRA003620_GTAACCAAGAAACTCA-1_1	HRA003620_NC-27	HRA003620	DF.classifications_0.25_0.005_366	Singlet	pANN_0.25_0.005_366	0.0930232558139535
HRA003620_GTAACCAAGCGAGAAA-1_1	HRA003620_NC-27	HRA003620	DF.classifications_0.25_0.005_366	Singlet	pANN_0.25_0.005_366	0.395348837209302
HRA003620_GTAACCAAGTGCCCGT-1_1	HRA003620_NC-27	HRA003620	DF.classifications_0.25_0.005_366	Singlet	pANN_0.25_0.005_366	0.232558139534884
HRA003620_GTAACCACAACTGCTA-1_1	HRA003620_NC-27	HRA003620	DF.classifications_0.25_0.005_366	Singlet	pANN_0.25_0.005_366	0.0232558139534884
HRA003620_GTAACCAGTCGAAGCA-1_1	HRA003620_NC-27	HRA003620	DF.classifications_0.25_0.005_366	Singlet	pANN_0.25_0.005_366	0.255813953488372
HRA003620_GTAACCATCAAAGGTA-1_1	HRA003620_NC-27	HRA003620	DF.classifications_0.25_0.005_366	Singlet	pANN_0.25_0.005_366	0.186046511627907
HRA003620_GTAAGTCAGACTAAGT-1_1	HRA003620_NC-27	HRA003620	DF.classifications_0.25_0.005_366	Singlet	pANN_0.25_0.005_366	0.13953488372093
HRA003620_GTAAGTCAGCAGCACA-1_1	HRA003620_NC-27	HRA003620	DF.classifications_0.25_0.005_366	Singlet	pANN_0.25_0.005_366	0.255813953488372
HRA003620_GTAAGTCAGCTTGTTG-1_1	HRA003620_NC-27	HRA003620	DF.classifications_0.25_0.005_366	Doublet	pANN_0.25_0.005_366	0.511627906976744
HRA003620_GTAAGTCAGGCGACAT-1_1	HRA003620_NC-27	HRA003620	DF.classifications_0.25_0.005_366	Singlet	pANN_0.25_0.005_366	0.348837209302326
HRA003620_GTAAGTCCACCGTGGT-1_1	HRA003620_NC-27	HRA003620	DF.classifications_0.25_0.005_366	Singlet	pANN_0.25_0.005_366	0.255813953488372
HRA003620_GTAAGTCCATTCTCTA-1_1	HRA003620_NC-27	HRA003620	DF.classifications_0.25_0.005_366	Singlet	pANN_0.25_0.005_366	0.0465116279069767
HRA003620_GTAAGTCGTACAAAGT-1_1	HRA003620_NC-27	HRA003620	DF.classifications_0.25_0.005_366	Singlet	pANN_0.25_0.005_366	0.0697674418604651
HRA003620_GTAAGTCGTCAGTTTG-1_1	HRA003620_NC-27	HRA003620	DF.classifications_0.25_0.005_366	Singlet	pANN_0.25_0.005_366	0.255813953488372
HRA003620_GTAAGTCGTCTTAGTG-1_1	HRA003620_NC-27	HRA003620	DF.classifications_0.25_0.005_366	Singlet	pANN_0.25_0.005_366	0.209302325581395
HRA003620_GTAAGTCGTTCAATCG-1_1	HRA003620_NC-27	HRA003620	DF.classifications_0.25_0.005_366	Singlet	pANN_0.25_0.005_366	0
HRA003620_GTAAGTCTCCAATGCA-1_1	HRA003620_NC-27	HRA003620	DF.classifications_0.25_0.005_366	Singlet	pANN_0.25_0.005_366	0.116279069767442
HRA003620_GTAAGTCTCGCAGATT-1_1	HRA003620_NC-27	HRA003620	DF.classifications_0.25_0.005_366	Singlet	pANN_0.25_0.005_366	0.418604651162791
HRA003620_GTAAGTCTCGCCTTGT-1_1	HRA003620_NC-27	HRA003620	DF.classifications_0.25_0.005_366	Singlet	pANN_0.25_0.005_366	0.13953488372093
HRA003620_GTAATCGAGTAAACGT-1_1	HRA003620_NC-27	HRA003620	DF.classifications_0.25_0.005_366	Singlet	pANN_0.25_0.005_366	0.0697674418604651
HRA003620_GTAATGCAGCGTACAG-1_1	HRA003620_NC-27	HRA003620	DF.classifications_0.25_0.005_366	Singlet	pANN_0.25_0.005_366	0.325581395348837
HRA003620_GTAATGCAGTCCCAAT-1_1	HRA003620_NC-27	HRA003620	DF.classifications_0.25_0.005_366	Singlet	pANN_0.25_0.005_366	0
HRA003620_GTAATGCCAAGATCCT-1_1	HRA003620_NC-27	HRA003620	DF.classifications_0.25_0.005_366	Singlet	pANN_0.25_0.005_366	0.302325581395349
HRA003620_GTAATGCCACAGAGAC-1_1	HRA003620_NC-27	HRA003620	DF.classifications_0.25_0.005_366	Singlet	pANN_0.25_0.005_366	0.348837209302326
HRA003620_GTAATGCGTAGATTGA-1_1	HRA003620_NC-27	HRA003620	DF.classifications_0.25_0.005_366	Singlet	pANN_0.25_0.005_366	0.0465116279069767
HRA003620_GTAATGCGTCTTTATC-1_1	HRA003620_NC-27	HRA003620	DF.classifications_0.25_0.005_366	Singlet	pANN_0.25_0.005_366	0.0232558139534884
HRA003620_GTAATGCGTTAAGTCC-1_1	HRA003620_NC-27	HRA003620	DF.classifications_0.25_0.005_366	Singlet	pANN_0.25_0.005_366	0.13953488372093
HRA003620_GTAATGCGTTACACTG-1_1	HRA003620_NC-27	HRA003620	DF.classifications_0.25_0.005_366	Singlet	pANN_0.25_0.005_366	0.162790697674419
HRA003620_GTACAACAGACCATAA-1_1	HRA003620_NC-27	HRA003620	DF.classifications_0.25_0.005_366	Singlet	pANN_0.25_0.005_366	0.0465116279069767
HRA003620_GTACAACCATCGGAAG-1_1	HRA003620_NC-27	HRA003620	DF.classifications_0.25_0.005_366	Singlet	pANN_0.25_0.005_366	0.0465116279069767
HRA003620_GTACAACGTAACGCGA-1_1	HRA003620_NC-27	HRA003620	DF.classifications_0.25_0.005_366	Singlet	pANN_0.25_0.005_366	0.162790697674419
HRA003620_GTACAACGTGTATACC-1_1	HRA003620_NC-27	HRA003620	DF.classifications_0.25_0.005_366	Singlet	pANN_0.25_0.005_366	0.302325581395349
HRA003620_GTACAACTCCGATAGT-1_1	HRA003620_NC-27	HRA003620	DF.classifications_0.25_0.005_366	Singlet	pANN_0.25_0.005_366	0.116279069767442
HRA003620_GTACAGTCACCCTATC-1_1	HRA003620_NC-27	HRA003620	DF.classifications_0.25_0.005_366	Doublet	pANN_0.25_0.005_366	0.627906976744186
HRA003620_GTACAGTGTTGCGGCT-1_1	HRA003620_NC-27	HRA003620	DF.classifications_0.25_0.005_366	Singlet	pANN_0.25_0.005_366	0.232558139534884
HRA003620_GTACAGTGTTGTATGC-1_1	HRA003620_NC-27	HRA003620	DF.classifications_0.25_0.005_366	Singlet	pANN_0.25_0.005_366	0.162790697674419
HRA003620_GTACAGTTCAAAGGAT-1_1	HRA003620_NC-27	HRA003620	DF.classifications_0.25_0.005_366	Singlet	pANN_0.25_0.005_366	0.27906976744186
HRA003620_GTACAGTTCAGACAAA-1_1	HRA003620_NC-27	HRA003620	DF.classifications_0.25_0.005_366	Singlet	pANN_0.25_0.005_366	0.13953488372093
HRA003620_GTACAGTTCCTCGATC-1_1	HRA003620_NC-27	HRA003620	DF.classifications_0.25_0.005_366	Singlet	pANN_0.25_0.005_366	0.209302325581395
HRA003620_GTAGAAAAGAGCCGTA-1_1	HRA003620_NC-27	HRA003620	DF.classifications_0.25_0.005_366	Singlet	pANN_0.25_0.005_366	0.255813953488372
HRA003620_GTAGAAAAGGGCAGAG-1_1	HRA003620_NC-27	HRA003620	DF.classifications_0.25_0.005_366	Singlet	pANN_0.25_0.005_366	0.162790697674419
HRA003620_GTAGAAAAGTATGACA-1_1	HRA003620_NC-27	HRA003620	DF.classifications_0.25_0.005_366	Singlet	pANN_0.25_0.005_366	0
HRA003620_GTAGAAACAAAGGCGT-1_1	HRA003620_NC-27	HRA003620	DF.classifications_0.25_0.005_366	Singlet	pANN_0.25_0.005_366	0.255813953488372
HRA003620_GTAGAAACAACGTAAA-1_1	HRA003620_NC-27	HRA003620	DF.classifications_0.25_0.005_366	Singlet	pANN_0.25_0.005_366	0.0465116279069767
HRA003620_GTAGAAAGTCGATTAC-1_1	HRA003620_NC-27	HRA003620	DF.classifications_0.25_0.005_366	Singlet	pANN_0.25_0.005_366	0.13953488372093
HRA003620_GTAGAAATCCCAAGTA-1_1	HRA003620_NC-27	HRA003620	DF.classifications_0.25_0.005_366	Singlet	pANN_0.25_0.005_366	0.395348837209302
HRA003620_GTAGAGGCAATTGCCA-1_1	HRA003620_NC-27	HRA003620	DF.classifications_0.25_0.005_366	Singlet	pANN_0.25_0.005_366	0.0697674418604651
HRA003620_GTAGAGGCAGATAAAC-1_1	HRA003620_NC-27	HRA003620	DF.classifications_0.25_0.005_366	Singlet	pANN_0.25_0.005_366	0.186046511627907
HRA003620_GTAGAGGGTGCAGATG-1_1	HRA003620_NC-27	HRA003620	DF.classifications_0.25_0.005_366	Singlet	pANN_0.25_0.005_366	0.116279069767442
HRA003620_GTAGAGGGTGTGAGCA-1_1	HRA003620_NC-27	HRA003620	DF.classifications_0.25_0.005_366	Singlet	pANN_0.25_0.005_366	0.13953488372093
HRA003620_GTAGAGGGTTCCGCGA-1_1	HRA003620_NC-27	HRA003620	DF.classifications_0.25_0.005_366	Singlet	pANN_0.25_0.005_366	0.395348837209302
HRA003620_GTAGAGGGTTGACTGT-1_1	HRA003620_NC-27	HRA003620	DF.classifications_0.25_0.005_366	Singlet	pANN_0.25_0.005_366	0.232558139534884
HRA003620_GTAGAGGTCCATTCAT-1_1	HRA003620_NC-27	HRA003620	DF.classifications_0.25_0.005_366	Singlet	pANN_0.25_0.005_366	0.13953488372093
HRA003620_GTAGAGGTCTTTGGAG-1_1	HRA003620_NC-27	HRA003620	DF.classifications_0.25_0.005_366	Singlet	pANN_0.25_0.005_366	0.0930232558139535
HRA003620_GTAGATCAGGTCGCCT-1_1	HRA003620_NC-27	HRA003620	DF.classifications_0.25_0.005_366	Singlet	pANN_0.25_0.005_366	0.325581395348837
HRA003620_GTAGATCAGTTGAATG-1_1	HRA003620_NC-27	HRA003620	DF.classifications_0.25_0.005_366	Singlet	pANN_0.25_0.005_366	0.302325581395349
HRA003620_GTAGATCCACAAGCTT-1_1	HRA003620_NC-27	HRA003620	DF.classifications_0.25_0.005_366	Doublet	pANN_0.25_0.005_366	0.790697674418605
HRA003620_GTAGATCCAGATCCAT-1_1	HRA003620_NC-27	HRA003620	DF.classifications_0.25_0.005_366	Singlet	pANN_0.25_0.005_366	0.232558139534884
HRA003620_GTAGATCCAGTCGTTA-1_1	HRA003620_NC-27	HRA003620	DF.classifications_0.25_0.005_366	Singlet	pANN_0.25_0.005_366	0.13953488372093
HRA003620_GTAGATCGTGTGCCTG-1_1	HRA003620_NC-27	HRA003620	DF.classifications_0.25_0.005_366	Singlet	pANN_0.25_0.005_366	0.116279069767442
HRA003620_GTAGATCGTTGTGCAT-1_1	HRA003620_NC-27	HRA003620	DF.classifications_0.25_0.005_366	Singlet	pANN_0.25_0.005_366	0.0697674418604651
HRA003620_GTAGATCTCACTTCTA-1_1	HRA003620_NC-27	HRA003620	DF.classifications_0.25_0.005_366	Singlet	pANN_0.25_0.005_366	0.209302325581395
HRA003620_GTAGCTAAGAAGGGAT-1_1	HRA003620_NC-27	HRA003620	DF.classifications_0.25_0.005_366	Singlet	pANN_0.25_0.005_366	0.325581395348837
HRA003620_GTAGCTAAGCAAATGT-1_1	HRA003620_NC-27	HRA003620	DF.classifications_0.25_0.005_366	Singlet	pANN_0.25_0.005_366	0.232558139534884
HRA003620_GTAGCTAAGCTATCCA-1_1	HRA003620_NC-27	HRA003620	DF.classifications_0.25_0.005_366	Singlet	pANN_0.25_0.005_366	0.348837209302326
HRA003620_GTAGCTACACTGCATA-1_1	HRA003620_NC-27	HRA003620	DF.classifications_0.25_0.005_366	Singlet	pANN_0.25_0.005_366	0.418604651162791
HRA003620_GTAGCTAGTAAGCTCT-1_1	HRA003620_NC-27	HRA003620	DF.classifications_0.25_0.005_366	Singlet	pANN_0.25_0.005_366	0.255813953488372
HRA003620_GTAGCTATCACCTACC-1_1	HRA003620_NC-27	HRA003620	DF.classifications_0.25_0.005_366	Singlet	pANN_0.25_0.005_366	0.13953488372093
HRA003620_GTAGCTATCTGCTGAA-1_1	HRA003620_NC-27	HRA003620	DF.classifications_0.25_0.005_366	Singlet	pANN_0.25_0.005_366	0.0465116279069767
HRA003620_GTAGGAGAGCGCTTCG-1_1	HRA003620_NC-27	HRA003620	DF.classifications_0.25_0.005_366	Singlet	pANN_0.25_0.005_366	0.0232558139534884
HRA003620_GTAGGAGCATTGACTG-1_1	HRA003620_NC-27	HRA003620	DF.classifications_0.25_0.005_366	Singlet	pANN_0.25_0.005_366	0
HRA003620_GTAGGAGGTATCGCGC-1_1	HRA003620_NC-27	HRA003620	DF.classifications_0.25_0.005_366	Singlet	pANN_0.25_0.005_366	0.13953488372093
HRA003620_GTAGGAGGTTCAGGTT-1_1	HRA003620_NC-27	HRA003620	DF.classifications_0.25_0.005_366	Singlet	pANN_0.25_0.005_366	0.0232558139534884
HRA003620_GTAGGAGTCACTGTCC-1_1	HRA003620_NC-27	HRA003620	DF.classifications_0.25_0.005_366	Singlet	pANN_0.25_0.005_366	0.0465116279069767
HRA003620_GTAGGAGTCTACGCGG-1_1	HRA003620_NC-27	HRA003620	DF.classifications_0.25_0.005_366	Singlet	pANN_0.25_0.005_366	0.116279069767442
HRA003620_GTAGGAGTCTTACCAT-1_1	HRA003620_NC-27	HRA003620	DF.classifications_0.25_0.005_366	Singlet	pANN_0.25_0.005_366	0.209302325581395
HRA003620_GTAGGTTAGTCACTCA-1_1	HRA003620_NC-27	HRA003620	DF.classifications_0.25_0.005_366	Singlet	pANN_0.25_0.005_366	0.348837209302326
HRA003620_GTAGGTTAGTCCGCCA-1_1	HRA003620_NC-27	HRA003620	DF.classifications_0.25_0.005_366	Singlet	pANN_0.25_0.005_366	0.186046511627907
HRA003620_GTAGGTTAGTCGCGAA-1_1	HRA003620_NC-27	HRA003620	DF.classifications_0.25_0.005_366	Singlet	pANN_0.25_0.005_366	0.162790697674419
HRA003620_GTAGGTTCAGTCGAGA-1_1	HRA003620_NC-27	HRA003620	DF.classifications_0.25_0.005_366	Singlet	pANN_0.25_0.005_366	0.13953488372093
HRA003620_GTAGGTTGTTACGATC-1_1	HRA003620_NC-27	HRA003620	DF.classifications_0.25_0.005_366	Singlet	pANN_0.25_0.005_366	0.0232558139534884
HRA003620_GTAGGTTTCGCTTAAG-1_1	HRA003620_NC-27	HRA003620	DF.classifications_0.25_0.005_366	Singlet	pANN_0.25_0.005_366	0
HRA003620_GTAGGTTTCTCAACGA-1_1	HRA003620_NC-27	HRA003620	DF.classifications_0.25_0.005_366	Singlet	pANN_0.25_0.005_366	0.116279069767442
HRA003620_GTAGGTTTCTTCCAGC-1_1	HRA003620_NC-27	HRA003620	DF.classifications_0.25_0.005_366	Singlet	pANN_0.25_0.005_366	0.0232558139534884
HRA003620_GTAGTACAGACTCTAC-1_1	HRA003620_NC-27	HRA003620	DF.classifications_0.25_0.005_366	Singlet	pANN_0.25_0.005_366	0.0232558139534884
HRA003620_GTAGTACAGTACCCTA-1_1	HRA003620_NC-27	HRA003620	DF.classifications_0.25_0.005_366	Singlet	pANN_0.25_0.005_366	0.0930232558139535
HRA003620_GTAGTACAGTAGTCCT-1_1	HRA003620_NC-27	HRA003620	DF.classifications_0.25_0.005_366	Singlet	pANN_0.25_0.005_366	0.302325581395349
HRA003620_GTAGTACCAAGAGTGC-1_1	HRA003620_NC-27	HRA003620	DF.classifications_0.25_0.005_366	Singlet	pANN_0.25_0.005_366	0.0930232558139535
HRA003620_GTAGTACCAATCAGCT-1_1	HRA003620_NC-27	HRA003620	DF.classifications_0.25_0.005_366	Doublet	pANN_0.25_0.005_366	0.441860465116279
HRA003620_GTAGTACCAGCTATAC-1_1	HRA003620_NC-27	HRA003620	DF.classifications_0.25_0.005_366	Singlet	pANN_0.25_0.005_366	0.0465116279069767
HRA003620_GTAGTACCATTGCAAC-1_1	HRA003620_NC-27	HRA003620	DF.classifications_0.25_0.005_366	Singlet	pANN_0.25_0.005_366	0.232558139534884
HRA003620_GTAGTACTCAAGAGTA-1_1	HRA003620_NC-27	HRA003620	DF.classifications_0.25_0.005_366	Singlet	pANN_0.25_0.005_366	0
HRA003620_GTATTGGAGCAAATCA-1_1	HRA003620_NC-27	HRA003620	DF.classifications_0.25_0.005_366	Singlet	pANN_0.25_0.005_366	0.209302325581395
HRA003620_GTATTGGAGCAAGTCG-1_1	HRA003620_NC-27	HRA003620	DF.classifications_0.25_0.005_366	Singlet	pANN_0.25_0.005_366	0.116279069767442
HRA003620_GTATTGGAGGGACCAT-1_1	HRA003620_NC-27	HRA003620	DF.classifications_0.25_0.005_366	Singlet	pANN_0.25_0.005_366	0.0930232558139535
HRA003620_GTATTGGCACATCCCT-1_1	HRA003620_NC-27	HRA003620	DF.classifications_0.25_0.005_366	Singlet	pANN_0.25_0.005_366	0.186046511627907
HRA003620_GTATTGGCAGACAAAT-1_1	HRA003620_NC-27	HRA003620	DF.classifications_0.25_0.005_366	Singlet	pANN_0.25_0.005_366	0.0697674418604651
HRA003620_GTATTGGTCTGACGCG-1_1	HRA003620_NC-27	HRA003620	DF.classifications_0.25_0.005_366	Singlet	pANN_0.25_0.005_366	0.0930232558139535
HRA003620_GTATTTCAGGGTCACA-1_1	HRA003620_NC-27	HRA003620	DF.classifications_0.25_0.005_366	Singlet	pANN_0.25_0.005_366	0.255813953488372
HRA003620_GTATTTCCATACATCG-1_1	HRA003620_NC-27	HRA003620	DF.classifications_0.25_0.005_366	Singlet	pANN_0.25_0.005_366	0.0232558139534884
HRA003620_GTATTTCGTCTATGAC-1_1	HRA003620_NC-27	HRA003620	DF.classifications_0.25_0.005_366	Singlet	pANN_0.25_0.005_366	0.0232558139534884
HRA003620_GTATTTCGTGAATATG-1_1	HRA003620_NC-27	HRA003620	DF.classifications_0.25_0.005_366	Singlet	pANN_0.25_0.005_366	0.255813953488372
HRA003620_GTATTTCTCAAGATAG-1_1	HRA003620_NC-27	HRA003620	DF.classifications_0.25_0.005_366	Singlet	pANN_0.25_0.005_366	0.209302325581395
HRA003620_GTCAAACAGCTGGCCT-1_1	HRA003620_NC-27	HRA003620	DF.classifications_0.25_0.005_366	Singlet	pANN_0.25_0.005_366	0.13953488372093
HRA003620_GTCAAACCACGAAGAC-1_1	HRA003620_NC-27	HRA003620	DF.classifications_0.25_0.005_366	Singlet	pANN_0.25_0.005_366	0
HRA003620_GTCAAACCAGGAGGAG-1_1	HRA003620_NC-27	HRA003620	DF.classifications_0.25_0.005_366	Singlet	pANN_0.25_0.005_366	0.0930232558139535
HRA003620_GTCAAACTCGTAACAC-1_1	HRA003620_NC-27	HRA003620	DF.classifications_0.25_0.005_366	Singlet	pANN_0.25_0.005_366	0.232558139534884
HRA003620_GTCAAACTCGTTCAGA-1_1	HRA003620_NC-27	HRA003620	DF.classifications_0.25_0.005_366	Singlet	pANN_0.25_0.005_366	0
HRA003620_GTCAAACTCTCGACCT-1_1	HRA003620_NC-27	HRA003620	DF.classifications_0.25_0.005_366	Singlet	pANN_0.25_0.005_366	0.0697674418604651
HRA003620_GTCAAACTCTGTCGCT-1_1	HRA003620_NC-27	HRA003620	DF.classifications_0.25_0.005_366	Singlet	pANN_0.25_0.005_366	0.0465116279069767
HRA003620_GTCAAGTCAACACAGG-1_1	HRA003620_NC-27	HRA003620	DF.classifications_0.25_0.005_366	Singlet	pANN_0.25_0.005_366	0.13953488372093
HRA003620_GTCAAGTCATCATTTC-1_1	HRA003620_NC-27	HRA003620	DF.classifications_0.25_0.005_366	Singlet	pANN_0.25_0.005_366	0
HRA003620_GTCAAGTGTCTCGACG-1_1	HRA003620_NC-27	HRA003620	DF.classifications_0.25_0.005_366	Singlet	pANN_0.25_0.005_366	0.13953488372093
HRA003620_GTCAAGTGTGGTTCTA-1_1	HRA003620_NC-27	HRA003620	DF.classifications_0.25_0.005_366	Singlet	pANN_0.25_0.005_366	0.0232558139534884
HRA003620_GTCAAGTGTTCTCAGA-1_1	HRA003620_NC-27	HRA003620	DF.classifications_0.25_0.005_366	Singlet	pANN_0.25_0.005_366	0.116279069767442
HRA003620_GTCAAGTTCAAGGTGG-1_1	HRA003620_NC-27	HRA003620	DF.classifications_0.25_0.005_366	Singlet	pANN_0.25_0.005_366	0.0697674418604651
HRA003620_GTCAAGTTCCAAGGGA-1_1	HRA003620_NC-27	HRA003620	DF.classifications_0.25_0.005_366	Singlet	pANN_0.25_0.005_366	0.0232558139534884
HRA003620_GTCAAGTTCCATGCAA-1_1	HRA003620_NC-27	HRA003620	DF.classifications_0.25_0.005_366	Singlet	pANN_0.25_0.005_366	0.162790697674419
HRA003620_GTCAAGTTCCGGTAGC-1_1	HRA003620_NC-27	HRA003620	DF.classifications_0.25_0.005_366	Singlet	pANN_0.25_0.005_366	0.162790697674419
HRA003620_GTCAAGTTCTACACTT-1_1	HRA003620_NC-27	HRA003620	DF.classifications_0.25_0.005_366	Singlet	pANN_0.25_0.005_366	0.0232558139534884
HRA003620_GTCACGGAGAGAACCC-1_1	HRA003620_NC-27	HRA003620	DF.classifications_0.25_0.005_366	Singlet	pANN_0.25_0.005_366	0.372093023255814
HRA003620_GTCACGGAGATTACCC-1_1	HRA003620_NC-27	HRA003620	DF.classifications_0.25_0.005_366	Singlet	pANN_0.25_0.005_366	0
HRA003620_GTCACGGAGCACCGTC-1_1	HRA003620_NC-27	HRA003620	DF.classifications_0.25_0.005_366	Singlet	pANN_0.25_0.005_366	0.0232558139534884
HRA003620_GTCACGGAGCAGGCAT-1_1	HRA003620_NC-27	HRA003620	DF.classifications_0.25_0.005_366	Singlet	pANN_0.25_0.005_366	0.0232558139534884
HRA003620_GTCACGGAGTGGCGAT-1_1	HRA003620_NC-27	HRA003620	DF.classifications_0.25_0.005_366	Singlet	pANN_0.25_0.005_366	0.13953488372093
HRA003620_GTCACGGCATTCCTAT-1_1	HRA003620_NC-27	HRA003620	DF.classifications_0.25_0.005_366	Singlet	pANN_0.25_0.005_366	0.302325581395349
HRA003620_GTCACGGGTCTAACTG-1_1	HRA003620_NC-27	HRA003620	DF.classifications_0.25_0.005_366	Singlet	pANN_0.25_0.005_366	0.302325581395349
HRA003620_GTCACGGGTGTCCCTT-1_1	HRA003620_NC-27	HRA003620	DF.classifications_0.25_0.005_366	Doublet	pANN_0.25_0.005_366	0.441860465116279
HRA003620_GTCACGGTCTCATTTG-1_1	HRA003620_NC-27	HRA003620	DF.classifications_0.25_0.005_366	Singlet	pANN_0.25_0.005_366	0.209302325581395
HRA003620_GTCACTCAGAAGTATC-1_1	HRA003620_NC-27	HRA003620	DF.classifications_0.25_0.005_366	Singlet	pANN_0.25_0.005_366	0.0697674418604651
HRA003620_GTCACTCAGAGGTCGT-1_1	HRA003620_NC-27	HRA003620	DF.classifications_0.25_0.005_366	Singlet	pANN_0.25_0.005_366	0.186046511627907
HRA003620_GTCACTCAGCAACAGC-1_1	HRA003620_NC-27	HRA003620	DF.classifications_0.25_0.005_366	Singlet	pANN_0.25_0.005_366	0.162790697674419
HRA003620_GTCACTCAGCTACAAA-1_1	HRA003620_NC-27	HRA003620	DF.classifications_0.25_0.005_366	Singlet	pANN_0.25_0.005_366	0.27906976744186
HRA003620_GTCACTCCAAAGCACG-1_1	HRA003620_NC-27	HRA003620	DF.classifications_0.25_0.005_366	Singlet	pANN_0.25_0.005_366	0.302325581395349
HRA003620_GTCACTCCACCTCTGT-1_1	HRA003620_NC-27	HRA003620	DF.classifications_0.25_0.005_366	Singlet	pANN_0.25_0.005_366	0.186046511627907
HRA003620_GTCACTCGTACTGCCG-1_1	HRA003620_NC-27	HRA003620	DF.classifications_0.25_0.005_366	Singlet	pANN_0.25_0.005_366	0.255813953488372
HRA003620_GTCACTCGTCATTGCA-1_1	HRA003620_NC-27	HRA003620	DF.classifications_0.25_0.005_366	Singlet	pANN_0.25_0.005_366	0.0697674418604651
HRA003620_GTCACTCGTCCAGAAG-1_1	HRA003620_NC-27	HRA003620	DF.classifications_0.25_0.005_366	Singlet	pANN_0.25_0.005_366	0.302325581395349
HRA003620_GTCACTCTCATCACAG-1_1	HRA003620_NC-27	HRA003620	DF.classifications_0.25_0.005_366	Singlet	pANN_0.25_0.005_366	0.116279069767442
HRA003620_GTCACTCTCATCACCC-1_1	HRA003620_NC-27	HRA003620	DF.classifications_0.25_0.005_366	Singlet	pANN_0.25_0.005_366	0.0930232558139535
HRA003620_GTCAGCGAGAAGCTGC-1_1	HRA003620_NC-27	HRA003620	DF.classifications_0.25_0.005_366	Singlet	pANN_0.25_0.005_366	0.0930232558139535
HRA003620_GTCAGCGAGCATCAGG-1_1	HRA003620_NC-27	HRA003620	DF.classifications_0.25_0.005_366	Singlet	pANN_0.25_0.005_366	0.255813953488372
HRA003620_GTCAGCGAGGTCACTT-1_1	HRA003620_NC-27	HRA003620	DF.classifications_0.25_0.005_366	Singlet	pANN_0.25_0.005_366	0.209302325581395
HRA003620_GTCAGCGAGGTCATAA-1_1	HRA003620_NC-27	HRA003620	DF.classifications_0.25_0.005_366	Singlet	pANN_0.25_0.005_366	0.209302325581395
HRA003620_GTCAGCGCACAGCTGC-1_1	HRA003620_NC-27	HRA003620	DF.classifications_0.25_0.005_366	Singlet	pANN_0.25_0.005_366	0.162790697674419
HRA003620_GTCAGCGCAGTTCCAA-1_1	HRA003620_NC-27	HRA003620	DF.classifications_0.25_0.005_366	Singlet	pANN_0.25_0.005_366	0.162790697674419
HRA003620_GTCAGCGGTGTGGACA-1_1	HRA003620_NC-27	HRA003620	DF.classifications_0.25_0.005_366	Singlet	pANN_0.25_0.005_366	0
HRA003620_GTCATCCAGCCGATCC-1_1	HRA003620_NC-27	HRA003620	DF.classifications_0.25_0.005_366	Singlet	pANN_0.25_0.005_366	0.186046511627907
HRA003620_GTCATCCAGCTTTGTG-1_1	HRA003620_NC-27	HRA003620	DF.classifications_0.25_0.005_366	Singlet	pANN_0.25_0.005_366	0.209302325581395
HRA003620_GTCATCCAGGGTTTCT-1_1	HRA003620_NC-27	HRA003620	DF.classifications_0.25_0.005_366	Singlet	pANN_0.25_0.005_366	0.348837209302326
HRA003620_GTCATCCCACCGCTAG-1_1	HRA003620_NC-27	HRA003620	DF.classifications_0.25_0.005_366	Singlet	pANN_0.25_0.005_366	0.395348837209302
HRA003620_GTCATCCCAGTCGAGA-1_1	HRA003620_NC-27	HRA003620	DF.classifications_0.25_0.005_366	Singlet	pANN_0.25_0.005_366	0.325581395348837
HRA003620_GTCATCCCATTCTCCG-1_1	HRA003620_NC-27	HRA003620	DF.classifications_0.25_0.005_366	Singlet	pANN_0.25_0.005_366	0.186046511627907
HRA003620_GTCATCCGTAATCAAG-1_1	HRA003620_NC-27	HRA003620	DF.classifications_0.25_0.005_366	Singlet	pANN_0.25_0.005_366	0.348837209302326
HRA003620_GTCATCCGTGTCCACG-1_1	HRA003620_NC-27	HRA003620	DF.classifications_0.25_0.005_366	Singlet	pANN_0.25_0.005_366	0.116279069767442
HRA003620_GTCATCCTCGAGTGAG-1_1	HRA003620_NC-27	HRA003620	DF.classifications_0.25_0.005_366	Singlet	pANN_0.25_0.005_366	0.395348837209302
HRA003620_GTCATCCTCGTGACTA-1_1	HRA003620_NC-27	HRA003620	DF.classifications_0.25_0.005_366	Singlet	pANN_0.25_0.005_366	0.0465116279069767
HRA003620_GTCATGAAGCCTCTCT-1_1	HRA003620_NC-27	HRA003620	DF.classifications_0.25_0.005_366	Singlet	pANN_0.25_0.005_366	0.0232558139534884
HRA003620_GTCATGACACCAGTTA-1_1	HRA003620_NC-27	HRA003620	DF.classifications_0.25_0.005_366	Singlet	pANN_0.25_0.005_366	0.395348837209302
HRA003620_GTCATGAGTTATCCAG-1_1	HRA003620_NC-27	HRA003620	DF.classifications_0.25_0.005_366	Singlet	pANN_0.25_0.005_366	0.0465116279069767
HRA003620_GTCATGATCCGTATGA-1_1	HRA003620_NC-27	HRA003620	DF.classifications_0.25_0.005_366	Singlet	pANN_0.25_0.005_366	0.0930232558139535
HRA003620_GTCATGATCTTGGCTC-1_1	HRA003620_NC-27	HRA003620	DF.classifications_0.25_0.005_366	Singlet	pANN_0.25_0.005_366	0.372093023255814
HRA003620_GTCATTTAGCCTCACG-1_1	HRA003620_NC-27	HRA003620	DF.classifications_0.25_0.005_366	Singlet	pANN_0.25_0.005_366	0.186046511627907
HRA003620_GTCATTTAGCCTCTCT-1_1	HRA003620_NC-27	HRA003620	DF.classifications_0.25_0.005_366	Singlet	pANN_0.25_0.005_366	0.302325581395349
HRA003620_GTCATTTCAATAAGGT-1_1	HRA003620_NC-27	HRA003620	DF.classifications_0.25_0.005_366	Singlet	pANN_0.25_0.005_366	0.0697674418604651
HRA003620_GTCATTTGTCTTCAAG-1_1	HRA003620_NC-27	HRA003620	DF.classifications_0.25_0.005_366	Singlet	pANN_0.25_0.005_366	0.0465116279069767
HRA003620_GTCATTTTCTCGTCAC-1_1	HRA003620_NC-27	HRA003620	DF.classifications_0.25_0.005_366	Singlet	pANN_0.25_0.005_366	0.348837209302326
HRA003620_GTCCACTAGACCACGA-1_1	HRA003620_NC-27	HRA003620	DF.classifications_0.25_0.005_366	Singlet	pANN_0.25_0.005_366	0.302325581395349
HRA003620_GTCCACTAGCATCCCG-1_1	HRA003620_NC-27	HRA003620	DF.classifications_0.25_0.005_366	Singlet	pANN_0.25_0.005_366	0.232558139534884
HRA003620_GTCCACTCAGACCTAT-1_1	HRA003620_NC-27	HRA003620	DF.classifications_0.25_0.005_366	Singlet	pANN_0.25_0.005_366	0.232558139534884
HRA003620_GTCCACTGTCAGATTC-1_1	HRA003620_NC-27	HRA003620	DF.classifications_0.25_0.005_366	Singlet	pANN_0.25_0.005_366	0.162790697674419
HRA003620_GTCCACTGTCCAGCCA-1_1	HRA003620_NC-27	HRA003620	DF.classifications_0.25_0.005_366	Singlet	pANN_0.25_0.005_366	0.162790697674419
HRA003620_GTCCACTGTGGGTATG-1_1	HRA003620_NC-27	HRA003620	DF.classifications_0.25_0.005_366	Singlet	pANN_0.25_0.005_366	0.0697674418604651
HRA003620_GTCCACTTCAGAGTTC-1_1	HRA003620_NC-27	HRA003620	DF.classifications_0.25_0.005_366	Singlet	pANN_0.25_0.005_366	0.348837209302326
HRA003620_GTCCACTTCCCATTTA-1_1	HRA003620_NC-27	HRA003620	DF.classifications_0.25_0.005_366	Singlet	pANN_0.25_0.005_366	0.116279069767442
HRA003620_GTCCACTTCCTAGCGG-1_1	HRA003620_NC-27	HRA003620	DF.classifications_0.25_0.005_366	Singlet	pANN_0.25_0.005_366	0
HRA003620_GTCCACTTCTCAATCT-1_1	HRA003620_NC-27	HRA003620	DF.classifications_0.25_0.005_366	Singlet	pANN_0.25_0.005_366	0.0232558139534884
HRA003620_GTCCACTTCTCATGGA-1_1	HRA003620_NC-27	HRA003620	DF.classifications_0.25_0.005_366	Singlet	pANN_0.25_0.005_366	0.13953488372093
HRA003620_GTCCCATAGGAATGTT-1_1	HRA003620_NC-27	HRA003620	DF.classifications_0.25_0.005_366	Singlet	pANN_0.25_0.005_366	0.232558139534884
HRA003620_GTCCCATCAAACAGGC-1_1	HRA003620_NC-27	HRA003620	DF.classifications_0.25_0.005_366	Singlet	pANN_0.25_0.005_366	0.0465116279069767
HRA003620_GTCCCATCAATAAGGT-1_1	HRA003620_NC-27	HRA003620	DF.classifications_0.25_0.005_366	Singlet	pANN_0.25_0.005_366	0.232558139534884
HRA003620_GTCCTCAAGCCTGTGC-1_1	HRA003620_NC-27	HRA003620	DF.classifications_0.25_0.005_366	Singlet	pANN_0.25_0.005_366	0.0930232558139535
HRA003620_GTCCTCAAGTTCTCTT-1_1	HRA003620_NC-27	HRA003620	DF.classifications_0.25_0.005_366	Singlet	pANN_0.25_0.005_366	0.0465116279069767
HRA003620_GTCCTCAAGTTGAATG-1_1	HRA003620_NC-27	HRA003620	DF.classifications_0.25_0.005_366	Singlet	pANN_0.25_0.005_366	0.186046511627907
HRA003620_GTCCTCAGTCAACCTA-1_1	HRA003620_NC-27	HRA003620	DF.classifications_0.25_0.005_366	Singlet	pANN_0.25_0.005_366	0.232558139534884
HRA003620_GTCCTCAGTCTCGACG-1_1	HRA003620_NC-27	HRA003620	DF.classifications_0.25_0.005_366	Singlet	pANN_0.25_0.005_366	0.209302325581395
HRA003620_GTCCTCAGTGGTAACG-1_1	HRA003620_NC-27	HRA003620	DF.classifications_0.25_0.005_366	Singlet	pANN_0.25_0.005_366	0.0930232558139535
HRA003620_GTCGAATAGGAGAATG-1_1	HRA003620_NC-27	HRA003620	DF.classifications_0.25_0.005_366	Singlet	pANN_0.25_0.005_366	0.0465116279069767
HRA003620_GTCGAATAGTATTGCC-1_1	HRA003620_NC-27	HRA003620	DF.classifications_0.25_0.005_366	Singlet	pANN_0.25_0.005_366	0.162790697674419
HRA003620_GTCGAATAGTTGGCTT-1_1	HRA003620_NC-27	HRA003620	DF.classifications_0.25_0.005_366	Singlet	pANN_0.25_0.005_366	0.232558139534884
HRA003620_GTCGAATCAAACTAGA-1_1	HRA003620_NC-27	HRA003620	DF.classifications_0.25_0.005_366	Singlet	pANN_0.25_0.005_366	0.0697674418604651
HRA003620_GTCGAATCAAGTACCT-1_1	HRA003620_NC-27	HRA003620	DF.classifications_0.25_0.005_366	Singlet	pANN_0.25_0.005_366	0.232558139534884
HRA003620_GTCGAATCAGGTACGA-1_1	HRA003620_NC-27	HRA003620	DF.classifications_0.25_0.005_366	Singlet	pANN_0.25_0.005_366	0.0465116279069767
HRA003620_GTCGAATCATCATGAC-1_1	HRA003620_NC-27	HRA003620	DF.classifications_0.25_0.005_366	Singlet	pANN_0.25_0.005_366	0.325581395348837
HRA003620_GTCGAATGTCCTACAA-1_1	HRA003620_NC-27	HRA003620	DF.classifications_0.25_0.005_366	Singlet	pANN_0.25_0.005_366	0.232558139534884
HRA003620_GTCGAATGTGGTTCTA-1_1	HRA003620_NC-27	HRA003620	DF.classifications_0.25_0.005_366	Singlet	pANN_0.25_0.005_366	0.255813953488372
HRA003620_GTCGAATGTTCTCACC-1_1	HRA003620_NC-27	HRA003620	DF.classifications_0.25_0.005_366	Singlet	pANN_0.25_0.005_366	0.255813953488372
HRA003620_GTCGCGAAGTCAGGGT-1_1	HRA003620_NC-27	HRA003620	DF.classifications_0.25_0.005_366	Singlet	pANN_0.25_0.005_366	0.325581395348837
HRA003620_GTCGCGAGTCGGTGAA-1_1	HRA003620_NC-27	HRA003620	DF.classifications_0.25_0.005_366	Singlet	pANN_0.25_0.005_366	0
HRA003620_GTCGTAAAGCACGATG-1_1	HRA003620_NC-27	HRA003620	DF.classifications_0.25_0.005_366	Singlet	pANN_0.25_0.005_366	0.232558139534884
HRA003620_GTCGTAAAGGCGACAT-1_1	HRA003620_NC-27	HRA003620	DF.classifications_0.25_0.005_366	Singlet	pANN_0.25_0.005_366	0.395348837209302
HRA003620_GTCGTAACAGCTACAT-1_1	HRA003620_NC-27	HRA003620	DF.classifications_0.25_0.005_366	Singlet	pANN_0.25_0.005_366	0
HRA003620_GTCGTAATCACATCAG-1_1	HRA003620_NC-27	HRA003620	DF.classifications_0.25_0.005_366	Singlet	pANN_0.25_0.005_366	0.186046511627907
HRA003620_GTCGTAATCGCCGTGA-1_1	HRA003620_NC-27	HRA003620	DF.classifications_0.25_0.005_366	Singlet	pANN_0.25_0.005_366	0.116279069767442
HRA003620_GTCGTTCAGGAGGCAG-1_1	HRA003620_NC-27	HRA003620	DF.classifications_0.25_0.005_366	Singlet	pANN_0.25_0.005_366	0.0930232558139535
HRA003620_GTCGTTCGTCTCAAGT-1_1	HRA003620_NC-27	HRA003620	DF.classifications_0.25_0.005_366	Singlet	pANN_0.25_0.005_366	0.0697674418604651
HRA003620_GTCGTTCTCAAGCCTA-1_1	HRA003620_NC-27	HRA003620	DF.classifications_0.25_0.005_366	Singlet	pANN_0.25_0.005_366	0.0697674418604651
HRA003620_GTCGTTCTCCAAGAGG-1_1	HRA003620_NC-27	HRA003620	DF.classifications_0.25_0.005_366	Singlet	pANN_0.25_0.005_366	0.302325581395349
HRA003620_GTCGTTCTCCGTGTAA-1_1	HRA003620_NC-27	HRA003620	DF.classifications_0.25_0.005_366	Singlet	pANN_0.25_0.005_366	0.302325581395349
HRA003620_GTCTACCCAAAGGATT-1_1	HRA003620_NC-27	HRA003620	DF.classifications_0.25_0.005_366	Singlet	pANN_0.25_0.005_366	0.209302325581395
HRA003620_GTCTACCTCACAAGAA-1_1	HRA003620_NC-27	HRA003620	DF.classifications_0.25_0.005_366	Singlet	pANN_0.25_0.005_366	0.116279069767442
HRA003620_GTCTACCTCACCCTGT-1_1	HRA003620_NC-27	HRA003620	DF.classifications_0.25_0.005_366	Singlet	pANN_0.25_0.005_366	0.116279069767442
HRA003620_GTCTACCTCGATTTCT-1_1	HRA003620_NC-27	HRA003620	DF.classifications_0.25_0.005_366	Singlet	pANN_0.25_0.005_366	0.232558139534884
HRA003620_GTCTACCTCGCGGACT-1_1	HRA003620_NC-27	HRA003620	DF.classifications_0.25_0.005_366	Singlet	pANN_0.25_0.005_366	0.13953488372093
HRA003620_GTCTAGAAGTAAACAC-1_1	HRA003620_NC-27	HRA003620	DF.classifications_0.25_0.005_366	Singlet	pANN_0.25_0.005_366	0.0465116279069767
HRA003620_GTCTAGACAAATCCCA-1_1	HRA003620_NC-27	HRA003620	DF.classifications_0.25_0.005_366	Singlet	pANN_0.25_0.005_366	0.0930232558139535
HRA003620_GTCTAGACAGAGTCTT-1_1	HRA003620_NC-27	HRA003620	DF.classifications_0.25_0.005_366	Singlet	pANN_0.25_0.005_366	0.27906976744186
HRA003620_GTCTAGATCCTGTTGC-1_1	HRA003620_NC-27	HRA003620	DF.classifications_0.25_0.005_366	Singlet	pANN_0.25_0.005_366	0.0697674418604651
HRA003620_GTCTAGATCTATCACT-1_1	HRA003620_NC-27	HRA003620	DF.classifications_0.25_0.005_366	Singlet	pANN_0.25_0.005_366	0.0465116279069767
HRA003620_GTCTCACAGATGGGCT-1_1	HRA003620_NC-27	HRA003620	DF.classifications_0.25_0.005_366	Singlet	pANN_0.25_0.005_366	0.0697674418604651
HRA003620_GTCTCACCATCGTGGC-1_1	HRA003620_NC-27	HRA003620	DF.classifications_0.25_0.005_366	Singlet	pANN_0.25_0.005_366	0.395348837209302
HRA003620_GTCTCACTCCCGTTCA-1_1	HRA003620_NC-27	HRA003620	DF.classifications_0.25_0.005_366	Singlet	pANN_0.25_0.005_366	0.255813953488372
HRA003620_GTCTCACTCTTGAGCA-1_1	HRA003620_NC-27	HRA003620	DF.classifications_0.25_0.005_366	Singlet	pANN_0.25_0.005_366	0.209302325581395
HRA003620_GTCTGTCAGGTAGTAT-1_1	HRA003620_NC-27	HRA003620	DF.classifications_0.25_0.005_366	Singlet	pANN_0.25_0.005_366	0.116279069767442
HRA003620_GTCTGTCAGTCGGGAT-1_1	HRA003620_NC-27	HRA003620	DF.classifications_0.25_0.005_366	Singlet	pANN_0.25_0.005_366	0.255813953488372
HRA003620_GTCTGTCAGTCTAGAA-1_1	HRA003620_NC-27	HRA003620	DF.classifications_0.25_0.005_366	Singlet	pANN_0.25_0.005_366	0.162790697674419
HRA003620_GTCTGTCCACTAACCA-1_1	HRA003620_NC-27	HRA003620	DF.classifications_0.25_0.005_366	Singlet	pANN_0.25_0.005_366	0.186046511627907
HRA003620_GTCTGTCGTAGCACAG-1_1	HRA003620_NC-27	HRA003620	DF.classifications_0.25_0.005_366	Singlet	pANN_0.25_0.005_366	0.162790697674419
HRA003620_GTCTGTCGTCACTTCC-1_1	HRA003620_NC-27	HRA003620	DF.classifications_0.25_0.005_366	Singlet	pANN_0.25_0.005_366	0.232558139534884
HRA003620_GTCTGTCTCCTTATCA-1_1	HRA003620_NC-27	HRA003620	DF.classifications_0.25_0.005_366	Singlet	pANN_0.25_0.005_366	0.395348837209302
HRA003620_GTCTTTACAATTTCGG-1_1	HRA003620_NC-27	HRA003620	DF.classifications_0.25_0.005_366	Singlet	pANN_0.25_0.005_366	0.232558139534884
HRA003620_GTGACGCAGCCAAGCA-1_1	HRA003620_NC-27	HRA003620	DF.classifications_0.25_0.005_366	Singlet	pANN_0.25_0.005_366	0.13953488372093
HRA003620_GTGACGCAGCCGATAG-1_1	HRA003620_NC-27	HRA003620	DF.classifications_0.25_0.005_366	Singlet	pANN_0.25_0.005_366	0.186046511627907
HRA003620_GTGACGCCATCTGCGG-1_1	HRA003620_NC-27	HRA003620	DF.classifications_0.25_0.005_366	Singlet	pANN_0.25_0.005_366	0.209302325581395
HRA003620_GTGACGCGTTAATCGC-1_1	HRA003620_NC-27	HRA003620	DF.classifications_0.25_0.005_366	Singlet	pANN_0.25_0.005_366	0.27906976744186
HRA003620_GTGACGCTCCACGTGG-1_1	HRA003620_NC-27	HRA003620	DF.classifications_0.25_0.005_366	Singlet	pANN_0.25_0.005_366	0.0930232558139535
HRA003620_GTGACGCTCGAACCTA-1_1	HRA003620_NC-27	HRA003620	DF.classifications_0.25_0.005_366	Singlet	pANN_0.25_0.005_366	0.0930232558139535
HRA003620_GTGAGCCAGATGCTAA-1_1	HRA003620_NC-27	HRA003620	DF.classifications_0.25_0.005_366	Singlet	pANN_0.25_0.005_366	0.162790697674419
HRA003620_GTGAGCCAGCTCCGAC-1_1	HRA003620_NC-27	HRA003620	DF.classifications_0.25_0.005_366	Doublet	pANN_0.25_0.005_366	0.581395348837209
HRA003620_GTGAGCCAGTGGCAGT-1_1	HRA003620_NC-27	HRA003620	DF.classifications_0.25_0.005_366	Singlet	pANN_0.25_0.005_366	0.162790697674419
HRA003620_GTGAGCCCAGTGCGCT-1_1	HRA003620_NC-27	HRA003620	DF.classifications_0.25_0.005_366	Singlet	pANN_0.25_0.005_366	0.0930232558139535
HRA003620_GTGAGCCCATGGAACG-1_1	HRA003620_NC-27	HRA003620	DF.classifications_0.25_0.005_366	Singlet	pANN_0.25_0.005_366	0.186046511627907
HRA003620_GTGAGCCGTACAATAG-1_1	HRA003620_NC-27	HRA003620	DF.classifications_0.25_0.005_366	Doublet	pANN_0.25_0.005_366	0.511627906976744
HRA003620_GTGAGCCTCGCAATTG-1_1	HRA003620_NC-27	HRA003620	DF.classifications_0.25_0.005_366	Singlet	pANN_0.25_0.005_366	0.0697674418604651
HRA003620_GTGAGGAAGCCATGCC-1_1	HRA003620_NC-27	HRA003620	DF.classifications_0.25_0.005_366	Singlet	pANN_0.25_0.005_366	0.0465116279069767
HRA003620_GTGAGGACAGACCATT-1_1	HRA003620_NC-27	HRA003620	DF.classifications_0.25_0.005_366	Singlet	pANN_0.25_0.005_366	0.255813953488372
HRA003620_GTGAGGACATAGACTC-1_1	HRA003620_NC-27	HRA003620	DF.classifications_0.25_0.005_366	Singlet	pANN_0.25_0.005_366	0.0465116279069767
HRA003620_GTGAGGAGTCGGAAAC-1_1	HRA003620_NC-27	HRA003620	DF.classifications_0.25_0.005_366	Singlet	pANN_0.25_0.005_366	0.325581395348837
HRA003620_GTGAGGATCGGAATGG-1_1	HRA003620_NC-27	HRA003620	DF.classifications_0.25_0.005_366	Doublet	pANN_0.25_0.005_366	0.488372093023256
HRA003620_GTGAGTTAGGAACGAA-1_1	HRA003620_NC-27	HRA003620	DF.classifications_0.25_0.005_366	Singlet	pANN_0.25_0.005_366	0.0465116279069767
HRA003620_GTGAGTTCAAGTCCAT-1_1	HRA003620_NC-27	HRA003620	DF.classifications_0.25_0.005_366	Singlet	pANN_0.25_0.005_366	0.325581395348837
HRA003620_GTGAGTTCAATCCTAG-1_1	HRA003620_NC-27	HRA003620	DF.classifications_0.25_0.005_366	Singlet	pANN_0.25_0.005_366	0.116279069767442
HRA003620_GTGAGTTCACATTCTT-1_1	HRA003620_NC-27	HRA003620	DF.classifications_0.25_0.005_366	Singlet	pANN_0.25_0.005_366	0.186046511627907
HRA003620_GTGAGTTTCAAGGTGG-1_1	HRA003620_NC-27	HRA003620	DF.classifications_0.25_0.005_366	Singlet	pANN_0.25_0.005_366	0.186046511627907
HRA003620_GTGAGTTTCATGCTAG-1_1	HRA003620_NC-27	HRA003620	DF.classifications_0.25_0.005_366	Singlet	pANN_0.25_0.005_366	0.0930232558139535
HRA003620_GTGAGTTTCTTAGTTC-1_1	HRA003620_NC-27	HRA003620	DF.classifications_0.25_0.005_366	Singlet	pANN_0.25_0.005_366	0.162790697674419
HRA003620_GTGATGTAGTGTAGTA-1_1	HRA003620_NC-27	HRA003620	DF.classifications_0.25_0.005_366	Singlet	pANN_0.25_0.005_366	0.0465116279069767
HRA003620_GTGATGTCAGGAAGTC-1_1	HRA003620_NC-27	HRA003620	DF.classifications_0.25_0.005_366	Singlet	pANN_0.25_0.005_366	0
HRA003620_GTGATGTGTAGGAGTC-1_1	HRA003620_NC-27	HRA003620	DF.classifications_0.25_0.005_366	Singlet	pANN_0.25_0.005_366	0.209302325581395
HRA003620_GTGATGTGTGAATATG-1_1	HRA003620_NC-27	HRA003620	DF.classifications_0.25_0.005_366	Doublet	pANN_0.25_0.005_366	0.581395348837209
HRA003620_GTGATGTTCACAACCA-1_1	HRA003620_NC-27	HRA003620	DF.classifications_0.25_0.005_366	Singlet	pANN_0.25_0.005_366	0.255813953488372
HRA003620_GTGATGTTCTATACTC-1_1	HRA003620_NC-27	HRA003620	DF.classifications_0.25_0.005_366	Singlet	pANN_0.25_0.005_366	0.209302325581395
HRA003620_GTGATGTTCTTTGATC-1_1	HRA003620_NC-27	HRA003620	DF.classifications_0.25_0.005_366	Singlet	pANN_0.25_0.005_366	0.0930232558139535
HRA003620_GTGCACGGTCGCGTTG-1_1	HRA003620_NC-27	HRA003620	DF.classifications_0.25_0.005_366	Doublet	pANN_0.25_0.005_366	0.581395348837209
HRA003620_GTGCACGGTTCTCGCT-1_1	HRA003620_NC-27	HRA003620	DF.classifications_0.25_0.005_366	Singlet	pANN_0.25_0.005_366	0.209302325581395
HRA003620_GTGCACGTCATTGTGG-1_1	HRA003620_NC-27	HRA003620	DF.classifications_0.25_0.005_366	Singlet	pANN_0.25_0.005_366	0.0697674418604651
HRA003620_GTGCAGCCAGGTATGG-1_1	HRA003620_NC-27	HRA003620	DF.classifications_0.25_0.005_366	Singlet	pANN_0.25_0.005_366	0.0232558139534884
HRA003620_GTGCAGCGTAGCCCTG-1_1	HRA003620_NC-27	HRA003620	DF.classifications_0.25_0.005_366	Singlet	pANN_0.25_0.005_366	0.0465116279069767
HRA003620_GTGCAGCGTTAGAGAT-1_1	HRA003620_NC-27	HRA003620	DF.classifications_0.25_0.005_366	Doublet	pANN_0.25_0.005_366	0.488372093023256
HRA003620_GTGCGTGAGATACGAT-1_1	HRA003620_NC-27	HRA003620	DF.classifications_0.25_0.005_366	Singlet	pANN_0.25_0.005_366	0.0697674418604651
HRA003620_GTGCGTGCATAAGATG-1_1	HRA003620_NC-27	HRA003620	DF.classifications_0.25_0.005_366	Singlet	pANN_0.25_0.005_366	0.13953488372093
HRA003620_GTGCGTGTCACGTAGT-1_1	HRA003620_NC-27	HRA003620	DF.classifications_0.25_0.005_366	Singlet	pANN_0.25_0.005_366	0.0465116279069767
HRA003620_GTGCTGGAGAAGTATC-1_1	HRA003620_NC-27	HRA003620	DF.classifications_0.25_0.005_366	Singlet	pANN_0.25_0.005_366	0.116279069767442
HRA003620_GTGCTGGAGTCCCAAT-1_1	HRA003620_NC-27	HRA003620	DF.classifications_0.25_0.005_366	Singlet	pANN_0.25_0.005_366	0.116279069767442
HRA003620_GTGCTGGCAGGCTATT-1_1	HRA003620_NC-27	HRA003620	DF.classifications_0.25_0.005_366	Singlet	pANN_0.25_0.005_366	0.0930232558139535
HRA003620_GTGCTGGGTCCCGTGA-1_1	HRA003620_NC-27	HRA003620	DF.classifications_0.25_0.005_366	Singlet	pANN_0.25_0.005_366	0.13953488372093
HRA003620_GTGCTGGTCGTAATGC-1_1	HRA003620_NC-27	HRA003620	DF.classifications_0.25_0.005_366	Singlet	pANN_0.25_0.005_366	0.27906976744186
HRA003620_GTGCTTCAGCGATTCT-1_1	HRA003620_NC-27	HRA003620	DF.classifications_0.25_0.005_366	Singlet	pANN_0.25_0.005_366	0.0930232558139535
HRA003620_GTGCTTCAGCGTATGG-1_1	HRA003620_NC-27	HRA003620	DF.classifications_0.25_0.005_366	Singlet	pANN_0.25_0.005_366	0.162790697674419
HRA003620_GTGCTTCAGTCCCGAC-1_1	HRA003620_NC-27	HRA003620	DF.classifications_0.25_0.005_366	Singlet	pANN_0.25_0.005_366	0.162790697674419
HRA003620_GTGCTTCGTTGGGTAG-1_1	HRA003620_NC-27	HRA003620	DF.classifications_0.25_0.005_366	Singlet	pANN_0.25_0.005_366	0.0465116279069767
HRA003620_GTGCTTCTCCCTCAAC-1_1	HRA003620_NC-27	HRA003620	DF.classifications_0.25_0.005_366	Singlet	pANN_0.25_0.005_366	0.116279069767442
HRA003620_GTGCTTCTCGACATTG-1_1	HRA003620_NC-27	HRA003620	DF.classifications_0.25_0.005_366	Singlet	pANN_0.25_0.005_366	0.255813953488372
HRA003620_GTGCTTCTCTACGCGG-1_1	HRA003620_NC-27	HRA003620	DF.classifications_0.25_0.005_366	Singlet	pANN_0.25_0.005_366	0.27906976744186
HRA003620_GTGCTTCTCTTCTGTA-1_1	HRA003620_NC-27	HRA003620	DF.classifications_0.25_0.005_366	Singlet	pANN_0.25_0.005_366	0.116279069767442
HRA003620_GTGGAAGCAGCACAGA-1_1	HRA003620_NC-27	HRA003620	DF.classifications_0.25_0.005_366	Singlet	pANN_0.25_0.005_366	0.186046511627907
HRA003620_GTGGAAGGTCAGCTTA-1_1	HRA003620_NC-27	HRA003620	DF.classifications_0.25_0.005_366	Singlet	pANN_0.25_0.005_366	0.162790697674419
HRA003620_GTGGAAGGTGGATACG-1_1	HRA003620_NC-27	HRA003620	DF.classifications_0.25_0.005_366	Singlet	pANN_0.25_0.005_366	0.27906976744186
HRA003620_GTGGAAGGTGGCCACT-1_1	HRA003620_NC-27	HRA003620	DF.classifications_0.25_0.005_366	Singlet	pANN_0.25_0.005_366	0.255813953488372
HRA003620_GTGGAAGTCACGAACT-1_1	HRA003620_NC-27	HRA003620	DF.classifications_0.25_0.005_366	Singlet	pANN_0.25_0.005_366	0.372093023255814
HRA003620_GTGGAAGTCCATGATG-1_1	HRA003620_NC-27	HRA003620	DF.classifications_0.25_0.005_366	Singlet	pANN_0.25_0.005_366	0.348837209302326
HRA003620_GTGGAGAAGGTCGTCC-1_1	HRA003620_NC-27	HRA003620	DF.classifications_0.25_0.005_366	Singlet	pANN_0.25_0.005_366	0.116279069767442
HRA003620_GTGGAGAAGTCGCCAC-1_1	HRA003620_NC-27	HRA003620	DF.classifications_0.25_0.005_366	Singlet	pANN_0.25_0.005_366	0.209302325581395
HRA003620_GTGGAGAGTCAGCGTC-1_1	HRA003620_NC-27	HRA003620	DF.classifications_0.25_0.005_366	Singlet	pANN_0.25_0.005_366	0.209302325581395
HRA003620_GTGGAGAGTGATGGCA-1_1	HRA003620_NC-27	HRA003620	DF.classifications_0.25_0.005_366	Singlet	pANN_0.25_0.005_366	0.162790697674419
HRA003620_GTGGAGATCCTGCTAC-1_1	HRA003620_NC-27	HRA003620	DF.classifications_0.25_0.005_366	Singlet	pANN_0.25_0.005_366	0.0232558139534884
HRA003620_GTGGAGATCTGTTCAT-1_1	HRA003620_NC-27	HRA003620	DF.classifications_0.25_0.005_366	Singlet	pANN_0.25_0.005_366	0.0697674418604651
HRA003620_GTGGCGTAGATGCAGC-1_1	HRA003620_NC-27	HRA003620	DF.classifications_0.25_0.005_366	Singlet	pANN_0.25_0.005_366	0.13953488372093
HRA003620_GTGGCGTAGGCTAGCA-1_1	HRA003620_NC-27	HRA003620	DF.classifications_0.25_0.005_366	Singlet	pANN_0.25_0.005_366	0.0465116279069767
HRA003620_GTGGCGTAGGGTATAT-1_1	HRA003620_NC-27	HRA003620	DF.classifications_0.25_0.005_366	Singlet	pANN_0.25_0.005_366	0.186046511627907
HRA003620_GTGGCGTCAAGCGCTC-1_1	HRA003620_NC-27	HRA003620	DF.classifications_0.25_0.005_366	Singlet	pANN_0.25_0.005_366	0
HRA003620_GTGGCGTTCTGATTCT-1_1	HRA003620_NC-27	HRA003620	DF.classifications_0.25_0.005_366	Singlet	pANN_0.25_0.005_366	0.255813953488372
HRA003620_GTGGGAAAGGTGAGCT-1_1	HRA003620_NC-27	HRA003620	DF.classifications_0.25_0.005_366	Singlet	pANN_0.25_0.005_366	0.255813953488372
HRA003620_GTGGGAAGTGCTGCAC-1_1	HRA003620_NC-27	HRA003620	DF.classifications_0.25_0.005_366	Singlet	pANN_0.25_0.005_366	0.0232558139534884
HRA003620_GTGGGAAGTGTCGCTG-1_1	HRA003620_NC-27	HRA003620	DF.classifications_0.25_0.005_366	Singlet	pANN_0.25_0.005_366	0.209302325581395
HRA003620_GTGGGAAGTTGGCTAT-1_1	HRA003620_NC-27	HRA003620	DF.classifications_0.25_0.005_366	Singlet	pANN_0.25_0.005_366	0.0930232558139535
HRA003620_GTGGGAATCATTCGTT-1_1	HRA003620_NC-27	HRA003620	DF.classifications_0.25_0.005_366	Singlet	pANN_0.25_0.005_366	0.186046511627907
HRA003620_GTGGGAATCCTTTGAT-1_1	HRA003620_NC-27	HRA003620	DF.classifications_0.25_0.005_366	Singlet	pANN_0.25_0.005_366	0.0465116279069767
HRA003620_GTGGGAATCGCGATCG-1_1	HRA003620_NC-27	HRA003620	DF.classifications_0.25_0.005_366	Singlet	pANN_0.25_0.005_366	0.209302325581395
HRA003620_GTGGTTAAGGTATCTC-1_1	HRA003620_NC-27	HRA003620	DF.classifications_0.25_0.005_366	Singlet	pANN_0.25_0.005_366	0.186046511627907
HRA003620_GTGGTTACAAGCTGCC-1_1	HRA003620_NC-27	HRA003620	DF.classifications_0.25_0.005_366	Doublet	pANN_0.25_0.005_366	0.627906976744186
HRA003620_GTGGTTACACTACAGT-1_1	HRA003620_NC-27	HRA003620	DF.classifications_0.25_0.005_366	Singlet	pANN_0.25_0.005_366	0.116279069767442
HRA003620_GTGGTTAGTCTTACTT-1_1	HRA003620_NC-27	HRA003620	DF.classifications_0.25_0.005_366	Singlet	pANN_0.25_0.005_366	0.302325581395349
HRA003620_GTGGTTAGTGTATACC-1_1	HRA003620_NC-27	HRA003620	DF.classifications_0.25_0.005_366	Singlet	pANN_0.25_0.005_366	0.0465116279069767
HRA003620_GTGGTTATCGTCCTTG-1_1	HRA003620_NC-27	HRA003620	DF.classifications_0.25_0.005_366	Singlet	pANN_0.25_0.005_366	0.13953488372093
HRA003620_GTGGTTATCTCTCAAT-1_1	HRA003620_NC-27	HRA003620	DF.classifications_0.25_0.005_366	Singlet	pANN_0.25_0.005_366	0.209302325581395
HRA003620_GTGTAACAGAAGTATC-1_1	HRA003620_NC-27	HRA003620	DF.classifications_0.25_0.005_366	Singlet	pANN_0.25_0.005_366	0.0465116279069767
HRA003620_GTGTAACAGTCATGAA-1_1	HRA003620_NC-27	HRA003620	DF.classifications_0.25_0.005_366	Singlet	pANN_0.25_0.005_366	0.209302325581395
HRA003620_GTGTAACAGTGCCCGT-1_1	HRA003620_NC-27	HRA003620	DF.classifications_0.25_0.005_366	Singlet	pANN_0.25_0.005_366	0.162790697674419
HRA003620_GTGTAACCACAAGCCC-1_1	HRA003620_NC-27	HRA003620	DF.classifications_0.25_0.005_366	Singlet	pANN_0.25_0.005_366	0.13953488372093
HRA003620_GTGTAACCAGCTATTG-1_1	HRA003620_NC-27	HRA003620	DF.classifications_0.25_0.005_366	Singlet	pANN_0.25_0.005_366	0.13953488372093
HRA003620_GTGTAACCATACTGTG-1_1	HRA003620_NC-27	HRA003620	DF.classifications_0.25_0.005_366	Singlet	pANN_0.25_0.005_366	0.395348837209302
HRA003620_GTGTAACGTGCCCTTT-1_1	HRA003620_NC-27	HRA003620	DF.classifications_0.25_0.005_366	Singlet	pANN_0.25_0.005_366	0.0232558139534884
HRA003620_GTGTAACTCAACTGAC-1_1	HRA003620_NC-27	HRA003620	DF.classifications_0.25_0.005_366	Singlet	pANN_0.25_0.005_366	0.232558139534884
HRA003620_GTGTCCTAGACTCTTG-1_1	HRA003620_NC-27	HRA003620	DF.classifications_0.25_0.005_366	Singlet	pANN_0.25_0.005_366	0.116279069767442
HRA003620_GTGTCCTAGAGAGCGG-1_1	HRA003620_NC-27	HRA003620	DF.classifications_0.25_0.005_366	Singlet	pANN_0.25_0.005_366	0.27906976744186
HRA003620_GTGTCCTAGCGATGAC-1_1	HRA003620_NC-27	HRA003620	DF.classifications_0.25_0.005_366	Singlet	pANN_0.25_0.005_366	0.0465116279069767
HRA003620_GTGTCCTAGCTATCTG-1_1	HRA003620_NC-27	HRA003620	DF.classifications_0.25_0.005_366	Singlet	pANN_0.25_0.005_366	0.186046511627907
HRA003620_GTGTCCTCAACGATCT-1_1	HRA003620_NC-27	HRA003620	DF.classifications_0.25_0.005_366	Singlet	pANN_0.25_0.005_366	0.162790697674419
HRA003620_GTGTCCTGTTACAGCT-1_1	HRA003620_NC-27	HRA003620	DF.classifications_0.25_0.005_366	Singlet	pANN_0.25_0.005_366	0.0465116279069767
HRA003620_GTGTCCTTCAACACGT-1_1	HRA003620_NC-27	HRA003620	DF.classifications_0.25_0.005_366	Singlet	pANN_0.25_0.005_366	0.0465116279069767
HRA003620_GTGTCCTTCCTCACCA-1_1	HRA003620_NC-27	HRA003620	DF.classifications_0.25_0.005_366	Singlet	pANN_0.25_0.005_366	0.232558139534884
HRA003620_GTGTCCTTCGAGAAGC-1_1	HRA003620_NC-27	HRA003620	DF.classifications_0.25_0.005_366	Singlet	pANN_0.25_0.005_366	0.13953488372093
HRA003620_GTGTCCTTCGTTTACT-1_1	HRA003620_NC-27	HRA003620	DF.classifications_0.25_0.005_366	Singlet	pANN_0.25_0.005_366	0.0232558139534884
HRA003620_GTGTGATAGGCGACAT-1_1	HRA003620_NC-27	HRA003620	DF.classifications_0.25_0.005_366	Singlet	pANN_0.25_0.005_366	0.162790697674419
HRA003620_GTGTGATGTTGTGCCG-1_1	HRA003620_NC-27	HRA003620	DF.classifications_0.25_0.005_366	Singlet	pANN_0.25_0.005_366	0.0930232558139535
HRA003620_GTGTGATTCAGTCATG-1_1	HRA003620_NC-27	HRA003620	DF.classifications_0.25_0.005_366	Singlet	pANN_0.25_0.005_366	0.0930232558139535
HRA003620_GTGTGATTCCGTGGGT-1_1	HRA003620_NC-27	HRA003620	DF.classifications_0.25_0.005_366	Singlet	pANN_0.25_0.005_366	0.418604651162791
HRA003620_GTGTGGCAGTATAGGT-1_1	HRA003620_NC-27	HRA003620	DF.classifications_0.25_0.005_366	Singlet	pANN_0.25_0.005_366	0.186046511627907
HRA003620_GTGTGGCAGTTCATCG-1_1	HRA003620_NC-27	HRA003620	DF.classifications_0.25_0.005_366	Singlet	pANN_0.25_0.005_366	0.232558139534884
HRA003620_GTGTGGCCAACGGGTA-1_1	HRA003620_NC-27	HRA003620	DF.classifications_0.25_0.005_366	Singlet	pANN_0.25_0.005_366	0.348837209302326
HRA003620_GTGTGGCCACCTGCGA-1_1	HRA003620_NC-27	HRA003620	DF.classifications_0.25_0.005_366	Singlet	pANN_0.25_0.005_366	0.232558139534884
HRA003620_GTGTGGCGTATGTCCA-1_1	HRA003620_NC-27	HRA003620	DF.classifications_0.25_0.005_366	Singlet	pANN_0.25_0.005_366	0.162790697674419
HRA003620_GTGTGGCGTTTGACAC-1_1	HRA003620_NC-27	HRA003620	DF.classifications_0.25_0.005_366	Singlet	pANN_0.25_0.005_366	0.116279069767442
HRA003620_GTGTGGCTCGTAGGAG-1_1	HRA003620_NC-27	HRA003620	DF.classifications_0.25_0.005_366	Singlet	pANN_0.25_0.005_366	0.0465116279069767
HRA003620_GTGTTAGAGCTCAGAG-1_1	HRA003620_NC-27	HRA003620	DF.classifications_0.25_0.005_366	Singlet	pANN_0.25_0.005_366	0.302325581395349
HRA003620_GTGTTAGGTAACCCTA-1_1	HRA003620_NC-27	HRA003620	DF.classifications_0.25_0.005_366	Singlet	pANN_0.25_0.005_366	0.27906976744186
HRA003620_GTGTTAGGTACCTTCC-1_1	HRA003620_NC-27	HRA003620	DF.classifications_0.25_0.005_366	Singlet	pANN_0.25_0.005_366	0.0465116279069767
HRA003620_GTGTTCCAGCGTATGG-1_1	HRA003620_NC-27	HRA003620	DF.classifications_0.25_0.005_366	Singlet	pANN_0.25_0.005_366	0.0232558139534884
HRA003620_GTGTTCCGTTTCGACA-1_1	HRA003620_NC-27	HRA003620	DF.classifications_0.25_0.005_366	Singlet	pANN_0.25_0.005_366	0.13953488372093
HRA003620_GTGTTCCTCATTTGGG-1_1	HRA003620_NC-27	HRA003620	DF.classifications_0.25_0.005_366	Singlet	pANN_0.25_0.005_366	0.116279069767442
HRA003620_GTGTTCCTCCCTCTCC-1_1	HRA003620_NC-27	HRA003620	DF.classifications_0.25_0.005_366	Singlet	pANN_0.25_0.005_366	0.162790697674419
HRA003620_GTTACAGAGGCCCACT-1_1	HRA003620_NC-27	HRA003620	DF.classifications_0.25_0.005_366	Singlet	pANN_0.25_0.005_366	0.116279069767442
HRA003620_GTTACAGAGGCGAACT-1_1	HRA003620_NC-27	HRA003620	DF.classifications_0.25_0.005_366	Singlet	pANN_0.25_0.005_366	0.13953488372093
HRA003620_GTTACAGCAACCGTGC-1_1	HRA003620_NC-27	HRA003620	DF.classifications_0.25_0.005_366	Doublet	pANN_0.25_0.005_366	0.441860465116279
HRA003620_GTTACAGGTAACACCT-1_1	HRA003620_NC-27	HRA003620	DF.classifications_0.25_0.005_366	Singlet	pANN_0.25_0.005_366	0.255813953488372
HRA003620_GTTACAGGTCGCATCG-1_1	HRA003620_NC-27	HRA003620	DF.classifications_0.25_0.005_366	Singlet	pANN_0.25_0.005_366	0.13953488372093
HRA003620_GTTACCCCACTGGCGT-1_1	HRA003620_NC-27	HRA003620	DF.classifications_0.25_0.005_366	Singlet	pANN_0.25_0.005_366	0.116279069767442
HRA003620_GTTACCCCATTGGCAT-1_1	HRA003620_NC-27	HRA003620	DF.classifications_0.25_0.005_366	Singlet	pANN_0.25_0.005_366	0.0465116279069767
HRA003620_GTTACCCGTACTCAAC-1_1	HRA003620_NC-27	HRA003620	DF.classifications_0.25_0.005_366	Singlet	pANN_0.25_0.005_366	0.116279069767442
HRA003620_GTTACCCGTAGAGATT-1_1	HRA003620_NC-27	HRA003620	DF.classifications_0.25_0.005_366	Singlet	pANN_0.25_0.005_366	0.372093023255814
HRA003620_GTTACCCTCTTGAACG-1_1	HRA003620_NC-27	HRA003620	DF.classifications_0.25_0.005_366	Singlet	pANN_0.25_0.005_366	0.0930232558139535
HRA003620_GTTACCCTCTTGGTGA-1_1	HRA003620_NC-27	HRA003620	DF.classifications_0.25_0.005_366	Singlet	pANN_0.25_0.005_366	0.209302325581395
HRA003620_GTTACGAAGACTCGAG-1_1	HRA003620_NC-27	HRA003620	DF.classifications_0.25_0.005_366	Singlet	pANN_0.25_0.005_366	0.186046511627907
HRA003620_GTTACGAAGCGACTGA-1_1	HRA003620_NC-27	HRA003620	DF.classifications_0.25_0.005_366	Singlet	pANN_0.25_0.005_366	0.116279069767442
HRA003620_GTTACGAAGTAGCAAT-1_1	HRA003620_NC-27	HRA003620	DF.classifications_0.25_0.005_366	Singlet	pANN_0.25_0.005_366	0.0697674418604651
HRA003620_GTTACGAAGTCAGCCC-1_1	HRA003620_NC-27	HRA003620	DF.classifications_0.25_0.005_366	Singlet	pANN_0.25_0.005_366	0.232558139534884
HRA003620_GTTACGACAACGGCTC-1_1	HRA003620_NC-27	HRA003620	DF.classifications_0.25_0.005_366	Singlet	pANN_0.25_0.005_366	0.13953488372093
HRA003620_GTTACGAGTTCGGTTA-1_1	HRA003620_NC-27	HRA003620	DF.classifications_0.25_0.005_366	Singlet	pANN_0.25_0.005_366	0.0697674418604651
HRA003620_GTTACGATCAGAGCAG-1_1	HRA003620_NC-27	HRA003620	DF.classifications_0.25_0.005_366	Singlet	pANN_0.25_0.005_366	0.232558139534884
HRA003620_GTTAGACCACAGAGAC-1_1	HRA003620_NC-27	HRA003620	DF.classifications_0.25_0.005_366	Singlet	pANN_0.25_0.005_366	0.0697674418604651
HRA003620_GTTAGACCATAGAGGC-1_1	HRA003620_NC-27	HRA003620	DF.classifications_0.25_0.005_366	Singlet	pANN_0.25_0.005_366	0.209302325581395
HRA003620_GTTAGACGTCACCCTT-1_1	HRA003620_NC-27	HRA003620	DF.classifications_0.25_0.005_366	Singlet	pANN_0.25_0.005_366	0.0232558139534884
HRA003620_GTTAGACGTCCTGGGT-1_1	HRA003620_NC-27	HRA003620	DF.classifications_0.25_0.005_366	Singlet	pANN_0.25_0.005_366	0.13953488372093
HRA003620_GTTAGACGTCGGATTT-1_1	HRA003620_NC-27	HRA003620	DF.classifications_0.25_0.005_366	Doublet	pANN_0.25_0.005_366	0.465116279069767
HRA003620_GTTAGTGAGAATTGTG-1_1	HRA003620_NC-27	HRA003620	DF.classifications_0.25_0.005_366	Singlet	pANN_0.25_0.005_366	0.255813953488372
HRA003620_GTTAGTGAGTCCCAGC-1_1	HRA003620_NC-27	HRA003620	DF.classifications_0.25_0.005_366	Singlet	pANN_0.25_0.005_366	0.162790697674419
HRA003620_GTTAGTGCACTGAGGA-1_1	HRA003620_NC-27	HRA003620	DF.classifications_0.25_0.005_366	Singlet	pANN_0.25_0.005_366	0.232558139534884
HRA003620_GTTAGTGCATCTTTCA-1_1	HRA003620_NC-27	HRA003620	DF.classifications_0.25_0.005_366	Singlet	pANN_0.25_0.005_366	0.116279069767442
HRA003620_GTTAGTGGTACCGTGC-1_1	HRA003620_NC-27	HRA003620	DF.classifications_0.25_0.005_366	Singlet	pANN_0.25_0.005_366	0.209302325581395
HRA003620_GTTAGTGGTCACATTG-1_1	HRA003620_NC-27	HRA003620	DF.classifications_0.25_0.005_366	Singlet	pANN_0.25_0.005_366	0.186046511627907
HRA003620_GTTAGTGGTCCAGCCA-1_1	HRA003620_NC-27	HRA003620	DF.classifications_0.25_0.005_366	Singlet	pANN_0.25_0.005_366	0.162790697674419
HRA003620_GTTAGTGTCCACGTAA-1_1	HRA003620_NC-27	HRA003620	DF.classifications_0.25_0.005_366	Singlet	pANN_0.25_0.005_366	0.162790697674419
HRA003620_GTTATGGAGGCTCCCA-1_1	HRA003620_NC-27	HRA003620	DF.classifications_0.25_0.005_366	Singlet	pANN_0.25_0.005_366	0.395348837209302
HRA003620_GTTATGGCAAATGCTC-1_1	HRA003620_NC-27	HRA003620	DF.classifications_0.25_0.005_366	Singlet	pANN_0.25_0.005_366	0.0697674418604651
HRA003620_GTTATGGCATGGTACT-1_1	HRA003620_NC-27	HRA003620	DF.classifications_0.25_0.005_366	Singlet	pANN_0.25_0.005_366	0.302325581395349
HRA003620_GTTATGGGTACCCAGC-1_1	HRA003620_NC-27	HRA003620	DF.classifications_0.25_0.005_366	Singlet	pANN_0.25_0.005_366	0
HRA003620_GTTATGGGTAGTCACT-1_1	HRA003620_NC-27	HRA003620	DF.classifications_0.25_0.005_366	Singlet	pANN_0.25_0.005_366	0.209302325581395
HRA003620_GTTATGGGTCGTTGCG-1_1	HRA003620_NC-27	HRA003620	DF.classifications_0.25_0.005_366	Singlet	pANN_0.25_0.005_366	0.372093023255814
HRA003620_GTTATGGGTTATCCAG-1_1	HRA003620_NC-27	HRA003620	DF.classifications_0.25_0.005_366	Singlet	pANN_0.25_0.005_366	0.232558139534884
HRA003620_GTTATGGTCACACCCT-1_1	HRA003620_NC-27	HRA003620	DF.classifications_0.25_0.005_366	Singlet	pANN_0.25_0.005_366	0.209302325581395
HRA003620_GTTCATTAGTTGGAGC-1_1	HRA003620_NC-27	HRA003620	DF.classifications_0.25_0.005_366	Singlet	pANN_0.25_0.005_366	0.0930232558139535
HRA003620_GTTCATTTCATGACAC-1_1	HRA003620_NC-27	HRA003620	DF.classifications_0.25_0.005_366	Singlet	pANN_0.25_0.005_366	0.0465116279069767
HRA003620_GTTCATTTCGGCAGTC-1_1	HRA003620_NC-27	HRA003620	DF.classifications_0.25_0.005_366	Singlet	pANN_0.25_0.005_366	0.13953488372093
HRA003620_GTTCATTTCGTTTACT-1_1	HRA003620_NC-27	HRA003620	DF.classifications_0.25_0.005_366	Singlet	pANN_0.25_0.005_366	0.0465116279069767
HRA003620_GTTCCGTAGGGCCTCT-1_1	HRA003620_NC-27	HRA003620	DF.classifications_0.25_0.005_366	Singlet	pANN_0.25_0.005_366	0.13953488372093
HRA003620_GTTCCGTAGGTGCAGT-1_1	HRA003620_NC-27	HRA003620	DF.classifications_0.25_0.005_366	Singlet	pANN_0.25_0.005_366	0.27906976744186
HRA003620_GTTCCGTCACCGTCTT-1_1	HRA003620_NC-27	HRA003620	DF.classifications_0.25_0.005_366	Singlet	pANN_0.25_0.005_366	0.27906976744186
HRA003620_GTTCCGTCACTACGGC-1_1	HRA003620_NC-27	HRA003620	DF.classifications_0.25_0.005_366	Singlet	pANN_0.25_0.005_366	0.302325581395349
HRA003620_GTTCCGTCAGGACAGT-1_1	HRA003620_NC-27	HRA003620	DF.classifications_0.25_0.005_366	Singlet	pANN_0.25_0.005_366	0.186046511627907
HRA003620_GTTCCGTCATACCATG-1_1	HRA003620_NC-27	HRA003620	DF.classifications_0.25_0.005_366	Singlet	pANN_0.25_0.005_366	0.302325581395349
HRA003620_GTTCCGTGTGGCTACC-1_1	HRA003620_NC-27	HRA003620	DF.classifications_0.25_0.005_366	Singlet	pANN_0.25_0.005_366	0.27906976744186
HRA003620_GTTCCGTTCATTCGGA-1_1	HRA003620_NC-27	HRA003620	DF.classifications_0.25_0.005_366	Singlet	pANN_0.25_0.005_366	0.232558139534884
HRA003620_GTTCCGTTCGACGAGA-1_1	HRA003620_NC-27	HRA003620	DF.classifications_0.25_0.005_366	Singlet	pANN_0.25_0.005_366	0.255813953488372
HRA003620_GTTCCGTTCGGAGCAA-1_1	HRA003620_NC-27	HRA003620	DF.classifications_0.25_0.005_366	Singlet	pANN_0.25_0.005_366	0.0232558139534884
HRA003620_GTTCCGTTCTCCTACG-1_1	HRA003620_NC-27	HRA003620	DF.classifications_0.25_0.005_366	Singlet	pANN_0.25_0.005_366	0.162790697674419
HRA003620_GTTCCGTTCTTCGTAT-1_1	HRA003620_NC-27	HRA003620	DF.classifications_0.25_0.005_366	Singlet	pANN_0.25_0.005_366	0.27906976744186
HRA003620_GTTCGCTAGCATGCAG-1_1	HRA003620_NC-27	HRA003620	DF.classifications_0.25_0.005_366	Singlet	pANN_0.25_0.005_366	0.0232558139534884
HRA003620_GTTCGCTAGCGCTGAA-1_1	HRA003620_NC-27	HRA003620	DF.classifications_0.25_0.005_366	Singlet	pANN_0.25_0.005_366	0.116279069767442
HRA003620_GTTCGCTCAGCAGATG-1_1	HRA003620_NC-27	HRA003620	DF.classifications_0.25_0.005_366	Singlet	pANN_0.25_0.005_366	0.0697674418604651
HRA003620_GTTCGCTCAGGTCAGA-1_1	HRA003620_NC-27	HRA003620	DF.classifications_0.25_0.005_366	Singlet	pANN_0.25_0.005_366	0.27906976744186
HRA003620_GTTCGCTCATTCCTAT-1_1	HRA003620_NC-27	HRA003620	DF.classifications_0.25_0.005_366	Singlet	pANN_0.25_0.005_366	0.0697674418604651
HRA003620_GTTCGCTTCCTTCAGC-1_1	HRA003620_NC-27	HRA003620	DF.classifications_0.25_0.005_366	Singlet	pANN_0.25_0.005_366	0.325581395348837
HRA003620_GTTCTATCAAGGGTCA-1_1	HRA003620_NC-27	HRA003620	DF.classifications_0.25_0.005_366	Singlet	pANN_0.25_0.005_366	0.209302325581395
HRA003620_GTTCTATCAGAGACTG-1_1	HRA003620_NC-27	HRA003620	DF.classifications_0.25_0.005_366	Doublet	pANN_0.25_0.005_366	0.488372093023256
HRA003620_GTTCTATGTGCTCCGA-1_1	HRA003620_NC-27	HRA003620	DF.classifications_0.25_0.005_366	Singlet	pANN_0.25_0.005_366	0.0930232558139535
HRA003620_GTTCTATTCATCTGTT-1_1	HRA003620_NC-27	HRA003620	DF.classifications_0.25_0.005_366	Singlet	pANN_0.25_0.005_366	0.255813953488372
HRA003620_GTTGAACAGCGTGCTC-1_1	HRA003620_NC-27	HRA003620	DF.classifications_0.25_0.005_366	Singlet	pANN_0.25_0.005_366	0.162790697674419
HRA003620_GTTGAACAGTCCCGGT-1_1	HRA003620_NC-27	HRA003620	DF.classifications_0.25_0.005_366	Singlet	pANN_0.25_0.005_366	0.0232558139534884
HRA003620_GTTGAACCACGCCAGT-1_1	HRA003620_NC-27	HRA003620	DF.classifications_0.25_0.005_366	Singlet	pANN_0.25_0.005_366	0.255813953488372
HRA003620_GTTGAACCATTAGGCT-1_1	HRA003620_NC-27	HRA003620	DF.classifications_0.25_0.005_366	Singlet	pANN_0.25_0.005_366	0.395348837209302
HRA003620_GTTGCGGAGATACTGA-1_1	HRA003620_NC-27	HRA003620	DF.classifications_0.25_0.005_366	Doublet	pANN_0.25_0.005_366	0.558139534883721
HRA003620_GTTGCGGCAAATCGGG-1_1	HRA003620_NC-27	HRA003620	DF.classifications_0.25_0.005_366	Singlet	pANN_0.25_0.005_366	0.232558139534884
HRA003620_GTTGCGGCAGGATGAC-1_1	HRA003620_NC-27	HRA003620	DF.classifications_0.25_0.005_366	Singlet	pANN_0.25_0.005_366	0.209302325581395
HRA003620_GTTGCGGGTCGATTTG-1_1	HRA003620_NC-27	HRA003620	DF.classifications_0.25_0.005_366	Singlet	pANN_0.25_0.005_366	0.186046511627907
HRA003620_GTTGCTCAGACCATGG-1_1	HRA003620_NC-27	HRA003620	DF.classifications_0.25_0.005_366	Singlet	pANN_0.25_0.005_366	0.209302325581395
HRA003620_GTTGCTCAGCGTCAAG-1_1	HRA003620_NC-27	HRA003620	DF.classifications_0.25_0.005_366	Singlet	pANN_0.25_0.005_366	0.13953488372093
HRA003620_GTTGCTCGTGGTATGG-1_1	HRA003620_NC-27	HRA003620	DF.classifications_0.25_0.005_366	Singlet	pANN_0.25_0.005_366	0.116279069767442
HRA003620_GTTGCTCGTGGTCTTA-1_1	HRA003620_NC-27	HRA003620	DF.classifications_0.25_0.005_366	Singlet	pANN_0.25_0.005_366	0
HRA003620_GTTGTAGAGAGCAGAA-1_1	HRA003620_NC-27	HRA003620	DF.classifications_0.25_0.005_366	Singlet	pANN_0.25_0.005_366	0.0930232558139535
HRA003620_GTTGTAGCACTTCTCG-1_1	HRA003620_NC-27	HRA003620	DF.classifications_0.25_0.005_366	Singlet	pANN_0.25_0.005_366	0.0465116279069767
HRA003620_GTTGTAGCAGACAAAT-1_1	HRA003620_NC-27	HRA003620	DF.classifications_0.25_0.005_366	Singlet	pANN_0.25_0.005_366	0.0232558139534884
HRA003620_GTTGTAGCAGGCGATA-1_1	HRA003620_NC-27	HRA003620	DF.classifications_0.25_0.005_366	Singlet	pANN_0.25_0.005_366	0.0930232558139535
HRA003620_GTTGTAGGTACGAGCA-1_1	HRA003620_NC-27	HRA003620	DF.classifications_0.25_0.005_366	Singlet	pANN_0.25_0.005_366	0.116279069767442
HRA003620_GTTGTAGTCCTAGCTC-1_1	HRA003620_NC-27	HRA003620	DF.classifications_0.25_0.005_366	Singlet	pANN_0.25_0.005_366	0.116279069767442
HRA003620_GTTGTCCAGAGAACCC-1_1	HRA003620_NC-27	HRA003620	DF.classifications_0.25_0.005_366	Singlet	pANN_0.25_0.005_366	0.255813953488372
HRA003620_GTTGTCCAGCCGCTTG-1_1	HRA003620_NC-27	HRA003620	DF.classifications_0.25_0.005_366	Singlet	pANN_0.25_0.005_366	0.0930232558139535
HRA003620_GTTGTCCCACACCAGC-1_1	HRA003620_NC-27	HRA003620	DF.classifications_0.25_0.005_366	Singlet	pANN_0.25_0.005_366	0.325581395348837
HRA003620_GTTGTCCCATCATCCC-1_1	HRA003620_NC-27	HRA003620	DF.classifications_0.25_0.005_366	Singlet	pANN_0.25_0.005_366	0.255813953488372
HRA003620_GTTGTCCGTCATAAAG-1_1	HRA003620_NC-27	HRA003620	DF.classifications_0.25_0.005_366	Singlet	pANN_0.25_0.005_366	0.0232558139534884
HRA003620_GTTGTCCGTTAAACCC-1_1	HRA003620_NC-27	HRA003620	DF.classifications_0.25_0.005_366	Singlet	pANN_0.25_0.005_366	0.13953488372093
HRA003620_GTTGTCCTCAAATAGG-1_1	HRA003620_NC-27	HRA003620	DF.classifications_0.25_0.005_366	Singlet	pANN_0.25_0.005_366	0.372093023255814
HRA003620_GTTGTCCTCAGTCCGG-1_1	HRA003620_NC-27	HRA003620	DF.classifications_0.25_0.005_366	Singlet	pANN_0.25_0.005_366	0.232558139534884
HRA003620_GTTGTGAAGGACACTG-1_1	HRA003620_NC-27	HRA003620	DF.classifications_0.25_0.005_366	Singlet	pANN_0.25_0.005_366	0.0930232558139535
HRA003620_GTTGTGAAGTTACGGG-1_1	HRA003620_NC-27	HRA003620	DF.classifications_0.25_0.005_366	Singlet	pANN_0.25_0.005_366	0.13953488372093
HRA003620_GTTGTGACAAATCGGG-1_1	HRA003620_NC-27	HRA003620	DF.classifications_0.25_0.005_366	Singlet	pANN_0.25_0.005_366	0.116279069767442
HRA003620_GTTGTGACACAATCTG-1_1	HRA003620_NC-27	HRA003620	DF.classifications_0.25_0.005_366	Singlet	pANN_0.25_0.005_366	0.0232558139534884
HRA003620_GTTGTGACACACTTAG-1_1	HRA003620_NC-27	HRA003620	DF.classifications_0.25_0.005_366	Singlet	pANN_0.25_0.005_366	0.13953488372093
HRA003620_GTTGTGACACCACTGG-1_1	HRA003620_NC-27	HRA003620	DF.classifications_0.25_0.005_366	Singlet	pANN_0.25_0.005_366	0.0930232558139535
HRA003620_GTTGTGAGTATCTCGA-1_1	HRA003620_NC-27	HRA003620	DF.classifications_0.25_0.005_366	Singlet	pANN_0.25_0.005_366	0
HRA003620_GTTGTGATCATGCCGG-1_1	HRA003620_NC-27	HRA003620	DF.classifications_0.25_0.005_366	Singlet	pANN_0.25_0.005_366	0
HRA003620_GTTTACTAGGAGATAG-1_1	HRA003620_NC-27	HRA003620	DF.classifications_0.25_0.005_366	Singlet	pANN_0.25_0.005_366	0.0465116279069767
HRA003620_GTTTACTGTCAACCTA-1_1	HRA003620_NC-27	HRA003620	DF.classifications_0.25_0.005_366	Singlet	pANN_0.25_0.005_366	0.0930232558139535
HRA003620_GTTTACTGTCTAACTG-1_1	HRA003620_NC-27	HRA003620	DF.classifications_0.25_0.005_366	Singlet	pANN_0.25_0.005_366	0.13953488372093
HRA003620_GTTTACTGTTGGCCTG-1_1	HRA003620_NC-27	HRA003620	DF.classifications_0.25_0.005_366	Singlet	pANN_0.25_0.005_366	0.13953488372093
HRA003620_GTTTGGAAGCATCGAG-1_1	HRA003620_NC-27	HRA003620	DF.classifications_0.25_0.005_366	Singlet	pANN_0.25_0.005_366	0
HRA003620_GTTTGGAAGGTACATA-1_1	HRA003620_NC-27	HRA003620	DF.classifications_0.25_0.005_366	Singlet	pANN_0.25_0.005_366	0.325581395348837
HRA003620_GTTTGGACAAAGCTAA-1_1	HRA003620_NC-27	HRA003620	DF.classifications_0.25_0.005_366	Singlet	pANN_0.25_0.005_366	0.209302325581395
HRA003620_GTTTGGAGTCAAGCGA-1_1	HRA003620_NC-27	HRA003620	DF.classifications_0.25_0.005_366	Singlet	pANN_0.25_0.005_366	0.27906976744186
HRA003620_GTTTGGAGTCTAACGT-1_1	HRA003620_NC-27	HRA003620	DF.classifications_0.25_0.005_366	Singlet	pANN_0.25_0.005_366	0.116279069767442
HRA003620_GTTTGGAGTGAAGCGT-1_1	HRA003620_NC-27	HRA003620	DF.classifications_0.25_0.005_366	Singlet	pANN_0.25_0.005_366	0.27906976744186
HRA003620_GTTTGGAGTTGCAAGG-1_1	HRA003620_NC-27	HRA003620	DF.classifications_0.25_0.005_366	Singlet	pANN_0.25_0.005_366	0.162790697674419
HRA003620_GTTTGGATCGTTCTGC-1_1	HRA003620_NC-27	HRA003620	DF.classifications_0.25_0.005_366	Singlet	pANN_0.25_0.005_366	0.0930232558139535
HRA003620_TAACACGAGATAACAC-1_1	HRA003620_NC-27	HRA003620	DF.classifications_0.25_0.005_366	Singlet	pANN_0.25_0.005_366	0.0930232558139535
HRA003620_TAACACGCAGGTCTCG-1_1	HRA003620_NC-27	HRA003620	DF.classifications_0.25_0.005_366	Singlet	pANN_0.25_0.005_366	0.348837209302326
HRA003620_TAACACGTCACGATCA-1_1	HRA003620_NC-27	HRA003620	DF.classifications_0.25_0.005_366	Singlet	pANN_0.25_0.005_366	0.0930232558139535
HRA003620_TAACACGTCATAGCAC-1_1	HRA003620_NC-27	HRA003620	DF.classifications_0.25_0.005_366	Singlet	pANN_0.25_0.005_366	0.209302325581395
HRA003620_TAACACGTCCGAGTGC-1_1	HRA003620_NC-27	HRA003620	DF.classifications_0.25_0.005_366	Singlet	pANN_0.25_0.005_366	0.186046511627907
HRA003620_TAACACGTCGAGAAGC-1_1	HRA003620_NC-27	HRA003620	DF.classifications_0.25_0.005_366	Singlet	pANN_0.25_0.005_366	0.116279069767442
HRA003620_TAACACGTCTATCCAT-1_1	HRA003620_NC-27	HRA003620	DF.classifications_0.25_0.005_366	Singlet	pANN_0.25_0.005_366	0.0465116279069767
HRA003620_TAACCAGAGAGCAGTC-1_1	HRA003620_NC-27	HRA003620	DF.classifications_0.25_0.005_366	Singlet	pANN_0.25_0.005_366	0
HRA003620_TAACCAGCACAACCGC-1_1	HRA003620_NC-27	HRA003620	DF.classifications_0.25_0.005_366	Singlet	pANN_0.25_0.005_366	0.0232558139534884
HRA003620_TAACCAGGTACTCCGG-1_1	HRA003620_NC-27	HRA003620	DF.classifications_0.25_0.005_366	Singlet	pANN_0.25_0.005_366	0.0930232558139535
HRA003620_TAACCAGGTCACGTGC-1_1	HRA003620_NC-27	HRA003620	DF.classifications_0.25_0.005_366	Singlet	pANN_0.25_0.005_366	0.0930232558139535
HRA003620_TAACCAGGTTCAGGTT-1_1	HRA003620_NC-27	HRA003620	DF.classifications_0.25_0.005_366	Singlet	pANN_0.25_0.005_366	0.162790697674419
HRA003620_TAACCAGGTTCTGACA-1_1	HRA003620_NC-27	HRA003620	DF.classifications_0.25_0.005_366	Singlet	pANN_0.25_0.005_366	0.13953488372093
HRA003620_TAACCAGTCCGTGTGG-1_1	HRA003620_NC-27	HRA003620	DF.classifications_0.25_0.005_366	Singlet	pANN_0.25_0.005_366	0.116279069767442
HRA003620_TAACCAGTCTACTGAG-1_1	HRA003620_NC-27	HRA003620	DF.classifications_0.25_0.005_366	Singlet	pANN_0.25_0.005_366	0.13953488372093
HRA003620_TAACGACAGAAGTCTA-1_1	HRA003620_NC-27	HRA003620	DF.classifications_0.25_0.005_366	Singlet	pANN_0.25_0.005_366	0.116279069767442
HRA003620_TAACGACAGAGGTTTA-1_1	HRA003620_NC-27	HRA003620	DF.classifications_0.25_0.005_366	Singlet	pANN_0.25_0.005_366	0.255813953488372
HRA003620_TAACGACAGTACAACA-1_1	HRA003620_NC-27	HRA003620	DF.classifications_0.25_0.005_366	Singlet	pANN_0.25_0.005_366	0.232558139534884
HRA003620_TAACGACTCCTCACCA-1_1	HRA003620_NC-27	HRA003620	DF.classifications_0.25_0.005_366	Singlet	pANN_0.25_0.005_366	0.232558139534884
HRA003620_TAACGACTCGTTTACT-1_1	HRA003620_NC-27	HRA003620	DF.classifications_0.25_0.005_366	Singlet	pANN_0.25_0.005_366	0.13953488372093
HRA003620_TAACTTCAGACATCCT-1_1	HRA003620_NC-27	HRA003620	DF.classifications_0.25_0.005_366	Singlet	pANN_0.25_0.005_366	0.325581395348837
HRA003620_TAACTTCCAAGCCCAC-1_1	HRA003620_NC-27	HRA003620	DF.classifications_0.25_0.005_366	Singlet	pANN_0.25_0.005_366	0.116279069767442
HRA003620_TAACTTCCACCCAACG-1_1	HRA003620_NC-27	HRA003620	DF.classifications_0.25_0.005_366	Singlet	pANN_0.25_0.005_366	0
HRA003620_TAACTTCCACTTACAG-1_1	HRA003620_NC-27	HRA003620	DF.classifications_0.25_0.005_366	Singlet	pANN_0.25_0.005_366	0.13953488372093
HRA003620_TAACTTCGTCAACCAT-1_1	HRA003620_NC-27	HRA003620	DF.classifications_0.25_0.005_366	Singlet	pANN_0.25_0.005_366	0.209302325581395
HRA003620_TAACTTCGTGGATACG-1_1	HRA003620_NC-27	HRA003620	DF.classifications_0.25_0.005_366	Singlet	pANN_0.25_0.005_366	0.255813953488372
HRA003620_TAACTTCTCACCTTAT-1_1	HRA003620_NC-27	HRA003620	DF.classifications_0.25_0.005_366	Singlet	pANN_0.25_0.005_366	0.0697674418604651
HRA003620_TAACTTCTCCACGGGT-1_1	HRA003620_NC-27	HRA003620	DF.classifications_0.25_0.005_366	Singlet	pANN_0.25_0.005_366	0.186046511627907
HRA003620_TAAGCACAGAGTACCG-1_1	HRA003620_NC-27	HRA003620	DF.classifications_0.25_0.005_366	Singlet	pANN_0.25_0.005_366	0
HRA003620_TAAGCACAGGTTGTTC-1_1	HRA003620_NC-27	HRA003620	DF.classifications_0.25_0.005_366	Singlet	pANN_0.25_0.005_366	0.0930232558139535
HRA003620_TAAGCACCAACATACC-1_1	HRA003620_NC-27	HRA003620	DF.classifications_0.25_0.005_366	Singlet	pANN_0.25_0.005_366	0.0930232558139535
HRA003620_TAAGCACCATAAGCAA-1_1	HRA003620_NC-27	HRA003620	DF.classifications_0.25_0.005_366	Singlet	pANN_0.25_0.005_366	0.232558139534884
HRA003620_TAAGCACGTTTCGACA-1_1	HRA003620_NC-27	HRA003620	DF.classifications_0.25_0.005_366	Singlet	pANN_0.25_0.005_366	0.232558139534884
HRA003620_TAAGCACTCCTCTTTC-1_1	HRA003620_NC-27	HRA003620	DF.classifications_0.25_0.005_366	Singlet	pANN_0.25_0.005_366	0.209302325581395
HRA003620_TAAGCCAAGGGTCTTT-1_1	HRA003620_NC-27	HRA003620	DF.classifications_0.25_0.005_366	Doublet	pANN_0.25_0.005_366	0.627906976744186
HRA003620_TAAGCCACACGCAGTC-1_1	HRA003620_NC-27	HRA003620	DF.classifications_0.25_0.005_366	Singlet	pANN_0.25_0.005_366	0.0465116279069767
HRA003620_TAAGCCACATGGGCAA-1_1	HRA003620_NC-27	HRA003620	DF.classifications_0.25_0.005_366	Singlet	pANN_0.25_0.005_366	0.209302325581395
HRA003620_TAAGCCAGTCTAGGCC-1_1	HRA003620_NC-27	HRA003620	DF.classifications_0.25_0.005_366	Singlet	pANN_0.25_0.005_366	0.13953488372093
HRA003620_TAAGCCATCCACCTGT-1_1	HRA003620_NC-27	HRA003620	DF.classifications_0.25_0.005_366	Singlet	pANN_0.25_0.005_366	0.255813953488372
HRA003620_TAAGCCATCTGTCAGA-1_1	HRA003620_NC-27	HRA003620	DF.classifications_0.25_0.005_366	Singlet	pANN_0.25_0.005_366	0.186046511627907
HRA003620_TAAGCGTTCAAGCCCG-1_1	HRA003620_NC-27	HRA003620	DF.classifications_0.25_0.005_366	Singlet	pANN_0.25_0.005_366	0.0232558139534884
HRA003620_TAAGCGTTCCGATAAC-1_1	HRA003620_NC-27	HRA003620	DF.classifications_0.25_0.005_366	Singlet	pANN_0.25_0.005_366	0.0465116279069767
HRA003620_TAAGTCGAGTCGCCCA-1_1	HRA003620_NC-27	HRA003620	DF.classifications_0.25_0.005_366	Singlet	pANN_0.25_0.005_366	0.186046511627907
HRA003620_TAAGTCGCATGACGTT-1_1	HRA003620_NC-27	HRA003620	DF.classifications_0.25_0.005_366	Singlet	pANN_0.25_0.005_366	0.0465116279069767
HRA003620_TAAGTCGGTCCCGCAA-1_1	HRA003620_NC-27	HRA003620	DF.classifications_0.25_0.005_366	Singlet	pANN_0.25_0.005_366	0.0465116279069767
HRA003620_TAAGTCGGTTCGGTTA-1_1	HRA003620_NC-27	HRA003620	DF.classifications_0.25_0.005_366	Singlet	pANN_0.25_0.005_366	0.116279069767442
HRA003620_TAAGTCGTCAGGTGTT-1_1	HRA003620_NC-27	HRA003620	DF.classifications_0.25_0.005_366	Singlet	pANN_0.25_0.005_366	0.0232558139534884
HRA003620_TAAGTCGTCTGCTTTA-1_1	HRA003620_NC-27	HRA003620	DF.classifications_0.25_0.005_366	Doublet	pANN_0.25_0.005_366	0.534883720930233
HRA003620_TAATCTCAGAGCCTGA-1_1	HRA003620_NC-27	HRA003620	DF.classifications_0.25_0.005_366	Singlet	pANN_0.25_0.005_366	0.209302325581395
HRA003620_TAATCTCAGATCGCTT-1_1	HRA003620_NC-27	HRA003620	DF.classifications_0.25_0.005_366	Singlet	pANN_0.25_0.005_366	0.255813953488372
HRA003620_TAATCTCAGCCTCAAT-1_1	HRA003620_NC-27	HRA003620	DF.classifications_0.25_0.005_366	Singlet	pANN_0.25_0.005_366	0.0697674418604651
HRA003620_TAATCTCCAGAGTCAG-1_1	HRA003620_NC-27	HRA003620	DF.classifications_0.25_0.005_366	Doublet	pANN_0.25_0.005_366	0.511627906976744
HRA003620_TAATCTCCAGTAACGG-1_1	HRA003620_NC-27	HRA003620	DF.classifications_0.25_0.005_366	Singlet	pANN_0.25_0.005_366	0.209302325581395
HRA003620_TAATCTCGTCACTCAA-1_1	HRA003620_NC-27	HRA003620	DF.classifications_0.25_0.005_366	Singlet	pANN_0.25_0.005_366	0.162790697674419
HRA003620_TAATCTCTCCTGCTAC-1_1	HRA003620_NC-27	HRA003620	DF.classifications_0.25_0.005_366	Singlet	pANN_0.25_0.005_366	0.13953488372093
HRA003620_TAATTCCAGCCGTAAG-1_1	HRA003620_NC-27	HRA003620	DF.classifications_0.25_0.005_366	Singlet	pANN_0.25_0.005_366	0.232558139534884
HRA003620_TAATTCCCATGGAATA-1_1	HRA003620_NC-27	HRA003620	DF.classifications_0.25_0.005_366	Singlet	pANN_0.25_0.005_366	0.13953488372093
HRA003620_TAATTCCGTTGTGCAT-1_1	HRA003620_NC-27	HRA003620	DF.classifications_0.25_0.005_366	Singlet	pANN_0.25_0.005_366	0.0930232558139535
HRA003620_TAATTCCTCAGTAGGG-1_1	HRA003620_NC-27	HRA003620	DF.classifications_0.25_0.005_366	Singlet	pANN_0.25_0.005_366	0.27906976744186
HRA003620_TACAACGAGATAACGT-1_1	HRA003620_NC-27	HRA003620	DF.classifications_0.25_0.005_366	Singlet	pANN_0.25_0.005_366	0.325581395348837
HRA003620_TACAACGAGGTGATAT-1_1	HRA003620_NC-27	HRA003620	DF.classifications_0.25_0.005_366	Singlet	pANN_0.25_0.005_366	0.232558139534884
HRA003620_TACAACGAGTATGCAA-1_1	HRA003620_NC-27	HRA003620	DF.classifications_0.25_0.005_366	Singlet	pANN_0.25_0.005_366	0.232558139534884
HRA003620_TACAACGAGTGCCGAA-1_1	HRA003620_NC-27	HRA003620	DF.classifications_0.25_0.005_366	Singlet	pANN_0.25_0.005_366	0.0232558139534884
HRA003620_TACAACGGTAGCACGA-1_1	HRA003620_NC-27	HRA003620	DF.classifications_0.25_0.005_366	Doublet	pANN_0.25_0.005_366	0.511627906976744
HRA003620_TACAACGGTCCAGGTC-1_1	HRA003620_NC-27	HRA003620	DF.classifications_0.25_0.005_366	Singlet	pANN_0.25_0.005_366	0.162790697674419
HRA003620_TACAACGGTGATGGCA-1_1	HRA003620_NC-27	HRA003620	DF.classifications_0.25_0.005_366	Singlet	pANN_0.25_0.005_366	0.13953488372093
HRA003620_TACAACGGTTAGCTAC-1_1	HRA003620_NC-27	HRA003620	DF.classifications_0.25_0.005_366	Singlet	pANN_0.25_0.005_366	0.209302325581395
HRA003620_TACAACGGTTGCTGAT-1_1	HRA003620_NC-27	HRA003620	DF.classifications_0.25_0.005_366	Singlet	pANN_0.25_0.005_366	0.186046511627907
HRA003620_TACAACGTCATTTCCA-1_1	HRA003620_NC-27	HRA003620	DF.classifications_0.25_0.005_366	Doublet	pANN_0.25_0.005_366	0.488372093023256
HRA003620_TACACCCAGTGCCCGT-1_1	HRA003620_NC-27	HRA003620	DF.classifications_0.25_0.005_366	Singlet	pANN_0.25_0.005_366	0.0697674418604651
HRA003620_TACACCCCACATTGTG-1_1	HRA003620_NC-27	HRA003620	DF.classifications_0.25_0.005_366	Singlet	pANN_0.25_0.005_366	0.27906976744186
HRA003620_TACACCCTCGGCACTG-1_1	HRA003620_NC-27	HRA003620	DF.classifications_0.25_0.005_366	Singlet	pANN_0.25_0.005_366	0
HRA003620_TACACCCTCGTACACA-1_1	HRA003620_NC-27	HRA003620	DF.classifications_0.25_0.005_366	Singlet	pANN_0.25_0.005_366	0.27906976744186
HRA003620_TACAGGTAGCTAGAAT-1_1	HRA003620_NC-27	HRA003620	DF.classifications_0.25_0.005_366	Singlet	pANN_0.25_0.005_366	0.162790697674419
HRA003620_TACAGGTCACGAAGAC-1_1	HRA003620_NC-27	HRA003620	DF.classifications_0.25_0.005_366	Singlet	pANN_0.25_0.005_366	0.0930232558139535
HRA003620_TACAGGTGTGGATCAG-1_1	HRA003620_NC-27	HRA003620	DF.classifications_0.25_0.005_366	Singlet	pANN_0.25_0.005_366	0.232558139534884
HRA003620_TACAGGTTCATCACCC-1_1	HRA003620_NC-27	HRA003620	DF.classifications_0.25_0.005_366	Singlet	pANN_0.25_0.005_366	0.116279069767442
HRA003620_TACAGGTTCGTAGCTA-1_1	HRA003620_NC-27	HRA003620	DF.classifications_0.25_0.005_366	Singlet	pANN_0.25_0.005_366	0.209302325581395
HRA003620_TACAGGTTCTCCAAGA-1_1	HRA003620_NC-27	HRA003620	DF.classifications_0.25_0.005_366	Singlet	pANN_0.25_0.005_366	0.186046511627907
HRA003620_TACATTCAGACACACG-1_1	HRA003620_NC-27	HRA003620	DF.classifications_0.25_0.005_366	Singlet	pANN_0.25_0.005_366	0.116279069767442
HRA003620_TACATTCCATAGTCAC-1_1	HRA003620_NC-27	HRA003620	DF.classifications_0.25_0.005_366	Singlet	pANN_0.25_0.005_366	0.116279069767442
HRA003620_TACATTCGTATGCAAA-1_1	HRA003620_NC-27	HRA003620	DF.classifications_0.25_0.005_366	Singlet	pANN_0.25_0.005_366	0.418604651162791
HRA003620_TACATTCGTTCAGTAC-1_1	HRA003620_NC-27	HRA003620	DF.classifications_0.25_0.005_366	Doublet	pANN_0.25_0.005_366	0.534883720930233
HRA003620_TACATTCTCCTCACTG-1_1	HRA003620_NC-27	HRA003620	DF.classifications_0.25_0.005_366	Singlet	pANN_0.25_0.005_366	0.116279069767442
HRA003620_TACATTCTCGAACCAT-1_1	HRA003620_NC-27	HRA003620	DF.classifications_0.25_0.005_366	Singlet	pANN_0.25_0.005_366	0.116279069767442
HRA003620_TACATTCTCTACTGAG-1_1	HRA003620_NC-27	HRA003620	DF.classifications_0.25_0.005_366	Singlet	pANN_0.25_0.005_366	0.232558139534884
HRA003620_TACATTCTCTGAACGT-1_1	HRA003620_NC-27	HRA003620	DF.classifications_0.25_0.005_366	Singlet	pANN_0.25_0.005_366	0.209302325581395
HRA003620_TACCCACAGACTAGAT-1_1	HRA003620_NC-27	HRA003620	DF.classifications_0.25_0.005_366	Singlet	pANN_0.25_0.005_366	0.0465116279069767
HRA003620_TACCCACCATATGCGT-1_1	HRA003620_NC-27	HRA003620	DF.classifications_0.25_0.005_366	Singlet	pANN_0.25_0.005_366	0.0930232558139535
HRA003620_TACCCACGTGCGGATA-1_1	HRA003620_NC-27	HRA003620	DF.classifications_0.25_0.005_366	Singlet	pANN_0.25_0.005_366	0.116279069767442
HRA003620_TACCCACTCACACCCT-1_1	HRA003620_NC-27	HRA003620	DF.classifications_0.25_0.005_366	Doublet	pANN_0.25_0.005_366	0.441860465116279
HRA003620_TACCCACTCCAACACA-1_1	HRA003620_NC-27	HRA003620	DF.classifications_0.25_0.005_366	Singlet	pANN_0.25_0.005_366	0.232558139534884
HRA003620_TACCCACTCGATTGGT-1_1	HRA003620_NC-27	HRA003620	DF.classifications_0.25_0.005_366	Singlet	pANN_0.25_0.005_366	0.186046511627907
HRA003620_TACCCACTCGCAGTGC-1_1	HRA003620_NC-27	HRA003620	DF.classifications_0.25_0.005_366	Singlet	pANN_0.25_0.005_366	0.13953488372093
HRA003620_TACCCGTAGATTACCC-1_1	HRA003620_NC-27	HRA003620	DF.classifications_0.25_0.005_366	Singlet	pANN_0.25_0.005_366	0.0465116279069767
HRA003620_TACCCGTAGCATAGGC-1_1	HRA003620_NC-27	HRA003620	DF.classifications_0.25_0.005_366	Singlet	pANN_0.25_0.005_366	0.325581395348837
HRA003620_TACCCGTAGTTGTCAC-1_1	HRA003620_NC-27	HRA003620	DF.classifications_0.25_0.005_366	Singlet	pANN_0.25_0.005_366	0.0697674418604651
HRA003620_TACCCGTCAAACCATC-1_1	HRA003620_NC-27	HRA003620	DF.classifications_0.25_0.005_366	Singlet	pANN_0.25_0.005_366	0.27906976744186
HRA003620_TACCCGTCAAAGTGTA-1_1	HRA003620_NC-27	HRA003620	DF.classifications_0.25_0.005_366	Singlet	pANN_0.25_0.005_366	0.0697674418604651
HRA003620_TACCCGTCAGCAAGAC-1_1	HRA003620_NC-27	HRA003620	DF.classifications_0.25_0.005_366	Singlet	pANN_0.25_0.005_366	0.186046511627907
HRA003620_TACCCGTCAGGCGTTC-1_1	HRA003620_NC-27	HRA003620	DF.classifications_0.25_0.005_366	Singlet	pANN_0.25_0.005_366	0.0930232558139535
HRA003620_TACCGAAAGCGAGAAA-1_1	HRA003620_NC-27	HRA003620	DF.classifications_0.25_0.005_366	Singlet	pANN_0.25_0.005_366	0.0232558139534884
HRA003620_TACCGAAAGCTGGCTC-1_1	HRA003620_NC-27	HRA003620	DF.classifications_0.25_0.005_366	Singlet	pANN_0.25_0.005_366	0.0697674418604651
HRA003620_TACCGAAAGGTACATA-1_1	HRA003620_NC-27	HRA003620	DF.classifications_0.25_0.005_366	Singlet	pANN_0.25_0.005_366	0.162790697674419
HRA003620_TACCGAAAGTGCGTCC-1_1	HRA003620_NC-27	HRA003620	DF.classifications_0.25_0.005_366	Singlet	pANN_0.25_0.005_366	0.0697674418604651
HRA003620_TACCGAACAGAGTGTG-1_1	HRA003620_NC-27	HRA003620	DF.classifications_0.25_0.005_366	Singlet	pANN_0.25_0.005_366	0.0232558139534884
HRA003620_TACCGAAGTAGGAGTC-1_1	HRA003620_NC-27	HRA003620	DF.classifications_0.25_0.005_366	Singlet	pANN_0.25_0.005_366	0.0465116279069767
HRA003620_TACCGAAGTGTACATC-1_1	HRA003620_NC-27	HRA003620	DF.classifications_0.25_0.005_366	Singlet	pANN_0.25_0.005_366	0.0465116279069767
HRA003620_TACCGAAGTTCGGGTC-1_1	HRA003620_NC-27	HRA003620	DF.classifications_0.25_0.005_366	Singlet	pANN_0.25_0.005_366	0.0232558139534884
HRA003620_TACCGGGAGCTTAAGA-1_1	HRA003620_NC-27	HRA003620	DF.classifications_0.25_0.005_366	Singlet	pANN_0.25_0.005_366	0.162790697674419
HRA003620_TACCGGGAGGTCTTTG-1_1	HRA003620_NC-27	HRA003620	DF.classifications_0.25_0.005_366	Singlet	pANN_0.25_0.005_366	0.232558139534884
HRA003620_TACCGGGCAACTCATG-1_1	HRA003620_NC-27	HRA003620	DF.classifications_0.25_0.005_366	Singlet	pANN_0.25_0.005_366	0.116279069767442
HRA003620_TACCGGGGTAATGTGA-1_1	HRA003620_NC-27	HRA003620	DF.classifications_0.25_0.005_366	Doublet	pANN_0.25_0.005_366	0.627906976744186
HRA003620_TACCGGGGTAGAATAC-1_1	HRA003620_NC-27	HRA003620	DF.classifications_0.25_0.005_366	Singlet	pANN_0.25_0.005_366	0.116279069767442
HRA003620_TACCGGGGTATGCTAC-1_1	HRA003620_NC-27	HRA003620	DF.classifications_0.25_0.005_366	Singlet	pANN_0.25_0.005_366	0.116279069767442
HRA003620_TACCGGGGTTAAGAAC-1_1	HRA003620_NC-27	HRA003620	DF.classifications_0.25_0.005_366	Singlet	pANN_0.25_0.005_366	0.232558139534884
HRA003620_TACCGGGTCACCTTAT-1_1	HRA003620_NC-27	HRA003620	DF.classifications_0.25_0.005_366	Singlet	pANN_0.25_0.005_366	0.0697674418604651
HRA003620_TACCGGGTCTAGGCAT-1_1	HRA003620_NC-27	HRA003620	DF.classifications_0.25_0.005_366	Singlet	pANN_0.25_0.005_366	0.162790697674419
HRA003620_TACCTCGAGTACTGGG-1_1	HRA003620_NC-27	HRA003620	DF.classifications_0.25_0.005_366	Singlet	pANN_0.25_0.005_366	0.209302325581395
HRA003620_TACCTCGAGTTGGAGC-1_1	HRA003620_NC-27	HRA003620	DF.classifications_0.25_0.005_366	Singlet	pANN_0.25_0.005_366	0.116279069767442
HRA003620_TACCTCGCACATTACG-1_1	HRA003620_NC-27	HRA003620	DF.classifications_0.25_0.005_366	Singlet	pANN_0.25_0.005_366	0.0232558139534884
HRA003620_TACCTCGGTACGAGTG-1_1	HRA003620_NC-27	HRA003620	DF.classifications_0.25_0.005_366	Singlet	pANN_0.25_0.005_366	0.418604651162791
HRA003620_TACCTCGGTGAGAGGG-1_1	HRA003620_NC-27	HRA003620	DF.classifications_0.25_0.005_366	Singlet	pANN_0.25_0.005_366	0.209302325581395
HRA003620_TACCTCGGTGAGTAAT-1_1	HRA003620_NC-27	HRA003620	DF.classifications_0.25_0.005_366	Singlet	pANN_0.25_0.005_366	0.255813953488372
HRA003620_TACCTGCAGGGCCAAT-1_1	HRA003620_NC-27	HRA003620	DF.classifications_0.25_0.005_366	Singlet	pANN_0.25_0.005_366	0.13953488372093
HRA003620_TACCTGCCATGATAGA-1_1	HRA003620_NC-27	HRA003620	DF.classifications_0.25_0.005_366	Singlet	pANN_0.25_0.005_366	0.325581395348837
HRA003620_TACCTGCCATGGGCAA-1_1	HRA003620_NC-27	HRA003620	DF.classifications_0.25_0.005_366	Singlet	pANN_0.25_0.005_366	0.0930232558139535
HRA003620_TACCTGCGTTGCTCAA-1_1	HRA003620_NC-27	HRA003620	DF.classifications_0.25_0.005_366	Singlet	pANN_0.25_0.005_366	0.0232558139534884
HRA003620_TACCTGCTCGAGAATA-1_1	HRA003620_NC-27	HRA003620	DF.classifications_0.25_0.005_366	Singlet	pANN_0.25_0.005_366	0.232558139534884
HRA003620_TACGCTCAGTAAGGGA-1_1	HRA003620_NC-27	HRA003620	DF.classifications_0.25_0.005_366	Doublet	pANN_0.25_0.005_366	0.465116279069767
HRA003620_TACGCTCCAATTGTGC-1_1	HRA003620_NC-27	HRA003620	DF.classifications_0.25_0.005_366	Doublet	pANN_0.25_0.005_366	0.511627906976744
HRA003620_TACGCTCGTGACGTCC-1_1	HRA003620_NC-27	HRA003620	DF.classifications_0.25_0.005_366	Singlet	pANN_0.25_0.005_366	0.0232558139534884
HRA003620_TACGCTCTCGGTTAGT-1_1	HRA003620_NC-27	HRA003620	DF.classifications_0.25_0.005_366	Singlet	pANN_0.25_0.005_366	0.325581395348837
HRA003620_TACGGGCAGAGAGAAC-1_1	HRA003620_NC-27	HRA003620	DF.classifications_0.25_0.005_366	Singlet	pANN_0.25_0.005_366	0.0697674418604651
HRA003620_TACGGGCAGGAAGTGA-1_1	HRA003620_NC-27	HRA003620	DF.classifications_0.25_0.005_366	Singlet	pANN_0.25_0.005_366	0.232558139534884
HRA003620_TACGGGCAGTAAGGGA-1_1	HRA003620_NC-27	HRA003620	DF.classifications_0.25_0.005_366	Singlet	pANN_0.25_0.005_366	0.162790697674419
HRA003620_TACGGGCCAAGCACAG-1_1	HRA003620_NC-27	HRA003620	DF.classifications_0.25_0.005_366	Singlet	pANN_0.25_0.005_366	0.0232558139534884
HRA003620_TACGGGCCACACTGGC-1_1	HRA003620_NC-27	HRA003620	DF.classifications_0.25_0.005_366	Singlet	pANN_0.25_0.005_366	0.0930232558139535
HRA003620_TACGGGCCATCTGCGG-1_1	HRA003620_NC-27	HRA003620	DF.classifications_0.25_0.005_366	Singlet	pANN_0.25_0.005_366	0.162790697674419
HRA003620_TACGGGCGTAGCCCTG-1_1	HRA003620_NC-27	HRA003620	DF.classifications_0.25_0.005_366	Singlet	pANN_0.25_0.005_366	0.209302325581395
HRA003620_TACGGGCTCATTTGCT-1_1	HRA003620_NC-27	HRA003620	DF.classifications_0.25_0.005_366	Singlet	pANN_0.25_0.005_366	0.0930232558139535
HRA003620_TACGGTAAGCTAGAAT-1_1	HRA003620_NC-27	HRA003620	DF.classifications_0.25_0.005_366	Singlet	pANN_0.25_0.005_366	0.13953488372093
HRA003620_TACGGTAGTAGTCTTG-1_1	HRA003620_NC-27	HRA003620	DF.classifications_0.25_0.005_366	Singlet	pANN_0.25_0.005_366	0.0232558139534884
HRA003620_TACGGTATCCACAGCG-1_1	HRA003620_NC-27	HRA003620	DF.classifications_0.25_0.005_366	Singlet	pANN_0.25_0.005_366	0.186046511627907
HRA003620_TACGTCCCAGATGCGA-1_1	HRA003620_NC-27	HRA003620	DF.classifications_0.25_0.005_366	Singlet	pANN_0.25_0.005_366	0.232558139534884
HRA003620_TACGTCCGTATTTCCT-1_1	HRA003620_NC-27	HRA003620	DF.classifications_0.25_0.005_366	Doublet	pANN_0.25_0.005_366	0.534883720930233
HRA003620_TACGTCCGTGCGAACA-1_1	HRA003620_NC-27	HRA003620	DF.classifications_0.25_0.005_366	Singlet	pANN_0.25_0.005_366	0.116279069767442
HRA003620_TACGTCCGTTAAACCC-1_1	HRA003620_NC-27	HRA003620	DF.classifications_0.25_0.005_366	Doublet	pANN_0.25_0.005_366	0.534883720930233
HRA003620_TACGTCCTCGTTGCCT-1_1	HRA003620_NC-27	HRA003620	DF.classifications_0.25_0.005_366	Singlet	pANN_0.25_0.005_366	0.116279069767442
HRA003620_TACTGCCAGCTGGTGA-1_1	HRA003620_NC-27	HRA003620	DF.classifications_0.25_0.005_366	Singlet	pANN_0.25_0.005_366	0.13953488372093
HRA003620_TACTGCCCAATGAACA-1_1	HRA003620_NC-27	HRA003620	DF.classifications_0.25_0.005_366	Singlet	pANN_0.25_0.005_366	0.116279069767442
HRA003620_TACTGCCCACATTCGA-1_1	HRA003620_NC-27	HRA003620	DF.classifications_0.25_0.005_366	Singlet	pANN_0.25_0.005_366	0.0232558139534884
HRA003620_TACTGCCCAGCTGTTA-1_1	HRA003620_NC-27	HRA003620	DF.classifications_0.25_0.005_366	Singlet	pANN_0.25_0.005_366	0.395348837209302
HRA003620_TACTGCCCATGAAAGT-1_1	HRA003620_NC-27	HRA003620	DF.classifications_0.25_0.005_366	Singlet	pANN_0.25_0.005_366	0.13953488372093
HRA003620_TACTGCCGTACACTCA-1_1	HRA003620_NC-27	HRA003620	DF.classifications_0.25_0.005_366	Singlet	pANN_0.25_0.005_366	0.162790697674419
HRA003620_TACTGCCGTGGTTTGT-1_1	HRA003620_NC-27	HRA003620	DF.classifications_0.25_0.005_366	Singlet	pANN_0.25_0.005_366	0.0697674418604651
HRA003620_TACTGCCTCCATTCAT-1_1	HRA003620_NC-27	HRA003620	DF.classifications_0.25_0.005_366	Singlet	pANN_0.25_0.005_366	0.209302325581395
HRA003620_TACTGCCTCGCGTCGA-1_1	HRA003620_NC-27	HRA003620	DF.classifications_0.25_0.005_366	Singlet	pANN_0.25_0.005_366	0.116279069767442
HRA003620_TACTGCCTCGTGGGAA-1_1	HRA003620_NC-27	HRA003620	DF.classifications_0.25_0.005_366	Singlet	pANN_0.25_0.005_366	0
HRA003620_TACTGCCTCTTGGGCG-1_1	HRA003620_NC-27	HRA003620	DF.classifications_0.25_0.005_366	Singlet	pANN_0.25_0.005_366	0.0697674418604651
HRA003620_TACTTACCAATTGAGA-1_1	HRA003620_NC-27	HRA003620	DF.classifications_0.25_0.005_366	Singlet	pANN_0.25_0.005_366	0.0465116279069767
HRA003620_TACTTACCATGTGACT-1_1	HRA003620_NC-27	HRA003620	DF.classifications_0.25_0.005_366	Doublet	pANN_0.25_0.005_366	0.441860465116279
HRA003620_TACTTACGTCATGGCC-1_1	HRA003620_NC-27	HRA003620	DF.classifications_0.25_0.005_366	Singlet	pANN_0.25_0.005_366	0.0465116279069767
HRA003620_TACTTACTCGAGAGAC-1_1	HRA003620_NC-27	HRA003620	DF.classifications_0.25_0.005_366	Singlet	pANN_0.25_0.005_366	0.13953488372093
HRA003620_TACTTACTCGGTCGGT-1_1	HRA003620_NC-27	HRA003620	DF.classifications_0.25_0.005_366	Singlet	pANN_0.25_0.005_366	0.0232558139534884
HRA003620_TACTTCAAGCCAGAGT-1_1	HRA003620_NC-27	HRA003620	DF.classifications_0.25_0.005_366	Singlet	pANN_0.25_0.005_366	0.13953488372093
HRA003620_TACTTCAAGGACTATA-1_1	HRA003620_NC-27	HRA003620	DF.classifications_0.25_0.005_366	Singlet	pANN_0.25_0.005_366	0.186046511627907
HRA003620_TACTTCACAGTGGCTC-1_1	HRA003620_NC-27	HRA003620	DF.classifications_0.25_0.005_366	Singlet	pANN_0.25_0.005_366	0.0465116279069767
HRA003620_TACTTCAGTGAGATCG-1_1	HRA003620_NC-27	HRA003620	DF.classifications_0.25_0.005_366	Singlet	pANN_0.25_0.005_366	0.186046511627907
HRA003620_TACTTCAGTGGATCAG-1_1	HRA003620_NC-27	HRA003620	DF.classifications_0.25_0.005_366	Singlet	pANN_0.25_0.005_366	0.255813953488372
HRA003620_TACTTCATCGCACGAC-1_1	HRA003620_NC-27	HRA003620	DF.classifications_0.25_0.005_366	Singlet	pANN_0.25_0.005_366	0.13953488372093
HRA003620_TACTTCATCGTTCATT-1_1	HRA003620_NC-27	HRA003620	DF.classifications_0.25_0.005_366	Singlet	pANN_0.25_0.005_366	0.348837209302326
HRA003620_TACTTGTAGCGGGTTA-1_1	HRA003620_NC-27	HRA003620	DF.classifications_0.25_0.005_366	Singlet	pANN_0.25_0.005_366	0.0232558139534884
HRA003620_TACTTGTAGTTTCTTC-1_1	HRA003620_NC-27	HRA003620	DF.classifications_0.25_0.005_366	Singlet	pANN_0.25_0.005_366	0.186046511627907
HRA003620_TACTTGTCACGGTAGA-1_1	HRA003620_NC-27	HRA003620	DF.classifications_0.25_0.005_366	Singlet	pANN_0.25_0.005_366	0.0232558139534884
HRA003620_TACTTGTGTTGAGTCT-1_1	HRA003620_NC-27	HRA003620	DF.classifications_0.25_0.005_366	Singlet	pANN_0.25_0.005_366	0.0232558139534884
HRA003620_TACTTGTGTTGCTCCT-1_1	HRA003620_NC-27	HRA003620	DF.classifications_0.25_0.005_366	Singlet	pANN_0.25_0.005_366	0.209302325581395
HRA003620_TACTTGTTCAAGCCTA-1_1	HRA003620_NC-27	HRA003620	DF.classifications_0.25_0.005_366	Singlet	pANN_0.25_0.005_366	0.27906976744186
HRA003620_TACTTGTTCGCGTGAC-1_1	HRA003620_NC-27	HRA003620	DF.classifications_0.25_0.005_366	Singlet	pANN_0.25_0.005_366	0
HRA003620_TAGACCAAGATAGTCA-1_1	HRA003620_NC-27	HRA003620	DF.classifications_0.25_0.005_366	Singlet	pANN_0.25_0.005_366	0.0232558139534884
HRA003620_TAGACCACAAGATTGA-1_1	HRA003620_NC-27	HRA003620	DF.classifications_0.25_0.005_366	Singlet	pANN_0.25_0.005_366	0.325581395348837
HRA003620_TAGACCACAGGTTCGC-1_1	HRA003620_NC-27	HRA003620	DF.classifications_0.25_0.005_366	Singlet	pANN_0.25_0.005_366	0.0697674418604651
HRA003620_TAGACCAGTTGACTGT-1_1	HRA003620_NC-27	HRA003620	DF.classifications_0.25_0.005_366	Singlet	pANN_0.25_0.005_366	0.255813953488372
HRA003620_TAGACCATCCATTGTT-1_1	HRA003620_NC-27	HRA003620	DF.classifications_0.25_0.005_366	Singlet	pANN_0.25_0.005_366	0.255813953488372
HRA003620_TAGACCATCGGCCCAA-1_1	HRA003620_NC-27	HRA003620	DF.classifications_0.25_0.005_366	Singlet	pANN_0.25_0.005_366	0.348837209302326
HRA003620_TAGACTGAGTTTGCTG-1_1	HRA003620_NC-27	HRA003620	DF.classifications_0.25_0.005_366	Singlet	pANN_0.25_0.005_366	0.0232558139534884
HRA003620_TAGACTGCAAGATGTA-1_1	HRA003620_NC-27	HRA003620	DF.classifications_0.25_0.005_366	Doublet	pANN_0.25_0.005_366	0.465116279069767
HRA003620_TAGACTGCAGCTGAGA-1_1	HRA003620_NC-27	HRA003620	DF.classifications_0.25_0.005_366	Singlet	pANN_0.25_0.005_366	0.209302325581395
HRA003620_TAGACTGGTATTCCGA-1_1	HRA003620_NC-27	HRA003620	DF.classifications_0.25_0.005_366	Singlet	pANN_0.25_0.005_366	0.0930232558139535
HRA003620_TAGACTGTCATCACCC-1_1	HRA003620_NC-27	HRA003620	DF.classifications_0.25_0.005_366	Singlet	pANN_0.25_0.005_366	0.116279069767442
HRA003620_TAGACTGTCCTTTGAT-1_1	HRA003620_NC-27	HRA003620	DF.classifications_0.25_0.005_366	Singlet	pANN_0.25_0.005_366	0
HRA003620_TAGACTGTCGGTAACT-1_1	HRA003620_NC-27	HRA003620	DF.classifications_0.25_0.005_366	Singlet	pANN_0.25_0.005_366	0.0697674418604651
HRA003620_TAGAGTCCAAGAAACT-1_1	HRA003620_NC-27	HRA003620	DF.classifications_0.25_0.005_366	Doublet	pANN_0.25_0.005_366	0.488372093023256
HRA003620_TAGAGTCGTGAACTAA-1_1	HRA003620_NC-27	HRA003620	DF.classifications_0.25_0.005_366	Singlet	pANN_0.25_0.005_366	0.116279069767442
HRA003620_TAGAGTCTCTAAGAAG-1_1	HRA003620_NC-27	HRA003620	DF.classifications_0.25_0.005_366	Singlet	pANN_0.25_0.005_366	0.116279069767442
HRA003620_TAGATCGAGCAGCAGT-1_1	HRA003620_NC-27	HRA003620	DF.classifications_0.25_0.005_366	Singlet	pANN_0.25_0.005_366	0.348837209302326
HRA003620_TAGATCGAGGTAGGCT-1_1	HRA003620_NC-27	HRA003620	DF.classifications_0.25_0.005_366	Doublet	pANN_0.25_0.005_366	0.604651162790698
HRA003620_TAGATCGGTCCGTACG-1_1	HRA003620_NC-27	HRA003620	DF.classifications_0.25_0.005_366	Singlet	pANN_0.25_0.005_366	0
HRA003620_TAGATCGGTGATAGTA-1_1	HRA003620_NC-27	HRA003620	DF.classifications_0.25_0.005_366	Singlet	pANN_0.25_0.005_366	0.418604651162791
HRA003620_TAGATCGGTTCGAAGG-1_1	HRA003620_NC-27	HRA003620	DF.classifications_0.25_0.005_366	Singlet	pANN_0.25_0.005_366	0.0930232558139535
HRA003620_TAGCACACACTGGAAG-1_1	HRA003620_NC-27	HRA003620	DF.classifications_0.25_0.005_366	Singlet	pANN_0.25_0.005_366	0.162790697674419
HRA003620_TAGCACAGTATCGCGC-1_1	HRA003620_NC-27	HRA003620	DF.classifications_0.25_0.005_366	Doublet	pANN_0.25_0.005_366	0.511627906976744
HRA003620_TAGCACAGTCAGCTTA-1_1	HRA003620_NC-27	HRA003620	DF.classifications_0.25_0.005_366	Singlet	pANN_0.25_0.005_366	0.27906976744186
HRA003620_TAGCACAGTTTGAACC-1_1	HRA003620_NC-27	HRA003620	DF.classifications_0.25_0.005_366	Doublet	pANN_0.25_0.005_366	0.465116279069767
HRA003620_TAGCACATCGAGGCAA-1_1	HRA003620_NC-27	HRA003620	DF.classifications_0.25_0.005_366	Singlet	pANN_0.25_0.005_366	0.13953488372093
HRA003620_TAGGAGGAGAGTGTGC-1_1	HRA003620_NC-27	HRA003620	DF.classifications_0.25_0.005_366	Singlet	pANN_0.25_0.005_366	0.27906976744186
HRA003620_TAGGAGGAGTATCTGC-1_1	HRA003620_NC-27	HRA003620	DF.classifications_0.25_0.005_366	Singlet	pANN_0.25_0.005_366	0
HRA003620_TAGGAGGAGTTAACAG-1_1	HRA003620_NC-27	HRA003620	DF.classifications_0.25_0.005_366	Singlet	pANN_0.25_0.005_366	0.0465116279069767
HRA003620_TAGGAGGGTGACTCTA-1_1	HRA003620_NC-27	HRA003620	DF.classifications_0.25_0.005_366	Singlet	pANN_0.25_0.005_366	0.13953488372093
HRA003620_TAGGAGGGTTCTCTCG-1_1	HRA003620_NC-27	HRA003620	DF.classifications_0.25_0.005_366	Singlet	pANN_0.25_0.005_366	0.209302325581395
HRA003620_TAGGAGGTCGCCGAAC-1_1	HRA003620_NC-27	HRA003620	DF.classifications_0.25_0.005_366	Singlet	pANN_0.25_0.005_366	0.162790697674419
HRA003620_TAGGGTTAGCACACCC-1_1	HRA003620_NC-27	HRA003620	DF.classifications_0.25_0.005_366	Singlet	pANN_0.25_0.005_366	0.162790697674419
HRA003620_TAGGGTTAGGGATCAC-1_1	HRA003620_NC-27	HRA003620	DF.classifications_0.25_0.005_366	Singlet	pANN_0.25_0.005_366	0.255813953488372
HRA003620_TAGGGTTAGTACCGGA-1_1	HRA003620_NC-27	HRA003620	DF.classifications_0.25_0.005_366	Doublet	pANN_0.25_0.005_366	0.465116279069767
HRA003620_TAGGGTTCAGACGCTC-1_1	HRA003620_NC-27	HRA003620	DF.classifications_0.25_0.005_366	Singlet	pANN_0.25_0.005_366	0
HRA003620_TAGGGTTCATAACCCA-1_1	HRA003620_NC-27	HRA003620	DF.classifications_0.25_0.005_366	Doublet	pANN_0.25_0.005_366	0.488372093023256
HRA003620_TAGGGTTGTCAAGGCA-1_1	HRA003620_NC-27	HRA003620	DF.classifications_0.25_0.005_366	Singlet	pANN_0.25_0.005_366	0
HRA003620_TAGGGTTGTTGCTCAA-1_1	HRA003620_NC-27	HRA003620	DF.classifications_0.25_0.005_366	Singlet	pANN_0.25_0.005_366	0.0465116279069767
HRA003620_TAGGGTTTCGTACACA-1_1	HRA003620_NC-27	HRA003620	DF.classifications_0.25_0.005_366	Singlet	pANN_0.25_0.005_366	0.0697674418604651
HRA003620_TAGGTACCACGAGAAC-1_1	HRA003620_NC-27	HRA003620	DF.classifications_0.25_0.005_366	Singlet	pANN_0.25_0.005_366	0.209302325581395
HRA003620_TAGGTACGTTAGGCCC-1_1	HRA003620_NC-27	HRA003620	DF.classifications_0.25_0.005_366	Singlet	pANN_0.25_0.005_366	0
HRA003620_TAGGTTGAGACCTGGA-1_1	HRA003620_NC-27	HRA003620	DF.classifications_0.25_0.005_366	Singlet	pANN_0.25_0.005_366	0.0930232558139535
HRA003620_TAGGTTGAGACTTAAG-1_1	HRA003620_NC-27	HRA003620	DF.classifications_0.25_0.005_366	Singlet	pANN_0.25_0.005_366	0.0697674418604651
HRA003620_TAGGTTGAGGTCGTCC-1_1	HRA003620_NC-27	HRA003620	DF.classifications_0.25_0.005_366	Singlet	pANN_0.25_0.005_366	0.0697674418604651
HRA003620_TAGGTTGAGGTGCCAA-1_1	HRA003620_NC-27	HRA003620	DF.classifications_0.25_0.005_366	Singlet	pANN_0.25_0.005_366	0.186046511627907
HRA003620_TAGGTTGCACCGTGCA-1_1	HRA003620_NC-27	HRA003620	DF.classifications_0.25_0.005_366	Singlet	pANN_0.25_0.005_366	0.325581395348837
HRA003620_TAGGTTGCACGGCTAC-1_1	HRA003620_NC-27	HRA003620	DF.classifications_0.25_0.005_366	Singlet	pANN_0.25_0.005_366	0.0697674418604651
HRA003620_TAGGTTGGTAGTACGG-1_1	HRA003620_NC-27	HRA003620	DF.classifications_0.25_0.005_366	Singlet	pANN_0.25_0.005_366	0.0930232558139535
HRA003620_TAGGTTGGTATGTCAC-1_1	HRA003620_NC-27	HRA003620	DF.classifications_0.25_0.005_366	Singlet	pANN_0.25_0.005_366	0.116279069767442
HRA003620_TAGGTTGGTGTCATCA-1_1	HRA003620_NC-27	HRA003620	DF.classifications_0.25_0.005_366	Singlet	pANN_0.25_0.005_366	0.0930232558139535
HRA003620_TAGGTTGGTTCTCACC-1_1	HRA003620_NC-27	HRA003620	DF.classifications_0.25_0.005_366	Singlet	pANN_0.25_0.005_366	0.186046511627907
HRA003620_TAGTGCAAGCACAAAT-1_1	HRA003620_NC-27	HRA003620	DF.classifications_0.25_0.005_366	Singlet	pANN_0.25_0.005_366	0.162790697674419
HRA003620_TAGTGCAGTATTCTCT-1_1	HRA003620_NC-27	HRA003620	DF.classifications_0.25_0.005_366	Singlet	pANN_0.25_0.005_366	0.162790697674419
HRA003620_TAGTGCAGTCATCACA-1_1	HRA003620_NC-27	HRA003620	DF.classifications_0.25_0.005_366	Singlet	pANN_0.25_0.005_366	0
HRA003620_TAGTGCAGTCCGAAAG-1_1	HRA003620_NC-27	HRA003620	DF.classifications_0.25_0.005_366	Singlet	pANN_0.25_0.005_366	0.186046511627907
HRA003620_TAGTGCAGTTCTCCAC-1_1	HRA003620_NC-27	HRA003620	DF.classifications_0.25_0.005_366	Singlet	pANN_0.25_0.005_366	0.0697674418604651
HRA003620_TAGTGCATCAAGCCCG-1_1	HRA003620_NC-27	HRA003620	DF.classifications_0.25_0.005_366	Singlet	pANN_0.25_0.005_366	0.27906976744186
HRA003620_TAGTGCATCCCGAGTG-1_1	HRA003620_NC-27	HRA003620	DF.classifications_0.25_0.005_366	Singlet	pANN_0.25_0.005_366	0
HRA003620_TATACCTCAACAGCCC-1_1	HRA003620_NC-27	HRA003620	DF.classifications_0.25_0.005_366	Singlet	pANN_0.25_0.005_366	0.162790697674419
HRA003620_TATACCTCAAGAATAC-1_1	HRA003620_NC-27	HRA003620	DF.classifications_0.25_0.005_366	Singlet	pANN_0.25_0.005_366	0.209302325581395
HRA003620_TATACCTCAATAGTCC-1_1	HRA003620_NC-27	HRA003620	DF.classifications_0.25_0.005_366	Singlet	pANN_0.25_0.005_366	0.255813953488372
HRA003620_TATACCTGTGGTCTCG-1_1	HRA003620_NC-27	HRA003620	DF.classifications_0.25_0.005_366	Singlet	pANN_0.25_0.005_366	0
HRA003620_TATACCTTCAAACCCA-1_1	HRA003620_NC-27	HRA003620	DF.classifications_0.25_0.005_366	Singlet	pANN_0.25_0.005_366	0.162790697674419
HRA003620_TATACCTTCATCTGTT-1_1	HRA003620_NC-27	HRA003620	DF.classifications_0.25_0.005_366	Singlet	pANN_0.25_0.005_366	0.27906976744186
HRA003620_TATACCTTCCATATGG-1_1	HRA003620_NC-27	HRA003620	DF.classifications_0.25_0.005_366	Singlet	pANN_0.25_0.005_366	0.186046511627907
HRA003620_TATACCTTCGCATTAG-1_1	HRA003620_NC-27	HRA003620	DF.classifications_0.25_0.005_366	Singlet	pANN_0.25_0.005_366	0.162790697674419
HRA003620_TATATCCAGACAACTA-1_1	HRA003620_NC-27	HRA003620	DF.classifications_0.25_0.005_366	Doublet	pANN_0.25_0.005_366	0.627906976744186
HRA003620_TATATCCCAAAGGCTG-1_1	HRA003620_NC-27	HRA003620	DF.classifications_0.25_0.005_366	Singlet	pANN_0.25_0.005_366	0.116279069767442
HRA003620_TATATCCGTGCAGATG-1_1	HRA003620_NC-27	HRA003620	DF.classifications_0.25_0.005_366	Singlet	pANN_0.25_0.005_366	0.186046511627907
HRA003620_TATATCCGTGCCTATA-1_1	HRA003620_NC-27	HRA003620	DF.classifications_0.25_0.005_366	Singlet	pANN_0.25_0.005_366	0.348837209302326
HRA003620_TATATCCTCCCTCATG-1_1	HRA003620_NC-27	HRA003620	DF.classifications_0.25_0.005_366	Singlet	pANN_0.25_0.005_366	0.0930232558139535
HRA003620_TATCAGGAGGCTGAAC-1_1	HRA003620_NC-27	HRA003620	DF.classifications_0.25_0.005_366	Singlet	pANN_0.25_0.005_366	0.372093023255814
HRA003620_TATCAGGAGGTCTGGA-1_1	HRA003620_NC-27	HRA003620	DF.classifications_0.25_0.005_366	Singlet	pANN_0.25_0.005_366	0.186046511627907
HRA003620_TATCAGGAGTAACGTA-1_1	HRA003620_NC-27	HRA003620	DF.classifications_0.25_0.005_366	Singlet	pANN_0.25_0.005_366	0.186046511627907
HRA003620_TATCAGGAGTCCGCCA-1_1	HRA003620_NC-27	HRA003620	DF.classifications_0.25_0.005_366	Singlet	pANN_0.25_0.005_366	0
HRA003620_TATCAGGCAACCAACT-1_1	HRA003620_NC-27	HRA003620	DF.classifications_0.25_0.005_366	Singlet	pANN_0.25_0.005_366	0.302325581395349
HRA003620_TATCAGGCATAAGATG-1_1	HRA003620_NC-27	HRA003620	DF.classifications_0.25_0.005_366	Singlet	pANN_0.25_0.005_366	0.186046511627907
HRA003620_TATCAGGCATACTGTG-1_1	HRA003620_NC-27	HRA003620	DF.classifications_0.25_0.005_366	Singlet	pANN_0.25_0.005_366	0.209302325581395
HRA003620_TATCAGGGTCGTTGGC-1_1	HRA003620_NC-27	HRA003620	DF.classifications_0.25_0.005_366	Singlet	pANN_0.25_0.005_366	0.0697674418604651
HRA003620_TATCAGGGTCTCTCAC-1_1	HRA003620_NC-27	HRA003620	DF.classifications_0.25_0.005_366	Singlet	pANN_0.25_0.005_366	0.0930232558139535
HRA003620_TATCCTAAGGTCATCT-1_1	HRA003620_NC-27	HRA003620	DF.classifications_0.25_0.005_366	Singlet	pANN_0.25_0.005_366	0.0465116279069767
HRA003620_TATCCTAAGTGAATAC-1_1	HRA003620_NC-27	HRA003620	DF.classifications_0.25_0.005_366	Singlet	pANN_0.25_0.005_366	0.0465116279069767
HRA003620_TATCCTACAGGCCCTA-1_1	HRA003620_NC-27	HRA003620	DF.classifications_0.25_0.005_366	Singlet	pANN_0.25_0.005_366	0
HRA003620_TATCCTACATTCCTAT-1_1	HRA003620_NC-27	HRA003620	DF.classifications_0.25_0.005_366	Singlet	pANN_0.25_0.005_366	0.116279069767442
HRA003620_TATCCTATCCCGGTAG-1_1	HRA003620_NC-27	HRA003620	DF.classifications_0.25_0.005_366	Singlet	pANN_0.25_0.005_366	0.27906976744186
HRA003620_TATCCTATCGTAACTG-1_1	HRA003620_NC-27	HRA003620	DF.classifications_0.25_0.005_366	Doublet	pANN_0.25_0.005_366	0.581395348837209
HRA003620_TATCCTATCTCGCCTA-1_1	HRA003620_NC-27	HRA003620	DF.classifications_0.25_0.005_366	Doublet	pANN_0.25_0.005_366	0.488372093023256
HRA003620_TATCGCCAGCATGTTC-1_1	HRA003620_NC-27	HRA003620	DF.classifications_0.25_0.005_366	Singlet	pANN_0.25_0.005_366	0.186046511627907
HRA003620_TATCGCCAGGGTACAC-1_1	HRA003620_NC-27	HRA003620	DF.classifications_0.25_0.005_366	Singlet	pANN_0.25_0.005_366	0.0930232558139535
HRA003620_TATCGCCAGGTACTGG-1_1	HRA003620_NC-27	HRA003620	DF.classifications_0.25_0.005_366	Singlet	pANN_0.25_0.005_366	0.255813953488372
HRA003620_TATCGCCAGTACAACA-1_1	HRA003620_NC-27	HRA003620	DF.classifications_0.25_0.005_366	Singlet	pANN_0.25_0.005_366	0.162790697674419
HRA003620_TATCGCCCAACAGCTT-1_1	HRA003620_NC-27	HRA003620	DF.classifications_0.25_0.005_366	Singlet	pANN_0.25_0.005_366	0.348837209302326
HRA003620_TATCGCCCAGAGTTGG-1_1	HRA003620_NC-27	HRA003620	DF.classifications_0.25_0.005_366	Singlet	pANN_0.25_0.005_366	0.162790697674419
HRA003620_TATCGCCCATGGTGGA-1_1	HRA003620_NC-27	HRA003620	DF.classifications_0.25_0.005_366	Singlet	pANN_0.25_0.005_366	0.0465116279069767
HRA003620_TATCGCCGTGACAGGT-1_1	HRA003620_NC-27	HRA003620	DF.classifications_0.25_0.005_366	Singlet	pANN_0.25_0.005_366	0.0697674418604651
HRA003620_TATCGCCGTTGTGTAC-1_1	HRA003620_NC-27	HRA003620	DF.classifications_0.25_0.005_366	Singlet	pANN_0.25_0.005_366	0.0930232558139535
HRA003620_TATCGCCTCTCTCGCA-1_1	HRA003620_NC-27	HRA003620	DF.classifications_0.25_0.005_366	Singlet	pANN_0.25_0.005_366	0.162790697674419
HRA003620_TATCTGTAGCAGTAAT-1_1	HRA003620_NC-27	HRA003620	DF.classifications_0.25_0.005_366	Singlet	pANN_0.25_0.005_366	0.232558139534884
HRA003620_TATCTGTAGTTTGCTG-1_1	HRA003620_NC-27	HRA003620	DF.classifications_0.25_0.005_366	Singlet	pANN_0.25_0.005_366	0.209302325581395
HRA003620_TATCTGTCAAGTGGTG-1_1	HRA003620_NC-27	HRA003620	DF.classifications_0.25_0.005_366	Singlet	pANN_0.25_0.005_366	0.209302325581395
HRA003620_TATCTGTCACATTCGA-1_1	HRA003620_NC-27	HRA003620	DF.classifications_0.25_0.005_366	Doublet	pANN_0.25_0.005_366	0.767441860465116
HRA003620_TATCTGTCAGGAGGAG-1_1	HRA003620_NC-27	HRA003620	DF.classifications_0.25_0.005_366	Singlet	pANN_0.25_0.005_366	0.0232558139534884
HRA003620_TATCTGTCAGGTGTGA-1_1	HRA003620_NC-27	HRA003620	DF.classifications_0.25_0.005_366	Singlet	pANN_0.25_0.005_366	0.186046511627907
HRA003620_TATCTGTGTCGTATTG-1_1	HRA003620_NC-27	HRA003620	DF.classifications_0.25_0.005_366	Singlet	pANN_0.25_0.005_366	0.232558139534884
HRA003620_TATCTGTGTTGCCGAC-1_1	HRA003620_NC-27	HRA003620	DF.classifications_0.25_0.005_366	Singlet	pANN_0.25_0.005_366	0.0232558139534884
HRA003620_TATCTGTTCAACGCTA-1_1	HRA003620_NC-27	HRA003620	DF.classifications_0.25_0.005_366	Singlet	pANN_0.25_0.005_366	0.13953488372093
HRA003620_TATCTGTTCACCGGTG-1_1	HRA003620_NC-27	HRA003620	DF.classifications_0.25_0.005_366	Singlet	pANN_0.25_0.005_366	0.209302325581395
HRA003620_TATCTGTTCAGGAGAC-1_1	HRA003620_NC-27	HRA003620	DF.classifications_0.25_0.005_366	Singlet	pANN_0.25_0.005_366	0.0697674418604651
HRA003620_TATCTGTTCATCACTT-1_1	HRA003620_NC-27	HRA003620	DF.classifications_0.25_0.005_366	Singlet	pANN_0.25_0.005_366	0.209302325581395
HRA003620_TATCTGTTCGAACACT-1_1	HRA003620_NC-27	HRA003620	DF.classifications_0.25_0.005_366	Singlet	pANN_0.25_0.005_366	0.302325581395349
HRA003620_TATCTGTTCGGTCGAC-1_1	HRA003620_NC-27	HRA003620	DF.classifications_0.25_0.005_366	Singlet	pANN_0.25_0.005_366	0.232558139534884
HRA003620_TATCTGTTCTCTATAC-1_1	HRA003620_NC-27	HRA003620	DF.classifications_0.25_0.005_366	Singlet	pANN_0.25_0.005_366	0.348837209302326
HRA003620_TATCTTGCACCTCGTT-1_1	HRA003620_NC-27	HRA003620	DF.classifications_0.25_0.005_366	Singlet	pANN_0.25_0.005_366	0.186046511627907
HRA003620_TATCTTGCAGCTATAC-1_1	HRA003620_NC-27	HRA003620	DF.classifications_0.25_0.005_366	Singlet	pANN_0.25_0.005_366	0.232558139534884
HRA003620_TATCTTGGTATTTCTC-1_1	HRA003620_NC-27	HRA003620	DF.classifications_0.25_0.005_366	Singlet	pANN_0.25_0.005_366	0
HRA003620_TATCTTGTCATACAGC-1_1	HRA003620_NC-27	HRA003620	DF.classifications_0.25_0.005_366	Singlet	pANN_0.25_0.005_366	0.395348837209302
HRA003620_TATCTTGTCCTACGGG-1_1	HRA003620_NC-27	HRA003620	DF.classifications_0.25_0.005_366	Singlet	pANN_0.25_0.005_366	0.27906976744186
HRA003620_TATCTTGTCGATGCTA-1_1	HRA003620_NC-27	HRA003620	DF.classifications_0.25_0.005_366	Singlet	pANN_0.25_0.005_366	0.0930232558139535
HRA003620_TATGTTCAGCTCGAAG-1_1	HRA003620_NC-27	HRA003620	DF.classifications_0.25_0.005_366	Singlet	pANN_0.25_0.005_366	0.255813953488372
HRA003620_TATGTTCAGGCGACAT-1_1	HRA003620_NC-27	HRA003620	DF.classifications_0.25_0.005_366	Singlet	pANN_0.25_0.005_366	0.162790697674419
HRA003620_TATGTTCAGGTCCTGC-1_1	HRA003620_NC-27	HRA003620	DF.classifications_0.25_0.005_366	Singlet	pANN_0.25_0.005_366	0.209302325581395
HRA003620_TATGTTCAGGTGCCTC-1_1	HRA003620_NC-27	HRA003620	DF.classifications_0.25_0.005_366	Singlet	pANN_0.25_0.005_366	0.186046511627907
HRA003620_TATGTTCCATCTATCT-1_1	HRA003620_NC-27	HRA003620	DF.classifications_0.25_0.005_366	Singlet	pANN_0.25_0.005_366	0.0697674418604651
HRA003620_TATGTTCGTGGCCACT-1_1	HRA003620_NC-27	HRA003620	DF.classifications_0.25_0.005_366	Singlet	pANN_0.25_0.005_366	0.302325581395349
HRA003620_TATGTTCGTGTTATCG-1_1	HRA003620_NC-27	HRA003620	DF.classifications_0.25_0.005_366	Singlet	pANN_0.25_0.005_366	0.325581395348837
HRA003620_TATTCCACAACCGCCA-1_1	HRA003620_NC-27	HRA003620	DF.classifications_0.25_0.005_366	Singlet	pANN_0.25_0.005_366	0.186046511627907
HRA003620_TATTCCACAATTGTGC-1_1	HRA003620_NC-27	HRA003620	DF.classifications_0.25_0.005_366	Singlet	pANN_0.25_0.005_366	0.186046511627907
HRA003620_TATTCCAGTAACGTTC-1_1	HRA003620_NC-27	HRA003620	DF.classifications_0.25_0.005_366	Singlet	pANN_0.25_0.005_366	0.116279069767442
HRA003620_TATTCCATCACTTATC-1_1	HRA003620_NC-27	HRA003620	DF.classifications_0.25_0.005_366	Singlet	pANN_0.25_0.005_366	0.0465116279069767
HRA003620_TATTGCTGTGCCTTTC-1_1	HRA003620_NC-27	HRA003620	DF.classifications_0.25_0.005_366	Singlet	pANN_0.25_0.005_366	0.186046511627907
HRA003620_TATTGCTGTTGCATCA-1_1	HRA003620_NC-27	HRA003620	DF.classifications_0.25_0.005_366	Singlet	pANN_0.25_0.005_366	0.0930232558139535
HRA003620_TATTGGGAGAGTGAAG-1_1	HRA003620_NC-27	HRA003620	DF.classifications_0.25_0.005_366	Singlet	pANN_0.25_0.005_366	0.209302325581395
HRA003620_TATTGGGAGGCATCTT-1_1	HRA003620_NC-27	HRA003620	DF.classifications_0.25_0.005_366	Singlet	pANN_0.25_0.005_366	0.0232558139534884
HRA003620_TATTGGGGTGATGTAA-1_1	HRA003620_NC-27	HRA003620	DF.classifications_0.25_0.005_366	Singlet	pANN_0.25_0.005_366	0.395348837209302
HRA003620_TATTGGGTCTTGGATG-1_1	HRA003620_NC-27	HRA003620	DF.classifications_0.25_0.005_366	Singlet	pANN_0.25_0.005_366	0.116279069767442
HRA003620_TATTTCGAGACCTTTG-1_1	HRA003620_NC-27	HRA003620	DF.classifications_0.25_0.005_366	Singlet	pANN_0.25_0.005_366	0.116279069767442
HRA003620_TATTTCGAGTAGCTCT-1_1	HRA003620_NC-27	HRA003620	DF.classifications_0.25_0.005_366	Singlet	pANN_0.25_0.005_366	0.0697674418604651
HRA003620_TATTTCGAGTGGACGT-1_1	HRA003620_NC-27	HRA003620	DF.classifications_0.25_0.005_366	Singlet	pANN_0.25_0.005_366	0.186046511627907
HRA003620_TATTTCGCACGAAAGC-1_1	HRA003620_NC-27	HRA003620	DF.classifications_0.25_0.005_366	Singlet	pANN_0.25_0.005_366	0.13953488372093
HRA003620_TATTTCGCACTGAGGA-1_1	HRA003620_NC-27	HRA003620	DF.classifications_0.25_0.005_366	Singlet	pANN_0.25_0.005_366	0.0930232558139535
HRA003620_TATTTCGCATAGGTAA-1_1	HRA003620_NC-27	HRA003620	DF.classifications_0.25_0.005_366	Singlet	pANN_0.25_0.005_366	0.302325581395349
HRA003620_TATTTCGCATGGGTCC-1_1	HRA003620_NC-27	HRA003620	DF.classifications_0.25_0.005_366	Singlet	pANN_0.25_0.005_366	0.186046511627907
HRA003620_TATTTCGGTAACGTTC-1_1	HRA003620_NC-27	HRA003620	DF.classifications_0.25_0.005_366	Singlet	pANN_0.25_0.005_366	0.0465116279069767
HRA003620_TATTTCGGTTGCATCA-1_1	HRA003620_NC-27	HRA003620	DF.classifications_0.25_0.005_366	Singlet	pANN_0.25_0.005_366	0
HRA003620_TATTTCGTCACCACAA-1_1	HRA003620_NC-27	HRA003620	DF.classifications_0.25_0.005_366	Singlet	pANN_0.25_0.005_366	0.116279069767442
HRA003620_TATTTCGTCCAACCGG-1_1	HRA003620_NC-27	HRA003620	DF.classifications_0.25_0.005_366	Singlet	pANN_0.25_0.005_366	0.0465116279069767
HRA003620_TATTTCGTCTGCACCT-1_1	HRA003620_NC-27	HRA003620	DF.classifications_0.25_0.005_366	Singlet	pANN_0.25_0.005_366	0.348837209302326
HRA003620_TCAAGACTCAAGGTGG-1_1	HRA003620_NC-27	HRA003620	DF.classifications_0.25_0.005_366	Singlet	pANN_0.25_0.005_366	0.232558139534884
HRA003620_TCAAGCAAGACGGAAA-1_1	HRA003620_NC-27	HRA003620	DF.classifications_0.25_0.005_366	Singlet	pANN_0.25_0.005_366	0.209302325581395
HRA003620_TCAAGCACAGCATTGT-1_1	HRA003620_NC-27	HRA003620	DF.classifications_0.25_0.005_366	Singlet	pANN_0.25_0.005_366	0.13953488372093
HRA003620_TCAAGCAGTGTATACC-1_1	HRA003620_NC-27	HRA003620	DF.classifications_0.25_0.005_366	Singlet	pANN_0.25_0.005_366	0.27906976744186
HRA003620_TCAAGCAGTTTGAAAG-1_1	HRA003620_NC-27	HRA003620	DF.classifications_0.25_0.005_366	Singlet	pANN_0.25_0.005_366	0.325581395348837
HRA003620_TCAAGCATCAAACGAA-1_1	HRA003620_NC-27	HRA003620	DF.classifications_0.25_0.005_366	Singlet	pANN_0.25_0.005_366	0
HRA003620_TCAAGTGAGCACTGGA-1_1	HRA003620_NC-27	HRA003620	DF.classifications_0.25_0.005_366	Singlet	pANN_0.25_0.005_366	0.232558139534884
HRA003620_TCAAGTGAGGTGATCG-1_1	HRA003620_NC-27	HRA003620	DF.classifications_0.25_0.005_366	Singlet	pANN_0.25_0.005_366	0.0465116279069767
HRA003620_TCAAGTGAGTGTTGTC-1_1	HRA003620_NC-27	HRA003620	DF.classifications_0.25_0.005_366	Singlet	pANN_0.25_0.005_366	0.255813953488372
HRA003620_TCAAGTGCAACGATCT-1_1	HRA003620_NC-27	HRA003620	DF.classifications_0.25_0.005_366	Singlet	pANN_0.25_0.005_366	0.0697674418604651
HRA003620_TCAAGTGGTAACAGGC-1_1	HRA003620_NC-27	HRA003620	DF.classifications_0.25_0.005_366	Singlet	pANN_0.25_0.005_366	0.418604651162791
HRA003620_TCAAGTGGTACGCTTA-1_1	HRA003620_NC-27	HRA003620	DF.classifications_0.25_0.005_366	Singlet	pANN_0.25_0.005_366	0.116279069767442
HRA003620_TCAAGTGTCTATACGG-1_1	HRA003620_NC-27	HRA003620	DF.classifications_0.25_0.005_366	Singlet	pANN_0.25_0.005_366	0.232558139534884
HRA003620_TCAATCTAGCGAAACC-1_1	HRA003620_NC-27	HRA003620	DF.classifications_0.25_0.005_366	Singlet	pANN_0.25_0.005_366	0.116279069767442
HRA003620_TCAATCTAGGAACGCT-1_1	HRA003620_NC-27	HRA003620	DF.classifications_0.25_0.005_366	Singlet	pANN_0.25_0.005_366	0.186046511627907
HRA003620_TCAATCTAGTAAGAGG-1_1	HRA003620_NC-27	HRA003620	DF.classifications_0.25_0.005_366	Singlet	pANN_0.25_0.005_366	0.255813953488372
HRA003620_TCAATCTGTACAGGTG-1_1	HRA003620_NC-27	HRA003620	DF.classifications_0.25_0.005_366	Singlet	pANN_0.25_0.005_366	0.0697674418604651
HRA003620_TCAATCTTCTTGCAGA-1_1	HRA003620_NC-27	HRA003620	DF.classifications_0.25_0.005_366	Singlet	pANN_0.25_0.005_366	0.162790697674419
HRA003620_TCAATTCAGATAGTGT-1_1	HRA003620_NC-27	HRA003620	DF.classifications_0.25_0.005_366	Singlet	pANN_0.25_0.005_366	0.162790697674419
HRA003620_TCAATTCAGGCGTTGA-1_1	HRA003620_NC-27	HRA003620	DF.classifications_0.25_0.005_366	Singlet	pANN_0.25_0.005_366	0.348837209302326
HRA003620_TCAATTCAGGTAAGTT-1_1	HRA003620_NC-27	HRA003620	DF.classifications_0.25_0.005_366	Singlet	pANN_0.25_0.005_366	0.348837209302326
HRA003620_TCAATTCCAGATAAAC-1_1	HRA003620_NC-27	HRA003620	DF.classifications_0.25_0.005_366	Singlet	pANN_0.25_0.005_366	0.13953488372093
HRA003620_TCAATTCGTGAAGCTG-1_1	HRA003620_NC-27	HRA003620	DF.classifications_0.25_0.005_366	Singlet	pANN_0.25_0.005_366	0.302325581395349
HRA003620_TCAATTCTCCTGCTAC-1_1	HRA003620_NC-27	HRA003620	DF.classifications_0.25_0.005_366	Singlet	pANN_0.25_0.005_366	0.186046511627907
HRA003620_TCAATTCTCGGTGCAC-1_1	HRA003620_NC-27	HRA003620	DF.classifications_0.25_0.005_366	Singlet	pANN_0.25_0.005_366	0.116279069767442
HRA003620_TCACAAGAGATAGGGA-1_1	HRA003620_NC-27	HRA003620	DF.classifications_0.25_0.005_366	Singlet	pANN_0.25_0.005_366	0.0697674418604651
HRA003620_TCACAAGAGCCTCTCT-1_1	HRA003620_NC-27	HRA003620	DF.classifications_0.25_0.005_366	Singlet	pANN_0.25_0.005_366	0.232558139534884
HRA003620_TCACAAGCAACCAGAG-1_1	HRA003620_NC-27	HRA003620	DF.classifications_0.25_0.005_366	Doublet	pANN_0.25_0.005_366	0.534883720930233
HRA003620_TCACAAGCACAGGATG-1_1	HRA003620_NC-27	HRA003620	DF.classifications_0.25_0.005_366	Singlet	pANN_0.25_0.005_366	0.395348837209302
HRA003620_TCACAAGCACGAGGAT-1_1	HRA003620_NC-27	HRA003620	DF.classifications_0.25_0.005_366	Singlet	pANN_0.25_0.005_366	0.372093023255814
HRA003620_TCACAAGCAGTAGTTC-1_1	HRA003620_NC-27	HRA003620	DF.classifications_0.25_0.005_366	Singlet	pANN_0.25_0.005_366	0.0232558139534884
HRA003620_TCACAAGCATGGCCCA-1_1	HRA003620_NC-27	HRA003620	DF.classifications_0.25_0.005_366	Singlet	pANN_0.25_0.005_366	0.162790697674419
HRA003620_TCACAAGGTATCAGGG-1_1	HRA003620_NC-27	HRA003620	DF.classifications_0.25_0.005_366	Singlet	pANN_0.25_0.005_366	0.0697674418604651
HRA003620_TCACAAGTCACTCACC-1_1	HRA003620_NC-27	HRA003620	DF.classifications_0.25_0.005_366	Singlet	pANN_0.25_0.005_366	0.209302325581395
HRA003620_TCACAAGTCGAACGCC-1_1	HRA003620_NC-27	HRA003620	DF.classifications_0.25_0.005_366	Singlet	pANN_0.25_0.005_366	0.255813953488372
HRA003620_TCACACCAGGTAGCCA-1_1	HRA003620_NC-27	HRA003620	DF.classifications_0.25_0.005_366	Singlet	pANN_0.25_0.005_366	0
HRA003620_TCACACCAGTGAGGCT-1_1	HRA003620_NC-27	HRA003620	DF.classifications_0.25_0.005_366	Doublet	pANN_0.25_0.005_366	0.581395348837209
HRA003620_TCACACCCAGCAGTAG-1_1	HRA003620_NC-27	HRA003620	DF.classifications_0.25_0.005_366	Singlet	pANN_0.25_0.005_366	0.209302325581395
HRA003620_TCACACCGTACAAACA-1_1	HRA003620_NC-27	HRA003620	DF.classifications_0.25_0.005_366	Singlet	pANN_0.25_0.005_366	0.116279069767442
HRA003620_TCACACCTCACTTCTA-1_1	HRA003620_NC-27	HRA003620	DF.classifications_0.25_0.005_366	Singlet	pANN_0.25_0.005_366	0.0930232558139535
HRA003620_TCACACCTCCGATGCG-1_1	HRA003620_NC-27	HRA003620	DF.classifications_0.25_0.005_366	Singlet	pANN_0.25_0.005_366	0.116279069767442
HRA003620_TCACACCTCCGTGTAA-1_1	HRA003620_NC-27	HRA003620	DF.classifications_0.25_0.005_366	Singlet	pANN_0.25_0.005_366	0.232558139534884
HRA003620_TCACACCTCCTCTAGC-1_1	HRA003620_NC-27	HRA003620	DF.classifications_0.25_0.005_366	Singlet	pANN_0.25_0.005_366	0.186046511627907
HRA003620_TCACACCTCGAGCCTG-1_1	HRA003620_NC-27	HRA003620	DF.classifications_0.25_0.005_366	Doublet	pANN_0.25_0.005_366	0.488372093023256
HRA003620_TCACATTCAAATGGAT-1_1	HRA003620_NC-27	HRA003620	DF.classifications_0.25_0.005_366	Singlet	pANN_0.25_0.005_366	0.372093023255814
HRA003620_TCACATTCATAACTCG-1_1	HRA003620_NC-27	HRA003620	DF.classifications_0.25_0.005_366	Singlet	pANN_0.25_0.005_366	0.0232558139534884
HRA003620_TCACATTTCATGGTAC-1_1	HRA003620_NC-27	HRA003620	DF.classifications_0.25_0.005_366	Doublet	pANN_0.25_0.005_366	0.627906976744186
HRA003620_TCACATTTCCACAGCG-1_1	HRA003620_NC-27	HRA003620	DF.classifications_0.25_0.005_366	Singlet	pANN_0.25_0.005_366	0.13953488372093
HRA003620_TCACATTTCCATTGTT-1_1	HRA003620_NC-27	HRA003620	DF.classifications_0.25_0.005_366	Singlet	pANN_0.25_0.005_366	0.232558139534884
HRA003620_TCACATTTCGGATACT-1_1	HRA003620_NC-27	HRA003620	DF.classifications_0.25_0.005_366	Doublet	pANN_0.25_0.005_366	0.558139534883721
HRA003620_TCACGCTAGATGCCGA-1_1	HRA003620_NC-27	HRA003620	DF.classifications_0.25_0.005_366	Singlet	pANN_0.25_0.005_366	0.372093023255814
HRA003620_TCACGCTAGGACGCAT-1_1	HRA003620_NC-27	HRA003620	DF.classifications_0.25_0.005_366	Singlet	pANN_0.25_0.005_366	0.27906976744186
HRA003620_TCACGCTAGGTAAGTT-1_1	HRA003620_NC-27	HRA003620	DF.classifications_0.25_0.005_366	Singlet	pANN_0.25_0.005_366	0.186046511627907
HRA003620_TCACGCTAGGTTATAG-1_1	HRA003620_NC-27	HRA003620	DF.classifications_0.25_0.005_366	Singlet	pANN_0.25_0.005_366	0.116279069767442
HRA003620_TCACGCTCACAAGGTG-1_1	HRA003620_NC-27	HRA003620	DF.classifications_0.25_0.005_366	Singlet	pANN_0.25_0.005_366	0.0465116279069767
HRA003620_TCACGCTGTACAGAGC-1_1	HRA003620_NC-27	HRA003620	DF.classifications_0.25_0.005_366	Singlet	pANN_0.25_0.005_366	0.0232558139534884
HRA003620_TCACGCTTCTTACGTT-1_1	HRA003620_NC-27	HRA003620	DF.classifications_0.25_0.005_366	Doublet	pANN_0.25_0.005_366	0.511627906976744
HRA003620_TCACGGGCACAACCGC-1_1	HRA003620_NC-27	HRA003620	DF.classifications_0.25_0.005_366	Singlet	pANN_0.25_0.005_366	0.13953488372093
HRA003620_TCACGGGGTCCGAAGA-1_1	HRA003620_NC-27	HRA003620	DF.classifications_0.25_0.005_366	Doublet	pANN_0.25_0.005_366	0.581395348837209
HRA003620_TCACGGGGTCGAACAG-1_1	HRA003620_NC-27	HRA003620	DF.classifications_0.25_0.005_366	Singlet	pANN_0.25_0.005_366	0.27906976744186
HRA003620_TCACTATAGATGCTGG-1_1	HRA003620_NC-27	HRA003620	DF.classifications_0.25_0.005_366	Singlet	pANN_0.25_0.005_366	0.209302325581395
HRA003620_TCACTATAGCAGCACA-1_1	HRA003620_NC-27	HRA003620	DF.classifications_0.25_0.005_366	Singlet	pANN_0.25_0.005_366	0.0697674418604651
HRA003620_TCACTATAGGTGAGCT-1_1	HRA003620_NC-27	HRA003620	DF.classifications_0.25_0.005_366	Singlet	pANN_0.25_0.005_366	0.186046511627907
HRA003620_TCACTATAGGTTGGAC-1_1	HRA003620_NC-27	HRA003620	DF.classifications_0.25_0.005_366	Doublet	pANN_0.25_0.005_366	0.604651162790698
HRA003620_TCACTATCACACGGTC-1_1	HRA003620_NC-27	HRA003620	DF.classifications_0.25_0.005_366	Singlet	pANN_0.25_0.005_366	0.186046511627907
HRA003620_TCACTATGTGATACCT-1_1	HRA003620_NC-27	HRA003620	DF.classifications_0.25_0.005_366	Singlet	pANN_0.25_0.005_366	0.0697674418604651
HRA003620_TCACTCGAGAACGTGC-1_1	HRA003620_NC-27	HRA003620	DF.classifications_0.25_0.005_366	Singlet	pANN_0.25_0.005_366	0.0465116279069767
HRA003620_TCACTCGAGTTTGGCT-1_1	HRA003620_NC-27	HRA003620	DF.classifications_0.25_0.005_366	Singlet	pANN_0.25_0.005_366	0.186046511627907
HRA003620_TCACTCGCACTGGAAG-1_1	HRA003620_NC-27	HRA003620	DF.classifications_0.25_0.005_366	Doublet	pANN_0.25_0.005_366	0.651162790697674
HRA003620_TCACTCGCACTTGAAC-1_1	HRA003620_NC-27	HRA003620	DF.classifications_0.25_0.005_366	Singlet	pANN_0.25_0.005_366	0.162790697674419
HRA003620_TCACTCGCAGTTCCAA-1_1	HRA003620_NC-27	HRA003620	DF.classifications_0.25_0.005_366	Singlet	pANN_0.25_0.005_366	0.232558139534884
HRA003620_TCACTCGGTAATGATG-1_1	HRA003620_NC-27	HRA003620	DF.classifications_0.25_0.005_366	Singlet	pANN_0.25_0.005_366	0.232558139534884
HRA003620_TCACTCGGTCGACGCT-1_1	HRA003620_NC-27	HRA003620	DF.classifications_0.25_0.005_366	Singlet	pANN_0.25_0.005_366	0.395348837209302
HRA003620_TCACTCGGTCGTACAT-1_1	HRA003620_NC-27	HRA003620	DF.classifications_0.25_0.005_366	Singlet	pANN_0.25_0.005_366	0.209302325581395
HRA003620_TCACTCGGTTCAGCGC-1_1	HRA003620_NC-27	HRA003620	DF.classifications_0.25_0.005_366	Singlet	pANN_0.25_0.005_366	0.186046511627907
HRA003620_TCACTCGTCTCGCCTA-1_1	HRA003620_NC-27	HRA003620	DF.classifications_0.25_0.005_366	Singlet	pANN_0.25_0.005_366	0.0465116279069767
HRA003620_TCAGCAAAGAGGCCAT-1_1	HRA003620_NC-27	HRA003620	DF.classifications_0.25_0.005_366	Singlet	pANN_0.25_0.005_366	0.209302325581395
HRA003620_TCAGCAAAGATACGAT-1_1	HRA003620_NC-27	HRA003620	DF.classifications_0.25_0.005_366	Singlet	pANN_0.25_0.005_366	0
HRA003620_TCAGCAAAGGGTCTTT-1_1	HRA003620_NC-27	HRA003620	DF.classifications_0.25_0.005_366	Singlet	pANN_0.25_0.005_366	0.116279069767442
HRA003620_TCAGCAAAGGTGTGAC-1_1	HRA003620_NC-27	HRA003620	DF.classifications_0.25_0.005_366	Singlet	pANN_0.25_0.005_366	0.232558139534884
HRA003620_TCAGCAAAGGTTGTTC-1_1	HRA003620_NC-27	HRA003620	DF.classifications_0.25_0.005_366	Singlet	pANN_0.25_0.005_366	0.162790697674419
HRA003620_TCAGCAAAGTAACGAT-1_1	HRA003620_NC-27	HRA003620	DF.classifications_0.25_0.005_366	Singlet	pANN_0.25_0.005_366	0.162790697674419
HRA003620_TCAGCAAAGTTGAATG-1_1	HRA003620_NC-27	HRA003620	DF.classifications_0.25_0.005_366	Singlet	pANN_0.25_0.005_366	0.116279069767442
HRA003620_TCAGCAACACGTATAC-1_1	HRA003620_NC-27	HRA003620	DF.classifications_0.25_0.005_366	Singlet	pANN_0.25_0.005_366	0.255813953488372
HRA003620_TCAGCAACAGATAAAC-1_1	HRA003620_NC-27	HRA003620	DF.classifications_0.25_0.005_366	Singlet	pANN_0.25_0.005_366	0.116279069767442
HRA003620_TCAGCAAGTACGATGG-1_1	HRA003620_NC-27	HRA003620	DF.classifications_0.25_0.005_366	Singlet	pANN_0.25_0.005_366	0.232558139534884
HRA003620_TCAGCAAGTCACTAGT-1_1	HRA003620_NC-27	HRA003620	DF.classifications_0.25_0.005_366	Singlet	pANN_0.25_0.005_366	0.255813953488372
HRA003620_TCAGCAAGTGAGGCAT-1_1	HRA003620_NC-27	HRA003620	DF.classifications_0.25_0.005_366	Singlet	pANN_0.25_0.005_366	0.162790697674419
HRA003620_TCAGCCTAGGAACATT-1_1	HRA003620_NC-27	HRA003620	DF.classifications_0.25_0.005_366	Singlet	pANN_0.25_0.005_366	0.13953488372093
HRA003620_TCAGCCTAGGTATCTC-1_1	HRA003620_NC-27	HRA003620	DF.classifications_0.25_0.005_366	Singlet	pANN_0.25_0.005_366	0.255813953488372
HRA003620_TCAGCCTGTAGCACGA-1_1	HRA003620_NC-27	HRA003620	DF.classifications_0.25_0.005_366	Singlet	pANN_0.25_0.005_366	0.395348837209302
HRA003620_TCAGCCTGTGGACCAA-1_1	HRA003620_NC-27	HRA003620	DF.classifications_0.25_0.005_366	Singlet	pANN_0.25_0.005_366	0.0697674418604651
HRA003620_TCAGCCTTCATCGGGC-1_1	HRA003620_NC-27	HRA003620	DF.classifications_0.25_0.005_366	Singlet	pANN_0.25_0.005_366	0.209302325581395
HRA003620_TCAGCCTTCTAGGCAT-1_1	HRA003620_NC-27	HRA003620	DF.classifications_0.25_0.005_366	Singlet	pANN_0.25_0.005_366	0.186046511627907
HRA003620_TCAGGGCAGTCGGGAT-1_1	HRA003620_NC-27	HRA003620	DF.classifications_0.25_0.005_366	Singlet	pANN_0.25_0.005_366	0.186046511627907
HRA003620_TCAGGGCCACAACGCC-1_1	HRA003620_NC-27	HRA003620	DF.classifications_0.25_0.005_366	Singlet	pANN_0.25_0.005_366	0.13953488372093
HRA003620_TCAGGGCCAGTGTGGA-1_1	HRA003620_NC-27	HRA003620	DF.classifications_0.25_0.005_366	Singlet	pANN_0.25_0.005_366	0.0697674418604651
HRA003620_TCAGGGCCATCTAGAC-1_1	HRA003620_NC-27	HRA003620	DF.classifications_0.25_0.005_366	Singlet	pANN_0.25_0.005_366	0.0232558139534884
HRA003620_TCAGGGCGTGCGGATA-1_1	HRA003620_NC-27	HRA003620	DF.classifications_0.25_0.005_366	Singlet	pANN_0.25_0.005_366	0.0930232558139535
HRA003620_TCAGGGCTCAAAGCCT-1_1	HRA003620_NC-27	HRA003620	DF.classifications_0.25_0.005_366	Singlet	pANN_0.25_0.005_366	0.162790697674419
HRA003620_TCAGGGCTCTGAGGTT-1_1	HRA003620_NC-27	HRA003620	DF.classifications_0.25_0.005_366	Singlet	pANN_0.25_0.005_366	0
HRA003620_TCAGGTAAGCGCCATC-1_1	HRA003620_NC-27	HRA003620	DF.classifications_0.25_0.005_366	Singlet	pANN_0.25_0.005_366	0.325581395348837
HRA003620_TCAGGTAAGCGTGAGT-1_1	HRA003620_NC-27	HRA003620	DF.classifications_0.25_0.005_366	Singlet	pANN_0.25_0.005_366	0.232558139534884
HRA003620_TCAGGTAGTACGGGAT-1_1	HRA003620_NC-27	HRA003620	DF.classifications_0.25_0.005_366	Singlet	pANN_0.25_0.005_366	0.0930232558139535
HRA003620_TCAGGTAGTGCCCACA-1_1	HRA003620_NC-27	HRA003620	DF.classifications_0.25_0.005_366	Singlet	pANN_0.25_0.005_366	0.0232558139534884
HRA003620_TCAGGTAGTTCCTAAG-1_1	HRA003620_NC-27	HRA003620	DF.classifications_0.25_0.005_366	Singlet	pANN_0.25_0.005_366	0.0697674418604651
HRA003620_TCAGGTATCATTTGCT-1_1	HRA003620_NC-27	HRA003620	DF.classifications_0.25_0.005_366	Singlet	pANN_0.25_0.005_366	0.13953488372093
HRA003620_TCAGGTATCCACATAG-1_1	HRA003620_NC-27	HRA003620	DF.classifications_0.25_0.005_366	Singlet	pANN_0.25_0.005_366	0.186046511627907
HRA003620_TCAGGTATCCGAGTGC-1_1	HRA003620_NC-27	HRA003620	DF.classifications_0.25_0.005_366	Singlet	pANN_0.25_0.005_366	0.0930232558139535
HRA003620_TCAGGTATCCTTCACG-1_1	HRA003620_NC-27	HRA003620	DF.classifications_0.25_0.005_366	Singlet	pANN_0.25_0.005_366	0.255813953488372
HRA003620_TCAGGTATCGACCTAA-1_1	HRA003620_NC-27	HRA003620	DF.classifications_0.25_0.005_366	Singlet	pANN_0.25_0.005_366	0.162790697674419
HRA003620_TCAGGTATCGCCGAGT-1_1	HRA003620_NC-27	HRA003620	DF.classifications_0.25_0.005_366	Singlet	pANN_0.25_0.005_366	0.348837209302326
HRA003620_TCAGTCCAGCATCAGG-1_1	HRA003620_NC-27	HRA003620	DF.classifications_0.25_0.005_366	Singlet	pANN_0.25_0.005_366	0.0930232558139535
HRA003620_TCAGTCCCATCACAGT-1_1	HRA003620_NC-27	HRA003620	DF.classifications_0.25_0.005_366	Singlet	pANN_0.25_0.005_366	0.0930232558139535
HRA003620_TCAGTCCGTTGTGGCC-1_1	HRA003620_NC-27	HRA003620	DF.classifications_0.25_0.005_366	Singlet	pANN_0.25_0.005_366	0.162790697674419
HRA003620_TCAGTCCTCACATCAG-1_1	HRA003620_NC-27	HRA003620	DF.classifications_0.25_0.005_366	Singlet	pANN_0.25_0.005_366	0.209302325581395
HRA003620_TCAGTCCTCGACATCA-1_1	HRA003620_NC-27	HRA003620	DF.classifications_0.25_0.005_366	Singlet	pANN_0.25_0.005_366	0.116279069767442
HRA003620_TCAGTCCTCTGGGCAC-1_1	HRA003620_NC-27	HRA003620	DF.classifications_0.25_0.005_366	Singlet	pANN_0.25_0.005_366	0.162790697674419
HRA003620_TCAGTGAAGCATCAAA-1_1	HRA003620_NC-27	HRA003620	DF.classifications_0.25_0.005_366	Singlet	pANN_0.25_0.005_366	0.302325581395349
HRA003620_TCAGTGAAGCTGTACT-1_1	HRA003620_NC-27	HRA003620	DF.classifications_0.25_0.005_366	Singlet	pANN_0.25_0.005_366	0.0930232558139535
HRA003620_TCAGTGAAGTTCATCG-1_1	HRA003620_NC-27	HRA003620	DF.classifications_0.25_0.005_366	Singlet	pANN_0.25_0.005_366	0.0232558139534884
HRA003620_TCAGTGAGTTGTTTGG-1_1	HRA003620_NC-27	HRA003620	DF.classifications_0.25_0.005_366	Singlet	pANN_0.25_0.005_366	0.0232558139534884
HRA003620_TCAGTTTAGGACAGCT-1_1	HRA003620_NC-27	HRA003620	DF.classifications_0.25_0.005_366	Singlet	pANN_0.25_0.005_366	0.232558139534884
HRA003620_TCAGTTTCATGTAACC-1_1	HRA003620_NC-27	HRA003620	DF.classifications_0.25_0.005_366	Singlet	pANN_0.25_0.005_366	0.0697674418604651
HRA003620_TCAGTTTGTCGTGCCA-1_1	HRA003620_NC-27	HRA003620	DF.classifications_0.25_0.005_366	Singlet	pANN_0.25_0.005_366	0.325581395348837
HRA003620_TCAGTTTGTCTTGCGG-1_1	HRA003620_NC-27	HRA003620	DF.classifications_0.25_0.005_366	Singlet	pANN_0.25_0.005_366	0
HRA003620_TCAGTTTGTTACGGAG-1_1	HRA003620_NC-27	HRA003620	DF.classifications_0.25_0.005_366	Singlet	pANN_0.25_0.005_366	0.348837209302326
HRA003620_TCAGTTTGTTCCGGTG-1_1	HRA003620_NC-27	HRA003620	DF.classifications_0.25_0.005_366	Singlet	pANN_0.25_0.005_366	0.209302325581395
HRA003620_TCAGTTTTCTACTATC-1_1	HRA003620_NC-27	HRA003620	DF.classifications_0.25_0.005_366	Singlet	pANN_0.25_0.005_366	0.372093023255814
HRA003620_TCATACTAGAACTGAT-1_1	HRA003620_NC-27	HRA003620	DF.classifications_0.25_0.005_366	Singlet	pANN_0.25_0.005_366	0.232558139534884
HRA003620_TCATACTAGGTTCAGG-1_1	HRA003620_NC-27	HRA003620	DF.classifications_0.25_0.005_366	Singlet	pANN_0.25_0.005_366	0.13953488372093
HRA003620_TCATACTCAGCGCTTG-1_1	HRA003620_NC-27	HRA003620	DF.classifications_0.25_0.005_366	Singlet	pANN_0.25_0.005_366	0.13953488372093
HRA003620_TCATACTCAGTGCCTG-1_1	HRA003620_NC-27	HRA003620	DF.classifications_0.25_0.005_366	Singlet	pANN_0.25_0.005_366	0.209302325581395
HRA003620_TCATACTCATGGCACC-1_1	HRA003620_NC-27	HRA003620	DF.classifications_0.25_0.005_366	Singlet	pANN_0.25_0.005_366	0.0232558139534884
HRA003620_TCATACTTCCGAGGCT-1_1	HRA003620_NC-27	HRA003620	DF.classifications_0.25_0.005_366	Singlet	pANN_0.25_0.005_366	0.0232558139534884
HRA003620_TCATACTTCTTACCGC-1_1	HRA003620_NC-27	HRA003620	DF.classifications_0.25_0.005_366	Singlet	pANN_0.25_0.005_366	0.13953488372093
HRA003620_TCATATCAGGTGGCTA-1_1	HRA003620_NC-27	HRA003620	DF.classifications_0.25_0.005_366	Singlet	pANN_0.25_0.005_366	0.255813953488372
HRA003620_TCATATCCAACGGCCT-1_1	HRA003620_NC-27	HRA003620	DF.classifications_0.25_0.005_366	Singlet	pANN_0.25_0.005_366	0.255813953488372
HRA003620_TCATATCCAGGAGGTT-1_1	HRA003620_NC-27	HRA003620	DF.classifications_0.25_0.005_366	Doublet	pANN_0.25_0.005_366	0.720930232558139
HRA003620_TCATATCGTGGACCAA-1_1	HRA003620_NC-27	HRA003620	DF.classifications_0.25_0.005_366	Singlet	pANN_0.25_0.005_366	0.0232558139534884
HRA003620_TCATATCGTGGCGCTT-1_1	HRA003620_NC-27	HRA003620	DF.classifications_0.25_0.005_366	Singlet	pANN_0.25_0.005_366	0.209302325581395
HRA003620_TCATATCTCGGAACTT-1_1	HRA003620_NC-27	HRA003620	DF.classifications_0.25_0.005_366	Singlet	pANN_0.25_0.005_366	0.186046511627907
HRA003620_TCATCATAGCGAACTG-1_1	HRA003620_NC-27	HRA003620	DF.classifications_0.25_0.005_366	Singlet	pANN_0.25_0.005_366	0.116279069767442
HRA003620_TCATCATCAGTGTGCC-1_1	HRA003620_NC-27	HRA003620	DF.classifications_0.25_0.005_366	Singlet	pANN_0.25_0.005_366	0.209302325581395
HRA003620_TCATCATGTCGCGTCA-1_1	HRA003620_NC-27	HRA003620	DF.classifications_0.25_0.005_366	Singlet	pANN_0.25_0.005_366	0.0697674418604651
HRA003620_TCATCATGTGGATTTC-1_1	HRA003620_NC-27	HRA003620	DF.classifications_0.25_0.005_366	Singlet	pANN_0.25_0.005_366	0.13953488372093
HRA003620_TCATCATTCGAATCCA-1_1	HRA003620_NC-27	HRA003620	DF.classifications_0.25_0.005_366	Singlet	pANN_0.25_0.005_366	0.0232558139534884
HRA003620_TCATCATTCGCTTGAA-1_1	HRA003620_NC-27	HRA003620	DF.classifications_0.25_0.005_366	Singlet	pANN_0.25_0.005_366	0
HRA003620_TCATCCGAGGATAATC-1_1	HRA003620_NC-27	HRA003620	DF.classifications_0.25_0.005_366	Singlet	pANN_0.25_0.005_366	0.0697674418604651
HRA003620_TCATCCGCAAATGGTA-1_1	HRA003620_NC-27	HRA003620	DF.classifications_0.25_0.005_366	Singlet	pANN_0.25_0.005_366	0.232558139534884
HRA003620_TCATCCGCAAGCAATA-1_1	HRA003620_NC-27	HRA003620	DF.classifications_0.25_0.005_366	Singlet	pANN_0.25_0.005_366	0.209302325581395
HRA003620_TCATCCGCAGAGAATT-1_1	HRA003620_NC-27	HRA003620	DF.classifications_0.25_0.005_366	Singlet	pANN_0.25_0.005_366	0.0232558139534884
HRA003620_TCATCCGGTAGACACG-1_1	HRA003620_NC-27	HRA003620	DF.classifications_0.25_0.005_366	Singlet	pANN_0.25_0.005_366	0
HRA003620_TCATCCGGTGCTGTCG-1_1	HRA003620_NC-27	HRA003620	DF.classifications_0.25_0.005_366	Singlet	pANN_0.25_0.005_366	0.232558139534884
HRA003620_TCATCCGTCCATCTGC-1_1	HRA003620_NC-27	HRA003620	DF.classifications_0.25_0.005_366	Singlet	pANN_0.25_0.005_366	0.209302325581395
HRA003620_TCATCCGTCCGGTAGC-1_1	HRA003620_NC-27	HRA003620	DF.classifications_0.25_0.005_366	Singlet	pANN_0.25_0.005_366	0.186046511627907
HRA003620_TCATCCGTCGGTAACT-1_1	HRA003620_NC-27	HRA003620	DF.classifications_0.25_0.005_366	Singlet	pANN_0.25_0.005_366	0.116279069767442
HRA003620_TCATCCGTCTGGAAGG-1_1	HRA003620_NC-27	HRA003620	DF.classifications_0.25_0.005_366	Singlet	pANN_0.25_0.005_366	0.395348837209302
HRA003620_TCATGAGAGTCCCGGT-1_1	HRA003620_NC-27	HRA003620	DF.classifications_0.25_0.005_366	Singlet	pANN_0.25_0.005_366	0.0465116279069767
HRA003620_TCATGAGCAGTGTACT-1_1	HRA003620_NC-27	HRA003620	DF.classifications_0.25_0.005_366	Singlet	pANN_0.25_0.005_366	0.162790697674419
HRA003620_TCATGAGGTCGTACAT-1_1	HRA003620_NC-27	HRA003620	DF.classifications_0.25_0.005_366	Singlet	pANN_0.25_0.005_366	0.255813953488372
HRA003620_TCATGAGTCTATGTGG-1_1	HRA003620_NC-27	HRA003620	DF.classifications_0.25_0.005_366	Singlet	pANN_0.25_0.005_366	0.255813953488372
HRA003620_TCATGCCCAACAGCCC-1_1	HRA003620_NC-27	HRA003620	DF.classifications_0.25_0.005_366	Singlet	pANN_0.25_0.005_366	0.162790697674419
HRA003620_TCATGCCGTGGAATGC-1_1	HRA003620_NC-27	HRA003620	DF.classifications_0.25_0.005_366	Singlet	pANN_0.25_0.005_366	0
HRA003620_TCATGCCTCGAATCCA-1_1	HRA003620_NC-27	HRA003620	DF.classifications_0.25_0.005_366	Singlet	pANN_0.25_0.005_366	0.0697674418604651
HRA003620_TCATGCCTCGGAGTGA-1_1	HRA003620_NC-27	HRA003620	DF.classifications_0.25_0.005_366	Singlet	pANN_0.25_0.005_366	0.0930232558139535
HRA003620_TCATGCCTCTCGAGTA-1_1	HRA003620_NC-27	HRA003620	DF.classifications_0.25_0.005_366	Singlet	pANN_0.25_0.005_366	0.186046511627907
HRA003620_TCATGGAAGAAGGATG-1_1	HRA003620_NC-27	HRA003620	DF.classifications_0.25_0.005_366	Doublet	pANN_0.25_0.005_366	0.534883720930233
HRA003620_TCATGGACACGCGTCA-1_1	HRA003620_NC-27	HRA003620	DF.classifications_0.25_0.005_366	Singlet	pANN_0.25_0.005_366	0.116279069767442
HRA003620_TCATGGACACTTCAAG-1_1	HRA003620_NC-27	HRA003620	DF.classifications_0.25_0.005_366	Singlet	pANN_0.25_0.005_366	0.209302325581395
HRA003620_TCATGGACATCCGAAT-1_1	HRA003620_NC-27	HRA003620	DF.classifications_0.25_0.005_366	Singlet	pANN_0.25_0.005_366	0.27906976744186
HRA003620_TCATGGAGTTTGAAAG-1_1	HRA003620_NC-27	HRA003620	DF.classifications_0.25_0.005_366	Singlet	pANN_0.25_0.005_366	0.0697674418604651
HRA003620_TCATGGATCACTTCTA-1_1	HRA003620_NC-27	HRA003620	DF.classifications_0.25_0.005_366	Singlet	pANN_0.25_0.005_366	0.186046511627907
HRA003620_TCATGGATCCTACCAC-1_1	HRA003620_NC-27	HRA003620	DF.classifications_0.25_0.005_366	Singlet	pANN_0.25_0.005_366	0.0697674418604651
HRA003620_TCATGTTAGAGCTGCA-1_1	HRA003620_NC-27	HRA003620	DF.classifications_0.25_0.005_366	Singlet	pANN_0.25_0.005_366	0
HRA003620_TCATGTTAGCTCAGAG-1_1	HRA003620_NC-27	HRA003620	DF.classifications_0.25_0.005_366	Singlet	pANN_0.25_0.005_366	0
HRA003620_TCATGTTTCCTTCGAC-1_1	HRA003620_NC-27	HRA003620	DF.classifications_0.25_0.005_366	Singlet	pANN_0.25_0.005_366	0.186046511627907
HRA003620_TCATGTTTCGCAGTTA-1_1	HRA003620_NC-27	HRA003620	DF.classifications_0.25_0.005_366	Singlet	pANN_0.25_0.005_366	0.0930232558139535
HRA003620_TCATGTTTCGCTAAAC-1_1	HRA003620_NC-27	HRA003620	DF.classifications_0.25_0.005_366	Singlet	pANN_0.25_0.005_366	0.232558139534884
HRA003620_TCATTACAGGTTCCAT-1_1	HRA003620_NC-27	HRA003620	DF.classifications_0.25_0.005_366	Singlet	pANN_0.25_0.005_366	0.162790697674419
HRA003620_TCATTACCATCCTTGC-1_1	HRA003620_NC-27	HRA003620	DF.classifications_0.25_0.005_366	Singlet	pANN_0.25_0.005_366	0.116279069767442
HRA003620_TCATTACGTCAAAGTA-1_1	HRA003620_NC-27	HRA003620	DF.classifications_0.25_0.005_366	Singlet	pANN_0.25_0.005_366	0.186046511627907
HRA003620_TCATTACGTGCATTAC-1_1	HRA003620_NC-27	HRA003620	DF.classifications_0.25_0.005_366	Singlet	pANN_0.25_0.005_366	0.0930232558139535
HRA003620_TCATTACTCCATAGGT-1_1	HRA003620_NC-27	HRA003620	DF.classifications_0.25_0.005_366	Singlet	pANN_0.25_0.005_366	0
HRA003620_TCATTACTCCTTTGAT-1_1	HRA003620_NC-27	HRA003620	DF.classifications_0.25_0.005_366	Singlet	pANN_0.25_0.005_366	0.162790697674419
HRA003620_TCATTACTCTGCTGAA-1_1	HRA003620_NC-27	HRA003620	DF.classifications_0.25_0.005_366	Doublet	pANN_0.25_0.005_366	0.604651162790698
HRA003620_TCATTCAAGAAACCAT-1_1	HRA003620_NC-27	HRA003620	DF.classifications_0.25_0.005_366	Singlet	pANN_0.25_0.005_366	0.209302325581395
HRA003620_TCATTCAAGGCACTAG-1_1	HRA003620_NC-27	HRA003620	DF.classifications_0.25_0.005_366	Singlet	pANN_0.25_0.005_366	0.418604651162791
HRA003620_TCATTCAAGTGTTCAC-1_1	HRA003620_NC-27	HRA003620	DF.classifications_0.25_0.005_366	Singlet	pANN_0.25_0.005_366	0.209302325581395
HRA003620_TCATTCACAGTCACGC-1_1	HRA003620_NC-27	HRA003620	DF.classifications_0.25_0.005_366	Singlet	pANN_0.25_0.005_366	0.325581395348837
HRA003620_TCATTCAGTACTCGTA-1_1	HRA003620_NC-27	HRA003620	DF.classifications_0.25_0.005_366	Singlet	pANN_0.25_0.005_366	0.0930232558139535
HRA003620_TCATTCATCCGATCTC-1_1	HRA003620_NC-27	HRA003620	DF.classifications_0.25_0.005_366	Singlet	pANN_0.25_0.005_366	0.13953488372093
HRA003620_TCATTCATCGATCCAA-1_1	HRA003620_NC-27	HRA003620	DF.classifications_0.25_0.005_366	Singlet	pANN_0.25_0.005_366	0.162790697674419
HRA003620_TCATTGTAGCCTCATA-1_1	HRA003620_NC-27	HRA003620	DF.classifications_0.25_0.005_366	Singlet	pANN_0.25_0.005_366	0.0465116279069767
HRA003620_TCATTGTAGTCAACAA-1_1	HRA003620_NC-27	HRA003620	DF.classifications_0.25_0.005_366	Singlet	pANN_0.25_0.005_366	0.348837209302326
HRA003620_TCATTGTCAACTGTGT-1_1	HRA003620_NC-27	HRA003620	DF.classifications_0.25_0.005_366	Singlet	pANN_0.25_0.005_366	0.395348837209302
HRA003620_TCATTGTCAATAGTAG-1_1	HRA003620_NC-27	HRA003620	DF.classifications_0.25_0.005_366	Singlet	pANN_0.25_0.005_366	0.13953488372093
HRA003620_TCATTGTCAGGCTACC-1_1	HRA003620_NC-27	HRA003620	DF.classifications_0.25_0.005_366	Singlet	pANN_0.25_0.005_366	0.116279069767442
HRA003620_TCATTGTGTAGTATAG-1_1	HRA003620_NC-27	HRA003620	DF.classifications_0.25_0.005_366	Doublet	pANN_0.25_0.005_366	0.790697674418605
HRA003620_TCATTGTGTGATTAGA-1_1	HRA003620_NC-27	HRA003620	DF.classifications_0.25_0.005_366	Singlet	pANN_0.25_0.005_366	0.232558139534884
HRA003620_TCATTGTTCGCGTCGA-1_1	HRA003620_NC-27	HRA003620	DF.classifications_0.25_0.005_366	Singlet	pANN_0.25_0.005_366	0.209302325581395
HRA003620_TCATTGTTCTGAGATC-1_1	HRA003620_NC-27	HRA003620	DF.classifications_0.25_0.005_366	Singlet	pANN_0.25_0.005_366	0.232558139534884
HRA003620_TCATTTGAGTAGACCG-1_1	HRA003620_NC-27	HRA003620	DF.classifications_0.25_0.005_366	Singlet	pANN_0.25_0.005_366	0.0930232558139535
HRA003620_TCATTTGCAACAACAA-1_1	HRA003620_NC-27	HRA003620	DF.classifications_0.25_0.005_366	Singlet	pANN_0.25_0.005_366	0.325581395348837
HRA003620_TCATTTGCACGACTAT-1_1	HRA003620_NC-27	HRA003620	DF.classifications_0.25_0.005_366	Singlet	pANN_0.25_0.005_366	0.162790697674419
HRA003620_TCATTTGCACTAGGTT-1_1	HRA003620_NC-27	HRA003620	DF.classifications_0.25_0.005_366	Singlet	pANN_0.25_0.005_366	0.232558139534884
HRA003620_TCATTTGCAGGTGTGA-1_1	HRA003620_NC-27	HRA003620	DF.classifications_0.25_0.005_366	Singlet	pANN_0.25_0.005_366	0.0465116279069767
HRA003620_TCATTTGCATTCTCCG-1_1	HRA003620_NC-27	HRA003620	DF.classifications_0.25_0.005_366	Singlet	pANN_0.25_0.005_366	0.13953488372093
HRA003620_TCATTTGGTAGGGAGG-1_1	HRA003620_NC-27	HRA003620	DF.classifications_0.25_0.005_366	Singlet	pANN_0.25_0.005_366	0.162790697674419
HRA003620_TCATTTGGTCGCTTAA-1_1	HRA003620_NC-27	HRA003620	DF.classifications_0.25_0.005_366	Singlet	pANN_0.25_0.005_366	0.13953488372093
HRA003620_TCATTTGGTGTATCCA-1_1	HRA003620_NC-27	HRA003620	DF.classifications_0.25_0.005_366	Singlet	pANN_0.25_0.005_366	0.13953488372093
HRA003620_TCATTTGTCACCGACG-1_1	HRA003620_NC-27	HRA003620	DF.classifications_0.25_0.005_366	Singlet	pANN_0.25_0.005_366	0.209302325581395
HRA003620_TCATTTGTCCAAAGGG-1_1	HRA003620_NC-27	HRA003620	DF.classifications_0.25_0.005_366	Singlet	pANN_0.25_0.005_366	0.116279069767442
HRA003620_TCATTTGTCGCAGAGA-1_1	HRA003620_NC-27	HRA003620	DF.classifications_0.25_0.005_366	Singlet	pANN_0.25_0.005_366	0.0465116279069767
HRA003620_TCCACCAAGAGAGCGG-1_1	HRA003620_NC-27	HRA003620	DF.classifications_0.25_0.005_366	Singlet	pANN_0.25_0.005_366	0.302325581395349
HRA003620_TCCACCAAGCATTGTC-1_1	HRA003620_NC-27	HRA003620	DF.classifications_0.25_0.005_366	Singlet	pANN_0.25_0.005_366	0.0232558139534884
HRA003620_TCCACCAAGGCATCAG-1_1	HRA003620_NC-27	HRA003620	DF.classifications_0.25_0.005_366	Singlet	pANN_0.25_0.005_366	0.116279069767442
HRA003620_TCCACCACAACTCCCT-1_1	HRA003620_NC-27	HRA003620	DF.classifications_0.25_0.005_366	Singlet	pANN_0.25_0.005_366	0.0697674418604651
HRA003620_TCCACCACAAGCTCTA-1_1	HRA003620_NC-27	HRA003620	DF.classifications_0.25_0.005_366	Doublet	pANN_0.25_0.005_366	0.488372093023256
HRA003620_TCCACCAGTAATACCC-1_1	HRA003620_NC-27	HRA003620	DF.classifications_0.25_0.005_366	Doublet	pANN_0.25_0.005_366	0.465116279069767
HRA003620_TCCACCAGTAGCTGTT-1_1	HRA003620_NC-27	HRA003620	DF.classifications_0.25_0.005_366	Singlet	pANN_0.25_0.005_366	0.372093023255814
HRA003620_TCCACCAGTCGAACAG-1_1	HRA003620_NC-27	HRA003620	DF.classifications_0.25_0.005_366	Singlet	pANN_0.25_0.005_366	0.0697674418604651
HRA003620_TCCACCATCTGCGGCA-1_1	HRA003620_NC-27	HRA003620	DF.classifications_0.25_0.005_366	Singlet	pANN_0.25_0.005_366	0.0465116279069767
HRA003620_TCCACGTAGCTCCATA-1_1	HRA003620_NC-27	HRA003620	DF.classifications_0.25_0.005_366	Singlet	pANN_0.25_0.005_366	0.162790697674419
HRA003620_TCCACGTAGGTGCTTT-1_1	HRA003620_NC-27	HRA003620	DF.classifications_0.25_0.005_366	Singlet	pANN_0.25_0.005_366	0.209302325581395
HRA003620_TCCACGTAGGTTGAGC-1_1	HRA003620_NC-27	HRA003620	DF.classifications_0.25_0.005_366	Singlet	pANN_0.25_0.005_366	0.348837209302326
HRA003620_TCCACGTAGTGAGGTC-1_1	HRA003620_NC-27	HRA003620	DF.classifications_0.25_0.005_366	Singlet	pANN_0.25_0.005_366	0.372093023255814
HRA003620_TCCACGTCAGTATGAA-1_1	HRA003620_NC-27	HRA003620	DF.classifications_0.25_0.005_366	Singlet	pANN_0.25_0.005_366	0.13953488372093
HRA003620_TCCAGAAAGATACATG-1_1	HRA003620_NC-27	HRA003620	DF.classifications_0.25_0.005_366	Singlet	pANN_0.25_0.005_366	0.372093023255814
HRA003620_TCCAGAAAGGATTACA-1_1	HRA003620_NC-27	HRA003620	DF.classifications_0.25_0.005_366	Singlet	pANN_0.25_0.005_366	0.0930232558139535
HRA003620_TCCAGAAAGGTTACAA-1_1	HRA003620_NC-27	HRA003620	DF.classifications_0.25_0.005_366	Singlet	pANN_0.25_0.005_366	0.0930232558139535
HRA003620_TCCAGAAAGTAACGAT-1_1	HRA003620_NC-27	HRA003620	DF.classifications_0.25_0.005_366	Singlet	pANN_0.25_0.005_366	0.162790697674419
HRA003620_TCCAGAACATGACTCA-1_1	HRA003620_NC-27	HRA003620	DF.classifications_0.25_0.005_366	Singlet	pANN_0.25_0.005_366	0.162790697674419
HRA003620_TCCAGAACATGTGCCG-1_1	HRA003620_NC-27	HRA003620	DF.classifications_0.25_0.005_366	Doublet	pANN_0.25_0.005_366	0.558139534883721
HRA003620_TCCAGAAGTATACCTG-1_1	HRA003620_NC-27	HRA003620	DF.classifications_0.25_0.005_366	Singlet	pANN_0.25_0.005_366	0.186046511627907
HRA003620_TCCAGAAGTCCACAGC-1_1	HRA003620_NC-27	HRA003620	DF.classifications_0.25_0.005_366	Singlet	pANN_0.25_0.005_366	0.0465116279069767
HRA003620_TCCAGAAGTGGGTCAA-1_1	HRA003620_NC-27	HRA003620	DF.classifications_0.25_0.005_366	Singlet	pANN_0.25_0.005_366	0.162790697674419
HRA003620_TCCAGAATCAAATAGG-1_1	HRA003620_NC-27	HRA003620	DF.classifications_0.25_0.005_366	Singlet	pANN_0.25_0.005_366	0.325581395348837
HRA003620_TCCATCGAGATGAATC-1_1	HRA003620_NC-27	HRA003620	DF.classifications_0.25_0.005_366	Singlet	pANN_0.25_0.005_366	0.232558139534884
HRA003620_TCCATCGCATCTATCT-1_1	HRA003620_NC-27	HRA003620	DF.classifications_0.25_0.005_366	Singlet	pANN_0.25_0.005_366	0.116279069767442
HRA003620_TCCATCGCATTGGGAG-1_1	HRA003620_NC-27	HRA003620	DF.classifications_0.25_0.005_366	Singlet	pANN_0.25_0.005_366	0.0232558139534884
HRA003620_TCCATCGGTACGTAGG-1_1	HRA003620_NC-27	HRA003620	DF.classifications_0.25_0.005_366	Singlet	pANN_0.25_0.005_366	0
HRA003620_TCCATCGTCTGAGATC-1_1	HRA003620_NC-27	HRA003620	DF.classifications_0.25_0.005_366	Singlet	pANN_0.25_0.005_366	0.116279069767442
HRA003620_TCCATCGTCTTCCACG-1_1	HRA003620_NC-27	HRA003620	DF.classifications_0.25_0.005_366	Singlet	pANN_0.25_0.005_366	0.209302325581395
HRA003620_TCCATGCAGGACACTG-1_1	HRA003620_NC-27	HRA003620	DF.classifications_0.25_0.005_366	Singlet	pANN_0.25_0.005_366	0
HRA003620_TCCATGCCAAGCACAG-1_1	HRA003620_NC-27	HRA003620	DF.classifications_0.25_0.005_366	Singlet	pANN_0.25_0.005_366	0.232558139534884
HRA003620_TCCATGCCATGAGTAA-1_1	HRA003620_NC-27	HRA003620	DF.classifications_0.25_0.005_366	Singlet	pANN_0.25_0.005_366	0.302325581395349
HRA003620_TCCATGCTCTTACCGC-1_1	HRA003620_NC-27	HRA003620	DF.classifications_0.25_0.005_366	Singlet	pANN_0.25_0.005_366	0.372093023255814
HRA003620_TCCCACAAGCACTCAT-1_1	HRA003620_NC-27	HRA003620	DF.classifications_0.25_0.005_366	Singlet	pANN_0.25_0.005_366	0.162790697674419
HRA003620_TCCCACAAGCTGGCTC-1_1	HRA003620_NC-27	HRA003620	DF.classifications_0.25_0.005_366	Singlet	pANN_0.25_0.005_366	0.0697674418604651
HRA003620_TCCCACAAGTCGCCCA-1_1	HRA003620_NC-27	HRA003620	DF.classifications_0.25_0.005_366	Singlet	pANN_0.25_0.005_366	0.0465116279069767
HRA003620_TCCCACACAACCTAAC-1_1	HRA003620_NC-27	HRA003620	DF.classifications_0.25_0.005_366	Singlet	pANN_0.25_0.005_366	0.232558139534884
HRA003620_TCCCACACACAGAAGC-1_1	HRA003620_NC-27	HRA003620	DF.classifications_0.25_0.005_366	Singlet	pANN_0.25_0.005_366	0
HRA003620_TCCCACACACTACACA-1_1	HRA003620_NC-27	HRA003620	DF.classifications_0.25_0.005_366	Singlet	pANN_0.25_0.005_366	0.232558139534884
HRA003620_TCCCACAGTTCTCTAT-1_1	HRA003620_NC-27	HRA003620	DF.classifications_0.25_0.005_366	Singlet	pANN_0.25_0.005_366	0.232558139534884
HRA003620_TCCCAGTCACTCTAGA-1_1	HRA003620_NC-27	HRA003620	DF.classifications_0.25_0.005_366	Singlet	pANN_0.25_0.005_366	0.209302325581395
HRA003620_TCCCAGTGTTCGGTAT-1_1	HRA003620_NC-27	HRA003620	DF.classifications_0.25_0.005_366	Singlet	pANN_0.25_0.005_366	0.0232558139534884
HRA003620_TCCCAGTTCTCAACGA-1_1	HRA003620_NC-27	HRA003620	DF.classifications_0.25_0.005_366	Singlet	pANN_0.25_0.005_366	0.116279069767442
HRA003620_TCCCATGAGTACAACA-1_1	HRA003620_NC-27	HRA003620	DF.classifications_0.25_0.005_366	Singlet	pANN_0.25_0.005_366	0.13953488372093
HRA003620_TCCCATGAGTCACGCC-1_1	HRA003620_NC-27	HRA003620	DF.classifications_0.25_0.005_366	Singlet	pANN_0.25_0.005_366	0.0465116279069767
HRA003620_TCCCATGCACTTGGGC-1_1	HRA003620_NC-27	HRA003620	DF.classifications_0.25_0.005_366	Singlet	pANN_0.25_0.005_366	0.13953488372093
HRA003620_TCCCATGTCCAGTGCG-1_1	HRA003620_NC-27	HRA003620	DF.classifications_0.25_0.005_366	Singlet	pANN_0.25_0.005_366	0.348837209302326
HRA003620_TCCCATGTCCCGATCT-1_1	HRA003620_NC-27	HRA003620	DF.classifications_0.25_0.005_366	Singlet	pANN_0.25_0.005_366	0.162790697674419
HRA003620_TCCCATGTCCGTGTAA-1_1	HRA003620_NC-27	HRA003620	DF.classifications_0.25_0.005_366	Singlet	pANN_0.25_0.005_366	0.0465116279069767
HRA003620_TCCGAAAAGCCTCCAG-1_1	HRA003620_NC-27	HRA003620	DF.classifications_0.25_0.005_366	Singlet	pANN_0.25_0.005_366	0.162790697674419
HRA003620_TCCGAAAAGTCTGGTT-1_1	HRA003620_NC-27	HRA003620	DF.classifications_0.25_0.005_366	Singlet	pANN_0.25_0.005_366	0.348837209302326
HRA003620_TCCGAAAAGTGGTTAA-1_1	HRA003620_NC-27	HRA003620	DF.classifications_0.25_0.005_366	Doublet	pANN_0.25_0.005_366	0.558139534883721
HRA003620_TCCGAAACAAGAGTGC-1_1	HRA003620_NC-27	HRA003620	DF.classifications_0.25_0.005_366	Singlet	pANN_0.25_0.005_366	0.0465116279069767
HRA003620_TCCGAAACACTACACA-1_1	HRA003620_NC-27	HRA003620	DF.classifications_0.25_0.005_366	Singlet	pANN_0.25_0.005_366	0.0232558139534884
HRA003620_TCCGAAACACTGAGTT-1_1	HRA003620_NC-27	HRA003620	DF.classifications_0.25_0.005_366	Singlet	pANN_0.25_0.005_366	0.348837209302326
HRA003620_TCCGAAAGTAGCTGAG-1_1	HRA003620_NC-27	HRA003620	DF.classifications_0.25_0.005_366	Singlet	pANN_0.25_0.005_366	0.0232558139534884
HRA003620_TCCGAAAGTGTATCCA-1_1	HRA003620_NC-27	HRA003620	DF.classifications_0.25_0.005_366	Singlet	pANN_0.25_0.005_366	0.255813953488372
HRA003620_TCCGAAATCAGTCCGG-1_1	HRA003620_NC-27	HRA003620	DF.classifications_0.25_0.005_366	Singlet	pANN_0.25_0.005_366	0.0232558139534884
HRA003620_TCCGAAATCCTTCGAC-1_1	HRA003620_NC-27	HRA003620	DF.classifications_0.25_0.005_366	Singlet	pANN_0.25_0.005_366	0.255813953488372
HRA003620_TCCGAAATCTCATTAC-1_1	HRA003620_NC-27	HRA003620	DF.classifications_0.25_0.005_366	Singlet	pANN_0.25_0.005_366	0.162790697674419
HRA003620_TCCGATCGTGTGCCTG-1_1	HRA003620_NC-27	HRA003620	DF.classifications_0.25_0.005_366	Singlet	pANN_0.25_0.005_366	0.27906976744186
HRA003620_TCCGATCTCCAATCCC-1_1	HRA003620_NC-27	HRA003620	DF.classifications_0.25_0.005_366	Singlet	pANN_0.25_0.005_366	0.0697674418604651
HRA003620_TCCGGGAAGCAGGCTA-1_1	HRA003620_NC-27	HRA003620	DF.classifications_0.25_0.005_366	Singlet	pANN_0.25_0.005_366	0.0232558139534884
HRA003620_TCCGGGAAGGAGTCTG-1_1	HRA003620_NC-27	HRA003620	DF.classifications_0.25_0.005_366	Singlet	pANN_0.25_0.005_366	0.209302325581395
HRA003620_TCCGGGAAGTCGTCTA-1_1	HRA003620_NC-27	HRA003620	DF.classifications_0.25_0.005_366	Singlet	pANN_0.25_0.005_366	0.116279069767442
HRA003620_TCCGGGACACTCCACT-1_1	HRA003620_NC-27	HRA003620	DF.classifications_0.25_0.005_366	Singlet	pANN_0.25_0.005_366	0.209302325581395
HRA003620_TCCGGGACAGCAGAAC-1_1	HRA003620_NC-27	HRA003620	DF.classifications_0.25_0.005_366	Singlet	pANN_0.25_0.005_366	0.372093023255814
HRA003620_TCCGGGAGTACCGGAA-1_1	HRA003620_NC-27	HRA003620	DF.classifications_0.25_0.005_366	Singlet	pANN_0.25_0.005_366	0.0232558139534884
HRA003620_TCCGGGAGTCTAACTG-1_1	HRA003620_NC-27	HRA003620	DF.classifications_0.25_0.005_366	Singlet	pANN_0.25_0.005_366	0.162790697674419
HRA003620_TCCGGGAGTTACCGTA-1_1	HRA003620_NC-27	HRA003620	DF.classifications_0.25_0.005_366	Singlet	pANN_0.25_0.005_366	0.0465116279069767
HRA003620_TCCGTGTGTTCAGGTT-1_1	HRA003620_NC-27	HRA003620	DF.classifications_0.25_0.005_366	Singlet	pANN_0.25_0.005_366	0.13953488372093
HRA003620_TCCGTGTTCCTAGCGG-1_1	HRA003620_NC-27	HRA003620	DF.classifications_0.25_0.005_366	Singlet	pANN_0.25_0.005_366	0.0697674418604651
HRA003620_TCCGTGTTCCTGTAAG-1_1	HRA003620_NC-27	HRA003620	DF.classifications_0.25_0.005_366	Singlet	pANN_0.25_0.005_366	0.395348837209302
HRA003620_TCCTAATCAGGTGTTT-1_1	HRA003620_NC-27	HRA003620	DF.classifications_0.25_0.005_366	Singlet	pANN_0.25_0.005_366	0.255813953488372
HRA003620_TCCTAATGTAGAGATT-1_1	HRA003620_NC-27	HRA003620	DF.classifications_0.25_0.005_366	Singlet	pANN_0.25_0.005_366	0.13953488372093
HRA003620_TCCTAATTCATGAAAG-1_1	HRA003620_NC-27	HRA003620	DF.classifications_0.25_0.005_366	Singlet	pANN_0.25_0.005_366	0.116279069767442
HRA003620_TCCTAATTCCGCTAGG-1_1	HRA003620_NC-27	HRA003620	DF.classifications_0.25_0.005_366	Singlet	pANN_0.25_0.005_366	0.186046511627907
HRA003620_TCCTAATTCGGACTTA-1_1	HRA003620_NC-27	HRA003620	DF.classifications_0.25_0.005_366	Singlet	pANN_0.25_0.005_366	0.162790697674419
HRA003620_TCCTCCCAGCTTAAGA-1_1	HRA003620_NC-27	HRA003620	DF.classifications_0.25_0.005_366	Singlet	pANN_0.25_0.005_366	0.0232558139534884
HRA003620_TCCTCCCGTACTCGCG-1_1	HRA003620_NC-27	HRA003620	DF.classifications_0.25_0.005_366	Singlet	pANN_0.25_0.005_366	0
HRA003620_TCCTCCCGTCCGACGT-1_1	HRA003620_NC-27	HRA003620	DF.classifications_0.25_0.005_366	Singlet	pANN_0.25_0.005_366	0
HRA003620_TCCTCCCGTCCTGAAT-1_1	HRA003620_NC-27	HRA003620	DF.classifications_0.25_0.005_366	Singlet	pANN_0.25_0.005_366	0.162790697674419
HRA003620_TCCTCCCGTCGTAATC-1_1	HRA003620_NC-27	HRA003620	DF.classifications_0.25_0.005_366	Doublet	pANN_0.25_0.005_366	0.534883720930233
HRA003620_TCCTCCCTCATGAGGG-1_1	HRA003620_NC-27	HRA003620	DF.classifications_0.25_0.005_366	Singlet	pANN_0.25_0.005_366	0.162790697674419
HRA003620_TCCTCCCTCGGCTGGT-1_1	HRA003620_NC-27	HRA003620	DF.classifications_0.25_0.005_366	Singlet	pANN_0.25_0.005_366	0.13953488372093
HRA003620_TCCTCGAAGGCTGGAT-1_1	HRA003620_NC-27	HRA003620	DF.classifications_0.25_0.005_366	Singlet	pANN_0.25_0.005_366	0.255813953488372
HRA003620_TCCTCGAAGTGCCCGT-1_1	HRA003620_NC-27	HRA003620	DF.classifications_0.25_0.005_366	Singlet	pANN_0.25_0.005_366	0
HRA003620_TCCTCGACACCAGGTC-1_1	HRA003620_NC-27	HRA003620	DF.classifications_0.25_0.005_366	Singlet	pANN_0.25_0.005_366	0.209302325581395
HRA003620_TCCTCGACACCGGTCA-1_1	HRA003620_NC-27	HRA003620	DF.classifications_0.25_0.005_366	Singlet	pANN_0.25_0.005_366	0.255813953488372
HRA003620_TCCTCGACACTGTTCC-1_1	HRA003620_NC-27	HRA003620	DF.classifications_0.25_0.005_366	Singlet	pANN_0.25_0.005_366	0.162790697674419
HRA003620_TCCTCGAGTGCCTGAC-1_1	HRA003620_NC-27	HRA003620	DF.classifications_0.25_0.005_366	Singlet	pANN_0.25_0.005_366	0.0930232558139535
HRA003620_TCCTCGAGTGTTGACT-1_1	HRA003620_NC-27	HRA003620	DF.classifications_0.25_0.005_366	Singlet	pANN_0.25_0.005_366	0
HRA003620_TCCTCGATCTGACGCG-1_1	HRA003620_NC-27	HRA003620	DF.classifications_0.25_0.005_366	Singlet	pANN_0.25_0.005_366	0.27906976744186
HRA003620_TCCTCGATCTTGGGCG-1_1	HRA003620_NC-27	HRA003620	DF.classifications_0.25_0.005_366	Singlet	pANN_0.25_0.005_366	0.13953488372093
HRA003620_TCCTCTTAGACCAGAC-1_1	HRA003620_NC-27	HRA003620	DF.classifications_0.25_0.005_366	Singlet	pANN_0.25_0.005_366	0.255813953488372
HRA003620_TCCTCTTAGCTGAAGC-1_1	HRA003620_NC-27	HRA003620	DF.classifications_0.25_0.005_366	Singlet	pANN_0.25_0.005_366	0.232558139534884
HRA003620_TCCTCTTAGTGGTGAC-1_1	HRA003620_NC-27	HRA003620	DF.classifications_0.25_0.005_366	Singlet	pANN_0.25_0.005_366	0.0930232558139535
HRA003620_TCCTCTTCAATTGTGC-1_1	HRA003620_NC-27	HRA003620	DF.classifications_0.25_0.005_366	Singlet	pANN_0.25_0.005_366	0.27906976744186
HRA003620_TCCTCTTCACCTCTGT-1_1	HRA003620_NC-27	HRA003620	DF.classifications_0.25_0.005_366	Singlet	pANN_0.25_0.005_366	0.0697674418604651
HRA003620_TCCTCTTGTCCATACA-1_1	HRA003620_NC-27	HRA003620	DF.classifications_0.25_0.005_366	Singlet	pANN_0.25_0.005_366	0.0232558139534884
HRA003620_TCCTCTTGTCGCGTCA-1_1	HRA003620_NC-27	HRA003620	DF.classifications_0.25_0.005_366	Singlet	pANN_0.25_0.005_366	0.116279069767442
HRA003620_TCCTCTTGTGAGAGGG-1_1	HRA003620_NC-27	HRA003620	DF.classifications_0.25_0.005_366	Singlet	pANN_0.25_0.005_366	0
HRA003620_TCCTCTTTCACAATGC-1_1	HRA003620_NC-27	HRA003620	DF.classifications_0.25_0.005_366	Singlet	pANN_0.25_0.005_366	0.325581395348837
HRA003620_TCCTGCAAGAAGTGTT-1_1	HRA003620_NC-27	HRA003620	DF.classifications_0.25_0.005_366	Singlet	pANN_0.25_0.005_366	0.232558139534884
HRA003620_TCCTGCACACAGCCAC-1_1	HRA003620_NC-27	HRA003620	DF.classifications_0.25_0.005_366	Singlet	pANN_0.25_0.005_366	0.13953488372093
HRA003620_TCCTGCACACTAGTAC-1_1	HRA003620_NC-27	HRA003620	DF.classifications_0.25_0.005_366	Singlet	pANN_0.25_0.005_366	0.209302325581395
HRA003620_TCCTGCACACTATCGA-1_1	HRA003620_NC-27	HRA003620	DF.classifications_0.25_0.005_366	Singlet	pANN_0.25_0.005_366	0.0232558139534884
HRA003620_TCCTGCAGTAGAATGT-1_1	HRA003620_NC-27	HRA003620	DF.classifications_0.25_0.005_366	Singlet	pANN_0.25_0.005_366	0.0930232558139535
HRA003620_TCCTGCAGTAGGTACG-1_1	HRA003620_NC-27	HRA003620	DF.classifications_0.25_0.005_366	Singlet	pANN_0.25_0.005_366	0.27906976744186
HRA003620_TCCTGCAGTCACAGTT-1_1	HRA003620_NC-27	HRA003620	DF.classifications_0.25_0.005_366	Singlet	pANN_0.25_0.005_366	0.232558139534884
HRA003620_TCCTGCAGTCAGGCAA-1_1	HRA003620_NC-27	HRA003620	DF.classifications_0.25_0.005_366	Doublet	pANN_0.25_0.005_366	0.465116279069767
HRA003620_TCCTGCAGTCTACATG-1_1	HRA003620_NC-27	HRA003620	DF.classifications_0.25_0.005_366	Singlet	pANN_0.25_0.005_366	0.13953488372093
HRA003620_TCCTGCAGTTAGAAGT-1_1	HRA003620_NC-27	HRA003620	DF.classifications_0.25_0.005_366	Singlet	pANN_0.25_0.005_366	0
HRA003620_TCCTGCATCAGACCTA-1_1	HRA003620_NC-27	HRA003620	DF.classifications_0.25_0.005_366	Singlet	pANN_0.25_0.005_366	0.0465116279069767
HRA003620_TCCTTCTAGATGACCG-1_1	HRA003620_NC-27	HRA003620	DF.classifications_0.25_0.005_366	Singlet	pANN_0.25_0.005_366	0.232558139534884
HRA003620_TCCTTCTAGGCTGTAG-1_1	HRA003620_NC-27	HRA003620	DF.classifications_0.25_0.005_366	Doublet	pANN_0.25_0.005_366	0.651162790697674
HRA003620_TCCTTCTAGTAGTCCT-1_1	HRA003620_NC-27	HRA003620	DF.classifications_0.25_0.005_366	Singlet	pANN_0.25_0.005_366	0.186046511627907
HRA003620_TCCTTCTAGTGGATTA-1_1	HRA003620_NC-27	HRA003620	DF.classifications_0.25_0.005_366	Singlet	pANN_0.25_0.005_366	0.232558139534884
HRA003620_TCCTTCTGTAACGCGA-1_1	HRA003620_NC-27	HRA003620	DF.classifications_0.25_0.005_366	Singlet	pANN_0.25_0.005_366	0.0232558139534884
HRA003620_TCCTTCTGTCTACGAT-1_1	HRA003620_NC-27	HRA003620	DF.classifications_0.25_0.005_366	Singlet	pANN_0.25_0.005_366	0.209302325581395
HRA003620_TCCTTCTGTCTGTGAT-1_1	HRA003620_NC-27	HRA003620	DF.classifications_0.25_0.005_366	Singlet	pANN_0.25_0.005_366	0.0697674418604651
HRA003620_TCCTTTCAGGCGACAT-1_1	HRA003620_NC-27	HRA003620	DF.classifications_0.25_0.005_366	Singlet	pANN_0.25_0.005_366	0.0697674418604651
HRA003620_TCCTTTCAGTGAATAC-1_1	HRA003620_NC-27	HRA003620	DF.classifications_0.25_0.005_366	Singlet	pANN_0.25_0.005_366	0.186046511627907
HRA003620_TCCTTTCCACGTGAGA-1_1	HRA003620_NC-27	HRA003620	DF.classifications_0.25_0.005_366	Singlet	pANN_0.25_0.005_366	0.162790697674419
HRA003620_TCCTTTCGTGTTACTG-1_1	HRA003620_NC-27	HRA003620	DF.classifications_0.25_0.005_366	Singlet	pANN_0.25_0.005_366	0.348837209302326
HRA003620_TCCTTTCGTTCGATTG-1_1	HRA003620_NC-27	HRA003620	DF.classifications_0.25_0.005_366	Singlet	pANN_0.25_0.005_366	0.372093023255814
HRA003620_TCCTTTCGTTGCGTAT-1_1	HRA003620_NC-27	HRA003620	DF.classifications_0.25_0.005_366	Singlet	pANN_0.25_0.005_366	0.209302325581395
HRA003620_TCCTTTCTCAGCCTTC-1_1	HRA003620_NC-27	HRA003620	DF.classifications_0.25_0.005_366	Singlet	pANN_0.25_0.005_366	0.27906976744186
HRA003620_TCGAACAAGTCAGGGT-1_1	HRA003620_NC-27	HRA003620	DF.classifications_0.25_0.005_366	Singlet	pANN_0.25_0.005_366	0.0465116279069767
HRA003620_TCGAACAAGTGCAGGT-1_1	HRA003620_NC-27	HRA003620	DF.classifications_0.25_0.005_366	Singlet	pANN_0.25_0.005_366	0.372093023255814
HRA003620_TCGAACAAGTTAGTAG-1_1	HRA003620_NC-27	HRA003620	DF.classifications_0.25_0.005_366	Singlet	pANN_0.25_0.005_366	0.418604651162791
HRA003620_TCGAACACATGACTGT-1_1	HRA003620_NC-27	HRA003620	DF.classifications_0.25_0.005_366	Singlet	pANN_0.25_0.005_366	0.232558139534884
HRA003620_TCGAACAGTAACTGCT-1_1	HRA003620_NC-27	HRA003620	DF.classifications_0.25_0.005_366	Singlet	pANN_0.25_0.005_366	0.209302325581395
HRA003620_TCGAACAGTCGCATCG-1_1	HRA003620_NC-27	HRA003620	DF.classifications_0.25_0.005_366	Singlet	pANN_0.25_0.005_366	0.232558139534884
HRA003620_TCGAACATCAAGCCCG-1_1	HRA003620_NC-27	HRA003620	DF.classifications_0.25_0.005_366	Singlet	pANN_0.25_0.005_366	0.209302325581395
HRA003620_TCGAACATCATGACAC-1_1	HRA003620_NC-27	HRA003620	DF.classifications_0.25_0.005_366	Singlet	pANN_0.25_0.005_366	0.13953488372093
HRA003620_TCGAACATCGGATAAA-1_1	HRA003620_NC-27	HRA003620	DF.classifications_0.25_0.005_366	Singlet	pANN_0.25_0.005_366	0.0930232558139535
HRA003620_TCGAACATCGTGGCGT-1_1	HRA003620_NC-27	HRA003620	DF.classifications_0.25_0.005_366	Singlet	pANN_0.25_0.005_366	0.0697674418604651
HRA003620_TCGAAGTAGGCATCAG-1_1	HRA003620_NC-27	HRA003620	DF.classifications_0.25_0.005_366	Singlet	pANN_0.25_0.005_366	0.232558139534884
HRA003620_TCGAAGTAGGGTACGT-1_1	HRA003620_NC-27	HRA003620	DF.classifications_0.25_0.005_366	Singlet	pANN_0.25_0.005_366	0.116279069767442
HRA003620_TCGAAGTCATGTTCAG-1_1	HRA003620_NC-27	HRA003620	DF.classifications_0.25_0.005_366	Singlet	pANN_0.25_0.005_366	0
HRA003620_TCGAAGTGTCCAGCGT-1_1	HRA003620_NC-27	HRA003620	DF.classifications_0.25_0.005_366	Singlet	pANN_0.25_0.005_366	0.0697674418604651
HRA003620_TCGAAGTGTGCGTTTA-1_1	HRA003620_NC-27	HRA003620	DF.classifications_0.25_0.005_366	Singlet	pANN_0.25_0.005_366	0.27906976744186
HRA003620_TCGAAGTGTTTGTTGG-1_1	HRA003620_NC-27	HRA003620	DF.classifications_0.25_0.005_366	Singlet	pANN_0.25_0.005_366	0.186046511627907
HRA003620_TCGAAGTTCCTAGCTC-1_1	HRA003620_NC-27	HRA003620	DF.classifications_0.25_0.005_366	Doublet	pANN_0.25_0.005_366	0.511627906976744
HRA003620_TCGACCTAGTAGCAAT-1_1	HRA003620_NC-27	HRA003620	DF.classifications_0.25_0.005_366	Singlet	pANN_0.25_0.005_366	0.232558139534884
HRA003620_TCGACCTCAGGCACAA-1_1	HRA003620_NC-27	HRA003620	DF.classifications_0.25_0.005_366	Singlet	pANN_0.25_0.005_366	0.0930232558139535
HRA003620_TCGACCTGTCAACCTA-1_1	HRA003620_NC-27	HRA003620	DF.classifications_0.25_0.005_366	Singlet	pANN_0.25_0.005_366	0.186046511627907
HRA003620_TCGACCTGTTAGGGAC-1_1	HRA003620_NC-27	HRA003620	DF.classifications_0.25_0.005_366	Singlet	pANN_0.25_0.005_366	0.116279069767442
HRA003620_TCGACCTTCCAAGAGG-1_1	HRA003620_NC-27	HRA003620	DF.classifications_0.25_0.005_366	Singlet	pANN_0.25_0.005_366	0
HRA003620_TCGACGGAGCTAAACA-1_1	HRA003620_NC-27	HRA003620	DF.classifications_0.25_0.005_366	Singlet	pANN_0.25_0.005_366	0.302325581395349
HRA003620_TCGACGGAGTCATCGT-1_1	HRA003620_NC-27	HRA003620	DF.classifications_0.25_0.005_366	Singlet	pANN_0.25_0.005_366	0.395348837209302
HRA003620_TCGACGGCAAAGACTA-1_1	HRA003620_NC-27	HRA003620	DF.classifications_0.25_0.005_366	Doublet	pANN_0.25_0.005_366	0.697674418604651
HRA003620_TCGACGGCACGAGAAC-1_1	HRA003620_NC-27	HRA003620	DF.classifications_0.25_0.005_366	Singlet	pANN_0.25_0.005_366	0
HRA003620_TCGACGGGTCATGGCC-1_1	HRA003620_NC-27	HRA003620	DF.classifications_0.25_0.005_366	Singlet	pANN_0.25_0.005_366	0.162790697674419
HRA003620_TCGACGGTCACCCATC-1_1	HRA003620_NC-27	HRA003620	DF.classifications_0.25_0.005_366	Doublet	pANN_0.25_0.005_366	0.465116279069767
HRA003620_TCGACGGTCGCGAAGA-1_1	HRA003620_NC-27	HRA003620	DF.classifications_0.25_0.005_366	Singlet	pANN_0.25_0.005_366	0.372093023255814
HRA003620_TCGATTTCAATCGCAT-1_1	HRA003620_NC-27	HRA003620	DF.classifications_0.25_0.005_366	Singlet	pANN_0.25_0.005_366	0.0930232558139535
HRA003620_TCGATTTCATGTTACG-1_1	HRA003620_NC-27	HRA003620	DF.classifications_0.25_0.005_366	Singlet	pANN_0.25_0.005_366	0.209302325581395
HRA003620_TCGATTTGTAGTTCCA-1_1	HRA003620_NC-27	HRA003620	DF.classifications_0.25_0.005_366	Singlet	pANN_0.25_0.005_366	0.0930232558139535
HRA003620_TCGATTTGTCGAACAG-1_1	HRA003620_NC-27	HRA003620	DF.classifications_0.25_0.005_366	Singlet	pANN_0.25_0.005_366	0.186046511627907
HRA003620_TCGATTTGTTGGTAGG-1_1	HRA003620_NC-27	HRA003620	DF.classifications_0.25_0.005_366	Singlet	pANN_0.25_0.005_366	0.209302325581395
HRA003620_TCGCACTAGTTACGGG-1_1	HRA003620_NC-27	HRA003620	DF.classifications_0.25_0.005_366	Singlet	pANN_0.25_0.005_366	0.162790697674419
HRA003620_TCGCACTCATCGGAAG-1_1	HRA003620_NC-27	HRA003620	DF.classifications_0.25_0.005_366	Singlet	pANN_0.25_0.005_366	0.186046511627907
HRA003620_TCGCACTGTAGGGTAC-1_1	HRA003620_NC-27	HRA003620	DF.classifications_0.25_0.005_366	Singlet	pANN_0.25_0.005_366	0.186046511627907
HRA003620_TCGCACTGTAGTCGGA-1_1	HRA003620_NC-27	HRA003620	DF.classifications_0.25_0.005_366	Singlet	pANN_0.25_0.005_366	0.162790697674419
HRA003620_TCGCACTGTATCGCAT-1_1	HRA003620_NC-27	HRA003620	DF.classifications_0.25_0.005_366	Singlet	pANN_0.25_0.005_366	0.0232558139534884
HRA003620_TCGCACTGTTGCCAAT-1_1	HRA003620_NC-27	HRA003620	DF.classifications_0.25_0.005_366	Singlet	pANN_0.25_0.005_366	0.116279069767442
HRA003620_TCGCACTTCAATGCAC-1_1	HRA003620_NC-27	HRA003620	DF.classifications_0.25_0.005_366	Doublet	pANN_0.25_0.005_366	0.558139534883721
HRA003620_TCGCACTTCCCAGTGG-1_1	HRA003620_NC-27	HRA003620	DF.classifications_0.25_0.005_366	Singlet	pANN_0.25_0.005_366	0.209302325581395
HRA003620_TCGCACTTCGCTAGCG-1_1	HRA003620_NC-27	HRA003620	DF.classifications_0.25_0.005_366	Doublet	pANN_0.25_0.005_366	0.651162790697674
HRA003620_TCGCACTTCGGCTCTT-1_1	HRA003620_NC-27	HRA003620	DF.classifications_0.25_0.005_366	Singlet	pANN_0.25_0.005_366	0.116279069767442
HRA003620_TCGCACTTCGTAGCCG-1_1	HRA003620_NC-27	HRA003620	DF.classifications_0.25_0.005_366	Singlet	pANN_0.25_0.005_366	0.116279069767442
HRA003620_TCGCACTTCGTCAACA-1_1	HRA003620_NC-27	HRA003620	DF.classifications_0.25_0.005_366	Singlet	pANN_0.25_0.005_366	0.0930232558139535
HRA003620_TCGCAGGAGCCTGAAG-1_1	HRA003620_NC-27	HRA003620	DF.classifications_0.25_0.005_366	Singlet	pANN_0.25_0.005_366	0.255813953488372
HRA003620_TCGCAGGAGGAACATT-1_1	HRA003620_NC-27	HRA003620	DF.classifications_0.25_0.005_366	Singlet	pANN_0.25_0.005_366	0.0465116279069767
HRA003620_TCGCAGGCAAGTGACG-1_1	HRA003620_NC-27	HRA003620	DF.classifications_0.25_0.005_366	Singlet	pANN_0.25_0.005_366	0.395348837209302
HRA003620_TCGCAGGCAATACCTG-1_1	HRA003620_NC-27	HRA003620	DF.classifications_0.25_0.005_366	Singlet	pANN_0.25_0.005_366	0.232558139534884
HRA003620_TCGCAGGGTGTTCGTA-1_1	HRA003620_NC-27	HRA003620	DF.classifications_0.25_0.005_366	Singlet	pANN_0.25_0.005_366	0
HRA003620_TCGCAGGTCCGCACTT-1_1	HRA003620_NC-27	HRA003620	DF.classifications_0.25_0.005_366	Singlet	pANN_0.25_0.005_366	0.209302325581395
HRA003620_TCGCAGGTCTGTCCCA-1_1	HRA003620_NC-27	HRA003620	DF.classifications_0.25_0.005_366	Singlet	pANN_0.25_0.005_366	0.395348837209302
HRA003620_TCGCTCAAGGTAGTAT-1_1	HRA003620_NC-27	HRA003620	DF.classifications_0.25_0.005_366	Singlet	pANN_0.25_0.005_366	0.0465116279069767
HRA003620_TCGCTCACACGGTAGA-1_1	HRA003620_NC-27	HRA003620	DF.classifications_0.25_0.005_366	Doublet	pANN_0.25_0.005_366	0.441860465116279
HRA003620_TCGCTCACATCCCGTT-1_1	HRA003620_NC-27	HRA003620	DF.classifications_0.25_0.005_366	Singlet	pANN_0.25_0.005_366	0.13953488372093
HRA003620_TCGCTCAGTAGGTTTC-1_1	HRA003620_NC-27	HRA003620	DF.classifications_0.25_0.005_366	Singlet	pANN_0.25_0.005_366	0.116279069767442
HRA003620_TCGCTTGAGAGTGGCT-1_1	HRA003620_NC-27	HRA003620	DF.classifications_0.25_0.005_366	Singlet	pANN_0.25_0.005_366	0.0930232558139535
HRA003620_TCGCTTGGTTCCTAAG-1_1	HRA003620_NC-27	HRA003620	DF.classifications_0.25_0.005_366	Singlet	pANN_0.25_0.005_366	0.162790697674419
HRA003620_TCGCTTGTCACTTGGA-1_1	HRA003620_NC-27	HRA003620	DF.classifications_0.25_0.005_366	Singlet	pANN_0.25_0.005_366	0.0232558139534884
HRA003620_TCGCTTGTCGCCGAGT-1_1	HRA003620_NC-27	HRA003620	DF.classifications_0.25_0.005_366	Singlet	pANN_0.25_0.005_366	0.116279069767442
HRA003620_TCGGATAGTTTAGTCG-1_1	HRA003620_NC-27	HRA003620	DF.classifications_0.25_0.005_366	Singlet	pANN_0.25_0.005_366	0.162790697674419
HRA003620_TCGGATATCACCTCGT-1_1	HRA003620_NC-27	HRA003620	DF.classifications_0.25_0.005_366	Singlet	pANN_0.25_0.005_366	0.162790697674419
HRA003620_TCGGATATCATGGTAC-1_1	HRA003620_NC-27	HRA003620	DF.classifications_0.25_0.005_366	Singlet	pANN_0.25_0.005_366	0.162790697674419
HRA003620_TCGGATATCCAAATGC-1_1	HRA003620_NC-27	HRA003620	DF.classifications_0.25_0.005_366	Singlet	pANN_0.25_0.005_366	0.186046511627907
HRA003620_TCGGATATCTGAGGCC-1_1	HRA003620_NC-27	HRA003620	DF.classifications_0.25_0.005_366	Singlet	pANN_0.25_0.005_366	0.0930232558139535
HRA003620_TCGGGACAGCCTATCA-1_1	HRA003620_NC-27	HRA003620	DF.classifications_0.25_0.005_366	Singlet	pANN_0.25_0.005_366	0.348837209302326
HRA003620_TCGGGACAGCGACATG-1_1	HRA003620_NC-27	HRA003620	DF.classifications_0.25_0.005_366	Singlet	pANN_0.25_0.005_366	0.0930232558139535
HRA003620_TCGGGACAGGGCATGT-1_1	HRA003620_NC-27	HRA003620	DF.classifications_0.25_0.005_366	Doublet	pANN_0.25_0.005_366	0.441860465116279
HRA003620_TCGGGACAGTGTTGTC-1_1	HRA003620_NC-27	HRA003620	DF.classifications_0.25_0.005_366	Singlet	pANN_0.25_0.005_366	0.116279069767442
HRA003620_TCGGGACCAACCGGAA-1_1	HRA003620_NC-27	HRA003620	DF.classifications_0.25_0.005_366	Singlet	pANN_0.25_0.005_366	0
HRA003620_TCGGGACCACGGATCC-1_1	HRA003620_NC-27	HRA003620	DF.classifications_0.25_0.005_366	Singlet	pANN_0.25_0.005_366	0.209302325581395
HRA003620_TCGGGACCACTCCCTA-1_1	HRA003620_NC-27	HRA003620	DF.classifications_0.25_0.005_366	Singlet	pANN_0.25_0.005_366	0.116279069767442
HRA003620_TCGGGACGTATCGATC-1_1	HRA003620_NC-27	HRA003620	DF.classifications_0.25_0.005_366	Singlet	pANN_0.25_0.005_366	0.116279069767442
HRA003620_TCGGGACTCGTGAGAG-1_1	HRA003620_NC-27	HRA003620	DF.classifications_0.25_0.005_366	Singlet	pANN_0.25_0.005_366	0.0930232558139535
HRA003620_TCGGGCAAGATCCGAG-1_1	HRA003620_NC-27	HRA003620	DF.classifications_0.25_0.005_366	Singlet	pANN_0.25_0.005_366	0
HRA003620_TCGGGCAAGGGCAGGA-1_1	HRA003620_NC-27	HRA003620	DF.classifications_0.25_0.005_366	Singlet	pANN_0.25_0.005_366	0.255813953488372
HRA003620_TCGGGCATCAGTCTTT-1_1	HRA003620_NC-27	HRA003620	DF.classifications_0.25_0.005_366	Singlet	pANN_0.25_0.005_366	0.0930232558139535
HRA003620_TCGGGTGAGCAATTCC-1_1	HRA003620_NC-27	HRA003620	DF.classifications_0.25_0.005_366	Singlet	pANN_0.25_0.005_366	0.116279069767442
HRA003620_TCGGGTGAGCGATCGA-1_1	HRA003620_NC-27	HRA003620	DF.classifications_0.25_0.005_366	Singlet	pANN_0.25_0.005_366	0.372093023255814
HRA003620_TCGGGTGCACTCTGCT-1_1	HRA003620_NC-27	HRA003620	DF.classifications_0.25_0.005_366	Singlet	pANN_0.25_0.005_366	0.116279069767442
HRA003620_TCGGGTGTCAATGTCG-1_1	HRA003620_NC-27	HRA003620	DF.classifications_0.25_0.005_366	Singlet	pANN_0.25_0.005_366	0.302325581395349
HRA003620_TCGGGTGTCTGTGCTC-1_1	HRA003620_NC-27	HRA003620	DF.classifications_0.25_0.005_366	Singlet	pANN_0.25_0.005_366	0.162790697674419
HRA003620_TCGGTCTAGGGAGGCA-1_1	HRA003620_NC-27	HRA003620	DF.classifications_0.25_0.005_366	Singlet	pANN_0.25_0.005_366	0.0232558139534884
HRA003620_TCGGTCTAGGTCGTCC-1_1	HRA003620_NC-27	HRA003620	DF.classifications_0.25_0.005_366	Singlet	pANN_0.25_0.005_366	0.13953488372093
HRA003620_TCGGTCTCAACACAGG-1_1	HRA003620_NC-27	HRA003620	DF.classifications_0.25_0.005_366	Singlet	pANN_0.25_0.005_366	0.0930232558139535
HRA003620_TCGGTCTCACTCCTGT-1_1	HRA003620_NC-27	HRA003620	DF.classifications_0.25_0.005_366	Singlet	pANN_0.25_0.005_366	0
HRA003620_TCGGTCTCATCGGAGA-1_1	HRA003620_NC-27	HRA003620	DF.classifications_0.25_0.005_366	Singlet	pANN_0.25_0.005_366	0.232558139534884
HRA003620_TCGGTCTGTAGTCTGT-1_1	HRA003620_NC-27	HRA003620	DF.classifications_0.25_0.005_366	Singlet	pANN_0.25_0.005_366	0.0930232558139535
HRA003620_TCGGTCTTCCGGGACT-1_1	HRA003620_NC-27	HRA003620	DF.classifications_0.25_0.005_366	Singlet	pANN_0.25_0.005_366	0.302325581395349
HRA003620_TCGTAGAAGGTGAGCT-1_1	HRA003620_NC-27	HRA003620	DF.classifications_0.25_0.005_366	Singlet	pANN_0.25_0.005_366	0.13953488372093
HRA003620_TCGTAGACAAGTGTCT-1_1	HRA003620_NC-27	HRA003620	DF.classifications_0.25_0.005_366	Singlet	pANN_0.25_0.005_366	0.27906976744186
HRA003620_TCGTAGACAAGTTCGT-1_1	HRA003620_NC-27	HRA003620	DF.classifications_0.25_0.005_366	Singlet	pANN_0.25_0.005_366	0.302325581395349
HRA003620_TCGTAGATCTTTCAGT-1_1	HRA003620_NC-27	HRA003620	DF.classifications_0.25_0.005_366	Singlet	pANN_0.25_0.005_366	0.13953488372093
HRA003620_TCGTCCAAGCTCGTGC-1_1	HRA003620_NC-27	HRA003620	DF.classifications_0.25_0.005_366	Singlet	pANN_0.25_0.005_366	0.0465116279069767
HRA003620_TCGTCCAAGGATATAC-1_1	HRA003620_NC-27	HRA003620	DF.classifications_0.25_0.005_366	Singlet	pANN_0.25_0.005_366	0.395348837209302
HRA003620_TCGTCCAGTGGTTCTA-1_1	HRA003620_NC-27	HRA003620	DF.classifications_0.25_0.005_366	Singlet	pANN_0.25_0.005_366	0.116279069767442
HRA003620_TCGTGCTAGAAATTCG-1_1	HRA003620_NC-27	HRA003620	DF.classifications_0.25_0.005_366	Singlet	pANN_0.25_0.005_366	0.186046511627907
HRA003620_TCGTGCTAGATACATG-1_1	HRA003620_NC-27	HRA003620	DF.classifications_0.25_0.005_366	Singlet	pANN_0.25_0.005_366	0.0930232558139535
HRA003620_TCGTGCTAGATACTGA-1_1	HRA003620_NC-27	HRA003620	DF.classifications_0.25_0.005_366	Singlet	pANN_0.25_0.005_366	0.186046511627907
HRA003620_TCGTGCTCAACATACC-1_1	HRA003620_NC-27	HRA003620	DF.classifications_0.25_0.005_366	Singlet	pANN_0.25_0.005_366	0.0697674418604651
HRA003620_TCGTGCTCATAACCCA-1_1	HRA003620_NC-27	HRA003620	DF.classifications_0.25_0.005_366	Singlet	pANN_0.25_0.005_366	0.0465116279069767
HRA003620_TCGTGCTGTAACAAGT-1_1	HRA003620_NC-27	HRA003620	DF.classifications_0.25_0.005_366	Singlet	pANN_0.25_0.005_366	0.325581395348837
HRA003620_TCGTGCTGTACAAACA-1_1	HRA003620_NC-27	HRA003620	DF.classifications_0.25_0.005_366	Singlet	pANN_0.25_0.005_366	0
HRA003620_TCGTGCTGTCTACATG-1_1	HRA003620_NC-27	HRA003620	DF.classifications_0.25_0.005_366	Singlet	pANN_0.25_0.005_366	0.162790697674419
HRA003620_TCGTGCTGTGGGACAT-1_1	HRA003620_NC-27	HRA003620	DF.classifications_0.25_0.005_366	Singlet	pANN_0.25_0.005_366	0.209302325581395
HRA003620_TCGTGCTTCGATAACC-1_1	HRA003620_NC-27	HRA003620	DF.classifications_0.25_0.005_366	Singlet	pANN_0.25_0.005_366	0.0930232558139535
HRA003620_TCGTGCTTCTCAGGCG-1_1	HRA003620_NC-27	HRA003620	DF.classifications_0.25_0.005_366	Singlet	pANN_0.25_0.005_366	0.395348837209302
HRA003620_TCGTGCTTCTGGTGGC-1_1	HRA003620_NC-27	HRA003620	DF.classifications_0.25_0.005_366	Singlet	pANN_0.25_0.005_366	0
HRA003620_TCGTGGGCACACCAGC-1_1	HRA003620_NC-27	HRA003620	DF.classifications_0.25_0.005_366	Singlet	pANN_0.25_0.005_366	0.255813953488372
HRA003620_TCGTGGGCAGGTTCCG-1_1	HRA003620_NC-27	HRA003620	DF.classifications_0.25_0.005_366	Singlet	pANN_0.25_0.005_366	0.0930232558139535
HRA003620_TCGTGGGCAGTATACC-1_1	HRA003620_NC-27	HRA003620	DF.classifications_0.25_0.005_366	Singlet	pANN_0.25_0.005_366	0.348837209302326
HRA003620_TCGTGGGGTAGGCTGA-1_1	HRA003620_NC-27	HRA003620	DF.classifications_0.25_0.005_366	Singlet	pANN_0.25_0.005_366	0
HRA003620_TCGTGGGTCCTCATAT-1_1	HRA003620_NC-27	HRA003620	DF.classifications_0.25_0.005_366	Doublet	pANN_0.25_0.005_366	0.488372093023256
HRA003620_TCGTGGGTCGATTGGT-1_1	HRA003620_NC-27	HRA003620	DF.classifications_0.25_0.005_366	Singlet	pANN_0.25_0.005_366	0
HRA003620_TCTAACTGTGTGCTTA-1_1	HRA003620_NC-27	HRA003620	DF.classifications_0.25_0.005_366	Singlet	pANN_0.25_0.005_366	0.209302325581395
HRA003620_TCTAACTTCCAATCTT-1_1	HRA003620_NC-27	HRA003620	DF.classifications_0.25_0.005_366	Singlet	pANN_0.25_0.005_366	0.255813953488372
HRA003620_TCTAACTTCCTCTGCA-1_1	HRA003620_NC-27	HRA003620	DF.classifications_0.25_0.005_366	Singlet	pANN_0.25_0.005_366	0.186046511627907
HRA003620_TCTACATAGGCCATAG-1_1	HRA003620_NC-27	HRA003620	DF.classifications_0.25_0.005_366	Singlet	pANN_0.25_0.005_366	0.162790697674419
HRA003620_TCTACATCAAACTCTG-1_1	HRA003620_NC-27	HRA003620	DF.classifications_0.25_0.005_366	Singlet	pANN_0.25_0.005_366	0.209302325581395
HRA003620_TCTACATCAACATCGT-1_1	HRA003620_NC-27	HRA003620	DF.classifications_0.25_0.005_366	Singlet	pANN_0.25_0.005_366	0.0697674418604651
HRA003620_TCTACATCATGACGTT-1_1	HRA003620_NC-27	HRA003620	DF.classifications_0.25_0.005_366	Singlet	pANN_0.25_0.005_366	0.116279069767442
HRA003620_TCTACATGTGAGCGAT-1_1	HRA003620_NC-27	HRA003620	DF.classifications_0.25_0.005_366	Singlet	pANN_0.25_0.005_366	0.0465116279069767
HRA003620_TCTACATTCCGCGGAT-1_1	HRA003620_NC-27	HRA003620	DF.classifications_0.25_0.005_366	Singlet	pANN_0.25_0.005_366	0.0465116279069767
HRA003620_TCTACCGAGAGCAGCT-1_1	HRA003620_NC-27	HRA003620	DF.classifications_0.25_0.005_366	Singlet	pANN_0.25_0.005_366	0.186046511627907
HRA003620_TCTACCGAGGGATGTC-1_1	HRA003620_NC-27	HRA003620	DF.classifications_0.25_0.005_366	Singlet	pANN_0.25_0.005_366	0.0465116279069767
HRA003620_TCTACCGAGGGTAGCT-1_1	HRA003620_NC-27	HRA003620	DF.classifications_0.25_0.005_366	Singlet	pANN_0.25_0.005_366	0.0465116279069767
HRA003620_TCTACCGAGTTACTCG-1_1	HRA003620_NC-27	HRA003620	DF.classifications_0.25_0.005_366	Singlet	pANN_0.25_0.005_366	0.418604651162791
HRA003620_TCTACCGCATGGAAGC-1_1	HRA003620_NC-27	HRA003620	DF.classifications_0.25_0.005_366	Singlet	pANN_0.25_0.005_366	0.255813953488372
HRA003620_TCTACCGGTAGTCACT-1_1	HRA003620_NC-27	HRA003620	DF.classifications_0.25_0.005_366	Singlet	pANN_0.25_0.005_366	0.186046511627907
HRA003620_TCTACCGGTCTCGACG-1_1	HRA003620_NC-27	HRA003620	DF.classifications_0.25_0.005_366	Singlet	pANN_0.25_0.005_366	0.232558139534884
HRA003620_TCTACCGGTTGTCTAG-1_1	HRA003620_NC-27	HRA003620	DF.classifications_0.25_0.005_366	Singlet	pANN_0.25_0.005_366	0.186046511627907
HRA003620_TCTACCGTCTCCTGCA-1_1	HRA003620_NC-27	HRA003620	DF.classifications_0.25_0.005_366	Singlet	pANN_0.25_0.005_366	0.116279069767442
HRA003620_TCTATACAGACTGTTC-1_1	HRA003620_NC-27	HRA003620	DF.classifications_0.25_0.005_366	Doublet	pANN_0.25_0.005_366	0.465116279069767
HRA003620_TCTATACAGGCATGCA-1_1	HRA003620_NC-27	HRA003620	DF.classifications_0.25_0.005_366	Singlet	pANN_0.25_0.005_366	0.13953488372093
HRA003620_TCTATACCAAGACGAC-1_1	HRA003620_NC-27	HRA003620	DF.classifications_0.25_0.005_366	Singlet	pANN_0.25_0.005_366	0.255813953488372
HRA003620_TCTATACGTCAGTTTG-1_1	HRA003620_NC-27	HRA003620	DF.classifications_0.25_0.005_366	Singlet	pANN_0.25_0.005_366	0.13953488372093
HRA003620_TCTATACGTGGCAGAT-1_1	HRA003620_NC-27	HRA003620	DF.classifications_0.25_0.005_366	Singlet	pANN_0.25_0.005_366	0.0697674418604651
HRA003620_TCTATACTCATTTGTC-1_1	HRA003620_NC-27	HRA003620	DF.classifications_0.25_0.005_366	Singlet	pANN_0.25_0.005_366	0
HRA003620_TCTATACTCGCTCCTA-1_1	HRA003620_NC-27	HRA003620	DF.classifications_0.25_0.005_366	Singlet	pANN_0.25_0.005_366	0.162790697674419
HRA003620_TCTATACTCTGGGCCA-1_1	HRA003620_NC-27	HRA003620	DF.classifications_0.25_0.005_366	Singlet	pANN_0.25_0.005_366	0.0232558139534884
HRA003620_TCTATCAAGTAATCCC-1_1	HRA003620_NC-27	HRA003620	DF.classifications_0.25_0.005_366	Singlet	pANN_0.25_0.005_366	0.162790697674419
HRA003620_TCTATCACAAGATGTA-1_1	HRA003620_NC-27	HRA003620	DF.classifications_0.25_0.005_366	Singlet	pANN_0.25_0.005_366	0.348837209302326
HRA003620_TCTATCACAGGACTAG-1_1	HRA003620_NC-27	HRA003620	DF.classifications_0.25_0.005_366	Singlet	pANN_0.25_0.005_366	0.232558139534884
HRA003620_TCTATCATCGCTAATG-1_1	HRA003620_NC-27	HRA003620	DF.classifications_0.25_0.005_366	Singlet	pANN_0.25_0.005_366	0.0930232558139535
HRA003620_TCTCACGAGATGTTGA-1_1	HRA003620_NC-27	HRA003620	DF.classifications_0.25_0.005_366	Singlet	pANN_0.25_0.005_366	0.186046511627907
HRA003620_TCTCACGCAAAGGCAC-1_1	HRA003620_NC-27	HRA003620	DF.classifications_0.25_0.005_366	Singlet	pANN_0.25_0.005_366	0.325581395348837
HRA003620_TCTCACGGTCGTATTG-1_1	HRA003620_NC-27	HRA003620	DF.classifications_0.25_0.005_366	Singlet	pANN_0.25_0.005_366	0.116279069767442
HRA003620_TCTCACGTCACGGGAA-1_1	HRA003620_NC-27	HRA003620	DF.classifications_0.25_0.005_366	Singlet	pANN_0.25_0.005_366	0.0697674418604651
HRA003620_TCTCAGCAGCTCGACC-1_1	HRA003620_NC-27	HRA003620	DF.classifications_0.25_0.005_366	Singlet	pANN_0.25_0.005_366	0.255813953488372
HRA003620_TCTCAGCCAAGCGAAC-1_1	HRA003620_NC-27	HRA003620	DF.classifications_0.25_0.005_366	Singlet	pANN_0.25_0.005_366	0.0465116279069767
HRA003620_TCTCAGCCATGTACGT-1_1	HRA003620_NC-27	HRA003620	DF.classifications_0.25_0.005_366	Singlet	pANN_0.25_0.005_366	0.13953488372093
HRA003620_TCTCAGCGTCTCGGAC-1_1	HRA003620_NC-27	HRA003620	DF.classifications_0.25_0.005_366	Singlet	pANN_0.25_0.005_366	0
HRA003620_TCTCAGCGTTCCGCGA-1_1	HRA003620_NC-27	HRA003620	DF.classifications_0.25_0.005_366	Singlet	pANN_0.25_0.005_366	0.372093023255814
HRA003620_TCTCAGCTCACTGGTA-1_1	HRA003620_NC-27	HRA003620	DF.classifications_0.25_0.005_366	Singlet	pANN_0.25_0.005_366	0.348837209302326
HRA003620_TCTCAGCTCGAAGCCC-1_1	HRA003620_NC-27	HRA003620	DF.classifications_0.25_0.005_366	Singlet	pANN_0.25_0.005_366	0.325581395348837
HRA003620_TCTCAGCTCGAGAGCA-1_1	HRA003620_NC-27	HRA003620	DF.classifications_0.25_0.005_366	Singlet	pANN_0.25_0.005_366	0.0930232558139535
HRA003620_TCTCAGCTCTTGGTGA-1_1	HRA003620_NC-27	HRA003620	DF.classifications_0.25_0.005_366	Singlet	pANN_0.25_0.005_366	0.395348837209302
HRA003620_TCTCCGAAGAAATCCA-1_1	HRA003620_NC-27	HRA003620	DF.classifications_0.25_0.005_366	Singlet	pANN_0.25_0.005_366	0.255813953488372
HRA003620_TCTCCGAAGGCAGTCA-1_1	HRA003620_NC-27	HRA003620	DF.classifications_0.25_0.005_366	Singlet	pANN_0.25_0.005_366	0.162790697674419
HRA003620_TCTCCGACAACACAGG-1_1	HRA003620_NC-27	HRA003620	DF.classifications_0.25_0.005_366	Singlet	pANN_0.25_0.005_366	0.302325581395349
HRA003620_TCTCCGACAACGGTAG-1_1	HRA003620_NC-27	HRA003620	DF.classifications_0.25_0.005_366	Singlet	pANN_0.25_0.005_366	0.162790697674419
HRA003620_TCTCCGACACCTTCGT-1_1	HRA003620_NC-27	HRA003620	DF.classifications_0.25_0.005_366	Singlet	pANN_0.25_0.005_366	0.186046511627907
HRA003620_TCTCCGAGTATCAGGG-1_1	HRA003620_NC-27	HRA003620	DF.classifications_0.25_0.005_366	Singlet	pANN_0.25_0.005_366	0.209302325581395
HRA003620_TCTCCGAGTCTTCTAT-1_1	HRA003620_NC-27	HRA003620	DF.classifications_0.25_0.005_366	Singlet	pANN_0.25_0.005_366	0.348837209302326
HRA003620_TCTCCGAGTGCCGAAA-1_1	HRA003620_NC-27	HRA003620	DF.classifications_0.25_0.005_366	Singlet	pANN_0.25_0.005_366	0.0232558139534884
HRA003620_TCTCCGAGTGGGCTCT-1_1	HRA003620_NC-27	HRA003620	DF.classifications_0.25_0.005_366	Singlet	pANN_0.25_0.005_366	0.116279069767442
HRA003620_TCTCCGAGTTTCACAG-1_1	HRA003620_NC-27	HRA003620	DF.classifications_0.25_0.005_366	Singlet	pANN_0.25_0.005_366	0.0697674418604651
HRA003620_TCTCCGATCGAACACT-1_1	HRA003620_NC-27	HRA003620	DF.classifications_0.25_0.005_366	Singlet	pANN_0.25_0.005_366	0.348837209302326
HRA003620_TCTCCGATCGGTCACG-1_1	HRA003620_NC-27	HRA003620	DF.classifications_0.25_0.005_366	Doublet	pANN_0.25_0.005_366	0.697674418604651
HRA003620_TCTCTGGGTCGTTTCC-1_1	HRA003620_NC-27	HRA003620	DF.classifications_0.25_0.005_366	Doublet	pANN_0.25_0.005_366	0.465116279069767
HRA003620_TCTCTGGGTTCTCCAC-1_1	HRA003620_NC-27	HRA003620	DF.classifications_0.25_0.005_366	Singlet	pANN_0.25_0.005_366	0.302325581395349
HRA003620_TCTCTGGTCCCGTAAA-1_1	HRA003620_NC-27	HRA003620	DF.classifications_0.25_0.005_366	Singlet	pANN_0.25_0.005_366	0.13953488372093
HRA003620_TCTCTGGTCCGATAAC-1_1	HRA003620_NC-27	HRA003620	DF.classifications_0.25_0.005_366	Singlet	pANN_0.25_0.005_366	0.255813953488372
HRA003620_TCTGCCAAGCGTCTGC-1_1	HRA003620_NC-27	HRA003620	DF.classifications_0.25_0.005_366	Singlet	pANN_0.25_0.005_366	0.0232558139534884
HRA003620_TCTGCCAAGCTGAAAT-1_1	HRA003620_NC-27	HRA003620	DF.classifications_0.25_0.005_366	Singlet	pANN_0.25_0.005_366	0.0930232558139535
HRA003620_TCTGCCAAGTAAATGC-1_1	HRA003620_NC-27	HRA003620	DF.classifications_0.25_0.005_366	Singlet	pANN_0.25_0.005_366	0.209302325581395
HRA003620_TCTGCCACAGAGGACT-1_1	HRA003620_NC-27	HRA003620	DF.classifications_0.25_0.005_366	Singlet	pANN_0.25_0.005_366	0.0232558139534884
HRA003620_TCTGCCACATAACAGA-1_1	HRA003620_NC-27	HRA003620	DF.classifications_0.25_0.005_366	Singlet	pANN_0.25_0.005_366	0.116279069767442
HRA003620_TCTGCCAGTAGCCCTG-1_1	HRA003620_NC-27	HRA003620	DF.classifications_0.25_0.005_366	Singlet	pANN_0.25_0.005_366	0.209302325581395
HRA003620_TCTGCCAGTATCCTTT-1_1	HRA003620_NC-27	HRA003620	DF.classifications_0.25_0.005_366	Singlet	pANN_0.25_0.005_366	0.186046511627907
HRA003620_TCTGCCAGTTACGATC-1_1	HRA003620_NC-27	HRA003620	DF.classifications_0.25_0.005_366	Singlet	pANN_0.25_0.005_366	0.13953488372093
HRA003620_TCTGCCAGTTATGTCG-1_1	HRA003620_NC-27	HRA003620	DF.classifications_0.25_0.005_366	Singlet	pANN_0.25_0.005_366	0.116279069767442
HRA003620_TCTGCCAGTTTCTTAC-1_1	HRA003620_NC-27	HRA003620	DF.classifications_0.25_0.005_366	Singlet	pANN_0.25_0.005_366	0.418604651162791
HRA003620_TCTGCCATCCGCCTAT-1_1	HRA003620_NC-27	HRA003620	DF.classifications_0.25_0.005_366	Singlet	pANN_0.25_0.005_366	0.0465116279069767
HRA003620_TCTGCCATCCGTCAAA-1_1	HRA003620_NC-27	HRA003620	DF.classifications_0.25_0.005_366	Singlet	pANN_0.25_0.005_366	0.255813953488372
HRA003620_TCTGGCTCACACACGC-1_1	HRA003620_NC-27	HRA003620	DF.classifications_0.25_0.005_366	Doublet	pANN_0.25_0.005_366	0.488372093023256
HRA003620_TCTGGCTCATAGATGA-1_1	HRA003620_NC-27	HRA003620	DF.classifications_0.25_0.005_366	Doublet	pANN_0.25_0.005_366	0.465116279069767
HRA003620_TCTGGCTGTATTGGCT-1_1	HRA003620_NC-27	HRA003620	DF.classifications_0.25_0.005_366	Singlet	pANN_0.25_0.005_366	0.0232558139534884
HRA003620_TCTGGCTGTGTCCTAA-1_1	HRA003620_NC-27	HRA003620	DF.classifications_0.25_0.005_366	Singlet	pANN_0.25_0.005_366	0.0232558139534884
HRA003620_TCTGTCGAGGGATGTC-1_1	HRA003620_NC-27	HRA003620	DF.classifications_0.25_0.005_366	Singlet	pANN_0.25_0.005_366	0.162790697674419
HRA003620_TCTGTCGCAAGCCTGC-1_1	HRA003620_NC-27	HRA003620	DF.classifications_0.25_0.005_366	Singlet	pANN_0.25_0.005_366	0.209302325581395
HRA003620_TCTGTCGGTACACGCC-1_1	HRA003620_NC-27	HRA003620	DF.classifications_0.25_0.005_366	Singlet	pANN_0.25_0.005_366	0.186046511627907
HRA003620_TCTGTCGGTGACAGCA-1_1	HRA003620_NC-27	HRA003620	DF.classifications_0.25_0.005_366	Singlet	pANN_0.25_0.005_366	0.0697674418604651
HRA003620_TCTGTCGGTTAAGAAC-1_1	HRA003620_NC-27	HRA003620	DF.classifications_0.25_0.005_366	Singlet	pANN_0.25_0.005_366	0.162790697674419
HRA003620_TCTGTCGGTTGCCGAC-1_1	HRA003620_NC-27	HRA003620	DF.classifications_0.25_0.005_366	Singlet	pANN_0.25_0.005_366	0.0465116279069767
HRA003620_TCTGTCGTCTTGAGCA-1_1	HRA003620_NC-27	HRA003620	DF.classifications_0.25_0.005_366	Singlet	pANN_0.25_0.005_366	0.232558139534884
HRA003620_TCTTAGTAGGTCTTTG-1_1	HRA003620_NC-27	HRA003620	DF.classifications_0.25_0.005_366	Singlet	pANN_0.25_0.005_366	0.13953488372093
HRA003620_TCTTAGTCAATTGCAC-1_1	HRA003620_NC-27	HRA003620	DF.classifications_0.25_0.005_366	Singlet	pANN_0.25_0.005_366	0.186046511627907
HRA003620_TCTTAGTCACTTCAAG-1_1	HRA003620_NC-27	HRA003620	DF.classifications_0.25_0.005_366	Singlet	pANN_0.25_0.005_366	0.27906976744186
HRA003620_TCTTAGTTCATCGCCT-1_1	HRA003620_NC-27	HRA003620	DF.classifications_0.25_0.005_366	Singlet	pANN_0.25_0.005_366	0.116279069767442
HRA003620_TCTTAGTTCGTTCATT-1_1	HRA003620_NC-27	HRA003620	DF.classifications_0.25_0.005_366	Singlet	pANN_0.25_0.005_366	0.209302325581395
HRA003620_TCTTAGTTCTACGCAA-1_1	HRA003620_NC-27	HRA003620	DF.classifications_0.25_0.005_366	Singlet	pANN_0.25_0.005_366	0.209302325581395
HRA003620_TCTTAGTTCTGCAGCG-1_1	HRA003620_NC-27	HRA003620	DF.classifications_0.25_0.005_366	Singlet	pANN_0.25_0.005_366	0.232558139534884
HRA003620_TCTTCCTAGTAAACAC-1_1	HRA003620_NC-27	HRA003620	DF.classifications_0.25_0.005_366	Singlet	pANN_0.25_0.005_366	0.302325581395349
HRA003620_TCTTCCTAGTCTGGAG-1_1	HRA003620_NC-27	HRA003620	DF.classifications_0.25_0.005_366	Singlet	pANN_0.25_0.005_366	0.27906976744186
HRA003620_TCTTCCTCAGTTTCAG-1_1	HRA003620_NC-27	HRA003620	DF.classifications_0.25_0.005_366	Singlet	pANN_0.25_0.005_366	0.162790697674419
HRA003620_TCTTCCTGTAACCAGG-1_1	HRA003620_NC-27	HRA003620	DF.classifications_0.25_0.005_366	Singlet	pANN_0.25_0.005_366	0.232558139534884
HRA003620_TCTTCCTGTTAACAGA-1_1	HRA003620_NC-27	HRA003620	DF.classifications_0.25_0.005_366	Singlet	pANN_0.25_0.005_366	0.232558139534884
HRA003620_TCTTCCTGTTAAGAAC-1_1	HRA003620_NC-27	HRA003620	DF.classifications_0.25_0.005_366	Singlet	pANN_0.25_0.005_366	0.13953488372093
HRA003620_TCTTCCTTCAACCTCC-1_1	HRA003620_NC-27	HRA003620	DF.classifications_0.25_0.005_366	Singlet	pANN_0.25_0.005_366	0.0465116279069767
HRA003620_TCTTCCTTCCACAGGC-1_1	HRA003620_NC-27	HRA003620	DF.classifications_0.25_0.005_366	Singlet	pANN_0.25_0.005_366	0.13953488372093
HRA003620_TCTTGCGAGTCATACC-1_1	HRA003620_NC-27	HRA003620	DF.classifications_0.25_0.005_366	Singlet	pANN_0.25_0.005_366	0.162790697674419
HRA003620_TCTTGCGAGTGGTTGG-1_1	HRA003620_NC-27	HRA003620	DF.classifications_0.25_0.005_366	Singlet	pANN_0.25_0.005_366	0.116279069767442
HRA003620_TCTTGCGCAGAGGAAA-1_1	HRA003620_NC-27	HRA003620	DF.classifications_0.25_0.005_366	Singlet	pANN_0.25_0.005_366	0.372093023255814
HRA003620_TCTTTGAAGGCTAACG-1_1	HRA003620_NC-27	HRA003620	DF.classifications_0.25_0.005_366	Singlet	pANN_0.25_0.005_366	0.0232558139534884
HRA003620_TCTTTGAGTAAGTTGA-1_1	HRA003620_NC-27	HRA003620	DF.classifications_0.25_0.005_366	Singlet	pANN_0.25_0.005_366	0.162790697674419
HRA003620_TCTTTGAGTCTCGGGT-1_1	HRA003620_NC-27	HRA003620	DF.classifications_0.25_0.005_366	Singlet	pANN_0.25_0.005_366	0.13953488372093
HRA003620_TGAACGTAGACGTCGA-1_1	HRA003620_NC-27	HRA003620	DF.classifications_0.25_0.005_366	Singlet	pANN_0.25_0.005_366	0.162790697674419
HRA003620_TGAACGTCATAGCACT-1_1	HRA003620_NC-27	HRA003620	DF.classifications_0.25_0.005_366	Singlet	pANN_0.25_0.005_366	0.162790697674419
HRA003620_TGAACGTCATTGTCGA-1_1	HRA003620_NC-27	HRA003620	DF.classifications_0.25_0.005_366	Singlet	pANN_0.25_0.005_366	0.0465116279069767
HRA003620_TGAACGTGTCGCCTAG-1_1	HRA003620_NC-27	HRA003620	DF.classifications_0.25_0.005_366	Singlet	pANN_0.25_0.005_366	0.0465116279069767
HRA003620_TGAACGTGTGGATGAC-1_1	HRA003620_NC-27	HRA003620	DF.classifications_0.25_0.005_366	Singlet	pANN_0.25_0.005_366	0.232558139534884
HRA003620_TGAACGTTCAAGCCGC-1_1	HRA003620_NC-27	HRA003620	DF.classifications_0.25_0.005_366	Singlet	pANN_0.25_0.005_366	0.162790697674419
HRA003620_TGAACGTTCGCCAGAC-1_1	HRA003620_NC-27	HRA003620	DF.classifications_0.25_0.005_366	Singlet	pANN_0.25_0.005_366	0.186046511627907
HRA003620_TGAACGTTCGGCTCTT-1_1	HRA003620_NC-27	HRA003620	DF.classifications_0.25_0.005_366	Singlet	pANN_0.25_0.005_366	0.0930232558139535
HRA003620_TGAACGTTCTTCCACG-1_1	HRA003620_NC-27	HRA003620	DF.classifications_0.25_0.005_366	Singlet	pANN_0.25_0.005_366	0.186046511627907
HRA003620_TGAATCGAGGATGTTA-1_1	HRA003620_NC-27	HRA003620	DF.classifications_0.25_0.005_366	Singlet	pANN_0.25_0.005_366	0.162790697674419
HRA003620_TGAATCGAGTCTTGGT-1_1	HRA003620_NC-27	HRA003620	DF.classifications_0.25_0.005_366	Singlet	pANN_0.25_0.005_366	0.27906976744186
HRA003620_TGAATCGCAGCGTACC-1_1	HRA003620_NC-27	HRA003620	DF.classifications_0.25_0.005_366	Singlet	pANN_0.25_0.005_366	0.0930232558139535
HRA003620_TGAATCGCAGGCATGA-1_1	HRA003620_NC-27	HRA003620	DF.classifications_0.25_0.005_366	Singlet	pANN_0.25_0.005_366	0.27906976744186
HRA003620_TGAATCGCAGTTCTAG-1_1	HRA003620_NC-27	HRA003620	DF.classifications_0.25_0.005_366	Singlet	pANN_0.25_0.005_366	0.162790697674419
HRA003620_TGAATCGCATGTCAGT-1_1	HRA003620_NC-27	HRA003620	DF.classifications_0.25_0.005_366	Doublet	pANN_0.25_0.005_366	0.441860465116279
HRA003620_TGAATCGGTGAGACGT-1_1	HRA003620_NC-27	HRA003620	DF.classifications_0.25_0.005_366	Singlet	pANN_0.25_0.005_366	0.162790697674419
HRA003620_TGAATCGTCACCGCTT-1_1	HRA003620_NC-27	HRA003620	DF.classifications_0.25_0.005_366	Singlet	pANN_0.25_0.005_366	0.232558139534884
HRA003620_TGAATCGTCAGACTGT-1_1	HRA003620_NC-27	HRA003620	DF.classifications_0.25_0.005_366	Singlet	pANN_0.25_0.005_366	0.209302325581395
HRA003620_TGAATGCAGAGCATAT-1_1	HRA003620_NC-27	HRA003620	DF.classifications_0.25_0.005_366	Singlet	pANN_0.25_0.005_366	0.255813953488372
HRA003620_TGAATGCAGCACTCAT-1_1	HRA003620_NC-27	HRA003620	DF.classifications_0.25_0.005_366	Singlet	pANN_0.25_0.005_366	0.186046511627907
HRA003620_TGAATGCAGTCGCCAC-1_1	HRA003620_NC-27	HRA003620	DF.classifications_0.25_0.005_366	Singlet	pANN_0.25_0.005_366	0.325581395348837
HRA003620_TGAATGCCAGCTGAGA-1_1	HRA003620_NC-27	HRA003620	DF.classifications_0.25_0.005_366	Singlet	pANN_0.25_0.005_366	0.0232558139534884
HRA003620_TGAATGCGTCACAGTT-1_1	HRA003620_NC-27	HRA003620	DF.classifications_0.25_0.005_366	Doublet	pANN_0.25_0.005_366	0.511627906976744
HRA003620_TGAATGCGTGCCTGCA-1_1	HRA003620_NC-27	HRA003620	DF.classifications_0.25_0.005_366	Singlet	pANN_0.25_0.005_366	0.302325581395349
HRA003620_TGAATGCTCCGTGGCA-1_1	HRA003620_NC-27	HRA003620	DF.classifications_0.25_0.005_366	Singlet	pANN_0.25_0.005_366	0.0697674418604651
HRA003620_TGACAGTAGTACCGGA-1_1	HRA003620_NC-27	HRA003620	DF.classifications_0.25_0.005_366	Singlet	pANN_0.25_0.005_366	0.0232558139534884
HRA003620_TGACAGTCAGCTGAAG-1_1	HRA003620_NC-27	HRA003620	DF.classifications_0.25_0.005_366	Singlet	pANN_0.25_0.005_366	0.162790697674419
HRA003620_TGACAGTGTGCTGATT-1_1	HRA003620_NC-27	HRA003620	DF.classifications_0.25_0.005_366	Singlet	pANN_0.25_0.005_366	0.186046511627907
HRA003620_TGACAGTTCGACCATA-1_1	HRA003620_NC-27	HRA003620	DF.classifications_0.25_0.005_366	Singlet	pANN_0.25_0.005_366	0.0930232558139535
HRA003620_TGACCCTAGTTGAAAC-1_1	HRA003620_NC-27	HRA003620	DF.classifications_0.25_0.005_366	Singlet	pANN_0.25_0.005_366	0.372093023255814
HRA003620_TGACCCTCACCCTATC-1_1	HRA003620_NC-27	HRA003620	DF.classifications_0.25_0.005_366	Singlet	pANN_0.25_0.005_366	0.325581395348837
HRA003620_TGACCCTGTTTAAGGA-1_1	HRA003620_NC-27	HRA003620	DF.classifications_0.25_0.005_366	Singlet	pANN_0.25_0.005_366	0
HRA003620_TGACCCTTCATTTGCT-1_1	HRA003620_NC-27	HRA003620	DF.classifications_0.25_0.005_366	Doublet	pANN_0.25_0.005_366	0.604651162790698
HRA003620_TGACCCTTCGAACCTA-1_1	HRA003620_NC-27	HRA003620	DF.classifications_0.25_0.005_366	Singlet	pANN_0.25_0.005_366	0.0697674418604651
HRA003620_TGACCCTTCGCATTGA-1_1	HRA003620_NC-27	HRA003620	DF.classifications_0.25_0.005_366	Doublet	pANN_0.25_0.005_366	0.581395348837209
HRA003620_TGACGCGAGAGAACCC-1_1	HRA003620_NC-27	HRA003620	DF.classifications_0.25_0.005_366	Singlet	pANN_0.25_0.005_366	0
HRA003620_TGACGCGAGATCCGAG-1_1	HRA003620_NC-27	HRA003620	DF.classifications_0.25_0.005_366	Singlet	pANN_0.25_0.005_366	0.186046511627907
HRA003620_TGACGCGAGGGCATGT-1_1	HRA003620_NC-27	HRA003620	DF.classifications_0.25_0.005_366	Singlet	pANN_0.25_0.005_366	0.209302325581395
HRA003620_TGACGCGCAGCCTATA-1_1	HRA003620_NC-27	HRA003620	DF.classifications_0.25_0.005_366	Singlet	pANN_0.25_0.005_366	0.0930232558139535
HRA003620_TGACGCGGTAGAATAC-1_1	HRA003620_NC-27	HRA003620	DF.classifications_0.25_0.005_366	Singlet	pANN_0.25_0.005_366	0.162790697674419
HRA003620_TGACGCGGTGGTACAG-1_1	HRA003620_NC-27	HRA003620	DF.classifications_0.25_0.005_366	Singlet	pANN_0.25_0.005_366	0.0930232558139535
HRA003620_TGACGCGGTTCGTAAC-1_1	HRA003620_NC-27	HRA003620	DF.classifications_0.25_0.005_366	Singlet	pANN_0.25_0.005_366	0.116279069767442
HRA003620_TGACGCGGTTCTGACA-1_1	HRA003620_NC-27	HRA003620	DF.classifications_0.25_0.005_366	Singlet	pANN_0.25_0.005_366	0.372093023255814
HRA003620_TGACGCGTCTTAAGGC-1_1	HRA003620_NC-27	HRA003620	DF.classifications_0.25_0.005_366	Singlet	pANN_0.25_0.005_366	0.232558139534884
HRA003620_TGACGCGTCTTGGTCC-1_1	HRA003620_NC-27	HRA003620	DF.classifications_0.25_0.005_366	Singlet	pANN_0.25_0.005_366	0.0697674418604651
HRA003620_TGACTCCCAAACTCTG-1_1	HRA003620_NC-27	HRA003620	DF.classifications_0.25_0.005_366	Singlet	pANN_0.25_0.005_366	0.0697674418604651
HRA003620_TGACTCCCAGCACGAA-1_1	HRA003620_NC-27	HRA003620	DF.classifications_0.25_0.005_366	Singlet	pANN_0.25_0.005_366	0.372093023255814
HRA003620_TGACTCCCAGGATCTT-1_1	HRA003620_NC-27	HRA003620	DF.classifications_0.25_0.005_366	Singlet	pANN_0.25_0.005_366	0.0930232558139535
HRA003620_TGACTCCGTTCGAACT-1_1	HRA003620_NC-27	HRA003620	DF.classifications_0.25_0.005_366	Singlet	pANN_0.25_0.005_366	0.348837209302326
HRA003620_TGACTCCTCAGGCGAA-1_1	HRA003620_NC-27	HRA003620	DF.classifications_0.25_0.005_366	Singlet	pANN_0.25_0.005_366	0.0232558139534884
HRA003620_TGACTCCTCCTTCTAA-1_1	HRA003620_NC-27	HRA003620	DF.classifications_0.25_0.005_366	Singlet	pANN_0.25_0.005_366	0.255813953488372
HRA003620_TGACTCCTCGGAGATG-1_1	HRA003620_NC-27	HRA003620	DF.classifications_0.25_0.005_366	Singlet	pANN_0.25_0.005_366	0.186046511627907
HRA003620_TGACTCCTCTAGATCG-1_1	HRA003620_NC-27	HRA003620	DF.classifications_0.25_0.005_366	Singlet	pANN_0.25_0.005_366	0.232558139534884
HRA003620_TGAGACTAGCAAACAT-1_1	HRA003620_NC-27	HRA003620	DF.classifications_0.25_0.005_366	Singlet	pANN_0.25_0.005_366	0.232558139534884
HRA003620_TGAGACTGTTGTACGT-1_1	HRA003620_NC-27	HRA003620	DF.classifications_0.25_0.005_366	Singlet	pANN_0.25_0.005_366	0.13953488372093
HRA003620_TGAGACTTCTCGTTTA-1_1	HRA003620_NC-27	HRA003620	DF.classifications_0.25_0.005_366	Singlet	pANN_0.25_0.005_366	0.255813953488372
HRA003620_TGAGACTTCTTCTGGC-1_1	HRA003620_NC-27	HRA003620	DF.classifications_0.25_0.005_366	Singlet	pANN_0.25_0.005_366	0.209302325581395
HRA003620_TGAGCATAGGATTACA-1_1	HRA003620_NC-27	HRA003620	DF.classifications_0.25_0.005_366	Singlet	pANN_0.25_0.005_366	0.0697674418604651
HRA003620_TGAGCATGTTCCGTTC-1_1	HRA003620_NC-27	HRA003620	DF.classifications_0.25_0.005_366	Singlet	pANN_0.25_0.005_366	0.27906976744186
HRA003620_TGAGCATTCTACTCAT-1_1	HRA003620_NC-27	HRA003620	DF.classifications_0.25_0.005_366	Singlet	pANN_0.25_0.005_366	0.186046511627907
HRA003620_TGAGCATTCTATTCGT-1_1	HRA003620_NC-27	HRA003620	DF.classifications_0.25_0.005_366	Singlet	pANN_0.25_0.005_366	0.186046511627907
HRA003620_TGAGCGCAGTTCAACC-1_1	HRA003620_NC-27	HRA003620	DF.classifications_0.25_0.005_366	Singlet	pANN_0.25_0.005_366	0
HRA003620_TGAGCGCCAGTCGAGA-1_1	HRA003620_NC-27	HRA003620	DF.classifications_0.25_0.005_366	Singlet	pANN_0.25_0.005_366	0.0697674418604651
HRA003620_TGAGCGCGTAACAGTA-1_1	HRA003620_NC-27	HRA003620	DF.classifications_0.25_0.005_366	Singlet	pANN_0.25_0.005_366	0.162790697674419
HRA003620_TGAGCGCGTCCTCAGG-1_1	HRA003620_NC-27	HRA003620	DF.classifications_0.25_0.005_366	Singlet	pANN_0.25_0.005_366	0.116279069767442
HRA003620_TGAGCGCGTCTGCATA-1_1	HRA003620_NC-27	HRA003620	DF.classifications_0.25_0.005_366	Singlet	pANN_0.25_0.005_366	0
HRA003620_TGAGCGCGTTCTGACA-1_1	HRA003620_NC-27	HRA003620	DF.classifications_0.25_0.005_366	Singlet	pANN_0.25_0.005_366	0.209302325581395
HRA003620_TGAGCGCTCTACGCGG-1_1	HRA003620_NC-27	HRA003620	DF.classifications_0.25_0.005_366	Singlet	pANN_0.25_0.005_366	0.116279069767442
HRA003620_TGAGGAGAGATAGTGT-1_1	HRA003620_NC-27	HRA003620	DF.classifications_0.25_0.005_366	Singlet	pANN_0.25_0.005_366	0.186046511627907
HRA003620_TGAGGAGAGCATAGGC-1_1	HRA003620_NC-27	HRA003620	DF.classifications_0.25_0.005_366	Singlet	pANN_0.25_0.005_366	0.116279069767442
HRA003620_TGAGGAGAGCATGGGT-1_1	HRA003620_NC-27	HRA003620	DF.classifications_0.25_0.005_366	Singlet	pANN_0.25_0.005_366	0.0930232558139535
HRA003620_TGAGGAGAGGGCTTCC-1_1	HRA003620_NC-27	HRA003620	DF.classifications_0.25_0.005_366	Singlet	pANN_0.25_0.005_366	0.0930232558139535
HRA003620_TGAGGAGAGTGAACAT-1_1	HRA003620_NC-27	HRA003620	DF.classifications_0.25_0.005_366	Singlet	pANN_0.25_0.005_366	0
HRA003620_TGAGGAGCAATGCAGG-1_1	HRA003620_NC-27	HRA003620	DF.classifications_0.25_0.005_366	Singlet	pANN_0.25_0.005_366	0.186046511627907
HRA003620_TGAGGAGCAGAGACTG-1_1	HRA003620_NC-27	HRA003620	DF.classifications_0.25_0.005_366	Singlet	pANN_0.25_0.005_366	0.0465116279069767
HRA003620_TGAGGAGGTTGGGTAG-1_1	HRA003620_NC-27	HRA003620	DF.classifications_0.25_0.005_366	Singlet	pANN_0.25_0.005_366	0
HRA003620_TGAGGAGTCGTAACCA-1_1	HRA003620_NC-27	HRA003620	DF.classifications_0.25_0.005_366	Singlet	pANN_0.25_0.005_366	0.116279069767442
HRA003620_TGAGGGAAGCCTGACC-1_1	HRA003620_NC-27	HRA003620	DF.classifications_0.25_0.005_366	Singlet	pANN_0.25_0.005_366	0.302325581395349
HRA003620_TGAGGGAAGTTTGTCG-1_1	HRA003620_NC-27	HRA003620	DF.classifications_0.25_0.005_366	Singlet	pANN_0.25_0.005_366	0.418604651162791
HRA003620_TGAGGGACAGACACAG-1_1	HRA003620_NC-27	HRA003620	DF.classifications_0.25_0.005_366	Singlet	pANN_0.25_0.005_366	0.325581395348837
HRA003620_TGAGGGAGTCTCAGGC-1_1	HRA003620_NC-27	HRA003620	DF.classifications_0.25_0.005_366	Doublet	pANN_0.25_0.005_366	0.441860465116279
HRA003620_TGAGGGAGTTAGTTCG-1_1	HRA003620_NC-27	HRA003620	DF.classifications_0.25_0.005_366	Singlet	pANN_0.25_0.005_366	0.302325581395349
HRA003620_TGAGGGATCATTATCC-1_1	HRA003620_NC-27	HRA003620	DF.classifications_0.25_0.005_366	Singlet	pANN_0.25_0.005_366	0.232558139534884
HRA003620_TGAGGTTAGAGGTATT-1_1	HRA003620_NC-27	HRA003620	DF.classifications_0.25_0.005_366	Doublet	pANN_0.25_0.005_366	0.488372093023256
HRA003620_TGAGGTTAGCAGTAAT-1_1	HRA003620_NC-27	HRA003620	DF.classifications_0.25_0.005_366	Singlet	pANN_0.25_0.005_366	0.209302325581395
HRA003620_TGAGGTTAGCATAGGC-1_1	HRA003620_NC-27	HRA003620	DF.classifications_0.25_0.005_366	Singlet	pANN_0.25_0.005_366	0.255813953488372
HRA003620_TGAGGTTCACTCCGGA-1_1	HRA003620_NC-27	HRA003620	DF.classifications_0.25_0.005_366	Singlet	pANN_0.25_0.005_366	0.116279069767442
HRA003620_TGAGGTTGTGTCATGT-1_1	HRA003620_NC-27	HRA003620	DF.classifications_0.25_0.005_366	Singlet	pANN_0.25_0.005_366	0.0930232558139535
HRA003620_TGAGGTTGTTACACTG-1_1	HRA003620_NC-27	HRA003620	DF.classifications_0.25_0.005_366	Singlet	pANN_0.25_0.005_366	0.13953488372093
HRA003620_TGAGTCAAGGCCTGAA-1_1	HRA003620_NC-27	HRA003620	DF.classifications_0.25_0.005_366	Singlet	pANN_0.25_0.005_366	0.255813953488372
HRA003620_TGAGTCACAGCTGGTC-1_1	HRA003620_NC-27	HRA003620	DF.classifications_0.25_0.005_366	Singlet	pANN_0.25_0.005_366	0.325581395348837
HRA003620_TGAGTCACAGTTAGAA-1_1	HRA003620_NC-27	HRA003620	DF.classifications_0.25_0.005_366	Singlet	pANN_0.25_0.005_366	0.116279069767442
HRA003620_TGAGTCAGTTTGGCTA-1_1	HRA003620_NC-27	HRA003620	DF.classifications_0.25_0.005_366	Singlet	pANN_0.25_0.005_366	0.13953488372093
HRA003620_TGAGTCATCGAAATCC-1_1	HRA003620_NC-27	HRA003620	DF.classifications_0.25_0.005_366	Doublet	pANN_0.25_0.005_366	0.488372093023256
HRA003620_TGAGTCATCTCGTTTA-1_1	HRA003620_NC-27	HRA003620	DF.classifications_0.25_0.005_366	Singlet	pANN_0.25_0.005_366	0.232558139534884
HRA003620_TGATCAGAGGAATGTT-1_1	HRA003620_NC-27	HRA003620	DF.classifications_0.25_0.005_366	Singlet	pANN_0.25_0.005_366	0
HRA003620_TGATCAGCAACTGATC-1_1	HRA003620_NC-27	HRA003620	DF.classifications_0.25_0.005_366	Singlet	pANN_0.25_0.005_366	0.209302325581395
HRA003620_TGATCAGCACTTCCTG-1_1	HRA003620_NC-27	HRA003620	DF.classifications_0.25_0.005_366	Singlet	pANN_0.25_0.005_366	0.186046511627907
HRA003620_TGATCAGCAGTATACC-1_1	HRA003620_NC-27	HRA003620	DF.classifications_0.25_0.005_366	Singlet	pANN_0.25_0.005_366	0.209302325581395
HRA003620_TGATCAGCATGTTACG-1_1	HRA003620_NC-27	HRA003620	DF.classifications_0.25_0.005_366	Singlet	pANN_0.25_0.005_366	0.116279069767442
HRA003620_TGATCAGTCGGACTGC-1_1	HRA003620_NC-27	HRA003620	DF.classifications_0.25_0.005_366	Singlet	pANN_0.25_0.005_366	0.0697674418604651
HRA003620_TGATCTTAGCCTATCA-1_1	HRA003620_NC-27	HRA003620	DF.classifications_0.25_0.005_366	Singlet	pANN_0.25_0.005_366	0.116279069767442
HRA003620_TGATCTTCATGAGTAA-1_1	HRA003620_NC-27	HRA003620	DF.classifications_0.25_0.005_366	Singlet	pANN_0.25_0.005_366	0.232558139534884
HRA003620_TGATGCAAGAATAGTC-1_1	HRA003620_NC-27	HRA003620	DF.classifications_0.25_0.005_366	Singlet	pANN_0.25_0.005_366	0.27906976744186
HRA003620_TGATGCAAGCATTTGC-1_1	HRA003620_NC-27	HRA003620	DF.classifications_0.25_0.005_366	Singlet	pANN_0.25_0.005_366	0.232558139534884
HRA003620_TGATGCAAGCGCCATC-1_1	HRA003620_NC-27	HRA003620	DF.classifications_0.25_0.005_366	Singlet	pANN_0.25_0.005_366	0.0930232558139535
HRA003620_TGATGCAAGTCAATCC-1_1	HRA003620_NC-27	HRA003620	DF.classifications_0.25_0.005_366	Singlet	pANN_0.25_0.005_366	0.372093023255814
HRA003620_TGATGCAGTAACAGTA-1_1	HRA003620_NC-27	HRA003620	DF.classifications_0.25_0.005_366	Doublet	pANN_0.25_0.005_366	0.441860465116279
HRA003620_TGATGCAGTGCGAACA-1_1	HRA003620_NC-27	HRA003620	DF.classifications_0.25_0.005_366	Singlet	pANN_0.25_0.005_366	0.162790697674419
HRA003620_TGATGCATCCAACTAG-1_1	HRA003620_NC-27	HRA003620	DF.classifications_0.25_0.005_366	Singlet	pANN_0.25_0.005_366	0
HRA003620_TGATGCATCGCCTATC-1_1	HRA003620_NC-27	HRA003620	DF.classifications_0.25_0.005_366	Singlet	pANN_0.25_0.005_366	0.209302325581395
HRA003620_TGATGCATCGCGCCAA-1_1	HRA003620_NC-27	HRA003620	DF.classifications_0.25_0.005_366	Singlet	pANN_0.25_0.005_366	0.186046511627907
HRA003620_TGATGCATCGTCAGAT-1_1	HRA003620_NC-27	HRA003620	DF.classifications_0.25_0.005_366	Singlet	pANN_0.25_0.005_366	0
HRA003620_TGATGCATCTGACCCT-1_1	HRA003620_NC-27	HRA003620	DF.classifications_0.25_0.005_366	Doublet	pANN_0.25_0.005_366	0.534883720930233
HRA003620_TGATGCATCTTCCCGA-1_1	HRA003620_NC-27	HRA003620	DF.classifications_0.25_0.005_366	Singlet	pANN_0.25_0.005_366	0.116279069767442
HRA003620_TGATGGTAGTCACGCC-1_1	HRA003620_NC-27	HRA003620	DF.classifications_0.25_0.005_366	Singlet	pANN_0.25_0.005_366	0.0465116279069767
HRA003620_TGATGGTCAAACGTGG-1_1	HRA003620_NC-27	HRA003620	DF.classifications_0.25_0.005_366	Singlet	pANN_0.25_0.005_366	0.186046511627907
HRA003620_TGATGGTCAGTCCCGA-1_1	HRA003620_NC-27	HRA003620	DF.classifications_0.25_0.005_366	Doublet	pANN_0.25_0.005_366	0.720930232558139
HRA003620_TGATGGTGTGGACAGT-1_1	HRA003620_NC-27	HRA003620	DF.classifications_0.25_0.005_366	Singlet	pANN_0.25_0.005_366	0.209302325581395
HRA003620_TGATGGTGTTGCCTAA-1_1	HRA003620_NC-27	HRA003620	DF.classifications_0.25_0.005_366	Singlet	pANN_0.25_0.005_366	0.0465116279069767
HRA003620_TGATGGTGTTGCTAGT-1_1	HRA003620_NC-27	HRA003620	DF.classifications_0.25_0.005_366	Singlet	pANN_0.25_0.005_366	0.209302325581395
HRA003620_TGATGGTTCAACCTCC-1_1	HRA003620_NC-27	HRA003620	DF.classifications_0.25_0.005_366	Singlet	pANN_0.25_0.005_366	0.325581395348837
HRA003620_TGATGGTTCATCGTAG-1_1	HRA003620_NC-27	HRA003620	DF.classifications_0.25_0.005_366	Singlet	pANN_0.25_0.005_366	0.0697674418604651
HRA003620_TGATGGTTCTCACGAA-1_1	HRA003620_NC-27	HRA003620	DF.classifications_0.25_0.005_366	Singlet	pANN_0.25_0.005_366	0.186046511627907
HRA003620_TGATTCTAGCATCAAA-1_1	HRA003620_NC-27	HRA003620	DF.classifications_0.25_0.005_366	Singlet	pANN_0.25_0.005_366	0.162790697674419
HRA003620_TGATTCTGTTTGACAC-1_1	HRA003620_NC-27	HRA003620	DF.classifications_0.25_0.005_366	Singlet	pANN_0.25_0.005_366	0.0930232558139535
HRA003620_TGATTCTTCCTCTAAT-1_1	HRA003620_NC-27	HRA003620	DF.classifications_0.25_0.005_366	Singlet	pANN_0.25_0.005_366	0.0697674418604651
HRA003620_TGATTCTTCCTTTGAT-1_1	HRA003620_NC-27	HRA003620	DF.classifications_0.25_0.005_366	Singlet	pANN_0.25_0.005_366	0.0930232558139535
HRA003620_TGATTCTTCGACCATA-1_1	HRA003620_NC-27	HRA003620	DF.classifications_0.25_0.005_366	Singlet	pANN_0.25_0.005_366	0.0697674418604651
HRA003620_TGATTCTTCGGACTTA-1_1	HRA003620_NC-27	HRA003620	DF.classifications_0.25_0.005_366	Singlet	pANN_0.25_0.005_366	0.209302325581395
HRA003620_TGATTTCAGCGCTGCT-1_1	HRA003620_NC-27	HRA003620	DF.classifications_0.25_0.005_366	Singlet	pANN_0.25_0.005_366	0.209302325581395
HRA003620_TGATTTCCATCCAACA-1_1	HRA003620_NC-27	HRA003620	DF.classifications_0.25_0.005_366	Singlet	pANN_0.25_0.005_366	0.232558139534884
HRA003620_TGATTTCGTGTATCCA-1_1	HRA003620_NC-27	HRA003620	DF.classifications_0.25_0.005_366	Singlet	pANN_0.25_0.005_366	0.13953488372093
HRA003620_TGATTTCGTTCGGCCA-1_1	HRA003620_NC-27	HRA003620	DF.classifications_0.25_0.005_366	Singlet	pANN_0.25_0.005_366	0.13953488372093
HRA003620_TGATTTCGTTGCAAGG-1_1	HRA003620_NC-27	HRA003620	DF.classifications_0.25_0.005_366	Singlet	pANN_0.25_0.005_366	0.302325581395349
HRA003620_TGATTTCGTTGCATGT-1_1	HRA003620_NC-27	HRA003620	DF.classifications_0.25_0.005_366	Doublet	pANN_0.25_0.005_366	0.837209302325581
HRA003620_TGCACGGAGCCAAGGT-1_1	HRA003620_NC-27	HRA003620	DF.classifications_0.25_0.005_366	Singlet	pANN_0.25_0.005_366	0.116279069767442
HRA003620_TGCACGGCAAAGTATG-1_1	HRA003620_NC-27	HRA003620	DF.classifications_0.25_0.005_366	Singlet	pANN_0.25_0.005_366	0.372093023255814
HRA003620_TGCACGGCAAGCGAAC-1_1	HRA003620_NC-27	HRA003620	DF.classifications_0.25_0.005_366	Singlet	pANN_0.25_0.005_366	0.348837209302326
HRA003620_TGCACGGGTACTCCCT-1_1	HRA003620_NC-27	HRA003620	DF.classifications_0.25_0.005_366	Singlet	pANN_0.25_0.005_366	0.302325581395349
HRA003620_TGCACGGGTAGCGAGT-1_1	HRA003620_NC-27	HRA003620	DF.classifications_0.25_0.005_366	Singlet	pANN_0.25_0.005_366	0.0232558139534884
HRA003620_TGCACGGTCCAACTAG-1_1	HRA003620_NC-27	HRA003620	DF.classifications_0.25_0.005_366	Singlet	pANN_0.25_0.005_366	0.232558139534884
HRA003620_TGCACGGTCTCACGAA-1_1	HRA003620_NC-27	HRA003620	DF.classifications_0.25_0.005_366	Singlet	pANN_0.25_0.005_366	0.186046511627907
HRA003620_TGCAGATAGCTCACTA-1_1	HRA003620_NC-27	HRA003620	DF.classifications_0.25_0.005_366	Singlet	pANN_0.25_0.005_366	0.162790697674419
HRA003620_TGCAGATAGCTCGGCT-1_1	HRA003620_NC-27	HRA003620	DF.classifications_0.25_0.005_366	Singlet	pANN_0.25_0.005_366	0.186046511627907
HRA003620_TGCAGATTCCGGACTG-1_1	HRA003620_NC-27	HRA003620	DF.classifications_0.25_0.005_366	Singlet	pANN_0.25_0.005_366	0.0930232558139535
HRA003620_TGCAGATTCGGAGATG-1_1	HRA003620_NC-27	HRA003620	DF.classifications_0.25_0.005_366	Singlet	pANN_0.25_0.005_366	0.116279069767442
HRA003620_TGCAGATTCTGGACTA-1_1	HRA003620_NC-27	HRA003620	DF.classifications_0.25_0.005_366	Singlet	pANN_0.25_0.005_366	0
HRA003620_TGCAGGCAGACAGCGT-1_1	HRA003620_NC-27	HRA003620	DF.classifications_0.25_0.005_366	Singlet	pANN_0.25_0.005_366	0.372093023255814
HRA003620_TGCAGGCAGCATGCAG-1_1	HRA003620_NC-27	HRA003620	DF.classifications_0.25_0.005_366	Singlet	pANN_0.25_0.005_366	0.162790697674419
HRA003620_TGCAGGCAGCTGCGAA-1_1	HRA003620_NC-27	HRA003620	DF.classifications_0.25_0.005_366	Singlet	pANN_0.25_0.005_366	0.186046511627907
HRA003620_TGCAGGCAGGCTGGAT-1_1	HRA003620_NC-27	HRA003620	DF.classifications_0.25_0.005_366	Singlet	pANN_0.25_0.005_366	0.0465116279069767
HRA003620_TGCAGGCCAGTTTCAG-1_1	HRA003620_NC-27	HRA003620	DF.classifications_0.25_0.005_366	Singlet	pANN_0.25_0.005_366	0.0465116279069767
HRA003620_TGCAGGCCATCAGCGC-1_1	HRA003620_NC-27	HRA003620	DF.classifications_0.25_0.005_366	Singlet	pANN_0.25_0.005_366	0.232558139534884
HRA003620_TGCAGGCGTAGAATAC-1_1	HRA003620_NC-27	HRA003620	DF.classifications_0.25_0.005_366	Singlet	pANN_0.25_0.005_366	0.186046511627907
HRA003620_TGCAGGCGTAGGACTG-1_1	HRA003620_NC-27	HRA003620	DF.classifications_0.25_0.005_366	Singlet	pANN_0.25_0.005_366	0
HRA003620_TGCAGGCGTATGCTAC-1_1	HRA003620_NC-27	HRA003620	DF.classifications_0.25_0.005_366	Singlet	pANN_0.25_0.005_366	0.13953488372093
HRA003620_TGCAGGCGTCGGTACC-1_1	HRA003620_NC-27	HRA003620	DF.classifications_0.25_0.005_366	Singlet	pANN_0.25_0.005_366	0.0697674418604651
HRA003620_TGCAGGCTCGGTTAGT-1_1	HRA003620_NC-27	HRA003620	DF.classifications_0.25_0.005_366	Singlet	pANN_0.25_0.005_366	0.116279069767442
HRA003620_TGCAGGCTCTTCGACC-1_1	HRA003620_NC-27	HRA003620	DF.classifications_0.25_0.005_366	Singlet	pANN_0.25_0.005_366	0.209302325581395
HRA003620_TGCAGTAAGATCACCT-1_1	HRA003620_NC-27	HRA003620	DF.classifications_0.25_0.005_366	Singlet	pANN_0.25_0.005_366	0.0232558139534884
HRA003620_TGCAGTAAGTGATAAC-1_1	HRA003620_NC-27	HRA003620	DF.classifications_0.25_0.005_366	Singlet	pANN_0.25_0.005_366	0.255813953488372
HRA003620_TGCAGTAAGTTGCTCA-1_1	HRA003620_NC-27	HRA003620	DF.classifications_0.25_0.005_366	Singlet	pANN_0.25_0.005_366	0.418604651162791
HRA003620_TGCAGTAGTCCAACGC-1_1	HRA003620_NC-27	HRA003620	DF.classifications_0.25_0.005_366	Singlet	pANN_0.25_0.005_366	0.13953488372093
HRA003620_TGCAGTAGTCCACACG-1_1	HRA003620_NC-27	HRA003620	DF.classifications_0.25_0.005_366	Singlet	pANN_0.25_0.005_366	0.0697674418604651
HRA003620_TGCAGTATCAGCTCTC-1_1	HRA003620_NC-27	HRA003620	DF.classifications_0.25_0.005_366	Singlet	pANN_0.25_0.005_366	0.0930232558139535
HRA003620_TGCAGTATCCAGTTCC-1_1	HRA003620_NC-27	HRA003620	DF.classifications_0.25_0.005_366	Singlet	pANN_0.25_0.005_366	0.162790697674419
HRA003620_TGCAGTATCGTTAGAC-1_1	HRA003620_NC-27	HRA003620	DF.classifications_0.25_0.005_366	Singlet	pANN_0.25_0.005_366	0
HRA003620_TGCATCCAGCCGTCGT-1_1	HRA003620_NC-27	HRA003620	DF.classifications_0.25_0.005_366	Singlet	pANN_0.25_0.005_366	0.116279069767442
HRA003620_TGCATCCCAGACCTGC-1_1	HRA003620_NC-27	HRA003620	DF.classifications_0.25_0.005_366	Singlet	pANN_0.25_0.005_366	0.116279069767442
HRA003620_TGCATCCGTACTGGGA-1_1	HRA003620_NC-27	HRA003620	DF.classifications_0.25_0.005_366	Singlet	pANN_0.25_0.005_366	0.325581395348837
HRA003620_TGCATCCGTAGAGACC-1_1	HRA003620_NC-27	HRA003620	DF.classifications_0.25_0.005_366	Singlet	pANN_0.25_0.005_366	0.209302325581395
HRA003620_TGCATCCGTATACAGA-1_1	HRA003620_NC-27	HRA003620	DF.classifications_0.25_0.005_366	Doublet	pANN_0.25_0.005_366	0.86046511627907
HRA003620_TGCATCCTCATTGAGC-1_1	HRA003620_NC-27	HRA003620	DF.classifications_0.25_0.005_366	Singlet	pANN_0.25_0.005_366	0.186046511627907
HRA003620_TGCATCCTCGAACTCA-1_1	HRA003620_NC-27	HRA003620	DF.classifications_0.25_0.005_366	Singlet	pANN_0.25_0.005_366	0.232558139534884
HRA003620_TGCATCCTCGGACCAC-1_1	HRA003620_NC-27	HRA003620	DF.classifications_0.25_0.005_366	Singlet	pANN_0.25_0.005_366	0.0465116279069767
HRA003620_TGCATCCTCTCTTAAC-1_1	HRA003620_NC-27	HRA003620	DF.classifications_0.25_0.005_366	Doublet	pANN_0.25_0.005_366	0.441860465116279
HRA003620_TGCATGAAGCGCCCAT-1_1	HRA003620_NC-27	HRA003620	DF.classifications_0.25_0.005_366	Singlet	pANN_0.25_0.005_366	0.13953488372093
HRA003620_TGCATGAAGTGTTGTC-1_1	HRA003620_NC-27	HRA003620	DF.classifications_0.25_0.005_366	Singlet	pANN_0.25_0.005_366	0.325581395348837
HRA003620_TGCATGACAAAGCGTG-1_1	HRA003620_NC-27	HRA003620	DF.classifications_0.25_0.005_366	Singlet	pANN_0.25_0.005_366	0
HRA003620_TGCATGACACGCCAGT-1_1	HRA003620_NC-27	HRA003620	DF.classifications_0.25_0.005_366	Singlet	pANN_0.25_0.005_366	0.0465116279069767
HRA003620_TGCATGAGTGTGACCC-1_1	HRA003620_NC-27	HRA003620	DF.classifications_0.25_0.005_366	Singlet	pANN_0.25_0.005_366	0.162790697674419
HRA003620_TGCATGATCACCATGA-1_1	HRA003620_NC-27	HRA003620	DF.classifications_0.25_0.005_366	Singlet	pANN_0.25_0.005_366	0.0465116279069767
HRA003620_TGCATGATCATCTCTA-1_1	HRA003620_NC-27	HRA003620	DF.classifications_0.25_0.005_366	Singlet	pANN_0.25_0.005_366	0.209302325581395
HRA003620_TGCATGATCGTTCCCA-1_1	HRA003620_NC-27	HRA003620	DF.classifications_0.25_0.005_366	Singlet	pANN_0.25_0.005_366	0.27906976744186
HRA003620_TGCCGAGAGAAGAGCA-1_1	HRA003620_NC-27	HRA003620	DF.classifications_0.25_0.005_366	Doublet	pANN_0.25_0.005_366	0.558139534883721
HRA003620_TGCCGAGAGAAGGCTC-1_1	HRA003620_NC-27	HRA003620	DF.classifications_0.25_0.005_366	Singlet	pANN_0.25_0.005_366	0.232558139534884
HRA003620_TGCCGAGAGACTACCT-1_1	HRA003620_NC-27	HRA003620	DF.classifications_0.25_0.005_366	Singlet	pANN_0.25_0.005_366	0.162790697674419
HRA003620_TGCCGAGAGATCCTAC-1_1	HRA003620_NC-27	HRA003620	DF.classifications_0.25_0.005_366	Singlet	pANN_0.25_0.005_366	0.0232558139534884
HRA003620_TGCCGAGCACAACCGC-1_1	HRA003620_NC-27	HRA003620	DF.classifications_0.25_0.005_366	Singlet	pANN_0.25_0.005_366	0.116279069767442
HRA003620_TGCCGAGCATGGCACC-1_1	HRA003620_NC-27	HRA003620	DF.classifications_0.25_0.005_366	Singlet	pANN_0.25_0.005_366	0
HRA003620_TGCCGAGCATGGGATG-1_1	HRA003620_NC-27	HRA003620	DF.classifications_0.25_0.005_366	Singlet	pANN_0.25_0.005_366	0.232558139534884
HRA003620_TGCCGAGGTGAGGAAA-1_1	HRA003620_NC-27	HRA003620	DF.classifications_0.25_0.005_366	Singlet	pANN_0.25_0.005_366	0.13953488372093
HRA003620_TGCCGAGTCCATGATG-1_1	HRA003620_NC-27	HRA003620	DF.classifications_0.25_0.005_366	Singlet	pANN_0.25_0.005_366	0.0232558139534884
HRA003620_TGCGACGAGTTCGCAT-1_1	HRA003620_NC-27	HRA003620	DF.classifications_0.25_0.005_366	Singlet	pANN_0.25_0.005_366	0.0930232558139535
HRA003620_TGCGACGCATAAGATG-1_1	HRA003620_NC-27	HRA003620	DF.classifications_0.25_0.005_366	Singlet	pANN_0.25_0.005_366	0.116279069767442
HRA003620_TGCGACGCATGTGTCA-1_1	HRA003620_NC-27	HRA003620	DF.classifications_0.25_0.005_366	Singlet	pANN_0.25_0.005_366	0.162790697674419
HRA003620_TGCGACGGTAAGGAGA-1_1	HRA003620_NC-27	HRA003620	DF.classifications_0.25_0.005_366	Doublet	pANN_0.25_0.005_366	0.558139534883721
HRA003620_TGCGACGGTTAAGACA-1_1	HRA003620_NC-27	HRA003620	DF.classifications_0.25_0.005_366	Singlet	pANN_0.25_0.005_366	0
HRA003620_TGCGACGGTTTGTTGG-1_1	HRA003620_NC-27	HRA003620	DF.classifications_0.25_0.005_366	Singlet	pANN_0.25_0.005_366	0.13953488372093
HRA003620_TGCGACGTCGGTGTTA-1_1	HRA003620_NC-27	HRA003620	DF.classifications_0.25_0.005_366	Singlet	pANN_0.25_0.005_366	0.13953488372093
HRA003620_TGCGATAAGTCTAGAA-1_1	HRA003620_NC-27	HRA003620	DF.classifications_0.25_0.005_366	Singlet	pANN_0.25_0.005_366	0.0465116279069767
HRA003620_TGCGATACAAGTGACG-1_1	HRA003620_NC-27	HRA003620	DF.classifications_0.25_0.005_366	Singlet	pANN_0.25_0.005_366	0.0465116279069767
HRA003620_TGCGATACACGTCATA-1_1	HRA003620_NC-27	HRA003620	DF.classifications_0.25_0.005_366	Doublet	pANN_0.25_0.005_366	0.558139534883721
HRA003620_TGCGATAGTATTGACC-1_1	HRA003620_NC-27	HRA003620	DF.classifications_0.25_0.005_366	Singlet	pANN_0.25_0.005_366	0.325581395348837
HRA003620_TGCGATAGTCAGACGA-1_1	HRA003620_NC-27	HRA003620	DF.classifications_0.25_0.005_366	Singlet	pANN_0.25_0.005_366	0.209302325581395
HRA003620_TGCGATATCTGAGAAA-1_1	HRA003620_NC-27	HRA003620	DF.classifications_0.25_0.005_366	Singlet	pANN_0.25_0.005_366	0.255813953488372
HRA003620_TGCGGCAAGAGCCTGA-1_1	HRA003620_NC-27	HRA003620	DF.classifications_0.25_0.005_366	Singlet	pANN_0.25_0.005_366	0.0930232558139535
HRA003620_TGCGGCAAGATGCTGG-1_1	HRA003620_NC-27	HRA003620	DF.classifications_0.25_0.005_366	Singlet	pANN_0.25_0.005_366	0.0930232558139535
HRA003620_TGCGGCAAGCCTTCTC-1_1	HRA003620_NC-27	HRA003620	DF.classifications_0.25_0.005_366	Singlet	pANN_0.25_0.005_366	0.255813953488372
HRA003620_TGCGGCAAGGTATAGT-1_1	HRA003620_NC-27	HRA003620	DF.classifications_0.25_0.005_366	Singlet	pANN_0.25_0.005_366	0.27906976744186
HRA003620_TGCGGCACACAACGAG-1_1	HRA003620_NC-27	HRA003620	DF.classifications_0.25_0.005_366	Singlet	pANN_0.25_0.005_366	0.0232558139534884
HRA003620_TGCGGCACACAACGCC-1_1	HRA003620_NC-27	HRA003620	DF.classifications_0.25_0.005_366	Singlet	pANN_0.25_0.005_366	0.162790697674419
HRA003620_TGCGGCACATGGGATG-1_1	HRA003620_NC-27	HRA003620	DF.classifications_0.25_0.005_366	Singlet	pANN_0.25_0.005_366	0.209302325581395
HRA003620_TGCGGCAGTGCATGAG-1_1	HRA003620_NC-27	HRA003620	DF.classifications_0.25_0.005_366	Singlet	pANN_0.25_0.005_366	0.232558139534884
HRA003620_TGCGGGTCAAGAGGCT-1_1	HRA003620_NC-27	HRA003620	DF.classifications_0.25_0.005_366	Singlet	pANN_0.25_0.005_366	0.0465116279069767
HRA003620_TGCGGGTCACTCTGCT-1_1	HRA003620_NC-27	HRA003620	DF.classifications_0.25_0.005_366	Doublet	pANN_0.25_0.005_366	0.465116279069767
HRA003620_TGCGGGTCAGAGTTCT-1_1	HRA003620_NC-27	HRA003620	DF.classifications_0.25_0.005_366	Doublet	pANN_0.25_0.005_366	0.558139534883721
HRA003620_TGCGGGTCAGCTGAAG-1_1	HRA003620_NC-27	HRA003620	DF.classifications_0.25_0.005_366	Singlet	pANN_0.25_0.005_366	0.0465116279069767
HRA003620_TGCGGGTGTAATCAGA-1_1	HRA003620_NC-27	HRA003620	DF.classifications_0.25_0.005_366	Singlet	pANN_0.25_0.005_366	0.348837209302326
HRA003620_TGCGGGTTCGAGCCAC-1_1	HRA003620_NC-27	HRA003620	DF.classifications_0.25_0.005_366	Singlet	pANN_0.25_0.005_366	0.116279069767442
HRA003620_TGCGGGTTCGGAATTC-1_1	HRA003620_NC-27	HRA003620	DF.classifications_0.25_0.005_366	Singlet	pANN_0.25_0.005_366	0.0465116279069767
HRA003620_TGCGGGTTCTTCGTAT-1_1	HRA003620_NC-27	HRA003620	DF.classifications_0.25_0.005_366	Singlet	pANN_0.25_0.005_366	0.209302325581395
HRA003620_TGCTCCAGTAGCTGAG-1_1	HRA003620_NC-27	HRA003620	DF.classifications_0.25_0.005_366	Singlet	pANN_0.25_0.005_366	0.27906976744186
HRA003620_TGCTCCAGTAGCTTTG-1_1	HRA003620_NC-27	HRA003620	DF.classifications_0.25_0.005_366	Singlet	pANN_0.25_0.005_366	0.0930232558139535
HRA003620_TGCTCCAGTCCCGTGA-1_1	HRA003620_NC-27	HRA003620	DF.classifications_0.25_0.005_366	Singlet	pANN_0.25_0.005_366	0.0697674418604651
HRA003620_TGCTCCAGTCGTGCCA-1_1	HRA003620_NC-27	HRA003620	DF.classifications_0.25_0.005_366	Singlet	pANN_0.25_0.005_366	0.0697674418604651
HRA003620_TGCTCCATCAAACCTG-1_1	HRA003620_NC-27	HRA003620	DF.classifications_0.25_0.005_366	Singlet	pANN_0.25_0.005_366	0.209302325581395
HRA003620_TGCTCCATCAGAACCT-1_1	HRA003620_NC-27	HRA003620	DF.classifications_0.25_0.005_366	Singlet	pANN_0.25_0.005_366	0.27906976744186
HRA003620_TGCTCCATCGCTTGAA-1_1	HRA003620_NC-27	HRA003620	DF.classifications_0.25_0.005_366	Singlet	pANN_0.25_0.005_366	0.232558139534884
HRA003620_TGCTCGTCAGTCGTTA-1_1	HRA003620_NC-27	HRA003620	DF.classifications_0.25_0.005_366	Singlet	pANN_0.25_0.005_366	0.209302325581395
HRA003620_TGCTCGTGTGTTCGTA-1_1	HRA003620_NC-27	HRA003620	DF.classifications_0.25_0.005_366	Singlet	pANN_0.25_0.005_366	0
HRA003620_TGCTCGTTCAGGAGAC-1_1	HRA003620_NC-27	HRA003620	DF.classifications_0.25_0.005_366	Singlet	pANN_0.25_0.005_366	0.255813953488372
HRA003620_TGCTGAACAGCCCAGT-1_1	HRA003620_NC-27	HRA003620	DF.classifications_0.25_0.005_366	Singlet	pANN_0.25_0.005_366	0.0465116279069767
HRA003620_TGCTGAAGTAAGATAC-1_1	HRA003620_NC-27	HRA003620	DF.classifications_0.25_0.005_366	Singlet	pANN_0.25_0.005_366	0.27906976744186
HRA003620_TGCTGAAGTAGGAGTC-1_1	HRA003620_NC-27	HRA003620	DF.classifications_0.25_0.005_366	Singlet	pANN_0.25_0.005_366	0.162790697674419
HRA003620_TGCTGAAGTTTGATCG-1_1	HRA003620_NC-27	HRA003620	DF.classifications_0.25_0.005_366	Singlet	pANN_0.25_0.005_366	0.186046511627907
HRA003620_TGCTGAATCACTGGTA-1_1	HRA003620_NC-27	HRA003620	DF.classifications_0.25_0.005_366	Singlet	pANN_0.25_0.005_366	0.0930232558139535
HRA003620_TGCTGAATCAGGACAG-1_1	HRA003620_NC-27	HRA003620	DF.classifications_0.25_0.005_366	Singlet	pANN_0.25_0.005_366	0.116279069767442
HRA003620_TGCTGAATCTGACCCT-1_1	HRA003620_NC-27	HRA003620	DF.classifications_0.25_0.005_366	Singlet	pANN_0.25_0.005_366	0.0697674418604651
HRA003620_TGCTGAATCTTACCGC-1_1	HRA003620_NC-27	HRA003620	DF.classifications_0.25_0.005_366	Singlet	pANN_0.25_0.005_366	0.232558139534884
HRA003620_TGCTTCGAGAGTACCG-1_1	HRA003620_NC-27	HRA003620	DF.classifications_0.25_0.005_366	Singlet	pANN_0.25_0.005_366	0.302325581395349
HRA003620_TGCTTCGGTCCTCATC-1_1	HRA003620_NC-27	HRA003620	DF.classifications_0.25_0.005_366	Singlet	pANN_0.25_0.005_366	0.13953488372093
HRA003620_TGCTTCGTCAAATGCC-1_1	HRA003620_NC-27	HRA003620	DF.classifications_0.25_0.005_366	Singlet	pANN_0.25_0.005_366	0.116279069767442
HRA003620_TGCTTCGTCAATCAGC-1_1	HRA003620_NC-27	HRA003620	DF.classifications_0.25_0.005_366	Singlet	pANN_0.25_0.005_366	0.0465116279069767
HRA003620_TGCTTCGTCATGAAAG-1_1	HRA003620_NC-27	HRA003620	DF.classifications_0.25_0.005_366	Singlet	pANN_0.25_0.005_366	0.0465116279069767
HRA003620_TGCTTGCTCCACGGAC-1_1	HRA003620_NC-27	HRA003620	DF.classifications_0.25_0.005_366	Singlet	pANN_0.25_0.005_366	0.302325581395349
HRA003620_TGGAACTAGGGCAGAG-1_1	HRA003620_NC-27	HRA003620	DF.classifications_0.25_0.005_366	Singlet	pANN_0.25_0.005_366	0.0697674418604651
HRA003620_TGGAACTAGTATGCAA-1_1	HRA003620_NC-27	HRA003620	DF.classifications_0.25_0.005_366	Singlet	pANN_0.25_0.005_366	0.186046511627907
HRA003620_TGGAACTAGTGAATAC-1_1	HRA003620_NC-27	HRA003620	DF.classifications_0.25_0.005_366	Doublet	pANN_0.25_0.005_366	0.651162790697674
HRA003620_TGGAACTCAGGATTCT-1_1	HRA003620_NC-27	HRA003620	DF.classifications_0.25_0.005_366	Singlet	pANN_0.25_0.005_366	0.0930232558139535
HRA003620_TGGAACTGTAACACGG-1_1	HRA003620_NC-27	HRA003620	DF.classifications_0.25_0.005_366	Doublet	pANN_0.25_0.005_366	0.441860465116279
HRA003620_TGGAACTGTATTCTCT-1_1	HRA003620_NC-27	HRA003620	DF.classifications_0.25_0.005_366	Singlet	pANN_0.25_0.005_366	0.116279069767442
HRA003620_TGGAACTTCAGTGTGT-1_1	HRA003620_NC-27	HRA003620	DF.classifications_0.25_0.005_366	Singlet	pANN_0.25_0.005_366	0.0930232558139535
HRA003620_TGGAACTTCGTAGTGT-1_1	HRA003620_NC-27	HRA003620	DF.classifications_0.25_0.005_366	Singlet	pANN_0.25_0.005_366	0.116279069767442
HRA003620_TGGAACTTCTGAGGTT-1_1	HRA003620_NC-27	HRA003620	DF.classifications_0.25_0.005_366	Singlet	pANN_0.25_0.005_366	0.0930232558139535
HRA003620_TGGAGAGAGACGCAGT-1_1	HRA003620_NC-27	HRA003620	DF.classifications_0.25_0.005_366	Singlet	pANN_0.25_0.005_366	0.348837209302326
HRA003620_TGGAGAGAGCTAATCC-1_1	HRA003620_NC-27	HRA003620	DF.classifications_0.25_0.005_366	Singlet	pANN_0.25_0.005_366	0.0232558139534884
HRA003620_TGGAGAGAGCTGACCC-1_1	HRA003620_NC-27	HRA003620	DF.classifications_0.25_0.005_366	Singlet	pANN_0.25_0.005_366	0
HRA003620_TGGAGAGGTGATTCTG-1_1	HRA003620_NC-27	HRA003620	DF.classifications_0.25_0.005_366	Singlet	pANN_0.25_0.005_366	0.325581395348837
HRA003620_TGGAGAGGTTCGGTCG-1_1	HRA003620_NC-27	HRA003620	DF.classifications_0.25_0.005_366	Singlet	pANN_0.25_0.005_366	0.13953488372093
HRA003620_TGGAGGAAGGACTAAT-1_1	HRA003620_NC-27	HRA003620	DF.classifications_0.25_0.005_366	Singlet	pANN_0.25_0.005_366	0.13953488372093
HRA003620_TGGAGGAAGGTCACAG-1_1	HRA003620_NC-27	HRA003620	DF.classifications_0.25_0.005_366	Singlet	pANN_0.25_0.005_366	0.255813953488372
HRA003620_TGGAGGAAGGTGCCAA-1_1	HRA003620_NC-27	HRA003620	DF.classifications_0.25_0.005_366	Singlet	pANN_0.25_0.005_366	0.209302325581395
HRA003620_TGGAGGAAGGTTAAAC-1_1	HRA003620_NC-27	HRA003620	DF.classifications_0.25_0.005_366	Singlet	pANN_0.25_0.005_366	0.162790697674419
HRA003620_TGGAGGAAGTTCCGTA-1_1	HRA003620_NC-27	HRA003620	DF.classifications_0.25_0.005_366	Doublet	pANN_0.25_0.005_366	0.674418604651163
HRA003620_TGGAGGAGTAGCCCTG-1_1	HRA003620_NC-27	HRA003620	DF.classifications_0.25_0.005_366	Singlet	pANN_0.25_0.005_366	0.0232558139534884
HRA003620_TGGAGGAGTCAATGGG-1_1	HRA003620_NC-27	HRA003620	DF.classifications_0.25_0.005_366	Singlet	pANN_0.25_0.005_366	0.395348837209302
HRA003620_TGGAGGAGTGCGAGTA-1_1	HRA003620_NC-27	HRA003620	DF.classifications_0.25_0.005_366	Singlet	pANN_0.25_0.005_366	0.255813953488372
HRA003620_TGGAGGAGTGGAAGTC-1_1	HRA003620_NC-27	HRA003620	DF.classifications_0.25_0.005_366	Singlet	pANN_0.25_0.005_366	0.209302325581395
HRA003620_TGGAGGATCCGTACGG-1_1	HRA003620_NC-27	HRA003620	DF.classifications_0.25_0.005_366	Singlet	pANN_0.25_0.005_366	0.186046511627907
HRA003620_TGGATCAAGCGCATCC-1_1	HRA003620_NC-27	HRA003620	DF.classifications_0.25_0.005_366	Doublet	pANN_0.25_0.005_366	0.534883720930233
HRA003620_TGGATCACAACCGACC-1_1	HRA003620_NC-27	HRA003620	DF.classifications_0.25_0.005_366	Singlet	pANN_0.25_0.005_366	0.372093023255814
HRA003620_TGGATCAGTAACAAGT-1_1	HRA003620_NC-27	HRA003620	DF.classifications_0.25_0.005_366	Singlet	pANN_0.25_0.005_366	0.186046511627907
HRA003620_TGGATCAGTACAGTTC-1_1	HRA003620_NC-27	HRA003620	DF.classifications_0.25_0.005_366	Doublet	pANN_0.25_0.005_366	0.465116279069767
HRA003620_TGGATCAGTATTCCGA-1_1	HRA003620_NC-27	HRA003620	DF.classifications_0.25_0.005_366	Singlet	pANN_0.25_0.005_366	0.255813953488372
HRA003620_TGGATCAGTTACGCCG-1_1	HRA003620_NC-27	HRA003620	DF.classifications_0.25_0.005_366	Singlet	pANN_0.25_0.005_366	0.13953488372093
HRA003620_TGGATCAGTTGCAACT-1_1	HRA003620_NC-27	HRA003620	DF.classifications_0.25_0.005_366	Singlet	pANN_0.25_0.005_366	0.232558139534884
HRA003620_TGGATCAGTTTGAAAG-1_1	HRA003620_NC-27	HRA003620	DF.classifications_0.25_0.005_366	Singlet	pANN_0.25_0.005_366	0.186046511627907
HRA003620_TGGATCATCGCTTACC-1_1	HRA003620_NC-27	HRA003620	DF.classifications_0.25_0.005_366	Singlet	pANN_0.25_0.005_366	0.13953488372093
HRA003620_TGGATGTAGACGAGCT-1_1	HRA003620_NC-27	HRA003620	DF.classifications_0.25_0.005_366	Singlet	pANN_0.25_0.005_366	0.13953488372093
HRA003620_TGGATGTAGTAGTGCG-1_1	HRA003620_NC-27	HRA003620	DF.classifications_0.25_0.005_366	Singlet	pANN_0.25_0.005_366	0.186046511627907
HRA003620_TGGATGTCAACCAACT-1_1	HRA003620_NC-27	HRA003620	DF.classifications_0.25_0.005_366	Singlet	pANN_0.25_0.005_366	0.302325581395349
HRA003620_TGGATGTCAGTCTGGC-1_1	HRA003620_NC-27	HRA003620	DF.classifications_0.25_0.005_366	Singlet	pANN_0.25_0.005_366	0.209302325581395
HRA003620_TGGATGTTCCGAAATC-1_1	HRA003620_NC-27	HRA003620	DF.classifications_0.25_0.005_366	Singlet	pANN_0.25_0.005_366	0.116279069767442
HRA003620_TGGATGTTCTTCTTCC-1_1	HRA003620_NC-27	HRA003620	DF.classifications_0.25_0.005_366	Singlet	pANN_0.25_0.005_366	0.116279069767442
HRA003620_TGGCGTGAGCAAATCA-1_1	HRA003620_NC-27	HRA003620	DF.classifications_0.25_0.005_366	Singlet	pANN_0.25_0.005_366	0.116279069767442
HRA003620_TGGCGTGAGCCATTCA-1_1	HRA003620_NC-27	HRA003620	DF.classifications_0.25_0.005_366	Singlet	pANN_0.25_0.005_366	0.0930232558139535
HRA003620_TGGCGTGAGGAGTCTG-1_1	HRA003620_NC-27	HRA003620	DF.classifications_0.25_0.005_366	Singlet	pANN_0.25_0.005_366	0.0930232558139535
HRA003620_TGGCGTGAGTCGGCAA-1_1	HRA003620_NC-27	HRA003620	DF.classifications_0.25_0.005_366	Doublet	pANN_0.25_0.005_366	0.697674418604651
HRA003620_TGGCGTGGTCTTGGTA-1_1	HRA003620_NC-27	HRA003620	DF.classifications_0.25_0.005_366	Singlet	pANN_0.25_0.005_366	0.13953488372093
HRA003620_TGGCGTGTCGGTCTAA-1_1	HRA003620_NC-27	HRA003620	DF.classifications_0.25_0.005_366	Singlet	pANN_0.25_0.005_366	0.116279069767442
HRA003620_TGGGAAGAGAGAAGGT-1_1	HRA003620_NC-27	HRA003620	DF.classifications_0.25_0.005_366	Singlet	pANN_0.25_0.005_366	0.162790697674419
HRA003620_TGGGAAGAGAGGTATT-1_1	HRA003620_NC-27	HRA003620	DF.classifications_0.25_0.005_366	Singlet	pANN_0.25_0.005_366	0.186046511627907
HRA003620_TGGGAAGAGGGTGAGG-1_1	HRA003620_NC-27	HRA003620	DF.classifications_0.25_0.005_366	Singlet	pANN_0.25_0.005_366	0.0232558139534884
HRA003620_TGGGAAGCAAACTCGT-1_1	HRA003620_NC-27	HRA003620	DF.classifications_0.25_0.005_366	Singlet	pANN_0.25_0.005_366	0.0930232558139535
HRA003620_TGGGAAGCAATCAGCT-1_1	HRA003620_NC-27	HRA003620	DF.classifications_0.25_0.005_366	Singlet	pANN_0.25_0.005_366	0.0697674418604651
HRA003620_TGGGAAGGTGTCTTGA-1_1	HRA003620_NC-27	HRA003620	DF.classifications_0.25_0.005_366	Singlet	pANN_0.25_0.005_366	0.0232558139534884
HRA003620_TGGGAAGTCTTGGTGA-1_1	HRA003620_NC-27	HRA003620	DF.classifications_0.25_0.005_366	Singlet	pANN_0.25_0.005_366	0.116279069767442
HRA003620_TGGGAGAAGGGAGAAT-1_1	HRA003620_NC-27	HRA003620	DF.classifications_0.25_0.005_366	Singlet	pANN_0.25_0.005_366	0.116279069767442
HRA003620_TGGGAGAAGGGTTTCT-1_1	HRA003620_NC-27	HRA003620	DF.classifications_0.25_0.005_366	Singlet	pANN_0.25_0.005_366	0.209302325581395
HRA003620_TGGGAGAAGTCTACCA-1_1	HRA003620_NC-27	HRA003620	DF.classifications_0.25_0.005_366	Doublet	pANN_0.25_0.005_366	0.441860465116279
HRA003620_TGGGAGACACCACATA-1_1	HRA003620_NC-27	HRA003620	DF.classifications_0.25_0.005_366	Singlet	pANN_0.25_0.005_366	0
HRA003620_TGGGAGACAGTGGCTC-1_1	HRA003620_NC-27	HRA003620	DF.classifications_0.25_0.005_366	Singlet	pANN_0.25_0.005_366	0.372093023255814
HRA003620_TGGGAGACATGACTAC-1_1	HRA003620_NC-27	HRA003620	DF.classifications_0.25_0.005_366	Singlet	pANN_0.25_0.005_366	0.162790697674419
HRA003620_TGGGAGAGTCTGCCTT-1_1	HRA003620_NC-27	HRA003620	DF.classifications_0.25_0.005_366	Singlet	pANN_0.25_0.005_366	0.116279069767442
HRA003620_TGGGAGATCTGAGGTT-1_1	HRA003620_NC-27	HRA003620	DF.classifications_0.25_0.005_366	Doublet	pANN_0.25_0.005_366	0.767441860465116
HRA003620_TGGGATTAGCTGTCCG-1_1	HRA003620_NC-27	HRA003620	DF.classifications_0.25_0.005_366	Singlet	pANN_0.25_0.005_366	0.0930232558139535
HRA003620_TGGGATTCACGTCTCT-1_1	HRA003620_NC-27	HRA003620	DF.classifications_0.25_0.005_366	Singlet	pANN_0.25_0.005_366	0.0697674418604651
HRA003620_TGGGATTGTAACTGCT-1_1	HRA003620_NC-27	HRA003620	DF.classifications_0.25_0.005_366	Singlet	pANN_0.25_0.005_366	0.325581395348837
HRA003620_TGGGATTGTATGTCTG-1_1	HRA003620_NC-27	HRA003620	DF.classifications_0.25_0.005_366	Singlet	pANN_0.25_0.005_366	0.116279069767442
HRA003620_TGGGATTGTTGTGGAG-1_1	HRA003620_NC-27	HRA003620	DF.classifications_0.25_0.005_366	Singlet	pANN_0.25_0.005_366	0.232558139534884
HRA003620_TGGGATTTCCGTGCGA-1_1	HRA003620_NC-27	HRA003620	DF.classifications_0.25_0.005_366	Doublet	pANN_0.25_0.005_366	0.604651162790698
HRA003620_TGGGCGTAGCTTAGTC-1_1	HRA003620_NC-27	HRA003620	DF.classifications_0.25_0.005_366	Singlet	pANN_0.25_0.005_366	0.186046511627907
HRA003620_TGGGCGTAGGATGTTA-1_1	HRA003620_NC-27	HRA003620	DF.classifications_0.25_0.005_366	Singlet	pANN_0.25_0.005_366	0.162790697674419
HRA003620_TGGGCGTCAAAGGTTA-1_1	HRA003620_NC-27	HRA003620	DF.classifications_0.25_0.005_366	Singlet	pANN_0.25_0.005_366	0.0232558139534884
HRA003620_TGGGCGTCAACCAATC-1_1	HRA003620_NC-27	HRA003620	DF.classifications_0.25_0.005_366	Singlet	pANN_0.25_0.005_366	0.0930232558139535
HRA003620_TGGGCGTCAAGTGTCT-1_1	HRA003620_NC-27	HRA003620	DF.classifications_0.25_0.005_366	Singlet	pANN_0.25_0.005_366	0.209302325581395
HRA003620_TGGGCGTCACCTGCGA-1_1	HRA003620_NC-27	HRA003620	DF.classifications_0.25_0.005_366	Singlet	pANN_0.25_0.005_366	0.27906976744186
HRA003620_TGGGCGTCAGCGTTTA-1_1	HRA003620_NC-27	HRA003620	DF.classifications_0.25_0.005_366	Singlet	pANN_0.25_0.005_366	0
HRA003620_TGGGCGTCAGGCATGA-1_1	HRA003620_NC-27	HRA003620	DF.classifications_0.25_0.005_366	Singlet	pANN_0.25_0.005_366	0
HRA003620_TGGGCGTTCGTAGGGA-1_1	HRA003620_NC-27	HRA003620	DF.classifications_0.25_0.005_366	Singlet	pANN_0.25_0.005_366	0.0232558139534884
HRA003620_TGGGCGTTCTCGACGG-1_1	HRA003620_NC-27	HRA003620	DF.classifications_0.25_0.005_366	Singlet	pANN_0.25_0.005_366	0
HRA003620_TGGGCTGAGCTGGCTC-1_1	HRA003620_NC-27	HRA003620	DF.classifications_0.25_0.005_366	Doublet	pANN_0.25_0.005_366	0.674418604651163
HRA003620_TGGGCTGAGGCTTCCG-1_1	HRA003620_NC-27	HRA003620	DF.classifications_0.25_0.005_366	Singlet	pANN_0.25_0.005_366	0.255813953488372
HRA003620_TGGGCTGAGGGATCGT-1_1	HRA003620_NC-27	HRA003620	DF.classifications_0.25_0.005_366	Singlet	pANN_0.25_0.005_366	0.209302325581395
HRA003620_TGGGCTGCATGGGAAC-1_1	HRA003620_NC-27	HRA003620	DF.classifications_0.25_0.005_366	Singlet	pANN_0.25_0.005_366	0.116279069767442
HRA003620_TGGGCTGGTCCTCAGG-1_1	HRA003620_NC-27	HRA003620	DF.classifications_0.25_0.005_366	Singlet	pANN_0.25_0.005_366	0.162790697674419
HRA003620_TGGGCTGTCGCTCTCA-1_1	HRA003620_NC-27	HRA003620	DF.classifications_0.25_0.005_366	Singlet	pANN_0.25_0.005_366	0.0232558139534884
HRA003620_TGGGCTGTCTCTTCAA-1_1	HRA003620_NC-27	HRA003620	DF.classifications_0.25_0.005_366	Singlet	pANN_0.25_0.005_366	0.186046511627907
HRA003620_TGGGCTGTCTGCTAGA-1_1	HRA003620_NC-27	HRA003620	DF.classifications_0.25_0.005_366	Singlet	pANN_0.25_0.005_366	0.162790697674419
HRA003620_TGGGTTACATGGAATA-1_1	HRA003620_NC-27	HRA003620	DF.classifications_0.25_0.005_366	Singlet	pANN_0.25_0.005_366	0.13953488372093
HRA003620_TGGGTTATCCGTATGA-1_1	HRA003620_NC-27	HRA003620	DF.classifications_0.25_0.005_366	Singlet	pANN_0.25_0.005_366	0.0465116279069767
HRA003620_TGGTACACACCTGATA-1_1	HRA003620_NC-27	HRA003620	DF.classifications_0.25_0.005_366	Singlet	pANN_0.25_0.005_366	0.232558139534884
HRA003620_TGGTACACAGCAATTC-1_1	HRA003620_NC-27	HRA003620	DF.classifications_0.25_0.005_366	Doublet	pANN_0.25_0.005_366	0.558139534883721
HRA003620_TGGTACAGTAACCCGC-1_1	HRA003620_NC-27	HRA003620	DF.classifications_0.25_0.005_366	Singlet	pANN_0.25_0.005_366	0.348837209302326
HRA003620_TGGTACAGTAGTGGCA-1_1	HRA003620_NC-27	HRA003620	DF.classifications_0.25_0.005_366	Singlet	pANN_0.25_0.005_366	0.116279069767442
HRA003620_TGGTACATCAATCAGC-1_1	HRA003620_NC-27	HRA003620	DF.classifications_0.25_0.005_366	Singlet	pANN_0.25_0.005_366	0.0232558139534884
HRA003620_TGGTAGTCACACCGCA-1_1	HRA003620_NC-27	HRA003620	DF.classifications_0.25_0.005_366	Singlet	pANN_0.25_0.005_366	0.0465116279069767
HRA003620_TGGTAGTCACCAGTAT-1_1	HRA003620_NC-27	HRA003620	DF.classifications_0.25_0.005_366	Singlet	pANN_0.25_0.005_366	0.186046511627907
HRA003620_TGGTAGTGTGACAGCA-1_1	HRA003620_NC-27	HRA003620	DF.classifications_0.25_0.005_366	Singlet	pANN_0.25_0.005_366	0.348837209302326
HRA003620_TGGTAGTTCTCGCTCA-1_1	HRA003620_NC-27	HRA003620	DF.classifications_0.25_0.005_366	Singlet	pANN_0.25_0.005_366	0.162790697674419
HRA003620_TGGTGATAGCTACTAC-1_1	HRA003620_NC-27	HRA003620	DF.classifications_0.25_0.005_366	Singlet	pANN_0.25_0.005_366	0.255813953488372
HRA003620_TGGTGATAGCTCTTCC-1_1	HRA003620_NC-27	HRA003620	DF.classifications_0.25_0.005_366	Doublet	pANN_0.25_0.005_366	0.465116279069767
HRA003620_TGGTGATAGGAAACGA-1_1	HRA003620_NC-27	HRA003620	DF.classifications_0.25_0.005_366	Singlet	pANN_0.25_0.005_366	0.232558139534884
HRA003620_TGGTGATCAGTCAACT-1_1	HRA003620_NC-27	HRA003620	DF.classifications_0.25_0.005_366	Singlet	pANN_0.25_0.005_366	0.13953488372093
HRA003620_TGGTGATGTCTGCAAT-1_1	HRA003620_NC-27	HRA003620	DF.classifications_0.25_0.005_366	Singlet	pANN_0.25_0.005_366	0.13953488372093
HRA003620_TGGTGATGTGAAGCGT-1_1	HRA003620_NC-27	HRA003620	DF.classifications_0.25_0.005_366	Singlet	pANN_0.25_0.005_366	0.325581395348837
HRA003620_TGGTGATGTTCCTAAG-1_1	HRA003620_NC-27	HRA003620	DF.classifications_0.25_0.005_366	Doublet	pANN_0.25_0.005_366	0.441860465116279
HRA003620_TGGTGATGTTGGGAAC-1_1	HRA003620_NC-27	HRA003620	DF.classifications_0.25_0.005_366	Singlet	pANN_0.25_0.005_366	0.162790697674419
HRA003620_TGGTGATTCAAAGAAC-1_1	HRA003620_NC-27	HRA003620	DF.classifications_0.25_0.005_366	Singlet	pANN_0.25_0.005_366	0
HRA003620_TGGTGATTCACCCTGT-1_1	HRA003620_NC-27	HRA003620	DF.classifications_0.25_0.005_366	Singlet	pANN_0.25_0.005_366	0.0930232558139535
HRA003620_TGGTGATTCGAGTCCG-1_1	HRA003620_NC-27	HRA003620	DF.classifications_0.25_0.005_366	Singlet	pANN_0.25_0.005_366	0.186046511627907
HRA003620_TGGTGATTCGGTTCAA-1_1	HRA003620_NC-27	HRA003620	DF.classifications_0.25_0.005_366	Singlet	pANN_0.25_0.005_366	0.209302325581395
HRA003620_TGGTTAGAGAGGTTAT-1_1	HRA003620_NC-27	HRA003620	DF.classifications_0.25_0.005_366	Singlet	pANN_0.25_0.005_366	0.209302325581395
HRA003620_TGGTTAGAGATACCAA-1_1	HRA003620_NC-27	HRA003620	DF.classifications_0.25_0.005_366	Singlet	pANN_0.25_0.005_366	0.116279069767442
HRA003620_TGGTTAGAGCTACAAA-1_1	HRA003620_NC-27	HRA003620	DF.classifications_0.25_0.005_366	Singlet	pANN_0.25_0.005_366	0.348837209302326
HRA003620_TGGTTAGAGTACAGCG-1_1	HRA003620_NC-27	HRA003620	DF.classifications_0.25_0.005_366	Singlet	pANN_0.25_0.005_366	0.0930232558139535
HRA003620_TGGTTAGGTACGATTC-1_1	HRA003620_NC-27	HRA003620	DF.classifications_0.25_0.005_366	Singlet	pANN_0.25_0.005_366	0.209302325581395
HRA003620_TGGTTAGTCAGGAAAT-1_1	HRA003620_NC-27	HRA003620	DF.classifications_0.25_0.005_366	Singlet	pANN_0.25_0.005_366	0.116279069767442
HRA003620_TGGTTAGTCTTAGGAC-1_1	HRA003620_NC-27	HRA003620	DF.classifications_0.25_0.005_366	Singlet	pANN_0.25_0.005_366	0.0930232558139535
HRA003620_TGTAACGAGAGAGCAA-1_1	HRA003620_NC-27	HRA003620	DF.classifications_0.25_0.005_366	Singlet	pANN_0.25_0.005_366	0.13953488372093
HRA003620_TGTAACGCACTACTTT-1_1	HRA003620_NC-27	HRA003620	DF.classifications_0.25_0.005_366	Singlet	pANN_0.25_0.005_366	0
HRA003620_TGTAACGGTCATGGCC-1_1	HRA003620_NC-27	HRA003620	DF.classifications_0.25_0.005_366	Singlet	pANN_0.25_0.005_366	0.116279069767442
HRA003620_TGTAACGGTCCCTGTT-1_1	HRA003620_NC-27	HRA003620	DF.classifications_0.25_0.005_366	Singlet	pANN_0.25_0.005_366	0.162790697674419
HRA003620_TGTAACGGTCTACATG-1_1	HRA003620_NC-27	HRA003620	DF.classifications_0.25_0.005_366	Singlet	pANN_0.25_0.005_366	0.0697674418604651
HRA003620_TGTAACGGTGATACCT-1_1	HRA003620_NC-27	HRA003620	DF.classifications_0.25_0.005_366	Singlet	pANN_0.25_0.005_366	0.0697674418604651
HRA003620_TGTAACGGTGCTCTTC-1_1	HRA003620_NC-27	HRA003620	DF.classifications_0.25_0.005_366	Singlet	pANN_0.25_0.005_366	0.27906976744186
HRA003620_TGTAACGGTTGGCCGT-1_1	HRA003620_NC-27	HRA003620	DF.classifications_0.25_0.005_366	Singlet	pANN_0.25_0.005_366	0.116279069767442
HRA003620_TGTAACGTCCGATCTC-1_1	HRA003620_NC-27	HRA003620	DF.classifications_0.25_0.005_366	Singlet	pANN_0.25_0.005_366	0.232558139534884
HRA003620_TGTAACGTCGACACTA-1_1	HRA003620_NC-27	HRA003620	DF.classifications_0.25_0.005_366	Singlet	pANN_0.25_0.005_366	0.186046511627907
HRA003620_TGTAACGTCGTCAACA-1_1	HRA003620_NC-27	HRA003620	DF.classifications_0.25_0.005_366	Singlet	pANN_0.25_0.005_366	0
HRA003620_TGTAACGTCTGGACTA-1_1	HRA003620_NC-27	HRA003620	DF.classifications_0.25_0.005_366	Singlet	pANN_0.25_0.005_366	0.209302325581395
HRA003620_TGTAACGTCTGTGCAA-1_1	HRA003620_NC-27	HRA003620	DF.classifications_0.25_0.005_366	Singlet	pANN_0.25_0.005_366	0
HRA003620_TGTAAGCAGCTGCGAA-1_1	HRA003620_NC-27	HRA003620	DF.classifications_0.25_0.005_366	Singlet	pANN_0.25_0.005_366	0.255813953488372
HRA003620_TGTAAGCAGGCAATGC-1_1	HRA003620_NC-27	HRA003620	DF.classifications_0.25_0.005_366	Singlet	pANN_0.25_0.005_366	0.0465116279069767
HRA003620_TGTAAGCAGGTCACAG-1_1	HRA003620_NC-27	HRA003620	DF.classifications_0.25_0.005_366	Singlet	pANN_0.25_0.005_366	0.0232558139534884
HRA003620_TGTAAGCCAAAGCTAA-1_1	HRA003620_NC-27	HRA003620	DF.classifications_0.25_0.005_366	Singlet	pANN_0.25_0.005_366	0.302325581395349
HRA003620_TGTAAGCGTACGTTCA-1_1	HRA003620_NC-27	HRA003620	DF.classifications_0.25_0.005_366	Singlet	pANN_0.25_0.005_366	0.0465116279069767
HRA003620_TGTAAGCGTAGTATAG-1_1	HRA003620_NC-27	HRA003620	DF.classifications_0.25_0.005_366	Singlet	pANN_0.25_0.005_366	0
HRA003620_TGTACAGAGTTCCGGC-1_1	HRA003620_NC-27	HRA003620	DF.classifications_0.25_0.005_366	Singlet	pANN_0.25_0.005_366	0.255813953488372
HRA003620_TGTACAGCAGAAGCTG-1_1	HRA003620_NC-27	HRA003620	DF.classifications_0.25_0.005_366	Singlet	pANN_0.25_0.005_366	0.0232558139534884
HRA003620_TGTACAGGTGGTTTGT-1_1	HRA003620_NC-27	HRA003620	DF.classifications_0.25_0.005_366	Singlet	pANN_0.25_0.005_366	0
HRA003620_TGTACAGGTTCGTGCG-1_1	HRA003620_NC-27	HRA003620	DF.classifications_0.25_0.005_366	Singlet	pANN_0.25_0.005_366	0.27906976744186
HRA003620_TGTAGACAGGCACAAC-1_1	HRA003620_NC-27	HRA003620	DF.classifications_0.25_0.005_366	Singlet	pANN_0.25_0.005_366	0.116279069767442
HRA003620_TGTAGACCAAGCACAG-1_1	HRA003620_NC-27	HRA003620	DF.classifications_0.25_0.005_366	Singlet	pANN_0.25_0.005_366	0.209302325581395
HRA003620_TGTAGACGTGCGAGTA-1_1	HRA003620_NC-27	HRA003620	DF.classifications_0.25_0.005_366	Singlet	pANN_0.25_0.005_366	0.232558139534884
HRA003620_TGTAGACTCATACGAC-1_1	HRA003620_NC-27	HRA003620	DF.classifications_0.25_0.005_366	Singlet	pANN_0.25_0.005_366	0.209302325581395
HRA003620_TGTAGACTCGTGTCAA-1_1	HRA003620_NC-27	HRA003620	DF.classifications_0.25_0.005_366	Singlet	pANN_0.25_0.005_366	0.209302325581395
HRA003620_TGTCAGAAGTTGTAAG-1_1	HRA003620_NC-27	HRA003620	DF.classifications_0.25_0.005_366	Singlet	pANN_0.25_0.005_366	0.348837209302326
HRA003620_TGTCAGACATTGACCA-1_1	HRA003620_NC-27	HRA003620	DF.classifications_0.25_0.005_366	Singlet	pANN_0.25_0.005_366	0.232558139534884
HRA003620_TGTCAGACATTGCCTC-1_1	HRA003620_NC-27	HRA003620	DF.classifications_0.25_0.005_366	Singlet	pANN_0.25_0.005_366	0.0930232558139535
HRA003620_TGTCAGAGTGAGATCG-1_1	HRA003620_NC-27	HRA003620	DF.classifications_0.25_0.005_366	Singlet	pANN_0.25_0.005_366	0.0465116279069767
HRA003620_TGTCAGAGTGGCGCTT-1_1	HRA003620_NC-27	HRA003620	DF.classifications_0.25_0.005_366	Singlet	pANN_0.25_0.005_366	0.232558139534884
HRA003620_TGTCAGAGTGTCTAAC-1_1	HRA003620_NC-27	HRA003620	DF.classifications_0.25_0.005_366	Singlet	pANN_0.25_0.005_366	0.186046511627907
HRA003620_TGTCAGATCAGAGTTC-1_1	HRA003620_NC-27	HRA003620	DF.classifications_0.25_0.005_366	Singlet	pANN_0.25_0.005_366	0.209302325581395
HRA003620_TGTCAGATCTGCATAG-1_1	HRA003620_NC-27	HRA003620	DF.classifications_0.25_0.005_366	Singlet	pANN_0.25_0.005_366	0.209302325581395
HRA003620_TGTCCACCAAGTCGTT-1_1	HRA003620_NC-27	HRA003620	DF.classifications_0.25_0.005_366	Singlet	pANN_0.25_0.005_366	0.302325581395349
HRA003620_TGTCCACGTCACCACG-1_1	HRA003620_NC-27	HRA003620	DF.classifications_0.25_0.005_366	Singlet	pANN_0.25_0.005_366	0.186046511627907
HRA003620_TGTCCACTCACTGGTA-1_1	HRA003620_NC-27	HRA003620	DF.classifications_0.25_0.005_366	Singlet	pANN_0.25_0.005_366	0.232558139534884
HRA003620_TGTCCACTCCGCGAGT-1_1	HRA003620_NC-27	HRA003620	DF.classifications_0.25_0.005_366	Singlet	pANN_0.25_0.005_366	0.186046511627907
HRA003620_TGTCCCAAGTACTCGT-1_1	HRA003620_NC-27	HRA003620	DF.classifications_0.25_0.005_366	Singlet	pANN_0.25_0.005_366	0.372093023255814
HRA003620_TGTCCCACATAATCGC-1_1	HRA003620_NC-27	HRA003620	DF.classifications_0.25_0.005_366	Singlet	pANN_0.25_0.005_366	0.116279069767442
HRA003620_TGTCCCACATCACGGC-1_1	HRA003620_NC-27	HRA003620	DF.classifications_0.25_0.005_366	Singlet	pANN_0.25_0.005_366	0.209302325581395
HRA003620_TGTCCCAGTCGCCTAG-1_1	HRA003620_NC-27	HRA003620	DF.classifications_0.25_0.005_366	Singlet	pANN_0.25_0.005_366	0.0697674418604651
HRA003620_TGTCCCAGTTACTCAG-1_1	HRA003620_NC-27	HRA003620	DF.classifications_0.25_0.005_366	Singlet	pANN_0.25_0.005_366	0.209302325581395
HRA003620_TGTCCCATCACCTACC-1_1	HRA003620_NC-27	HRA003620	DF.classifications_0.25_0.005_366	Singlet	pANN_0.25_0.005_366	0.0930232558139535
HRA003620_TGTCCCATCCGCAGTG-1_1	HRA003620_NC-27	HRA003620	DF.classifications_0.25_0.005_366	Singlet	pANN_0.25_0.005_366	0.0697674418604651
HRA003620_TGTCCTGCATTGAGGG-1_1	HRA003620_NC-27	HRA003620	DF.classifications_0.25_0.005_366	Singlet	pANN_0.25_0.005_366	0.13953488372093
HRA003620_TGTCCTGGTAACATCC-1_1	HRA003620_NC-27	HRA003620	DF.classifications_0.25_0.005_366	Singlet	pANN_0.25_0.005_366	0.186046511627907
HRA003620_TGTCCTGGTACAGTTC-1_1	HRA003620_NC-27	HRA003620	DF.classifications_0.25_0.005_366	Doublet	pANN_0.25_0.005_366	0.558139534883721
HRA003620_TGTCCTGGTCCCTGTT-1_1	HRA003620_NC-27	HRA003620	DF.classifications_0.25_0.005_366	Singlet	pANN_0.25_0.005_366	0.116279069767442
HRA003620_TGTCCTGGTCTGTGAT-1_1	HRA003620_NC-27	HRA003620	DF.classifications_0.25_0.005_366	Singlet	pANN_0.25_0.005_366	0.162790697674419
HRA003620_TGTCCTGTCCGTCACT-1_1	HRA003620_NC-27	HRA003620	DF.classifications_0.25_0.005_366	Singlet	pANN_0.25_0.005_366	0.255813953488372
HRA003620_TGTCCTGTCTGGGAGA-1_1	HRA003620_NC-27	HRA003620	DF.classifications_0.25_0.005_366	Singlet	pANN_0.25_0.005_366	0.348837209302326
HRA003620_TGTGAGTAGAGCGACT-1_1	HRA003620_NC-27	HRA003620	DF.classifications_0.25_0.005_366	Singlet	pANN_0.25_0.005_366	0.0930232558139535
HRA003620_TGTGAGTAGGCAGGGA-1_1	HRA003620_NC-27	HRA003620	DF.classifications_0.25_0.005_366	Singlet	pANN_0.25_0.005_366	0.116279069767442
HRA003620_TGTGAGTAGGCTTAGG-1_1	HRA003620_NC-27	HRA003620	DF.classifications_0.25_0.005_366	Singlet	pANN_0.25_0.005_366	0.13953488372093
HRA003620_TGTGAGTTCTTACTGT-1_1	HRA003620_NC-27	HRA003620	DF.classifications_0.25_0.005_366	Singlet	pANN_0.25_0.005_366	0.0465116279069767
HRA003620_TGTGATGAGGCGCTTC-1_1	HRA003620_NC-27	HRA003620	DF.classifications_0.25_0.005_366	Singlet	pANN_0.25_0.005_366	0.0232558139534884
HRA003620_TGTGATGAGTTCCGGC-1_1	HRA003620_NC-27	HRA003620	DF.classifications_0.25_0.005_366	Singlet	pANN_0.25_0.005_366	0.0930232558139535
HRA003620_TGTGATGCAGAAGTGC-1_1	HRA003620_NC-27	HRA003620	DF.classifications_0.25_0.005_366	Singlet	pANN_0.25_0.005_366	0.232558139534884
HRA003620_TGTGATGCATTCGATG-1_1	HRA003620_NC-27	HRA003620	DF.classifications_0.25_0.005_366	Singlet	pANN_0.25_0.005_366	0.232558139534884
HRA003620_TGTGATGGTGCGTCGT-1_1	HRA003620_NC-27	HRA003620	DF.classifications_0.25_0.005_366	Singlet	pANN_0.25_0.005_366	0.0232558139534884
HRA003620_TGTGATGTCATCGCTC-1_1	HRA003620_NC-27	HRA003620	DF.classifications_0.25_0.005_366	Singlet	pANN_0.25_0.005_366	0
HRA003620_TGTGCGGCAAGACTGG-1_1	HRA003620_NC-27	HRA003620	DF.classifications_0.25_0.005_366	Singlet	pANN_0.25_0.005_366	0
HRA003620_TGTGCGGGTCACCTTC-1_1	HRA003620_NC-27	HRA003620	DF.classifications_0.25_0.005_366	Singlet	pANN_0.25_0.005_366	0.0930232558139535
HRA003620_TGTGCGGGTCACTCAA-1_1	HRA003620_NC-27	HRA003620	DF.classifications_0.25_0.005_366	Singlet	pANN_0.25_0.005_366	0.0232558139534884
HRA003620_TGTGCGGTCAAAGGAT-1_1	HRA003620_NC-27	HRA003620	DF.classifications_0.25_0.005_366	Singlet	pANN_0.25_0.005_366	0.0465116279069767
HRA003620_TGTGCGGTCATACAGC-1_1	HRA003620_NC-27	HRA003620	DF.classifications_0.25_0.005_366	Singlet	pANN_0.25_0.005_366	0.395348837209302
HRA003620_TGTGGCGCAACACGTT-1_1	HRA003620_NC-27	HRA003620	DF.classifications_0.25_0.005_366	Singlet	pANN_0.25_0.005_366	0.302325581395349
HRA003620_TGTGGCGCAGACAAGC-1_1	HRA003620_NC-27	HRA003620	DF.classifications_0.25_0.005_366	Singlet	pANN_0.25_0.005_366	0.255813953488372
HRA003620_TGTGGCGCATCTCCCA-1_1	HRA003620_NC-27	HRA003620	DF.classifications_0.25_0.005_366	Singlet	pANN_0.25_0.005_366	0.0697674418604651
HRA003620_TGTGGCGCATTCGGGC-1_1	HRA003620_NC-27	HRA003620	DF.classifications_0.25_0.005_366	Singlet	pANN_0.25_0.005_366	0.27906976744186
HRA003620_TGTGGCGGTCCGACGT-1_1	HRA003620_NC-27	HRA003620	DF.classifications_0.25_0.005_366	Singlet	pANN_0.25_0.005_366	0.0930232558139535
HRA003620_TGTGTGAAGCTAGAGC-1_1	HRA003620_NC-27	HRA003620	DF.classifications_0.25_0.005_366	Singlet	pANN_0.25_0.005_366	0.418604651162791
HRA003620_TGTGTGAAGTATTAGG-1_1	HRA003620_NC-27	HRA003620	DF.classifications_0.25_0.005_366	Singlet	pANN_0.25_0.005_366	0.186046511627907
HRA003620_TGTGTGACAGCTACAT-1_1	HRA003620_NC-27	HRA003620	DF.classifications_0.25_0.005_366	Singlet	pANN_0.25_0.005_366	0.116279069767442
HRA003620_TGTGTGAGTAGCGTTT-1_1	HRA003620_NC-27	HRA003620	DF.classifications_0.25_0.005_366	Singlet	pANN_0.25_0.005_366	0.0697674418604651
HRA003620_TGTGTGAGTGCCGGTT-1_1	HRA003620_NC-27	HRA003620	DF.classifications_0.25_0.005_366	Singlet	pANN_0.25_0.005_366	0.0697674418604651
HRA003620_TGTGTGAGTGGCCTCA-1_1	HRA003620_NC-27	HRA003620	DF.classifications_0.25_0.005_366	Singlet	pANN_0.25_0.005_366	0.13953488372093
HRA003620_TGTGTGAGTGTATCCA-1_1	HRA003620_NC-27	HRA003620	DF.classifications_0.25_0.005_366	Singlet	pANN_0.25_0.005_366	0.372093023255814
HRA003620_TGTGTGAGTTGTAGCT-1_1	HRA003620_NC-27	HRA003620	DF.classifications_0.25_0.005_366	Singlet	pANN_0.25_0.005_366	0.186046511627907
HRA003620_TGTGTGATCAGATGCT-1_1	HRA003620_NC-27	HRA003620	DF.classifications_0.25_0.005_366	Singlet	pANN_0.25_0.005_366	0.325581395348837
HRA003620_TGTGTGATCGCAGTCG-1_1	HRA003620_NC-27	HRA003620	DF.classifications_0.25_0.005_366	Singlet	pANN_0.25_0.005_366	0.325581395348837
HRA003620_TGTGTGATCTCCGCAT-1_1	HRA003620_NC-27	HRA003620	DF.classifications_0.25_0.005_366	Singlet	pANN_0.25_0.005_366	0.0930232558139535
HRA003620_TGTTACTAGAACTCCT-1_1	HRA003620_NC-27	HRA003620	DF.classifications_0.25_0.005_366	Singlet	pANN_0.25_0.005_366	0.209302325581395
HRA003620_TGTTACTAGAAGCCTG-1_1	HRA003620_NC-27	HRA003620	DF.classifications_0.25_0.005_366	Singlet	pANN_0.25_0.005_366	0.232558139534884
HRA003620_TGTTACTAGAGCCATG-1_1	HRA003620_NC-27	HRA003620	DF.classifications_0.25_0.005_366	Singlet	pANN_0.25_0.005_366	0.255813953488372
HRA003620_TGTTACTAGCCGTCGT-1_1	HRA003620_NC-27	HRA003620	DF.classifications_0.25_0.005_366	Singlet	pANN_0.25_0.005_366	0.116279069767442
HRA003620_TGTTACTAGTTAGAAC-1_1	HRA003620_NC-27	HRA003620	DF.classifications_0.25_0.005_366	Singlet	pANN_0.25_0.005_366	0.209302325581395
HRA003620_TGTTACTCATGGTGGA-1_1	HRA003620_NC-27	HRA003620	DF.classifications_0.25_0.005_366	Singlet	pANN_0.25_0.005_366	0.162790697674419
HRA003620_TGTTACTGTCTTGAAC-1_1	HRA003620_NC-27	HRA003620	DF.classifications_0.25_0.005_366	Singlet	pANN_0.25_0.005_366	0.162790697674419
HRA003620_TGTTACTGTGGACCAA-1_1	HRA003620_NC-27	HRA003620	DF.classifications_0.25_0.005_366	Singlet	pANN_0.25_0.005_366	0.418604651162791
HRA003620_TGTTACTTCCATTGGA-1_1	HRA003620_NC-27	HRA003620	DF.classifications_0.25_0.005_366	Singlet	pANN_0.25_0.005_366	0.232558139534884
HRA003620_TGTTCATCACCTCTGT-1_1	HRA003620_NC-27	HRA003620	DF.classifications_0.25_0.005_366	Singlet	pANN_0.25_0.005_366	0.0465116279069767
HRA003620_TGTTCATGTAACCCGC-1_1	HRA003620_NC-27	HRA003620	DF.classifications_0.25_0.005_366	Doublet	pANN_0.25_0.005_366	0.465116279069767
HRA003620_TGTTCATGTATTTCGG-1_1	HRA003620_NC-27	HRA003620	DF.classifications_0.25_0.005_366	Singlet	pANN_0.25_0.005_366	0.162790697674419
HRA003620_TGTTCATGTGCAACGA-1_1	HRA003620_NC-27	HRA003620	DF.classifications_0.25_0.005_366	Doublet	pANN_0.25_0.005_366	0.488372093023256
HRA003620_TGTTCATTCACCGCTT-1_1	HRA003620_NC-27	HRA003620	DF.classifications_0.25_0.005_366	Singlet	pANN_0.25_0.005_366	0.186046511627907
HRA003620_TGTTCATTCGCCGAGT-1_1	HRA003620_NC-27	HRA003620	DF.classifications_0.25_0.005_366	Singlet	pANN_0.25_0.005_366	0.116279069767442
HRA003620_TGTTCATTCTTGTGCC-1_1	HRA003620_NC-27	HRA003620	DF.classifications_0.25_0.005_366	Singlet	pANN_0.25_0.005_366	0.13953488372093
HRA003620_TGTTCCGAGATAACAC-1_1	HRA003620_NC-27	HRA003620	DF.classifications_0.25_0.005_366	Singlet	pANN_0.25_0.005_366	0
HRA003620_TGTTCCGAGGTCACAG-1_1	HRA003620_NC-27	HRA003620	DF.classifications_0.25_0.005_366	Singlet	pANN_0.25_0.005_366	0.255813953488372
HRA003620_TGTTCCGGTGTTCGTA-1_1	HRA003620_NC-27	HRA003620	DF.classifications_0.25_0.005_366	Doublet	pANN_0.25_0.005_366	0.534883720930233
HRA003620_TGTTCCGGTTGTGTTG-1_1	HRA003620_NC-27	HRA003620	DF.classifications_0.25_0.005_366	Singlet	pANN_0.25_0.005_366	0.186046511627907
HRA003620_TGTTCCGTCCGCACTT-1_1	HRA003620_NC-27	HRA003620	DF.classifications_0.25_0.005_366	Singlet	pANN_0.25_0.005_366	0
HRA003620_TGTTCCGTCGGAATTC-1_1	HRA003620_NC-27	HRA003620	DF.classifications_0.25_0.005_366	Singlet	pANN_0.25_0.005_366	0.325581395348837
HRA003620_TGTTCCGTCTTTGATC-1_1	HRA003620_NC-27	HRA003620	DF.classifications_0.25_0.005_366	Singlet	pANN_0.25_0.005_366	0
HRA003620_TGTTCTACAGCGGATA-1_1	HRA003620_NC-27	HRA003620	DF.classifications_0.25_0.005_366	Singlet	pANN_0.25_0.005_366	0.162790697674419
HRA003620_TGTTCTAGTCAAAGAT-1_1	HRA003620_NC-27	HRA003620	DF.classifications_0.25_0.005_366	Singlet	pANN_0.25_0.005_366	0
HRA003620_TGTTCTAGTCTGTGAT-1_1	HRA003620_NC-27	HRA003620	DF.classifications_0.25_0.005_366	Singlet	pANN_0.25_0.005_366	0.232558139534884
HRA003620_TGTTCTAGTGGACCAA-1_1	HRA003620_NC-27	HRA003620	DF.classifications_0.25_0.005_366	Singlet	pANN_0.25_0.005_366	0.186046511627907
HRA003620_TGTTCTATCGCTTAAG-1_1	HRA003620_NC-27	HRA003620	DF.classifications_0.25_0.005_366	Singlet	pANN_0.25_0.005_366	0.186046511627907
HRA003620_TGTTGAGAGTCGCGAA-1_1	HRA003620_NC-27	HRA003620	DF.classifications_0.25_0.005_366	Singlet	pANN_0.25_0.005_366	0.302325581395349
HRA003620_TGTTGAGAGTTCAACC-1_1	HRA003620_NC-27	HRA003620	DF.classifications_0.25_0.005_366	Singlet	pANN_0.25_0.005_366	0.0232558139534884
HRA003620_TGTTGAGGTAGGCTGA-1_1	HRA003620_NC-27	HRA003620	DF.classifications_0.25_0.005_366	Singlet	pANN_0.25_0.005_366	0.0465116279069767
HRA003620_TGTTGAGGTATCGTAC-1_1	HRA003620_NC-27	HRA003620	DF.classifications_0.25_0.005_366	Singlet	pANN_0.25_0.005_366	0.116279069767442
HRA003620_TGTTGAGGTGCCTAAT-1_1	HRA003620_NC-27	HRA003620	DF.classifications_0.25_0.005_366	Singlet	pANN_0.25_0.005_366	0.27906976744186
HRA003620_TGTTGAGGTGGCTTGC-1_1	HRA003620_NC-27	HRA003620	DF.classifications_0.25_0.005_366	Singlet	pANN_0.25_0.005_366	0
HRA003620_TGTTGAGTCATTCGTT-1_1	HRA003620_NC-27	HRA003620	DF.classifications_0.25_0.005_366	Singlet	pANN_0.25_0.005_366	0.13953488372093
HRA003620_TGTTGAGTCGCCAACG-1_1	HRA003620_NC-27	HRA003620	DF.classifications_0.25_0.005_366	Singlet	pANN_0.25_0.005_366	0.27906976744186
HRA003620_TGTTGAGTCGTCGATA-1_1	HRA003620_NC-27	HRA003620	DF.classifications_0.25_0.005_366	Singlet	pANN_0.25_0.005_366	0.0697674418604651
HRA003620_TGTTGGAAGTCATAGA-1_1	HRA003620_NC-27	HRA003620	DF.classifications_0.25_0.005_366	Singlet	pANN_0.25_0.005_366	0.27906976744186
HRA003620_TGTTGGACAACAGATA-1_1	HRA003620_NC-27	HRA003620	DF.classifications_0.25_0.005_366	Singlet	pANN_0.25_0.005_366	0.209302325581395
HRA003620_TGTTGGACAACGGGTA-1_1	HRA003620_NC-27	HRA003620	DF.classifications_0.25_0.005_366	Singlet	pANN_0.25_0.005_366	0
HRA003620_TGTTGGACACATACTG-1_1	HRA003620_NC-27	HRA003620	DF.classifications_0.25_0.005_366	Singlet	pANN_0.25_0.005_366	0.116279069767442
HRA003620_TGTTGGACACCGTACG-1_1	HRA003620_NC-27	HRA003620	DF.classifications_0.25_0.005_366	Singlet	pANN_0.25_0.005_366	0.0930232558139535
HRA003620_TGTTGGACATACAGAA-1_1	HRA003620_NC-27	HRA003620	DF.classifications_0.25_0.005_366	Singlet	pANN_0.25_0.005_366	0.209302325581395
HRA003620_TGTTGGAGTATAGGGC-1_1	HRA003620_NC-27	HRA003620	DF.classifications_0.25_0.005_366	Singlet	pANN_0.25_0.005_366	0.162790697674419
HRA003620_TGTTGGAGTTGCTAGT-1_1	HRA003620_NC-27	HRA003620	DF.classifications_0.25_0.005_366	Singlet	pANN_0.25_0.005_366	0.0465116279069767
HRA003620_TGTTGGATCGAGTCCG-1_1	HRA003620_NC-27	HRA003620	DF.classifications_0.25_0.005_366	Singlet	pANN_0.25_0.005_366	0.232558139534884
HRA003620_TGTTGGATCTTACCGC-1_1	HRA003620_NC-27	HRA003620	DF.classifications_0.25_0.005_366	Singlet	pANN_0.25_0.005_366	0.162790697674419
HRA003620_TGTTTGTAGCGTGTTT-1_1	HRA003620_NC-27	HRA003620	DF.classifications_0.25_0.005_366	Singlet	pANN_0.25_0.005_366	0.255813953488372
HRA003620_TGTTTGTCAGGGATAC-1_1	HRA003620_NC-27	HRA003620	DF.classifications_0.25_0.005_366	Singlet	pANN_0.25_0.005_366	0.27906976744186
HRA003620_TGTTTGTGTACAGCGA-1_1	HRA003620_NC-27	HRA003620	DF.classifications_0.25_0.005_366	Singlet	pANN_0.25_0.005_366	0.186046511627907
HRA003620_TGTTTGTGTATCCCTC-1_1	HRA003620_NC-27	HRA003620	DF.classifications_0.25_0.005_366	Singlet	pANN_0.25_0.005_366	0.0697674418604651
HRA003620_TGTTTGTGTCGATTAC-1_1	HRA003620_NC-27	HRA003620	DF.classifications_0.25_0.005_366	Singlet	pANN_0.25_0.005_366	0.0930232558139535
HRA003620_TGTTTGTTCTCACCCA-1_1	HRA003620_NC-27	HRA003620	DF.classifications_0.25_0.005_366	Singlet	pANN_0.25_0.005_366	0.162790697674419
HRA003620_TGTTTGTTCTTCCCAG-1_1	HRA003620_NC-27	HRA003620	DF.classifications_0.25_0.005_366	Singlet	pANN_0.25_0.005_366	0.0232558139534884
HRA003620_TTAATCCAGAAGGGAT-1_1	HRA003620_NC-27	HRA003620	DF.classifications_0.25_0.005_366	Singlet	pANN_0.25_0.005_366	0.0697674418604651
HRA003620_TTAATCCAGGTAACTA-1_1	HRA003620_NC-27	HRA003620	DF.classifications_0.25_0.005_366	Singlet	pANN_0.25_0.005_366	0.255813953488372
HRA003620_TTAATCCAGTCACTGT-1_1	HRA003620_NC-27	HRA003620	DF.classifications_0.25_0.005_366	Singlet	pANN_0.25_0.005_366	0.162790697674419
HRA003620_TTAATCCAGTTCCATG-1_1	HRA003620_NC-27	HRA003620	DF.classifications_0.25_0.005_366	Doublet	pANN_0.25_0.005_366	0.651162790697674
HRA003620_TTAATCCGTAACCAGG-1_1	HRA003620_NC-27	HRA003620	DF.classifications_0.25_0.005_366	Singlet	pANN_0.25_0.005_366	0.348837209302326
HRA003620_TTAATCCGTAGGACCA-1_1	HRA003620_NC-27	HRA003620	DF.classifications_0.25_0.005_366	Singlet	pANN_0.25_0.005_366	0.13953488372093
HRA003620_TTAATCCGTATATGGA-1_1	HRA003620_NC-27	HRA003620	DF.classifications_0.25_0.005_366	Singlet	pANN_0.25_0.005_366	0.13953488372093
HRA003620_TTAATCCGTTGAAGTA-1_1	HRA003620_NC-27	HRA003620	DF.classifications_0.25_0.005_366	Singlet	pANN_0.25_0.005_366	0.116279069767442
HRA003620_TTAATCCGTTTGATCG-1_1	HRA003620_NC-27	HRA003620	DF.classifications_0.25_0.005_366	Singlet	pANN_0.25_0.005_366	0.232558139534884
HRA003620_TTACAGGAGAGGTTTA-1_1	HRA003620_NC-27	HRA003620	DF.classifications_0.25_0.005_366	Singlet	pANN_0.25_0.005_366	0
HRA003620_TTACAGGCAGCACAAG-1_1	HRA003620_NC-27	HRA003620	DF.classifications_0.25_0.005_366	Singlet	pANN_0.25_0.005_366	0.325581395348837
HRA003620_TTACAGGCATATCTCT-1_1	HRA003620_NC-27	HRA003620	DF.classifications_0.25_0.005_366	Singlet	pANN_0.25_0.005_366	0.162790697674419
HRA003620_TTACAGGGTCACTACA-1_1	HRA003620_NC-27	HRA003620	DF.classifications_0.25_0.005_366	Singlet	pANN_0.25_0.005_366	0.162790697674419
HRA003620_TTACAGGTCTAGTCAG-1_1	HRA003620_NC-27	HRA003620	DF.classifications_0.25_0.005_366	Singlet	pANN_0.25_0.005_366	0.186046511627907
HRA003620_TTACAGGTCTGGGCGT-1_1	HRA003620_NC-27	HRA003620	DF.classifications_0.25_0.005_366	Singlet	pANN_0.25_0.005_366	0.0232558139534884
HRA003620_TTACAGGTCTTAATCC-1_1	HRA003620_NC-27	HRA003620	DF.classifications_0.25_0.005_366	Singlet	pANN_0.25_0.005_366	0.13953488372093
HRA003620_TTACAGGTCTTCTTCC-1_1	HRA003620_NC-27	HRA003620	DF.classifications_0.25_0.005_366	Doublet	pANN_0.25_0.005_366	0.488372093023256
HRA003620_TTACAGGTCTTGGAAC-1_1	HRA003620_NC-27	HRA003620	DF.classifications_0.25_0.005_366	Singlet	pANN_0.25_0.005_366	0.302325581395349
HRA003620_TTACCATCACTGGATT-1_1	HRA003620_NC-27	HRA003620	DF.classifications_0.25_0.005_366	Doublet	pANN_0.25_0.005_366	0.558139534883721
HRA003620_TTACCATGTCTTGAAC-1_1	HRA003620_NC-27	HRA003620	DF.classifications_0.25_0.005_366	Singlet	pANN_0.25_0.005_366	0.0697674418604651
HRA003620_TTACCATGTGTGTTTG-1_1	HRA003620_NC-27	HRA003620	DF.classifications_0.25_0.005_366	Singlet	pANN_0.25_0.005_366	0.13953488372093
HRA003620_TTACCATTCACTCTTA-1_1	HRA003620_NC-27	HRA003620	DF.classifications_0.25_0.005_366	Singlet	pANN_0.25_0.005_366	0.372093023255814
HRA003620_TTACCGCAGCATAGGC-1_1	HRA003620_NC-27	HRA003620	DF.classifications_0.25_0.005_366	Singlet	pANN_0.25_0.005_366	0.186046511627907
HRA003620_TTACCGCAGTATGCAA-1_1	HRA003620_NC-27	HRA003620	DF.classifications_0.25_0.005_366	Singlet	pANN_0.25_0.005_366	0.162790697674419
HRA003620_TTACCGCCATACTGTG-1_1	HRA003620_NC-27	HRA003620	DF.classifications_0.25_0.005_366	Singlet	pANN_0.25_0.005_366	0
HRA003620_TTACCGCCATCGGAGA-1_1	HRA003620_NC-27	HRA003620	DF.classifications_0.25_0.005_366	Singlet	pANN_0.25_0.005_366	0.0930232558139535
HRA003620_TTACCGCGTAGGCAGT-1_1	HRA003620_NC-27	HRA003620	DF.classifications_0.25_0.005_366	Singlet	pANN_0.25_0.005_366	0.209302325581395
HRA003620_TTACCGCGTCATCTAG-1_1	HRA003620_NC-27	HRA003620	DF.classifications_0.25_0.005_366	Singlet	pANN_0.25_0.005_366	0.13953488372093
HRA003620_TTACCGCGTGAGTAGC-1_1	HRA003620_NC-27	HRA003620	DF.classifications_0.25_0.005_366	Singlet	pANN_0.25_0.005_366	0.0697674418604651
HRA003620_TTACCGCGTGTGATGG-1_1	HRA003620_NC-27	HRA003620	DF.classifications_0.25_0.005_366	Singlet	pANN_0.25_0.005_366	0.162790697674419
HRA003620_TTACGCCAGACCATAA-1_1	HRA003620_NC-27	HRA003620	DF.classifications_0.25_0.005_366	Singlet	pANN_0.25_0.005_366	0.302325581395349
HRA003620_TTACGCCCACCTGAAT-1_1	HRA003620_NC-27	HRA003620	DF.classifications_0.25_0.005_366	Singlet	pANN_0.25_0.005_366	0.209302325581395
HRA003620_TTACGCCCAGGGACTA-1_1	HRA003620_NC-27	HRA003620	DF.classifications_0.25_0.005_366	Singlet	pANN_0.25_0.005_366	0.209302325581395
HRA003620_TTACGCCGTAGACTGG-1_1	HRA003620_NC-27	HRA003620	DF.classifications_0.25_0.005_366	Singlet	pANN_0.25_0.005_366	0.0465116279069767
HRA003620_TTACGCCGTCAGACGA-1_1	HRA003620_NC-27	HRA003620	DF.classifications_0.25_0.005_366	Singlet	pANN_0.25_0.005_366	0.325581395348837
HRA003620_TTACGCCTCAACCTTT-1_1	HRA003620_NC-27	HRA003620	DF.classifications_0.25_0.005_366	Singlet	pANN_0.25_0.005_366	0.325581395348837
HRA003620_TTACGCCTCAATGCAC-1_1	HRA003620_NC-27	HRA003620	DF.classifications_0.25_0.005_366	Singlet	pANN_0.25_0.005_366	0.0930232558139535
HRA003620_TTACGCCTCACAAGGG-1_1	HRA003620_NC-27	HRA003620	DF.classifications_0.25_0.005_366	Singlet	pANN_0.25_0.005_366	0.0697674418604651
HRA003620_TTACGCCTCTAGTGTG-1_1	HRA003620_NC-27	HRA003620	DF.classifications_0.25_0.005_366	Singlet	pANN_0.25_0.005_366	0.232558139534884
HRA003620_TTACGCCTCTGGGTCG-1_1	HRA003620_NC-27	HRA003620	DF.classifications_0.25_0.005_366	Singlet	pANN_0.25_0.005_366	0.209302325581395
HRA003620_TTACGTTCAACTCCAA-1_1	HRA003620_NC-27	HRA003620	DF.classifications_0.25_0.005_366	Singlet	pANN_0.25_0.005_366	0.302325581395349
HRA003620_TTACGTTCAGCTACAT-1_1	HRA003620_NC-27	HRA003620	DF.classifications_0.25_0.005_366	Singlet	pANN_0.25_0.005_366	0.13953488372093
HRA003620_TTACGTTGTAGTACGG-1_1	HRA003620_NC-27	HRA003620	DF.classifications_0.25_0.005_366	Singlet	pANN_0.25_0.005_366	0.255813953488372
HRA003620_TTACGTTGTCACTCAA-1_1	HRA003620_NC-27	HRA003620	DF.classifications_0.25_0.005_366	Doublet	pANN_0.25_0.005_366	0.534883720930233
HRA003620_TTACGTTTCGACGATT-1_1	HRA003620_NC-27	HRA003620	DF.classifications_0.25_0.005_366	Singlet	pANN_0.25_0.005_366	0.255813953488372
HRA003620_TTACGTTTCGCTTACC-1_1	HRA003620_NC-27	HRA003620	DF.classifications_0.25_0.005_366	Singlet	pANN_0.25_0.005_366	0.232558139534884
HRA003620_TTACTGTAGACAGCGT-1_1	HRA003620_NC-27	HRA003620	DF.classifications_0.25_0.005_366	Singlet	pANN_0.25_0.005_366	0.186046511627907
HRA003620_TTACTGTAGCGATCGA-1_1	HRA003620_NC-27	HRA003620	DF.classifications_0.25_0.005_366	Singlet	pANN_0.25_0.005_366	0.209302325581395
HRA003620_TTACTGTCAGACAAGC-1_1	HRA003620_NC-27	HRA003620	DF.classifications_0.25_0.005_366	Singlet	pANN_0.25_0.005_366	0
HRA003620_TTACTGTCAGCCTTCT-1_1	HRA003620_NC-27	HRA003620	DF.classifications_0.25_0.005_366	Singlet	pANN_0.25_0.005_366	0.232558139534884
HRA003620_TTACTGTCATGACTAC-1_1	HRA003620_NC-27	HRA003620	DF.classifications_0.25_0.005_366	Singlet	pANN_0.25_0.005_366	0.0930232558139535
HRA003620_TTACTGTGTATCCTCC-1_1	HRA003620_NC-27	HRA003620	DF.classifications_0.25_0.005_366	Singlet	pANN_0.25_0.005_366	0.302325581395349
HRA003620_TTACTGTTCACAACCA-1_1	HRA003620_NC-27	HRA003620	DF.classifications_0.25_0.005_366	Singlet	pANN_0.25_0.005_366	0.209302325581395
HRA003620_TTACTGTTCTAATTCC-1_1	HRA003620_NC-27	HRA003620	DF.classifications_0.25_0.005_366	Singlet	pANN_0.25_0.005_366	0.27906976744186
HRA003620_TTAGGCAAGCGACAGT-1_1	HRA003620_NC-27	HRA003620	DF.classifications_0.25_0.005_366	Singlet	pANN_0.25_0.005_366	0.13953488372093
HRA003620_TTAGGCAAGCTCCATA-1_1	HRA003620_NC-27	HRA003620	DF.classifications_0.25_0.005_366	Singlet	pANN_0.25_0.005_366	0.13953488372093
HRA003620_TTAGGCAAGGTTTACC-1_1	HRA003620_NC-27	HRA003620	DF.classifications_0.25_0.005_366	Doublet	pANN_0.25_0.005_366	0.441860465116279
HRA003620_TTAGGCACACCGTCTT-1_1	HRA003620_NC-27	HRA003620	DF.classifications_0.25_0.005_366	Singlet	pANN_0.25_0.005_366	0.209302325581395
HRA003620_TTAGGCACAGAGCTAG-1_1	HRA003620_NC-27	HRA003620	DF.classifications_0.25_0.005_366	Singlet	pANN_0.25_0.005_366	0.116279069767442
HRA003620_TTAGGCAGTATAATGG-1_1	HRA003620_NC-27	HRA003620	DF.classifications_0.25_0.005_366	Singlet	pANN_0.25_0.005_366	0.209302325581395
HRA003620_TTAGGCAGTCGCCTAG-1_1	HRA003620_NC-27	HRA003620	DF.classifications_0.25_0.005_366	Singlet	pANN_0.25_0.005_366	0.27906976744186
HRA003620_TTAGGGTAGCCTTTCC-1_1	HRA003620_NC-27	HRA003620	DF.classifications_0.25_0.005_366	Singlet	pANN_0.25_0.005_366	0.255813953488372
HRA003620_TTAGGGTAGTGAGCCA-1_1	HRA003620_NC-27	HRA003620	DF.classifications_0.25_0.005_366	Singlet	pANN_0.25_0.005_366	0.116279069767442
HRA003620_TTAGGGTCATTCACAG-1_1	HRA003620_NC-27	HRA003620	DF.classifications_0.25_0.005_366	Singlet	pANN_0.25_0.005_366	0.116279069767442
HRA003620_TTAGGGTGTCGCACGT-1_1	HRA003620_NC-27	HRA003620	DF.classifications_0.25_0.005_366	Singlet	pANN_0.25_0.005_366	0.232558139534884
HRA003620_TTAGGGTGTGGAGGTT-1_1	HRA003620_NC-27	HRA003620	DF.classifications_0.25_0.005_366	Singlet	pANN_0.25_0.005_366	0.13953488372093
HRA003620_TTAGGGTTCCGCTAGG-1_1	HRA003620_NC-27	HRA003620	DF.classifications_0.25_0.005_366	Doublet	pANN_0.25_0.005_366	0.604651162790698
HRA003620_TTAGGGTTCTTACGTT-1_1	HRA003620_NC-27	HRA003620	DF.classifications_0.25_0.005_366	Singlet	pANN_0.25_0.005_366	0.186046511627907
HRA003620_TTAGTCTAGATGGCAC-1_1	HRA003620_NC-27	HRA003620	DF.classifications_0.25_0.005_366	Singlet	pANN_0.25_0.005_366	0.13953488372093
HRA003620_TTAGTCTAGTGCCGAA-1_1	HRA003620_NC-27	HRA003620	DF.classifications_0.25_0.005_366	Singlet	pANN_0.25_0.005_366	0.0697674418604651
HRA003620_TTAGTCTAGTTGTCAC-1_1	HRA003620_NC-27	HRA003620	DF.classifications_0.25_0.005_366	Singlet	pANN_0.25_0.005_366	0.0930232558139535
HRA003620_TTAGTCTCAAACGTGG-1_1	HRA003620_NC-27	HRA003620	DF.classifications_0.25_0.005_366	Singlet	pANN_0.25_0.005_366	0.162790697674419
HRA003620_TTAGTCTCAAGATGTA-1_1	HRA003620_NC-27	HRA003620	DF.classifications_0.25_0.005_366	Singlet	pANN_0.25_0.005_366	0.0697674418604651
HRA003620_TTAGTCTCAATGCAGG-1_1	HRA003620_NC-27	HRA003620	DF.classifications_0.25_0.005_366	Singlet	pANN_0.25_0.005_366	0.162790697674419
HRA003620_TTAGTCTCACACGGTC-1_1	HRA003620_NC-27	HRA003620	DF.classifications_0.25_0.005_366	Singlet	pANN_0.25_0.005_366	0.255813953488372
HRA003620_TTAGTCTGTCGATGCC-1_1	HRA003620_NC-27	HRA003620	DF.classifications_0.25_0.005_366	Doublet	pANN_0.25_0.005_366	0.581395348837209
HRA003620_TTAGTCTGTCTGTAAC-1_1	HRA003620_NC-27	HRA003620	DF.classifications_0.25_0.005_366	Singlet	pANN_0.25_0.005_366	0.0232558139534884
HRA003620_TTAGTCTTCACTACTT-1_1	HRA003620_NC-27	HRA003620	DF.classifications_0.25_0.005_366	Singlet	pANN_0.25_0.005_366	0.232558139534884
HRA003620_TTAGTCTTCCGGTTCT-1_1	HRA003620_NC-27	HRA003620	DF.classifications_0.25_0.005_366	Singlet	pANN_0.25_0.005_366	0.209302325581395
HRA003620_TTATTGCAGAGGTATT-1_1	HRA003620_NC-27	HRA003620	DF.classifications_0.25_0.005_366	Singlet	pANN_0.25_0.005_366	0.348837209302326
HRA003620_TTATTGCAGCGTCTCG-1_1	HRA003620_NC-27	HRA003620	DF.classifications_0.25_0.005_366	Singlet	pANN_0.25_0.005_366	0.186046511627907
HRA003620_TTATTGCCAATCCTTT-1_1	HRA003620_NC-27	HRA003620	DF.classifications_0.25_0.005_366	Singlet	pANN_0.25_0.005_366	0.0232558139534884
HRA003620_TTATTGCCACATAGCT-1_1	HRA003620_NC-27	HRA003620	DF.classifications_0.25_0.005_366	Singlet	pANN_0.25_0.005_366	0.0465116279069767
HRA003620_TTATTGCGTCTTTCAT-1_1	HRA003620_NC-27	HRA003620	DF.classifications_0.25_0.005_366	Singlet	pANN_0.25_0.005_366	0.209302325581395
HRA003620_TTATTGCGTGGGTTGA-1_1	HRA003620_NC-27	HRA003620	DF.classifications_0.25_0.005_366	Singlet	pANN_0.25_0.005_366	0.372093023255814
HRA003620_TTATTGCGTTCAGGTT-1_1	HRA003620_NC-27	HRA003620	DF.classifications_0.25_0.005_366	Singlet	pANN_0.25_0.005_366	0.0930232558139535
HRA003620_TTATTGCTCTTACGGA-1_1	HRA003620_NC-27	HRA003620	DF.classifications_0.25_0.005_366	Singlet	pANN_0.25_0.005_366	0.13953488372093
HRA003620_TTCAATCAGTATGAAC-1_1	HRA003620_NC-27	HRA003620	DF.classifications_0.25_0.005_366	Singlet	pANN_0.25_0.005_366	0.186046511627907
HRA003620_TTCAATCAGTTAACGA-1_1	HRA003620_NC-27	HRA003620	DF.classifications_0.25_0.005_366	Singlet	pANN_0.25_0.005_366	0
HRA003620_TTCACCGGTAACGGTG-1_1	HRA003620_NC-27	HRA003620	DF.classifications_0.25_0.005_366	Doublet	pANN_0.25_0.005_366	0.441860465116279
HRA003620_TTCACCGGTAGGACTG-1_1	HRA003620_NC-27	HRA003620	DF.classifications_0.25_0.005_366	Singlet	pANN_0.25_0.005_366	0.232558139534884
HRA003620_TTCACCGTCAGACCTA-1_1	HRA003620_NC-27	HRA003620	DF.classifications_0.25_0.005_366	Singlet	pANN_0.25_0.005_366	0.0930232558139535
HRA003620_TTCACGCAGCAGGCAT-1_1	HRA003620_NC-27	HRA003620	DF.classifications_0.25_0.005_366	Singlet	pANN_0.25_0.005_366	0.209302325581395
HRA003620_TTCACGCCAAGATTGA-1_1	HRA003620_NC-27	HRA003620	DF.classifications_0.25_0.005_366	Singlet	pANN_0.25_0.005_366	0.0930232558139535
HRA003620_TTCACGCCAGAGCGTA-1_1	HRA003620_NC-27	HRA003620	DF.classifications_0.25_0.005_366	Singlet	pANN_0.25_0.005_366	0.162790697674419
HRA003620_TTCACGCCAGTGCGCT-1_1	HRA003620_NC-27	HRA003620	DF.classifications_0.25_0.005_366	Singlet	pANN_0.25_0.005_366	0.186046511627907
HRA003620_TTCACGCCAGTGTACT-1_1	HRA003620_NC-27	HRA003620	DF.classifications_0.25_0.005_366	Singlet	pANN_0.25_0.005_366	0.325581395348837
HRA003620_TTCACGCGTATGCTAC-1_1	HRA003620_NC-27	HRA003620	DF.classifications_0.25_0.005_366	Singlet	pANN_0.25_0.005_366	0.13953488372093
HRA003620_TTCACGCGTGGATGAC-1_1	HRA003620_NC-27	HRA003620	DF.classifications_0.25_0.005_366	Singlet	pANN_0.25_0.005_366	0.13953488372093
HRA003620_TTCACGCTCAAACGTC-1_1	HRA003620_NC-27	HRA003620	DF.classifications_0.25_0.005_366	Singlet	pANN_0.25_0.005_366	0.232558139534884
HRA003620_TTCACGCTCGCATAGT-1_1	HRA003620_NC-27	HRA003620	DF.classifications_0.25_0.005_366	Singlet	pANN_0.25_0.005_366	0.302325581395349
HRA003620_TTCAGGAAGAATGTTG-1_1	HRA003620_NC-27	HRA003620	DF.classifications_0.25_0.005_366	Singlet	pANN_0.25_0.005_366	0.116279069767442
HRA003620_TTCAGGAAGACAGCGT-1_1	HRA003620_NC-27	HRA003620	DF.classifications_0.25_0.005_366	Singlet	pANN_0.25_0.005_366	0.27906976744186
HRA003620_TTCAGGACAAGCTACT-1_1	HRA003620_NC-27	HRA003620	DF.classifications_0.25_0.005_366	Singlet	pANN_0.25_0.005_366	0.116279069767442
HRA003620_TTCAGGACATTCTTCA-1_1	HRA003620_NC-27	HRA003620	DF.classifications_0.25_0.005_366	Singlet	pANN_0.25_0.005_366	0.186046511627907
HRA003620_TTCAGGAGTACCGTGC-1_1	HRA003620_NC-27	HRA003620	DF.classifications_0.25_0.005_366	Singlet	pANN_0.25_0.005_366	0.186046511627907
HRA003620_TTCAGGAGTCCGTACG-1_1	HRA003620_NC-27	HRA003620	DF.classifications_0.25_0.005_366	Singlet	pANN_0.25_0.005_366	0.0232558139534884
HRA003620_TTCAGGAGTTGTACGT-1_1	HRA003620_NC-27	HRA003620	DF.classifications_0.25_0.005_366	Singlet	pANN_0.25_0.005_366	0.116279069767442
HRA003620_TTCAGGATCGGCCCAA-1_1	HRA003620_NC-27	HRA003620	DF.classifications_0.25_0.005_366	Singlet	pANN_0.25_0.005_366	0.13953488372093
HRA003620_TTCATGTAGCATGCGA-1_1	HRA003620_NC-27	HRA003620	DF.classifications_0.25_0.005_366	Singlet	pANN_0.25_0.005_366	0.13953488372093
HRA003620_TTCATGTAGCGTATGG-1_1	HRA003620_NC-27	HRA003620	DF.classifications_0.25_0.005_366	Singlet	pANN_0.25_0.005_366	0.116279069767442
HRA003620_TTCATGTAGGTTGTTC-1_1	HRA003620_NC-27	HRA003620	DF.classifications_0.25_0.005_366	Singlet	pANN_0.25_0.005_366	0.0465116279069767
HRA003620_TTCATGTCAAACGTGG-1_1	HRA003620_NC-27	HRA003620	DF.classifications_0.25_0.005_366	Singlet	pANN_0.25_0.005_366	0
HRA003620_TTCATGTCATTGTCGA-1_1	HRA003620_NC-27	HRA003620	DF.classifications_0.25_0.005_366	Singlet	pANN_0.25_0.005_366	0.186046511627907
HRA003620_TTCATGTGTACAGTAA-1_1	HRA003620_NC-27	HRA003620	DF.classifications_0.25_0.005_366	Singlet	pANN_0.25_0.005_366	0.232558139534884
HRA003620_TTCATGTGTACGAGCA-1_1	HRA003620_NC-27	HRA003620	DF.classifications_0.25_0.005_366	Singlet	pANN_0.25_0.005_366	0.209302325581395
HRA003620_TTCATGTGTAGAATAC-1_1	HRA003620_NC-27	HRA003620	DF.classifications_0.25_0.005_366	Singlet	pANN_0.25_0.005_366	0.0465116279069767
HRA003620_TTCATTGAGATAGCTA-1_1	HRA003620_NC-27	HRA003620	DF.classifications_0.25_0.005_366	Singlet	pANN_0.25_0.005_366	0.186046511627907
HRA003620_TTCATTGGTACTAAGA-1_1	HRA003620_NC-27	HRA003620	DF.classifications_0.25_0.005_366	Singlet	pANN_0.25_0.005_366	0.186046511627907
HRA003620_TTCATTGGTCCGAAGA-1_1	HRA003620_NC-27	HRA003620	DF.classifications_0.25_0.005_366	Singlet	pANN_0.25_0.005_366	0.209302325581395
HRA003620_TTCATTGGTGTGTTTG-1_1	HRA003620_NC-27	HRA003620	DF.classifications_0.25_0.005_366	Doublet	pANN_0.25_0.005_366	0.488372093023256
HRA003620_TTCATTGTCAACTGAC-1_1	HRA003620_NC-27	HRA003620	DF.classifications_0.25_0.005_366	Singlet	pANN_0.25_0.005_366	0.13953488372093
HRA003620_TTCCAATAGACTACCT-1_1	HRA003620_NC-27	HRA003620	DF.classifications_0.25_0.005_366	Singlet	pANN_0.25_0.005_366	0.162790697674419
HRA003620_TTCCAATAGCAAGGAA-1_1	HRA003620_NC-27	HRA003620	DF.classifications_0.25_0.005_366	Singlet	pANN_0.25_0.005_366	0.209302325581395
HRA003620_TTCCAATAGGTTATAG-1_1	HRA003620_NC-27	HRA003620	DF.classifications_0.25_0.005_366	Singlet	pANN_0.25_0.005_366	0.0465116279069767
HRA003620_TTCCAATCAATCCTAG-1_1	HRA003620_NC-27	HRA003620	DF.classifications_0.25_0.005_366	Singlet	pANN_0.25_0.005_366	0.0930232558139535
HRA003620_TTCCAATCAATTGCCA-1_1	HRA003620_NC-27	HRA003620	DF.classifications_0.25_0.005_366	Singlet	pANN_0.25_0.005_366	0.0930232558139535
HRA003620_TTCCAATCAGCTGGTC-1_1	HRA003620_NC-27	HRA003620	DF.classifications_0.25_0.005_366	Singlet	pANN_0.25_0.005_366	0.13953488372093
HRA003620_TTCCAATCATATCGGT-1_1	HRA003620_NC-27	HRA003620	DF.classifications_0.25_0.005_366	Singlet	pANN_0.25_0.005_366	0.255813953488372
HRA003620_TTCCAATGTACAGTAA-1_1	HRA003620_NC-27	HRA003620	DF.classifications_0.25_0.005_366	Singlet	pANN_0.25_0.005_366	0.209302325581395
HRA003620_TTCCAATGTCCAGCGT-1_1	HRA003620_NC-27	HRA003620	DF.classifications_0.25_0.005_366	Doublet	pANN_0.25_0.005_366	0.627906976744186
HRA003620_TTCCAATTCCTCGCAT-1_1	HRA003620_NC-27	HRA003620	DF.classifications_0.25_0.005_366	Singlet	pANN_0.25_0.005_366	0.162790697674419
HRA003620_TTCCAATTCGCATTGA-1_1	HRA003620_NC-27	HRA003620	DF.classifications_0.25_0.005_366	Singlet	pANN_0.25_0.005_366	0.255813953488372
HRA003620_TTCCACGAGACGAAGA-1_1	HRA003620_NC-27	HRA003620	DF.classifications_0.25_0.005_366	Singlet	pANN_0.25_0.005_366	0.0697674418604651
HRA003620_TTCCACGCACTGCATA-1_1	HRA003620_NC-27	HRA003620	DF.classifications_0.25_0.005_366	Singlet	pANN_0.25_0.005_366	0.302325581395349
HRA003620_TTCCACGGTATGGTAA-1_1	HRA003620_NC-27	HRA003620	DF.classifications_0.25_0.005_366	Singlet	pANN_0.25_0.005_366	0.209302325581395
HRA003620_TTCCACGGTCGTTATG-1_1	HRA003620_NC-27	HRA003620	DF.classifications_0.25_0.005_366	Singlet	pANN_0.25_0.005_366	0.27906976744186
HRA003620_TTCCGGTAGATGAATC-1_1	HRA003620_NC-27	HRA003620	DF.classifications_0.25_0.005_366	Singlet	pANN_0.25_0.005_366	0.0465116279069767
HRA003620_TTCCGGTAGTACTCGT-1_1	HRA003620_NC-27	HRA003620	DF.classifications_0.25_0.005_366	Singlet	pANN_0.25_0.005_366	0.162790697674419
HRA003620_TTCCGGTCAAAGAGTT-1_1	HRA003620_NC-27	HRA003620	DF.classifications_0.25_0.005_366	Singlet	pANN_0.25_0.005_366	0.13953488372093
HRA003620_TTCCGGTCAACACAGG-1_1	HRA003620_NC-27	HRA003620	DF.classifications_0.25_0.005_366	Singlet	pANN_0.25_0.005_366	0.186046511627907
HRA003620_TTCCGGTCACACACTA-1_1	HRA003620_NC-27	HRA003620	DF.classifications_0.25_0.005_366	Singlet	pANN_0.25_0.005_366	0.302325581395349
HRA003620_TTCCGGTCACCCTCTA-1_1	HRA003620_NC-27	HRA003620	DF.classifications_0.25_0.005_366	Singlet	pANN_0.25_0.005_366	0.13953488372093
HRA003620_TTCCGGTTCCGTCAAA-1_1	HRA003620_NC-27	HRA003620	DF.classifications_0.25_0.005_366	Singlet	pANN_0.25_0.005_366	0.209302325581395
HRA003620_TTCCGGTTCGTTCATT-1_1	HRA003620_NC-27	HRA003620	DF.classifications_0.25_0.005_366	Singlet	pANN_0.25_0.005_366	0.116279069767442
HRA003620_TTCCGTGAGCCTTGAT-1_1	HRA003620_NC-27	HRA003620	DF.classifications_0.25_0.005_366	Singlet	pANN_0.25_0.005_366	0.162790697674419
HRA003620_TTCCGTGAGGATTTCC-1_1	HRA003620_NC-27	HRA003620	DF.classifications_0.25_0.005_366	Singlet	pANN_0.25_0.005_366	0.0697674418604651
HRA003620_TTCCGTGAGGTCATCT-1_1	HRA003620_NC-27	HRA003620	DF.classifications_0.25_0.005_366	Singlet	pANN_0.25_0.005_366	0.27906976744186
HRA003620_TTCCGTGCACGTTCGG-1_1	HRA003620_NC-27	HRA003620	DF.classifications_0.25_0.005_366	Doublet	pANN_0.25_0.005_366	0.558139534883721
HRA003620_TTCCGTGCAGTAACCT-1_1	HRA003620_NC-27	HRA003620	DF.classifications_0.25_0.005_366	Singlet	pANN_0.25_0.005_366	0.13953488372093
HRA003620_TTCCGTGGTCTGATCA-1_1	HRA003620_NC-27	HRA003620	DF.classifications_0.25_0.005_366	Singlet	pANN_0.25_0.005_366	0.13953488372093
HRA003620_TTCCGTGTCAGCAGAG-1_1	HRA003620_NC-27	HRA003620	DF.classifications_0.25_0.005_366	Singlet	pANN_0.25_0.005_366	0.186046511627907
HRA003620_TTCCGTGTCCGAACGC-1_1	HRA003620_NC-27	HRA003620	DF.classifications_0.25_0.005_366	Singlet	pANN_0.25_0.005_366	0.232558139534884
HRA003620_TTCCTAACATGAGATA-1_1	HRA003620_NC-27	HRA003620	DF.classifications_0.25_0.005_366	Singlet	pANN_0.25_0.005_366	0
HRA003620_TTCCTAATCTCCTGCA-1_1	HRA003620_NC-27	HRA003620	DF.classifications_0.25_0.005_366	Singlet	pANN_0.25_0.005_366	0.27906976744186
HRA003620_TTCCTCTAGACCTGGA-1_1	HRA003620_NC-27	HRA003620	DF.classifications_0.25_0.005_366	Singlet	pANN_0.25_0.005_366	0.0465116279069767
HRA003620_TTCCTCTAGATTAGCA-1_1	HRA003620_NC-27	HRA003620	DF.classifications_0.25_0.005_366	Singlet	pANN_0.25_0.005_366	0.13953488372093
HRA003620_TTCCTCTCACATTCTT-1_1	HRA003620_NC-27	HRA003620	DF.classifications_0.25_0.005_366	Singlet	pANN_0.25_0.005_366	0.162790697674419
HRA003620_TTCCTCTCACTTGACA-1_1	HRA003620_NC-27	HRA003620	DF.classifications_0.25_0.005_366	Singlet	pANN_0.25_0.005_366	0.186046511627907
HRA003620_TTCCTCTGTAGAATGT-1_1	HRA003620_NC-27	HRA003620	DF.classifications_0.25_0.005_366	Singlet	pANN_0.25_0.005_366	0.116279069767442
HRA003620_TTCCTCTGTTAAAGTG-1_1	HRA003620_NC-27	HRA003620	DF.classifications_0.25_0.005_366	Singlet	pANN_0.25_0.005_366	0.232558139534884
HRA003620_TTCCTCTGTTTGACAC-1_1	HRA003620_NC-27	HRA003620	DF.classifications_0.25_0.005_366	Singlet	pANN_0.25_0.005_366	0.255813953488372
HRA003620_TTCCTCTTCCCTCTAG-1_1	HRA003620_NC-27	HRA003620	DF.classifications_0.25_0.005_366	Singlet	pANN_0.25_0.005_366	0
HRA003620_TTCCTCTTCGATTCCC-1_1	HRA003620_NC-27	HRA003620	DF.classifications_0.25_0.005_366	Singlet	pANN_0.25_0.005_366	0.13953488372093
HRA003620_TTCCTCTTCGGTTCAA-1_1	HRA003620_NC-27	HRA003620	DF.classifications_0.25_0.005_366	Singlet	pANN_0.25_0.005_366	0.0930232558139535
HRA003620_TTCCTCTTCTCTAAGG-1_1	HRA003620_NC-27	HRA003620	DF.classifications_0.25_0.005_366	Singlet	pANN_0.25_0.005_366	0.0465116279069767
HRA003620_TTCCTTCAGCATATGA-1_1	HRA003620_NC-27	HRA003620	DF.classifications_0.25_0.005_366	Singlet	pANN_0.25_0.005_366	0.0697674418604651
HRA003620_TTCCTTCAGCTAGTTC-1_1	HRA003620_NC-27	HRA003620	DF.classifications_0.25_0.005_366	Singlet	pANN_0.25_0.005_366	0.302325581395349
HRA003620_TTCCTTCAGTCACTGT-1_1	HRA003620_NC-27	HRA003620	DF.classifications_0.25_0.005_366	Singlet	pANN_0.25_0.005_366	0.13953488372093
HRA003620_TTCCTTCCACTTGGGC-1_1	HRA003620_NC-27	HRA003620	DF.classifications_0.25_0.005_366	Singlet	pANN_0.25_0.005_366	0.0697674418604651
HRA003620_TTCCTTCCAGATACCT-1_1	HRA003620_NC-27	HRA003620	DF.classifications_0.25_0.005_366	Singlet	pANN_0.25_0.005_366	0.255813953488372
HRA003620_TTCCTTCCATCATCCC-1_1	HRA003620_NC-27	HRA003620	DF.classifications_0.25_0.005_366	Doublet	pANN_0.25_0.005_366	0.441860465116279
HRA003620_TTCCTTCTCGTCCTTG-1_1	HRA003620_NC-27	HRA003620	DF.classifications_0.25_0.005_366	Singlet	pANN_0.25_0.005_366	0.116279069767442
HRA003620_TTCCTTCTCGTTCCCA-1_1	HRA003620_NC-27	HRA003620	DF.classifications_0.25_0.005_366	Singlet	pANN_0.25_0.005_366	0.372093023255814
HRA003620_TTCCTTCTCTATCGGA-1_1	HRA003620_NC-27	HRA003620	DF.classifications_0.25_0.005_366	Singlet	pANN_0.25_0.005_366	0.0232558139534884
HRA003620_TTCCTTCTCTGCCCTA-1_1	HRA003620_NC-27	HRA003620	DF.classifications_0.25_0.005_366	Singlet	pANN_0.25_0.005_366	0.27906976744186
HRA003620_TTCGATTAGATACGAT-1_1	HRA003620_NC-27	HRA003620	DF.classifications_0.25_0.005_366	Singlet	pANN_0.25_0.005_366	0.27906976744186
HRA003620_TTCGATTCAAGTACCT-1_1	HRA003620_NC-27	HRA003620	DF.classifications_0.25_0.005_366	Singlet	pANN_0.25_0.005_366	0.255813953488372
HRA003620_TTCGATTGTGCATTTG-1_1	HRA003620_NC-27	HRA003620	DF.classifications_0.25_0.005_366	Singlet	pANN_0.25_0.005_366	0.116279069767442
HRA003620_TTCGATTTCGCCGATG-1_1	HRA003620_NC-27	HRA003620	DF.classifications_0.25_0.005_366	Singlet	pANN_0.25_0.005_366	0.0930232558139535
HRA003620_TTCGATTTCTTCGTAT-1_1	HRA003620_NC-27	HRA003620	DF.classifications_0.25_0.005_366	Singlet	pANN_0.25_0.005_366	0.0697674418604651
HRA003620_TTCGCTGAGAAATTCG-1_1	HRA003620_NC-27	HRA003620	DF.classifications_0.25_0.005_366	Singlet	pANN_0.25_0.005_366	0.0465116279069767
HRA003620_TTCGCTGAGAGCCTGA-1_1	HRA003620_NC-27	HRA003620	DF.classifications_0.25_0.005_366	Singlet	pANN_0.25_0.005_366	0
HRA003620_TTCGCTGAGCACTAGG-1_1	HRA003620_NC-27	HRA003620	DF.classifications_0.25_0.005_366	Singlet	pANN_0.25_0.005_366	0.13953488372093
HRA003620_TTCGCTGAGGTTGACG-1_1	HRA003620_NC-27	HRA003620	DF.classifications_0.25_0.005_366	Singlet	pANN_0.25_0.005_366	0.116279069767442
HRA003620_TTCGCTGAGTAAGGGA-1_1	HRA003620_NC-27	HRA003620	DF.classifications_0.25_0.005_366	Singlet	pANN_0.25_0.005_366	0.13953488372093
HRA003620_TTCGCTGCAACCGACC-1_1	HRA003620_NC-27	HRA003620	DF.classifications_0.25_0.005_366	Singlet	pANN_0.25_0.005_366	0.162790697674419
HRA003620_TTCGCTGCAACGACAG-1_1	HRA003620_NC-27	HRA003620	DF.classifications_0.25_0.005_366	Singlet	pANN_0.25_0.005_366	0.0697674418604651
HRA003620_TTCGCTGCAGCGTGAA-1_1	HRA003620_NC-27	HRA003620	DF.classifications_0.25_0.005_366	Singlet	pANN_0.25_0.005_366	0
HRA003620_TTCGCTGCATCGGAAG-1_1	HRA003620_NC-27	HRA003620	DF.classifications_0.25_0.005_366	Singlet	pANN_0.25_0.005_366	0.162790697674419
HRA003620_TTCGCTGGTCTACACA-1_1	HRA003620_NC-27	HRA003620	DF.classifications_0.25_0.005_366	Singlet	pANN_0.25_0.005_366	0.209302325581395
HRA003620_TTCGCTGTCACAAGGG-1_1	HRA003620_NC-27	HRA003620	DF.classifications_0.25_0.005_366	Singlet	pANN_0.25_0.005_366	0.0930232558139535
HRA003620_TTCGCTGTCCGTGGTG-1_1	HRA003620_NC-27	HRA003620	DF.classifications_0.25_0.005_366	Singlet	pANN_0.25_0.005_366	0
HRA003620_TTCGCTGTCGCCAACG-1_1	HRA003620_NC-27	HRA003620	DF.classifications_0.25_0.005_366	Singlet	pANN_0.25_0.005_366	0.186046511627907
HRA003620_TTCGCTGTCTGGCCAG-1_1	HRA003620_NC-27	HRA003620	DF.classifications_0.25_0.005_366	Singlet	pANN_0.25_0.005_366	0.27906976744186
HRA003620_TTCGGTCCAGAAATTG-1_1	HRA003620_NC-27	HRA003620	DF.classifications_0.25_0.005_366	Singlet	pANN_0.25_0.005_366	0.162790697674419
HRA003620_TTCGGTCGTACGAGTG-1_1	HRA003620_NC-27	HRA003620	DF.classifications_0.25_0.005_366	Singlet	pANN_0.25_0.005_366	0.13953488372093
HRA003620_TTCGGTCGTGTTAACC-1_1	HRA003620_NC-27	HRA003620	DF.classifications_0.25_0.005_366	Doublet	pANN_0.25_0.005_366	0.86046511627907
HRA003620_TTCGGTCGTTATTCTC-1_1	HRA003620_NC-27	HRA003620	DF.classifications_0.25_0.005_366	Singlet	pANN_0.25_0.005_366	0.186046511627907
HRA003620_TTCGGTCTCGAGAAGC-1_1	HRA003620_NC-27	HRA003620	DF.classifications_0.25_0.005_366	Singlet	pANN_0.25_0.005_366	0.13953488372093
HRA003620_TTCGGTCTCGCTGTTC-1_1	HRA003620_NC-27	HRA003620	DF.classifications_0.25_0.005_366	Singlet	pANN_0.25_0.005_366	0.0697674418604651
HRA003620_TTCTAACAGCTGAAAT-1_1	HRA003620_NC-27	HRA003620	DF.classifications_0.25_0.005_366	Singlet	pANN_0.25_0.005_366	0.116279069767442
HRA003620_TTCTAACAGGTAGTAT-1_1	HRA003620_NC-27	HRA003620	DF.classifications_0.25_0.005_366	Singlet	pANN_0.25_0.005_366	0.0465116279069767
HRA003620_TTCTAACCATTGCCGG-1_1	HRA003620_NC-27	HRA003620	DF.classifications_0.25_0.005_366	Singlet	pANN_0.25_0.005_366	0.232558139534884
HRA003620_TTCTAACGTAGCTGAG-1_1	HRA003620_NC-27	HRA003620	DF.classifications_0.25_0.005_366	Singlet	pANN_0.25_0.005_366	0.13953488372093
HRA003620_TTCTAACGTAGTGGCA-1_1	HRA003620_NC-27	HRA003620	DF.classifications_0.25_0.005_366	Doublet	pANN_0.25_0.005_366	0.674418604651163
HRA003620_TTCTAACGTCTGTGCG-1_1	HRA003620_NC-27	HRA003620	DF.classifications_0.25_0.005_366	Singlet	pANN_0.25_0.005_366	0.255813953488372
HRA003620_TTCTAACGTTCAAGTC-1_1	HRA003620_NC-27	HRA003620	DF.classifications_0.25_0.005_366	Singlet	pANN_0.25_0.005_366	0.116279069767442
HRA003620_TTCTAGTCAACTCGTA-1_1	HRA003620_NC-27	HRA003620	DF.classifications_0.25_0.005_366	Singlet	pANN_0.25_0.005_366	0.209302325581395
HRA003620_TTCTAGTCAAGATGGC-1_1	HRA003620_NC-27	HRA003620	DF.classifications_0.25_0.005_366	Singlet	pANN_0.25_0.005_366	0.13953488372093
HRA003620_TTCTAGTGTAGATTGA-1_1	HRA003620_NC-27	HRA003620	DF.classifications_0.25_0.005_366	Singlet	pANN_0.25_0.005_366	0.0930232558139535
HRA003620_TTCTAGTGTGCACATT-1_1	HRA003620_NC-27	HRA003620	DF.classifications_0.25_0.005_366	Singlet	pANN_0.25_0.005_366	0.186046511627907
HRA003620_TTCTAGTGTGTATTGC-1_1	HRA003620_NC-27	HRA003620	DF.classifications_0.25_0.005_366	Singlet	pANN_0.25_0.005_366	0.116279069767442
HRA003620_TTCTAGTGTTATAGCC-1_1	HRA003620_NC-27	HRA003620	DF.classifications_0.25_0.005_366	Singlet	pANN_0.25_0.005_366	0.162790697674419
HRA003620_TTCTAGTTCCGCGATG-1_1	HRA003620_NC-27	HRA003620	DF.classifications_0.25_0.005_366	Singlet	pANN_0.25_0.005_366	0
HRA003620_TTCTAGTTCTACGGGC-1_1	HRA003620_NC-27	HRA003620	DF.classifications_0.25_0.005_366	Singlet	pANN_0.25_0.005_366	0.27906976744186
HRA003620_TTCTCTCAGATTACCC-1_1	HRA003620_NC-27	HRA003620	DF.classifications_0.25_0.005_366	Singlet	pANN_0.25_0.005_366	0.162790697674419
HRA003620_TTCTCTCCAAAGGTTA-1_1	HRA003620_NC-27	HRA003620	DF.classifications_0.25_0.005_366	Singlet	pANN_0.25_0.005_366	0.232558139534884
HRA003620_TTCTCTCCAGCAGTAG-1_1	HRA003620_NC-27	HRA003620	DF.classifications_0.25_0.005_366	Singlet	pANN_0.25_0.005_366	0.302325581395349
HRA003620_TTCTCTCGTTGGGCCT-1_1	HRA003620_NC-27	HRA003620	DF.classifications_0.25_0.005_366	Singlet	pANN_0.25_0.005_366	0.302325581395349
HRA003620_TTCTCTCTCCTTATAC-1_1	HRA003620_NC-27	HRA003620	DF.classifications_0.25_0.005_366	Singlet	pANN_0.25_0.005_366	0.186046511627907
HRA003620_TTCTCTCTCTGGCCAG-1_1	HRA003620_NC-27	HRA003620	DF.classifications_0.25_0.005_366	Singlet	pANN_0.25_0.005_366	0.186046511627907
HRA003620_TTCTGTAAGTTCTCTT-1_1	HRA003620_NC-27	HRA003620	DF.classifications_0.25_0.005_366	Singlet	pANN_0.25_0.005_366	0.325581395348837
HRA003620_TTCTGTACAGATCACT-1_1	HRA003620_NC-27	HRA003620	DF.classifications_0.25_0.005_366	Singlet	pANN_0.25_0.005_366	0.13953488372093
HRA003620_TTCTGTAGTATGAGCG-1_1	HRA003620_NC-27	HRA003620	DF.classifications_0.25_0.005_366	Singlet	pANN_0.25_0.005_366	0.0232558139534884
HRA003620_TTCTGTAGTGTGACCC-1_1	HRA003620_NC-27	HRA003620	DF.classifications_0.25_0.005_366	Singlet	pANN_0.25_0.005_366	0.162790697674419
HRA003620_TTCTGTAGTTTCAGAC-1_1	HRA003620_NC-27	HRA003620	DF.classifications_0.25_0.005_366	Singlet	pANN_0.25_0.005_366	0.13953488372093
HRA003620_TTCTGTAGTTTCGCTC-1_1	HRA003620_NC-27	HRA003620	DF.classifications_0.25_0.005_366	Singlet	pANN_0.25_0.005_366	0.13953488372093
HRA003620_TTCTGTATCAAGAGGC-1_1	HRA003620_NC-27	HRA003620	DF.classifications_0.25_0.005_366	Singlet	pANN_0.25_0.005_366	0.0697674418604651
HRA003620_TTCTTCCAGCGTTCAT-1_1	HRA003620_NC-27	HRA003620	DF.classifications_0.25_0.005_366	Doublet	pANN_0.25_0.005_366	0.651162790697674
HRA003620_TTCTTCCAGGCTTAAA-1_1	HRA003620_NC-27	HRA003620	DF.classifications_0.25_0.005_366	Singlet	pANN_0.25_0.005_366	0.13953488372093
HRA003620_TTCTTCCAGGGAGGCA-1_1	HRA003620_NC-27	HRA003620	DF.classifications_0.25_0.005_366	Singlet	pANN_0.25_0.005_366	0.0930232558139535
HRA003620_TTCTTCCCAAAGTGTA-1_1	HRA003620_NC-27	HRA003620	DF.classifications_0.25_0.005_366	Singlet	pANN_0.25_0.005_366	0.13953488372093
HRA003620_TTCTTCCCATGTTCAG-1_1	HRA003620_NC-27	HRA003620	DF.classifications_0.25_0.005_366	Singlet	pANN_0.25_0.005_366	0.162790697674419
HRA003620_TTCTTCCGTGATGGCA-1_1	HRA003620_NC-27	HRA003620	DF.classifications_0.25_0.005_366	Singlet	pANN_0.25_0.005_366	0.116279069767442
HRA003620_TTCTTCCGTTCTAAGC-1_1	HRA003620_NC-27	HRA003620	DF.classifications_0.25_0.005_366	Singlet	pANN_0.25_0.005_366	0.348837209302326
HRA003620_TTCTTCCTCACGGGAA-1_1	HRA003620_NC-27	HRA003620	DF.classifications_0.25_0.005_366	Singlet	pANN_0.25_0.005_366	0.209302325581395
HRA003620_TTCTTCCTCCATTTCA-1_1	HRA003620_NC-27	HRA003620	DF.classifications_0.25_0.005_366	Singlet	pANN_0.25_0.005_366	0.0930232558139535
HRA003620_TTCTTCCTCCGCGATG-1_1	HRA003620_NC-27	HRA003620	DF.classifications_0.25_0.005_366	Singlet	pANN_0.25_0.005_366	0.209302325581395
HRA003620_TTCTTGAAGAACTCCT-1_1	HRA003620_NC-27	HRA003620	DF.classifications_0.25_0.005_366	Singlet	pANN_0.25_0.005_366	0.232558139534884
HRA003620_TTCTTGAAGATCACTC-1_1	HRA003620_NC-27	HRA003620	DF.classifications_0.25_0.005_366	Singlet	pANN_0.25_0.005_366	0.325581395348837
HRA003620_TTCTTGAAGGGTGAAA-1_1	HRA003620_NC-27	HRA003620	DF.classifications_0.25_0.005_366	Singlet	pANN_0.25_0.005_366	0.0697674418604651
HRA003620_TTCTTGACACGTCGTG-1_1	HRA003620_NC-27	HRA003620	DF.classifications_0.25_0.005_366	Singlet	pANN_0.25_0.005_366	0.13953488372093
HRA003620_TTCTTGATCTTAGTTC-1_1	HRA003620_NC-27	HRA003620	DF.classifications_0.25_0.005_366	Singlet	pANN_0.25_0.005_366	0.0930232558139535
HRA003620_TTGAACGAGGGCTGAT-1_1	HRA003620_NC-27	HRA003620	DF.classifications_0.25_0.005_366	Singlet	pANN_0.25_0.005_366	0.0697674418604651
HRA003620_TTGAACGTCTTTCCAA-1_1	HRA003620_NC-27	HRA003620	DF.classifications_0.25_0.005_366	Singlet	pANN_0.25_0.005_366	0.186046511627907
HRA003620_TTGACCCAGAACAGGA-1_1	HRA003620_NC-27	HRA003620	DF.classifications_0.25_0.005_366	Singlet	pANN_0.25_0.005_366	0.0930232558139535
HRA003620_TTGACCCCACAAATGA-1_1	HRA003620_NC-27	HRA003620	DF.classifications_0.25_0.005_366	Singlet	pANN_0.25_0.005_366	0.116279069767442
HRA003620_TTGACCCCAGCCGTTG-1_1	HRA003620_NC-27	HRA003620	DF.classifications_0.25_0.005_366	Singlet	pANN_0.25_0.005_366	0.186046511627907
HRA003620_TTGACCCTCCGACGGT-1_1	HRA003620_NC-27	HRA003620	DF.classifications_0.25_0.005_366	Singlet	pANN_0.25_0.005_366	0.13953488372093
HRA003620_TTGACCCTCTTCGGAA-1_1	HRA003620_NC-27	HRA003620	DF.classifications_0.25_0.005_366	Singlet	pANN_0.25_0.005_366	0.0465116279069767
HRA003620_TTGAGTGCAAATGAAC-1_1	HRA003620_NC-27	HRA003620	DF.classifications_0.25_0.005_366	Doublet	pANN_0.25_0.005_366	0.534883720930233
HRA003620_TTGAGTGCATCTAGAC-1_1	HRA003620_NC-27	HRA003620	DF.classifications_0.25_0.005_366	Singlet	pANN_0.25_0.005_366	0.116279069767442
HRA003620_TTGATGGAGGTGAGAA-1_1	HRA003620_NC-27	HRA003620	DF.classifications_0.25_0.005_366	Doublet	pANN_0.25_0.005_366	0.674418604651163
HRA003620_TTGATGGGTGTACATC-1_1	HRA003620_NC-27	HRA003620	DF.classifications_0.25_0.005_366	Singlet	pANN_0.25_0.005_366	0.162790697674419
HRA003620_TTGATGGTCCCATGGG-1_1	HRA003620_NC-27	HRA003620	DF.classifications_0.25_0.005_366	Singlet	pANN_0.25_0.005_366	0.209302325581395
HRA003620_TTGCATTAGAGTGGCT-1_1	HRA003620_NC-27	HRA003620	DF.classifications_0.25_0.005_366	Singlet	pANN_0.25_0.005_366	0.255813953488372
HRA003620_TTGCATTCAAAGGCGT-1_1	HRA003620_NC-27	HRA003620	DF.classifications_0.25_0.005_366	Singlet	pANN_0.25_0.005_366	0.13953488372093
HRA003620_TTGCATTCAGCTACAT-1_1	HRA003620_NC-27	HRA003620	DF.classifications_0.25_0.005_366	Singlet	pANN_0.25_0.005_366	0.255813953488372
HRA003620_TTGCATTGTCCCGGTA-1_1	HRA003620_NC-27	HRA003620	DF.classifications_0.25_0.005_366	Singlet	pANN_0.25_0.005_366	0.255813953488372
HRA003620_TTGCATTGTTGCATGT-1_1	HRA003620_NC-27	HRA003620	DF.classifications_0.25_0.005_366	Singlet	pANN_0.25_0.005_366	0.162790697674419
HRA003620_TTGCATTTCATTCATC-1_1	HRA003620_NC-27	HRA003620	DF.classifications_0.25_0.005_366	Singlet	pANN_0.25_0.005_366	0.0930232558139535
HRA003620_TTGCCTGAGAGGGTAA-1_1	HRA003620_NC-27	HRA003620	DF.classifications_0.25_0.005_366	Singlet	pANN_0.25_0.005_366	0.0232558139534884
HRA003620_TTGCCTGAGATTAGAC-1_1	HRA003620_NC-27	HRA003620	DF.classifications_0.25_0.005_366	Singlet	pANN_0.25_0.005_366	0.186046511627907
HRA003620_TTGCCTGAGGCTTAAA-1_1	HRA003620_NC-27	HRA003620	DF.classifications_0.25_0.005_366	Singlet	pANN_0.25_0.005_366	0.255813953488372
HRA003620_TTGCCTGAGTCGTTAC-1_1	HRA003620_NC-27	HRA003620	DF.classifications_0.25_0.005_366	Singlet	pANN_0.25_0.005_366	0.209302325581395
HRA003620_TTGCCTGCAAGTCGTT-1_1	HRA003620_NC-27	HRA003620	DF.classifications_0.25_0.005_366	Singlet	pANN_0.25_0.005_366	0.186046511627907
HRA003620_TTGCCTGCACAGAAGC-1_1	HRA003620_NC-27	HRA003620	DF.classifications_0.25_0.005_366	Singlet	pANN_0.25_0.005_366	0.116279069767442
HRA003620_TTGCCTGGTCAACCAT-1_1	HRA003620_NC-27	HRA003620	DF.classifications_0.25_0.005_366	Singlet	pANN_0.25_0.005_366	0.232558139534884
HRA003620_TTGCCTGGTCGCCTAG-1_1	HRA003620_NC-27	HRA003620	DF.classifications_0.25_0.005_366	Singlet	pANN_0.25_0.005_366	0.13953488372093
HRA003620_TTGCCTGTCACGTCCT-1_1	HRA003620_NC-27	HRA003620	DF.classifications_0.25_0.005_366	Singlet	pANN_0.25_0.005_366	0.0232558139534884
HRA003620_TTGCGTCAGCCACTCG-1_1	HRA003620_NC-27	HRA003620	DF.classifications_0.25_0.005_366	Singlet	pANN_0.25_0.005_366	0.0930232558139535
HRA003620_TTGCGTCAGGGAGTGG-1_1	HRA003620_NC-27	HRA003620	DF.classifications_0.25_0.005_366	Singlet	pANN_0.25_0.005_366	0
HRA003620_TTGCGTCAGGTAGACC-1_1	HRA003620_NC-27	HRA003620	DF.classifications_0.25_0.005_366	Singlet	pANN_0.25_0.005_366	0.0232558139534884
HRA003620_TTGCGTCCACCGTGAC-1_1	HRA003620_NC-27	HRA003620	DF.classifications_0.25_0.005_366	Singlet	pANN_0.25_0.005_366	0.348837209302326
HRA003620_TTGCGTCCAGGTTCGC-1_1	HRA003620_NC-27	HRA003620	DF.classifications_0.25_0.005_366	Singlet	pANN_0.25_0.005_366	0.255813953488372
HRA003620_TTGCGTCCAGTGACCC-1_1	HRA003620_NC-27	HRA003620	DF.classifications_0.25_0.005_366	Singlet	pANN_0.25_0.005_366	0.186046511627907
HRA003620_TTGCGTCGTAAGATAC-1_1	HRA003620_NC-27	HRA003620	DF.classifications_0.25_0.005_366	Singlet	pANN_0.25_0.005_366	0.0930232558139535
HRA003620_TTGCGTCGTTCGGCTG-1_1	HRA003620_NC-27	HRA003620	DF.classifications_0.25_0.005_366	Singlet	pANN_0.25_0.005_366	0.0232558139534884
HRA003620_TTGCGTCTCACCTCAC-1_1	HRA003620_NC-27	HRA003620	DF.classifications_0.25_0.005_366	Singlet	pANN_0.25_0.005_366	0.0232558139534884
HRA003620_TTGCGTCTCAGCCTCT-1_1	HRA003620_NC-27	HRA003620	DF.classifications_0.25_0.005_366	Singlet	pANN_0.25_0.005_366	0.0465116279069767
HRA003620_TTGCGTCTCGAGCCTG-1_1	HRA003620_NC-27	HRA003620	DF.classifications_0.25_0.005_366	Singlet	pANN_0.25_0.005_366	0.348837209302326
HRA003620_TTGCGTCTCGTACCTC-1_1	HRA003620_NC-27	HRA003620	DF.classifications_0.25_0.005_366	Singlet	pANN_0.25_0.005_366	0.116279069767442
HRA003620_TTGCGTCTCTAGACCA-1_1	HRA003620_NC-27	HRA003620	DF.classifications_0.25_0.005_366	Singlet	pANN_0.25_0.005_366	0.27906976744186
HRA003620_TTGCGTCTCTTGAACG-1_1	HRA003620_NC-27	HRA003620	DF.classifications_0.25_0.005_366	Singlet	pANN_0.25_0.005_366	0.418604651162791
HRA003620_TTGCTGCAGTCTAGCT-1_1	HRA003620_NC-27	HRA003620	DF.classifications_0.25_0.005_366	Singlet	pANN_0.25_0.005_366	0.209302325581395
HRA003620_TTGCTGCGTGCCGAAA-1_1	HRA003620_NC-27	HRA003620	DF.classifications_0.25_0.005_366	Singlet	pANN_0.25_0.005_366	0.255813953488372
HRA003620_TTGCTGCGTGCGGATA-1_1	HRA003620_NC-27	HRA003620	DF.classifications_0.25_0.005_366	Singlet	pANN_0.25_0.005_366	0
HRA003620_TTGCTGCGTGCTATTG-1_1	HRA003620_NC-27	HRA003620	DF.classifications_0.25_0.005_366	Singlet	pANN_0.25_0.005_366	0.186046511627907
HRA003620_TTGCTGCTCAGCAGAG-1_1	HRA003620_NC-27	HRA003620	DF.classifications_0.25_0.005_366	Singlet	pANN_0.25_0.005_366	0.209302325581395
HRA003620_TTGCTGCTCTACTGCC-1_1	HRA003620_NC-27	HRA003620	DF.classifications_0.25_0.005_366	Singlet	pANN_0.25_0.005_366	0.348837209302326
HRA003620_TTGGATGGTCTACACA-1_1	HRA003620_NC-27	HRA003620	DF.classifications_0.25_0.005_366	Singlet	pANN_0.25_0.005_366	0.162790697674419
HRA003620_TTGGATGTCCAACTGA-1_1	HRA003620_NC-27	HRA003620	DF.classifications_0.25_0.005_366	Singlet	pANN_0.25_0.005_366	0.255813953488372
HRA003620_TTGGATGTCCGAAATC-1_1	HRA003620_NC-27	HRA003620	DF.classifications_0.25_0.005_366	Singlet	pANN_0.25_0.005_366	0.255813953488372
HRA003620_TTGGATGTCTATCACT-1_1	HRA003620_NC-27	HRA003620	DF.classifications_0.25_0.005_366	Singlet	pANN_0.25_0.005_366	0.162790697674419
HRA003620_TTGGGATAGCGCCGTT-1_1	HRA003620_NC-27	HRA003620	DF.classifications_0.25_0.005_366	Singlet	pANN_0.25_0.005_366	0.13953488372093
HRA003620_TTGGGATCAGTCCCGA-1_1	HRA003620_NC-27	HRA003620	DF.classifications_0.25_0.005_366	Singlet	pANN_0.25_0.005_366	0.0465116279069767
HRA003620_TTGGGATCATTACGGT-1_1	HRA003620_NC-27	HRA003620	DF.classifications_0.25_0.005_366	Singlet	pANN_0.25_0.005_366	0.209302325581395
HRA003620_TTGGGATTCATGTCTT-1_1	HRA003620_NC-27	HRA003620	DF.classifications_0.25_0.005_366	Singlet	pANN_0.25_0.005_366	0.255813953488372
HRA003620_TTGGGCGAGGTATTGA-1_1	HRA003620_NC-27	HRA003620	DF.classifications_0.25_0.005_366	Singlet	pANN_0.25_0.005_366	0.0465116279069767
HRA003620_TTGGGCGGTGAATTGA-1_1	HRA003620_NC-27	HRA003620	DF.classifications_0.25_0.005_366	Singlet	pANN_0.25_0.005_366	0.209302325581395
HRA003620_TTGGGCGTCATTTGCT-1_1	HRA003620_NC-27	HRA003620	DF.classifications_0.25_0.005_366	Singlet	pANN_0.25_0.005_366	0.162790697674419
HRA003620_TTGGGCGTCCGAAGGA-1_1	HRA003620_NC-27	HRA003620	DF.classifications_0.25_0.005_366	Singlet	pANN_0.25_0.005_366	0.13953488372093
HRA003620_TTGGGCGTCTGACGCG-1_1	HRA003620_NC-27	HRA003620	DF.classifications_0.25_0.005_366	Doublet	pANN_0.25_0.005_366	0.558139534883721
HRA003620_TTGGGCGTCTGCCCTA-1_1	HRA003620_NC-27	HRA003620	DF.classifications_0.25_0.005_366	Singlet	pANN_0.25_0.005_366	0.162790697674419
HRA003620_TTGGGTAAGGGAGATA-1_1	HRA003620_NC-27	HRA003620	DF.classifications_0.25_0.005_366	Singlet	pANN_0.25_0.005_366	0.232558139534884
HRA003620_TTGGGTAAGTGAATAC-1_1	HRA003620_NC-27	HRA003620	DF.classifications_0.25_0.005_366	Singlet	pANN_0.25_0.005_366	0.255813953488372
HRA003620_TTGGGTACAAGCACCC-1_1	HRA003620_NC-27	HRA003620	DF.classifications_0.25_0.005_366	Singlet	pANN_0.25_0.005_366	0.0232558139534884
HRA003620_TTGGGTACACTAAACC-1_1	HRA003620_NC-27	HRA003620	DF.classifications_0.25_0.005_366	Singlet	pANN_0.25_0.005_366	0.186046511627907
HRA003620_TTGGGTACAGAACTTC-1_1	HRA003620_NC-27	HRA003620	DF.classifications_0.25_0.005_366	Singlet	pANN_0.25_0.005_366	0.0232558139534884
HRA003620_TTGGGTACAGCGATTT-1_1	HRA003620_NC-27	HRA003620	DF.classifications_0.25_0.005_366	Singlet	pANN_0.25_0.005_366	0.162790697674419
HRA003620_TTGGGTACATCCTATT-1_1	HRA003620_NC-27	HRA003620	DF.classifications_0.25_0.005_366	Singlet	pANN_0.25_0.005_366	0.13953488372093
HRA003620_TTGGGTAGTAGGCTGA-1_1	HRA003620_NC-27	HRA003620	DF.classifications_0.25_0.005_366	Singlet	pANN_0.25_0.005_366	0
HRA003620_TTGGTTTAGTGCACTT-1_1	HRA003620_NC-27	HRA003620	DF.classifications_0.25_0.005_366	Singlet	pANN_0.25_0.005_366	0.27906976744186
HRA003620_TTGGTTTCACGCGTCA-1_1	HRA003620_NC-27	HRA003620	DF.classifications_0.25_0.005_366	Singlet	pANN_0.25_0.005_366	0.186046511627907
HRA003620_TTGGTTTGTATGTCCA-1_1	HRA003620_NC-27	HRA003620	DF.classifications_0.25_0.005_366	Singlet	pANN_0.25_0.005_366	0.13953488372093
HRA003620_TTGGTTTGTCGTGGTC-1_1	HRA003620_NC-27	HRA003620	DF.classifications_0.25_0.005_366	Singlet	pANN_0.25_0.005_366	0.232558139534884
HRA003620_TTGGTTTGTGGAACCA-1_1	HRA003620_NC-27	HRA003620	DF.classifications_0.25_0.005_366	Singlet	pANN_0.25_0.005_366	0.209302325581395
HRA003620_TTGGTTTTCTTGAACG-1_1	HRA003620_NC-27	HRA003620	DF.classifications_0.25_0.005_366	Singlet	pANN_0.25_0.005_366	0.186046511627907
HRA003620_TTGTGGAAGCGATGGT-1_1	HRA003620_NC-27	HRA003620	DF.classifications_0.25_0.005_366	Singlet	pANN_0.25_0.005_366	0.325581395348837
HRA003620_TTGTGGACACACAGAG-1_1	HRA003620_NC-27	HRA003620	DF.classifications_0.25_0.005_366	Singlet	pANN_0.25_0.005_366	0.0930232558139535
HRA003620_TTGTGGACACGGATCC-1_1	HRA003620_NC-27	HRA003620	DF.classifications_0.25_0.005_366	Singlet	pANN_0.25_0.005_366	0.232558139534884
HRA003620_TTGTGGACATCGTGGC-1_1	HRA003620_NC-27	HRA003620	DF.classifications_0.25_0.005_366	Singlet	pANN_0.25_0.005_366	0.209302325581395
HRA003620_TTGTGGATCTCCAAGA-1_1	HRA003620_NC-27	HRA003620	DF.classifications_0.25_0.005_366	Singlet	pANN_0.25_0.005_366	0.0465116279069767
HRA003620_TTGTGGATCTCCATAT-1_1	HRA003620_NC-27	HRA003620	DF.classifications_0.25_0.005_366	Singlet	pANN_0.25_0.005_366	0.0930232558139535
HRA003620_TTGTGTTAGGCGTTGA-1_1	HRA003620_NC-27	HRA003620	DF.classifications_0.25_0.005_366	Singlet	pANN_0.25_0.005_366	0.13953488372093
HRA003620_TTGTGTTAGTAACAGT-1_1	HRA003620_NC-27	HRA003620	DF.classifications_0.25_0.005_366	Singlet	pANN_0.25_0.005_366	0.395348837209302
HRA003620_TTGTGTTCACCTGCTT-1_1	HRA003620_NC-27	HRA003620	DF.classifications_0.25_0.005_366	Doublet	pANN_0.25_0.005_366	0.511627906976744
HRA003620_TTGTGTTCAGACTGCC-1_1	HRA003620_NC-27	HRA003620	DF.classifications_0.25_0.005_366	Singlet	pANN_0.25_0.005_366	0
HRA003620_TTGTGTTGTGAGATCG-1_1	HRA003620_NC-27	HRA003620	DF.classifications_0.25_0.005_366	Singlet	pANN_0.25_0.005_366	0.27906976744186
HRA003620_TTGTGTTGTGCATGAG-1_1	HRA003620_NC-27	HRA003620	DF.classifications_0.25_0.005_366	Singlet	pANN_0.25_0.005_366	0.162790697674419
HRA003620_TTGTTCAAGCCAAGCA-1_1	HRA003620_NC-27	HRA003620	DF.classifications_0.25_0.005_366	Singlet	pANN_0.25_0.005_366	0
HRA003620_TTGTTCAAGTCAATCC-1_1	HRA003620_NC-27	HRA003620	DF.classifications_0.25_0.005_366	Singlet	pANN_0.25_0.005_366	0.13953488372093
HRA003620_TTGTTCAAGTTTCTTC-1_1	HRA003620_NC-27	HRA003620	DF.classifications_0.25_0.005_366	Singlet	pANN_0.25_0.005_366	0.13953488372093
HRA003620_TTGTTCAGTCAAGCGA-1_1	HRA003620_NC-27	HRA003620	DF.classifications_0.25_0.005_366	Singlet	pANN_0.25_0.005_366	0.232558139534884
HRA003620_TTGTTCATCACCGGTG-1_1	HRA003620_NC-27	HRA003620	DF.classifications_0.25_0.005_366	Singlet	pANN_0.25_0.005_366	0
HRA003620_TTGTTCATCCAAGCCG-1_1	HRA003620_NC-27	HRA003620	DF.classifications_0.25_0.005_366	Singlet	pANN_0.25_0.005_366	0.302325581395349
HRA003620_TTGTTCATCGTTCCTG-1_1	HRA003620_NC-27	HRA003620	DF.classifications_0.25_0.005_366	Singlet	pANN_0.25_0.005_366	0.418604651162791
HRA003620_TTGTTGTAGCCTCTCT-1_1	HRA003620_NC-27	HRA003620	DF.classifications_0.25_0.005_366	Singlet	pANN_0.25_0.005_366	0.209302325581395
HRA003620_TTGTTGTAGCGCGTTC-1_1	HRA003620_NC-27	HRA003620	DF.classifications_0.25_0.005_366	Singlet	pANN_0.25_0.005_366	0.0232558139534884
HRA003620_TTGTTGTCACCATATG-1_1	HRA003620_NC-27	HRA003620	DF.classifications_0.25_0.005_366	Singlet	pANN_0.25_0.005_366	0.186046511627907
HRA003620_TTGTTGTCAGACAAAT-1_1	HRA003620_NC-27	HRA003620	DF.classifications_0.25_0.005_366	Singlet	pANN_0.25_0.005_366	0.0465116279069767
HRA003620_TTGTTGTCAGTAGTGG-1_1	HRA003620_NC-27	HRA003620	DF.classifications_0.25_0.005_366	Singlet	pANN_0.25_0.005_366	0.0930232558139535
HRA003620_TTGTTGTTCGAGAACG-1_1	HRA003620_NC-27	HRA003620	DF.classifications_0.25_0.005_366	Singlet	pANN_0.25_0.005_366	0.395348837209302
HRA003620_TTGTTTGAGTTCCAGT-1_1	HRA003620_NC-27	HRA003620	DF.classifications_0.25_0.005_366	Singlet	pANN_0.25_0.005_366	0.13953488372093
HRA003620_TTGTTTGCATGCCGAC-1_1	HRA003620_NC-27	HRA003620	DF.classifications_0.25_0.005_366	Singlet	pANN_0.25_0.005_366	0.0930232558139535
HRA003620_TTGTTTGGTAGTCTTG-1_1	HRA003620_NC-27	HRA003620	DF.classifications_0.25_0.005_366	Singlet	pANN_0.25_0.005_366	0.232558139534884
HRA003620_TTGTTTGTCAGCTGTA-1_1	HRA003620_NC-27	HRA003620	DF.classifications_0.25_0.005_366	Singlet	pANN_0.25_0.005_366	0.116279069767442
HRA003620_TTGTTTGTCGTCCATC-1_1	HRA003620_NC-27	HRA003620	DF.classifications_0.25_0.005_366	Singlet	pANN_0.25_0.005_366	0.325581395348837
HRA003620_TTTACCAAGACGCATG-1_1	HRA003620_NC-27	HRA003620	DF.classifications_0.25_0.005_366	Singlet	pANN_0.25_0.005_366	0.209302325581395
HRA003620_TTTACCAAGCAAGGAA-1_1	HRA003620_NC-27	HRA003620	DF.classifications_0.25_0.005_366	Singlet	pANN_0.25_0.005_366	0.0232558139534884
HRA003620_TTTACCAAGCAATAGT-1_1	HRA003620_NC-27	HRA003620	DF.classifications_0.25_0.005_366	Singlet	pANN_0.25_0.005_366	0.0697674418604651
HRA003620_TTTACCACACATATCG-1_1	HRA003620_NC-27	HRA003620	DF.classifications_0.25_0.005_366	Singlet	pANN_0.25_0.005_366	0.186046511627907
HRA003620_TTTACCACACCACTGG-1_1	HRA003620_NC-27	HRA003620	DF.classifications_0.25_0.005_366	Singlet	pANN_0.25_0.005_366	0.0697674418604651
HRA003620_TTTACCAGTACCTAGT-1_1	HRA003620_NC-27	HRA003620	DF.classifications_0.25_0.005_366	Singlet	pANN_0.25_0.005_366	0.186046511627907
HRA003620_TTTACCAGTCATACCA-1_1	HRA003620_NC-27	HRA003620	DF.classifications_0.25_0.005_366	Singlet	pANN_0.25_0.005_366	0.162790697674419
HRA003620_TTTACCATCCCTGGTT-1_1	HRA003620_NC-27	HRA003620	DF.classifications_0.25_0.005_366	Singlet	pANN_0.25_0.005_366	0.255813953488372
HRA003620_TTTACCATCTGTGCTC-1_1	HRA003620_NC-27	HRA003620	DF.classifications_0.25_0.005_366	Singlet	pANN_0.25_0.005_366	0.186046511627907
HRA003620_TTTACGTAGACATCCT-1_1	HRA003620_NC-27	HRA003620	DF.classifications_0.25_0.005_366	Singlet	pANN_0.25_0.005_366	0.0930232558139535
HRA003620_TTTACGTAGAGGTCGT-1_1	HRA003620_NC-27	HRA003620	DF.classifications_0.25_0.005_366	Singlet	pANN_0.25_0.005_366	0.116279069767442
HRA003620_TTTACGTCACAAAGTA-1_1	HRA003620_NC-27	HRA003620	DF.classifications_0.25_0.005_366	Singlet	pANN_0.25_0.005_366	0.0930232558139535
HRA003620_TTTACGTCAGGCATGA-1_1	HRA003620_NC-27	HRA003620	DF.classifications_0.25_0.005_366	Singlet	pANN_0.25_0.005_366	0.186046511627907
HRA003620_TTTACGTCATGTCGTA-1_1	HRA003620_NC-27	HRA003620	DF.classifications_0.25_0.005_366	Singlet	pANN_0.25_0.005_366	0
HRA003620_TTTACGTGTATCGATC-1_1	HRA003620_NC-27	HRA003620	DF.classifications_0.25_0.005_366	Singlet	pANN_0.25_0.005_366	0.27906976744186
HRA003620_TTTACGTGTCCGATCG-1_1	HRA003620_NC-27	HRA003620	DF.classifications_0.25_0.005_366	Doublet	pANN_0.25_0.005_366	0.651162790697674
HRA003620_TTTACGTGTGGAGGTT-1_1	HRA003620_NC-27	HRA003620	DF.classifications_0.25_0.005_366	Singlet	pANN_0.25_0.005_366	0.162790697674419
HRA003620_TTTACTGAGACTGAGC-1_1	HRA003620_NC-27	HRA003620	DF.classifications_0.25_0.005_366	Singlet	pANN_0.25_0.005_366	0.0465116279069767
HRA003620_TTTACTGAGTATAGAC-1_1	HRA003620_NC-27	HRA003620	DF.classifications_0.25_0.005_366	Singlet	pANN_0.25_0.005_366	0.0697674418604651
HRA003620_TTTACTGAGTCTAGAA-1_1	HRA003620_NC-27	HRA003620	DF.classifications_0.25_0.005_366	Singlet	pANN_0.25_0.005_366	0.116279069767442
HRA003620_TTTACTGGTCAATCTG-1_1	HRA003620_NC-27	HRA003620	DF.classifications_0.25_0.005_366	Singlet	pANN_0.25_0.005_366	0.255813953488372
HRA003620_TTTACTGGTCATCAGT-1_1	HRA003620_NC-27	HRA003620	DF.classifications_0.25_0.005_366	Singlet	pANN_0.25_0.005_366	0.0930232558139535
HRA003620_TTTAGTCAGGAAGAAC-1_1	HRA003620_NC-27	HRA003620	DF.classifications_0.25_0.005_366	Singlet	pANN_0.25_0.005_366	0.232558139534884
HRA003620_TTTAGTCCAACGATCT-1_1	HRA003620_NC-27	HRA003620	DF.classifications_0.25_0.005_366	Singlet	pANN_0.25_0.005_366	0.162790697674419
HRA003620_TTTAGTCCAATTCTCT-1_1	HRA003620_NC-27	HRA003620	DF.classifications_0.25_0.005_366	Singlet	pANN_0.25_0.005_366	0.418604651162791
HRA003620_TTTAGTCCATAATGCC-1_1	HRA003620_NC-27	HRA003620	DF.classifications_0.25_0.005_366	Singlet	pANN_0.25_0.005_366	0.0697674418604651
HRA003620_TTTAGTCTCTTCGTAT-1_1	HRA003620_NC-27	HRA003620	DF.classifications_0.25_0.005_366	Singlet	pANN_0.25_0.005_366	0.186046511627907
HRA003620_TTTATGCAGGCGAACT-1_1	HRA003620_NC-27	HRA003620	DF.classifications_0.25_0.005_366	Singlet	pANN_0.25_0.005_366	0.13953488372093
HRA003620_TTTATGCAGTGTAGTA-1_1	HRA003620_NC-27	HRA003620	DF.classifications_0.25_0.005_366	Singlet	pANN_0.25_0.005_366	0.395348837209302
HRA003620_TTTATGCGTCAGGCAA-1_1	HRA003620_NC-27	HRA003620	DF.classifications_0.25_0.005_366	Singlet	pANN_0.25_0.005_366	0.0697674418604651
HRA003620_TTTATGCGTCATCAGT-1_1	HRA003620_NC-27	HRA003620	DF.classifications_0.25_0.005_366	Singlet	pANN_0.25_0.005_366	0.255813953488372
HRA003620_TTTATGCGTTTCACAG-1_1	HRA003620_NC-27	HRA003620	DF.classifications_0.25_0.005_366	Singlet	pANN_0.25_0.005_366	0.255813953488372
HRA003620_TTTCACAAGAGCCGAT-1_1	HRA003620_NC-27	HRA003620	DF.classifications_0.25_0.005_366	Singlet	pANN_0.25_0.005_366	0.162790697674419
HRA003620_TTTCACACACTGCTTC-1_1	HRA003620_NC-27	HRA003620	DF.classifications_0.25_0.005_366	Singlet	pANN_0.25_0.005_366	0.0232558139534884
HRA003620_TTTCACACAGTACTAC-1_1	HRA003620_NC-27	HRA003620	DF.classifications_0.25_0.005_366	Singlet	pANN_0.25_0.005_366	0.162790697674419
HRA003620_TTTCACATCTCGACCT-1_1	HRA003620_NC-27	HRA003620	DF.classifications_0.25_0.005_366	Singlet	pANN_0.25_0.005_366	0.255813953488372
HRA003620_TTTCAGTAGCATCAGG-1_1	HRA003620_NC-27	HRA003620	DF.classifications_0.25_0.005_366	Singlet	pANN_0.25_0.005_366	0.0930232558139535
HRA003620_TTTCAGTAGCTGAAAT-1_1	HRA003620_NC-27	HRA003620	DF.classifications_0.25_0.005_366	Singlet	pANN_0.25_0.005_366	0.255813953488372
HRA003620_TTTCAGTCAGAGAGGG-1_1	HRA003620_NC-27	HRA003620	DF.classifications_0.25_0.005_366	Singlet	pANN_0.25_0.005_366	0.27906976744186
HRA003620_TTTCAGTGTTGGAGAC-1_1	HRA003620_NC-27	HRA003620	DF.classifications_0.25_0.005_366	Singlet	pANN_0.25_0.005_366	0.348837209302326
HRA003620_TTTCAGTTCCGTAATG-1_1	HRA003620_NC-27	HRA003620	DF.classifications_0.25_0.005_366	Singlet	pANN_0.25_0.005_366	0.186046511627907
HRA003620_TTTCAGTTCTTCACGC-1_1	HRA003620_NC-27	HRA003620	DF.classifications_0.25_0.005_366	Singlet	pANN_0.25_0.005_366	0.0697674418604651
HRA003620_TTTCATGAGGACTAAT-1_1	HRA003620_NC-27	HRA003620	DF.classifications_0.25_0.005_366	Singlet	pANN_0.25_0.005_366	0.209302325581395
HRA003620_TTTCATGAGGTAAGTT-1_1	HRA003620_NC-27	HRA003620	DF.classifications_0.25_0.005_366	Singlet	pANN_0.25_0.005_366	0.209302325581395
HRA003620_TTTCATGCAGTAACGG-1_1	HRA003620_NC-27	HRA003620	DF.classifications_0.25_0.005_366	Singlet	pANN_0.25_0.005_366	0.0465116279069767
HRA003620_TTTCATGGTAGCGCTC-1_1	HRA003620_NC-27	HRA003620	DF.classifications_0.25_0.005_366	Singlet	pANN_0.25_0.005_366	0.0465116279069767
HRA003620_TTTCATGGTGATACTC-1_1	HRA003620_NC-27	HRA003620	DF.classifications_0.25_0.005_366	Singlet	pANN_0.25_0.005_366	0.255813953488372
HRA003620_TTTCCTCAGGGCAGGA-1_1	HRA003620_NC-27	HRA003620	DF.classifications_0.25_0.005_366	Singlet	pANN_0.25_0.005_366	0.116279069767442
HRA003620_TTTCCTCAGTTCTCTT-1_1	HRA003620_NC-27	HRA003620	DF.classifications_0.25_0.005_366	Singlet	pANN_0.25_0.005_366	0.0697674418604651
HRA003620_TTTCCTCGTGCGTGCT-1_1	HRA003620_NC-27	HRA003620	DF.classifications_0.25_0.005_366	Singlet	pANN_0.25_0.005_366	0.186046511627907
HRA003620_TTTCCTCTCTCAACGA-1_1	HRA003620_NC-27	HRA003620	DF.classifications_0.25_0.005_366	Doublet	pANN_0.25_0.005_366	0.465116279069767
HRA003620_TTTCCTCTCTGGTGGC-1_1	HRA003620_NC-27	HRA003620	DF.classifications_0.25_0.005_366	Singlet	pANN_0.25_0.005_366	0.116279069767442
HRA003620_TTTCGATAGTTCATGC-1_1	HRA003620_NC-27	HRA003620	DF.classifications_0.25_0.005_366	Singlet	pANN_0.25_0.005_366	0.232558139534884
HRA003620_TTTCGATCAAGGACAC-1_1	HRA003620_NC-27	HRA003620	DF.classifications_0.25_0.005_366	Singlet	pANN_0.25_0.005_366	0.209302325581395
HRA003620_TTTCGATCAAGTGCTT-1_1	HRA003620_NC-27	HRA003620	DF.classifications_0.25_0.005_366	Singlet	pANN_0.25_0.005_366	0.232558139534884
HRA003620_TTTCGATCACAACGCC-1_1	HRA003620_NC-27	HRA003620	DF.classifications_0.25_0.005_366	Singlet	pANN_0.25_0.005_366	0.0465116279069767
HRA003620_TTTCGATCAGAACTTC-1_1	HRA003620_NC-27	HRA003620	DF.classifications_0.25_0.005_366	Singlet	pANN_0.25_0.005_366	0.186046511627907
HRA003620_TTTCGATCAGATACTC-1_1	HRA003620_NC-27	HRA003620	DF.classifications_0.25_0.005_366	Singlet	pANN_0.25_0.005_366	0.302325581395349
HRA003620_TTTCGATGTGTTCCAA-1_1	HRA003620_NC-27	HRA003620	DF.classifications_0.25_0.005_366	Singlet	pANN_0.25_0.005_366	0.13953488372093
HRA003620_TTTCGATTCACAGAGG-1_1	HRA003620_NC-27	HRA003620	DF.classifications_0.25_0.005_366	Singlet	pANN_0.25_0.005_366	0.13953488372093
HRA003620_TTTGACTAGAGAGTTT-1_1	HRA003620_NC-27	HRA003620	DF.classifications_0.25_0.005_366	Singlet	pANN_0.25_0.005_366	0.0930232558139535
HRA003620_TTTGACTAGATCCAAA-1_1	HRA003620_NC-27	HRA003620	DF.classifications_0.25_0.005_366	Singlet	pANN_0.25_0.005_366	0.348837209302326
HRA003620_TTTGACTAGGACTGGT-1_1	HRA003620_NC-27	HRA003620	DF.classifications_0.25_0.005_366	Singlet	pANN_0.25_0.005_366	0.232558139534884
HRA003620_TTTGACTAGGCCTAAG-1_1	HRA003620_NC-27	HRA003620	DF.classifications_0.25_0.005_366	Doublet	pANN_0.25_0.005_366	0.488372093023256
HRA003620_TTTGACTCACGACGTC-1_1	HRA003620_NC-27	HRA003620	DF.classifications_0.25_0.005_366	Singlet	pANN_0.25_0.005_366	0
HRA003620_TTTGACTCACTAGTAC-1_1	HRA003620_NC-27	HRA003620	DF.classifications_0.25_0.005_366	Singlet	pANN_0.25_0.005_366	0.302325581395349
HRA003620_TTTGACTGTCATATGC-1_1	HRA003620_NC-27	HRA003620	DF.classifications_0.25_0.005_366	Singlet	pANN_0.25_0.005_366	0.162790697674419
HRA003620_TTTGACTTCGGATAAA-1_1	HRA003620_NC-27	HRA003620	DF.classifications_0.25_0.005_366	Doublet	pANN_0.25_0.005_366	0.558139534883721
HRA003620_TTTGATCAGGGAGATA-1_1	HRA003620_NC-27	HRA003620	DF.classifications_0.25_0.005_366	Singlet	pANN_0.25_0.005_366	0
HRA003620_TTTGATCAGGTAAACT-1_1	HRA003620_NC-27	HRA003620	DF.classifications_0.25_0.005_366	Singlet	pANN_0.25_0.005_366	0.13953488372093
HRA003620_TTTGATCCACGGATCC-1_1	HRA003620_NC-27	HRA003620	DF.classifications_0.25_0.005_366	Singlet	pANN_0.25_0.005_366	0.162790697674419
HRA003620_TTTGATCGTAACTTCG-1_1	HRA003620_NC-27	HRA003620	DF.classifications_0.25_0.005_366	Singlet	pANN_0.25_0.005_366	0.0697674418604651
HRA003620_TTTGATCGTAGAATGT-1_1	HRA003620_NC-27	HRA003620	DF.classifications_0.25_0.005_366	Singlet	pANN_0.25_0.005_366	0.27906976744186
HRA003620_TTTGATCTCACCTACC-1_1	HRA003620_NC-27	HRA003620	DF.classifications_0.25_0.005_366	Singlet	pANN_0.25_0.005_366	0.0930232558139535
HRA003620_TTTGATCTCATTGTTC-1_1	HRA003620_NC-27	HRA003620	DF.classifications_0.25_0.005_366	Singlet	pANN_0.25_0.005_366	0.0465116279069767
HRA003620_TTTGATCTCCCGAGGT-1_1	HRA003620_NC-27	HRA003620	DF.classifications_0.25_0.005_366	Singlet	pANN_0.25_0.005_366	0.232558139534884
HRA003620_TTTGGAGAGCGCAATG-1_1	HRA003620_NC-27	HRA003620	DF.classifications_0.25_0.005_366	Singlet	pANN_0.25_0.005_366	0.162790697674419
HRA003620_TTTGGAGAGCGCCTCA-1_1	HRA003620_NC-27	HRA003620	DF.classifications_0.25_0.005_366	Singlet	pANN_0.25_0.005_366	0.0465116279069767
HRA003620_TTTGGAGAGCTCTTCC-1_1	HRA003620_NC-27	HRA003620	DF.classifications_0.25_0.005_366	Singlet	pANN_0.25_0.005_366	0.13953488372093
HRA003620_TTTGGAGAGCTGTTAC-1_1	HRA003620_NC-27	HRA003620	DF.classifications_0.25_0.005_366	Doublet	pANN_0.25_0.005_366	0.558139534883721
HRA003620_TTTGGAGAGGAACGAA-1_1	HRA003620_NC-27	HRA003620	DF.classifications_0.25_0.005_366	Singlet	pANN_0.25_0.005_366	0.255813953488372
HRA003620_TTTGGAGAGGATCACG-1_1	HRA003620_NC-27	HRA003620	DF.classifications_0.25_0.005_366	Singlet	pANN_0.25_0.005_366	0.186046511627907
HRA003620_TTTGGAGTCAGCACCG-1_1	HRA003620_NC-27	HRA003620	DF.classifications_0.25_0.005_366	Singlet	pANN_0.25_0.005_366	0.116279069767442
HRA003620_TTTGGTTAGCGAGTCA-1_1	HRA003620_NC-27	HRA003620	DF.classifications_0.25_0.005_366	Singlet	pANN_0.25_0.005_366	0
HRA003620_TTTGGTTCAAGTGATA-1_1	HRA003620_NC-27	HRA003620	DF.classifications_0.25_0.005_366	Singlet	pANN_0.25_0.005_366	0
HRA003620_TTTGGTTTCACCTACC-1_1	HRA003620_NC-27	HRA003620	DF.classifications_0.25_0.005_366	Singlet	pANN_0.25_0.005_366	0.116279069767442
HRA003620_TTTGGTTTCTTCGGAA-1_1	HRA003620_NC-27	HRA003620	DF.classifications_0.25_0.005_366	Singlet	pANN_0.25_0.005_366	0.162790697674419
HRA003620_TTTGTTGAGTATGAAC-1_1	HRA003620_NC-27	HRA003620	DF.classifications_0.25_0.005_366	Singlet	pANN_0.25_0.005_366	0.162790697674419
HRA003620_TTTGTTGCACAGCCAC-1_1	HRA003620_NC-27	HRA003620	DF.classifications_0.25_0.005_366	Singlet	pANN_0.25_0.005_366	0.255813953488372
HRA003620_TTTGTTGCATGACTAC-1_1	HRA003620_NC-27	HRA003620	DF.classifications_0.25_0.005_366	Singlet	pANN_0.25_0.005_366	0.162790697674419
HRA003620_TTTGTTGTCACTTCTA-1_1	HRA003620_NC-27	HRA003620	DF.classifications_0.25_0.005_366	Singlet	pANN_0.25_0.005_366	0.232558139534884
HRA003620_TTTGTTGTCCCATGGG-1_1	HRA003620_NC-27	HRA003620	DF.classifications_0.25_0.005_366	Singlet	pANN_0.25_0.005_366	0.0697674418604651
