cell_id	orig.ident	dataset	df_classification_column	df_classification	df_pANN_column	df_pANN
CNP0000460_AAACCTGAGGGATCTG-1_1_1_1	CNP0000460_P03T	CNP0000460	DF.classifications_0.25_0.22_204	Singlet	pANN_0.25_0.22_204	0.303524804177546
CNP0000460_AAACCTGAGGGCATGT-1_1_1_1	CNP0000460_P03T	CNP0000460	DF.classifications_0.25_0.22_204	Singlet	pANN_0.25_0.22_204	0.359660574412533
CNP0000460_AAACCTGAGTAAGTAC-1_1_1_1	CNP0000460_P03T	CNP0000460	DF.classifications_0.25_0.22_204	Doublet	pANN_0.25_0.22_204	0.362271540469974
CNP0000460_AAACCTGCACAACGTT-1_1_1_1	CNP0000460_P03T	CNP0000460	DF.classifications_0.25_0.22_204	Singlet	pANN_0.25_0.22_204	0.206919060052219
CNP0000460_AAACCTGCAGCTCCGA-1_1_1_1	CNP0000460_P03T	CNP0000460	DF.classifications_0.25_0.22_204	Singlet	pANN_0.25_0.22_204	0.169712793733681
CNP0000460_AAACCTGCATCGATGT-1_1_1_1	CNP0000460_P03T	CNP0000460	DF.classifications_0.25_0.22_204	Singlet	pANN_0.25_0.22_204	0.0907310704960835
CNP0000460_AAACCTGGTCTCGTTC-1_1_1_1	CNP0000460_P03T	CNP0000460	DF.classifications_0.25_0.22_204	Singlet	pANN_0.25_0.22_204	0.0992167101827676
CNP0000460_AAACCTGGTGAAGGCT-1_1_1_1	CNP0000460_P03T	CNP0000460	DF.classifications_0.25_0.22_204	Singlet	pANN_0.25_0.22_204	0.119451697127937
CNP0000460_AAACCTGTCCTCAACC-1_1_1_1	CNP0000460_P03T	CNP0000460	DF.classifications_0.25_0.22_204	Singlet	pANN_0.25_0.22_204	0.127284595300261
CNP0000460_AAACCTGTCGCCAAAT-1_1_1_1	CNP0000460_P03T	CNP0000460	DF.classifications_0.25_0.22_204	Singlet	pANN_0.25_0.22_204	0.117493472584856
CNP0000460_AAACCTGTCGCCGTGA-1_1_1_1	CNP0000460_P03T	CNP0000460	DF.classifications_0.25_0.22_204	Singlet	pANN_0.25_0.22_204	0.357049608355091
CNP0000460_AAACCTGTCGTAGGTT-1_1_1_1	CNP0000460_P03T	CNP0000460	DF.classifications_0.25_0.22_204	Singlet	pANN_0.25_0.22_204	0.0992167101827676
CNP0000460_AAACCTGTCTGCTGCT-1_1_1_1	CNP0000460_P03T	CNP0000460	DF.classifications_0.25_0.22_204	Singlet	pANN_0.25_0.22_204	0.355744125326371
CNP0000460_AAACCTGTCTGTTTGT-1_1_1_1	CNP0000460_P03T	CNP0000460	DF.classifications_0.25_0.22_204	Singlet	pANN_0.25_0.22_204	0.281331592689295
CNP0000460_AAACGGGAGAGATGAG-1_1_1_1	CNP0000460_P03T	CNP0000460	DF.classifications_0.25_0.22_204	Singlet	pANN_0.25_0.22_204	0.0907310704960835
CNP0000460_AAACGGGAGGGCACTA-1_1_1_1	CNP0000460_P03T	CNP0000460	DF.classifications_0.25_0.22_204	Singlet	pANN_0.25_0.22_204	0.143603133159269
CNP0000460_AAACGGGCAATCACAC-1_1_1_1	CNP0000460_P03T	CNP0000460	DF.classifications_0.25_0.22_204	Singlet	pANN_0.25_0.22_204	0.259791122715405
CNP0000460_AAACGGGCACGAGAGT-1_1_1_1	CNP0000460_P03T	CNP0000460	DF.classifications_0.25_0.22_204	Singlet	pANN_0.25_0.22_204	0.163838120104439
CNP0000460_AAACGGGGTGTAAGTA-1_1_1_1	CNP0000460_P03T	CNP0000460	DF.classifications_0.25_0.22_204	Singlet	pANN_0.25_0.22_204	0.252610966057441
CNP0000460_AAACGGGGTGTGCGTC-1_1_1_1	CNP0000460_P03T	CNP0000460	DF.classifications_0.25_0.22_204	Singlet	pANN_0.25_0.22_204	0.0711488250652741
CNP0000460_AAACGGGGTTAAGGGC-1_1_1_1	CNP0000460_P03T	CNP0000460	DF.classifications_0.25_0.22_204	Singlet	pANN_0.25_0.22_204	0.111618798955614
CNP0000460_AAACGGGTCAGCAACT-1_1_1_1	CNP0000460_P03T	CNP0000460	DF.classifications_0.25_0.22_204	Singlet	pANN_0.25_0.22_204	0.108355091383812
CNP0000460_AAACGGGTCCAAGTAC-1_1_1_1	CNP0000460_P03T	CNP0000460	DF.classifications_0.25_0.22_204	Singlet	pANN_0.25_0.22_204	0.305483028720627
CNP0000460_AAACGGGTCGCATGAT-1_1_1_1	CNP0000460_P03T	CNP0000460	DF.classifications_0.25_0.22_204	Singlet	pANN_0.25_0.22_204	0.111618798955614
CNP0000460_AAACGGGTCGTGGACC-1_1_1_1	CNP0000460_P03T	CNP0000460	DF.classifications_0.25_0.22_204	Singlet	pANN_0.25_0.22_204	0.201697127937337
CNP0000460_AAACGGGTCTAAGCCA-1_1_1_1	CNP0000460_P03T	CNP0000460	DF.classifications_0.25_0.22_204	Singlet	pANN_0.25_0.22_204	0.202349869451697
CNP0000460_AAAGATGAGAAACGCC-1_1_1_1	CNP0000460_P03T	CNP0000460	DF.classifications_0.25_0.22_204	Singlet	pANN_0.25_0.22_204	0.289164490861619
CNP0000460_AAAGATGAGTATTGGA-1_1_1_1	CNP0000460_P03T	CNP0000460	DF.classifications_0.25_0.22_204	Singlet	pANN_0.25_0.22_204	0.311357702349869
CNP0000460_AAAGATGCAAAGGTGC-1_1_1_1	CNP0000460_P03T	CNP0000460	DF.classifications_0.25_0.22_204	Singlet	pANN_0.25_0.22_204	0.152088772845953
CNP0000460_AAAGATGCAGCTATTG-1_1_1_1	CNP0000460_P03T	CNP0000460	DF.classifications_0.25_0.22_204	Singlet	pANN_0.25_0.22_204	0.101174934725849
CNP0000460_AAAGCAAAGCACACAG-1_1_1_1	CNP0000460_P03T	CNP0000460	DF.classifications_0.25_0.22_204	Singlet	pANN_0.25_0.22_204	0.236945169712794
CNP0000460_AAAGCAAAGCGATAGC-1_1_1_1	CNP0000460_P03T	CNP0000460	DF.classifications_0.25_0.22_204	Singlet	pANN_0.25_0.22_204	0.350522193211488
CNP0000460_AAAGCAACAGCTATTG-1_1_1_1	CNP0000460_P03T	CNP0000460	DF.classifications_0.25_0.22_204	Singlet	pANN_0.25_0.22_204	0.0985639686684073
CNP0000460_AAAGCAACAGTCAGAG-1_1_1_1	CNP0000460_P03T	CNP0000460	DF.classifications_0.25_0.22_204	Singlet	pANN_0.25_0.22_204	0.345953002610966
CNP0000460_AAAGCAAGTACTTAGC-1_1_1_1	CNP0000460_P03T	CNP0000460	DF.classifications_0.25_0.22_204	Singlet	pANN_0.25_0.22_204	0.352480417754569
CNP0000460_AAAGCAAGTGATGTGG-1_1_1_1	CNP0000460_P03T	CNP0000460	DF.classifications_0.25_0.22_204	Singlet	pANN_0.25_0.22_204	0.350522193211488
CNP0000460_AAAGCAATCAAACGGG-1_1_1_1	CNP0000460_P03T	CNP0000460	DF.classifications_0.25_0.22_204	Singlet	pANN_0.25_0.22_204	0.178851174934726
CNP0000460_AAAGCAATCAACGGCC-1_1_1_1	CNP0000460_P03T	CNP0000460	DF.classifications_0.25_0.22_204	Singlet	pANN_0.25_0.22_204	0.16579634464752
CNP0000460_AAAGCAATCATATCGG-1_1_1_1	CNP0000460_P03T	CNP0000460	DF.classifications_0.25_0.22_204	Singlet	pANN_0.25_0.22_204	0.35378590078329
CNP0000460_AAAGCAATCCAAACTG-1_1_1_1	CNP0000460_P03T	CNP0000460	DF.classifications_0.25_0.22_204	Singlet	pANN_0.25_0.22_204	0.102480417754569
CNP0000460_AAAGTAGAGCTTATCG-1_1_1_1	CNP0000460_P03T	CNP0000460	DF.classifications_0.25_0.22_204	Singlet	pANN_0.25_0.22_204	0.266318537859008
CNP0000460_AAAGTAGAGGTGATTA-1_1_1_1	CNP0000460_P03T	CNP0000460	DF.classifications_0.25_0.22_204	Singlet	pANN_0.25_0.22_204	0.281984334203655
CNP0000460_AAAGTAGCAAAGCGGT-1_1_1_1	CNP0000460_P03T	CNP0000460	DF.classifications_0.25_0.22_204	Singlet	pANN_0.25_0.22_204	0.300913838120104
CNP0000460_AAAGTAGCAACGCACC-1_1_1_1	CNP0000460_P03T	CNP0000460	DF.classifications_0.25_0.22_204	Singlet	pANN_0.25_0.22_204	0.350522193211488
CNP0000460_AAAGTAGTCAAGCCTA-1_1_1_1	CNP0000460_P03T	CNP0000460	DF.classifications_0.25_0.22_204	Singlet	pANN_0.25_0.22_204	0.358355091383812
CNP0000460_AAATGCCAGCGTTCCG-1_1_1_1	CNP0000460_P03T	CNP0000460	DF.classifications_0.25_0.22_204	Singlet	pANN_0.25_0.22_204	0.206919060052219
CNP0000460_AAATGCCAGCTGTCTA-1_1_1_1	CNP0000460_P03T	CNP0000460	DF.classifications_0.25_0.22_204	Singlet	pANN_0.25_0.22_204	0.349216710182768
CNP0000460_AAATGCCCACAGATTC-1_1_1_1	CNP0000460_P03T	CNP0000460	DF.classifications_0.25_0.22_204	Singlet	pANN_0.25_0.22_204	0.288511749347258
CNP0000460_AAATGCCCACCACGTG-1_1_1_1	CNP0000460_P03T	CNP0000460	DF.classifications_0.25_0.22_204	Singlet	pANN_0.25_0.22_204	0.118798955613577
CNP0000460_AAATGCCCACGGTAGA-1_1_1_1	CNP0000460_P03T	CNP0000460	DF.classifications_0.25_0.22_204	Singlet	pANN_0.25_0.22_204	0.230417754569191
CNP0000460_AAATGCCCACTTGGAT-1_1_1_1	CNP0000460_P03T	CNP0000460	DF.classifications_0.25_0.22_204	Singlet	pANN_0.25_0.22_204	0.287859007832898
CNP0000460_AAATGCCCAGGAACGT-1_1_1_1	CNP0000460_P03T	CNP0000460	DF.classifications_0.25_0.22_204	Singlet	pANN_0.25_0.22_204	0.101174934725849
CNP0000460_AAATGCCGTAAGTGTA-1_1_1_1	CNP0000460_P03T	CNP0000460	DF.classifications_0.25_0.22_204	Singlet	pANN_0.25_0.22_204	0.239556135770235
CNP0000460_AAATGCCGTCAATGTC-1_1_1_1	CNP0000460_P03T	CNP0000460	DF.classifications_0.25_0.22_204	Singlet	pANN_0.25_0.22_204	0.35378590078329
CNP0000460_AAATGCCGTCGCATAT-1_1_1_1	CNP0000460_P03T	CNP0000460	DF.classifications_0.25_0.22_204	Singlet	pANN_0.25_0.22_204	0.286553524804178
CNP0000460_AAATGCCGTTGATTCG-1_1_1_1	CNP0000460_P03T	CNP0000460	DF.classifications_0.25_0.22_204	Singlet	pANN_0.25_0.22_204	0.0953002610966057
CNP0000460_AAATGCCTCACAGGCC-1_1_1_1	CNP0000460_P03T	CNP0000460	DF.classifications_0.25_0.22_204	Singlet	pANN_0.25_0.22_204	0.0920365535248042
CNP0000460_AAATGCCTCCGCAGTG-1_1_1_1	CNP0000460_P03T	CNP0000460	DF.classifications_0.25_0.22_204	Singlet	pANN_0.25_0.22_204	0.107702349869452
CNP0000460_AAATGCCTCGATGAGG-1_1_1_1	CNP0000460_P03T	CNP0000460	DF.classifications_0.25_0.22_204	Singlet	pANN_0.25_0.22_204	0.351174934725849
CNP0000460_AACACGTAGTCCAGGA-1_1_1_1	CNP0000460_P03T	CNP0000460	DF.classifications_0.25_0.22_204	Singlet	pANN_0.25_0.22_204	0.199086161879896
CNP0000460_AACACGTCAAGAGTCG-1_1_1_1	CNP0000460_P03T	CNP0000460	DF.classifications_0.25_0.22_204	Singlet	pANN_0.25_0.22_204	0.0907310704960835
CNP0000460_AACACGTGTACCGAGA-1_1_1_1	CNP0000460_P03T	CNP0000460	DF.classifications_0.25_0.22_204	Singlet	pANN_0.25_0.22_204	0.350522193211488
CNP0000460_AACACGTGTAGGAGTC-1_1_1_1	CNP0000460_P03T	CNP0000460	DF.classifications_0.25_0.22_204	Singlet	pANN_0.25_0.22_204	0.347258485639687
CNP0000460_AACACGTGTGCAACGA-1_1_1_1	CNP0000460_P03T	CNP0000460	DF.classifications_0.25_0.22_204	Singlet	pANN_0.25_0.22_204	0.284595300261097
CNP0000460_AACACGTTCACGAAGG-1_1_1_1	CNP0000460_P03T	CNP0000460	DF.classifications_0.25_0.22_204	Singlet	pANN_0.25_0.22_204	0.351827676240209
CNP0000460_AACACGTTCACTCTTA-1_1_1_1	CNP0000460_P03T	CNP0000460	DF.classifications_0.25_0.22_204	Singlet	pANN_0.25_0.22_204	0.257832898172324
CNP0000460_AACACGTTCATTATCC-1_1_1_1	CNP0000460_P03T	CNP0000460	DF.classifications_0.25_0.22_204	Singlet	pANN_0.25_0.22_204	0.347911227154047
CNP0000460_AACACGTTCGTAGATC-1_1_1_1	CNP0000460_P03T	CNP0000460	DF.classifications_0.25_0.22_204	Singlet	pANN_0.25_0.22_204	0.351827676240209
CNP0000460_AACACGTTCTTTAGGG-1_1_1_1	CNP0000460_P03T	CNP0000460	DF.classifications_0.25_0.22_204	Singlet	pANN_0.25_0.22_204	0.216710182767624
CNP0000460_AACCATGAGCGCCTTG-1_1_1_1	CNP0000460_P03T	CNP0000460	DF.classifications_0.25_0.22_204	Singlet	pANN_0.25_0.22_204	0.0959530026109661
CNP0000460_AACCATGAGGCAATTA-1_1_1_1	CNP0000460_P03T	CNP0000460	DF.classifications_0.25_0.22_204	Singlet	pANN_0.25_0.22_204	0.20822454308094
CNP0000460_AACCATGAGTGTCCAT-1_1_1_1	CNP0000460_P03T	CNP0000460	DF.classifications_0.25_0.22_204	Singlet	pANN_0.25_0.22_204	0.149477806788512
CNP0000460_AACCATGCAAGCTGTT-1_1_1_1	CNP0000460_P03T	CNP0000460	DF.classifications_0.25_0.22_204	Singlet	pANN_0.25_0.22_204	0.0926892950391645
CNP0000460_AACCATGCACATGGGA-1_1_1_1	CNP0000460_P03T	CNP0000460	DF.classifications_0.25_0.22_204	Singlet	pANN_0.25_0.22_204	0.128590078328982
CNP0000460_AACCATGCAGCATGAG-1_1_1_1	CNP0000460_P03T	CNP0000460	DF.classifications_0.25_0.22_204	Singlet	pANN_0.25_0.22_204	0.298302872062663
CNP0000460_AACCATGGTGTTCGAT-1_1_1_1	CNP0000460_P03T	CNP0000460	DF.classifications_0.25_0.22_204	Singlet	pANN_0.25_0.22_204	0.35313315926893
CNP0000460_AACCATGTCGCTTAGA-1_1_1_1	CNP0000460_P03T	CNP0000460	DF.classifications_0.25_0.22_204	Singlet	pANN_0.25_0.22_204	0.174934725848564
CNP0000460_AACCGCGAGAATTGTG-1_1_1_1	CNP0000460_P03T	CNP0000460	DF.classifications_0.25_0.22_204	Doublet	pANN_0.25_0.22_204	0.364882506527415
CNP0000460_AACCGCGAGGAACTGC-1_1_1_1	CNP0000460_P03T	CNP0000460	DF.classifications_0.25_0.22_204	Singlet	pANN_0.25_0.22_204	0.244778067885117
CNP0000460_AACCGCGAGTCGAGTG-1_1_1_1	CNP0000460_P03T	CNP0000460	DF.classifications_0.25_0.22_204	Singlet	pANN_0.25_0.22_204	0.0920365535248042
CNP0000460_AACCGCGCAAGAAGAG-1_1_1_1	CNP0000460_P03T	CNP0000460	DF.classifications_0.25_0.22_204	Singlet	pANN_0.25_0.22_204	0.0926892950391645
CNP0000460_AACCGCGGTAGGAGTC-1_1_1_1	CNP0000460_P03T	CNP0000460	DF.classifications_0.25_0.22_204	Singlet	pANN_0.25_0.22_204	0.097911227154047
CNP0000460_AACCGCGTCAAACAAG-1_1_1_1	CNP0000460_P03T	CNP0000460	DF.classifications_0.25_0.22_204	Singlet	pANN_0.25_0.22_204	0.22845953002611
CNP0000460_AACCGCGTCCAGTAGT-1_1_1_1	CNP0000460_P03T	CNP0000460	DF.classifications_0.25_0.22_204	Singlet	pANN_0.25_0.22_204	0.259138381201044
CNP0000460_AACCGCGTCCTCGCAT-1_1_1_1	CNP0000460_P03T	CNP0000460	DF.classifications_0.25_0.22_204	Singlet	pANN_0.25_0.22_204	0.106396866840731
CNP0000460_AACGTTGAGTTGCAGG-1_1_1_1	CNP0000460_P03T	CNP0000460	DF.classifications_0.25_0.22_204	Singlet	pANN_0.25_0.22_204	0.122062663185379
CNP0000460_AACGTTGCATTGGTAC-1_1_1_1	CNP0000460_P03T	CNP0000460	DF.classifications_0.25_0.22_204	Doublet	pANN_0.25_0.22_204	0.360313315926893
CNP0000460_AACGTTGGTGTGCGTC-1_1_1_1	CNP0000460_P03T	CNP0000460	DF.classifications_0.25_0.22_204	Singlet	pANN_0.25_0.22_204	0.087467362924282
CNP0000460_AACGTTGGTGTTGGGA-1_1_1_1	CNP0000460_P03T	CNP0000460	DF.classifications_0.25_0.22_204	Singlet	pANN_0.25_0.22_204	0.35509138381201
CNP0000460_AACGTTGTCACGATGT-1_1_1_1	CNP0000460_P03T	CNP0000460	DF.classifications_0.25_0.22_204	Singlet	pANN_0.25_0.22_204	0.130548302872063
CNP0000460_AACGTTGTCAGTGTTG-1_1_1_1	CNP0000460_P03T	CNP0000460	DF.classifications_0.25_0.22_204	Singlet	pANN_0.25_0.22_204	0.139686684073107
CNP0000460_AACGTTGTCTGGTTCC-1_1_1_1	CNP0000460_P03T	CNP0000460	DF.classifications_0.25_0.22_204	Singlet	pANN_0.25_0.22_204	0.0907310704960835
CNP0000460_AACGTTGTCTTAGCCC-1_1_1_1	CNP0000460_P03T	CNP0000460	DF.classifications_0.25_0.22_204	Doublet	pANN_0.25_0.22_204	0.365535248041775
CNP0000460_AACTCAGAGTGTTTGC-1_1_1_1	CNP0000460_P03T	CNP0000460	DF.classifications_0.25_0.22_204	Singlet	pANN_0.25_0.22_204	0.0828981723237598
CNP0000460_AACTCAGCAAGCGATG-1_1_1_1	CNP0000460_P03T	CNP0000460	DF.classifications_0.25_0.22_204	Singlet	pANN_0.25_0.22_204	0.110313315926893
CNP0000460_AACTCAGCACCGTTGG-1_1_1_1	CNP0000460_P03T	CNP0000460	DF.classifications_0.25_0.22_204	Singlet	pANN_0.25_0.22_204	0.277415143603133
CNP0000460_AACTCAGCACTGTGTA-1_1_1_1	CNP0000460_P03T	CNP0000460	DF.classifications_0.25_0.22_204	Singlet	pANN_0.25_0.22_204	0.10443864229765
CNP0000460_AACTCAGGTACATGTC-1_1_1_1	CNP0000460_P03T	CNP0000460	DF.classifications_0.25_0.22_204	Singlet	pANN_0.25_0.22_204	0.115535248041775
CNP0000460_AACTCAGGTGCACCAC-1_1_1_1	CNP0000460_P03T	CNP0000460	DF.classifications_0.25_0.22_204	Singlet	pANN_0.25_0.22_204	0.10313315926893
CNP0000460_AACTCAGGTGCACTTA-1_1_1_1	CNP0000460_P03T	CNP0000460	DF.classifications_0.25_0.22_204	Singlet	pANN_0.25_0.22_204	0.302219321148825
CNP0000460_AACTCAGGTTAGGGTG-1_1_1_1	CNP0000460_P03T	CNP0000460	DF.classifications_0.25_0.22_204	Singlet	pANN_0.25_0.22_204	0.217362924281984
CNP0000460_AACTCAGTCAAGCCTA-1_1_1_1	CNP0000460_P03T	CNP0000460	DF.classifications_0.25_0.22_204	Singlet	pANN_0.25_0.22_204	0.0939947780678851
CNP0000460_AACTCAGTCCCTCAGT-1_1_1_1	CNP0000460_P03T	CNP0000460	DF.classifications_0.25_0.22_204	Singlet	pANN_0.25_0.22_204	0.263707571801567
CNP0000460_AACTCAGTCCTAGAAC-1_1_1_1	CNP0000460_P03T	CNP0000460	DF.classifications_0.25_0.22_204	Singlet	pANN_0.25_0.22_204	0.280026109660574
CNP0000460_AACTCAGTCGCTGATA-1_1_1_1	CNP0000460_P03T	CNP0000460	DF.classifications_0.25_0.22_204	Doublet	pANN_0.25_0.22_204	0.360313315926893
CNP0000460_AACTCCCAGTCATGCT-1_1_1_1	CNP0000460_P03T	CNP0000460	DF.classifications_0.25_0.22_204	Singlet	pANN_0.25_0.22_204	0.244125326370757
CNP0000460_AACTCCCCAATGGAGC-1_1_1_1	CNP0000460_P03T	CNP0000460	DF.classifications_0.25_0.22_204	Singlet	pANN_0.25_0.22_204	0.223237597911227
CNP0000460_AACTCCCCACATGTGT-1_1_1_1	CNP0000460_P03T	CNP0000460	DF.classifications_0.25_0.22_204	Singlet	pANN_0.25_0.22_204	0.281984334203655
CNP0000460_AACTCCCCACGAAACG-1_1_1_1	CNP0000460_P03T	CNP0000460	DF.classifications_0.25_0.22_204	Singlet	pANN_0.25_0.22_204	0.121409921671018
CNP0000460_AACTCCCCACTATCTT-1_1_1_1	CNP0000460_P03T	CNP0000460	DF.classifications_0.25_0.22_204	Singlet	pANN_0.25_0.22_204	0.161879895561358
CNP0000460_AACTCCCGTAATAGCA-1_1_1_1	CNP0000460_P03T	CNP0000460	DF.classifications_0.25_0.22_204	Singlet	pANN_0.25_0.22_204	0.128590078328982
CNP0000460_AACTCCCGTACTCAAC-1_1_1_1	CNP0000460_P03T	CNP0000460	DF.classifications_0.25_0.22_204	Doublet	pANN_0.25_0.22_204	0.361618798955614
CNP0000460_AACTCCCGTAGCGTAG-1_1_1_1	CNP0000460_P03T	CNP0000460	DF.classifications_0.25_0.22_204	Singlet	pANN_0.25_0.22_204	0.0913838120104439
CNP0000460_AACTCCCTCCGCGGTA-1_1_1_1	CNP0000460_P03T	CNP0000460	DF.classifications_0.25_0.22_204	Singlet	pANN_0.25_0.22_204	0.0881201044386423
CNP0000460_AACTCCCTCTGTCTAT-1_1_1_1	CNP0000460_P03T	CNP0000460	DF.classifications_0.25_0.22_204	Singlet	pANN_0.25_0.22_204	0.117493472584856
CNP0000460_AACTCTTAGAAGAAGC-1_1_1_1	CNP0000460_P03T	CNP0000460	DF.classifications_0.25_0.22_204	Singlet	pANN_0.25_0.22_204	0.356396866840731
CNP0000460_AACTCTTAGACCTTTG-1_1_1_1	CNP0000460_P03T	CNP0000460	DF.classifications_0.25_0.22_204	Singlet	pANN_0.25_0.22_204	0.162532637075718
CNP0000460_AACTCTTCACTCGACG-1_1_1_1	CNP0000460_P03T	CNP0000460	DF.classifications_0.25_0.22_204	Singlet	pANN_0.25_0.22_204	0.31266318537859
CNP0000460_AACTCTTCAGGTGGAT-1_1_1_1	CNP0000460_P03T	CNP0000460	DF.classifications_0.25_0.22_204	Singlet	pANN_0.25_0.22_204	0.350522193211488
CNP0000460_AACTCTTCATCCGCGA-1_1_1_1	CNP0000460_P03T	CNP0000460	DF.classifications_0.25_0.22_204	Singlet	pANN_0.25_0.22_204	0.120757180156658
CNP0000460_AACTCTTGTCCAGTTA-1_1_1_1	CNP0000460_P03T	CNP0000460	DF.classifications_0.25_0.22_204	Singlet	pANN_0.25_0.22_204	0.35509138381201
CNP0000460_AACTCTTGTGTCAATC-1_1_1_1	CNP0000460_P03T	CNP0000460	DF.classifications_0.25_0.22_204	Singlet	pANN_0.25_0.22_204	0.107049608355091
CNP0000460_AACTCTTGTTCACCTC-1_1_1_1	CNP0000460_P03T	CNP0000460	DF.classifications_0.25_0.22_204	Singlet	pANN_0.25_0.22_204	0.351827676240209
CNP0000460_AACTCTTTCAATCACG-1_1_1_1	CNP0000460_P03T	CNP0000460	DF.classifications_0.25_0.22_204	Singlet	pANN_0.25_0.22_204	0.2911227154047
CNP0000460_AACTCTTTCACGGTTA-1_1_1_1	CNP0000460_P03T	CNP0000460	DF.classifications_0.25_0.22_204	Singlet	pANN_0.25_0.22_204	0.172976501305483
CNP0000460_AACTCTTTCATTTGGG-1_1_1_1	CNP0000460_P03T	CNP0000460	DF.classifications_0.25_0.22_204	Singlet	pANN_0.25_0.22_204	0.226501305483029
CNP0000460_AACTCTTTCCGAACGC-1_1_1_1	CNP0000460_P03T	CNP0000460	DF.classifications_0.25_0.22_204	Singlet	pANN_0.25_0.22_204	0.206919060052219
CNP0000460_AACTCTTTCTCCAGGG-1_1_1_1	CNP0000460_P03T	CNP0000460	DF.classifications_0.25_0.22_204	Doublet	pANN_0.25_0.22_204	0.361618798955614
CNP0000460_AACTCTTTCTGCGGCA-1_1_1_1	CNP0000460_P03T	CNP0000460	DF.classifications_0.25_0.22_204	Singlet	pANN_0.25_0.22_204	0.355744125326371
CNP0000460_AACTCTTTCTGCTTGC-1_1_1_1	CNP0000460_P03T	CNP0000460	DF.classifications_0.25_0.22_204	Singlet	pANN_0.25_0.22_204	0.232375979112272
CNP0000460_AACTGGTAGCAGCGTA-1_1_1_1	CNP0000460_P03T	CNP0000460	DF.classifications_0.25_0.22_204	Singlet	pANN_0.25_0.22_204	0.35378590078329
CNP0000460_AACTGGTAGCCCTAAT-1_1_1_1	CNP0000460_P03T	CNP0000460	DF.classifications_0.25_0.22_204	Singlet	pANN_0.25_0.22_204	0.0881201044386423
CNP0000460_AACTGGTAGTACTTGC-1_1_1_1	CNP0000460_P03T	CNP0000460	DF.classifications_0.25_0.22_204	Singlet	pANN_0.25_0.22_204	0.286553524804178
CNP0000460_AACTGGTAGTCACGCC-1_1_1_1	CNP0000460_P03T	CNP0000460	DF.classifications_0.25_0.22_204	Singlet	pANN_0.25_0.22_204	0.118798955613577
CNP0000460_AACTGGTCAGTTTACG-1_1_1_1	CNP0000460_P03T	CNP0000460	DF.classifications_0.25_0.22_204	Singlet	pANN_0.25_0.22_204	0.165143603133159
CNP0000460_AACTGGTGTCAAAGCG-1_1_1_1	CNP0000460_P03T	CNP0000460	DF.classifications_0.25_0.22_204	Singlet	pANN_0.25_0.22_204	0.111618798955614
CNP0000460_AACTGGTGTGGTCCGT-1_1_1_1	CNP0000460_P03T	CNP0000460	DF.classifications_0.25_0.22_204	Singlet	pANN_0.25_0.22_204	0.289164490861619
CNP0000460_AACTGGTGTTGTCTTT-1_1_1_1	CNP0000460_P03T	CNP0000460	DF.classifications_0.25_0.22_204	Singlet	pANN_0.25_0.22_204	0.35443864229765
CNP0000460_AACTGGTTCGTGACAT-1_1_1_1	CNP0000460_P03T	CNP0000460	DF.classifications_0.25_0.22_204	Singlet	pANN_0.25_0.22_204	0.357049608355091
CNP0000460_AACTGGTTCTAACTGG-1_1_1_1	CNP0000460_P03T	CNP0000460	DF.classifications_0.25_0.22_204	Singlet	pANN_0.25_0.22_204	0.101827676240209
CNP0000460_AACTGGTTCTTGTTTG-1_1_1_1	CNP0000460_P03T	CNP0000460	DF.classifications_0.25_0.22_204	Singlet	pANN_0.25_0.22_204	0.263707571801567
CNP0000460_AACTTTCAGGACCACA-1_1_1_1	CNP0000460_P03T	CNP0000460	DF.classifications_0.25_0.22_204	Singlet	pANN_0.25_0.22_204	0.131853785900783
CNP0000460_AACTTTCAGTAGCCGA-1_1_1_1	CNP0000460_P03T	CNP0000460	DF.classifications_0.25_0.22_204	Singlet	pANN_0.25_0.22_204	0.35509138381201
CNP0000460_AACTTTCCAAGCTGAG-1_1_1_1	CNP0000460_P03T	CNP0000460	DF.classifications_0.25_0.22_204	Singlet	pANN_0.25_0.22_204	0.10509138381201
CNP0000460_AACTTTCCAAGTTGTC-1_1_1_1	CNP0000460_P03T	CNP0000460	DF.classifications_0.25_0.22_204	Singlet	pANN_0.25_0.22_204	0.130548302872063
CNP0000460_AACTTTCGTAGCGTCC-1_1_1_1	CNP0000460_P03T	CNP0000460	DF.classifications_0.25_0.22_204	Singlet	pANN_0.25_0.22_204	0.169060052219321
CNP0000460_AACTTTCTCGCCAAAT-1_1_1_1	CNP0000460_P03T	CNP0000460	DF.classifications_0.25_0.22_204	Doublet	pANN_0.25_0.22_204	0.360313315926893
CNP0000460_AACTTTCTCTCGATGA-1_1_1_1	CNP0000460_P03T	CNP0000460	DF.classifications_0.25_0.22_204	Singlet	pANN_0.25_0.22_204	0.358355091383812
CNP0000460_AACTTTCTCTCGTTTA-1_1_1_1	CNP0000460_P03T	CNP0000460	DF.classifications_0.25_0.22_204	Singlet	pANN_0.25_0.22_204	0.269582245430809
CNP0000460_AAGACCTAGGGCTCTC-1_1_1_1	CNP0000460_P03T	CNP0000460	DF.classifications_0.25_0.22_204	Singlet	pANN_0.25_0.22_204	0.351827676240209
CNP0000460_AAGACCTCACCGCTAG-1_1_1_1	CNP0000460_P03T	CNP0000460	DF.classifications_0.25_0.22_204	Singlet	pANN_0.25_0.22_204	0.35378590078329
CNP0000460_AAGACCTCATACGCTA-1_1_1_1	CNP0000460_P03T	CNP0000460	DF.classifications_0.25_0.22_204	Singlet	pANN_0.25_0.22_204	0.107049608355091
CNP0000460_AAGACCTCATCGATTG-1_1_1_1	CNP0000460_P03T	CNP0000460	DF.classifications_0.25_0.22_204	Singlet	pANN_0.25_0.22_204	0.122715404699739
CNP0000460_AAGACCTGTGCGCTTG-1_1_1_1	CNP0000460_P03T	CNP0000460	DF.classifications_0.25_0.22_204	Doublet	pANN_0.25_0.22_204	0.363577023498695
CNP0000460_AAGACCTGTTCAGGCC-1_1_1_1	CNP0000460_P03T	CNP0000460	DF.classifications_0.25_0.22_204	Singlet	pANN_0.25_0.22_204	0.351827676240209
CNP0000460_AAGACCTGTTCCACTC-1_1_1_1	CNP0000460_P03T	CNP0000460	DF.classifications_0.25_0.22_204	Singlet	pANN_0.25_0.22_204	0.285248041775457
CNP0000460_AAGACCTTCGTGGACC-1_1_1_1	CNP0000460_P03T	CNP0000460	DF.classifications_0.25_0.22_204	Doublet	pANN_0.25_0.22_204	0.360313315926893
CNP0000460_AAGACCTTCTGGTGTA-1_1_1_1	CNP0000460_P03T	CNP0000460	DF.classifications_0.25_0.22_204	Singlet	pANN_0.25_0.22_204	0.346605744125326
CNP0000460_AAGCCGCAGATGTCGG-1_1_1_1	CNP0000460_P03T	CNP0000460	DF.classifications_0.25_0.22_204	Singlet	pANN_0.25_0.22_204	0.156005221932115
CNP0000460_AAGCCGCAGCTGAACG-1_1_1_1	CNP0000460_P03T	CNP0000460	DF.classifications_0.25_0.22_204	Doublet	pANN_0.25_0.22_204	0.360313315926893
CNP0000460_AAGCCGCAGGCTAGGT-1_1_1_1	CNP0000460_P03T	CNP0000460	DF.classifications_0.25_0.22_204	Singlet	pANN_0.25_0.22_204	0.357702349869452
CNP0000460_AAGCCGCAGTACGCGA-1_1_1_1	CNP0000460_P03T	CNP0000460	DF.classifications_0.25_0.22_204	Singlet	pANN_0.25_0.22_204	0.348563968668407
CNP0000460_AAGCCGCAGTCTCCTC-1_1_1_1	CNP0000460_P03T	CNP0000460	DF.classifications_0.25_0.22_204	Singlet	pANN_0.25_0.22_204	0.359660574412533
CNP0000460_AAGCCGCGTATGCTTG-1_1_1_1	CNP0000460_P03T	CNP0000460	DF.classifications_0.25_0.22_204	Singlet	pANN_0.25_0.22_204	0.347911227154047
CNP0000460_AAGCCGCGTTCCACGG-1_1_1_1	CNP0000460_P03T	CNP0000460	DF.classifications_0.25_0.22_204	Singlet	pANN_0.25_0.22_204	0.35509138381201
CNP0000460_AAGCCGCTCTCAAGTG-1_1_1_1	CNP0000460_P03T	CNP0000460	DF.classifications_0.25_0.22_204	Singlet	pANN_0.25_0.22_204	0.0809399477806789
CNP0000460_AAGCCGCTCTGAAAGA-1_1_1_1	CNP0000460_P03T	CNP0000460	DF.classifications_0.25_0.22_204	Singlet	pANN_0.25_0.22_204	0.218015665796345
CNP0000460_AAGGAGCAGGAATCGC-1_1_1_1	CNP0000460_P03T	CNP0000460	DF.classifications_0.25_0.22_204	Singlet	pANN_0.25_0.22_204	0.274804177545692
CNP0000460_AAGGAGCCAGCTCCGA-1_1_1_1	CNP0000460_P03T	CNP0000460	DF.classifications_0.25_0.22_204	Singlet	pANN_0.25_0.22_204	0.105744125326371
CNP0000460_AAGGAGCGTCTCTTAT-1_1_1_1	CNP0000460_P03T	CNP0000460	DF.classifications_0.25_0.22_204	Singlet	pANN_0.25_0.22_204	0.235639686684073
CNP0000460_AAGGAGCGTTCCACTC-1_1_1_1	CNP0000460_P03T	CNP0000460	DF.classifications_0.25_0.22_204	Singlet	pANN_0.25_0.22_204	0.253916449086162
CNP0000460_AAGGAGCTCGATGAGG-1_1_1_1	CNP0000460_P03T	CNP0000460	DF.classifications_0.25_0.22_204	Singlet	pANN_0.25_0.22_204	0.273498694516971
CNP0000460_AAGGAGCTCGCAAGCC-1_1_1_1	CNP0000460_P03T	CNP0000460	DF.classifications_0.25_0.22_204	Singlet	pANN_0.25_0.22_204	0.0868146214099217
CNP0000460_AAGGCAGAGCAATCTC-1_1_1_1	CNP0000460_P03T	CNP0000460	DF.classifications_0.25_0.22_204	Singlet	pANN_0.25_0.22_204	0.113577023498695
CNP0000460_AAGGCAGAGCGTCAAG-1_1_1_1	CNP0000460_P03T	CNP0000460	DF.classifications_0.25_0.22_204	Singlet	pANN_0.25_0.22_204	0.352480417754569
CNP0000460_AAGGCAGCATCTCGCT-1_1_1_1	CNP0000460_P03T	CNP0000460	DF.classifications_0.25_0.22_204	Doublet	pANN_0.25_0.22_204	0.360313315926893
CNP0000460_AAGGCAGGTACTTGAC-1_1_1_1	CNP0000460_P03T	CNP0000460	DF.classifications_0.25_0.22_204	Singlet	pANN_0.25_0.22_204	0.116840731070496
CNP0000460_AAGGCAGTCAATACCG-1_1_1_1	CNP0000460_P03T	CNP0000460	DF.classifications_0.25_0.22_204	Singlet	pANN_0.25_0.22_204	0.358355091383812
CNP0000460_AAGGCAGTCGGCGGTT-1_1_1_1	CNP0000460_P03T	CNP0000460	DF.classifications_0.25_0.22_204	Singlet	pANN_0.25_0.22_204	0.113577023498695
CNP0000460_AAGGCAGTCTGCAGTA-1_1_1_1	CNP0000460_P03T	CNP0000460	DF.classifications_0.25_0.22_204	Singlet	pANN_0.25_0.22_204	0.277415143603133
CNP0000460_AAGGTTCAGATCTGCT-1_1_1_1	CNP0000460_P03T	CNP0000460	DF.classifications_0.25_0.22_204	Singlet	pANN_0.25_0.22_204	0.112271540469974
CNP0000460_AAGGTTCAGTGATCGG-1_1_1_1	CNP0000460_P03T	CNP0000460	DF.classifications_0.25_0.22_204	Singlet	pANN_0.25_0.22_204	0.290469973890339
CNP0000460_AAGGTTCAGTTAACGA-1_1_1_1	CNP0000460_P03T	CNP0000460	DF.classifications_0.25_0.22_204	Singlet	pANN_0.25_0.22_204	0.172323759791123
CNP0000460_AAGGTTCCAACACCTA-1_1_1_1	CNP0000460_P03T	CNP0000460	DF.classifications_0.25_0.22_204	Singlet	pANN_0.25_0.22_204	0.0913838120104439
CNP0000460_AAGGTTCCAATGGATA-1_1_1_1	CNP0000460_P03T	CNP0000460	DF.classifications_0.25_0.22_204	Singlet	pANN_0.25_0.22_204	0.108355091383812
CNP0000460_AAGGTTCCACGGCCAT-1_1_1_1	CNP0000460_P03T	CNP0000460	DF.classifications_0.25_0.22_204	Singlet	pANN_0.25_0.22_204	0.117493472584856
CNP0000460_AAGGTTCCACTTGGAT-1_1_1_1	CNP0000460_P03T	CNP0000460	DF.classifications_0.25_0.22_204	Singlet	pANN_0.25_0.22_204	0.345953002610966
CNP0000460_AAGGTTCCAGGCAGTA-1_1_1_1	CNP0000460_P03T	CNP0000460	DF.classifications_0.25_0.22_204	Singlet	pANN_0.25_0.22_204	0.186031331592689
CNP0000460_AAGGTTCCATCGATGT-1_1_1_1	CNP0000460_P03T	CNP0000460	DF.classifications_0.25_0.22_204	Singlet	pANN_0.25_0.22_204	0.259791122715405
CNP0000460_AAGGTTCGTAATCGTC-1_1_1_1	CNP0000460_P03T	CNP0000460	DF.classifications_0.25_0.22_204	Singlet	pANN_0.25_0.22_204	0.337467362924282
CNP0000460_AAGGTTCGTCCAGTAT-1_1_1_1	CNP0000460_P03T	CNP0000460	DF.classifications_0.25_0.22_204	Singlet	pANN_0.25_0.22_204	0.128590078328982
CNP0000460_AAGGTTCGTCTCTTAT-1_1_1_1	CNP0000460_P03T	CNP0000460	DF.classifications_0.25_0.22_204	Singlet	pANN_0.25_0.22_204	0.347911227154047
CNP0000460_AAGGTTCGTGCAGGTA-1_1_1_1	CNP0000460_P03T	CNP0000460	DF.classifications_0.25_0.22_204	Singlet	pANN_0.25_0.22_204	0.0848563968668407
CNP0000460_AAGGTTCGTGGACGAT-1_1_1_1	CNP0000460_P03T	CNP0000460	DF.classifications_0.25_0.22_204	Singlet	pANN_0.25_0.22_204	0.159921671018277
CNP0000460_AAGGTTCGTGTCAATC-1_1_1_1	CNP0000460_P03T	CNP0000460	DF.classifications_0.25_0.22_204	Singlet	pANN_0.25_0.22_204	0.122062663185379
CNP0000460_AAGGTTCGTTACGTCA-1_1_1_1	CNP0000460_P03T	CNP0000460	DF.classifications_0.25_0.22_204	Singlet	pANN_0.25_0.22_204	0.351827676240209
CNP0000460_AAGGTTCTCACCCGAG-1_1_1_1	CNP0000460_P03T	CNP0000460	DF.classifications_0.25_0.22_204	Singlet	pANN_0.25_0.22_204	0.107702349869452
CNP0000460_AAGGTTCTCAGTACGT-1_1_1_1	CNP0000460_P03T	CNP0000460	DF.classifications_0.25_0.22_204	Singlet	pANN_0.25_0.22_204	0.290469973890339
CNP0000460_AAGTCTGAGGCATGGT-1_1_1_1	CNP0000460_P03T	CNP0000460	DF.classifications_0.25_0.22_204	Singlet	pANN_0.25_0.22_204	0.345953002610966
CNP0000460_AAGTCTGAGGGTCTCC-1_1_1_1	CNP0000460_P03T	CNP0000460	DF.classifications_0.25_0.22_204	Singlet	pANN_0.25_0.22_204	0.150130548302872
CNP0000460_AAGTCTGCACTCTGTC-1_1_1_1	CNP0000460_P03T	CNP0000460	DF.classifications_0.25_0.22_204	Singlet	pANN_0.25_0.22_204	0.346605744125326
CNP0000460_AAGTCTGCATACCATG-1_1_1_1	CNP0000460_P03T	CNP0000460	DF.classifications_0.25_0.22_204	Singlet	pANN_0.25_0.22_204	0.216710182767624
CNP0000460_AAGTCTGCATACGCTA-1_1_1_1	CNP0000460_P03T	CNP0000460	DF.classifications_0.25_0.22_204	Singlet	pANN_0.25_0.22_204	0.357702349869452
CNP0000460_AAGTCTGCATGATCCA-1_1_1_1	CNP0000460_P03T	CNP0000460	DF.classifications_0.25_0.22_204	Singlet	pANN_0.25_0.22_204	0.183420365535248
CNP0000460_AAGTCTGCATTGTGCA-1_1_1_1	CNP0000460_P03T	CNP0000460	DF.classifications_0.25_0.22_204	Singlet	pANN_0.25_0.22_204	0.357702349869452
CNP0000460_AAGTCTGGTGTGGCTC-1_1_1_1	CNP0000460_P03T	CNP0000460	DF.classifications_0.25_0.22_204	Singlet	pANN_0.25_0.22_204	0.347258485639687
CNP0000460_AAGTCTGGTTATCACG-1_1_1_1	CNP0000460_P03T	CNP0000460	DF.classifications_0.25_0.22_204	Singlet	pANN_0.25_0.22_204	0.359007832898172
CNP0000460_AAGTCTGGTTGGTGGA-1_1_1_1	CNP0000460_P03T	CNP0000460	DF.classifications_0.25_0.22_204	Singlet	pANN_0.25_0.22_204	0.342689295039165
CNP0000460_AAGTCTGGTTGTGGAG-1_1_1_1	CNP0000460_P03T	CNP0000460	DF.classifications_0.25_0.22_204	Singlet	pANN_0.25_0.22_204	0.108355091383812
CNP0000460_AAGTCTGTCATCTGCC-1_1_1_1	CNP0000460_P03T	CNP0000460	DF.classifications_0.25_0.22_204	Singlet	pANN_0.25_0.22_204	0.0972584856396867
CNP0000460_AAGTCTGTCCAAAGTC-1_1_1_1	CNP0000460_P03T	CNP0000460	DF.classifications_0.25_0.22_204	Singlet	pANN_0.25_0.22_204	0.219321148825065
CNP0000460_AAGTCTGTCTACGAGT-1_1_1_1	CNP0000460_P03T	CNP0000460	DF.classifications_0.25_0.22_204	Singlet	pANN_0.25_0.22_204	0.141644908616188
CNP0000460_AATCCAGAGCTGCAAG-1_1_1_1	CNP0000460_P03T	CNP0000460	DF.classifications_0.25_0.22_204	Singlet	pANN_0.25_0.22_204	0.35378590078329
CNP0000460_AATCCAGAGGAGCGTT-1_1_1_1	CNP0000460_P03T	CNP0000460	DF.classifications_0.25_0.22_204	Singlet	pANN_0.25_0.22_204	0.340078328981723
CNP0000460_AATCCAGCAAGTAGTA-1_1_1_1	CNP0000460_P03T	CNP0000460	DF.classifications_0.25_0.22_204	Singlet	pANN_0.25_0.22_204	0.148825065274151
CNP0000460_AATCCAGCAGCCAGAA-1_1_1_1	CNP0000460_P03T	CNP0000460	DF.classifications_0.25_0.22_204	Singlet	pANN_0.25_0.22_204	0.295691906005222
CNP0000460_AATCCAGCATCGTCGG-1_1_1_1	CNP0000460_P03T	CNP0000460	DF.classifications_0.25_0.22_204	Singlet	pANN_0.25_0.22_204	0.106396866840731
CNP0000460_AATCCAGCATGGAATA-1_1_1_1	CNP0000460_P03T	CNP0000460	DF.classifications_0.25_0.22_204	Singlet	pANN_0.25_0.22_204	0.0953002610966057
CNP0000460_AATCCAGTCACCAGGC-1_1_1_1	CNP0000460_P03T	CNP0000460	DF.classifications_0.25_0.22_204	Singlet	pANN_0.25_0.22_204	0.358355091383812
CNP0000460_AATCCAGTCAGCTCTC-1_1_1_1	CNP0000460_P03T	CNP0000460	DF.classifications_0.25_0.22_204	Singlet	pANN_0.25_0.22_204	0.159268929503916
CNP0000460_AATCCAGTCGAGAACG-1_1_1_1	CNP0000460_P03T	CNP0000460	DF.classifications_0.25_0.22_204	Singlet	pANN_0.25_0.22_204	0.128590078328982
CNP0000460_AATCGGTAGGTAAACT-1_1_1_1	CNP0000460_P03T	CNP0000460	DF.classifications_0.25_0.22_204	Singlet	pANN_0.25_0.22_204	0.227806788511749
CNP0000460_AATCGGTCAACGATCT-1_1_1_1	CNP0000460_P03T	CNP0000460	DF.classifications_0.25_0.22_204	Singlet	pANN_0.25_0.22_204	0.0913838120104439
CNP0000460_AATCGGTCAATAACGA-1_1_1_1	CNP0000460_P03T	CNP0000460	DF.classifications_0.25_0.22_204	Singlet	pANN_0.25_0.22_204	0.2088772845953
CNP0000460_AATCGGTCAATAGAGT-1_1_1_1	CNP0000460_P03T	CNP0000460	DF.classifications_0.25_0.22_204	Singlet	pANN_0.25_0.22_204	0.263054830287206
CNP0000460_AATCGGTCACCACCAG-1_1_1_1	CNP0000460_P03T	CNP0000460	DF.classifications_0.25_0.22_204	Singlet	pANN_0.25_0.22_204	0.139033942558747
CNP0000460_AATCGGTCACGGTAGA-1_1_1_1	CNP0000460_P03T	CNP0000460	DF.classifications_0.25_0.22_204	Singlet	pANN_0.25_0.22_204	0.107702349869452
CNP0000460_AATCGGTCAGTTCCCT-1_1_1_1	CNP0000460_P03T	CNP0000460	DF.classifications_0.25_0.22_204	Singlet	pANN_0.25_0.22_204	0.265013054830287
CNP0000460_AATCGGTGTAGGAGTC-1_1_1_1	CNP0000460_P03T	CNP0000460	DF.classifications_0.25_0.22_204	Singlet	pANN_0.25_0.22_204	0.118798955613577
CNP0000460_AATCGGTGTCTAAACC-1_1_1_1	CNP0000460_P03T	CNP0000460	DF.classifications_0.25_0.22_204	Singlet	pANN_0.25_0.22_204	0.278067885117493
CNP0000460_AATCGGTGTTCATGGT-1_1_1_1	CNP0000460_P03T	CNP0000460	DF.classifications_0.25_0.22_204	Singlet	pANN_0.25_0.22_204	0.162532637075718
CNP0000460_AATCGGTGTTGCCTCT-1_1_1_1	CNP0000460_P03T	CNP0000460	DF.classifications_0.25_0.22_204	Singlet	pANN_0.25_0.22_204	0.282637075718016
CNP0000460_AATCGGTTCCCTGACT-1_1_1_1	CNP0000460_P03T	CNP0000460	DF.classifications_0.25_0.22_204	Singlet	pANN_0.25_0.22_204	0.349869451697128
CNP0000460_AATCGGTTCGCGATCG-1_1_1_1	CNP0000460_P03T	CNP0000460	DF.classifications_0.25_0.22_204	Singlet	pANN_0.25_0.22_204	0.102480417754569
CNP0000460_AATCGGTTCTGACCTC-1_1_1_1	CNP0000460_P03T	CNP0000460	DF.classifications_0.25_0.22_204	Singlet	pANN_0.25_0.22_204	0.110966057441253
CNP0000460_ACACCAAAGGCACATG-1_1_1_1	CNP0000460_P03T	CNP0000460	DF.classifications_0.25_0.22_204	Singlet	pANN_0.25_0.22_204	0.0907310704960835
CNP0000460_ACACCAAAGGCCGAAT-1_1_1_1	CNP0000460_P03T	CNP0000460	DF.classifications_0.25_0.22_204	Singlet	pANN_0.25_0.22_204	0.273498694516971
CNP0000460_ACACCAACAAATCCGT-1_1_1_1	CNP0000460_P03T	CNP0000460	DF.classifications_0.25_0.22_204	Singlet	pANN_0.25_0.22_204	0.212793733681462
CNP0000460_ACACCAACACGAAATA-1_1_1_1	CNP0000460_P03T	CNP0000460	DF.classifications_0.25_0.22_204	Singlet	pANN_0.25_0.22_204	0.349869451697128
CNP0000460_ACACCAACAGGGATTG-1_1_1_1	CNP0000460_P03T	CNP0000460	DF.classifications_0.25_0.22_204	Singlet	pANN_0.25_0.22_204	0.351827676240209
CNP0000460_ACACCAACAGGTGCCT-1_1_1_1	CNP0000460_P03T	CNP0000460	DF.classifications_0.25_0.22_204	Singlet	pANN_0.25_0.22_204	0.339425587467363
CNP0000460_ACACCAACAGTCACTA-1_1_1_1	CNP0000460_P03T	CNP0000460	DF.classifications_0.25_0.22_204	Singlet	pANN_0.25_0.22_204	0.287859007832898
CNP0000460_ACACCAACATTAACCG-1_1_1_1	CNP0000460_P03T	CNP0000460	DF.classifications_0.25_0.22_204	Singlet	pANN_0.25_0.22_204	0.317885117493473
CNP0000460_ACACCAAGTACAGTGG-1_1_1_1	CNP0000460_P03T	CNP0000460	DF.classifications_0.25_0.22_204	Singlet	pANN_0.25_0.22_204	0.0913838120104439
CNP0000460_ACACCAAGTAGTACCT-1_1_1_1	CNP0000460_P03T	CNP0000460	DF.classifications_0.25_0.22_204	Singlet	pANN_0.25_0.22_204	0.209530026109661
CNP0000460_ACACCAAGTCCGAGTC-1_1_1_1	CNP0000460_P03T	CNP0000460	DF.classifications_0.25_0.22_204	Singlet	pANN_0.25_0.22_204	0.357702349869452
CNP0000460_ACACCAAGTCTGGTCG-1_1_1_1	CNP0000460_P03T	CNP0000460	DF.classifications_0.25_0.22_204	Singlet	pANN_0.25_0.22_204	0.0894255874673629
CNP0000460_ACACCAATCAAAGACA-1_1_1_1	CNP0000460_P03T	CNP0000460	DF.classifications_0.25_0.22_204	Doublet	pANN_0.25_0.22_204	0.360966057441253
CNP0000460_ACACCAATCAAGGTAA-1_1_1_1	CNP0000460_P03T	CNP0000460	DF.classifications_0.25_0.22_204	Singlet	pANN_0.25_0.22_204	0.350522193211488
CNP0000460_ACACCAATCACCCTCA-1_1_1_1	CNP0000460_P03T	CNP0000460	DF.classifications_0.25_0.22_204	Singlet	pANN_0.25_0.22_204	0.12402088772846
CNP0000460_ACACCAATCATGGTCA-1_1_1_1	CNP0000460_P03T	CNP0000460	DF.classifications_0.25_0.22_204	Singlet	pANN_0.25_0.22_204	0.350522193211488
CNP0000460_ACACCAATCTGAAAGA-1_1_1_1	CNP0000460_P03T	CNP0000460	DF.classifications_0.25_0.22_204	Singlet	pANN_0.25_0.22_204	0.18798955613577
CNP0000460_ACACCCTAGAAACGAG-1_1_1_1	CNP0000460_P03T	CNP0000460	DF.classifications_0.25_0.22_204	Singlet	pANN_0.25_0.22_204	0.284595300261097
CNP0000460_ACACCCTAGATTACCC-1_1_1_1	CNP0000460_P03T	CNP0000460	DF.classifications_0.25_0.22_204	Singlet	pANN_0.25_0.22_204	0.0933420365535248
CNP0000460_ACACCCTCAGCTGTGC-1_1_1_1	CNP0000460_P03T	CNP0000460	DF.classifications_0.25_0.22_204	Singlet	pANN_0.25_0.22_204	0.241514360313316
CNP0000460_ACACCCTCAGGACGTA-1_1_1_1	CNP0000460_P03T	CNP0000460	DF.classifications_0.25_0.22_204	Singlet	pANN_0.25_0.22_204	0.126631853785901
CNP0000460_ACACCCTCAGGTCCAC-1_1_1_1	CNP0000460_P03T	CNP0000460	DF.classifications_0.25_0.22_204	Singlet	pANN_0.25_0.22_204	0.14556135770235
CNP0000460_ACACCCTCATGCGCAC-1_1_1_1	CNP0000460_P03T	CNP0000460	DF.classifications_0.25_0.22_204	Singlet	pANN_0.25_0.22_204	0.105744125326371
CNP0000460_ACACCCTGTCAGCTAT-1_1_1_1	CNP0000460_P03T	CNP0000460	DF.classifications_0.25_0.22_204	Singlet	pANN_0.25_0.22_204	0.248041775456919
CNP0000460_ACACCCTGTTCGCTAA-1_1_1_1	CNP0000460_P03T	CNP0000460	DF.classifications_0.25_0.22_204	Singlet	pANN_0.25_0.22_204	0.351827676240209
CNP0000460_ACACCCTTCATTGCGA-1_1_1_1	CNP0000460_P03T	CNP0000460	DF.classifications_0.25_0.22_204	Singlet	pANN_0.25_0.22_204	0.356396866840731
CNP0000460_ACACCCTTCCGCTGTT-1_1_1_1	CNP0000460_P03T	CNP0000460	DF.classifications_0.25_0.22_204	Singlet	pANN_0.25_0.22_204	0.120104438642298
CNP0000460_ACACCCTTCCGTTGCT-1_1_1_1	CNP0000460_P03T	CNP0000460	DF.classifications_0.25_0.22_204	Singlet	pANN_0.25_0.22_204	0.126631853785901
CNP0000460_ACACCCTTCTCTAGGA-1_1_1_1	CNP0000460_P03T	CNP0000460	DF.classifications_0.25_0.22_204	Singlet	pANN_0.25_0.22_204	0.149477806788512
CNP0000460_ACACCGGAGCGTGTCC-1_1_1_1	CNP0000460_P03T	CNP0000460	DF.classifications_0.25_0.22_204	Singlet	pANN_0.25_0.22_204	0.197780678851175
CNP0000460_ACACCGGCACCTGGTG-1_1_1_1	CNP0000460_P03T	CNP0000460	DF.classifications_0.25_0.22_204	Singlet	pANN_0.25_0.22_204	0.0907310704960835
CNP0000460_ACACCGGCATAACCTG-1_1_1_1	CNP0000460_P03T	CNP0000460	DF.classifications_0.25_0.22_204	Singlet	pANN_0.25_0.22_204	0.284595300261097
CNP0000460_ACACCGGGTCCGCTGA-1_1_1_1	CNP0000460_P03T	CNP0000460	DF.classifications_0.25_0.22_204	Singlet	pANN_0.25_0.22_204	0.087467362924282
CNP0000460_ACACCGGGTTTCGCTC-1_1_1_1	CNP0000460_P03T	CNP0000460	DF.classifications_0.25_0.22_204	Singlet	pANN_0.25_0.22_204	0.146866840731071
CNP0000460_ACACCGGTCCCAAGTA-1_1_1_1	CNP0000460_P03T	CNP0000460	DF.classifications_0.25_0.22_204	Singlet	pANN_0.25_0.22_204	0.114229765013055
CNP0000460_ACACCGGTCGGCCGAT-1_1_1_1	CNP0000460_P03T	CNP0000460	DF.classifications_0.25_0.22_204	Singlet	pANN_0.25_0.22_204	0.274151436031332
CNP0000460_ACACCGGTCTAACTTC-1_1_1_1	CNP0000460_P03T	CNP0000460	DF.classifications_0.25_0.22_204	Singlet	pANN_0.25_0.22_204	0.355744125326371
CNP0000460_ACACTGAAGGCGATAC-1_1_1_1	CNP0000460_P03T	CNP0000460	DF.classifications_0.25_0.22_204	Singlet	pANN_0.25_0.22_204	0.0966057441253264
CNP0000460_ACACTGACAGCTCGAC-1_1_1_1	CNP0000460_P03T	CNP0000460	DF.classifications_0.25_0.22_204	Singlet	pANN_0.25_0.22_204	0.10313315926893
CNP0000460_ACACTGAGTCCGTTAA-1_1_1_1	CNP0000460_P03T	CNP0000460	DF.classifications_0.25_0.22_204	Singlet	pANN_0.25_0.22_204	0.247389033942559
CNP0000460_ACACTGAGTCTAGTCA-1_1_1_1	CNP0000460_P03T	CNP0000460	DF.classifications_0.25_0.22_204	Singlet	pANN_0.25_0.22_204	0.340731070496084
CNP0000460_ACACTGAGTGATGATA-1_1_1_1	CNP0000460_P03T	CNP0000460	DF.classifications_0.25_0.22_204	Singlet	pANN_0.25_0.22_204	0.105744125326371
CNP0000460_ACACTGAGTGTGGTTT-1_1_1_1	CNP0000460_P03T	CNP0000460	DF.classifications_0.25_0.22_204	Singlet	pANN_0.25_0.22_204	0.35378590078329
CNP0000460_ACACTGATCATTTGGG-1_1_1_1	CNP0000460_P03T	CNP0000460	DF.classifications_0.25_0.22_204	Singlet	pANN_0.25_0.22_204	0.136422976501305
CNP0000460_ACAGCCGAGAATTCCC-1_1_1_1	CNP0000460_P03T	CNP0000460	DF.classifications_0.25_0.22_204	Singlet	pANN_0.25_0.22_204	0.342036553524804
CNP0000460_ACAGCCGAGACTCGGA-1_1_1_1	CNP0000460_P03T	CNP0000460	DF.classifications_0.25_0.22_204	Singlet	pANN_0.25_0.22_204	0.185378590078329
CNP0000460_ACAGCCGAGACTTGAA-1_1_1_1	CNP0000460_P03T	CNP0000460	DF.classifications_0.25_0.22_204	Singlet	pANN_0.25_0.22_204	0.221932114882507
CNP0000460_ACAGCCGAGATAGCAT-1_1_1_1	CNP0000460_P03T	CNP0000460	DF.classifications_0.25_0.22_204	Singlet	pANN_0.25_0.22_204	0.154699738903394
CNP0000460_ACAGCCGAGCTTCGCG-1_1_1_1	CNP0000460_P03T	CNP0000460	DF.classifications_0.25_0.22_204	Singlet	pANN_0.25_0.22_204	0.352480417754569
CNP0000460_ACAGCCGCAAATACAG-1_1_1_1	CNP0000460_P03T	CNP0000460	DF.classifications_0.25_0.22_204	Singlet	pANN_0.25_0.22_204	0.237597911227154
CNP0000460_ACAGCCGCACTTCGAA-1_1_1_1	CNP0000460_P03T	CNP0000460	DF.classifications_0.25_0.22_204	Singlet	pANN_0.25_0.22_204	0.119451697127937
CNP0000460_ACAGCCGCAGTATGCT-1_1_1_1	CNP0000460_P03T	CNP0000460	DF.classifications_0.25_0.22_204	Singlet	pANN_0.25_0.22_204	0.356396866840731
CNP0000460_ACAGCCGGTTCTGAAC-1_1_1_1	CNP0000460_P03T	CNP0000460	DF.classifications_0.25_0.22_204	Singlet	pANN_0.25_0.22_204	0.272193211488251
CNP0000460_ACAGCCGTCGCCTGTT-1_1_1_1	CNP0000460_P03T	CNP0000460	DF.classifications_0.25_0.22_204	Singlet	pANN_0.25_0.22_204	0.356396866840731
CNP0000460_ACAGCTAAGTTAAGTG-1_1_1_1	CNP0000460_P03T	CNP0000460	DF.classifications_0.25_0.22_204	Singlet	pANN_0.25_0.22_204	0.148825065274151
CNP0000460_ACAGCTACAAGGTTCT-1_1_1_1	CNP0000460_P03T	CNP0000460	DF.classifications_0.25_0.22_204	Singlet	pANN_0.25_0.22_204	0.195822454308094
CNP0000460_ACAGCTACAAGGTTTC-1_1_1_1	CNP0000460_P03T	CNP0000460	DF.classifications_0.25_0.22_204	Singlet	pANN_0.25_0.22_204	0.300261096605744
CNP0000460_ACAGCTACAATCGAAA-1_1_1_1	CNP0000460_P03T	CNP0000460	DF.classifications_0.25_0.22_204	Singlet	pANN_0.25_0.22_204	0.352480417754569
CNP0000460_ACAGCTACAATGGATA-1_1_1_1	CNP0000460_P03T	CNP0000460	DF.classifications_0.25_0.22_204	Singlet	pANN_0.25_0.22_204	0.350522193211488
CNP0000460_ACAGCTACAGTCCTTC-1_1_1_1	CNP0000460_P03T	CNP0000460	DF.classifications_0.25_0.22_204	Singlet	pANN_0.25_0.22_204	0.293080939947781
CNP0000460_ACAGCTAGTAAGTAGT-1_1_1_1	CNP0000460_P03T	CNP0000460	DF.classifications_0.25_0.22_204	Singlet	pANN_0.25_0.22_204	0.352480417754569
CNP0000460_ACAGCTAGTAGAGTGC-1_1_1_1	CNP0000460_P03T	CNP0000460	DF.classifications_0.25_0.22_204	Singlet	pANN_0.25_0.22_204	0.159921671018277
CNP0000460_ACAGCTAGTCTTTCAT-1_1_1_1	CNP0000460_P03T	CNP0000460	DF.classifications_0.25_0.22_204	Singlet	pANN_0.25_0.22_204	0.0966057441253264
CNP0000460_ACAGCTAGTGTAACGG-1_1_1_1	CNP0000460_P03T	CNP0000460	DF.classifications_0.25_0.22_204	Singlet	pANN_0.25_0.22_204	0.109660574412533
CNP0000460_ACAGCTAGTGTGCCTG-1_1_1_1	CNP0000460_P03T	CNP0000460	DF.classifications_0.25_0.22_204	Singlet	pANN_0.25_0.22_204	0.0992167101827676
CNP0000460_ACAGCTATCGGTTCGG-1_1_1_1	CNP0000460_P03T	CNP0000460	DF.classifications_0.25_0.22_204	Singlet	pANN_0.25_0.22_204	0.25065274151436
CNP0000460_ACATACGAGCCAACAG-1_1_1_1	CNP0000460_P03T	CNP0000460	DF.classifications_0.25_0.22_204	Singlet	pANN_0.25_0.22_204	0.184725848563969
CNP0000460_ACATACGAGTACGTAA-1_1_1_1	CNP0000460_P03T	CNP0000460	DF.classifications_0.25_0.22_204	Singlet	pANN_0.25_0.22_204	0.349869451697128
CNP0000460_ACATACGAGTGTTAGA-1_1_1_1	CNP0000460_P03T	CNP0000460	DF.classifications_0.25_0.22_204	Singlet	pANN_0.25_0.22_204	0.359660574412533
CNP0000460_ACATACGCAGACAGGT-1_1_1_1	CNP0000460_P03T	CNP0000460	DF.classifications_0.25_0.22_204	Singlet	pANN_0.25_0.22_204	0.359660574412533
CNP0000460_ACATACGCAGTTAACC-1_1_1_1	CNP0000460_P03T	CNP0000460	DF.classifications_0.25_0.22_204	Singlet	pANN_0.25_0.22_204	0.343342036553525
CNP0000460_ACATACGGTAGGCATG-1_1_1_1	CNP0000460_P03T	CNP0000460	DF.classifications_0.25_0.22_204	Singlet	pANN_0.25_0.22_204	0.106396866840731
CNP0000460_ACATACGGTGACTACT-1_1_1_1	CNP0000460_P03T	CNP0000460	DF.classifications_0.25_0.22_204	Singlet	pANN_0.25_0.22_204	0.152741514360313
CNP0000460_ACATACGGTGCAGGTA-1_1_1_1	CNP0000460_P03T	CNP0000460	DF.classifications_0.25_0.22_204	Singlet	pANN_0.25_0.22_204	0.0992167101827676
CNP0000460_ACATACGGTTGAACTC-1_1_1_1	CNP0000460_P03T	CNP0000460	DF.classifications_0.25_0.22_204	Singlet	pANN_0.25_0.22_204	0.161879895561358
CNP0000460_ACATACGTCATATCGG-1_1_1_1	CNP0000460_P03T	CNP0000460	DF.classifications_0.25_0.22_204	Singlet	pANN_0.25_0.22_204	0.0939947780678851
CNP0000460_ACATACGTCGCCTGTT-1_1_1_1	CNP0000460_P03T	CNP0000460	DF.classifications_0.25_0.22_204	Singlet	pANN_0.25_0.22_204	0.355744125326371
CNP0000460_ACATCAGAGCGTTCCG-1_1_1_1	CNP0000460_P03T	CNP0000460	DF.classifications_0.25_0.22_204	Singlet	pANN_0.25_0.22_204	0.0894255874673629
CNP0000460_ACATCAGAGTATCTCG-1_1_1_1	CNP0000460_P03T	CNP0000460	DF.classifications_0.25_0.22_204	Singlet	pANN_0.25_0.22_204	0.22911227154047
CNP0000460_ACATCAGAGTGAACAT-1_1_1_1	CNP0000460_P03T	CNP0000460	DF.classifications_0.25_0.22_204	Singlet	pANN_0.25_0.22_204	0.110966057441253
CNP0000460_ACATCAGCACAACGCC-1_1_1_1	CNP0000460_P03T	CNP0000460	DF.classifications_0.25_0.22_204	Singlet	pANN_0.25_0.22_204	0.342689295039165
CNP0000460_ACATCAGCACAGCCCA-1_1_1_1	CNP0000460_P03T	CNP0000460	DF.classifications_0.25_0.22_204	Singlet	pANN_0.25_0.22_204	0.27154046997389
CNP0000460_ACATCAGCACGACTCG-1_1_1_1	CNP0000460_P03T	CNP0000460	DF.classifications_0.25_0.22_204	Singlet	pANN_0.25_0.22_204	0.35509138381201
CNP0000460_ACATCAGCAGATCTGT-1_1_1_1	CNP0000460_P03T	CNP0000460	DF.classifications_0.25_0.22_204	Singlet	pANN_0.25_0.22_204	0.127284595300261
CNP0000460_ACATCAGCATTGAGCT-1_1_1_1	CNP0000460_P03T	CNP0000460	DF.classifications_0.25_0.22_204	Singlet	pANN_0.25_0.22_204	0.345953002610966
CNP0000460_ACATCAGGTGGTGTAG-1_1_1_1	CNP0000460_P03T	CNP0000460	DF.classifications_0.25_0.22_204	Singlet	pANN_0.25_0.22_204	0.286553524804178
CNP0000460_ACATCAGGTTTGACAC-1_1_1_1	CNP0000460_P03T	CNP0000460	DF.classifications_0.25_0.22_204	Singlet	pANN_0.25_0.22_204	0.223237597911227
CNP0000460_ACATCAGTCCAAACAC-1_1_1_1	CNP0000460_P03T	CNP0000460	DF.classifications_0.25_0.22_204	Singlet	pANN_0.25_0.22_204	0.268929503916449
CNP0000460_ACATCAGTCCTCAACC-1_1_1_1	CNP0000460_P03T	CNP0000460	DF.classifications_0.25_0.22_204	Singlet	pANN_0.25_0.22_204	0.293733681462141
CNP0000460_ACATCAGTCGGTGTCG-1_1_1_1	CNP0000460_P03T	CNP0000460	DF.classifications_0.25_0.22_204	Singlet	pANN_0.25_0.22_204	0.255874673629243
CNP0000460_ACATCAGTCTCATTCA-1_1_1_1	CNP0000460_P03T	CNP0000460	DF.classifications_0.25_0.22_204	Singlet	pANN_0.25_0.22_204	0.10313315926893
CNP0000460_ACATCAGTCTTAGCCC-1_1_1_1	CNP0000460_P03T	CNP0000460	DF.classifications_0.25_0.22_204	Singlet	pANN_0.25_0.22_204	0.296997389033943
CNP0000460_ACATGGTAGAACTCGG-1_1_1_1	CNP0000460_P03T	CNP0000460	DF.classifications_0.25_0.22_204	Singlet	pANN_0.25_0.22_204	0.357049608355091
CNP0000460_ACATGGTAGATGCGAC-1_1_1_1	CNP0000460_P03T	CNP0000460	DF.classifications_0.25_0.22_204	Singlet	pANN_0.25_0.22_204	0.264360313315927
CNP0000460_ACATGGTAGCCACGTC-1_1_1_1	CNP0000460_P03T	CNP0000460	DF.classifications_0.25_0.22_204	Singlet	pANN_0.25_0.22_204	0.097911227154047
CNP0000460_ACATGGTCAGGTGGAT-1_1_1_1	CNP0000460_P03T	CNP0000460	DF.classifications_0.25_0.22_204	Doublet	pANN_0.25_0.22_204	0.361618798955614
CNP0000460_ACATGGTCATATACCG-1_1_1_1	CNP0000460_P03T	CNP0000460	DF.classifications_0.25_0.22_204	Singlet	pANN_0.25_0.22_204	0.101174934725849
CNP0000460_ACATGGTCATGACGGA-1_1_1_1	CNP0000460_P03T	CNP0000460	DF.classifications_0.25_0.22_204	Singlet	pANN_0.25_0.22_204	0.0861618798955614
CNP0000460_ACATGGTGTGTGAAAT-1_1_1_1	CNP0000460_P03T	CNP0000460	DF.classifications_0.25_0.22_204	Singlet	pANN_0.25_0.22_204	0.266971279373368
CNP0000460_ACATGGTTCAACACCA-1_1_1_1	CNP0000460_P03T	CNP0000460	DF.classifications_0.25_0.22_204	Singlet	pANN_0.25_0.22_204	0.267624020887728
CNP0000460_ACCAGTAAGGCCCGTT-1_1_1_1	CNP0000460_P03T	CNP0000460	DF.classifications_0.25_0.22_204	Singlet	pANN_0.25_0.22_204	0.189947780678851
CNP0000460_ACCAGTACAACGATGG-1_1_1_1	CNP0000460_P03T	CNP0000460	DF.classifications_0.25_0.22_204	Singlet	pANN_0.25_0.22_204	0.0933420365535248
CNP0000460_ACCAGTACAGCATGAG-1_1_1_1	CNP0000460_P03T	CNP0000460	DF.classifications_0.25_0.22_204	Singlet	pANN_0.25_0.22_204	0.274804177545692
CNP0000460_ACCAGTACATTACGAC-1_1_1_1	CNP0000460_P03T	CNP0000460	DF.classifications_0.25_0.22_204	Singlet	pANN_0.25_0.22_204	0.351827676240209
CNP0000460_ACCAGTAGTCAAAGAT-1_1_1_1	CNP0000460_P03T	CNP0000460	DF.classifications_0.25_0.22_204	Singlet	pANN_0.25_0.22_204	0.281331592689295
CNP0000460_ACCAGTAGTCTTGCGG-1_1_1_1	CNP0000460_P03T	CNP0000460	DF.classifications_0.25_0.22_204	Singlet	pANN_0.25_0.22_204	0.102480417754569
CNP0000460_ACCAGTAGTGATAAAC-1_1_1_1	CNP0000460_P03T	CNP0000460	DF.classifications_0.25_0.22_204	Singlet	pANN_0.25_0.22_204	0.251305483028721
CNP0000460_ACCAGTAGTGGTACAG-1_1_1_1	CNP0000460_P03T	CNP0000460	DF.classifications_0.25_0.22_204	Singlet	pANN_0.25_0.22_204	0.35443864229765
CNP0000460_ACCAGTAGTGTCGCTG-1_1_1_1	CNP0000460_P03T	CNP0000460	DF.classifications_0.25_0.22_204	Singlet	pANN_0.25_0.22_204	0.107702349869452
CNP0000460_ACCAGTAGTTCACCTC-1_1_1_1	CNP0000460_P03T	CNP0000460	DF.classifications_0.25_0.22_204	Singlet	pANN_0.25_0.22_204	0.0887728459530026
CNP0000460_ACCAGTATCCGAACGC-1_1_1_1	CNP0000460_P03T	CNP0000460	DF.classifications_0.25_0.22_204	Singlet	pANN_0.25_0.22_204	0.24934725848564
CNP0000460_ACCAGTATCCTCCTAG-1_1_1_1	CNP0000460_P03T	CNP0000460	DF.classifications_0.25_0.22_204	Singlet	pANN_0.25_0.22_204	0.12597911227154
CNP0000460_ACCAGTATCGGTCCGA-1_1_1_1	CNP0000460_P03T	CNP0000460	DF.classifications_0.25_0.22_204	Singlet	pANN_0.25_0.22_204	0.240208877284595
CNP0000460_ACCAGTATCTGTGCAA-1_1_1_1	CNP0000460_P03T	CNP0000460	DF.classifications_0.25_0.22_204	Singlet	pANN_0.25_0.22_204	0.0933420365535248
CNP0000460_ACCCACTCAAAGTGCG-1_1_1_1	CNP0000460_P03T	CNP0000460	DF.classifications_0.25_0.22_204	Singlet	pANN_0.25_0.22_204	0.359007832898172
CNP0000460_ACCCACTCAAGGACTG-1_1_1_1	CNP0000460_P03T	CNP0000460	DF.classifications_0.25_0.22_204	Singlet	pANN_0.25_0.22_204	0.112271540469974
CNP0000460_ACCCACTCACATTAGC-1_1_1_1	CNP0000460_P03T	CNP0000460	DF.classifications_0.25_0.22_204	Singlet	pANN_0.25_0.22_204	0.12402088772846
CNP0000460_ACCCACTCATCCAACA-1_1_1_1	CNP0000460_P03T	CNP0000460	DF.classifications_0.25_0.22_204	Singlet	pANN_0.25_0.22_204	0.165143603133159
CNP0000460_ACCCACTCATGTTGAC-1_1_1_1	CNP0000460_P03T	CNP0000460	DF.classifications_0.25_0.22_204	Singlet	pANN_0.25_0.22_204	0.0815926892950392
CNP0000460_ACCCACTCATTTCAGG-1_1_1_1	CNP0000460_P03T	CNP0000460	DF.classifications_0.25_0.22_204	Singlet	pANN_0.25_0.22_204	0.345300261096606
CNP0000460_ACCCACTGTCCCGACA-1_1_1_1	CNP0000460_P03T	CNP0000460	DF.classifications_0.25_0.22_204	Singlet	pANN_0.25_0.22_204	0.116840731070496
CNP0000460_ACCCACTTCAGCTCGG-1_1_1_1	CNP0000460_P03T	CNP0000460	DF.classifications_0.25_0.22_204	Singlet	pANN_0.25_0.22_204	0.147519582245431
CNP0000460_ACCCACTTCAGTGCAT-1_1_1_1	CNP0000460_P03T	CNP0000460	DF.classifications_0.25_0.22_204	Singlet	pANN_0.25_0.22_204	0.120104438642298
CNP0000460_ACCCACTTCAGTTTGG-1_1_1_1	CNP0000460_P03T	CNP0000460	DF.classifications_0.25_0.22_204	Singlet	pANN_0.25_0.22_204	0.114229765013055
CNP0000460_ACCCACTTCGTCCAGG-1_1_1_1	CNP0000460_P03T	CNP0000460	DF.classifications_0.25_0.22_204	Singlet	pANN_0.25_0.22_204	0.102480417754569
CNP0000460_ACCCACTTCGTTTGCC-1_1_1_1	CNP0000460_P03T	CNP0000460	DF.classifications_0.25_0.22_204	Singlet	pANN_0.25_0.22_204	0.343342036553525
CNP0000460_ACCGTAAAGACAGAGA-1_1_1_1	CNP0000460_P03T	CNP0000460	DF.classifications_0.25_0.22_204	Singlet	pANN_0.25_0.22_204	0.0913838120104439
CNP0000460_ACCGTAAAGCATCATC-1_1_1_1	CNP0000460_P03T	CNP0000460	DF.classifications_0.25_0.22_204	Singlet	pANN_0.25_0.22_204	0.35509138381201
CNP0000460_ACCGTAAAGCTGCAAG-1_1_1_1	CNP0000460_P03T	CNP0000460	DF.classifications_0.25_0.22_204	Singlet	pANN_0.25_0.22_204	0.115535248041775
CNP0000460_ACCGTAAAGGCAATTA-1_1_1_1	CNP0000460_P03T	CNP0000460	DF.classifications_0.25_0.22_204	Singlet	pANN_0.25_0.22_204	0.0985639686684073
CNP0000460_ACCGTAAAGGCTAGCA-1_1_1_1	CNP0000460_P03T	CNP0000460	DF.classifications_0.25_0.22_204	Singlet	pANN_0.25_0.22_204	0.240861618798956
CNP0000460_ACCGTAAAGTCGATAA-1_1_1_1	CNP0000460_P03T	CNP0000460	DF.classifications_0.25_0.22_204	Singlet	pANN_0.25_0.22_204	0.195169712793734
CNP0000460_ACCGTAACACCAGCAC-1_1_1_1	CNP0000460_P03T	CNP0000460	DF.classifications_0.25_0.22_204	Singlet	pANN_0.25_0.22_204	0.347258485639687
CNP0000460_ACCGTAACACTGTCGG-1_1_1_1	CNP0000460_P03T	CNP0000460	DF.classifications_0.25_0.22_204	Singlet	pANN_0.25_0.22_204	0.112924281984334
CNP0000460_ACCGTAACATGTAAGA-1_1_1_1	CNP0000460_P03T	CNP0000460	DF.classifications_0.25_0.22_204	Singlet	pANN_0.25_0.22_204	0.351827676240209
CNP0000460_ACCGTAAGTCTACCTC-1_1_1_1	CNP0000460_P03T	CNP0000460	DF.classifications_0.25_0.22_204	Singlet	pANN_0.25_0.22_204	0.358355091383812
CNP0000460_ACCGTAAGTGGCAAAC-1_1_1_1	CNP0000460_P03T	CNP0000460	DF.classifications_0.25_0.22_204	Singlet	pANN_0.25_0.22_204	0.35313315926893
CNP0000460_ACCGTAATCCCAAGTA-1_1_1_1	CNP0000460_P03T	CNP0000460	DF.classifications_0.25_0.22_204	Singlet	pANN_0.25_0.22_204	0.272193211488251
CNP0000460_ACCGTAATCCTGCTTG-1_1_1_1	CNP0000460_P03T	CNP0000460	DF.classifications_0.25_0.22_204	Singlet	pANN_0.25_0.22_204	0.359007832898172
CNP0000460_ACCGTAATCGGAAATA-1_1_1_1	CNP0000460_P03T	CNP0000460	DF.classifications_0.25_0.22_204	Singlet	pANN_0.25_0.22_204	0.148172323759791
CNP0000460_ACCTTTAAGAATGTGT-1_1_1_1	CNP0000460_P03T	CNP0000460	DF.classifications_0.25_0.22_204	Singlet	pANN_0.25_0.22_204	0.274804177545692
CNP0000460_ACCTTTAAGAGTGAGA-1_1_1_1	CNP0000460_P03T	CNP0000460	DF.classifications_0.25_0.22_204	Singlet	pANN_0.25_0.22_204	0.340078328981723
CNP0000460_ACCTTTAAGCGGATCA-1_1_1_1	CNP0000460_P03T	CNP0000460	DF.classifications_0.25_0.22_204	Singlet	pANN_0.25_0.22_204	0.262402088772846
CNP0000460_ACCTTTAAGCTAAACA-1_1_1_1	CNP0000460_P03T	CNP0000460	DF.classifications_0.25_0.22_204	Doublet	pANN_0.25_0.22_204	0.366187989556136
CNP0000460_ACCTTTAAGGTCGGAT-1_1_1_1	CNP0000460_P03T	CNP0000460	DF.classifications_0.25_0.22_204	Singlet	pANN_0.25_0.22_204	0.102480417754569
CNP0000460_ACCTTTACAAGCGATG-1_1_1_1	CNP0000460_P03T	CNP0000460	DF.classifications_0.25_0.22_204	Singlet	pANN_0.25_0.22_204	0.0959530026109661
CNP0000460_ACCTTTACAAGTCTAC-1_1_1_1	CNP0000460_P03T	CNP0000460	DF.classifications_0.25_0.22_204	Singlet	pANN_0.25_0.22_204	0.27088772845953
CNP0000460_ACCTTTACACCGTTGG-1_1_1_1	CNP0000460_P03T	CNP0000460	DF.classifications_0.25_0.22_204	Singlet	pANN_0.25_0.22_204	0.346605744125326
CNP0000460_ACCTTTACACTCAGGC-1_1_1_1	CNP0000460_P03T	CNP0000460	DF.classifications_0.25_0.22_204	Singlet	pANN_0.25_0.22_204	0.128590078328982
CNP0000460_ACCTTTAGTCGAACAG-1_1_1_1	CNP0000460_P03T	CNP0000460	DF.classifications_0.25_0.22_204	Singlet	pANN_0.25_0.22_204	0.267624020887728
CNP0000460_ACCTTTAGTTAAGTAG-1_1_1_1	CNP0000460_P03T	CNP0000460	DF.classifications_0.25_0.22_204	Singlet	pANN_0.25_0.22_204	0.110966057441253
CNP0000460_ACCTTTATCCTCAATT-1_1_1_1	CNP0000460_P03T	CNP0000460	DF.classifications_0.25_0.22_204	Singlet	pANN_0.25_0.22_204	0.342689295039165
CNP0000460_ACGAGCCAGCGTGAGT-1_1_1_1	CNP0000460_P03T	CNP0000460	DF.classifications_0.25_0.22_204	Singlet	pANN_0.25_0.22_204	0.351827676240209
CNP0000460_ACGAGCCCAATGGAAT-1_1_1_1	CNP0000460_P03T	CNP0000460	DF.classifications_0.25_0.22_204	Singlet	pANN_0.25_0.22_204	0.329634464751958
CNP0000460_ACGAGCCCAATTGCTG-1_1_1_1	CNP0000460_P03T	CNP0000460	DF.classifications_0.25_0.22_204	Singlet	pANN_0.25_0.22_204	0.348563968668407
CNP0000460_ACGAGCCCACAACTGT-1_1_1_1	CNP0000460_P03T	CNP0000460	DF.classifications_0.25_0.22_204	Singlet	pANN_0.25_0.22_204	0.0815926892950392
CNP0000460_ACGAGCCCAGCTGGCT-1_1_1_1	CNP0000460_P03T	CNP0000460	DF.classifications_0.25_0.22_204	Singlet	pANN_0.25_0.22_204	0.274804177545692
CNP0000460_ACGAGCCCAGTTCATG-1_1_1_1	CNP0000460_P03T	CNP0000460	DF.classifications_0.25_0.22_204	Singlet	pANN_0.25_0.22_204	0.205613577023499
CNP0000460_ACGAGCCCATATGAGA-1_1_1_1	CNP0000460_P03T	CNP0000460	DF.classifications_0.25_0.22_204	Singlet	pANN_0.25_0.22_204	0.345953002610966
CNP0000460_ACGAGCCGTCTCTCGT-1_1_1_1	CNP0000460_P03T	CNP0000460	DF.classifications_0.25_0.22_204	Singlet	pANN_0.25_0.22_204	0.339425587467363
CNP0000460_ACGAGCCTCAAGAAGT-1_1_1_1	CNP0000460_P03T	CNP0000460	DF.classifications_0.25_0.22_204	Singlet	pANN_0.25_0.22_204	0.350522193211488
CNP0000460_ACGAGCCTCACCGGGT-1_1_1_1	CNP0000460_P03T	CNP0000460	DF.classifications_0.25_0.22_204	Singlet	pANN_0.25_0.22_204	0.227806788511749
CNP0000460_ACGAGCCTCACGAAGG-1_1_1_1	CNP0000460_P03T	CNP0000460	DF.classifications_0.25_0.22_204	Singlet	pANN_0.25_0.22_204	0.123368146214099
CNP0000460_ACGAGCCTCAGCGATT-1_1_1_1	CNP0000460_P03T	CNP0000460	DF.classifications_0.25_0.22_204	Singlet	pANN_0.25_0.22_204	0.101827676240209
CNP0000460_ACGAGCCTCTGTCTAT-1_1_1_1	CNP0000460_P03T	CNP0000460	DF.classifications_0.25_0.22_204	Singlet	pANN_0.25_0.22_204	0.35509138381201
CNP0000460_ACGAGGAAGCCTATGT-1_1_1_1	CNP0000460_P03T	CNP0000460	DF.classifications_0.25_0.22_204	Singlet	pANN_0.25_0.22_204	0.0959530026109661
CNP0000460_ACGAGGAAGCGCCTCA-1_1_1_1	CNP0000460_P03T	CNP0000460	DF.classifications_0.25_0.22_204	Singlet	pANN_0.25_0.22_204	0.351174934725849
CNP0000460_ACGAGGAAGCTAGGCA-1_1_1_1	CNP0000460_P03T	CNP0000460	DF.classifications_0.25_0.22_204	Singlet	pANN_0.25_0.22_204	0.35443864229765
CNP0000460_ACGAGGACAAGCGCTC-1_1_1_1	CNP0000460_P03T	CNP0000460	DF.classifications_0.25_0.22_204	Singlet	pANN_0.25_0.22_204	0.293080939947781
CNP0000460_ACGAGGACAGGACGTA-1_1_1_1	CNP0000460_P03T	CNP0000460	DF.classifications_0.25_0.22_204	Singlet	pANN_0.25_0.22_204	0.267624020887728
CNP0000460_ACGAGGACATGCAACT-1_1_1_1	CNP0000460_P03T	CNP0000460	DF.classifications_0.25_0.22_204	Singlet	pANN_0.25_0.22_204	0.231070496083551
CNP0000460_ACGAGGAGTAAGTGTA-1_1_1_1	CNP0000460_P03T	CNP0000460	DF.classifications_0.25_0.22_204	Singlet	pANN_0.25_0.22_204	0.170365535248042
CNP0000460_ACGAGGAGTATAGGGC-1_1_1_1	CNP0000460_P03T	CNP0000460	DF.classifications_0.25_0.22_204	Singlet	pANN_0.25_0.22_204	0.242167101827676
CNP0000460_ACGAGGAGTCAGAGGT-1_1_1_1	CNP0000460_P03T	CNP0000460	DF.classifications_0.25_0.22_204	Singlet	pANN_0.25_0.22_204	0.357049608355091
CNP0000460_ACGAGGAGTTTGACAC-1_1_1_1	CNP0000460_P03T	CNP0000460	DF.classifications_0.25_0.22_204	Doublet	pANN_0.25_0.22_204	0.360313315926893
CNP0000460_ACGAGGATCAAGGCTT-1_1_1_1	CNP0000460_P03T	CNP0000460	DF.classifications_0.25_0.22_204	Singlet	pANN_0.25_0.22_204	0.0985639686684073
CNP0000460_ACGAGGATCAGCTGGC-1_1_1_1	CNP0000460_P03T	CNP0000460	DF.classifications_0.25_0.22_204	Singlet	pANN_0.25_0.22_204	0.265013054830287
CNP0000460_ACGAGGATCGGCATCG-1_1_1_1	CNP0000460_P03T	CNP0000460	DF.classifications_0.25_0.22_204	Singlet	pANN_0.25_0.22_204	0.347911227154047
CNP0000460_ACGATACAGCCGGTAA-1_1_1_1	CNP0000460_P03T	CNP0000460	DF.classifications_0.25_0.22_204	Doublet	pANN_0.25_0.22_204	0.368798955613577
CNP0000460_ACGATACAGCGGCTTC-1_1_1_1	CNP0000460_P03T	CNP0000460	DF.classifications_0.25_0.22_204	Singlet	pANN_0.25_0.22_204	0.0939947780678851
CNP0000460_ACGATACAGTGCGATG-1_1_1_1	CNP0000460_P03T	CNP0000460	DF.classifications_0.25_0.22_204	Singlet	pANN_0.25_0.22_204	0.352480417754569
CNP0000460_ACGATACAGTGGGTTG-1_1_1_1	CNP0000460_P03T	CNP0000460	DF.classifications_0.25_0.22_204	Singlet	pANN_0.25_0.22_204	0.345953002610966
CNP0000460_ACGATACCAAGGCTCC-1_1_1_1	CNP0000460_P03T	CNP0000460	DF.classifications_0.25_0.22_204	Singlet	pANN_0.25_0.22_204	0.356396866840731
CNP0000460_ACGATACCAAGTCATC-1_1_1_1	CNP0000460_P03T	CNP0000460	DF.classifications_0.25_0.22_204	Singlet	pANN_0.25_0.22_204	0.286553524804178
CNP0000460_ACGATACCAATCAGAA-1_1_1_1	CNP0000460_P03T	CNP0000460	DF.classifications_0.25_0.22_204	Singlet	pANN_0.25_0.22_204	0.160574412532637
CNP0000460_ACGATACCATCCAACA-1_1_1_1	CNP0000460_P03T	CNP0000460	DF.classifications_0.25_0.22_204	Singlet	pANN_0.25_0.22_204	0.272845953002611
CNP0000460_ACGATACGTTCGCTAA-1_1_1_1	CNP0000460_P03T	CNP0000460	DF.classifications_0.25_0.22_204	Singlet	pANN_0.25_0.22_204	0.0828981723237598
CNP0000460_ACGATACTCCATGCTC-1_1_1_1	CNP0000460_P03T	CNP0000460	DF.classifications_0.25_0.22_204	Singlet	pANN_0.25_0.22_204	0.261096605744125
CNP0000460_ACGATGTAGATCACGG-1_1_1_1	CNP0000460_P03T	CNP0000460	DF.classifications_0.25_0.22_204	Singlet	pANN_0.25_0.22_204	0.357702349869452
CNP0000460_ACGATGTAGCTAGTGG-1_1_1_1	CNP0000460_P03T	CNP0000460	DF.classifications_0.25_0.22_204	Singlet	pANN_0.25_0.22_204	0.178198433420366
CNP0000460_ACGATGTAGGGAAACA-1_1_1_1	CNP0000460_P03T	CNP0000460	DF.classifications_0.25_0.22_204	Singlet	pANN_0.25_0.22_204	0.10378590078329
CNP0000460_ACGATGTAGGGCACTA-1_1_1_1	CNP0000460_P03T	CNP0000460	DF.classifications_0.25_0.22_204	Singlet	pANN_0.25_0.22_204	0.347911227154047
CNP0000460_ACGATGTGTAGGGTAC-1_1_1_1	CNP0000460_P03T	CNP0000460	DF.classifications_0.25_0.22_204	Singlet	pANN_0.25_0.22_204	0.355744125326371
CNP0000460_ACGATGTGTATCGCAT-1_1_1_1	CNP0000460_P03T	CNP0000460	DF.classifications_0.25_0.22_204	Singlet	pANN_0.25_0.22_204	0.097911227154047
CNP0000460_ACGATGTTCCAGTATG-1_1_1_1	CNP0000460_P03T	CNP0000460	DF.classifications_0.25_0.22_204	Singlet	pANN_0.25_0.22_204	0.127937336814621
CNP0000460_ACGATGTTCCGCGCAA-1_1_1_1	CNP0000460_P03T	CNP0000460	DF.classifications_0.25_0.22_204	Singlet	pANN_0.25_0.22_204	0.149477806788512
CNP0000460_ACGATGTTCTCGAGTA-1_1_1_1	CNP0000460_P03T	CNP0000460	DF.classifications_0.25_0.22_204	Singlet	pANN_0.25_0.22_204	0.107049608355091
CNP0000460_ACGATGTTCTTCATGT-1_1_1_1	CNP0000460_P03T	CNP0000460	DF.classifications_0.25_0.22_204	Singlet	pANN_0.25_0.22_204	0.295039164490862
CNP0000460_ACGCAGCAGATGCCTT-1_1_1_1	CNP0000460_P03T	CNP0000460	DF.classifications_0.25_0.22_204	Singlet	pANN_0.25_0.22_204	0.164490861618799
CNP0000460_ACGCAGCCAACGCACC-1_1_1_1	CNP0000460_P03T	CNP0000460	DF.classifications_0.25_0.22_204	Singlet	pANN_0.25_0.22_204	0.114229765013055
CNP0000460_ACGCAGCCAAGCCGCT-1_1_1_1	CNP0000460_P03T	CNP0000460	DF.classifications_0.25_0.22_204	Singlet	pANN_0.25_0.22_204	0.288511749347258
CNP0000460_ACGCAGCCAAGCGTAG-1_1_1_1	CNP0000460_P03T	CNP0000460	DF.classifications_0.25_0.22_204	Singlet	pANN_0.25_0.22_204	0.117493472584856
CNP0000460_ACGCAGCCAAGCTGGA-1_1_1_1	CNP0000460_P03T	CNP0000460	DF.classifications_0.25_0.22_204	Singlet	pANN_0.25_0.22_204	0.0998694516971279
CNP0000460_ACGCAGCGTCCGCTGA-1_1_1_1	CNP0000460_P03T	CNP0000460	DF.classifications_0.25_0.22_204	Singlet	pANN_0.25_0.22_204	0.295691906005222
CNP0000460_ACGCAGCTCACGCGGT-1_1_1_1	CNP0000460_P03T	CNP0000460	DF.classifications_0.25_0.22_204	Singlet	pANN_0.25_0.22_204	0.18733681462141
CNP0000460_ACGCAGCTCACTTCAT-1_1_1_1	CNP0000460_P03T	CNP0000460	DF.classifications_0.25_0.22_204	Singlet	pANN_0.25_0.22_204	0.357049608355091
CNP0000460_ACGCAGCTCAGGCCCA-1_1_1_1	CNP0000460_P03T	CNP0000460	DF.classifications_0.25_0.22_204	Singlet	pANN_0.25_0.22_204	0.133159268929504
CNP0000460_ACGCAGCTCATTATCC-1_1_1_1	CNP0000460_P03T	CNP0000460	DF.classifications_0.25_0.22_204	Singlet	pANN_0.25_0.22_204	0.215404699738903
CNP0000460_ACGCAGCTCCTCCTAG-1_1_1_1	CNP0000460_P03T	CNP0000460	DF.classifications_0.25_0.22_204	Singlet	pANN_0.25_0.22_204	0.0933420365535248
CNP0000460_ACGCAGCTCTTTAGTC-1_1_1_1	CNP0000460_P03T	CNP0000460	DF.classifications_0.25_0.22_204	Singlet	pANN_0.25_0.22_204	0.12402088772846
CNP0000460_ACGCCAGAGTCGATAA-1_1_1_1	CNP0000460_P03T	CNP0000460	DF.classifications_0.25_0.22_204	Doublet	pANN_0.25_0.22_204	0.365535248041775
CNP0000460_ACGCCAGCAAGTCTAC-1_1_1_1	CNP0000460_P03T	CNP0000460	DF.classifications_0.25_0.22_204	Singlet	pANN_0.25_0.22_204	0.102480417754569
CNP0000460_ACGCCAGCAGATGAGC-1_1_1_1	CNP0000460_P03T	CNP0000460	DF.classifications_0.25_0.22_204	Singlet	pANN_0.25_0.22_204	0.266318537859008
CNP0000460_ACGCCAGCAGGGTTAG-1_1_1_1	CNP0000460_P03T	CNP0000460	DF.classifications_0.25_0.22_204	Singlet	pANN_0.25_0.22_204	0.35313315926893
CNP0000460_ACGCCAGGTCTAACGT-1_1_1_1	CNP0000460_P03T	CNP0000460	DF.classifications_0.25_0.22_204	Singlet	pANN_0.25_0.22_204	0.301566579634465
CNP0000460_ACGCCAGTCAAACCGT-1_1_1_1	CNP0000460_P03T	CNP0000460	DF.classifications_0.25_0.22_204	Singlet	pANN_0.25_0.22_204	0.349216710182768
CNP0000460_ACGCCAGTCAACTCTT-1_1_1_1	CNP0000460_P03T	CNP0000460	DF.classifications_0.25_0.22_204	Singlet	pANN_0.25_0.22_204	0.330287206266319
CNP0000460_ACGCCAGTCACAATGC-1_1_1_1	CNP0000460_P03T	CNP0000460	DF.classifications_0.25_0.22_204	Singlet	pANN_0.25_0.22_204	0.211488250652742
CNP0000460_ACGCCAGTCACCTCGT-1_1_1_1	CNP0000460_P03T	CNP0000460	DF.classifications_0.25_0.22_204	Singlet	pANN_0.25_0.22_204	0.0939947780678851
CNP0000460_ACGCCAGTCATCTGTT-1_1_1_1	CNP0000460_P03T	CNP0000460	DF.classifications_0.25_0.22_204	Singlet	pANN_0.25_0.22_204	0.35378590078329
CNP0000460_ACGCCAGTCTACCAGA-1_1_1_1	CNP0000460_P03T	CNP0000460	DF.classifications_0.25_0.22_204	Singlet	pANN_0.25_0.22_204	0.0933420365535248
CNP0000460_ACGCCAGTCTTGGGTA-1_1_1_1	CNP0000460_P03T	CNP0000460	DF.classifications_0.25_0.22_204	Singlet	pANN_0.25_0.22_204	0.206266318537859
CNP0000460_ACGCCGAAGATGGGTC-1_1_1_1	CNP0000460_P03T	CNP0000460	DF.classifications_0.25_0.22_204	Singlet	pANN_0.25_0.22_204	0.357702349869452
CNP0000460_ACGCCGACACGACGAA-1_1_1_1	CNP0000460_P03T	CNP0000460	DF.classifications_0.25_0.22_204	Singlet	pANN_0.25_0.22_204	0.29242819843342
CNP0000460_ACGCCGACAGTGGAGT-1_1_1_1	CNP0000460_P03T	CNP0000460	DF.classifications_0.25_0.22_204	Singlet	pANN_0.25_0.22_204	0.0953002610966057
CNP0000460_ACGCCGAGTACCAGTT-1_1_1_1	CNP0000460_P03T	CNP0000460	DF.classifications_0.25_0.22_204	Singlet	pANN_0.25_0.22_204	0.352480417754569
CNP0000460_ACGCCGAGTCCGTGAC-1_1_1_1	CNP0000460_P03T	CNP0000460	DF.classifications_0.25_0.22_204	Singlet	pANN_0.25_0.22_204	0.127284595300261
CNP0000460_ACGCCGAGTGCAGACA-1_1_1_1	CNP0000460_P03T	CNP0000460	DF.classifications_0.25_0.22_204	Singlet	pANN_0.25_0.22_204	0.0809399477806789
CNP0000460_ACGCCGAGTGTGTGCC-1_1_1_1	CNP0000460_P03T	CNP0000460	DF.classifications_0.25_0.22_204	Singlet	pANN_0.25_0.22_204	0.259138381201044
CNP0000460_ACGCCGATCACCTCGT-1_1_1_1	CNP0000460_P03T	CNP0000460	DF.classifications_0.25_0.22_204	Singlet	pANN_0.25_0.22_204	0.111618798955614
CNP0000460_ACGCCGATCCCGGATG-1_1_1_1	CNP0000460_P03T	CNP0000460	DF.classifications_0.25_0.22_204	Singlet	pANN_0.25_0.22_204	0.300913838120104
CNP0000460_ACGGAGAAGGGTTCCC-1_1_1_1	CNP0000460_P03T	CNP0000460	DF.classifications_0.25_0.22_204	Singlet	pANN_0.25_0.22_204	0.347911227154047
CNP0000460_ACGGAGAAGTGCTGCC-1_1_1_1	CNP0000460_P03T	CNP0000460	DF.classifications_0.25_0.22_204	Singlet	pANN_0.25_0.22_204	0.349869451697128
CNP0000460_ACGGAGACAAGCCCAC-1_1_1_1	CNP0000460_P03T	CNP0000460	DF.classifications_0.25_0.22_204	Singlet	pANN_0.25_0.22_204	0.35313315926893
CNP0000460_ACGGAGACAAGCGCTC-1_1_1_1	CNP0000460_P03T	CNP0000460	DF.classifications_0.25_0.22_204	Singlet	pANN_0.25_0.22_204	0.0985639686684073
CNP0000460_ACGGAGACAATCCAAC-1_1_1_1	CNP0000460_P03T	CNP0000460	DF.classifications_0.25_0.22_204	Doublet	pANN_0.25_0.22_204	0.364229765013055
CNP0000460_ACGGAGAGTACCGTAT-1_1_1_1	CNP0000460_P03T	CNP0000460	DF.classifications_0.25_0.22_204	Singlet	pANN_0.25_0.22_204	0.356396866840731
CNP0000460_ACGGAGAGTTAAGTAG-1_1_1_1	CNP0000460_P03T	CNP0000460	DF.classifications_0.25_0.22_204	Singlet	pANN_0.25_0.22_204	0.12532637075718
CNP0000460_ACGGAGAGTTCACCTC-1_1_1_1	CNP0000460_P03T	CNP0000460	DF.classifications_0.25_0.22_204	Singlet	pANN_0.25_0.22_204	0.105744125326371
CNP0000460_ACGGAGATCAAAGACA-1_1_1_1	CNP0000460_P03T	CNP0000460	DF.classifications_0.25_0.22_204	Singlet	pANN_0.25_0.22_204	0.348563968668407
CNP0000460_ACGGAGATCACGATGT-1_1_1_1	CNP0000460_P03T	CNP0000460	DF.classifications_0.25_0.22_204	Singlet	pANN_0.25_0.22_204	0.0920365535248042
CNP0000460_ACGGAGATCAGCACAT-1_1_1_1	CNP0000460_P03T	CNP0000460	DF.classifications_0.25_0.22_204	Doublet	pANN_0.25_0.22_204	0.360313315926893
CNP0000460_ACGGAGATCCACGTGG-1_1_1_1	CNP0000460_P03T	CNP0000460	DF.classifications_0.25_0.22_204	Singlet	pANN_0.25_0.22_204	0.0815926892950392
CNP0000460_ACGGAGATCGCCCTTA-1_1_1_1	CNP0000460_P03T	CNP0000460	DF.classifications_0.25_0.22_204	Singlet	pANN_0.25_0.22_204	0.108355091383812
CNP0000460_ACGGCCAAGACTAAGT-1_1_1_1	CNP0000460_P03T	CNP0000460	DF.classifications_0.25_0.22_204	Singlet	pANN_0.25_0.22_204	0.0933420365535248
CNP0000460_ACGGCCAAGAGCCTAG-1_1_1_1	CNP0000460_P03T	CNP0000460	DF.classifications_0.25_0.22_204	Singlet	pANN_0.25_0.22_204	0.261749347258486
CNP0000460_ACGGCCAAGATATGCA-1_1_1_1	CNP0000460_P03T	CNP0000460	DF.classifications_0.25_0.22_204	Singlet	pANN_0.25_0.22_204	0.259138381201044
CNP0000460_ACGGCCAAGATCTGAA-1_1_1_1	CNP0000460_P03T	CNP0000460	DF.classifications_0.25_0.22_204	Singlet	pANN_0.25_0.22_204	0.263054830287206
CNP0000460_ACGGCCAAGTGAAGTT-1_1_1_1	CNP0000460_P03T	CNP0000460	DF.classifications_0.25_0.22_204	Singlet	pANN_0.25_0.22_204	0.115535248041775
CNP0000460_ACGGCCACATGCCCGA-1_1_1_1	CNP0000460_P03T	CNP0000460	DF.classifications_0.25_0.22_204	Singlet	pANN_0.25_0.22_204	0.293080939947781
CNP0000460_ACGGCCAGTACAGACG-1_1_1_1	CNP0000460_P03T	CNP0000460	DF.classifications_0.25_0.22_204	Singlet	pANN_0.25_0.22_204	0.281984334203655
CNP0000460_ACGGCCAGTAGCGTAG-1_1_1_1	CNP0000460_P03T	CNP0000460	DF.classifications_0.25_0.22_204	Singlet	pANN_0.25_0.22_204	0.107702349869452
CNP0000460_ACGGCCAGTGCTGTAT-1_1_1_1	CNP0000460_P03T	CNP0000460	DF.classifications_0.25_0.22_204	Singlet	pANN_0.25_0.22_204	0.147519582245431
CNP0000460_ACGGCCAGTTGCTCCT-1_1_1_1	CNP0000460_P03T	CNP0000460	DF.classifications_0.25_0.22_204	Singlet	pANN_0.25_0.22_204	0.0868146214099217
CNP0000460_ACGGCCATCACCGGGT-1_1_1_1	CNP0000460_P03T	CNP0000460	DF.classifications_0.25_0.22_204	Singlet	pANN_0.25_0.22_204	0.262402088772846
CNP0000460_ACGGCCATCTAGCACA-1_1_1_1	CNP0000460_P03T	CNP0000460	DF.classifications_0.25_0.22_204	Singlet	pANN_0.25_0.22_204	0.357049608355091
CNP0000460_ACGGCCATCTATCGCC-1_1_1_1	CNP0000460_P03T	CNP0000460	DF.classifications_0.25_0.22_204	Singlet	pANN_0.25_0.22_204	0.216057441253264
CNP0000460_ACGGGCTAGAATTGTG-1_1_1_1	CNP0000460_P03T	CNP0000460	DF.classifications_0.25_0.22_204	Doublet	pANN_0.25_0.22_204	0.364882506527415
CNP0000460_ACGGGCTGTACCAGTT-1_1_1_1	CNP0000460_P03T	CNP0000460	DF.classifications_0.25_0.22_204	Singlet	pANN_0.25_0.22_204	0.342689295039165
CNP0000460_ACGGGCTGTATATCCG-1_1_1_1	CNP0000460_P03T	CNP0000460	DF.classifications_0.25_0.22_204	Singlet	pANN_0.25_0.22_204	0.351827676240209
CNP0000460_ACGGGCTGTTCCAACA-1_1_1_1	CNP0000460_P03T	CNP0000460	DF.classifications_0.25_0.22_204	Singlet	pANN_0.25_0.22_204	0.347258485639687
CNP0000460_ACGGGCTTCTAACCGA-1_1_1_1	CNP0000460_P03T	CNP0000460	DF.classifications_0.25_0.22_204	Singlet	pANN_0.25_0.22_204	0.087467362924282
CNP0000460_ACGGGCTTCTCGGACG-1_1_1_1	CNP0000460_P03T	CNP0000460	DF.classifications_0.25_0.22_204	Doublet	pANN_0.25_0.22_204	0.387728459530026
CNP0000460_ACGGGTCAGCGATATA-1_1_1_1	CNP0000460_P03T	CNP0000460	DF.classifications_0.25_0.22_204	Singlet	pANN_0.25_0.22_204	0.35443864229765
CNP0000460_ACGGGTCAGGGATGGG-1_1_1_1	CNP0000460_P03T	CNP0000460	DF.classifications_0.25_0.22_204	Singlet	pANN_0.25_0.22_204	0.111618798955614
CNP0000460_ACGGGTCAGTACGACG-1_1_1_1	CNP0000460_P03T	CNP0000460	DF.classifications_0.25_0.22_204	Singlet	pANN_0.25_0.22_204	0.0848563968668407
CNP0000460_ACGGGTCAGTCCGGTC-1_1_1_1	CNP0000460_P03T	CNP0000460	DF.classifications_0.25_0.22_204	Singlet	pANN_0.25_0.22_204	0.280026109660574
CNP0000460_ACGGGTCCAAGCTGGA-1_1_1_1	CNP0000460_P03T	CNP0000460	DF.classifications_0.25_0.22_204	Singlet	pANN_0.25_0.22_204	0.0907310704960835
CNP0000460_ACGGGTCGTAGCGTGA-1_1_1_1	CNP0000460_P03T	CNP0000460	DF.classifications_0.25_0.22_204	Singlet	pANN_0.25_0.22_204	0.0815926892950392
CNP0000460_ACGGGTCGTCAATGTC-1_1_1_1	CNP0000460_P03T	CNP0000460	DF.classifications_0.25_0.22_204	Singlet	pANN_0.25_0.22_204	0.280026109660574
CNP0000460_ACGGGTCGTCATCCCT-1_1_1_1	CNP0000460_P03T	CNP0000460	DF.classifications_0.25_0.22_204	Singlet	pANN_0.25_0.22_204	0.347258485639687
CNP0000460_ACGGGTCGTCTAGTCA-1_1_1_1	CNP0000460_P03T	CNP0000460	DF.classifications_0.25_0.22_204	Singlet	pANN_0.25_0.22_204	0.136422976501305
CNP0000460_ACGGGTCTCATAGCAC-1_1_1_1	CNP0000460_P03T	CNP0000460	DF.classifications_0.25_0.22_204	Singlet	pANN_0.25_0.22_204	0.315926892950392
CNP0000460_ACGTCAAAGAATTCCC-1_1_1_1	CNP0000460_P03T	CNP0000460	DF.classifications_0.25_0.22_204	Singlet	pANN_0.25_0.22_204	0.29242819843342
CNP0000460_ACGTCAAAGGCTAGAC-1_1_1_1	CNP0000460_P03T	CNP0000460	DF.classifications_0.25_0.22_204	Singlet	pANN_0.25_0.22_204	0.293080939947781
CNP0000460_ACGTCAAAGGGAACGG-1_1_1_1	CNP0000460_P03T	CNP0000460	DF.classifications_0.25_0.22_204	Singlet	pANN_0.25_0.22_204	0.199086161879896
CNP0000460_ACGTCAAAGTTGCAGG-1_1_1_1	CNP0000460_P03T	CNP0000460	DF.classifications_0.25_0.22_204	Singlet	pANN_0.25_0.22_204	0.259138381201044
CNP0000460_ACGTCAACACTCGACG-1_1_1_1	CNP0000460_P03T	CNP0000460	DF.classifications_0.25_0.22_204	Singlet	pANN_0.25_0.22_204	0.0972584856396867
CNP0000460_ACGTCAAGTCCTCCAT-1_1_1_1	CNP0000460_P03T	CNP0000460	DF.classifications_0.25_0.22_204	Singlet	pANN_0.25_0.22_204	0.225848563968668
CNP0000460_ACGTCAAGTGTGACCC-1_1_1_1	CNP0000460_P03T	CNP0000460	DF.classifications_0.25_0.22_204	Singlet	pANN_0.25_0.22_204	0.281984334203655
CNP0000460_ACGTCAATCAGCACAT-1_1_1_1	CNP0000460_P03T	CNP0000460	DF.classifications_0.25_0.22_204	Singlet	pANN_0.25_0.22_204	0.22976501305483
CNP0000460_ACGTCAATCCGTTGCT-1_1_1_1	CNP0000460_P03T	CNP0000460	DF.classifications_0.25_0.22_204	Singlet	pANN_0.25_0.22_204	0.351174934725849
CNP0000460_ACTATCTAGACTAAGT-1_1_1_1	CNP0000460_P03T	CNP0000460	DF.classifications_0.25_0.22_204	Singlet	pANN_0.25_0.22_204	0.109660574412533
CNP0000460_ACTATCTAGACTTGAA-1_1_1_1	CNP0000460_P03T	CNP0000460	DF.classifications_0.25_0.22_204	Singlet	pANN_0.25_0.22_204	0.118798955613577
CNP0000460_ACTATCTAGCCAGTAG-1_1_1_1	CNP0000460_P03T	CNP0000460	DF.classifications_0.25_0.22_204	Singlet	pANN_0.25_0.22_204	0.359007832898172
CNP0000460_ACTATCTCAACACCTA-1_1_1_1	CNP0000460_P03T	CNP0000460	DF.classifications_0.25_0.22_204	Singlet	pANN_0.25_0.22_204	0.272845953002611
CNP0000460_ACTATCTCAGGGTATG-1_1_1_1	CNP0000460_P03T	CNP0000460	DF.classifications_0.25_0.22_204	Singlet	pANN_0.25_0.22_204	0.274151436031332
CNP0000460_ACTATCTCAGTTTACG-1_1_1_1	CNP0000460_P03T	CNP0000460	DF.classifications_0.25_0.22_204	Singlet	pANN_0.25_0.22_204	0.348563968668407
CNP0000460_ACTATCTCATCCGCGA-1_1_1_1	CNP0000460_P03T	CNP0000460	DF.classifications_0.25_0.22_204	Singlet	pANN_0.25_0.22_204	0.35509138381201
CNP0000460_ACTATCTGTCAGAGGT-1_1_1_1	CNP0000460_P03T	CNP0000460	DF.classifications_0.25_0.22_204	Singlet	pANN_0.25_0.22_204	0.343342036553525
CNP0000460_ACTATCTGTTAGGGTG-1_1_1_1	CNP0000460_P03T	CNP0000460	DF.classifications_0.25_0.22_204	Singlet	pANN_0.25_0.22_204	0.288511749347258
CNP0000460_ACTATCTGTTCATGGT-1_1_1_1	CNP0000460_P03T	CNP0000460	DF.classifications_0.25_0.22_204	Singlet	pANN_0.25_0.22_204	0.246083550913838
CNP0000460_ACTATCTGTTCCGTCT-1_1_1_1	CNP0000460_P03T	CNP0000460	DF.classifications_0.25_0.22_204	Singlet	pANN_0.25_0.22_204	0.0946475195822454
CNP0000460_ACTATCTTCCCACTTG-1_1_1_1	CNP0000460_P03T	CNP0000460	DF.classifications_0.25_0.22_204	Singlet	pANN_0.25_0.22_204	0.349869451697128
CNP0000460_ACTGAACAGACTCGGA-1_1_1_1	CNP0000460_P03T	CNP0000460	DF.classifications_0.25_0.22_204	Singlet	pANN_0.25_0.22_204	0.274151436031332
CNP0000460_ACTGAACAGATCCCAT-1_1_1_1	CNP0000460_P03T	CNP0000460	DF.classifications_0.25_0.22_204	Singlet	pANN_0.25_0.22_204	0.357049608355091
CNP0000460_ACTGAACAGCGGATCA-1_1_1_1	CNP0000460_P03T	CNP0000460	DF.classifications_0.25_0.22_204	Singlet	pANN_0.25_0.22_204	0.110966057441253
CNP0000460_ACTGAACAGCGTGAGT-1_1_1_1	CNP0000460_P03T	CNP0000460	DF.classifications_0.25_0.22_204	Singlet	pANN_0.25_0.22_204	0.280678851174935
CNP0000460_ACTGAACAGTGGAGTC-1_1_1_1	CNP0000460_P03T	CNP0000460	DF.classifications_0.25_0.22_204	Singlet	pANN_0.25_0.22_204	0.0972584856396867
CNP0000460_ACTGAACCAAGAAGAG-1_1_1_1	CNP0000460_P03T	CNP0000460	DF.classifications_0.25_0.22_204	Singlet	pANN_0.25_0.22_204	0.0868146214099217
CNP0000460_ACTGAACCAAGCCATT-1_1_1_1	CNP0000460_P03T	CNP0000460	DF.classifications_0.25_0.22_204	Singlet	pANN_0.25_0.22_204	0.35509138381201
CNP0000460_ACTGAACCAATACGCT-1_1_1_1	CNP0000460_P03T	CNP0000460	DF.classifications_0.25_0.22_204	Singlet	pANN_0.25_0.22_204	0.35509138381201
CNP0000460_ACTGAACCACGAAAGC-1_1_1_1	CNP0000460_P03T	CNP0000460	DF.classifications_0.25_0.22_204	Singlet	pANN_0.25_0.22_204	0.164490861618799
CNP0000460_ACTGAACCATTCTTAC-1_1_1_1	CNP0000460_P03T	CNP0000460	DF.classifications_0.25_0.22_204	Singlet	pANN_0.25_0.22_204	0.109660574412533
CNP0000460_ACTGAACGTAATCGTC-1_1_1_1	CNP0000460_P03T	CNP0000460	DF.classifications_0.25_0.22_204	Singlet	pANN_0.25_0.22_204	0.106396866840731
CNP0000460_ACTGAACGTACAGTGG-1_1_1_1	CNP0000460_P03T	CNP0000460	DF.classifications_0.25_0.22_204	Singlet	pANN_0.25_0.22_204	0.244125326370757
CNP0000460_ACTGAACTCAACGGCC-1_1_1_1	CNP0000460_P03T	CNP0000460	DF.classifications_0.25_0.22_204	Singlet	pANN_0.25_0.22_204	0.35509138381201
CNP0000460_ACTGAACTCCACGACG-1_1_1_1	CNP0000460_P03T	CNP0000460	DF.classifications_0.25_0.22_204	Singlet	pANN_0.25_0.22_204	0.109660574412533
CNP0000460_ACTGAACTCCACTGGG-1_1_1_1	CNP0000460_P03T	CNP0000460	DF.classifications_0.25_0.22_204	Singlet	pANN_0.25_0.22_204	0.184073107049608
CNP0000460_ACTGAACTCCAGAGGA-1_1_1_1	CNP0000460_P03T	CNP0000460	DF.classifications_0.25_0.22_204	Singlet	pANN_0.25_0.22_204	0.0802872062663185
CNP0000460_ACTGAACTCCGCTGTT-1_1_1_1	CNP0000460_P03T	CNP0000460	DF.classifications_0.25_0.22_204	Singlet	pANN_0.25_0.22_204	0.135117493472585
CNP0000460_ACTGAACTCTATGTGG-1_1_1_1	CNP0000460_P03T	CNP0000460	DF.classifications_0.25_0.22_204	Singlet	pANN_0.25_0.22_204	0.120104438642298
CNP0000460_ACTGAGTAGATCGGGT-1_1_1_1	CNP0000460_P03T	CNP0000460	DF.classifications_0.25_0.22_204	Singlet	pANN_0.25_0.22_204	0.136422976501305
CNP0000460_ACTGAGTAGGACAGCT-1_1_1_1	CNP0000460_P03T	CNP0000460	DF.classifications_0.25_0.22_204	Singlet	pANN_0.25_0.22_204	0.0894255874673629
CNP0000460_ACTGAGTAGGGATACC-1_1_1_1	CNP0000460_P03T	CNP0000460	DF.classifications_0.25_0.22_204	Singlet	pANN_0.25_0.22_204	0.278720626631854
CNP0000460_ACTGAGTCACATGGGA-1_1_1_1	CNP0000460_P03T	CNP0000460	DF.classifications_0.25_0.22_204	Singlet	pANN_0.25_0.22_204	0.120757180156658
CNP0000460_ACTGAGTCACCTCGTT-1_1_1_1	CNP0000460_P03T	CNP0000460	DF.classifications_0.25_0.22_204	Singlet	pANN_0.25_0.22_204	0.127937336814621
CNP0000460_ACTGAGTCATCACAAC-1_1_1_1	CNP0000460_P03T	CNP0000460	DF.classifications_0.25_0.22_204	Doublet	pANN_0.25_0.22_204	0.360966057441253
CNP0000460_ACTGAGTGTACTTGAC-1_1_1_1	CNP0000460_P03T	CNP0000460	DF.classifications_0.25_0.22_204	Singlet	pANN_0.25_0.22_204	0.351174934725849
CNP0000460_ACTGAGTGTCATATCG-1_1_1_1	CNP0000460_P03T	CNP0000460	DF.classifications_0.25_0.22_204	Singlet	pANN_0.25_0.22_204	0.352480417754569
CNP0000460_ACTGAGTGTCTGCAAT-1_1_1_1	CNP0000460_P03T	CNP0000460	DF.classifications_0.25_0.22_204	Singlet	pANN_0.25_0.22_204	0.345300261096606
CNP0000460_ACTGAGTTCCTGCCAT-1_1_1_1	CNP0000460_P03T	CNP0000460	DF.classifications_0.25_0.22_204	Singlet	pANN_0.25_0.22_204	0.347911227154047
CNP0000460_ACTGAGTTCTAGCACA-1_1_1_1	CNP0000460_P03T	CNP0000460	DF.classifications_0.25_0.22_204	Singlet	pANN_0.25_0.22_204	0.107049608355091
CNP0000460_ACTGATGAGACTCGGA-1_1_1_1	CNP0000460_P03T	CNP0000460	DF.classifications_0.25_0.22_204	Singlet	pANN_0.25_0.22_204	0.155352480417755
CNP0000460_ACTGATGAGATGCCTT-1_1_1_1	CNP0000460_P03T	CNP0000460	DF.classifications_0.25_0.22_204	Singlet	pANN_0.25_0.22_204	0.286553524804178
CNP0000460_ACTGATGAGCGCCTTG-1_1_1_1	CNP0000460_P03T	CNP0000460	DF.classifications_0.25_0.22_204	Singlet	pANN_0.25_0.22_204	0.288511749347258
CNP0000460_ACTGATGAGCTTCGCG-1_1_1_1	CNP0000460_P03T	CNP0000460	DF.classifications_0.25_0.22_204	Singlet	pANN_0.25_0.22_204	0.352480417754569
CNP0000460_ACTGATGAGGATATAC-1_1_1_1	CNP0000460_P03T	CNP0000460	DF.classifications_0.25_0.22_204	Singlet	pANN_0.25_0.22_204	0.152088772845953
CNP0000460_ACTGATGAGTCAAGGC-1_1_1_1	CNP0000460_P03T	CNP0000460	DF.classifications_0.25_0.22_204	Singlet	pANN_0.25_0.22_204	0.357049608355091
CNP0000460_ACTGATGCAATGGTCT-1_1_1_1	CNP0000460_P03T	CNP0000460	DF.classifications_0.25_0.22_204	Singlet	pANN_0.25_0.22_204	0.108355091383812
CNP0000460_ACTGATGCACAGTCGC-1_1_1_1	CNP0000460_P03T	CNP0000460	DF.classifications_0.25_0.22_204	Singlet	pANN_0.25_0.22_204	0.350522193211488
CNP0000460_ACTGATGCACGGTTTA-1_1_1_1	CNP0000460_P03T	CNP0000460	DF.classifications_0.25_0.22_204	Singlet	pANN_0.25_0.22_204	0.181462140992167
CNP0000460_ACTGATGCATCGACGC-1_1_1_1	CNP0000460_P03T	CNP0000460	DF.classifications_0.25_0.22_204	Singlet	pANN_0.25_0.22_204	0.259138381201044
CNP0000460_ACTGATGGTGTGTGCC-1_1_1_1	CNP0000460_P03T	CNP0000460	DF.classifications_0.25_0.22_204	Singlet	pANN_0.25_0.22_204	0.105744125326371
CNP0000460_ACTGATGGTTGTGGCC-1_1_1_1	CNP0000460_P03T	CNP0000460	DF.classifications_0.25_0.22_204	Singlet	pANN_0.25_0.22_204	0.341383812010444
CNP0000460_ACTGATGTCAGCTTAG-1_1_1_1	CNP0000460_P03T	CNP0000460	DF.classifications_0.25_0.22_204	Singlet	pANN_0.25_0.22_204	0.352480417754569
CNP0000460_ACTGATGTCATGCTCC-1_1_1_1	CNP0000460_P03T	CNP0000460	DF.classifications_0.25_0.22_204	Singlet	pANN_0.25_0.22_204	0.102480417754569
CNP0000460_ACTGCTCAGGACACCA-1_1_1_1	CNP0000460_P03T	CNP0000460	DF.classifications_0.25_0.22_204	Singlet	pANN_0.25_0.22_204	0.139686684073107
CNP0000460_ACTGCTCCAAGCCGTC-1_1_1_1	CNP0000460_P03T	CNP0000460	DF.classifications_0.25_0.22_204	Singlet	pANN_0.25_0.22_204	0.285248041775457
CNP0000460_ACTGCTCCAATCTACG-1_1_1_1	CNP0000460_P03T	CNP0000460	DF.classifications_0.25_0.22_204	Singlet	pANN_0.25_0.22_204	0.144255874673629
CNP0000460_ACTGCTCGTACTTGAC-1_1_1_1	CNP0000460_P03T	CNP0000460	DF.classifications_0.25_0.22_204	Singlet	pANN_0.25_0.22_204	0.109007832898172
CNP0000460_ACTGCTCGTTACGCGC-1_1_1_1	CNP0000460_P03T	CNP0000460	DF.classifications_0.25_0.22_204	Singlet	pANN_0.25_0.22_204	0.283289817232376
CNP0000460_ACTGCTCTCCACGCAG-1_1_1_1	CNP0000460_P03T	CNP0000460	DF.classifications_0.25_0.22_204	Singlet	pANN_0.25_0.22_204	0.0946475195822454
CNP0000460_ACTGTCCAGCGATATA-1_1_1_1	CNP0000460_P03T	CNP0000460	DF.classifications_0.25_0.22_204	Singlet	pANN_0.25_0.22_204	0.148825065274151
CNP0000460_ACTGTCCAGGGTCGAT-1_1_1_1	CNP0000460_P03T	CNP0000460	DF.classifications_0.25_0.22_204	Singlet	pANN_0.25_0.22_204	0.139033942558747
CNP0000460_ACTGTCCAGTTGTAGA-1_1_1_1	CNP0000460_P03T	CNP0000460	DF.classifications_0.25_0.22_204	Singlet	pANN_0.25_0.22_204	0.352480417754569
CNP0000460_ACTGTCCCAAGCTGTT-1_1_1_1	CNP0000460_P03T	CNP0000460	DF.classifications_0.25_0.22_204	Singlet	pANN_0.25_0.22_204	0.289164490861619
CNP0000460_ACTGTCCCACCAGGTC-1_1_1_1	CNP0000460_P03T	CNP0000460	DF.classifications_0.25_0.22_204	Singlet	pANN_0.25_0.22_204	0.0894255874673629
CNP0000460_ACTGTCCCAGTCGATT-1_1_1_1	CNP0000460_P03T	CNP0000460	DF.classifications_0.25_0.22_204	Singlet	pANN_0.25_0.22_204	0.283289817232376
CNP0000460_ACTGTCCCATCCCATC-1_1_1_1	CNP0000460_P03T	CNP0000460	DF.classifications_0.25_0.22_204	Singlet	pANN_0.25_0.22_204	0.264360313315927
CNP0000460_ACTGTCCGTCACCCAG-1_1_1_1	CNP0000460_P03T	CNP0000460	DF.classifications_0.25_0.22_204	Singlet	pANN_0.25_0.22_204	0.308093994778068
CNP0000460_ACTGTCCGTGATGTCT-1_1_1_1	CNP0000460_P03T	CNP0000460	DF.classifications_0.25_0.22_204	Singlet	pANN_0.25_0.22_204	0.303524804177546
CNP0000460_ACTGTCCTCAGCACAT-1_1_1_1	CNP0000460_P03T	CNP0000460	DF.classifications_0.25_0.22_204	Singlet	pANN_0.25_0.22_204	0.140339425587467
CNP0000460_ACTTACTAGATCCCGC-1_1_1_1	CNP0000460_P03T	CNP0000460	DF.classifications_0.25_0.22_204	Singlet	pANN_0.25_0.22_204	0.113577023498695
CNP0000460_ACTTACTAGCACGCCT-1_1_1_1	CNP0000460_P03T	CNP0000460	DF.classifications_0.25_0.22_204	Singlet	pANN_0.25_0.22_204	0.114882506527415
CNP0000460_ACTTACTAGCATGGCA-1_1_1_1	CNP0000460_P03T	CNP0000460	DF.classifications_0.25_0.22_204	Singlet	pANN_0.25_0.22_204	0.35313315926893
CNP0000460_ACTTACTAGCCTATGT-1_1_1_1	CNP0000460_P03T	CNP0000460	DF.classifications_0.25_0.22_204	Singlet	pANN_0.25_0.22_204	0.184725848563969
CNP0000460_ACTTACTAGCGGATCA-1_1_1_1	CNP0000460_P03T	CNP0000460	DF.classifications_0.25_0.22_204	Singlet	pANN_0.25_0.22_204	0.108355091383812
CNP0000460_ACTTACTAGGCATTGG-1_1_1_1	CNP0000460_P03T	CNP0000460	DF.classifications_0.25_0.22_204	Singlet	pANN_0.25_0.22_204	0.116187989556136
CNP0000460_ACTTACTCAAACTGTC-1_1_1_1	CNP0000460_P03T	CNP0000460	DF.classifications_0.25_0.22_204	Singlet	pANN_0.25_0.22_204	0.0926892950391645
CNP0000460_ACTTACTGTAAGCACG-1_1_1_1	CNP0000460_P03T	CNP0000460	DF.classifications_0.25_0.22_204	Singlet	pANN_0.25_0.22_204	0.10313315926893
CNP0000460_ACTTACTGTGAAGGCT-1_1_1_1	CNP0000460_P03T	CNP0000460	DF.classifications_0.25_0.22_204	Singlet	pANN_0.25_0.22_204	0.0907310704960835
CNP0000460_ACTTACTTCCTCGCAT-1_1_1_1	CNP0000460_P03T	CNP0000460	DF.classifications_0.25_0.22_204	Singlet	pANN_0.25_0.22_204	0.236945169712794
CNP0000460_ACTTGTTAGGATGGAA-1_1_1_1	CNP0000460_P03T	CNP0000460	DF.classifications_0.25_0.22_204	Singlet	pANN_0.25_0.22_204	0.341383812010444
CNP0000460_ACTTGTTAGTCTCAAC-1_1_1_1	CNP0000460_P03T	CNP0000460	DF.classifications_0.25_0.22_204	Singlet	pANN_0.25_0.22_204	0.191253263707572
CNP0000460_ACTTGTTGTAGGCATG-1_1_1_1	CNP0000460_P03T	CNP0000460	DF.classifications_0.25_0.22_204	Singlet	pANN_0.25_0.22_204	0.356396866840731
CNP0000460_ACTTGTTTCCAACCAA-1_1_1_1	CNP0000460_P03T	CNP0000460	DF.classifications_0.25_0.22_204	Singlet	pANN_0.25_0.22_204	0.0907310704960835
CNP0000460_ACTTTCAAGATGAGAG-1_1_1_1	CNP0000460_P03T	CNP0000460	DF.classifications_0.25_0.22_204	Singlet	pANN_0.25_0.22_204	0.171018276762402
CNP0000460_ACTTTCAAGGCTCAGA-1_1_1_1	CNP0000460_P03T	CNP0000460	DF.classifications_0.25_0.22_204	Singlet	pANN_0.25_0.22_204	0.331592689295039
CNP0000460_ACTTTCAAGTTATCGC-1_1_1_1	CNP0000460_P03T	CNP0000460	DF.classifications_0.25_0.22_204	Singlet	pANN_0.25_0.22_204	0.106396866840731
CNP0000460_ACTTTCACAGCCACCA-1_1_1_1	CNP0000460_P03T	CNP0000460	DF.classifications_0.25_0.22_204	Singlet	pANN_0.25_0.22_204	0.140339425587467
CNP0000460_ACTTTCAGTACCGGCT-1_1_1_1	CNP0000460_P03T	CNP0000460	DF.classifications_0.25_0.22_204	Singlet	pANN_0.25_0.22_204	0.0900783289817232
CNP0000460_ACTTTCAGTTCGTTGA-1_1_1_1	CNP0000460_P03T	CNP0000460	DF.classifications_0.25_0.22_204	Singlet	pANN_0.25_0.22_204	0.293733681462141
CNP0000460_ACTTTCATCCGCATAA-1_1_1_1	CNP0000460_P03T	CNP0000460	DF.classifications_0.25_0.22_204	Singlet	pANN_0.25_0.22_204	0.255221932114883
CNP0000460_ACTTTCATCCTTGCCA-1_1_1_1	CNP0000460_P03T	CNP0000460	DF.classifications_0.25_0.22_204	Singlet	pANN_0.25_0.22_204	0.35443864229765
CNP0000460_ACTTTCATCGAGAGCA-1_1_1_1	CNP0000460_P03T	CNP0000460	DF.classifications_0.25_0.22_204	Singlet	pANN_0.25_0.22_204	0.245430809399478
CNP0000460_ACTTTCATCTGCGGCA-1_1_1_1	CNP0000460_P03T	CNP0000460	DF.classifications_0.25_0.22_204	Doublet	pANN_0.25_0.22_204	0.360966057441253
CNP0000460_ACTTTCATCTTTACAC-1_1_1_1	CNP0000460_P03T	CNP0000460	DF.classifications_0.25_0.22_204	Singlet	pANN_0.25_0.22_204	0.148825065274151
CNP0000460_AGAATAGAGACCTAGG-1_1_1_1	CNP0000460_P03T	CNP0000460	DF.classifications_0.25_0.22_204	Singlet	pANN_0.25_0.22_204	0.340078328981723
CNP0000460_AGAATAGAGCGGCTTC-1_1_1_1	CNP0000460_P03T	CNP0000460	DF.classifications_0.25_0.22_204	Singlet	pANN_0.25_0.22_204	0.344647519582245
CNP0000460_AGAATAGAGGACTGGT-1_1_1_1	CNP0000460_P03T	CNP0000460	DF.classifications_0.25_0.22_204	Singlet	pANN_0.25_0.22_204	0.0992167101827676
CNP0000460_AGAATAGAGGCCCGTT-1_1_1_1	CNP0000460_P03T	CNP0000460	DF.classifications_0.25_0.22_204	Singlet	pANN_0.25_0.22_204	0.161227154046997
CNP0000460_AGAATAGAGGGTCTCC-1_1_1_1	CNP0000460_P03T	CNP0000460	DF.classifications_0.25_0.22_204	Doublet	pANN_0.25_0.22_204	0.37532637075718
CNP0000460_AGAATAGAGGTGCACA-1_1_1_1	CNP0000460_P03T	CNP0000460	DF.classifications_0.25_0.22_204	Singlet	pANN_0.25_0.22_204	0.106396866840731
CNP0000460_AGAATAGAGTGCCAGA-1_1_1_1	CNP0000460_P03T	CNP0000460	DF.classifications_0.25_0.22_204	Singlet	pANN_0.25_0.22_204	0.328981723237598
CNP0000460_AGAATAGAGTGGTCCC-1_1_1_1	CNP0000460_P03T	CNP0000460	DF.classifications_0.25_0.22_204	Singlet	pANN_0.25_0.22_204	0.246736292428198
CNP0000460_AGAATAGCACGTCAGC-1_1_1_1	CNP0000460_P03T	CNP0000460	DF.classifications_0.25_0.22_204	Singlet	pANN_0.25_0.22_204	0.289817232375979
CNP0000460_AGAATAGCAGGCGATA-1_1_1_1	CNP0000460_P03T	CNP0000460	DF.classifications_0.25_0.22_204	Singlet	pANN_0.25_0.22_204	0.297650130548303
CNP0000460_AGAATAGGTAACGCGA-1_1_1_1	CNP0000460_P03T	CNP0000460	DF.classifications_0.25_0.22_204	Singlet	pANN_0.25_0.22_204	0.184073107049608
CNP0000460_AGAATAGGTGGCCCTA-1_1_1_1	CNP0000460_P03T	CNP0000460	DF.classifications_0.25_0.22_204	Singlet	pANN_0.25_0.22_204	0.287859007832898
CNP0000460_AGAATAGGTGGTCCGT-1_1_1_1	CNP0000460_P03T	CNP0000460	DF.classifications_0.25_0.22_204	Singlet	pANN_0.25_0.22_204	0.347911227154047
CNP0000460_AGAATAGTCCATGAGT-1_1_1_1	CNP0000460_P03T	CNP0000460	DF.classifications_0.25_0.22_204	Singlet	pANN_0.25_0.22_204	0.12402088772846
CNP0000460_AGACGTTCAATGCCAT-1_1_1_1	CNP0000460_P03T	CNP0000460	DF.classifications_0.25_0.22_204	Doublet	pANN_0.25_0.22_204	0.360966057441253
CNP0000460_AGACGTTCACAGACAG-1_1_1_1	CNP0000460_P03T	CNP0000460	DF.classifications_0.25_0.22_204	Singlet	pANN_0.25_0.22_204	0.0946475195822454
CNP0000460_AGACGTTGTAGCTCCG-1_1_1_1	CNP0000460_P03T	CNP0000460	DF.classifications_0.25_0.22_204	Singlet	pANN_0.25_0.22_204	0.267624020887728
CNP0000460_AGACGTTGTCCCGACA-1_1_1_1	CNP0000460_P03T	CNP0000460	DF.classifications_0.25_0.22_204	Singlet	pANN_0.25_0.22_204	0.261749347258486
CNP0000460_AGACGTTGTGACTCAT-1_1_1_1	CNP0000460_P03T	CNP0000460	DF.classifications_0.25_0.22_204	Singlet	pANN_0.25_0.22_204	0.345953002610966
CNP0000460_AGACGTTGTGCCTGGT-1_1_1_1	CNP0000460_P03T	CNP0000460	DF.classifications_0.25_0.22_204	Singlet	pANN_0.25_0.22_204	0.0881201044386423
CNP0000460_AGACGTTGTTCACGGC-1_1_1_1	CNP0000460_P03T	CNP0000460	DF.classifications_0.25_0.22_204	Singlet	pANN_0.25_0.22_204	0.109660574412533
CNP0000460_AGACGTTTCAGTACGT-1_1_1_1	CNP0000460_P03T	CNP0000460	DF.classifications_0.25_0.22_204	Singlet	pANN_0.25_0.22_204	0.0900783289817232
CNP0000460_AGACGTTTCGGCGCAT-1_1_1_1	CNP0000460_P03T	CNP0000460	DF.classifications_0.25_0.22_204	Singlet	pANN_0.25_0.22_204	0.350522193211488
CNP0000460_AGAGCGAAGCAAATCA-1_1_1_1	CNP0000460_P03T	CNP0000460	DF.classifications_0.25_0.22_204	Singlet	pANN_0.25_0.22_204	0.266318537859008
CNP0000460_AGAGCGACAATCAGAA-1_1_1_1	CNP0000460_P03T	CNP0000460	DF.classifications_0.25_0.22_204	Singlet	pANN_0.25_0.22_204	0.0907310704960835
CNP0000460_AGAGCGACACCCTATC-1_1_1_1	CNP0000460_P03T	CNP0000460	DF.classifications_0.25_0.22_204	Singlet	pANN_0.25_0.22_204	0.239556135770235
CNP0000460_AGAGCGAGTACAGTTC-1_1_1_1	CNP0000460_P03T	CNP0000460	DF.classifications_0.25_0.22_204	Singlet	pANN_0.25_0.22_204	0.118146214099217
CNP0000460_AGAGCGAGTATAGGTA-1_1_1_1	CNP0000460_P03T	CNP0000460	DF.classifications_0.25_0.22_204	Singlet	pANN_0.25_0.22_204	0.10509138381201
CNP0000460_AGAGCGATCAACGGGA-1_1_1_1	CNP0000460_P03T	CNP0000460	DF.classifications_0.25_0.22_204	Singlet	pANN_0.25_0.22_204	0.257832898172324
CNP0000460_AGAGCTTAGAAGAAGC-1_1_1_1	CNP0000460_P03T	CNP0000460	DF.classifications_0.25_0.22_204	Singlet	pANN_0.25_0.22_204	0.347911227154047
CNP0000460_AGAGCTTAGAGTCTGG-1_1_1_1	CNP0000460_P03T	CNP0000460	DF.classifications_0.25_0.22_204	Singlet	pANN_0.25_0.22_204	0.161879895561358
CNP0000460_AGAGCTTAGGTGGGTT-1_1_1_1	CNP0000460_P03T	CNP0000460	DF.classifications_0.25_0.22_204	Singlet	pANN_0.25_0.22_204	0.107702349869452
CNP0000460_AGAGCTTAGTGAAGTT-1_1_1_1	CNP0000460_P03T	CNP0000460	DF.classifications_0.25_0.22_204	Singlet	pANN_0.25_0.22_204	0.10443864229765
CNP0000460_AGAGCTTGTAAGTTCC-1_1_1_1	CNP0000460_P03T	CNP0000460	DF.classifications_0.25_0.22_204	Singlet	pANN_0.25_0.22_204	0.107702349869452
CNP0000460_AGAGCTTGTATTAGCC-1_1_1_1	CNP0000460_P03T	CNP0000460	DF.classifications_0.25_0.22_204	Singlet	pANN_0.25_0.22_204	0.280678851174935
CNP0000460_AGAGCTTGTGCATCTA-1_1_1_1	CNP0000460_P03T	CNP0000460	DF.classifications_0.25_0.22_204	Singlet	pANN_0.25_0.22_204	0.281984334203655
CNP0000460_AGAGCTTTCTTGTCAT-1_1_1_1	CNP0000460_P03T	CNP0000460	DF.classifications_0.25_0.22_204	Singlet	pANN_0.25_0.22_204	0.087467362924282
CNP0000460_AGAGTGGAGGGATGGG-1_1_1_1	CNP0000460_P03T	CNP0000460	DF.classifications_0.25_0.22_204	Singlet	pANN_0.25_0.22_204	0.35443864229765
CNP0000460_AGAGTGGAGGGTGTGT-1_1_1_1	CNP0000460_P03T	CNP0000460	DF.classifications_0.25_0.22_204	Doublet	pANN_0.25_0.22_204	0.361618798955614
CNP0000460_AGAGTGGCAGCCTGTG-1_1_1_1	CNP0000460_P03T	CNP0000460	DF.classifications_0.25_0.22_204	Singlet	pANN_0.25_0.22_204	0.351827676240209
CNP0000460_AGAGTGGCAGTTCCCT-1_1_1_1	CNP0000460_P03T	CNP0000460	DF.classifications_0.25_0.22_204	Singlet	pANN_0.25_0.22_204	0.0848563968668407
CNP0000460_AGAGTGGGTGTCAATC-1_1_1_1	CNP0000460_P03T	CNP0000460	DF.classifications_0.25_0.22_204	Singlet	pANN_0.25_0.22_204	0.144255874673629
CNP0000460_AGAGTGGTCAACCATG-1_1_1_1	CNP0000460_P03T	CNP0000460	DF.classifications_0.25_0.22_204	Singlet	pANN_0.25_0.22_204	0.349216710182768
CNP0000460_AGAGTGGTCGTCTGCT-1_1_1_1	CNP0000460_P03T	CNP0000460	DF.classifications_0.25_0.22_204	Singlet	pANN_0.25_0.22_204	0.284595300261097
CNP0000460_AGAGTGGTCTCTTGAT-1_1_1_1	CNP0000460_P03T	CNP0000460	DF.classifications_0.25_0.22_204	Singlet	pANN_0.25_0.22_204	0.112924281984334
CNP0000460_AGATCTGAGAAGGTGA-1_1_1_1	CNP0000460_P03T	CNP0000460	DF.classifications_0.25_0.22_204	Singlet	pANN_0.25_0.22_204	0.20822454308094
CNP0000460_AGATCTGAGACCTTTG-1_1_1_1	CNP0000460_P03T	CNP0000460	DF.classifications_0.25_0.22_204	Singlet	pANN_0.25_0.22_204	0.345953002610966
CNP0000460_AGATCTGAGCTAGTCT-1_1_1_1	CNP0000460_P03T	CNP0000460	DF.classifications_0.25_0.22_204	Singlet	pANN_0.25_0.22_204	0.347258485639687
CNP0000460_AGATCTGAGGGAAACA-1_1_1_1	CNP0000460_P03T	CNP0000460	DF.classifications_0.25_0.22_204	Singlet	pANN_0.25_0.22_204	0.110313315926893
CNP0000460_AGATCTGAGTAGGTGC-1_1_1_1	CNP0000460_P03T	CNP0000460	DF.classifications_0.25_0.22_204	Singlet	pANN_0.25_0.22_204	0.295039164490862
CNP0000460_AGATCTGAGTGTCCAT-1_1_1_1	CNP0000460_P03T	CNP0000460	DF.classifications_0.25_0.22_204	Singlet	pANN_0.25_0.22_204	0.0953002610966057
CNP0000460_AGATCTGCACCGATAT-1_1_1_1	CNP0000460_P03T	CNP0000460	DF.classifications_0.25_0.22_204	Singlet	pANN_0.25_0.22_204	0.134464751958225
CNP0000460_AGATCTGCAGGGTATG-1_1_1_1	CNP0000460_P03T	CNP0000460	DF.classifications_0.25_0.22_204	Singlet	pANN_0.25_0.22_204	0.101827676240209
CNP0000460_AGATCTGTCAGTTGAC-1_1_1_1	CNP0000460_P03T	CNP0000460	DF.classifications_0.25_0.22_204	Singlet	pANN_0.25_0.22_204	0.129895561357702
CNP0000460_AGATCTGTCCATTCTA-1_1_1_1	CNP0000460_P03T	CNP0000460	DF.classifications_0.25_0.22_204	Singlet	pANN_0.25_0.22_204	0.351174934725849
CNP0000460_AGATCTGTCCCGACTT-1_1_1_1	CNP0000460_P03T	CNP0000460	DF.classifications_0.25_0.22_204	Singlet	pANN_0.25_0.22_204	0.29177545691906
CNP0000460_AGATCTGTCGCCTGTT-1_1_1_1	CNP0000460_P03T	CNP0000460	DF.classifications_0.25_0.22_204	Singlet	pANN_0.25_0.22_204	0.0913838120104439
CNP0000460_AGATCTGTCTCGCATC-1_1_1_1	CNP0000460_P03T	CNP0000460	DF.classifications_0.25_0.22_204	Singlet	pANN_0.25_0.22_204	0.214751958224543
CNP0000460_AGATCTGTCTGCGACG-1_1_1_1	CNP0000460_P03T	CNP0000460	DF.classifications_0.25_0.22_204	Singlet	pANN_0.25_0.22_204	0.35509138381201
CNP0000460_AGATTGCAGGAACTGC-1_1_1_1	CNP0000460_P03T	CNP0000460	DF.classifications_0.25_0.22_204	Singlet	pANN_0.25_0.22_204	0.117493472584856
CNP0000460_AGATTGCAGGATTCGG-1_1_1_1	CNP0000460_P03T	CNP0000460	DF.classifications_0.25_0.22_204	Singlet	pANN_0.25_0.22_204	0.233681462140992
CNP0000460_AGATTGCAGTGGAGTC-1_1_1_1	CNP0000460_P03T	CNP0000460	DF.classifications_0.25_0.22_204	Singlet	pANN_0.25_0.22_204	0.0822454308093995
CNP0000460_AGATTGCCACGCGAAA-1_1_1_1	CNP0000460_P03T	CNP0000460	DF.classifications_0.25_0.22_204	Singlet	pANN_0.25_0.22_204	0.109660574412533
CNP0000460_AGATTGCCAGCATGAG-1_1_1_1	CNP0000460_P03T	CNP0000460	DF.classifications_0.25_0.22_204	Singlet	pANN_0.25_0.22_204	0.116187989556136
CNP0000460_AGATTGCGTACAGTGG-1_1_1_1	CNP0000460_P03T	CNP0000460	DF.classifications_0.25_0.22_204	Singlet	pANN_0.25_0.22_204	0.190600522193211
CNP0000460_AGATTGCGTATCGCAT-1_1_1_1	CNP0000460_P03T	CNP0000460	DF.classifications_0.25_0.22_204	Singlet	pANN_0.25_0.22_204	0.357702349869452
CNP0000460_AGATTGCGTTCCACTC-1_1_1_1	CNP0000460_P03T	CNP0000460	DF.classifications_0.25_0.22_204	Singlet	pANN_0.25_0.22_204	0.105744125326371
CNP0000460_AGATTGCTCCTCCTAG-1_1_1_1	CNP0000460_P03T	CNP0000460	DF.classifications_0.25_0.22_204	Singlet	pANN_0.25_0.22_204	0.110313315926893
CNP0000460_AGATTGCTCGCCTGAG-1_1_1_1	CNP0000460_P03T	CNP0000460	DF.classifications_0.25_0.22_204	Singlet	pANN_0.25_0.22_204	0.0972584856396867
CNP0000460_AGCAGCCAGACACGAC-1_1_1_1	CNP0000460_P03T	CNP0000460	DF.classifications_0.25_0.22_204	Singlet	pANN_0.25_0.22_204	0.0822454308093995
CNP0000460_AGCAGCCAGCAATATG-1_1_1_1	CNP0000460_P03T	CNP0000460	DF.classifications_0.25_0.22_204	Singlet	pANN_0.25_0.22_204	0.356396866840731
CNP0000460_AGCAGCCAGCTCCTCT-1_1_1_1	CNP0000460_P03T	CNP0000460	DF.classifications_0.25_0.22_204	Singlet	pANN_0.25_0.22_204	0.142297650130548
CNP0000460_AGCAGCCCATCGGACC-1_1_1_1	CNP0000460_P03T	CNP0000460	DF.classifications_0.25_0.22_204	Singlet	pANN_0.25_0.22_204	0.360313315926893
CNP0000460_AGCAGCCGTCAGCTAT-1_1_1_1	CNP0000460_P03T	CNP0000460	DF.classifications_0.25_0.22_204	Singlet	pANN_0.25_0.22_204	0.140339425587467
CNP0000460_AGCAGCCGTCCAACTA-1_1_1_1	CNP0000460_P03T	CNP0000460	DF.classifications_0.25_0.22_204	Singlet	pANN_0.25_0.22_204	0.220626631853786
CNP0000460_AGCAGCCGTGATGTGG-1_1_1_1	CNP0000460_P03T	CNP0000460	DF.classifications_0.25_0.22_204	Singlet	pANN_0.25_0.22_204	0.356396866840731
CNP0000460_AGCAGCCGTGGCAAAC-1_1_1_1	CNP0000460_P03T	CNP0000460	DF.classifications_0.25_0.22_204	Singlet	pANN_0.25_0.22_204	0.102480417754569
CNP0000460_AGCAGCCGTGGTACAG-1_1_1_1	CNP0000460_P03T	CNP0000460	DF.classifications_0.25_0.22_204	Singlet	pANN_0.25_0.22_204	0.359007832898172
CNP0000460_AGCAGCCTCAAGATCC-1_1_1_1	CNP0000460_P03T	CNP0000460	DF.classifications_0.25_0.22_204	Singlet	pANN_0.25_0.22_204	0.359660574412533
CNP0000460_AGCAGCCTCCAAATGC-1_1_1_1	CNP0000460_P03T	CNP0000460	DF.classifications_0.25_0.22_204	Singlet	pANN_0.25_0.22_204	0.161227154046997
CNP0000460_AGCATACAGTGGACGT-1_1_1_1	CNP0000460_P03T	CNP0000460	DF.classifications_0.25_0.22_204	Singlet	pANN_0.25_0.22_204	0.35313315926893
CNP0000460_AGCATACCATCTATGG-1_1_1_1	CNP0000460_P03T	CNP0000460	DF.classifications_0.25_0.22_204	Singlet	pANN_0.25_0.22_204	0.287206266318538
CNP0000460_AGCATACGTCTGATTG-1_1_1_1	CNP0000460_P03T	CNP0000460	DF.classifications_0.25_0.22_204	Singlet	pANN_0.25_0.22_204	0.217362924281984
CNP0000460_AGCATACGTCTGGTCG-1_1_1_1	CNP0000460_P03T	CNP0000460	DF.classifications_0.25_0.22_204	Singlet	pANN_0.25_0.22_204	0.12597911227154
CNP0000460_AGCCTAAAGCACACAG-1_1_1_1	CNP0000460_P03T	CNP0000460	DF.classifications_0.25_0.22_204	Singlet	pANN_0.25_0.22_204	0.0900783289817232
CNP0000460_AGCCTAAAGCACCGTC-1_1_1_1	CNP0000460_P03T	CNP0000460	DF.classifications_0.25_0.22_204	Singlet	pANN_0.25_0.22_204	0.123368146214099
CNP0000460_AGCCTAAAGGCAGGTT-1_1_1_1	CNP0000460_P03T	CNP0000460	DF.classifications_0.25_0.22_204	Singlet	pANN_0.25_0.22_204	0.356396866840731
CNP0000460_AGCCTAAAGGCATTGG-1_1_1_1	CNP0000460_P03T	CNP0000460	DF.classifications_0.25_0.22_204	Singlet	pANN_0.25_0.22_204	0.348563968668407
CNP0000460_AGCCTAAAGGGCTTCC-1_1_1_1	CNP0000460_P03T	CNP0000460	DF.classifications_0.25_0.22_204	Singlet	pANN_0.25_0.22_204	0.0802872062663185
CNP0000460_AGCCTAAAGGTAGCTG-1_1_1_1	CNP0000460_P03T	CNP0000460	DF.classifications_0.25_0.22_204	Singlet	pANN_0.25_0.22_204	0.122715404699739
CNP0000460_AGCCTAAAGTCAAGGC-1_1_1_1	CNP0000460_P03T	CNP0000460	DF.classifications_0.25_0.22_204	Singlet	pANN_0.25_0.22_204	0.0848563968668407
CNP0000460_AGCCTAAAGTCTCGGC-1_1_1_1	CNP0000460_P03T	CNP0000460	DF.classifications_0.25_0.22_204	Singlet	pANN_0.25_0.22_204	0.230417754569191
CNP0000460_AGCCTAAAGTGAACAT-1_1_1_1	CNP0000460_P03T	CNP0000460	DF.classifications_0.25_0.22_204	Singlet	pANN_0.25_0.22_204	0.35378590078329
CNP0000460_AGCCTAATCAGATAAG-1_1_1_1	CNP0000460_P03T	CNP0000460	DF.classifications_0.25_0.22_204	Singlet	pANN_0.25_0.22_204	0.35313315926893
CNP0000460_AGCCTAATCAGGTTCA-1_1_1_1	CNP0000460_P03T	CNP0000460	DF.classifications_0.25_0.22_204	Singlet	pANN_0.25_0.22_204	0.349216710182768
CNP0000460_AGCCTAATCGTACCGG-1_1_1_1	CNP0000460_P03T	CNP0000460	DF.classifications_0.25_0.22_204	Singlet	pANN_0.25_0.22_204	0.097911227154047
CNP0000460_AGCCTAATCTACCAGA-1_1_1_1	CNP0000460_P03T	CNP0000460	DF.classifications_0.25_0.22_204	Singlet	pANN_0.25_0.22_204	0.293733681462141
CNP0000460_AGCGGTCAGTCAAGCG-1_1_1_1	CNP0000460_P03T	CNP0000460	DF.classifications_0.25_0.22_204	Singlet	pANN_0.25_0.22_204	0.358355091383812
CNP0000460_AGCGGTCAGTGTCTCA-1_1_1_1	CNP0000460_P03T	CNP0000460	DF.classifications_0.25_0.22_204	Singlet	pANN_0.25_0.22_204	0.0815926892950392
CNP0000460_AGCGGTCCAATCGGTT-1_1_1_1	CNP0000460_P03T	CNP0000460	DF.classifications_0.25_0.22_204	Singlet	pANN_0.25_0.22_204	0.35509138381201
CNP0000460_AGCGGTCCATCTCGCT-1_1_1_1	CNP0000460_P03T	CNP0000460	DF.classifications_0.25_0.22_204	Doublet	pANN_0.25_0.22_204	0.363577023498695
CNP0000460_AGCGGTCGTAATCACC-1_1_1_1	CNP0000460_P03T	CNP0000460	DF.classifications_0.25_0.22_204	Singlet	pANN_0.25_0.22_204	0.0887728459530026
CNP0000460_AGCGGTCTCACCGTAA-1_1_1_1	CNP0000460_P03T	CNP0000460	DF.classifications_0.25_0.22_204	Singlet	pANN_0.25_0.22_204	0.0900783289817232
CNP0000460_AGCGGTCTCAGGTAAA-1_1_1_1	CNP0000460_P03T	CNP0000460	DF.classifications_0.25_0.22_204	Singlet	pANN_0.25_0.22_204	0.272845953002611
CNP0000460_AGCGGTCTCATAGCAC-1_1_1_1	CNP0000460_P03T	CNP0000460	DF.classifications_0.25_0.22_204	Singlet	pANN_0.25_0.22_204	0.0926892950391645
CNP0000460_AGCGGTCTCGGAGGTA-1_1_1_1	CNP0000460_P03T	CNP0000460	DF.classifications_0.25_0.22_204	Singlet	pANN_0.25_0.22_204	0.200391644908616
CNP0000460_AGCGGTCTCTTCCTTC-1_1_1_1	CNP0000460_P03T	CNP0000460	DF.classifications_0.25_0.22_204	Singlet	pANN_0.25_0.22_204	0.112924281984334
CNP0000460_AGCGTATAGAGACTAT-1_1_1_1	CNP0000460_P03T	CNP0000460	DF.classifications_0.25_0.22_204	Singlet	pANN_0.25_0.22_204	0.261749347258486
CNP0000460_AGCGTATAGTAGATGT-1_1_1_1	CNP0000460_P03T	CNP0000460	DF.classifications_0.25_0.22_204	Singlet	pANN_0.25_0.22_204	0.14556135770235
CNP0000460_AGCGTATAGTTCGCGC-1_1_1_1	CNP0000460_P03T	CNP0000460	DF.classifications_0.25_0.22_204	Singlet	pANN_0.25_0.22_204	0.346605744125326
CNP0000460_AGCGTATCATTGGTAC-1_1_1_1	CNP0000460_P03T	CNP0000460	DF.classifications_0.25_0.22_204	Singlet	pANN_0.25_0.22_204	0.343994778067885
CNP0000460_AGCGTATGTACACCGC-1_1_1_1	CNP0000460_P03T	CNP0000460	DF.classifications_0.25_0.22_204	Doublet	pANN_0.25_0.22_204	0.363577023498695
CNP0000460_AGCGTATGTACTCAAC-1_1_1_1	CNP0000460_P03T	CNP0000460	DF.classifications_0.25_0.22_204	Singlet	pANN_0.25_0.22_204	0.156005221932115
CNP0000460_AGCGTATGTTATTCTC-1_1_1_1	CNP0000460_P03T	CNP0000460	DF.classifications_0.25_0.22_204	Doublet	pANN_0.25_0.22_204	0.363577023498695
CNP0000460_AGCGTATGTTCTGGTA-1_1_1_1	CNP0000460_P03T	CNP0000460	DF.classifications_0.25_0.22_204	Singlet	pANN_0.25_0.22_204	0.287859007832898
CNP0000460_AGCGTATTCCAAACAC-1_1_1_1	CNP0000460_P03T	CNP0000460	DF.classifications_0.25_0.22_204	Singlet	pANN_0.25_0.22_204	0.356396866840731
CNP0000460_AGCGTATTCCACGAAT-1_1_1_1	CNP0000460_P03T	CNP0000460	DF.classifications_0.25_0.22_204	Singlet	pANN_0.25_0.22_204	0.0881201044386423
CNP0000460_AGCGTATTCCATGAGT-1_1_1_1	CNP0000460_P03T	CNP0000460	DF.classifications_0.25_0.22_204	Singlet	pANN_0.25_0.22_204	0.281984334203655
CNP0000460_AGCGTATTCCTTCAAT-1_1_1_1	CNP0000460_P03T	CNP0000460	DF.classifications_0.25_0.22_204	Singlet	pANN_0.25_0.22_204	0.118146214099217
CNP0000460_AGCGTCGAGAATAGGG-1_1_1_1	CNP0000460_P03T	CNP0000460	DF.classifications_0.25_0.22_204	Singlet	pANN_0.25_0.22_204	0.260443864229765
CNP0000460_AGCGTCGAGAGCCTAG-1_1_1_1	CNP0000460_P03T	CNP0000460	DF.classifications_0.25_0.22_204	Singlet	pANN_0.25_0.22_204	0.284595300261097
CNP0000460_AGCGTCGAGCTGCAAG-1_1_1_1	CNP0000460_P03T	CNP0000460	DF.classifications_0.25_0.22_204	Singlet	pANN_0.25_0.22_204	0.355744125326371
CNP0000460_AGCGTCGAGCTGCCCA-1_1_1_1	CNP0000460_P03T	CNP0000460	DF.classifications_0.25_0.22_204	Singlet	pANN_0.25_0.22_204	0.0992167101827676
CNP0000460_AGCGTCGAGCTGTTCA-1_1_1_1	CNP0000460_P03T	CNP0000460	DF.classifications_0.25_0.22_204	Singlet	pANN_0.25_0.22_204	0.356396866840731
CNP0000460_AGCGTCGAGTGTACCT-1_1_1_1	CNP0000460_P03T	CNP0000460	DF.classifications_0.25_0.22_204	Singlet	pANN_0.25_0.22_204	0.0848563968668407
CNP0000460_AGCGTCGCAACTGGCC-1_1_1_1	CNP0000460_P03T	CNP0000460	DF.classifications_0.25_0.22_204	Singlet	pANN_0.25_0.22_204	0.357702349869452
CNP0000460_AGCGTCGCACTTGGAT-1_1_1_1	CNP0000460_P03T	CNP0000460	DF.classifications_0.25_0.22_204	Singlet	pANN_0.25_0.22_204	0.267624020887728
CNP0000460_AGCGTCGGTCGAAAGC-1_1_1_1	CNP0000460_P03T	CNP0000460	DF.classifications_0.25_0.22_204	Singlet	pANN_0.25_0.22_204	0.150130548302872
CNP0000460_AGCTCCTAGGATGGTC-1_1_1_1	CNP0000460_P03T	CNP0000460	DF.classifications_0.25_0.22_204	Doublet	pANN_0.25_0.22_204	0.361618798955614
CNP0000460_AGCTCCTAGGGATCTG-1_1_1_1	CNP0000460_P03T	CNP0000460	DF.classifications_0.25_0.22_204	Singlet	pANN_0.25_0.22_204	0.116840731070496
CNP0000460_AGCTCCTAGGGCTTCC-1_1_1_1	CNP0000460_P03T	CNP0000460	DF.classifications_0.25_0.22_204	Singlet	pANN_0.25_0.22_204	0.358355091383812
CNP0000460_AGCTCCTAGGTGCAAC-1_1_1_1	CNP0000460_P03T	CNP0000460	DF.classifications_0.25_0.22_204	Singlet	pANN_0.25_0.22_204	0.356396866840731
CNP0000460_AGCTCCTAGTCCTCCT-1_1_1_1	CNP0000460_P03T	CNP0000460	DF.classifications_0.25_0.22_204	Singlet	pANN_0.25_0.22_204	0.10378590078329
CNP0000460_AGCTCCTAGTGGGCTA-1_1_1_1	CNP0000460_P03T	CNP0000460	DF.classifications_0.25_0.22_204	Singlet	pANN_0.25_0.22_204	0.188642297650131
CNP0000460_AGCTCCTAGTGTGAAT-1_1_1_1	CNP0000460_P03T	CNP0000460	DF.classifications_0.25_0.22_204	Singlet	pANN_0.25_0.22_204	0.116187989556136
CNP0000460_AGCTCCTCACTTAAGC-1_1_1_1	CNP0000460_P03T	CNP0000460	DF.classifications_0.25_0.22_204	Singlet	pANN_0.25_0.22_204	0.266971279373368
CNP0000460_AGCTCCTCATCACGTA-1_1_1_1	CNP0000460_P03T	CNP0000460	DF.classifications_0.25_0.22_204	Singlet	pANN_0.25_0.22_204	0.284595300261097
CNP0000460_AGCTCCTGTAAGGGCT-1_1_1_1	CNP0000460_P03T	CNP0000460	DF.classifications_0.25_0.22_204	Singlet	pANN_0.25_0.22_204	0.280026109660574
CNP0000460_AGCTCCTGTTCCCTTG-1_1_1_1	CNP0000460_P03T	CNP0000460	DF.classifications_0.25_0.22_204	Singlet	pANN_0.25_0.22_204	0.196475195822454
CNP0000460_AGCTCCTGTTCTGGTA-1_1_1_1	CNP0000460_P03T	CNP0000460	DF.classifications_0.25_0.22_204	Singlet	pANN_0.25_0.22_204	0.0907310704960835
CNP0000460_AGCTCCTTCCAGTAGT-1_1_1_1	CNP0000460_P03T	CNP0000460	DF.classifications_0.25_0.22_204	Singlet	pANN_0.25_0.22_204	0.110313315926893
CNP0000460_AGCTCCTTCTCGATGA-1_1_1_1	CNP0000460_P03T	CNP0000460	DF.classifications_0.25_0.22_204	Singlet	pANN_0.25_0.22_204	0.121409921671018
CNP0000460_AGCTCCTTCTGTCTAT-1_1_1_1	CNP0000460_P03T	CNP0000460	DF.classifications_0.25_0.22_204	Singlet	pANN_0.25_0.22_204	0.242167101827676
CNP0000460_AGCTCCTTCTTCTGGC-1_1_1_1	CNP0000460_P03T	CNP0000460	DF.classifications_0.25_0.22_204	Singlet	pANN_0.25_0.22_204	0.136422976501305
CNP0000460_AGCTCTCAGAGAGCTC-1_1_1_1	CNP0000460_P03T	CNP0000460	DF.classifications_0.25_0.22_204	Singlet	pANN_0.25_0.22_204	0.349216710182768
CNP0000460_AGCTCTCAGGAGCGTT-1_1_1_1	CNP0000460_P03T	CNP0000460	DF.classifications_0.25_0.22_204	Singlet	pANN_0.25_0.22_204	0.0822454308093995
CNP0000460_AGCTCTCAGTCCGGTC-1_1_1_1	CNP0000460_P03T	CNP0000460	DF.classifications_0.25_0.22_204	Singlet	pANN_0.25_0.22_204	0.12532637075718
CNP0000460_AGCTCTCAGTGAACGC-1_1_1_1	CNP0000460_P03T	CNP0000460	DF.classifications_0.25_0.22_204	Singlet	pANN_0.25_0.22_204	0.192558746736292
CNP0000460_AGCTCTCCACAGATTC-1_1_1_1	CNP0000460_P03T	CNP0000460	DF.classifications_0.25_0.22_204	Singlet	pANN_0.25_0.22_204	0.218668407310705
CNP0000460_AGCTCTCCAGTCGTGC-1_1_1_1	CNP0000460_P03T	CNP0000460	DF.classifications_0.25_0.22_204	Singlet	pANN_0.25_0.22_204	0.357702349869452
CNP0000460_AGCTCTCGTACCGAGA-1_1_1_1	CNP0000460_P03T	CNP0000460	DF.classifications_0.25_0.22_204	Singlet	pANN_0.25_0.22_204	0.154699738903394
CNP0000460_AGCTCTCGTTCAGCGC-1_1_1_1	CNP0000460_P03T	CNP0000460	DF.classifications_0.25_0.22_204	Singlet	pANN_0.25_0.22_204	0.342689295039165
CNP0000460_AGCTCTCTCCATGAAC-1_1_1_1	CNP0000460_P03T	CNP0000460	DF.classifications_0.25_0.22_204	Singlet	pANN_0.25_0.22_204	0.097911227154047
CNP0000460_AGCTTGAAGAACTGTA-1_1_1_1	CNP0000460_P03T	CNP0000460	DF.classifications_0.25_0.22_204	Singlet	pANN_0.25_0.22_204	0.152741514360313
CNP0000460_AGCTTGAAGAAGAAGC-1_1_1_1	CNP0000460_P03T	CNP0000460	DF.classifications_0.25_0.22_204	Singlet	pANN_0.25_0.22_204	0.255221932114883
CNP0000460_AGCTTGACAGAGTGTG-1_1_1_1	CNP0000460_P03T	CNP0000460	DF.classifications_0.25_0.22_204	Singlet	pANN_0.25_0.22_204	0.352480417754569
CNP0000460_AGCTTGATCAACTCTT-1_1_1_1	CNP0000460_P03T	CNP0000460	DF.classifications_0.25_0.22_204	Singlet	pANN_0.25_0.22_204	0.132506527415144
CNP0000460_AGCTTGATCACGGTTA-1_1_1_1	CNP0000460_P03T	CNP0000460	DF.classifications_0.25_0.22_204	Singlet	pANN_0.25_0.22_204	0.16644908616188
CNP0000460_AGCTTGATCATGTGGT-1_1_1_1	CNP0000460_P03T	CNP0000460	DF.classifications_0.25_0.22_204	Singlet	pANN_0.25_0.22_204	0.110313315926893
CNP0000460_AGCTTGATCCCTTGCA-1_1_1_1	CNP0000460_P03T	CNP0000460	DF.classifications_0.25_0.22_204	Singlet	pANN_0.25_0.22_204	0.100522193211488
CNP0000460_AGCTTGATCGTTTATC-1_1_1_1	CNP0000460_P03T	CNP0000460	DF.classifications_0.25_0.22_204	Singlet	pANN_0.25_0.22_204	0.106396866840731
CNP0000460_AGGCCACAGGCCATAG-1_1_1_1	CNP0000460_P03T	CNP0000460	DF.classifications_0.25_0.22_204	Singlet	pANN_0.25_0.22_204	0.20822454308094
CNP0000460_AGGCCACCAAGCGCTC-1_1_1_1	CNP0000460_P03T	CNP0000460	DF.classifications_0.25_0.22_204	Singlet	pANN_0.25_0.22_204	0.0828981723237598
CNP0000460_AGGCCACCAATAACGA-1_1_1_1	CNP0000460_P03T	CNP0000460	DF.classifications_0.25_0.22_204	Singlet	pANN_0.25_0.22_204	0.128590078328982
CNP0000460_AGGCCACCAGGGATTG-1_1_1_1	CNP0000460_P03T	CNP0000460	DF.classifications_0.25_0.22_204	Singlet	pANN_0.25_0.22_204	0.263707571801567
CNP0000460_AGGCCACCATGAAGTA-1_1_1_1	CNP0000460_P03T	CNP0000460	DF.classifications_0.25_0.22_204	Singlet	pANN_0.25_0.22_204	0.279373368146214
CNP0000460_AGGCCACCATGGAATA-1_1_1_1	CNP0000460_P03T	CNP0000460	DF.classifications_0.25_0.22_204	Singlet	pANN_0.25_0.22_204	0.137075718015666
CNP0000460_AGGCCACGTCACACGC-1_1_1_1	CNP0000460_P03T	CNP0000460	DF.classifications_0.25_0.22_204	Singlet	pANN_0.25_0.22_204	0.0822454308093995
CNP0000460_AGGCCACGTGACTCAT-1_1_1_1	CNP0000460_P03T	CNP0000460	DF.classifications_0.25_0.22_204	Singlet	pANN_0.25_0.22_204	0.238903394255875
CNP0000460_AGGCCACTCATCTGCC-1_1_1_1	CNP0000460_P03T	CNP0000460	DF.classifications_0.25_0.22_204	Singlet	pANN_0.25_0.22_204	0.075065274151436
CNP0000460_AGGCCACTCTGCAGTA-1_1_1_1	CNP0000460_P03T	CNP0000460	DF.classifications_0.25_0.22_204	Singlet	pANN_0.25_0.22_204	0.0900783289817232
CNP0000460_AGGCCACTCTGGCGAC-1_1_1_1	CNP0000460_P03T	CNP0000460	DF.classifications_0.25_0.22_204	Doublet	pANN_0.25_0.22_204	0.370757180156658
CNP0000460_AGGCCGTAGAAACCTA-1_1_1_1	CNP0000460_P03T	CNP0000460	DF.classifications_0.25_0.22_204	Singlet	pANN_0.25_0.22_204	0.0835509138381201
CNP0000460_AGGCCGTAGACTTTCG-1_1_1_1	CNP0000460_P03T	CNP0000460	DF.classifications_0.25_0.22_204	Singlet	pANN_0.25_0.22_204	0.357049608355091
CNP0000460_AGGCCGTAGATTACCC-1_1_1_1	CNP0000460_P03T	CNP0000460	DF.classifications_0.25_0.22_204	Singlet	pANN_0.25_0.22_204	0.345300261096606
CNP0000460_AGGCCGTAGTCTTGCA-1_1_1_1	CNP0000460_P03T	CNP0000460	DF.classifications_0.25_0.22_204	Singlet	pANN_0.25_0.22_204	0.35509138381201
CNP0000460_AGGCCGTCAATGACCT-1_1_1_1	CNP0000460_P03T	CNP0000460	DF.classifications_0.25_0.22_204	Singlet	pANN_0.25_0.22_204	0.0828981723237598
CNP0000460_AGGCCGTCACCAGTTA-1_1_1_1	CNP0000460_P03T	CNP0000460	DF.classifications_0.25_0.22_204	Singlet	pANN_0.25_0.22_204	0.278067885117493
CNP0000460_AGGCCGTGTACTTAGC-1_1_1_1	CNP0000460_P03T	CNP0000460	DF.classifications_0.25_0.22_204	Singlet	pANN_0.25_0.22_204	0.360313315926893
CNP0000460_AGGCCGTGTCTCTTAT-1_1_1_1	CNP0000460_P03T	CNP0000460	DF.classifications_0.25_0.22_204	Singlet	pANN_0.25_0.22_204	0.0920365535248042
CNP0000460_AGGCCGTGTGGTTTCA-1_1_1_1	CNP0000460_P03T	CNP0000460	DF.classifications_0.25_0.22_204	Singlet	pANN_0.25_0.22_204	0.357049608355091
CNP0000460_AGGCCGTGTTGTCTTT-1_1_1_1	CNP0000460_P03T	CNP0000460	DF.classifications_0.25_0.22_204	Singlet	pANN_0.25_0.22_204	0.0985639686684073
CNP0000460_AGGCCGTTCACCATAG-1_1_1_1	CNP0000460_P03T	CNP0000460	DF.classifications_0.25_0.22_204	Doublet	pANN_0.25_0.22_204	0.360966057441253
CNP0000460_AGGCCGTTCAGCTCTC-1_1_1_1	CNP0000460_P03T	CNP0000460	DF.classifications_0.25_0.22_204	Singlet	pANN_0.25_0.22_204	0.142950391644909
CNP0000460_AGGCCGTTCAGGATCT-1_1_1_1	CNP0000460_P03T	CNP0000460	DF.classifications_0.25_0.22_204	Singlet	pANN_0.25_0.22_204	0.20822454308094
CNP0000460_AGGCCGTTCCACGTTC-1_1_1_1	CNP0000460_P03T	CNP0000460	DF.classifications_0.25_0.22_204	Singlet	pANN_0.25_0.22_204	0.127937336814621
CNP0000460_AGGGAGTAGCTAGTGG-1_1_1_1	CNP0000460_P03T	CNP0000460	DF.classifications_0.25_0.22_204	Singlet	pANN_0.25_0.22_204	0.281331592689295
CNP0000460_AGGGAGTCAATGGTCT-1_1_1_1	CNP0000460_P03T	CNP0000460	DF.classifications_0.25_0.22_204	Singlet	pANN_0.25_0.22_204	0.127937336814621
CNP0000460_AGGGAGTCACGCGAAA-1_1_1_1	CNP0000460_P03T	CNP0000460	DF.classifications_0.25_0.22_204	Singlet	pANN_0.25_0.22_204	0.105744125326371
CNP0000460_AGGGAGTCAGCTGTGC-1_1_1_1	CNP0000460_P03T	CNP0000460	DF.classifications_0.25_0.22_204	Singlet	pANN_0.25_0.22_204	0.0946475195822454
CNP0000460_AGGGAGTGTAGTACCT-1_1_1_1	CNP0000460_P03T	CNP0000460	DF.classifications_0.25_0.22_204	Singlet	pANN_0.25_0.22_204	0.240208877284595
CNP0000460_AGGGAGTGTGTAAGTA-1_1_1_1	CNP0000460_P03T	CNP0000460	DF.classifications_0.25_0.22_204	Singlet	pANN_0.25_0.22_204	0.348563968668407
CNP0000460_AGGGAGTGTTTGTGTG-1_1_1_1	CNP0000460_P03T	CNP0000460	DF.classifications_0.25_0.22_204	Singlet	pANN_0.25_0.22_204	0.115535248041775
CNP0000460_AGGGAGTTCACCTCGT-1_1_1_1	CNP0000460_P03T	CNP0000460	DF.classifications_0.25_0.22_204	Singlet	pANN_0.25_0.22_204	0.355744125326371
CNP0000460_AGGGATGAGACGCACA-1_1_1_1	CNP0000460_P03T	CNP0000460	DF.classifications_0.25_0.22_204	Singlet	pANN_0.25_0.22_204	0.111618798955614
CNP0000460_AGGGATGAGCACACAG-1_1_1_1	CNP0000460_P03T	CNP0000460	DF.classifications_0.25_0.22_204	Singlet	pANN_0.25_0.22_204	0.0959530026109661
CNP0000460_AGGGATGAGCGTGTCC-1_1_1_1	CNP0000460_P03T	CNP0000460	DF.classifications_0.25_0.22_204	Singlet	pANN_0.25_0.22_204	0.347258485639687
CNP0000460_AGGGATGAGGACACCA-1_1_1_1	CNP0000460_P03T	CNP0000460	DF.classifications_0.25_0.22_204	Singlet	pANN_0.25_0.22_204	0.35378590078329
CNP0000460_AGGGATGAGTCAAGGC-1_1_1_1	CNP0000460_P03T	CNP0000460	DF.classifications_0.25_0.22_204	Singlet	pANN_0.25_0.22_204	0.35378590078329
CNP0000460_AGGGATGCAGATCTGT-1_1_1_1	CNP0000460_P03T	CNP0000460	DF.classifications_0.25_0.22_204	Singlet	pANN_0.25_0.22_204	0.210182767624021
CNP0000460_AGGGATGCAGTCTTCC-1_1_1_1	CNP0000460_P03T	CNP0000460	DF.classifications_0.25_0.22_204	Singlet	pANN_0.25_0.22_204	0.251958224543081
CNP0000460_AGGGATGCAGTTAACC-1_1_1_1	CNP0000460_P03T	CNP0000460	DF.classifications_0.25_0.22_204	Singlet	pANN_0.25_0.22_204	0.352480417754569
CNP0000460_AGGGATGGTCAATACC-1_1_1_1	CNP0000460_P03T	CNP0000460	DF.classifications_0.25_0.22_204	Singlet	pANN_0.25_0.22_204	0.114882506527415
CNP0000460_AGGGATGGTCTCTCTG-1_1_1_1	CNP0000460_P03T	CNP0000460	DF.classifications_0.25_0.22_204	Singlet	pANN_0.25_0.22_204	0.107049608355091
CNP0000460_AGGGATGGTCTTGTCC-1_1_1_1	CNP0000460_P03T	CNP0000460	DF.classifications_0.25_0.22_204	Singlet	pANN_0.25_0.22_204	0.284595300261097
CNP0000460_AGGGATGGTGTTCTTT-1_1_1_1	CNP0000460_P03T	CNP0000460	DF.classifications_0.25_0.22_204	Singlet	pANN_0.25_0.22_204	0.346605744125326
CNP0000460_AGGGATGTCACAAACC-1_1_1_1	CNP0000460_P03T	CNP0000460	DF.classifications_0.25_0.22_204	Singlet	pANN_0.25_0.22_204	0.10378590078329
CNP0000460_AGGGATGTCGTAGGAG-1_1_1_1	CNP0000460_P03T	CNP0000460	DF.classifications_0.25_0.22_204	Singlet	pANN_0.25_0.22_204	0.115535248041775
CNP0000460_AGGGATGTCGTTTAGG-1_1_1_1	CNP0000460_P03T	CNP0000460	DF.classifications_0.25_0.22_204	Singlet	pANN_0.25_0.22_204	0.0828981723237598
CNP0000460_AGGGTGAAGACACGAC-1_1_1_1	CNP0000460_P03T	CNP0000460	DF.classifications_0.25_0.22_204	Singlet	pANN_0.25_0.22_204	0.351827676240209
CNP0000460_AGGGTGAAGATATGCA-1_1_1_1	CNP0000460_P03T	CNP0000460	DF.classifications_0.25_0.22_204	Singlet	pANN_0.25_0.22_204	0.178851174934726
CNP0000460_AGGGTGAAGGATGCGT-1_1_1_1	CNP0000460_P03T	CNP0000460	DF.classifications_0.25_0.22_204	Singlet	pANN_0.25_0.22_204	0.316579634464752
CNP0000460_AGGGTGAAGGTGCAAC-1_1_1_1	CNP0000460_P03T	CNP0000460	DF.classifications_0.25_0.22_204	Singlet	pANN_0.25_0.22_204	0.255874673629243
CNP0000460_AGGGTGAAGTAAGTAC-1_1_1_1	CNP0000460_P03T	CNP0000460	DF.classifications_0.25_0.22_204	Singlet	pANN_0.25_0.22_204	0.0972584856396867
CNP0000460_AGGGTGAAGTCGTACT-1_1_1_1	CNP0000460_P03T	CNP0000460	DF.classifications_0.25_0.22_204	Singlet	pANN_0.25_0.22_204	0.218015665796345
CNP0000460_AGGGTGAAGTGGTAAT-1_1_1_1	CNP0000460_P03T	CNP0000460	DF.classifications_0.25_0.22_204	Singlet	pANN_0.25_0.22_204	0.35509138381201
CNP0000460_AGGGTGACAAGTAGTA-1_1_1_1	CNP0000460_P03T	CNP0000460	DF.classifications_0.25_0.22_204	Singlet	pANN_0.25_0.22_204	0.109007832898172
CNP0000460_AGGGTGACACATTAGC-1_1_1_1	CNP0000460_P03T	CNP0000460	DF.classifications_0.25_0.22_204	Singlet	pANN_0.25_0.22_204	0.276109660574413
CNP0000460_AGGGTGACACGGTTTA-1_1_1_1	CNP0000460_P03T	CNP0000460	DF.classifications_0.25_0.22_204	Singlet	pANN_0.25_0.22_204	0.348563968668407
CNP0000460_AGGGTGACATCATCCC-1_1_1_1	CNP0000460_P03T	CNP0000460	DF.classifications_0.25_0.22_204	Singlet	pANN_0.25_0.22_204	0.35509138381201
CNP0000460_AGGGTGAGTGAGGCTA-1_1_1_1	CNP0000460_P03T	CNP0000460	DF.classifications_0.25_0.22_204	Singlet	pANN_0.25_0.22_204	0.14621409921671
CNP0000460_AGGGTGATCACTTCAT-1_1_1_1	CNP0000460_P03T	CNP0000460	DF.classifications_0.25_0.22_204	Singlet	pANN_0.25_0.22_204	0.117493472584856
CNP0000460_AGGGTGATCGCCTGTT-1_1_1_1	CNP0000460_P03T	CNP0000460	DF.classifications_0.25_0.22_204	Singlet	pANN_0.25_0.22_204	0.10443864229765
CNP0000460_AGGTCATAGCGTAGTG-1_1_1_1	CNP0000460_P03T	CNP0000460	DF.classifications_0.25_0.22_204	Singlet	pANN_0.25_0.22_204	0.0900783289817232
CNP0000460_AGGTCATAGGCGTACA-1_1_1_1	CNP0000460_P03T	CNP0000460	DF.classifications_0.25_0.22_204	Singlet	pANN_0.25_0.22_204	0.346605744125326
CNP0000460_AGGTCATAGTGTGAAT-1_1_1_1	CNP0000460_P03T	CNP0000460	DF.classifications_0.25_0.22_204	Singlet	pANN_0.25_0.22_204	0.238250652741514
CNP0000460_AGGTCATCAAGGTTTC-1_1_1_1	CNP0000460_P03T	CNP0000460	DF.classifications_0.25_0.22_204	Singlet	pANN_0.25_0.22_204	0.0848563968668407
CNP0000460_AGGTCATCACTCAGGC-1_1_1_1	CNP0000460_P03T	CNP0000460	DF.classifications_0.25_0.22_204	Singlet	pANN_0.25_0.22_204	0.0953002610966057
CNP0000460_AGGTCATGTCATCCCT-1_1_1_1	CNP0000460_P03T	CNP0000460	DF.classifications_0.25_0.22_204	Singlet	pANN_0.25_0.22_204	0.358355091383812
CNP0000460_AGGTCATGTCGACTGC-1_1_1_1	CNP0000460_P03T	CNP0000460	DF.classifications_0.25_0.22_204	Singlet	pANN_0.25_0.22_204	0.0776762402088773
CNP0000460_AGGTCATTCACCGTAA-1_1_1_1	CNP0000460_P03T	CNP0000460	DF.classifications_0.25_0.22_204	Singlet	pANN_0.25_0.22_204	0.114882506527415
CNP0000460_AGGTCATTCATTCACT-1_1_1_1	CNP0000460_P03T	CNP0000460	DF.classifications_0.25_0.22_204	Singlet	pANN_0.25_0.22_204	0.0868146214099217
CNP0000460_AGGTCATTCGAACGGA-1_1_1_1	CNP0000460_P03T	CNP0000460	DF.classifications_0.25_0.22_204	Singlet	pANN_0.25_0.22_204	0.22911227154047
CNP0000460_AGGTCATTCTTTAGTC-1_1_1_1	CNP0000460_P03T	CNP0000460	DF.classifications_0.25_0.22_204	Singlet	pANN_0.25_0.22_204	0.263707571801567
CNP0000460_AGGTCCGAGGAGCGAG-1_1_1_1	CNP0000460_P03T	CNP0000460	DF.classifications_0.25_0.22_204	Singlet	pANN_0.25_0.22_204	0.200391644908616
CNP0000460_AGGTCCGAGGGAACGG-1_1_1_1	CNP0000460_P03T	CNP0000460	DF.classifications_0.25_0.22_204	Singlet	pANN_0.25_0.22_204	0.143603133159269
CNP0000460_AGGTCCGCAATTGCTG-1_1_1_1	CNP0000460_P03T	CNP0000460	DF.classifications_0.25_0.22_204	Singlet	pANN_0.25_0.22_204	0.351827676240209
CNP0000460_AGGTCCGCATCACGTA-1_1_1_1	CNP0000460_P03T	CNP0000460	DF.classifications_0.25_0.22_204	Singlet	pANN_0.25_0.22_204	0.358355091383812
CNP0000460_AGGTCCGCATGGTAGG-1_1_1_1	CNP0000460_P03T	CNP0000460	DF.classifications_0.25_0.22_204	Singlet	pANN_0.25_0.22_204	0.0861618798955614
CNP0000460_AGGTCCGGTCTAAACC-1_1_1_1	CNP0000460_P03T	CNP0000460	DF.classifications_0.25_0.22_204	Singlet	pANN_0.25_0.22_204	0.345953002610966
CNP0000460_AGGTCCGGTCTCCATC-1_1_1_1	CNP0000460_P03T	CNP0000460	DF.classifications_0.25_0.22_204	Singlet	pANN_0.25_0.22_204	0.351827676240209
CNP0000460_AGGTCCGGTGTGACGA-1_1_1_1	CNP0000460_P03T	CNP0000460	DF.classifications_0.25_0.22_204	Singlet	pANN_0.25_0.22_204	0.10378590078329
CNP0000460_AGGTCCGGTTCCATGA-1_1_1_1	CNP0000460_P03T	CNP0000460	DF.classifications_0.25_0.22_204	Singlet	pANN_0.25_0.22_204	0.358355091383812
CNP0000460_AGGTCCGTCACCTCGT-1_1_1_1	CNP0000460_P03T	CNP0000460	DF.classifications_0.25_0.22_204	Singlet	pANN_0.25_0.22_204	0.331592689295039
CNP0000460_AGGTCCGTCAGAGCTT-1_1_1_1	CNP0000460_P03T	CNP0000460	DF.classifications_0.25_0.22_204	Singlet	pANN_0.25_0.22_204	0.20757180156658
CNP0000460_AGGTCCGTCGTTGCCT-1_1_1_1	CNP0000460_P03T	CNP0000460	DF.classifications_0.25_0.22_204	Singlet	pANN_0.25_0.22_204	0.340078328981723
CNP0000460_AGGTCCGTCTAAGCCA-1_1_1_1	CNP0000460_P03T	CNP0000460	DF.classifications_0.25_0.22_204	Singlet	pANN_0.25_0.22_204	0.112924281984334
CNP0000460_AGGTCCGTCTGGTGTA-1_1_1_1	CNP0000460_P03T	CNP0000460	DF.classifications_0.25_0.22_204	Singlet	pANN_0.25_0.22_204	0.100522193211488
CNP0000460_AGTAGTCAGACTAGAT-1_1_1_1	CNP0000460_P03T	CNP0000460	DF.classifications_0.25_0.22_204	Singlet	pANN_0.25_0.22_204	0.276762402088773
CNP0000460_AGTAGTCAGGCAGTCA-1_1_1_1	CNP0000460_P03T	CNP0000460	DF.classifications_0.25_0.22_204	Singlet	pANN_0.25_0.22_204	0.108355091383812
CNP0000460_AGTAGTCCATTAACCG-1_1_1_1	CNP0000460_P03T	CNP0000460	DF.classifications_0.25_0.22_204	Singlet	pANN_0.25_0.22_204	0.321801566579634
CNP0000460_AGTAGTCTCATGTAGC-1_1_1_1	CNP0000460_P03T	CNP0000460	DF.classifications_0.25_0.22_204	Singlet	pANN_0.25_0.22_204	0.343342036553525
CNP0000460_AGTAGTCTCCAACCAA-1_1_1_1	CNP0000460_P03T	CNP0000460	DF.classifications_0.25_0.22_204	Singlet	pANN_0.25_0.22_204	0.113577023498695
CNP0000460_AGTAGTCTCCATGAGT-1_1_1_1	CNP0000460_P03T	CNP0000460	DF.classifications_0.25_0.22_204	Singlet	pANN_0.25_0.22_204	0.281331592689295
CNP0000460_AGTAGTCTCGGTGTTA-1_1_1_1	CNP0000460_P03T	CNP0000460	DF.classifications_0.25_0.22_204	Singlet	pANN_0.25_0.22_204	0.341383812010444
CNP0000460_AGTAGTCTCTCTGAGA-1_1_1_1	CNP0000460_P03T	CNP0000460	DF.classifications_0.25_0.22_204	Singlet	pANN_0.25_0.22_204	0.153394255874674
CNP0000460_AGTCTTTAGACAGAGA-1_1_1_1	CNP0000460_P03T	CNP0000460	DF.classifications_0.25_0.22_204	Singlet	pANN_0.25_0.22_204	0.180156657963446
CNP0000460_AGTCTTTAGAGCAATT-1_1_1_1	CNP0000460_P03T	CNP0000460	DF.classifications_0.25_0.22_204	Singlet	pANN_0.25_0.22_204	0.148825065274151
CNP0000460_AGTCTTTAGAGTGAGA-1_1_1_1	CNP0000460_P03T	CNP0000460	DF.classifications_0.25_0.22_204	Singlet	pANN_0.25_0.22_204	0.343994778067885
CNP0000460_AGTCTTTAGCGGATCA-1_1_1_1	CNP0000460_P03T	CNP0000460	DF.classifications_0.25_0.22_204	Singlet	pANN_0.25_0.22_204	0.35443864229765
CNP0000460_AGTCTTTAGGATATAC-1_1_1_1	CNP0000460_P03T	CNP0000460	DF.classifications_0.25_0.22_204	Singlet	pANN_0.25_0.22_204	0.127937336814621
CNP0000460_AGTCTTTAGGGTCTCC-1_1_1_1	CNP0000460_P03T	CNP0000460	DF.classifications_0.25_0.22_204	Singlet	pANN_0.25_0.22_204	0.342689295039165
CNP0000460_AGTCTTTCACGTAAGG-1_1_1_1	CNP0000460_P03T	CNP0000460	DF.classifications_0.25_0.22_204	Singlet	pANN_0.25_0.22_204	0.111618798955614
CNP0000460_AGTCTTTCATCGTCGG-1_1_1_1	CNP0000460_P03T	CNP0000460	DF.classifications_0.25_0.22_204	Singlet	pANN_0.25_0.22_204	0.35443864229765
CNP0000460_AGTCTTTGTCAACATC-1_1_1_1	CNP0000460_P03T	CNP0000460	DF.classifications_0.25_0.22_204	Singlet	pANN_0.25_0.22_204	0.248694516971279
CNP0000460_AGTCTTTGTCGAAAGC-1_1_1_1	CNP0000460_P03T	CNP0000460	DF.classifications_0.25_0.22_204	Singlet	pANN_0.25_0.22_204	0.345300261096606
CNP0000460_AGTCTTTGTCGAGATG-1_1_1_1	CNP0000460_P03T	CNP0000460	DF.classifications_0.25_0.22_204	Singlet	pANN_0.25_0.22_204	0.344647519582245
CNP0000460_AGTCTTTGTCGCGTGT-1_1_1_1	CNP0000460_P03T	CNP0000460	DF.classifications_0.25_0.22_204	Singlet	pANN_0.25_0.22_204	0.157310704960836
CNP0000460_AGTCTTTGTCTGATTG-1_1_1_1	CNP0000460_P03T	CNP0000460	DF.classifications_0.25_0.22_204	Singlet	pANN_0.25_0.22_204	0.141644908616188
CNP0000460_AGTCTTTTCCGGCACA-1_1_1_1	CNP0000460_P03T	CNP0000460	DF.classifications_0.25_0.22_204	Singlet	pANN_0.25_0.22_204	0.113577023498695
CNP0000460_AGTCTTTTCTTAGAGC-1_1_1_1	CNP0000460_P03T	CNP0000460	DF.classifications_0.25_0.22_204	Doublet	pANN_0.25_0.22_204	0.361618798955614
CNP0000460_AGTGAGGAGAGCTGCA-1_1_1_1	CNP0000460_P03T	CNP0000460	DF.classifications_0.25_0.22_204	Singlet	pANN_0.25_0.22_204	0.188642297650131
CNP0000460_AGTGAGGAGCTAGTGG-1_1_1_1	CNP0000460_P03T	CNP0000460	DF.classifications_0.25_0.22_204	Singlet	pANN_0.25_0.22_204	0.148825065274151
CNP0000460_AGTGAGGAGGAGTTGC-1_1_1_1	CNP0000460_P03T	CNP0000460	DF.classifications_0.25_0.22_204	Singlet	pANN_0.25_0.22_204	0.0972584856396867
CNP0000460_AGTGAGGAGGCGCTCT-1_1_1_1	CNP0000460_P03T	CNP0000460	DF.classifications_0.25_0.22_204	Singlet	pANN_0.25_0.22_204	0.255874673629243
CNP0000460_AGTGAGGAGGCTAGCA-1_1_1_1	CNP0000460_P03T	CNP0000460	DF.classifications_0.25_0.22_204	Doublet	pANN_0.25_0.22_204	0.362924281984334
CNP0000460_AGTGAGGAGTACACCT-1_1_1_1	CNP0000460_P03T	CNP0000460	DF.classifications_0.25_0.22_204	Singlet	pANN_0.25_0.22_204	0.233681462140992
CNP0000460_AGTGAGGGTCATATCG-1_1_1_1	CNP0000460_P03T	CNP0000460	DF.classifications_0.25_0.22_204	Singlet	pANN_0.25_0.22_204	0.114882506527415
CNP0000460_AGTGAGGGTCTGGTCG-1_1_1_1	CNP0000460_P03T	CNP0000460	DF.classifications_0.25_0.22_204	Singlet	pANN_0.25_0.22_204	0.115535248041775
CNP0000460_AGTGAGGTCAGTCCCT-1_1_1_1	CNP0000460_P03T	CNP0000460	DF.classifications_0.25_0.22_204	Singlet	pANN_0.25_0.22_204	0.350522193211488
CNP0000460_AGTGAGGTCGGTTCGG-1_1_1_1	CNP0000460_P03T	CNP0000460	DF.classifications_0.25_0.22_204	Singlet	pANN_0.25_0.22_204	0.252610966057441
CNP0000460_AGTGGGACAGCTGTTA-1_1_1_1	CNP0000460_P03T	CNP0000460	DF.classifications_0.25_0.22_204	Singlet	pANN_0.25_0.22_204	0.171671018276762
CNP0000460_AGTGGGACAGTAGAGC-1_1_1_1	CNP0000460_P03T	CNP0000460	DF.classifications_0.25_0.22_204	Singlet	pANN_0.25_0.22_204	0.35378590078329
CNP0000460_AGTGGGACATGGAATA-1_1_1_1	CNP0000460_P03T	CNP0000460	DF.classifications_0.25_0.22_204	Singlet	pANN_0.25_0.22_204	0.182767624020888
CNP0000460_AGTGGGAGTCGTGGCT-1_1_1_1	CNP0000460_P03T	CNP0000460	DF.classifications_0.25_0.22_204	Singlet	pANN_0.25_0.22_204	0.275456919060052
CNP0000460_AGTGGGATCCTTGACC-1_1_1_1	CNP0000460_P03T	CNP0000460	DF.classifications_0.25_0.22_204	Singlet	pANN_0.25_0.22_204	0.256527415143603
CNP0000460_AGTGGGATCCTTTCGG-1_1_1_1	CNP0000460_P03T	CNP0000460	DF.classifications_0.25_0.22_204	Singlet	pANN_0.25_0.22_204	0.349869451697128
CNP0000460_AGTGGGATCGGAAATA-1_1_1_1	CNP0000460_P03T	CNP0000460	DF.classifications_0.25_0.22_204	Singlet	pANN_0.25_0.22_204	0.283942558746736
CNP0000460_AGTGTCAAGGATATAC-1_1_1_1	CNP0000460_P03T	CNP0000460	DF.classifications_0.25_0.22_204	Singlet	pANN_0.25_0.22_204	0.35378590078329
CNP0000460_AGTGTCACAAGTTCTG-1_1_1_1	CNP0000460_P03T	CNP0000460	DF.classifications_0.25_0.22_204	Singlet	pANN_0.25_0.22_204	0.243472584856397
CNP0000460_AGTGTCACAGGATCGA-1_1_1_1	CNP0000460_P03T	CNP0000460	DF.classifications_0.25_0.22_204	Singlet	pANN_0.25_0.22_204	0.35443864229765
CNP0000460_AGTGTCAGTCAGAAGC-1_1_1_1	CNP0000460_P03T	CNP0000460	DF.classifications_0.25_0.22_204	Singlet	pANN_0.25_0.22_204	0.100522193211488
CNP0000460_AGTGTCATCAACACTG-1_1_1_1	CNP0000460_P03T	CNP0000460	DF.classifications_0.25_0.22_204	Singlet	pANN_0.25_0.22_204	0.35443864229765
CNP0000460_AGTGTCATCCCAAGTA-1_1_1_1	CNP0000460_P03T	CNP0000460	DF.classifications_0.25_0.22_204	Singlet	pANN_0.25_0.22_204	0.105744125326371
CNP0000460_AGTGTCATCGCATGAT-1_1_1_1	CNP0000460_P03T	CNP0000460	DF.classifications_0.25_0.22_204	Singlet	pANN_0.25_0.22_204	0.198433420365535
CNP0000460_AGTGTCATCTTGTATC-1_1_1_1	CNP0000460_P03T	CNP0000460	DF.classifications_0.25_0.22_204	Singlet	pANN_0.25_0.22_204	0.12532637075718
CNP0000460_AGTTGGTAGAAGCCCA-1_1_1_1	CNP0000460_P03T	CNP0000460	DF.classifications_0.25_0.22_204	Singlet	pANN_0.25_0.22_204	0.110313315926893
CNP0000460_AGTTGGTAGCCACGCT-1_1_1_1	CNP0000460_P03T	CNP0000460	DF.classifications_0.25_0.22_204	Singlet	pANN_0.25_0.22_204	0.0887728459530026
CNP0000460_AGTTGGTGTAGGACAC-1_1_1_1	CNP0000460_P03T	CNP0000460	DF.classifications_0.25_0.22_204	Doublet	pANN_0.25_0.22_204	0.362924281984334
CNP0000460_AGTTGGTGTCAGAATA-1_1_1_1	CNP0000460_P03T	CNP0000460	DF.classifications_0.25_0.22_204	Singlet	pANN_0.25_0.22_204	0.272845953002611
CNP0000460_AGTTGGTTCCAATGGT-1_1_1_1	CNP0000460_P03T	CNP0000460	DF.classifications_0.25_0.22_204	Singlet	pANN_0.25_0.22_204	0.10443864229765
CNP0000460_AGTTGGTTCCATGAGT-1_1_1_1	CNP0000460_P03T	CNP0000460	DF.classifications_0.25_0.22_204	Singlet	pANN_0.25_0.22_204	0.255874673629243
CNP0000460_AGTTGGTTCTTGTACT-1_1_1_1	CNP0000460_P03T	CNP0000460	DF.classifications_0.25_0.22_204	Singlet	pANN_0.25_0.22_204	0.147519582245431
CNP0000460_ATAACGCAGAAAGTGG-1_1_1_1	CNP0000460_P03T	CNP0000460	DF.classifications_0.25_0.22_204	Singlet	pANN_0.25_0.22_204	0.222584856396867
CNP0000460_ATAACGCAGTCTTGCA-1_1_1_1	CNP0000460_P03T	CNP0000460	DF.classifications_0.25_0.22_204	Singlet	pANN_0.25_0.22_204	0.25
CNP0000460_ATAACGCGTCCGAAGA-1_1_1_1	CNP0000460_P03T	CNP0000460	DF.classifications_0.25_0.22_204	Singlet	pANN_0.25_0.22_204	0.109007832898172
CNP0000460_ATAACGCGTCGATTGT-1_1_1_1	CNP0000460_P03T	CNP0000460	DF.classifications_0.25_0.22_204	Singlet	pANN_0.25_0.22_204	0.301566579634465
CNP0000460_ATAACGCGTGCAACTT-1_1_1_1	CNP0000460_P03T	CNP0000460	DF.classifications_0.25_0.22_204	Singlet	pANN_0.25_0.22_204	0.131853785900783
CNP0000460_ATAACGCGTTACGTCA-1_1_1_1	CNP0000460_P03T	CNP0000460	DF.classifications_0.25_0.22_204	Singlet	pANN_0.25_0.22_204	0.075065274151436
CNP0000460_ATAACGCGTTTAAGCC-1_1_1_1	CNP0000460_P03T	CNP0000460	DF.classifications_0.25_0.22_204	Doublet	pANN_0.25_0.22_204	0.361618798955614
CNP0000460_ATAACGCTCAACACTG-1_1_1_1	CNP0000460_P03T	CNP0000460	DF.classifications_0.25_0.22_204	Singlet	pANN_0.25_0.22_204	0.121409921671018
CNP0000460_ATAACGCTCACCTTAT-1_1_1_1	CNP0000460_P03T	CNP0000460	DF.classifications_0.25_0.22_204	Singlet	pANN_0.25_0.22_204	0.10443864229765
CNP0000460_ATAAGAGAGAAGGGTA-1_1_1_1	CNP0000460_P03T	CNP0000460	DF.classifications_0.25_0.22_204	Singlet	pANN_0.25_0.22_204	0.141644908616188
CNP0000460_ATAAGAGAGAGTACAT-1_1_1_1	CNP0000460_P03T	CNP0000460	DF.classifications_0.25_0.22_204	Singlet	pANN_0.25_0.22_204	0.284595300261097
CNP0000460_ATAAGAGAGTATGACA-1_1_1_1	CNP0000460_P03T	CNP0000460	DF.classifications_0.25_0.22_204	Singlet	pANN_0.25_0.22_204	0.242819843342037
CNP0000460_ATAAGAGCAAACAACA-1_1_1_1	CNP0000460_P03T	CNP0000460	DF.classifications_0.25_0.22_204	Singlet	pANN_0.25_0.22_204	0.357702349869452
CNP0000460_ATAAGAGCAGAAGCAC-1_1_1_1	CNP0000460_P03T	CNP0000460	DF.classifications_0.25_0.22_204	Singlet	pANN_0.25_0.22_204	0.359007832898172
CNP0000460_ATAAGAGCAGTGACAG-1_1_1_1	CNP0000460_P03T	CNP0000460	DF.classifications_0.25_0.22_204	Singlet	pANN_0.25_0.22_204	0.359660574412533
CNP0000460_ATAAGAGGTTGGGACA-1_1_1_1	CNP0000460_P03T	CNP0000460	DF.classifications_0.25_0.22_204	Singlet	pANN_0.25_0.22_204	0.194516971279373
CNP0000460_ATAAGAGTCAGCTCGG-1_1_1_1	CNP0000460_P03T	CNP0000460	DF.classifications_0.25_0.22_204	Singlet	pANN_0.25_0.22_204	0.35509138381201
CNP0000460_ATAAGAGTCCGCGGTA-1_1_1_1	CNP0000460_P03T	CNP0000460	DF.classifications_0.25_0.22_204	Singlet	pANN_0.25_0.22_204	0.355744125326371
CNP0000460_ATAAGAGTCGTGGGAA-1_1_1_1	CNP0000460_P03T	CNP0000460	DF.classifications_0.25_0.22_204	Singlet	pANN_0.25_0.22_204	0.35509138381201
CNP0000460_ATAAGAGTCTGCCAGG-1_1_1_1	CNP0000460_P03T	CNP0000460	DF.classifications_0.25_0.22_204	Singlet	pANN_0.25_0.22_204	0.345953002610966
CNP0000460_ATAAGAGTCTTACCTA-1_1_1_1	CNP0000460_P03T	CNP0000460	DF.classifications_0.25_0.22_204	Singlet	pANN_0.25_0.22_204	0.100522193211488
CNP0000460_ATAGACCAGAAGAAGC-1_1_1_1	CNP0000460_P03T	CNP0000460	DF.classifications_0.25_0.22_204	Singlet	pANN_0.25_0.22_204	0.349869451697128
CNP0000460_ATAGACCAGAAGGTTT-1_1_1_1	CNP0000460_P03T	CNP0000460	DF.classifications_0.25_0.22_204	Doublet	pANN_0.25_0.22_204	0.362924281984334
CNP0000460_ATAGACCAGCTGTCTA-1_1_1_1	CNP0000460_P03T	CNP0000460	DF.classifications_0.25_0.22_204	Singlet	pANN_0.25_0.22_204	0.139686684073107
CNP0000460_ATAGACCAGGAGTCTG-1_1_1_1	CNP0000460_P03T	CNP0000460	DF.classifications_0.25_0.22_204	Singlet	pANN_0.25_0.22_204	0.22911227154047
CNP0000460_ATAGACCAGTAGCGGT-1_1_1_1	CNP0000460_P03T	CNP0000460	DF.classifications_0.25_0.22_204	Singlet	pANN_0.25_0.22_204	0.142297650130548
CNP0000460_ATAGACCAGTGTACCT-1_1_1_1	CNP0000460_P03T	CNP0000460	DF.classifications_0.25_0.22_204	Singlet	pANN_0.25_0.22_204	0.283289817232376
CNP0000460_ATAGACCAGTTGCAGG-1_1_1_1	CNP0000460_P03T	CNP0000460	DF.classifications_0.25_0.22_204	Singlet	pANN_0.25_0.22_204	0.351827676240209
CNP0000460_ATAGACCCACCCAGTG-1_1_1_1	CNP0000460_P03T	CNP0000460	DF.classifications_0.25_0.22_204	Singlet	pANN_0.25_0.22_204	0.173629242819843
CNP0000460_ATAGACCCACGGTGTC-1_1_1_1	CNP0000460_P03T	CNP0000460	DF.classifications_0.25_0.22_204	Singlet	pANN_0.25_0.22_204	0.355744125326371
CNP0000460_ATAGACCCAGCGAACA-1_1_1_1	CNP0000460_P03T	CNP0000460	DF.classifications_0.25_0.22_204	Singlet	pANN_0.25_0.22_204	0.351827676240209
CNP0000460_ATAGACCGTACTCGCG-1_1_1_1	CNP0000460_P03T	CNP0000460	DF.classifications_0.25_0.22_204	Singlet	pANN_0.25_0.22_204	0.111618798955614
CNP0000460_ATAGACCGTCTAACGT-1_1_1_1	CNP0000460_P03T	CNP0000460	DF.classifications_0.25_0.22_204	Singlet	pANN_0.25_0.22_204	0.097911227154047
CNP0000460_ATAGACCGTTGTCGCG-1_1_1_1	CNP0000460_P03T	CNP0000460	DF.classifications_0.25_0.22_204	Singlet	pANN_0.25_0.22_204	0.119451697127937
CNP0000460_ATAGACCTCTACTTAC-1_1_1_1	CNP0000460_P03T	CNP0000460	DF.classifications_0.25_0.22_204	Singlet	pANN_0.25_0.22_204	0.27088772845953
CNP0000460_ATCACGAAGACTGGGT-1_1_1_1	CNP0000460_P03T	CNP0000460	DF.classifications_0.25_0.22_204	Singlet	pANN_0.25_0.22_204	0.16579634464752
CNP0000460_ATCACGAAGAGATGAG-1_1_1_1	CNP0000460_P03T	CNP0000460	DF.classifications_0.25_0.22_204	Singlet	pANN_0.25_0.22_204	0.360313315926893
CNP0000460_ATCACGACACATGTGT-1_1_1_1	CNP0000460_P03T	CNP0000460	DF.classifications_0.25_0.22_204	Singlet	pANN_0.25_0.22_204	0.355744125326371
CNP0000460_ATCACGAGTAAGAGGA-1_1_1_1	CNP0000460_P03T	CNP0000460	DF.classifications_0.25_0.22_204	Singlet	pANN_0.25_0.22_204	0.33420365535248
CNP0000460_ATCACGAGTACAGACG-1_1_1_1	CNP0000460_P03T	CNP0000460	DF.classifications_0.25_0.22_204	Singlet	pANN_0.25_0.22_204	0.151436031331593
CNP0000460_ATCACGAGTCTCTCGT-1_1_1_1	CNP0000460_P03T	CNP0000460	DF.classifications_0.25_0.22_204	Singlet	pANN_0.25_0.22_204	0.348563968668407
CNP0000460_ATCACGATCATTATCC-1_1_1_1	CNP0000460_P03T	CNP0000460	DF.classifications_0.25_0.22_204	Doublet	pANN_0.25_0.22_204	0.364229765013055
CNP0000460_ATCACGATCCGCGTTT-1_1_1_1	CNP0000460_P03T	CNP0000460	DF.classifications_0.25_0.22_204	Singlet	pANN_0.25_0.22_204	0.154699738903394
CNP0000460_ATCATCTAGGAGTACC-1_1_1_1	CNP0000460_P03T	CNP0000460	DF.classifications_0.25_0.22_204	Singlet	pANN_0.25_0.22_204	0.357702349869452
CNP0000460_ATCATCTAGTCATGCT-1_1_1_1	CNP0000460_P03T	CNP0000460	DF.classifications_0.25_0.22_204	Singlet	pANN_0.25_0.22_204	0.276109660574413
CNP0000460_ATCATCTAGTCCTCCT-1_1_1_1	CNP0000460_P03T	CNP0000460	DF.classifications_0.25_0.22_204	Singlet	pANN_0.25_0.22_204	0.128590078328982
CNP0000460_ATCATCTCACAGCGTC-1_1_1_1	CNP0000460_P03T	CNP0000460	DF.classifications_0.25_0.22_204	Doublet	pANN_0.25_0.22_204	0.362924281984334
CNP0000460_ATCATCTCAGTCACTA-1_1_1_1	CNP0000460_P03T	CNP0000460	DF.classifications_0.25_0.22_204	Singlet	pANN_0.25_0.22_204	0.101174934725849
CNP0000460_ATCATCTCATTCGACA-1_1_1_1	CNP0000460_P03T	CNP0000460	DF.classifications_0.25_0.22_204	Singlet	pANN_0.25_0.22_204	0.122715404699739
CNP0000460_ATCATCTGTGTCTGAT-1_1_1_1	CNP0000460_P03T	CNP0000460	DF.classifications_0.25_0.22_204	Singlet	pANN_0.25_0.22_204	0.0992167101827676
CNP0000460_ATCATCTGTTACGGAG-1_1_1_1	CNP0000460_P03T	CNP0000460	DF.classifications_0.25_0.22_204	Singlet	pANN_0.25_0.22_204	0.263054830287206
CNP0000460_ATCATCTGTTTGTTGG-1_1_1_1	CNP0000460_P03T	CNP0000460	DF.classifications_0.25_0.22_204	Singlet	pANN_0.25_0.22_204	0.194516971279373
CNP0000460_ATCATCTTCCAAACAC-1_1_1_1	CNP0000460_P03T	CNP0000460	DF.classifications_0.25_0.22_204	Singlet	pANN_0.25_0.22_204	0.0776762402088773
CNP0000460_ATCATCTTCCTCATTA-1_1_1_1	CNP0000460_P03T	CNP0000460	DF.classifications_0.25_0.22_204	Singlet	pANN_0.25_0.22_204	0.321801566579634
CNP0000460_ATCATCTTCCTGCCAT-1_1_1_1	CNP0000460_P03T	CNP0000460	DF.classifications_0.25_0.22_204	Singlet	pANN_0.25_0.22_204	0.189947780678851
CNP0000460_ATCATCTTCTCTTATG-1_1_1_1	CNP0000460_P03T	CNP0000460	DF.classifications_0.25_0.22_204	Singlet	pANN_0.25_0.22_204	0.349216710182768
CNP0000460_ATCATGGAGAGGTAGA-1_1_1_1	CNP0000460_P03T	CNP0000460	DF.classifications_0.25_0.22_204	Singlet	pANN_0.25_0.22_204	0.359007832898172
CNP0000460_ATCATGGAGTCATCCA-1_1_1_1	CNP0000460_P03T	CNP0000460	DF.classifications_0.25_0.22_204	Singlet	pANN_0.25_0.22_204	0.155352480417755
CNP0000460_ATCATGGCAAGTTAAG-1_1_1_1	CNP0000460_P03T	CNP0000460	DF.classifications_0.25_0.22_204	Singlet	pANN_0.25_0.22_204	0.234986945169713
CNP0000460_ATCATGGCAATGGATA-1_1_1_1	CNP0000460_P03T	CNP0000460	DF.classifications_0.25_0.22_204	Doublet	pANN_0.25_0.22_204	0.372715404699739
CNP0000460_ATCATGGCAGCTCCGA-1_1_1_1	CNP0000460_P03T	CNP0000460	DF.classifications_0.25_0.22_204	Singlet	pANN_0.25_0.22_204	0.288511749347258
CNP0000460_ATCATGGCAGTAACGG-1_1_1_1	CNP0000460_P03T	CNP0000460	DF.classifications_0.25_0.22_204	Singlet	pANN_0.25_0.22_204	0.121409921671018
CNP0000460_ATCATGGCATAACCTG-1_1_1_1	CNP0000460_P03T	CNP0000460	DF.classifications_0.25_0.22_204	Singlet	pANN_0.25_0.22_204	0.178198433420366
CNP0000460_ATCATGGCATACGCCG-1_1_1_1	CNP0000460_P03T	CNP0000460	DF.classifications_0.25_0.22_204	Singlet	pANN_0.25_0.22_204	0.358355091383812
CNP0000460_ATCATGGGTCTGATTG-1_1_1_1	CNP0000460_P03T	CNP0000460	DF.classifications_0.25_0.22_204	Singlet	pANN_0.25_0.22_204	0.101827676240209
CNP0000460_ATCATGGGTGCTCTTC-1_1_1_1	CNP0000460_P03T	CNP0000460	DF.classifications_0.25_0.22_204	Singlet	pANN_0.25_0.22_204	0.359660574412533
CNP0000460_ATCATGGGTTGGAGGT-1_1_1_1	CNP0000460_P03T	CNP0000460	DF.classifications_0.25_0.22_204	Singlet	pANN_0.25_0.22_204	0.112271540469974
CNP0000460_ATCATGGTCAACACAC-1_1_1_1	CNP0000460_P03T	CNP0000460	DF.classifications_0.25_0.22_204	Singlet	pANN_0.25_0.22_204	0.359007832898172
CNP0000460_ATCATGGTCCAGAAGG-1_1_1_1	CNP0000460_P03T	CNP0000460	DF.classifications_0.25_0.22_204	Singlet	pANN_0.25_0.22_204	0.35509138381201
CNP0000460_ATCATGGTCGATCCCT-1_1_1_1	CNP0000460_P03T	CNP0000460	DF.classifications_0.25_0.22_204	Singlet	pANN_0.25_0.22_204	0.261096605744125
CNP0000460_ATCATGGTCGGCGCTA-1_1_1_1	CNP0000460_P03T	CNP0000460	DF.classifications_0.25_0.22_204	Singlet	pANN_0.25_0.22_204	0.107702349869452
CNP0000460_ATCATGGTCGTAGGAG-1_1_1_1	CNP0000460_P03T	CNP0000460	DF.classifications_0.25_0.22_204	Singlet	pANN_0.25_0.22_204	0.280026109660574
CNP0000460_ATCATGGTCGTCGTTC-1_1_1_1	CNP0000460_P03T	CNP0000460	DF.classifications_0.25_0.22_204	Singlet	pANN_0.25_0.22_204	0.347911227154047
CNP0000460_ATCCACCAGAGGTTAT-1_1_1_1	CNP0000460_P03T	CNP0000460	DF.classifications_0.25_0.22_204	Singlet	pANN_0.25_0.22_204	0.175587467362924
CNP0000460_ATCCACCCAAAGCAAT-1_1_1_1	CNP0000460_P03T	CNP0000460	DF.classifications_0.25_0.22_204	Singlet	pANN_0.25_0.22_204	0.153394255874674
CNP0000460_ATCCACCCATATGGTC-1_1_1_1	CNP0000460_P03T	CNP0000460	DF.classifications_0.25_0.22_204	Singlet	pANN_0.25_0.22_204	0.12597911227154
CNP0000460_ATCCACCGTCCGAACC-1_1_1_1	CNP0000460_P03T	CNP0000460	DF.classifications_0.25_0.22_204	Singlet	pANN_0.25_0.22_204	0.349869451697128
CNP0000460_ATCCACCGTCGTGGCT-1_1_1_1	CNP0000460_P03T	CNP0000460	DF.classifications_0.25_0.22_204	Singlet	pANN_0.25_0.22_204	0.0926892950391645
CNP0000460_ATCCACCTCAGCTCTC-1_1_1_1	CNP0000460_P03T	CNP0000460	DF.classifications_0.25_0.22_204	Singlet	pANN_0.25_0.22_204	0.144255874673629
CNP0000460_ATCCACCTCAGGCGAA-1_1_1_1	CNP0000460_P03T	CNP0000460	DF.classifications_0.25_0.22_204	Singlet	pANN_0.25_0.22_204	0.206266318537859
CNP0000460_ATCCACCTCTACCTGC-1_1_1_1	CNP0000460_P03T	CNP0000460	DF.classifications_0.25_0.22_204	Singlet	pANN_0.25_0.22_204	0.27088772845953
CNP0000460_ATCCGAAAGACAATAC-1_1_1_1	CNP0000460_P03T	CNP0000460	DF.classifications_0.25_0.22_204	Singlet	pANN_0.25_0.22_204	0.151436031331593
CNP0000460_ATCCGAAAGGCGATAC-1_1_1_1	CNP0000460_P03T	CNP0000460	DF.classifications_0.25_0.22_204	Singlet	pANN_0.25_0.22_204	0.31266318537859
CNP0000460_ATCCGAACAAGCCCAC-1_1_1_1	CNP0000460_P03T	CNP0000460	DF.classifications_0.25_0.22_204	Singlet	pANN_0.25_0.22_204	0.0822454308093995
CNP0000460_ATCCGAACACGACTCG-1_1_1_1	CNP0000460_P03T	CNP0000460	DF.classifications_0.25_0.22_204	Singlet	pANN_0.25_0.22_204	0.131201044386423
CNP0000460_ATCCGAACATCAGTAC-1_1_1_1	CNP0000460_P03T	CNP0000460	DF.classifications_0.25_0.22_204	Singlet	pANN_0.25_0.22_204	0.218668407310705
CNP0000460_ATCCGAACATTTGCTT-1_1_1_1	CNP0000460_P03T	CNP0000460	DF.classifications_0.25_0.22_204	Singlet	pANN_0.25_0.22_204	0.35509138381201
CNP0000460_ATCCGAAGTATAAACG-1_1_1_1	CNP0000460_P03T	CNP0000460	DF.classifications_0.25_0.22_204	Singlet	pANN_0.25_0.22_204	0.12467362924282
CNP0000460_ATCCGAAGTCAGAGGT-1_1_1_1	CNP0000460_P03T	CNP0000460	DF.classifications_0.25_0.22_204	Singlet	pANN_0.25_0.22_204	0.0926892950391645
CNP0000460_ATCCGAAGTGAGTATA-1_1_1_1	CNP0000460_P03T	CNP0000460	DF.classifications_0.25_0.22_204	Singlet	pANN_0.25_0.22_204	0.10378590078329
CNP0000460_ATCCGAATCTGTGCAA-1_1_1_1	CNP0000460_P03T	CNP0000460	DF.classifications_0.25_0.22_204	Singlet	pANN_0.25_0.22_204	0.0998694516971279
CNP0000460_ATCCGAATCTTCGAGA-1_1_1_1	CNP0000460_P03T	CNP0000460	DF.classifications_0.25_0.22_204	Singlet	pANN_0.25_0.22_204	0.239556135770235
CNP0000460_ATCGAGTAGAAACCGC-1_1_1_1	CNP0000460_P03T	CNP0000460	DF.classifications_0.25_0.22_204	Doublet	pANN_0.25_0.22_204	0.383812010443864
CNP0000460_ATCGAGTAGCCACTAT-1_1_1_1	CNP0000460_P03T	CNP0000460	DF.classifications_0.25_0.22_204	Doublet	pANN_0.25_0.22_204	0.387728459530026
CNP0000460_ATCGAGTAGTATTGGA-1_1_1_1	CNP0000460_P03T	CNP0000460	DF.classifications_0.25_0.22_204	Singlet	pANN_0.25_0.22_204	0.10443864229765
CNP0000460_ATCGAGTCAAAGTGCG-1_1_1_1	CNP0000460_P03T	CNP0000460	DF.classifications_0.25_0.22_204	Singlet	pANN_0.25_0.22_204	0.0828981723237598
CNP0000460_ATCGAGTCACTAAGTC-1_1_1_1	CNP0000460_P03T	CNP0000460	DF.classifications_0.25_0.22_204	Singlet	pANN_0.25_0.22_204	0.0907310704960835
CNP0000460_ATCGAGTCATATACCG-1_1_1_1	CNP0000460_P03T	CNP0000460	DF.classifications_0.25_0.22_204	Singlet	pANN_0.25_0.22_204	0.0815926892950392
CNP0000460_ATCGAGTCATTCTCAT-1_1_1_1	CNP0000460_P03T	CNP0000460	DF.classifications_0.25_0.22_204	Singlet	pANN_0.25_0.22_204	0.169060052219321
CNP0000460_ATCGAGTGTCCAGTGC-1_1_1_1	CNP0000460_P03T	CNP0000460	DF.classifications_0.25_0.22_204	Singlet	pANN_0.25_0.22_204	0.180156657963446
CNP0000460_ATCGAGTGTGCAGGTA-1_1_1_1	CNP0000460_P03T	CNP0000460	DF.classifications_0.25_0.22_204	Singlet	pANN_0.25_0.22_204	0.107049608355091
CNP0000460_ATCGAGTTCCGAATGT-1_1_1_1	CNP0000460_P03T	CNP0000460	DF.classifications_0.25_0.22_204	Singlet	pANN_0.25_0.22_204	0.12597911227154
CNP0000460_ATCGAGTTCGCCAGCA-1_1_1_1	CNP0000460_P03T	CNP0000460	DF.classifications_0.25_0.22_204	Singlet	pANN_0.25_0.22_204	0.114229765013055
CNP0000460_ATCTACTAGTGTACCT-1_1_1_1	CNP0000460_P03T	CNP0000460	DF.classifications_0.25_0.22_204	Singlet	pANN_0.25_0.22_204	0.245430809399478
CNP0000460_ATCTACTCACCTCGTT-1_1_1_1	CNP0000460_P03T	CNP0000460	DF.classifications_0.25_0.22_204	Singlet	pANN_0.25_0.22_204	0.35509138381201
CNP0000460_ATCTACTCAGGTGGAT-1_1_1_1	CNP0000460_P03T	CNP0000460	DF.classifications_0.25_0.22_204	Singlet	pANN_0.25_0.22_204	0.287206266318538
CNP0000460_ATCTACTCAGTGAGTG-1_1_1_1	CNP0000460_P03T	CNP0000460	DF.classifications_0.25_0.22_204	Singlet	pANN_0.25_0.22_204	0.10509138381201
CNP0000460_ATCTACTCAGTGGGAT-1_1_1_1	CNP0000460_P03T	CNP0000460	DF.classifications_0.25_0.22_204	Singlet	pANN_0.25_0.22_204	0.128590078328982
CNP0000460_ATCTACTCATCATCCC-1_1_1_1	CNP0000460_P03T	CNP0000460	DF.classifications_0.25_0.22_204	Singlet	pANN_0.25_0.22_204	0.0802872062663185
CNP0000460_ATCTACTCATTTGCTT-1_1_1_1	CNP0000460_P03T	CNP0000460	DF.classifications_0.25_0.22_204	Singlet	pANN_0.25_0.22_204	0.351174934725849
CNP0000460_ATCTACTGTCCCGACA-1_1_1_1	CNP0000460_P03T	CNP0000460	DF.classifications_0.25_0.22_204	Singlet	pANN_0.25_0.22_204	0.358355091383812
CNP0000460_ATCTACTGTCTCTTTA-1_1_1_1	CNP0000460_P03T	CNP0000460	DF.classifications_0.25_0.22_204	Singlet	pANN_0.25_0.22_204	0.218668407310705
CNP0000460_ATCTACTTCACTGGGC-1_1_1_1	CNP0000460_P03T	CNP0000460	DF.classifications_0.25_0.22_204	Singlet	pANN_0.25_0.22_204	0.355744125326371
CNP0000460_ATCTACTTCCCGGATG-1_1_1_1	CNP0000460_P03T	CNP0000460	DF.classifications_0.25_0.22_204	Singlet	pANN_0.25_0.22_204	0.357702349869452
CNP0000460_ATCTACTTCCTACAGA-1_1_1_1	CNP0000460_P03T	CNP0000460	DF.classifications_0.25_0.22_204	Singlet	pANN_0.25_0.22_204	0.352480417754569
CNP0000460_ATCTACTTCGGCGGTT-1_1_1_1	CNP0000460_P03T	CNP0000460	DF.classifications_0.25_0.22_204	Singlet	pANN_0.25_0.22_204	0.347911227154047
CNP0000460_ATCTACTTCTCTAAGG-1_1_1_1	CNP0000460_P03T	CNP0000460	DF.classifications_0.25_0.22_204	Singlet	pANN_0.25_0.22_204	0.358355091383812
CNP0000460_ATCTGCCAGACATAAC-1_1_1_1	CNP0000460_P03T	CNP0000460	DF.classifications_0.25_0.22_204	Singlet	pANN_0.25_0.22_204	0.221932114882507
CNP0000460_ATCTGCCAGAGATGAG-1_1_1_1	CNP0000460_P03T	CNP0000460	DF.classifications_0.25_0.22_204	Singlet	pANN_0.25_0.22_204	0.135117493472585
CNP0000460_ATCTGCCAGATCGGGT-1_1_1_1	CNP0000460_P03T	CNP0000460	DF.classifications_0.25_0.22_204	Singlet	pANN_0.25_0.22_204	0.141644908616188
CNP0000460_ATCTGCCAGCACACAG-1_1_1_1	CNP0000460_P03T	CNP0000460	DF.classifications_0.25_0.22_204	Singlet	pANN_0.25_0.22_204	0.0913838120104439
CNP0000460_ATCTGCCAGCGGCTTC-1_1_1_1	CNP0000460_P03T	CNP0000460	DF.classifications_0.25_0.22_204	Singlet	pANN_0.25_0.22_204	0.22911227154047
CNP0000460_ATCTGCCCAAGTTCTG-1_1_1_1	CNP0000460_P03T	CNP0000460	DF.classifications_0.25_0.22_204	Singlet	pANN_0.25_0.22_204	0.182767624020888
CNP0000460_ATCTGCCCACATCTTT-1_1_1_1	CNP0000460_P03T	CNP0000460	DF.classifications_0.25_0.22_204	Singlet	pANN_0.25_0.22_204	0.176240208877285
CNP0000460_ATCTGCCCACCCTATC-1_1_1_1	CNP0000460_P03T	CNP0000460	DF.classifications_0.25_0.22_204	Singlet	pANN_0.25_0.22_204	0.174281984334204
CNP0000460_ATCTGCCCACTCGACG-1_1_1_1	CNP0000460_P03T	CNP0000460	DF.classifications_0.25_0.22_204	Singlet	pANN_0.25_0.22_204	0.10313315926893
CNP0000460_ATCTGCCCAGGTTTCA-1_1_1_1	CNP0000460_P03T	CNP0000460	DF.classifications_0.25_0.22_204	Singlet	pANN_0.25_0.22_204	0.180156657963446
CNP0000460_ATCTGCCCATACGCCG-1_1_1_1	CNP0000460_P03T	CNP0000460	DF.classifications_0.25_0.22_204	Singlet	pANN_0.25_0.22_204	0.278067885117493
CNP0000460_ATCTGCCTCACATAGC-1_1_1_1	CNP0000460_P03T	CNP0000460	DF.classifications_0.25_0.22_204	Singlet	pANN_0.25_0.22_204	0.275456919060052
CNP0000460_ATCTGCCTCATCGATG-1_1_1_1	CNP0000460_P03T	CNP0000460	DF.classifications_0.25_0.22_204	Singlet	pANN_0.25_0.22_204	0.134464751958225
CNP0000460_ATCTGCCTCCGCGTTT-1_1_1_1	CNP0000460_P03T	CNP0000460	DF.classifications_0.25_0.22_204	Singlet	pANN_0.25_0.22_204	0.172323759791123
CNP0000460_ATCTGCCTCTCCCTGA-1_1_1_1	CNP0000460_P03T	CNP0000460	DF.classifications_0.25_0.22_204	Singlet	pANN_0.25_0.22_204	0.109007832898172
CNP0000460_ATGAGGGAGATCCCGC-1_1_1_1	CNP0000460_P03T	CNP0000460	DF.classifications_0.25_0.22_204	Singlet	pANN_0.25_0.22_204	0.352480417754569
CNP0000460_ATGAGGGAGCCAACAG-1_1_1_1	CNP0000460_P03T	CNP0000460	DF.classifications_0.25_0.22_204	Singlet	pANN_0.25_0.22_204	0.14556135770235
CNP0000460_ATGAGGGAGTCGATAA-1_1_1_1	CNP0000460_P03T	CNP0000460	DF.classifications_0.25_0.22_204	Singlet	pANN_0.25_0.22_204	0.296997389033943
CNP0000460_ATGAGGGCACCAGATT-1_1_1_1	CNP0000460_P03T	CNP0000460	DF.classifications_0.25_0.22_204	Singlet	pANN_0.25_0.22_204	0.0946475195822454
CNP0000460_ATGAGGGGTGCACGAA-1_1_1_1	CNP0000460_P03T	CNP0000460	DF.classifications_0.25_0.22_204	Singlet	pANN_0.25_0.22_204	0.349216710182768
CNP0000460_ATGAGGGGTGCGATAG-1_1_1_1	CNP0000460_P03T	CNP0000460	DF.classifications_0.25_0.22_204	Singlet	pANN_0.25_0.22_204	0.359007832898172
CNP0000460_ATGAGGGGTTCAGCGC-1_1_1_1	CNP0000460_P03T	CNP0000460	DF.classifications_0.25_0.22_204	Singlet	pANN_0.25_0.22_204	0.35313315926893
CNP0000460_ATGAGGGTCTGAAAGA-1_1_1_1	CNP0000460_P03T	CNP0000460	DF.classifications_0.25_0.22_204	Singlet	pANN_0.25_0.22_204	0.227806788511749
CNP0000460_ATGCGATAGAGTTGGC-1_1_1_1	CNP0000460_P03T	CNP0000460	DF.classifications_0.25_0.22_204	Doublet	pANN_0.25_0.22_204	0.364229765013055
CNP0000460_ATGCGATAGCACACAG-1_1_1_1	CNP0000460_P03T	CNP0000460	DF.classifications_0.25_0.22_204	Singlet	pANN_0.25_0.22_204	0.35443864229765
CNP0000460_ATGCGATAGCGAGAAA-1_1_1_1	CNP0000460_P03T	CNP0000460	DF.classifications_0.25_0.22_204	Singlet	pANN_0.25_0.22_204	0.266971279373368
CNP0000460_ATGCGATCAAGCCATT-1_1_1_1	CNP0000460_P03T	CNP0000460	DF.classifications_0.25_0.22_204	Doublet	pANN_0.25_0.22_204	0.361618798955614
CNP0000460_ATGCGATCACCACCAG-1_1_1_1	CNP0000460_P03T	CNP0000460	DF.classifications_0.25_0.22_204	Singlet	pANN_0.25_0.22_204	0.349869451697128
CNP0000460_ATGCGATGTGAGGGAG-1_1_1_1	CNP0000460_P03T	CNP0000460	DF.classifications_0.25_0.22_204	Singlet	pANN_0.25_0.22_204	0.107049608355091
CNP0000460_ATGCGATGTTGAACTC-1_1_1_1	CNP0000460_P03T	CNP0000460	DF.classifications_0.25_0.22_204	Singlet	pANN_0.25_0.22_204	0.0972584856396867
CNP0000460_ATGCGATGTTGATTCG-1_1_1_1	CNP0000460_P03T	CNP0000460	DF.classifications_0.25_0.22_204	Singlet	pANN_0.25_0.22_204	0.27023498694517
CNP0000460_ATGCGATGTTTCGCTC-1_1_1_1	CNP0000460_P03T	CNP0000460	DF.classifications_0.25_0.22_204	Singlet	pANN_0.25_0.22_204	0.110313315926893
CNP0000460_ATGCGATTCAAGATCC-1_1_1_1	CNP0000460_P03T	CNP0000460	DF.classifications_0.25_0.22_204	Singlet	pANN_0.25_0.22_204	0.357049608355091
CNP0000460_ATGCGATTCTACTTAC-1_1_1_1	CNP0000460_P03T	CNP0000460	DF.classifications_0.25_0.22_204	Singlet	pANN_0.25_0.22_204	0.101174934725849
CNP0000460_ATGGGAGAGCGTTTAC-1_1_1_1	CNP0000460_P03T	CNP0000460	DF.classifications_0.25_0.22_204	Singlet	pANN_0.25_0.22_204	0.0972584856396867
CNP0000460_ATGGGAGAGTGAAGTT-1_1_1_1	CNP0000460_P03T	CNP0000460	DF.classifications_0.25_0.22_204	Singlet	pANN_0.25_0.22_204	0.0953002610966057
CNP0000460_ATGGGAGAGTTCGCAT-1_1_1_1	CNP0000460_P03T	CNP0000460	DF.classifications_0.25_0.22_204	Singlet	pANN_0.25_0.22_204	0.356396866840731
CNP0000460_ATGGGAGCAATGGAAT-1_1_1_1	CNP0000460_P03T	CNP0000460	DF.classifications_0.25_0.22_204	Singlet	pANN_0.25_0.22_204	0.142297650130548
CNP0000460_ATGGGAGCAATGTAAG-1_1_1_1	CNP0000460_P03T	CNP0000460	DF.classifications_0.25_0.22_204	Singlet	pANN_0.25_0.22_204	0.102480417754569
CNP0000460_ATGGGAGGTAGCTTGT-1_1_1_1	CNP0000460_P03T	CNP0000460	DF.classifications_0.25_0.22_204	Singlet	pANN_0.25_0.22_204	0.193864229765013
CNP0000460_ATGGGAGGTTTAGCTG-1_1_1_1	CNP0000460_P03T	CNP0000460	DF.classifications_0.25_0.22_204	Singlet	pANN_0.25_0.22_204	0.236292428198433
CNP0000460_ATGGGAGTCACCCTCA-1_1_1_1	CNP0000460_P03T	CNP0000460	DF.classifications_0.25_0.22_204	Doublet	pANN_0.25_0.22_204	0.360966057441253
CNP0000460_ATGGGAGTCGCTGATA-1_1_1_1	CNP0000460_P03T	CNP0000460	DF.classifications_0.25_0.22_204	Singlet	pANN_0.25_0.22_204	0.356396866840731
CNP0000460_ATGTGTGAGATGTTAG-1_1_1_1	CNP0000460_P03T	CNP0000460	DF.classifications_0.25_0.22_204	Singlet	pANN_0.25_0.22_204	0.196475195822454
CNP0000460_ATGTGTGAGTGCCATT-1_1_1_1	CNP0000460_P03T	CNP0000460	DF.classifications_0.25_0.22_204	Singlet	pANN_0.25_0.22_204	0.112924281984334
CNP0000460_ATGTGTGGTCCCTACT-1_1_1_1	CNP0000460_P03T	CNP0000460	DF.classifications_0.25_0.22_204	Singlet	pANN_0.25_0.22_204	0.117493472584856
CNP0000460_ATGTGTGGTGCACGAA-1_1_1_1	CNP0000460_P03T	CNP0000460	DF.classifications_0.25_0.22_204	Singlet	pANN_0.25_0.22_204	0.114229765013055
CNP0000460_ATGTGTGGTTCCACTC-1_1_1_1	CNP0000460_P03T	CNP0000460	DF.classifications_0.25_0.22_204	Singlet	pANN_0.25_0.22_204	0.143603133159269
CNP0000460_ATGTGTGGTTCTGGTA-1_1_1_1	CNP0000460_P03T	CNP0000460	DF.classifications_0.25_0.22_204	Singlet	pANN_0.25_0.22_204	0.158616187989556
CNP0000460_ATTACTCAGACATAAC-1_1_1_1	CNP0000460_P03T	CNP0000460	DF.classifications_0.25_0.22_204	Singlet	pANN_0.25_0.22_204	0.35378590078329
CNP0000460_ATTACTCAGGACAGAA-1_1_1_1	CNP0000460_P03T	CNP0000460	DF.classifications_0.25_0.22_204	Singlet	pANN_0.25_0.22_204	0.193211488250653
CNP0000460_ATTACTCAGGTACTCT-1_1_1_1	CNP0000460_P03T	CNP0000460	DF.classifications_0.25_0.22_204	Singlet	pANN_0.25_0.22_204	0.321148825065274
CNP0000460_ATTACTCAGTAGGTGC-1_1_1_1	CNP0000460_P03T	CNP0000460	DF.classifications_0.25_0.22_204	Singlet	pANN_0.25_0.22_204	0.0861618798955614
CNP0000460_ATTACTCAGTGACATA-1_1_1_1	CNP0000460_P03T	CNP0000460	DF.classifications_0.25_0.22_204	Singlet	pANN_0.25_0.22_204	0.351827676240209
CNP0000460_ATTACTCCACGACGAA-1_1_1_1	CNP0000460_P03T	CNP0000460	DF.classifications_0.25_0.22_204	Singlet	pANN_0.25_0.22_204	0.35313315926893
CNP0000460_ATTACTCCACGGTAAG-1_1_1_1	CNP0000460_P03T	CNP0000460	DF.classifications_0.25_0.22_204	Singlet	pANN_0.25_0.22_204	0.0861618798955614
CNP0000460_ATTACTCCAGCGTCCA-1_1_1_1	CNP0000460_P03T	CNP0000460	DF.classifications_0.25_0.22_204	Singlet	pANN_0.25_0.22_204	0.146866840731071
CNP0000460_ATTACTCCATTCACTT-1_1_1_1	CNP0000460_P03T	CNP0000460	DF.classifications_0.25_0.22_204	Singlet	pANN_0.25_0.22_204	0.169712793733681
CNP0000460_ATTACTCGTATAGGTA-1_1_1_1	CNP0000460_P03T	CNP0000460	DF.classifications_0.25_0.22_204	Singlet	pANN_0.25_0.22_204	0.343342036553525
CNP0000460_ATTACTCGTTAGAACA-1_1_1_1	CNP0000460_P03T	CNP0000460	DF.classifications_0.25_0.22_204	Singlet	pANN_0.25_0.22_204	0.122715404699739
CNP0000460_ATTACTCTCACCGTAA-1_1_1_1	CNP0000460_P03T	CNP0000460	DF.classifications_0.25_0.22_204	Singlet	pANN_0.25_0.22_204	0.222584856396867
CNP0000460_ATTACTCTCATCTGCC-1_1_1_1	CNP0000460_P03T	CNP0000460	DF.classifications_0.25_0.22_204	Singlet	pANN_0.25_0.22_204	0.112271540469974
CNP0000460_ATTACTCTCCCTTGTG-1_1_1_1	CNP0000460_P03T	CNP0000460	DF.classifications_0.25_0.22_204	Singlet	pANN_0.25_0.22_204	0.35443864229765
CNP0000460_ATTACTCTCGGAGGTA-1_1_1_1	CNP0000460_P03T	CNP0000460	DF.classifications_0.25_0.22_204	Singlet	pANN_0.25_0.22_204	0.0933420365535248
CNP0000460_ATTATCCAGTTATCGC-1_1_1_1	CNP0000460_P03T	CNP0000460	DF.classifications_0.25_0.22_204	Singlet	pANN_0.25_0.22_204	0.340731070496084
CNP0000460_ATTATCCCAATCCGAT-1_1_1_1	CNP0000460_P03T	CNP0000460	DF.classifications_0.25_0.22_204	Singlet	pANN_0.25_0.22_204	0.360313315926893
CNP0000460_ATTATCCCAGCGATCC-1_1_1_1	CNP0000460_P03T	CNP0000460	DF.classifications_0.25_0.22_204	Singlet	pANN_0.25_0.22_204	0.0907310704960835
CNP0000460_ATTATCCCATTAGGCT-1_1_1_1	CNP0000460_P03T	CNP0000460	DF.classifications_0.25_0.22_204	Singlet	pANN_0.25_0.22_204	0.154046997389034
CNP0000460_ATTATCCCATTTCAGG-1_1_1_1	CNP0000460_P03T	CNP0000460	DF.classifications_0.25_0.22_204	Singlet	pANN_0.25_0.22_204	0.265665796344648
CNP0000460_ATTATCCGTCTAAAGA-1_1_1_1	CNP0000460_P03T	CNP0000460	DF.classifications_0.25_0.22_204	Singlet	pANN_0.25_0.22_204	0.0861618798955614
CNP0000460_ATTATCCGTGGGTCAA-1_1_1_1	CNP0000460_P03T	CNP0000460	DF.classifications_0.25_0.22_204	Doublet	pANN_0.25_0.22_204	0.362271540469974
CNP0000460_ATTATCCGTTGATTGC-1_1_1_1	CNP0000460_P03T	CNP0000460	DF.classifications_0.25_0.22_204	Singlet	pANN_0.25_0.22_204	0.296997389033943
CNP0000460_ATTATCCTCGAACGGA-1_1_1_1	CNP0000460_P03T	CNP0000460	DF.classifications_0.25_0.22_204	Singlet	pANN_0.25_0.22_204	0.10509138381201
CNP0000460_ATTATCCTCGAATGCT-1_1_1_1	CNP0000460_P03T	CNP0000460	DF.classifications_0.25_0.22_204	Singlet	pANN_0.25_0.22_204	0.281984334203655
CNP0000460_ATTCTACAGTATTGGA-1_1_1_1	CNP0000460_P03T	CNP0000460	DF.classifications_0.25_0.22_204	Singlet	pANN_0.25_0.22_204	0.357702349869452
CNP0000460_ATTCTACCAAGCCGCT-1_1_1_1	CNP0000460_P03T	CNP0000460	DF.classifications_0.25_0.22_204	Doublet	pANN_0.25_0.22_204	0.364882506527415
CNP0000460_ATTCTACCATTAACCG-1_1_1_1	CNP0000460_P03T	CNP0000460	DF.classifications_0.25_0.22_204	Singlet	pANN_0.25_0.22_204	0.313968668407311
CNP0000460_ATTCTACGTGCACTTA-1_1_1_1	CNP0000460_P03T	CNP0000460	DF.classifications_0.25_0.22_204	Singlet	pANN_0.25_0.22_204	0.280678851174935
CNP0000460_ATTCTACTCAGGTTCA-1_1_1_1	CNP0000460_P03T	CNP0000460	DF.classifications_0.25_0.22_204	Singlet	pANN_0.25_0.22_204	0.127284595300261
CNP0000460_ATTCTACTCCAGTATG-1_1_1_1	CNP0000460_P03T	CNP0000460	DF.classifications_0.25_0.22_204	Doublet	pANN_0.25_0.22_204	0.364882506527415
CNP0000460_ATTGGACAGTGCAAGC-1_1_1_1	CNP0000460_P03T	CNP0000460	DF.classifications_0.25_0.22_204	Singlet	pANN_0.25_0.22_204	0.248694516971279
CNP0000460_ATTGGACGTAAGTAGT-1_1_1_1	CNP0000460_P03T	CNP0000460	DF.classifications_0.25_0.22_204	Doublet	pANN_0.25_0.22_204	0.364229765013055
CNP0000460_ATTGGACTCTGGCGTG-1_1_1_1	CNP0000460_P03T	CNP0000460	DF.classifications_0.25_0.22_204	Singlet	pANN_0.25_0.22_204	0.129895561357702
CNP0000460_ATTGGTGAGCACAGGT-1_1_1_1	CNP0000460_P03T	CNP0000460	DF.classifications_0.25_0.22_204	Singlet	pANN_0.25_0.22_204	0.159268929503916
CNP0000460_ATTGGTGAGCGATAGC-1_1_1_1	CNP0000460_P03T	CNP0000460	DF.classifications_0.25_0.22_204	Singlet	pANN_0.25_0.22_204	0.275456919060052
CNP0000460_ATTGGTGAGCTGAACG-1_1_1_1	CNP0000460_P03T	CNP0000460	DF.classifications_0.25_0.22_204	Singlet	pANN_0.25_0.22_204	0.175587467362924
CNP0000460_ATTGGTGCAAGTTCTG-1_1_1_1	CNP0000460_P03T	CNP0000460	DF.classifications_0.25_0.22_204	Singlet	pANN_0.25_0.22_204	0.261096605744125
CNP0000460_ATTGGTGCATGCGCAC-1_1_1_1	CNP0000460_P03T	CNP0000460	DF.classifications_0.25_0.22_204	Singlet	pANN_0.25_0.22_204	0.231723237597911
CNP0000460_ATTGGTGCATTGAGCT-1_1_1_1	CNP0000460_P03T	CNP0000460	DF.classifications_0.25_0.22_204	Singlet	pANN_0.25_0.22_204	0.360313315926893
CNP0000460_ATTGGTGGTAGCGCAA-1_1_1_1	CNP0000460_P03T	CNP0000460	DF.classifications_0.25_0.22_204	Singlet	pANN_0.25_0.22_204	0.0946475195822454
CNP0000460_ATTGGTGGTCGAAAGC-1_1_1_1	CNP0000460_P03T	CNP0000460	DF.classifications_0.25_0.22_204	Singlet	pANN_0.25_0.22_204	0.35443864229765
CNP0000460_ATTGGTGTCACGCGGT-1_1_1_1	CNP0000460_P03T	CNP0000460	DF.classifications_0.25_0.22_204	Singlet	pANN_0.25_0.22_204	0.286553524804178
CNP0000460_ATTGGTGTCTTCGGTC-1_1_1_1	CNP0000460_P03T	CNP0000460	DF.classifications_0.25_0.22_204	Singlet	pANN_0.25_0.22_204	0.352480417754569
CNP0000460_ATTTCTGAGCTCCCAG-1_1_1_1	CNP0000460_P03T	CNP0000460	DF.classifications_0.25_0.22_204	Singlet	pANN_0.25_0.22_204	0.289817232375979
CNP0000460_ATTTCTGAGGACATTA-1_1_1_1	CNP0000460_P03T	CNP0000460	DF.classifications_0.25_0.22_204	Singlet	pANN_0.25_0.22_204	0.33420365535248
CNP0000460_ATTTCTGCAATCACAC-1_1_1_1	CNP0000460_P03T	CNP0000460	DF.classifications_0.25_0.22_204	Singlet	pANN_0.25_0.22_204	0.35509138381201
CNP0000460_ATTTCTGCAGATGGGT-1_1_1_1	CNP0000460_P03T	CNP0000460	DF.classifications_0.25_0.22_204	Singlet	pANN_0.25_0.22_204	0.357702349869452
CNP0000460_ATTTCTGGTTGTTTGG-1_1_1_1	CNP0000460_P03T	CNP0000460	DF.classifications_0.25_0.22_204	Singlet	pANN_0.25_0.22_204	0.348563968668407
CNP0000460_ATTTCTGTCAACTCTT-1_1_1_1	CNP0000460_P03T	CNP0000460	DF.classifications_0.25_0.22_204	Singlet	pANN_0.25_0.22_204	0.10378590078329
CNP0000460_ATTTCTGTCGGAGCAA-1_1_1_1	CNP0000460_P03T	CNP0000460	DF.classifications_0.25_0.22_204	Singlet	pANN_0.25_0.22_204	0.128590078328982
CNP0000460_ATTTCTGTCGTCTGAA-1_1_1_1	CNP0000460_P03T	CNP0000460	DF.classifications_0.25_0.22_204	Singlet	pANN_0.25_0.22_204	0.269582245430809
CNP0000460_CAACCAAAGCGGATCA-1_1_1_1	CNP0000460_P03T	CNP0000460	DF.classifications_0.25_0.22_204	Singlet	pANN_0.25_0.22_204	0.20822454308094
CNP0000460_CAACCAAAGGACGAAA-1_1_1_1	CNP0000460_P03T	CNP0000460	DF.classifications_0.25_0.22_204	Doublet	pANN_0.25_0.22_204	0.361618798955614
CNP0000460_CAACCAAAGGCTCTTA-1_1_1_1	CNP0000460_P03T	CNP0000460	DF.classifications_0.25_0.22_204	Singlet	pANN_0.25_0.22_204	0.357049608355091
CNP0000460_CAACCAAAGGTTACCT-1_1_1_1	CNP0000460_P03T	CNP0000460	DF.classifications_0.25_0.22_204	Singlet	pANN_0.25_0.22_204	0.281984334203655
CNP0000460_CAACCAACATCTCCCA-1_1_1_1	CNP0000460_P03T	CNP0000460	DF.classifications_0.25_0.22_204	Singlet	pANN_0.25_0.22_204	0.296344647519582
CNP0000460_CAACCAACATGTCTCC-1_1_1_1	CNP0000460_P03T	CNP0000460	DF.classifications_0.25_0.22_204	Singlet	pANN_0.25_0.22_204	0.126631853785901
CNP0000460_CAACCAAGTAGATTAG-1_1_1_1	CNP0000460_P03T	CNP0000460	DF.classifications_0.25_0.22_204	Singlet	pANN_0.25_0.22_204	0.0861618798955614
CNP0000460_CAACCAAGTCCAAGTT-1_1_1_1	CNP0000460_P03T	CNP0000460	DF.classifications_0.25_0.22_204	Singlet	pANN_0.25_0.22_204	0.0953002610966057
CNP0000460_CAACCAAGTTCTCATT-1_1_1_1	CNP0000460_P03T	CNP0000460	DF.classifications_0.25_0.22_204	Singlet	pANN_0.25_0.22_204	0.10378590078329
CNP0000460_CAACCAAGTTGGTGGA-1_1_1_1	CNP0000460_P03T	CNP0000460	DF.classifications_0.25_0.22_204	Singlet	pANN_0.25_0.22_204	0.359007832898172
CNP0000460_CAACCAATCAAAGACA-1_1_1_1	CNP0000460_P03T	CNP0000460	DF.classifications_0.25_0.22_204	Singlet	pANN_0.25_0.22_204	0.101174934725849
CNP0000460_CAACCAATCACGGTTA-1_1_1_1	CNP0000460_P03T	CNP0000460	DF.classifications_0.25_0.22_204	Singlet	pANN_0.25_0.22_204	0.0900783289817232
CNP0000460_CAACCAATCATTTGGG-1_1_1_1	CNP0000460_P03T	CNP0000460	DF.classifications_0.25_0.22_204	Singlet	pANN_0.25_0.22_204	0.298302872062663
CNP0000460_CAACCAATCGCCCTTA-1_1_1_1	CNP0000460_P03T	CNP0000460	DF.classifications_0.25_0.22_204	Singlet	pANN_0.25_0.22_204	0.16579634464752
CNP0000460_CAACCAATCGGACAAG-1_1_1_1	CNP0000460_P03T	CNP0000460	DF.classifications_0.25_0.22_204	Singlet	pANN_0.25_0.22_204	0.351174934725849
CNP0000460_CAACCAATCGTCACGG-1_1_1_1	CNP0000460_P03T	CNP0000460	DF.classifications_0.25_0.22_204	Singlet	pANN_0.25_0.22_204	0.349869451697128
CNP0000460_CAACCAATCTTACCGC-1_1_1_1	CNP0000460_P03T	CNP0000460	DF.classifications_0.25_0.22_204	Singlet	pANN_0.25_0.22_204	0.243472584856397
CNP0000460_CAACCTCAGAAACCTA-1_1_1_1	CNP0000460_P03T	CNP0000460	DF.classifications_0.25_0.22_204	Singlet	pANN_0.25_0.22_204	0.274151436031332
CNP0000460_CAACCTCAGACTGGGT-1_1_1_1	CNP0000460_P03T	CNP0000460	DF.classifications_0.25_0.22_204	Singlet	pANN_0.25_0.22_204	0.227154046997389
CNP0000460_CAACCTCAGAGGTAGA-1_1_1_1	CNP0000460_P03T	CNP0000460	DF.classifications_0.25_0.22_204	Singlet	pANN_0.25_0.22_204	0.140339425587467
CNP0000460_CAACCTCCAAGCCATT-1_1_1_1	CNP0000460_P03T	CNP0000460	DF.classifications_0.25_0.22_204	Singlet	pANN_0.25_0.22_204	0.246083550913838
CNP0000460_CAACCTCCACATGGGA-1_1_1_1	CNP0000460_P03T	CNP0000460	DF.classifications_0.25_0.22_204	Singlet	pANN_0.25_0.22_204	0.143603133159269
CNP0000460_CAACCTCCACGGATAG-1_1_1_1	CNP0000460_P03T	CNP0000460	DF.classifications_0.25_0.22_204	Singlet	pANN_0.25_0.22_204	0.153394255874674
CNP0000460_CAACCTCCATGCCTAA-1_1_1_1	CNP0000460_P03T	CNP0000460	DF.classifications_0.25_0.22_204	Singlet	pANN_0.25_0.22_204	0.142297650130548
CNP0000460_CAACCTCGTAGCCTCG-1_1_1_1	CNP0000460_P03T	CNP0000460	DF.classifications_0.25_0.22_204	Singlet	pANN_0.25_0.22_204	0.118798955613577
CNP0000460_CAACCTCGTAGGACAC-1_1_1_1	CNP0000460_P03T	CNP0000460	DF.classifications_0.25_0.22_204	Singlet	pANN_0.25_0.22_204	0.357049608355091
CNP0000460_CAACCTCGTCTAGCCG-1_1_1_1	CNP0000460_P03T	CNP0000460	DF.classifications_0.25_0.22_204	Singlet	pANN_0.25_0.22_204	0.0815926892950392
CNP0000460_CAACCTCGTGGTAACG-1_1_1_1	CNP0000460_P03T	CNP0000460	DF.classifications_0.25_0.22_204	Singlet	pANN_0.25_0.22_204	0.276109660574413
CNP0000460_CAACCTCGTGTTTGGT-1_1_1_1	CNP0000460_P03T	CNP0000460	DF.classifications_0.25_0.22_204	Singlet	pANN_0.25_0.22_204	0.0920365535248042
CNP0000460_CAACCTCTCAGCTCTC-1_1_1_1	CNP0000460_P03T	CNP0000460	DF.classifications_0.25_0.22_204	Singlet	pANN_0.25_0.22_204	0.348563968668407
CNP0000460_CAACCTCTCATTCACT-1_1_1_1	CNP0000460_P03T	CNP0000460	DF.classifications_0.25_0.22_204	Singlet	pANN_0.25_0.22_204	0.212140992167102
CNP0000460_CAACCTCTCCGCGTTT-1_1_1_1	CNP0000460_P03T	CNP0000460	DF.classifications_0.25_0.22_204	Singlet	pANN_0.25_0.22_204	0.148172323759791
CNP0000460_CAACCTCTCGGAATCT-1_1_1_1	CNP0000460_P03T	CNP0000460	DF.classifications_0.25_0.22_204	Singlet	pANN_0.25_0.22_204	0.280026109660574
CNP0000460_CAACTAGAGACAATAC-1_1_1_1	CNP0000460_P03T	CNP0000460	DF.classifications_0.25_0.22_204	Singlet	pANN_0.25_0.22_204	0.351827676240209
CNP0000460_CAACTAGAGCAATCTC-1_1_1_1	CNP0000460_P03T	CNP0000460	DF.classifications_0.25_0.22_204	Doublet	pANN_0.25_0.22_204	0.360966057441253
CNP0000460_CAACTAGAGGTAAACT-1_1_1_1	CNP0000460_P03T	CNP0000460	DF.classifications_0.25_0.22_204	Singlet	pANN_0.25_0.22_204	0.343342036553525
CNP0000460_CAACTAGAGTTAGCGG-1_1_1_1	CNP0000460_P03T	CNP0000460	DF.classifications_0.25_0.22_204	Singlet	pANN_0.25_0.22_204	0.330939947780679
CNP0000460_CAACTAGCACAACGTT-1_1_1_1	CNP0000460_P03T	CNP0000460	DF.classifications_0.25_0.22_204	Singlet	pANN_0.25_0.22_204	0.214099216710183
CNP0000460_CAACTAGCATCACGAT-1_1_1_1	CNP0000460_P03T	CNP0000460	DF.classifications_0.25_0.22_204	Singlet	pANN_0.25_0.22_204	0.348563968668407
CNP0000460_CAACTAGGTAACGTTC-1_1_1_1	CNP0000460_P03T	CNP0000460	DF.classifications_0.25_0.22_204	Singlet	pANN_0.25_0.22_204	0.130548302872063
CNP0000460_CAACTAGGTACTTAGC-1_1_1_1	CNP0000460_P03T	CNP0000460	DF.classifications_0.25_0.22_204	Singlet	pANN_0.25_0.22_204	0.355744125326371
CNP0000460_CAACTAGGTTAGGGTG-1_1_1_1	CNP0000460_P03T	CNP0000460	DF.classifications_0.25_0.22_204	Singlet	pANN_0.25_0.22_204	0.35443864229765
CNP0000460_CAACTAGTCTGCGACG-1_1_1_1	CNP0000460_P03T	CNP0000460	DF.classifications_0.25_0.22_204	Singlet	pANN_0.25_0.22_204	0.357702349869452
CNP0000460_CAAGAAAAGAGCTGCA-1_1_1_1	CNP0000460_P03T	CNP0000460	DF.classifications_0.25_0.22_204	Singlet	pANN_0.25_0.22_204	0.110313315926893
CNP0000460_CAAGAAAAGCTAGTGG-1_1_1_1	CNP0000460_P03T	CNP0000460	DF.classifications_0.25_0.22_204	Doublet	pANN_0.25_0.22_204	0.368798955613577
CNP0000460_CAAGAAACAGGTCTCG-1_1_1_1	CNP0000460_P03T	CNP0000460	DF.classifications_0.25_0.22_204	Doublet	pANN_0.25_0.22_204	0.360966057441253
CNP0000460_CAAGAAAGTGATAAAC-1_1_1_1	CNP0000460_P03T	CNP0000460	DF.classifications_0.25_0.22_204	Singlet	pANN_0.25_0.22_204	0.352480417754569
CNP0000460_CAAGAAAGTTCATGGT-1_1_1_1	CNP0000460_P03T	CNP0000460	DF.classifications_0.25_0.22_204	Singlet	pANN_0.25_0.22_204	0.106396866840731
CNP0000460_CAAGAAATCAAGATCC-1_1_1_1	CNP0000460_P03T	CNP0000460	DF.classifications_0.25_0.22_204	Singlet	pANN_0.25_0.22_204	0.0933420365535248
CNP0000460_CAAGAAATCAGCAACT-1_1_1_1	CNP0000460_P03T	CNP0000460	DF.classifications_0.25_0.22_204	Singlet	pANN_0.25_0.22_204	0.105744125326371
CNP0000460_CAAGAAATCCGCAGTG-1_1_1_1	CNP0000460_P03T	CNP0000460	DF.classifications_0.25_0.22_204	Singlet	pANN_0.25_0.22_204	0.112271540469974
CNP0000460_CAAGAAATCGCGATCG-1_1_1_1	CNP0000460_P03T	CNP0000460	DF.classifications_0.25_0.22_204	Singlet	pANN_0.25_0.22_204	0.153394255874674
CNP0000460_CAAGATCAGAGACGAA-1_1_1_1	CNP0000460_P03T	CNP0000460	DF.classifications_0.25_0.22_204	Singlet	pANN_0.25_0.22_204	0.146866840731071
CNP0000460_CAAGATCAGTGACATA-1_1_1_1	CNP0000460_P03T	CNP0000460	DF.classifications_0.25_0.22_204	Singlet	pANN_0.25_0.22_204	0.120104438642298
CNP0000460_CAAGATCCAAGTAGTA-1_1_1_1	CNP0000460_P03T	CNP0000460	DF.classifications_0.25_0.22_204	Singlet	pANN_0.25_0.22_204	0.268929503916449
CNP0000460_CAAGATCCACAAGACG-1_1_1_1	CNP0000460_P03T	CNP0000460	DF.classifications_0.25_0.22_204	Singlet	pANN_0.25_0.22_204	0.126631853785901
CNP0000460_CAAGATCCAGTATGCT-1_1_1_1	CNP0000460_P03T	CNP0000460	DF.classifications_0.25_0.22_204	Singlet	pANN_0.25_0.22_204	0.355744125326371
CNP0000460_CAAGATCCATAAAGGT-1_1_1_1	CNP0000460_P03T	CNP0000460	DF.classifications_0.25_0.22_204	Singlet	pANN_0.25_0.22_204	0.14621409921671
CNP0000460_CAAGATCCATCGATGT-1_1_1_1	CNP0000460_P03T	CNP0000460	DF.classifications_0.25_0.22_204	Doublet	pANN_0.25_0.22_204	0.360966057441253
CNP0000460_CAAGATCGTACGCACC-1_1_1_1	CNP0000460_P03T	CNP0000460	DF.classifications_0.25_0.22_204	Singlet	pANN_0.25_0.22_204	0.296344647519582
CNP0000460_CAAGATCGTAGGGACT-1_1_1_1	CNP0000460_P03T	CNP0000460	DF.classifications_0.25_0.22_204	Singlet	pANN_0.25_0.22_204	0.255221932114883
CNP0000460_CAAGATCGTGCAACTT-1_1_1_1	CNP0000460_P03T	CNP0000460	DF.classifications_0.25_0.22_204	Singlet	pANN_0.25_0.22_204	0.351827676240209
CNP0000460_CAAGATCGTGCGGTAA-1_1_1_1	CNP0000460_P03T	CNP0000460	DF.classifications_0.25_0.22_204	Singlet	pANN_0.25_0.22_204	0.251305483028721
CNP0000460_CAAGATCTCACTCCTG-1_1_1_1	CNP0000460_P03T	CNP0000460	DF.classifications_0.25_0.22_204	Singlet	pANN_0.25_0.22_204	0.352480417754569
CNP0000460_CAAGATCTCCTAAGTG-1_1_1_1	CNP0000460_P03T	CNP0000460	DF.classifications_0.25_0.22_204	Singlet	pANN_0.25_0.22_204	0.153394255874674
CNP0000460_CAAGATCTCCTATGTT-1_1_1_1	CNP0000460_P03T	CNP0000460	DF.classifications_0.25_0.22_204	Singlet	pANN_0.25_0.22_204	0.154046997389034
CNP0000460_CAAGATCTCGCTAGCG-1_1_1_1	CNP0000460_P03T	CNP0000460	DF.classifications_0.25_0.22_204	Singlet	pANN_0.25_0.22_204	0.35443864229765
CNP0000460_CAAGGCCAGACCACGA-1_1_1_1	CNP0000460_P03T	CNP0000460	DF.classifications_0.25_0.22_204	Singlet	pANN_0.25_0.22_204	0.118146214099217
CNP0000460_CAAGGCCAGCGAGAAA-1_1_1_1	CNP0000460_P03T	CNP0000460	DF.classifications_0.25_0.22_204	Singlet	pANN_0.25_0.22_204	0.0985639686684073
CNP0000460_CAAGGCCAGCGATGAC-1_1_1_1	CNP0000460_P03T	CNP0000460	DF.classifications_0.25_0.22_204	Singlet	pANN_0.25_0.22_204	0.35443864229765
CNP0000460_CAAGGCCAGCGCCTCA-1_1_1_1	CNP0000460_P03T	CNP0000460	DF.classifications_0.25_0.22_204	Singlet	pANN_0.25_0.22_204	0.171671018276762
CNP0000460_CAAGGCCAGGTGCACA-1_1_1_1	CNP0000460_P03T	CNP0000460	DF.classifications_0.25_0.22_204	Singlet	pANN_0.25_0.22_204	0.357702349869452
CNP0000460_CAAGGCCAGTCGAGTG-1_1_1_1	CNP0000460_P03T	CNP0000460	DF.classifications_0.25_0.22_204	Singlet	pANN_0.25_0.22_204	0.150130548302872
CNP0000460_CAAGGCCAGTCGTACT-1_1_1_1	CNP0000460_P03T	CNP0000460	DF.classifications_0.25_0.22_204	Singlet	pANN_0.25_0.22_204	0.121409921671018
CNP0000460_CAAGGCCAGTTAGGTA-1_1_1_1	CNP0000460_P03T	CNP0000460	DF.classifications_0.25_0.22_204	Singlet	pANN_0.25_0.22_204	0.280678851174935
CNP0000460_CAAGGCCCAAGGACAC-1_1_1_1	CNP0000460_P03T	CNP0000460	DF.classifications_0.25_0.22_204	Singlet	pANN_0.25_0.22_204	0.286553524804178
CNP0000460_CAAGGCCGTAGCTCCG-1_1_1_1	CNP0000460_P03T	CNP0000460	DF.classifications_0.25_0.22_204	Singlet	pANN_0.25_0.22_204	0.106396866840731
CNP0000460_CAAGGCCGTCTAACGT-1_1_1_1	CNP0000460_P03T	CNP0000460	DF.classifications_0.25_0.22_204	Singlet	pANN_0.25_0.22_204	0.355744125326371
CNP0000460_CAAGGCCGTTATGTGC-1_1_1_1	CNP0000460_P03T	CNP0000460	DF.classifications_0.25_0.22_204	Singlet	pANN_0.25_0.22_204	0.358355091383812
CNP0000460_CAAGGCCTCAGAAATG-1_1_1_1	CNP0000460_P03T	CNP0000460	DF.classifications_0.25_0.22_204	Singlet	pANN_0.25_0.22_204	0.0828981723237598
CNP0000460_CAAGGCCTCCGCGTTT-1_1_1_1	CNP0000460_P03T	CNP0000460	DF.classifications_0.25_0.22_204	Singlet	pANN_0.25_0.22_204	0.181462140992167
CNP0000460_CAAGGCCTCGTTACGA-1_1_1_1	CNP0000460_P03T	CNP0000460	DF.classifications_0.25_0.22_204	Singlet	pANN_0.25_0.22_204	0.0972584856396867
CNP0000460_CAAGGCCTCTGTCAAG-1_1_1_1	CNP0000460_P03T	CNP0000460	DF.classifications_0.25_0.22_204	Singlet	pANN_0.25_0.22_204	0.107049608355091
CNP0000460_CAAGGCCTCTTATCTG-1_1_1_1	CNP0000460_P03T	CNP0000460	DF.classifications_0.25_0.22_204	Singlet	pANN_0.25_0.22_204	0.0907310704960835
CNP0000460_CAAGTTGCAAGCTGAG-1_1_1_1	CNP0000460_P03T	CNP0000460	DF.classifications_0.25_0.22_204	Singlet	pANN_0.25_0.22_204	0.281984334203655
CNP0000460_CAAGTTGCAATCCGAT-1_1_1_1	CNP0000460_P03T	CNP0000460	DF.classifications_0.25_0.22_204	Singlet	pANN_0.25_0.22_204	0.274804177545692
CNP0000460_CAAGTTGCACATTAGC-1_1_1_1	CNP0000460_P03T	CNP0000460	DF.classifications_0.25_0.22_204	Singlet	pANN_0.25_0.22_204	0.35443864229765
CNP0000460_CAAGTTGCAGTTCATG-1_1_1_1	CNP0000460_P03T	CNP0000460	DF.classifications_0.25_0.22_204	Singlet	pANN_0.25_0.22_204	0.0913838120104439
CNP0000460_CAAGTTGCATACAGCT-1_1_1_1	CNP0000460_P03T	CNP0000460	DF.classifications_0.25_0.22_204	Singlet	pANN_0.25_0.22_204	0.35378590078329
CNP0000460_CAAGTTGGTAAGTTCC-1_1_1_1	CNP0000460_P03T	CNP0000460	DF.classifications_0.25_0.22_204	Singlet	pANN_0.25_0.22_204	0.359007832898172
CNP0000460_CAAGTTGGTCAGCTAT-1_1_1_1	CNP0000460_P03T	CNP0000460	DF.classifications_0.25_0.22_204	Singlet	pANN_0.25_0.22_204	0.35443864229765
CNP0000460_CAAGTTGGTTCAGCGC-1_1_1_1	CNP0000460_P03T	CNP0000460	DF.classifications_0.25_0.22_204	Singlet	pANN_0.25_0.22_204	0.119451697127937
CNP0000460_CAAGTTGTCGCAGGCT-1_1_1_1	CNP0000460_P03T	CNP0000460	DF.classifications_0.25_0.22_204	Singlet	pANN_0.25_0.22_204	0.345300261096606
CNP0000460_CACAAACAGAATCTCC-1_1_1_1	CNP0000460_P03T	CNP0000460	DF.classifications_0.25_0.22_204	Singlet	pANN_0.25_0.22_204	0.133812010443864
CNP0000460_CACAAACAGGAGTTTA-1_1_1_1	CNP0000460_P03T	CNP0000460	DF.classifications_0.25_0.22_204	Singlet	pANN_0.25_0.22_204	0.35509138381201
CNP0000460_CACAAACCAAACCCAT-1_1_1_1	CNP0000460_P03T	CNP0000460	DF.classifications_0.25_0.22_204	Singlet	pANN_0.25_0.22_204	0.157310704960836
CNP0000460_CACAAACGTAGGCTGA-1_1_1_1	CNP0000460_P03T	CNP0000460	DF.classifications_0.25_0.22_204	Singlet	pANN_0.25_0.22_204	0.137075718015666
CNP0000460_CACAAACGTCTCCACT-1_1_1_1	CNP0000460_P03T	CNP0000460	DF.classifications_0.25_0.22_204	Singlet	pANN_0.25_0.22_204	0.349216710182768
CNP0000460_CACAAACTCAACTCTT-1_1_1_1	CNP0000460_P03T	CNP0000460	DF.classifications_0.25_0.22_204	Singlet	pANN_0.25_0.22_204	0.279373368146214
CNP0000460_CACAAACTCATTCACT-1_1_1_1	CNP0000460_P03T	CNP0000460	DF.classifications_0.25_0.22_204	Singlet	pANN_0.25_0.22_204	0.355744125326371
CNP0000460_CACAAACTCGACGGAA-1_1_1_1	CNP0000460_P03T	CNP0000460	DF.classifications_0.25_0.22_204	Singlet	pANN_0.25_0.22_204	0.162532637075718
CNP0000460_CACAAACTCGGTGTTA-1_1_1_1	CNP0000460_P03T	CNP0000460	DF.classifications_0.25_0.22_204	Singlet	pANN_0.25_0.22_204	0.260443864229765
CNP0000460_CACAAACTCTTCATGT-1_1_1_1	CNP0000460_P03T	CNP0000460	DF.classifications_0.25_0.22_204	Singlet	pANN_0.25_0.22_204	0.0959530026109661
CNP0000460_CACACAAAGGTAAACT-1_1_1_1	CNP0000460_P03T	CNP0000460	DF.classifications_0.25_0.22_204	Singlet	pANN_0.25_0.22_204	0.0828981723237598
CNP0000460_CACACAACAACACCCG-1_1_1_1	CNP0000460_P03T	CNP0000460	DF.classifications_0.25_0.22_204	Singlet	pANN_0.25_0.22_204	0.119451697127937
CNP0000460_CACACAACAACTTGAC-1_1_1_1	CNP0000460_P03T	CNP0000460	DF.classifications_0.25_0.22_204	Singlet	pANN_0.25_0.22_204	0.0972584856396867
CNP0000460_CACACAACACCATGTA-1_1_1_1	CNP0000460_P03T	CNP0000460	DF.classifications_0.25_0.22_204	Singlet	pANN_0.25_0.22_204	0.150783289817232
CNP0000460_CACACAACATCGGAAG-1_1_1_1	CNP0000460_P03T	CNP0000460	DF.classifications_0.25_0.22_204	Singlet	pANN_0.25_0.22_204	0.278720626631854
CNP0000460_CACACAAGTATATCCG-1_1_1_1	CNP0000460_P03T	CNP0000460	DF.classifications_0.25_0.22_204	Singlet	pANN_0.25_0.22_204	0.111618798955614
CNP0000460_CACACAAGTGAAGGCT-1_1_1_1	CNP0000460_P03T	CNP0000460	DF.classifications_0.25_0.22_204	Singlet	pANN_0.25_0.22_204	0.101827676240209
CNP0000460_CACACAAGTGACAAAT-1_1_1_1	CNP0000460_P03T	CNP0000460	DF.classifications_0.25_0.22_204	Singlet	pANN_0.25_0.22_204	0.12467362924282
CNP0000460_CACACAAGTGATGATA-1_1_1_1	CNP0000460_P03T	CNP0000460	DF.classifications_0.25_0.22_204	Singlet	pANN_0.25_0.22_204	0.135770234986945
CNP0000460_CACACAAGTGTTCTTT-1_1_1_1	CNP0000460_P03T	CNP0000460	DF.classifications_0.25_0.22_204	Singlet	pANN_0.25_0.22_204	0.283942558746736
CNP0000460_CACACAATCACATACG-1_1_1_1	CNP0000460_P03T	CNP0000460	DF.classifications_0.25_0.22_204	Singlet	pANN_0.25_0.22_204	0.122715404699739
CNP0000460_CACACAATCCCGGATG-1_1_1_1	CNP0000460_P03T	CNP0000460	DF.classifications_0.25_0.22_204	Singlet	pANN_0.25_0.22_204	0.247389033942559
CNP0000460_CACACAATCCTCAATT-1_1_1_1	CNP0000460_P03T	CNP0000460	DF.classifications_0.25_0.22_204	Singlet	pANN_0.25_0.22_204	0.122062663185379
CNP0000460_CACACCTAGATGGGTC-1_1_1_1	CNP0000460_P03T	CNP0000460	DF.classifications_0.25_0.22_204	Singlet	pANN_0.25_0.22_204	0.293733681462141
CNP0000460_CACACCTAGCATCATC-1_1_1_1	CNP0000460_P03T	CNP0000460	DF.classifications_0.25_0.22_204	Singlet	pANN_0.25_0.22_204	0.350522193211488
CNP0000460_CACACCTAGGACATTA-1_1_1_1	CNP0000460_P03T	CNP0000460	DF.classifications_0.25_0.22_204	Singlet	pANN_0.25_0.22_204	0.156005221932115
CNP0000460_CACACCTAGTGTCTCA-1_1_1_1	CNP0000460_P03T	CNP0000460	DF.classifications_0.25_0.22_204	Singlet	pANN_0.25_0.22_204	0.118798955613577
CNP0000460_CACACCTCAGGTCGTC-1_1_1_1	CNP0000460_P03T	CNP0000460	DF.classifications_0.25_0.22_204	Singlet	pANN_0.25_0.22_204	0.349869451697128
CNP0000460_CACACCTCAGTAAGAT-1_1_1_1	CNP0000460_P03T	CNP0000460	DF.classifications_0.25_0.22_204	Singlet	pANN_0.25_0.22_204	0.294386422976501
CNP0000460_CACACCTCAGTAGAGC-1_1_1_1	CNP0000460_P03T	CNP0000460	DF.classifications_0.25_0.22_204	Singlet	pANN_0.25_0.22_204	0.101827676240209
CNP0000460_CACACCTCATATACCG-1_1_1_1	CNP0000460_P03T	CNP0000460	DF.classifications_0.25_0.22_204	Singlet	pANN_0.25_0.22_204	0.340078328981723
CNP0000460_CACACCTCATGGATGG-1_1_1_1	CNP0000460_P03T	CNP0000460	DF.classifications_0.25_0.22_204	Singlet	pANN_0.25_0.22_204	0.16644908616188
CNP0000460_CACACCTGTCCAGTAT-1_1_1_1	CNP0000460_P03T	CNP0000460	DF.classifications_0.25_0.22_204	Singlet	pANN_0.25_0.22_204	0.0796344647519582
CNP0000460_CACACCTGTCGCTTTC-1_1_1_1	CNP0000460_P03T	CNP0000460	DF.classifications_0.25_0.22_204	Singlet	pANN_0.25_0.22_204	0.238903394255875
CNP0000460_CACACCTGTTCGCTAA-1_1_1_1	CNP0000460_P03T	CNP0000460	DF.classifications_0.25_0.22_204	Singlet	pANN_0.25_0.22_204	0.350522193211488
CNP0000460_CACACCTGTTGAGGTG-1_1_1_1	CNP0000460_P03T	CNP0000460	DF.classifications_0.25_0.22_204	Singlet	pANN_0.25_0.22_204	0.0802872062663185
CNP0000460_CACACCTTCCTCTAGC-1_1_1_1	CNP0000460_P03T	CNP0000460	DF.classifications_0.25_0.22_204	Singlet	pANN_0.25_0.22_204	0.245430809399478
CNP0000460_CACACTCCAAAGTGCG-1_1_1_1	CNP0000460_P03T	CNP0000460	DF.classifications_0.25_0.22_204	Singlet	pANN_0.25_0.22_204	0.132506527415144
CNP0000460_CACACTCCAATGCCAT-1_1_1_1	CNP0000460_P03T	CNP0000460	DF.classifications_0.25_0.22_204	Singlet	pANN_0.25_0.22_204	0.108355091383812
CNP0000460_CACACTCCACCGCTAG-1_1_1_1	CNP0000460_P03T	CNP0000460	DF.classifications_0.25_0.22_204	Singlet	pANN_0.25_0.22_204	0.359007832898172
CNP0000460_CACACTCCACCTCGTT-1_1_1_1	CNP0000460_P03T	CNP0000460	DF.classifications_0.25_0.22_204	Doublet	pANN_0.25_0.22_204	0.369451697127937
CNP0000460_CACACTCCACGAGGTA-1_1_1_1	CNP0000460_P03T	CNP0000460	DF.classifications_0.25_0.22_204	Singlet	pANN_0.25_0.22_204	0.0926892950391645
CNP0000460_CACACTCGTTCCACTC-1_1_1_1	CNP0000460_P03T	CNP0000460	DF.classifications_0.25_0.22_204	Singlet	pANN_0.25_0.22_204	0.273498694516971
CNP0000460_CACACTCGTTGCCTCT-1_1_1_1	CNP0000460_P03T	CNP0000460	DF.classifications_0.25_0.22_204	Singlet	pANN_0.25_0.22_204	0.274804177545692
CNP0000460_CACACTCTCATCGGAT-1_1_1_1	CNP0000460_P03T	CNP0000460	DF.classifications_0.25_0.22_204	Singlet	pANN_0.25_0.22_204	0.284595300261097
CNP0000460_CACACTCTCCAGAGGA-1_1_1_1	CNP0000460_P03T	CNP0000460	DF.classifications_0.25_0.22_204	Singlet	pANN_0.25_0.22_204	0.147519582245431
CNP0000460_CACACTCTCCTTTCGG-1_1_1_1	CNP0000460_P03T	CNP0000460	DF.classifications_0.25_0.22_204	Singlet	pANN_0.25_0.22_204	0.294386422976501
CNP0000460_CACAGGCAGCCACCTG-1_1_1_1	CNP0000460_P03T	CNP0000460	DF.classifications_0.25_0.22_204	Singlet	pANN_0.25_0.22_204	0.122715404699739
CNP0000460_CACAGGCAGCGATCCC-1_1_1_1	CNP0000460_P03T	CNP0000460	DF.classifications_0.25_0.22_204	Singlet	pANN_0.25_0.22_204	0.296344647519582
CNP0000460_CACAGGCAGGCGCTCT-1_1_1_1	CNP0000460_P03T	CNP0000460	DF.classifications_0.25_0.22_204	Singlet	pANN_0.25_0.22_204	0.156005221932115
CNP0000460_CACAGGCAGGCTAGCA-1_1_1_1	CNP0000460_P03T	CNP0000460	DF.classifications_0.25_0.22_204	Singlet	pANN_0.25_0.22_204	0.295039164490862
CNP0000460_CACAGGCCACAAGTAA-1_1_1_1	CNP0000460_P03T	CNP0000460	DF.classifications_0.25_0.22_204	Singlet	pANN_0.25_0.22_204	0.262402088772846
CNP0000460_CACAGGCCAGTCGTGC-1_1_1_1	CNP0000460_P03T	CNP0000460	DF.classifications_0.25_0.22_204	Doublet	pANN_0.25_0.22_204	0.363577023498695
CNP0000460_CACAGGCCATCAGTCA-1_1_1_1	CNP0000460_P03T	CNP0000460	DF.classifications_0.25_0.22_204	Singlet	pANN_0.25_0.22_204	0.289817232375979
CNP0000460_CACAGGCTCACAACGT-1_1_1_1	CNP0000460_P03T	CNP0000460	DF.classifications_0.25_0.22_204	Singlet	pANN_0.25_0.22_204	0.191906005221932
CNP0000460_CACAGGCTCACTTCAT-1_1_1_1	CNP0000460_P03T	CNP0000460	DF.classifications_0.25_0.22_204	Singlet	pANN_0.25_0.22_204	0.206266318537859
CNP0000460_CACAGGCTCATCATTC-1_1_1_1	CNP0000460_P03T	CNP0000460	DF.classifications_0.25_0.22_204	Singlet	pANN_0.25_0.22_204	0.112924281984334
CNP0000460_CACAGGCTCATCGCTC-1_1_1_1	CNP0000460_P03T	CNP0000460	DF.classifications_0.25_0.22_204	Singlet	pANN_0.25_0.22_204	0.12532637075718
CNP0000460_CACAGGCTCCTTAATC-1_1_1_1	CNP0000460_P03T	CNP0000460	DF.classifications_0.25_0.22_204	Doublet	pANN_0.25_0.22_204	0.373368146214099
CNP0000460_CACAGGCTCTGCAAGT-1_1_1_1	CNP0000460_P03T	CNP0000460	DF.classifications_0.25_0.22_204	Singlet	pANN_0.25_0.22_204	0.302219321148825
CNP0000460_CACAGTAAGCATGGCA-1_1_1_1	CNP0000460_P03T	CNP0000460	DF.classifications_0.25_0.22_204	Singlet	pANN_0.25_0.22_204	0.293733681462141
CNP0000460_CACAGTAAGCTAAACA-1_1_1_1	CNP0000460_P03T	CNP0000460	DF.classifications_0.25_0.22_204	Singlet	pANN_0.25_0.22_204	0.139686684073107
CNP0000460_CACAGTAAGTCCGGTC-1_1_1_1	CNP0000460_P03T	CNP0000460	DF.classifications_0.25_0.22_204	Singlet	pANN_0.25_0.22_204	0.356396866840731
CNP0000460_CACAGTAAGTTTCCTT-1_1_1_1	CNP0000460_P03T	CNP0000460	DF.classifications_0.25_0.22_204	Singlet	pANN_0.25_0.22_204	0.349216710182768
CNP0000460_CACAGTACAGTATAAG-1_1_1_1	CNP0000460_P03T	CNP0000460	DF.classifications_0.25_0.22_204	Singlet	pANN_0.25_0.22_204	0.345300261096606
CNP0000460_CACAGTACATATACGC-1_1_1_1	CNP0000460_P03T	CNP0000460	DF.classifications_0.25_0.22_204	Singlet	pANN_0.25_0.22_204	0.117493472584856
CNP0000460_CACAGTACATGCAACT-1_1_1_1	CNP0000460_P03T	CNP0000460	DF.classifications_0.25_0.22_204	Singlet	pANN_0.25_0.22_204	0.107049608355091
CNP0000460_CACAGTACATTAACCG-1_1_1_1	CNP0000460_P03T	CNP0000460	DF.classifications_0.25_0.22_204	Singlet	pANN_0.25_0.22_204	0.35443864229765
CNP0000460_CACAGTAGTACAAGTA-1_1_1_1	CNP0000460_P03T	CNP0000460	DF.classifications_0.25_0.22_204	Singlet	pANN_0.25_0.22_204	0.157310704960836
CNP0000460_CACAGTAGTACGACCC-1_1_1_1	CNP0000460_P03T	CNP0000460	DF.classifications_0.25_0.22_204	Singlet	pANN_0.25_0.22_204	0.197780678851175
CNP0000460_CACAGTAGTACTTGAC-1_1_1_1	CNP0000460_P03T	CNP0000460	DF.classifications_0.25_0.22_204	Singlet	pANN_0.25_0.22_204	0.0815926892950392
CNP0000460_CACAGTAGTCGACTGC-1_1_1_1	CNP0000460_P03T	CNP0000460	DF.classifications_0.25_0.22_204	Singlet	pANN_0.25_0.22_204	0.357049608355091
CNP0000460_CACAGTAGTTAAAGAC-1_1_1_1	CNP0000460_P03T	CNP0000460	DF.classifications_0.25_0.22_204	Singlet	pANN_0.25_0.22_204	0.357702349869452
CNP0000460_CACAGTAGTTTAGGAA-1_1_1_1	CNP0000460_P03T	CNP0000460	DF.classifications_0.25_0.22_204	Singlet	pANN_0.25_0.22_204	0.165143603133159
CNP0000460_CACAGTATCCCTGACT-1_1_1_1	CNP0000460_P03T	CNP0000460	DF.classifications_0.25_0.22_204	Singlet	pANN_0.25_0.22_204	0.296344647519582
CNP0000460_CACAGTATCGTAGATC-1_1_1_1	CNP0000460_P03T	CNP0000460	DF.classifications_0.25_0.22_204	Singlet	pANN_0.25_0.22_204	0.102480417754569
CNP0000460_CACAGTATCTCACATT-1_1_1_1	CNP0000460_P03T	CNP0000460	DF.classifications_0.25_0.22_204	Singlet	pANN_0.25_0.22_204	0.161879895561358
CNP0000460_CACATAGAGCCGATTT-1_1_1_1	CNP0000460_P03T	CNP0000460	DF.classifications_0.25_0.22_204	Doublet	pANN_0.25_0.22_204	0.362924281984334
CNP0000460_CACATAGAGGGTGTTG-1_1_1_1	CNP0000460_P03T	CNP0000460	DF.classifications_0.25_0.22_204	Singlet	pANN_0.25_0.22_204	0.087467362924282
CNP0000460_CACATAGAGGTAAACT-1_1_1_1	CNP0000460_P03T	CNP0000460	DF.classifications_0.25_0.22_204	Singlet	pANN_0.25_0.22_204	0.227806788511749
CNP0000460_CACATAGAGTACGTTC-1_1_1_1	CNP0000460_P03T	CNP0000460	DF.classifications_0.25_0.22_204	Doublet	pANN_0.25_0.22_204	0.362271540469974
CNP0000460_CACATAGAGTCCGTAT-1_1_1_1	CNP0000460_P03T	CNP0000460	DF.classifications_0.25_0.22_204	Singlet	pANN_0.25_0.22_204	0.140992167101828
CNP0000460_CACATAGAGTGAAGAG-1_1_1_1	CNP0000460_P03T	CNP0000460	DF.classifications_0.25_0.22_204	Singlet	pANN_0.25_0.22_204	0.285248041775457
CNP0000460_CACATAGCAAGGTTTC-1_1_1_1	CNP0000460_P03T	CNP0000460	DF.classifications_0.25_0.22_204	Singlet	pANN_0.25_0.22_204	0.346605744125326
CNP0000460_CACATAGCAATCTGCA-1_1_1_1	CNP0000460_P03T	CNP0000460	DF.classifications_0.25_0.22_204	Singlet	pANN_0.25_0.22_204	0.135117493472585
CNP0000460_CACATAGCAATGTAAG-1_1_1_1	CNP0000460_P03T	CNP0000460	DF.classifications_0.25_0.22_204	Singlet	pANN_0.25_0.22_204	0.14556135770235
CNP0000460_CACATAGCACACAGAG-1_1_1_1	CNP0000460_P03T	CNP0000460	DF.classifications_0.25_0.22_204	Singlet	pANN_0.25_0.22_204	0.35509138381201
CNP0000460_CACATAGCACGACTCG-1_1_1_1	CNP0000460_P03T	CNP0000460	DF.classifications_0.25_0.22_204	Singlet	pANN_0.25_0.22_204	0.133812010443864
CNP0000460_CACATAGCAGGATTGG-1_1_1_1	CNP0000460_P03T	CNP0000460	DF.classifications_0.25_0.22_204	Singlet	pANN_0.25_0.22_204	0.343342036553525
CNP0000460_CACATAGGTCATATGC-1_1_1_1	CNP0000460_P03T	CNP0000460	DF.classifications_0.25_0.22_204	Singlet	pANN_0.25_0.22_204	0.0900783289817232
CNP0000460_CACATAGGTGACTACT-1_1_1_1	CNP0000460_P03T	CNP0000460	DF.classifications_0.25_0.22_204	Singlet	pANN_0.25_0.22_204	0.302219321148825
CNP0000460_CACATAGGTGCACTTA-1_1_1_1	CNP0000460_P03T	CNP0000460	DF.classifications_0.25_0.22_204	Singlet	pANN_0.25_0.22_204	0.283942558746736
CNP0000460_CACATAGGTTGGTAAA-1_1_1_1	CNP0000460_P03T	CNP0000460	DF.classifications_0.25_0.22_204	Singlet	pANN_0.25_0.22_204	0.351827676240209
CNP0000460_CACATAGTCTACTTAC-1_1_1_1	CNP0000460_P03T	CNP0000460	DF.classifications_0.25_0.22_204	Singlet	pANN_0.25_0.22_204	0.0933420365535248
CNP0000460_CACATAGTCTGATACG-1_1_1_1	CNP0000460_P03T	CNP0000460	DF.classifications_0.25_0.22_204	Doublet	pANN_0.25_0.22_204	0.361618798955614
CNP0000460_CACATTTAGTCTTGCA-1_1_1_1	CNP0000460_P03T	CNP0000460	DF.classifications_0.25_0.22_204	Singlet	pANN_0.25_0.22_204	0.16579634464752
CNP0000460_CACATTTCACTTACGA-1_1_1_1	CNP0000460_P03T	CNP0000460	DF.classifications_0.25_0.22_204	Singlet	pANN_0.25_0.22_204	0.281331592689295
CNP0000460_CACATTTCATCGACGC-1_1_1_1	CNP0000460_P03T	CNP0000460	DF.classifications_0.25_0.22_204	Singlet	pANN_0.25_0.22_204	0.159921671018277
CNP0000460_CACATTTCATGAGCGA-1_1_1_1	CNP0000460_P03T	CNP0000460	DF.classifications_0.25_0.22_204	Singlet	pANN_0.25_0.22_204	0.0802872062663185
CNP0000460_CACATTTCATTCCTCG-1_1_1_1	CNP0000460_P03T	CNP0000460	DF.classifications_0.25_0.22_204	Singlet	pANN_0.25_0.22_204	0.349869451697128
CNP0000460_CACATTTGTATCTGCA-1_1_1_1	CNP0000460_P03T	CNP0000460	DF.classifications_0.25_0.22_204	Singlet	pANN_0.25_0.22_204	0.280678851174935
CNP0000460_CACATTTGTATTACCG-1_1_1_1	CNP0000460_P03T	CNP0000460	DF.classifications_0.25_0.22_204	Singlet	pANN_0.25_0.22_204	0.210835509138381
CNP0000460_CACATTTGTGTAATGA-1_1_1_1	CNP0000460_P03T	CNP0000460	DF.classifications_0.25_0.22_204	Singlet	pANN_0.25_0.22_204	0.097911227154047
CNP0000460_CACATTTGTTTGTTGG-1_1_1_1	CNP0000460_P03T	CNP0000460	DF.classifications_0.25_0.22_204	Singlet	pANN_0.25_0.22_204	0.35378590078329
CNP0000460_CACATTTTCACTCTTA-1_1_1_1	CNP0000460_P03T	CNP0000460	DF.classifications_0.25_0.22_204	Singlet	pANN_0.25_0.22_204	0.108355091383812
CNP0000460_CACATTTTCAGCTTAG-1_1_1_1	CNP0000460_P03T	CNP0000460	DF.classifications_0.25_0.22_204	Singlet	pANN_0.25_0.22_204	0.121409921671018
CNP0000460_CACATTTTCTATCCTA-1_1_1_1	CNP0000460_P03T	CNP0000460	DF.classifications_0.25_0.22_204	Singlet	pANN_0.25_0.22_204	0.286553524804178
CNP0000460_CACCACTAGCGACGTA-1_1_1_1	CNP0000460_P03T	CNP0000460	DF.classifications_0.25_0.22_204	Singlet	pANN_0.25_0.22_204	0.122062663185379
CNP0000460_CACCACTAGCGCCTTG-1_1_1_1	CNP0000460_P03T	CNP0000460	DF.classifications_0.25_0.22_204	Singlet	pANN_0.25_0.22_204	0.348563968668407
CNP0000460_CACCACTAGGACACCA-1_1_1_1	CNP0000460_P03T	CNP0000460	DF.classifications_0.25_0.22_204	Singlet	pANN_0.25_0.22_204	0.348563968668407
CNP0000460_CACCACTAGTATGACA-1_1_1_1	CNP0000460_P03T	CNP0000460	DF.classifications_0.25_0.22_204	Singlet	pANN_0.25_0.22_204	0.262402088772846
CNP0000460_CACCACTAGTCACGCC-1_1_1_1	CNP0000460_P03T	CNP0000460	DF.classifications_0.25_0.22_204	Singlet	pANN_0.25_0.22_204	0.0926892950391645
CNP0000460_CACCACTCAATAAGCA-1_1_1_1	CNP0000460_P03T	CNP0000460	DF.classifications_0.25_0.22_204	Singlet	pANN_0.25_0.22_204	0.12532637075718
CNP0000460_CACCACTCACACCGCA-1_1_1_1	CNP0000460_P03T	CNP0000460	DF.classifications_0.25_0.22_204	Singlet	pANN_0.25_0.22_204	0.0992167101827676
CNP0000460_CACCACTCAGGGAGAG-1_1_1_1	CNP0000460_P03T	CNP0000460	DF.classifications_0.25_0.22_204	Singlet	pANN_0.25_0.22_204	0.110966057441253
CNP0000460_CACCACTGTAGCTAAA-1_1_1_1	CNP0000460_P03T	CNP0000460	DF.classifications_0.25_0.22_204	Singlet	pANN_0.25_0.22_204	0.131201044386423
CNP0000460_CACCACTGTTCGCTAA-1_1_1_1	CNP0000460_P03T	CNP0000460	DF.classifications_0.25_0.22_204	Singlet	pANN_0.25_0.22_204	0.347258485639687
CNP0000460_CACCACTTCACGAAGG-1_1_1_1	CNP0000460_P03T	CNP0000460	DF.classifications_0.25_0.22_204	Singlet	pANN_0.25_0.22_204	0.123368146214099
CNP0000460_CACCACTTCCCAAGAT-1_1_1_1	CNP0000460_P03T	CNP0000460	DF.classifications_0.25_0.22_204	Singlet	pANN_0.25_0.22_204	0.154699738903394
CNP0000460_CACCAGGAGCGATCCC-1_1_1_1	CNP0000460_P03T	CNP0000460	DF.classifications_0.25_0.22_204	Singlet	pANN_0.25_0.22_204	0.154699738903394
CNP0000460_CACCAGGAGTTATCGC-1_1_1_1	CNP0000460_P03T	CNP0000460	DF.classifications_0.25_0.22_204	Singlet	pANN_0.25_0.22_204	0.22911227154047
CNP0000460_CACCAGGCAACACCTA-1_1_1_1	CNP0000460_P03T	CNP0000460	DF.classifications_0.25_0.22_204	Singlet	pANN_0.25_0.22_204	0.139033942558747
CNP0000460_CACCAGGGTGCCTGTG-1_1_1_1	CNP0000460_P03T	CNP0000460	DF.classifications_0.25_0.22_204	Singlet	pANN_0.25_0.22_204	0.115535248041775
CNP0000460_CACCAGGTCCACGAAT-1_1_1_1	CNP0000460_P03T	CNP0000460	DF.classifications_0.25_0.22_204	Singlet	pANN_0.25_0.22_204	0.357702349869452
CNP0000460_CACCAGGTCCAGAAGG-1_1_1_1	CNP0000460_P03T	CNP0000460	DF.classifications_0.25_0.22_204	Singlet	pANN_0.25_0.22_204	0.087467362924282
CNP0000460_CACCAGGTCGTGGTCG-1_1_1_1	CNP0000460_P03T	CNP0000460	DF.classifications_0.25_0.22_204	Singlet	pANN_0.25_0.22_204	0.0868146214099217
CNP0000460_CACCAGGTCTTAACCT-1_1_1_1	CNP0000460_P03T	CNP0000460	DF.classifications_0.25_0.22_204	Singlet	pANN_0.25_0.22_204	0.108355091383812
CNP0000460_CACCAGGTCTTCGGTC-1_1_1_1	CNP0000460_P03T	CNP0000460	DF.classifications_0.25_0.22_204	Singlet	pANN_0.25_0.22_204	0.178198433420366
CNP0000460_CACCTTGAGATCGGGT-1_1_1_1	CNP0000460_P03T	CNP0000460	DF.classifications_0.25_0.22_204	Singlet	pANN_0.25_0.22_204	0.347911227154047
CNP0000460_CACCTTGCAACTGCGC-1_1_1_1	CNP0000460_P03T	CNP0000460	DF.classifications_0.25_0.22_204	Singlet	pANN_0.25_0.22_204	0.35443864229765
CNP0000460_CACCTTGCAACTGCTA-1_1_1_1	CNP0000460_P03T	CNP0000460	DF.classifications_0.25_0.22_204	Singlet	pANN_0.25_0.22_204	0.101827676240209
CNP0000460_CACCTTGCACACATGT-1_1_1_1	CNP0000460_P03T	CNP0000460	DF.classifications_0.25_0.22_204	Singlet	pANN_0.25_0.22_204	0.248694516971279
CNP0000460_CACCTTGCACCATCCT-1_1_1_1	CNP0000460_P03T	CNP0000460	DF.classifications_0.25_0.22_204	Singlet	pANN_0.25_0.22_204	0.35443864229765
CNP0000460_CACCTTGCACGCATCG-1_1_1_1	CNP0000460_P03T	CNP0000460	DF.classifications_0.25_0.22_204	Singlet	pANN_0.25_0.22_204	0.277415143603133
CNP0000460_CACCTTGCATGACATC-1_1_1_1	CNP0000460_P03T	CNP0000460	DF.classifications_0.25_0.22_204	Singlet	pANN_0.25_0.22_204	0.0907310704960835
CNP0000460_CACCTTGGTGTGCCTG-1_1_1_1	CNP0000460_P03T	CNP0000460	DF.classifications_0.25_0.22_204	Singlet	pANN_0.25_0.22_204	0.358355091383812
CNP0000460_CACCTTGTCAACCAAC-1_1_1_1	CNP0000460_P03T	CNP0000460	DF.classifications_0.25_0.22_204	Singlet	pANN_0.25_0.22_204	0.10313315926893
CNP0000460_CACCTTGTCAACGGGA-1_1_1_1	CNP0000460_P03T	CNP0000460	DF.classifications_0.25_0.22_204	Singlet	pANN_0.25_0.22_204	0.287206266318538
CNP0000460_CACCTTGTCCTGTACC-1_1_1_1	CNP0000460_P03T	CNP0000460	DF.classifications_0.25_0.22_204	Singlet	pANN_0.25_0.22_204	0.346605744125326
CNP0000460_CACTCCAAGAGATGAG-1_1_1_1	CNP0000460_P03T	CNP0000460	DF.classifications_0.25_0.22_204	Singlet	pANN_0.25_0.22_204	0.287206266318538
CNP0000460_CACTCCAAGGGATACC-1_1_1_1	CNP0000460_P03T	CNP0000460	DF.classifications_0.25_0.22_204	Singlet	pANN_0.25_0.22_204	0.289164490861619
CNP0000460_CACTCCAAGGTGCACA-1_1_1_1	CNP0000460_P03T	CNP0000460	DF.classifications_0.25_0.22_204	Singlet	pANN_0.25_0.22_204	0.151436031331593
CNP0000460_CACTCCACACGGTGTC-1_1_1_1	CNP0000460_P03T	CNP0000460	DF.classifications_0.25_0.22_204	Singlet	pANN_0.25_0.22_204	0.0992167101827676
CNP0000460_CACTCCACAGTAACGG-1_1_1_1	CNP0000460_P03T	CNP0000460	DF.classifications_0.25_0.22_204	Singlet	pANN_0.25_0.22_204	0.281984334203655
CNP0000460_CACTCCACATCATCCC-1_1_1_1	CNP0000460_P03T	CNP0000460	DF.classifications_0.25_0.22_204	Singlet	pANN_0.25_0.22_204	0.163838120104439
CNP0000460_CACTCCAGTAAGTAGT-1_1_1_1	CNP0000460_P03T	CNP0000460	DF.classifications_0.25_0.22_204	Singlet	pANN_0.25_0.22_204	0.257180156657963
CNP0000460_CACTCCAGTACGACCC-1_1_1_1	CNP0000460_P03T	CNP0000460	DF.classifications_0.25_0.22_204	Singlet	pANN_0.25_0.22_204	0.184725848563969
CNP0000460_CACTCCAGTCATATCG-1_1_1_1	CNP0000460_P03T	CNP0000460	DF.classifications_0.25_0.22_204	Singlet	pANN_0.25_0.22_204	0.289817232375979
CNP0000460_CACTCCAGTGCACTTA-1_1_1_1	CNP0000460_P03T	CNP0000460	DF.classifications_0.25_0.22_204	Singlet	pANN_0.25_0.22_204	0.149477806788512
CNP0000460_CACTCCATCGGAATCT-1_1_1_1	CNP0000460_P03T	CNP0000460	DF.classifications_0.25_0.22_204	Singlet	pANN_0.25_0.22_204	0.349869451697128
CNP0000460_CACTCCATCGTCTGAA-1_1_1_1	CNP0000460_P03T	CNP0000460	DF.classifications_0.25_0.22_204	Singlet	pANN_0.25_0.22_204	0.35443864229765
CNP0000460_CAGAATCAGATCGGGT-1_1_1_1	CNP0000460_P03T	CNP0000460	DF.classifications_0.25_0.22_204	Singlet	pANN_0.25_0.22_204	0.260443864229765
CNP0000460_CAGAATCAGATGTAAC-1_1_1_1	CNP0000460_P03T	CNP0000460	DF.classifications_0.25_0.22_204	Singlet	pANN_0.25_0.22_204	0.121409921671018
CNP0000460_CAGAATCAGTCCTCCT-1_1_1_1	CNP0000460_P03T	CNP0000460	DF.classifications_0.25_0.22_204	Singlet	pANN_0.25_0.22_204	0.357702349869452
CNP0000460_CAGAATCCACACTGCG-1_1_1_1	CNP0000460_P03T	CNP0000460	DF.classifications_0.25_0.22_204	Singlet	pANN_0.25_0.22_204	0.132506527415144
CNP0000460_CAGAATCTCCCATTTA-1_1_1_1	CNP0000460_P03T	CNP0000460	DF.classifications_0.25_0.22_204	Singlet	pANN_0.25_0.22_204	0.178851174934726
CNP0000460_CAGAATCTCTGTCTAT-1_1_1_1	CNP0000460_P03T	CNP0000460	DF.classifications_0.25_0.22_204	Singlet	pANN_0.25_0.22_204	0.0985639686684073
CNP0000460_CAGAATCTCTTAGAGC-1_1_1_1	CNP0000460_P03T	CNP0000460	DF.classifications_0.25_0.22_204	Singlet	pANN_0.25_0.22_204	0.138381201044386
CNP0000460_CAGAGAGAGATAGGAG-1_1_1_1	CNP0000460_P03T	CNP0000460	DF.classifications_0.25_0.22_204	Singlet	pANN_0.25_0.22_204	0.097911227154047
CNP0000460_CAGAGAGAGTAATCCC-1_1_1_1	CNP0000460_P03T	CNP0000460	DF.classifications_0.25_0.22_204	Singlet	pANN_0.25_0.22_204	0.221279373368146
CNP0000460_CAGAGAGAGTGGTAGC-1_1_1_1	CNP0000460_P03T	CNP0000460	DF.classifications_0.25_0.22_204	Singlet	pANN_0.25_0.22_204	0.0992167101827676
CNP0000460_CAGAGAGCAAGGTTTC-1_1_1_1	CNP0000460_P03T	CNP0000460	DF.classifications_0.25_0.22_204	Singlet	pANN_0.25_0.22_204	0.281984334203655
CNP0000460_CAGAGAGCACGCCAGT-1_1_1_1	CNP0000460_P03T	CNP0000460	DF.classifications_0.25_0.22_204	Singlet	pANN_0.25_0.22_204	0.242819843342037
CNP0000460_CAGAGAGCACTGTCGG-1_1_1_1	CNP0000460_P03T	CNP0000460	DF.classifications_0.25_0.22_204	Singlet	pANN_0.25_0.22_204	0.139686684073107
CNP0000460_CAGAGAGCACTTAACG-1_1_1_1	CNP0000460_P03T	CNP0000460	DF.classifications_0.25_0.22_204	Singlet	pANN_0.25_0.22_204	0.101827676240209
CNP0000460_CAGAGAGCATACCATG-1_1_1_1	CNP0000460_P03T	CNP0000460	DF.classifications_0.25_0.22_204	Singlet	pANN_0.25_0.22_204	0.0946475195822454
CNP0000460_CAGAGAGGTTATCCGA-1_1_1_1	CNP0000460_P03T	CNP0000460	DF.classifications_0.25_0.22_204	Singlet	pANN_0.25_0.22_204	0.0946475195822454
CNP0000460_CAGAGAGGTTCGAATC-1_1_1_1	CNP0000460_P03T	CNP0000460	DF.classifications_0.25_0.22_204	Singlet	pANN_0.25_0.22_204	0.0744125326370757
CNP0000460_CAGAGAGTCTGATACG-1_1_1_1	CNP0000460_P03T	CNP0000460	DF.classifications_0.25_0.22_204	Singlet	pANN_0.25_0.22_204	0.341383812010444
CNP0000460_CAGATCAAGCTATGCT-1_1_1_1	CNP0000460_P03T	CNP0000460	DF.classifications_0.25_0.22_204	Singlet	pANN_0.25_0.22_204	0.129242819843342
CNP0000460_CAGATCACATAAGACA-1_1_1_1	CNP0000460_P03T	CNP0000460	DF.classifications_0.25_0.22_204	Singlet	pANN_0.25_0.22_204	0.200391644908616
CNP0000460_CAGATCACATCGGTTA-1_1_1_1	CNP0000460_P03T	CNP0000460	DF.classifications_0.25_0.22_204	Singlet	pANN_0.25_0.22_204	0.357049608355091
CNP0000460_CAGATCACATGGTAGG-1_1_1_1	CNP0000460_P03T	CNP0000460	DF.classifications_0.25_0.22_204	Singlet	pANN_0.25_0.22_204	0.355744125326371
CNP0000460_CAGATCAGTTTAAGCC-1_1_1_1	CNP0000460_P03T	CNP0000460	DF.classifications_0.25_0.22_204	Singlet	pANN_0.25_0.22_204	0.199086161879896
CNP0000460_CAGATCATCGAGCCCA-1_1_1_1	CNP0000460_P03T	CNP0000460	DF.classifications_0.25_0.22_204	Singlet	pANN_0.25_0.22_204	0.321148825065274
CNP0000460_CAGATCATCGTACGGC-1_1_1_1	CNP0000460_P03T	CNP0000460	DF.classifications_0.25_0.22_204	Singlet	pANN_0.25_0.22_204	0.287859007832898
CNP0000460_CAGATCATCGTAGATC-1_1_1_1	CNP0000460_P03T	CNP0000460	DF.classifications_0.25_0.22_204	Singlet	pANN_0.25_0.22_204	0.157310704960836
CNP0000460_CAGATCATCTGTCAAG-1_1_1_1	CNP0000460_P03T	CNP0000460	DF.classifications_0.25_0.22_204	Doublet	pANN_0.25_0.22_204	0.361618798955614
CNP0000460_CAGCAGCAGACAAAGG-1_1_1_1	CNP0000460_P03T	CNP0000460	DF.classifications_0.25_0.22_204	Singlet	pANN_0.25_0.22_204	0.112271540469974
CNP0000460_CAGCAGCAGCTGATAA-1_1_1_1	CNP0000460_P03T	CNP0000460	DF.classifications_0.25_0.22_204	Singlet	pANN_0.25_0.22_204	0.0848563968668407
CNP0000460_CAGCAGCAGTTGTCGT-1_1_1_1	CNP0000460_P03T	CNP0000460	DF.classifications_0.25_0.22_204	Singlet	pANN_0.25_0.22_204	0.285900783289817
CNP0000460_CAGCAGCCAAGCGAGT-1_1_1_1	CNP0000460_P03T	CNP0000460	DF.classifications_0.25_0.22_204	Singlet	pANN_0.25_0.22_204	0.10443864229765
CNP0000460_CAGCAGCCACACAGAG-1_1_1_1	CNP0000460_P03T	CNP0000460	DF.classifications_0.25_0.22_204	Singlet	pANN_0.25_0.22_204	0.101827676240209
CNP0000460_CAGCAGCCATCCGCGA-1_1_1_1	CNP0000460_P03T	CNP0000460	DF.classifications_0.25_0.22_204	Singlet	pANN_0.25_0.22_204	0.351174934725849
CNP0000460_CAGCAGCGTGACGGTA-1_1_1_1	CNP0000460_P03T	CNP0000460	DF.classifications_0.25_0.22_204	Singlet	pANN_0.25_0.22_204	0.357049608355091
CNP0000460_CAGCAGCGTGGTACAG-1_1_1_1	CNP0000460_P03T	CNP0000460	DF.classifications_0.25_0.22_204	Singlet	pANN_0.25_0.22_204	0.35443864229765
CNP0000460_CAGCAGCGTTACTGAC-1_1_1_1	CNP0000460_P03T	CNP0000460	DF.classifications_0.25_0.22_204	Singlet	pANN_0.25_0.22_204	0.106396866840731
CNP0000460_CAGCAGCTCACCGTAA-1_1_1_1	CNP0000460_P03T	CNP0000460	DF.classifications_0.25_0.22_204	Doublet	pANN_0.25_0.22_204	0.362924281984334
CNP0000460_CAGCAGCTCCTAAGTG-1_1_1_1	CNP0000460_P03T	CNP0000460	DF.classifications_0.25_0.22_204	Doublet	pANN_0.25_0.22_204	0.361618798955614
CNP0000460_CAGCATAAGTTTGCGT-1_1_1_1	CNP0000460_P03T	CNP0000460	DF.classifications_0.25_0.22_204	Singlet	pANN_0.25_0.22_204	0.118146214099217
CNP0000460_CAGCATACAATAACGA-1_1_1_1	CNP0000460_P03T	CNP0000460	DF.classifications_0.25_0.22_204	Singlet	pANN_0.25_0.22_204	0.133159268929504
CNP0000460_CAGCATACACCACCAG-1_1_1_1	CNP0000460_P03T	CNP0000460	DF.classifications_0.25_0.22_204	Singlet	pANN_0.25_0.22_204	0.109007832898172
CNP0000460_CAGCATACAGACGCTC-1_1_1_1	CNP0000460_P03T	CNP0000460	DF.classifications_0.25_0.22_204	Singlet	pANN_0.25_0.22_204	0.0998694516971279
CNP0000460_CAGCATAGTACTTAGC-1_1_1_1	CNP0000460_P03T	CNP0000460	DF.classifications_0.25_0.22_204	Singlet	pANN_0.25_0.22_204	0.152741514360313
CNP0000460_CAGCATAGTCTTTCAT-1_1_1_1	CNP0000460_P03T	CNP0000460	DF.classifications_0.25_0.22_204	Singlet	pANN_0.25_0.22_204	0.349869451697128
CNP0000460_CAGCATAGTTATGCGT-1_1_1_1	CNP0000460_P03T	CNP0000460	DF.classifications_0.25_0.22_204	Singlet	pANN_0.25_0.22_204	0.128590078328982
CNP0000460_CAGCATAGTTGTGGAG-1_1_1_1	CNP0000460_P03T	CNP0000460	DF.classifications_0.25_0.22_204	Doublet	pANN_0.25_0.22_204	0.364882506527415
CNP0000460_CAGCATATCCCTCAGT-1_1_1_1	CNP0000460_P03T	CNP0000460	DF.classifications_0.25_0.22_204	Singlet	pANN_0.25_0.22_204	0.0920365535248042
CNP0000460_CAGCATATCCGCGCAA-1_1_1_1	CNP0000460_P03T	CNP0000460	DF.classifications_0.25_0.22_204	Singlet	pANN_0.25_0.22_204	0.263707571801567
CNP0000460_CAGCATATCCTGCCAT-1_1_1_1	CNP0000460_P03T	CNP0000460	DF.classifications_0.25_0.22_204	Singlet	pANN_0.25_0.22_204	0.10378590078329
CNP0000460_CAGCATATCGGACAAG-1_1_1_1	CNP0000460_P03T	CNP0000460	DF.classifications_0.25_0.22_204	Singlet	pANN_0.25_0.22_204	0.0985639686684073
CNP0000460_CAGCATATCGGAGGTA-1_1_1_1	CNP0000460_P03T	CNP0000460	DF.classifications_0.25_0.22_204	Singlet	pANN_0.25_0.22_204	0.352480417754569
CNP0000460_CAGCATATCGTCTGAA-1_1_1_1	CNP0000460_P03T	CNP0000460	DF.classifications_0.25_0.22_204	Singlet	pANN_0.25_0.22_204	0.10443864229765
CNP0000460_CAGCATATCTAGAGTC-1_1_1_1	CNP0000460_P03T	CNP0000460	DF.classifications_0.25_0.22_204	Singlet	pANN_0.25_0.22_204	0.129895561357702
CNP0000460_CAGCCGAAGCGGCTTC-1_1_1_1	CNP0000460_P03T	CNP0000460	DF.classifications_0.25_0.22_204	Doublet	pANN_0.25_0.22_204	0.364882506527415
CNP0000460_CAGCCGAAGGAGCGTT-1_1_1_1	CNP0000460_P03T	CNP0000460	DF.classifications_0.25_0.22_204	Singlet	pANN_0.25_0.22_204	0.159921671018277
CNP0000460_CAGCCGAAGGCTAGAC-1_1_1_1	CNP0000460_P03T	CNP0000460	DF.classifications_0.25_0.22_204	Singlet	pANN_0.25_0.22_204	0.283289817232376
CNP0000460_CAGCCGAAGTTTGCGT-1_1_1_1	CNP0000460_P03T	CNP0000460	DF.classifications_0.25_0.22_204	Singlet	pANN_0.25_0.22_204	0.0985639686684073
CNP0000460_CAGCCGACAATGAAAC-1_1_1_1	CNP0000460_P03T	CNP0000460	DF.classifications_0.25_0.22_204	Singlet	pANN_0.25_0.22_204	0.0992167101827676
CNP0000460_CAGCCGACATAGGATA-1_1_1_1	CNP0000460_P03T	CNP0000460	DF.classifications_0.25_0.22_204	Singlet	pANN_0.25_0.22_204	0.0926892950391645
CNP0000460_CAGCCGAGTAGCTTGT-1_1_1_1	CNP0000460_P03T	CNP0000460	DF.classifications_0.25_0.22_204	Singlet	pANN_0.25_0.22_204	0.236292428198433
CNP0000460_CAGCCGAGTTATCGGT-1_1_1_1	CNP0000460_P03T	CNP0000460	DF.classifications_0.25_0.22_204	Singlet	pANN_0.25_0.22_204	0.287859007832898
CNP0000460_CAGCCGATCAGGTTCA-1_1_1_1	CNP0000460_P03T	CNP0000460	DF.classifications_0.25_0.22_204	Singlet	pANN_0.25_0.22_204	0.0900783289817232
CNP0000460_CAGCCGATCATAACCG-1_1_1_1	CNP0000460_P03T	CNP0000460	DF.classifications_0.25_0.22_204	Singlet	pANN_0.25_0.22_204	0.14621409921671
CNP0000460_CAGCCGATCCGTTGTC-1_1_1_1	CNP0000460_P03T	CNP0000460	DF.classifications_0.25_0.22_204	Singlet	pANN_0.25_0.22_204	0.115535248041775
CNP0000460_CAGCCGATCCTCGCAT-1_1_1_1	CNP0000460_P03T	CNP0000460	DF.classifications_0.25_0.22_204	Singlet	pANN_0.25_0.22_204	0.257832898172324
CNP0000460_CAGCCGATCGGCTTGG-1_1_1_1	CNP0000460_P03T	CNP0000460	DF.classifications_0.25_0.22_204	Singlet	pANN_0.25_0.22_204	0.115535248041775
CNP0000460_CAGCCGATCTCTGCTG-1_1_1_1	CNP0000460_P03T	CNP0000460	DF.classifications_0.25_0.22_204	Singlet	pANN_0.25_0.22_204	0.358355091383812
CNP0000460_CAGCCGATCTTTCCTC-1_1_1_1	CNP0000460_P03T	CNP0000460	DF.classifications_0.25_0.22_204	Singlet	pANN_0.25_0.22_204	0.113577023498695
CNP0000460_CAGCGACAGTACGCCC-1_1_1_1	CNP0000460_P03T	CNP0000460	DF.classifications_0.25_0.22_204	Singlet	pANN_0.25_0.22_204	0.129242819843342
CNP0000460_CAGCGACGTCCTCTTG-1_1_1_1	CNP0000460_P03T	CNP0000460	DF.classifications_0.25_0.22_204	Doublet	pANN_0.25_0.22_204	0.360966057441253
CNP0000460_CAGCGACGTTCATGGT-1_1_1_1	CNP0000460_P03T	CNP0000460	DF.classifications_0.25_0.22_204	Singlet	pANN_0.25_0.22_204	0.347258485639687
CNP0000460_CAGCTAAAGAGTTGGC-1_1_1_1	CNP0000460_P03T	CNP0000460	DF.classifications_0.25_0.22_204	Singlet	pANN_0.25_0.22_204	0.115535248041775
CNP0000460_CAGCTAAAGCCGGTAA-1_1_1_1	CNP0000460_P03T	CNP0000460	DF.classifications_0.25_0.22_204	Singlet	pANN_0.25_0.22_204	0.127937336814621
CNP0000460_CAGCTAAAGGTACTCT-1_1_1_1	CNP0000460_P03T	CNP0000460	DF.classifications_0.25_0.22_204	Singlet	pANN_0.25_0.22_204	0.221932114882507
CNP0000460_CAGCTAAAGGTGGGTT-1_1_1_1	CNP0000460_P03T	CNP0000460	DF.classifications_0.25_0.22_204	Singlet	pANN_0.25_0.22_204	0.255221932114883
CNP0000460_CAGCTAAAGTGTTTGC-1_1_1_1	CNP0000460_P03T	CNP0000460	DF.classifications_0.25_0.22_204	Doublet	pANN_0.25_0.22_204	0.360966057441253
CNP0000460_CAGCTAACAAACTGCT-1_1_1_1	CNP0000460_P03T	CNP0000460	DF.classifications_0.25_0.22_204	Singlet	pANN_0.25_0.22_204	0.10378590078329
CNP0000460_CAGCTAACAAGCCTAT-1_1_1_1	CNP0000460_P03T	CNP0000460	DF.classifications_0.25_0.22_204	Singlet	pANN_0.25_0.22_204	0.346605744125326
CNP0000460_CAGCTAACAATCTGCA-1_1_1_1	CNP0000460_P03T	CNP0000460	DF.classifications_0.25_0.22_204	Singlet	pANN_0.25_0.22_204	0.357702349869452
CNP0000460_CAGCTAACACACGCTG-1_1_1_1	CNP0000460_P03T	CNP0000460	DF.classifications_0.25_0.22_204	Singlet	pANN_0.25_0.22_204	0.0966057441253264
CNP0000460_CAGCTAATCATTTGGG-1_1_1_1	CNP0000460_P03T	CNP0000460	DF.classifications_0.25_0.22_204	Singlet	pANN_0.25_0.22_204	0.148172323759791
CNP0000460_CAGCTAATCCCATTAT-1_1_1_1	CNP0000460_P03T	CNP0000460	DF.classifications_0.25_0.22_204	Singlet	pANN_0.25_0.22_204	0.106396866840731
CNP0000460_CAGCTAATCTGTTGAG-1_1_1_1	CNP0000460_P03T	CNP0000460	DF.classifications_0.25_0.22_204	Singlet	pANN_0.25_0.22_204	0.293080939947781
CNP0000460_CAGCTAATCTTGTATC-1_1_1_1	CNP0000460_P03T	CNP0000460	DF.classifications_0.25_0.22_204	Singlet	pANN_0.25_0.22_204	0.290469973890339
CNP0000460_CAGCTGGAGCGAGAAA-1_1_1_1	CNP0000460_P03T	CNP0000460	DF.classifications_0.25_0.22_204	Singlet	pANN_0.25_0.22_204	0.0776762402088773
CNP0000460_CAGCTGGAGGGAAACA-1_1_1_1	CNP0000460_P03T	CNP0000460	DF.classifications_0.25_0.22_204	Singlet	pANN_0.25_0.22_204	0.128590078328982
CNP0000460_CAGCTGGAGTCTCCTC-1_1_1_1	CNP0000460_P03T	CNP0000460	DF.classifications_0.25_0.22_204	Singlet	pANN_0.25_0.22_204	0.10509138381201
CNP0000460_CAGCTGGAGTGAACAT-1_1_1_1	CNP0000460_P03T	CNP0000460	DF.classifications_0.25_0.22_204	Singlet	pANN_0.25_0.22_204	0.10313315926893
CNP0000460_CAGCTGGCACAGCGTC-1_1_1_1	CNP0000460_P03T	CNP0000460	DF.classifications_0.25_0.22_204	Singlet	pANN_0.25_0.22_204	0.10443864229765
CNP0000460_CAGCTGGCAGACACTT-1_1_1_1	CNP0000460_P03T	CNP0000460	DF.classifications_0.25_0.22_204	Singlet	pANN_0.25_0.22_204	0.287206266318538
CNP0000460_CAGCTGGCATACCATG-1_1_1_1	CNP0000460_P03T	CNP0000460	DF.classifications_0.25_0.22_204	Singlet	pANN_0.25_0.22_204	0.0861618798955614
CNP0000460_CAGCTGGGTAGCTTGT-1_1_1_1	CNP0000460_P03T	CNP0000460	DF.classifications_0.25_0.22_204	Singlet	pANN_0.25_0.22_204	0.117493472584856
CNP0000460_CAGCTGGGTCAGCTAT-1_1_1_1	CNP0000460_P03T	CNP0000460	DF.classifications_0.25_0.22_204	Singlet	pANN_0.25_0.22_204	0.35509138381201
CNP0000460_CAGCTGGGTGATAAAC-1_1_1_1	CNP0000460_P03T	CNP0000460	DF.classifications_0.25_0.22_204	Singlet	pANN_0.25_0.22_204	0.108355091383812
CNP0000460_CAGCTGGGTGCCTGCA-1_1_1_1	CNP0000460_P03T	CNP0000460	DF.classifications_0.25_0.22_204	Singlet	pANN_0.25_0.22_204	0.287206266318538
CNP0000460_CAGCTGGTCATCATTC-1_1_1_1	CNP0000460_P03T	CNP0000460	DF.classifications_0.25_0.22_204	Singlet	pANN_0.25_0.22_204	0.147519582245431
CNP0000460_CAGCTGGTCCAGTATG-1_1_1_1	CNP0000460_P03T	CNP0000460	DF.classifications_0.25_0.22_204	Doublet	pANN_0.25_0.22_204	0.361618798955614
CNP0000460_CAGCTGGTCCCAAGTA-1_1_1_1	CNP0000460_P03T	CNP0000460	DF.classifications_0.25_0.22_204	Singlet	pANN_0.25_0.22_204	0.108355091383812
CNP0000460_CAGCTGGTCGACCAGC-1_1_1_1	CNP0000460_P03T	CNP0000460	DF.classifications_0.25_0.22_204	Singlet	pANN_0.25_0.22_204	0.35378590078329
CNP0000460_CAGGTGCAGATATGGT-1_1_1_1	CNP0000460_P03T	CNP0000460	DF.classifications_0.25_0.22_204	Singlet	pANN_0.25_0.22_204	0.0953002610966057
CNP0000460_CAGGTGCAGGTGCTTT-1_1_1_1	CNP0000460_P03T	CNP0000460	DF.classifications_0.25_0.22_204	Singlet	pANN_0.25_0.22_204	0.0868146214099217
CNP0000460_CAGGTGCCAGTAAGCG-1_1_1_1	CNP0000460_P03T	CNP0000460	DF.classifications_0.25_0.22_204	Singlet	pANN_0.25_0.22_204	0.351174934725849
CNP0000460_CAGGTGCCATTCCTGC-1_1_1_1	CNP0000460_P03T	CNP0000460	DF.classifications_0.25_0.22_204	Singlet	pANN_0.25_0.22_204	0.12532637075718
CNP0000460_CAGGTGCGTAAGTAGT-1_1_1_1	CNP0000460_P03T	CNP0000460	DF.classifications_0.25_0.22_204	Singlet	pANN_0.25_0.22_204	0.175587467362924
CNP0000460_CAGGTGCGTGTGAAAT-1_1_1_1	CNP0000460_P03T	CNP0000460	DF.classifications_0.25_0.22_204	Singlet	pANN_0.25_0.22_204	0.110966057441253
CNP0000460_CAGGTGCGTTACCGAT-1_1_1_1	CNP0000460_P03T	CNP0000460	DF.classifications_0.25_0.22_204	Singlet	pANN_0.25_0.22_204	0.182114882506527
CNP0000460_CAGGTGCGTTTGGGCC-1_1_1_1	CNP0000460_P03T	CNP0000460	DF.classifications_0.25_0.22_204	Singlet	pANN_0.25_0.22_204	0.0835509138381201
CNP0000460_CAGGTGCTCAGTTAGC-1_1_1_1	CNP0000460_P03T	CNP0000460	DF.classifications_0.25_0.22_204	Singlet	pANN_0.25_0.22_204	0.2911227154047
CNP0000460_CAGGTGCTCGGAGGTA-1_1_1_1	CNP0000460_P03T	CNP0000460	DF.classifications_0.25_0.22_204	Singlet	pANN_0.25_0.22_204	0.342036553524804
CNP0000460_CAGTAACAGCCTCGTG-1_1_1_1	CNP0000460_P03T	CNP0000460	DF.classifications_0.25_0.22_204	Singlet	pANN_0.25_0.22_204	0.301566579634465
CNP0000460_CAGTAACAGGAATGGA-1_1_1_1	CNP0000460_P03T	CNP0000460	DF.classifications_0.25_0.22_204	Singlet	pANN_0.25_0.22_204	0.087467362924282
CNP0000460_CAGTAACAGTATGACA-1_1_1_1	CNP0000460_P03T	CNP0000460	DF.classifications_0.25_0.22_204	Singlet	pANN_0.25_0.22_204	0.12467362924282
CNP0000460_CAGTAACGTGTGAATA-1_1_1_1	CNP0000460_P03T	CNP0000460	DF.classifications_0.25_0.22_204	Singlet	pANN_0.25_0.22_204	0.0842036553524804
CNP0000460_CAGTAACTCAACACTG-1_1_1_1	CNP0000460_P03T	CNP0000460	DF.classifications_0.25_0.22_204	Singlet	pANN_0.25_0.22_204	0.289817232375979
CNP0000460_CAGTAACTCATCATTC-1_1_1_1	CNP0000460_P03T	CNP0000460	DF.classifications_0.25_0.22_204	Singlet	pANN_0.25_0.22_204	0.122715404699739
CNP0000460_CAGTAACTCCCTAATT-1_1_1_1	CNP0000460_P03T	CNP0000460	DF.classifications_0.25_0.22_204	Singlet	pANN_0.25_0.22_204	0.358355091383812
CNP0000460_CAGTAACTCCGCATAA-1_1_1_1	CNP0000460_P03T	CNP0000460	DF.classifications_0.25_0.22_204	Singlet	pANN_0.25_0.22_204	0.10378590078329
CNP0000460_CAGTAACTCTCGTATT-1_1_1_1	CNP0000460_P03T	CNP0000460	DF.classifications_0.25_0.22_204	Doublet	pANN_0.25_0.22_204	0.361618798955614
CNP0000460_CAGTCCTAGCGTGAAC-1_1_1_1	CNP0000460_P03T	CNP0000460	DF.classifications_0.25_0.22_204	Singlet	pANN_0.25_0.22_204	0.137728459530026
CNP0000460_CAGTCCTAGGGCTTCC-1_1_1_1	CNP0000460_P03T	CNP0000460	DF.classifications_0.25_0.22_204	Singlet	pANN_0.25_0.22_204	0.345953002610966
CNP0000460_CAGTCCTAGTAGGTGC-1_1_1_1	CNP0000460_P03T	CNP0000460	DF.classifications_0.25_0.22_204	Singlet	pANN_0.25_0.22_204	0.351827676240209
CNP0000460_CAGTCCTAGTATCTCG-1_1_1_1	CNP0000460_P03T	CNP0000460	DF.classifications_0.25_0.22_204	Singlet	pANN_0.25_0.22_204	0.35509138381201
CNP0000460_CAGTCCTCAAACTGCT-1_1_1_1	CNP0000460_P03T	CNP0000460	DF.classifications_0.25_0.22_204	Singlet	pANN_0.25_0.22_204	0.121409921671018
CNP0000460_CAGTCCTCACATCCGG-1_1_1_1	CNP0000460_P03T	CNP0000460	DF.classifications_0.25_0.22_204	Singlet	pANN_0.25_0.22_204	0.135770234986945
CNP0000460_CAGTCCTCAGTATGCT-1_1_1_1	CNP0000460_P03T	CNP0000460	DF.classifications_0.25_0.22_204	Singlet	pANN_0.25_0.22_204	0.142950391644909
CNP0000460_CAGTCCTGTAAGTTCC-1_1_1_1	CNP0000460_P03T	CNP0000460	DF.classifications_0.25_0.22_204	Singlet	pANN_0.25_0.22_204	0.298302872062663
CNP0000460_CAGTCCTGTACTTCTT-1_1_1_1	CNP0000460_P03T	CNP0000460	DF.classifications_0.25_0.22_204	Singlet	pANN_0.25_0.22_204	0.130548302872063
CNP0000460_CAGTCCTGTTCACGGC-1_1_1_1	CNP0000460_P03T	CNP0000460	DF.classifications_0.25_0.22_204	Singlet	pANN_0.25_0.22_204	0.357702349869452
CNP0000460_CAGTCCTTCGCAGGCT-1_1_1_1	CNP0000460_P03T	CNP0000460	DF.classifications_0.25_0.22_204	Singlet	pANN_0.25_0.22_204	0.35378590078329
CNP0000460_CAGTCCTTCTACCTGC-1_1_1_1	CNP0000460_P03T	CNP0000460	DF.classifications_0.25_0.22_204	Singlet	pANN_0.25_0.22_204	0.110313315926893
CNP0000460_CATATGGAGAGACTAT-1_1_1_1	CNP0000460_P03T	CNP0000460	DF.classifications_0.25_0.22_204	Singlet	pANN_0.25_0.22_204	0.0985639686684073
CNP0000460_CATATGGAGATATGGT-1_1_1_1	CNP0000460_P03T	CNP0000460	DF.classifications_0.25_0.22_204	Singlet	pANN_0.25_0.22_204	0.236292428198433
CNP0000460_CATATGGCAATGAATG-1_1_1_1	CNP0000460_P03T	CNP0000460	DF.classifications_0.25_0.22_204	Singlet	pANN_0.25_0.22_204	0.0998694516971279
CNP0000460_CATATGGCACGAAACG-1_1_1_1	CNP0000460_P03T	CNP0000460	DF.classifications_0.25_0.22_204	Singlet	pANN_0.25_0.22_204	0.077023498694517
CNP0000460_CATATGGCACTGTTAG-1_1_1_1	CNP0000460_P03T	CNP0000460	DF.classifications_0.25_0.22_204	Singlet	pANN_0.25_0.22_204	0.285248041775457
CNP0000460_CATATGGCAGGTGCCT-1_1_1_1	CNP0000460_P03T	CNP0000460	DF.classifications_0.25_0.22_204	Singlet	pANN_0.25_0.22_204	0.0907310704960835
CNP0000460_CATATGGCATCCGTGG-1_1_1_1	CNP0000460_P03T	CNP0000460	DF.classifications_0.25_0.22_204	Singlet	pANN_0.25_0.22_204	0.278720626631854
CNP0000460_CATATGGCATGCATGT-1_1_1_1	CNP0000460_P03T	CNP0000460	DF.classifications_0.25_0.22_204	Singlet	pANN_0.25_0.22_204	0.160574412532637
CNP0000460_CATATGGGTGAGTATA-1_1_1_1	CNP0000460_P03T	CNP0000460	DF.classifications_0.25_0.22_204	Singlet	pANN_0.25_0.22_204	0.359007832898172
CNP0000460_CATATGGGTGTAATGA-1_1_1_1	CNP0000460_P03T	CNP0000460	DF.classifications_0.25_0.22_204	Singlet	pANN_0.25_0.22_204	0.171671018276762
CNP0000460_CATATGGTCGTTTATC-1_1_1_1	CNP0000460_P03T	CNP0000460	DF.classifications_0.25_0.22_204	Singlet	pANN_0.25_0.22_204	0.0959530026109661
CNP0000460_CATATGGTCTGCAAGT-1_1_1_1	CNP0000460_P03T	CNP0000460	DF.classifications_0.25_0.22_204	Singlet	pANN_0.25_0.22_204	0.112271540469974
CNP0000460_CATATGGTCTTGGGTA-1_1_1_1	CNP0000460_P03T	CNP0000460	DF.classifications_0.25_0.22_204	Singlet	pANN_0.25_0.22_204	0.356396866840731
CNP0000460_CATATTCCAAGGTTCT-1_1_1_1	CNP0000460_P03T	CNP0000460	DF.classifications_0.25_0.22_204	Singlet	pANN_0.25_0.22_204	0.176240208877285
CNP0000460_CATATTCCAATCACAC-1_1_1_1	CNP0000460_P03T	CNP0000460	DF.classifications_0.25_0.22_204	Singlet	pANN_0.25_0.22_204	0.278720626631854
CNP0000460_CATATTCCAGCCTGTG-1_1_1_1	CNP0000460_P03T	CNP0000460	DF.classifications_0.25_0.22_204	Singlet	pANN_0.25_0.22_204	0.280678851174935
CNP0000460_CATATTCGTTGTACAC-1_1_1_1	CNP0000460_P03T	CNP0000460	DF.classifications_0.25_0.22_204	Singlet	pANN_0.25_0.22_204	0.357702349869452
CNP0000460_CATATTCTCAACGGGA-1_1_1_1	CNP0000460_P03T	CNP0000460	DF.classifications_0.25_0.22_204	Singlet	pANN_0.25_0.22_204	0.357049608355091
CNP0000460_CATCAAGAGGAATGGA-1_1_1_1	CNP0000460_P03T	CNP0000460	DF.classifications_0.25_0.22_204	Singlet	pANN_0.25_0.22_204	0.0796344647519582
CNP0000460_CATCAAGAGGACATTA-1_1_1_1	CNP0000460_P03T	CNP0000460	DF.classifications_0.25_0.22_204	Singlet	pANN_0.25_0.22_204	0.0959530026109661
CNP0000460_CATCAAGAGTCAATAG-1_1_1_1	CNP0000460_P03T	CNP0000460	DF.classifications_0.25_0.22_204	Doublet	pANN_0.25_0.22_204	0.364882506527415
CNP0000460_CATCAAGAGTGTACTC-1_1_1_1	CNP0000460_P03T	CNP0000460	DF.classifications_0.25_0.22_204	Singlet	pANN_0.25_0.22_204	0.172976501305483
CNP0000460_CATCAAGAGTGTTTGC-1_1_1_1	CNP0000460_P03T	CNP0000460	DF.classifications_0.25_0.22_204	Singlet	pANN_0.25_0.22_204	0.273498694516971
CNP0000460_CATCAAGCACAAGACG-1_1_1_1	CNP0000460_P03T	CNP0000460	DF.classifications_0.25_0.22_204	Singlet	pANN_0.25_0.22_204	0.336814621409922
CNP0000460_CATCAAGCAGACGCAA-1_1_1_1	CNP0000460_P03T	CNP0000460	DF.classifications_0.25_0.22_204	Singlet	pANN_0.25_0.22_204	0.285248041775457
CNP0000460_CATCAAGGTCTGCGGT-1_1_1_1	CNP0000460_P03T	CNP0000460	DF.classifications_0.25_0.22_204	Singlet	pANN_0.25_0.22_204	0.358355091383812
CNP0000460_CATCAAGGTGTCGCTG-1_1_1_1	CNP0000460_P03T	CNP0000460	DF.classifications_0.25_0.22_204	Singlet	pANN_0.25_0.22_204	0.117493472584856
CNP0000460_CATCAAGTCCTAGGGC-1_1_1_1	CNP0000460_P03T	CNP0000460	DF.classifications_0.25_0.22_204	Singlet	pANN_0.25_0.22_204	0.0966057441253264
CNP0000460_CATCAAGTCGATAGAA-1_1_1_1	CNP0000460_P03T	CNP0000460	DF.classifications_0.25_0.22_204	Singlet	pANN_0.25_0.22_204	0.0894255874673629
CNP0000460_CATCAGAAGAATGTTG-1_1_1_1	CNP0000460_P03T	CNP0000460	DF.classifications_0.25_0.22_204	Singlet	pANN_0.25_0.22_204	0.259791122715405
CNP0000460_CATCAGAAGACAGGCT-1_1_1_1	CNP0000460_P03T	CNP0000460	DF.classifications_0.25_0.22_204	Singlet	pANN_0.25_0.22_204	0.118146214099217
CNP0000460_CATCAGAAGTCTTGCA-1_1_1_1	CNP0000460_P03T	CNP0000460	DF.classifications_0.25_0.22_204	Singlet	pANN_0.25_0.22_204	0.119451697127937
CNP0000460_CATCAGACAATAGCAA-1_1_1_1	CNP0000460_P03T	CNP0000460	DF.classifications_0.25_0.22_204	Singlet	pANN_0.25_0.22_204	0.119451697127937
CNP0000460_CATCAGACACATCTTT-1_1_1_1	CNP0000460_P03T	CNP0000460	DF.classifications_0.25_0.22_204	Singlet	pANN_0.25_0.22_204	0.151436031331593
CNP0000460_CATCAGACAGTTAACC-1_1_1_1	CNP0000460_P03T	CNP0000460	DF.classifications_0.25_0.22_204	Singlet	pANN_0.25_0.22_204	0.350522193211488
CNP0000460_CATCAGAGTATGAAAC-1_1_1_1	CNP0000460_P03T	CNP0000460	DF.classifications_0.25_0.22_204	Singlet	pANN_0.25_0.22_204	0.288511749347258
CNP0000460_CATCAGAGTCAGAATA-1_1_1_1	CNP0000460_P03T	CNP0000460	DF.classifications_0.25_0.22_204	Singlet	pANN_0.25_0.22_204	0.156005221932115
CNP0000460_CATCAGAGTCGTGGCT-1_1_1_1	CNP0000460_P03T	CNP0000460	DF.classifications_0.25_0.22_204	Singlet	pANN_0.25_0.22_204	0.334856396866841
CNP0000460_CATCAGAGTCTGCCAG-1_1_1_1	CNP0000460_P03T	CNP0000460	DF.classifications_0.25_0.22_204	Singlet	pANN_0.25_0.22_204	0.3322454308094
CNP0000460_CATCAGAGTGACAAAT-1_1_1_1	CNP0000460_P03T	CNP0000460	DF.classifications_0.25_0.22_204	Singlet	pANN_0.25_0.22_204	0.0946475195822454
CNP0000460_CATCAGAGTGTGCCTG-1_1_1_1	CNP0000460_P03T	CNP0000460	DF.classifications_0.25_0.22_204	Singlet	pANN_0.25_0.22_204	0.101827676240209
CNP0000460_CATCAGAGTTCTGAAC-1_1_1_1	CNP0000460_P03T	CNP0000460	DF.classifications_0.25_0.22_204	Singlet	pANN_0.25_0.22_204	0.217362924281984
CNP0000460_CATCAGATCGCCAAAT-1_1_1_1	CNP0000460_P03T	CNP0000460	DF.classifications_0.25_0.22_204	Singlet	pANN_0.25_0.22_204	0.153394255874674
CNP0000460_CATCAGATCTTACCTA-1_1_1_1	CNP0000460_P03T	CNP0000460	DF.classifications_0.25_0.22_204	Singlet	pANN_0.25_0.22_204	0.298302872062663
CNP0000460_CATCCACAGAGACTTA-1_1_1_1	CNP0000460_P03T	CNP0000460	DF.classifications_0.25_0.22_204	Singlet	pANN_0.25_0.22_204	0.35509138381201
CNP0000460_CATCCACAGGTAGCTG-1_1_1_1	CNP0000460_P03T	CNP0000460	DF.classifications_0.25_0.22_204	Singlet	pANN_0.25_0.22_204	0.126631853785901
CNP0000460_CATCCACCAACCGCCA-1_1_1_1	CNP0000460_P03T	CNP0000460	DF.classifications_0.25_0.22_204	Singlet	pANN_0.25_0.22_204	0.283942558746736
CNP0000460_CATCCACCAAGCCCAC-1_1_1_1	CNP0000460_P03T	CNP0000460	DF.classifications_0.25_0.22_204	Singlet	pANN_0.25_0.22_204	0.343342036553525
CNP0000460_CATCCACCAAGCCGTC-1_1_1_1	CNP0000460_P03T	CNP0000460	DF.classifications_0.25_0.22_204	Singlet	pANN_0.25_0.22_204	0.357049608355091
CNP0000460_CATCCACCAGTCACTA-1_1_1_1	CNP0000460_P03T	CNP0000460	DF.classifications_0.25_0.22_204	Singlet	pANN_0.25_0.22_204	0.359660574412533
CNP0000460_CATCCACCATCCTTGC-1_1_1_1	CNP0000460_P03T	CNP0000460	DF.classifications_0.25_0.22_204	Singlet	pANN_0.25_0.22_204	0.112924281984334
CNP0000460_CATCCACGTTCACCTC-1_1_1_1	CNP0000460_P03T	CNP0000460	DF.classifications_0.25_0.22_204	Singlet	pANN_0.25_0.22_204	0.347258485639687
CNP0000460_CATCCACTCAGCATGT-1_1_1_1	CNP0000460_P03T	CNP0000460	DF.classifications_0.25_0.22_204	Singlet	pANN_0.25_0.22_204	0.0822454308093995
CNP0000460_CATCCACTCATAACCG-1_1_1_1	CNP0000460_P03T	CNP0000460	DF.classifications_0.25_0.22_204	Singlet	pANN_0.25_0.22_204	0.358355091383812
CNP0000460_CATCCACTCGGACAAG-1_1_1_1	CNP0000460_P03T	CNP0000460	DF.classifications_0.25_0.22_204	Singlet	pANN_0.25_0.22_204	0.0887728459530026
CNP0000460_CATCGAAAGCAGACTG-1_1_1_1	CNP0000460_P03T	CNP0000460	DF.classifications_0.25_0.22_204	Singlet	pANN_0.25_0.22_204	0.12467362924282
CNP0000460_CATCGAACAATACGCT-1_1_1_1	CNP0000460_P03T	CNP0000460	DF.classifications_0.25_0.22_204	Singlet	pANN_0.25_0.22_204	0.356396866840731
CNP0000460_CATCGAACAGATGAGC-1_1_1_1	CNP0000460_P03T	CNP0000460	DF.classifications_0.25_0.22_204	Singlet	pANN_0.25_0.22_204	0.277415143603133
CNP0000460_CATCGAACAGCGATCC-1_1_1_1	CNP0000460_P03T	CNP0000460	DF.classifications_0.25_0.22_204	Singlet	pANN_0.25_0.22_204	0.0939947780678851
CNP0000460_CATCGAACAGGACCCT-1_1_1_1	CNP0000460_P03T	CNP0000460	DF.classifications_0.25_0.22_204	Singlet	pANN_0.25_0.22_204	0.309399477806789
CNP0000460_CATCGAAGTGCTCTTC-1_1_1_1	CNP0000460_P03T	CNP0000460	DF.classifications_0.25_0.22_204	Singlet	pANN_0.25_0.22_204	0.101174934725849
CNP0000460_CATCGAATCCATGCTC-1_1_1_1	CNP0000460_P03T	CNP0000460	DF.classifications_0.25_0.22_204	Singlet	pANN_0.25_0.22_204	0.116840731070496
CNP0000460_CATCGAATCCGCGGTA-1_1_1_1	CNP0000460_P03T	CNP0000460	DF.classifications_0.25_0.22_204	Singlet	pANN_0.25_0.22_204	0.287859007832898
CNP0000460_CATCGAATCGCCATAA-1_1_1_1	CNP0000460_P03T	CNP0000460	DF.classifications_0.25_0.22_204	Singlet	pANN_0.25_0.22_204	0.359007832898172
CNP0000460_CATCGGGAGAAACCGC-1_1_1_1	CNP0000460_P03T	CNP0000460	DF.classifications_0.25_0.22_204	Singlet	pANN_0.25_0.22_204	0.347258485639687
CNP0000460_CATCGGGAGAAGAAGC-1_1_1_1	CNP0000460_P03T	CNP0000460	DF.classifications_0.25_0.22_204	Singlet	pANN_0.25_0.22_204	0.216057441253264
CNP0000460_CATCGGGAGATATGCA-1_1_1_1	CNP0000460_P03T	CNP0000460	DF.classifications_0.25_0.22_204	Singlet	pANN_0.25_0.22_204	0.357702349869452
CNP0000460_CATCGGGAGATGTTAG-1_1_1_1	CNP0000460_P03T	CNP0000460	DF.classifications_0.25_0.22_204	Singlet	pANN_0.25_0.22_204	0.356396866840731
CNP0000460_CATCGGGAGCAGGTCA-1_1_1_1	CNP0000460_P03T	CNP0000460	DF.classifications_0.25_0.22_204	Singlet	pANN_0.25_0.22_204	0.101174934725849
CNP0000460_CATCGGGAGGGTGTTG-1_1_1_1	CNP0000460_P03T	CNP0000460	DF.classifications_0.25_0.22_204	Singlet	pANN_0.25_0.22_204	0.18668407310705
CNP0000460_CATCGGGCAACTGCGC-1_1_1_1	CNP0000460_P03T	CNP0000460	DF.classifications_0.25_0.22_204	Singlet	pANN_0.25_0.22_204	0.285900783289817
CNP0000460_CATCGGGCAGACAAAT-1_1_1_1	CNP0000460_P03T	CNP0000460	DF.classifications_0.25_0.22_204	Singlet	pANN_0.25_0.22_204	0.204960835509138
CNP0000460_CATCGGGCAGTCAGAG-1_1_1_1	CNP0000460_P03T	CNP0000460	DF.classifications_0.25_0.22_204	Singlet	pANN_0.25_0.22_204	0.349869451697128
CNP0000460_CATCGGGGTCGCTTTC-1_1_1_1	CNP0000460_P03T	CNP0000460	DF.classifications_0.25_0.22_204	Singlet	pANN_0.25_0.22_204	0.29177545691906
CNP0000460_CATCGGGGTCTGGAGA-1_1_1_1	CNP0000460_P03T	CNP0000460	DF.classifications_0.25_0.22_204	Singlet	pANN_0.25_0.22_204	0.317885117493473
CNP0000460_CATCGGGGTGTGAATA-1_1_1_1	CNP0000460_P03T	CNP0000460	DF.classifications_0.25_0.22_204	Singlet	pANN_0.25_0.22_204	0.157963446475196
CNP0000460_CATCGGGTCACGCGGT-1_1_1_1	CNP0000460_P03T	CNP0000460	DF.classifications_0.25_0.22_204	Doublet	pANN_0.25_0.22_204	0.364882506527415
CNP0000460_CATCGGGTCGTACGGC-1_1_1_1	CNP0000460_P03T	CNP0000460	DF.classifications_0.25_0.22_204	Singlet	pANN_0.25_0.22_204	0.171018276762402
CNP0000460_CATCGGGTCGTTTATC-1_1_1_1	CNP0000460_P03T	CNP0000460	DF.classifications_0.25_0.22_204	Singlet	pANN_0.25_0.22_204	0.359660574412533
CNP0000460_CATCGGGTCTTGTCAT-1_1_1_1	CNP0000460_P03T	CNP0000460	DF.classifications_0.25_0.22_204	Singlet	pANN_0.25_0.22_204	0.283289817232376
CNP0000460_CATGACAAGAGAACAG-1_1_1_1	CNP0000460_P03T	CNP0000460	DF.classifications_0.25_0.22_204	Singlet	pANN_0.25_0.22_204	0.150783289817232
CNP0000460_CATGACAAGATCGATA-1_1_1_1	CNP0000460_P03T	CNP0000460	DF.classifications_0.25_0.22_204	Singlet	pANN_0.25_0.22_204	0.0966057441253264
CNP0000460_CATGACAAGCTAGTTC-1_1_1_1	CNP0000460_P03T	CNP0000460	DF.classifications_0.25_0.22_204	Singlet	pANN_0.25_0.22_204	0.298302872062663
CNP0000460_CATGACAAGTTTGCGT-1_1_1_1	CNP0000460_P03T	CNP0000460	DF.classifications_0.25_0.22_204	Singlet	pANN_0.25_0.22_204	0.347258485639687
CNP0000460_CATGACACAAGGCTCC-1_1_1_1	CNP0000460_P03T	CNP0000460	DF.classifications_0.25_0.22_204	Doublet	pANN_0.25_0.22_204	0.386422976501305
CNP0000460_CATGACACAGTCACTA-1_1_1_1	CNP0000460_P03T	CNP0000460	DF.classifications_0.25_0.22_204	Singlet	pANN_0.25_0.22_204	0.351827676240209
CNP0000460_CATGACATCAGCGACC-1_1_1_1	CNP0000460_P03T	CNP0000460	DF.classifications_0.25_0.22_204	Singlet	pANN_0.25_0.22_204	0.275456919060052
CNP0000460_CATGACATCCGTCAAA-1_1_1_1	CNP0000460_P03T	CNP0000460	DF.classifications_0.25_0.22_204	Singlet	pANN_0.25_0.22_204	0.127937336814621
CNP0000460_CATGCCTAGCGTTGCC-1_1_1_1	CNP0000460_P03T	CNP0000460	DF.classifications_0.25_0.22_204	Singlet	pANN_0.25_0.22_204	0.0815926892950392
CNP0000460_CATGCCTAGTACGCGA-1_1_1_1	CNP0000460_P03T	CNP0000460	DF.classifications_0.25_0.22_204	Singlet	pANN_0.25_0.22_204	0.287859007832898
CNP0000460_CATGCCTCAAGGTTCT-1_1_1_1	CNP0000460_P03T	CNP0000460	DF.classifications_0.25_0.22_204	Singlet	pANN_0.25_0.22_204	0.113577023498695
CNP0000460_CATGCCTCACATGGGA-1_1_1_1	CNP0000460_P03T	CNP0000460	DF.classifications_0.25_0.22_204	Singlet	pANN_0.25_0.22_204	0.151436031331593
CNP0000460_CATGCCTGTAGAGCTG-1_1_1_1	CNP0000460_P03T	CNP0000460	DF.classifications_0.25_0.22_204	Singlet	pANN_0.25_0.22_204	0.159921671018277
CNP0000460_CATGCCTGTTCGTGAT-1_1_1_1	CNP0000460_P03T	CNP0000460	DF.classifications_0.25_0.22_204	Singlet	pANN_0.25_0.22_204	0.116840731070496
CNP0000460_CATGCCTTCGGCCGAT-1_1_1_1	CNP0000460_P03T	CNP0000460	DF.classifications_0.25_0.22_204	Singlet	pANN_0.25_0.22_204	0.144255874673629
CNP0000460_CATGCCTTCGTGGGAA-1_1_1_1	CNP0000460_P03T	CNP0000460	DF.classifications_0.25_0.22_204	Singlet	pANN_0.25_0.22_204	0.142297650130548
CNP0000460_CATGCCTTCTGCTTGC-1_1_1_1	CNP0000460_P03T	CNP0000460	DF.classifications_0.25_0.22_204	Singlet	pANN_0.25_0.22_204	0.114229765013055
CNP0000460_CATGGCGAGACTTGAA-1_1_1_1	CNP0000460_P03T	CNP0000460	DF.classifications_0.25_0.22_204	Singlet	pANN_0.25_0.22_204	0.281331592689295
CNP0000460_CATGGCGCACCGATAT-1_1_1_1	CNP0000460_P03T	CNP0000460	DF.classifications_0.25_0.22_204	Singlet	pANN_0.25_0.22_204	0.357049608355091
CNP0000460_CATGGCGGTGTCTGAT-1_1_1_1	CNP0000460_P03T	CNP0000460	DF.classifications_0.25_0.22_204	Singlet	pANN_0.25_0.22_204	0.355744125326371
CNP0000460_CATGGCGGTTGATTGC-1_1_1_1	CNP0000460_P03T	CNP0000460	DF.classifications_0.25_0.22_204	Singlet	pANN_0.25_0.22_204	0.168407310704961
CNP0000460_CATGGCGTCATCTGTT-1_1_1_1	CNP0000460_P03T	CNP0000460	DF.classifications_0.25_0.22_204	Singlet	pANN_0.25_0.22_204	0.107702349869452
CNP0000460_CATGGCGTCCACGCAG-1_1_1_1	CNP0000460_P03T	CNP0000460	DF.classifications_0.25_0.22_204	Singlet	pANN_0.25_0.22_204	0.349216710182768
CNP0000460_CATGGCGTCTCGAGTA-1_1_1_1	CNP0000460_P03T	CNP0000460	DF.classifications_0.25_0.22_204	Singlet	pANN_0.25_0.22_204	0.29177545691906
CNP0000460_CATTATCAGAGACTAT-1_1_1_1	CNP0000460_P03T	CNP0000460	DF.classifications_0.25_0.22_204	Singlet	pANN_0.25_0.22_204	0.261749347258486
CNP0000460_CATTATCAGCCGGTAA-1_1_1_1	CNP0000460_P03T	CNP0000460	DF.classifications_0.25_0.22_204	Singlet	pANN_0.25_0.22_204	0.109660574412533
CNP0000460_CATTATCAGGCTATCT-1_1_1_1	CNP0000460_P03T	CNP0000460	DF.classifications_0.25_0.22_204	Singlet	pANN_0.25_0.22_204	0.163185378590078
CNP0000460_CATTATCCAATACGCT-1_1_1_1	CNP0000460_P03T	CNP0000460	DF.classifications_0.25_0.22_204	Singlet	pANN_0.25_0.22_204	0.35509138381201
CNP0000460_CATTATCCATACCATG-1_1_1_1	CNP0000460_P03T	CNP0000460	DF.classifications_0.25_0.22_204	Singlet	pANN_0.25_0.22_204	0.347258485639687
CNP0000460_CATTATCGTAGCCTAT-1_1_1_1	CNP0000460_P03T	CNP0000460	DF.classifications_0.25_0.22_204	Singlet	pANN_0.25_0.22_204	0.35509138381201
CNP0000460_CATTATCGTCGACTAT-1_1_1_1	CNP0000460_P03T	CNP0000460	DF.classifications_0.25_0.22_204	Singlet	pANN_0.25_0.22_204	0.139686684073107
CNP0000460_CATTATCTCTACTATC-1_1_1_1	CNP0000460_P03T	CNP0000460	DF.classifications_0.25_0.22_204	Singlet	pANN_0.25_0.22_204	0.275456919060052
CNP0000460_CATTCGCAGCAGGCTA-1_1_1_1	CNP0000460_P03T	CNP0000460	DF.classifications_0.25_0.22_204	Singlet	pANN_0.25_0.22_204	0.199086161879896
CNP0000460_CATTCGCAGCTTTGGT-1_1_1_1	CNP0000460_P03T	CNP0000460	DF.classifications_0.25_0.22_204	Singlet	pANN_0.25_0.22_204	0.137728459530026
CNP0000460_CATTCGCAGTGCCAGA-1_1_1_1	CNP0000460_P03T	CNP0000460	DF.classifications_0.25_0.22_204	Singlet	pANN_0.25_0.22_204	0.148172323759791
CNP0000460_CATTCGCCATCCGGGT-1_1_1_1	CNP0000460_P03T	CNP0000460	DF.classifications_0.25_0.22_204	Singlet	pANN_0.25_0.22_204	0.169712793733681
CNP0000460_CATTCGCGTATAAACG-1_1_1_1	CNP0000460_P03T	CNP0000460	DF.classifications_0.25_0.22_204	Singlet	pANN_0.25_0.22_204	0.35443864229765
CNP0000460_CATTCGCGTCAGCTAT-1_1_1_1	CNP0000460_P03T	CNP0000460	DF.classifications_0.25_0.22_204	Singlet	pANN_0.25_0.22_204	0.135770234986945
CNP0000460_CATTCGCGTGCGAAAC-1_1_1_1	CNP0000460_P03T	CNP0000460	DF.classifications_0.25_0.22_204	Singlet	pANN_0.25_0.22_204	0.0907310704960835
CNP0000460_CATTCGCGTGGCGAAT-1_1_1_1	CNP0000460_P03T	CNP0000460	DF.classifications_0.25_0.22_204	Singlet	pANN_0.25_0.22_204	0.351174934725849
CNP0000460_CATTCGCGTTCCACTC-1_1_1_1	CNP0000460_P03T	CNP0000460	DF.classifications_0.25_0.22_204	Singlet	pANN_0.25_0.22_204	0.120104438642298
CNP0000460_CATTCGCTCGTACCGG-1_1_1_1	CNP0000460_P03T	CNP0000460	DF.classifications_0.25_0.22_204	Singlet	pANN_0.25_0.22_204	0.193864229765013
CNP0000460_CCAATCCAGGACCACA-1_1_1_1	CNP0000460_P03T	CNP0000460	DF.classifications_0.25_0.22_204	Singlet	pANN_0.25_0.22_204	0.276762402088773
CNP0000460_CCAATCCCAAGCCATT-1_1_1_1	CNP0000460_P03T	CNP0000460	DF.classifications_0.25_0.22_204	Singlet	pANN_0.25_0.22_204	0.214099216710183
CNP0000460_CCAATCCCAATACGCT-1_1_1_1	CNP0000460_P03T	CNP0000460	DF.classifications_0.25_0.22_204	Singlet	pANN_0.25_0.22_204	0.357702349869452
CNP0000460_CCAATCCCAGACAAAT-1_1_1_1	CNP0000460_P03T	CNP0000460	DF.classifications_0.25_0.22_204	Singlet	pANN_0.25_0.22_204	0.114229765013055
CNP0000460_CCAATCCCATTCTCAT-1_1_1_1	CNP0000460_P03T	CNP0000460	DF.classifications_0.25_0.22_204	Singlet	pANN_0.25_0.22_204	0.35509138381201
CNP0000460_CCAATCCGTAAACACA-1_1_1_1	CNP0000460_P03T	CNP0000460	DF.classifications_0.25_0.22_204	Singlet	pANN_0.25_0.22_204	0.122715404699739
CNP0000460_CCAATCCGTGACTACT-1_1_1_1	CNP0000460_P03T	CNP0000460	DF.classifications_0.25_0.22_204	Singlet	pANN_0.25_0.22_204	0.0815926892950392
CNP0000460_CCAATCCTCGGAATCT-1_1_1_1	CNP0000460_P03T	CNP0000460	DF.classifications_0.25_0.22_204	Singlet	pANN_0.25_0.22_204	0.356396866840731
CNP0000460_CCAATCCTCGTTACAG-1_1_1_1	CNP0000460_P03T	CNP0000460	DF.classifications_0.25_0.22_204	Doublet	pANN_0.25_0.22_204	0.364882506527415
CNP0000460_CCAATCCTCTATCCCG-1_1_1_1	CNP0000460_P03T	CNP0000460	DF.classifications_0.25_0.22_204	Singlet	pANN_0.25_0.22_204	0.357049608355091
CNP0000460_CCACCTAAGATCGATA-1_1_1_1	CNP0000460_P03T	CNP0000460	DF.classifications_0.25_0.22_204	Singlet	pANN_0.25_0.22_204	0.347911227154047
CNP0000460_CCACCTAAGGCTCTTA-1_1_1_1	CNP0000460_P03T	CNP0000460	DF.classifications_0.25_0.22_204	Singlet	pANN_0.25_0.22_204	0.0939947780678851
CNP0000460_CCACCTACAATGTAAG-1_1_1_1	CNP0000460_P03T	CNP0000460	DF.classifications_0.25_0.22_204	Singlet	pANN_0.25_0.22_204	0.0842036553524804
CNP0000460_CCACCTACACATGGGA-1_1_1_1	CNP0000460_P03T	CNP0000460	DF.classifications_0.25_0.22_204	Singlet	pANN_0.25_0.22_204	0.120757180156658
CNP0000460_CCACCTAGTAGGCTGA-1_1_1_1	CNP0000460_P03T	CNP0000460	DF.classifications_0.25_0.22_204	Singlet	pANN_0.25_0.22_204	0.100522193211488
CNP0000460_CCACCTAGTCTCTTTA-1_1_1_1	CNP0000460_P03T	CNP0000460	DF.classifications_0.25_0.22_204	Singlet	pANN_0.25_0.22_204	0.273498694516971
CNP0000460_CCACCTAGTGATGTGG-1_1_1_1	CNP0000460_P03T	CNP0000460	DF.classifications_0.25_0.22_204	Singlet	pANN_0.25_0.22_204	0.161227154046997
CNP0000460_CCACCTATCAATCACG-1_1_1_1	CNP0000460_P03T	CNP0000460	DF.classifications_0.25_0.22_204	Singlet	pANN_0.25_0.22_204	0.16644908616188
CNP0000460_CCACCTATCATAAAGG-1_1_1_1	CNP0000460_P03T	CNP0000460	DF.classifications_0.25_0.22_204	Singlet	pANN_0.25_0.22_204	0.349869451697128
CNP0000460_CCACCTATCGTTACAG-1_1_1_1	CNP0000460_P03T	CNP0000460	DF.classifications_0.25_0.22_204	Singlet	pANN_0.25_0.22_204	0.139686684073107
CNP0000460_CCACCTATCTTCTGGC-1_1_1_1	CNP0000460_P03T	CNP0000460	DF.classifications_0.25_0.22_204	Singlet	pANN_0.25_0.22_204	0.251958224543081
CNP0000460_CCACGGAAGTACGACG-1_1_1_1	CNP0000460_P03T	CNP0000460	DF.classifications_0.25_0.22_204	Singlet	pANN_0.25_0.22_204	0.289817232375979
CNP0000460_CCACGGAAGTTTCCTT-1_1_1_1	CNP0000460_P03T	CNP0000460	DF.classifications_0.25_0.22_204	Singlet	pANN_0.25_0.22_204	0.114229765013055
CNP0000460_CCACGGACAAGTAATG-1_1_1_1	CNP0000460_P03T	CNP0000460	DF.classifications_0.25_0.22_204	Singlet	pANN_0.25_0.22_204	0.0926892950391645
CNP0000460_CCACGGACAGGGATTG-1_1_1_1	CNP0000460_P03T	CNP0000460	DF.classifications_0.25_0.22_204	Singlet	pANN_0.25_0.22_204	0.258485639686684
CNP0000460_CCACGGAGTAAGCACG-1_1_1_1	CNP0000460_P03T	CNP0000460	DF.classifications_0.25_0.22_204	Singlet	pANN_0.25_0.22_204	0.358355091383812
CNP0000460_CCACGGAGTAGGGACT-1_1_1_1	CNP0000460_P03T	CNP0000460	DF.classifications_0.25_0.22_204	Singlet	pANN_0.25_0.22_204	0.0881201044386423
CNP0000460_CCACGGAGTCCCGACA-1_1_1_1	CNP0000460_P03T	CNP0000460	DF.classifications_0.25_0.22_204	Singlet	pANN_0.25_0.22_204	0.308093994778068
CNP0000460_CCACGGAGTGAGGCTA-1_1_1_1	CNP0000460_P03T	CNP0000460	DF.classifications_0.25_0.22_204	Singlet	pANN_0.25_0.22_204	0.171018276762402
CNP0000460_CCACGGAGTTGGTAAA-1_1_1_1	CNP0000460_P03T	CNP0000460	DF.classifications_0.25_0.22_204	Singlet	pANN_0.25_0.22_204	0.158616187989556
CNP0000460_CCACGGAGTTGTCTTT-1_1_1_1	CNP0000460_P03T	CNP0000460	DF.classifications_0.25_0.22_204	Singlet	pANN_0.25_0.22_204	0.360313315926893
CNP0000460_CCACGGATCAAAGTAG-1_1_1_1	CNP0000460_P03T	CNP0000460	DF.classifications_0.25_0.22_204	Singlet	pANN_0.25_0.22_204	0.0953002610966057
CNP0000460_CCACGGATCACGACTA-1_1_1_1	CNP0000460_P03T	CNP0000460	DF.classifications_0.25_0.22_204	Singlet	pANN_0.25_0.22_204	0.14490861618799
CNP0000460_CCACGGATCCTCATTA-1_1_1_1	CNP0000460_P03T	CNP0000460	DF.classifications_0.25_0.22_204	Singlet	pANN_0.25_0.22_204	0.140992167101828
CNP0000460_CCACGGATCGCTGATA-1_1_1_1	CNP0000460_P03T	CNP0000460	DF.classifications_0.25_0.22_204	Singlet	pANN_0.25_0.22_204	0.114229765013055
CNP0000460_CCACGGATCGGACAAG-1_1_1_1	CNP0000460_P03T	CNP0000460	DF.classifications_0.25_0.22_204	Singlet	pANN_0.25_0.22_204	0.358355091383812
CNP0000460_CCACTACAGCAGATCG-1_1_1_1	CNP0000460_P03T	CNP0000460	DF.classifications_0.25_0.22_204	Singlet	pANN_0.25_0.22_204	0.114229765013055
CNP0000460_CCACTACAGTGATCGG-1_1_1_1	CNP0000460_P03T	CNP0000460	DF.classifications_0.25_0.22_204	Singlet	pANN_0.25_0.22_204	0.10313315926893
CNP0000460_CCACTACCACAAGACG-1_1_1_1	CNP0000460_P03T	CNP0000460	DF.classifications_0.25_0.22_204	Singlet	pANN_0.25_0.22_204	0.0933420365535248
CNP0000460_CCACTACCACGTTGGC-1_1_1_1	CNP0000460_P03T	CNP0000460	DF.classifications_0.25_0.22_204	Singlet	pANN_0.25_0.22_204	0.118798955613577
CNP0000460_CCACTACCAGCGTCCA-1_1_1_1	CNP0000460_P03T	CNP0000460	DF.classifications_0.25_0.22_204	Singlet	pANN_0.25_0.22_204	0.112924281984334
CNP0000460_CCACTACCATTACGAC-1_1_1_1	CNP0000460_P03T	CNP0000460	DF.classifications_0.25_0.22_204	Doublet	pANN_0.25_0.22_204	0.361618798955614
CNP0000460_CCACTACGTCATATCG-1_1_1_1	CNP0000460_P03T	CNP0000460	DF.classifications_0.25_0.22_204	Singlet	pANN_0.25_0.22_204	0.22845953002611
CNP0000460_CCACTACTCATAAAGG-1_1_1_1	CNP0000460_P03T	CNP0000460	DF.classifications_0.25_0.22_204	Singlet	pANN_0.25_0.22_204	0.35509138381201
CNP0000460_CCAGCGAAGTTCGATC-1_1_1_1	CNP0000460_P03T	CNP0000460	DF.classifications_0.25_0.22_204	Singlet	pANN_0.25_0.22_204	0.109007832898172
CNP0000460_CCAGCGACAAGGACAC-1_1_1_1	CNP0000460_P03T	CNP0000460	DF.classifications_0.25_0.22_204	Doublet	pANN_0.25_0.22_204	0.362924281984334
CNP0000460_CCAGCGACAATGACCT-1_1_1_1	CNP0000460_P03T	CNP0000460	DF.classifications_0.25_0.22_204	Doublet	pANN_0.25_0.22_204	0.361618798955614
CNP0000460_CCAGCGACACATGTGT-1_1_1_1	CNP0000460_P03T	CNP0000460	DF.classifications_0.25_0.22_204	Singlet	pANN_0.25_0.22_204	0.20757180156658
CNP0000460_CCAGCGAGTAGCGTAG-1_1_1_1	CNP0000460_P03T	CNP0000460	DF.classifications_0.25_0.22_204	Singlet	pANN_0.25_0.22_204	0.087467362924282
CNP0000460_CCAGCGAGTCTGATTG-1_1_1_1	CNP0000460_P03T	CNP0000460	DF.classifications_0.25_0.22_204	Singlet	pANN_0.25_0.22_204	0.348563968668407
CNP0000460_CCAGCGAGTTTGTTGG-1_1_1_1	CNP0000460_P03T	CNP0000460	DF.classifications_0.25_0.22_204	Singlet	pANN_0.25_0.22_204	0.0868146214099217
CNP0000460_CCAGCGATCCACTCCA-1_1_1_1	CNP0000460_P03T	CNP0000460	DF.classifications_0.25_0.22_204	Singlet	pANN_0.25_0.22_204	0.120104438642298
CNP0000460_CCATGTCAGAGATGAG-1_1_1_1	CNP0000460_P03T	CNP0000460	DF.classifications_0.25_0.22_204	Singlet	pANN_0.25_0.22_204	0.261749347258486
CNP0000460_CCATGTCAGATGGCGT-1_1_1_1	CNP0000460_P03T	CNP0000460	DF.classifications_0.25_0.22_204	Singlet	pANN_0.25_0.22_204	0.131201044386423
CNP0000460_CCATGTCAGGATATAC-1_1_1_1	CNP0000460_P03T	CNP0000460	DF.classifications_0.25_0.22_204	Singlet	pANN_0.25_0.22_204	0.0926892950391645
CNP0000460_CCATGTCAGGGTGTTG-1_1_1_1	CNP0000460_P03T	CNP0000460	DF.classifications_0.25_0.22_204	Singlet	pANN_0.25_0.22_204	0.35313315926893
CNP0000460_CCATGTCCAAGAGTCG-1_1_1_1	CNP0000460_P03T	CNP0000460	DF.classifications_0.25_0.22_204	Singlet	pANN_0.25_0.22_204	0.278720626631854
CNP0000460_CCATGTCCAATCCAAC-1_1_1_1	CNP0000460_P03T	CNP0000460	DF.classifications_0.25_0.22_204	Singlet	pANN_0.25_0.22_204	0.0842036553524804
CNP0000460_CCATGTCCACAGGAGT-1_1_1_1	CNP0000460_P03T	CNP0000460	DF.classifications_0.25_0.22_204	Singlet	pANN_0.25_0.22_204	0.287206266318538
CNP0000460_CCATGTCCACGAAGCA-1_1_1_1	CNP0000460_P03T	CNP0000460	DF.classifications_0.25_0.22_204	Singlet	pANN_0.25_0.22_204	0.10313315926893
CNP0000460_CCATGTCGTAAGTGTA-1_1_1_1	CNP0000460_P03T	CNP0000460	DF.classifications_0.25_0.22_204	Singlet	pANN_0.25_0.22_204	0.24934725848564
CNP0000460_CCATGTCGTAGCCTCG-1_1_1_1	CNP0000460_P03T	CNP0000460	DF.classifications_0.25_0.22_204	Singlet	pANN_0.25_0.22_204	0.0926892950391645
CNP0000460_CCATGTCGTAGTAGTA-1_1_1_1	CNP0000460_P03T	CNP0000460	DF.classifications_0.25_0.22_204	Singlet	pANN_0.25_0.22_204	0.0894255874673629
CNP0000460_CCATGTCGTTGCGTTA-1_1_1_1	CNP0000460_P03T	CNP0000460	DF.classifications_0.25_0.22_204	Singlet	pANN_0.25_0.22_204	0.280026109660574
CNP0000460_CCATGTCTCACATACG-1_1_1_1	CNP0000460_P03T	CNP0000460	DF.classifications_0.25_0.22_204	Singlet	pANN_0.25_0.22_204	0.105744125326371
CNP0000460_CCATGTCTCCGCATCT-1_1_1_1	CNP0000460_P03T	CNP0000460	DF.classifications_0.25_0.22_204	Singlet	pANN_0.25_0.22_204	0.12597911227154
CNP0000460_CCATTCGCAAAGCGGT-1_1_1_1	CNP0000460_P03T	CNP0000460	DF.classifications_0.25_0.22_204	Singlet	pANN_0.25_0.22_204	0.35313315926893
CNP0000460_CCATTCGCAATGGACG-1_1_1_1	CNP0000460_P03T	CNP0000460	DF.classifications_0.25_0.22_204	Singlet	pANN_0.25_0.22_204	0.110313315926893
CNP0000460_CCATTCGCATTAACCG-1_1_1_1	CNP0000460_P03T	CNP0000460	DF.classifications_0.25_0.22_204	Doublet	pANN_0.25_0.22_204	0.362271540469974
CNP0000460_CCATTCGGTATGCTTG-1_1_1_1	CNP0000460_P03T	CNP0000460	DF.classifications_0.25_0.22_204	Singlet	pANN_0.25_0.22_204	0.0966057441253264
CNP0000460_CCATTCGGTCATACTG-1_1_1_1	CNP0000460_P03T	CNP0000460	DF.classifications_0.25_0.22_204	Singlet	pANN_0.25_0.22_204	0.351827676240209
CNP0000460_CCATTCGGTCCGAGTC-1_1_1_1	CNP0000460_P03T	CNP0000460	DF.classifications_0.25_0.22_204	Singlet	pANN_0.25_0.22_204	0.35509138381201
CNP0000460_CCATTCGTCAACACAC-1_1_1_1	CNP0000460_P03T	CNP0000460	DF.classifications_0.25_0.22_204	Singlet	pANN_0.25_0.22_204	0.204960835509138
CNP0000460_CCATTCGTCAGATAAG-1_1_1_1	CNP0000460_P03T	CNP0000460	DF.classifications_0.25_0.22_204	Singlet	pANN_0.25_0.22_204	0.35313315926893
CNP0000460_CCATTCGTCCACTGGG-1_1_1_1	CNP0000460_P03T	CNP0000460	DF.classifications_0.25_0.22_204	Singlet	pANN_0.25_0.22_204	0.295039164490862
CNP0000460_CCATTCGTCGATCCCT-1_1_1_1	CNP0000460_P03T	CNP0000460	DF.classifications_0.25_0.22_204	Singlet	pANN_0.25_0.22_204	0.276762402088773
CNP0000460_CCATTCGTCGTAGGTT-1_1_1_1	CNP0000460_P03T	CNP0000460	DF.classifications_0.25_0.22_204	Singlet	pANN_0.25_0.22_204	0.355744125326371
CNP0000460_CCCAATCAGCGATCCC-1_1_1_1	CNP0000460_P03T	CNP0000460	DF.classifications_0.25_0.22_204	Singlet	pANN_0.25_0.22_204	0.235639686684073
CNP0000460_CCCAATCCAAGCTGAG-1_1_1_1	CNP0000460_P03T	CNP0000460	DF.classifications_0.25_0.22_204	Singlet	pANN_0.25_0.22_204	0.355744125326371
CNP0000460_CCCAATCCACGGACAA-1_1_1_1	CNP0000460_P03T	CNP0000460	DF.classifications_0.25_0.22_204	Singlet	pANN_0.25_0.22_204	0.341383812010444
CNP0000460_CCCAATCCAGACAAGC-1_1_1_1	CNP0000460_P03T	CNP0000460	DF.classifications_0.25_0.22_204	Singlet	pANN_0.25_0.22_204	0.118798955613577
CNP0000460_CCCAATCCATCGGGTC-1_1_1_1	CNP0000460_P03T	CNP0000460	DF.classifications_0.25_0.22_204	Singlet	pANN_0.25_0.22_204	0.0992167101827676
CNP0000460_CCCAATCTCAAACGGG-1_1_1_1	CNP0000460_P03T	CNP0000460	DF.classifications_0.25_0.22_204	Singlet	pANN_0.25_0.22_204	0.280678851174935
CNP0000460_CCCAATCTCGGCTTGG-1_1_1_1	CNP0000460_P03T	CNP0000460	DF.classifications_0.25_0.22_204	Singlet	pANN_0.25_0.22_204	0.222584856396867
CNP0000460_CCCAATCTCTGTACGA-1_1_1_1	CNP0000460_P03T	CNP0000460	DF.classifications_0.25_0.22_204	Singlet	pANN_0.25_0.22_204	0.2911227154047
CNP0000460_CCCAGTTAGCCAGAAC-1_1_1_1	CNP0000460_P03T	CNP0000460	DF.classifications_0.25_0.22_204	Singlet	pANN_0.25_0.22_204	0.12402088772846
CNP0000460_CCCAGTTAGGATTCGG-1_1_1_1	CNP0000460_P03T	CNP0000460	DF.classifications_0.25_0.22_204	Singlet	pANN_0.25_0.22_204	0.242819843342037
CNP0000460_CCCAGTTAGTAGGCCA-1_1_1_1	CNP0000460_P03T	CNP0000460	DF.classifications_0.25_0.22_204	Singlet	pANN_0.25_0.22_204	0.281984334203655
CNP0000460_CCCAGTTAGTTGTCGT-1_1_1_1	CNP0000460_P03T	CNP0000460	DF.classifications_0.25_0.22_204	Singlet	pANN_0.25_0.22_204	0.29242819843342
CNP0000460_CCCAGTTCAAGCCCAC-1_1_1_1	CNP0000460_P03T	CNP0000460	DF.classifications_0.25_0.22_204	Singlet	pANN_0.25_0.22_204	0.154046997389034
CNP0000460_CCCAGTTGTAGGCTGA-1_1_1_1	CNP0000460_P03T	CNP0000460	DF.classifications_0.25_0.22_204	Singlet	pANN_0.25_0.22_204	0.350522193211488
CNP0000460_CCCAGTTGTCTCACCT-1_1_1_1	CNP0000460_P03T	CNP0000460	DF.classifications_0.25_0.22_204	Singlet	pANN_0.25_0.22_204	0.237597911227154
CNP0000460_CCCAGTTGTGAAATCA-1_1_1_1	CNP0000460_P03T	CNP0000460	DF.classifications_0.25_0.22_204	Singlet	pANN_0.25_0.22_204	0.288511749347258
CNP0000460_CCCAGTTGTTCAGGCC-1_1_1_1	CNP0000460_P03T	CNP0000460	DF.classifications_0.25_0.22_204	Singlet	pANN_0.25_0.22_204	0.160574412532637
CNP0000460_CCCAGTTTCTATCCTA-1_1_1_1	CNP0000460_P03T	CNP0000460	DF.classifications_0.25_0.22_204	Singlet	pANN_0.25_0.22_204	0.349869451697128
CNP0000460_CCCAGTTTCTCGTTTA-1_1_1_1	CNP0000460_P03T	CNP0000460	DF.classifications_0.25_0.22_204	Singlet	pANN_0.25_0.22_204	0.157310704960836
CNP0000460_CCCATACAGCCAGGAT-1_1_1_1	CNP0000460_P03T	CNP0000460	DF.classifications_0.25_0.22_204	Singlet	pANN_0.25_0.22_204	0.177545691906005
CNP0000460_CCCATACAGCGGCTTC-1_1_1_1	CNP0000460_P03T	CNP0000460	DF.classifications_0.25_0.22_204	Singlet	pANN_0.25_0.22_204	0.097911227154047
CNP0000460_CCCATACCACGGCCAT-1_1_1_1	CNP0000460_P03T	CNP0000460	DF.classifications_0.25_0.22_204	Singlet	pANN_0.25_0.22_204	0.112924281984334
CNP0000460_CCCATACCAGCATACT-1_1_1_1	CNP0000460_P03T	CNP0000460	DF.classifications_0.25_0.22_204	Singlet	pANN_0.25_0.22_204	0.223890339425587
CNP0000460_CCCATACGTTCGTGAT-1_1_1_1	CNP0000460_P03T	CNP0000460	DF.classifications_0.25_0.22_204	Singlet	pANN_0.25_0.22_204	0.0861618798955614
CNP0000460_CCCATACGTTGCGCAC-1_1_1_1	CNP0000460_P03T	CNP0000460	DF.classifications_0.25_0.22_204	Singlet	pANN_0.25_0.22_204	0.259791122715405
CNP0000460_CCCATACTCACAGGCC-1_1_1_1	CNP0000460_P03T	CNP0000460	DF.classifications_0.25_0.22_204	Singlet	pANN_0.25_0.22_204	0.303524804177546
CNP0000460_CCCTCCTAGAGAGCTC-1_1_1_1	CNP0000460_P03T	CNP0000460	DF.classifications_0.25_0.22_204	Singlet	pANN_0.25_0.22_204	0.148825065274151
CNP0000460_CCCTCCTAGTCCAGGA-1_1_1_1	CNP0000460_P03T	CNP0000460	DF.classifications_0.25_0.22_204	Singlet	pANN_0.25_0.22_204	0.298302872062663
CNP0000460_CCCTCCTAGTGACTCT-1_1_1_1	CNP0000460_P03T	CNP0000460	DF.classifications_0.25_0.22_204	Singlet	pANN_0.25_0.22_204	0.0842036553524804
CNP0000460_CCCTCCTAGTTAAGTG-1_1_1_1	CNP0000460_P03T	CNP0000460	DF.classifications_0.25_0.22_204	Singlet	pANN_0.25_0.22_204	0.0920365535248042
CNP0000460_CCCTCCTAGTTGCAGG-1_1_1_1	CNP0000460_P03T	CNP0000460	DF.classifications_0.25_0.22_204	Singlet	pANN_0.25_0.22_204	0.272193211488251
CNP0000460_CCCTCCTCAAGCCATT-1_1_1_1	CNP0000460_P03T	CNP0000460	DF.classifications_0.25_0.22_204	Singlet	pANN_0.25_0.22_204	0.274804177545692
CNP0000460_CCCTCCTCAATCCAAC-1_1_1_1	CNP0000460_P03T	CNP0000460	DF.classifications_0.25_0.22_204	Singlet	pANN_0.25_0.22_204	0.0985639686684073
CNP0000460_CCCTCCTCACAACGTT-1_1_1_1	CNP0000460_P03T	CNP0000460	DF.classifications_0.25_0.22_204	Doublet	pANN_0.25_0.22_204	0.367493472584856
CNP0000460_CCCTCCTCACTTACGA-1_1_1_1	CNP0000460_P03T	CNP0000460	DF.classifications_0.25_0.22_204	Singlet	pANN_0.25_0.22_204	0.272193211488251
CNP0000460_CCCTCCTCATGGTAGG-1_1_1_1	CNP0000460_P03T	CNP0000460	DF.classifications_0.25_0.22_204	Singlet	pANN_0.25_0.22_204	0.221932114882507
CNP0000460_CCCTCCTGTACCAGTT-1_1_1_1	CNP0000460_P03T	CNP0000460	DF.classifications_0.25_0.22_204	Singlet	pANN_0.25_0.22_204	0.175587467362924
CNP0000460_CCCTCCTGTGATAAGT-1_1_1_1	CNP0000460_P03T	CNP0000460	DF.classifications_0.25_0.22_204	Singlet	pANN_0.25_0.22_204	0.35509138381201
CNP0000460_CCCTCCTTCAGTCAGT-1_1_1_1	CNP0000460_P03T	CNP0000460	DF.classifications_0.25_0.22_204	Singlet	pANN_0.25_0.22_204	0.359660574412533
CNP0000460_CCCTCCTTCATCTGCC-1_1_1_1	CNP0000460_P03T	CNP0000460	DF.classifications_0.25_0.22_204	Singlet	pANN_0.25_0.22_204	0.276109660574413
CNP0000460_CCCTCCTTCCCATTTA-1_1_1_1	CNP0000460_P03T	CNP0000460	DF.classifications_0.25_0.22_204	Singlet	pANN_0.25_0.22_204	0.172976501305483
CNP0000460_CCGGGATAGATGGGTC-1_1_1_1	CNP0000460_P03T	CNP0000460	DF.classifications_0.25_0.22_204	Singlet	pANN_0.25_0.22_204	0.117493472584856
CNP0000460_CCGGGATAGCTCCTTC-1_1_1_1	CNP0000460_P03T	CNP0000460	DF.classifications_0.25_0.22_204	Singlet	pANN_0.25_0.22_204	0.110313315926893
CNP0000460_CCGGGATAGTCGTACT-1_1_1_1	CNP0000460_P03T	CNP0000460	DF.classifications_0.25_0.22_204	Singlet	pANN_0.25_0.22_204	0.35509138381201
CNP0000460_CCGGGATCACAGGCCT-1_1_1_1	CNP0000460_P03T	CNP0000460	DF.classifications_0.25_0.22_204	Singlet	pANN_0.25_0.22_204	0.100522193211488
CNP0000460_CCGGGATCAGGTTTCA-1_1_1_1	CNP0000460_P03T	CNP0000460	DF.classifications_0.25_0.22_204	Singlet	pANN_0.25_0.22_204	0.0881201044386423
CNP0000460_CCGGGATCATAGACTC-1_1_1_1	CNP0000460_P03T	CNP0000460	DF.classifications_0.25_0.22_204	Singlet	pANN_0.25_0.22_204	0.359660574412533
CNP0000460_CCGGGATGTACGCACC-1_1_1_1	CNP0000460_P03T	CNP0000460	DF.classifications_0.25_0.22_204	Singlet	pANN_0.25_0.22_204	0.122062663185379
CNP0000460_CCGGGATGTGCACTTA-1_1_1_1	CNP0000460_P03T	CNP0000460	DF.classifications_0.25_0.22_204	Singlet	pANN_0.25_0.22_204	0.358355091383812
CNP0000460_CCGGGATGTGCTTCTC-1_1_1_1	CNP0000460_P03T	CNP0000460	DF.classifications_0.25_0.22_204	Singlet	pANN_0.25_0.22_204	0.12467362924282
CNP0000460_CCGGGATGTGGAAAGA-1_1_1_1	CNP0000460_P03T	CNP0000460	DF.classifications_0.25_0.22_204	Singlet	pANN_0.25_0.22_204	0.151436031331593
CNP0000460_CCGGGATGTTCACGGC-1_1_1_1	CNP0000460_P03T	CNP0000460	DF.classifications_0.25_0.22_204	Singlet	pANN_0.25_0.22_204	0.342689295039165
CNP0000460_CCGGGATTCAGGTAAA-1_1_1_1	CNP0000460_P03T	CNP0000460	DF.classifications_0.25_0.22_204	Singlet	pANN_0.25_0.22_204	0.336814621409922
CNP0000460_CCGGGATTCAGTCAGT-1_1_1_1	CNP0000460_P03T	CNP0000460	DF.classifications_0.25_0.22_204	Singlet	pANN_0.25_0.22_204	0.0939947780678851
CNP0000460_CCGGGATTCATGCAAC-1_1_1_1	CNP0000460_P03T	CNP0000460	DF.classifications_0.25_0.22_204	Singlet	pANN_0.25_0.22_204	0.302219321148825
CNP0000460_CCGGGATTCTGCTTGC-1_1_1_1	CNP0000460_P03T	CNP0000460	DF.classifications_0.25_0.22_204	Singlet	pANN_0.25_0.22_204	0.0842036553524804
CNP0000460_CCGGTAGAGAGGGATA-1_1_1_1	CNP0000460_P03T	CNP0000460	DF.classifications_0.25_0.22_204	Singlet	pANN_0.25_0.22_204	0.268929503916449
CNP0000460_CCGGTAGAGCACACAG-1_1_1_1	CNP0000460_P03T	CNP0000460	DF.classifications_0.25_0.22_204	Singlet	pANN_0.25_0.22_204	0.351827676240209
CNP0000460_CCGGTAGAGCCGATTT-1_1_1_1	CNP0000460_P03T	CNP0000460	DF.classifications_0.25_0.22_204	Singlet	pANN_0.25_0.22_204	0.133159268929504
CNP0000460_CCGGTAGAGCCGTCGT-1_1_1_1	CNP0000460_P03T	CNP0000460	DF.classifications_0.25_0.22_204	Singlet	pANN_0.25_0.22_204	0.216057441253264
CNP0000460_CCGGTAGCAATCTGCA-1_1_1_1	CNP0000460_P03T	CNP0000460	DF.classifications_0.25_0.22_204	Singlet	pANN_0.25_0.22_204	0.351827676240209
CNP0000460_CCGGTAGCAGACAAAT-1_1_1_1	CNP0000460_P03T	CNP0000460	DF.classifications_0.25_0.22_204	Singlet	pANN_0.25_0.22_204	0.109007832898172
CNP0000460_CCGGTAGCAGTCAGCC-1_1_1_1	CNP0000460_P03T	CNP0000460	DF.classifications_0.25_0.22_204	Singlet	pANN_0.25_0.22_204	0.100522193211488
CNP0000460_CCGGTAGGTAACGACG-1_1_1_1	CNP0000460_P03T	CNP0000460	DF.classifications_0.25_0.22_204	Doublet	pANN_0.25_0.22_204	0.360966057441253
CNP0000460_CCGGTAGGTATATGAG-1_1_1_1	CNP0000460_P03T	CNP0000460	DF.classifications_0.25_0.22_204	Singlet	pANN_0.25_0.22_204	0.272193211488251
CNP0000460_CCGGTAGGTCAGAAGC-1_1_1_1	CNP0000460_P03T	CNP0000460	DF.classifications_0.25_0.22_204	Singlet	pANN_0.25_0.22_204	0.280026109660574
CNP0000460_CCGGTAGGTTGATTGC-1_1_1_1	CNP0000460_P03T	CNP0000460	DF.classifications_0.25_0.22_204	Singlet	pANN_0.25_0.22_204	0.345300261096606
CNP0000460_CCGGTAGTCACAGGCC-1_1_1_1	CNP0000460_P03T	CNP0000460	DF.classifications_0.25_0.22_204	Singlet	pANN_0.25_0.22_204	0.153394255874674
CNP0000460_CCGGTAGTCGTCGTTC-1_1_1_1	CNP0000460_P03T	CNP0000460	DF.classifications_0.25_0.22_204	Singlet	pANN_0.25_0.22_204	0.128590078328982
CNP0000460_CCGTACTAGGGCTCTC-1_1_1_1	CNP0000460_P03T	CNP0000460	DF.classifications_0.25_0.22_204	Singlet	pANN_0.25_0.22_204	0.295691906005222
CNP0000460_CCGTACTAGGTGCAAC-1_1_1_1	CNP0000460_P03T	CNP0000460	DF.classifications_0.25_0.22_204	Singlet	pANN_0.25_0.22_204	0.286553524804178
CNP0000460_CCGTACTCAATGAAAC-1_1_1_1	CNP0000460_P03T	CNP0000460	DF.classifications_0.25_0.22_204	Singlet	pANN_0.25_0.22_204	0.352480417754569
CNP0000460_CCGTACTGTCAGGACA-1_1_1_1	CNP0000460_P03T	CNP0000460	DF.classifications_0.25_0.22_204	Singlet	pANN_0.25_0.22_204	0.141644908616188
CNP0000460_CCGTACTGTCCGTTAA-1_1_1_1	CNP0000460_P03T	CNP0000460	DF.classifications_0.25_0.22_204	Singlet	pANN_0.25_0.22_204	0.0802872062663185
CNP0000460_CCGTACTGTCTGCCAG-1_1_1_1	CNP0000460_P03T	CNP0000460	DF.classifications_0.25_0.22_204	Singlet	pANN_0.25_0.22_204	0.351174934725849
CNP0000460_CCGTACTGTGCACGAA-1_1_1_1	CNP0000460_P03T	CNP0000460	DF.classifications_0.25_0.22_204	Singlet	pANN_0.25_0.22_204	0.280026109660574
CNP0000460_CCGTACTTCCACGACG-1_1_1_1	CNP0000460_P03T	CNP0000460	DF.classifications_0.25_0.22_204	Singlet	pANN_0.25_0.22_204	0.257832898172324
CNP0000460_CCGTACTTCCGCATCT-1_1_1_1	CNP0000460_P03T	CNP0000460	DF.classifications_0.25_0.22_204	Singlet	pANN_0.25_0.22_204	0.349216710182768
CNP0000460_CCGTACTTCCGGCACA-1_1_1_1	CNP0000460_P03T	CNP0000460	DF.classifications_0.25_0.22_204	Singlet	pANN_0.25_0.22_204	0.137728459530026
CNP0000460_CCGTACTTCTAACGGT-1_1_1_1	CNP0000460_P03T	CNP0000460	DF.classifications_0.25_0.22_204	Singlet	pANN_0.25_0.22_204	0.276762402088773
CNP0000460_CCGTACTTCTGGTTCC-1_1_1_1	CNP0000460_P03T	CNP0000460	DF.classifications_0.25_0.22_204	Singlet	pANN_0.25_0.22_204	0.131853785900783
CNP0000460_CCGTGGAAGACAGAGA-1_1_1_1	CNP0000460_P03T	CNP0000460	DF.classifications_0.25_0.22_204	Singlet	pANN_0.25_0.22_204	0.123368146214099
CNP0000460_CCGTGGACAAGACACG-1_1_1_1	CNP0000460_P03T	CNP0000460	DF.classifications_0.25_0.22_204	Singlet	pANN_0.25_0.22_204	0.115535248041775
CNP0000460_CCGTGGACAAGTTGTC-1_1_1_1	CNP0000460_P03T	CNP0000460	DF.classifications_0.25_0.22_204	Singlet	pANN_0.25_0.22_204	0.281331592689295
CNP0000460_CCGTGGACACAGGAGT-1_1_1_1	CNP0000460_P03T	CNP0000460	DF.classifications_0.25_0.22_204	Singlet	pANN_0.25_0.22_204	0.177545691906005
CNP0000460_CCGTGGAGTAAACGCG-1_1_1_1	CNP0000460_P03T	CNP0000460	DF.classifications_0.25_0.22_204	Singlet	pANN_0.25_0.22_204	0.355744125326371
CNP0000460_CCGTGGAGTAACGACG-1_1_1_1	CNP0000460_P03T	CNP0000460	DF.classifications_0.25_0.22_204	Singlet	pANN_0.25_0.22_204	0.0966057441253264
CNP0000460_CCGTGGAGTAGAAAGG-1_1_1_1	CNP0000460_P03T	CNP0000460	DF.classifications_0.25_0.22_204	Singlet	pANN_0.25_0.22_204	0.355744125326371
CNP0000460_CCGTGGAGTGGCTCCA-1_1_1_1	CNP0000460_P03T	CNP0000460	DF.classifications_0.25_0.22_204	Singlet	pANN_0.25_0.22_204	0.359660574412533
CNP0000460_CCGTGGATCAGTGTTG-1_1_1_1	CNP0000460_P03T	CNP0000460	DF.classifications_0.25_0.22_204	Singlet	pANN_0.25_0.22_204	0.290469973890339
CNP0000460_CCGTGGATCCCTTGCA-1_1_1_1	CNP0000460_P03T	CNP0000460	DF.classifications_0.25_0.22_204	Singlet	pANN_0.25_0.22_204	0.0966057441253264
CNP0000460_CCGTGGATCGCGTTTC-1_1_1_1	CNP0000460_P03T	CNP0000460	DF.classifications_0.25_0.22_204	Singlet	pANN_0.25_0.22_204	0.355744125326371
CNP0000460_CCGTGGATCGTTTAGG-1_1_1_1	CNP0000460_P03T	CNP0000460	DF.classifications_0.25_0.22_204	Singlet	pANN_0.25_0.22_204	0.218668407310705
CNP0000460_CCGTGGATCTTGTTTG-1_1_1_1	CNP0000460_P03T	CNP0000460	DF.classifications_0.25_0.22_204	Singlet	pANN_0.25_0.22_204	0.247389033942559
CNP0000460_CCGTTCACAATGGATA-1_1_1_1	CNP0000460_P03T	CNP0000460	DF.classifications_0.25_0.22_204	Singlet	pANN_0.25_0.22_204	0.0815926892950392
CNP0000460_CCGTTCAGTACTTGAC-1_1_1_1	CNP0000460_P03T	CNP0000460	DF.classifications_0.25_0.22_204	Singlet	pANN_0.25_0.22_204	0.349869451697128
CNP0000460_CCGTTCAGTAGTGAAT-1_1_1_1	CNP0000460_P03T	CNP0000460	DF.classifications_0.25_0.22_204	Singlet	pANN_0.25_0.22_204	0.108355091383812
CNP0000460_CCGTTCAGTTGTACAC-1_1_1_1	CNP0000460_P03T	CNP0000460	DF.classifications_0.25_0.22_204	Singlet	pANN_0.25_0.22_204	0.10443864229765
CNP0000460_CCGTTCATCTGGCGAC-1_1_1_1	CNP0000460_P03T	CNP0000460	DF.classifications_0.25_0.22_204	Singlet	pANN_0.25_0.22_204	0.0789817232375979
CNP0000460_CCTAAAGAGACGCACA-1_1_1_1	CNP0000460_P03T	CNP0000460	DF.classifications_0.25_0.22_204	Singlet	pANN_0.25_0.22_204	0.340731070496084
CNP0000460_CCTAAAGAGCTGCAAG-1_1_1_1	CNP0000460_P03T	CNP0000460	DF.classifications_0.25_0.22_204	Singlet	pANN_0.25_0.22_204	0.115535248041775
CNP0000460_CCTAAAGAGCTGTTCA-1_1_1_1	CNP0000460_P03T	CNP0000460	DF.classifications_0.25_0.22_204	Singlet	pANN_0.25_0.22_204	0.330287206266319
CNP0000460_CCTAAAGCAATGAAAC-1_1_1_1	CNP0000460_P03T	CNP0000460	DF.classifications_0.25_0.22_204	Singlet	pANN_0.25_0.22_204	0.293080939947781
CNP0000460_CCTAAAGCAGGTCCAC-1_1_1_1	CNP0000460_P03T	CNP0000460	DF.classifications_0.25_0.22_204	Singlet	pANN_0.25_0.22_204	0.349216710182768
CNP0000460_CCTAAAGGTATTCTCT-1_1_1_1	CNP0000460_P03T	CNP0000460	DF.classifications_0.25_0.22_204	Singlet	pANN_0.25_0.22_204	0.107049608355091
CNP0000460_CCTAAAGGTCGCTTCT-1_1_1_1	CNP0000460_P03T	CNP0000460	DF.classifications_0.25_0.22_204	Singlet	pANN_0.25_0.22_204	0.290469973890339
CNP0000460_CCTAAAGGTCTAACGT-1_1_1_1	CNP0000460_P03T	CNP0000460	DF.classifications_0.25_0.22_204	Singlet	pANN_0.25_0.22_204	0.35443864229765
CNP0000460_CCTAAAGGTGCAACTT-1_1_1_1	CNP0000460_P03T	CNP0000460	DF.classifications_0.25_0.22_204	Singlet	pANN_0.25_0.22_204	0.219973890339426
CNP0000460_CCTAAAGGTTCACCTC-1_1_1_1	CNP0000460_P03T	CNP0000460	DF.classifications_0.25_0.22_204	Singlet	pANN_0.25_0.22_204	0.112271540469974
CNP0000460_CCTAAAGGTTCATGGT-1_1_1_1	CNP0000460_P03T	CNP0000460	DF.classifications_0.25_0.22_204	Singlet	pANN_0.25_0.22_204	0.101827676240209
CNP0000460_CCTAAAGGTTTGTGTG-1_1_1_1	CNP0000460_P03T	CNP0000460	DF.classifications_0.25_0.22_204	Singlet	pANN_0.25_0.22_204	0.347911227154047
CNP0000460_CCTAAAGTCATGTGGT-1_1_1_1	CNP0000460_P03T	CNP0000460	DF.classifications_0.25_0.22_204	Singlet	pANN_0.25_0.22_204	0.35313315926893
CNP0000460_CCTAAAGTCGCCGTGA-1_1_1_1	CNP0000460_P03T	CNP0000460	DF.classifications_0.25_0.22_204	Singlet	pANN_0.25_0.22_204	0.168407310704961
CNP0000460_CCTACACAGCCATCGC-1_1_1_1	CNP0000460_P03T	CNP0000460	DF.classifications_0.25_0.22_204	Singlet	pANN_0.25_0.22_204	0.085509138381201
CNP0000460_CCTACACAGCGTCAAG-1_1_1_1	CNP0000460_P03T	CNP0000460	DF.classifications_0.25_0.22_204	Singlet	pANN_0.25_0.22_204	0.182114882506527
CNP0000460_CCTACACAGCTCCTTC-1_1_1_1	CNP0000460_P03T	CNP0000460	DF.classifications_0.25_0.22_204	Singlet	pANN_0.25_0.22_204	0.112924281984334
CNP0000460_CCTACACAGGACTGGT-1_1_1_1	CNP0000460_P03T	CNP0000460	DF.classifications_0.25_0.22_204	Singlet	pANN_0.25_0.22_204	0.169060052219321
CNP0000460_CCTACACAGGCATGTG-1_1_1_1	CNP0000460_P03T	CNP0000460	DF.classifications_0.25_0.22_204	Singlet	pANN_0.25_0.22_204	0.110966057441253
CNP0000460_CCTACACAGGTACTCT-1_1_1_1	CNP0000460_P03T	CNP0000460	DF.classifications_0.25_0.22_204	Singlet	pANN_0.25_0.22_204	0.10509138381201
CNP0000460_CCTACACAGTTCGCGC-1_1_1_1	CNP0000460_P03T	CNP0000460	DF.classifications_0.25_0.22_204	Singlet	pANN_0.25_0.22_204	0.110313315926893
CNP0000460_CCTACACCACCAGTTA-1_1_1_1	CNP0000460_P03T	CNP0000460	DF.classifications_0.25_0.22_204	Singlet	pANN_0.25_0.22_204	0.143603133159269
CNP0000460_CCTACACCAGTCCTTC-1_1_1_1	CNP0000460_P03T	CNP0000460	DF.classifications_0.25_0.22_204	Singlet	pANN_0.25_0.22_204	0.182767624020888
CNP0000460_CCTACACCATACAGCT-1_1_1_1	CNP0000460_P03T	CNP0000460	DF.classifications_0.25_0.22_204	Singlet	pANN_0.25_0.22_204	0.0887728459530026
CNP0000460_CCTACACCATTACGAC-1_1_1_1	CNP0000460_P03T	CNP0000460	DF.classifications_0.25_0.22_204	Singlet	pANN_0.25_0.22_204	0.349216710182768
CNP0000460_CCTACACGTGACGGTA-1_1_1_1	CNP0000460_P03T	CNP0000460	DF.classifications_0.25_0.22_204	Singlet	pANN_0.25_0.22_204	0.0953002610966057
CNP0000460_CCTACACGTTATTCTC-1_1_1_1	CNP0000460_P03T	CNP0000460	DF.classifications_0.25_0.22_204	Singlet	pANN_0.25_0.22_204	0.359007832898172
CNP0000460_CCTACACGTTGTGGCC-1_1_1_1	CNP0000460_P03T	CNP0000460	DF.classifications_0.25_0.22_204	Singlet	pANN_0.25_0.22_204	0.133812010443864
CNP0000460_CCTACACGTTTGGCGC-1_1_1_1	CNP0000460_P03T	CNP0000460	DF.classifications_0.25_0.22_204	Singlet	pANN_0.25_0.22_204	0.0842036553524804
CNP0000460_CCTACACTCCGAAGAG-1_1_1_1	CNP0000460_P03T	CNP0000460	DF.classifications_0.25_0.22_204	Doublet	pANN_0.25_0.22_204	0.360966057441253
CNP0000460_CCTACACTCTACTCAT-1_1_1_1	CNP0000460_P03T	CNP0000460	DF.classifications_0.25_0.22_204	Singlet	pANN_0.25_0.22_204	0.163838120104439
CNP0000460_CCTACACTCTGAGTGT-1_1_1_1	CNP0000460_P03T	CNP0000460	DF.classifications_0.25_0.22_204	Singlet	pANN_0.25_0.22_204	0.35378590078329
CNP0000460_CCTACACTCTGTCAAG-1_1_1_1	CNP0000460_P03T	CNP0000460	DF.classifications_0.25_0.22_204	Doublet	pANN_0.25_0.22_204	0.366187989556136
CNP0000460_CCTACCAAGACTCGGA-1_1_1_1	CNP0000460_P03T	CNP0000460	DF.classifications_0.25_0.22_204	Singlet	pANN_0.25_0.22_204	0.097911227154047
CNP0000460_CCTACCAAGCATCATC-1_1_1_1	CNP0000460_P03T	CNP0000460	DF.classifications_0.25_0.22_204	Singlet	pANN_0.25_0.22_204	0.111618798955614
CNP0000460_CCTACCAAGGCGTACA-1_1_1_1	CNP0000460_P03T	CNP0000460	DF.classifications_0.25_0.22_204	Singlet	pANN_0.25_0.22_204	0.174281984334204
CNP0000460_CCTACCACACATTTCT-1_1_1_1	CNP0000460_P03T	CNP0000460	DF.classifications_0.25_0.22_204	Singlet	pANN_0.25_0.22_204	0.143603133159269
CNP0000460_CCTACCAGTACAGTGG-1_1_1_1	CNP0000460_P03T	CNP0000460	DF.classifications_0.25_0.22_204	Singlet	pANN_0.25_0.22_204	0.359007832898172
CNP0000460_CCTACCAGTACATCCA-1_1_1_1	CNP0000460_P03T	CNP0000460	DF.classifications_0.25_0.22_204	Singlet	pANN_0.25_0.22_204	0.139686684073107
CNP0000460_CCTACCATCAGGCGAA-1_1_1_1	CNP0000460_P03T	CNP0000460	DF.classifications_0.25_0.22_204	Singlet	pANN_0.25_0.22_204	0.0992167101827676
CNP0000460_CCTACCATCCGCGTTT-1_1_1_1	CNP0000460_P03T	CNP0000460	DF.classifications_0.25_0.22_204	Singlet	pANN_0.25_0.22_204	0.131853785900783
CNP0000460_CCTAGCTAGCTGTCTA-1_1_1_1	CNP0000460_P03T	CNP0000460	DF.classifications_0.25_0.22_204	Singlet	pANN_0.25_0.22_204	0.138381201044386
CNP0000460_CCTAGCTAGTGGGCTA-1_1_1_1	CNP0000460_P03T	CNP0000460	DF.classifications_0.25_0.22_204	Singlet	pANN_0.25_0.22_204	0.268929503916449
CNP0000460_CCTAGCTAGTGTACTC-1_1_1_1	CNP0000460_P03T	CNP0000460	DF.classifications_0.25_0.22_204	Singlet	pANN_0.25_0.22_204	0.27088772845953
CNP0000460_CCTAGCTGTTGAGGTG-1_1_1_1	CNP0000460_P03T	CNP0000460	DF.classifications_0.25_0.22_204	Doublet	pANN_0.25_0.22_204	0.368798955613577
CNP0000460_CCTAGCTTCGCGCCAA-1_1_1_1	CNP0000460_P03T	CNP0000460	DF.classifications_0.25_0.22_204	Singlet	pANN_0.25_0.22_204	0.184725848563969
CNP0000460_CCTAGCTTCTGCTGCT-1_1_1_1	CNP0000460_P03T	CNP0000460	DF.classifications_0.25_0.22_204	Singlet	pANN_0.25_0.22_204	0.218668407310705
CNP0000460_CCTATTACAATGGTCT-1_1_1_1	CNP0000460_P03T	CNP0000460	DF.classifications_0.25_0.22_204	Singlet	pANN_0.25_0.22_204	0.290469973890339
CNP0000460_CCTATTACACGGCCAT-1_1_1_1	CNP0000460_P03T	CNP0000460	DF.classifications_0.25_0.22_204	Singlet	pANN_0.25_0.22_204	0.172323759791123
CNP0000460_CCTATTACATGGGAAC-1_1_1_1	CNP0000460_P03T	CNP0000460	DF.classifications_0.25_0.22_204	Singlet	pANN_0.25_0.22_204	0.265665796344648
CNP0000460_CCTATTACATGTTCCC-1_1_1_1	CNP0000460_P03T	CNP0000460	DF.classifications_0.25_0.22_204	Singlet	pANN_0.25_0.22_204	0.118798955613577
CNP0000460_CCTATTAGTAGCCTAT-1_1_1_1	CNP0000460_P03T	CNP0000460	DF.classifications_0.25_0.22_204	Singlet	pANN_0.25_0.22_204	0.0998694516971279
CNP0000460_CCTATTATCGAGGTAG-1_1_1_1	CNP0000460_P03T	CNP0000460	DF.classifications_0.25_0.22_204	Singlet	pANN_0.25_0.22_204	0.222584856396867
CNP0000460_CCTATTATCGGACAAG-1_1_1_1	CNP0000460_P03T	CNP0000460	DF.classifications_0.25_0.22_204	Singlet	pANN_0.25_0.22_204	0.349216710182768
CNP0000460_CCTCAGTAGCACACAG-1_1_1_1	CNP0000460_P03T	CNP0000460	DF.classifications_0.25_0.22_204	Singlet	pANN_0.25_0.22_204	0.10509138381201
CNP0000460_CCTCAGTAGTTGTAGA-1_1_1_1	CNP0000460_P03T	CNP0000460	DF.classifications_0.25_0.22_204	Singlet	pANN_0.25_0.22_204	0.10378590078329
CNP0000460_CCTCAGTCAGGAATCG-1_1_1_1	CNP0000460_P03T	CNP0000460	DF.classifications_0.25_0.22_204	Singlet	pANN_0.25_0.22_204	0.355744125326371
CNP0000460_CCTCAGTCAGGAATGC-1_1_1_1	CNP0000460_P03T	CNP0000460	DF.classifications_0.25_0.22_204	Singlet	pANN_0.25_0.22_204	0.101827676240209
CNP0000460_CCTCAGTGTAAACGCG-1_1_1_1	CNP0000460_P03T	CNP0000460	DF.classifications_0.25_0.22_204	Doublet	pANN_0.25_0.22_204	0.366840731070496
CNP0000460_CCTCAGTGTCTAGCCG-1_1_1_1	CNP0000460_P03T	CNP0000460	DF.classifications_0.25_0.22_204	Singlet	pANN_0.25_0.22_204	0.116840731070496
CNP0000460_CCTCAGTGTGCACCAC-1_1_1_1	CNP0000460_P03T	CNP0000460	DF.classifications_0.25_0.22_204	Singlet	pANN_0.25_0.22_204	0.351827676240209
CNP0000460_CCTCAGTGTGTCCTCT-1_1_1_1	CNP0000460_P03T	CNP0000460	DF.classifications_0.25_0.22_204	Singlet	pANN_0.25_0.22_204	0.0848563968668407
CNP0000460_CCTCAGTGTTCTGGTA-1_1_1_1	CNP0000460_P03T	CNP0000460	DF.classifications_0.25_0.22_204	Singlet	pANN_0.25_0.22_204	0.10509138381201
CNP0000460_CCTCAGTGTTTGGCGC-1_1_1_1	CNP0000460_P03T	CNP0000460	DF.classifications_0.25_0.22_204	Singlet	pANN_0.25_0.22_204	0.351174934725849
CNP0000460_CCTCAGTTCACTTATC-1_1_1_1	CNP0000460_P03T	CNP0000460	DF.classifications_0.25_0.22_204	Doublet	pANN_0.25_0.22_204	0.360966057441253
CNP0000460_CCTCAGTTCCACGAAT-1_1_1_1	CNP0000460_P03T	CNP0000460	DF.classifications_0.25_0.22_204	Singlet	pANN_0.25_0.22_204	0.077023498694517
CNP0000460_CCTCAGTTCCAGTATG-1_1_1_1	CNP0000460_P03T	CNP0000460	DF.classifications_0.25_0.22_204	Singlet	pANN_0.25_0.22_204	0.256527415143603
CNP0000460_CCTCAGTTCGCGATCG-1_1_1_1	CNP0000460_P03T	CNP0000460	DF.classifications_0.25_0.22_204	Singlet	pANN_0.25_0.22_204	0.357049608355091
CNP0000460_CCTCTGAAGCCATCGC-1_1_1_1	CNP0000460_P03T	CNP0000460	DF.classifications_0.25_0.22_204	Singlet	pANN_0.25_0.22_204	0.349216710182768
CNP0000460_CCTCTGAAGTAGGTGC-1_1_1_1	CNP0000460_P03T	CNP0000460	DF.classifications_0.25_0.22_204	Singlet	pANN_0.25_0.22_204	0.357049608355091
CNP0000460_CCTCTGACATATGCTG-1_1_1_1	CNP0000460_P03T	CNP0000460	DF.classifications_0.25_0.22_204	Singlet	pANN_0.25_0.22_204	0.0802872062663185
CNP0000460_CCTCTGAGTAGGGACT-1_1_1_1	CNP0000460_P03T	CNP0000460	DF.classifications_0.25_0.22_204	Singlet	pANN_0.25_0.22_204	0.349216710182768
CNP0000460_CCTCTGAGTATAGGTA-1_1_1_1	CNP0000460_P03T	CNP0000460	DF.classifications_0.25_0.22_204	Singlet	pANN_0.25_0.22_204	0.141644908616188
CNP0000460_CCTCTGAGTCATTAGC-1_1_1_1	CNP0000460_P03T	CNP0000460	DF.classifications_0.25_0.22_204	Singlet	pANN_0.25_0.22_204	0.24934725848564
CNP0000460_CCTCTGAGTCTCCACT-1_1_1_1	CNP0000460_P03T	CNP0000460	DF.classifications_0.25_0.22_204	Singlet	pANN_0.25_0.22_204	0.0907310704960835
CNP0000460_CCTCTGAGTTATGTGC-1_1_1_1	CNP0000460_P03T	CNP0000460	DF.classifications_0.25_0.22_204	Singlet	pANN_0.25_0.22_204	0.345953002610966
CNP0000460_CCTCTGATCACAACGT-1_1_1_1	CNP0000460_P03T	CNP0000460	DF.classifications_0.25_0.22_204	Singlet	pANN_0.25_0.22_204	0.357702349869452
CNP0000460_CCTCTGATCACCCTCA-1_1_1_1	CNP0000460_P03T	CNP0000460	DF.classifications_0.25_0.22_204	Singlet	pANN_0.25_0.22_204	0.120104438642298
CNP0000460_CCTCTGATCACTTACT-1_1_1_1	CNP0000460_P03T	CNP0000460	DF.classifications_0.25_0.22_204	Singlet	pANN_0.25_0.22_204	0.0959530026109661
CNP0000460_CCTCTGATCCGATATG-1_1_1_1	CNP0000460_P03T	CNP0000460	DF.classifications_0.25_0.22_204	Singlet	pANN_0.25_0.22_204	0.0828981723237598
CNP0000460_CCTCTGATCGTGTAGT-1_1_1_1	CNP0000460_P03T	CNP0000460	DF.classifications_0.25_0.22_204	Singlet	pANN_0.25_0.22_204	0.343994778067885
CNP0000460_CCTTACGAGCTGAACG-1_1_1_1	CNP0000460_P03T	CNP0000460	DF.classifications_0.25_0.22_204	Doublet	pANN_0.25_0.22_204	0.362924281984334
CNP0000460_CCTTACGAGGAACTGC-1_1_1_1	CNP0000460_P03T	CNP0000460	DF.classifications_0.25_0.22_204	Singlet	pANN_0.25_0.22_204	0.35313315926893
CNP0000460_CCTTACGCAAACGTGG-1_1_1_1	CNP0000460_P03T	CNP0000460	DF.classifications_0.25_0.22_204	Singlet	pANN_0.25_0.22_204	0.158616187989556
CNP0000460_CCTTACGCAAGGACTG-1_1_1_1	CNP0000460_P03T	CNP0000460	DF.classifications_0.25_0.22_204	Singlet	pANN_0.25_0.22_204	0.10509138381201
CNP0000460_CCTTACGCACGCGAAA-1_1_1_1	CNP0000460_P03T	CNP0000460	DF.classifications_0.25_0.22_204	Doublet	pANN_0.25_0.22_204	0.369451697127937
CNP0000460_CCTTACGCATCCGCGA-1_1_1_1	CNP0000460_P03T	CNP0000460	DF.classifications_0.25_0.22_204	Singlet	pANN_0.25_0.22_204	0.100522193211488
CNP0000460_CCTTACGCATGCTAGT-1_1_1_1	CNP0000460_P03T	CNP0000460	DF.classifications_0.25_0.22_204	Singlet	pANN_0.25_0.22_204	0.192558746736292
CNP0000460_CCTTACGGTCAGAATA-1_1_1_1	CNP0000460_P03T	CNP0000460	DF.classifications_0.25_0.22_204	Singlet	pANN_0.25_0.22_204	0.298955613577023
CNP0000460_CCTTACGGTGGAAAGA-1_1_1_1	CNP0000460_P03T	CNP0000460	DF.classifications_0.25_0.22_204	Singlet	pANN_0.25_0.22_204	0.357049608355091
CNP0000460_CCTTACGGTGGCGAAT-1_1_1_1	CNP0000460_P03T	CNP0000460	DF.classifications_0.25_0.22_204	Singlet	pANN_0.25_0.22_204	0.0953002610966057
CNP0000460_CCTTACGTCAACCATG-1_1_1_1	CNP0000460_P03T	CNP0000460	DF.classifications_0.25_0.22_204	Singlet	pANN_0.25_0.22_204	0.345953002610966
CNP0000460_CCTTACGTCCAATGGT-1_1_1_1	CNP0000460_P03T	CNP0000460	DF.classifications_0.25_0.22_204	Singlet	pANN_0.25_0.22_204	0.161227154046997
CNP0000460_CCTTACGTCGCTAGCG-1_1_1_1	CNP0000460_P03T	CNP0000460	DF.classifications_0.25_0.22_204	Singlet	pANN_0.25_0.22_204	0.114882506527415
CNP0000460_CCTTACGTCGGATGGA-1_1_1_1	CNP0000460_P03T	CNP0000460	DF.classifications_0.25_0.22_204	Singlet	pANN_0.25_0.22_204	0.158616187989556
CNP0000460_CCTTACGTCTATCCCG-1_1_1_1	CNP0000460_P03T	CNP0000460	DF.classifications_0.25_0.22_204	Singlet	pANN_0.25_0.22_204	0.171018276762402
CNP0000460_CCTTCCCAGAAACCTA-1_1_1_1	CNP0000460_P03T	CNP0000460	DF.classifications_0.25_0.22_204	Singlet	pANN_0.25_0.22_204	0.225848563968668
CNP0000460_CCTTCCCAGATATGCA-1_1_1_1	CNP0000460_P03T	CNP0000460	DF.classifications_0.25_0.22_204	Singlet	pANN_0.25_0.22_204	0.296997389033943
CNP0000460_CCTTCCCAGTACGCCC-1_1_1_1	CNP0000460_P03T	CNP0000460	DF.classifications_0.25_0.22_204	Singlet	pANN_0.25_0.22_204	0.2088772845953
CNP0000460_CCTTCCCCAAGTTAAG-1_1_1_1	CNP0000460_P03T	CNP0000460	DF.classifications_0.25_0.22_204	Singlet	pANN_0.25_0.22_204	0.29177545691906
CNP0000460_CCTTCCCCACAACTGT-1_1_1_1	CNP0000460_P03T	CNP0000460	DF.classifications_0.25_0.22_204	Singlet	pANN_0.25_0.22_204	0.35443864229765
CNP0000460_CCTTCCCCACGAAAGC-1_1_1_1	CNP0000460_P03T	CNP0000460	DF.classifications_0.25_0.22_204	Singlet	pANN_0.25_0.22_204	0.151436031331593
CNP0000460_CCTTCCCCACGTTGGC-1_1_1_1	CNP0000460_P03T	CNP0000460	DF.classifications_0.25_0.22_204	Singlet	pANN_0.25_0.22_204	0.110313315926893
CNP0000460_CCTTCCCCAGCCTATA-1_1_1_1	CNP0000460_P03T	CNP0000460	DF.classifications_0.25_0.22_204	Singlet	pANN_0.25_0.22_204	0.0985639686684073
CNP0000460_CCTTCCCCAGTATGCT-1_1_1_1	CNP0000460_P03T	CNP0000460	DF.classifications_0.25_0.22_204	Singlet	pANN_0.25_0.22_204	0.112271540469974
CNP0000460_CCTTCCCCATAGAAAC-1_1_1_1	CNP0000460_P03T	CNP0000460	DF.classifications_0.25_0.22_204	Singlet	pANN_0.25_0.22_204	0.0998694516971279
CNP0000460_CCTTCCCCATCTATGG-1_1_1_1	CNP0000460_P03T	CNP0000460	DF.classifications_0.25_0.22_204	Singlet	pANN_0.25_0.22_204	0.315926892950392
CNP0000460_CCTTCCCCATGACGGA-1_1_1_1	CNP0000460_P03T	CNP0000460	DF.classifications_0.25_0.22_204	Singlet	pANN_0.25_0.22_204	0.120104438642298
CNP0000460_CCTTCCCGTATGGTTC-1_1_1_1	CNP0000460_P03T	CNP0000460	DF.classifications_0.25_0.22_204	Singlet	pANN_0.25_0.22_204	0.298955613577023
CNP0000460_CCTTCCCGTCACACGC-1_1_1_1	CNP0000460_P03T	CNP0000460	DF.classifications_0.25_0.22_204	Singlet	pANN_0.25_0.22_204	0.120104438642298
CNP0000460_CCTTCCCGTTACGACT-1_1_1_1	CNP0000460_P03T	CNP0000460	DF.classifications_0.25_0.22_204	Singlet	pANN_0.25_0.22_204	0.357049608355091
CNP0000460_CCTTCCCTCCCTGACT-1_1_1_1	CNP0000460_P03T	CNP0000460	DF.classifications_0.25_0.22_204	Singlet	pANN_0.25_0.22_204	0.295039164490862
CNP0000460_CCTTCCCTCCTACAGA-1_1_1_1	CNP0000460_P03T	CNP0000460	DF.classifications_0.25_0.22_204	Singlet	pANN_0.25_0.22_204	0.102480417754569
CNP0000460_CCTTCCCTCCTTTCGG-1_1_1_1	CNP0000460_P03T	CNP0000460	DF.classifications_0.25_0.22_204	Doublet	pANN_0.25_0.22_204	0.378590078328982
CNP0000460_CCTTCCCTCGTAGATC-1_1_1_1	CNP0000460_P03T	CNP0000460	DF.classifications_0.25_0.22_204	Singlet	pANN_0.25_0.22_204	0.0868146214099217
CNP0000460_CCTTCCCTCTGCCCTA-1_1_1_1	CNP0000460_P03T	CNP0000460	DF.classifications_0.25_0.22_204	Singlet	pANN_0.25_0.22_204	0.155352480417755
CNP0000460_CCTTCGAAGTCAAGGC-1_1_1_1	CNP0000460_P03T	CNP0000460	DF.classifications_0.25_0.22_204	Singlet	pANN_0.25_0.22_204	0.35378590078329
CNP0000460_CCTTCGAAGTGTTTGC-1_1_1_1	CNP0000460_P03T	CNP0000460	DF.classifications_0.25_0.22_204	Singlet	pANN_0.25_0.22_204	0.148825065274151
CNP0000460_CCTTCGACACGGTAGA-1_1_1_1	CNP0000460_P03T	CNP0000460	DF.classifications_0.25_0.22_204	Singlet	pANN_0.25_0.22_204	0.0933420365535248
CNP0000460_CCTTCGACACGTAAGG-1_1_1_1	CNP0000460_P03T	CNP0000460	DF.classifications_0.25_0.22_204	Singlet	pANN_0.25_0.22_204	0.195169712793734
CNP0000460_CCTTCGACACTTCGAA-1_1_1_1	CNP0000460_P03T	CNP0000460	DF.classifications_0.25_0.22_204	Doublet	pANN_0.25_0.22_204	0.370104438642298
CNP0000460_CCTTCGACAGAGCCAA-1_1_1_1	CNP0000460_P03T	CNP0000460	DF.classifications_0.25_0.22_204	Singlet	pANN_0.25_0.22_204	0.352480417754569
CNP0000460_CCTTCGACATTTCACT-1_1_1_1	CNP0000460_P03T	CNP0000460	DF.classifications_0.25_0.22_204	Singlet	pANN_0.25_0.22_204	0.113577023498695
CNP0000460_CCTTCGAGTCCAGTTA-1_1_1_1	CNP0000460_P03T	CNP0000460	DF.classifications_0.25_0.22_204	Singlet	pANN_0.25_0.22_204	0.242819843342037
CNP0000460_CCTTCGAGTTACGGAG-1_1_1_1	CNP0000460_P03T	CNP0000460	DF.classifications_0.25_0.22_204	Singlet	pANN_0.25_0.22_204	0.357702349869452
CNP0000460_CCTTCGAGTTTAAGCC-1_1_1_1	CNP0000460_P03T	CNP0000460	DF.classifications_0.25_0.22_204	Singlet	pANN_0.25_0.22_204	0.18668407310705
CNP0000460_CCTTCGATCTTCGAGA-1_1_1_1	CNP0000460_P03T	CNP0000460	DF.classifications_0.25_0.22_204	Singlet	pANN_0.25_0.22_204	0.35313315926893
CNP0000460_CCTTCGATCTTGCAAG-1_1_1_1	CNP0000460_P03T	CNP0000460	DF.classifications_0.25_0.22_204	Singlet	pANN_0.25_0.22_204	0.10443864229765
CNP0000460_CCTTTCTAGACGCACA-1_1_1_1	CNP0000460_P03T	CNP0000460	DF.classifications_0.25_0.22_204	Singlet	pANN_0.25_0.22_204	0.0939947780678851
CNP0000460_CCTTTCTAGGGTGTTG-1_1_1_1	CNP0000460_P03T	CNP0000460	DF.classifications_0.25_0.22_204	Singlet	pANN_0.25_0.22_204	0.110313315926893
CNP0000460_CCTTTCTAGTACGCGA-1_1_1_1	CNP0000460_P03T	CNP0000460	DF.classifications_0.25_0.22_204	Singlet	pANN_0.25_0.22_204	0.085509138381201
CNP0000460_CCTTTCTAGTGAACAT-1_1_1_1	CNP0000460_P03T	CNP0000460	DF.classifications_0.25_0.22_204	Singlet	pANN_0.25_0.22_204	0.108355091383812
CNP0000460_CCTTTCTCAAGGGTCA-1_1_1_1	CNP0000460_P03T	CNP0000460	DF.classifications_0.25_0.22_204	Singlet	pANN_0.25_0.22_204	0.142950391644909
CNP0000460_CCTTTCTCAATCCAAC-1_1_1_1	CNP0000460_P03T	CNP0000460	DF.classifications_0.25_0.22_204	Singlet	pANN_0.25_0.22_204	0.359660574412533
CNP0000460_CCTTTCTCAGACACTT-1_1_1_1	CNP0000460_P03T	CNP0000460	DF.classifications_0.25_0.22_204	Singlet	pANN_0.25_0.22_204	0.10378590078329
CNP0000460_CCTTTCTGTAACGTTC-1_1_1_1	CNP0000460_P03T	CNP0000460	DF.classifications_0.25_0.22_204	Singlet	pANN_0.25_0.22_204	0.248041775456919
CNP0000460_CCTTTCTGTAGATTAG-1_1_1_1	CNP0000460_P03T	CNP0000460	DF.classifications_0.25_0.22_204	Singlet	pANN_0.25_0.22_204	0.346605744125326
CNP0000460_CCTTTCTGTGACAAAT-1_1_1_1	CNP0000460_P03T	CNP0000460	DF.classifications_0.25_0.22_204	Doublet	pANN_0.25_0.22_204	0.366187989556136
CNP0000460_CCTTTCTGTGCAACGA-1_1_1_1	CNP0000460_P03T	CNP0000460	DF.classifications_0.25_0.22_204	Singlet	pANN_0.25_0.22_204	0.349869451697128
CNP0000460_CCTTTCTGTGCTTCTC-1_1_1_1	CNP0000460_P03T	CNP0000460	DF.classifications_0.25_0.22_204	Singlet	pANN_0.25_0.22_204	0.087467362924282
CNP0000460_CCTTTCTGTGTCTGAT-1_1_1_1	CNP0000460_P03T	CNP0000460	DF.classifications_0.25_0.22_204	Singlet	pANN_0.25_0.22_204	0.359007832898172
CNP0000460_CCTTTCTGTTTGGGCC-1_1_1_1	CNP0000460_P03T	CNP0000460	DF.classifications_0.25_0.22_204	Singlet	pANN_0.25_0.22_204	0.144255874673629
CNP0000460_CCTTTCTTCAGTTCGA-1_1_1_1	CNP0000460_P03T	CNP0000460	DF.classifications_0.25_0.22_204	Singlet	pANN_0.25_0.22_204	0.155352480417755
CNP0000460_CCTTTCTTCAGTTGAC-1_1_1_1	CNP0000460_P03T	CNP0000460	DF.classifications_0.25_0.22_204	Singlet	pANN_0.25_0.22_204	0.169712793733681
CNP0000460_CCTTTCTTCTCCAACC-1_1_1_1	CNP0000460_P03T	CNP0000460	DF.classifications_0.25_0.22_204	Singlet	pANN_0.25_0.22_204	0.163838120104439
CNP0000460_CGAACATAGAGTACCG-1_1_1_1	CNP0000460_P03T	CNP0000460	DF.classifications_0.25_0.22_204	Singlet	pANN_0.25_0.22_204	0.215404699738903
CNP0000460_CGAACATAGCGGCTTC-1_1_1_1	CNP0000460_P03T	CNP0000460	DF.classifications_0.25_0.22_204	Singlet	pANN_0.25_0.22_204	0.0881201044386423
CNP0000460_CGAACATCAAGGGTCA-1_1_1_1	CNP0000460_P03T	CNP0000460	DF.classifications_0.25_0.22_204	Singlet	pANN_0.25_0.22_204	0.100522193211488
CNP0000460_CGAACATCAGCCTGTG-1_1_1_1	CNP0000460_P03T	CNP0000460	DF.classifications_0.25_0.22_204	Singlet	pANN_0.25_0.22_204	0.120104438642298
CNP0000460_CGAACATCATCACGTA-1_1_1_1	CNP0000460_P03T	CNP0000460	DF.classifications_0.25_0.22_204	Singlet	pANN_0.25_0.22_204	0.108355091383812
CNP0000460_CGAACATGTTCCCTTG-1_1_1_1	CNP0000460_P03T	CNP0000460	DF.classifications_0.25_0.22_204	Singlet	pANN_0.25_0.22_204	0.0939947780678851
CNP0000460_CGAACATTCAATACCG-1_1_1_1	CNP0000460_P03T	CNP0000460	DF.classifications_0.25_0.22_204	Singlet	pANN_0.25_0.22_204	0.35313315926893
CNP0000460_CGAACATTCACAACGT-1_1_1_1	CNP0000460_P03T	CNP0000460	DF.classifications_0.25_0.22_204	Singlet	pANN_0.25_0.22_204	0.138381201044386
CNP0000460_CGAATGTAGAATGTGT-1_1_1_1	CNP0000460_P03T	CNP0000460	DF.classifications_0.25_0.22_204	Singlet	pANN_0.25_0.22_204	0.239556135770235
CNP0000460_CGAATGTAGACAAGCC-1_1_1_1	CNP0000460_P03T	CNP0000460	DF.classifications_0.25_0.22_204	Doublet	pANN_0.25_0.22_204	0.361618798955614
CNP0000460_CGAATGTAGATATGGT-1_1_1_1	CNP0000460_P03T	CNP0000460	DF.classifications_0.25_0.22_204	Singlet	pANN_0.25_0.22_204	0.355744125326371
CNP0000460_CGAATGTAGGCTACGA-1_1_1_1	CNP0000460_P03T	CNP0000460	DF.classifications_0.25_0.22_204	Singlet	pANN_0.25_0.22_204	0.117493472584856
CNP0000460_CGAATGTCACATTCGA-1_1_1_1	CNP0000460_P03T	CNP0000460	DF.classifications_0.25_0.22_204	Singlet	pANN_0.25_0.22_204	0.156005221932115
CNP0000460_CGAATGTCAGCTTCGG-1_1_1_1	CNP0000460_P03T	CNP0000460	DF.classifications_0.25_0.22_204	Singlet	pANN_0.25_0.22_204	0.110966057441253
CNP0000460_CGAATGTCAGGCGATA-1_1_1_1	CNP0000460_P03T	CNP0000460	DF.classifications_0.25_0.22_204	Singlet	pANN_0.25_0.22_204	0.0920365535248042
CNP0000460_CGAATGTGTGAAGGCT-1_1_1_1	CNP0000460_P03T	CNP0000460	DF.classifications_0.25_0.22_204	Singlet	pANN_0.25_0.22_204	0.188642297650131
CNP0000460_CGAATGTTCATCATTC-1_1_1_1	CNP0000460_P03T	CNP0000460	DF.classifications_0.25_0.22_204	Singlet	pANN_0.25_0.22_204	0.0985639686684073
CNP0000460_CGAATGTTCTAACTCT-1_1_1_1	CNP0000460_P03T	CNP0000460	DF.classifications_0.25_0.22_204	Singlet	pANN_0.25_0.22_204	0.117493472584856
CNP0000460_CGACCTTAGAATGTGT-1_1_1_1	CNP0000460_P03T	CNP0000460	DF.classifications_0.25_0.22_204	Singlet	pANN_0.25_0.22_204	0.349869451697128
CNP0000460_CGACCTTAGGCGACAT-1_1_1_1	CNP0000460_P03T	CNP0000460	DF.classifications_0.25_0.22_204	Doublet	pANN_0.25_0.22_204	0.370104438642298
CNP0000460_CGACCTTAGTGTACCT-1_1_1_1	CNP0000460_P03T	CNP0000460	DF.classifications_0.25_0.22_204	Singlet	pANN_0.25_0.22_204	0.347258485639687
CNP0000460_CGACCTTCATTAGCCA-1_1_1_1	CNP0000460_P03T	CNP0000460	DF.classifications_0.25_0.22_204	Singlet	pANN_0.25_0.22_204	0.150783289817232
CNP0000460_CGACCTTGTGACGCCT-1_1_1_1	CNP0000460_P03T	CNP0000460	DF.classifications_0.25_0.22_204	Singlet	pANN_0.25_0.22_204	0.111618798955614
CNP0000460_CGACCTTGTGATGATA-1_1_1_1	CNP0000460_P03T	CNP0000460	DF.classifications_0.25_0.22_204	Singlet	pANN_0.25_0.22_204	0.282637075718016
CNP0000460_CGACCTTGTGGTAACG-1_1_1_1	CNP0000460_P03T	CNP0000460	DF.classifications_0.25_0.22_204	Singlet	pANN_0.25_0.22_204	0.358355091383812
CNP0000460_CGACCTTGTTACCAGT-1_1_1_1	CNP0000460_P03T	CNP0000460	DF.classifications_0.25_0.22_204	Singlet	pANN_0.25_0.22_204	0.152741514360313
CNP0000460_CGACCTTGTTATGTGC-1_1_1_1	CNP0000460_P03T	CNP0000460	DF.classifications_0.25_0.22_204	Singlet	pANN_0.25_0.22_204	0.12532637075718
CNP0000460_CGACCTTTCCGCATAA-1_1_1_1	CNP0000460_P03T	CNP0000460	DF.classifications_0.25_0.22_204	Singlet	pANN_0.25_0.22_204	0.161227154046997
CNP0000460_CGACCTTTCTCCGGTT-1_1_1_1	CNP0000460_P03T	CNP0000460	DF.classifications_0.25_0.22_204	Singlet	pANN_0.25_0.22_204	0.182114882506527
CNP0000460_CGACCTTTCTCTTGAT-1_1_1_1	CNP0000460_P03T	CNP0000460	DF.classifications_0.25_0.22_204	Singlet	pANN_0.25_0.22_204	0.0920365535248042
CNP0000460_CGACTTCAGTATCGAA-1_1_1_1	CNP0000460_P03T	CNP0000460	DF.classifications_0.25_0.22_204	Singlet	pANN_0.25_0.22_204	0.349869451697128
CNP0000460_CGACTTCAGTCCTCCT-1_1_1_1	CNP0000460_P03T	CNP0000460	DF.classifications_0.25_0.22_204	Singlet	pANN_0.25_0.22_204	0.122715404699739
CNP0000460_CGACTTCAGTCGTACT-1_1_1_1	CNP0000460_P03T	CNP0000460	DF.classifications_0.25_0.22_204	Singlet	pANN_0.25_0.22_204	0.259791122715405
CNP0000460_CGACTTCAGTGTCCCG-1_1_1_1	CNP0000460_P03T	CNP0000460	DF.classifications_0.25_0.22_204	Singlet	pANN_0.25_0.22_204	0.343994778067885
CNP0000460_CGACTTCCAAAGCGGT-1_1_1_1	CNP0000460_P03T	CNP0000460	DF.classifications_0.25_0.22_204	Doublet	pANN_0.25_0.22_204	0.362271540469974
CNP0000460_CGACTTCCAATCCGAT-1_1_1_1	CNP0000460_P03T	CNP0000460	DF.classifications_0.25_0.22_204	Singlet	pANN_0.25_0.22_204	0.160574412532637
CNP0000460_CGACTTCCACGGCCAT-1_1_1_1	CNP0000460_P03T	CNP0000460	DF.classifications_0.25_0.22_204	Singlet	pANN_0.25_0.22_204	0.357049608355091
CNP0000460_CGACTTCCAGCCTTTC-1_1_1_1	CNP0000460_P03T	CNP0000460	DF.classifications_0.25_0.22_204	Singlet	pANN_0.25_0.22_204	0.286553524804178
CNP0000460_CGACTTCCAGGATTGG-1_1_1_1	CNP0000460_P03T	CNP0000460	DF.classifications_0.25_0.22_204	Singlet	pANN_0.25_0.22_204	0.0926892950391645
CNP0000460_CGACTTCGTCTGGAGA-1_1_1_1	CNP0000460_P03T	CNP0000460	DF.classifications_0.25_0.22_204	Singlet	pANN_0.25_0.22_204	0.348563968668407
CNP0000460_CGACTTCGTGCCTTGG-1_1_1_1	CNP0000460_P03T	CNP0000460	DF.classifications_0.25_0.22_204	Singlet	pANN_0.25_0.22_204	0.0809399477806789
CNP0000460_CGACTTCGTTCCCTTG-1_1_1_1	CNP0000460_P03T	CNP0000460	DF.classifications_0.25_0.22_204	Singlet	pANN_0.25_0.22_204	0.143603133159269
CNP0000460_CGACTTCGTTCTGTTT-1_1_1_1	CNP0000460_P03T	CNP0000460	DF.classifications_0.25_0.22_204	Singlet	pANN_0.25_0.22_204	0.10378590078329
CNP0000460_CGACTTCTCAGTTCGA-1_1_1_1	CNP0000460_P03T	CNP0000460	DF.classifications_0.25_0.22_204	Singlet	pANN_0.25_0.22_204	0.085509138381201
CNP0000460_CGACTTCTCTCGATGA-1_1_1_1	CNP0000460_P03T	CNP0000460	DF.classifications_0.25_0.22_204	Singlet	pANN_0.25_0.22_204	0.137075718015666
CNP0000460_CGAGAAGAGCACAGGT-1_1_1_1	CNP0000460_P03T	CNP0000460	DF.classifications_0.25_0.22_204	Singlet	pANN_0.25_0.22_204	0.358355091383812
CNP0000460_CGAGAAGAGCGATAGC-1_1_1_1	CNP0000460_P03T	CNP0000460	DF.classifications_0.25_0.22_204	Singlet	pANN_0.25_0.22_204	0.10313315926893
CNP0000460_CGAGAAGAGTGTCCCG-1_1_1_1	CNP0000460_P03T	CNP0000460	DF.classifications_0.25_0.22_204	Singlet	pANN_0.25_0.22_204	0.275456919060052
CNP0000460_CGAGAAGAGTTGTAGA-1_1_1_1	CNP0000460_P03T	CNP0000460	DF.classifications_0.25_0.22_204	Doublet	pANN_0.25_0.22_204	0.360966057441253
CNP0000460_CGAGAAGCACGAAAGC-1_1_1_1	CNP0000460_P03T	CNP0000460	DF.classifications_0.25_0.22_204	Singlet	pANN_0.25_0.22_204	0.0881201044386423
CNP0000460_CGAGAAGCAGTGGAGT-1_1_1_1	CNP0000460_P03T	CNP0000460	DF.classifications_0.25_0.22_204	Singlet	pANN_0.25_0.22_204	0.204960835509138
CNP0000460_CGAGAAGCATCCCACT-1_1_1_1	CNP0000460_P03T	CNP0000460	DF.classifications_0.25_0.22_204	Singlet	pANN_0.25_0.22_204	0.110966057441253
CNP0000460_CGAGAAGGTCACTTCC-1_1_1_1	CNP0000460_P03T	CNP0000460	DF.classifications_0.25_0.22_204	Singlet	pANN_0.25_0.22_204	0.356396866840731
CNP0000460_CGAGAAGGTGTCCTCT-1_1_1_1	CNP0000460_P03T	CNP0000460	DF.classifications_0.25_0.22_204	Singlet	pANN_0.25_0.22_204	0.0881201044386423
CNP0000460_CGAGAAGTCGGTTCGG-1_1_1_1	CNP0000460_P03T	CNP0000460	DF.classifications_0.25_0.22_204	Singlet	pANN_0.25_0.22_204	0.289817232375979
CNP0000460_CGAGCACAGGTTACCT-1_1_1_1	CNP0000460_P03T	CNP0000460	DF.classifications_0.25_0.22_204	Singlet	pANN_0.25_0.22_204	0.290469973890339
CNP0000460_CGAGCACAGTCCGTAT-1_1_1_1	CNP0000460_P03T	CNP0000460	DF.classifications_0.25_0.22_204	Singlet	pANN_0.25_0.22_204	0.197127937336815
CNP0000460_CGAGCACAGTCTCCTC-1_1_1_1	CNP0000460_P03T	CNP0000460	DF.classifications_0.25_0.22_204	Singlet	pANN_0.25_0.22_204	0.0881201044386423
CNP0000460_CGAGCACCATATGCTG-1_1_1_1	CNP0000460_P03T	CNP0000460	DF.classifications_0.25_0.22_204	Singlet	pANN_0.25_0.22_204	0.16579634464752
CNP0000460_CGAGCACGTCGCTTTC-1_1_1_1	CNP0000460_P03T	CNP0000460	DF.classifications_0.25_0.22_204	Singlet	pANN_0.25_0.22_204	0.195169712793734
CNP0000460_CGAGCACTCCGCATCT-1_1_1_1	CNP0000460_P03T	CNP0000460	DF.classifications_0.25_0.22_204	Singlet	pANN_0.25_0.22_204	0.240861618798956
CNP0000460_CGAGCACTCGCCAAAT-1_1_1_1	CNP0000460_P03T	CNP0000460	DF.classifications_0.25_0.22_204	Singlet	pANN_0.25_0.22_204	0.0985639686684073
CNP0000460_CGAGCCACAAATCCGT-1_1_1_1	CNP0000460_P03T	CNP0000460	DF.classifications_0.25_0.22_204	Singlet	pANN_0.25_0.22_204	0.12532637075718
CNP0000460_CGAGCCACAATCTGCA-1_1_1_1	CNP0000460_P03T	CNP0000460	DF.classifications_0.25_0.22_204	Singlet	pANN_0.25_0.22_204	0.157310704960836
CNP0000460_CGAGCCACATGCGCAC-1_1_1_1	CNP0000460_P03T	CNP0000460	DF.classifications_0.25_0.22_204	Singlet	pANN_0.25_0.22_204	0.35313315926893
CNP0000460_CGAGCCAGTCCATGAT-1_1_1_1	CNP0000460_P03T	CNP0000460	DF.classifications_0.25_0.22_204	Singlet	pANN_0.25_0.22_204	0.0933420365535248
CNP0000460_CGAGCCAGTCTTTCAT-1_1_1_1	CNP0000460_P03T	CNP0000460	DF.classifications_0.25_0.22_204	Singlet	pANN_0.25_0.22_204	0.10378590078329
CNP0000460_CGAGCCAGTTAAGGGC-1_1_1_1	CNP0000460_P03T	CNP0000460	DF.classifications_0.25_0.22_204	Singlet	pANN_0.25_0.22_204	0.171018276762402
CNP0000460_CGAGCCAGTTTGGGCC-1_1_1_1	CNP0000460_P03T	CNP0000460	DF.classifications_0.25_0.22_204	Singlet	pANN_0.25_0.22_204	0.116187989556136
CNP0000460_CGAGCCATCAAACAAG-1_1_1_1	CNP0000460_P03T	CNP0000460	DF.classifications_0.25_0.22_204	Singlet	pANN_0.25_0.22_204	0.192558746736292
CNP0000460_CGAGCCATCCACGTTC-1_1_1_1	CNP0000460_P03T	CNP0000460	DF.classifications_0.25_0.22_204	Singlet	pANN_0.25_0.22_204	0.258485639686684
CNP0000460_CGAGCCATCCTCATTA-1_1_1_1	CNP0000460_P03T	CNP0000460	DF.classifications_0.25_0.22_204	Singlet	pANN_0.25_0.22_204	0.286553524804178
CNP0000460_CGAGCCATCTGCGTAA-1_1_1_1	CNP0000460_P03T	CNP0000460	DF.classifications_0.25_0.22_204	Singlet	pANN_0.25_0.22_204	0.357702349869452
CNP0000460_CGATCGGAGCAGCGTA-1_1_1_1	CNP0000460_P03T	CNP0000460	DF.classifications_0.25_0.22_204	Singlet	pANN_0.25_0.22_204	0.253916449086162
CNP0000460_CGATCGGAGCTAGTGG-1_1_1_1	CNP0000460_P03T	CNP0000460	DF.classifications_0.25_0.22_204	Singlet	pANN_0.25_0.22_204	0.102480417754569
CNP0000460_CGATCGGAGGAATTAC-1_1_1_1	CNP0000460_P03T	CNP0000460	DF.classifications_0.25_0.22_204	Singlet	pANN_0.25_0.22_204	0.0828981723237598
CNP0000460_CGATCGGAGGGTCGAT-1_1_1_1	CNP0000460_P03T	CNP0000460	DF.classifications_0.25_0.22_204	Singlet	pANN_0.25_0.22_204	0.251958224543081
CNP0000460_CGATCGGCATGTCCTC-1_1_1_1	CNP0000460_P03T	CNP0000460	DF.classifications_0.25_0.22_204	Singlet	pANN_0.25_0.22_204	0.120757180156658
CNP0000460_CGATCGGGTAAAGTCA-1_1_1_1	CNP0000460_P03T	CNP0000460	DF.classifications_0.25_0.22_204	Singlet	pANN_0.25_0.22_204	0.253263707571802
CNP0000460_CGATCGGGTAGCGTCC-1_1_1_1	CNP0000460_P03T	CNP0000460	DF.classifications_0.25_0.22_204	Singlet	pANN_0.25_0.22_204	0.268929503916449
CNP0000460_CGATCGGGTTGGAGGT-1_1_1_1	CNP0000460_P03T	CNP0000460	DF.classifications_0.25_0.22_204	Singlet	pANN_0.25_0.22_204	0.27088772845953
CNP0000460_CGATCGGTCAGGTTCA-1_1_1_1	CNP0000460_P03T	CNP0000460	DF.classifications_0.25_0.22_204	Singlet	pANN_0.25_0.22_204	0.118146214099217
CNP0000460_CGATCGGTCTGCAAGT-1_1_1_1	CNP0000460_P03T	CNP0000460	DF.classifications_0.25_0.22_204	Singlet	pANN_0.25_0.22_204	0.347258485639687
CNP0000460_CGATGGCAGAGGTAGA-1_1_1_1	CNP0000460_P03T	CNP0000460	DF.classifications_0.25_0.22_204	Singlet	pANN_0.25_0.22_204	0.279373368146214
CNP0000460_CGATGGCCATCTATGG-1_1_1_1	CNP0000460_P03T	CNP0000460	DF.classifications_0.25_0.22_204	Singlet	pANN_0.25_0.22_204	0.176240208877285
CNP0000460_CGATGGCCATTATCTC-1_1_1_1	CNP0000460_P03T	CNP0000460	DF.classifications_0.25_0.22_204	Singlet	pANN_0.25_0.22_204	0.138381201044386
CNP0000460_CGATGGCGTCTAAACC-1_1_1_1	CNP0000460_P03T	CNP0000460	DF.classifications_0.25_0.22_204	Singlet	pANN_0.25_0.22_204	0.260443864229765
CNP0000460_CGATGGCGTGACGGTA-1_1_1_1	CNP0000460_P03T	CNP0000460	DF.classifications_0.25_0.22_204	Singlet	pANN_0.25_0.22_204	0.294386422976501
CNP0000460_CGATGGCGTTCCACTC-1_1_1_1	CNP0000460_P03T	CNP0000460	DF.classifications_0.25_0.22_204	Singlet	pANN_0.25_0.22_204	0.252610966057441
CNP0000460_CGATGGCGTTGTCTTT-1_1_1_1	CNP0000460_P03T	CNP0000460	DF.classifications_0.25_0.22_204	Singlet	pANN_0.25_0.22_204	0.350522193211488
CNP0000460_CGATGGCTCCAGGGCT-1_1_1_1	CNP0000460_P03T	CNP0000460	DF.classifications_0.25_0.22_204	Singlet	pANN_0.25_0.22_204	0.282637075718016
CNP0000460_CGATGGCTCCCAAGTA-1_1_1_1	CNP0000460_P03T	CNP0000460	DF.classifications_0.25_0.22_204	Singlet	pANN_0.25_0.22_204	0.351827676240209
CNP0000460_CGATGGCTCCCTCAGT-1_1_1_1	CNP0000460_P03T	CNP0000460	DF.classifications_0.25_0.22_204	Singlet	pANN_0.25_0.22_204	0.154046997389034
CNP0000460_CGATGGCTCGGTGTTA-1_1_1_1	CNP0000460_P03T	CNP0000460	DF.classifications_0.25_0.22_204	Singlet	pANN_0.25_0.22_204	0.342036553524804
CNP0000460_CGATGGCTCTCATTCA-1_1_1_1	CNP0000460_P03T	CNP0000460	DF.classifications_0.25_0.22_204	Singlet	pANN_0.25_0.22_204	0.0789817232375979
CNP0000460_CGATGGCTCTGGGCCA-1_1_1_1	CNP0000460_P03T	CNP0000460	DF.classifications_0.25_0.22_204	Singlet	pANN_0.25_0.22_204	0.152741514360313
CNP0000460_CGATGTAAGGGATCTG-1_1_1_1	CNP0000460_P03T	CNP0000460	DF.classifications_0.25_0.22_204	Singlet	pANN_0.25_0.22_204	0.135117493472585
CNP0000460_CGATGTACAAACGTGG-1_1_1_1	CNP0000460_P03T	CNP0000460	DF.classifications_0.25_0.22_204	Singlet	pANN_0.25_0.22_204	0.147519582245431
CNP0000460_CGATGTAGTACCGAGA-1_1_1_1	CNP0000460_P03T	CNP0000460	DF.classifications_0.25_0.22_204	Singlet	pANN_0.25_0.22_204	0.135770234986945
CNP0000460_CGATGTAGTATAGGGC-1_1_1_1	CNP0000460_P03T	CNP0000460	DF.classifications_0.25_0.22_204	Singlet	pANN_0.25_0.22_204	0.349216710182768
CNP0000460_CGATGTAGTCACACGC-1_1_1_1	CNP0000460_P03T	CNP0000460	DF.classifications_0.25_0.22_204	Singlet	pANN_0.25_0.22_204	0.0953002610966057
CNP0000460_CGATGTAGTGGTGTAG-1_1_1_1	CNP0000460_P03T	CNP0000460	DF.classifications_0.25_0.22_204	Singlet	pANN_0.25_0.22_204	0.2911227154047
CNP0000460_CGATGTAGTGTGCGTC-1_1_1_1	CNP0000460_P03T	CNP0000460	DF.classifications_0.25_0.22_204	Singlet	pANN_0.25_0.22_204	0.302219321148825
CNP0000460_CGATGTAGTTCCCTTG-1_1_1_1	CNP0000460_P03T	CNP0000460	DF.classifications_0.25_0.22_204	Singlet	pANN_0.25_0.22_204	0.289817232375979
CNP0000460_CGATGTAGTTTGTGTG-1_1_1_1	CNP0000460_P03T	CNP0000460	DF.classifications_0.25_0.22_204	Doublet	pANN_0.25_0.22_204	0.365535248041775
CNP0000460_CGATGTATCAAGGTAA-1_1_1_1	CNP0000460_P03T	CNP0000460	DF.classifications_0.25_0.22_204	Singlet	pANN_0.25_0.22_204	0.284595300261097
CNP0000460_CGATGTATCACTCCTG-1_1_1_1	CNP0000460_P03T	CNP0000460	DF.classifications_0.25_0.22_204	Singlet	pANN_0.25_0.22_204	0.357049608355091
CNP0000460_CGATGTATCGGCTACG-1_1_1_1	CNP0000460_P03T	CNP0000460	DF.classifications_0.25_0.22_204	Singlet	pANN_0.25_0.22_204	0.18668407310705
CNP0000460_CGATTGAAGGCTAGCA-1_1_1_1	CNP0000460_P03T	CNP0000460	DF.classifications_0.25_0.22_204	Singlet	pANN_0.25_0.22_204	0.355744125326371
CNP0000460_CGATTGAAGTGCGTGA-1_1_1_1	CNP0000460_P03T	CNP0000460	DF.classifications_0.25_0.22_204	Singlet	pANN_0.25_0.22_204	0.107702349869452
CNP0000460_CGATTGACAAAGGCGT-1_1_1_1	CNP0000460_P03T	CNP0000460	DF.classifications_0.25_0.22_204	Singlet	pANN_0.25_0.22_204	0.185378590078329
CNP0000460_CGATTGACAAATTGCC-1_1_1_1	CNP0000460_P03T	CNP0000460	DF.classifications_0.25_0.22_204	Singlet	pANN_0.25_0.22_204	0.257180156657963
CNP0000460_CGATTGACACTGCCAG-1_1_1_1	CNP0000460_P03T	CNP0000460	DF.classifications_0.25_0.22_204	Singlet	pANN_0.25_0.22_204	0.106396866840731
CNP0000460_CGATTGAGTGAAAGAG-1_1_1_1	CNP0000460_P03T	CNP0000460	DF.classifications_0.25_0.22_204	Singlet	pANN_0.25_0.22_204	0.299608355091384
CNP0000460_CGATTGAGTGCTGTAT-1_1_1_1	CNP0000460_P03T	CNP0000460	DF.classifications_0.25_0.22_204	Singlet	pANN_0.25_0.22_204	0.0966057441253264
CNP0000460_CGATTGATCACATGCA-1_1_1_1	CNP0000460_P03T	CNP0000460	DF.classifications_0.25_0.22_204	Singlet	pANN_0.25_0.22_204	0.215404699738903
CNP0000460_CGATTGATCACTGGGC-1_1_1_1	CNP0000460_P03T	CNP0000460	DF.classifications_0.25_0.22_204	Singlet	pANN_0.25_0.22_204	0.157963446475196
CNP0000460_CGATTGATCCGCAAGC-1_1_1_1	CNP0000460_P03T	CNP0000460	DF.classifications_0.25_0.22_204	Singlet	pANN_0.25_0.22_204	0.12467362924282
CNP0000460_CGATTGATCGGCGGTT-1_1_1_1	CNP0000460_P03T	CNP0000460	DF.classifications_0.25_0.22_204	Singlet	pANN_0.25_0.22_204	0.357702349869452
CNP0000460_CGCCAAGAGTCCGTAT-1_1_1_1	CNP0000460_P03T	CNP0000460	DF.classifications_0.25_0.22_204	Singlet	pANN_0.25_0.22_204	0.0985639686684073
CNP0000460_CGCCAAGCAAGAAGAG-1_1_1_1	CNP0000460_P03T	CNP0000460	DF.classifications_0.25_0.22_204	Singlet	pANN_0.25_0.22_204	0.107702349869452
CNP0000460_CGCCAAGCACGACTCG-1_1_1_1	CNP0000460_P03T	CNP0000460	DF.classifications_0.25_0.22_204	Singlet	pANN_0.25_0.22_204	0.131201044386423
CNP0000460_CGCCAAGCATAGAAAC-1_1_1_1	CNP0000460_P03T	CNP0000460	DF.classifications_0.25_0.22_204	Singlet	pANN_0.25_0.22_204	0.177545691906005
CNP0000460_CGCCAAGCATGCCCGA-1_1_1_1	CNP0000460_P03T	CNP0000460	DF.classifications_0.25_0.22_204	Singlet	pANN_0.25_0.22_204	0.135117493472585
CNP0000460_CGCCAAGGTAGGACAC-1_1_1_1	CNP0000460_P03T	CNP0000460	DF.classifications_0.25_0.22_204	Singlet	pANN_0.25_0.22_204	0.355744125326371
CNP0000460_CGCCAAGGTCATCCCT-1_1_1_1	CNP0000460_P03T	CNP0000460	DF.classifications_0.25_0.22_204	Singlet	pANN_0.25_0.22_204	0.106396866840731
CNP0000460_CGCCAAGGTCCAACTA-1_1_1_1	CNP0000460_P03T	CNP0000460	DF.classifications_0.25_0.22_204	Singlet	pANN_0.25_0.22_204	0.345300261096606
CNP0000460_CGCCAAGGTTAGGGTG-1_1_1_1	CNP0000460_P03T	CNP0000460	DF.classifications_0.25_0.22_204	Singlet	pANN_0.25_0.22_204	0.35313315926893
CNP0000460_CGCCAAGTCGGAGGTA-1_1_1_1	CNP0000460_P03T	CNP0000460	DF.classifications_0.25_0.22_204	Singlet	pANN_0.25_0.22_204	0.290469973890339
CNP0000460_CGCCAAGTCGTCCAGG-1_1_1_1	CNP0000460_P03T	CNP0000460	DF.classifications_0.25_0.22_204	Singlet	pANN_0.25_0.22_204	0.105744125326371
CNP0000460_CGCCAAGTCTACTCAT-1_1_1_1	CNP0000460_P03T	CNP0000460	DF.classifications_0.25_0.22_204	Singlet	pANN_0.25_0.22_204	0.35313315926893
CNP0000460_CGCCAAGTCTGTACGA-1_1_1_1	CNP0000460_P03T	CNP0000460	DF.classifications_0.25_0.22_204	Singlet	pANN_0.25_0.22_204	0.14621409921671
CNP0000460_CGCGGTAAGCGGATCA-1_1_1_1	CNP0000460_P03T	CNP0000460	DF.classifications_0.25_0.22_204	Singlet	pANN_0.25_0.22_204	0.148825065274151
CNP0000460_CGCGGTAAGGCTCAGA-1_1_1_1	CNP0000460_P03T	CNP0000460	DF.classifications_0.25_0.22_204	Singlet	pANN_0.25_0.22_204	0.306135770234987
CNP0000460_CGCGGTAAGGGATACC-1_1_1_1	CNP0000460_P03T	CNP0000460	DF.classifications_0.25_0.22_204	Singlet	pANN_0.25_0.22_204	0.357049608355091
CNP0000460_CGCGGTACACGCATCG-1_1_1_1	CNP0000460_P03T	CNP0000460	DF.classifications_0.25_0.22_204	Singlet	pANN_0.25_0.22_204	0.0861618798955614
CNP0000460_CGCGGTACACGCCAGT-1_1_1_1	CNP0000460_P03T	CNP0000460	DF.classifications_0.25_0.22_204	Singlet	pANN_0.25_0.22_204	0.178198433420366
CNP0000460_CGCGGTACAGACGTAG-1_1_1_1	CNP0000460_P03T	CNP0000460	DF.classifications_0.25_0.22_204	Singlet	pANN_0.25_0.22_204	0.35443864229765
CNP0000460_CGCGGTACATGGAATA-1_1_1_1	CNP0000460_P03T	CNP0000460	DF.classifications_0.25_0.22_204	Singlet	pANN_0.25_0.22_204	0.143603133159269
CNP0000460_CGCGGTAGTCCGAAGA-1_1_1_1	CNP0000460_P03T	CNP0000460	DF.classifications_0.25_0.22_204	Singlet	pANN_0.25_0.22_204	0.0985639686684073
CNP0000460_CGCGGTAGTCGCGAAA-1_1_1_1	CNP0000460_P03T	CNP0000460	DF.classifications_0.25_0.22_204	Singlet	pANN_0.25_0.22_204	0.35378590078329
CNP0000460_CGCGGTATCGGCCGAT-1_1_1_1	CNP0000460_P03T	CNP0000460	DF.classifications_0.25_0.22_204	Singlet	pANN_0.25_0.22_204	0.349869451697128
CNP0000460_CGCGTTTAGTATCGAA-1_1_1_1	CNP0000460_P03T	CNP0000460	DF.classifications_0.25_0.22_204	Singlet	pANN_0.25_0.22_204	0.359660574412533
CNP0000460_CGCGTTTCAGATGGGT-1_1_1_1	CNP0000460_P03T	CNP0000460	DF.classifications_0.25_0.22_204	Singlet	pANN_0.25_0.22_204	0.352480417754569
CNP0000460_CGCGTTTCAGGCGATA-1_1_1_1	CNP0000460_P03T	CNP0000460	DF.classifications_0.25_0.22_204	Singlet	pANN_0.25_0.22_204	0.238903394255875
CNP0000460_CGCGTTTGTACCTACA-1_1_1_1	CNP0000460_P03T	CNP0000460	DF.classifications_0.25_0.22_204	Singlet	pANN_0.25_0.22_204	0.101174934725849
CNP0000460_CGCGTTTGTCCGAACC-1_1_1_1	CNP0000460_P03T	CNP0000460	DF.classifications_0.25_0.22_204	Singlet	pANN_0.25_0.22_204	0.330939947780679
CNP0000460_CGCGTTTGTGAGTATA-1_1_1_1	CNP0000460_P03T	CNP0000460	DF.classifications_0.25_0.22_204	Singlet	pANN_0.25_0.22_204	0.214099216710183
CNP0000460_CGCGTTTTCAAAGTAG-1_1_1_1	CNP0000460_P03T	CNP0000460	DF.classifications_0.25_0.22_204	Singlet	pANN_0.25_0.22_204	0.263707571801567
CNP0000460_CGCGTTTTCACCTTAT-1_1_1_1	CNP0000460_P03T	CNP0000460	DF.classifications_0.25_0.22_204	Singlet	pANN_0.25_0.22_204	0.117493472584856
CNP0000460_CGCGTTTTCCGGCACA-1_1_1_1	CNP0000460_P03T	CNP0000460	DF.classifications_0.25_0.22_204	Singlet	pANN_0.25_0.22_204	0.283942558746736
CNP0000460_CGCTATCAGCGCTCCA-1_1_1_1	CNP0000460_P03T	CNP0000460	DF.classifications_0.25_0.22_204	Singlet	pANN_0.25_0.22_204	0.358355091383812
CNP0000460_CGCTATCAGCTAGTGG-1_1_1_1	CNP0000460_P03T	CNP0000460	DF.classifications_0.25_0.22_204	Singlet	pANN_0.25_0.22_204	0.352480417754569
CNP0000460_CGCTATCAGGAGTAGA-1_1_1_1	CNP0000460_P03T	CNP0000460	DF.classifications_0.25_0.22_204	Singlet	pANN_0.25_0.22_204	0.0868146214099217
CNP0000460_CGCTATCAGGATGCGT-1_1_1_1	CNP0000460_P03T	CNP0000460	DF.classifications_0.25_0.22_204	Singlet	pANN_0.25_0.22_204	0.285900783289817
CNP0000460_CGCTATCAGGATTCGG-1_1_1_1	CNP0000460_P03T	CNP0000460	DF.classifications_0.25_0.22_204	Singlet	pANN_0.25_0.22_204	0.117493472584856
CNP0000460_CGCTATCAGTTAGGTA-1_1_1_1	CNP0000460_P03T	CNP0000460	DF.classifications_0.25_0.22_204	Singlet	pANN_0.25_0.22_204	0.167754569190601
CNP0000460_CGCTATCCAGAGCCAA-1_1_1_1	CNP0000460_P03T	CNP0000460	DF.classifications_0.25_0.22_204	Singlet	pANN_0.25_0.22_204	0.352480417754569
CNP0000460_CGCTATCCAGTATAAG-1_1_1_1	CNP0000460_P03T	CNP0000460	DF.classifications_0.25_0.22_204	Singlet	pANN_0.25_0.22_204	0.35509138381201
CNP0000460_CGCTATCGTCAATACC-1_1_1_1	CNP0000460_P03T	CNP0000460	DF.classifications_0.25_0.22_204	Singlet	pANN_0.25_0.22_204	0.097911227154047
CNP0000460_CGCTATCGTCTTGATG-1_1_1_1	CNP0000460_P03T	CNP0000460	DF.classifications_0.25_0.22_204	Singlet	pANN_0.25_0.22_204	0.159268929503916
CNP0000460_CGCTATCTCAGAGACG-1_1_1_1	CNP0000460_P03T	CNP0000460	DF.classifications_0.25_0.22_204	Singlet	pANN_0.25_0.22_204	0.352480417754569
CNP0000460_CGCTATCTCCACGTGG-1_1_1_1	CNP0000460_P03T	CNP0000460	DF.classifications_0.25_0.22_204	Singlet	pANN_0.25_0.22_204	0.289817232375979
CNP0000460_CGCTATCTCCAGATCA-1_1_1_1	CNP0000460_P03T	CNP0000460	DF.classifications_0.25_0.22_204	Singlet	pANN_0.25_0.22_204	0.357702349869452
CNP0000460_CGCTATCTCCCACTTG-1_1_1_1	CNP0000460_P03T	CNP0000460	DF.classifications_0.25_0.22_204	Singlet	pANN_0.25_0.22_204	0.115535248041775
CNP0000460_CGCTATCTCCCTCAGT-1_1_1_1	CNP0000460_P03T	CNP0000460	DF.classifications_0.25_0.22_204	Singlet	pANN_0.25_0.22_204	0.285900783289817
CNP0000460_CGCTATCTCCTCGCAT-1_1_1_1	CNP0000460_P03T	CNP0000460	DF.classifications_0.25_0.22_204	Singlet	pANN_0.25_0.22_204	0.232375979112272
CNP0000460_CGCTATCTCTACCTGC-1_1_1_1	CNP0000460_P03T	CNP0000460	DF.classifications_0.25_0.22_204	Singlet	pANN_0.25_0.22_204	0.175587467362924
CNP0000460_CGCTGGAAGGCGATAC-1_1_1_1	CNP0000460_P03T	CNP0000460	DF.classifications_0.25_0.22_204	Singlet	pANN_0.25_0.22_204	0.351174934725849
CNP0000460_CGCTGGAAGGGTGTTG-1_1_1_1	CNP0000460_P03T	CNP0000460	DF.classifications_0.25_0.22_204	Singlet	pANN_0.25_0.22_204	0.293733681462141
CNP0000460_CGCTGGACACCATGTA-1_1_1_1	CNP0000460_P03T	CNP0000460	DF.classifications_0.25_0.22_204	Singlet	pANN_0.25_0.22_204	0.272193211488251
CNP0000460_CGCTGGAGTGTCCTCT-1_1_1_1	CNP0000460_P03T	CNP0000460	DF.classifications_0.25_0.22_204	Singlet	pANN_0.25_0.22_204	0.097911227154047
CNP0000460_CGCTGGAGTTACCGAT-1_1_1_1	CNP0000460_P03T	CNP0000460	DF.classifications_0.25_0.22_204	Singlet	pANN_0.25_0.22_204	0.279373368146214
CNP0000460_CGCTGGAGTTAGATGA-1_1_1_1	CNP0000460_P03T	CNP0000460	DF.classifications_0.25_0.22_204	Singlet	pANN_0.25_0.22_204	0.120104438642298
CNP0000460_CGCTGGAGTTGGTAAA-1_1_1_1	CNP0000460_P03T	CNP0000460	DF.classifications_0.25_0.22_204	Singlet	pANN_0.25_0.22_204	0.352480417754569
CNP0000460_CGCTGGATCACAAACC-1_1_1_1	CNP0000460_P03T	CNP0000460	DF.classifications_0.25_0.22_204	Singlet	pANN_0.25_0.22_204	0.12402088772846
CNP0000460_CGCTGGATCTAACTTC-1_1_1_1	CNP0000460_P03T	CNP0000460	DF.classifications_0.25_0.22_204	Singlet	pANN_0.25_0.22_204	0.352480417754569
CNP0000460_CGCTTCAAGATGGCGT-1_1_1_1	CNP0000460_P03T	CNP0000460	DF.classifications_0.25_0.22_204	Singlet	pANN_0.25_0.22_204	0.278067885117493
CNP0000460_CGCTTCAAGGCCATAG-1_1_1_1	CNP0000460_P03T	CNP0000460	DF.classifications_0.25_0.22_204	Singlet	pANN_0.25_0.22_204	0.246736292428198
CNP0000460_CGCTTCACAAGCCCAC-1_1_1_1	CNP0000460_P03T	CNP0000460	DF.classifications_0.25_0.22_204	Singlet	pANN_0.25_0.22_204	0.0953002610966057
CNP0000460_CGCTTCACAGGTCCAC-1_1_1_1	CNP0000460_P03T	CNP0000460	DF.classifications_0.25_0.22_204	Singlet	pANN_0.25_0.22_204	0.10378590078329
CNP0000460_CGCTTCAGTTCCAACA-1_1_1_1	CNP0000460_P03T	CNP0000460	DF.classifications_0.25_0.22_204	Singlet	pANN_0.25_0.22_204	0.101827676240209
CNP0000460_CGGACACAGAATTCCC-1_1_1_1	CNP0000460_P03T	CNP0000460	DF.classifications_0.25_0.22_204	Doublet	pANN_0.25_0.22_204	0.366840731070496
CNP0000460_CGGACACAGGGATCTG-1_1_1_1	CNP0000460_P03T	CNP0000460	DF.classifications_0.25_0.22_204	Singlet	pANN_0.25_0.22_204	0.349869451697128
CNP0000460_CGGACACCAACGATCT-1_1_1_1	CNP0000460_P03T	CNP0000460	DF.classifications_0.25_0.22_204	Singlet	pANN_0.25_0.22_204	0.216710182767624
CNP0000460_CGGACACCACTAGTAC-1_1_1_1	CNP0000460_P03T	CNP0000460	DF.classifications_0.25_0.22_204	Singlet	pANN_0.25_0.22_204	0.194516971279373
CNP0000460_CGGACACGTAGCTAAA-1_1_1_1	CNP0000460_P03T	CNP0000460	DF.classifications_0.25_0.22_204	Singlet	pANN_0.25_0.22_204	0.134464751958225
CNP0000460_CGGACACGTCATCGGC-1_1_1_1	CNP0000460_P03T	CNP0000460	DF.classifications_0.25_0.22_204	Singlet	pANN_0.25_0.22_204	0.27023498694517
CNP0000460_CGGACACGTTCGAATC-1_1_1_1	CNP0000460_P03T	CNP0000460	DF.classifications_0.25_0.22_204	Singlet	pANN_0.25_0.22_204	0.35443864229765
CNP0000460_CGGACACGTTGCGCAC-1_1_1_1	CNP0000460_P03T	CNP0000460	DF.classifications_0.25_0.22_204	Singlet	pANN_0.25_0.22_204	0.352480417754569
CNP0000460_CGGACACTCAACTCTT-1_1_1_1	CNP0000460_P03T	CNP0000460	DF.classifications_0.25_0.22_204	Singlet	pANN_0.25_0.22_204	0.189947780678851
CNP0000460_CGGACACTCCGCAAGC-1_1_1_1	CNP0000460_P03T	CNP0000460	DF.classifications_0.25_0.22_204	Singlet	pANN_0.25_0.22_204	0.100522193211488
CNP0000460_CGGACACTCTAAGCCA-1_1_1_1	CNP0000460_P03T	CNP0000460	DF.classifications_0.25_0.22_204	Singlet	pANN_0.25_0.22_204	0.328981723237598
CNP0000460_CGGACGTAGCAGATCG-1_1_1_1	CNP0000460_P03T	CNP0000460	DF.classifications_0.25_0.22_204	Singlet	pANN_0.25_0.22_204	0.276109660574413
CNP0000460_CGGACGTAGGTAGCTG-1_1_1_1	CNP0000460_P03T	CNP0000460	DF.classifications_0.25_0.22_204	Singlet	pANN_0.25_0.22_204	0.286553524804178
CNP0000460_CGGACGTAGGTGACCA-1_1_1_1	CNP0000460_P03T	CNP0000460	DF.classifications_0.25_0.22_204	Singlet	pANN_0.25_0.22_204	0.349869451697128
CNP0000460_CGGACGTAGTAGCCGA-1_1_1_1	CNP0000460_P03T	CNP0000460	DF.classifications_0.25_0.22_204	Singlet	pANN_0.25_0.22_204	0.29242819843342
CNP0000460_CGGACGTAGTCACGCC-1_1_1_1	CNP0000460_P03T	CNP0000460	DF.classifications_0.25_0.22_204	Singlet	pANN_0.25_0.22_204	0.274804177545692
CNP0000460_CGGACGTCACATGTGT-1_1_1_1	CNP0000460_P03T	CNP0000460	DF.classifications_0.25_0.22_204	Singlet	pANN_0.25_0.22_204	0.115535248041775
CNP0000460_CGGACGTCATCGGACC-1_1_1_1	CNP0000460_P03T	CNP0000460	DF.classifications_0.25_0.22_204	Singlet	pANN_0.25_0.22_204	0.110966057441253
CNP0000460_CGGACGTGTACGAAAT-1_1_1_1	CNP0000460_P03T	CNP0000460	DF.classifications_0.25_0.22_204	Singlet	pANN_0.25_0.22_204	0.191906005221932
CNP0000460_CGGACGTGTTACGGAG-1_1_1_1	CNP0000460_P03T	CNP0000460	DF.classifications_0.25_0.22_204	Doublet	pANN_0.25_0.22_204	0.362271540469974
CNP0000460_CGGACGTGTTATCCGA-1_1_1_1	CNP0000460_P03T	CNP0000460	DF.classifications_0.25_0.22_204	Singlet	pANN_0.25_0.22_204	0.0809399477806789
CNP0000460_CGGACGTGTTCATGGT-1_1_1_1	CNP0000460_P03T	CNP0000460	DF.classifications_0.25_0.22_204	Singlet	pANN_0.25_0.22_204	0.284595300261097
CNP0000460_CGGACGTTCACCACCT-1_1_1_1	CNP0000460_P03T	CNP0000460	DF.classifications_0.25_0.22_204	Singlet	pANN_0.25_0.22_204	0.102480417754569
CNP0000460_CGGACGTTCACGACTA-1_1_1_1	CNP0000460_P03T	CNP0000460	DF.classifications_0.25_0.22_204	Singlet	pANN_0.25_0.22_204	0.0894255874673629
CNP0000460_CGGACGTTCAGTTTGG-1_1_1_1	CNP0000460_P03T	CNP0000460	DF.classifications_0.25_0.22_204	Singlet	pANN_0.25_0.22_204	0.101827676240209
CNP0000460_CGGACGTTCCACGTGG-1_1_1_1	CNP0000460_P03T	CNP0000460	DF.classifications_0.25_0.22_204	Singlet	pANN_0.25_0.22_204	0.359007832898172
CNP0000460_CGGACGTTCGGCGCTA-1_1_1_1	CNP0000460_P03T	CNP0000460	DF.classifications_0.25_0.22_204	Singlet	pANN_0.25_0.22_204	0.087467362924282
CNP0000460_CGGACTGAGACCTAGG-1_1_1_1	CNP0000460_P03T	CNP0000460	DF.classifications_0.25_0.22_204	Singlet	pANN_0.25_0.22_204	0.349216710182768
CNP0000460_CGGACTGAGAGGACGG-1_1_1_1	CNP0000460_P03T	CNP0000460	DF.classifications_0.25_0.22_204	Singlet	pANN_0.25_0.22_204	0.274804177545692
CNP0000460_CGGACTGAGATGCCTT-1_1_1_1	CNP0000460_P03T	CNP0000460	DF.classifications_0.25_0.22_204	Singlet	pANN_0.25_0.22_204	0.246083550913838
CNP0000460_CGGACTGAGCTAGTTC-1_1_1_1	CNP0000460_P03T	CNP0000460	DF.classifications_0.25_0.22_204	Singlet	pANN_0.25_0.22_204	0.106396866840731
CNP0000460_CGGACTGAGCTGGAAC-1_1_1_1	CNP0000460_P03T	CNP0000460	DF.classifications_0.25_0.22_204	Singlet	pANN_0.25_0.22_204	0.357702349869452
CNP0000460_CGGACTGAGGTGTGGT-1_1_1_1	CNP0000460_P03T	CNP0000460	DF.classifications_0.25_0.22_204	Singlet	pANN_0.25_0.22_204	0.273498694516971
CNP0000460_CGGACTGCAGTCGTGC-1_1_1_1	CNP0000460_P03T	CNP0000460	DF.classifications_0.25_0.22_204	Singlet	pANN_0.25_0.22_204	0.12597911227154
CNP0000460_CGGACTGGTAATTGGA-1_1_1_1	CNP0000460_P03T	CNP0000460	DF.classifications_0.25_0.22_204	Singlet	pANN_0.25_0.22_204	0.121409921671018
CNP0000460_CGGACTGGTAGGGACT-1_1_1_1	CNP0000460_P03T	CNP0000460	DF.classifications_0.25_0.22_204	Singlet	pANN_0.25_0.22_204	0.355744125326371
CNP0000460_CGGACTGGTCGAGATG-1_1_1_1	CNP0000460_P03T	CNP0000460	DF.classifications_0.25_0.22_204	Singlet	pANN_0.25_0.22_204	0.146866840731071
CNP0000460_CGGACTGGTCGATTGT-1_1_1_1	CNP0000460_P03T	CNP0000460	DF.classifications_0.25_0.22_204	Singlet	pANN_0.25_0.22_204	0.12532637075718
CNP0000460_CGGACTGGTTCACCTC-1_1_1_1	CNP0000460_P03T	CNP0000460	DF.classifications_0.25_0.22_204	Singlet	pANN_0.25_0.22_204	0.260443864229765
CNP0000460_CGGACTGTCAAACCGT-1_1_1_1	CNP0000460_P03T	CNP0000460	DF.classifications_0.25_0.22_204	Singlet	pANN_0.25_0.22_204	0.102480417754569
CNP0000460_CGGACTGTCCTAGGGC-1_1_1_1	CNP0000460_P03T	CNP0000460	DF.classifications_0.25_0.22_204	Singlet	pANN_0.25_0.22_204	0.358355091383812
CNP0000460_CGGACTGTCTGTGCAA-1_1_1_1	CNP0000460_P03T	CNP0000460	DF.classifications_0.25_0.22_204	Singlet	pANN_0.25_0.22_204	0.131201044386423
CNP0000460_CGGAGCTAGCTAGGCA-1_1_1_1	CNP0000460_P03T	CNP0000460	DF.classifications_0.25_0.22_204	Singlet	pANN_0.25_0.22_204	0.283289817232376
CNP0000460_CGGAGCTAGTCTCGGC-1_1_1_1	CNP0000460_P03T	CNP0000460	DF.classifications_0.25_0.22_204	Singlet	pANN_0.25_0.22_204	0.261096605744125
CNP0000460_CGGAGCTAGTTATCGC-1_1_1_1	CNP0000460_P03T	CNP0000460	DF.classifications_0.25_0.22_204	Singlet	pANN_0.25_0.22_204	0.10509138381201
CNP0000460_CGGAGCTCACGTCAGC-1_1_1_1	CNP0000460_P03T	CNP0000460	DF.classifications_0.25_0.22_204	Singlet	pANN_0.25_0.22_204	0.0953002610966057
CNP0000460_CGGAGCTCACGTCTCT-1_1_1_1	CNP0000460_P03T	CNP0000460	DF.classifications_0.25_0.22_204	Singlet	pANN_0.25_0.22_204	0.272193211488251
CNP0000460_CGGAGCTTCACAGTAC-1_1_1_1	CNP0000460_P03T	CNP0000460	DF.classifications_0.25_0.22_204	Singlet	pANN_0.25_0.22_204	0.110313315926893
CNP0000460_CGGAGCTTCCAGAGGA-1_1_1_1	CNP0000460_P03T	CNP0000460	DF.classifications_0.25_0.22_204	Singlet	pANN_0.25_0.22_204	0.122062663185379
CNP0000460_CGGAGCTTCCCAAGTA-1_1_1_1	CNP0000460_P03T	CNP0000460	DF.classifications_0.25_0.22_204	Singlet	pANN_0.25_0.22_204	0.131201044386423
CNP0000460_CGGAGCTTCCTATTCA-1_1_1_1	CNP0000460_P03T	CNP0000460	DF.classifications_0.25_0.22_204	Singlet	pANN_0.25_0.22_204	0.35509138381201
CNP0000460_CGGAGCTTCGGAAACG-1_1_1_1	CNP0000460_P03T	CNP0000460	DF.classifications_0.25_0.22_204	Singlet	pANN_0.25_0.22_204	0.0913838120104439
CNP0000460_CGGAGCTTCTCTAAGG-1_1_1_1	CNP0000460_P03T	CNP0000460	DF.classifications_0.25_0.22_204	Singlet	pANN_0.25_0.22_204	0.102480417754569
CNP0000460_CGGAGCTTCTTAACCT-1_1_1_1	CNP0000460_P03T	CNP0000460	DF.classifications_0.25_0.22_204	Singlet	pANN_0.25_0.22_204	0.276762402088773
CNP0000460_CGGAGTCCATGTAGTC-1_1_1_1	CNP0000460_P03T	CNP0000460	DF.classifications_0.25_0.22_204	Singlet	pANN_0.25_0.22_204	0.347911227154047
CNP0000460_CGGAGTCGTATCAGTC-1_1_1_1	CNP0000460_P03T	CNP0000460	DF.classifications_0.25_0.22_204	Singlet	pANN_0.25_0.22_204	0.281331592689295
CNP0000460_CGGAGTCGTCCAGTGC-1_1_1_1	CNP0000460_P03T	CNP0000460	DF.classifications_0.25_0.22_204	Singlet	pANN_0.25_0.22_204	0.351827676240209
CNP0000460_CGGAGTCTCACGCATA-1_1_1_1	CNP0000460_P03T	CNP0000460	DF.classifications_0.25_0.22_204	Singlet	pANN_0.25_0.22_204	0.171018276762402
CNP0000460_CGGAGTCTCATCGCTC-1_1_1_1	CNP0000460_P03T	CNP0000460	DF.classifications_0.25_0.22_204	Singlet	pANN_0.25_0.22_204	0.114229765013055
CNP0000460_CGGAGTCTCCTCATTA-1_1_1_1	CNP0000460_P03T	CNP0000460	DF.classifications_0.25_0.22_204	Singlet	pANN_0.25_0.22_204	0.130548302872063
CNP0000460_CGGAGTCTCCTTAATC-1_1_1_1	CNP0000460_P03T	CNP0000460	DF.classifications_0.25_0.22_204	Singlet	pANN_0.25_0.22_204	0.276109660574413
CNP0000460_CGGAGTCTCTCAACTT-1_1_1_1	CNP0000460_P03T	CNP0000460	DF.classifications_0.25_0.22_204	Singlet	pANN_0.25_0.22_204	0.101174934725849
CNP0000460_CGGAGTCTCTGGTGTA-1_1_1_1	CNP0000460_P03T	CNP0000460	DF.classifications_0.25_0.22_204	Singlet	pANN_0.25_0.22_204	0.286553524804178
CNP0000460_CGGCTAGAGAAAGTGG-1_1_1_1	CNP0000460_P03T	CNP0000460	DF.classifications_0.25_0.22_204	Singlet	pANN_0.25_0.22_204	0.274804177545692
CNP0000460_CGGCTAGAGCGTCTAT-1_1_1_1	CNP0000460_P03T	CNP0000460	DF.classifications_0.25_0.22_204	Singlet	pANN_0.25_0.22_204	0.0926892950391645
CNP0000460_CGGCTAGCACTTGGAT-1_1_1_1	CNP0000460_P03T	CNP0000460	DF.classifications_0.25_0.22_204	Singlet	pANN_0.25_0.22_204	0.164490861618799
CNP0000460_CGGCTAGCAGAAGCAC-1_1_1_1	CNP0000460_P03T	CNP0000460	DF.classifications_0.25_0.22_204	Singlet	pANN_0.25_0.22_204	0.266971279373368
CNP0000460_CGGCTAGCAGCATACT-1_1_1_1	CNP0000460_P03T	CNP0000460	DF.classifications_0.25_0.22_204	Singlet	pANN_0.25_0.22_204	0.0998694516971279
CNP0000460_CGGCTAGGTCAGTGGA-1_1_1_1	CNP0000460_P03T	CNP0000460	DF.classifications_0.25_0.22_204	Singlet	pANN_0.25_0.22_204	0.240208877284595
CNP0000460_CGGCTAGGTGCGGTAA-1_1_1_1	CNP0000460_P03T	CNP0000460	DF.classifications_0.25_0.22_204	Singlet	pANN_0.25_0.22_204	0.35378590078329
CNP0000460_CGGCTAGGTTAGATGA-1_1_1_1	CNP0000460_P03T	CNP0000460	DF.classifications_0.25_0.22_204	Singlet	pANN_0.25_0.22_204	0.085509138381201
CNP0000460_CGGCTAGGTTGAGGTG-1_1_1_1	CNP0000460_P03T	CNP0000460	DF.classifications_0.25_0.22_204	Singlet	pANN_0.25_0.22_204	0.0933420365535248
CNP0000460_CGGCTAGTCGGCGGTT-1_1_1_1	CNP0000460_P03T	CNP0000460	DF.classifications_0.25_0.22_204	Singlet	pANN_0.25_0.22_204	0.131853785900783
CNP0000460_CGGCTAGTCGTTACAG-1_1_1_1	CNP0000460_P03T	CNP0000460	DF.classifications_0.25_0.22_204	Singlet	pANN_0.25_0.22_204	0.114229765013055
CNP0000460_CGGCTAGTCTACCTGC-1_1_1_1	CNP0000460_P03T	CNP0000460	DF.classifications_0.25_0.22_204	Singlet	pANN_0.25_0.22_204	0.258485639686684
CNP0000460_CGGGTCAAGACGACGT-1_1_1_1	CNP0000460_P03T	CNP0000460	DF.classifications_0.25_0.22_204	Singlet	pANN_0.25_0.22_204	0.0939947780678851
CNP0000460_CGGGTCAAGCAGGTCA-1_1_1_1	CNP0000460_P03T	CNP0000460	DF.classifications_0.25_0.22_204	Singlet	pANN_0.25_0.22_204	0.253263707571802
CNP0000460_CGGGTCAAGGCATGTG-1_1_1_1	CNP0000460_P03T	CNP0000460	DF.classifications_0.25_0.22_204	Singlet	pANN_0.25_0.22_204	0.127284595300261
CNP0000460_CGGGTCAAGTAAGTAC-1_1_1_1	CNP0000460_P03T	CNP0000460	DF.classifications_0.25_0.22_204	Singlet	pANN_0.25_0.22_204	0.222584856396867
CNP0000460_CGGGTCAAGTACGTAA-1_1_1_1	CNP0000460_P03T	CNP0000460	DF.classifications_0.25_0.22_204	Singlet	pANN_0.25_0.22_204	0.350522193211488
CNP0000460_CGGGTCAAGTACTTGC-1_1_1_1	CNP0000460_P03T	CNP0000460	DF.classifications_0.25_0.22_204	Singlet	pANN_0.25_0.22_204	0.085509138381201
CNP0000460_CGGGTCACAGCTATTG-1_1_1_1	CNP0000460_P03T	CNP0000460	DF.classifications_0.25_0.22_204	Singlet	pANN_0.25_0.22_204	0.348563968668407
CNP0000460_CGGGTCAGTACCGGCT-1_1_1_1	CNP0000460_P03T	CNP0000460	DF.classifications_0.25_0.22_204	Singlet	pANN_0.25_0.22_204	0.357702349869452
CNP0000460_CGGGTCAGTAGCGTAG-1_1_1_1	CNP0000460_P03T	CNP0000460	DF.classifications_0.25_0.22_204	Singlet	pANN_0.25_0.22_204	0.10313315926893
CNP0000460_CGGGTCAGTCAAAGAT-1_1_1_1	CNP0000460_P03T	CNP0000460	DF.classifications_0.25_0.22_204	Singlet	pANN_0.25_0.22_204	0.268929503916449
CNP0000460_CGGGTCAGTCCGAACC-1_1_1_1	CNP0000460_P03T	CNP0000460	DF.classifications_0.25_0.22_204	Singlet	pANN_0.25_0.22_204	0.101174934725849
CNP0000460_CGGGTCAGTCGCGGTT-1_1_1_1	CNP0000460_P03T	CNP0000460	DF.classifications_0.25_0.22_204	Singlet	pANN_0.25_0.22_204	0.343994778067885
CNP0000460_CGGGTCAGTCTGCGGT-1_1_1_1	CNP0000460_P03T	CNP0000460	DF.classifications_0.25_0.22_204	Singlet	pANN_0.25_0.22_204	0.29177545691906
CNP0000460_CGGGTCATCCAAGCCG-1_1_1_1	CNP0000460_P03T	CNP0000460	DF.classifications_0.25_0.22_204	Singlet	pANN_0.25_0.22_204	0.346605744125326
CNP0000460_CGGTTAAAGCCTATGT-1_1_1_1	CNP0000460_P03T	CNP0000460	DF.classifications_0.25_0.22_204	Singlet	pANN_0.25_0.22_204	0.102480417754569
CNP0000460_CGGTTAAAGGTGCACA-1_1_1_1	CNP0000460_P03T	CNP0000460	DF.classifications_0.25_0.22_204	Doublet	pANN_0.25_0.22_204	0.363577023498695
CNP0000460_CGGTTAACAAGTCTGT-1_1_1_1	CNP0000460_P03T	CNP0000460	DF.classifications_0.25_0.22_204	Singlet	pANN_0.25_0.22_204	0.139686684073107
CNP0000460_CGGTTAACACTCAGGC-1_1_1_1	CNP0000460_P03T	CNP0000460	DF.classifications_0.25_0.22_204	Singlet	pANN_0.25_0.22_204	0.0900783289817232
CNP0000460_CGGTTAAGTAAATGTG-1_1_1_1	CNP0000460_P03T	CNP0000460	DF.classifications_0.25_0.22_204	Singlet	pANN_0.25_0.22_204	0.105744125326371
CNP0000460_CGGTTAAGTCAATGTC-1_1_1_1	CNP0000460_P03T	CNP0000460	DF.classifications_0.25_0.22_204	Singlet	pANN_0.25_0.22_204	0.356396866840731
CNP0000460_CGGTTAATCCGGCACA-1_1_1_1	CNP0000460_P03T	CNP0000460	DF.classifications_0.25_0.22_204	Singlet	pANN_0.25_0.22_204	0.0953002610966057
CNP0000460_CGGTTAATCGCCATAA-1_1_1_1	CNP0000460_P03T	CNP0000460	DF.classifications_0.25_0.22_204	Singlet	pANN_0.25_0.22_204	0.357702349869452
CNP0000460_CGGTTAATCGCGTAGC-1_1_1_1	CNP0000460_P03T	CNP0000460	DF.classifications_0.25_0.22_204	Singlet	pANN_0.25_0.22_204	0.35509138381201
CNP0000460_CGGTTAATCTATCCCG-1_1_1_1	CNP0000460_P03T	CNP0000460	DF.classifications_0.25_0.22_204	Singlet	pANN_0.25_0.22_204	0.35313315926893
CNP0000460_CGGTTAATCTCGTATT-1_1_1_1	CNP0000460_P03T	CNP0000460	DF.classifications_0.25_0.22_204	Singlet	pANN_0.25_0.22_204	0.351827676240209
CNP0000460_CGTAGCGAGCGTGAAC-1_1_1_1	CNP0000460_P03T	CNP0000460	DF.classifications_0.25_0.22_204	Singlet	pANN_0.25_0.22_204	0.118798955613577
CNP0000460_CGTAGCGAGCTAGTTC-1_1_1_1	CNP0000460_P03T	CNP0000460	DF.classifications_0.25_0.22_204	Singlet	pANN_0.25_0.22_204	0.129242819843342
CNP0000460_CGTAGCGAGGATGTAT-1_1_1_1	CNP0000460_P03T	CNP0000460	DF.classifications_0.25_0.22_204	Singlet	pANN_0.25_0.22_204	0.342689295039165
CNP0000460_CGTAGCGAGTGGCACA-1_1_1_1	CNP0000460_P03T	CNP0000460	DF.classifications_0.25_0.22_204	Singlet	pANN_0.25_0.22_204	0.351174934725849
CNP0000460_CGTAGCGCAAGTAATG-1_1_1_1	CNP0000460_P03T	CNP0000460	DF.classifications_0.25_0.22_204	Singlet	pANN_0.25_0.22_204	0.226501305483029
CNP0000460_CGTAGCGCACATCTTT-1_1_1_1	CNP0000460_P03T	CNP0000460	DF.classifications_0.25_0.22_204	Singlet	pANN_0.25_0.22_204	0.0907310704960835
CNP0000460_CGTAGCGGTAAAGTCA-1_1_1_1	CNP0000460_P03T	CNP0000460	DF.classifications_0.25_0.22_204	Singlet	pANN_0.25_0.22_204	0.346605744125326
CNP0000460_CGTAGCGGTTGGTAAA-1_1_1_1	CNP0000460_P03T	CNP0000460	DF.classifications_0.25_0.22_204	Singlet	pANN_0.25_0.22_204	0.12402088772846
CNP0000460_CGTAGCGTCAACACCA-1_1_1_1	CNP0000460_P03T	CNP0000460	DF.classifications_0.25_0.22_204	Singlet	pANN_0.25_0.22_204	0.0796344647519582
CNP0000460_CGTAGCGTCACCTCGT-1_1_1_1	CNP0000460_P03T	CNP0000460	DF.classifications_0.25_0.22_204	Singlet	pANN_0.25_0.22_204	0.33355091383812
CNP0000460_CGTAGGCAGCCCGAAA-1_1_1_1	CNP0000460_P03T	CNP0000460	DF.classifications_0.25_0.22_204	Singlet	pANN_0.25_0.22_204	0.35509138381201
CNP0000460_CGTAGGCAGTCCCACG-1_1_1_1	CNP0000460_P03T	CNP0000460	DF.classifications_0.25_0.22_204	Singlet	pANN_0.25_0.22_204	0.343994778067885
CNP0000460_CGTAGGCAGTGCCAGA-1_1_1_1	CNP0000460_P03T	CNP0000460	DF.classifications_0.25_0.22_204	Singlet	pANN_0.25_0.22_204	0.0913838120104439
CNP0000460_CGTAGGCCACCGCTAG-1_1_1_1	CNP0000460_P03T	CNP0000460	DF.classifications_0.25_0.22_204	Singlet	pANN_0.25_0.22_204	0.357702349869452
CNP0000460_CGTAGGCCAGATTGCT-1_1_1_1	CNP0000460_P03T	CNP0000460	DF.classifications_0.25_0.22_204	Singlet	pANN_0.25_0.22_204	0.255874673629243
CNP0000460_CGTAGGCCAGCTGTGC-1_1_1_1	CNP0000460_P03T	CNP0000460	DF.classifications_0.25_0.22_204	Singlet	pANN_0.25_0.22_204	0.35313315926893
CNP0000460_CGTAGGCCAGTGACAG-1_1_1_1	CNP0000460_P03T	CNP0000460	DF.classifications_0.25_0.22_204	Singlet	pANN_0.25_0.22_204	0.163838120104439
CNP0000460_CGTAGGCCATACTCTT-1_1_1_1	CNP0000460_P03T	CNP0000460	DF.classifications_0.25_0.22_204	Singlet	pANN_0.25_0.22_204	0.0966057441253264
CNP0000460_CGTAGGCCATGATCCA-1_1_1_1	CNP0000460_P03T	CNP0000460	DF.classifications_0.25_0.22_204	Singlet	pANN_0.25_0.22_204	0.266318537859008
CNP0000460_CGTAGGCGTAAATACG-1_1_1_1	CNP0000460_P03T	CNP0000460	DF.classifications_0.25_0.22_204	Singlet	pANN_0.25_0.22_204	0.138381201044386
CNP0000460_CGTAGGCGTATCACCA-1_1_1_1	CNP0000460_P03T	CNP0000460	DF.classifications_0.25_0.22_204	Singlet	pANN_0.25_0.22_204	0.296997389033943
CNP0000460_CGTAGGCGTTGCTCCT-1_1_1_1	CNP0000460_P03T	CNP0000460	DF.classifications_0.25_0.22_204	Singlet	pANN_0.25_0.22_204	0.148172323759791
CNP0000460_CGTAGGCTCCGCAGTG-1_1_1_1	CNP0000460_P03T	CNP0000460	DF.classifications_0.25_0.22_204	Singlet	pANN_0.25_0.22_204	0.275456919060052
CNP0000460_CGTAGGCTCGAATGCT-1_1_1_1	CNP0000460_P03T	CNP0000460	DF.classifications_0.25_0.22_204	Singlet	pANN_0.25_0.22_204	0.358355091383812
CNP0000460_CGTAGGCTCTAAGCCA-1_1_1_1	CNP0000460_P03T	CNP0000460	DF.classifications_0.25_0.22_204	Singlet	pANN_0.25_0.22_204	0.122062663185379
CNP0000460_CGTAGGCTCTACTTAC-1_1_1_1	CNP0000460_P03T	CNP0000460	DF.classifications_0.25_0.22_204	Singlet	pANN_0.25_0.22_204	0.20757180156658
CNP0000460_CGTCACTAGGTACTCT-1_1_1_1	CNP0000460_P03T	CNP0000460	DF.classifications_0.25_0.22_204	Doublet	pANN_0.25_0.22_204	0.366840731070496
CNP0000460_CGTCACTAGTCGTACT-1_1_1_1	CNP0000460_P03T	CNP0000460	DF.classifications_0.25_0.22_204	Singlet	pANN_0.25_0.22_204	0.0881201044386423
CNP0000460_CGTCACTAGTTTGCGT-1_1_1_1	CNP0000460_P03T	CNP0000460	DF.classifications_0.25_0.22_204	Singlet	pANN_0.25_0.22_204	0.342036553524804
CNP0000460_CGTCACTCATAGACTC-1_1_1_1	CNP0000460_P03T	CNP0000460	DF.classifications_0.25_0.22_204	Singlet	pANN_0.25_0.22_204	0.0972584856396867
CNP0000460_CGTCACTGTACATCCA-1_1_1_1	CNP0000460_P03T	CNP0000460	DF.classifications_0.25_0.22_204	Singlet	pANN_0.25_0.22_204	0.0946475195822454
CNP0000460_CGTCACTGTTACGGAG-1_1_1_1	CNP0000460_P03T	CNP0000460	DF.classifications_0.25_0.22_204	Singlet	pANN_0.25_0.22_204	0.347258485639687
CNP0000460_CGTCACTTCAACGGGA-1_1_1_1	CNP0000460_P03T	CNP0000460	DF.classifications_0.25_0.22_204	Singlet	pANN_0.25_0.22_204	0.102480417754569
CNP0000460_CGTCACTTCTACTATC-1_1_1_1	CNP0000460_P03T	CNP0000460	DF.classifications_0.25_0.22_204	Singlet	pANN_0.25_0.22_204	0.109660574412533
CNP0000460_CGTCACTTCTGTTGAG-1_1_1_1	CNP0000460_P03T	CNP0000460	DF.classifications_0.25_0.22_204	Singlet	pANN_0.25_0.22_204	0.169060052219321
CNP0000460_CGTCACTTCTTGAGGT-1_1_1_1	CNP0000460_P03T	CNP0000460	DF.classifications_0.25_0.22_204	Singlet	pANN_0.25_0.22_204	0.0920365535248042
CNP0000460_CGTCAGGAGTAGCGGT-1_1_1_1	CNP0000460_P03T	CNP0000460	DF.classifications_0.25_0.22_204	Singlet	pANN_0.25_0.22_204	0.284595300261097
CNP0000460_CGTCAGGAGTGTCTCA-1_1_1_1	CNP0000460_P03T	CNP0000460	DF.classifications_0.25_0.22_204	Singlet	pANN_0.25_0.22_204	0.356396866840731
CNP0000460_CGTCAGGCAATGGAGC-1_1_1_1	CNP0000460_P03T	CNP0000460	DF.classifications_0.25_0.22_204	Singlet	pANN_0.25_0.22_204	0.157310704960836
CNP0000460_CGTCAGGCAGATCCAT-1_1_1_1	CNP0000460_P03T	CNP0000460	DF.classifications_0.25_0.22_204	Singlet	pANN_0.25_0.22_204	0.121409921671018
CNP0000460_CGTCAGGCAGCATACT-1_1_1_1	CNP0000460_P03T	CNP0000460	DF.classifications_0.25_0.22_204	Singlet	pANN_0.25_0.22_204	0.148825065274151
CNP0000460_CGTCAGGGTACATGTC-1_1_1_1	CNP0000460_P03T	CNP0000460	DF.classifications_0.25_0.22_204	Singlet	pANN_0.25_0.22_204	0.108355091383812
CNP0000460_CGTCAGGGTCGGCTCA-1_1_1_1	CNP0000460_P03T	CNP0000460	DF.classifications_0.25_0.22_204	Singlet	pANN_0.25_0.22_204	0.357702349869452
CNP0000460_CGTCAGGGTGATAAGT-1_1_1_1	CNP0000460_P03T	CNP0000460	DF.classifications_0.25_0.22_204	Singlet	pANN_0.25_0.22_204	0.161879895561358
CNP0000460_CGTCAGGGTTCCAACA-1_1_1_1	CNP0000460_P03T	CNP0000460	DF.classifications_0.25_0.22_204	Singlet	pANN_0.25_0.22_204	0.0822454308093995
CNP0000460_CGTCAGGTCACATGCA-1_1_1_1	CNP0000460_P03T	CNP0000460	DF.classifications_0.25_0.22_204	Singlet	pANN_0.25_0.22_204	0.184073107049608
CNP0000460_CGTCAGGTCACCAGGC-1_1_1_1	CNP0000460_P03T	CNP0000460	DF.classifications_0.25_0.22_204	Singlet	pANN_0.25_0.22_204	0.298302872062663
CNP0000460_CGTCAGGTCACCTTAT-1_1_1_1	CNP0000460_P03T	CNP0000460	DF.classifications_0.25_0.22_204	Singlet	pANN_0.25_0.22_204	0.114882506527415
CNP0000460_CGTCAGGTCTTATCTG-1_1_1_1	CNP0000460_P03T	CNP0000460	DF.classifications_0.25_0.22_204	Singlet	pANN_0.25_0.22_204	0.0802872062663185
CNP0000460_CGTCCATAGCGATCCC-1_1_1_1	CNP0000460_P03T	CNP0000460	DF.classifications_0.25_0.22_204	Singlet	pANN_0.25_0.22_204	0.0828981723237598
CNP0000460_CGTCCATAGTAACCCT-1_1_1_1	CNP0000460_P03T	CNP0000460	DF.classifications_0.25_0.22_204	Singlet	pANN_0.25_0.22_204	0.10509138381201
CNP0000460_CGTCCATAGTGACTCT-1_1_1_1	CNP0000460_P03T	CNP0000460	DF.classifications_0.25_0.22_204	Singlet	pANN_0.25_0.22_204	0.178851174934726
CNP0000460_CGTCCATCACTCTGTC-1_1_1_1	CNP0000460_P03T	CNP0000460	DF.classifications_0.25_0.22_204	Singlet	pANN_0.25_0.22_204	0.0868146214099217
CNP0000460_CGTCCATCAGTCAGCC-1_1_1_1	CNP0000460_P03T	CNP0000460	DF.classifications_0.25_0.22_204	Singlet	pANN_0.25_0.22_204	0.200391644908616
CNP0000460_CGTCCATCATATGCTG-1_1_1_1	CNP0000460_P03T	CNP0000460	DF.classifications_0.25_0.22_204	Singlet	pANN_0.25_0.22_204	0.0861618798955614
CNP0000460_CGTCCATCATGGTAGG-1_1_1_1	CNP0000460_P03T	CNP0000460	DF.classifications_0.25_0.22_204	Singlet	pANN_0.25_0.22_204	0.122062663185379
CNP0000460_CGTCCATGTACTTCTT-1_1_1_1	CNP0000460_P03T	CNP0000460	DF.classifications_0.25_0.22_204	Singlet	pANN_0.25_0.22_204	0.129242819843342
CNP0000460_CGTCCATGTGTTGGGA-1_1_1_1	CNP0000460_P03T	CNP0000460	DF.classifications_0.25_0.22_204	Singlet	pANN_0.25_0.22_204	0.151436031331593
CNP0000460_CGTCCATTCAGTTGAC-1_1_1_1	CNP0000460_P03T	CNP0000460	DF.classifications_0.25_0.22_204	Singlet	pANN_0.25_0.22_204	0.357049608355091
CNP0000460_CGTCCATTCGAACTGT-1_1_1_1	CNP0000460_P03T	CNP0000460	DF.classifications_0.25_0.22_204	Singlet	pANN_0.25_0.22_204	0.268929503916449
CNP0000460_CGTCCATTCGCTAGCG-1_1_1_1	CNP0000460_P03T	CNP0000460	DF.classifications_0.25_0.22_204	Singlet	pANN_0.25_0.22_204	0.285248041775457
CNP0000460_CGTCCATTCGGTGTTA-1_1_1_1	CNP0000460_P03T	CNP0000460	DF.classifications_0.25_0.22_204	Singlet	pANN_0.25_0.22_204	0.164490861618799
CNP0000460_CGTCCATTCTATCGCC-1_1_1_1	CNP0000460_P03T	CNP0000460	DF.classifications_0.25_0.22_204	Singlet	pANN_0.25_0.22_204	0.141644908616188
CNP0000460_CGTCTACCACCGATAT-1_1_1_1	CNP0000460_P03T	CNP0000460	DF.classifications_0.25_0.22_204	Singlet	pANN_0.25_0.22_204	0.0992167101827676
CNP0000460_CGTCTACCACGCCAGT-1_1_1_1	CNP0000460_P03T	CNP0000460	DF.classifications_0.25_0.22_204	Singlet	pANN_0.25_0.22_204	0.171018276762402
CNP0000460_CGTCTACCAGCGATCC-1_1_1_1	CNP0000460_P03T	CNP0000460	DF.classifications_0.25_0.22_204	Singlet	pANN_0.25_0.22_204	0.263707571801567
CNP0000460_CGTCTACCAGTCTTCC-1_1_1_1	CNP0000460_P03T	CNP0000460	DF.classifications_0.25_0.22_204	Singlet	pANN_0.25_0.22_204	0.111618798955614
CNP0000460_CGTCTACGTACCGAGA-1_1_1_1	CNP0000460_P03T	CNP0000460	DF.classifications_0.25_0.22_204	Singlet	pANN_0.25_0.22_204	0.133159268929504
CNP0000460_CGTCTACGTGACGGTA-1_1_1_1	CNP0000460_P03T	CNP0000460	DF.classifications_0.25_0.22_204	Singlet	pANN_0.25_0.22_204	0.122062663185379
CNP0000460_CGTCTACGTTAGGGTG-1_1_1_1	CNP0000460_P03T	CNP0000460	DF.classifications_0.25_0.22_204	Doublet	pANN_0.25_0.22_204	0.362271540469974
CNP0000460_CGTCTACGTTGCCTCT-1_1_1_1	CNP0000460_P03T	CNP0000460	DF.classifications_0.25_0.22_204	Singlet	pANN_0.25_0.22_204	0.343994778067885
CNP0000460_CGTCTACTCACCACCT-1_1_1_1	CNP0000460_P03T	CNP0000460	DF.classifications_0.25_0.22_204	Singlet	pANN_0.25_0.22_204	0.345953002610966
CNP0000460_CGTCTACTCCAGAAGG-1_1_1_1	CNP0000460_P03T	CNP0000460	DF.classifications_0.25_0.22_204	Singlet	pANN_0.25_0.22_204	0.131853785900783
CNP0000460_CGTCTACTCCGCAAGC-1_1_1_1	CNP0000460_P03T	CNP0000460	DF.classifications_0.25_0.22_204	Singlet	pANN_0.25_0.22_204	0.14490861618799
CNP0000460_CGTCTACTCGTCCAGG-1_1_1_1	CNP0000460_P03T	CNP0000460	DF.classifications_0.25_0.22_204	Singlet	pANN_0.25_0.22_204	0.12597911227154
CNP0000460_CGTCTACTCTAACTCT-1_1_1_1	CNP0000460_P03T	CNP0000460	DF.classifications_0.25_0.22_204	Singlet	pANN_0.25_0.22_204	0.0926892950391645
CNP0000460_CGTCTACTCTAACTGG-1_1_1_1	CNP0000460_P03T	CNP0000460	DF.classifications_0.25_0.22_204	Singlet	pANN_0.25_0.22_204	0.349869451697128
CNP0000460_CGTGAGCAGTCGCCGT-1_1_1_1	CNP0000460_P03T	CNP0000460	DF.classifications_0.25_0.22_204	Singlet	pANN_0.25_0.22_204	0.0959530026109661
CNP0000460_CGTGAGCCACCGATAT-1_1_1_1	CNP0000460_P03T	CNP0000460	DF.classifications_0.25_0.22_204	Singlet	pANN_0.25_0.22_204	0.112271540469974
CNP0000460_CGTGAGCCACCTATCC-1_1_1_1	CNP0000460_P03T	CNP0000460	DF.classifications_0.25_0.22_204	Singlet	pANN_0.25_0.22_204	0.35378590078329
CNP0000460_CGTGAGCGTAACGACG-1_1_1_1	CNP0000460_P03T	CNP0000460	DF.classifications_0.25_0.22_204	Singlet	pANN_0.25_0.22_204	0.102480417754569
CNP0000460_CGTGAGCTCACCCGAG-1_1_1_1	CNP0000460_P03T	CNP0000460	DF.classifications_0.25_0.22_204	Singlet	pANN_0.25_0.22_204	0.273498694516971
CNP0000460_CGTGAGCTCGGACAAG-1_1_1_1	CNP0000460_P03T	CNP0000460	DF.classifications_0.25_0.22_204	Singlet	pANN_0.25_0.22_204	0.159268929503916
CNP0000460_CGTGTAAAGATCCCGC-1_1_1_1	CNP0000460_P03T	CNP0000460	DF.classifications_0.25_0.22_204	Singlet	pANN_0.25_0.22_204	0.35378590078329
CNP0000460_CGTGTAAAGGATCGCA-1_1_1_1	CNP0000460_P03T	CNP0000460	DF.classifications_0.25_0.22_204	Doublet	pANN_0.25_0.22_204	0.362924281984334
CNP0000460_CGTGTAACAACGATCT-1_1_1_1	CNP0000460_P03T	CNP0000460	DF.classifications_0.25_0.22_204	Singlet	pANN_0.25_0.22_204	0.287206266318538
CNP0000460_CGTGTAACACACGCTG-1_1_1_1	CNP0000460_P03T	CNP0000460	DF.classifications_0.25_0.22_204	Singlet	pANN_0.25_0.22_204	0.097911227154047
CNP0000460_CGTGTAAGTTACGACT-1_1_1_1	CNP0000460_P03T	CNP0000460	DF.classifications_0.25_0.22_204	Singlet	pANN_0.25_0.22_204	0.12532637075718
CNP0000460_CGTGTAATCACCCTCA-1_1_1_1	CNP0000460_P03T	CNP0000460	DF.classifications_0.25_0.22_204	Singlet	pANN_0.25_0.22_204	0.114229765013055
CNP0000460_CGTGTCTAGCTGGAAC-1_1_1_1	CNP0000460_P03T	CNP0000460	DF.classifications_0.25_0.22_204	Doublet	pANN_0.25_0.22_204	0.362924281984334
CNP0000460_CGTGTCTAGCTTATCG-1_1_1_1	CNP0000460_P03T	CNP0000460	DF.classifications_0.25_0.22_204	Singlet	pANN_0.25_0.22_204	0.0809399477806789
CNP0000460_CGTGTCTAGTAGTGCG-1_1_1_1	CNP0000460_P03T	CNP0000460	DF.classifications_0.25_0.22_204	Singlet	pANN_0.25_0.22_204	0.35313315926893
CNP0000460_CGTGTCTAGTGAACAT-1_1_1_1	CNP0000460_P03T	CNP0000460	DF.classifications_0.25_0.22_204	Singlet	pANN_0.25_0.22_204	0.0913838120104439
CNP0000460_CGTGTCTCAACTGGCC-1_1_1_1	CNP0000460_P03T	CNP0000460	DF.classifications_0.25_0.22_204	Singlet	pANN_0.25_0.22_204	0.134464751958225
CNP0000460_CGTGTCTCAGTATCTG-1_1_1_1	CNP0000460_P03T	CNP0000460	DF.classifications_0.25_0.22_204	Singlet	pANN_0.25_0.22_204	0.197780678851175
CNP0000460_CGTGTCTGTAATAGCA-1_1_1_1	CNP0000460_P03T	CNP0000460	DF.classifications_0.25_0.22_204	Singlet	pANN_0.25_0.22_204	0.102480417754569
CNP0000460_CGTGTCTGTCATCCCT-1_1_1_1	CNP0000460_P03T	CNP0000460	DF.classifications_0.25_0.22_204	Singlet	pANN_0.25_0.22_204	0.358355091383812
CNP0000460_CGTGTCTGTGAACCTT-1_1_1_1	CNP0000460_P03T	CNP0000460	DF.classifications_0.25_0.22_204	Singlet	pANN_0.25_0.22_204	0.268276762402089
CNP0000460_CGTGTCTGTGTAATGA-1_1_1_1	CNP0000460_P03T	CNP0000460	DF.classifications_0.25_0.22_204	Singlet	pANN_0.25_0.22_204	0.0985639686684073
CNP0000460_CGTGTCTTCCTCAACC-1_1_1_1	CNP0000460_P03T	CNP0000460	DF.classifications_0.25_0.22_204	Singlet	pANN_0.25_0.22_204	0.310052219321149
CNP0000460_CGTGTCTTCTTAGCCC-1_1_1_1	CNP0000460_P03T	CNP0000460	DF.classifications_0.25_0.22_204	Singlet	pANN_0.25_0.22_204	0.075065274151436
CNP0000460_CGTTAGAAGCTAACTC-1_1_1_1	CNP0000460_P03T	CNP0000460	DF.classifications_0.25_0.22_204	Singlet	pANN_0.25_0.22_204	0.357049608355091
CNP0000460_CGTTAGAAGTGATCGG-1_1_1_1	CNP0000460_P03T	CNP0000460	DF.classifications_0.25_0.22_204	Singlet	pANN_0.25_0.22_204	0.234986945169713
CNP0000460_CGTTAGACAGATCCAT-1_1_1_1	CNP0000460_P03T	CNP0000460	DF.classifications_0.25_0.22_204	Singlet	pANN_0.25_0.22_204	0.0946475195822454
CNP0000460_CGTTAGAGTAATTGGA-1_1_1_1	CNP0000460_P03T	CNP0000460	DF.classifications_0.25_0.22_204	Doublet	pANN_0.25_0.22_204	0.37597911227154
CNP0000460_CGTTAGAGTCAACATC-1_1_1_1	CNP0000460_P03T	CNP0000460	DF.classifications_0.25_0.22_204	Singlet	pANN_0.25_0.22_204	0.350522193211488
CNP0000460_CGTTAGAGTTAAGACA-1_1_1_1	CNP0000460_P03T	CNP0000460	DF.classifications_0.25_0.22_204	Singlet	pANN_0.25_0.22_204	0.340078328981723
CNP0000460_CGTTAGATCCGCGGTA-1_1_1_1	CNP0000460_P03T	CNP0000460	DF.classifications_0.25_0.22_204	Singlet	pANN_0.25_0.22_204	0.0933420365535248
CNP0000460_CGTTAGATCGGAGGTA-1_1_1_1	CNP0000460_P03T	CNP0000460	DF.classifications_0.25_0.22_204	Singlet	pANN_0.25_0.22_204	0.268929503916449
CNP0000460_CGTTAGATCGTGGTCG-1_1_1_1	CNP0000460_P03T	CNP0000460	DF.classifications_0.25_0.22_204	Doublet	pANN_0.25_0.22_204	0.372715404699739
CNP0000460_CGTTCTGAGAGTAAGG-1_1_1_1	CNP0000460_P03T	CNP0000460	DF.classifications_0.25_0.22_204	Singlet	pANN_0.25_0.22_204	0.351827676240209
CNP0000460_CGTTCTGAGGCTATCT-1_1_1_1	CNP0000460_P03T	CNP0000460	DF.classifications_0.25_0.22_204	Singlet	pANN_0.25_0.22_204	0.110966057441253
CNP0000460_CGTTCTGAGTCACGCC-1_1_1_1	CNP0000460_P03T	CNP0000460	DF.classifications_0.25_0.22_204	Singlet	pANN_0.25_0.22_204	0.264360313315927
CNP0000460_CGTTCTGCAGACAAGC-1_1_1_1	CNP0000460_P03T	CNP0000460	DF.classifications_0.25_0.22_204	Singlet	pANN_0.25_0.22_204	0.352480417754569
CNP0000460_CGTTCTGCATCACCCT-1_1_1_1	CNP0000460_P03T	CNP0000460	DF.classifications_0.25_0.22_204	Singlet	pANN_0.25_0.22_204	0.357702349869452
CNP0000460_CGTTCTGCATTAGCCA-1_1_1_1	CNP0000460_P03T	CNP0000460	DF.classifications_0.25_0.22_204	Singlet	pANN_0.25_0.22_204	0.148825065274151
CNP0000460_CGTTCTGGTGGCGAAT-1_1_1_1	CNP0000460_P03T	CNP0000460	DF.classifications_0.25_0.22_204	Singlet	pANN_0.25_0.22_204	0.347258485639687
CNP0000460_CGTTCTGGTTGTGGAG-1_1_1_1	CNP0000460_P03T	CNP0000460	DF.classifications_0.25_0.22_204	Singlet	pANN_0.25_0.22_204	0.284595300261097
CNP0000460_CGTTCTGTCACCGGGT-1_1_1_1	CNP0000460_P03T	CNP0000460	DF.classifications_0.25_0.22_204	Singlet	pANN_0.25_0.22_204	0.0907310704960835
CNP0000460_CGTTCTGTCATCGGAT-1_1_1_1	CNP0000460_P03T	CNP0000460	DF.classifications_0.25_0.22_204	Singlet	pANN_0.25_0.22_204	0.0985639686684073
CNP0000460_CGTTCTGTCCGTAGTA-1_1_1_1	CNP0000460_P03T	CNP0000460	DF.classifications_0.25_0.22_204	Singlet	pANN_0.25_0.22_204	0.357049608355091
CNP0000460_CGTTGGGCAACAACCT-1_1_1_1	CNP0000460_P03T	CNP0000460	DF.classifications_0.25_0.22_204	Singlet	pANN_0.25_0.22_204	0.0913838120104439
CNP0000460_CGTTGGGCACCATGTA-1_1_1_1	CNP0000460_P03T	CNP0000460	DF.classifications_0.25_0.22_204	Singlet	pANN_0.25_0.22_204	0.347911227154047
CNP0000460_CGTTGGGCATGGAATA-1_1_1_1	CNP0000460_P03T	CNP0000460	DF.classifications_0.25_0.22_204	Singlet	pANN_0.25_0.22_204	0.358355091383812
CNP0000460_CGTTGGGGTCTCTTAT-1_1_1_1	CNP0000460_P03T	CNP0000460	DF.classifications_0.25_0.22_204	Singlet	pANN_0.25_0.22_204	0.109007832898172
CNP0000460_CGTTGGGGTTGTACAC-1_1_1_1	CNP0000460_P03T	CNP0000460	DF.classifications_0.25_0.22_204	Singlet	pANN_0.25_0.22_204	0.290469973890339
CNP0000460_CGTTGGGGTTTGTGTG-1_1_1_1	CNP0000460_P03T	CNP0000460	DF.classifications_0.25_0.22_204	Singlet	pANN_0.25_0.22_204	0.0913838120104439
CNP0000460_CGTTGGGTCCATGAGT-1_1_1_1	CNP0000460_P03T	CNP0000460	DF.classifications_0.25_0.22_204	Singlet	pANN_0.25_0.22_204	0.114229765013055
CNP0000460_CGTTGGGTCGGCTACG-1_1_1_1	CNP0000460_P03T	CNP0000460	DF.classifications_0.25_0.22_204	Singlet	pANN_0.25_0.22_204	0.272845953002611
CNP0000460_CTAACTTAGCCCAACC-1_1_1_1	CNP0000460_P03T	CNP0000460	DF.classifications_0.25_0.22_204	Singlet	pANN_0.25_0.22_204	0.118798955613577
CNP0000460_CTAACTTAGCTAGTCT-1_1_1_1	CNP0000460_P03T	CNP0000460	DF.classifications_0.25_0.22_204	Singlet	pANN_0.25_0.22_204	0.168407310704961
CNP0000460_CTAACTTAGGACAGCT-1_1_1_1	CNP0000460_P03T	CNP0000460	DF.classifications_0.25_0.22_204	Singlet	pANN_0.25_0.22_204	0.109007832898172
CNP0000460_CTAACTTAGTCTCCTC-1_1_1_1	CNP0000460_P03T	CNP0000460	DF.classifications_0.25_0.22_204	Singlet	pANN_0.25_0.22_204	0.157963446475196
CNP0000460_CTAACTTAGTTTGCGT-1_1_1_1	CNP0000460_P03T	CNP0000460	DF.classifications_0.25_0.22_204	Singlet	pANN_0.25_0.22_204	0.203002610966057
CNP0000460_CTAACTTCACTGAAGG-1_1_1_1	CNP0000460_P03T	CNP0000460	DF.classifications_0.25_0.22_204	Singlet	pANN_0.25_0.22_204	0.35509138381201
CNP0000460_CTAACTTCAGCCAATT-1_1_1_1	CNP0000460_P03T	CNP0000460	DF.classifications_0.25_0.22_204	Singlet	pANN_0.25_0.22_204	0.140992167101828
CNP0000460_CTAACTTCATGGGAAC-1_1_1_1	CNP0000460_P03T	CNP0000460	DF.classifications_0.25_0.22_204	Singlet	pANN_0.25_0.22_204	0.218015665796345
CNP0000460_CTAACTTGTATATCCG-1_1_1_1	CNP0000460_P03T	CNP0000460	DF.classifications_0.25_0.22_204	Singlet	pANN_0.25_0.22_204	0.356396866840731
CNP0000460_CTAACTTGTGTAACGG-1_1_1_1	CNP0000460_P03T	CNP0000460	DF.classifications_0.25_0.22_204	Singlet	pANN_0.25_0.22_204	0.323759791122715
CNP0000460_CTAACTTGTTCGGCAC-1_1_1_1	CNP0000460_P03T	CNP0000460	DF.classifications_0.25_0.22_204	Singlet	pANN_0.25_0.22_204	0.0953002610966057
CNP0000460_CTAACTTTCACAGGCC-1_1_1_1	CNP0000460_P03T	CNP0000460	DF.classifications_0.25_0.22_204	Singlet	pANN_0.25_0.22_204	0.174934725848564
CNP0000460_CTAACTTTCTCGAGTA-1_1_1_1	CNP0000460_P03T	CNP0000460	DF.classifications_0.25_0.22_204	Singlet	pANN_0.25_0.22_204	0.241514360313316
CNP0000460_CTAAGACAGGACTGGT-1_1_1_1	CNP0000460_P03T	CNP0000460	DF.classifications_0.25_0.22_204	Singlet	pANN_0.25_0.22_204	0.0933420365535248
CNP0000460_CTAAGACAGGTGCAAC-1_1_1_1	CNP0000460_P03T	CNP0000460	DF.classifications_0.25_0.22_204	Singlet	pANN_0.25_0.22_204	0.201697127937337
CNP0000460_CTAAGACCAAGTTAAG-1_1_1_1	CNP0000460_P03T	CNP0000460	DF.classifications_0.25_0.22_204	Singlet	pANN_0.25_0.22_204	0.347911227154047
CNP0000460_CTAAGACCACGAAAGC-1_1_1_1	CNP0000460_P03T	CNP0000460	DF.classifications_0.25_0.22_204	Singlet	pANN_0.25_0.22_204	0.114882506527415
CNP0000460_CTAAGACCATCACGTA-1_1_1_1	CNP0000460_P03T	CNP0000460	DF.classifications_0.25_0.22_204	Singlet	pANN_0.25_0.22_204	0.111618798955614
CNP0000460_CTAAGACGTCCGAGTC-1_1_1_1	CNP0000460_P03T	CNP0000460	DF.classifications_0.25_0.22_204	Singlet	pANN_0.25_0.22_204	0.263054830287206
CNP0000460_CTAAGACGTCTCTTAT-1_1_1_1	CNP0000460_P03T	CNP0000460	DF.classifications_0.25_0.22_204	Singlet	pANN_0.25_0.22_204	0.355744125326371
CNP0000460_CTAAGACGTGCTCTTC-1_1_1_1	CNP0000460_P03T	CNP0000460	DF.classifications_0.25_0.22_204	Singlet	pANN_0.25_0.22_204	0.087467362924282
CNP0000460_CTAAGACGTTCACGGC-1_1_1_1	CNP0000460_P03T	CNP0000460	DF.classifications_0.25_0.22_204	Singlet	pANN_0.25_0.22_204	0.109660574412533
CNP0000460_CTAAGACTCCAGAGGA-1_1_1_1	CNP0000460_P03T	CNP0000460	DF.classifications_0.25_0.22_204	Singlet	pANN_0.25_0.22_204	0.122715404699739
CNP0000460_CTAAGACTCCAGATCA-1_1_1_1	CNP0000460_P03T	CNP0000460	DF.classifications_0.25_0.22_204	Singlet	pANN_0.25_0.22_204	0.126631853785901
CNP0000460_CTAAGACTCCGGGTGT-1_1_1_1	CNP0000460_P03T	CNP0000460	DF.classifications_0.25_0.22_204	Singlet	pANN_0.25_0.22_204	0.280678851174935
CNP0000460_CTAAGACTCTACCTGC-1_1_1_1	CNP0000460_P03T	CNP0000460	DF.classifications_0.25_0.22_204	Singlet	pANN_0.25_0.22_204	0.358355091383812
CNP0000460_CTAATGGAGATATACG-1_1_1_1	CNP0000460_P03T	CNP0000460	DF.classifications_0.25_0.22_204	Doublet	pANN_0.25_0.22_204	0.362924281984334
CNP0000460_CTAATGGAGCCACGCT-1_1_1_1	CNP0000460_P03T	CNP0000460	DF.classifications_0.25_0.22_204	Singlet	pANN_0.25_0.22_204	0.0881201044386423
CNP0000460_CTAATGGAGCGATCCC-1_1_1_1	CNP0000460_P03T	CNP0000460	DF.classifications_0.25_0.22_204	Singlet	pANN_0.25_0.22_204	0.263054830287206
CNP0000460_CTAATGGAGGCTAGGT-1_1_1_1	CNP0000460_P03T	CNP0000460	DF.classifications_0.25_0.22_204	Singlet	pANN_0.25_0.22_204	0.351827676240209
CNP0000460_CTAATGGCAACACCCG-1_1_1_1	CNP0000460_P03T	CNP0000460	DF.classifications_0.25_0.22_204	Singlet	pANN_0.25_0.22_204	0.357702349869452
CNP0000460_CTAATGGCAAGAAGAG-1_1_1_1	CNP0000460_P03T	CNP0000460	DF.classifications_0.25_0.22_204	Singlet	pANN_0.25_0.22_204	0.123368146214099
CNP0000460_CTAATGGCAATGGACG-1_1_1_1	CNP0000460_P03T	CNP0000460	DF.classifications_0.25_0.22_204	Singlet	pANN_0.25_0.22_204	0.122715404699739
CNP0000460_CTAATGGCACCATCCT-1_1_1_1	CNP0000460_P03T	CNP0000460	DF.classifications_0.25_0.22_204	Singlet	pANN_0.25_0.22_204	0.22976501305483
CNP0000460_CTAATGGCATAAAGGT-1_1_1_1	CNP0000460_P03T	CNP0000460	DF.classifications_0.25_0.22_204	Singlet	pANN_0.25_0.22_204	0.131853785900783
CNP0000460_CTAATGGGTAGCGATG-1_1_1_1	CNP0000460_P03T	CNP0000460	DF.classifications_0.25_0.22_204	Singlet	pANN_0.25_0.22_204	0.278720626631854
CNP0000460_CTAATGGGTGTGACCC-1_1_1_1	CNP0000460_P03T	CNP0000460	DF.classifications_0.25_0.22_204	Singlet	pANN_0.25_0.22_204	0.357702349869452
CNP0000460_CTAATGGTCCACTCCA-1_1_1_1	CNP0000460_P03T	CNP0000460	DF.classifications_0.25_0.22_204	Singlet	pANN_0.25_0.22_204	0.10509138381201
CNP0000460_CTACACCAGAAACCAT-1_1_1_1	CNP0000460_P03T	CNP0000460	DF.classifications_0.25_0.22_204	Singlet	pANN_0.25_0.22_204	0.356396866840731
CNP0000460_CTACACCAGGCTCTTA-1_1_1_1	CNP0000460_P03T	CNP0000460	DF.classifications_0.25_0.22_204	Singlet	pANN_0.25_0.22_204	0.350522193211488
CNP0000460_CTACACCAGTTAGGTA-1_1_1_1	CNP0000460_P03T	CNP0000460	DF.classifications_0.25_0.22_204	Singlet	pANN_0.25_0.22_204	0.0966057441253264
CNP0000460_CTACACCCAATCGAAA-1_1_1_1	CNP0000460_P03T	CNP0000460	DF.classifications_0.25_0.22_204	Singlet	pANN_0.25_0.22_204	0.35509138381201
CNP0000460_CTACACCCACATTTCT-1_1_1_1	CNP0000460_P03T	CNP0000460	DF.classifications_0.25_0.22_204	Singlet	pANN_0.25_0.22_204	0.12532637075718
CNP0000460_CTACACCCACCTGGTG-1_1_1_1	CNP0000460_P03T	CNP0000460	DF.classifications_0.25_0.22_204	Singlet	pANN_0.25_0.22_204	0.273498694516971
CNP0000460_CTACACCCAGCGATCC-1_1_1_1	CNP0000460_P03T	CNP0000460	DF.classifications_0.25_0.22_204	Singlet	pANN_0.25_0.22_204	0.351827676240209
CNP0000460_CTACACCCATGGTCAT-1_1_1_1	CNP0000460_P03T	CNP0000460	DF.classifications_0.25_0.22_204	Singlet	pANN_0.25_0.22_204	0.230417754569191
CNP0000460_CTACACCGTGATGATA-1_1_1_1	CNP0000460_P03T	CNP0000460	DF.classifications_0.25_0.22_204	Singlet	pANN_0.25_0.22_204	0.355744125326371
CNP0000460_CTACACCGTGGTTTCA-1_1_1_1	CNP0000460_P03T	CNP0000460	DF.classifications_0.25_0.22_204	Singlet	pANN_0.25_0.22_204	0.357702349869452
CNP0000460_CTACACCGTGTTCTTT-1_1_1_1	CNP0000460_P03T	CNP0000460	DF.classifications_0.25_0.22_204	Singlet	pANN_0.25_0.22_204	0.251305483028721
CNP0000460_CTACACCGTTTAAGCC-1_1_1_1	CNP0000460_P03T	CNP0000460	DF.classifications_0.25_0.22_204	Singlet	pANN_0.25_0.22_204	0.122062663185379
CNP0000460_CTACACCTCACAGTAC-1_1_1_1	CNP0000460_P03T	CNP0000460	DF.classifications_0.25_0.22_204	Singlet	pANN_0.25_0.22_204	0.170365535248042
CNP0000460_CTACACCTCCGCATAA-1_1_1_1	CNP0000460_P03T	CNP0000460	DF.classifications_0.25_0.22_204	Singlet	pANN_0.25_0.22_204	0.14556135770235
CNP0000460_CTACACCTCGCGCCAA-1_1_1_1	CNP0000460_P03T	CNP0000460	DF.classifications_0.25_0.22_204	Singlet	pANN_0.25_0.22_204	0.282637075718016
CNP0000460_CTACACCTCGGCTACG-1_1_1_1	CNP0000460_P03T	CNP0000460	DF.classifications_0.25_0.22_204	Singlet	pANN_0.25_0.22_204	0.101827676240209
CNP0000460_CTACACCTCTCATTCA-1_1_1_1	CNP0000460_P03T	CNP0000460	DF.classifications_0.25_0.22_204	Singlet	pANN_0.25_0.22_204	0.285900783289817
CNP0000460_CTACATTAGACACTAA-1_1_1_1	CNP0000460_P03T	CNP0000460	DF.classifications_0.25_0.22_204	Singlet	pANN_0.25_0.22_204	0.35313315926893
CNP0000460_CTACATTAGACTACAA-1_1_1_1	CNP0000460_P03T	CNP0000460	DF.classifications_0.25_0.22_204	Singlet	pANN_0.25_0.22_204	0.0913838120104439
CNP0000460_CTACATTAGAGTGACC-1_1_1_1	CNP0000460_P03T	CNP0000460	DF.classifications_0.25_0.22_204	Singlet	pANN_0.25_0.22_204	0.0835509138381201
CNP0000460_CTACATTAGCCGATTT-1_1_1_1	CNP0000460_P03T	CNP0000460	DF.classifications_0.25_0.22_204	Singlet	pANN_0.25_0.22_204	0.0966057441253264
CNP0000460_CTACATTAGCGTTCCG-1_1_1_1	CNP0000460_P03T	CNP0000460	DF.classifications_0.25_0.22_204	Singlet	pANN_0.25_0.22_204	0.109660574412533
CNP0000460_CTACATTAGTCGTACT-1_1_1_1	CNP0000460_P03T	CNP0000460	DF.classifications_0.25_0.22_204	Singlet	pANN_0.25_0.22_204	0.0724543080939948
CNP0000460_CTACATTCATAAAGGT-1_1_1_1	CNP0000460_P03T	CNP0000460	DF.classifications_0.25_0.22_204	Singlet	pANN_0.25_0.22_204	0.357702349869452
CNP0000460_CTACATTCATGCAATC-1_1_1_1	CNP0000460_P03T	CNP0000460	DF.classifications_0.25_0.22_204	Singlet	pANN_0.25_0.22_204	0.348563968668407
CNP0000460_CTACATTGTCCAGTGC-1_1_1_1	CNP0000460_P03T	CNP0000460	DF.classifications_0.25_0.22_204	Doublet	pANN_0.25_0.22_204	0.363577023498695
CNP0000460_CTACATTGTGTGACGA-1_1_1_1	CNP0000460_P03T	CNP0000460	DF.classifications_0.25_0.22_204	Singlet	pANN_0.25_0.22_204	0.144255874673629
CNP0000460_CTACCCAAGACTTTCG-1_1_1_1	CNP0000460_P03T	CNP0000460	DF.classifications_0.25_0.22_204	Singlet	pANN_0.25_0.22_204	0.360313315926893
CNP0000460_CTACCCAAGAGGTAGA-1_1_1_1	CNP0000460_P03T	CNP0000460	DF.classifications_0.25_0.22_204	Singlet	pANN_0.25_0.22_204	0.288511749347258
CNP0000460_CTACCCAAGCCCTAAT-1_1_1_1	CNP0000460_P03T	CNP0000460	DF.classifications_0.25_0.22_204	Doublet	pANN_0.25_0.22_204	0.364882506527415
CNP0000460_CTACCCAAGTATCGAA-1_1_1_1	CNP0000460_P03T	CNP0000460	DF.classifications_0.25_0.22_204	Singlet	pANN_0.25_0.22_204	0.12402088772846
CNP0000460_CTACCCACAAGTAATG-1_1_1_1	CNP0000460_P03T	CNP0000460	DF.classifications_0.25_0.22_204	Singlet	pANN_0.25_0.22_204	0.35378590078329
CNP0000460_CTACCCACATTGGCGC-1_1_1_1	CNP0000460_P03T	CNP0000460	DF.classifications_0.25_0.22_204	Singlet	pANN_0.25_0.22_204	0.357702349869452
CNP0000460_CTACCCAGTGCCTGTG-1_1_1_1	CNP0000460_P03T	CNP0000460	DF.classifications_0.25_0.22_204	Singlet	pANN_0.25_0.22_204	0.352480417754569
CNP0000460_CTACCCATCGCATGAT-1_1_1_1	CNP0000460_P03T	CNP0000460	DF.classifications_0.25_0.22_204	Singlet	pANN_0.25_0.22_204	0.222584856396867
CNP0000460_CTACCCATCTCTGCTG-1_1_1_1	CNP0000460_P03T	CNP0000460	DF.classifications_0.25_0.22_204	Singlet	pANN_0.25_0.22_204	0.193864229765013
CNP0000460_CTACCCATCTCTTATG-1_1_1_1	CNP0000460_P03T	CNP0000460	DF.classifications_0.25_0.22_204	Singlet	pANN_0.25_0.22_204	0.2911227154047
CNP0000460_CTACGTCAGAGGGATA-1_1_1_1	CNP0000460_P03T	CNP0000460	DF.classifications_0.25_0.22_204	Singlet	pANN_0.25_0.22_204	0.251305483028721
CNP0000460_CTACGTCAGGTGTGGT-1_1_1_1	CNP0000460_P03T	CNP0000460	DF.classifications_0.25_0.22_204	Singlet	pANN_0.25_0.22_204	0.286553524804178
CNP0000460_CTACGTCAGTGCGTGA-1_1_1_1	CNP0000460_P03T	CNP0000460	DF.classifications_0.25_0.22_204	Singlet	pANN_0.25_0.22_204	0.0809399477806789
CNP0000460_CTACGTCCATGCGCAC-1_1_1_1	CNP0000460_P03T	CNP0000460	DF.classifications_0.25_0.22_204	Singlet	pANN_0.25_0.22_204	0.133159268929504
CNP0000460_CTACGTCGTAAATGAC-1_1_1_1	CNP0000460_P03T	CNP0000460	DF.classifications_0.25_0.22_204	Singlet	pANN_0.25_0.22_204	0.0946475195822454
CNP0000460_CTACGTCGTATAGTAG-1_1_1_1	CNP0000460_P03T	CNP0000460	DF.classifications_0.25_0.22_204	Singlet	pANN_0.25_0.22_204	0.215404699738903
CNP0000460_CTACGTCGTCGACTGC-1_1_1_1	CNP0000460_P03T	CNP0000460	DF.classifications_0.25_0.22_204	Singlet	pANN_0.25_0.22_204	0.35378590078329
CNP0000460_CTACGTCTCACTTCAT-1_1_1_1	CNP0000460_P03T	CNP0000460	DF.classifications_0.25_0.22_204	Singlet	pANN_0.25_0.22_204	0.282637075718016
CNP0000460_CTACGTCTCTTGTCAT-1_1_1_1	CNP0000460_P03T	CNP0000460	DF.classifications_0.25_0.22_204	Singlet	pANN_0.25_0.22_204	0.171018276762402
CNP0000460_CTAGAGTAGCTGCAAG-1_1_1_1	CNP0000460_P03T	CNP0000460	DF.classifications_0.25_0.22_204	Singlet	pANN_0.25_0.22_204	0.164490861618799
CNP0000460_CTAGAGTAGGCAGGTT-1_1_1_1	CNP0000460_P03T	CNP0000460	DF.classifications_0.25_0.22_204	Singlet	pANN_0.25_0.22_204	0.182114882506527
CNP0000460_CTAGAGTAGTCGCCGT-1_1_1_1	CNP0000460_P03T	CNP0000460	DF.classifications_0.25_0.22_204	Singlet	pANN_0.25_0.22_204	0.135770234986945
CNP0000460_CTAGAGTCACTCGACG-1_1_1_1	CNP0000460_P03T	CNP0000460	DF.classifications_0.25_0.22_204	Singlet	pANN_0.25_0.22_204	0.236292428198433
CNP0000460_CTAGAGTGTGAGGGTT-1_1_1_1	CNP0000460_P03T	CNP0000460	DF.classifications_0.25_0.22_204	Singlet	pANN_0.25_0.22_204	0.167754569190601
CNP0000460_CTAGAGTTCAGCCTAA-1_1_1_1	CNP0000460_P03T	CNP0000460	DF.classifications_0.25_0.22_204	Singlet	pANN_0.25_0.22_204	0.254569190600522
CNP0000460_CTAGAGTTCCACTGGG-1_1_1_1	CNP0000460_P03T	CNP0000460	DF.classifications_0.25_0.22_204	Singlet	pANN_0.25_0.22_204	0.358355091383812
CNP0000460_CTAGAGTTCCCTCAGT-1_1_1_1	CNP0000460_P03T	CNP0000460	DF.classifications_0.25_0.22_204	Singlet	pANN_0.25_0.22_204	0.234334203655352
CNP0000460_CTAGAGTTCGTCACGG-1_1_1_1	CNP0000460_P03T	CNP0000460	DF.classifications_0.25_0.22_204	Singlet	pANN_0.25_0.22_204	0.0953002610966057
CNP0000460_CTAGCCTAGAATTCCC-1_1_1_1	CNP0000460_P03T	CNP0000460	DF.classifications_0.25_0.22_204	Singlet	pANN_0.25_0.22_204	0.136422976501305
CNP0000460_CTAGCCTAGCCGCCTA-1_1_1_1	CNP0000460_P03T	CNP0000460	DF.classifications_0.25_0.22_204	Singlet	pANN_0.25_0.22_204	0.351827676240209
CNP0000460_CTAGCCTCAAGGTTCT-1_1_1_1	CNP0000460_P03T	CNP0000460	DF.classifications_0.25_0.22_204	Singlet	pANN_0.25_0.22_204	0.356396866840731
CNP0000460_CTAGCCTGTCAGTGGA-1_1_1_1	CNP0000460_P03T	CNP0000460	DF.classifications_0.25_0.22_204	Singlet	pANN_0.25_0.22_204	0.286553524804178
CNP0000460_CTAGCCTGTCGACTAT-1_1_1_1	CNP0000460_P03T	CNP0000460	DF.classifications_0.25_0.22_204	Singlet	pANN_0.25_0.22_204	0.137075718015666
CNP0000460_CTAGCCTGTGATGTGG-1_1_1_1	CNP0000460_P03T	CNP0000460	DF.classifications_0.25_0.22_204	Singlet	pANN_0.25_0.22_204	0.131201044386423
CNP0000460_CTAGCCTTCCTCCTAG-1_1_1_1	CNP0000460_P03T	CNP0000460	DF.classifications_0.25_0.22_204	Singlet	pANN_0.25_0.22_204	0.283942558746736
CNP0000460_CTAGTGAAGACGCAAC-1_1_1_1	CNP0000460_P03T	CNP0000460	DF.classifications_0.25_0.22_204	Singlet	pANN_0.25_0.22_204	0.0861618798955614
CNP0000460_CTAGTGAAGAGTAATC-1_1_1_1	CNP0000460_P03T	CNP0000460	DF.classifications_0.25_0.22_204	Singlet	pANN_0.25_0.22_204	0.0894255874673629
CNP0000460_CTAGTGAAGCTAGGCA-1_1_1_1	CNP0000460_P03T	CNP0000460	DF.classifications_0.25_0.22_204	Singlet	pANN_0.25_0.22_204	0.120757180156658
CNP0000460_CTAGTGAAGGCTAGAC-1_1_1_1	CNP0000460_P03T	CNP0000460	DF.classifications_0.25_0.22_204	Singlet	pANN_0.25_0.22_204	0.14621409921671
CNP0000460_CTAGTGAAGGGCATGT-1_1_1_1	CNP0000460_P03T	CNP0000460	DF.classifications_0.25_0.22_204	Singlet	pANN_0.25_0.22_204	0.122715404699739
CNP0000460_CTAGTGAAGGTTACCT-1_1_1_1	CNP0000460_P03T	CNP0000460	DF.classifications_0.25_0.22_204	Singlet	pANN_0.25_0.22_204	0.131853785900783
CNP0000460_CTAGTGACAGAGTGTG-1_1_1_1	CNP0000460_P03T	CNP0000460	DF.classifications_0.25_0.22_204	Singlet	pANN_0.25_0.22_204	0.349216710182768
CNP0000460_CTAGTGAGTCTCCCTA-1_1_1_1	CNP0000460_P03T	CNP0000460	DF.classifications_0.25_0.22_204	Singlet	pANN_0.25_0.22_204	0.300261096605744
CNP0000460_CTAGTGAGTTCGTTGA-1_1_1_1	CNP0000460_P03T	CNP0000460	DF.classifications_0.25_0.22_204	Singlet	pANN_0.25_0.22_204	0.356396866840731
CNP0000460_CTAGTGAGTTTGACTG-1_1_1_1	CNP0000460_P03T	CNP0000460	DF.classifications_0.25_0.22_204	Singlet	pANN_0.25_0.22_204	0.245430809399478
CNP0000460_CTAGTGATCACATAGC-1_1_1_1	CNP0000460_P03T	CNP0000460	DF.classifications_0.25_0.22_204	Singlet	pANN_0.25_0.22_204	0.343342036553525
CNP0000460_CTAGTGATCCAGTATG-1_1_1_1	CNP0000460_P03T	CNP0000460	DF.classifications_0.25_0.22_204	Singlet	pANN_0.25_0.22_204	0.197780678851175
CNP0000460_CTAGTGATCTCATTCA-1_1_1_1	CNP0000460_P03T	CNP0000460	DF.classifications_0.25_0.22_204	Singlet	pANN_0.25_0.22_204	0.293733681462141
CNP0000460_CTAGTGATCTCTAAGG-1_1_1_1	CNP0000460_P03T	CNP0000460	DF.classifications_0.25_0.22_204	Singlet	pANN_0.25_0.22_204	0.20757180156658
CNP0000460_CTCACACAGATGCCAG-1_1_1_1	CNP0000460_P03T	CNP0000460	DF.classifications_0.25_0.22_204	Doublet	pANN_0.25_0.22_204	0.360966057441253
CNP0000460_CTCACACAGGACATTA-1_1_1_1	CNP0000460_P03T	CNP0000460	DF.classifications_0.25_0.22_204	Singlet	pANN_0.25_0.22_204	0.117493472584856
CNP0000460_CTCACACAGGTCATCT-1_1_1_1	CNP0000460_P03T	CNP0000460	DF.classifications_0.25_0.22_204	Singlet	pANN_0.25_0.22_204	0.0992167101827676
CNP0000460_CTCACACAGGTGACCA-1_1_1_1	CNP0000460_P03T	CNP0000460	DF.classifications_0.25_0.22_204	Singlet	pANN_0.25_0.22_204	0.227806788511749
CNP0000460_CTCACACAGTGCAAGC-1_1_1_1	CNP0000460_P03T	CNP0000460	DF.classifications_0.25_0.22_204	Singlet	pANN_0.25_0.22_204	0.114229765013055
CNP0000460_CTCACACAGTGGCACA-1_1_1_1	CNP0000460_P03T	CNP0000460	DF.classifications_0.25_0.22_204	Singlet	pANN_0.25_0.22_204	0.235639686684073
CNP0000460_CTCACACCAGGATTGG-1_1_1_1	CNP0000460_P03T	CNP0000460	DF.classifications_0.25_0.22_204	Singlet	pANN_0.25_0.22_204	0.276762402088773
CNP0000460_CTCACACGTACCGAGA-1_1_1_1	CNP0000460_P03T	CNP0000460	DF.classifications_0.25_0.22_204	Singlet	pANN_0.25_0.22_204	0.355744125326371
CNP0000460_CTCACACGTCAGCTAT-1_1_1_1	CNP0000460_P03T	CNP0000460	DF.classifications_0.25_0.22_204	Doublet	pANN_0.25_0.22_204	0.366187989556136
CNP0000460_CTCACACGTGGCTCCA-1_1_1_1	CNP0000460_P03T	CNP0000460	DF.classifications_0.25_0.22_204	Singlet	pANN_0.25_0.22_204	0.298302872062663
CNP0000460_CTCACACTCATGCATG-1_1_1_1	CNP0000460_P03T	CNP0000460	DF.classifications_0.25_0.22_204	Singlet	pANN_0.25_0.22_204	0.129895561357702
CNP0000460_CTCACACTCCGGCACA-1_1_1_1	CNP0000460_P03T	CNP0000460	DF.classifications_0.25_0.22_204	Singlet	pANN_0.25_0.22_204	0.140339425587467
CNP0000460_CTCACACTCGTTGCCT-1_1_1_1	CNP0000460_P03T	CNP0000460	DF.classifications_0.25_0.22_204	Singlet	pANN_0.25_0.22_204	0.253916449086162
CNP0000460_CTCACACTCTAAGCCA-1_1_1_1	CNP0000460_P03T	CNP0000460	DF.classifications_0.25_0.22_204	Singlet	pANN_0.25_0.22_204	0.359007832898172
CNP0000460_CTCACACTCTCTAGGA-1_1_1_1	CNP0000460_P03T	CNP0000460	DF.classifications_0.25_0.22_204	Singlet	pANN_0.25_0.22_204	0.288511749347258
CNP0000460_CTCAGAAAGACGACGT-1_1_1_1	CNP0000460_P03T	CNP0000460	DF.classifications_0.25_0.22_204	Singlet	pANN_0.25_0.22_204	0.352480417754569
CNP0000460_CTCAGAAAGCGTTGCC-1_1_1_1	CNP0000460_P03T	CNP0000460	DF.classifications_0.25_0.22_204	Singlet	pANN_0.25_0.22_204	0.35509138381201
CNP0000460_CTCAGAAAGCTGATAA-1_1_1_1	CNP0000460_P03T	CNP0000460	DF.classifications_0.25_0.22_204	Singlet	pANN_0.25_0.22_204	0.274151436031332
CNP0000460_CTCAGAAAGTATGACA-1_1_1_1	CNP0000460_P03T	CNP0000460	DF.classifications_0.25_0.22_204	Singlet	pANN_0.25_0.22_204	0.146866840731071
CNP0000460_CTCAGAAAGTGGGCTA-1_1_1_1	CNP0000460_P03T	CNP0000460	DF.classifications_0.25_0.22_204	Singlet	pANN_0.25_0.22_204	0.137075718015666
CNP0000460_CTCAGAACACGACGAA-1_1_1_1	CNP0000460_P03T	CNP0000460	DF.classifications_0.25_0.22_204	Singlet	pANN_0.25_0.22_204	0.289164490861619
CNP0000460_CTCAGAACAGCTGGCT-1_1_1_1	CNP0000460_P03T	CNP0000460	DF.classifications_0.25_0.22_204	Singlet	pANN_0.25_0.22_204	0.244778067885117
CNP0000460_CTCAGAACATCGACGC-1_1_1_1	CNP0000460_P03T	CNP0000460	DF.classifications_0.25_0.22_204	Singlet	pANN_0.25_0.22_204	0.282637075718016
CNP0000460_CTCAGAACATTCCTGC-1_1_1_1	CNP0000460_P03T	CNP0000460	DF.classifications_0.25_0.22_204	Singlet	pANN_0.25_0.22_204	0.0933420365535248
CNP0000460_CTCAGAAGTAGCGATG-1_1_1_1	CNP0000460_P03T	CNP0000460	DF.classifications_0.25_0.22_204	Singlet	pANN_0.25_0.22_204	0.119451697127937
CNP0000460_CTCAGAAGTAGCGTCC-1_1_1_1	CNP0000460_P03T	CNP0000460	DF.classifications_0.25_0.22_204	Singlet	pANN_0.25_0.22_204	0.0887728459530026
CNP0000460_CTCAGAAGTCACCCAG-1_1_1_1	CNP0000460_P03T	CNP0000460	DF.classifications_0.25_0.22_204	Singlet	pANN_0.25_0.22_204	0.110313315926893
CNP0000460_CTCAGAAGTCATATCG-1_1_1_1	CNP0000460_P03T	CNP0000460	DF.classifications_0.25_0.22_204	Singlet	pANN_0.25_0.22_204	0.175587467362924
CNP0000460_CTCAGAAGTGATGCCC-1_1_1_1	CNP0000460_P03T	CNP0000460	DF.classifications_0.25_0.22_204	Singlet	pANN_0.25_0.22_204	0.0887728459530026
CNP0000460_CTCAGAAGTGCCTTGG-1_1_1_1	CNP0000460_P03T	CNP0000460	DF.classifications_0.25_0.22_204	Singlet	pANN_0.25_0.22_204	0.359660574412533
CNP0000460_CTCAGAATCAAGCCTA-1_1_1_1	CNP0000460_P03T	CNP0000460	DF.classifications_0.25_0.22_204	Singlet	pANN_0.25_0.22_204	0.120757180156658
CNP0000460_CTCAGAATCGCTTGTC-1_1_1_1	CNP0000460_P03T	CNP0000460	DF.classifications_0.25_0.22_204	Singlet	pANN_0.25_0.22_204	0.110966057441253
CNP0000460_CTCAGAATCTGGCGAC-1_1_1_1	CNP0000460_P03T	CNP0000460	DF.classifications_0.25_0.22_204	Singlet	pANN_0.25_0.22_204	0.0933420365535248
CNP0000460_CTCAGAATCTGTTTGT-1_1_1_1	CNP0000460_P03T	CNP0000460	DF.classifications_0.25_0.22_204	Singlet	pANN_0.25_0.22_204	0.16644908616188
CNP0000460_CTCATTAAGAGCTATA-1_1_1_1	CNP0000460_P03T	CNP0000460	DF.classifications_0.25_0.22_204	Singlet	pANN_0.25_0.22_204	0.10313315926893
CNP0000460_CTCATTAAGCCACCTG-1_1_1_1	CNP0000460_P03T	CNP0000460	DF.classifications_0.25_0.22_204	Singlet	pANN_0.25_0.22_204	0.280678851174935
CNP0000460_CTCATTACAAAGAATC-1_1_1_1	CNP0000460_P03T	CNP0000460	DF.classifications_0.25_0.22_204	Singlet	pANN_0.25_0.22_204	0.10509138381201
CNP0000460_CTCATTACAAGCCATT-1_1_1_1	CNP0000460_P03T	CNP0000460	DF.classifications_0.25_0.22_204	Singlet	pANN_0.25_0.22_204	0.179503916449086
CNP0000460_CTCATTACAATGGAGC-1_1_1_1	CNP0000460_P03T	CNP0000460	DF.classifications_0.25_0.22_204	Singlet	pANN_0.25_0.22_204	0.112924281984334
CNP0000460_CTCATTAGTATTCTCT-1_1_1_1	CNP0000460_P03T	CNP0000460	DF.classifications_0.25_0.22_204	Singlet	pANN_0.25_0.22_204	0.352480417754569
CNP0000460_CTCATTATCCTTAATC-1_1_1_1	CNP0000460_P03T	CNP0000460	DF.classifications_0.25_0.22_204	Singlet	pANN_0.25_0.22_204	0.282637075718016
CNP0000460_CTCCTAGAGACCGGAT-1_1_1_1	CNP0000460_P03T	CNP0000460	DF.classifications_0.25_0.22_204	Singlet	pANN_0.25_0.22_204	0.097911227154047
CNP0000460_CTCCTAGAGCCATCGC-1_1_1_1	CNP0000460_P03T	CNP0000460	DF.classifications_0.25_0.22_204	Singlet	pANN_0.25_0.22_204	0.355744125326371
CNP0000460_CTCCTAGAGCCTCGTG-1_1_1_1	CNP0000460_P03T	CNP0000460	DF.classifications_0.25_0.22_204	Singlet	pANN_0.25_0.22_204	0.344647519582245
CNP0000460_CTCCTAGAGGAGCGTT-1_1_1_1	CNP0000460_P03T	CNP0000460	DF.classifications_0.25_0.22_204	Singlet	pANN_0.25_0.22_204	0.0913838120104439
CNP0000460_CTCCTAGAGGCGCTCT-1_1_1_1	CNP0000460_P03T	CNP0000460	DF.classifications_0.25_0.22_204	Singlet	pANN_0.25_0.22_204	0.352480417754569
CNP0000460_CTCCTAGCAGGAATCG-1_1_1_1	CNP0000460_P03T	CNP0000460	DF.classifications_0.25_0.22_204	Singlet	pANN_0.25_0.22_204	0.27088772845953
CNP0000460_CTCCTAGCATGACATC-1_1_1_1	CNP0000460_P03T	CNP0000460	DF.classifications_0.25_0.22_204	Singlet	pANN_0.25_0.22_204	0.355744125326371
CNP0000460_CTCCTAGGTAAACACA-1_1_1_1	CNP0000460_P03T	CNP0000460	DF.classifications_0.25_0.22_204	Singlet	pANN_0.25_0.22_204	0.120104438642298
CNP0000460_CTCCTAGGTGACTACT-1_1_1_1	CNP0000460_P03T	CNP0000460	DF.classifications_0.25_0.22_204	Singlet	pANN_0.25_0.22_204	0.108355091383812
CNP0000460_CTCCTAGGTGGGTATG-1_1_1_1	CNP0000460_P03T	CNP0000460	DF.classifications_0.25_0.22_204	Singlet	pANN_0.25_0.22_204	0.146866840731071
CNP0000460_CTCCTAGTCACATACG-1_1_1_1	CNP0000460_P03T	CNP0000460	DF.classifications_0.25_0.22_204	Singlet	pANN_0.25_0.22_204	0.35443864229765
CNP0000460_CTCGAAAAGAAACCTA-1_1_1_1	CNP0000460_P03T	CNP0000460	DF.classifications_0.25_0.22_204	Singlet	pANN_0.25_0.22_204	0.121409921671018
CNP0000460_CTCGAAAAGGCCATAG-1_1_1_1	CNP0000460_P03T	CNP0000460	DF.classifications_0.25_0.22_204	Singlet	pANN_0.25_0.22_204	0.232375979112272
CNP0000460_CTCGAAAAGTGCAAGC-1_1_1_1	CNP0000460_P03T	CNP0000460	DF.classifications_0.25_0.22_204	Singlet	pANN_0.25_0.22_204	0.0842036553524804
CNP0000460_CTCGAAACACAGAGGT-1_1_1_1	CNP0000460_P03T	CNP0000460	DF.classifications_0.25_0.22_204	Singlet	pANN_0.25_0.22_204	0.356396866840731
CNP0000460_CTCGAAACACCATGTA-1_1_1_1	CNP0000460_P03T	CNP0000460	DF.classifications_0.25_0.22_204	Singlet	pANN_0.25_0.22_204	0.18668407310705
CNP0000460_CTCGAAACATCACAAC-1_1_1_1	CNP0000460_P03T	CNP0000460	DF.classifications_0.25_0.22_204	Singlet	pANN_0.25_0.22_204	0.295039164490862
CNP0000460_CTCGAAAGTCCCTTGT-1_1_1_1	CNP0000460_P03T	CNP0000460	DF.classifications_0.25_0.22_204	Singlet	pANN_0.25_0.22_204	0.143603133159269
CNP0000460_CTCGAAAGTGCCTGTG-1_1_1_1	CNP0000460_P03T	CNP0000460	DF.classifications_0.25_0.22_204	Singlet	pANN_0.25_0.22_204	0.283942558746736
CNP0000460_CTCGAAAGTTCCCTTG-1_1_1_1	CNP0000460_P03T	CNP0000460	DF.classifications_0.25_0.22_204	Singlet	pANN_0.25_0.22_204	0.112271540469974
CNP0000460_CTCGAAATCCTCAACC-1_1_1_1	CNP0000460_P03T	CNP0000460	DF.classifications_0.25_0.22_204	Singlet	pANN_0.25_0.22_204	0.10313315926893
CNP0000460_CTCGAAATCCTCATTA-1_1_1_1	CNP0000460_P03T	CNP0000460	DF.classifications_0.25_0.22_204	Singlet	pANN_0.25_0.22_204	0.176892950391645
CNP0000460_CTCGAAATCCTTAATC-1_1_1_1	CNP0000460_P03T	CNP0000460	DF.classifications_0.25_0.22_204	Singlet	pANN_0.25_0.22_204	0.0926892950391645
CNP0000460_CTCGAAATCGCAGGCT-1_1_1_1	CNP0000460_P03T	CNP0000460	DF.classifications_0.25_0.22_204	Singlet	pANN_0.25_0.22_204	0.357702349869452
CNP0000460_CTCGAAATCTACCTGC-1_1_1_1	CNP0000460_P03T	CNP0000460	DF.classifications_0.25_0.22_204	Singlet	pANN_0.25_0.22_204	0.35313315926893
CNP0000460_CTCGAAATCTCTGTCG-1_1_1_1	CNP0000460_P03T	CNP0000460	DF.classifications_0.25_0.22_204	Singlet	pANN_0.25_0.22_204	0.276762402088773
CNP0000460_CTCGAAATCTGGAGCC-1_1_1_1	CNP0000460_P03T	CNP0000460	DF.classifications_0.25_0.22_204	Singlet	pANN_0.25_0.22_204	0.122715404699739
CNP0000460_CTCGAAATCTTCGGTC-1_1_1_1	CNP0000460_P03T	CNP0000460	DF.classifications_0.25_0.22_204	Singlet	pANN_0.25_0.22_204	0.114882506527415
CNP0000460_CTCGAGGCAAGGCTCC-1_1_1_1	CNP0000460_P03T	CNP0000460	DF.classifications_0.25_0.22_204	Singlet	pANN_0.25_0.22_204	0.352480417754569
CNP0000460_CTCGAGGCAATGCCAT-1_1_1_1	CNP0000460_P03T	CNP0000460	DF.classifications_0.25_0.22_204	Singlet	pANN_0.25_0.22_204	0.33355091383812
CNP0000460_CTCGAGGCACGGTTTA-1_1_1_1	CNP0000460_P03T	CNP0000460	DF.classifications_0.25_0.22_204	Singlet	pANN_0.25_0.22_204	0.289817232375979
CNP0000460_CTCGAGGCACTATCTT-1_1_1_1	CNP0000460_P03T	CNP0000460	DF.classifications_0.25_0.22_204	Singlet	pANN_0.25_0.22_204	0.150783289817232
CNP0000460_CTCGAGGCATCACGAT-1_1_1_1	CNP0000460_P03T	CNP0000460	DF.classifications_0.25_0.22_204	Singlet	pANN_0.25_0.22_204	0.0900783289817232
CNP0000460_CTCGAGGCATCCCATC-1_1_1_1	CNP0000460_P03T	CNP0000460	DF.classifications_0.25_0.22_204	Singlet	pANN_0.25_0.22_204	0.0933420365535248
CNP0000460_CTCGAGGCATGACATC-1_1_1_1	CNP0000460_P03T	CNP0000460	DF.classifications_0.25_0.22_204	Singlet	pANN_0.25_0.22_204	0.12532637075718
CNP0000460_CTCGAGGGTACAAGTA-1_1_1_1	CNP0000460_P03T	CNP0000460	DF.classifications_0.25_0.22_204	Singlet	pANN_0.25_0.22_204	0.224543080939948
CNP0000460_CTCGAGGGTATGGTTC-1_1_1_1	CNP0000460_P03T	CNP0000460	DF.classifications_0.25_0.22_204	Singlet	pANN_0.25_0.22_204	0.155352480417755
CNP0000460_CTCGAGGGTCATGCCG-1_1_1_1	CNP0000460_P03T	CNP0000460	DF.classifications_0.25_0.22_204	Singlet	pANN_0.25_0.22_204	0.217362924281984
CNP0000460_CTCGAGGTCACGGTTA-1_1_1_1	CNP0000460_P03T	CNP0000460	DF.classifications_0.25_0.22_204	Singlet	pANN_0.25_0.22_204	0.159268929503916
CNP0000460_CTCGAGGTCTTGCCGT-1_1_1_1	CNP0000460_P03T	CNP0000460	DF.classifications_0.25_0.22_204	Doublet	pANN_0.25_0.22_204	0.361618798955614
CNP0000460_CTCGGAGAGCGACGTA-1_1_1_1	CNP0000460_P03T	CNP0000460	DF.classifications_0.25_0.22_204	Singlet	pANN_0.25_0.22_204	0.266318537859008
CNP0000460_CTCGGAGAGGATCGCA-1_1_1_1	CNP0000460_P03T	CNP0000460	DF.classifications_0.25_0.22_204	Singlet	pANN_0.25_0.22_204	0.184073107049608
CNP0000460_CTCGGAGAGTGACATA-1_1_1_1	CNP0000460_P03T	CNP0000460	DF.classifications_0.25_0.22_204	Singlet	pANN_0.25_0.22_204	0.359007832898172
CNP0000460_CTCGGAGAGTTCCACA-1_1_1_1	CNP0000460_P03T	CNP0000460	DF.classifications_0.25_0.22_204	Singlet	pANN_0.25_0.22_204	0.295039164490862
CNP0000460_CTCGGAGCAACGATGG-1_1_1_1	CNP0000460_P03T	CNP0000460	DF.classifications_0.25_0.22_204	Singlet	pANN_0.25_0.22_204	0.152088772845953
CNP0000460_CTCGGAGCAAGGTTCT-1_1_1_1	CNP0000460_P03T	CNP0000460	DF.classifications_0.25_0.22_204	Singlet	pANN_0.25_0.22_204	0.0953002610966057
CNP0000460_CTCGGAGCATAGGATA-1_1_1_1	CNP0000460_P03T	CNP0000460	DF.classifications_0.25_0.22_204	Singlet	pANN_0.25_0.22_204	0.140339425587467
CNP0000460_CTCGGAGCATCCGTGG-1_1_1_1	CNP0000460_P03T	CNP0000460	DF.classifications_0.25_0.22_204	Singlet	pANN_0.25_0.22_204	0.357702349869452
CNP0000460_CTCGGAGTCATGTCTT-1_1_1_1	CNP0000460_P03T	CNP0000460	DF.classifications_0.25_0.22_204	Singlet	pANN_0.25_0.22_204	0.216710182767624
CNP0000460_CTCGGAGTCCGAAGAG-1_1_1_1	CNP0000460_P03T	CNP0000460	DF.classifications_0.25_0.22_204	Singlet	pANN_0.25_0.22_204	0.0953002610966057
CNP0000460_CTCGGAGTCCGCGTTT-1_1_1_1	CNP0000460_P03T	CNP0000460	DF.classifications_0.25_0.22_204	Singlet	pANN_0.25_0.22_204	0.0946475195822454
CNP0000460_CTCGGAGTCGCTTAGA-1_1_1_1	CNP0000460_P03T	CNP0000460	DF.classifications_0.25_0.22_204	Singlet	pANN_0.25_0.22_204	0.0966057441253264
CNP0000460_CTCGGAGTCTGTCCGT-1_1_1_1	CNP0000460_P03T	CNP0000460	DF.classifications_0.25_0.22_204	Singlet	pANN_0.25_0.22_204	0.107702349869452
CNP0000460_CTCGGGAAGTGTGAAT-1_1_1_1	CNP0000460_P03T	CNP0000460	DF.classifications_0.25_0.22_204	Singlet	pANN_0.25_0.22_204	0.130548302872063
CNP0000460_CTCGGGACACTGTCGG-1_1_1_1	CNP0000460_P03T	CNP0000460	DF.classifications_0.25_0.22_204	Singlet	pANN_0.25_0.22_204	0.245430809399478
CNP0000460_CTCGGGAGTTATGTGC-1_1_1_1	CNP0000460_P03T	CNP0000460	DF.classifications_0.25_0.22_204	Singlet	pANN_0.25_0.22_204	0.348563968668407
CNP0000460_CTCGGGAGTTCGGGCT-1_1_1_1	CNP0000460_P03T	CNP0000460	DF.classifications_0.25_0.22_204	Singlet	pANN_0.25_0.22_204	0.339425587467363
CNP0000460_CTCGGGAGTTGAGGTG-1_1_1_1	CNP0000460_P03T	CNP0000460	DF.classifications_0.25_0.22_204	Singlet	pANN_0.25_0.22_204	0.142297650130548
CNP0000460_CTCGGGATCCAGGGCT-1_1_1_1	CNP0000460_P03T	CNP0000460	DF.classifications_0.25_0.22_204	Singlet	pANN_0.25_0.22_204	0.355744125326371
CNP0000460_CTCGGGATCCTATGTT-1_1_1_1	CNP0000460_P03T	CNP0000460	DF.classifications_0.25_0.22_204	Singlet	pANN_0.25_0.22_204	0.351827676240209
CNP0000460_CTCGGGATCTAACCGA-1_1_1_1	CNP0000460_P03T	CNP0000460	DF.classifications_0.25_0.22_204	Singlet	pANN_0.25_0.22_204	0.341383812010444
CNP0000460_CTCGGGATCTGCAGTA-1_1_1_1	CNP0000460_P03T	CNP0000460	DF.classifications_0.25_0.22_204	Singlet	pANN_0.25_0.22_204	0.356396866840731
CNP0000460_CTCGGGATCTGCGGCA-1_1_1_1	CNP0000460_P03T	CNP0000460	DF.classifications_0.25_0.22_204	Singlet	pANN_0.25_0.22_204	0.357702349869452
CNP0000460_CTCGTACAGTACGCCC-1_1_1_1	CNP0000460_P03T	CNP0000460	DF.classifications_0.25_0.22_204	Singlet	pANN_0.25_0.22_204	0.358355091383812
CNP0000460_CTCGTACCAATCGAAA-1_1_1_1	CNP0000460_P03T	CNP0000460	DF.classifications_0.25_0.22_204	Singlet	pANN_0.25_0.22_204	0.279373368146214
CNP0000460_CTCGTACCACCCATGG-1_1_1_1	CNP0000460_P03T	CNP0000460	DF.classifications_0.25_0.22_204	Singlet	pANN_0.25_0.22_204	0.236945169712794
CNP0000460_CTCGTACGTACAGCAG-1_1_1_1	CNP0000460_P03T	CNP0000460	DF.classifications_0.25_0.22_204	Singlet	pANN_0.25_0.22_204	0.286553524804178
CNP0000460_CTCGTACGTAGGCTGA-1_1_1_1	CNP0000460_P03T	CNP0000460	DF.classifications_0.25_0.22_204	Singlet	pANN_0.25_0.22_204	0.101174934725849
CNP0000460_CTCGTACGTATAGGGC-1_1_1_1	CNP0000460_P03T	CNP0000460	DF.classifications_0.25_0.22_204	Singlet	pANN_0.25_0.22_204	0.223890339425587
CNP0000460_CTCGTACGTCACCCAG-1_1_1_1	CNP0000460_P03T	CNP0000460	DF.classifications_0.25_0.22_204	Singlet	pANN_0.25_0.22_204	0.355744125326371
CNP0000460_CTCGTACGTGCGGTAA-1_1_1_1	CNP0000460_P03T	CNP0000460	DF.classifications_0.25_0.22_204	Singlet	pANN_0.25_0.22_204	0.345300261096606
CNP0000460_CTCGTACTCGGATGGA-1_1_1_1	CNP0000460_P03T	CNP0000460	DF.classifications_0.25_0.22_204	Singlet	pANN_0.25_0.22_204	0.185378590078329
CNP0000460_CTCGTACTCTTGAGGT-1_1_1_1	CNP0000460_P03T	CNP0000460	DF.classifications_0.25_0.22_204	Singlet	pANN_0.25_0.22_204	0.276109660574413
CNP0000460_CTCGTCAAGATACACA-1_1_1_1	CNP0000460_P03T	CNP0000460	DF.classifications_0.25_0.22_204	Singlet	pANN_0.25_0.22_204	0.347911227154047
CNP0000460_CTCGTCAAGCCCGAAA-1_1_1_1	CNP0000460_P03T	CNP0000460	DF.classifications_0.25_0.22_204	Singlet	pANN_0.25_0.22_204	0.0796344647519582
CNP0000460_CTCGTCAAGCTAAGAT-1_1_1_1	CNP0000460_P03T	CNP0000460	DF.classifications_0.25_0.22_204	Singlet	pANN_0.25_0.22_204	0.269582245430809
CNP0000460_CTCGTCAAGGAGTCTG-1_1_1_1	CNP0000460_P03T	CNP0000460	DF.classifications_0.25_0.22_204	Singlet	pANN_0.25_0.22_204	0.119451697127937
CNP0000460_CTCGTCACAAGCGTAG-1_1_1_1	CNP0000460_P03T	CNP0000460	DF.classifications_0.25_0.22_204	Singlet	pANN_0.25_0.22_204	0.238903394255875
CNP0000460_CTCGTCACACATAACC-1_1_1_1	CNP0000460_P03T	CNP0000460	DF.classifications_0.25_0.22_204	Singlet	pANN_0.25_0.22_204	0.119451697127937
CNP0000460_CTCGTCACAGCATACT-1_1_1_1	CNP0000460_P03T	CNP0000460	DF.classifications_0.25_0.22_204	Singlet	pANN_0.25_0.22_204	0.139033942558747
CNP0000460_CTCGTCACAGGGCATA-1_1_1_1	CNP0000460_P03T	CNP0000460	DF.classifications_0.25_0.22_204	Singlet	pANN_0.25_0.22_204	0.126631853785901
CNP0000460_CTCGTCACATCTCCCA-1_1_1_1	CNP0000460_P03T	CNP0000460	DF.classifications_0.25_0.22_204	Singlet	pANN_0.25_0.22_204	0.0933420365535248
CNP0000460_CTCGTCAGTCACCCAG-1_1_1_1	CNP0000460_P03T	CNP0000460	DF.classifications_0.25_0.22_204	Singlet	pANN_0.25_0.22_204	0.213446475195822
CNP0000460_CTCGTCAGTTGGTTTG-1_1_1_1	CNP0000460_P03T	CNP0000460	DF.classifications_0.25_0.22_204	Singlet	pANN_0.25_0.22_204	0.122715404699739
CNP0000460_CTCGTCATCGCATGGC-1_1_1_1	CNP0000460_P03T	CNP0000460	DF.classifications_0.25_0.22_204	Singlet	pANN_0.25_0.22_204	0.343342036553525
CNP0000460_CTCGTCATCGTCTGCT-1_1_1_1	CNP0000460_P03T	CNP0000460	DF.classifications_0.25_0.22_204	Singlet	pANN_0.25_0.22_204	0.272845953002611
CNP0000460_CTCTAATAGCTGTCTA-1_1_1_1	CNP0000460_P03T	CNP0000460	DF.classifications_0.25_0.22_204	Singlet	pANN_0.25_0.22_204	0.0998694516971279
CNP0000460_CTCTAATCAATGGATA-1_1_1_1	CNP0000460_P03T	CNP0000460	DF.classifications_0.25_0.22_204	Singlet	pANN_0.25_0.22_204	0.35509138381201
CNP0000460_CTCTAATCACATAACC-1_1_1_1	CNP0000460_P03T	CNP0000460	DF.classifications_0.25_0.22_204	Singlet	pANN_0.25_0.22_204	0.0985639686684073
CNP0000460_CTCTAATCACGTTGGC-1_1_1_1	CNP0000460_P03T	CNP0000460	DF.classifications_0.25_0.22_204	Singlet	pANN_0.25_0.22_204	0.218668407310705
CNP0000460_CTCTAATCAGATAATG-1_1_1_1	CNP0000460_P03T	CNP0000460	DF.classifications_0.25_0.22_204	Singlet	pANN_0.25_0.22_204	0.141644908616188
CNP0000460_CTCTAATCAGCTGCTG-1_1_1_1	CNP0000460_P03T	CNP0000460	DF.classifications_0.25_0.22_204	Singlet	pANN_0.25_0.22_204	0.162532637075718
CNP0000460_CTCTAATCATATGCTG-1_1_1_1	CNP0000460_P03T	CNP0000460	DF.classifications_0.25_0.22_204	Singlet	pANN_0.25_0.22_204	0.35509138381201
CNP0000460_CTCTAATGTCCAAGTT-1_1_1_1	CNP0000460_P03T	CNP0000460	DF.classifications_0.25_0.22_204	Singlet	pANN_0.25_0.22_204	0.100522193211488
CNP0000460_CTCTAATGTGCTAGCC-1_1_1_1	CNP0000460_P03T	CNP0000460	DF.classifications_0.25_0.22_204	Singlet	pANN_0.25_0.22_204	0.12467362924282
CNP0000460_CTCTAATTCCTGCCAT-1_1_1_1	CNP0000460_P03T	CNP0000460	DF.classifications_0.25_0.22_204	Singlet	pANN_0.25_0.22_204	0.143603133159269
CNP0000460_CTCTAATTCGGCGGTT-1_1_1_1	CNP0000460_P03T	CNP0000460	DF.classifications_0.25_0.22_204	Singlet	pANN_0.25_0.22_204	0.128590078328982
CNP0000460_CTCTAATTCTAACTCT-1_1_1_1	CNP0000460_P03T	CNP0000460	DF.classifications_0.25_0.22_204	Singlet	pANN_0.25_0.22_204	0.106396866840731
CNP0000460_CTCTAATTCTGCAAGT-1_1_1_1	CNP0000460_P03T	CNP0000460	DF.classifications_0.25_0.22_204	Singlet	pANN_0.25_0.22_204	0.131853785900783
CNP0000460_CTCTACGAGAGTAATC-1_1_1_1	CNP0000460_P03T	CNP0000460	DF.classifications_0.25_0.22_204	Singlet	pANN_0.25_0.22_204	0.342036553524804
CNP0000460_CTCTACGAGTGAACGC-1_1_1_1	CNP0000460_P03T	CNP0000460	DF.classifications_0.25_0.22_204	Singlet	pANN_0.25_0.22_204	0.265665796344648
CNP0000460_CTCTACGCAGTCCTTC-1_1_1_1	CNP0000460_P03T	CNP0000460	DF.classifications_0.25_0.22_204	Singlet	pANN_0.25_0.22_204	0.159268929503916
CNP0000460_CTCTACGGTATTCGTG-1_1_1_1	CNP0000460_P03T	CNP0000460	DF.classifications_0.25_0.22_204	Singlet	pANN_0.25_0.22_204	0.109007832898172
CNP0000460_CTCTACGGTCACCTAA-1_1_1_1	CNP0000460_P03T	CNP0000460	DF.classifications_0.25_0.22_204	Singlet	pANN_0.25_0.22_204	0.12467362924282
CNP0000460_CTCTACGGTCTACCTC-1_1_1_1	CNP0000460_P03T	CNP0000460	DF.classifications_0.25_0.22_204	Singlet	pANN_0.25_0.22_204	0.118146214099217
CNP0000460_CTCTACGGTGTGAAAT-1_1_1_1	CNP0000460_P03T	CNP0000460	DF.classifications_0.25_0.22_204	Singlet	pANN_0.25_0.22_204	0.35378590078329
CNP0000460_CTCTACGTCATATCGG-1_1_1_1	CNP0000460_P03T	CNP0000460	DF.classifications_0.25_0.22_204	Singlet	pANN_0.25_0.22_204	0.230417754569191
CNP0000460_CTCTACGTCCGAGCCA-1_1_1_1	CNP0000460_P03T	CNP0000460	DF.classifications_0.25_0.22_204	Singlet	pANN_0.25_0.22_204	0.109660574412533
CNP0000460_CTCTACGTCTGATACG-1_1_1_1	CNP0000460_P03T	CNP0000460	DF.classifications_0.25_0.22_204	Singlet	pANN_0.25_0.22_204	0.171018276762402
CNP0000460_CTCTGGTAGTGCCAGA-1_1_1_1	CNP0000460_P03T	CNP0000460	DF.classifications_0.25_0.22_204	Doublet	pANN_0.25_0.22_204	0.364229765013055
CNP0000460_CTCTGGTAGTTAACGA-1_1_1_1	CNP0000460_P03T	CNP0000460	DF.classifications_0.25_0.22_204	Singlet	pANN_0.25_0.22_204	0.343342036553525
CNP0000460_CTCTGGTCAGACAAGC-1_1_1_1	CNP0000460_P03T	CNP0000460	DF.classifications_0.25_0.22_204	Singlet	pANN_0.25_0.22_204	0.0907310704960835
CNP0000460_CTCTGGTCAGAGCCAA-1_1_1_1	CNP0000460_P03T	CNP0000460	DF.classifications_0.25_0.22_204	Singlet	pANN_0.25_0.22_204	0.285248041775457
CNP0000460_CTCTGGTGTAAGTGTA-1_1_1_1	CNP0000460_P03T	CNP0000460	DF.classifications_0.25_0.22_204	Singlet	pANN_0.25_0.22_204	0.293733681462141
CNP0000460_CTCTGGTGTATCACCA-1_1_1_1	CNP0000460_P03T	CNP0000460	DF.classifications_0.25_0.22_204	Singlet	pANN_0.25_0.22_204	0.356396866840731
CNP0000460_CTCTGGTTCCCAAGAT-1_1_1_1	CNP0000460_P03T	CNP0000460	DF.classifications_0.25_0.22_204	Singlet	pANN_0.25_0.22_204	0.0881201044386423
CNP0000460_CTCTGGTTCTTGAGAC-1_1_1_1	CNP0000460_P03T	CNP0000460	DF.classifications_0.25_0.22_204	Singlet	pANN_0.25_0.22_204	0.127937336814621
CNP0000460_CTGAAACAGGAATGGA-1_1_1_1	CNP0000460_P03T	CNP0000460	DF.classifications_0.25_0.22_204	Singlet	pANN_0.25_0.22_204	0.35313315926893
CNP0000460_CTGAAACAGGACCACA-1_1_1_1	CNP0000460_P03T	CNP0000460	DF.classifications_0.25_0.22_204	Singlet	pANN_0.25_0.22_204	0.101827676240209
CNP0000460_CTGAAACAGGTGATTA-1_1_1_1	CNP0000460_P03T	CNP0000460	DF.classifications_0.25_0.22_204	Singlet	pANN_0.25_0.22_204	0.273498694516971
CNP0000460_CTGAAACCAAACAACA-1_1_1_1	CNP0000460_P03T	CNP0000460	DF.classifications_0.25_0.22_204	Singlet	pANN_0.25_0.22_204	0.350522193211488
CNP0000460_CTGAAACCAAAGCGGT-1_1_1_1	CNP0000460_P03T	CNP0000460	DF.classifications_0.25_0.22_204	Singlet	pANN_0.25_0.22_204	0.161879895561358
CNP0000460_CTGAAACCAATCGGTT-1_1_1_1	CNP0000460_P03T	CNP0000460	DF.classifications_0.25_0.22_204	Singlet	pANN_0.25_0.22_204	0.35443864229765
CNP0000460_CTGAAACCACGGTTTA-1_1_1_1	CNP0000460_P03T	CNP0000460	DF.classifications_0.25_0.22_204	Singlet	pANN_0.25_0.22_204	0.159921671018277
CNP0000460_CTGAAACCAGGGTACA-1_1_1_1	CNP0000460_P03T	CNP0000460	DF.classifications_0.25_0.22_204	Singlet	pANN_0.25_0.22_204	0.275456919060052
CNP0000460_CTGAAACCATCGACGC-1_1_1_1	CNP0000460_P03T	CNP0000460	DF.classifications_0.25_0.22_204	Singlet	pANN_0.25_0.22_204	0.179503916449086
CNP0000460_CTGAAACGTCCGAACC-1_1_1_1	CNP0000460_P03T	CNP0000460	DF.classifications_0.25_0.22_204	Singlet	pANN_0.25_0.22_204	0.274151436031332
CNP0000460_CTGAAACGTCTAGGTT-1_1_1_1	CNP0000460_P03T	CNP0000460	DF.classifications_0.25_0.22_204	Singlet	pANN_0.25_0.22_204	0.0900783289817232
CNP0000460_CTGAAACGTGAGGGTT-1_1_1_1	CNP0000460_P03T	CNP0000460	DF.classifications_0.25_0.22_204	Singlet	pANN_0.25_0.22_204	0.357049608355091
CNP0000460_CTGAAACGTGATGTCT-1_1_1_1	CNP0000460_P03T	CNP0000460	DF.classifications_0.25_0.22_204	Singlet	pANN_0.25_0.22_204	0.16644908616188
CNP0000460_CTGAAACGTGGTACAG-1_1_1_1	CNP0000460_P03T	CNP0000460	DF.classifications_0.25_0.22_204	Singlet	pANN_0.25_0.22_204	0.127284595300261
CNP0000460_CTGAAACGTTCGGCAC-1_1_1_1	CNP0000460_P03T	CNP0000460	DF.classifications_0.25_0.22_204	Singlet	pANN_0.25_0.22_204	0.174934725848564
CNP0000460_CTGAAACTCAAGGTAA-1_1_1_1	CNP0000460_P03T	CNP0000460	DF.classifications_0.25_0.22_204	Singlet	pANN_0.25_0.22_204	0.117493472584856
CNP0000460_CTGAAACTCACATACG-1_1_1_1	CNP0000460_P03T	CNP0000460	DF.classifications_0.25_0.22_204	Singlet	pANN_0.25_0.22_204	0.137728459530026
CNP0000460_CTGAAACTCGCGTTTC-1_1_1_1	CNP0000460_P03T	CNP0000460	DF.classifications_0.25_0.22_204	Singlet	pANN_0.25_0.22_204	0.12402088772846
CNP0000460_CTGAAACTCTAAGCCA-1_1_1_1	CNP0000460_P03T	CNP0000460	DF.classifications_0.25_0.22_204	Singlet	pANN_0.25_0.22_204	0.350522193211488
CNP0000460_CTGAAACTCTCGGACG-1_1_1_1	CNP0000460_P03T	CNP0000460	DF.classifications_0.25_0.22_204	Singlet	pANN_0.25_0.22_204	0.113577023498695
CNP0000460_CTGAAGTAGAAACCGC-1_1_1_1	CNP0000460_P03T	CNP0000460	DF.classifications_0.25_0.22_204	Singlet	pANN_0.25_0.22_204	0.348563968668407
CNP0000460_CTGAAGTAGAGGGATA-1_1_1_1	CNP0000460_P03T	CNP0000460	DF.classifications_0.25_0.22_204	Singlet	pANN_0.25_0.22_204	0.285248041775457
CNP0000460_CTGAAGTAGAGTACAT-1_1_1_1	CNP0000460_P03T	CNP0000460	DF.classifications_0.25_0.22_204	Singlet	pANN_0.25_0.22_204	0.359007832898172
CNP0000460_CTGAAGTAGATGTAAC-1_1_1_1	CNP0000460_P03T	CNP0000460	DF.classifications_0.25_0.22_204	Singlet	pANN_0.25_0.22_204	0.0809399477806789
CNP0000460_CTGAAGTAGCCCAACC-1_1_1_1	CNP0000460_P03T	CNP0000460	DF.classifications_0.25_0.22_204	Singlet	pANN_0.25_0.22_204	0.0985639686684073
CNP0000460_CTGAAGTAGTGAACGC-1_1_1_1	CNP0000460_P03T	CNP0000460	DF.classifications_0.25_0.22_204	Doublet	pANN_0.25_0.22_204	0.364229765013055
CNP0000460_CTGAAGTAGTTCGCGC-1_1_1_1	CNP0000460_P03T	CNP0000460	DF.classifications_0.25_0.22_204	Singlet	pANN_0.25_0.22_204	0.087467362924282
CNP0000460_CTGAAGTCAAATCCGT-1_1_1_1	CNP0000460_P03T	CNP0000460	DF.classifications_0.25_0.22_204	Singlet	pANN_0.25_0.22_204	0.290469973890339
CNP0000460_CTGAAGTCAGACGCTC-1_1_1_1	CNP0000460_P03T	CNP0000460	DF.classifications_0.25_0.22_204	Singlet	pANN_0.25_0.22_204	0.265013054830287
CNP0000460_CTGAAGTCAGGAATCG-1_1_1_1	CNP0000460_P03T	CNP0000460	DF.classifications_0.25_0.22_204	Singlet	pANN_0.25_0.22_204	0.0985639686684073
CNP0000460_CTGAAGTGTAAGAGGA-1_1_1_1	CNP0000460_P03T	CNP0000460	DF.classifications_0.25_0.22_204	Singlet	pANN_0.25_0.22_204	0.350522193211488
CNP0000460_CTGAAGTGTAGTAGTA-1_1_1_1	CNP0000460_P03T	CNP0000460	DF.classifications_0.25_0.22_204	Singlet	pANN_0.25_0.22_204	0.113577023498695
CNP0000460_CTGAAGTGTTATTCTC-1_1_1_1	CNP0000460_P03T	CNP0000460	DF.classifications_0.25_0.22_204	Singlet	pANN_0.25_0.22_204	0.111618798955614
CNP0000460_CTGAAGTGTTGGACCC-1_1_1_1	CNP0000460_P03T	CNP0000460	DF.classifications_0.25_0.22_204	Singlet	pANN_0.25_0.22_204	0.182114882506527
CNP0000460_CTGAAGTTCTTAGCCC-1_1_1_1	CNP0000460_P03T	CNP0000460	DF.classifications_0.25_0.22_204	Singlet	pANN_0.25_0.22_204	0.120757180156658
CNP0000460_CTGATAGAGCAACGGT-1_1_1_1	CNP0000460_P03T	CNP0000460	DF.classifications_0.25_0.22_204	Singlet	pANN_0.25_0.22_204	0.111618798955614
CNP0000460_CTGATAGAGGCCCTCA-1_1_1_1	CNP0000460_P03T	CNP0000460	DF.classifications_0.25_0.22_204	Singlet	pANN_0.25_0.22_204	0.346605744125326
CNP0000460_CTGATAGAGTACCGGA-1_1_1_1	CNP0000460_P03T	CNP0000460	DF.classifications_0.25_0.22_204	Singlet	pANN_0.25_0.22_204	0.277415143603133
CNP0000460_CTGATAGAGTGGACGT-1_1_1_1	CNP0000460_P03T	CNP0000460	DF.classifications_0.25_0.22_204	Singlet	pANN_0.25_0.22_204	0.161227154046997
CNP0000460_CTGATAGCAAAGTCAA-1_1_1_1	CNP0000460_P03T	CNP0000460	DF.classifications_0.25_0.22_204	Singlet	pANN_0.25_0.22_204	0.281331592689295
CNP0000460_CTGATAGCACATTCGA-1_1_1_1	CNP0000460_P03T	CNP0000460	DF.classifications_0.25_0.22_204	Singlet	pANN_0.25_0.22_204	0.293080939947781
CNP0000460_CTGATAGCAGCGAACA-1_1_1_1	CNP0000460_P03T	CNP0000460	DF.classifications_0.25_0.22_204	Singlet	pANN_0.25_0.22_204	0.14490861618799
CNP0000460_CTGATAGGTACAGCAG-1_1_1_1	CNP0000460_P03T	CNP0000460	DF.classifications_0.25_0.22_204	Singlet	pANN_0.25_0.22_204	0.10443864229765
CNP0000460_CTGATAGGTATTCGTG-1_1_1_1	CNP0000460_P03T	CNP0000460	DF.classifications_0.25_0.22_204	Singlet	pANN_0.25_0.22_204	0.355744125326371
CNP0000460_CTGATAGGTCGCATCG-1_1_1_1	CNP0000460_P03T	CNP0000460	DF.classifications_0.25_0.22_204	Singlet	pANN_0.25_0.22_204	0.281331592689295
CNP0000460_CTGATAGGTTCCGGCA-1_1_1_1	CNP0000460_P03T	CNP0000460	DF.classifications_0.25_0.22_204	Singlet	pANN_0.25_0.22_204	0.27023498694517
CNP0000460_CTGATAGTCCCTAATT-1_1_1_1	CNP0000460_P03T	CNP0000460	DF.classifications_0.25_0.22_204	Singlet	pANN_0.25_0.22_204	0.0998694516971279
CNP0000460_CTGATCCAGGATATAC-1_1_1_1	CNP0000460_P03T	CNP0000460	DF.classifications_0.25_0.22_204	Singlet	pANN_0.25_0.22_204	0.107049608355091
CNP0000460_CTGATCCAGGTCATCT-1_1_1_1	CNP0000460_P03T	CNP0000460	DF.classifications_0.25_0.22_204	Singlet	pANN_0.25_0.22_204	0.293733681462141
CNP0000460_CTGATCCAGTCCATAC-1_1_1_1	CNP0000460_P03T	CNP0000460	DF.classifications_0.25_0.22_204	Singlet	pANN_0.25_0.22_204	0.355744125326371
CNP0000460_CTGATCCCAAGACGTG-1_1_1_1	CNP0000460_P03T	CNP0000460	DF.classifications_0.25_0.22_204	Singlet	pANN_0.25_0.22_204	0.120757180156658
CNP0000460_CTGATCCCATGCCCGA-1_1_1_1	CNP0000460_P03T	CNP0000460	DF.classifications_0.25_0.22_204	Singlet	pANN_0.25_0.22_204	0.139686684073107
CNP0000460_CTGATCCGTACGAAAT-1_1_1_1	CNP0000460_P03T	CNP0000460	DF.classifications_0.25_0.22_204	Singlet	pANN_0.25_0.22_204	0.129895561357702
CNP0000460_CTGATCCGTCCAAGTT-1_1_1_1	CNP0000460_P03T	CNP0000460	DF.classifications_0.25_0.22_204	Singlet	pANN_0.25_0.22_204	0.0966057441253264
CNP0000460_CTGATCCTCATGGTCA-1_1_1_1	CNP0000460_P03T	CNP0000460	DF.classifications_0.25_0.22_204	Singlet	pANN_0.25_0.22_204	0.132506527415144
CNP0000460_CTGATCCTCGAATGGG-1_1_1_1	CNP0000460_P03T	CNP0000460	DF.classifications_0.25_0.22_204	Singlet	pANN_0.25_0.22_204	0.150783289817232
CNP0000460_CTGCCTAAGGCCCTCA-1_1_1_1	CNP0000460_P03T	CNP0000460	DF.classifications_0.25_0.22_204	Singlet	pANN_0.25_0.22_204	0.127937336814621
CNP0000460_CTGCCTAAGGTAAACT-1_1_1_1	CNP0000460_P03T	CNP0000460	DF.classifications_0.25_0.22_204	Singlet	pANN_0.25_0.22_204	0.262402088772846
CNP0000460_CTGCCTAAGGTGACCA-1_1_1_1	CNP0000460_P03T	CNP0000460	DF.classifications_0.25_0.22_204	Singlet	pANN_0.25_0.22_204	0.155352480417755
CNP0000460_CTGCCTAAGTCAAGCG-1_1_1_1	CNP0000460_P03T	CNP0000460	DF.classifications_0.25_0.22_204	Singlet	pANN_0.25_0.22_204	0.35443864229765
CNP0000460_CTGCCTAAGTGTACGG-1_1_1_1	CNP0000460_P03T	CNP0000460	DF.classifications_0.25_0.22_204	Singlet	pANN_0.25_0.22_204	0.295039164490862
CNP0000460_CTGCCTAAGTTGCAGG-1_1_1_1	CNP0000460_P03T	CNP0000460	DF.classifications_0.25_0.22_204	Singlet	pANN_0.25_0.22_204	0.22845953002611
CNP0000460_CTGCCTACACCCAGTG-1_1_1_1	CNP0000460_P03T	CNP0000460	DF.classifications_0.25_0.22_204	Singlet	pANN_0.25_0.22_204	0.0894255874673629
CNP0000460_CTGCCTAGTATCACCA-1_1_1_1	CNP0000460_P03T	CNP0000460	DF.classifications_0.25_0.22_204	Singlet	pANN_0.25_0.22_204	0.116187989556136
CNP0000460_CTGCCTAGTGCAACGA-1_1_1_1	CNP0000460_P03T	CNP0000460	DF.classifications_0.25_0.22_204	Singlet	pANN_0.25_0.22_204	0.287206266318538
CNP0000460_CTGCCTAGTTTGCATG-1_1_1_1	CNP0000460_P03T	CNP0000460	DF.classifications_0.25_0.22_204	Singlet	pANN_0.25_0.22_204	0.35378590078329
CNP0000460_CTGCCTATCACGGTTA-1_1_1_1	CNP0000460_P03T	CNP0000460	DF.classifications_0.25_0.22_204	Singlet	pANN_0.25_0.22_204	0.154699738903394
CNP0000460_CTGCCTATCGCGCCAA-1_1_1_1	CNP0000460_P03T	CNP0000460	DF.classifications_0.25_0.22_204	Doublet	pANN_0.25_0.22_204	0.362924281984334
CNP0000460_CTGCCTATCGTACGGC-1_1_1_1	CNP0000460_P03T	CNP0000460	DF.classifications_0.25_0.22_204	Singlet	pANN_0.25_0.22_204	0.0828981723237598
CNP0000460_CTGCGGAAGCGTGAGT-1_1_1_1	CNP0000460_P03T	CNP0000460	DF.classifications_0.25_0.22_204	Singlet	pANN_0.25_0.22_204	0.170365535248042
CNP0000460_CTGCGGAAGGAGCGTT-1_1_1_1	CNP0000460_P03T	CNP0000460	DF.classifications_0.25_0.22_204	Singlet	pANN_0.25_0.22_204	0.0698433420365535
CNP0000460_CTGCGGAAGGAGTTTA-1_1_1_1	CNP0000460_P03T	CNP0000460	DF.classifications_0.25_0.22_204	Singlet	pANN_0.25_0.22_204	0.236945169712794
CNP0000460_CTGCGGACACCATGTA-1_1_1_1	CNP0000460_P03T	CNP0000460	DF.classifications_0.25_0.22_204	Singlet	pANN_0.25_0.22_204	0.0953002610966057
CNP0000460_CTGCGGACATCGATTG-1_1_1_1	CNP0000460_P03T	CNP0000460	DF.classifications_0.25_0.22_204	Singlet	pANN_0.25_0.22_204	0.0946475195822454
CNP0000460_CTGCGGAGTAGCTAAA-1_1_1_1	CNP0000460_P03T	CNP0000460	DF.classifications_0.25_0.22_204	Singlet	pANN_0.25_0.22_204	0.0953002610966057
CNP0000460_CTGCGGAGTAGTGAAT-1_1_1_1	CNP0000460_P03T	CNP0000460	DF.classifications_0.25_0.22_204	Singlet	pANN_0.25_0.22_204	0.101174934725849
CNP0000460_CTGCGGAGTCTGCAAT-1_1_1_1	CNP0000460_P03T	CNP0000460	DF.classifications_0.25_0.22_204	Singlet	pANN_0.25_0.22_204	0.0992167101827676
CNP0000460_CTGCTGTAGAGTTGGC-1_1_1_1	CNP0000460_P03T	CNP0000460	DF.classifications_0.25_0.22_204	Singlet	pANN_0.25_0.22_204	0.357702349869452
CNP0000460_CTGCTGTAGATATGGT-1_1_1_1	CNP0000460_P03T	CNP0000460	DF.classifications_0.25_0.22_204	Singlet	pANN_0.25_0.22_204	0.352480417754569
CNP0000460_CTGCTGTAGATGCCTT-1_1_1_1	CNP0000460_P03T	CNP0000460	DF.classifications_0.25_0.22_204	Singlet	pANN_0.25_0.22_204	0.120757180156658
CNP0000460_CTGCTGTAGATGTGGC-1_1_1_1	CNP0000460_P03T	CNP0000460	DF.classifications_0.25_0.22_204	Singlet	pANN_0.25_0.22_204	0.0907310704960835
CNP0000460_CTGCTGTAGCGATTCT-1_1_1_1	CNP0000460_P03T	CNP0000460	DF.classifications_0.25_0.22_204	Singlet	pANN_0.25_0.22_204	0.107049608355091
CNP0000460_CTGCTGTCAAGCGCTC-1_1_1_1	CNP0000460_P03T	CNP0000460	DF.classifications_0.25_0.22_204	Singlet	pANN_0.25_0.22_204	0.234334203655352
CNP0000460_CTGCTGTCAAGCTGGA-1_1_1_1	CNP0000460_P03T	CNP0000460	DF.classifications_0.25_0.22_204	Singlet	pANN_0.25_0.22_204	0.122062663185379
CNP0000460_CTGCTGTCACGGATAG-1_1_1_1	CNP0000460_P03T	CNP0000460	DF.classifications_0.25_0.22_204	Singlet	pANN_0.25_0.22_204	0.284595300261097
CNP0000460_CTGCTGTCATGTTGAC-1_1_1_1	CNP0000460_P03T	CNP0000460	DF.classifications_0.25_0.22_204	Singlet	pANN_0.25_0.22_204	0.200391644908616
CNP0000460_CTGCTGTGTATAGGGC-1_1_1_1	CNP0000460_P03T	CNP0000460	DF.classifications_0.25_0.22_204	Singlet	pANN_0.25_0.22_204	0.0815926892950392
CNP0000460_CTGCTGTGTTACAGAA-1_1_1_1	CNP0000460_P03T	CNP0000460	DF.classifications_0.25_0.22_204	Singlet	pANN_0.25_0.22_204	0.356396866840731
CNP0000460_CTGCTGTTCGCAGGCT-1_1_1_1	CNP0000460_P03T	CNP0000460	DF.classifications_0.25_0.22_204	Singlet	pANN_0.25_0.22_204	0.0828981723237598
CNP0000460_CTGCTGTTCTAACGGT-1_1_1_1	CNP0000460_P03T	CNP0000460	DF.classifications_0.25_0.22_204	Singlet	pANN_0.25_0.22_204	0.0900783289817232
CNP0000460_CTGCTGTTCTCGATGA-1_1_1_1	CNP0000460_P03T	CNP0000460	DF.classifications_0.25_0.22_204	Singlet	pANN_0.25_0.22_204	0.0848563968668407
CNP0000460_CTGGTCTGTGACCAAG-1_1_1_1	CNP0000460_P03T	CNP0000460	DF.classifications_0.25_0.22_204	Singlet	pANN_0.25_0.22_204	0.259791122715405
CNP0000460_CTGGTCTGTGTTGAGG-1_1_1_1	CNP0000460_P03T	CNP0000460	DF.classifications_0.25_0.22_204	Singlet	pANN_0.25_0.22_204	0.106396866840731
CNP0000460_CTGGTCTTCAGCATGT-1_1_1_1	CNP0000460_P03T	CNP0000460	DF.classifications_0.25_0.22_204	Singlet	pANN_0.25_0.22_204	0.0998694516971279
CNP0000460_CTGGTCTTCTGATACG-1_1_1_1	CNP0000460_P03T	CNP0000460	DF.classifications_0.25_0.22_204	Singlet	pANN_0.25_0.22_204	0.140992167101828
CNP0000460_CTGGTCTTCTTTAGGG-1_1_1_1	CNP0000460_P03T	CNP0000460	DF.classifications_0.25_0.22_204	Singlet	pANN_0.25_0.22_204	0.0815926892950392
CNP0000460_CTGTGCTAGGGTATCG-1_1_1_1	CNP0000460_P03T	CNP0000460	DF.classifications_0.25_0.22_204	Singlet	pANN_0.25_0.22_204	0.356396866840731
CNP0000460_CTGTGCTAGTACGACG-1_1_1_1	CNP0000460_P03T	CNP0000460	DF.classifications_0.25_0.22_204	Singlet	pANN_0.25_0.22_204	0.184073107049608
CNP0000460_CTGTGCTCAGCTGTAT-1_1_1_1	CNP0000460_P03T	CNP0000460	DF.classifications_0.25_0.22_204	Singlet	pANN_0.25_0.22_204	0.0933420365535248
CNP0000460_CTGTGCTCAGGACGTA-1_1_1_1	CNP0000460_P03T	CNP0000460	DF.classifications_0.25_0.22_204	Singlet	pANN_0.25_0.22_204	0.105744125326371
CNP0000460_CTGTGCTCATGATCCA-1_1_1_1	CNP0000460_P03T	CNP0000460	DF.classifications_0.25_0.22_204	Singlet	pANN_0.25_0.22_204	0.282637075718016
CNP0000460_CTGTGCTCATTAGGCT-1_1_1_1	CNP0000460_P03T	CNP0000460	DF.classifications_0.25_0.22_204	Singlet	pANN_0.25_0.22_204	0.255874673629243
CNP0000460_CTGTGCTGTCTAAACC-1_1_1_1	CNP0000460_P03T	CNP0000460	DF.classifications_0.25_0.22_204	Singlet	pANN_0.25_0.22_204	0.113577023498695
CNP0000460_CTGTGCTTCAACACCA-1_1_1_1	CNP0000460_P03T	CNP0000460	DF.classifications_0.25_0.22_204	Singlet	pANN_0.25_0.22_204	0.321148825065274
CNP0000460_CTGTGCTTCAGCTTAG-1_1_1_1	CNP0000460_P03T	CNP0000460	DF.classifications_0.25_0.22_204	Singlet	pANN_0.25_0.22_204	0.358355091383812
CNP0000460_CTGTGCTTCATCATTC-1_1_1_1	CNP0000460_P03T	CNP0000460	DF.classifications_0.25_0.22_204	Singlet	pANN_0.25_0.22_204	0.191906005221932
CNP0000460_CTGTGCTTCCGTAGGC-1_1_1_1	CNP0000460_P03T	CNP0000460	DF.classifications_0.25_0.22_204	Singlet	pANN_0.25_0.22_204	0.357702349869452
CNP0000460_CTGTTTAAGATGAGAG-1_1_1_1	CNP0000460_P03T	CNP0000460	DF.classifications_0.25_0.22_204	Singlet	pANN_0.25_0.22_204	0.201044386422977
CNP0000460_CTGTTTAAGCCACCTG-1_1_1_1	CNP0000460_P03T	CNP0000460	DF.classifications_0.25_0.22_204	Singlet	pANN_0.25_0.22_204	0.283289817232376
CNP0000460_CTGTTTAAGTTAGCGG-1_1_1_1	CNP0000460_P03T	CNP0000460	DF.classifications_0.25_0.22_204	Singlet	pANN_0.25_0.22_204	0.101174934725849
CNP0000460_CTGTTTACACGCGAAA-1_1_1_1	CNP0000460_P03T	CNP0000460	DF.classifications_0.25_0.22_204	Singlet	pANN_0.25_0.22_204	0.119451697127937
CNP0000460_CTGTTTACAGGGTATG-1_1_1_1	CNP0000460_P03T	CNP0000460	DF.classifications_0.25_0.22_204	Singlet	pANN_0.25_0.22_204	0.188642297650131
CNP0000460_CTGTTTACAGTCAGCC-1_1_1_1	CNP0000460_P03T	CNP0000460	DF.classifications_0.25_0.22_204	Singlet	pANN_0.25_0.22_204	0.240861618798956
CNP0000460_CTGTTTACATCTGGTA-1_1_1_1	CNP0000460_P03T	CNP0000460	DF.classifications_0.25_0.22_204	Singlet	pANN_0.25_0.22_204	0.0907310704960835
CNP0000460_CTGTTTACATGACGGA-1_1_1_1	CNP0000460_P03T	CNP0000460	DF.classifications_0.25_0.22_204	Singlet	pANN_0.25_0.22_204	0.35443864229765
CNP0000460_CTGTTTAGTGTGAATA-1_1_1_1	CNP0000460_P03T	CNP0000460	DF.classifications_0.25_0.22_204	Singlet	pANN_0.25_0.22_204	0.18733681462141
CNP0000460_CTGTTTAGTGTGGTTT-1_1_1_1	CNP0000460_P03T	CNP0000460	DF.classifications_0.25_0.22_204	Singlet	pANN_0.25_0.22_204	0.355744125326371
CNP0000460_CTGTTTATCAGCACAT-1_1_1_1	CNP0000460_P03T	CNP0000460	DF.classifications_0.25_0.22_204	Singlet	pANN_0.25_0.22_204	0.122062663185379
CNP0000460_CTGTTTATCCAAACTG-1_1_1_1	CNP0000460_P03T	CNP0000460	DF.classifications_0.25_0.22_204	Singlet	pANN_0.25_0.22_204	0.35378590078329
CNP0000460_CTGTTTATCCTAAGTG-1_1_1_1	CNP0000460_P03T	CNP0000460	DF.classifications_0.25_0.22_204	Singlet	pANN_0.25_0.22_204	0.355744125326371
CNP0000460_CTGTTTATCGAGAACG-1_1_1_1	CNP0000460_P03T	CNP0000460	DF.classifications_0.25_0.22_204	Singlet	pANN_0.25_0.22_204	0.0809399477806789
CNP0000460_CTGTTTATCGTGTAGT-1_1_1_1	CNP0000460_P03T	CNP0000460	DF.classifications_0.25_0.22_204	Singlet	pANN_0.25_0.22_204	0.33355091383812
CNP0000460_CTGTTTATCTCCGGTT-1_1_1_1	CNP0000460_P03T	CNP0000460	DF.classifications_0.25_0.22_204	Singlet	pANN_0.25_0.22_204	0.101174934725849
CNP0000460_CTGTTTATCTGGTGTA-1_1_1_1	CNP0000460_P03T	CNP0000460	DF.classifications_0.25_0.22_204	Doublet	pANN_0.25_0.22_204	0.362924281984334
CNP0000460_CTTAACTAGACAAAGG-1_1_1_1	CNP0000460_P03T	CNP0000460	DF.classifications_0.25_0.22_204	Singlet	pANN_0.25_0.22_204	0.201697127937337
CNP0000460_CTTAACTAGTAGCCGA-1_1_1_1	CNP0000460_P03T	CNP0000460	DF.classifications_0.25_0.22_204	Singlet	pANN_0.25_0.22_204	0.117493472584856
CNP0000460_CTTAACTAGTGGTCCC-1_1_1_1	CNP0000460_P03T	CNP0000460	DF.classifications_0.25_0.22_204	Singlet	pANN_0.25_0.22_204	0.129895561357702
CNP0000460_CTTAACTCAAGCGATG-1_1_1_1	CNP0000460_P03T	CNP0000460	DF.classifications_0.25_0.22_204	Singlet	pANN_0.25_0.22_204	0.345953002610966
CNP0000460_CTTAACTCAATCCAAC-1_1_1_1	CNP0000460_P03T	CNP0000460	DF.classifications_0.25_0.22_204	Singlet	pANN_0.25_0.22_204	0.296344647519582
CNP0000460_CTTAACTCACCTATCC-1_1_1_1	CNP0000460_P03T	CNP0000460	DF.classifications_0.25_0.22_204	Singlet	pANN_0.25_0.22_204	0.135770234986945
CNP0000460_CTTAACTCAGTGAGTG-1_1_1_1	CNP0000460_P03T	CNP0000460	DF.classifications_0.25_0.22_204	Singlet	pANN_0.25_0.22_204	0.347911227154047
CNP0000460_CTTAACTCATTCTCAT-1_1_1_1	CNP0000460_P03T	CNP0000460	DF.classifications_0.25_0.22_204	Singlet	pANN_0.25_0.22_204	0.251958224543081
CNP0000460_CTTAACTGTAATTGGA-1_1_1_1	CNP0000460_P03T	CNP0000460	DF.classifications_0.25_0.22_204	Singlet	pANN_0.25_0.22_204	0.280026109660574
CNP0000460_CTTAACTGTAGTGAAT-1_1_1_1	CNP0000460_P03T	CNP0000460	DF.classifications_0.25_0.22_204	Singlet	pANN_0.25_0.22_204	0.253263707571802
CNP0000460_CTTAACTGTCAATACC-1_1_1_1	CNP0000460_P03T	CNP0000460	DF.classifications_0.25_0.22_204	Singlet	pANN_0.25_0.22_204	0.102480417754569
CNP0000460_CTTAACTGTCTTGATG-1_1_1_1	CNP0000460_P03T	CNP0000460	DF.classifications_0.25_0.22_204	Singlet	pANN_0.25_0.22_204	0.285248041775457
CNP0000460_CTTAACTTCATGCAAC-1_1_1_1	CNP0000460_P03T	CNP0000460	DF.classifications_0.25_0.22_204	Singlet	pANN_0.25_0.22_204	0.154699738903394
CNP0000460_CTTAACTTCCTTGGTC-1_1_1_1	CNP0000460_P03T	CNP0000460	DF.classifications_0.25_0.22_204	Singlet	pANN_0.25_0.22_204	0.116840731070496
CNP0000460_CTTAACTTCTGCAAGT-1_1_1_1	CNP0000460_P03T	CNP0000460	DF.classifications_0.25_0.22_204	Singlet	pANN_0.25_0.22_204	0.314621409921671
CNP0000460_CTTACCGAGAGTCGGT-1_1_1_1	CNP0000460_P03T	CNP0000460	DF.classifications_0.25_0.22_204	Singlet	pANN_0.25_0.22_204	0.293733681462141
CNP0000460_CTTACCGAGATAGCAT-1_1_1_1	CNP0000460_P03T	CNP0000460	DF.classifications_0.25_0.22_204	Singlet	pANN_0.25_0.22_204	0.120757180156658
CNP0000460_CTTACCGAGATGTTAG-1_1_1_1	CNP0000460_P03T	CNP0000460	DF.classifications_0.25_0.22_204	Singlet	pANN_0.25_0.22_204	0.0861618798955614
CNP0000460_CTTACCGAGATTACCC-1_1_1_1	CNP0000460_P03T	CNP0000460	DF.classifications_0.25_0.22_204	Singlet	pANN_0.25_0.22_204	0.110313315926893
CNP0000460_CTTACCGAGGCGATAC-1_1_1_1	CNP0000460_P03T	CNP0000460	DF.classifications_0.25_0.22_204	Singlet	pANN_0.25_0.22_204	0.10378590078329
CNP0000460_CTTACCGAGTGCTGCC-1_1_1_1	CNP0000460_P03T	CNP0000460	DF.classifications_0.25_0.22_204	Singlet	pANN_0.25_0.22_204	0.0972584856396867
CNP0000460_CTTACCGCACACCGAC-1_1_1_1	CNP0000460_P03T	CNP0000460	DF.classifications_0.25_0.22_204	Singlet	pANN_0.25_0.22_204	0.231723237597911
CNP0000460_CTTACCGCATCTACGA-1_1_1_1	CNP0000460_P03T	CNP0000460	DF.classifications_0.25_0.22_204	Singlet	pANN_0.25_0.22_204	0.289164490861619
CNP0000460_CTTACCGCATGGTCAT-1_1_1_1	CNP0000460_P03T	CNP0000460	DF.classifications_0.25_0.22_204	Singlet	pANN_0.25_0.22_204	0.298302872062663
CNP0000460_CTTACCGGTATCAGTC-1_1_1_1	CNP0000460_P03T	CNP0000460	DF.classifications_0.25_0.22_204	Singlet	pANN_0.25_0.22_204	0.351174934725849
CNP0000460_CTTACCGGTCTCAACA-1_1_1_1	CNP0000460_P03T	CNP0000460	DF.classifications_0.25_0.22_204	Singlet	pANN_0.25_0.22_204	0.097911227154047
CNP0000460_CTTACCGTCACGATGT-1_1_1_1	CNP0000460_P03T	CNP0000460	DF.classifications_0.25_0.22_204	Singlet	pANN_0.25_0.22_204	0.351827676240209
CNP0000460_CTTACCGTCAGAGGTG-1_1_1_1	CNP0000460_P03T	CNP0000460	DF.classifications_0.25_0.22_204	Singlet	pANN_0.25_0.22_204	0.121409921671018
CNP0000460_CTTAGGAAGAGTCTGG-1_1_1_1	CNP0000460_P03T	CNP0000460	DF.classifications_0.25_0.22_204	Singlet	pANN_0.25_0.22_204	0.221279373368146
CNP0000460_CTTAGGAAGCAGATCG-1_1_1_1	CNP0000460_P03T	CNP0000460	DF.classifications_0.25_0.22_204	Singlet	pANN_0.25_0.22_204	0.281331592689295
CNP0000460_CTTAGGACAAGGTTCT-1_1_1_1	CNP0000460_P03T	CNP0000460	DF.classifications_0.25_0.22_204	Singlet	pANN_0.25_0.22_204	0.0828981723237598
CNP0000460_CTTAGGACACGGCTAC-1_1_1_1	CNP0000460_P03T	CNP0000460	DF.classifications_0.25_0.22_204	Singlet	pANN_0.25_0.22_204	0.359660574412533
CNP0000460_CTTAGGACATTCGACA-1_1_1_1	CNP0000460_P03T	CNP0000460	DF.classifications_0.25_0.22_204	Singlet	pANN_0.25_0.22_204	0.202349869451697
CNP0000460_CTTAGGAGTTCTGGTA-1_1_1_1	CNP0000460_P03T	CNP0000460	DF.classifications_0.25_0.22_204	Singlet	pANN_0.25_0.22_204	0.120757180156658
CNP0000460_CTTAGGATCATGGTCA-1_1_1_1	CNP0000460_P03T	CNP0000460	DF.classifications_0.25_0.22_204	Singlet	pANN_0.25_0.22_204	0.101827676240209
CNP0000460_CTTAGGATCGACAGCC-1_1_1_1	CNP0000460_P03T	CNP0000460	DF.classifications_0.25_0.22_204	Doublet	pANN_0.25_0.22_204	0.378590078328982
CNP0000460_CTTCTCTAGGACATTA-1_1_1_1	CNP0000460_P03T	CNP0000460	DF.classifications_0.25_0.22_204	Singlet	pANN_0.25_0.22_204	0.359007832898172
CNP0000460_CTTCTCTCAATTCCTT-1_1_1_1	CNP0000460_P03T	CNP0000460	DF.classifications_0.25_0.22_204	Singlet	pANN_0.25_0.22_204	0.117493472584856
CNP0000460_CTTCTCTGTATCTGCA-1_1_1_1	CNP0000460_P03T	CNP0000460	DF.classifications_0.25_0.22_204	Singlet	pANN_0.25_0.22_204	0.35443864229765
CNP0000460_CTTCTCTGTTCCCTTG-1_1_1_1	CNP0000460_P03T	CNP0000460	DF.classifications_0.25_0.22_204	Singlet	pANN_0.25_0.22_204	0.106396866840731
CNP0000460_CTTCTCTTCAACTCTT-1_1_1_1	CNP0000460_P03T	CNP0000460	DF.classifications_0.25_0.22_204	Singlet	pANN_0.25_0.22_204	0.35443864229765
CNP0000460_CTTCTCTTCACTTACT-1_1_1_1	CNP0000460_P03T	CNP0000460	DF.classifications_0.25_0.22_204	Singlet	pANN_0.25_0.22_204	0.0802872062663185
CNP0000460_CTTCTCTTCCGTACAA-1_1_1_1	CNP0000460_P03T	CNP0000460	DF.classifications_0.25_0.22_204	Singlet	pANN_0.25_0.22_204	0.0894255874673629
CNP0000460_CTTCTCTTCTACCTGC-1_1_1_1	CNP0000460_P03T	CNP0000460	DF.classifications_0.25_0.22_204	Singlet	pANN_0.25_0.22_204	0.107049608355091
CNP0000460_CTTGGCTAGATACACA-1_1_1_1	CNP0000460_P03T	CNP0000460	DF.classifications_0.25_0.22_204	Singlet	pANN_0.25_0.22_204	0.349869451697128
CNP0000460_CTTGGCTCAAGAAAGG-1_1_1_1	CNP0000460_P03T	CNP0000460	DF.classifications_0.25_0.22_204	Singlet	pANN_0.25_0.22_204	0.110313315926893
CNP0000460_CTTGGCTCACCAGCAC-1_1_1_1	CNP0000460_P03T	CNP0000460	DF.classifications_0.25_0.22_204	Singlet	pANN_0.25_0.22_204	0.115535248041775
CNP0000460_CTTGGCTGTACAGTTC-1_1_1_1	CNP0000460_P03T	CNP0000460	DF.classifications_0.25_0.22_204	Doublet	pANN_0.25_0.22_204	0.361618798955614
CNP0000460_CTTGGCTGTGACAAAT-1_1_1_1	CNP0000460_P03T	CNP0000460	DF.classifications_0.25_0.22_204	Doublet	pANN_0.25_0.22_204	0.378590078328982
CNP0000460_CTTGGCTGTGCCTGCA-1_1_1_1	CNP0000460_P03T	CNP0000460	DF.classifications_0.25_0.22_204	Singlet	pANN_0.25_0.22_204	0.22976501305483
CNP0000460_CTTGGCTGTGTTTGTG-1_1_1_1	CNP0000460_P03T	CNP0000460	DF.classifications_0.25_0.22_204	Singlet	pANN_0.25_0.22_204	0.122715404699739
CNP0000460_CTTTGCGAGGTTCCTA-1_1_1_1	CNP0000460_P03T	CNP0000460	DF.classifications_0.25_0.22_204	Singlet	pANN_0.25_0.22_204	0.219973890339426
CNP0000460_CTTTGCGAGTATGACA-1_1_1_1	CNP0000460_P03T	CNP0000460	DF.classifications_0.25_0.22_204	Singlet	pANN_0.25_0.22_204	0.087467362924282
CNP0000460_CTTTGCGAGTATTGGA-1_1_1_1	CNP0000460_P03T	CNP0000460	DF.classifications_0.25_0.22_204	Singlet	pANN_0.25_0.22_204	0.0959530026109661
CNP0000460_CTTTGCGAGTGGAGAA-1_1_1_1	CNP0000460_P03T	CNP0000460	DF.classifications_0.25_0.22_204	Singlet	pANN_0.25_0.22_204	0.27023498694517
CNP0000460_CTTTGCGCAAATTGCC-1_1_1_1	CNP0000460_P03T	CNP0000460	DF.classifications_0.25_0.22_204	Singlet	pANN_0.25_0.22_204	0.204308093994778
CNP0000460_CTTTGCGCATGTTGAC-1_1_1_1	CNP0000460_P03T	CNP0000460	DF.classifications_0.25_0.22_204	Singlet	pANN_0.25_0.22_204	0.357049608355091
CNP0000460_CTTTGCGGTGTAAGTA-1_1_1_1	CNP0000460_P03T	CNP0000460	DF.classifications_0.25_0.22_204	Singlet	pANN_0.25_0.22_204	0.0992167101827676
CNP0000460_CTTTGCGTCACGACTA-1_1_1_1	CNP0000460_P03T	CNP0000460	DF.classifications_0.25_0.22_204	Singlet	pANN_0.25_0.22_204	0.0868146214099217
CNP0000460_CTTTGCGTCCGTAGTA-1_1_1_1	CNP0000460_P03T	CNP0000460	DF.classifications_0.25_0.22_204	Singlet	pANN_0.25_0.22_204	0.10313315926893
CNP0000460_CTTTGCGTCGGCTACG-1_1_1_1	CNP0000460_P03T	CNP0000460	DF.classifications_0.25_0.22_204	Singlet	pANN_0.25_0.22_204	0.283289817232376
CNP0000460_GAAACTCAGTAGGTGC-1_1_1_1	CNP0000460_P03T	CNP0000460	DF.classifications_0.25_0.22_204	Singlet	pANN_0.25_0.22_204	0.109660574412533
CNP0000460_GAAACTCAGTCGAGTG-1_1_1_1	CNP0000460_P03T	CNP0000460	DF.classifications_0.25_0.22_204	Singlet	pANN_0.25_0.22_204	0.257832898172324
CNP0000460_GAAACTCCACTTAACG-1_1_1_1	CNP0000460_P03T	CNP0000460	DF.classifications_0.25_0.22_204	Singlet	pANN_0.25_0.22_204	0.25
CNP0000460_GAAACTCCAGGAATGC-1_1_1_1	CNP0000460_P03T	CNP0000460	DF.classifications_0.25_0.22_204	Singlet	pANN_0.25_0.22_204	0.134464751958225
CNP0000460_GAAACTCCATAGACTC-1_1_1_1	CNP0000460_P03T	CNP0000460	DF.classifications_0.25_0.22_204	Singlet	pANN_0.25_0.22_204	0.35509138381201
CNP0000460_GAAACTCCATGTCGAT-1_1_1_1	CNP0000460_P03T	CNP0000460	DF.classifications_0.25_0.22_204	Singlet	pANN_0.25_0.22_204	0.35443864229765
CNP0000460_GAAACTCGTGTTCGAT-1_1_1_1	CNP0000460_P03T	CNP0000460	DF.classifications_0.25_0.22_204	Singlet	pANN_0.25_0.22_204	0.273498694516971
CNP0000460_GAAACTCGTTCATGGT-1_1_1_1	CNP0000460_P03T	CNP0000460	DF.classifications_0.25_0.22_204	Singlet	pANN_0.25_0.22_204	0.289817232375979
CNP0000460_GAAACTCGTTCCCTTG-1_1_1_1	CNP0000460_P03T	CNP0000460	DF.classifications_0.25_0.22_204	Singlet	pANN_0.25_0.22_204	0.248694516971279
CNP0000460_GAAACTCTCAAAGTAG-1_1_1_1	CNP0000460_P03T	CNP0000460	DF.classifications_0.25_0.22_204	Doublet	pANN_0.25_0.22_204	0.363577023498695
CNP0000460_GAAACTCTCACTATTC-1_1_1_1	CNP0000460_P03T	CNP0000460	DF.classifications_0.25_0.22_204	Doublet	pANN_0.25_0.22_204	0.363577023498695
CNP0000460_GAAACTCTCCTGCAGG-1_1_1_1	CNP0000460_P03T	CNP0000460	DF.classifications_0.25_0.22_204	Singlet	pANN_0.25_0.22_204	0.348563968668407
CNP0000460_GAAATGAAGAAGATTC-1_1_1_1	CNP0000460_P03T	CNP0000460	DF.classifications_0.25_0.22_204	Singlet	pANN_0.25_0.22_204	0.123368146214099
CNP0000460_GAAATGAAGTAACCCT-1_1_1_1	CNP0000460_P03T	CNP0000460	DF.classifications_0.25_0.22_204	Singlet	pANN_0.25_0.22_204	0.129242819843342
CNP0000460_GAAATGAAGTGCGATG-1_1_1_1	CNP0000460_P03T	CNP0000460	DF.classifications_0.25_0.22_204	Singlet	pANN_0.25_0.22_204	0.12402088772846
CNP0000460_GAAATGAAGTGTGAAT-1_1_1_1	CNP0000460_P03T	CNP0000460	DF.classifications_0.25_0.22_204	Singlet	pANN_0.25_0.22_204	0.109660574412533
CNP0000460_GAAATGACAAGTCATC-1_1_1_1	CNP0000460_P03T	CNP0000460	DF.classifications_0.25_0.22_204	Singlet	pANN_0.25_0.22_204	0.348563968668407
CNP0000460_GAAATGACACGTGAGA-1_1_1_1	CNP0000460_P03T	CNP0000460	DF.classifications_0.25_0.22_204	Singlet	pANN_0.25_0.22_204	0.169060052219321
CNP0000460_GAAATGACAGGACCCT-1_1_1_1	CNP0000460_P03T	CNP0000460	DF.classifications_0.25_0.22_204	Singlet	pANN_0.25_0.22_204	0.280678851174935
CNP0000460_GAAATGACATCTATGG-1_1_1_1	CNP0000460_P03T	CNP0000460	DF.classifications_0.25_0.22_204	Singlet	pANN_0.25_0.22_204	0.10313315926893
CNP0000460_GAAATGAGTCTAAACC-1_1_1_1	CNP0000460_P03T	CNP0000460	DF.classifications_0.25_0.22_204	Singlet	pANN_0.25_0.22_204	0.325065274151436
CNP0000460_GAAATGAGTCTGCAAT-1_1_1_1	CNP0000460_P03T	CNP0000460	DF.classifications_0.25_0.22_204	Singlet	pANN_0.25_0.22_204	0.339425587467363
CNP0000460_GAAATGAGTTATGTGC-1_1_1_1	CNP0000460_P03T	CNP0000460	DF.classifications_0.25_0.22_204	Singlet	pANN_0.25_0.22_204	0.355744125326371
CNP0000460_GAAATGATCAACGGGA-1_1_1_1	CNP0000460_P03T	CNP0000460	DF.classifications_0.25_0.22_204	Singlet	pANN_0.25_0.22_204	0.116187989556136
CNP0000460_GAAATGATCAGAGCTT-1_1_1_1	CNP0000460_P03T	CNP0000460	DF.classifications_0.25_0.22_204	Singlet	pANN_0.25_0.22_204	0.351174934725849
CNP0000460_GAAATGATCCGAGCCA-1_1_1_1	CNP0000460_P03T	CNP0000460	DF.classifications_0.25_0.22_204	Singlet	pANN_0.25_0.22_204	0.135117493472585
CNP0000460_GAAATGATCGATAGAA-1_1_1_1	CNP0000460_P03T	CNP0000460	DF.classifications_0.25_0.22_204	Singlet	pANN_0.25_0.22_204	0.0972584856396867
CNP0000460_GAAATGATCTAACTGG-1_1_1_1	CNP0000460_P03T	CNP0000460	DF.classifications_0.25_0.22_204	Singlet	pANN_0.25_0.22_204	0.138381201044386
CNP0000460_GAAATGATCTTCTGGC-1_1_1_1	CNP0000460_P03T	CNP0000460	DF.classifications_0.25_0.22_204	Singlet	pANN_0.25_0.22_204	0.293733681462141
CNP0000460_GAACATCAGACGCTTT-1_1_1_1	CNP0000460_P03T	CNP0000460	DF.classifications_0.25_0.22_204	Singlet	pANN_0.25_0.22_204	0.360313315926893
CNP0000460_GAACATCAGAGTTGGC-1_1_1_1	CNP0000460_P03T	CNP0000460	DF.classifications_0.25_0.22_204	Singlet	pANN_0.25_0.22_204	0.10509138381201
CNP0000460_GAACATCCAAGCGATG-1_1_1_1	CNP0000460_P03T	CNP0000460	DF.classifications_0.25_0.22_204	Singlet	pANN_0.25_0.22_204	0.275456919060052
CNP0000460_GAACATCCACTGTCGG-1_1_1_1	CNP0000460_P03T	CNP0000460	DF.classifications_0.25_0.22_204	Singlet	pANN_0.25_0.22_204	0.343342036553525
CNP0000460_GAACATCGTAGTACCT-1_1_1_1	CNP0000460_P03T	CNP0000460	DF.classifications_0.25_0.22_204	Doublet	pANN_0.25_0.22_204	0.362924281984334
CNP0000460_GAACATCGTCATATCG-1_1_1_1	CNP0000460_P03T	CNP0000460	DF.classifications_0.25_0.22_204	Singlet	pANN_0.25_0.22_204	0.289164490861619
CNP0000460_GAACATCGTTAGAACA-1_1_1_1	CNP0000460_P03T	CNP0000460	DF.classifications_0.25_0.22_204	Singlet	pANN_0.25_0.22_204	0.356396866840731
CNP0000460_GAACATCTCATCGATG-1_1_1_1	CNP0000460_P03T	CNP0000460	DF.classifications_0.25_0.22_204	Singlet	pANN_0.25_0.22_204	0.102480417754569
CNP0000460_GAACATCTCGCACTCT-1_1_1_1	CNP0000460_P03T	CNP0000460	DF.classifications_0.25_0.22_204	Singlet	pANN_0.25_0.22_204	0.139686684073107
CNP0000460_GAACATCTCGGAAATA-1_1_1_1	CNP0000460_P03T	CNP0000460	DF.classifications_0.25_0.22_204	Singlet	pANN_0.25_0.22_204	0.348563968668407
CNP0000460_GAACATCTCGGCATCG-1_1_1_1	CNP0000460_P03T	CNP0000460	DF.classifications_0.25_0.22_204	Singlet	pANN_0.25_0.22_204	0.114882506527415
CNP0000460_GAACATCTCGTACCGG-1_1_1_1	CNP0000460_P03T	CNP0000460	DF.classifications_0.25_0.22_204	Singlet	pANN_0.25_0.22_204	0.0953002610966057
CNP0000460_GAACATCTCGTCTGAA-1_1_1_1	CNP0000460_P03T	CNP0000460	DF.classifications_0.25_0.22_204	Singlet	pANN_0.25_0.22_204	0.142297650130548
CNP0000460_GAACCTAAGAGACTAT-1_1_1_1	CNP0000460_P03T	CNP0000460	DF.classifications_0.25_0.22_204	Singlet	pANN_0.25_0.22_204	0.35313315926893
CNP0000460_GAACCTAAGCAGCCTC-1_1_1_1	CNP0000460_P03T	CNP0000460	DF.classifications_0.25_0.22_204	Singlet	pANN_0.25_0.22_204	0.0966057441253264
CNP0000460_GAACCTAAGCGTGAAC-1_1_1_1	CNP0000460_P03T	CNP0000460	DF.classifications_0.25_0.22_204	Doublet	pANN_0.25_0.22_204	0.37597911227154
CNP0000460_GAACCTACAACGATCT-1_1_1_1	CNP0000460_P03T	CNP0000460	DF.classifications_0.25_0.22_204	Singlet	pANN_0.25_0.22_204	0.10313315926893
CNP0000460_GAACCTACACTATCTT-1_1_1_1	CNP0000460_P03T	CNP0000460	DF.classifications_0.25_0.22_204	Singlet	pANN_0.25_0.22_204	0.0998694516971279
CNP0000460_GAACCTACAGGTGCCT-1_1_1_1	CNP0000460_P03T	CNP0000460	DF.classifications_0.25_0.22_204	Singlet	pANN_0.25_0.22_204	0.218668407310705
CNP0000460_GAACCTACATGCATGT-1_1_1_1	CNP0000460_P03T	CNP0000460	DF.classifications_0.25_0.22_204	Singlet	pANN_0.25_0.22_204	0.280026109660574
CNP0000460_GAACCTATCAGTCAGT-1_1_1_1	CNP0000460_P03T	CNP0000460	DF.classifications_0.25_0.22_204	Singlet	pANN_0.25_0.22_204	0.269582245430809
CNP0000460_GAACCTATCCTTGCCA-1_1_1_1	CNP0000460_P03T	CNP0000460	DF.classifications_0.25_0.22_204	Singlet	pANN_0.25_0.22_204	0.191906005221932
CNP0000460_GAACGGAAGCGTTCCG-1_1_1_1	CNP0000460_P03T	CNP0000460	DF.classifications_0.25_0.22_204	Singlet	pANN_0.25_0.22_204	0.0985639686684073
CNP0000460_GAACGGAAGCTAGCCC-1_1_1_1	CNP0000460_P03T	CNP0000460	DF.classifications_0.25_0.22_204	Singlet	pANN_0.25_0.22_204	0.10378590078329
CNP0000460_GAACGGACACCAGGTC-1_1_1_1	CNP0000460_P03T	CNP0000460	DF.classifications_0.25_0.22_204	Singlet	pANN_0.25_0.22_204	0.10509138381201
CNP0000460_GAACGGACAGCATGAG-1_1_1_1	CNP0000460_P03T	CNP0000460	DF.classifications_0.25_0.22_204	Singlet	pANN_0.25_0.22_204	0.359007832898172
CNP0000460_GAACGGATCAGTACGT-1_1_1_1	CNP0000460_P03T	CNP0000460	DF.classifications_0.25_0.22_204	Singlet	pANN_0.25_0.22_204	0.109007832898172
CNP0000460_GAAGCAGAGCCAGTAG-1_1_1_1	CNP0000460_P03T	CNP0000460	DF.classifications_0.25_0.22_204	Singlet	pANN_0.25_0.22_204	0.0789817232375979
CNP0000460_GAAGCAGCAATGCCAT-1_1_1_1	CNP0000460_P03T	CNP0000460	DF.classifications_0.25_0.22_204	Singlet	pANN_0.25_0.22_204	0.121409921671018
CNP0000460_GAAGCAGCATGGTCAT-1_1_1_1	CNP0000460_P03T	CNP0000460	DF.classifications_0.25_0.22_204	Singlet	pANN_0.25_0.22_204	0.352480417754569
CNP0000460_GAAGCAGGTCCCTTGT-1_1_1_1	CNP0000460_P03T	CNP0000460	DF.classifications_0.25_0.22_204	Singlet	pANN_0.25_0.22_204	0.278720626631854
CNP0000460_GAAGCAGGTCTGCAAT-1_1_1_1	CNP0000460_P03T	CNP0000460	DF.classifications_0.25_0.22_204	Singlet	pANN_0.25_0.22_204	0.077023498694517
CNP0000460_GAAGCAGGTTGTGGCC-1_1_1_1	CNP0000460_P03T	CNP0000460	DF.classifications_0.25_0.22_204	Singlet	pANN_0.25_0.22_204	0.348563968668407
CNP0000460_GAAGCAGTCGCACTCT-1_1_1_1	CNP0000460_P03T	CNP0000460	DF.classifications_0.25_0.22_204	Singlet	pANN_0.25_0.22_204	0.352480417754569
CNP0000460_GAAGCAGTCTGTCTCG-1_1_1_1	CNP0000460_P03T	CNP0000460	DF.classifications_0.25_0.22_204	Singlet	pANN_0.25_0.22_204	0.117493472584856
CNP0000460_GAATAAGAGGTACTCT-1_1_1_1	CNP0000460_P03T	CNP0000460	DF.classifications_0.25_0.22_204	Singlet	pANN_0.25_0.22_204	0.263054830287206
CNP0000460_GAATAAGCAAGTAGTA-1_1_1_1	CNP0000460_P03T	CNP0000460	DF.classifications_0.25_0.22_204	Singlet	pANN_0.25_0.22_204	0.349869451697128
CNP0000460_GAATAAGCAGACGCCT-1_1_1_1	CNP0000460_P03T	CNP0000460	DF.classifications_0.25_0.22_204	Singlet	pANN_0.25_0.22_204	0.10509138381201
CNP0000460_GAATAAGGTCTCCCTA-1_1_1_1	CNP0000460_P03T	CNP0000460	DF.classifications_0.25_0.22_204	Singlet	pANN_0.25_0.22_204	0.131853785900783
CNP0000460_GAATAAGGTCTCGTTC-1_1_1_1	CNP0000460_P03T	CNP0000460	DF.classifications_0.25_0.22_204	Singlet	pANN_0.25_0.22_204	0.284595300261097
CNP0000460_GAATAAGTCAACACTG-1_1_1_1	CNP0000460_P03T	CNP0000460	DF.classifications_0.25_0.22_204	Singlet	pANN_0.25_0.22_204	0.10443864229765
CNP0000460_GAATAAGTCGACGGAA-1_1_1_1	CNP0000460_P03T	CNP0000460	DF.classifications_0.25_0.22_204	Singlet	pANN_0.25_0.22_204	0.351174934725849
CNP0000460_GAATAAGTCTAGCACA-1_1_1_1	CNP0000460_P03T	CNP0000460	DF.classifications_0.25_0.22_204	Doublet	pANN_0.25_0.22_204	0.360966057441253
CNP0000460_GAATGAAAGAACTGTA-1_1_1_1	CNP0000460_P03T	CNP0000460	DF.classifications_0.25_0.22_204	Singlet	pANN_0.25_0.22_204	0.357049608355091
CNP0000460_GAATGAAAGACCTTTG-1_1_1_1	CNP0000460_P03T	CNP0000460	DF.classifications_0.25_0.22_204	Singlet	pANN_0.25_0.22_204	0.0939947780678851
CNP0000460_GAATGAAAGCGTGAGT-1_1_1_1	CNP0000460_P03T	CNP0000460	DF.classifications_0.25_0.22_204	Singlet	pANN_0.25_0.22_204	0.137728459530026
CNP0000460_GAATGAACAATGAATG-1_1_1_1	CNP0000460_P03T	CNP0000460	DF.classifications_0.25_0.22_204	Singlet	pANN_0.25_0.22_204	0.0828981723237598
CNP0000460_GAATGAACACCCAGTG-1_1_1_1	CNP0000460_P03T	CNP0000460	DF.classifications_0.25_0.22_204	Singlet	pANN_0.25_0.22_204	0.0985639686684073
CNP0000460_GAATGAACACCGATAT-1_1_1_1	CNP0000460_P03T	CNP0000460	DF.classifications_0.25_0.22_204	Singlet	pANN_0.25_0.22_204	0.212793733681462
CNP0000460_GAATGAACACTAAGTC-1_1_1_1	CNP0000460_P03T	CNP0000460	DF.classifications_0.25_0.22_204	Singlet	pANN_0.25_0.22_204	0.356396866840731
CNP0000460_GAATGAACAGCGTCCA-1_1_1_1	CNP0000460_P03T	CNP0000460	DF.classifications_0.25_0.22_204	Singlet	pANN_0.25_0.22_204	0.105744125326371
CNP0000460_GAATGAACAGGTCCAC-1_1_1_1	CNP0000460_P03T	CNP0000460	DF.classifications_0.25_0.22_204	Singlet	pANN_0.25_0.22_204	0.189295039164491
CNP0000460_GAATGAACATATGGTC-1_1_1_1	CNP0000460_P03T	CNP0000460	DF.classifications_0.25_0.22_204	Singlet	pANN_0.25_0.22_204	0.238250652741514
CNP0000460_GAATGAACATCAGTCA-1_1_1_1	CNP0000460_P03T	CNP0000460	DF.classifications_0.25_0.22_204	Singlet	pANN_0.25_0.22_204	0.106396866840731
CNP0000460_GAATGAACATTCGACA-1_1_1_1	CNP0000460_P03T	CNP0000460	DF.classifications_0.25_0.22_204	Singlet	pANN_0.25_0.22_204	0.35443864229765
CNP0000460_GAATGAAGTACCTACA-1_1_1_1	CNP0000460_P03T	CNP0000460	DF.classifications_0.25_0.22_204	Singlet	pANN_0.25_0.22_204	0.118798955613577
CNP0000460_GAATGAAGTATTAGCC-1_1_1_1	CNP0000460_P03T	CNP0000460	DF.classifications_0.25_0.22_204	Singlet	pANN_0.25_0.22_204	0.10313315926893
CNP0000460_GAATGAAGTCGGGTCT-1_1_1_1	CNP0000460_P03T	CNP0000460	DF.classifications_0.25_0.22_204	Singlet	pANN_0.25_0.22_204	0.172323759791123
CNP0000460_GAATGAATCCCAAGAT-1_1_1_1	CNP0000460_P03T	CNP0000460	DF.classifications_0.25_0.22_204	Singlet	pANN_0.25_0.22_204	0.0953002610966057
CNP0000460_GAATGAATCTTGCCGT-1_1_1_1	CNP0000460_P03T	CNP0000460	DF.classifications_0.25_0.22_204	Singlet	pANN_0.25_0.22_204	0.10443864229765
CNP0000460_GACACGCAGACTAAGT-1_1_1_1	CNP0000460_P03T	CNP0000460	DF.classifications_0.25_0.22_204	Singlet	pANN_0.25_0.22_204	0.0959530026109661
CNP0000460_GACACGCAGATAGCAT-1_1_1_1	CNP0000460_P03T	CNP0000460	DF.classifications_0.25_0.22_204	Singlet	pANN_0.25_0.22_204	0.0731070496083551
CNP0000460_GACACGCAGGAGTACC-1_1_1_1	CNP0000460_P03T	CNP0000460	DF.classifications_0.25_0.22_204	Singlet	pANN_0.25_0.22_204	0.174281984334204
CNP0000460_GACACGCAGGCTAGCA-1_1_1_1	CNP0000460_P03T	CNP0000460	DF.classifications_0.25_0.22_204	Singlet	pANN_0.25_0.22_204	0.172323759791123
CNP0000460_GACACGCAGTGAACGC-1_1_1_1	CNP0000460_P03T	CNP0000460	DF.classifications_0.25_0.22_204	Singlet	pANN_0.25_0.22_204	0.359007832898172
CNP0000460_GACACGCGTGACCAAG-1_1_1_1	CNP0000460_P03T	CNP0000460	DF.classifications_0.25_0.22_204	Doublet	pANN_0.25_0.22_204	0.362924281984334
CNP0000460_GACACGCGTTATGTGC-1_1_1_1	CNP0000460_P03T	CNP0000460	DF.classifications_0.25_0.22_204	Singlet	pANN_0.25_0.22_204	0.10378590078329
CNP0000460_GACACGCTCAACACAC-1_1_1_1	CNP0000460_P03T	CNP0000460	DF.classifications_0.25_0.22_204	Singlet	pANN_0.25_0.22_204	0.351827676240209
CNP0000460_GACACGCTCAATCACG-1_1_1_1	CNP0000460_P03T	CNP0000460	DF.classifications_0.25_0.22_204	Singlet	pANN_0.25_0.22_204	0.286553524804178
CNP0000460_GACACGCTCACTGGGC-1_1_1_1	CNP0000460_P03T	CNP0000460	DF.classifications_0.25_0.22_204	Singlet	pANN_0.25_0.22_204	0.10378590078329
CNP0000460_GACACGCTCCGTTGCT-1_1_1_1	CNP0000460_P03T	CNP0000460	DF.classifications_0.25_0.22_204	Singlet	pANN_0.25_0.22_204	0.075065274151436
CNP0000460_GACACGCTCTACTATC-1_1_1_1	CNP0000460_P03T	CNP0000460	DF.classifications_0.25_0.22_204	Singlet	pANN_0.25_0.22_204	0.184073107049608
CNP0000460_GACAGAGAGTTCGCGC-1_1_1_1	CNP0000460_P03T	CNP0000460	DF.classifications_0.25_0.22_204	Singlet	pANN_0.25_0.22_204	0.114882506527415
CNP0000460_GACAGAGCACAGGAGT-1_1_1_1	CNP0000460_P03T	CNP0000460	DF.classifications_0.25_0.22_204	Singlet	pANN_0.25_0.22_204	0.35313315926893
CNP0000460_GACAGAGCACGGTAAG-1_1_1_1	CNP0000460_P03T	CNP0000460	DF.classifications_0.25_0.22_204	Singlet	pANN_0.25_0.22_204	0.282637075718016
CNP0000460_GACAGAGGTCATACTG-1_1_1_1	CNP0000460_P03T	CNP0000460	DF.classifications_0.25_0.22_204	Singlet	pANN_0.25_0.22_204	0.127284595300261
CNP0000460_GACAGAGGTGCAACGA-1_1_1_1	CNP0000460_P03T	CNP0000460	DF.classifications_0.25_0.22_204	Singlet	pANN_0.25_0.22_204	0.266318537859008
CNP0000460_GACAGAGTCATAAAGG-1_1_1_1	CNP0000460_P03T	CNP0000460	DF.classifications_0.25_0.22_204	Singlet	pANN_0.25_0.22_204	0.35509138381201
CNP0000460_GACCAATAGAGTACAT-1_1_1_1	CNP0000460_P03T	CNP0000460	DF.classifications_0.25_0.22_204	Singlet	pANN_0.25_0.22_204	0.261096605744125
CNP0000460_GACCAATAGCTACCTA-1_1_1_1	CNP0000460_P03T	CNP0000460	DF.classifications_0.25_0.22_204	Singlet	pANN_0.25_0.22_204	0.0737597911227154
CNP0000460_GACCAATAGGAGCGAG-1_1_1_1	CNP0000460_P03T	CNP0000460	DF.classifications_0.25_0.22_204	Singlet	pANN_0.25_0.22_204	0.283942558746736
CNP0000460_GACCAATAGGGCTTGA-1_1_1_1	CNP0000460_P03T	CNP0000460	DF.classifications_0.25_0.22_204	Singlet	pANN_0.25_0.22_204	0.0900783289817232
CNP0000460_GACCAATAGGGTTTCT-1_1_1_1	CNP0000460_P03T	CNP0000460	DF.classifications_0.25_0.22_204	Singlet	pANN_0.25_0.22_204	0.0966057441253264
CNP0000460_GACCAATAGTATCGAA-1_1_1_1	CNP0000460_P03T	CNP0000460	DF.classifications_0.25_0.22_204	Singlet	pANN_0.25_0.22_204	0.16579634464752
CNP0000460_GACCAATCACTCAGGC-1_1_1_1	CNP0000460_P03T	CNP0000460	DF.classifications_0.25_0.22_204	Singlet	pANN_0.25_0.22_204	0.140339425587467
CNP0000460_GACCAATCAGCTGCTG-1_1_1_1	CNP0000460_P03T	CNP0000460	DF.classifications_0.25_0.22_204	Singlet	pANN_0.25_0.22_204	0.0933420365535248
CNP0000460_GACCAATTCAACGGGA-1_1_1_1	CNP0000460_P03T	CNP0000460	DF.classifications_0.25_0.22_204	Singlet	pANN_0.25_0.22_204	0.107049608355091
CNP0000460_GACCAATTCTCGAGTA-1_1_1_1	CNP0000460_P03T	CNP0000460	DF.classifications_0.25_0.22_204	Singlet	pANN_0.25_0.22_204	0.35509138381201
CNP0000460_GACCAATTCTGCTGTC-1_1_1_1	CNP0000460_P03T	CNP0000460	DF.classifications_0.25_0.22_204	Singlet	pANN_0.25_0.22_204	0.342689295039165
CNP0000460_GACCAATTCTTAACCT-1_1_1_1	CNP0000460_P03T	CNP0000460	DF.classifications_0.25_0.22_204	Singlet	pANN_0.25_0.22_204	0.302219321148825
CNP0000460_GACCTGGAGATGGCGT-1_1_1_1	CNP0000460_P03T	CNP0000460	DF.classifications_0.25_0.22_204	Singlet	pANN_0.25_0.22_204	0.132506527415144
CNP0000460_GACCTGGAGCCACGTC-1_1_1_1	CNP0000460_P03T	CNP0000460	DF.classifications_0.25_0.22_204	Singlet	pANN_0.25_0.22_204	0.345953002610966
CNP0000460_GACCTGGGTGTATGGG-1_1_1_1	CNP0000460_P03T	CNP0000460	DF.classifications_0.25_0.22_204	Singlet	pANN_0.25_0.22_204	0.277415143603133
CNP0000460_GACCTGGGTGTCAATC-1_1_1_1	CNP0000460_P03T	CNP0000460	DF.classifications_0.25_0.22_204	Singlet	pANN_0.25_0.22_204	0.344647519582245
CNP0000460_GACCTGGTCTATCCCG-1_1_1_1	CNP0000460_P03T	CNP0000460	DF.classifications_0.25_0.22_204	Singlet	pANN_0.25_0.22_204	0.085509138381201
CNP0000460_GACCTGGTCTCTGAGA-1_1_1_1	CNP0000460_P03T	CNP0000460	DF.classifications_0.25_0.22_204	Singlet	pANN_0.25_0.22_204	0.14490861618799
CNP0000460_GACGCGTAGCTAACAA-1_1_1_1	CNP0000460_P03T	CNP0000460	DF.classifications_0.25_0.22_204	Singlet	pANN_0.25_0.22_204	0.244778067885117
CNP0000460_GACGCGTAGTCCATAC-1_1_1_1	CNP0000460_P03T	CNP0000460	DF.classifications_0.25_0.22_204	Singlet	pANN_0.25_0.22_204	0.358355091383812
CNP0000460_GACGCGTCACACTGCG-1_1_1_1	CNP0000460_P03T	CNP0000460	DF.classifications_0.25_0.22_204	Singlet	pANN_0.25_0.22_204	0.101827676240209
CNP0000460_GACGCGTCATAAGACA-1_1_1_1	CNP0000460_P03T	CNP0000460	DF.classifications_0.25_0.22_204	Singlet	pANN_0.25_0.22_204	0.107049608355091
CNP0000460_GACGCGTTCGGACAAG-1_1_1_1	CNP0000460_P03T	CNP0000460	DF.classifications_0.25_0.22_204	Singlet	pANN_0.25_0.22_204	0.107702349869452
CNP0000460_GACGGCTAGAGTCGGT-1_1_1_1	CNP0000460_P03T	CNP0000460	DF.classifications_0.25_0.22_204	Singlet	pANN_0.25_0.22_204	0.0926892950391645
CNP0000460_GACGGCTAGCGATATA-1_1_1_1	CNP0000460_P03T	CNP0000460	DF.classifications_0.25_0.22_204	Singlet	pANN_0.25_0.22_204	0.114229765013055
CNP0000460_GACGGCTAGGCGTACA-1_1_1_1	CNP0000460_P03T	CNP0000460	DF.classifications_0.25_0.22_204	Singlet	pANN_0.25_0.22_204	0.101827676240209
CNP0000460_GACGGCTAGTCGAGTG-1_1_1_1	CNP0000460_P03T	CNP0000460	DF.classifications_0.25_0.22_204	Singlet	pANN_0.25_0.22_204	0.0913838120104439
CNP0000460_GACGGCTCACCAGATT-1_1_1_1	CNP0000460_P03T	CNP0000460	DF.classifications_0.25_0.22_204	Singlet	pANN_0.25_0.22_204	0.110966057441253
CNP0000460_GACGGCTCACGTTGGC-1_1_1_1	CNP0000460_P03T	CNP0000460	DF.classifications_0.25_0.22_204	Singlet	pANN_0.25_0.22_204	0.0992167101827676
CNP0000460_GACGGCTGTTTAGGAA-1_1_1_1	CNP0000460_P03T	CNP0000460	DF.classifications_0.25_0.22_204	Singlet	pANN_0.25_0.22_204	0.235639686684073
CNP0000460_GACGGCTGTTTCGCTC-1_1_1_1	CNP0000460_P03T	CNP0000460	DF.classifications_0.25_0.22_204	Singlet	pANN_0.25_0.22_204	0.140339425587467
CNP0000460_GACGGCTTCACATAGC-1_1_1_1	CNP0000460_P03T	CNP0000460	DF.classifications_0.25_0.22_204	Singlet	pANN_0.25_0.22_204	0.218668407310705
CNP0000460_GACGGCTTCATAACCG-1_1_1_1	CNP0000460_P03T	CNP0000460	DF.classifications_0.25_0.22_204	Singlet	pANN_0.25_0.22_204	0.12402088772846
CNP0000460_GACGGCTTCCTAAGTG-1_1_1_1	CNP0000460_P03T	CNP0000460	DF.classifications_0.25_0.22_204	Singlet	pANN_0.25_0.22_204	0.0796344647519582
CNP0000460_GACGTGCAGGTGGGTT-1_1_1_1	CNP0000460_P03T	CNP0000460	DF.classifications_0.25_0.22_204	Singlet	pANN_0.25_0.22_204	0.171018276762402
CNP0000460_GACGTGCCAACTGCGC-1_1_1_1	CNP0000460_P03T	CNP0000460	DF.classifications_0.25_0.22_204	Doublet	pANN_0.25_0.22_204	0.361618798955614
CNP0000460_GACGTGCCAATGTTGC-1_1_1_1	CNP0000460_P03T	CNP0000460	DF.classifications_0.25_0.22_204	Singlet	pANN_0.25_0.22_204	0.106396866840731
CNP0000460_GACGTGCCATGCATGT-1_1_1_1	CNP0000460_P03T	CNP0000460	DF.classifications_0.25_0.22_204	Singlet	pANN_0.25_0.22_204	0.087467362924282
CNP0000460_GACGTGCGTGCAACGA-1_1_1_1	CNP0000460_P03T	CNP0000460	DF.classifications_0.25_0.22_204	Singlet	pANN_0.25_0.22_204	0.284595300261097
CNP0000460_GACGTGCGTGGACGAT-1_1_1_1	CNP0000460_P03T	CNP0000460	DF.classifications_0.25_0.22_204	Singlet	pANN_0.25_0.22_204	0.12597911227154
CNP0000460_GACGTGCGTTCGTTGA-1_1_1_1	CNP0000460_P03T	CNP0000460	DF.classifications_0.25_0.22_204	Singlet	pANN_0.25_0.22_204	0.356396866840731
CNP0000460_GACGTGCTCACATACG-1_1_1_1	CNP0000460_P03T	CNP0000460	DF.classifications_0.25_0.22_204	Singlet	pANN_0.25_0.22_204	0.10378590078329
CNP0000460_GACGTGCTCACCAGGC-1_1_1_1	CNP0000460_P03T	CNP0000460	DF.classifications_0.25_0.22_204	Singlet	pANN_0.25_0.22_204	0.156657963446475
CNP0000460_GACGTGCTCTGCGACG-1_1_1_1	CNP0000460_P03T	CNP0000460	DF.classifications_0.25_0.22_204	Singlet	pANN_0.25_0.22_204	0.0953002610966057
CNP0000460_GACGTTAAGCGTTCCG-1_1_1_1	CNP0000460_P03T	CNP0000460	DF.classifications_0.25_0.22_204	Singlet	pANN_0.25_0.22_204	0.194516971279373
CNP0000460_GACGTTAAGGCCCGTT-1_1_1_1	CNP0000460_P03T	CNP0000460	DF.classifications_0.25_0.22_204	Singlet	pANN_0.25_0.22_204	0.265013054830287
CNP0000460_GACGTTAAGTAACCCT-1_1_1_1	CNP0000460_P03T	CNP0000460	DF.classifications_0.25_0.22_204	Singlet	pANN_0.25_0.22_204	0.244125326370757
CNP0000460_GACGTTAAGTAGTGCG-1_1_1_1	CNP0000460_P03T	CNP0000460	DF.classifications_0.25_0.22_204	Singlet	pANN_0.25_0.22_204	0.238903394255875
CNP0000460_GACGTTAAGTTCCACA-1_1_1_1	CNP0000460_P03T	CNP0000460	DF.classifications_0.25_0.22_204	Singlet	pANN_0.25_0.22_204	0.168407310704961
CNP0000460_GACGTTACACCACGTG-1_1_1_1	CNP0000460_P03T	CNP0000460	DF.classifications_0.25_0.22_204	Singlet	pANN_0.25_0.22_204	0.158616187989556
CNP0000460_GACGTTACATGCATGT-1_1_1_1	CNP0000460_P03T	CNP0000460	DF.classifications_0.25_0.22_204	Singlet	pANN_0.25_0.22_204	0.359660574412533
CNP0000460_GACGTTACATTTGCCC-1_1_1_1	CNP0000460_P03T	CNP0000460	DF.classifications_0.25_0.22_204	Singlet	pANN_0.25_0.22_204	0.10443864229765
CNP0000460_GACGTTAGTCTTGCGG-1_1_1_1	CNP0000460_P03T	CNP0000460	DF.classifications_0.25_0.22_204	Singlet	pANN_0.25_0.22_204	0.142950391644909
CNP0000460_GACGTTAGTGTTAAGA-1_1_1_1	CNP0000460_P03T	CNP0000460	DF.classifications_0.25_0.22_204	Singlet	pANN_0.25_0.22_204	0.281331592689295
CNP0000460_GACGTTATCATTTGGG-1_1_1_1	CNP0000460_P03T	CNP0000460	DF.classifications_0.25_0.22_204	Singlet	pANN_0.25_0.22_204	0.351174934725849
CNP0000460_GACGTTATCTGCGGCA-1_1_1_1	CNP0000460_P03T	CNP0000460	DF.classifications_0.25_0.22_204	Singlet	pANN_0.25_0.22_204	0.111618798955614
CNP0000460_GACTAACAGAGGTACC-1_1_1_1	CNP0000460_P03T	CNP0000460	DF.classifications_0.25_0.22_204	Singlet	pANN_0.25_0.22_204	0.116840731070496
CNP0000460_GACTAACAGGTGATAT-1_1_1_1	CNP0000460_P03T	CNP0000460	DF.classifications_0.25_0.22_204	Singlet	pANN_0.25_0.22_204	0.140992167101828
CNP0000460_GACTAACCAATGTAAG-1_1_1_1	CNP0000460_P03T	CNP0000460	DF.classifications_0.25_0.22_204	Singlet	pANN_0.25_0.22_204	0.272845953002611
CNP0000460_GACTAACCAGCTTCGG-1_1_1_1	CNP0000460_P03T	CNP0000460	DF.classifications_0.25_0.22_204	Singlet	pANN_0.25_0.22_204	0.0946475195822454
CNP0000460_GACTAACCATAAAGGT-1_1_1_1	CNP0000460_P03T	CNP0000460	DF.classifications_0.25_0.22_204	Singlet	pANN_0.25_0.22_204	0.0966057441253264
CNP0000460_GACTAACCATATGCTG-1_1_1_1	CNP0000460_P03T	CNP0000460	DF.classifications_0.25_0.22_204	Singlet	pANN_0.25_0.22_204	0.356396866840731
CNP0000460_GACTAACCATCTGGTA-1_1_1_1	CNP0000460_P03T	CNP0000460	DF.classifications_0.25_0.22_204	Singlet	pANN_0.25_0.22_204	0.0992167101827676
CNP0000460_GACTAACCATTTCAGG-1_1_1_1	CNP0000460_P03T	CNP0000460	DF.classifications_0.25_0.22_204	Singlet	pANN_0.25_0.22_204	0.355744125326371
CNP0000460_GACTAACGTCCAGTTA-1_1_1_1	CNP0000460_P03T	CNP0000460	DF.classifications_0.25_0.22_204	Singlet	pANN_0.25_0.22_204	0.355744125326371
CNP0000460_GACTAACGTGCGGTAA-1_1_1_1	CNP0000460_P03T	CNP0000460	DF.classifications_0.25_0.22_204	Singlet	pANN_0.25_0.22_204	0.10509138381201
CNP0000460_GACTAACGTGTTGAGG-1_1_1_1	CNP0000460_P03T	CNP0000460	DF.classifications_0.25_0.22_204	Singlet	pANN_0.25_0.22_204	0.101827676240209
CNP0000460_GACTAACGTTACGCGC-1_1_1_1	CNP0000460_P03T	CNP0000460	DF.classifications_0.25_0.22_204	Singlet	pANN_0.25_0.22_204	0.148825065274151
CNP0000460_GACTAACGTTACTGAC-1_1_1_1	CNP0000460_P03T	CNP0000460	DF.classifications_0.25_0.22_204	Singlet	pANN_0.25_0.22_204	0.276109660574413
CNP0000460_GACTAACTCTATCGCC-1_1_1_1	CNP0000460_P03T	CNP0000460	DF.classifications_0.25_0.22_204	Singlet	pANN_0.25_0.22_204	0.129895561357702
CNP0000460_GACTAACTCTGATACG-1_1_1_1	CNP0000460_P03T	CNP0000460	DF.classifications_0.25_0.22_204	Singlet	pANN_0.25_0.22_204	0.275456919060052
CNP0000460_GACTACAAGACCTAGG-1_1_1_1	CNP0000460_P03T	CNP0000460	DF.classifications_0.25_0.22_204	Singlet	pANN_0.25_0.22_204	0.134464751958225
CNP0000460_GACTACAAGAGTACAT-1_1_1_1	CNP0000460_P03T	CNP0000460	DF.classifications_0.25_0.22_204	Singlet	pANN_0.25_0.22_204	0.356396866840731
CNP0000460_GACTACACAAGCGTAG-1_1_1_1	CNP0000460_P03T	CNP0000460	DF.classifications_0.25_0.22_204	Singlet	pANN_0.25_0.22_204	0.112924281984334
CNP0000460_GACTACACACGTCAGC-1_1_1_1	CNP0000460_P03T	CNP0000460	DF.classifications_0.25_0.22_204	Singlet	pANN_0.25_0.22_204	0.358355091383812
CNP0000460_GACTACAGTACGCTGC-1_1_1_1	CNP0000460_P03T	CNP0000460	DF.classifications_0.25_0.22_204	Singlet	pANN_0.25_0.22_204	0.0972584856396867
CNP0000460_GACTACAGTCCCTTGT-1_1_1_1	CNP0000460_P03T	CNP0000460	DF.classifications_0.25_0.22_204	Singlet	pANN_0.25_0.22_204	0.123368146214099
CNP0000460_GACTACAGTCTAAACC-1_1_1_1	CNP0000460_P03T	CNP0000460	DF.classifications_0.25_0.22_204	Singlet	pANN_0.25_0.22_204	0.351827676240209
CNP0000460_GACTACATCTATGTGG-1_1_1_1	CNP0000460_P03T	CNP0000460	DF.classifications_0.25_0.22_204	Singlet	pANN_0.25_0.22_204	0.352480417754569
CNP0000460_GACTGCGAGCCACGTC-1_1_1_1	CNP0000460_P03T	CNP0000460	DF.classifications_0.25_0.22_204	Singlet	pANN_0.25_0.22_204	0.29177545691906
CNP0000460_GACTGCGAGCTGCGAA-1_1_1_1	CNP0000460_P03T	CNP0000460	DF.classifications_0.25_0.22_204	Singlet	pANN_0.25_0.22_204	0.349216710182768
CNP0000460_GACTGCGAGGACATTA-1_1_1_1	CNP0000460_P03T	CNP0000460	DF.classifications_0.25_0.22_204	Singlet	pANN_0.25_0.22_204	0.144255874673629
CNP0000460_GACTGCGAGGTACTCT-1_1_1_1	CNP0000460_P03T	CNP0000460	DF.classifications_0.25_0.22_204	Doublet	pANN_0.25_0.22_204	0.361618798955614
CNP0000460_GACTGCGCACAGCGTC-1_1_1_1	CNP0000460_P03T	CNP0000460	DF.classifications_0.25_0.22_204	Singlet	pANN_0.25_0.22_204	0.22911227154047
CNP0000460_GACTGCGCAGCCAATT-1_1_1_1	CNP0000460_P03T	CNP0000460	DF.classifications_0.25_0.22_204	Singlet	pANN_0.25_0.22_204	0.100522193211488
CNP0000460_GACTGCGCATCTCGCT-1_1_1_1	CNP0000460_P03T	CNP0000460	DF.classifications_0.25_0.22_204	Singlet	pANN_0.25_0.22_204	0.0861618798955614
CNP0000460_GACTGCGGTAAGGATT-1_1_1_1	CNP0000460_P03T	CNP0000460	DF.classifications_0.25_0.22_204	Singlet	pANN_0.25_0.22_204	0.191253263707572
CNP0000460_GACTGCGGTAGAGTGC-1_1_1_1	CNP0000460_P03T	CNP0000460	DF.classifications_0.25_0.22_204	Singlet	pANN_0.25_0.22_204	0.284595300261097
CNP0000460_GACTGCGTCCTTGCCA-1_1_1_1	CNP0000460_P03T	CNP0000460	DF.classifications_0.25_0.22_204	Singlet	pANN_0.25_0.22_204	0.310704960835509
CNP0000460_GACTGCGTCGACAGCC-1_1_1_1	CNP0000460_P03T	CNP0000460	DF.classifications_0.25_0.22_204	Singlet	pANN_0.25_0.22_204	0.111618798955614
CNP0000460_GACTGCGTCGCATGGC-1_1_1_1	CNP0000460_P03T	CNP0000460	DF.classifications_0.25_0.22_204	Singlet	pANN_0.25_0.22_204	0.2911227154047
CNP0000460_GACTGCGTCGGTTAAC-1_1_1_1	CNP0000460_P03T	CNP0000460	DF.classifications_0.25_0.22_204	Singlet	pANN_0.25_0.22_204	0.199738903394256
CNP0000460_GAGCAGAAGCAGGTCA-1_1_1_1	CNP0000460_P03T	CNP0000460	DF.classifications_0.25_0.22_204	Singlet	pANN_0.25_0.22_204	0.35509138381201
CNP0000460_GAGCAGAAGCCGGTAA-1_1_1_1	CNP0000460_P03T	CNP0000460	DF.classifications_0.25_0.22_204	Singlet	pANN_0.25_0.22_204	0.234986945169713
CNP0000460_GAGCAGAAGGTGTTAA-1_1_1_1	CNP0000460_P03T	CNP0000460	DF.classifications_0.25_0.22_204	Singlet	pANN_0.25_0.22_204	0.16710182767624
CNP0000460_GAGCAGACACAGTCGC-1_1_1_1	CNP0000460_P03T	CNP0000460	DF.classifications_0.25_0.22_204	Singlet	pANN_0.25_0.22_204	0.171018276762402
CNP0000460_GAGCAGACACGGTAAG-1_1_1_1	CNP0000460_P03T	CNP0000460	DF.classifications_0.25_0.22_204	Singlet	pANN_0.25_0.22_204	0.279373368146214
CNP0000460_GAGCAGACATCATCCC-1_1_1_1	CNP0000460_P03T	CNP0000460	DF.classifications_0.25_0.22_204	Singlet	pANN_0.25_0.22_204	0.262402088772846
CNP0000460_GAGCAGAGTATATGGA-1_1_1_1	CNP0000460_P03T	CNP0000460	DF.classifications_0.25_0.22_204	Singlet	pANN_0.25_0.22_204	0.10313315926893
CNP0000460_GAGCAGAGTCAAACTC-1_1_1_1	CNP0000460_P03T	CNP0000460	DF.classifications_0.25_0.22_204	Singlet	pANN_0.25_0.22_204	0.267624020887728
CNP0000460_GAGCAGAGTCTAGCGC-1_1_1_1	CNP0000460_P03T	CNP0000460	DF.classifications_0.25_0.22_204	Singlet	pANN_0.25_0.22_204	0.35313315926893
CNP0000460_GAGCAGATCCCTTGTG-1_1_1_1	CNP0000460_P03T	CNP0000460	DF.classifications_0.25_0.22_204	Singlet	pANN_0.25_0.22_204	0.268276762402089
CNP0000460_GAGGTGAAGCAACGGT-1_1_1_1	CNP0000460_P03T	CNP0000460	DF.classifications_0.25_0.22_204	Singlet	pANN_0.25_0.22_204	0.150783289817232
CNP0000460_GAGGTGAAGGGCACTA-1_1_1_1	CNP0000460_P03T	CNP0000460	DF.classifications_0.25_0.22_204	Doublet	pANN_0.25_0.22_204	0.366187989556136
CNP0000460_GAGGTGAAGGGTGTTG-1_1_1_1	CNP0000460_P03T	CNP0000460	DF.classifications_0.25_0.22_204	Singlet	pANN_0.25_0.22_204	0.277415143603133
CNP0000460_GAGGTGAAGTCCATAC-1_1_1_1	CNP0000460_P03T	CNP0000460	DF.classifications_0.25_0.22_204	Singlet	pANN_0.25_0.22_204	0.102480417754569
CNP0000460_GAGGTGAAGTTTCCTT-1_1_1_1	CNP0000460_P03T	CNP0000460	DF.classifications_0.25_0.22_204	Singlet	pANN_0.25_0.22_204	0.0887728459530026
CNP0000460_GAGGTGACAACACCCG-1_1_1_1	CNP0000460_P03T	CNP0000460	DF.classifications_0.25_0.22_204	Singlet	pANN_0.25_0.22_204	0.0861618798955614
CNP0000460_GAGGTGACACATTCGA-1_1_1_1	CNP0000460_P03T	CNP0000460	DF.classifications_0.25_0.22_204	Singlet	pANN_0.25_0.22_204	0.357049608355091
CNP0000460_GAGGTGACAGGACCCT-1_1_1_1	CNP0000460_P03T	CNP0000460	DF.classifications_0.25_0.22_204	Singlet	pANN_0.25_0.22_204	0.283942558746736
CNP0000460_GAGGTGATCGGAGCAA-1_1_1_1	CNP0000460_P03T	CNP0000460	DF.classifications_0.25_0.22_204	Singlet	pANN_0.25_0.22_204	0.360313315926893
CNP0000460_GAGGTGATCGTACGGC-1_1_1_1	CNP0000460_P03T	CNP0000460	DF.classifications_0.25_0.22_204	Singlet	pANN_0.25_0.22_204	0.143603133159269
CNP0000460_GAGTCCGAGAGTAAGG-1_1_1_1	CNP0000460_P03T	CNP0000460	DF.classifications_0.25_0.22_204	Singlet	pANN_0.25_0.22_204	0.285900783289817
CNP0000460_GAGTCCGAGCGAGAAA-1_1_1_1	CNP0000460_P03T	CNP0000460	DF.classifications_0.25_0.22_204	Singlet	pANN_0.25_0.22_204	0.161227154046997
CNP0000460_GAGTCCGCACCGATAT-1_1_1_1	CNP0000460_P03T	CNP0000460	DF.classifications_0.25_0.22_204	Singlet	pANN_0.25_0.22_204	0.267624020887728
CNP0000460_GAGTCCGCACCGGAAA-1_1_1_1	CNP0000460_P03T	CNP0000460	DF.classifications_0.25_0.22_204	Singlet	pANN_0.25_0.22_204	0.176240208877285
CNP0000460_GAGTCCGCACTGTCGG-1_1_1_1	CNP0000460_P03T	CNP0000460	DF.classifications_0.25_0.22_204	Singlet	pANN_0.25_0.22_204	0.0959530026109661
CNP0000460_GAGTCCGCAGATCGGA-1_1_1_1	CNP0000460_P03T	CNP0000460	DF.classifications_0.25_0.22_204	Singlet	pANN_0.25_0.22_204	0.10509138381201
CNP0000460_GAGTCCGGTCATATCG-1_1_1_1	CNP0000460_P03T	CNP0000460	DF.classifications_0.25_0.22_204	Singlet	pANN_0.25_0.22_204	0.35378590078329
CNP0000460_GAGTCCGGTTCCGTCT-1_1_1_1	CNP0000460_P03T	CNP0000460	DF.classifications_0.25_0.22_204	Singlet	pANN_0.25_0.22_204	0.35313315926893
CNP0000460_GAGTCCGGTTGATTGC-1_1_1_1	CNP0000460_P03T	CNP0000460	DF.classifications_0.25_0.22_204	Singlet	pANN_0.25_0.22_204	0.0907310704960835
CNP0000460_GAGTCCGTCAACCAAC-1_1_1_1	CNP0000460_P03T	CNP0000460	DF.classifications_0.25_0.22_204	Doublet	pANN_0.25_0.22_204	0.37402088772846
CNP0000460_GAGTCCGTCAGTCCCT-1_1_1_1	CNP0000460_P03T	CNP0000460	DF.classifications_0.25_0.22_204	Singlet	pANN_0.25_0.22_204	0.305483028720627
CNP0000460_GAGTCCGTCCAAGCCG-1_1_1_1	CNP0000460_P03T	CNP0000460	DF.classifications_0.25_0.22_204	Singlet	pANN_0.25_0.22_204	0.0881201044386423
CNP0000460_GATCAGTAGACTTGAA-1_1_1_1	CNP0000460_P03T	CNP0000460	DF.classifications_0.25_0.22_204	Singlet	pANN_0.25_0.22_204	0.12597911227154
CNP0000460_GATCAGTAGCCAGGAT-1_1_1_1	CNP0000460_P03T	CNP0000460	DF.classifications_0.25_0.22_204	Singlet	pANN_0.25_0.22_204	0.349869451697128
CNP0000460_GATCAGTAGGTCGGAT-1_1_1_1	CNP0000460_P03T	CNP0000460	DF.classifications_0.25_0.22_204	Singlet	pANN_0.25_0.22_204	0.257180156657963
CNP0000460_GATCAGTAGTTAACGA-1_1_1_1	CNP0000460_P03T	CNP0000460	DF.classifications_0.25_0.22_204	Singlet	pANN_0.25_0.22_204	0.126631853785901
CNP0000460_GATCAGTCAAACTGTC-1_1_1_1	CNP0000460_P03T	CNP0000460	DF.classifications_0.25_0.22_204	Singlet	pANN_0.25_0.22_204	0.356396866840731
CNP0000460_GATCAGTCAACGATCT-1_1_1_1	CNP0000460_P03T	CNP0000460	DF.classifications_0.25_0.22_204	Singlet	pANN_0.25_0.22_204	0.335509138381201
CNP0000460_GATCAGTGTCAGATAA-1_1_1_1	CNP0000460_P03T	CNP0000460	DF.classifications_0.25_0.22_204	Singlet	pANN_0.25_0.22_204	0.340078328981723
CNP0000460_GATCAGTGTGCAACGA-1_1_1_1	CNP0000460_P03T	CNP0000460	DF.classifications_0.25_0.22_204	Singlet	pANN_0.25_0.22_204	0.0920365535248042
CNP0000460_GATCAGTGTTCCGGCA-1_1_1_1	CNP0000460_P03T	CNP0000460	DF.classifications_0.25_0.22_204	Singlet	pANN_0.25_0.22_204	0.189947780678851
CNP0000460_GATCAGTTCAGATAAG-1_1_1_1	CNP0000460_P03T	CNP0000460	DF.classifications_0.25_0.22_204	Singlet	pANN_0.25_0.22_204	0.139686684073107
CNP0000460_GATCAGTTCAGTTGAC-1_1_1_1	CNP0000460_P03T	CNP0000460	DF.classifications_0.25_0.22_204	Singlet	pANN_0.25_0.22_204	0.240861618798956
CNP0000460_GATCAGTTCCTGCCAT-1_1_1_1	CNP0000460_P03T	CNP0000460	DF.classifications_0.25_0.22_204	Singlet	pANN_0.25_0.22_204	0.356396866840731
CNP0000460_GATCGATAGAATTGTG-1_1_1_1	CNP0000460_P03T	CNP0000460	DF.classifications_0.25_0.22_204	Singlet	pANN_0.25_0.22_204	0.101827676240209
CNP0000460_GATCGATAGACAGAGA-1_1_1_1	CNP0000460_P03T	CNP0000460	DF.classifications_0.25_0.22_204	Singlet	pANN_0.25_0.22_204	0.0966057441253264
CNP0000460_GATCGATAGATACACA-1_1_1_1	CNP0000460_P03T	CNP0000460	DF.classifications_0.25_0.22_204	Singlet	pANN_0.25_0.22_204	0.279373368146214
CNP0000460_GATCGATAGCATCATC-1_1_1_1	CNP0000460_P03T	CNP0000460	DF.classifications_0.25_0.22_204	Singlet	pANN_0.25_0.22_204	0.347911227154047
CNP0000460_GATCGATAGTTTCCTT-1_1_1_1	CNP0000460_P03T	CNP0000460	DF.classifications_0.25_0.22_204	Singlet	pANN_0.25_0.22_204	0.349869451697128
CNP0000460_GATCGATCAGATCTGT-1_1_1_1	CNP0000460_P03T	CNP0000460	DF.classifications_0.25_0.22_204	Singlet	pANN_0.25_0.22_204	0.100522193211488
CNP0000460_GATCGATCAGGCTCAC-1_1_1_1	CNP0000460_P03T	CNP0000460	DF.classifications_0.25_0.22_204	Singlet	pANN_0.25_0.22_204	0.360313315926893
CNP0000460_GATCGATCATCCGGGT-1_1_1_1	CNP0000460_P03T	CNP0000460	DF.classifications_0.25_0.22_204	Singlet	pANN_0.25_0.22_204	0.359007832898172
CNP0000460_GATCGATGTACGCTGC-1_1_1_1	CNP0000460_P03T	CNP0000460	DF.classifications_0.25_0.22_204	Singlet	pANN_0.25_0.22_204	0.325065274151436
CNP0000460_GATCGATGTCAGAAGC-1_1_1_1	CNP0000460_P03T	CNP0000460	DF.classifications_0.25_0.22_204	Singlet	pANN_0.25_0.22_204	0.154046997389034
CNP0000460_GATCGATGTCATGCCG-1_1_1_1	CNP0000460_P03T	CNP0000460	DF.classifications_0.25_0.22_204	Singlet	pANN_0.25_0.22_204	0.276109660574413
CNP0000460_GATCGATGTGCACCAC-1_1_1_1	CNP0000460_P03T	CNP0000460	DF.classifications_0.25_0.22_204	Singlet	pANN_0.25_0.22_204	0.101174934725849
CNP0000460_GATCGATTCTTGCCGT-1_1_1_1	CNP0000460_P03T	CNP0000460	DF.classifications_0.25_0.22_204	Singlet	pANN_0.25_0.22_204	0.232375979112272
CNP0000460_GATCGCGCAGCAGTTT-1_1_1_1	CNP0000460_P03T	CNP0000460	DF.classifications_0.25_0.22_204	Singlet	pANN_0.25_0.22_204	0.210835509138381
CNP0000460_GATCGCGGTCGAGTTT-1_1_1_1	CNP0000460_P03T	CNP0000460	DF.classifications_0.25_0.22_204	Singlet	pANN_0.25_0.22_204	0.27154046997389
CNP0000460_GATCGCGGTTCCACGG-1_1_1_1	CNP0000460_P03T	CNP0000460	DF.classifications_0.25_0.22_204	Singlet	pANN_0.25_0.22_204	0.289164490861619
CNP0000460_GATCGCGTCGTGGGAA-1_1_1_1	CNP0000460_P03T	CNP0000460	DF.classifications_0.25_0.22_204	Singlet	pANN_0.25_0.22_204	0.231723237597911
CNP0000460_GATCGCGTCTACCTGC-1_1_1_1	CNP0000460_P03T	CNP0000460	DF.classifications_0.25_0.22_204	Singlet	pANN_0.25_0.22_204	0.300261096605744
CNP0000460_GATCGTAAGCTATGCT-1_1_1_1	CNP0000460_P03T	CNP0000460	DF.classifications_0.25_0.22_204	Singlet	pANN_0.25_0.22_204	0.0842036553524804
CNP0000460_GATCGTAAGTGAAGTT-1_1_1_1	CNP0000460_P03T	CNP0000460	DF.classifications_0.25_0.22_204	Singlet	pANN_0.25_0.22_204	0.0939947780678851
CNP0000460_GATCGTAAGTGGTAGC-1_1_1_1	CNP0000460_P03T	CNP0000460	DF.classifications_0.25_0.22_204	Singlet	pANN_0.25_0.22_204	0.150783289817232
CNP0000460_GATCGTAAGTTCCACA-1_1_1_1	CNP0000460_P03T	CNP0000460	DF.classifications_0.25_0.22_204	Singlet	pANN_0.25_0.22_204	0.348563968668407
CNP0000460_GATCGTACAAGTACCT-1_1_1_1	CNP0000460_P03T	CNP0000460	DF.classifications_0.25_0.22_204	Singlet	pANN_0.25_0.22_204	0.136422976501305
CNP0000460_GATCGTACACCATCCT-1_1_1_1	CNP0000460_P03T	CNP0000460	DF.classifications_0.25_0.22_204	Singlet	pANN_0.25_0.22_204	0.269582245430809
CNP0000460_GATCGTACACCTGGTG-1_1_1_1	CNP0000460_P03T	CNP0000460	DF.classifications_0.25_0.22_204	Singlet	pANN_0.25_0.22_204	0.349216710182768
CNP0000460_GATCGTACAGATCTGT-1_1_1_1	CNP0000460_P03T	CNP0000460	DF.classifications_0.25_0.22_204	Singlet	pANN_0.25_0.22_204	0.118146214099217
CNP0000460_GATCGTACAGGACCCT-1_1_1_1	CNP0000460_P03T	CNP0000460	DF.classifications_0.25_0.22_204	Singlet	pANN_0.25_0.22_204	0.100522193211488
CNP0000460_GATCGTACAGTAACGG-1_1_1_1	CNP0000460_P03T	CNP0000460	DF.classifications_0.25_0.22_204	Singlet	pANN_0.25_0.22_204	0.355744125326371
CNP0000460_GATCGTAGTAAGGGAA-1_1_1_1	CNP0000460_P03T	CNP0000460	DF.classifications_0.25_0.22_204	Singlet	pANN_0.25_0.22_204	0.14621409921671
CNP0000460_GATCTAGAGAGTGACC-1_1_1_1	CNP0000460_P03T	CNP0000460	DF.classifications_0.25_0.22_204	Singlet	pANN_0.25_0.22_204	0.0933420365535248
CNP0000460_GATCTAGAGCCCAATT-1_1_1_1	CNP0000460_P03T	CNP0000460	DF.classifications_0.25_0.22_204	Singlet	pANN_0.25_0.22_204	0.109007832898172
CNP0000460_GATCTAGAGCGATAGC-1_1_1_1	CNP0000460_P03T	CNP0000460	DF.classifications_0.25_0.22_204	Singlet	pANN_0.25_0.22_204	0.148172323759791
CNP0000460_GATCTAGAGTCTTGCA-1_1_1_1	CNP0000460_P03T	CNP0000460	DF.classifications_0.25_0.22_204	Singlet	pANN_0.25_0.22_204	0.134464751958225
CNP0000460_GATCTAGCAAAGTGCG-1_1_1_1	CNP0000460_P03T	CNP0000460	DF.classifications_0.25_0.22_204	Singlet	pANN_0.25_0.22_204	0.097911227154047
CNP0000460_GATCTAGCACACAGAG-1_1_1_1	CNP0000460_P03T	CNP0000460	DF.classifications_0.25_0.22_204	Singlet	pANN_0.25_0.22_204	0.359007832898172
CNP0000460_GATCTAGCACTAAGTC-1_1_1_1	CNP0000460_P03T	CNP0000460	DF.classifications_0.25_0.22_204	Singlet	pANN_0.25_0.22_204	0.348563968668407
CNP0000460_GATCTAGGTCAGAAGC-1_1_1_1	CNP0000460_P03T	CNP0000460	DF.classifications_0.25_0.22_204	Singlet	pANN_0.25_0.22_204	0.137728459530026
CNP0000460_GATCTAGGTGCGGTAA-1_1_1_1	CNP0000460_P03T	CNP0000460	DF.classifications_0.25_0.22_204	Singlet	pANN_0.25_0.22_204	0.10378590078329
CNP0000460_GATCTAGTCCGTTGTC-1_1_1_1	CNP0000460_P03T	CNP0000460	DF.classifications_0.25_0.22_204	Singlet	pANN_0.25_0.22_204	0.294386422976501
CNP0000460_GATCTAGTCGCCTGTT-1_1_1_1	CNP0000460_P03T	CNP0000460	DF.classifications_0.25_0.22_204	Singlet	pANN_0.25_0.22_204	0.357702349869452
CNP0000460_GATCTAGTCGTAGGAG-1_1_1_1	CNP0000460_P03T	CNP0000460	DF.classifications_0.25_0.22_204	Singlet	pANN_0.25_0.22_204	0.169060052219321
CNP0000460_GATCTAGTCGTGGACC-1_1_1_1	CNP0000460_P03T	CNP0000460	DF.classifications_0.25_0.22_204	Singlet	pANN_0.25_0.22_204	0.295039164490862
CNP0000460_GATGAAAAGACACGAC-1_1_1_1	CNP0000460_P03T	CNP0000460	DF.classifications_0.25_0.22_204	Singlet	pANN_0.25_0.22_204	0.360313315926893
CNP0000460_GATGAAAAGGAGTAGA-1_1_1_1	CNP0000460_P03T	CNP0000460	DF.classifications_0.25_0.22_204	Singlet	pANN_0.25_0.22_204	0.280026109660574
CNP0000460_GATGAAAAGTACCGGA-1_1_1_1	CNP0000460_P03T	CNP0000460	DF.classifications_0.25_0.22_204	Doublet	pANN_0.25_0.22_204	0.366840731070496
CNP0000460_GATGAAACAAGCCGTC-1_1_1_1	CNP0000460_P03T	CNP0000460	DF.classifications_0.25_0.22_204	Singlet	pANN_0.25_0.22_204	0.254569190600522
CNP0000460_GATGAAACAAGCGATG-1_1_1_1	CNP0000460_P03T	CNP0000460	DF.classifications_0.25_0.22_204	Singlet	pANN_0.25_0.22_204	0.0900783289817232
CNP0000460_GATGAAACAATAGCAA-1_1_1_1	CNP0000460_P03T	CNP0000460	DF.classifications_0.25_0.22_204	Singlet	pANN_0.25_0.22_204	0.306788511749347
CNP0000460_GATGAAACACGAGAGT-1_1_1_1	CNP0000460_P03T	CNP0000460	DF.classifications_0.25_0.22_204	Singlet	pANN_0.25_0.22_204	0.0946475195822454
CNP0000460_GATGAAACATACTACG-1_1_1_1	CNP0000460_P03T	CNP0000460	DF.classifications_0.25_0.22_204	Singlet	pANN_0.25_0.22_204	0.356396866840731
CNP0000460_GATGAAAGTACTTCTT-1_1_1_1	CNP0000460_P03T	CNP0000460	DF.classifications_0.25_0.22_204	Singlet	pANN_0.25_0.22_204	0.0881201044386423
CNP0000460_GATGAAAGTAGTGAAT-1_1_1_1	CNP0000460_P03T	CNP0000460	DF.classifications_0.25_0.22_204	Singlet	pANN_0.25_0.22_204	0.359007832898172
CNP0000460_GATGAAAGTTCGCTAA-1_1_1_1	CNP0000460_P03T	CNP0000460	DF.classifications_0.25_0.22_204	Singlet	pANN_0.25_0.22_204	0.349869451697128
CNP0000460_GATGAAATCCGCAGTG-1_1_1_1	CNP0000460_P03T	CNP0000460	DF.classifications_0.25_0.22_204	Singlet	pANN_0.25_0.22_204	0.120104438642298
CNP0000460_GATGAAATCTTCGAGA-1_1_1_1	CNP0000460_P03T	CNP0000460	DF.classifications_0.25_0.22_204	Doublet	pANN_0.25_0.22_204	0.363577023498695
CNP0000460_GATGAGGAGCTAACAA-1_1_1_1	CNP0000460_P03T	CNP0000460	DF.classifications_0.25_0.22_204	Singlet	pANN_0.25_0.22_204	0.210182767624021
CNP0000460_GATGAGGAGGGTATCG-1_1_1_1	CNP0000460_P03T	CNP0000460	DF.classifications_0.25_0.22_204	Singlet	pANN_0.25_0.22_204	0.274804177545692
CNP0000460_GATGAGGCAAAGAATC-1_1_1_1	CNP0000460_P03T	CNP0000460	DF.classifications_0.25_0.22_204	Singlet	pANN_0.25_0.22_204	0.136422976501305
CNP0000460_GATGAGGCAAGAGGCT-1_1_1_1	CNP0000460_P03T	CNP0000460	DF.classifications_0.25_0.22_204	Singlet	pANN_0.25_0.22_204	0.29242819843342
CNP0000460_GATGAGGCATAACCTG-1_1_1_1	CNP0000460_P03T	CNP0000460	DF.classifications_0.25_0.22_204	Singlet	pANN_0.25_0.22_204	0.165143603133159
CNP0000460_GATGAGGGTCAAGCGA-1_1_1_1	CNP0000460_P03T	CNP0000460	DF.classifications_0.25_0.22_204	Singlet	pANN_0.25_0.22_204	0.0953002610966057
CNP0000460_GATGAGGGTCCATGAT-1_1_1_1	CNP0000460_P03T	CNP0000460	DF.classifications_0.25_0.22_204	Singlet	pANN_0.25_0.22_204	0.0933420365535248
CNP0000460_GATGAGGGTTGGTAAA-1_1_1_1	CNP0000460_P03T	CNP0000460	DF.classifications_0.25_0.22_204	Singlet	pANN_0.25_0.22_204	0.204308093994778
CNP0000460_GATGAGGTCAACGAAA-1_1_1_1	CNP0000460_P03T	CNP0000460	DF.classifications_0.25_0.22_204	Singlet	pANN_0.25_0.22_204	0.0985639686684073
CNP0000460_GATGAGGTCAGCAACT-1_1_1_1	CNP0000460_P03T	CNP0000460	DF.classifications_0.25_0.22_204	Singlet	pANN_0.25_0.22_204	0.0959530026109661
CNP0000460_GATGCTACAATGGATA-1_1_1_1	CNP0000460_P03T	CNP0000460	DF.classifications_0.25_0.22_204	Singlet	pANN_0.25_0.22_204	0.0939947780678851
CNP0000460_GATGCTAGTACAAGTA-1_1_1_1	CNP0000460_P03T	CNP0000460	DF.classifications_0.25_0.22_204	Singlet	pANN_0.25_0.22_204	0.35313315926893
CNP0000460_GATGCTAGTACCGAGA-1_1_1_1	CNP0000460_P03T	CNP0000460	DF.classifications_0.25_0.22_204	Singlet	pANN_0.25_0.22_204	0.148172323759791
CNP0000460_GATGCTAGTCGCCATG-1_1_1_1	CNP0000460_P03T	CNP0000460	DF.classifications_0.25_0.22_204	Singlet	pANN_0.25_0.22_204	0.130548302872063
CNP0000460_GATGCTAGTCTCTTTA-1_1_1_1	CNP0000460_P03T	CNP0000460	DF.classifications_0.25_0.22_204	Singlet	pANN_0.25_0.22_204	0.160574412532637
CNP0000460_GATGCTATCCCAACGG-1_1_1_1	CNP0000460_P03T	CNP0000460	DF.classifications_0.25_0.22_204	Singlet	pANN_0.25_0.22_204	0.114882506527415
CNP0000460_GATGCTATCTAAGCCA-1_1_1_1	CNP0000460_P03T	CNP0000460	DF.classifications_0.25_0.22_204	Singlet	pANN_0.25_0.22_204	0.161879895561358
CNP0000460_GATTCAGAGAACAACT-1_1_1_1	CNP0000460_P03T	CNP0000460	DF.classifications_0.25_0.22_204	Singlet	pANN_0.25_0.22_204	0.10443864229765
CNP0000460_GATTCAGAGACTAGAT-1_1_1_1	CNP0000460_P03T	CNP0000460	DF.classifications_0.25_0.22_204	Singlet	pANN_0.25_0.22_204	0.352480417754569
CNP0000460_GATTCAGAGTAGTGCG-1_1_1_1	CNP0000460_P03T	CNP0000460	DF.classifications_0.25_0.22_204	Singlet	pANN_0.25_0.22_204	0.134464751958225
CNP0000460_GATTCAGCAGACTCGC-1_1_1_1	CNP0000460_P03T	CNP0000460	DF.classifications_0.25_0.22_204	Singlet	pANN_0.25_0.22_204	0.347258485639687
CNP0000460_GATTCAGGTCACTTCC-1_1_1_1	CNP0000460_P03T	CNP0000460	DF.classifications_0.25_0.22_204	Singlet	pANN_0.25_0.22_204	0.156657963446475
CNP0000460_GATTCAGGTGTGACGA-1_1_1_1	CNP0000460_P03T	CNP0000460	DF.classifications_0.25_0.22_204	Doublet	pANN_0.25_0.22_204	0.361618798955614
CNP0000460_GATTCAGTCAGCGACC-1_1_1_1	CNP0000460_P03T	CNP0000460	DF.classifications_0.25_0.22_204	Singlet	pANN_0.25_0.22_204	0.114882506527415
CNP0000460_GATTCAGTCGACCAGC-1_1_1_1	CNP0000460_P03T	CNP0000460	DF.classifications_0.25_0.22_204	Singlet	pANN_0.25_0.22_204	0.360313315926893
CNP0000460_GATTCAGTCGTTACAG-1_1_1_1	CNP0000460_P03T	CNP0000460	DF.classifications_0.25_0.22_204	Singlet	pANN_0.25_0.22_204	0.264360313315927
CNP0000460_GCAAACTAGAACTGTA-1_1_1_1	CNP0000460_P03T	CNP0000460	DF.classifications_0.25_0.22_204	Singlet	pANN_0.25_0.22_204	0.276109660574413
CNP0000460_GCAAACTAGACGACGT-1_1_1_1	CNP0000460_P03T	CNP0000460	DF.classifications_0.25_0.22_204	Singlet	pANN_0.25_0.22_204	0.254569190600522
CNP0000460_GCAAACTAGATAGCAT-1_1_1_1	CNP0000460_P03T	CNP0000460	DF.classifications_0.25_0.22_204	Singlet	pANN_0.25_0.22_204	0.356396866840731
CNP0000460_GCAAACTAGTATCTCG-1_1_1_1	CNP0000460_P03T	CNP0000460	DF.classifications_0.25_0.22_204	Singlet	pANN_0.25_0.22_204	0.182767624020888
CNP0000460_GCAAACTAGTTTCCTT-1_1_1_1	CNP0000460_P03T	CNP0000460	DF.classifications_0.25_0.22_204	Singlet	pANN_0.25_0.22_204	0.110966057441253
CNP0000460_GCAAACTGTAGCAAAT-1_1_1_1	CNP0000460_P03T	CNP0000460	DF.classifications_0.25_0.22_204	Singlet	pANN_0.25_0.22_204	0.123368146214099
CNP0000460_GCAAACTGTCTGCGGT-1_1_1_1	CNP0000460_P03T	CNP0000460	DF.classifications_0.25_0.22_204	Singlet	pANN_0.25_0.22_204	0.190600522193211
CNP0000460_GCAAACTGTGGTAACG-1_1_1_1	CNP0000460_P03T	CNP0000460	DF.classifications_0.25_0.22_204	Singlet	pANN_0.25_0.22_204	0.116840731070496
CNP0000460_GCAAACTTCATCGGAT-1_1_1_1	CNP0000460_P03T	CNP0000460	DF.classifications_0.25_0.22_204	Singlet	pANN_0.25_0.22_204	0.119451697127937
CNP0000460_GCAAACTTCCTGCTTG-1_1_1_1	CNP0000460_P03T	CNP0000460	DF.classifications_0.25_0.22_204	Singlet	pANN_0.25_0.22_204	0.186031331592689
CNP0000460_GCAAACTTCGTTGCCT-1_1_1_1	CNP0000460_P03T	CNP0000460	DF.classifications_0.25_0.22_204	Singlet	pANN_0.25_0.22_204	0.306788511749347
CNP0000460_GCAAACTTCTTACCGC-1_1_1_1	CNP0000460_P03T	CNP0000460	DF.classifications_0.25_0.22_204	Singlet	pANN_0.25_0.22_204	0.35378590078329
CNP0000460_GCAATCAAGATCCCAT-1_1_1_1	CNP0000460_P03T	CNP0000460	DF.classifications_0.25_0.22_204	Singlet	pANN_0.25_0.22_204	0.156005221932115
CNP0000460_GCAATCAAGATGCCTT-1_1_1_1	CNP0000460_P03T	CNP0000460	DF.classifications_0.25_0.22_204	Singlet	pANN_0.25_0.22_204	0.234334203655352
CNP0000460_GCAATCAAGGCATGTG-1_1_1_1	CNP0000460_P03T	CNP0000460	DF.classifications_0.25_0.22_204	Singlet	pANN_0.25_0.22_204	0.294386422976501
CNP0000460_GCAATCAAGTGTACCT-1_1_1_1	CNP0000460_P03T	CNP0000460	DF.classifications_0.25_0.22_204	Singlet	pANN_0.25_0.22_204	0.0842036553524804
CNP0000460_GCAATCACAATGGATA-1_1_1_1	CNP0000460_P03T	CNP0000460	DF.classifications_0.25_0.22_204	Singlet	pANN_0.25_0.22_204	0.0887728459530026
CNP0000460_GCAATCACACAAGCCC-1_1_1_1	CNP0000460_P03T	CNP0000460	DF.classifications_0.25_0.22_204	Singlet	pANN_0.25_0.22_204	0.287206266318538
CNP0000460_GCAATCAGTACAGACG-1_1_1_1	CNP0000460_P03T	CNP0000460	DF.classifications_0.25_0.22_204	Singlet	pANN_0.25_0.22_204	0.131201044386423
CNP0000460_GCAATCAGTCATGCAT-1_1_1_1	CNP0000460_P03T	CNP0000460	DF.classifications_0.25_0.22_204	Singlet	pANN_0.25_0.22_204	0.35378590078329
CNP0000460_GCAATCAGTGGCCCTA-1_1_1_1	CNP0000460_P03T	CNP0000460	DF.classifications_0.25_0.22_204	Singlet	pANN_0.25_0.22_204	0.25065274151436
CNP0000460_GCAATCAGTTCCCTTG-1_1_1_1	CNP0000460_P03T	CNP0000460	DF.classifications_0.25_0.22_204	Singlet	pANN_0.25_0.22_204	0.158616187989556
CNP0000460_GCAATCATCAACGCTA-1_1_1_1	CNP0000460_P03T	CNP0000460	DF.classifications_0.25_0.22_204	Singlet	pANN_0.25_0.22_204	0.118146214099217
CNP0000460_GCAATCATCACTATTC-1_1_1_1	CNP0000460_P03T	CNP0000460	DF.classifications_0.25_0.22_204	Singlet	pANN_0.25_0.22_204	0.345953002610966
CNP0000460_GCACATAAGCGATATA-1_1_1_1	CNP0000460_P03T	CNP0000460	DF.classifications_0.25_0.22_204	Singlet	pANN_0.25_0.22_204	0.12597911227154
CNP0000460_GCACATAAGCGGCTTC-1_1_1_1	CNP0000460_P03T	CNP0000460	DF.classifications_0.25_0.22_204	Singlet	pANN_0.25_0.22_204	0.35378590078329
CNP0000460_GCACATAAGCTACCTA-1_1_1_1	CNP0000460_P03T	CNP0000460	DF.classifications_0.25_0.22_204	Singlet	pANN_0.25_0.22_204	0.240861618798956
CNP0000460_GCACATAAGTGGTAGC-1_1_1_1	CNP0000460_P03T	CNP0000460	DF.classifications_0.25_0.22_204	Singlet	pANN_0.25_0.22_204	0.351174934725849
CNP0000460_GCACATACACAACTGT-1_1_1_1	CNP0000460_P03T	CNP0000460	DF.classifications_0.25_0.22_204	Singlet	pANN_0.25_0.22_204	0.35378590078329
CNP0000460_GCACATAGTAAGTGTA-1_1_1_1	CNP0000460_P03T	CNP0000460	DF.classifications_0.25_0.22_204	Singlet	pANN_0.25_0.22_204	0.349216710182768
CNP0000460_GCACATAGTTTGTGTG-1_1_1_1	CNP0000460_P03T	CNP0000460	DF.classifications_0.25_0.22_204	Singlet	pANN_0.25_0.22_204	0.170365535248042
CNP0000460_GCACATATCACAACGT-1_1_1_1	CNP0000460_P03T	CNP0000460	DF.classifications_0.25_0.22_204	Singlet	pANN_0.25_0.22_204	0.246736292428198
CNP0000460_GCACATATCTGAGTGT-1_1_1_1	CNP0000460_P03T	CNP0000460	DF.classifications_0.25_0.22_204	Singlet	pANN_0.25_0.22_204	0.338772845953003
CNP0000460_GCACATATCTGGCGAC-1_1_1_1	CNP0000460_P03T	CNP0000460	DF.classifications_0.25_0.22_204	Singlet	pANN_0.25_0.22_204	0.149477806788512
CNP0000460_GCACATATCTTCTGGC-1_1_1_1	CNP0000460_P03T	CNP0000460	DF.classifications_0.25_0.22_204	Singlet	pANN_0.25_0.22_204	0.144255874673629
CNP0000460_GCACATATCTTGTATC-1_1_1_1	CNP0000460_P03T	CNP0000460	DF.classifications_0.25_0.22_204	Singlet	pANN_0.25_0.22_204	0.35509138381201
CNP0000460_GCACTCTAGCTCCTCT-1_1_1_1	CNP0000460_P03T	CNP0000460	DF.classifications_0.25_0.22_204	Singlet	pANN_0.25_0.22_204	0.10509138381201
CNP0000460_GCACTCTAGTGAACGC-1_1_1_1	CNP0000460_P03T	CNP0000460	DF.classifications_0.25_0.22_204	Singlet	pANN_0.25_0.22_204	0.114229765013055
CNP0000460_GCACTCTCAATACGCT-1_1_1_1	CNP0000460_P03T	CNP0000460	DF.classifications_0.25_0.22_204	Singlet	pANN_0.25_0.22_204	0.35378590078329
CNP0000460_GCACTCTGTTATCACG-1_1_1_1	CNP0000460_P03T	CNP0000460	DF.classifications_0.25_0.22_204	Singlet	pANN_0.25_0.22_204	0.14621409921671
CNP0000460_GCACTCTGTTGGTAAA-1_1_1_1	CNP0000460_P03T	CNP0000460	DF.classifications_0.25_0.22_204	Singlet	pANN_0.25_0.22_204	0.12597911227154
CNP0000460_GCACTCTTCATGCATG-1_1_1_1	CNP0000460_P03T	CNP0000460	DF.classifications_0.25_0.22_204	Singlet	pANN_0.25_0.22_204	0.210182767624021
CNP0000460_GCACTCTTCATGTCTT-1_1_1_1	CNP0000460_P03T	CNP0000460	DF.classifications_0.25_0.22_204	Singlet	pANN_0.25_0.22_204	0.102480417754569
CNP0000460_GCACTCTTCGCGATCG-1_1_1_1	CNP0000460_P03T	CNP0000460	DF.classifications_0.25_0.22_204	Singlet	pANN_0.25_0.22_204	0.275456919060052
CNP0000460_GCAGCCAAGACTAGAT-1_1_1_1	CNP0000460_P03T	CNP0000460	DF.classifications_0.25_0.22_204	Singlet	pANN_0.25_0.22_204	0.0887728459530026
CNP0000460_GCAGCCACAAATTGCC-1_1_1_1	CNP0000460_P03T	CNP0000460	DF.classifications_0.25_0.22_204	Singlet	pANN_0.25_0.22_204	0.0920365535248042
CNP0000460_GCAGCCACATATGCTG-1_1_1_1	CNP0000460_P03T	CNP0000460	DF.classifications_0.25_0.22_204	Singlet	pANN_0.25_0.22_204	0.109007832898172
CNP0000460_GCAGCCAGTACAGACG-1_1_1_1	CNP0000460_P03T	CNP0000460	DF.classifications_0.25_0.22_204	Singlet	pANN_0.25_0.22_204	0.0887728459530026
CNP0000460_GCAGCCAGTCAACATC-1_1_1_1	CNP0000460_P03T	CNP0000460	DF.classifications_0.25_0.22_204	Singlet	pANN_0.25_0.22_204	0.359007832898172
CNP0000460_GCAGCCAGTCAGATAA-1_1_1_1	CNP0000460_P03T	CNP0000460	DF.classifications_0.25_0.22_204	Singlet	pANN_0.25_0.22_204	0.0946475195822454
CNP0000460_GCAGCCAGTCCGTGAC-1_1_1_1	CNP0000460_P03T	CNP0000460	DF.classifications_0.25_0.22_204	Singlet	pANN_0.25_0.22_204	0.152088772845953
CNP0000460_GCAGCCAGTCGGCTCA-1_1_1_1	CNP0000460_P03T	CNP0000460	DF.classifications_0.25_0.22_204	Singlet	pANN_0.25_0.22_204	0.359007832898172
CNP0000460_GCAGCCAGTCTGGTCG-1_1_1_1	CNP0000460_P03T	CNP0000460	DF.classifications_0.25_0.22_204	Singlet	pANN_0.25_0.22_204	0.0966057441253264
CNP0000460_GCAGCCAGTTATGCGT-1_1_1_1	CNP0000460_P03T	CNP0000460	DF.classifications_0.25_0.22_204	Singlet	pANN_0.25_0.22_204	0.357702349869452
CNP0000460_GCAGCCATCAATCTCT-1_1_1_1	CNP0000460_P03T	CNP0000460	DF.classifications_0.25_0.22_204	Singlet	pANN_0.25_0.22_204	0.359007832898172
CNP0000460_GCAGCCATCACGAAGG-1_1_1_1	CNP0000460_P03T	CNP0000460	DF.classifications_0.25_0.22_204	Singlet	pANN_0.25_0.22_204	0.233681462140992
CNP0000460_GCAGCCATCATTCACT-1_1_1_1	CNP0000460_P03T	CNP0000460	DF.classifications_0.25_0.22_204	Singlet	pANN_0.25_0.22_204	0.347911227154047
CNP0000460_GCAGCCATCTGATTCT-1_1_1_1	CNP0000460_P03T	CNP0000460	DF.classifications_0.25_0.22_204	Singlet	pANN_0.25_0.22_204	0.112271540469974
CNP0000460_GCAGTTAAGAAGGACA-1_1_1_1	CNP0000460_P03T	CNP0000460	DF.classifications_0.25_0.22_204	Singlet	pANN_0.25_0.22_204	0.275456919060052
CNP0000460_GCAGTTAAGGGTTCCC-1_1_1_1	CNP0000460_P03T	CNP0000460	DF.classifications_0.25_0.22_204	Singlet	pANN_0.25_0.22_204	0.111618798955614
CNP0000460_GCAGTTACACGCTTTC-1_1_1_1	CNP0000460_P03T	CNP0000460	DF.classifications_0.25_0.22_204	Singlet	pANN_0.25_0.22_204	0.0953002610966057
CNP0000460_GCAGTTACAGTTCATG-1_1_1_1	CNP0000460_P03T	CNP0000460	DF.classifications_0.25_0.22_204	Singlet	pANN_0.25_0.22_204	0.197127937336815
CNP0000460_GCAGTTACATATGGTC-1_1_1_1	CNP0000460_P03T	CNP0000460	DF.classifications_0.25_0.22_204	Singlet	pANN_0.25_0.22_204	0.101827676240209
CNP0000460_GCAGTTACATGCTGGC-1_1_1_1	CNP0000460_P03T	CNP0000460	DF.classifications_0.25_0.22_204	Singlet	pANN_0.25_0.22_204	0.351174934725849
CNP0000460_GCAGTTAGTCCCTTGT-1_1_1_1	CNP0000460_P03T	CNP0000460	DF.classifications_0.25_0.22_204	Singlet	pANN_0.25_0.22_204	0.360313315926893
CNP0000460_GCAGTTAGTGCTAGCC-1_1_1_1	CNP0000460_P03T	CNP0000460	DF.classifications_0.25_0.22_204	Singlet	pANN_0.25_0.22_204	0.272193211488251
CNP0000460_GCAGTTATCAACACGT-1_1_1_1	CNP0000460_P03T	CNP0000460	DF.classifications_0.25_0.22_204	Singlet	pANN_0.25_0.22_204	0.285248041775457
CNP0000460_GCAGTTATCCAAACTG-1_1_1_1	CNP0000460_P03T	CNP0000460	DF.classifications_0.25_0.22_204	Singlet	pANN_0.25_0.22_204	0.215404699738903
CNP0000460_GCAGTTATCCTATGTT-1_1_1_1	CNP0000460_P03T	CNP0000460	DF.classifications_0.25_0.22_204	Singlet	pANN_0.25_0.22_204	0.107049608355091
CNP0000460_GCAGTTATCTTCAACT-1_1_1_1	CNP0000460_P03T	CNP0000460	DF.classifications_0.25_0.22_204	Singlet	pANN_0.25_0.22_204	0.349216710182768
CNP0000460_GCAGTTATCTTGCATT-1_1_1_1	CNP0000460_P03T	CNP0000460	DF.classifications_0.25_0.22_204	Singlet	pANN_0.25_0.22_204	0.0946475195822454
CNP0000460_GCAGTTATCTTTAGTC-1_1_1_1	CNP0000460_P03T	CNP0000460	DF.classifications_0.25_0.22_204	Doublet	pANN_0.25_0.22_204	0.360966057441253
CNP0000460_GCATACAAGACAAGCC-1_1_1_1	CNP0000460_P03T	CNP0000460	DF.classifications_0.25_0.22_204	Singlet	pANN_0.25_0.22_204	0.349216710182768
CNP0000460_GCATACAAGGCCCTTG-1_1_1_1	CNP0000460_P03T	CNP0000460	DF.classifications_0.25_0.22_204	Singlet	pANN_0.25_0.22_204	0.0861618798955614
CNP0000460_GCATACAAGTTCGCAT-1_1_1_1	CNP0000460_P03T	CNP0000460	DF.classifications_0.25_0.22_204	Singlet	pANN_0.25_0.22_204	0.198433420365535
CNP0000460_GCATACACACAGAGGT-1_1_1_1	CNP0000460_P03T	CNP0000460	DF.classifications_0.25_0.22_204	Singlet	pANN_0.25_0.22_204	0.240861618798956
CNP0000460_GCATACACATGGTAGG-1_1_1_1	CNP0000460_P03T	CNP0000460	DF.classifications_0.25_0.22_204	Singlet	pANN_0.25_0.22_204	0.105744125326371
CNP0000460_GCATACAGTAAGTAGT-1_1_1_1	CNP0000460_P03T	CNP0000460	DF.classifications_0.25_0.22_204	Singlet	pANN_0.25_0.22_204	0.175587467362924
CNP0000460_GCATACAGTACGCTGC-1_1_1_1	CNP0000460_P03T	CNP0000460	DF.classifications_0.25_0.22_204	Singlet	pANN_0.25_0.22_204	0.351174934725849
CNP0000460_GCATACAGTCATATCG-1_1_1_1	CNP0000460_P03T	CNP0000460	DF.classifications_0.25_0.22_204	Singlet	pANN_0.25_0.22_204	0.29177545691906
CNP0000460_GCATACAGTTCGTGAT-1_1_1_1	CNP0000460_P03T	CNP0000460	DF.classifications_0.25_0.22_204	Singlet	pANN_0.25_0.22_204	0.118146214099217
CNP0000460_GCATACATCCATGCTC-1_1_1_1	CNP0000460_P03T	CNP0000460	DF.classifications_0.25_0.22_204	Singlet	pANN_0.25_0.22_204	0.33420365535248
CNP0000460_GCATACATCCGCATCT-1_1_1_1	CNP0000460_P03T	CNP0000460	DF.classifications_0.25_0.22_204	Singlet	pANN_0.25_0.22_204	0.0907310704960835
CNP0000460_GCATACATCCGTAGTA-1_1_1_1	CNP0000460_P03T	CNP0000460	DF.classifications_0.25_0.22_204	Singlet	pANN_0.25_0.22_204	0.176240208877285
CNP0000460_GCATGATAGCAGCCTC-1_1_1_1	CNP0000460_P03T	CNP0000460	DF.classifications_0.25_0.22_204	Singlet	pANN_0.25_0.22_204	0.14556135770235
CNP0000460_GCATGATAGCTAGTTC-1_1_1_1	CNP0000460_P03T	CNP0000460	DF.classifications_0.25_0.22_204	Singlet	pANN_0.25_0.22_204	0.102480417754569
CNP0000460_GCATGATAGTGGTAGC-1_1_1_1	CNP0000460_P03T	CNP0000460	DF.classifications_0.25_0.22_204	Singlet	pANN_0.25_0.22_204	0.356396866840731
CNP0000460_GCATGATCACCTATCC-1_1_1_1	CNP0000460_P03T	CNP0000460	DF.classifications_0.25_0.22_204	Doublet	pANN_0.25_0.22_204	0.361618798955614
CNP0000460_GCATGATCAGTGGAGT-1_1_1_1	CNP0000460_P03T	CNP0000460	DF.classifications_0.25_0.22_204	Singlet	pANN_0.25_0.22_204	0.0998694516971279
CNP0000460_GCATGATCATCGACGC-1_1_1_1	CNP0000460_P03T	CNP0000460	DF.classifications_0.25_0.22_204	Doublet	pANN_0.25_0.22_204	0.360966057441253
CNP0000460_GCATGATGTACCGTAT-1_1_1_1	CNP0000460_P03T	CNP0000460	DF.classifications_0.25_0.22_204	Singlet	pANN_0.25_0.22_204	0.35443864229765
CNP0000460_GCATGATGTCTCTCTG-1_1_1_1	CNP0000460_P03T	CNP0000460	DF.classifications_0.25_0.22_204	Singlet	pANN_0.25_0.22_204	0.258485639686684
CNP0000460_GCATGATGTTATGTGC-1_1_1_1	CNP0000460_P03T	CNP0000460	DF.classifications_0.25_0.22_204	Singlet	pANN_0.25_0.22_204	0.129242819843342
CNP0000460_GCATGATGTTCACGGC-1_1_1_1	CNP0000460_P03T	CNP0000460	DF.classifications_0.25_0.22_204	Singlet	pANN_0.25_0.22_204	0.0972584856396867
CNP0000460_GCATGATGTTGGGACA-1_1_1_1	CNP0000460_P03T	CNP0000460	DF.classifications_0.25_0.22_204	Singlet	pANN_0.25_0.22_204	0.0959530026109661
CNP0000460_GCATGATTCCCAAGAT-1_1_1_1	CNP0000460_P03T	CNP0000460	DF.classifications_0.25_0.22_204	Singlet	pANN_0.25_0.22_204	0.168407310704961
CNP0000460_GCATGATTCGTAGGAG-1_1_1_1	CNP0000460_P03T	CNP0000460	DF.classifications_0.25_0.22_204	Singlet	pANN_0.25_0.22_204	0.121409921671018
CNP0000460_GCATGATTCTATCCTA-1_1_1_1	CNP0000460_P03T	CNP0000460	DF.classifications_0.25_0.22_204	Singlet	pANN_0.25_0.22_204	0.116187989556136
CNP0000460_GCATGCGAGAGTGAGA-1_1_1_1	CNP0000460_P03T	CNP0000460	DF.classifications_0.25_0.22_204	Singlet	pANN_0.25_0.22_204	0.348563968668407
CNP0000460_GCATGCGAGATATGGT-1_1_1_1	CNP0000460_P03T	CNP0000460	DF.classifications_0.25_0.22_204	Singlet	pANN_0.25_0.22_204	0.281984334203655
CNP0000460_GCATGCGAGGAATTAC-1_1_1_1	CNP0000460_P03T	CNP0000460	DF.classifications_0.25_0.22_204	Singlet	pANN_0.25_0.22_204	0.0881201044386423
CNP0000460_GCATGCGCAAGTTGTC-1_1_1_1	CNP0000460_P03T	CNP0000460	DF.classifications_0.25_0.22_204	Singlet	pANN_0.25_0.22_204	0.150130548302872
CNP0000460_GCATGCGCACCAGGTC-1_1_1_1	CNP0000460_P03T	CNP0000460	DF.classifications_0.25_0.22_204	Singlet	pANN_0.25_0.22_204	0.358355091383812
CNP0000460_GCATGCGCACTTACGA-1_1_1_1	CNP0000460_P03T	CNP0000460	DF.classifications_0.25_0.22_204	Singlet	pANN_0.25_0.22_204	0.343994778067885
CNP0000460_GCATGCGCAGATAATG-1_1_1_1	CNP0000460_P03T	CNP0000460	DF.classifications_0.25_0.22_204	Singlet	pANN_0.25_0.22_204	0.2911227154047
CNP0000460_GCATGCGCATGAACCT-1_1_1_1	CNP0000460_P03T	CNP0000460	DF.classifications_0.25_0.22_204	Singlet	pANN_0.25_0.22_204	0.283289817232376
CNP0000460_GCATGCGGTAAACCTC-1_1_1_1	CNP0000460_P03T	CNP0000460	DF.classifications_0.25_0.22_204	Singlet	pANN_0.25_0.22_204	0.0966057441253264
CNP0000460_GCATGCGGTCGATTGT-1_1_1_1	CNP0000460_P03T	CNP0000460	DF.classifications_0.25_0.22_204	Singlet	pANN_0.25_0.22_204	0.355744125326371
CNP0000460_GCATGCGGTGGCCCTA-1_1_1_1	CNP0000460_P03T	CNP0000460	DF.classifications_0.25_0.22_204	Singlet	pANN_0.25_0.22_204	0.300913838120104
CNP0000460_GCATGCGGTTAAGGGC-1_1_1_1	CNP0000460_P03T	CNP0000460	DF.classifications_0.25_0.22_204	Singlet	pANN_0.25_0.22_204	0.346605744125326
CNP0000460_GCATGCGTCAGAAATG-1_1_1_1	CNP0000460_P03T	CNP0000460	DF.classifications_0.25_0.22_204	Singlet	pANN_0.25_0.22_204	0.35509138381201
CNP0000460_GCATGCGTCGGGAGTA-1_1_1_1	CNP0000460_P03T	CNP0000460	DF.classifications_0.25_0.22_204	Singlet	pANN_0.25_0.22_204	0.156005221932115
CNP0000460_GCATGCGTCTATCCTA-1_1_1_1	CNP0000460_P03T	CNP0000460	DF.classifications_0.25_0.22_204	Singlet	pANN_0.25_0.22_204	0.281984334203655
CNP0000460_GCATGCGTCTTGAGAC-1_1_1_1	CNP0000460_P03T	CNP0000460	DF.classifications_0.25_0.22_204	Singlet	pANN_0.25_0.22_204	0.2088772845953
CNP0000460_GCATGTAAGCTGAACG-1_1_1_1	CNP0000460_P03T	CNP0000460	DF.classifications_0.25_0.22_204	Singlet	pANN_0.25_0.22_204	0.25
CNP0000460_GCATGTAAGGATATAC-1_1_1_1	CNP0000460_P03T	CNP0000460	DF.classifications_0.25_0.22_204	Singlet	pANN_0.25_0.22_204	0.248694516971279
CNP0000460_GCATGTACAAACTGTC-1_1_1_1	CNP0000460_P03T	CNP0000460	DF.classifications_0.25_0.22_204	Singlet	pANN_0.25_0.22_204	0.0959530026109661
CNP0000460_GCATGTACACACATGT-1_1_1_1	CNP0000460_P03T	CNP0000460	DF.classifications_0.25_0.22_204	Singlet	pANN_0.25_0.22_204	0.355744125326371
CNP0000460_GCATGTACACAGATTC-1_1_1_1	CNP0000460_P03T	CNP0000460	DF.classifications_0.25_0.22_204	Singlet	pANN_0.25_0.22_204	0.101827676240209
CNP0000460_GCATGTACATCTATGG-1_1_1_1	CNP0000460_P03T	CNP0000460	DF.classifications_0.25_0.22_204	Singlet	pANN_0.25_0.22_204	0.176892950391645
CNP0000460_GCATGTACATTGAGCT-1_1_1_1	CNP0000460_P03T	CNP0000460	DF.classifications_0.25_0.22_204	Singlet	pANN_0.25_0.22_204	0.295691906005222
CNP0000460_GCATGTAGTAGTGAAT-1_1_1_1	CNP0000460_P03T	CNP0000460	DF.classifications_0.25_0.22_204	Singlet	pANN_0.25_0.22_204	0.154046997389034
CNP0000460_GCATGTATCACATGCA-1_1_1_1	CNP0000460_P03T	CNP0000460	DF.classifications_0.25_0.22_204	Singlet	pANN_0.25_0.22_204	0.258485639686684
CNP0000460_GCATGTATCACCCTCA-1_1_1_1	CNP0000460_P03T	CNP0000460	DF.classifications_0.25_0.22_204	Singlet	pANN_0.25_0.22_204	0.331592689295039
CNP0000460_GCCAAATAGAATTCCC-1_1_1_1	CNP0000460_P03T	CNP0000460	DF.classifications_0.25_0.22_204	Singlet	pANN_0.25_0.22_204	0.280678851174935
CNP0000460_GCCAAATAGCGTCAAG-1_1_1_1	CNP0000460_P03T	CNP0000460	DF.classifications_0.25_0.22_204	Singlet	pANN_0.25_0.22_204	0.111618798955614
CNP0000460_GCCAAATAGTGAAGAG-1_1_1_1	CNP0000460_P03T	CNP0000460	DF.classifications_0.25_0.22_204	Singlet	pANN_0.25_0.22_204	0.0953002610966057
CNP0000460_GCCAAATCACATCCGG-1_1_1_1	CNP0000460_P03T	CNP0000460	DF.classifications_0.25_0.22_204	Singlet	pANN_0.25_0.22_204	0.148825065274151
CNP0000460_GCCAAATCACGTCTCT-1_1_1_1	CNP0000460_P03T	CNP0000460	DF.classifications_0.25_0.22_204	Singlet	pANN_0.25_0.22_204	0.110313315926893
CNP0000460_GCCAAATGTATTCTCT-1_1_1_1	CNP0000460_P03T	CNP0000460	DF.classifications_0.25_0.22_204	Singlet	pANN_0.25_0.22_204	0.110313315926893
CNP0000460_GCCAAATGTGAAATCA-1_1_1_1	CNP0000460_P03T	CNP0000460	DF.classifications_0.25_0.22_204	Singlet	pANN_0.25_0.22_204	0.0972584856396867
CNP0000460_GCCAAATTCTACGAGT-1_1_1_1	CNP0000460_P03T	CNP0000460	DF.classifications_0.25_0.22_204	Singlet	pANN_0.25_0.22_204	0.172323759791123
CNP0000460_GCCAAATTCTTCATGT-1_1_1_1	CNP0000460_P03T	CNP0000460	DF.classifications_0.25_0.22_204	Singlet	pANN_0.25_0.22_204	0.35313315926893
CNP0000460_GCCTCTAAGCCCAGCT-1_1_1_1	CNP0000460_P03T	CNP0000460	DF.classifications_0.25_0.22_204	Singlet	pANN_0.25_0.22_204	0.357702349869452
CNP0000460_GCCTCTAAGTGTGAAT-1_1_1_1	CNP0000460_P03T	CNP0000460	DF.classifications_0.25_0.22_204	Singlet	pANN_0.25_0.22_204	0.220626631853786
CNP0000460_GCCTCTACACAGATTC-1_1_1_1	CNP0000460_P03T	CNP0000460	DF.classifications_0.25_0.22_204	Singlet	pANN_0.25_0.22_204	0.100522193211488
CNP0000460_GCCTCTACACTTCTGC-1_1_1_1	CNP0000460_P03T	CNP0000460	DF.classifications_0.25_0.22_204	Singlet	pANN_0.25_0.22_204	0.157963446475196
CNP0000460_GCCTCTACAGAGCCAA-1_1_1_1	CNP0000460_P03T	CNP0000460	DF.classifications_0.25_0.22_204	Singlet	pANN_0.25_0.22_204	0.35378590078329
CNP0000460_GCCTCTACAGGACGTA-1_1_1_1	CNP0000460_P03T	CNP0000460	DF.classifications_0.25_0.22_204	Singlet	pANN_0.25_0.22_204	0.0887728459530026
CNP0000460_GCCTCTAGTAGGAGTC-1_1_1_1	CNP0000460_P03T	CNP0000460	DF.classifications_0.25_0.22_204	Singlet	pANN_0.25_0.22_204	0.118798955613577
CNP0000460_GCCTCTAGTCATGCCG-1_1_1_1	CNP0000460_P03T	CNP0000460	DF.classifications_0.25_0.22_204	Singlet	pANN_0.25_0.22_204	0.0959530026109661
CNP0000460_GCCTCTAGTCGACTAT-1_1_1_1	CNP0000460_P03T	CNP0000460	DF.classifications_0.25_0.22_204	Singlet	pANN_0.25_0.22_204	0.189295039164491
CNP0000460_GCCTCTAGTGTTAAGA-1_1_1_1	CNP0000460_P03T	CNP0000460	DF.classifications_0.25_0.22_204	Singlet	pANN_0.25_0.22_204	0.149477806788512
CNP0000460_GCCTCTATCATCACCC-1_1_1_1	CNP0000460_P03T	CNP0000460	DF.classifications_0.25_0.22_204	Singlet	pANN_0.25_0.22_204	0.0796344647519582
CNP0000460_GCCTCTATCCGCATAA-1_1_1_1	CNP0000460_P03T	CNP0000460	DF.classifications_0.25_0.22_204	Singlet	pANN_0.25_0.22_204	0.261749347258486
CNP0000460_GCGACCACAGCTCCGA-1_1_1_1	CNP0000460_P03T	CNP0000460	DF.classifications_0.25_0.22_204	Singlet	pANN_0.25_0.22_204	0.0946475195822454
CNP0000460_GCGACCACAGCTGCAC-1_1_1_1	CNP0000460_P03T	CNP0000460	DF.classifications_0.25_0.22_204	Singlet	pANN_0.25_0.22_204	0.263707571801567
CNP0000460_GCGACCACAGTAGAGC-1_1_1_1	CNP0000460_P03T	CNP0000460	DF.classifications_0.25_0.22_204	Singlet	pANN_0.25_0.22_204	0.134464751958225
CNP0000460_GCGACCACATTCTTAC-1_1_1_1	CNP0000460_P03T	CNP0000460	DF.classifications_0.25_0.22_204	Singlet	pANN_0.25_0.22_204	0.360313315926893
CNP0000460_GCGACCAGTAAGTAGT-1_1_1_1	CNP0000460_P03T	CNP0000460	DF.classifications_0.25_0.22_204	Singlet	pANN_0.25_0.22_204	0.35509138381201
CNP0000460_GCGACCAGTGTGCGTC-1_1_1_1	CNP0000460_P03T	CNP0000460	DF.classifications_0.25_0.22_204	Singlet	pANN_0.25_0.22_204	0.110966057441253
CNP0000460_GCGAGAAAGAACAATC-1_1_1_1	CNP0000460_P03T	CNP0000460	DF.classifications_0.25_0.22_204	Singlet	pANN_0.25_0.22_204	0.195169712793734
CNP0000460_GCGAGAAAGCACAGGT-1_1_1_1	CNP0000460_P03T	CNP0000460	DF.classifications_0.25_0.22_204	Singlet	pANN_0.25_0.22_204	0.358355091383812
CNP0000460_GCGAGAAAGCGTCTAT-1_1_1_1	CNP0000460_P03T	CNP0000460	DF.classifications_0.25_0.22_204	Singlet	pANN_0.25_0.22_204	0.101827676240209
CNP0000460_GCGAGAAAGCTCAACT-1_1_1_1	CNP0000460_P03T	CNP0000460	DF.classifications_0.25_0.22_204	Singlet	pANN_0.25_0.22_204	0.161879895561358
CNP0000460_GCGAGAACATAGGATA-1_1_1_1	CNP0000460_P03T	CNP0000460	DF.classifications_0.25_0.22_204	Singlet	pANN_0.25_0.22_204	0.342689295039165
CNP0000460_GCGAGAAGTAAGTTCC-1_1_1_1	CNP0000460_P03T	CNP0000460	DF.classifications_0.25_0.22_204	Singlet	pANN_0.25_0.22_204	0.214751958224543
CNP0000460_GCGAGAAGTATTACCG-1_1_1_1	CNP0000460_P03T	CNP0000460	DF.classifications_0.25_0.22_204	Singlet	pANN_0.25_0.22_204	0.351827676240209
CNP0000460_GCGAGAAGTTACGGAG-1_1_1_1	CNP0000460_P03T	CNP0000460	DF.classifications_0.25_0.22_204	Singlet	pANN_0.25_0.22_204	0.285248041775457
CNP0000460_GCGAGAAGTTATCGGT-1_1_1_1	CNP0000460_P03T	CNP0000460	DF.classifications_0.25_0.22_204	Singlet	pANN_0.25_0.22_204	0.0907310704960835
CNP0000460_GCGAGAAGTTGTACAC-1_1_1_1	CNP0000460_P03T	CNP0000460	DF.classifications_0.25_0.22_204	Singlet	pANN_0.25_0.22_204	0.077023498694517
CNP0000460_GCGAGAAGTTTACTCT-1_1_1_1	CNP0000460_P03T	CNP0000460	DF.classifications_0.25_0.22_204	Singlet	pANN_0.25_0.22_204	0.195822454308094
CNP0000460_GCGAGAATCTACGAGT-1_1_1_1	CNP0000460_P03T	CNP0000460	DF.classifications_0.25_0.22_204	Singlet	pANN_0.25_0.22_204	0.142950391644909
CNP0000460_GCGAGAATCTATGTGG-1_1_1_1	CNP0000460_P03T	CNP0000460	DF.classifications_0.25_0.22_204	Singlet	pANN_0.25_0.22_204	0.189295039164491
CNP0000460_GCGCAACAGAGATGAG-1_1_1_1	CNP0000460_P03T	CNP0000460	DF.classifications_0.25_0.22_204	Singlet	pANN_0.25_0.22_204	0.152741514360313
CNP0000460_GCGCAACAGCTAAGAT-1_1_1_1	CNP0000460_P03T	CNP0000460	DF.classifications_0.25_0.22_204	Singlet	pANN_0.25_0.22_204	0.0789817232375979
CNP0000460_GCGCAACAGGATTCGG-1_1_1_1	CNP0000460_P03T	CNP0000460	DF.classifications_0.25_0.22_204	Singlet	pANN_0.25_0.22_204	0.129895561357702
CNP0000460_GCGCAACAGGTGTGGT-1_1_1_1	CNP0000460_P03T	CNP0000460	DF.classifications_0.25_0.22_204	Singlet	pANN_0.25_0.22_204	0.119451697127937
CNP0000460_GCGCAACAGTTCGCGC-1_1_1_1	CNP0000460_P03T	CNP0000460	DF.classifications_0.25_0.22_204	Singlet	pANN_0.25_0.22_204	0.173629242819843
CNP0000460_GCGCAACCACATCCAA-1_1_1_1	CNP0000460_P03T	CNP0000460	DF.classifications_0.25_0.22_204	Singlet	pANN_0.25_0.22_204	0.0796344647519582
CNP0000460_GCGCAACCATTGGTAC-1_1_1_1	CNP0000460_P03T	CNP0000460	DF.classifications_0.25_0.22_204	Singlet	pANN_0.25_0.22_204	0.355744125326371
CNP0000460_GCGCAACGTAAACGCG-1_1_1_1	CNP0000460_P03T	CNP0000460	DF.classifications_0.25_0.22_204	Singlet	pANN_0.25_0.22_204	0.283289817232376
CNP0000460_GCGCAACGTTCTGAAC-1_1_1_1	CNP0000460_P03T	CNP0000460	DF.classifications_0.25_0.22_204	Singlet	pANN_0.25_0.22_204	0.0985639686684073
CNP0000460_GCGCAACTCAAGCCTA-1_1_1_1	CNP0000460_P03T	CNP0000460	DF.classifications_0.25_0.22_204	Singlet	pANN_0.25_0.22_204	0.256527415143603
CNP0000460_GCGCAACTCACCGTAA-1_1_1_1	CNP0000460_P03T	CNP0000460	DF.classifications_0.25_0.22_204	Singlet	pANN_0.25_0.22_204	0.0946475195822454
CNP0000460_GCGCAACTCATGCATG-1_1_1_1	CNP0000460_P03T	CNP0000460	DF.classifications_0.25_0.22_204	Singlet	pANN_0.25_0.22_204	0.16644908616188
CNP0000460_GCGCAACTCTACTCAT-1_1_1_1	CNP0000460_P03T	CNP0000460	DF.classifications_0.25_0.22_204	Singlet	pANN_0.25_0.22_204	0.349869451697128
CNP0000460_GCGCAGTAGAGTAATC-1_1_1_1	CNP0000460_P03T	CNP0000460	DF.classifications_0.25_0.22_204	Singlet	pANN_0.25_0.22_204	0.127284595300261
CNP0000460_GCGCAGTAGTGGAGAA-1_1_1_1	CNP0000460_P03T	CNP0000460	DF.classifications_0.25_0.22_204	Doublet	pANN_0.25_0.22_204	0.366840731070496
CNP0000460_GCGCAGTAGTTCGATC-1_1_1_1	CNP0000460_P03T	CNP0000460	DF.classifications_0.25_0.22_204	Singlet	pANN_0.25_0.22_204	0.35509138381201
CNP0000460_GCGCAGTGTGAGGGTT-1_1_1_1	CNP0000460_P03T	CNP0000460	DF.classifications_0.25_0.22_204	Singlet	pANN_0.25_0.22_204	0.290469973890339
CNP0000460_GCGCAGTGTTCGTTGA-1_1_1_1	CNP0000460_P03T	CNP0000460	DF.classifications_0.25_0.22_204	Singlet	pANN_0.25_0.22_204	0.355744125326371
CNP0000460_GCGCAGTTCAGGCGAA-1_1_1_1	CNP0000460_P03T	CNP0000460	DF.classifications_0.25_0.22_204	Singlet	pANN_0.25_0.22_204	0.113577023498695
CNP0000460_GCGCAGTTCCAGAAGG-1_1_1_1	CNP0000460_P03T	CNP0000460	DF.classifications_0.25_0.22_204	Singlet	pANN_0.25_0.22_204	0.234334203655352
CNP0000460_GCGCAGTTCGGTCTAA-1_1_1_1	CNP0000460_P03T	CNP0000460	DF.classifications_0.25_0.22_204	Singlet	pANN_0.25_0.22_204	0.285248041775457
CNP0000460_GCGCAGTTCTGTCTCG-1_1_1_1	CNP0000460_P03T	CNP0000460	DF.classifications_0.25_0.22_204	Singlet	pANN_0.25_0.22_204	0.352480417754569
CNP0000460_GCGCCAAAGCCTATGT-1_1_1_1	CNP0000460_P03T	CNP0000460	DF.classifications_0.25_0.22_204	Singlet	pANN_0.25_0.22_204	0.0966057441253264
CNP0000460_GCGCCAAGTACAGTGG-1_1_1_1	CNP0000460_P03T	CNP0000460	DF.classifications_0.25_0.22_204	Singlet	pANN_0.25_0.22_204	0.0920365535248042
CNP0000460_GCGCCAAGTGTGACCC-1_1_1_1	CNP0000460_P03T	CNP0000460	DF.classifications_0.25_0.22_204	Singlet	pANN_0.25_0.22_204	0.268276762402089
CNP0000460_GCGCCAAGTTAGTGGG-1_1_1_1	CNP0000460_P03T	CNP0000460	DF.classifications_0.25_0.22_204	Singlet	pANN_0.25_0.22_204	0.110313315926893
CNP0000460_GCGCCAAGTTCAACCA-1_1_1_1	CNP0000460_P03T	CNP0000460	DF.classifications_0.25_0.22_204	Singlet	pANN_0.25_0.22_204	0.129895561357702
CNP0000460_GCGCCAATCCACTCCA-1_1_1_1	CNP0000460_P03T	CNP0000460	DF.classifications_0.25_0.22_204	Singlet	pANN_0.25_0.22_204	0.352480417754569
CNP0000460_GCGCGATAGAATGTTG-1_1_1_1	CNP0000460_P03T	CNP0000460	DF.classifications_0.25_0.22_204	Singlet	pANN_0.25_0.22_204	0.357049608355091
CNP0000460_GCGCGATAGGCAGTCA-1_1_1_1	CNP0000460_P03T	CNP0000460	DF.classifications_0.25_0.22_204	Singlet	pANN_0.25_0.22_204	0.35378590078329
CNP0000460_GCGCGATAGTACGCCC-1_1_1_1	CNP0000460_P03T	CNP0000460	DF.classifications_0.25_0.22_204	Singlet	pANN_0.25_0.22_204	0.278067885117493
CNP0000460_GCGCGATCAACTGCGC-1_1_1_1	CNP0000460_P03T	CNP0000460	DF.classifications_0.25_0.22_204	Singlet	pANN_0.25_0.22_204	0.146866840731071
CNP0000460_GCGCGATCAATAGAGT-1_1_1_1	CNP0000460_P03T	CNP0000460	DF.classifications_0.25_0.22_204	Singlet	pANN_0.25_0.22_204	0.35509138381201
CNP0000460_GCGCGATCAGACACTT-1_1_1_1	CNP0000460_P03T	CNP0000460	DF.classifications_0.25_0.22_204	Singlet	pANN_0.25_0.22_204	0.10443864229765
CNP0000460_GCGCGATGTCGGCATC-1_1_1_1	CNP0000460_P03T	CNP0000460	DF.classifications_0.25_0.22_204	Singlet	pANN_0.25_0.22_204	0.35443864229765
CNP0000460_GCGCGATTCAGCTCGG-1_1_1_1	CNP0000460_P03T	CNP0000460	DF.classifications_0.25_0.22_204	Singlet	pANN_0.25_0.22_204	0.214099216710183
CNP0000460_GCGCGATTCAGCTTAG-1_1_1_1	CNP0000460_P03T	CNP0000460	DF.classifications_0.25_0.22_204	Singlet	pANN_0.25_0.22_204	0.127937336814621
CNP0000460_GCGCGATTCGCGGATC-1_1_1_1	CNP0000460_P03T	CNP0000460	DF.classifications_0.25_0.22_204	Singlet	pANN_0.25_0.22_204	0.0907310704960835
CNP0000460_GCGCGATTCTTCCTTC-1_1_1_1	CNP0000460_P03T	CNP0000460	DF.classifications_0.25_0.22_204	Singlet	pANN_0.25_0.22_204	0.117493472584856
CNP0000460_GCGGGTTAGAAGGCCT-1_1_1_1	CNP0000460_P03T	CNP0000460	DF.classifications_0.25_0.22_204	Singlet	pANN_0.25_0.22_204	0.33289817232376
CNP0000460_GCGGGTTAGACCTTTG-1_1_1_1	CNP0000460_P03T	CNP0000460	DF.classifications_0.25_0.22_204	Singlet	pANN_0.25_0.22_204	0.105744125326371
CNP0000460_GCGGGTTAGCACCGTC-1_1_1_1	CNP0000460_P03T	CNP0000460	DF.classifications_0.25_0.22_204	Singlet	pANN_0.25_0.22_204	0.106396866840731
CNP0000460_GCGGGTTAGGCTACGA-1_1_1_1	CNP0000460_P03T	CNP0000460	DF.classifications_0.25_0.22_204	Singlet	pANN_0.25_0.22_204	0.35313315926893
CNP0000460_GCGGGTTCACATTTCT-1_1_1_1	CNP0000460_P03T	CNP0000460	DF.classifications_0.25_0.22_204	Singlet	pANN_0.25_0.22_204	0.0894255874673629
CNP0000460_GCGGGTTCAGGGATTG-1_1_1_1	CNP0000460_P03T	CNP0000460	DF.classifications_0.25_0.22_204	Singlet	pANN_0.25_0.22_204	0.157310704960836
CNP0000460_GCGGGTTCAGTCGTGC-1_1_1_1	CNP0000460_P03T	CNP0000460	DF.classifications_0.25_0.22_204	Singlet	pANN_0.25_0.22_204	0.173629242819843
CNP0000460_GCGGGTTCATACGCCG-1_1_1_1	CNP0000460_P03T	CNP0000460	DF.classifications_0.25_0.22_204	Singlet	pANN_0.25_0.22_204	0.116187989556136
CNP0000460_GCGGGTTGTAACGACG-1_1_1_1	CNP0000460_P03T	CNP0000460	DF.classifications_0.25_0.22_204	Singlet	pANN_0.25_0.22_204	0.287859007832898
CNP0000460_GCGGGTTGTACATGTC-1_1_1_1	CNP0000460_P03T	CNP0000460	DF.classifications_0.25_0.22_204	Singlet	pANN_0.25_0.22_204	0.35509138381201
CNP0000460_GCGGGTTGTCACTGGC-1_1_1_1	CNP0000460_P03T	CNP0000460	DF.classifications_0.25_0.22_204	Singlet	pANN_0.25_0.22_204	0.345953002610966
CNP0000460_GCGGGTTGTGTTTGGT-1_1_1_1	CNP0000460_P03T	CNP0000460	DF.classifications_0.25_0.22_204	Singlet	pANN_0.25_0.22_204	0.342036553524804
CNP0000460_GCGGGTTTCCGAATGT-1_1_1_1	CNP0000460_P03T	CNP0000460	DF.classifications_0.25_0.22_204	Singlet	pANN_0.25_0.22_204	0.345953002610966
CNP0000460_GCTCCTAAGCATCATC-1_1_1_1	CNP0000460_P03T	CNP0000460	DF.classifications_0.25_0.22_204	Singlet	pANN_0.25_0.22_204	0.227154046997389
CNP0000460_GCTCCTAAGGTGACCA-1_1_1_1	CNP0000460_P03T	CNP0000460	DF.classifications_0.25_0.22_204	Singlet	pANN_0.25_0.22_204	0.0691906005221932
CNP0000460_GCTCCTAAGTCAAGCG-1_1_1_1	CNP0000460_P03T	CNP0000460	DF.classifications_0.25_0.22_204	Singlet	pANN_0.25_0.22_204	0.327023498694517
CNP0000460_GCTCCTACAAGACACG-1_1_1_1	CNP0000460_P03T	CNP0000460	DF.classifications_0.25_0.22_204	Singlet	pANN_0.25_0.22_204	0.117493472584856
CNP0000460_GCTCCTACAGCTGCAC-1_1_1_1	CNP0000460_P03T	CNP0000460	DF.classifications_0.25_0.22_204	Singlet	pANN_0.25_0.22_204	0.12402088772846
CNP0000460_GCTCCTAGTCAAGCGA-1_1_1_1	CNP0000460_P03T	CNP0000460	DF.classifications_0.25_0.22_204	Singlet	pANN_0.25_0.22_204	0.357702349869452
CNP0000460_GCTCCTAGTCGGCTCA-1_1_1_1	CNP0000460_P03T	CNP0000460	DF.classifications_0.25_0.22_204	Singlet	pANN_0.25_0.22_204	0.163838120104439
CNP0000460_GCTCCTATCACTCTTA-1_1_1_1	CNP0000460_P03T	CNP0000460	DF.classifications_0.25_0.22_204	Singlet	pANN_0.25_0.22_204	0.195822454308094
CNP0000460_GCTCCTATCAGAGGTG-1_1_1_1	CNP0000460_P03T	CNP0000460	DF.classifications_0.25_0.22_204	Singlet	pANN_0.25_0.22_204	0.179503916449086
CNP0000460_GCTCCTATCGCGTTTC-1_1_1_1	CNP0000460_P03T	CNP0000460	DF.classifications_0.25_0.22_204	Singlet	pANN_0.25_0.22_204	0.111618798955614
CNP0000460_GCTCCTATCGGCATCG-1_1_1_1	CNP0000460_P03T	CNP0000460	DF.classifications_0.25_0.22_204	Singlet	pANN_0.25_0.22_204	0.35378590078329
CNP0000460_GCTCCTATCTCAAGTG-1_1_1_1	CNP0000460_P03T	CNP0000460	DF.classifications_0.25_0.22_204	Singlet	pANN_0.25_0.22_204	0.107702349869452
CNP0000460_GCTCCTATCTGTTTGT-1_1_1_1	CNP0000460_P03T	CNP0000460	DF.classifications_0.25_0.22_204	Singlet	pANN_0.25_0.22_204	0.14621409921671
CNP0000460_GCTCTGTAGGCTCAGA-1_1_1_1	CNP0000460_P03T	CNP0000460	DF.classifications_0.25_0.22_204	Singlet	pANN_0.25_0.22_204	0.269582245430809
CNP0000460_GCTCTGTCAGTATCTG-1_1_1_1	CNP0000460_P03T	CNP0000460	DF.classifications_0.25_0.22_204	Singlet	pANN_0.25_0.22_204	0.0953002610966057
CNP0000460_GCTCTGTCATGAACCT-1_1_1_1	CNP0000460_P03T	CNP0000460	DF.classifications_0.25_0.22_204	Singlet	pANN_0.25_0.22_204	0.263054830287206
CNP0000460_GCTCTGTGTCGGCACT-1_1_1_1	CNP0000460_P03T	CNP0000460	DF.classifications_0.25_0.22_204	Singlet	pANN_0.25_0.22_204	0.276762402088773
CNP0000460_GCTCTGTGTGCGGTAA-1_1_1_1	CNP0000460_P03T	CNP0000460	DF.classifications_0.25_0.22_204	Singlet	pANN_0.25_0.22_204	0.148172323759791
CNP0000460_GCTCTGTGTTTGTTGG-1_1_1_1	CNP0000460_P03T	CNP0000460	DF.classifications_0.25_0.22_204	Singlet	pANN_0.25_0.22_204	0.336814621409922
CNP0000460_GCTGCAGAGATGCCAG-1_1_1_1	CNP0000460_P03T	CNP0000460	DF.classifications_0.25_0.22_204	Singlet	pANN_0.25_0.22_204	0.294386422976501
CNP0000460_GCTGCAGAGATTACCC-1_1_1_1	CNP0000460_P03T	CNP0000460	DF.classifications_0.25_0.22_204	Singlet	pANN_0.25_0.22_204	0.286553524804178
CNP0000460_GCTGCAGAGGACTGGT-1_1_1_1	CNP0000460_P03T	CNP0000460	DF.classifications_0.25_0.22_204	Singlet	pANN_0.25_0.22_204	0.159921671018277
CNP0000460_GCTGCAGCAAAGTCAA-1_1_1_1	CNP0000460_P03T	CNP0000460	DF.classifications_0.25_0.22_204	Singlet	pANN_0.25_0.22_204	0.142297650130548
CNP0000460_GCTGCAGCAATTCCTT-1_1_1_1	CNP0000460_P03T	CNP0000460	DF.classifications_0.25_0.22_204	Singlet	pANN_0.25_0.22_204	0.350522193211488
CNP0000460_GCTGCAGCACAGACTT-1_1_1_1	CNP0000460_P03T	CNP0000460	DF.classifications_0.25_0.22_204	Singlet	pANN_0.25_0.22_204	0.111618798955614
CNP0000460_GCTGCAGCACTATCTT-1_1_1_1	CNP0000460_P03T	CNP0000460	DF.classifications_0.25_0.22_204	Singlet	pANN_0.25_0.22_204	0.261096605744125
CNP0000460_GCTGCAGCAGCGATCC-1_1_1_1	CNP0000460_P03T	CNP0000460	DF.classifications_0.25_0.22_204	Singlet	pANN_0.25_0.22_204	0.10313315926893
CNP0000460_GCTGCAGCAGTCTTCC-1_1_1_1	CNP0000460_P03T	CNP0000460	DF.classifications_0.25_0.22_204	Singlet	pANN_0.25_0.22_204	0.0842036553524804
CNP0000460_GCTGCAGTCGGAAACG-1_1_1_1	CNP0000460_P03T	CNP0000460	DF.classifications_0.25_0.22_204	Singlet	pANN_0.25_0.22_204	0.178851174934726
CNP0000460_GCTGCAGTCTGGGCCA-1_1_1_1	CNP0000460_P03T	CNP0000460	DF.classifications_0.25_0.22_204	Doublet	pANN_0.25_0.22_204	0.362271540469974
CNP0000460_GCTGCGAAGAACTCGG-1_1_1_1	CNP0000460_P03T	CNP0000460	DF.classifications_0.25_0.22_204	Singlet	pANN_0.25_0.22_204	0.177545691906005
CNP0000460_GCTGCGAAGATCTGAA-1_1_1_1	CNP0000460_P03T	CNP0000460	DF.classifications_0.25_0.22_204	Singlet	pANN_0.25_0.22_204	0.137728459530026
CNP0000460_GCTGCGAAGCCACGCT-1_1_1_1	CNP0000460_P03T	CNP0000460	DF.classifications_0.25_0.22_204	Singlet	pANN_0.25_0.22_204	0.202349869451697
CNP0000460_GCTGCGACACAGTCGC-1_1_1_1	CNP0000460_P03T	CNP0000460	DF.classifications_0.25_0.22_204	Singlet	pANN_0.25_0.22_204	0.0926892950391645
CNP0000460_GCTGCGAGTAGAGTGC-1_1_1_1	CNP0000460_P03T	CNP0000460	DF.classifications_0.25_0.22_204	Singlet	pANN_0.25_0.22_204	0.278720626631854
CNP0000460_GCTGCGAGTTATGCGT-1_1_1_1	CNP0000460_P03T	CNP0000460	DF.classifications_0.25_0.22_204	Singlet	pANN_0.25_0.22_204	0.350522193211488
CNP0000460_GCTGCGATCCGGCACA-1_1_1_1	CNP0000460_P03T	CNP0000460	DF.classifications_0.25_0.22_204	Singlet	pANN_0.25_0.22_204	0.146866840731071
CNP0000460_GCTGCTTAGAGTGAGA-1_1_1_1	CNP0000460_P03T	CNP0000460	DF.classifications_0.25_0.22_204	Singlet	pANN_0.25_0.22_204	0.085509138381201
CNP0000460_GCTGCTTAGCGTGTCC-1_1_1_1	CNP0000460_P03T	CNP0000460	DF.classifications_0.25_0.22_204	Singlet	pANN_0.25_0.22_204	0.150130548302872
CNP0000460_GCTGCTTAGTAGCGGT-1_1_1_1	CNP0000460_P03T	CNP0000460	DF.classifications_0.25_0.22_204	Singlet	pANN_0.25_0.22_204	0.359660574412533
CNP0000460_GCTGCTTCAAAGCAAT-1_1_1_1	CNP0000460_P03T	CNP0000460	DF.classifications_0.25_0.22_204	Singlet	pANN_0.25_0.22_204	0.14621409921671
CNP0000460_GCTGCTTCAACTTGAC-1_1_1_1	CNP0000460_P03T	CNP0000460	DF.classifications_0.25_0.22_204	Singlet	pANN_0.25_0.22_204	0.351827676240209
CNP0000460_GCTGCTTCATGTAAGA-1_1_1_1	CNP0000460_P03T	CNP0000460	DF.classifications_0.25_0.22_204	Singlet	pANN_0.25_0.22_204	0.134464751958225
CNP0000460_GCTGCTTGTACGAAAT-1_1_1_1	CNP0000460_P03T	CNP0000460	DF.classifications_0.25_0.22_204	Singlet	pANN_0.25_0.22_204	0.349869451697128
CNP0000460_GCTGCTTGTGTCTGAT-1_1_1_1	CNP0000460_P03T	CNP0000460	DF.classifications_0.25_0.22_204	Singlet	pANN_0.25_0.22_204	0.355744125326371
CNP0000460_GCTGCTTTCATAAAGG-1_1_1_1	CNP0000460_P03T	CNP0000460	DF.classifications_0.25_0.22_204	Singlet	pANN_0.25_0.22_204	0.356396866840731
CNP0000460_GCTGCTTTCGGAGCAA-1_1_1_1	CNP0000460_P03T	CNP0000460	DF.classifications_0.25_0.22_204	Singlet	pANN_0.25_0.22_204	0.150130548302872
CNP0000460_GCTGCTTTCTCTTGAT-1_1_1_1	CNP0000460_P03T	CNP0000460	DF.classifications_0.25_0.22_204	Singlet	pANN_0.25_0.22_204	0.0933420365535248
CNP0000460_GCTGCTTTCTGCGGCA-1_1_1_1	CNP0000460_P03T	CNP0000460	DF.classifications_0.25_0.22_204	Singlet	pANN_0.25_0.22_204	0.255221932114883
CNP0000460_GCTGCTTTCTGGGCCA-1_1_1_1	CNP0000460_P03T	CNP0000460	DF.classifications_0.25_0.22_204	Singlet	pANN_0.25_0.22_204	0.289164490861619
CNP0000460_GCTGGGTAGATAGCAT-1_1_1_1	CNP0000460_P03T	CNP0000460	DF.classifications_0.25_0.22_204	Singlet	pANN_0.25_0.22_204	0.107049608355091
CNP0000460_GCTGGGTAGATCTGAA-1_1_1_1	CNP0000460_P03T	CNP0000460	DF.classifications_0.25_0.22_204	Singlet	pANN_0.25_0.22_204	0.346605744125326
CNP0000460_GCTGGGTAGGAGTCTG-1_1_1_1	CNP0000460_P03T	CNP0000460	DF.classifications_0.25_0.22_204	Doublet	pANN_0.25_0.22_204	0.362924281984334
CNP0000460_GCTGGGTAGTAGCCGA-1_1_1_1	CNP0000460_P03T	CNP0000460	DF.classifications_0.25_0.22_204	Singlet	pANN_0.25_0.22_204	0.149477806788512
CNP0000460_GCTGGGTGTTGCGTTA-1_1_1_1	CNP0000460_P03T	CNP0000460	DF.classifications_0.25_0.22_204	Singlet	pANN_0.25_0.22_204	0.356396866840731
CNP0000460_GCTGGGTTCAATAAGG-1_1_1_1	CNP0000460_P03T	CNP0000460	DF.classifications_0.25_0.22_204	Singlet	pANN_0.25_0.22_204	0.180809399477807
CNP0000460_GCTGGGTTCAGGCCCA-1_1_1_1	CNP0000460_P03T	CNP0000460	DF.classifications_0.25_0.22_204	Singlet	pANN_0.25_0.22_204	0.137728459530026
CNP0000460_GCTGGGTTCCCTAATT-1_1_1_1	CNP0000460_P03T	CNP0000460	DF.classifications_0.25_0.22_204	Singlet	pANN_0.25_0.22_204	0.35443864229765
CNP0000460_GCTGGGTTCGACCAGC-1_1_1_1	CNP0000460_P03T	CNP0000460	DF.classifications_0.25_0.22_204	Singlet	pANN_0.25_0.22_204	0.225848563968668
CNP0000460_GCTGGGTTCGTGTAGT-1_1_1_1	CNP0000460_P03T	CNP0000460	DF.classifications_0.25_0.22_204	Singlet	pANN_0.25_0.22_204	0.18798955613577
CNP0000460_GCTGGGTTCTAACTCT-1_1_1_1	CNP0000460_P03T	CNP0000460	DF.classifications_0.25_0.22_204	Singlet	pANN_0.25_0.22_204	0.347911227154047
CNP0000460_GCTGGGTTCTCCGGTT-1_1_1_1	CNP0000460_P03T	CNP0000460	DF.classifications_0.25_0.22_204	Singlet	pANN_0.25_0.22_204	0.161879895561358
CNP0000460_GCTGGGTTCTCTAAGG-1_1_1_1	CNP0000460_P03T	CNP0000460	DF.classifications_0.25_0.22_204	Singlet	pANN_0.25_0.22_204	0.0933420365535248
CNP0000460_GCTTCCAAGAGGTACC-1_1_1_1	CNP0000460_P03T	CNP0000460	DF.classifications_0.25_0.22_204	Singlet	pANN_0.25_0.22_204	0.349869451697128
CNP0000460_GCTTCCAAGCTCCTTC-1_1_1_1	CNP0000460_P03T	CNP0000460	DF.classifications_0.25_0.22_204	Singlet	pANN_0.25_0.22_204	0.162532637075718
CNP0000460_GCTTCCAAGTGGTCCC-1_1_1_1	CNP0000460_P03T	CNP0000460	DF.classifications_0.25_0.22_204	Singlet	pANN_0.25_0.22_204	0.230417754569191
CNP0000460_GCTTCCACAAGTAATG-1_1_1_1	CNP0000460_P03T	CNP0000460	DF.classifications_0.25_0.22_204	Singlet	pANN_0.25_0.22_204	0.203655352480418
CNP0000460_GCTTCCACAGTCACTA-1_1_1_1	CNP0000460_P03T	CNP0000460	DF.classifications_0.25_0.22_204	Singlet	pANN_0.25_0.22_204	0.110313315926893
CNP0000460_GCTTCCACATCTGGTA-1_1_1_1	CNP0000460_P03T	CNP0000460	DF.classifications_0.25_0.22_204	Singlet	pANN_0.25_0.22_204	0.155352480417755
CNP0000460_GCTTCCAGTATATGGA-1_1_1_1	CNP0000460_P03T	CNP0000460	DF.classifications_0.25_0.22_204	Singlet	pANN_0.25_0.22_204	0.350522193211488
CNP0000460_GCTTCCAGTCGGGTCT-1_1_1_1	CNP0000460_P03T	CNP0000460	DF.classifications_0.25_0.22_204	Singlet	pANN_0.25_0.22_204	0.116187989556136
CNP0000460_GCTTCCAGTTAGATGA-1_1_1_1	CNP0000460_P03T	CNP0000460	DF.classifications_0.25_0.22_204	Singlet	pANN_0.25_0.22_204	0.112271540469974
CNP0000460_GCTTCCATCGCCTGTT-1_1_1_1	CNP0000460_P03T	CNP0000460	DF.classifications_0.25_0.22_204	Singlet	pANN_0.25_0.22_204	0.350522193211488
CNP0000460_GCTTGAAAGACCTTTG-1_1_1_1	CNP0000460_P03T	CNP0000460	DF.classifications_0.25_0.22_204	Singlet	pANN_0.25_0.22_204	0.343342036553525
CNP0000460_GCTTGAAAGAGTACCG-1_1_1_1	CNP0000460_P03T	CNP0000460	DF.classifications_0.25_0.22_204	Doublet	pANN_0.25_0.22_204	0.362271540469974
CNP0000460_GCTTGAACACTAGTAC-1_1_1_1	CNP0000460_P03T	CNP0000460	DF.classifications_0.25_0.22_204	Singlet	pANN_0.25_0.22_204	0.10313315926893
CNP0000460_GCTTGAACAGCTTCGG-1_1_1_1	CNP0000460_P03T	CNP0000460	DF.classifications_0.25_0.22_204	Singlet	pANN_0.25_0.22_204	0.243472584856397
CNP0000460_GCTTGAACATCACCCT-1_1_1_1	CNP0000460_P03T	CNP0000460	DF.classifications_0.25_0.22_204	Singlet	pANN_0.25_0.22_204	0.356396866840731
CNP0000460_GCTTGAAGTAATTGGA-1_1_1_1	CNP0000460_P03T	CNP0000460	DF.classifications_0.25_0.22_204	Singlet	pANN_0.25_0.22_204	0.184073107049608
CNP0000460_GCTTGAAGTCCCTTGT-1_1_1_1	CNP0000460_P03T	CNP0000460	DF.classifications_0.25_0.22_204	Singlet	pANN_0.25_0.22_204	0.35443864229765
CNP0000460_GCTTGAAGTTAGATGA-1_1_1_1	CNP0000460_P03T	CNP0000460	DF.classifications_0.25_0.22_204	Singlet	pANN_0.25_0.22_204	0.174934725848564
CNP0000460_GCTTGAAGTTCGTGAT-1_1_1_1	CNP0000460_P03T	CNP0000460	DF.classifications_0.25_0.22_204	Singlet	pANN_0.25_0.22_204	0.248694516971279
CNP0000460_GCTTGAAGTTCTGAAC-1_1_1_1	CNP0000460_P03T	CNP0000460	DF.classifications_0.25_0.22_204	Singlet	pANN_0.25_0.22_204	0.358355091383812
CNP0000460_GCTTGAATCCTCGCAT-1_1_1_1	CNP0000460_P03T	CNP0000460	DF.classifications_0.25_0.22_204	Singlet	pANN_0.25_0.22_204	0.097911227154047
CNP0000460_GCTTGAATCCTCTAGC-1_1_1_1	CNP0000460_P03T	CNP0000460	DF.classifications_0.25_0.22_204	Singlet	pANN_0.25_0.22_204	0.356396866840731
CNP0000460_GCTTGAATCTACCAGA-1_1_1_1	CNP0000460_P03T	CNP0000460	DF.classifications_0.25_0.22_204	Singlet	pANN_0.25_0.22_204	0.109007832898172
CNP0000460_GCTTGAATCTGGCGAC-1_1_1_1	CNP0000460_P03T	CNP0000460	DF.classifications_0.25_0.22_204	Singlet	pANN_0.25_0.22_204	0.115535248041775
CNP0000460_GGAAAGCAGTGACTCT-1_1_1_1	CNP0000460_P03T	CNP0000460	DF.classifications_0.25_0.22_204	Singlet	pANN_0.25_0.22_204	0.264360313315927
CNP0000460_GGAAAGCCACAGGAGT-1_1_1_1	CNP0000460_P03T	CNP0000460	DF.classifications_0.25_0.22_204	Singlet	pANN_0.25_0.22_204	0.254569190600522
CNP0000460_GGAAAGCCATTAGCCA-1_1_1_1	CNP0000460_P03T	CNP0000460	DF.classifications_0.25_0.22_204	Singlet	pANN_0.25_0.22_204	0.0959530026109661
CNP0000460_GGAAAGCGTAGGGACT-1_1_1_1	CNP0000460_P03T	CNP0000460	DF.classifications_0.25_0.22_204	Singlet	pANN_0.25_0.22_204	0.0946475195822454
CNP0000460_GGAAAGCGTCTAACGT-1_1_1_1	CNP0000460_P03T	CNP0000460	DF.classifications_0.25_0.22_204	Singlet	pANN_0.25_0.22_204	0.169060052219321
CNP0000460_GGAAAGCGTGCCTGGT-1_1_1_1	CNP0000460_P03T	CNP0000460	DF.classifications_0.25_0.22_204	Singlet	pANN_0.25_0.22_204	0.278720626631854
CNP0000460_GGAAAGCGTTGTTTGG-1_1_1_1	CNP0000460_P03T	CNP0000460	DF.classifications_0.25_0.22_204	Singlet	pANN_0.25_0.22_204	0.16710182767624
CNP0000460_GGAAAGCTCAGTCAGT-1_1_1_1	CNP0000460_P03T	CNP0000460	DF.classifications_0.25_0.22_204	Singlet	pANN_0.25_0.22_204	0.106396866840731
CNP0000460_GGAAAGCTCGTAGATC-1_1_1_1	CNP0000460_P03T	CNP0000460	DF.classifications_0.25_0.22_204	Singlet	pANN_0.25_0.22_204	0.129895561357702
CNP0000460_GGAACTTAGCGATATA-1_1_1_1	CNP0000460_P03T	CNP0000460	DF.classifications_0.25_0.22_204	Singlet	pANN_0.25_0.22_204	0.156657963446475
CNP0000460_GGAACTTAGGAGTTGC-1_1_1_1	CNP0000460_P03T	CNP0000460	DF.classifications_0.25_0.22_204	Singlet	pANN_0.25_0.22_204	0.119451697127937
CNP0000460_GGAACTTAGTGGGATC-1_1_1_1	CNP0000460_P03T	CNP0000460	DF.classifications_0.25_0.22_204	Singlet	pANN_0.25_0.22_204	0.0900783289817232
CNP0000460_GGAACTTAGTGTCCAT-1_1_1_1	CNP0000460_P03T	CNP0000460	DF.classifications_0.25_0.22_204	Singlet	pANN_0.25_0.22_204	0.253263707571802
CNP0000460_GGAACTTCAAAGGTGC-1_1_1_1	CNP0000460_P03T	CNP0000460	DF.classifications_0.25_0.22_204	Singlet	pANN_0.25_0.22_204	0.110313315926893
CNP0000460_GGAACTTCACGAGAGT-1_1_1_1	CNP0000460_P03T	CNP0000460	DF.classifications_0.25_0.22_204	Singlet	pANN_0.25_0.22_204	0.349869451697128
CNP0000460_GGAACTTCATTCCTCG-1_1_1_1	CNP0000460_P03T	CNP0000460	DF.classifications_0.25_0.22_204	Singlet	pANN_0.25_0.22_204	0.0828981723237598
CNP0000460_GGAACTTGTACCTACA-1_1_1_1	CNP0000460_P03T	CNP0000460	DF.classifications_0.25_0.22_204	Singlet	pANN_0.25_0.22_204	0.263054830287206
CNP0000460_GGAACTTGTAGCCTCG-1_1_1_1	CNP0000460_P03T	CNP0000460	DF.classifications_0.25_0.22_204	Singlet	pANN_0.25_0.22_204	0.128590078328982
CNP0000460_GGAACTTTCAGCTCTC-1_1_1_1	CNP0000460_P03T	CNP0000460	DF.classifications_0.25_0.22_204	Singlet	pANN_0.25_0.22_204	0.296997389033943
CNP0000460_GGAACTTTCCAAGTAC-1_1_1_1	CNP0000460_P03T	CNP0000460	DF.classifications_0.25_0.22_204	Singlet	pANN_0.25_0.22_204	0.35378590078329
CNP0000460_GGAACTTTCCTAGTGA-1_1_1_1	CNP0000460_P03T	CNP0000460	DF.classifications_0.25_0.22_204	Singlet	pANN_0.25_0.22_204	0.283289817232376
CNP0000460_GGAACTTTCTTATCTG-1_1_1_1	CNP0000460_P03T	CNP0000460	DF.classifications_0.25_0.22_204	Singlet	pANN_0.25_0.22_204	0.0861618798955614
CNP0000460_GGAATAAAGCCACTAT-1_1_1_1	CNP0000460_P03T	CNP0000460	DF.classifications_0.25_0.22_204	Singlet	pANN_0.25_0.22_204	0.22845953002611
CNP0000460_GGAATAACAAACCTAC-1_1_1_1	CNP0000460_P03T	CNP0000460	DF.classifications_0.25_0.22_204	Singlet	pANN_0.25_0.22_204	0.233028720626632
CNP0000460_GGAATAACATCACGAT-1_1_1_1	CNP0000460_P03T	CNP0000460	DF.classifications_0.25_0.22_204	Singlet	pANN_0.25_0.22_204	0.269582245430809
CNP0000460_GGAATAACATTTCAGG-1_1_1_1	CNP0000460_P03T	CNP0000460	DF.classifications_0.25_0.22_204	Singlet	pANN_0.25_0.22_204	0.0992167101827676
CNP0000460_GGAATAAGTCTCCACT-1_1_1_1	CNP0000460_P03T	CNP0000460	DF.classifications_0.25_0.22_204	Singlet	pANN_0.25_0.22_204	0.236945169712794
CNP0000460_GGAATAAGTGTTTGGT-1_1_1_1	CNP0000460_P03T	CNP0000460	DF.classifications_0.25_0.22_204	Singlet	pANN_0.25_0.22_204	0.0992167101827676
CNP0000460_GGAATAAGTTATCCGA-1_1_1_1	CNP0000460_P03T	CNP0000460	DF.classifications_0.25_0.22_204	Singlet	pANN_0.25_0.22_204	0.0861618798955614
CNP0000460_GGAATAAGTTGCGTTA-1_1_1_1	CNP0000460_P03T	CNP0000460	DF.classifications_0.25_0.22_204	Singlet	pANN_0.25_0.22_204	0.336814621409922
CNP0000460_GGAATAATCACGATGT-1_1_1_1	CNP0000460_P03T	CNP0000460	DF.classifications_0.25_0.22_204	Singlet	pANN_0.25_0.22_204	0.109007832898172
CNP0000460_GGAATAATCAGAGGTG-1_1_1_1	CNP0000460_P03T	CNP0000460	DF.classifications_0.25_0.22_204	Singlet	pANN_0.25_0.22_204	0.12402088772846
CNP0000460_GGACAAGAGGGTGTTG-1_1_1_1	CNP0000460_P03T	CNP0000460	DF.classifications_0.25_0.22_204	Singlet	pANN_0.25_0.22_204	0.106396866840731
CNP0000460_GGACAAGAGTATCGAA-1_1_1_1	CNP0000460_P03T	CNP0000460	DF.classifications_0.25_0.22_204	Singlet	pANN_0.25_0.22_204	0.264360313315927
CNP0000460_GGACAAGCACGGACAA-1_1_1_1	CNP0000460_P03T	CNP0000460	DF.classifications_0.25_0.22_204	Singlet	pANN_0.25_0.22_204	0.0796344647519582
CNP0000460_GGACAAGGTGATAAAC-1_1_1_1	CNP0000460_P03T	CNP0000460	DF.classifications_0.25_0.22_204	Singlet	pANN_0.25_0.22_204	0.115535248041775
CNP0000460_GGACAAGGTTGTTTGG-1_1_1_1	CNP0000460_P03T	CNP0000460	DF.classifications_0.25_0.22_204	Singlet	pANN_0.25_0.22_204	0.117493472584856
CNP0000460_GGACAGAAGGAGTCTG-1_1_1_1	CNP0000460_P03T	CNP0000460	DF.classifications_0.25_0.22_204	Singlet	pANN_0.25_0.22_204	0.206919060052219
CNP0000460_GGACAGAAGGTACTCT-1_1_1_1	CNP0000460_P03T	CNP0000460	DF.classifications_0.25_0.22_204	Doublet	pANN_0.25_0.22_204	0.362924281984334
CNP0000460_GGACAGAAGGTAGCTG-1_1_1_1	CNP0000460_P03T	CNP0000460	DF.classifications_0.25_0.22_204	Singlet	pANN_0.25_0.22_204	0.167754569190601
CNP0000460_GGACAGAAGTAACCCT-1_1_1_1	CNP0000460_P03T	CNP0000460	DF.classifications_0.25_0.22_204	Singlet	pANN_0.25_0.22_204	0.106396866840731
CNP0000460_GGACAGAAGTCCGTAT-1_1_1_1	CNP0000460_P03T	CNP0000460	DF.classifications_0.25_0.22_204	Singlet	pANN_0.25_0.22_204	0.113577023498695
CNP0000460_GGACAGACACGGTAAG-1_1_1_1	CNP0000460_P03T	CNP0000460	DF.classifications_0.25_0.22_204	Singlet	pANN_0.25_0.22_204	0.120104438642298
CNP0000460_GGACAGACACTCGACG-1_1_1_1	CNP0000460_P03T	CNP0000460	DF.classifications_0.25_0.22_204	Singlet	pANN_0.25_0.22_204	0.0972584856396867
CNP0000460_GGACAGACAGAAGCAC-1_1_1_1	CNP0000460_P03T	CNP0000460	DF.classifications_0.25_0.22_204	Singlet	pANN_0.25_0.22_204	0.234334203655352
CNP0000460_GGACAGAGTGCATCTA-1_1_1_1	CNP0000460_P03T	CNP0000460	DF.classifications_0.25_0.22_204	Singlet	pANN_0.25_0.22_204	0.116840731070496
CNP0000460_GGACAGATCAGCTGGC-1_1_1_1	CNP0000460_P03T	CNP0000460	DF.classifications_0.25_0.22_204	Singlet	pANN_0.25_0.22_204	0.35443864229765
CNP0000460_GGACAGATCTCGATGA-1_1_1_1	CNP0000460_P03T	CNP0000460	DF.classifications_0.25_0.22_204	Singlet	pANN_0.25_0.22_204	0.197127937336815
CNP0000460_GGACAGATCTGATTCT-1_1_1_1	CNP0000460_P03T	CNP0000460	DF.classifications_0.25_0.22_204	Singlet	pANN_0.25_0.22_204	0.101827676240209
CNP0000460_GGACAGATCTTTAGGG-1_1_1_1	CNP0000460_P03T	CNP0000460	DF.classifications_0.25_0.22_204	Singlet	pANN_0.25_0.22_204	0.0972584856396867
CNP0000460_GGACATTAGCTGAAAT-1_1_1_1	CNP0000460_P03T	CNP0000460	DF.classifications_0.25_0.22_204	Singlet	pANN_0.25_0.22_204	0.149477806788512
CNP0000460_GGACATTAGTTACGGG-1_1_1_1	CNP0000460_P03T	CNP0000460	DF.classifications_0.25_0.22_204	Singlet	pANN_0.25_0.22_204	0.0966057441253264
CNP0000460_GGACATTCACTTAAGC-1_1_1_1	CNP0000460_P03T	CNP0000460	DF.classifications_0.25_0.22_204	Singlet	pANN_0.25_0.22_204	0.293080939947781
CNP0000460_GGACATTCATCATCCC-1_1_1_1	CNP0000460_P03T	CNP0000460	DF.classifications_0.25_0.22_204	Singlet	pANN_0.25_0.22_204	0.181462140992167
CNP0000460_GGACATTGTAATTGGA-1_1_1_1	CNP0000460_P03T	CNP0000460	DF.classifications_0.25_0.22_204	Singlet	pANN_0.25_0.22_204	0.289164490861619
CNP0000460_GGACATTGTAGCAAAT-1_1_1_1	CNP0000460_P03T	CNP0000460	DF.classifications_0.25_0.22_204	Singlet	pANN_0.25_0.22_204	0.199738903394256
CNP0000460_GGACATTTCAGAGCTT-1_1_1_1	CNP0000460_P03T	CNP0000460	DF.classifications_0.25_0.22_204	Singlet	pANN_0.25_0.22_204	0.10313315926893
CNP0000460_GGACATTTCCCTAACC-1_1_1_1	CNP0000460_P03T	CNP0000460	DF.classifications_0.25_0.22_204	Singlet	pANN_0.25_0.22_204	0.0985639686684073
CNP0000460_GGACATTTCGCATGGC-1_1_1_1	CNP0000460_P03T	CNP0000460	DF.classifications_0.25_0.22_204	Singlet	pANN_0.25_0.22_204	0.356396866840731
CNP0000460_GGACGTCAGAACAATC-1_1_1_1	CNP0000460_P03T	CNP0000460	DF.classifications_0.25_0.22_204	Singlet	pANN_0.25_0.22_204	0.35313315926893
CNP0000460_GGACGTCAGCACACAG-1_1_1_1	CNP0000460_P03T	CNP0000460	DF.classifications_0.25_0.22_204	Singlet	pANN_0.25_0.22_204	0.343994778067885
CNP0000460_GGACGTCCACGGATAG-1_1_1_1	CNP0000460_P03T	CNP0000460	DF.classifications_0.25_0.22_204	Singlet	pANN_0.25_0.22_204	0.272193211488251
CNP0000460_GGACGTCCACGGTTTA-1_1_1_1	CNP0000460_P03T	CNP0000460	DF.classifications_0.25_0.22_204	Singlet	pANN_0.25_0.22_204	0.075065274151436
CNP0000460_GGACGTCCACTCGACG-1_1_1_1	CNP0000460_P03T	CNP0000460	DF.classifications_0.25_0.22_204	Singlet	pANN_0.25_0.22_204	0.212140992167102
CNP0000460_GGACGTCGTAAGTGGC-1_1_1_1	CNP0000460_P03T	CNP0000460	DF.classifications_0.25_0.22_204	Singlet	pANN_0.25_0.22_204	0.35378590078329
CNP0000460_GGACGTCGTAGCGTAG-1_1_1_1	CNP0000460_P03T	CNP0000460	DF.classifications_0.25_0.22_204	Singlet	pANN_0.25_0.22_204	0.356396866840731
CNP0000460_GGACGTCTCACCACCT-1_1_1_1	CNP0000460_P03T	CNP0000460	DF.classifications_0.25_0.22_204	Singlet	pANN_0.25_0.22_204	0.233028720626632
CNP0000460_GGACGTCTCACTTACT-1_1_1_1	CNP0000460_P03T	CNP0000460	DF.classifications_0.25_0.22_204	Singlet	pANN_0.25_0.22_204	0.10313315926893
CNP0000460_GGACGTCTCATAAAGG-1_1_1_1	CNP0000460_P03T	CNP0000460	DF.classifications_0.25_0.22_204	Singlet	pANN_0.25_0.22_204	0.0946475195822454
CNP0000460_GGACGTCTCTCACATT-1_1_1_1	CNP0000460_P03T	CNP0000460	DF.classifications_0.25_0.22_204	Singlet	pANN_0.25_0.22_204	0.342689295039165
CNP0000460_GGACGTCTCTCGATGA-1_1_1_1	CNP0000460_P03T	CNP0000460	DF.classifications_0.25_0.22_204	Singlet	pANN_0.25_0.22_204	0.0881201044386423
CNP0000460_GGAGCAAAGCGTAATA-1_1_1_1	CNP0000460_P03T	CNP0000460	DF.classifications_0.25_0.22_204	Singlet	pANN_0.25_0.22_204	0.0972584856396867
CNP0000460_GGAGCAAAGGAATCGC-1_1_1_1	CNP0000460_P03T	CNP0000460	DF.classifications_0.25_0.22_204	Singlet	pANN_0.25_0.22_204	0.097911227154047
CNP0000460_GGAGCAAAGGCTAGCA-1_1_1_1	CNP0000460_P03T	CNP0000460	DF.classifications_0.25_0.22_204	Singlet	pANN_0.25_0.22_204	0.351827676240209
CNP0000460_GGAGCAAAGGTCATCT-1_1_1_1	CNP0000460_P03T	CNP0000460	DF.classifications_0.25_0.22_204	Singlet	pANN_0.25_0.22_204	0.0842036553524804
CNP0000460_GGAGCAAAGTGCGATG-1_1_1_1	CNP0000460_P03T	CNP0000460	DF.classifications_0.25_0.22_204	Singlet	pANN_0.25_0.22_204	0.12402088772846
CNP0000460_GGAGCAACAAACGTGG-1_1_1_1	CNP0000460_P03T	CNP0000460	DF.classifications_0.25_0.22_204	Singlet	pANN_0.25_0.22_204	0.113577023498695
CNP0000460_GGAGCAAGTAGCGTGA-1_1_1_1	CNP0000460_P03T	CNP0000460	DF.classifications_0.25_0.22_204	Singlet	pANN_0.25_0.22_204	0.122062663185379
CNP0000460_GGAGCAAGTCTCTCGT-1_1_1_1	CNP0000460_P03T	CNP0000460	DF.classifications_0.25_0.22_204	Singlet	pANN_0.25_0.22_204	0.216710182767624
CNP0000460_GGAGCAATCCGCATCT-1_1_1_1	CNP0000460_P03T	CNP0000460	DF.classifications_0.25_0.22_204	Singlet	pANN_0.25_0.22_204	0.0835509138381201
CNP0000460_GGAGCAATCGCATGGC-1_1_1_1	CNP0000460_P03T	CNP0000460	DF.classifications_0.25_0.22_204	Singlet	pANN_0.25_0.22_204	0.14490861618799
CNP0000460_GGATGTTAGACGCTTT-1_1_1_1	CNP0000460_P03T	CNP0000460	DF.classifications_0.25_0.22_204	Singlet	pANN_0.25_0.22_204	0.129242819843342
CNP0000460_GGATGTTAGTAGTGCG-1_1_1_1	CNP0000460_P03T	CNP0000460	DF.classifications_0.25_0.22_204	Singlet	pANN_0.25_0.22_204	0.357049608355091
CNP0000460_GGATGTTCAAACGTGG-1_1_1_1	CNP0000460_P03T	CNP0000460	DF.classifications_0.25_0.22_204	Singlet	pANN_0.25_0.22_204	0.358355091383812
CNP0000460_GGATGTTCAAGGCTCC-1_1_1_1	CNP0000460_P03T	CNP0000460	DF.classifications_0.25_0.22_204	Singlet	pANN_0.25_0.22_204	0.0913838120104439
CNP0000460_GGATGTTGTAAATACG-1_1_1_1	CNP0000460_P03T	CNP0000460	DF.classifications_0.25_0.22_204	Singlet	pANN_0.25_0.22_204	0.0809399477806789
CNP0000460_GGATGTTGTCCTGCTT-1_1_1_1	CNP0000460_P03T	CNP0000460	DF.classifications_0.25_0.22_204	Singlet	pANN_0.25_0.22_204	0.359660574412533
CNP0000460_GGATGTTTCAGAAATG-1_1_1_1	CNP0000460_P03T	CNP0000460	DF.classifications_0.25_0.22_204	Singlet	pANN_0.25_0.22_204	0.193211488250653
CNP0000460_GGATGTTTCCTGTACC-1_1_1_1	CNP0000460_P03T	CNP0000460	DF.classifications_0.25_0.22_204	Singlet	pANN_0.25_0.22_204	0.287859007832898
CNP0000460_GGATGTTTCTAGCACA-1_1_1_1	CNP0000460_P03T	CNP0000460	DF.classifications_0.25_0.22_204	Singlet	pANN_0.25_0.22_204	0.133812010443864
CNP0000460_GGATTACCAAACCTAC-1_1_1_1	CNP0000460_P03T	CNP0000460	DF.classifications_0.25_0.22_204	Singlet	pANN_0.25_0.22_204	0.355744125326371
CNP0000460_GGATTACCAACCGCCA-1_1_1_1	CNP0000460_P03T	CNP0000460	DF.classifications_0.25_0.22_204	Singlet	pANN_0.25_0.22_204	0.0913838120104439
CNP0000460_GGATTACCACAAGCCC-1_1_1_1	CNP0000460_P03T	CNP0000460	DF.classifications_0.25_0.22_204	Singlet	pANN_0.25_0.22_204	0.0920365535248042
CNP0000460_GGATTACCAGCCACCA-1_1_1_1	CNP0000460_P03T	CNP0000460	DF.classifications_0.25_0.22_204	Singlet	pANN_0.25_0.22_204	0.0881201044386423
CNP0000460_GGATTACCAGCGTTCG-1_1_1_1	CNP0000460_P03T	CNP0000460	DF.classifications_0.25_0.22_204	Singlet	pANN_0.25_0.22_204	0.307441253263708
CNP0000460_GGATTACGTACAGTGG-1_1_1_1	CNP0000460_P03T	CNP0000460	DF.classifications_0.25_0.22_204	Singlet	pANN_0.25_0.22_204	0.109007832898172
CNP0000460_GGATTACGTAGGCTGA-1_1_1_1	CNP0000460_P03T	CNP0000460	DF.classifications_0.25_0.22_204	Singlet	pANN_0.25_0.22_204	0.244125326370757
CNP0000460_GGATTACGTATAGGGC-1_1_1_1	CNP0000460_P03T	CNP0000460	DF.classifications_0.25_0.22_204	Singlet	pANN_0.25_0.22_204	0.248694516971279
CNP0000460_GGATTACGTCCATCCT-1_1_1_1	CNP0000460_P03T	CNP0000460	DF.classifications_0.25_0.22_204	Doublet	pANN_0.25_0.22_204	0.369451697127937
CNP0000460_GGATTACGTGATGTGG-1_1_1_1	CNP0000460_P03T	CNP0000460	DF.classifications_0.25_0.22_204	Singlet	pANN_0.25_0.22_204	0.0933420365535248
CNP0000460_GGATTACTCACCTCGT-1_1_1_1	CNP0000460_P03T	CNP0000460	DF.classifications_0.25_0.22_204	Singlet	pANN_0.25_0.22_204	0.102480417754569
CNP0000460_GGATTACTCAGCGATT-1_1_1_1	CNP0000460_P03T	CNP0000460	DF.classifications_0.25_0.22_204	Singlet	pANN_0.25_0.22_204	0.105744125326371
CNP0000460_GGATTACTCCGTCAAA-1_1_1_1	CNP0000460_P03T	CNP0000460	DF.classifications_0.25_0.22_204	Singlet	pANN_0.25_0.22_204	0.204960835509138
CNP0000460_GGATTACTCTTCGGTC-1_1_1_1	CNP0000460_P03T	CNP0000460	DF.classifications_0.25_0.22_204	Singlet	pANN_0.25_0.22_204	0.0822454308093995
CNP0000460_GGCAATTAGCCCAGCT-1_1_1_1	CNP0000460_P03T	CNP0000460	DF.classifications_0.25_0.22_204	Singlet	pANN_0.25_0.22_204	0.258485639686684
CNP0000460_GGCAATTAGCGTGAAC-1_1_1_1	CNP0000460_P03T	CNP0000460	DF.classifications_0.25_0.22_204	Singlet	pANN_0.25_0.22_204	0.216710182767624
CNP0000460_GGCAATTAGGATGTAT-1_1_1_1	CNP0000460_P03T	CNP0000460	DF.classifications_0.25_0.22_204	Singlet	pANN_0.25_0.22_204	0.109660574412533
CNP0000460_GGCAATTAGGCATGGT-1_1_1_1	CNP0000460_P03T	CNP0000460	DF.classifications_0.25_0.22_204	Singlet	pANN_0.25_0.22_204	0.355744125326371
CNP0000460_GGCAATTAGTGAACGC-1_1_1_1	CNP0000460_P03T	CNP0000460	DF.classifications_0.25_0.22_204	Singlet	pANN_0.25_0.22_204	0.0887728459530026
CNP0000460_GGCAATTCAGACACTT-1_1_1_1	CNP0000460_P03T	CNP0000460	DF.classifications_0.25_0.22_204	Singlet	pANN_0.25_0.22_204	0.296997389033943
CNP0000460_GGCAATTCAGTATAAG-1_1_1_1	CNP0000460_P03T	CNP0000460	DF.classifications_0.25_0.22_204	Doublet	pANN_0.25_0.22_204	0.37402088772846
CNP0000460_GGCAATTCATACTCTT-1_1_1_1	CNP0000460_P03T	CNP0000460	DF.classifications_0.25_0.22_204	Singlet	pANN_0.25_0.22_204	0.100522193211488
CNP0000460_GGCAATTCATCCAACA-1_1_1_1	CNP0000460_P03T	CNP0000460	DF.classifications_0.25_0.22_204	Singlet	pANN_0.25_0.22_204	0.14556135770235
CNP0000460_GGCAATTGTAGCGCAA-1_1_1_1	CNP0000460_P03T	CNP0000460	DF.classifications_0.25_0.22_204	Singlet	pANN_0.25_0.22_204	0.160574412532637
CNP0000460_GGCAATTGTATTCTCT-1_1_1_1	CNP0000460_P03T	CNP0000460	DF.classifications_0.25_0.22_204	Singlet	pANN_0.25_0.22_204	0.14621409921671
CNP0000460_GGCAATTGTTACCAGT-1_1_1_1	CNP0000460_P03T	CNP0000460	DF.classifications_0.25_0.22_204	Singlet	pANN_0.25_0.22_204	0.35378590078329
CNP0000460_GGCAATTGTTCACGGC-1_1_1_1	CNP0000460_P03T	CNP0000460	DF.classifications_0.25_0.22_204	Singlet	pANN_0.25_0.22_204	0.0744125326370757
CNP0000460_GGCAATTTCCTAAGTG-1_1_1_1	CNP0000460_P03T	CNP0000460	DF.classifications_0.25_0.22_204	Singlet	pANN_0.25_0.22_204	0.35509138381201
CNP0000460_GGCAATTTCGAATCCA-1_1_1_1	CNP0000460_P03T	CNP0000460	DF.classifications_0.25_0.22_204	Singlet	pANN_0.25_0.22_204	0.273498694516971
CNP0000460_GGCAATTTCGTTTATC-1_1_1_1	CNP0000460_P03T	CNP0000460	DF.classifications_0.25_0.22_204	Singlet	pANN_0.25_0.22_204	0.191906005221932
CNP0000460_GGCCGATAGAAGGTTT-1_1_1_1	CNP0000460_P03T	CNP0000460	DF.classifications_0.25_0.22_204	Singlet	pANN_0.25_0.22_204	0.350522193211488
CNP0000460_GGCCGATAGTGACATA-1_1_1_1	CNP0000460_P03T	CNP0000460	DF.classifications_0.25_0.22_204	Singlet	pANN_0.25_0.22_204	0.300261096605744
CNP0000460_GGCCGATCAATGTTGC-1_1_1_1	CNP0000460_P03T	CNP0000460	DF.classifications_0.25_0.22_204	Singlet	pANN_0.25_0.22_204	0.349216710182768
CNP0000460_GGCCGATCAGCTCGAC-1_1_1_1	CNP0000460_P03T	CNP0000460	DF.classifications_0.25_0.22_204	Singlet	pANN_0.25_0.22_204	0.0894255874673629
CNP0000460_GGCCGATCATCTCGCT-1_1_1_1	CNP0000460_P03T	CNP0000460	DF.classifications_0.25_0.22_204	Singlet	pANN_0.25_0.22_204	0.274804177545692
CNP0000460_GGCCGATGTAGAGGAA-1_1_1_1	CNP0000460_P03T	CNP0000460	DF.classifications_0.25_0.22_204	Singlet	pANN_0.25_0.22_204	0.35509138381201
CNP0000460_GGCCGATGTCCGTGAC-1_1_1_1	CNP0000460_P03T	CNP0000460	DF.classifications_0.25_0.22_204	Singlet	pANN_0.25_0.22_204	0.359660574412533
CNP0000460_GGCCGATGTGCACGAA-1_1_1_1	CNP0000460_P03T	CNP0000460	DF.classifications_0.25_0.22_204	Singlet	pANN_0.25_0.22_204	0.35443864229765
CNP0000460_GGCCGATGTTCTGAAC-1_1_1_1	CNP0000460_P03T	CNP0000460	DF.classifications_0.25_0.22_204	Singlet	pANN_0.25_0.22_204	0.147519582245431
CNP0000460_GGCCGATTCAACACAC-1_1_1_1	CNP0000460_P03T	CNP0000460	DF.classifications_0.25_0.22_204	Singlet	pANN_0.25_0.22_204	0.0959530026109661
CNP0000460_GGCCGATTCGTGTAGT-1_1_1_1	CNP0000460_P03T	CNP0000460	DF.classifications_0.25_0.22_204	Singlet	pANN_0.25_0.22_204	0.296997389033943
CNP0000460_GGCCGATTCTGCGACG-1_1_1_1	CNP0000460_P03T	CNP0000460	DF.classifications_0.25_0.22_204	Singlet	pANN_0.25_0.22_204	0.107702349869452
CNP0000460_GGCGACTAGGAGTCTG-1_1_1_1	CNP0000460_P03T	CNP0000460	DF.classifications_0.25_0.22_204	Singlet	pANN_0.25_0.22_204	0.0894255874673629
CNP0000460_GGCGACTAGTTGAGAT-1_1_1_1	CNP0000460_P03T	CNP0000460	DF.classifications_0.25_0.22_204	Singlet	pANN_0.25_0.22_204	0.278067885117493
CNP0000460_GGCGACTGTCTCGTTC-1_1_1_1	CNP0000460_P03T	CNP0000460	DF.classifications_0.25_0.22_204	Singlet	pANN_0.25_0.22_204	0.139033942558747
CNP0000460_GGCGACTTCTGGCGAC-1_1_1_1	CNP0000460_P03T	CNP0000460	DF.classifications_0.25_0.22_204	Singlet	pANN_0.25_0.22_204	0.298955613577023
CNP0000460_GGCGTGTAGAACAATC-1_1_1_1	CNP0000460_P03T	CNP0000460	DF.classifications_0.25_0.22_204	Singlet	pANN_0.25_0.22_204	0.0887728459530026
CNP0000460_GGCGTGTAGGGCTTCC-1_1_1_1	CNP0000460_P03T	CNP0000460	DF.classifications_0.25_0.22_204	Singlet	pANN_0.25_0.22_204	0.0913838120104439
CNP0000460_GGCGTGTAGTTGTAGA-1_1_1_1	CNP0000460_P03T	CNP0000460	DF.classifications_0.25_0.22_204	Doublet	pANN_0.25_0.22_204	0.37532637075718
CNP0000460_GGCGTGTCAGATCTGT-1_1_1_1	CNP0000460_P03T	CNP0000460	DF.classifications_0.25_0.22_204	Singlet	pANN_0.25_0.22_204	0.111618798955614
CNP0000460_GGCGTGTCAGCTGTTA-1_1_1_1	CNP0000460_P03T	CNP0000460	DF.classifications_0.25_0.22_204	Singlet	pANN_0.25_0.22_204	0.0822454308093995
CNP0000460_GGCGTGTGTGCACTTA-1_1_1_1	CNP0000460_P03T	CNP0000460	DF.classifications_0.25_0.22_204	Singlet	pANN_0.25_0.22_204	0.10378590078329
CNP0000460_GGCGTGTGTGCGCTTG-1_1_1_1	CNP0000460_P03T	CNP0000460	DF.classifications_0.25_0.22_204	Doublet	pANN_0.25_0.22_204	0.362271540469974
CNP0000460_GGCGTGTTCCACGAAT-1_1_1_1	CNP0000460_P03T	CNP0000460	DF.classifications_0.25_0.22_204	Singlet	pANN_0.25_0.22_204	0.348563968668407
CNP0000460_GGCGTGTTCGCAAACT-1_1_1_1	CNP0000460_P03T	CNP0000460	DF.classifications_0.25_0.22_204	Singlet	pANN_0.25_0.22_204	0.0861618798955614
CNP0000460_GGCGTGTTCTTCGGTC-1_1_1_1	CNP0000460_P03T	CNP0000460	DF.classifications_0.25_0.22_204	Singlet	pANN_0.25_0.22_204	0.355744125326371
CNP0000460_GGCTCGAAGATATGCA-1_1_1_1	CNP0000460_P03T	CNP0000460	DF.classifications_0.25_0.22_204	Singlet	pANN_0.25_0.22_204	0.167754569190601
CNP0000460_GGCTCGAAGCATCATC-1_1_1_1	CNP0000460_P03T	CNP0000460	DF.classifications_0.25_0.22_204	Singlet	pANN_0.25_0.22_204	0.10313315926893
CNP0000460_GGCTCGAAGCGTTTAC-1_1_1_1	CNP0000460_P03T	CNP0000460	DF.classifications_0.25_0.22_204	Singlet	pANN_0.25_0.22_204	0.352480417754569
CNP0000460_GGCTCGACAAGAAAGG-1_1_1_1	CNP0000460_P03T	CNP0000460	DF.classifications_0.25_0.22_204	Singlet	pANN_0.25_0.22_204	0.118146214099217
CNP0000460_GGCTCGACACAGCGTC-1_1_1_1	CNP0000460_P03T	CNP0000460	DF.classifications_0.25_0.22_204	Singlet	pANN_0.25_0.22_204	0.177545691906005
CNP0000460_GGCTCGACACGACTCG-1_1_1_1	CNP0000460_P03T	CNP0000460	DF.classifications_0.25_0.22_204	Singlet	pANN_0.25_0.22_204	0.263054830287206
CNP0000460_GGCTCGACACGGCTAC-1_1_1_1	CNP0000460_P03T	CNP0000460	DF.classifications_0.25_0.22_204	Singlet	pANN_0.25_0.22_204	0.0946475195822454
CNP0000460_GGCTCGATCGCACTCT-1_1_1_1	CNP0000460_P03T	CNP0000460	DF.classifications_0.25_0.22_204	Singlet	pANN_0.25_0.22_204	0.302872062663185
CNP0000460_GGCTCGATCGGTTAAC-1_1_1_1	CNP0000460_P03T	CNP0000460	DF.classifications_0.25_0.22_204	Singlet	pANN_0.25_0.22_204	0.109660574412533
CNP0000460_GGCTCGATCTCCCTGA-1_1_1_1	CNP0000460_P03T	CNP0000460	DF.classifications_0.25_0.22_204	Singlet	pANN_0.25_0.22_204	0.287206266318538
CNP0000460_GGCTCGATCTGGGCCA-1_1_1_1	CNP0000460_P03T	CNP0000460	DF.classifications_0.25_0.22_204	Doublet	pANN_0.25_0.22_204	0.364229765013055
CNP0000460_GGCTGGTAGAATGTGT-1_1_1_1	CNP0000460_P03T	CNP0000460	DF.classifications_0.25_0.22_204	Singlet	pANN_0.25_0.22_204	0.280026109660574
CNP0000460_GGCTGGTAGACTAGGC-1_1_1_1	CNP0000460_P03T	CNP0000460	DF.classifications_0.25_0.22_204	Singlet	pANN_0.25_0.22_204	0.285248041775457
CNP0000460_GGCTGGTAGCAGCCTC-1_1_1_1	CNP0000460_P03T	CNP0000460	DF.classifications_0.25_0.22_204	Doublet	pANN_0.25_0.22_204	0.368798955613577
CNP0000460_GGCTGGTAGCTAGTTC-1_1_1_1	CNP0000460_P03T	CNP0000460	DF.classifications_0.25_0.22_204	Singlet	pANN_0.25_0.22_204	0.221932114882507
CNP0000460_GGCTGGTAGTATTGGA-1_1_1_1	CNP0000460_P03T	CNP0000460	DF.classifications_0.25_0.22_204	Singlet	pANN_0.25_0.22_204	0.246083550913838
CNP0000460_GGCTGGTAGTCTCAAC-1_1_1_1	CNP0000460_P03T	CNP0000460	DF.classifications_0.25_0.22_204	Singlet	pANN_0.25_0.22_204	0.280678851174935
CNP0000460_GGCTGGTCAAAGCAAT-1_1_1_1	CNP0000460_P03T	CNP0000460	DF.classifications_0.25_0.22_204	Singlet	pANN_0.25_0.22_204	0.359007832898172
CNP0000460_GGCTGGTCAAGCCGTC-1_1_1_1	CNP0000460_P03T	CNP0000460	DF.classifications_0.25_0.22_204	Singlet	pANN_0.25_0.22_204	0.123368146214099
CNP0000460_GGCTGGTCACTATCTT-1_1_1_1	CNP0000460_P03T	CNP0000460	DF.classifications_0.25_0.22_204	Singlet	pANN_0.25_0.22_204	0.0933420365535248
CNP0000460_GGCTGGTCATGGATGG-1_1_1_1	CNP0000460_P03T	CNP0000460	DF.classifications_0.25_0.22_204	Singlet	pANN_0.25_0.22_204	0.266971279373368
CNP0000460_GGCTGGTGTCAGGACA-1_1_1_1	CNP0000460_P03T	CNP0000460	DF.classifications_0.25_0.22_204	Singlet	pANN_0.25_0.22_204	0.087467362924282
CNP0000460_GGCTGGTGTCGCGTGT-1_1_1_1	CNP0000460_P03T	CNP0000460	DF.classifications_0.25_0.22_204	Singlet	pANN_0.25_0.22_204	0.10443864229765
CNP0000460_GGCTGGTTCCCTTGTG-1_1_1_1	CNP0000460_P03T	CNP0000460	DF.classifications_0.25_0.22_204	Singlet	pANN_0.25_0.22_204	0.357049608355091
CNP0000460_GGCTGGTTCCGATATG-1_1_1_1	CNP0000460_P03T	CNP0000460	DF.classifications_0.25_0.22_204	Singlet	pANN_0.25_0.22_204	0.35443864229765
CNP0000460_GGCTGGTTCTCCAGGG-1_1_1_1	CNP0000460_P03T	CNP0000460	DF.classifications_0.25_0.22_204	Singlet	pANN_0.25_0.22_204	0.0992167101827676
CNP0000460_GGGAATGAGAATTGTG-1_1_1_1	CNP0000460_P03T	CNP0000460	DF.classifications_0.25_0.22_204	Singlet	pANN_0.25_0.22_204	0.0907310704960835
CNP0000460_GGGAATGAGCTCAACT-1_1_1_1	CNP0000460_P03T	CNP0000460	DF.classifications_0.25_0.22_204	Singlet	pANN_0.25_0.22_204	0.27088772845953
CNP0000460_GGGAATGAGTCGATAA-1_1_1_1	CNP0000460_P03T	CNP0000460	DF.classifications_0.25_0.22_204	Singlet	pANN_0.25_0.22_204	0.293733681462141
CNP0000460_GGGAATGCAAGACGTG-1_1_1_1	CNP0000460_P03T	CNP0000460	DF.classifications_0.25_0.22_204	Singlet	pANN_0.25_0.22_204	0.220626631853786
CNP0000460_GGGAATGCATCACGAT-1_1_1_1	CNP0000460_P03T	CNP0000460	DF.classifications_0.25_0.22_204	Singlet	pANN_0.25_0.22_204	0.256527415143603
CNP0000460_GGGAATGGTTTGTTTC-1_1_1_1	CNP0000460_P03T	CNP0000460	DF.classifications_0.25_0.22_204	Singlet	pANN_0.25_0.22_204	0.35443864229765
CNP0000460_GGGAATGTCACCAGGC-1_1_1_1	CNP0000460_P03T	CNP0000460	DF.classifications_0.25_0.22_204	Singlet	pANN_0.25_0.22_204	0.284595300261097
CNP0000460_GGGAATGTCATGTGGT-1_1_1_1	CNP0000460_P03T	CNP0000460	DF.classifications_0.25_0.22_204	Singlet	pANN_0.25_0.22_204	0.35443864229765
CNP0000460_GGGAATGTCCAATGGT-1_1_1_1	CNP0000460_P03T	CNP0000460	DF.classifications_0.25_0.22_204	Singlet	pANN_0.25_0.22_204	0.0959530026109661
CNP0000460_GGGAATGTCGAATGCT-1_1_1_1	CNP0000460_P03T	CNP0000460	DF.classifications_0.25_0.22_204	Singlet	pANN_0.25_0.22_204	0.2911227154047
CNP0000460_GGGAATGTCTTACCGC-1_1_1_1	CNP0000460_P03T	CNP0000460	DF.classifications_0.25_0.22_204	Singlet	pANN_0.25_0.22_204	0.268929503916449
CNP0000460_GGGACCTAGCCGATTT-1_1_1_1	CNP0000460_P03T	CNP0000460	DF.classifications_0.25_0.22_204	Singlet	pANN_0.25_0.22_204	0.253916449086162
CNP0000460_GGGACCTCAGTTAACC-1_1_1_1	CNP0000460_P03T	CNP0000460	DF.classifications_0.25_0.22_204	Singlet	pANN_0.25_0.22_204	0.239556135770235
CNP0000460_GGGACCTGTCGTTGTA-1_1_1_1	CNP0000460_P03T	CNP0000460	DF.classifications_0.25_0.22_204	Singlet	pANN_0.25_0.22_204	0.35509138381201
CNP0000460_GGGACCTGTGACGGTA-1_1_1_1	CNP0000460_P03T	CNP0000460	DF.classifications_0.25_0.22_204	Singlet	pANN_0.25_0.22_204	0.0848563968668407
CNP0000460_GGGACCTTCAGTCCCT-1_1_1_1	CNP0000460_P03T	CNP0000460	DF.classifications_0.25_0.22_204	Singlet	pANN_0.25_0.22_204	0.0887728459530026
CNP0000460_GGGACCTTCATAGCAC-1_1_1_1	CNP0000460_P03T	CNP0000460	DF.classifications_0.25_0.22_204	Doublet	pANN_0.25_0.22_204	0.363577023498695
CNP0000460_GGGACCTTCCTAGGGC-1_1_1_1	CNP0000460_P03T	CNP0000460	DF.classifications_0.25_0.22_204	Singlet	pANN_0.25_0.22_204	0.156005221932115
CNP0000460_GGGACCTTCCTGCAGG-1_1_1_1	CNP0000460_P03T	CNP0000460	DF.classifications_0.25_0.22_204	Singlet	pANN_0.25_0.22_204	0.281984334203655
CNP0000460_GGGAGATAGATATACG-1_1_1_1	CNP0000460_P03T	CNP0000460	DF.classifications_0.25_0.22_204	Singlet	pANN_0.25_0.22_204	0.105744125326371
CNP0000460_GGGAGATAGTCCCACG-1_1_1_1	CNP0000460_P03T	CNP0000460	DF.classifications_0.25_0.22_204	Singlet	pANN_0.25_0.22_204	0.20822454308094
CNP0000460_GGGAGATCAAAGGCGT-1_1_1_1	CNP0000460_P03T	CNP0000460	DF.classifications_0.25_0.22_204	Singlet	pANN_0.25_0.22_204	0.112271540469974
CNP0000460_GGGAGATCAGGAACGT-1_1_1_1	CNP0000460_P03T	CNP0000460	DF.classifications_0.25_0.22_204	Singlet	pANN_0.25_0.22_204	0.35443864229765
CNP0000460_GGGAGATCATACCATG-1_1_1_1	CNP0000460_P03T	CNP0000460	DF.classifications_0.25_0.22_204	Singlet	pANN_0.25_0.22_204	0.259138381201044
CNP0000460_GGGAGATCATCGATGT-1_1_1_1	CNP0000460_P03T	CNP0000460	DF.classifications_0.25_0.22_204	Singlet	pANN_0.25_0.22_204	0.087467362924282
CNP0000460_GGGAGATGTAGCCTCG-1_1_1_1	CNP0000460_P03T	CNP0000460	DF.classifications_0.25_0.22_204	Singlet	pANN_0.25_0.22_204	0.115535248041775
CNP0000460_GGGAGATTCGCGGATC-1_1_1_1	CNP0000460_P03T	CNP0000460	DF.classifications_0.25_0.22_204	Singlet	pANN_0.25_0.22_204	0.120757180156658
CNP0000460_GGGAGATTCTAACTTC-1_1_1_1	CNP0000460_P03T	CNP0000460	DF.classifications_0.25_0.22_204	Singlet	pANN_0.25_0.22_204	0.35313315926893
CNP0000460_GGGAGATTCTGTTGAG-1_1_1_1	CNP0000460_P03T	CNP0000460	DF.classifications_0.25_0.22_204	Doublet	pANN_0.25_0.22_204	0.369451697127937
CNP0000460_GGGAGATTCTTGTCAT-1_1_1_1	CNP0000460_P03T	CNP0000460	DF.classifications_0.25_0.22_204	Singlet	pANN_0.25_0.22_204	0.0822454308093995
CNP0000460_GGGATGAAGAATAGGG-1_1_1_1	CNP0000460_P03T	CNP0000460	DF.classifications_0.25_0.22_204	Singlet	pANN_0.25_0.22_204	0.186031331592689
CNP0000460_GGGATGAAGAGTCGGT-1_1_1_1	CNP0000460_P03T	CNP0000460	DF.classifications_0.25_0.22_204	Singlet	pANN_0.25_0.22_204	0.357049608355091
CNP0000460_GGGATGAAGGACAGAA-1_1_1_1	CNP0000460_P03T	CNP0000460	DF.classifications_0.25_0.22_204	Singlet	pANN_0.25_0.22_204	0.172323759791123
CNP0000460_GGGATGACAAACTGTC-1_1_1_1	CNP0000460_P03T	CNP0000460	DF.classifications_0.25_0.22_204	Singlet	pANN_0.25_0.22_204	0.35443864229765
CNP0000460_GGGATGACAGGTCGTC-1_1_1_1	CNP0000460_P03T	CNP0000460	DF.classifications_0.25_0.22_204	Singlet	pANN_0.25_0.22_204	0.114882506527415
CNP0000460_GGGATGAGTCCAGTAT-1_1_1_1	CNP0000460_P03T	CNP0000460	DF.classifications_0.25_0.22_204	Singlet	pANN_0.25_0.22_204	0.0953002610966057
CNP0000460_GGGATGATCAGCGATT-1_1_1_1	CNP0000460_P03T	CNP0000460	DF.classifications_0.25_0.22_204	Singlet	pANN_0.25_0.22_204	0.10443864229765
CNP0000460_GGGATGATCCAAGCCG-1_1_1_1	CNP0000460_P03T	CNP0000460	DF.classifications_0.25_0.22_204	Singlet	pANN_0.25_0.22_204	0.0763707571801567
CNP0000460_GGGATGATCCAGTATG-1_1_1_1	CNP0000460_P03T	CNP0000460	DF.classifications_0.25_0.22_204	Singlet	pANN_0.25_0.22_204	0.122715404699739
CNP0000460_GGGATGATCCGCGGTA-1_1_1_1	CNP0000460_P03T	CNP0000460	DF.classifications_0.25_0.22_204	Singlet	pANN_0.25_0.22_204	0.116840731070496
CNP0000460_GGGATGATCTGCGGCA-1_1_1_1	CNP0000460_P03T	CNP0000460	DF.classifications_0.25_0.22_204	Singlet	pANN_0.25_0.22_204	0.133159268929504
CNP0000460_GGGCACTAGACACGAC-1_1_1_1	CNP0000460_P03T	CNP0000460	DF.classifications_0.25_0.22_204	Singlet	pANN_0.25_0.22_204	0.356396866840731
CNP0000460_GGGCACTAGGCCCGTT-1_1_1_1	CNP0000460_P03T	CNP0000460	DF.classifications_0.25_0.22_204	Singlet	pANN_0.25_0.22_204	0.182767624020888
CNP0000460_GGGCACTAGTACGTAA-1_1_1_1	CNP0000460_P03T	CNP0000460	DF.classifications_0.25_0.22_204	Singlet	pANN_0.25_0.22_204	0.184073107049608
CNP0000460_GGGCACTAGTTAGGTA-1_1_1_1	CNP0000460_P03T	CNP0000460	DF.classifications_0.25_0.22_204	Singlet	pANN_0.25_0.22_204	0.114229765013055
CNP0000460_GGGCACTCACGACTCG-1_1_1_1	CNP0000460_P03T	CNP0000460	DF.classifications_0.25_0.22_204	Singlet	pANN_0.25_0.22_204	0.110966057441253
CNP0000460_GGGCACTCAGACGCCT-1_1_1_1	CNP0000460_P03T	CNP0000460	DF.classifications_0.25_0.22_204	Singlet	pANN_0.25_0.22_204	0.116840731070496
CNP0000460_GGGCACTCAGTCGATT-1_1_1_1	CNP0000460_P03T	CNP0000460	DF.classifications_0.25_0.22_204	Singlet	pANN_0.25_0.22_204	0.355744125326371
CNP0000460_GGGCACTCAGTTCCCT-1_1_1_1	CNP0000460_P03T	CNP0000460	DF.classifications_0.25_0.22_204	Singlet	pANN_0.25_0.22_204	0.2911227154047
CNP0000460_GGGCACTCATCGATTG-1_1_1_1	CNP0000460_P03T	CNP0000460	DF.classifications_0.25_0.22_204	Singlet	pANN_0.25_0.22_204	0.35509138381201
CNP0000460_GGGCACTGTAGATTAG-1_1_1_1	CNP0000460_P03T	CNP0000460	DF.classifications_0.25_0.22_204	Singlet	pANN_0.25_0.22_204	0.347258485639687
CNP0000460_GGGCACTGTCGGGTCT-1_1_1_1	CNP0000460_P03T	CNP0000460	DF.classifications_0.25_0.22_204	Singlet	pANN_0.25_0.22_204	0.168407310704961
CNP0000460_GGGCACTGTGAGGGAG-1_1_1_1	CNP0000460_P03T	CNP0000460	DF.classifications_0.25_0.22_204	Singlet	pANN_0.25_0.22_204	0.351174934725849
CNP0000460_GGGCACTGTTGGAGGT-1_1_1_1	CNP0000460_P03T	CNP0000460	DF.classifications_0.25_0.22_204	Singlet	pANN_0.25_0.22_204	0.35443864229765
CNP0000460_GGGCACTTCCAAGCCG-1_1_1_1	CNP0000460_P03T	CNP0000460	DF.classifications_0.25_0.22_204	Singlet	pANN_0.25_0.22_204	0.150783289817232
CNP0000460_GGGCACTTCCGGCACA-1_1_1_1	CNP0000460_P03T	CNP0000460	DF.classifications_0.25_0.22_204	Singlet	pANN_0.25_0.22_204	0.248694516971279
CNP0000460_GGGCACTTCCTCAATT-1_1_1_1	CNP0000460_P03T	CNP0000460	DF.classifications_0.25_0.22_204	Singlet	pANN_0.25_0.22_204	0.347258485639687
CNP0000460_GGGCACTTCTCTTGAT-1_1_1_1	CNP0000460_P03T	CNP0000460	DF.classifications_0.25_0.22_204	Singlet	pANN_0.25_0.22_204	0.0972584856396867
CNP0000460_GGGCACTTCTGAAAGA-1_1_1_1	CNP0000460_P03T	CNP0000460	DF.classifications_0.25_0.22_204	Singlet	pANN_0.25_0.22_204	0.10509138381201
CNP0000460_GGGCATCAGGGCATGT-1_1_1_1	CNP0000460_P03T	CNP0000460	DF.classifications_0.25_0.22_204	Singlet	pANN_0.25_0.22_204	0.3322454308094
CNP0000460_GGGCATCAGTCCGGTC-1_1_1_1	CNP0000460_P03T	CNP0000460	DF.classifications_0.25_0.22_204	Singlet	pANN_0.25_0.22_204	0.35509138381201
CNP0000460_GGGCATCCAACACGCC-1_1_1_1	CNP0000460_P03T	CNP0000460	DF.classifications_0.25_0.22_204	Singlet	pANN_0.25_0.22_204	0.140992167101828
CNP0000460_GGGCATCCATCGACGC-1_1_1_1	CNP0000460_P03T	CNP0000460	DF.classifications_0.25_0.22_204	Singlet	pANN_0.25_0.22_204	0.110313315926893
CNP0000460_GGGCATCGTAAGCACG-1_1_1_1	CNP0000460_P03T	CNP0000460	DF.classifications_0.25_0.22_204	Singlet	pANN_0.25_0.22_204	0.348563968668407
CNP0000460_GGGCATCGTGCGCTTG-1_1_1_1	CNP0000460_P03T	CNP0000460	DF.classifications_0.25_0.22_204	Singlet	pANN_0.25_0.22_204	0.345953002610966
CNP0000460_GGGCATCGTGTGAAAT-1_1_1_1	CNP0000460_P03T	CNP0000460	DF.classifications_0.25_0.22_204	Singlet	pANN_0.25_0.22_204	0.336814621409922
CNP0000460_GGGCATCGTTAAGACA-1_1_1_1	CNP0000460_P03T	CNP0000460	DF.classifications_0.25_0.22_204	Singlet	pANN_0.25_0.22_204	0.157310704960836
CNP0000460_GGGCATCTCATGTAGC-1_1_1_1	CNP0000460_P03T	CNP0000460	DF.classifications_0.25_0.22_204	Singlet	pANN_0.25_0.22_204	0.173629242819843
CNP0000460_GGGCATCTCGCAAACT-1_1_1_1	CNP0000460_P03T	CNP0000460	DF.classifications_0.25_0.22_204	Doublet	pANN_0.25_0.22_204	0.390992167101828
CNP0000460_GGGCATCTCTCAAGTG-1_1_1_1	CNP0000460_P03T	CNP0000460	DF.classifications_0.25_0.22_204	Singlet	pANN_0.25_0.22_204	0.0972584856396867
CNP0000460_GGGTCTGAGAGACGAA-1_1_1_1	CNP0000460_P03T	CNP0000460	DF.classifications_0.25_0.22_204	Singlet	pANN_0.25_0.22_204	0.217362924281984
CNP0000460_GGGTCTGAGGGATCTG-1_1_1_1	CNP0000460_P03T	CNP0000460	DF.classifications_0.25_0.22_204	Singlet	pANN_0.25_0.22_204	0.162532637075718
CNP0000460_GGGTCTGAGTCCCACG-1_1_1_1	CNP0000460_P03T	CNP0000460	DF.classifications_0.25_0.22_204	Singlet	pANN_0.25_0.22_204	0.106396866840731
CNP0000460_GGGTCTGCAAAGAATC-1_1_1_1	CNP0000460_P03T	CNP0000460	DF.classifications_0.25_0.22_204	Singlet	pANN_0.25_0.22_204	0.255221932114883
CNP0000460_GGGTCTGCAAGTTCTG-1_1_1_1	CNP0000460_P03T	CNP0000460	DF.classifications_0.25_0.22_204	Singlet	pANN_0.25_0.22_204	0.122715404699739
CNP0000460_GGGTCTGCATTAGCCA-1_1_1_1	CNP0000460_P03T	CNP0000460	DF.classifications_0.25_0.22_204	Singlet	pANN_0.25_0.22_204	0.0933420365535248
CNP0000460_GGGTCTGGTAGCACGA-1_1_1_1	CNP0000460_P03T	CNP0000460	DF.classifications_0.25_0.22_204	Singlet	pANN_0.25_0.22_204	0.169060052219321
CNP0000460_GGGTCTGGTCTCAACA-1_1_1_1	CNP0000460_P03T	CNP0000460	DF.classifications_0.25_0.22_204	Singlet	pANN_0.25_0.22_204	0.238903394255875
CNP0000460_GGGTCTGGTGATGCCC-1_1_1_1	CNP0000460_P03T	CNP0000460	DF.classifications_0.25_0.22_204	Singlet	pANN_0.25_0.22_204	0.107702349869452
CNP0000460_GGGTCTGTCAACACTG-1_1_1_1	CNP0000460_P03T	CNP0000460	DF.classifications_0.25_0.22_204	Doublet	pANN_0.25_0.22_204	0.371409921671018
CNP0000460_GGGTCTGTCAGCATGT-1_1_1_1	CNP0000460_P03T	CNP0000460	DF.classifications_0.25_0.22_204	Singlet	pANN_0.25_0.22_204	0.359007832898172
CNP0000460_GGGTCTGTCCCAAGAT-1_1_1_1	CNP0000460_P03T	CNP0000460	DF.classifications_0.25_0.22_204	Singlet	pANN_0.25_0.22_204	0.348563968668407
CNP0000460_GGGTCTGTCGCGGATC-1_1_1_1	CNP0000460_P03T	CNP0000460	DF.classifications_0.25_0.22_204	Doublet	pANN_0.25_0.22_204	0.363577023498695
CNP0000460_GGGTTGCAGGGAACGG-1_1_1_1	CNP0000460_P03T	CNP0000460	DF.classifications_0.25_0.22_204	Singlet	pANN_0.25_0.22_204	0.116187989556136
CNP0000460_GGGTTGCAGGTGGGTT-1_1_1_1	CNP0000460_P03T	CNP0000460	DF.classifications_0.25_0.22_204	Singlet	pANN_0.25_0.22_204	0.117493472584856
CNP0000460_GGGTTGCCAGTAGAGC-1_1_1_1	CNP0000460_P03T	CNP0000460	DF.classifications_0.25_0.22_204	Singlet	pANN_0.25_0.22_204	0.0842036553524804
CNP0000460_GGGTTGCGTCAGAAGC-1_1_1_1	CNP0000460_P03T	CNP0000460	DF.classifications_0.25_0.22_204	Singlet	pANN_0.25_0.22_204	0.148172323759791
CNP0000460_GGGTTGCGTCGAAAGC-1_1_1_1	CNP0000460_P03T	CNP0000460	DF.classifications_0.25_0.22_204	Singlet	pANN_0.25_0.22_204	0.0966057441253264
CNP0000460_GGGTTGCGTCGCATCG-1_1_1_1	CNP0000460_P03T	CNP0000460	DF.classifications_0.25_0.22_204	Singlet	pANN_0.25_0.22_204	0.283289817232376
CNP0000460_GGGTTGCGTTAAGTAG-1_1_1_1	CNP0000460_P03T	CNP0000460	DF.classifications_0.25_0.22_204	Singlet	pANN_0.25_0.22_204	0.112924281984334
CNP0000460_GGGTTGCGTTCGTTGA-1_1_1_1	CNP0000460_P03T	CNP0000460	DF.classifications_0.25_0.22_204	Singlet	pANN_0.25_0.22_204	0.231723237597911
CNP0000460_GGGTTGCGTTGAACTC-1_1_1_1	CNP0000460_P03T	CNP0000460	DF.classifications_0.25_0.22_204	Singlet	pANN_0.25_0.22_204	0.290469973890339
CNP0000460_GGGTTGCTCAATAAGG-1_1_1_1	CNP0000460_P03T	CNP0000460	DF.classifications_0.25_0.22_204	Singlet	pANN_0.25_0.22_204	0.0881201044386423
CNP0000460_GGGTTGCTCAGCGATT-1_1_1_1	CNP0000460_P03T	CNP0000460	DF.classifications_0.25_0.22_204	Singlet	pANN_0.25_0.22_204	0.112924281984334
CNP0000460_GGGTTGCTCTGACCTC-1_1_1_1	CNP0000460_P03T	CNP0000460	DF.classifications_0.25_0.22_204	Singlet	pANN_0.25_0.22_204	0.0718015665796345
CNP0000460_GGGTTGCTCTGCAGTA-1_1_1_1	CNP0000460_P03T	CNP0000460	DF.classifications_0.25_0.22_204	Singlet	pANN_0.25_0.22_204	0.340078328981723
CNP0000460_GGTATTGAGATATGGT-1_1_1_1	CNP0000460_P03T	CNP0000460	DF.classifications_0.25_0.22_204	Singlet	pANN_0.25_0.22_204	0.178851174934726
CNP0000460_GGTATTGAGTACGTTC-1_1_1_1	CNP0000460_P03T	CNP0000460	DF.classifications_0.25_0.22_204	Singlet	pANN_0.25_0.22_204	0.126631853785901
CNP0000460_GGTATTGAGTGAAGAG-1_1_1_1	CNP0000460_P03T	CNP0000460	DF.classifications_0.25_0.22_204	Singlet	pANN_0.25_0.22_204	0.135770234986945
CNP0000460_GGTATTGGTCGTTGTA-1_1_1_1	CNP0000460_P03T	CNP0000460	DF.classifications_0.25_0.22_204	Singlet	pANN_0.25_0.22_204	0.346605744125326
CNP0000460_GGTATTGGTGTCCTCT-1_1_1_1	CNP0000460_P03T	CNP0000460	DF.classifications_0.25_0.22_204	Singlet	pANN_0.25_0.22_204	0.147519582245431
CNP0000460_GGTATTGGTTCCATGA-1_1_1_1	CNP0000460_P03T	CNP0000460	DF.classifications_0.25_0.22_204	Singlet	pANN_0.25_0.22_204	0.251305483028721
CNP0000460_GGTATTGTCAACACTG-1_1_1_1	CNP0000460_P03T	CNP0000460	DF.classifications_0.25_0.22_204	Singlet	pANN_0.25_0.22_204	0.263707571801567
CNP0000460_GGTATTGTCAGGCGAA-1_1_1_1	CNP0000460_P03T	CNP0000460	DF.classifications_0.25_0.22_204	Singlet	pANN_0.25_0.22_204	0.0828981723237598
CNP0000460_GGTATTGTCCTAGTGA-1_1_1_1	CNP0000460_P03T	CNP0000460	DF.classifications_0.25_0.22_204	Singlet	pANN_0.25_0.22_204	0.29242819843342
CNP0000460_GGTATTGTCGCCCTTA-1_1_1_1	CNP0000460_P03T	CNP0000460	DF.classifications_0.25_0.22_204	Singlet	pANN_0.25_0.22_204	0.242167101827676
CNP0000460_GGTGAAGAGCTGTTCA-1_1_1_1	CNP0000460_P03T	CNP0000460	DF.classifications_0.25_0.22_204	Singlet	pANN_0.25_0.22_204	0.35443864229765
CNP0000460_GGTGAAGAGTATTGGA-1_1_1_1	CNP0000460_P03T	CNP0000460	DF.classifications_0.25_0.22_204	Singlet	pANN_0.25_0.22_204	0.0828981723237598
CNP0000460_GGTGAAGAGTGTGAAT-1_1_1_1	CNP0000460_P03T	CNP0000460	DF.classifications_0.25_0.22_204	Singlet	pANN_0.25_0.22_204	0.129242819843342
CNP0000460_GGTGAAGCAAGAGTCG-1_1_1_1	CNP0000460_P03T	CNP0000460	DF.classifications_0.25_0.22_204	Doublet	pANN_0.25_0.22_204	0.360966057441253
CNP0000460_GGTGAAGCAGGAACGT-1_1_1_1	CNP0000460_P03T	CNP0000460	DF.classifications_0.25_0.22_204	Singlet	pANN_0.25_0.22_204	0.171671018276762
CNP0000460_GGTGAAGCAGGCGATA-1_1_1_1	CNP0000460_P03T	CNP0000460	DF.classifications_0.25_0.22_204	Singlet	pANN_0.25_0.22_204	0.118146214099217
CNP0000460_GGTGAAGGTCGGATCC-1_1_1_1	CNP0000460_P03T	CNP0000460	DF.classifications_0.25_0.22_204	Doublet	pANN_0.25_0.22_204	0.360966057441253
CNP0000460_GGTGAAGGTTCAGCGC-1_1_1_1	CNP0000460_P03T	CNP0000460	DF.classifications_0.25_0.22_204	Singlet	pANN_0.25_0.22_204	0.101174934725849
CNP0000460_GGTGAAGTCCAGATCA-1_1_1_1	CNP0000460_P03T	CNP0000460	DF.classifications_0.25_0.22_204	Doublet	pANN_0.25_0.22_204	0.364882506527415
CNP0000460_GGTGCGTAGCCACCTG-1_1_1_1	CNP0000460_P03T	CNP0000460	DF.classifications_0.25_0.22_204	Singlet	pANN_0.25_0.22_204	0.278720626631854
CNP0000460_GGTGCGTAGCCAGTAG-1_1_1_1	CNP0000460_P03T	CNP0000460	DF.classifications_0.25_0.22_204	Singlet	pANN_0.25_0.22_204	0.0939947780678851
CNP0000460_GGTGCGTAGGATGCGT-1_1_1_1	CNP0000460_P03T	CNP0000460	DF.classifications_0.25_0.22_204	Singlet	pANN_0.25_0.22_204	0.0972584856396867
CNP0000460_GGTGCGTAGGGTTCCC-1_1_1_1	CNP0000460_P03T	CNP0000460	DF.classifications_0.25_0.22_204	Singlet	pANN_0.25_0.22_204	0.172323759791123
CNP0000460_GGTGCGTCATCGACGC-1_1_1_1	CNP0000460_P03T	CNP0000460	DF.classifications_0.25_0.22_204	Singlet	pANN_0.25_0.22_204	0.130548302872063
CNP0000460_GGTGCGTCATGATCCA-1_1_1_1	CNP0000460_P03T	CNP0000460	DF.classifications_0.25_0.22_204	Singlet	pANN_0.25_0.22_204	0.278067885117493
CNP0000460_GGTGCGTGTACATGTC-1_1_1_1	CNP0000460_P03T	CNP0000460	DF.classifications_0.25_0.22_204	Singlet	pANN_0.25_0.22_204	0.150130548302872
CNP0000460_GGTGCGTGTCCATCCT-1_1_1_1	CNP0000460_P03T	CNP0000460	DF.classifications_0.25_0.22_204	Doublet	pANN_0.25_0.22_204	0.362271540469974
CNP0000460_GGTGCGTGTGCCTGTG-1_1_1_1	CNP0000460_P03T	CNP0000460	DF.classifications_0.25_0.22_204	Singlet	pANN_0.25_0.22_204	0.120757180156658
CNP0000460_GGTGCGTGTGCGAAAC-1_1_1_1	CNP0000460_P03T	CNP0000460	DF.classifications_0.25_0.22_204	Singlet	pANN_0.25_0.22_204	0.153394255874674
CNP0000460_GGTGCGTTCCAATGGT-1_1_1_1	CNP0000460_P03T	CNP0000460	DF.classifications_0.25_0.22_204	Singlet	pANN_0.25_0.22_204	0.135770234986945
CNP0000460_GGTGCGTTCGCATGGC-1_1_1_1	CNP0000460_P03T	CNP0000460	DF.classifications_0.25_0.22_204	Doublet	pANN_0.25_0.22_204	0.360966057441253
CNP0000460_GGTGTTAAGATGTAAC-1_1_1_1	CNP0000460_P03T	CNP0000460	DF.classifications_0.25_0.22_204	Singlet	pANN_0.25_0.22_204	0.0887728459530026
CNP0000460_GGTGTTAAGGGTGTGT-1_1_1_1	CNP0000460_P03T	CNP0000460	DF.classifications_0.25_0.22_204	Doublet	pANN_0.25_0.22_204	0.360966057441253
CNP0000460_GGTGTTAAGTCAAGGC-1_1_1_1	CNP0000460_P03T	CNP0000460	DF.classifications_0.25_0.22_204	Singlet	pANN_0.25_0.22_204	0.127937336814621
CNP0000460_GGTGTTAAGTCGATAA-1_1_1_1	CNP0000460_P03T	CNP0000460	DF.classifications_0.25_0.22_204	Singlet	pANN_0.25_0.22_204	0.106396866840731
CNP0000460_GGTGTTACAGGGCATA-1_1_1_1	CNP0000460_P03T	CNP0000460	DF.classifications_0.25_0.22_204	Singlet	pANN_0.25_0.22_204	0.120104438642298
CNP0000460_GGTGTTAGTCACTGGC-1_1_1_1	CNP0000460_P03T	CNP0000460	DF.classifications_0.25_0.22_204	Singlet	pANN_0.25_0.22_204	0.298302872062663
CNP0000460_GGTGTTAGTGACCAAG-1_1_1_1	CNP0000460_P03T	CNP0000460	DF.classifications_0.25_0.22_204	Singlet	pANN_0.25_0.22_204	0.175587467362924
CNP0000460_GGTGTTATCAGAGACG-1_1_1_1	CNP0000460_P03T	CNP0000460	DF.classifications_0.25_0.22_204	Singlet	pANN_0.25_0.22_204	0.221932114882507
CNP0000460_GGTGTTATCAGCATGT-1_1_1_1	CNP0000460_P03T	CNP0000460	DF.classifications_0.25_0.22_204	Singlet	pANN_0.25_0.22_204	0.139686684073107
CNP0000460_GGTGTTATCCTTAATC-1_1_1_1	CNP0000460_P03T	CNP0000460	DF.classifications_0.25_0.22_204	Singlet	pANN_0.25_0.22_204	0.27154046997389
CNP0000460_GGTGTTATCTTGACGA-1_1_1_1	CNP0000460_P03T	CNP0000460	DF.classifications_0.25_0.22_204	Singlet	pANN_0.25_0.22_204	0.0881201044386423
CNP0000460_GTAACGTAGATGTGGC-1_1_1_1	CNP0000460_P03T	CNP0000460	DF.classifications_0.25_0.22_204	Singlet	pANN_0.25_0.22_204	0.356396866840731
CNP0000460_GTAACGTAGGGCTTGA-1_1_1_1	CNP0000460_P03T	CNP0000460	DF.classifications_0.25_0.22_204	Singlet	pANN_0.25_0.22_204	0.0861618798955614
CNP0000460_GTAACGTAGTACTTGC-1_1_1_1	CNP0000460_P03T	CNP0000460	DF.classifications_0.25_0.22_204	Singlet	pANN_0.25_0.22_204	0.352480417754569
CNP0000460_GTAACGTCACAACTGT-1_1_1_1	CNP0000460_P03T	CNP0000460	DF.classifications_0.25_0.22_204	Doublet	pANN_0.25_0.22_204	0.360966057441253
CNP0000460_GTAACGTCAGAGCCAA-1_1_1_1	CNP0000460_P03T	CNP0000460	DF.classifications_0.25_0.22_204	Singlet	pANN_0.25_0.22_204	0.0920365535248042
CNP0000460_GTAACGTCATGCCCGA-1_1_1_1	CNP0000460_P03T	CNP0000460	DF.classifications_0.25_0.22_204	Singlet	pANN_0.25_0.22_204	0.152088772845953
CNP0000460_GTAACGTGTAGCACGA-1_1_1_1	CNP0000460_P03T	CNP0000460	DF.classifications_0.25_0.22_204	Singlet	pANN_0.25_0.22_204	0.114229765013055
CNP0000460_GTAACGTGTCTAGCGC-1_1_1_1	CNP0000460_P03T	CNP0000460	DF.classifications_0.25_0.22_204	Singlet	pANN_0.25_0.22_204	0.0985639686684073
CNP0000460_GTAACGTGTGGGTATG-1_1_1_1	CNP0000460_P03T	CNP0000460	DF.classifications_0.25_0.22_204	Singlet	pANN_0.25_0.22_204	0.359660574412533
CNP0000460_GTAACTGAGGTGCAAC-1_1_1_1	CNP0000460_P03T	CNP0000460	DF.classifications_0.25_0.22_204	Singlet	pANN_0.25_0.22_204	0.0868146214099217
CNP0000460_GTAACTGGTACTTCTT-1_1_1_1	CNP0000460_P03T	CNP0000460	DF.classifications_0.25_0.22_204	Singlet	pANN_0.25_0.22_204	0.176240208877285
CNP0000460_GTAACTGTCACGCATA-1_1_1_1	CNP0000460_P03T	CNP0000460	DF.classifications_0.25_0.22_204	Singlet	pANN_0.25_0.22_204	0.358355091383812
CNP0000460_GTAACTGTCAGCACAT-1_1_1_1	CNP0000460_P03T	CNP0000460	DF.classifications_0.25_0.22_204	Singlet	pANN_0.25_0.22_204	0.16644908616188
CNP0000460_GTAACTGTCCGTACAA-1_1_1_1	CNP0000460_P03T	CNP0000460	DF.classifications_0.25_0.22_204	Singlet	pANN_0.25_0.22_204	0.235639686684073
CNP0000460_GTACGTAAGCATGGCA-1_1_1_1	CNP0000460_P03T	CNP0000460	DF.classifications_0.25_0.22_204	Singlet	pANN_0.25_0.22_204	0.351827676240209
CNP0000460_GTACGTAAGCGATAGC-1_1_1_1	CNP0000460_P03T	CNP0000460	DF.classifications_0.25_0.22_204	Singlet	pANN_0.25_0.22_204	0.357049608355091
CNP0000460_GTACGTAAGGGATCTG-1_1_1_1	CNP0000460_P03T	CNP0000460	DF.classifications_0.25_0.22_204	Singlet	pANN_0.25_0.22_204	0.298955613577023
CNP0000460_GTACGTAAGGTTCCTA-1_1_1_1	CNP0000460_P03T	CNP0000460	DF.classifications_0.25_0.22_204	Singlet	pANN_0.25_0.22_204	0.118798955613577
CNP0000460_GTACGTAAGTTAGCGG-1_1_1_1	CNP0000460_P03T	CNP0000460	DF.classifications_0.25_0.22_204	Singlet	pANN_0.25_0.22_204	0.139033942558747
CNP0000460_GTACGTACAACACGCC-1_1_1_1	CNP0000460_P03T	CNP0000460	DF.classifications_0.25_0.22_204	Singlet	pANN_0.25_0.22_204	0.266971279373368
CNP0000460_GTACGTACAATCTGCA-1_1_1_1	CNP0000460_P03T	CNP0000460	DF.classifications_0.25_0.22_204	Singlet	pANN_0.25_0.22_204	0.0802872062663185
CNP0000460_GTACGTACACAGATTC-1_1_1_1	CNP0000460_P03T	CNP0000460	DF.classifications_0.25_0.22_204	Doublet	pANN_0.25_0.22_204	0.360966057441253
CNP0000460_GTACGTAGTACAGCAG-1_1_1_1	CNP0000460_P03T	CNP0000460	DF.classifications_0.25_0.22_204	Singlet	pANN_0.25_0.22_204	0.0894255874673629
CNP0000460_GTACGTATCCCGGATG-1_1_1_1	CNP0000460_P03T	CNP0000460	DF.classifications_0.25_0.22_204	Singlet	pANN_0.25_0.22_204	0.0933420365535248
CNP0000460_GTACTCCAGATGAGAG-1_1_1_1	CNP0000460_P03T	CNP0000460	DF.classifications_0.25_0.22_204	Singlet	pANN_0.25_0.22_204	0.259138381201044
CNP0000460_GTACTCCAGGAGTACC-1_1_1_1	CNP0000460_P03T	CNP0000460	DF.classifications_0.25_0.22_204	Singlet	pANN_0.25_0.22_204	0.142297650130548
CNP0000460_GTACTCCAGTAGGCCA-1_1_1_1	CNP0000460_P03T	CNP0000460	DF.classifications_0.25_0.22_204	Singlet	pANN_0.25_0.22_204	0.247389033942559
CNP0000460_GTACTCCAGTGTGGCA-1_1_1_1	CNP0000460_P03T	CNP0000460	DF.classifications_0.25_0.22_204	Singlet	pANN_0.25_0.22_204	0.0966057441253264
CNP0000460_GTACTCCCAACCGCCA-1_1_1_1	CNP0000460_P03T	CNP0000460	DF.classifications_0.25_0.22_204	Singlet	pANN_0.25_0.22_204	0.140992167101828
CNP0000460_GTACTCCCAATCCAAC-1_1_1_1	CNP0000460_P03T	CNP0000460	DF.classifications_0.25_0.22_204	Singlet	pANN_0.25_0.22_204	0.0881201044386423
CNP0000460_GTACTCCCACATTAGC-1_1_1_1	CNP0000460_P03T	CNP0000460	DF.classifications_0.25_0.22_204	Singlet	pANN_0.25_0.22_204	0.167754569190601
CNP0000460_GTACTCCCACGTGAGA-1_1_1_1	CNP0000460_P03T	CNP0000460	DF.classifications_0.25_0.22_204	Singlet	pANN_0.25_0.22_204	0.349216710182768
CNP0000460_GTACTCCCAGATGAGC-1_1_1_1	CNP0000460_P03T	CNP0000460	DF.classifications_0.25_0.22_204	Singlet	pANN_0.25_0.22_204	0.105744125326371
CNP0000460_GTACTCCCAGCATGAG-1_1_1_1	CNP0000460_P03T	CNP0000460	DF.classifications_0.25_0.22_204	Singlet	pANN_0.25_0.22_204	0.102480417754569
CNP0000460_GTACTCCTCCGCGCAA-1_1_1_1	CNP0000460_P03T	CNP0000460	DF.classifications_0.25_0.22_204	Singlet	pANN_0.25_0.22_204	0.255221932114883
CNP0000460_GTACTCCTCGCAAACT-1_1_1_1	CNP0000460_P03T	CNP0000460	DF.classifications_0.25_0.22_204	Singlet	pANN_0.25_0.22_204	0.131853785900783
CNP0000460_GTACTTTAGAACAATC-1_1_1_1	CNP0000460_P03T	CNP0000460	DF.classifications_0.25_0.22_204	Singlet	pANN_0.25_0.22_204	0.281984334203655
CNP0000460_GTACTTTAGTAGCGGT-1_1_1_1	CNP0000460_P03T	CNP0000460	DF.classifications_0.25_0.22_204	Singlet	pANN_0.25_0.22_204	0.157963446475196
CNP0000460_GTACTTTAGTGTACTC-1_1_1_1	CNP0000460_P03T	CNP0000460	DF.classifications_0.25_0.22_204	Singlet	pANN_0.25_0.22_204	0.349216710182768
CNP0000460_GTACTTTCACACAGAG-1_1_1_1	CNP0000460_P03T	CNP0000460	DF.classifications_0.25_0.22_204	Singlet	pANN_0.25_0.22_204	0.236945169712794
CNP0000460_GTACTTTCATAGAAAC-1_1_1_1	CNP0000460_P03T	CNP0000460	DF.classifications_0.25_0.22_204	Singlet	pANN_0.25_0.22_204	0.135770234986945
CNP0000460_GTACTTTCATTGAGCT-1_1_1_1	CNP0000460_P03T	CNP0000460	DF.classifications_0.25_0.22_204	Singlet	pANN_0.25_0.22_204	0.0966057441253264
CNP0000460_GTACTTTGTTGCGCAC-1_1_1_1	CNP0000460_P03T	CNP0000460	DF.classifications_0.25_0.22_204	Singlet	pANN_0.25_0.22_204	0.122062663185379
CNP0000460_GTACTTTTCAACACGT-1_1_1_1	CNP0000460_P03T	CNP0000460	DF.classifications_0.25_0.22_204	Singlet	pANN_0.25_0.22_204	0.171671018276762
CNP0000460_GTACTTTTCATTGCGA-1_1_1_1	CNP0000460_P03T	CNP0000460	DF.classifications_0.25_0.22_204	Singlet	pANN_0.25_0.22_204	0.251958224543081
CNP0000460_GTACTTTTCGCCATAA-1_1_1_1	CNP0000460_P03T	CNP0000460	DF.classifications_0.25_0.22_204	Singlet	pANN_0.25_0.22_204	0.118798955613577
CNP0000460_GTACTTTTCGTGGGAA-1_1_1_1	CNP0000460_P03T	CNP0000460	DF.classifications_0.25_0.22_204	Singlet	pANN_0.25_0.22_204	0.357702349869452
CNP0000460_GTACTTTTCTATGTGG-1_1_1_1	CNP0000460_P03T	CNP0000460	DF.classifications_0.25_0.22_204	Singlet	pANN_0.25_0.22_204	0.20757180156658
CNP0000460_GTAGGCCAGGGTTCCC-1_1_1_1	CNP0000460_P03T	CNP0000460	DF.classifications_0.25_0.22_204	Singlet	pANN_0.25_0.22_204	0.206266318537859
CNP0000460_GTAGGCCCATAAGACA-1_1_1_1	CNP0000460_P03T	CNP0000460	DF.classifications_0.25_0.22_204	Singlet	pANN_0.25_0.22_204	0.359007832898172
CNP0000460_GTAGGCCCATTACCTT-1_1_1_1	CNP0000460_P03T	CNP0000460	DF.classifications_0.25_0.22_204	Singlet	pANN_0.25_0.22_204	0.294386422976501
CNP0000460_GTAGGCCGTATTCTCT-1_1_1_1	CNP0000460_P03T	CNP0000460	DF.classifications_0.25_0.22_204	Singlet	pANN_0.25_0.22_204	0.281984334203655
CNP0000460_GTAGGCCGTGGCGAAT-1_1_1_1	CNP0000460_P03T	CNP0000460	DF.classifications_0.25_0.22_204	Singlet	pANN_0.25_0.22_204	0.342036553524804
CNP0000460_GTAGGCCTCCTGTACC-1_1_1_1	CNP0000460_P03T	CNP0000460	DF.classifications_0.25_0.22_204	Singlet	pANN_0.25_0.22_204	0.293733681462141
CNP0000460_GTAGGCCTCTGGTATG-1_1_1_1	CNP0000460_P03T	CNP0000460	DF.classifications_0.25_0.22_204	Singlet	pANN_0.25_0.22_204	0.35443864229765
CNP0000460_GTAGGCCTCTTGTATC-1_1_1_1	CNP0000460_P03T	CNP0000460	DF.classifications_0.25_0.22_204	Singlet	pANN_0.25_0.22_204	0.263707571801567
CNP0000460_GTAGTCAAGACGCACA-1_1_1_1	CNP0000460_P03T	CNP0000460	DF.classifications_0.25_0.22_204	Singlet	pANN_0.25_0.22_204	0.35509138381201
CNP0000460_GTAGTCAAGGACTGGT-1_1_1_1	CNP0000460_P03T	CNP0000460	DF.classifications_0.25_0.22_204	Singlet	pANN_0.25_0.22_204	0.216710182767624
CNP0000460_GTAGTCAAGGCAGTCA-1_1_1_1	CNP0000460_P03T	CNP0000460	DF.classifications_0.25_0.22_204	Singlet	pANN_0.25_0.22_204	0.110966057441253
CNP0000460_GTAGTCAAGGTTACCT-1_1_1_1	CNP0000460_P03T	CNP0000460	DF.classifications_0.25_0.22_204	Doublet	pANN_0.25_0.22_204	0.373368146214099
CNP0000460_GTAGTCACACAAGCCC-1_1_1_1	CNP0000460_P03T	CNP0000460	DF.classifications_0.25_0.22_204	Singlet	pANN_0.25_0.22_204	0.101174934725849
CNP0000460_GTAGTCACACCAACCG-1_1_1_1	CNP0000460_P03T	CNP0000460	DF.classifications_0.25_0.22_204	Singlet	pANN_0.25_0.22_204	0.343994778067885
CNP0000460_GTAGTCACATACAGCT-1_1_1_1	CNP0000460_P03T	CNP0000460	DF.classifications_0.25_0.22_204	Singlet	pANN_0.25_0.22_204	0.352480417754569
CNP0000460_GTAGTCACATGGTTGT-1_1_1_1	CNP0000460_P03T	CNP0000460	DF.classifications_0.25_0.22_204	Singlet	pANN_0.25_0.22_204	0.120104438642298
CNP0000460_GTAGTCAGTCGCGTGT-1_1_1_1	CNP0000460_P03T	CNP0000460	DF.classifications_0.25_0.22_204	Singlet	pANN_0.25_0.22_204	0.27088772845953
CNP0000460_GTAGTCATCACATACG-1_1_1_1	CNP0000460_P03T	CNP0000460	DF.classifications_0.25_0.22_204	Singlet	pANN_0.25_0.22_204	0.350522193211488
CNP0000460_GTAGTCATCCAGTAGT-1_1_1_1	CNP0000460_P03T	CNP0000460	DF.classifications_0.25_0.22_204	Singlet	pANN_0.25_0.22_204	0.210835509138381
CNP0000460_GTAGTCATCCGGCACA-1_1_1_1	CNP0000460_P03T	CNP0000460	DF.classifications_0.25_0.22_204	Singlet	pANN_0.25_0.22_204	0.251305483028721
CNP0000460_GTAGTCATCGGATGTT-1_1_1_1	CNP0000460_P03T	CNP0000460	DF.classifications_0.25_0.22_204	Singlet	pANN_0.25_0.22_204	0.180156657963446
CNP0000460_GTAGTCATCGTAGATC-1_1_1_1	CNP0000460_P03T	CNP0000460	DF.classifications_0.25_0.22_204	Singlet	pANN_0.25_0.22_204	0.118146214099217
CNP0000460_GTAGTCATCTTGTCAT-1_1_1_1	CNP0000460_P03T	CNP0000460	DF.classifications_0.25_0.22_204	Singlet	pANN_0.25_0.22_204	0.134464751958225
CNP0000460_GTATCTTAGATGTGGC-1_1_1_1	CNP0000460_P03T	CNP0000460	DF.classifications_0.25_0.22_204	Singlet	pANN_0.25_0.22_204	0.154699738903394
CNP0000460_GTATCTTAGTGGGTTG-1_1_1_1	CNP0000460_P03T	CNP0000460	DF.classifications_0.25_0.22_204	Singlet	pANN_0.25_0.22_204	0.0815926892950392
CNP0000460_GTATCTTGTTGAGTTC-1_1_1_1	CNP0000460_P03T	CNP0000460	DF.classifications_0.25_0.22_204	Singlet	pANN_0.25_0.22_204	0.0913838120104439
CNP0000460_GTATCTTTCAAACGGG-1_1_1_1	CNP0000460_P03T	CNP0000460	DF.classifications_0.25_0.22_204	Singlet	pANN_0.25_0.22_204	0.18668407310705
CNP0000460_GTATCTTTCAACACGT-1_1_1_1	CNP0000460_P03T	CNP0000460	DF.classifications_0.25_0.22_204	Singlet	pANN_0.25_0.22_204	0.108355091383812
CNP0000460_GTATCTTTCAATACCG-1_1_1_1	CNP0000460_P03T	CNP0000460	DF.classifications_0.25_0.22_204	Singlet	pANN_0.25_0.22_204	0.163185378590078
CNP0000460_GTATCTTTCGGTCCGA-1_1_1_1	CNP0000460_P03T	CNP0000460	DF.classifications_0.25_0.22_204	Singlet	pANN_0.25_0.22_204	0.25
CNP0000460_GTATCTTTCTAGCACA-1_1_1_1	CNP0000460_P03T	CNP0000460	DF.classifications_0.25_0.22_204	Singlet	pANN_0.25_0.22_204	0.359007832898172
CNP0000460_GTATCTTTCTGTCAAG-1_1_1_1	CNP0000460_P03T	CNP0000460	DF.classifications_0.25_0.22_204	Doublet	pANN_0.25_0.22_204	0.362271540469974
CNP0000460_GTATTCTAGAACAACT-1_1_1_1	CNP0000460_P03T	CNP0000460	DF.classifications_0.25_0.22_204	Singlet	pANN_0.25_0.22_204	0.35378590078329
CNP0000460_GTATTCTAGGGTCGAT-1_1_1_1	CNP0000460_P03T	CNP0000460	DF.classifications_0.25_0.22_204	Singlet	pANN_0.25_0.22_204	0.115535248041775
CNP0000460_GTATTCTCAATCTACG-1_1_1_1	CNP0000460_P03T	CNP0000460	DF.classifications_0.25_0.22_204	Singlet	pANN_0.25_0.22_204	0.161227154046997
CNP0000460_GTATTCTCAGACACTT-1_1_1_1	CNP0000460_P03T	CNP0000460	DF.classifications_0.25_0.22_204	Doublet	pANN_0.25_0.22_204	0.366840731070496
CNP0000460_GTATTCTCATTGGCGC-1_1_1_1	CNP0000460_P03T	CNP0000460	DF.classifications_0.25_0.22_204	Singlet	pANN_0.25_0.22_204	0.350522193211488
CNP0000460_GTATTCTGTCCATGAT-1_1_1_1	CNP0000460_P03T	CNP0000460	DF.classifications_0.25_0.22_204	Singlet	pANN_0.25_0.22_204	0.29177545691906
CNP0000460_GTATTCTGTTCCTCCA-1_1_1_1	CNP0000460_P03T	CNP0000460	DF.classifications_0.25_0.22_204	Singlet	pANN_0.25_0.22_204	0.128590078328982
CNP0000460_GTATTCTGTTGGACCC-1_1_1_1	CNP0000460_P03T	CNP0000460	DF.classifications_0.25_0.22_204	Singlet	pANN_0.25_0.22_204	0.105744125326371
CNP0000460_GTATTCTGTTGTTTGG-1_1_1_1	CNP0000460_P03T	CNP0000460	DF.classifications_0.25_0.22_204	Singlet	pANN_0.25_0.22_204	0.0959530026109661
CNP0000460_GTATTCTTCCTTGGTC-1_1_1_1	CNP0000460_P03T	CNP0000460	DF.classifications_0.25_0.22_204	Singlet	pANN_0.25_0.22_204	0.121409921671018
CNP0000460_GTCAAGTAGACGCACA-1_1_1_1	CNP0000460_P03T	CNP0000460	DF.classifications_0.25_0.22_204	Singlet	pANN_0.25_0.22_204	0.107049608355091
CNP0000460_GTCAAGTAGCAACGGT-1_1_1_1	CNP0000460_P03T	CNP0000460	DF.classifications_0.25_0.22_204	Singlet	pANN_0.25_0.22_204	0.231070496083551
CNP0000460_GTCAAGTAGGCCATAG-1_1_1_1	CNP0000460_P03T	CNP0000460	DF.classifications_0.25_0.22_204	Singlet	pANN_0.25_0.22_204	0.148825065274151
CNP0000460_GTCAAGTAGTAATCCC-1_1_1_1	CNP0000460_P03T	CNP0000460	DF.classifications_0.25_0.22_204	Singlet	pANN_0.25_0.22_204	0.170365535248042
CNP0000460_GTCAAGTAGTACGCCC-1_1_1_1	CNP0000460_P03T	CNP0000460	DF.classifications_0.25_0.22_204	Singlet	pANN_0.25_0.22_204	0.338772845953003
CNP0000460_GTCAAGTAGTGGTAGC-1_1_1_1	CNP0000460_P03T	CNP0000460	DF.classifications_0.25_0.22_204	Singlet	pANN_0.25_0.22_204	0.303524804177546
CNP0000460_GTCAAGTCACTGTTAG-1_1_1_1	CNP0000460_P03T	CNP0000460	DF.classifications_0.25_0.22_204	Singlet	pANN_0.25_0.22_204	0.097911227154047
CNP0000460_GTCAAGTGTCAGAATA-1_1_1_1	CNP0000460_P03T	CNP0000460	DF.classifications_0.25_0.22_204	Singlet	pANN_0.25_0.22_204	0.173629242819843
CNP0000460_GTCAAGTGTGTCGCTG-1_1_1_1	CNP0000460_P03T	CNP0000460	DF.classifications_0.25_0.22_204	Singlet	pANN_0.25_0.22_204	0.358355091383812
CNP0000460_GTCAAGTGTTTGTTGG-1_1_1_1	CNP0000460_P03T	CNP0000460	DF.classifications_0.25_0.22_204	Singlet	pANN_0.25_0.22_204	0.118798955613577
CNP0000460_GTCAAGTTCAACACCA-1_1_1_1	CNP0000460_P03T	CNP0000460	DF.classifications_0.25_0.22_204	Singlet	pANN_0.25_0.22_204	0.0933420365535248
CNP0000460_GTCAAGTTCGAGAACG-1_1_1_1	CNP0000460_P03T	CNP0000460	DF.classifications_0.25_0.22_204	Singlet	pANN_0.25_0.22_204	0.351827676240209
CNP0000460_GTCAAGTTCTTCATGT-1_1_1_1	CNP0000460_P03T	CNP0000460	DF.classifications_0.25_0.22_204	Singlet	pANN_0.25_0.22_204	0.105744125326371
CNP0000460_GTCACAAAGACAGAGA-1_1_1_1	CNP0000460_P03T	CNP0000460	DF.classifications_0.25_0.22_204	Singlet	pANN_0.25_0.22_204	0.121409921671018
CNP0000460_GTCACAAAGAGGTAGA-1_1_1_1	CNP0000460_P03T	CNP0000460	DF.classifications_0.25_0.22_204	Singlet	pANN_0.25_0.22_204	0.137728459530026
CNP0000460_GTCACAAAGGCTAGCA-1_1_1_1	CNP0000460_P03T	CNP0000460	DF.classifications_0.25_0.22_204	Singlet	pANN_0.25_0.22_204	0.109660574412533
CNP0000460_GTCACAACAAACGCGA-1_1_1_1	CNP0000460_P03T	CNP0000460	DF.classifications_0.25_0.22_204	Singlet	pANN_0.25_0.22_204	0.0822454308093995
CNP0000460_GTCACAACAATGGACG-1_1_1_1	CNP0000460_P03T	CNP0000460	DF.classifications_0.25_0.22_204	Singlet	pANN_0.25_0.22_204	0.359007832898172
CNP0000460_GTCACAAGTCCGAATT-1_1_1_1	CNP0000460_P03T	CNP0000460	DF.classifications_0.25_0.22_204	Singlet	pANN_0.25_0.22_204	0.0907310704960835
CNP0000460_GTCACAAGTCGAGATG-1_1_1_1	CNP0000460_P03T	CNP0000460	DF.classifications_0.25_0.22_204	Singlet	pANN_0.25_0.22_204	0.0802872062663185
CNP0000460_GTCACAAGTTGGTAAA-1_1_1_1	CNP0000460_P03T	CNP0000460	DF.classifications_0.25_0.22_204	Singlet	pANN_0.25_0.22_204	0.134464751958225
CNP0000460_GTCACAATCGCCAGCA-1_1_1_1	CNP0000460_P03T	CNP0000460	DF.classifications_0.25_0.22_204	Singlet	pANN_0.25_0.22_204	0.351174934725849
CNP0000460_GTCACAATCTTGACGA-1_1_1_1	CNP0000460_P03T	CNP0000460	DF.classifications_0.25_0.22_204	Singlet	pANN_0.25_0.22_204	0.27023498694517
CNP0000460_GTCACAATCTTGGGTA-1_1_1_1	CNP0000460_P03T	CNP0000460	DF.classifications_0.25_0.22_204	Singlet	pANN_0.25_0.22_204	0.289164490861619
CNP0000460_GTCACGGCAAGCTGGA-1_1_1_1	CNP0000460_P03T	CNP0000460	DF.classifications_0.25_0.22_204	Singlet	pANN_0.25_0.22_204	0.110313315926893
CNP0000460_GTCACGGCATTGAGCT-1_1_1_1	CNP0000460_P03T	CNP0000460	DF.classifications_0.25_0.22_204	Singlet	pANN_0.25_0.22_204	0.085509138381201
CNP0000460_GTCATTTAGAGGGCTT-1_1_1_1	CNP0000460_P03T	CNP0000460	DF.classifications_0.25_0.22_204	Singlet	pANN_0.25_0.22_204	0.274804177545692
CNP0000460_GTCATTTAGATGCCAG-1_1_1_1	CNP0000460_P03T	CNP0000460	DF.classifications_0.25_0.22_204	Singlet	pANN_0.25_0.22_204	0.12467362924282
CNP0000460_GTCATTTAGCGATATA-1_1_1_1	CNP0000460_P03T	CNP0000460	DF.classifications_0.25_0.22_204	Singlet	pANN_0.25_0.22_204	0.0966057441253264
CNP0000460_GTCATTTAGCTAGGCA-1_1_1_1	CNP0000460_P03T	CNP0000460	DF.classifications_0.25_0.22_204	Singlet	pANN_0.25_0.22_204	0.097911227154047
CNP0000460_GTCATTTAGGATATAC-1_1_1_1	CNP0000460_P03T	CNP0000460	DF.classifications_0.25_0.22_204	Singlet	pANN_0.25_0.22_204	0.285248041775457
CNP0000460_GTCATTTCAAACGTGG-1_1_1_1	CNP0000460_P03T	CNP0000460	DF.classifications_0.25_0.22_204	Singlet	pANN_0.25_0.22_204	0.135770234986945
CNP0000460_GTCATTTCAAAGTGCG-1_1_1_1	CNP0000460_P03T	CNP0000460	DF.classifications_0.25_0.22_204	Singlet	pANN_0.25_0.22_204	0.357702349869452
CNP0000460_GTCATTTCAGGAATCG-1_1_1_1	CNP0000460_P03T	CNP0000460	DF.classifications_0.25_0.22_204	Singlet	pANN_0.25_0.22_204	0.343994778067885
CNP0000460_GTCATTTCAGGTCGTC-1_1_1_1	CNP0000460_P03T	CNP0000460	DF.classifications_0.25_0.22_204	Singlet	pANN_0.25_0.22_204	0.357702349869452
CNP0000460_GTCATTTCAGTAAGAT-1_1_1_1	CNP0000460_P03T	CNP0000460	DF.classifications_0.25_0.22_204	Singlet	pANN_0.25_0.22_204	0.0946475195822454
CNP0000460_GTCATTTCAGTACACT-1_1_1_1	CNP0000460_P03T	CNP0000460	DF.classifications_0.25_0.22_204	Singlet	pANN_0.25_0.22_204	0.193211488250653
CNP0000460_GTCATTTGTCAAAGAT-1_1_1_1	CNP0000460_P03T	CNP0000460	DF.classifications_0.25_0.22_204	Singlet	pANN_0.25_0.22_204	0.16644908616188
CNP0000460_GTCATTTGTGATGCCC-1_1_1_1	CNP0000460_P03T	CNP0000460	DF.classifications_0.25_0.22_204	Singlet	pANN_0.25_0.22_204	0.118798955613577
CNP0000460_GTCATTTGTGCCTGCA-1_1_1_1	CNP0000460_P03T	CNP0000460	DF.classifications_0.25_0.22_204	Singlet	pANN_0.25_0.22_204	0.349869451697128
CNP0000460_GTCATTTTCAAACCGT-1_1_1_1	CNP0000460_P03T	CNP0000460	DF.classifications_0.25_0.22_204	Singlet	pANN_0.25_0.22_204	0.101174934725849
CNP0000460_GTCATTTTCGTCGTTC-1_1_1_1	CNP0000460_P03T	CNP0000460	DF.classifications_0.25_0.22_204	Singlet	pANN_0.25_0.22_204	0.105744125326371
CNP0000460_GTCCTCAAGAGAACAG-1_1_1_1	CNP0000460_P03T	CNP0000460	DF.classifications_0.25_0.22_204	Singlet	pANN_0.25_0.22_204	0.35378590078329
CNP0000460_GTCCTCAAGCAGACTG-1_1_1_1	CNP0000460_P03T	CNP0000460	DF.classifications_0.25_0.22_204	Singlet	pANN_0.25_0.22_204	0.35313315926893
CNP0000460_GTCCTCAAGCCGTCGT-1_1_1_1	CNP0000460_P03T	CNP0000460	DF.classifications_0.25_0.22_204	Singlet	pANN_0.25_0.22_204	0.10313315926893
CNP0000460_GTCCTCAAGGATCGCA-1_1_1_1	CNP0000460_P03T	CNP0000460	DF.classifications_0.25_0.22_204	Singlet	pANN_0.25_0.22_204	0.356396866840731
CNP0000460_GTCCTCACATAGGATA-1_1_1_1	CNP0000460_P03T	CNP0000460	DF.classifications_0.25_0.22_204	Doublet	pANN_0.25_0.22_204	0.364229765013055
CNP0000460_GTCCTCACATCTACGA-1_1_1_1	CNP0000460_P03T	CNP0000460	DF.classifications_0.25_0.22_204	Singlet	pANN_0.25_0.22_204	0.170365535248042
CNP0000460_GTCCTCAGTATAATGG-1_1_1_1	CNP0000460_P03T	CNP0000460	DF.classifications_0.25_0.22_204	Singlet	pANN_0.25_0.22_204	0.118146214099217
CNP0000460_GTCCTCAGTATATGGA-1_1_1_1	CNP0000460_P03T	CNP0000460	DF.classifications_0.25_0.22_204	Singlet	pANN_0.25_0.22_204	0.10313315926893
CNP0000460_GTCCTCAGTCGACTAT-1_1_1_1	CNP0000460_P03T	CNP0000460	DF.classifications_0.25_0.22_204	Singlet	pANN_0.25_0.22_204	0.173629242819843
CNP0000460_GTCCTCAGTCTCATCC-1_1_1_1	CNP0000460_P03T	CNP0000460	DF.classifications_0.25_0.22_204	Singlet	pANN_0.25_0.22_204	0.253263707571802
CNP0000460_GTCCTCAGTGCAGTAG-1_1_1_1	CNP0000460_P03T	CNP0000460	DF.classifications_0.25_0.22_204	Singlet	pANN_0.25_0.22_204	0.157310704960836
CNP0000460_GTCCTCATCACAGGCC-1_1_1_1	CNP0000460_P03T	CNP0000460	DF.classifications_0.25_0.22_204	Singlet	pANN_0.25_0.22_204	0.259138381201044
CNP0000460_GTCCTCATCCGCGGTA-1_1_1_1	CNP0000460_P03T	CNP0000460	DF.classifications_0.25_0.22_204	Singlet	pANN_0.25_0.22_204	0.277415143603133
CNP0000460_GTCCTCATCTAACCGA-1_1_1_1	CNP0000460_P03T	CNP0000460	DF.classifications_0.25_0.22_204	Doublet	pANN_0.25_0.22_204	0.365535248041775
CNP0000460_GTCGGGTAGATCGATA-1_1_1_1	CNP0000460_P03T	CNP0000460	DF.classifications_0.25_0.22_204	Singlet	pANN_0.25_0.22_204	0.355744125326371
CNP0000460_GTCGGGTCAAACCTAC-1_1_1_1	CNP0000460_P03T	CNP0000460	DF.classifications_0.25_0.22_204	Singlet	pANN_0.25_0.22_204	0.359660574412533
CNP0000460_GTCGGGTCAGCTATTG-1_1_1_1	CNP0000460_P03T	CNP0000460	DF.classifications_0.25_0.22_204	Singlet	pANN_0.25_0.22_204	0.359660574412533
CNP0000460_GTCGGGTGTCAAAGCG-1_1_1_1	CNP0000460_P03T	CNP0000460	DF.classifications_0.25_0.22_204	Singlet	pANN_0.25_0.22_204	0.319843342036554
CNP0000460_GTCGGGTGTTCCAACA-1_1_1_1	CNP0000460_P03T	CNP0000460	DF.classifications_0.25_0.22_204	Singlet	pANN_0.25_0.22_204	0.267624020887728
CNP0000460_GTCGTAAAGAAGAAGC-1_1_1_1	CNP0000460_P03T	CNP0000460	DF.classifications_0.25_0.22_204	Singlet	pANN_0.25_0.22_204	0.116187989556136
CNP0000460_GTCGTAAAGCTTATCG-1_1_1_1	CNP0000460_P03T	CNP0000460	DF.classifications_0.25_0.22_204	Singlet	pANN_0.25_0.22_204	0.262402088772846
CNP0000460_GTCGTAAAGTATTGGA-1_1_1_1	CNP0000460_P03T	CNP0000460	DF.classifications_0.25_0.22_204	Singlet	pANN_0.25_0.22_204	0.0992167101827676
CNP0000460_GTCGTAAAGTCGTACT-1_1_1_1	CNP0000460_P03T	CNP0000460	DF.classifications_0.25_0.22_204	Singlet	pANN_0.25_0.22_204	0.178851174934726
CNP0000460_GTCGTAACACCAGGTC-1_1_1_1	CNP0000460_P03T	CNP0000460	DF.classifications_0.25_0.22_204	Singlet	pANN_0.25_0.22_204	0.27023498694517
CNP0000460_GTCGTAACATACAGCT-1_1_1_1	CNP0000460_P03T	CNP0000460	DF.classifications_0.25_0.22_204	Singlet	pANN_0.25_0.22_204	0.0939947780678851
CNP0000460_GTCGTAAGTACATCCA-1_1_1_1	CNP0000460_P03T	CNP0000460	DF.classifications_0.25_0.22_204	Doublet	pANN_0.25_0.22_204	0.363577023498695
CNP0000460_GTCGTAAGTACTTCTT-1_1_1_1	CNP0000460_P03T	CNP0000460	DF.classifications_0.25_0.22_204	Singlet	pANN_0.25_0.22_204	0.128590078328982
CNP0000460_GTCGTAATCCTAGTGA-1_1_1_1	CNP0000460_P03T	CNP0000460	DF.classifications_0.25_0.22_204	Singlet	pANN_0.25_0.22_204	0.142297650130548
CNP0000460_GTCGTAATCGGCTACG-1_1_1_1	CNP0000460_P03T	CNP0000460	DF.classifications_0.25_0.22_204	Singlet	pANN_0.25_0.22_204	0.35378590078329
CNP0000460_GTCGTAATCTAACTGG-1_1_1_1	CNP0000460_P03T	CNP0000460	DF.classifications_0.25_0.22_204	Singlet	pANN_0.25_0.22_204	0.350522193211488
CNP0000460_GTCTCGTAGACGCAAC-1_1_1_1	CNP0000460_P03T	CNP0000460	DF.classifications_0.25_0.22_204	Singlet	pANN_0.25_0.22_204	0.329634464751958
CNP0000460_GTCTCGTAGTCTCAAC-1_1_1_1	CNP0000460_P03T	CNP0000460	DF.classifications_0.25_0.22_204	Singlet	pANN_0.25_0.22_204	0.0972584856396867
CNP0000460_GTCTCGTAGTGGACGT-1_1_1_1	CNP0000460_P03T	CNP0000460	DF.classifications_0.25_0.22_204	Singlet	pANN_0.25_0.22_204	0.140339425587467
CNP0000460_GTCTCGTCACATGGGA-1_1_1_1	CNP0000460_P03T	CNP0000460	DF.classifications_0.25_0.22_204	Singlet	pANN_0.25_0.22_204	0.289817232375979
CNP0000460_GTCTCGTGTAATCACC-1_1_1_1	CNP0000460_P03T	CNP0000460	DF.classifications_0.25_0.22_204	Singlet	pANN_0.25_0.22_204	0.35509138381201
CNP0000460_GTCTCGTGTCTAACGT-1_1_1_1	CNP0000460_P03T	CNP0000460	DF.classifications_0.25_0.22_204	Singlet	pANN_0.25_0.22_204	0.35509138381201
CNP0000460_GTCTCGTGTTTCGCTC-1_1_1_1	CNP0000460_P03T	CNP0000460	DF.classifications_0.25_0.22_204	Doublet	pANN_0.25_0.22_204	0.362271540469974
CNP0000460_GTCTCGTTCGATCCCT-1_1_1_1	CNP0000460_P03T	CNP0000460	DF.classifications_0.25_0.22_204	Singlet	pANN_0.25_0.22_204	0.357702349869452
CNP0000460_GTCTCGTTCGCTGATA-1_1_1_1	CNP0000460_P03T	CNP0000460	DF.classifications_0.25_0.22_204	Singlet	pANN_0.25_0.22_204	0.357702349869452
CNP0000460_GTCTTCGAGCTATGCT-1_1_1_1	CNP0000460_P03T	CNP0000460	DF.classifications_0.25_0.22_204	Singlet	pANN_0.25_0.22_204	0.290469973890339
CNP0000460_GTCTTCGCACACCGAC-1_1_1_1	CNP0000460_P03T	CNP0000460	DF.classifications_0.25_0.22_204	Singlet	pANN_0.25_0.22_204	0.298302872062663
CNP0000460_GTCTTCGGTAGGAGTC-1_1_1_1	CNP0000460_P03T	CNP0000460	DF.classifications_0.25_0.22_204	Singlet	pANN_0.25_0.22_204	0.0815926892950392
CNP0000460_GTCTTCGGTGTGGTTT-1_1_1_1	CNP0000460_P03T	CNP0000460	DF.classifications_0.25_0.22_204	Singlet	pANN_0.25_0.22_204	0.113577023498695
CNP0000460_GTCTTCGTCAATCACG-1_1_1_1	CNP0000460_P03T	CNP0000460	DF.classifications_0.25_0.22_204	Singlet	pANN_0.25_0.22_204	0.343994778067885
CNP0000460_GTCTTCGTCCCAACGG-1_1_1_1	CNP0000460_P03T	CNP0000460	DF.classifications_0.25_0.22_204	Singlet	pANN_0.25_0.22_204	0.355744125326371
CNP0000460_GTCTTCGTCCTTAATC-1_1_1_1	CNP0000460_P03T	CNP0000460	DF.classifications_0.25_0.22_204	Singlet	pANN_0.25_0.22_204	0.347911227154047
CNP0000460_GTCTTCGTCGGAAATA-1_1_1_1	CNP0000460_P03T	CNP0000460	DF.classifications_0.25_0.22_204	Singlet	pANN_0.25_0.22_204	0.341383812010444
CNP0000460_GTCTTCGTCGGTTCGG-1_1_1_1	CNP0000460_P03T	CNP0000460	DF.classifications_0.25_0.22_204	Singlet	pANN_0.25_0.22_204	0.12597911227154
CNP0000460_GTGAAGGAGAGGTTAT-1_1_1_1	CNP0000460_P03T	CNP0000460	DF.classifications_0.25_0.22_204	Singlet	pANN_0.25_0.22_204	0.255874673629243
CNP0000460_GTGAAGGCACGCCAGT-1_1_1_1	CNP0000460_P03T	CNP0000460	DF.classifications_0.25_0.22_204	Singlet	pANN_0.25_0.22_204	0.105744125326371
CNP0000460_GTGAAGGGTGACTCAT-1_1_1_1	CNP0000460_P03T	CNP0000460	DF.classifications_0.25_0.22_204	Singlet	pANN_0.25_0.22_204	0.35443864229765
CNP0000460_GTGAAGGTCCAGTATG-1_1_1_1	CNP0000460_P03T	CNP0000460	DF.classifications_0.25_0.22_204	Singlet	pANN_0.25_0.22_204	0.0848563968668407
CNP0000460_GTGAAGGTCCTGTACC-1_1_1_1	CNP0000460_P03T	CNP0000460	DF.classifications_0.25_0.22_204	Doublet	pANN_0.25_0.22_204	0.360966057441253
CNP0000460_GTGAAGGTCTTGAGAC-1_1_1_1	CNP0000460_P03T	CNP0000460	DF.classifications_0.25_0.22_204	Singlet	pANN_0.25_0.22_204	0.349869451697128
CNP0000460_GTGCAGCCACCAGCAC-1_1_1_1	CNP0000460_P03T	CNP0000460	DF.classifications_0.25_0.22_204	Singlet	pANN_0.25_0.22_204	0.278720626631854
CNP0000460_GTGCAGCCACGCTTTC-1_1_1_1	CNP0000460_P03T	CNP0000460	DF.classifications_0.25_0.22_204	Singlet	pANN_0.25_0.22_204	0.268929503916449
CNP0000460_GTGCAGCCACGGTAAG-1_1_1_1	CNP0000460_P03T	CNP0000460	DF.classifications_0.25_0.22_204	Singlet	pANN_0.25_0.22_204	0.277415143603133
CNP0000460_GTGCAGCGTCAGAGGT-1_1_1_1	CNP0000460_P03T	CNP0000460	DF.classifications_0.25_0.22_204	Singlet	pANN_0.25_0.22_204	0.152741514360313
CNP0000460_GTGCAGCTCCACGAAT-1_1_1_1	CNP0000460_P03T	CNP0000460	DF.classifications_0.25_0.22_204	Singlet	pANN_0.25_0.22_204	0.357049608355091
CNP0000460_GTGCATAAGACGACGT-1_1_1_1	CNP0000460_P03T	CNP0000460	DF.classifications_0.25_0.22_204	Singlet	pANN_0.25_0.22_204	0.154046997389034
CNP0000460_GTGCATAAGCGCTTAT-1_1_1_1	CNP0000460_P03T	CNP0000460	DF.classifications_0.25_0.22_204	Singlet	pANN_0.25_0.22_204	0.35443864229765
CNP0000460_GTGCATAAGCGTGAGT-1_1_1_1	CNP0000460_P03T	CNP0000460	DF.classifications_0.25_0.22_204	Singlet	pANN_0.25_0.22_204	0.251958224543081
CNP0000460_GTGCATAAGGCATTGG-1_1_1_1	CNP0000460_P03T	CNP0000460	DF.classifications_0.25_0.22_204	Singlet	pANN_0.25_0.22_204	0.144255874673629
CNP0000460_GTGCATACACATTAGC-1_1_1_1	CNP0000460_P03T	CNP0000460	DF.classifications_0.25_0.22_204	Singlet	pANN_0.25_0.22_204	0.35443864229765
CNP0000460_GTGCATACAGGATTGG-1_1_1_1	CNP0000460_P03T	CNP0000460	DF.classifications_0.25_0.22_204	Singlet	pANN_0.25_0.22_204	0.153394255874674
CNP0000460_GTGCATACAGTCAGAG-1_1_1_1	CNP0000460_P03T	CNP0000460	DF.classifications_0.25_0.22_204	Singlet	pANN_0.25_0.22_204	0.289817232375979
CNP0000460_GTGCATACATGCCTAA-1_1_1_1	CNP0000460_P03T	CNP0000460	DF.classifications_0.25_0.22_204	Singlet	pANN_0.25_0.22_204	0.106396866840731
CNP0000460_GTGCATAGTACAGTTC-1_1_1_1	CNP0000460_P03T	CNP0000460	DF.classifications_0.25_0.22_204	Singlet	pANN_0.25_0.22_204	0.147519582245431
CNP0000460_GTGCATAGTATGCTTG-1_1_1_1	CNP0000460_P03T	CNP0000460	DF.classifications_0.25_0.22_204	Singlet	pANN_0.25_0.22_204	0.0868146214099217
CNP0000460_GTGCATAGTTGGACCC-1_1_1_1	CNP0000460_P03T	CNP0000460	DF.classifications_0.25_0.22_204	Singlet	pANN_0.25_0.22_204	0.357049608355091
CNP0000460_GTGCATATCAGTTTGG-1_1_1_1	CNP0000460_P03T	CNP0000460	DF.classifications_0.25_0.22_204	Singlet	pANN_0.25_0.22_204	0.357702349869452
CNP0000460_GTGCATATCTGTCTAT-1_1_1_1	CNP0000460_P03T	CNP0000460	DF.classifications_0.25_0.22_204	Singlet	pANN_0.25_0.22_204	0.116187989556136
CNP0000460_GTGCGGTAGCTCTCGG-1_1_1_1	CNP0000460_P03T	CNP0000460	DF.classifications_0.25_0.22_204	Singlet	pANN_0.25_0.22_204	0.118146214099217
CNP0000460_GTGCGGTAGGCTCTTA-1_1_1_1	CNP0000460_P03T	CNP0000460	DF.classifications_0.25_0.22_204	Singlet	pANN_0.25_0.22_204	0.239556135770235
CNP0000460_GTGCGGTAGTCCATAC-1_1_1_1	CNP0000460_P03T	CNP0000460	DF.classifications_0.25_0.22_204	Singlet	pANN_0.25_0.22_204	0.355744125326371
CNP0000460_GTGCGGTCACCTCGGA-1_1_1_1	CNP0000460_P03T	CNP0000460	DF.classifications_0.25_0.22_204	Singlet	pANN_0.25_0.22_204	0.359660574412533
CNP0000460_GTGCGGTGTTCTCATT-1_1_1_1	CNP0000460_P03T	CNP0000460	DF.classifications_0.25_0.22_204	Singlet	pANN_0.25_0.22_204	0.0907310704960835
CNP0000460_GTGCGGTTCCATTCTA-1_1_1_1	CNP0000460_P03T	CNP0000460	DF.classifications_0.25_0.22_204	Singlet	pANN_0.25_0.22_204	0.077023498694517
CNP0000460_GTGCGGTTCGCTTGTC-1_1_1_1	CNP0000460_P03T	CNP0000460	DF.classifications_0.25_0.22_204	Singlet	pANN_0.25_0.22_204	0.287206266318538
CNP0000460_GTGCGGTTCTTTCCTC-1_1_1_1	CNP0000460_P03T	CNP0000460	DF.classifications_0.25_0.22_204	Singlet	pANN_0.25_0.22_204	0.349869451697128
CNP0000460_GTGCTTCAGACTTTCG-1_1_1_1	CNP0000460_P03T	CNP0000460	DF.classifications_0.25_0.22_204	Singlet	pANN_0.25_0.22_204	0.261096605744125
CNP0000460_GTGCTTCAGGAGCGTT-1_1_1_1	CNP0000460_P03T	CNP0000460	DF.classifications_0.25_0.22_204	Singlet	pANN_0.25_0.22_204	0.112271540469974
CNP0000460_GTGCTTCAGGAGTACC-1_1_1_1	CNP0000460_P03T	CNP0000460	DF.classifications_0.25_0.22_204	Singlet	pANN_0.25_0.22_204	0.349869451697128
CNP0000460_GTGCTTCAGTTCCACA-1_1_1_1	CNP0000460_P03T	CNP0000460	DF.classifications_0.25_0.22_204	Singlet	pANN_0.25_0.22_204	0.356396866840731
CNP0000460_GTGCTTCCAAGGTTTC-1_1_1_1	CNP0000460_P03T	CNP0000460	DF.classifications_0.25_0.22_204	Singlet	pANN_0.25_0.22_204	0.352480417754569
CNP0000460_GTGCTTCCACGAAGCA-1_1_1_1	CNP0000460_P03T	CNP0000460	DF.classifications_0.25_0.22_204	Singlet	pANN_0.25_0.22_204	0.154046997389034
CNP0000460_GTGCTTCGTAGTAGTA-1_1_1_1	CNP0000460_P03T	CNP0000460	DF.classifications_0.25_0.22_204	Singlet	pANN_0.25_0.22_204	0.106396866840731
CNP0000460_GTGCTTCGTCACCTAA-1_1_1_1	CNP0000460_P03T	CNP0000460	DF.classifications_0.25_0.22_204	Doublet	pANN_0.25_0.22_204	0.362271540469974
CNP0000460_GTGCTTCGTGGGTCAA-1_1_1_1	CNP0000460_P03T	CNP0000460	DF.classifications_0.25_0.22_204	Singlet	pANN_0.25_0.22_204	0.085509138381201
CNP0000460_GTGCTTCGTTAAGGGC-1_1_1_1	CNP0000460_P03T	CNP0000460	DF.classifications_0.25_0.22_204	Singlet	pANN_0.25_0.22_204	0.224543080939948
CNP0000460_GTGCTTCGTTCTCATT-1_1_1_1	CNP0000460_P03T	CNP0000460	DF.classifications_0.25_0.22_204	Singlet	pANN_0.25_0.22_204	0.154699738903394
CNP0000460_GTGCTTCTCACAACGT-1_1_1_1	CNP0000460_P03T	CNP0000460	DF.classifications_0.25_0.22_204	Singlet	pANN_0.25_0.22_204	0.351174934725849
CNP0000460_GTGCTTCTCTAACTTC-1_1_1_1	CNP0000460_P03T	CNP0000460	DF.classifications_0.25_0.22_204	Singlet	pANN_0.25_0.22_204	0.10378590078329
CNP0000460_GTGGGTCAGAGGTTAT-1_1_1_1	CNP0000460_P03T	CNP0000460	DF.classifications_0.25_0.22_204	Singlet	pANN_0.25_0.22_204	0.127937336814621
CNP0000460_GTGGGTCCACAGACAG-1_1_1_1	CNP0000460_P03T	CNP0000460	DF.classifications_0.25_0.22_204	Singlet	pANN_0.25_0.22_204	0.2911227154047
CNP0000460_GTGGGTCCACCACCAG-1_1_1_1	CNP0000460_P03T	CNP0000460	DF.classifications_0.25_0.22_204	Singlet	pANN_0.25_0.22_204	0.356396866840731
CNP0000460_GTGGGTCCAGCATGAG-1_1_1_1	CNP0000460_P03T	CNP0000460	DF.classifications_0.25_0.22_204	Singlet	pANN_0.25_0.22_204	0.0998694516971279
CNP0000460_GTGGGTCCATACCATG-1_1_1_1	CNP0000460_P03T	CNP0000460	DF.classifications_0.25_0.22_204	Singlet	pANN_0.25_0.22_204	0.119451697127937
CNP0000460_GTGGGTCCATCATCCC-1_1_1_1	CNP0000460_P03T	CNP0000460	DF.classifications_0.25_0.22_204	Doublet	pANN_0.25_0.22_204	0.360966057441253
CNP0000460_GTGGGTCCATCCAACA-1_1_1_1	CNP0000460_P03T	CNP0000460	DF.classifications_0.25_0.22_204	Singlet	pANN_0.25_0.22_204	0.248694516971279
CNP0000460_GTGGGTCGTGAAAGAG-1_1_1_1	CNP0000460_P03T	CNP0000460	DF.classifications_0.25_0.22_204	Singlet	pANN_0.25_0.22_204	0.273498694516971
CNP0000460_GTGGGTCGTTACGCGC-1_1_1_1	CNP0000460_P03T	CNP0000460	DF.classifications_0.25_0.22_204	Singlet	pANN_0.25_0.22_204	0.352480417754569
CNP0000460_GTGGGTCGTTCAACCA-1_1_1_1	CNP0000460_P03T	CNP0000460	DF.classifications_0.25_0.22_204	Singlet	pANN_0.25_0.22_204	0.214099216710183
CNP0000460_GTGGGTCTCTGGTGTA-1_1_1_1	CNP0000460_P03T	CNP0000460	DF.classifications_0.25_0.22_204	Singlet	pANN_0.25_0.22_204	0.144255874673629
CNP0000460_GTGTGCGAGACACGAC-1_1_1_1	CNP0000460_P03T	CNP0000460	DF.classifications_0.25_0.22_204	Singlet	pANN_0.25_0.22_204	0.101174934725849
CNP0000460_GTGTGCGAGCGAAGGG-1_1_1_1	CNP0000460_P03T	CNP0000460	DF.classifications_0.25_0.22_204	Singlet	pANN_0.25_0.22_204	0.278067885117493
CNP0000460_GTGTGCGAGTCATCCA-1_1_1_1	CNP0000460_P03T	CNP0000460	DF.classifications_0.25_0.22_204	Singlet	pANN_0.25_0.22_204	0.310052219321149
CNP0000460_GTGTGCGCAGCCTTTC-1_1_1_1	CNP0000460_P03T	CNP0000460	DF.classifications_0.25_0.22_204	Singlet	pANN_0.25_0.22_204	0.297650130548303
CNP0000460_GTGTGCGCAGCTGGCT-1_1_1_1	CNP0000460_P03T	CNP0000460	DF.classifications_0.25_0.22_204	Singlet	pANN_0.25_0.22_204	0.075065274151436
CNP0000460_GTGTGCGCATGCCTAA-1_1_1_1	CNP0000460_P03T	CNP0000460	DF.classifications_0.25_0.22_204	Doublet	pANN_0.25_0.22_204	0.361618798955614
CNP0000460_GTGTGCGGTACGACCC-1_1_1_1	CNP0000460_P03T	CNP0000460	DF.classifications_0.25_0.22_204	Singlet	pANN_0.25_0.22_204	0.209530026109661
CNP0000460_GTGTGCGGTCGTGGCT-1_1_1_1	CNP0000460_P03T	CNP0000460	DF.classifications_0.25_0.22_204	Singlet	pANN_0.25_0.22_204	0.0828981723237598
CNP0000460_GTGTGCGGTTACGGAG-1_1_1_1	CNP0000460_P03T	CNP0000460	DF.classifications_0.25_0.22_204	Singlet	pANN_0.25_0.22_204	0.345300261096606
CNP0000460_GTGTGCGTCTAGCACA-1_1_1_1	CNP0000460_P03T	CNP0000460	DF.classifications_0.25_0.22_204	Doublet	pANN_0.25_0.22_204	0.366187989556136
CNP0000460_GTGTGCGTCTGTCTCG-1_1_1_1	CNP0000460_P03T	CNP0000460	DF.classifications_0.25_0.22_204	Singlet	pANN_0.25_0.22_204	0.358355091383812
CNP0000460_GTGTGCGTCTTACCGC-1_1_1_1	CNP0000460_P03T	CNP0000460	DF.classifications_0.25_0.22_204	Singlet	pANN_0.25_0.22_204	0.0907310704960835
CNP0000460_GTGTGCGTCTTCCTTC-1_1_1_1	CNP0000460_P03T	CNP0000460	DF.classifications_0.25_0.22_204	Doublet	pANN_0.25_0.22_204	0.372062663185379
CNP0000460_GTGTTAGAGTGAAGTT-1_1_1_1	CNP0000460_P03T	CNP0000460	DF.classifications_0.25_0.22_204	Singlet	pANN_0.25_0.22_204	0.0933420365535248
CNP0000460_GTGTTAGAGTGTCTCA-1_1_1_1	CNP0000460_P03T	CNP0000460	DF.classifications_0.25_0.22_204	Singlet	pANN_0.25_0.22_204	0.14490861618799
CNP0000460_GTGTTAGAGTTGAGTA-1_1_1_1	CNP0000460_P03T	CNP0000460	DF.classifications_0.25_0.22_204	Singlet	pANN_0.25_0.22_204	0.265665796344648
CNP0000460_GTGTTAGCAGGAACGT-1_1_1_1	CNP0000460_P03T	CNP0000460	DF.classifications_0.25_0.22_204	Singlet	pANN_0.25_0.22_204	0.128590078328982
CNP0000460_GTGTTAGGTTAAGAAC-1_1_1_1	CNP0000460_P03T	CNP0000460	DF.classifications_0.25_0.22_204	Singlet	pANN_0.25_0.22_204	0.139033942558747
CNP0000460_GTGTTAGGTTGACGTT-1_1_1_1	CNP0000460_P03T	CNP0000460	DF.classifications_0.25_0.22_204	Singlet	pANN_0.25_0.22_204	0.087467362924282
CNP0000460_GTGTTAGTCATCGATG-1_1_1_1	CNP0000460_P03T	CNP0000460	DF.classifications_0.25_0.22_204	Singlet	pANN_0.25_0.22_204	0.35378590078329
CNP0000460_GTGTTAGTCATGTAGC-1_1_1_1	CNP0000460_P03T	CNP0000460	DF.classifications_0.25_0.22_204	Singlet	pANN_0.25_0.22_204	0.349869451697128
CNP0000460_GTGTTAGTCCACTCCA-1_1_1_1	CNP0000460_P03T	CNP0000460	DF.classifications_0.25_0.22_204	Singlet	pANN_0.25_0.22_204	0.345300261096606
CNP0000460_GTGTTAGTCCTTAATC-1_1_1_1	CNP0000460_P03T	CNP0000460	DF.classifications_0.25_0.22_204	Singlet	pANN_0.25_0.22_204	0.360313315926893
CNP0000460_GTGTTAGTCGCATGAT-1_1_1_1	CNP0000460_P03T	CNP0000460	DF.classifications_0.25_0.22_204	Singlet	pANN_0.25_0.22_204	0.180156657963446
CNP0000460_GTTAAGCAGCCGGTAA-1_1_1_1	CNP0000460_P03T	CNP0000460	DF.classifications_0.25_0.22_204	Singlet	pANN_0.25_0.22_204	0.116187989556136
CNP0000460_GTTAAGCAGGACACCA-1_1_1_1	CNP0000460_P03T	CNP0000460	DF.classifications_0.25_0.22_204	Singlet	pANN_0.25_0.22_204	0.254569190600522
CNP0000460_GTTAAGCAGGCGATAC-1_1_1_1	CNP0000460_P03T	CNP0000460	DF.classifications_0.25_0.22_204	Singlet	pANN_0.25_0.22_204	0.111618798955614
CNP0000460_GTTAAGCAGGGATCTG-1_1_1_1	CNP0000460_P03T	CNP0000460	DF.classifications_0.25_0.22_204	Singlet	pANN_0.25_0.22_204	0.277415143603133
CNP0000460_GTTAAGCAGGGCTTGA-1_1_1_1	CNP0000460_P03T	CNP0000460	DF.classifications_0.25_0.22_204	Doublet	pANN_0.25_0.22_204	0.369451697127937
CNP0000460_GTTAAGCAGTATCGAA-1_1_1_1	CNP0000460_P03T	CNP0000460	DF.classifications_0.25_0.22_204	Singlet	pANN_0.25_0.22_204	0.344647519582245
CNP0000460_GTTAAGCCACATGACT-1_1_1_1	CNP0000460_P03T	CNP0000460	DF.classifications_0.25_0.22_204	Singlet	pANN_0.25_0.22_204	0.118798955613577
CNP0000460_GTTAAGCCATGTTCCC-1_1_1_1	CNP0000460_P03T	CNP0000460	DF.classifications_0.25_0.22_204	Singlet	pANN_0.25_0.22_204	0.107049608355091
CNP0000460_GTTAAGCGTAAGGGAA-1_1_1_1	CNP0000460_P03T	CNP0000460	DF.classifications_0.25_0.22_204	Singlet	pANN_0.25_0.22_204	0.0894255874673629
CNP0000460_GTTAAGCGTCCAGTAT-1_1_1_1	CNP0000460_P03T	CNP0000460	DF.classifications_0.25_0.22_204	Singlet	pANN_0.25_0.22_204	0.293733681462141
CNP0000460_GTTAAGCGTCCATGAT-1_1_1_1	CNP0000460_P03T	CNP0000460	DF.classifications_0.25_0.22_204	Singlet	pANN_0.25_0.22_204	0.233681462140992
CNP0000460_GTTAAGCGTTTCGCTC-1_1_1_1	CNP0000460_P03T	CNP0000460	DF.classifications_0.25_0.22_204	Singlet	pANN_0.25_0.22_204	0.0913838120104439
CNP0000460_GTTAAGCTCATAAAGG-1_1_1_1	CNP0000460_P03T	CNP0000460	DF.classifications_0.25_0.22_204	Doublet	pANN_0.25_0.22_204	0.369451697127937
CNP0000460_GTTAAGCTCGTCCGTT-1_1_1_1	CNP0000460_P03T	CNP0000460	DF.classifications_0.25_0.22_204	Singlet	pANN_0.25_0.22_204	0.357049608355091
CNP0000460_GTTACAGAGGTGTTAA-1_1_1_1	CNP0000460_P03T	CNP0000460	DF.classifications_0.25_0.22_204	Singlet	pANN_0.25_0.22_204	0.0828981723237598
CNP0000460_GTTACAGAGTGGGTTG-1_1_1_1	CNP0000460_P03T	CNP0000460	DF.classifications_0.25_0.22_204	Singlet	pANN_0.25_0.22_204	0.356396866840731
CNP0000460_GTTACAGAGTGTTGAA-1_1_1_1	CNP0000460_P03T	CNP0000460	DF.classifications_0.25_0.22_204	Singlet	pANN_0.25_0.22_204	0.357049608355091
CNP0000460_GTTACAGCACCACGTG-1_1_1_1	CNP0000460_P03T	CNP0000460	DF.classifications_0.25_0.22_204	Singlet	pANN_0.25_0.22_204	0.111618798955614
CNP0000460_GTTACAGGTCAGAATA-1_1_1_1	CNP0000460_P03T	CNP0000460	DF.classifications_0.25_0.22_204	Singlet	pANN_0.25_0.22_204	0.174934725848564
CNP0000460_GTTACAGGTTCCTCCA-1_1_1_1	CNP0000460_P03T	CNP0000460	DF.classifications_0.25_0.22_204	Singlet	pANN_0.25_0.22_204	0.151436031331593
CNP0000460_GTTACAGGTTCTCATT-1_1_1_1	CNP0000460_P03T	CNP0000460	DF.classifications_0.25_0.22_204	Singlet	pANN_0.25_0.22_204	0.351827676240209
CNP0000460_GTTACAGTCGTTGACA-1_1_1_1	CNP0000460_P03T	CNP0000460	DF.classifications_0.25_0.22_204	Singlet	pANN_0.25_0.22_204	0.349216710182768
CNP0000460_GTTCATTAGAGACTAT-1_1_1_1	CNP0000460_P03T	CNP0000460	DF.classifications_0.25_0.22_204	Singlet	pANN_0.25_0.22_204	0.107702349869452
CNP0000460_GTTCATTAGATATGGT-1_1_1_1	CNP0000460_P03T	CNP0000460	DF.classifications_0.25_0.22_204	Singlet	pANN_0.25_0.22_204	0.101827676240209
CNP0000460_GTTCATTCAGGGTTAG-1_1_1_1	CNP0000460_P03T	CNP0000460	DF.classifications_0.25_0.22_204	Singlet	pANN_0.25_0.22_204	0.296344647519582
CNP0000460_GTTCATTCATGCCACG-1_1_1_1	CNP0000460_P03T	CNP0000460	DF.classifications_0.25_0.22_204	Singlet	pANN_0.25_0.22_204	0.233028720626632
CNP0000460_GTTCATTGTCGCGAAA-1_1_1_1	CNP0000460_P03T	CNP0000460	DF.classifications_0.25_0.22_204	Singlet	pANN_0.25_0.22_204	0.118146214099217
CNP0000460_GTTCATTGTCTTGTCC-1_1_1_1	CNP0000460_P03T	CNP0000460	DF.classifications_0.25_0.22_204	Singlet	pANN_0.25_0.22_204	0.316579634464752
CNP0000460_GTTCATTGTTCCACGG-1_1_1_1	CNP0000460_P03T	CNP0000460	DF.classifications_0.25_0.22_204	Singlet	pANN_0.25_0.22_204	0.120104438642298
CNP0000460_GTTCATTTCAACACGT-1_1_1_1	CNP0000460_P03T	CNP0000460	DF.classifications_0.25_0.22_204	Singlet	pANN_0.25_0.22_204	0.359007832898172
CNP0000460_GTTCATTTCACTCCTG-1_1_1_1	CNP0000460_P03T	CNP0000460	DF.classifications_0.25_0.22_204	Singlet	pANN_0.25_0.22_204	0.265665796344648
CNP0000460_GTTCATTTCGGCGCAT-1_1_1_1	CNP0000460_P03T	CNP0000460	DF.classifications_0.25_0.22_204	Singlet	pANN_0.25_0.22_204	0.356396866840731
CNP0000460_GTTCATTTCGTCCAGG-1_1_1_1	CNP0000460_P03T	CNP0000460	DF.classifications_0.25_0.22_204	Singlet	pANN_0.25_0.22_204	0.212140992167102
CNP0000460_GTTCGGGAGAAACCGC-1_1_1_1	CNP0000460_P03T	CNP0000460	DF.classifications_0.25_0.22_204	Singlet	pANN_0.25_0.22_204	0.29177545691906
CNP0000460_GTTCGGGAGGGCATGT-1_1_1_1	CNP0000460_P03T	CNP0000460	DF.classifications_0.25_0.22_204	Singlet	pANN_0.25_0.22_204	0.0926892950391645
CNP0000460_GTTCGGGAGTGAACAT-1_1_1_1	CNP0000460_P03T	CNP0000460	DF.classifications_0.25_0.22_204	Singlet	pANN_0.25_0.22_204	0.0985639686684073
CNP0000460_GTTCGGGCACAGACAG-1_1_1_1	CNP0000460_P03T	CNP0000460	DF.classifications_0.25_0.22_204	Singlet	pANN_0.25_0.22_204	0.357702349869452
CNP0000460_GTTCGGGGTATATGAG-1_1_1_1	CNP0000460_P03T	CNP0000460	DF.classifications_0.25_0.22_204	Singlet	pANN_0.25_0.22_204	0.266971279373368
CNP0000460_GTTCGGGGTCTGATTG-1_1_1_1	CNP0000460_P03T	CNP0000460	DF.classifications_0.25_0.22_204	Singlet	pANN_0.25_0.22_204	0.345953002610966
CNP0000460_GTTCGGGTCACCAGGC-1_1_1_1	CNP0000460_P03T	CNP0000460	DF.classifications_0.25_0.22_204	Singlet	pANN_0.25_0.22_204	0.106396866840731
CNP0000460_GTTCGGGTCAGAGACG-1_1_1_1	CNP0000460_P03T	CNP0000460	DF.classifications_0.25_0.22_204	Doublet	pANN_0.25_0.22_204	0.364882506527415
CNP0000460_GTTCGGGTCGGCATCG-1_1_1_1	CNP0000460_P03T	CNP0000460	DF.classifications_0.25_0.22_204	Singlet	pANN_0.25_0.22_204	0.18798955613577
CNP0000460_GTTCGGGTCGTTTAGG-1_1_1_1	CNP0000460_P03T	CNP0000460	DF.classifications_0.25_0.22_204	Singlet	pANN_0.25_0.22_204	0.112924281984334
CNP0000460_GTTCGGGTCTTTACAC-1_1_1_1	CNP0000460_P03T	CNP0000460	DF.classifications_0.25_0.22_204	Doublet	pANN_0.25_0.22_204	0.362271540469974
CNP0000460_GTTCTCGAGCCAGAAC-1_1_1_1	CNP0000460_P03T	CNP0000460	DF.classifications_0.25_0.22_204	Singlet	pANN_0.25_0.22_204	0.107702349869452
CNP0000460_GTTCTCGAGCTGATAA-1_1_1_1	CNP0000460_P03T	CNP0000460	DF.classifications_0.25_0.22_204	Singlet	pANN_0.25_0.22_204	0.101174934725849
CNP0000460_GTTCTCGAGTGGGTTG-1_1_1_1	CNP0000460_P03T	CNP0000460	DF.classifications_0.25_0.22_204	Singlet	pANN_0.25_0.22_204	0.226501305483029
CNP0000460_GTTCTCGCAGTGACAG-1_1_1_1	CNP0000460_P03T	CNP0000460	DF.classifications_0.25_0.22_204	Singlet	pANN_0.25_0.22_204	0.359007832898172
CNP0000460_GTTCTCGCATCACCCT-1_1_1_1	CNP0000460_P03T	CNP0000460	DF.classifications_0.25_0.22_204	Singlet	pANN_0.25_0.22_204	0.280678851174935
CNP0000460_GTTCTCGCATCGGAAG-1_1_1_1	CNP0000460_P03T	CNP0000460	DF.classifications_0.25_0.22_204	Singlet	pANN_0.25_0.22_204	0.359007832898172
CNP0000460_GTTCTCGGTAAGTAGT-1_1_1_1	CNP0000460_P03T	CNP0000460	DF.classifications_0.25_0.22_204	Singlet	pANN_0.25_0.22_204	0.293733681462141
CNP0000460_GTTCTCGGTGGTCCGT-1_1_1_1	CNP0000460_P03T	CNP0000460	DF.classifications_0.25_0.22_204	Singlet	pANN_0.25_0.22_204	0.348563968668407
CNP0000460_GTTCTCGTCAAGGCTT-1_1_1_1	CNP0000460_P03T	CNP0000460	DF.classifications_0.25_0.22_204	Singlet	pANN_0.25_0.22_204	0.172976501305483
CNP0000460_GTTTCTAAGCGACGTA-1_1_1_1	CNP0000460_P03T	CNP0000460	DF.classifications_0.25_0.22_204	Doublet	pANN_0.25_0.22_204	0.362271540469974
CNP0000460_GTTTCTACAAAGTCAA-1_1_1_1	CNP0000460_P03T	CNP0000460	DF.classifications_0.25_0.22_204	Singlet	pANN_0.25_0.22_204	0.0881201044386423
CNP0000460_GTTTCTACATCCCACT-1_1_1_1	CNP0000460_P03T	CNP0000460	DF.classifications_0.25_0.22_204	Singlet	pANN_0.25_0.22_204	0.344647519582245
CNP0000460_GTTTCTAGTCACCTAA-1_1_1_1	CNP0000460_P03T	CNP0000460	DF.classifications_0.25_0.22_204	Singlet	pANN_0.25_0.22_204	0.0953002610966057
CNP0000460_GTTTCTAGTGAGCGAT-1_1_1_1	CNP0000460_P03T	CNP0000460	DF.classifications_0.25_0.22_204	Singlet	pANN_0.25_0.22_204	0.0985639686684073
CNP0000460_GTTTCTAGTGCCTGTG-1_1_1_1	CNP0000460_P03T	CNP0000460	DF.classifications_0.25_0.22_204	Singlet	pANN_0.25_0.22_204	0.164490861618799
CNP0000460_GTTTCTAGTGTGAAAT-1_1_1_1	CNP0000460_P03T	CNP0000460	DF.classifications_0.25_0.22_204	Singlet	pANN_0.25_0.22_204	0.0776762402088773
CNP0000460_GTTTCTAGTTAAGATG-1_1_1_1	CNP0000460_P03T	CNP0000460	DF.classifications_0.25_0.22_204	Singlet	pANN_0.25_0.22_204	0.097911227154047
CNP0000460_GTTTCTAGTTGGAGGT-1_1_1_1	CNP0000460_P03T	CNP0000460	DF.classifications_0.25_0.22_204	Singlet	pANN_0.25_0.22_204	0.114229765013055
CNP0000460_GTTTCTAGTTTGTGTG-1_1_1_1	CNP0000460_P03T	CNP0000460	DF.classifications_0.25_0.22_204	Singlet	pANN_0.25_0.22_204	0.110966057441253
CNP0000460_GTTTCTATCAGGATCT-1_1_1_1	CNP0000460_P03T	CNP0000460	DF.classifications_0.25_0.22_204	Singlet	pANN_0.25_0.22_204	0.351827676240209
CNP0000460_GTTTCTATCTTCGGTC-1_1_1_1	CNP0000460_P03T	CNP0000460	DF.classifications_0.25_0.22_204	Singlet	pANN_0.25_0.22_204	0.141644908616188
CNP0000460_TAAACCGAGACTAAGT-1_1_1_1	CNP0000460_P03T	CNP0000460	DF.classifications_0.25_0.22_204	Singlet	pANN_0.25_0.22_204	0.349216710182768
CNP0000460_TAAACCGCAATCGAAA-1_1_1_1	CNP0000460_P03T	CNP0000460	DF.classifications_0.25_0.22_204	Singlet	pANN_0.25_0.22_204	0.116187989556136
CNP0000460_TAAACCGCACGAAGCA-1_1_1_1	CNP0000460_P03T	CNP0000460	DF.classifications_0.25_0.22_204	Singlet	pANN_0.25_0.22_204	0.134464751958225
CNP0000460_TAAACCGCACGAGGTA-1_1_1_1	CNP0000460_P03T	CNP0000460	DF.classifications_0.25_0.22_204	Singlet	pANN_0.25_0.22_204	0.298302872062663
CNP0000460_TAAACCGCAGCTATTG-1_1_1_1	CNP0000460_P03T	CNP0000460	DF.classifications_0.25_0.22_204	Singlet	pANN_0.25_0.22_204	0.110313315926893
CNP0000460_TAAACCGCAGGATCGA-1_1_1_1	CNP0000460_P03T	CNP0000460	DF.classifications_0.25_0.22_204	Singlet	pANN_0.25_0.22_204	0.0992167101827676
CNP0000460_TAAACCGCAGTGAGTG-1_1_1_1	CNP0000460_P03T	CNP0000460	DF.classifications_0.25_0.22_204	Singlet	pANN_0.25_0.22_204	0.279373368146214
CNP0000460_TAAACCGGTCGAATCT-1_1_1_1	CNP0000460_P03T	CNP0000460	DF.classifications_0.25_0.22_204	Singlet	pANN_0.25_0.22_204	0.360313315926893
CNP0000460_TAAACCGTCCAACCAA-1_1_1_1	CNP0000460_P03T	CNP0000460	DF.classifications_0.25_0.22_204	Singlet	pANN_0.25_0.22_204	0.159921671018277
CNP0000460_TAAACCGTCTTACCGC-1_1_1_1	CNP0000460_P03T	CNP0000460	DF.classifications_0.25_0.22_204	Singlet	pANN_0.25_0.22_204	0.112924281984334
CNP0000460_TAAGAGAAGAAACCAT-1_1_1_1	CNP0000460_P03T	CNP0000460	DF.classifications_0.25_0.22_204	Singlet	pANN_0.25_0.22_204	0.358355091383812
CNP0000460_TAAGAGAAGACCCACC-1_1_1_1	CNP0000460_P03T	CNP0000460	DF.classifications_0.25_0.22_204	Singlet	pANN_0.25_0.22_204	0.0868146214099217
CNP0000460_TAAGAGAAGCCAGTTT-1_1_1_1	CNP0000460_P03T	CNP0000460	DF.classifications_0.25_0.22_204	Singlet	pANN_0.25_0.22_204	0.35509138381201
CNP0000460_TAAGAGACAGATAATG-1_1_1_1	CNP0000460_P03T	CNP0000460	DF.classifications_0.25_0.22_204	Singlet	pANN_0.25_0.22_204	0.102480417754569
CNP0000460_TAAGAGACATGCGCAC-1_1_1_1	CNP0000460_P03T	CNP0000460	DF.classifications_0.25_0.22_204	Singlet	pANN_0.25_0.22_204	0.0907310704960835
CNP0000460_TAAGAGAGTACAAGTA-1_1_1_1	CNP0000460_P03T	CNP0000460	DF.classifications_0.25_0.22_204	Singlet	pANN_0.25_0.22_204	0.349869451697128
CNP0000460_TAAGAGAGTAGAAGGA-1_1_1_1	CNP0000460_P03T	CNP0000460	DF.classifications_0.25_0.22_204	Singlet	pANN_0.25_0.22_204	0.0926892950391645
CNP0000460_TAAGAGAGTCACCCAG-1_1_1_1	CNP0000460_P03T	CNP0000460	DF.classifications_0.25_0.22_204	Singlet	pANN_0.25_0.22_204	0.108355091383812
CNP0000460_TAAGAGATCAGCATGT-1_1_1_1	CNP0000460_P03T	CNP0000460	DF.classifications_0.25_0.22_204	Singlet	pANN_0.25_0.22_204	0.280678851174935
CNP0000460_TAAGCGTAGCCAGTTT-1_1_1_1	CNP0000460_P03T	CNP0000460	DF.classifications_0.25_0.22_204	Singlet	pANN_0.25_0.22_204	0.107049608355091
CNP0000460_TAAGCGTAGGTTCCTA-1_1_1_1	CNP0000460_P03T	CNP0000460	DF.classifications_0.25_0.22_204	Singlet	pANN_0.25_0.22_204	0.356396866840731
CNP0000460_TAAGCGTAGTCGTACT-1_1_1_1	CNP0000460_P03T	CNP0000460	DF.classifications_0.25_0.22_204	Singlet	pANN_0.25_0.22_204	0.351174934725849
CNP0000460_TAAGCGTCAAGCGCTC-1_1_1_1	CNP0000460_P03T	CNP0000460	DF.classifications_0.25_0.22_204	Singlet	pANN_0.25_0.22_204	0.087467362924282
CNP0000460_TAAGCGTCACAGGAGT-1_1_1_1	CNP0000460_P03T	CNP0000460	DF.classifications_0.25_0.22_204	Singlet	pANN_0.25_0.22_204	0.115535248041775
CNP0000460_TAAGCGTCACTACAGT-1_1_1_1	CNP0000460_P03T	CNP0000460	DF.classifications_0.25_0.22_204	Singlet	pANN_0.25_0.22_204	0.211488250652742
CNP0000460_TAAGCGTCATCATCCC-1_1_1_1	CNP0000460_P03T	CNP0000460	DF.classifications_0.25_0.22_204	Singlet	pANN_0.25_0.22_204	0.281331592689295
CNP0000460_TAAGCGTGTCGCGGTT-1_1_1_1	CNP0000460_P03T	CNP0000460	DF.classifications_0.25_0.22_204	Singlet	pANN_0.25_0.22_204	0.210182767624021
CNP0000460_TAAGCGTGTCTCCACT-1_1_1_1	CNP0000460_P03T	CNP0000460	DF.classifications_0.25_0.22_204	Singlet	pANN_0.25_0.22_204	0.113577023498695
CNP0000460_TAAGCGTGTGTTTGGT-1_1_1_1	CNP0000460_P03T	CNP0000460	DF.classifications_0.25_0.22_204	Singlet	pANN_0.25_0.22_204	0.114882506527415
CNP0000460_TAAGCGTTCAAGGTAA-1_1_1_1	CNP0000460_P03T	CNP0000460	DF.classifications_0.25_0.22_204	Singlet	pANN_0.25_0.22_204	0.182114882506527
CNP0000460_TAAGCGTTCTCGTATT-1_1_1_1	CNP0000460_P03T	CNP0000460	DF.classifications_0.25_0.22_204	Singlet	pANN_0.25_0.22_204	0.357702349869452
CNP0000460_TAAGTGCAGCCGGTAA-1_1_1_1	CNP0000460_P03T	CNP0000460	DF.classifications_0.25_0.22_204	Singlet	pANN_0.25_0.22_204	0.351174934725849
CNP0000460_TAAGTGCAGGACACCA-1_1_1_1	CNP0000460_P03T	CNP0000460	DF.classifications_0.25_0.22_204	Singlet	pANN_0.25_0.22_204	0.352480417754569
CNP0000460_TAAGTGCAGGTACTCT-1_1_1_1	CNP0000460_P03T	CNP0000460	DF.classifications_0.25_0.22_204	Singlet	pANN_0.25_0.22_204	0.27088772845953
CNP0000460_TAAGTGCCAAGCTGAG-1_1_1_1	CNP0000460_P03T	CNP0000460	DF.classifications_0.25_0.22_204	Singlet	pANN_0.25_0.22_204	0.0998694516971279
CNP0000460_TAAGTGCCAATAGAGT-1_1_1_1	CNP0000460_P03T	CNP0000460	DF.classifications_0.25_0.22_204	Singlet	pANN_0.25_0.22_204	0.277415143603133
CNP0000460_TAAGTGCCAGATGGGT-1_1_1_1	CNP0000460_P03T	CNP0000460	DF.classifications_0.25_0.22_204	Singlet	pANN_0.25_0.22_204	0.0809399477806789
CNP0000460_TAAGTGCCATACAGCT-1_1_1_1	CNP0000460_P03T	CNP0000460	DF.classifications_0.25_0.22_204	Singlet	pANN_0.25_0.22_204	0.359660574412533
CNP0000460_TAAGTGCCATTGGCGC-1_1_1_1	CNP0000460_P03T	CNP0000460	DF.classifications_0.25_0.22_204	Singlet	pANN_0.25_0.22_204	0.105744125326371
CNP0000460_TAAGTGCGTAAGAGAG-1_1_1_1	CNP0000460_P03T	CNP0000460	DF.classifications_0.25_0.22_204	Singlet	pANN_0.25_0.22_204	0.295039164490862
CNP0000460_TAAGTGCGTATGAAAC-1_1_1_1	CNP0000460_P03T	CNP0000460	DF.classifications_0.25_0.22_204	Singlet	pANN_0.25_0.22_204	0.350522193211488
CNP0000460_TAAGTGCTCACCACCT-1_1_1_1	CNP0000460_P03T	CNP0000460	DF.classifications_0.25_0.22_204	Singlet	pANN_0.25_0.22_204	0.261096605744125
CNP0000460_TAAGTGCTCCAGAAGG-1_1_1_1	CNP0000460_P03T	CNP0000460	DF.classifications_0.25_0.22_204	Singlet	pANN_0.25_0.22_204	0.258485639686684
CNP0000460_TAAGTGCTCGCCAGCA-1_1_1_1	CNP0000460_P03T	CNP0000460	DF.classifications_0.25_0.22_204	Singlet	pANN_0.25_0.22_204	0.123368146214099
CNP0000460_TAAGTGCTCGGAAATA-1_1_1_1	CNP0000460_P03T	CNP0000460	DF.classifications_0.25_0.22_204	Singlet	pANN_0.25_0.22_204	0.112271540469974
CNP0000460_TACACGAAGACATAAC-1_1_1_1	CNP0000460_P03T	CNP0000460	DF.classifications_0.25_0.22_204	Singlet	pANN_0.25_0.22_204	0.116840731070496
CNP0000460_TACACGAAGAGGGATA-1_1_1_1	CNP0000460_P03T	CNP0000460	DF.classifications_0.25_0.22_204	Singlet	pANN_0.25_0.22_204	0.263707571801567
CNP0000460_TACACGAAGCAAATCA-1_1_1_1	CNP0000460_P03T	CNP0000460	DF.classifications_0.25_0.22_204	Singlet	pANN_0.25_0.22_204	0.258485639686684
CNP0000460_TACACGAAGCGACGTA-1_1_1_1	CNP0000460_P03T	CNP0000460	DF.classifications_0.25_0.22_204	Singlet	pANN_0.25_0.22_204	0.120757180156658
CNP0000460_TACACGAAGTTAACGA-1_1_1_1	CNP0000460_P03T	CNP0000460	DF.classifications_0.25_0.22_204	Singlet	pANN_0.25_0.22_204	0.10313315926893
CNP0000460_TACACGACACTATCTT-1_1_1_1	CNP0000460_P03T	CNP0000460	DF.classifications_0.25_0.22_204	Singlet	pANN_0.25_0.22_204	0.180156657963446
CNP0000460_TACACGACAGATGAGC-1_1_1_1	CNP0000460_P03T	CNP0000460	DF.classifications_0.25_0.22_204	Singlet	pANN_0.25_0.22_204	0.14490861618799
CNP0000460_TACACGACAGCTCCGA-1_1_1_1	CNP0000460_P03T	CNP0000460	DF.classifications_0.25_0.22_204	Singlet	pANN_0.25_0.22_204	0.357049608355091
CNP0000460_TACACGATCAGCTCTC-1_1_1_1	CNP0000460_P03T	CNP0000460	DF.classifications_0.25_0.22_204	Singlet	pANN_0.25_0.22_204	0.0842036553524804
CNP0000460_TACAGTGAGGCATGTG-1_1_1_1	CNP0000460_P03T	CNP0000460	DF.classifications_0.25_0.22_204	Singlet	pANN_0.25_0.22_204	0.0926892950391645
CNP0000460_TACAGTGAGTCAAGCG-1_1_1_1	CNP0000460_P03T	CNP0000460	DF.classifications_0.25_0.22_204	Singlet	pANN_0.25_0.22_204	0.359660574412533
CNP0000460_TACAGTGAGTTAAGTG-1_1_1_1	CNP0000460_P03T	CNP0000460	DF.classifications_0.25_0.22_204	Singlet	pANN_0.25_0.22_204	0.105744125326371
CNP0000460_TACAGTGGTGAGGCTA-1_1_1_1	CNP0000460_P03T	CNP0000460	DF.classifications_0.25_0.22_204	Singlet	pANN_0.25_0.22_204	0.10509138381201
CNP0000460_TACAGTGTCTTTACGT-1_1_1_1	CNP0000460_P03T	CNP0000460	DF.classifications_0.25_0.22_204	Singlet	pANN_0.25_0.22_204	0.347911227154047
CNP0000460_TACCTATCATGCTGGC-1_1_1_1	CNP0000460_P03T	CNP0000460	DF.classifications_0.25_0.22_204	Singlet	pANN_0.25_0.22_204	0.117493472584856
CNP0000460_TACCTATCATTACCTT-1_1_1_1	CNP0000460_P03T	CNP0000460	DF.classifications_0.25_0.22_204	Singlet	pANN_0.25_0.22_204	0.351827676240209
CNP0000460_TACCTATGTGATGTCT-1_1_1_1	CNP0000460_P03T	CNP0000460	DF.classifications_0.25_0.22_204	Singlet	pANN_0.25_0.22_204	0.158616187989556
CNP0000460_TACCTATGTTCTGTTT-1_1_1_1	CNP0000460_P03T	CNP0000460	DF.classifications_0.25_0.22_204	Singlet	pANN_0.25_0.22_204	0.317232375979112
CNP0000460_TACCTATTCAGTTGAC-1_1_1_1	CNP0000460_P03T	CNP0000460	DF.classifications_0.25_0.22_204	Singlet	pANN_0.25_0.22_204	0.349216710182768
CNP0000460_TACCTATTCCCGGATG-1_1_1_1	CNP0000460_P03T	CNP0000460	DF.classifications_0.25_0.22_204	Singlet	pANN_0.25_0.22_204	0.18733681462141
CNP0000460_TACCTATTCGGAAACG-1_1_1_1	CNP0000460_P03T	CNP0000460	DF.classifications_0.25_0.22_204	Singlet	pANN_0.25_0.22_204	0.120757180156658
CNP0000460_TACCTATTCTCATTCA-1_1_1_1	CNP0000460_P03T	CNP0000460	DF.classifications_0.25_0.22_204	Singlet	pANN_0.25_0.22_204	0.206919060052219
CNP0000460_TACCTTAAGGTAGCCA-1_1_1_1	CNP0000460_P03T	CNP0000460	DF.classifications_0.25_0.22_204	Singlet	pANN_0.25_0.22_204	0.116187989556136
CNP0000460_TACCTTAAGTGCTGCC-1_1_1_1	CNP0000460_P03T	CNP0000460	DF.classifications_0.25_0.22_204	Singlet	pANN_0.25_0.22_204	0.123368146214099
CNP0000460_TACCTTACAGCGATCC-1_1_1_1	CNP0000460_P03T	CNP0000460	DF.classifications_0.25_0.22_204	Singlet	pANN_0.25_0.22_204	0.16644908616188
CNP0000460_TACCTTACATCCCATC-1_1_1_1	CNP0000460_P03T	CNP0000460	DF.classifications_0.25_0.22_204	Singlet	pANN_0.25_0.22_204	0.355744125326371
CNP0000460_TACCTTAGTCATACTG-1_1_1_1	CNP0000460_P03T	CNP0000460	DF.classifications_0.25_0.22_204	Singlet	pANN_0.25_0.22_204	0.244125326370757
CNP0000460_TACCTTAGTCTAGTGT-1_1_1_1	CNP0000460_P03T	CNP0000460	DF.classifications_0.25_0.22_204	Singlet	pANN_0.25_0.22_204	0.346605744125326
CNP0000460_TACCTTATCCTTTCGG-1_1_1_1	CNP0000460_P03T	CNP0000460	DF.classifications_0.25_0.22_204	Singlet	pANN_0.25_0.22_204	0.357049608355091
CNP0000460_TACCTTATCTCGTATT-1_1_1_1	CNP0000460_P03T	CNP0000460	DF.classifications_0.25_0.22_204	Singlet	pANN_0.25_0.22_204	0.360313315926893
CNP0000460_TACGGATAGCTGCGAA-1_1_1_1	CNP0000460_P03T	CNP0000460	DF.classifications_0.25_0.22_204	Singlet	pANN_0.25_0.22_204	0.150783289817232
CNP0000460_TACGGATCAAGAGTCG-1_1_1_1	CNP0000460_P03T	CNP0000460	DF.classifications_0.25_0.22_204	Singlet	pANN_0.25_0.22_204	0.22845953002611
CNP0000460_TACGGATCACAGGAGT-1_1_1_1	CNP0000460_P03T	CNP0000460	DF.classifications_0.25_0.22_204	Singlet	pANN_0.25_0.22_204	0.265013054830287
CNP0000460_TACGGATCATATACCG-1_1_1_1	CNP0000460_P03T	CNP0000460	DF.classifications_0.25_0.22_204	Singlet	pANN_0.25_0.22_204	0.340731070496084
CNP0000460_TACGGATGTATGGTTC-1_1_1_1	CNP0000460_P03T	CNP0000460	DF.classifications_0.25_0.22_204	Singlet	pANN_0.25_0.22_204	0.272193211488251
CNP0000460_TACGGATGTCAAACTC-1_1_1_1	CNP0000460_P03T	CNP0000460	DF.classifications_0.25_0.22_204	Singlet	pANN_0.25_0.22_204	0.29177545691906
CNP0000460_TACGGATGTCTGCCAG-1_1_1_1	CNP0000460_P03T	CNP0000460	DF.classifications_0.25_0.22_204	Singlet	pANN_0.25_0.22_204	0.097911227154047
CNP0000460_TACGGATGTGCATCTA-1_1_1_1	CNP0000460_P03T	CNP0000460	DF.classifications_0.25_0.22_204	Singlet	pANN_0.25_0.22_204	0.35378590078329
CNP0000460_TACGGATTCGATAGAA-1_1_1_1	CNP0000460_P03T	CNP0000460	DF.classifications_0.25_0.22_204	Singlet	pANN_0.25_0.22_204	0.355744125326371
CNP0000460_TACGGATTCGTCGTTC-1_1_1_1	CNP0000460_P03T	CNP0000460	DF.classifications_0.25_0.22_204	Singlet	pANN_0.25_0.22_204	0.295691906005222
CNP0000460_TACGGATTCTGCTGTC-1_1_1_1	CNP0000460_P03T	CNP0000460	DF.classifications_0.25_0.22_204	Singlet	pANN_0.25_0.22_204	0.108355091383812
CNP0000460_TACGGATTCTTGGGTA-1_1_1_1	CNP0000460_P03T	CNP0000460	DF.classifications_0.25_0.22_204	Singlet	pANN_0.25_0.22_204	0.356396866840731
CNP0000460_TACGGGCAGACACTAA-1_1_1_1	CNP0000460_P03T	CNP0000460	DF.classifications_0.25_0.22_204	Singlet	pANN_0.25_0.22_204	0.287206266318538
CNP0000460_TACGGGCAGACAGGCT-1_1_1_1	CNP0000460_P03T	CNP0000460	DF.classifications_0.25_0.22_204	Singlet	pANN_0.25_0.22_204	0.10313315926893
CNP0000460_TACGGGCAGCTGGAAC-1_1_1_1	CNP0000460_P03T	CNP0000460	DF.classifications_0.25_0.22_204	Singlet	pANN_0.25_0.22_204	0.358355091383812
CNP0000460_TACGGGCCACCACCAG-1_1_1_1	CNP0000460_P03T	CNP0000460	DF.classifications_0.25_0.22_204	Singlet	pANN_0.25_0.22_204	0.357702349869452
CNP0000460_TACGGGCCACGGTAGA-1_1_1_1	CNP0000460_P03T	CNP0000460	DF.classifications_0.25_0.22_204	Singlet	pANN_0.25_0.22_204	0.352480417754569
CNP0000460_TACGGGCCATTTCAGG-1_1_1_1	CNP0000460_P03T	CNP0000460	DF.classifications_0.25_0.22_204	Singlet	pANN_0.25_0.22_204	0.134464751958225
CNP0000460_TACGGGCGTCTAGTGT-1_1_1_1	CNP0000460_P03T	CNP0000460	DF.classifications_0.25_0.22_204	Singlet	pANN_0.25_0.22_204	0.149477806788512
CNP0000460_TACGGGCGTGATGTGG-1_1_1_1	CNP0000460_P03T	CNP0000460	DF.classifications_0.25_0.22_204	Singlet	pANN_0.25_0.22_204	0.149477806788512
CNP0000460_TACGGGCGTTTGACAC-1_1_1_1	CNP0000460_P03T	CNP0000460	DF.classifications_0.25_0.22_204	Singlet	pANN_0.25_0.22_204	0.182767624020888
CNP0000460_TACGGGCTCATCGATG-1_1_1_1	CNP0000460_P03T	CNP0000460	DF.classifications_0.25_0.22_204	Singlet	pANN_0.25_0.22_204	0.359007832898172
CNP0000460_TACGGGCTCGCGTAGC-1_1_1_1	CNP0000460_P03T	CNP0000460	DF.classifications_0.25_0.22_204	Singlet	pANN_0.25_0.22_204	0.355744125326371
CNP0000460_TACGGTAAGCTAACAA-1_1_1_1	CNP0000460_P03T	CNP0000460	DF.classifications_0.25_0.22_204	Singlet	pANN_0.25_0.22_204	0.351827676240209
CNP0000460_TACGGTAAGTCGAGTG-1_1_1_1	CNP0000460_P03T	CNP0000460	DF.classifications_0.25_0.22_204	Singlet	pANN_0.25_0.22_204	0.293733681462141
CNP0000460_TACGGTACAAAGTGCG-1_1_1_1	CNP0000460_P03T	CNP0000460	DF.classifications_0.25_0.22_204	Singlet	pANN_0.25_0.22_204	0.214751958224543
CNP0000460_TACGGTACACCAGGCT-1_1_1_1	CNP0000460_P03T	CNP0000460	DF.classifications_0.25_0.22_204	Singlet	pANN_0.25_0.22_204	0.10509138381201
CNP0000460_TACGGTACAGTGGAGT-1_1_1_1	CNP0000460_P03T	CNP0000460	DF.classifications_0.25_0.22_204	Singlet	pANN_0.25_0.22_204	0.357049608355091
CNP0000460_TACGGTAGTCTTCAAG-1_1_1_1	CNP0000460_P03T	CNP0000460	DF.classifications_0.25_0.22_204	Singlet	pANN_0.25_0.22_204	0.352480417754569
CNP0000460_TACGGTAGTGGCCCTA-1_1_1_1	CNP0000460_P03T	CNP0000460	DF.classifications_0.25_0.22_204	Singlet	pANN_0.25_0.22_204	0.150783289817232
CNP0000460_TACGGTAGTTCTGTTT-1_1_1_1	CNP0000460_P03T	CNP0000460	DF.classifications_0.25_0.22_204	Singlet	pANN_0.25_0.22_204	0.231723237597911
CNP0000460_TACGGTATCATCTGTT-1_1_1_1	CNP0000460_P03T	CNP0000460	DF.classifications_0.25_0.22_204	Singlet	pANN_0.25_0.22_204	0.27088772845953
CNP0000460_TACGGTATCGTACCGG-1_1_1_1	CNP0000460_P03T	CNP0000460	DF.classifications_0.25_0.22_204	Singlet	pANN_0.25_0.22_204	0.280678851174935
CNP0000460_TACTCATAGACAGACC-1_1_1_1	CNP0000460_P03T	CNP0000460	DF.classifications_0.25_0.22_204	Singlet	pANN_0.25_0.22_204	0.349869451697128
CNP0000460_TACTCATAGAGCTGCA-1_1_1_1	CNP0000460_P03T	CNP0000460	DF.classifications_0.25_0.22_204	Singlet	pANN_0.25_0.22_204	0.35313315926893
CNP0000460_TACTCATAGGGTTTCT-1_1_1_1	CNP0000460_P03T	CNP0000460	DF.classifications_0.25_0.22_204	Singlet	pANN_0.25_0.22_204	0.357049608355091
CNP0000460_TACTCATCAATGGAAT-1_1_1_1	CNP0000460_P03T	CNP0000460	DF.classifications_0.25_0.22_204	Singlet	pANN_0.25_0.22_204	0.106396866840731
CNP0000460_TACTCATCAATGGTCT-1_1_1_1	CNP0000460_P03T	CNP0000460	DF.classifications_0.25_0.22_204	Singlet	pANN_0.25_0.22_204	0.100522193211488
CNP0000460_TACTCATCACACCGAC-1_1_1_1	CNP0000460_P03T	CNP0000460	DF.classifications_0.25_0.22_204	Doublet	pANN_0.25_0.22_204	0.363577023498695
CNP0000460_TACTCATCAGACACTT-1_1_1_1	CNP0000460_P03T	CNP0000460	DF.classifications_0.25_0.22_204	Singlet	pANN_0.25_0.22_204	0.10313315926893
CNP0000460_TACTCATTCCAAGCCG-1_1_1_1	CNP0000460_P03T	CNP0000460	DF.classifications_0.25_0.22_204	Singlet	pANN_0.25_0.22_204	0.358355091383812
CNP0000460_TACTCATTCGCAAGCC-1_1_1_1	CNP0000460_P03T	CNP0000460	DF.classifications_0.25_0.22_204	Singlet	pANN_0.25_0.22_204	0.351174934725849
CNP0000460_TACTCATTCTTCATGT-1_1_1_1	CNP0000460_P03T	CNP0000460	DF.classifications_0.25_0.22_204	Singlet	pANN_0.25_0.22_204	0.355744125326371
CNP0000460_TACTCGCAGGCTAGGT-1_1_1_1	CNP0000460_P03T	CNP0000460	DF.classifications_0.25_0.22_204	Singlet	pANN_0.25_0.22_204	0.359007832898172
CNP0000460_TACTCGCAGTACGTAA-1_1_1_1	CNP0000460_P03T	CNP0000460	DF.classifications_0.25_0.22_204	Singlet	pANN_0.25_0.22_204	0.158616187989556
CNP0000460_TACTCGCAGTAGATGT-1_1_1_1	CNP0000460_P03T	CNP0000460	DF.classifications_0.25_0.22_204	Singlet	pANN_0.25_0.22_204	0.251305483028721
CNP0000460_TACTCGCAGTTGCAGG-1_1_1_1	CNP0000460_P03T	CNP0000460	DF.classifications_0.25_0.22_204	Singlet	pANN_0.25_0.22_204	0.116187989556136
CNP0000460_TACTCGCCACATTAGC-1_1_1_1	CNP0000460_P03T	CNP0000460	DF.classifications_0.25_0.22_204	Singlet	pANN_0.25_0.22_204	0.111618798955614
CNP0000460_TACTCGCCAGCCTTTC-1_1_1_1	CNP0000460_P03T	CNP0000460	DF.classifications_0.25_0.22_204	Singlet	pANN_0.25_0.22_204	0.087467362924282
CNP0000460_TACTCGCCAGCTCGAC-1_1_1_1	CNP0000460_P03T	CNP0000460	DF.classifications_0.25_0.22_204	Singlet	pANN_0.25_0.22_204	0.240208877284595
CNP0000460_TACTCGCCAGCTGTTA-1_1_1_1	CNP0000460_P03T	CNP0000460	DF.classifications_0.25_0.22_204	Singlet	pANN_0.25_0.22_204	0.169712793733681
CNP0000460_TACTCGCGTAAGTGTA-1_1_1_1	CNP0000460_P03T	CNP0000460	DF.classifications_0.25_0.22_204	Doublet	pANN_0.25_0.22_204	0.366187989556136
CNP0000460_TACTCGCGTGATGATA-1_1_1_1	CNP0000460_P03T	CNP0000460	DF.classifications_0.25_0.22_204	Doublet	pANN_0.25_0.22_204	0.37467362924282
CNP0000460_TACTCGCGTTAAGAAC-1_1_1_1	CNP0000460_P03T	CNP0000460	DF.classifications_0.25_0.22_204	Singlet	pANN_0.25_0.22_204	0.12467362924282
CNP0000460_TACTCGCGTTTGGGCC-1_1_1_1	CNP0000460_P03T	CNP0000460	DF.classifications_0.25_0.22_204	Singlet	pANN_0.25_0.22_204	0.309399477806789
CNP0000460_TACTCGCTCAGTCAGT-1_1_1_1	CNP0000460_P03T	CNP0000460	DF.classifications_0.25_0.22_204	Singlet	pANN_0.25_0.22_204	0.106396866840731
CNP0000460_TACTCGCTCGGCCGAT-1_1_1_1	CNP0000460_P03T	CNP0000460	DF.classifications_0.25_0.22_204	Singlet	pANN_0.25_0.22_204	0.255221932114883
CNP0000460_TACTTACAGATGCGAC-1_1_1_1	CNP0000460_P03T	CNP0000460	DF.classifications_0.25_0.22_204	Singlet	pANN_0.25_0.22_204	0.10378590078329
CNP0000460_TACTTACAGTGAATTG-1_1_1_1	CNP0000460_P03T	CNP0000460	DF.classifications_0.25_0.22_204	Singlet	pANN_0.25_0.22_204	0.253263707571802
CNP0000460_TACTTACCAAGGACAC-1_1_1_1	CNP0000460_P03T	CNP0000460	DF.classifications_0.25_0.22_204	Singlet	pANN_0.25_0.22_204	0.272845953002611
CNP0000460_TACTTACCAGGGAGAG-1_1_1_1	CNP0000460_P03T	CNP0000460	DF.classifications_0.25_0.22_204	Singlet	pANN_0.25_0.22_204	0.0848563968668407
CNP0000460_TACTTACCATCAGTAC-1_1_1_1	CNP0000460_P03T	CNP0000460	DF.classifications_0.25_0.22_204	Singlet	pANN_0.25_0.22_204	0.254569190600522
CNP0000460_TACTTACCATTTGCTT-1_1_1_1	CNP0000460_P03T	CNP0000460	DF.classifications_0.25_0.22_204	Singlet	pANN_0.25_0.22_204	0.348563968668407
CNP0000460_TACTTACGTAAACCTC-1_1_1_1	CNP0000460_P03T	CNP0000460	DF.classifications_0.25_0.22_204	Singlet	pANN_0.25_0.22_204	0.351827676240209
CNP0000460_TACTTACGTCCAAGTT-1_1_1_1	CNP0000460_P03T	CNP0000460	DF.classifications_0.25_0.22_204	Singlet	pANN_0.25_0.22_204	0.148172323759791
CNP0000460_TACTTACGTGAAGGCT-1_1_1_1	CNP0000460_P03T	CNP0000460	DF.classifications_0.25_0.22_204	Singlet	pANN_0.25_0.22_204	0.35509138381201
CNP0000460_TACTTACGTGTGCGTC-1_1_1_1	CNP0000460_P03T	CNP0000460	DF.classifications_0.25_0.22_204	Singlet	pANN_0.25_0.22_204	0.151436031331593
CNP0000460_TACTTACTCGAGCCCA-1_1_1_1	CNP0000460_P03T	CNP0000460	DF.classifications_0.25_0.22_204	Singlet	pANN_0.25_0.22_204	0.150783289817232
CNP0000460_TACTTGTAGTGGCACA-1_1_1_1	CNP0000460_P03T	CNP0000460	DF.classifications_0.25_0.22_204	Singlet	pANN_0.25_0.22_204	0.275456919060052
CNP0000460_TACTTGTCATCACGTA-1_1_1_1	CNP0000460_P03T	CNP0000460	DF.classifications_0.25_0.22_204	Singlet	pANN_0.25_0.22_204	0.122062663185379
CNP0000460_TACTTGTGTGTAACGG-1_1_1_1	CNP0000460_P03T	CNP0000460	DF.classifications_0.25_0.22_204	Singlet	pANN_0.25_0.22_204	0.29242819843342
CNP0000460_TACTTGTGTTACAGAA-1_1_1_1	CNP0000460_P03T	CNP0000460	DF.classifications_0.25_0.22_204	Singlet	pANN_0.25_0.22_204	0.161879895561358
CNP0000460_TACTTGTTCAGTCCCT-1_1_1_1	CNP0000460_P03T	CNP0000460	DF.classifications_0.25_0.22_204	Singlet	pANN_0.25_0.22_204	0.285900783289817
CNP0000460_TACTTGTTCATAAAGG-1_1_1_1	CNP0000460_P03T	CNP0000460	DF.classifications_0.25_0.22_204	Singlet	pANN_0.25_0.22_204	0.29242819843342
CNP0000460_TACTTGTTCGTCCAGG-1_1_1_1	CNP0000460_P03T	CNP0000460	DF.classifications_0.25_0.22_204	Singlet	pANN_0.25_0.22_204	0.35509138381201
CNP0000460_TAGACCAAGTACGATA-1_1_1_1	CNP0000460_P03T	CNP0000460	DF.classifications_0.25_0.22_204	Singlet	pANN_0.25_0.22_204	0.287206266318538
CNP0000460_TAGACCAAGTAGGTGC-1_1_1_1	CNP0000460_P03T	CNP0000460	DF.classifications_0.25_0.22_204	Singlet	pANN_0.25_0.22_204	0.359660574412533
CNP0000460_TAGACCACAACACCCG-1_1_1_1	CNP0000460_P03T	CNP0000460	DF.classifications_0.25_0.22_204	Singlet	pANN_0.25_0.22_204	0.268929503916449
CNP0000460_TAGACCACAGTGAGTG-1_1_1_1	CNP0000460_P03T	CNP0000460	DF.classifications_0.25_0.22_204	Singlet	pANN_0.25_0.22_204	0.282637075718016
CNP0000460_TAGACCAGTAAGTTCC-1_1_1_1	CNP0000460_P03T	CNP0000460	DF.classifications_0.25_0.22_204	Singlet	pANN_0.25_0.22_204	0.114229765013055
CNP0000460_TAGACCAGTATGGTTC-1_1_1_1	CNP0000460_P03T	CNP0000460	DF.classifications_0.25_0.22_204	Singlet	pANN_0.25_0.22_204	0.141644908616188
CNP0000460_TAGACCAGTTATGTGC-1_1_1_1	CNP0000460_P03T	CNP0000460	DF.classifications_0.25_0.22_204	Singlet	pANN_0.25_0.22_204	0.129895561357702
CNP0000460_TAGACCAGTTTGGGCC-1_1_1_1	CNP0000460_P03T	CNP0000460	DF.classifications_0.25_0.22_204	Singlet	pANN_0.25_0.22_204	0.110313315926893
CNP0000460_TAGAGCTAGACTCGGA-1_1_1_1	CNP0000460_P03T	CNP0000460	DF.classifications_0.25_0.22_204	Singlet	pANN_0.25_0.22_204	0.192558746736292
CNP0000460_TAGAGCTAGGTAAACT-1_1_1_1	CNP0000460_P03T	CNP0000460	DF.classifications_0.25_0.22_204	Singlet	pANN_0.25_0.22_204	0.278067885117493
CNP0000460_TAGAGCTCAACACGCC-1_1_1_1	CNP0000460_P03T	CNP0000460	DF.classifications_0.25_0.22_204	Singlet	pANN_0.25_0.22_204	0.134464751958225
CNP0000460_TAGAGCTCAAGGCTCC-1_1_1_1	CNP0000460_P03T	CNP0000460	DF.classifications_0.25_0.22_204	Singlet	pANN_0.25_0.22_204	0.152088772845953
CNP0000460_TAGAGCTGTAAAGGAG-1_1_1_1	CNP0000460_P03T	CNP0000460	DF.classifications_0.25_0.22_204	Singlet	pANN_0.25_0.22_204	0.10509138381201
CNP0000460_TAGAGCTGTCTGATTG-1_1_1_1	CNP0000460_P03T	CNP0000460	DF.classifications_0.25_0.22_204	Singlet	pANN_0.25_0.22_204	0.0822454308093995
CNP0000460_TAGAGCTGTGAAATCA-1_1_1_1	CNP0000460_P03T	CNP0000460	DF.classifications_0.25_0.22_204	Singlet	pANN_0.25_0.22_204	0.286553524804178
CNP0000460_TAGAGCTGTTGGAGGT-1_1_1_1	CNP0000460_P03T	CNP0000460	DF.classifications_0.25_0.22_204	Singlet	pANN_0.25_0.22_204	0.356396866840731
CNP0000460_TAGAGCTTCGAGAACG-1_1_1_1	CNP0000460_P03T	CNP0000460	DF.classifications_0.25_0.22_204	Singlet	pANN_0.25_0.22_204	0.0992167101827676
CNP0000460_TAGAGCTTCTCATTCA-1_1_1_1	CNP0000460_P03T	CNP0000460	DF.classifications_0.25_0.22_204	Singlet	pANN_0.25_0.22_204	0.235639686684073
CNP0000460_TAGCCGGAGCGGATCA-1_1_1_1	CNP0000460_P03T	CNP0000460	DF.classifications_0.25_0.22_204	Singlet	pANN_0.25_0.22_204	0.0894255874673629
CNP0000460_TAGCCGGAGGAGTCTG-1_1_1_1	CNP0000460_P03T	CNP0000460	DF.classifications_0.25_0.22_204	Singlet	pANN_0.25_0.22_204	0.131853785900783
CNP0000460_TAGCCGGAGGGAAACA-1_1_1_1	CNP0000460_P03T	CNP0000460	DF.classifications_0.25_0.22_204	Singlet	pANN_0.25_0.22_204	0.150130548302872
CNP0000460_TAGCCGGAGTTAAGTG-1_1_1_1	CNP0000460_P03T	CNP0000460	DF.classifications_0.25_0.22_204	Singlet	pANN_0.25_0.22_204	0.157310704960836
CNP0000460_TAGCCGGCAAAGAATC-1_1_1_1	CNP0000460_P03T	CNP0000460	DF.classifications_0.25_0.22_204	Singlet	pANN_0.25_0.22_204	0.0900783289817232
CNP0000460_TAGCCGGCAATGAAAC-1_1_1_1	CNP0000460_P03T	CNP0000460	DF.classifications_0.25_0.22_204	Singlet	pANN_0.25_0.22_204	0.357702349869452
CNP0000460_TAGCCGGCATGGTCAT-1_1_1_1	CNP0000460_P03T	CNP0000460	DF.classifications_0.25_0.22_204	Singlet	pANN_0.25_0.22_204	0.277415143603133
CNP0000460_TAGCCGGCATTGGCGC-1_1_1_1	CNP0000460_P03T	CNP0000460	DF.classifications_0.25_0.22_204	Singlet	pANN_0.25_0.22_204	0.0913838120104439
CNP0000460_TAGCCGGGTATAGGGC-1_1_1_1	CNP0000460_P03T	CNP0000460	DF.classifications_0.25_0.22_204	Singlet	pANN_0.25_0.22_204	0.281984334203655
CNP0000460_TAGCCGGGTCTGCAAT-1_1_1_1	CNP0000460_P03T	CNP0000460	DF.classifications_0.25_0.22_204	Singlet	pANN_0.25_0.22_204	0.225848563968668
CNP0000460_TAGCCGGGTGCGCTTG-1_1_1_1	CNP0000460_P03T	CNP0000460	DF.classifications_0.25_0.22_204	Singlet	pANN_0.25_0.22_204	0.335509138381201
CNP0000460_TAGCCGGTCAAACCGT-1_1_1_1	CNP0000460_P03T	CNP0000460	DF.classifications_0.25_0.22_204	Singlet	pANN_0.25_0.22_204	0.133812010443864
CNP0000460_TAGCCGGTCTACGAGT-1_1_1_1	CNP0000460_P03T	CNP0000460	DF.classifications_0.25_0.22_204	Singlet	pANN_0.25_0.22_204	0.283942558746736
CNP0000460_TAGGCATAGATCTGCT-1_1_1_1	CNP0000460_P03T	CNP0000460	DF.classifications_0.25_0.22_204	Singlet	pANN_0.25_0.22_204	0.0920365535248042
CNP0000460_TAGGCATAGTGTGGCA-1_1_1_1	CNP0000460_P03T	CNP0000460	DF.classifications_0.25_0.22_204	Singlet	pANN_0.25_0.22_204	0.148825065274151
CNP0000460_TAGGCATAGTTAGCGG-1_1_1_1	CNP0000460_P03T	CNP0000460	DF.classifications_0.25_0.22_204	Singlet	pANN_0.25_0.22_204	0.112924281984334
CNP0000460_TAGGCATCAATCCGAT-1_1_1_1	CNP0000460_P03T	CNP0000460	DF.classifications_0.25_0.22_204	Singlet	pANN_0.25_0.22_204	0.144255874673629
CNP0000460_TAGGCATCACACGCTG-1_1_1_1	CNP0000460_P03T	CNP0000460	DF.classifications_0.25_0.22_204	Singlet	pANN_0.25_0.22_204	0.282637075718016
CNP0000460_TAGGCATCATCGACGC-1_1_1_1	CNP0000460_P03T	CNP0000460	DF.classifications_0.25_0.22_204	Singlet	pANN_0.25_0.22_204	0.0992167101827676
CNP0000460_TAGGCATGTAGTACCT-1_1_1_1	CNP0000460_P03T	CNP0000460	DF.classifications_0.25_0.22_204	Singlet	pANN_0.25_0.22_204	0.115535248041775
CNP0000460_TAGGCATGTATCAGTC-1_1_1_1	CNP0000460_P03T	CNP0000460	DF.classifications_0.25_0.22_204	Singlet	pANN_0.25_0.22_204	0.351174934725849
CNP0000460_TAGGCATGTATCGCAT-1_1_1_1	CNP0000460_P03T	CNP0000460	DF.classifications_0.25_0.22_204	Singlet	pANN_0.25_0.22_204	0.101827676240209
CNP0000460_TAGGCATGTCAAAGAT-1_1_1_1	CNP0000460_P03T	CNP0000460	DF.classifications_0.25_0.22_204	Doublet	pANN_0.25_0.22_204	0.364229765013055
CNP0000460_TAGGCATGTGCAGTAG-1_1_1_1	CNP0000460_P03T	CNP0000460	DF.classifications_0.25_0.22_204	Singlet	pANN_0.25_0.22_204	0.129895561357702
CNP0000460_TAGGCATTCAGCTCTC-1_1_1_1	CNP0000460_P03T	CNP0000460	DF.classifications_0.25_0.22_204	Singlet	pANN_0.25_0.22_204	0.357702349869452
CNP0000460_TAGGCATTCGGATGGA-1_1_1_1	CNP0000460_P03T	CNP0000460	DF.classifications_0.25_0.22_204	Singlet	pANN_0.25_0.22_204	0.351827676240209
CNP0000460_TAGGCATTCTGTCCGT-1_1_1_1	CNP0000460_P03T	CNP0000460	DF.classifications_0.25_0.22_204	Singlet	pANN_0.25_0.22_204	0.155352480417755
CNP0000460_TAGTGGTAGCTGAAAT-1_1_1_1	CNP0000460_P03T	CNP0000460	DF.classifications_0.25_0.22_204	Singlet	pANN_0.25_0.22_204	0.140992167101828
CNP0000460_TAGTGGTAGGCCCGTT-1_1_1_1	CNP0000460_P03T	CNP0000460	DF.classifications_0.25_0.22_204	Singlet	pANN_0.25_0.22_204	0.280026109660574
CNP0000460_TAGTGGTCACAAGCCC-1_1_1_1	CNP0000460_P03T	CNP0000460	DF.classifications_0.25_0.22_204	Singlet	pANN_0.25_0.22_204	0.107049608355091
CNP0000460_TAGTGGTCACACCGAC-1_1_1_1	CNP0000460_P03T	CNP0000460	DF.classifications_0.25_0.22_204	Singlet	pANN_0.25_0.22_204	0.107049608355091
CNP0000460_TAGTGGTCATCTACGA-1_1_1_1	CNP0000460_P03T	CNP0000460	DF.classifications_0.25_0.22_204	Singlet	pANN_0.25_0.22_204	0.340078328981723
CNP0000460_TAGTGGTGTGAGGGAG-1_1_1_1	CNP0000460_P03T	CNP0000460	DF.classifications_0.25_0.22_204	Singlet	pANN_0.25_0.22_204	0.239556135770235
CNP0000460_TAGTGGTTCAATCACG-1_1_1_1	CNP0000460_P03T	CNP0000460	DF.classifications_0.25_0.22_204	Singlet	pANN_0.25_0.22_204	0.357702349869452
CNP0000460_TAGTGGTTCCGTAGTA-1_1_1_1	CNP0000460_P03T	CNP0000460	DF.classifications_0.25_0.22_204	Singlet	pANN_0.25_0.22_204	0.359660574412533
CNP0000460_TAGTGGTTCGTTTGCC-1_1_1_1	CNP0000460_P03T	CNP0000460	DF.classifications_0.25_0.22_204	Singlet	pANN_0.25_0.22_204	0.115535248041775
CNP0000460_TAGTGGTTCTCGCTTG-1_1_1_1	CNP0000460_P03T	CNP0000460	DF.classifications_0.25_0.22_204	Singlet	pANN_0.25_0.22_204	0.100522193211488
CNP0000460_TAGTGGTTCTGAGGGA-1_1_1_1	CNP0000460_P03T	CNP0000460	DF.classifications_0.25_0.22_204	Singlet	pANN_0.25_0.22_204	0.357702349869452
CNP0000460_TAGTGGTTCTTGCAAG-1_1_1_1	CNP0000460_P03T	CNP0000460	DF.classifications_0.25_0.22_204	Singlet	pANN_0.25_0.22_204	0.0926892950391645
CNP0000460_TAGTGGTTCTTGGGTA-1_1_1_1	CNP0000460_P03T	CNP0000460	DF.classifications_0.25_0.22_204	Singlet	pANN_0.25_0.22_204	0.132506527415144
CNP0000460_TAGTTGGAGAGTCTGG-1_1_1_1	CNP0000460_P03T	CNP0000460	DF.classifications_0.25_0.22_204	Singlet	pANN_0.25_0.22_204	0.350522193211488
CNP0000460_TAGTTGGAGATGTTAG-1_1_1_1	CNP0000460_P03T	CNP0000460	DF.classifications_0.25_0.22_204	Singlet	pANN_0.25_0.22_204	0.233681462140992
CNP0000460_TAGTTGGAGCGATAGC-1_1_1_1	CNP0000460_P03T	CNP0000460	DF.classifications_0.25_0.22_204	Singlet	pANN_0.25_0.22_204	0.35443864229765
CNP0000460_TAGTTGGAGGAATTAC-1_1_1_1	CNP0000460_P03T	CNP0000460	DF.classifications_0.25_0.22_204	Singlet	pANN_0.25_0.22_204	0.340731070496084
CNP0000460_TAGTTGGCAAAGGAAG-1_1_1_1	CNP0000460_P03T	CNP0000460	DF.classifications_0.25_0.22_204	Singlet	pANN_0.25_0.22_204	0.216710182767624
CNP0000460_TAGTTGGCAACTGCTA-1_1_1_1	CNP0000460_P03T	CNP0000460	DF.classifications_0.25_0.22_204	Singlet	pANN_0.25_0.22_204	0.204308093994778
CNP0000460_TAGTTGGCACAGCCCA-1_1_1_1	CNP0000460_P03T	CNP0000460	DF.classifications_0.25_0.22_204	Singlet	pANN_0.25_0.22_204	0.107702349869452
CNP0000460_TAGTTGGCACGTAAGG-1_1_1_1	CNP0000460_P03T	CNP0000460	DF.classifications_0.25_0.22_204	Singlet	pANN_0.25_0.22_204	0.0985639686684073
CNP0000460_TAGTTGGGTTAAGTAG-1_1_1_1	CNP0000460_P03T	CNP0000460	DF.classifications_0.25_0.22_204	Singlet	pANN_0.25_0.22_204	0.265013054830287
CNP0000460_TAGTTGGTCAAGCCTA-1_1_1_1	CNP0000460_P03T	CNP0000460	DF.classifications_0.25_0.22_204	Singlet	pANN_0.25_0.22_204	0.299608355091384
CNP0000460_TAGTTGGTCCGATATG-1_1_1_1	CNP0000460_P03T	CNP0000460	DF.classifications_0.25_0.22_204	Singlet	pANN_0.25_0.22_204	0.168407310704961
CNP0000460_TATCAGGAGAACTCGG-1_1_1_1	CNP0000460_P03T	CNP0000460	DF.classifications_0.25_0.22_204	Singlet	pANN_0.25_0.22_204	0.0946475195822454
CNP0000460_TATCAGGCAATACGCT-1_1_1_1	CNP0000460_P03T	CNP0000460	DF.classifications_0.25_0.22_204	Singlet	pANN_0.25_0.22_204	0.281984334203655
CNP0000460_TATCAGGCAATCAGAA-1_1_1_1	CNP0000460_P03T	CNP0000460	DF.classifications_0.25_0.22_204	Singlet	pANN_0.25_0.22_204	0.122062663185379
CNP0000460_TATCAGGCAGCGATCC-1_1_1_1	CNP0000460_P03T	CNP0000460	DF.classifications_0.25_0.22_204	Singlet	pANN_0.25_0.22_204	0.203002610966057
CNP0000460_TATCAGGTCTCACATT-1_1_1_1	CNP0000460_P03T	CNP0000460	DF.classifications_0.25_0.22_204	Singlet	pANN_0.25_0.22_204	0.141644908616188
CNP0000460_TATCTCAAGGTAGCTG-1_1_1_1	CNP0000460_P03T	CNP0000460	DF.classifications_0.25_0.22_204	Singlet	pANN_0.25_0.22_204	0.358355091383812
CNP0000460_TATCTCACAACGATGG-1_1_1_1	CNP0000460_P03T	CNP0000460	DF.classifications_0.25_0.22_204	Singlet	pANN_0.25_0.22_204	0.355744125326371
CNP0000460_TATCTCACAATTCCTT-1_1_1_1	CNP0000460_P03T	CNP0000460	DF.classifications_0.25_0.22_204	Singlet	pANN_0.25_0.22_204	0.352480417754569
CNP0000460_TATCTCACACGCTTTC-1_1_1_1	CNP0000460_P03T	CNP0000460	DF.classifications_0.25_0.22_204	Singlet	pANN_0.25_0.22_204	0.10378590078329
CNP0000460_TATCTCACAGGTGCCT-1_1_1_1	CNP0000460_P03T	CNP0000460	DF.classifications_0.25_0.22_204	Singlet	pANN_0.25_0.22_204	0.0953002610966057
CNP0000460_TATCTCACATGACATC-1_1_1_1	CNP0000460_P03T	CNP0000460	DF.classifications_0.25_0.22_204	Singlet	pANN_0.25_0.22_204	0.123368146214099
CNP0000460_TATCTCAGTAAAGTCA-1_1_1_1	CNP0000460_P03T	CNP0000460	DF.classifications_0.25_0.22_204	Singlet	pANN_0.25_0.22_204	0.350522193211488
CNP0000460_TATCTCAGTGTAACGG-1_1_1_1	CNP0000460_P03T	CNP0000460	DF.classifications_0.25_0.22_204	Singlet	pANN_0.25_0.22_204	0.109660574412533
CNP0000460_TATCTCAGTTCCCTTG-1_1_1_1	CNP0000460_P03T	CNP0000460	DF.classifications_0.25_0.22_204	Singlet	pANN_0.25_0.22_204	0.122062663185379
CNP0000460_TATCTCAGTTCTCATT-1_1_1_1	CNP0000460_P03T	CNP0000460	DF.classifications_0.25_0.22_204	Singlet	pANN_0.25_0.22_204	0.278720626631854
CNP0000460_TATCTCATCATAAAGG-1_1_1_1	CNP0000460_P03T	CNP0000460	DF.classifications_0.25_0.22_204	Singlet	pANN_0.25_0.22_204	0.351827676240209
CNP0000460_TATCTCATCTGGTGTA-1_1_1_1	CNP0000460_P03T	CNP0000460	DF.classifications_0.25_0.22_204	Singlet	pANN_0.25_0.22_204	0.109660574412533
CNP0000460_TATCTCATCTTGGGTA-1_1_1_1	CNP0000460_P03T	CNP0000460	DF.classifications_0.25_0.22_204	Singlet	pANN_0.25_0.22_204	0.102480417754569
CNP0000460_TATGCCCAGACAGACC-1_1_1_1	CNP0000460_P03T	CNP0000460	DF.classifications_0.25_0.22_204	Singlet	pANN_0.25_0.22_204	0.203655352480418
CNP0000460_TATGCCCAGACTTTCG-1_1_1_1	CNP0000460_P03T	CNP0000460	DF.classifications_0.25_0.22_204	Singlet	pANN_0.25_0.22_204	0.0900783289817232
CNP0000460_TATGCCCAGATCACGG-1_1_1_1	CNP0000460_P03T	CNP0000460	DF.classifications_0.25_0.22_204	Singlet	pANN_0.25_0.22_204	0.122062663185379
CNP0000460_TATGCCCAGTGCTGCC-1_1_1_1	CNP0000460_P03T	CNP0000460	DF.classifications_0.25_0.22_204	Singlet	pANN_0.25_0.22_204	0.0920365535248042
CNP0000460_TATGCCCCATAAGACA-1_1_1_1	CNP0000460_P03T	CNP0000460	DF.classifications_0.25_0.22_204	Singlet	pANN_0.25_0.22_204	0.287206266318538
CNP0000460_TATGCCCCATTTCACT-1_1_1_1	CNP0000460_P03T	CNP0000460	DF.classifications_0.25_0.22_204	Singlet	pANN_0.25_0.22_204	0.12402088772846
CNP0000460_TATGCCCGTTACCAGT-1_1_1_1	CNP0000460_P03T	CNP0000460	DF.classifications_0.25_0.22_204	Singlet	pANN_0.25_0.22_204	0.100522193211488
CNP0000460_TATTACCAGAGTTGGC-1_1_1_1	CNP0000460_P03T	CNP0000460	DF.classifications_0.25_0.22_204	Singlet	pANN_0.25_0.22_204	0.116840731070496
CNP0000460_TATTACCCAATACGCT-1_1_1_1	CNP0000460_P03T	CNP0000460	DF.classifications_0.25_0.22_204	Singlet	pANN_0.25_0.22_204	0.351827676240209
CNP0000460_TATTACCGTGCACCAC-1_1_1_1	CNP0000460_P03T	CNP0000460	DF.classifications_0.25_0.22_204	Singlet	pANN_0.25_0.22_204	0.10443864229765
CNP0000460_TATTACCGTTACGCGC-1_1_1_1	CNP0000460_P03T	CNP0000460	DF.classifications_0.25_0.22_204	Singlet	pANN_0.25_0.22_204	0.35378590078329
CNP0000460_TATTACCTCACTCTTA-1_1_1_1	CNP0000460_P03T	CNP0000460	DF.classifications_0.25_0.22_204	Singlet	pANN_0.25_0.22_204	0.360313315926893
CNP0000460_TATTACCTCACTTACT-1_1_1_1	CNP0000460_P03T	CNP0000460	DF.classifications_0.25_0.22_204	Singlet	pANN_0.25_0.22_204	0.356396866840731
CNP0000460_TATTACCTCCTTGCCA-1_1_1_1	CNP0000460_P03T	CNP0000460	DF.classifications_0.25_0.22_204	Singlet	pANN_0.25_0.22_204	0.150783289817232
CNP0000460_TATTACCTCGCCAAAT-1_1_1_1	CNP0000460_P03T	CNP0000460	DF.classifications_0.25_0.22_204	Singlet	pANN_0.25_0.22_204	0.33289817232376
CNP0000460_TATTACCTCTTGCATT-1_1_1_1	CNP0000460_P03T	CNP0000460	DF.classifications_0.25_0.22_204	Singlet	pANN_0.25_0.22_204	0.110966057441253
CNP0000460_TCAACGAAGAGTAATC-1_1_1_1	CNP0000460_P03T	CNP0000460	DF.classifications_0.25_0.22_204	Singlet	pANN_0.25_0.22_204	0.35509138381201
CNP0000460_TCAACGACAAGCCATT-1_1_1_1	CNP0000460_P03T	CNP0000460	DF.classifications_0.25_0.22_204	Singlet	pANN_0.25_0.22_204	0.0946475195822454
CNP0000460_TCAACGACACAGATTC-1_1_1_1	CNP0000460_P03T	CNP0000460	DF.classifications_0.25_0.22_204	Singlet	pANN_0.25_0.22_204	0.355744125326371
CNP0000460_TCAACGAGTCGTCTTC-1_1_1_1	CNP0000460_P03T	CNP0000460	DF.classifications_0.25_0.22_204	Singlet	pANN_0.25_0.22_204	0.265665796344648
CNP0000460_TCAACGAGTCTCCCTA-1_1_1_1	CNP0000460_P03T	CNP0000460	DF.classifications_0.25_0.22_204	Singlet	pANN_0.25_0.22_204	0.358355091383812
CNP0000460_TCAATCTAGCTGAAAT-1_1_1_1	CNP0000460_P03T	CNP0000460	DF.classifications_0.25_0.22_204	Singlet	pANN_0.25_0.22_204	0.097911227154047
CNP0000460_TCAATCTAGTAGGTGC-1_1_1_1	CNP0000460_P03T	CNP0000460	DF.classifications_0.25_0.22_204	Singlet	pANN_0.25_0.22_204	0.27088772845953
CNP0000460_TCAATCTCAGCTCCGA-1_1_1_1	CNP0000460_P03T	CNP0000460	DF.classifications_0.25_0.22_204	Singlet	pANN_0.25_0.22_204	0.097911227154047
CNP0000460_TCAATCTCAGTTCATG-1_1_1_1	CNP0000460_P03T	CNP0000460	DF.classifications_0.25_0.22_204	Singlet	pANN_0.25_0.22_204	0.278720626631854
CNP0000460_TCAATCTTCATAGCAC-1_1_1_1	CNP0000460_P03T	CNP0000460	DF.classifications_0.25_0.22_204	Singlet	pANN_0.25_0.22_204	0.357702349869452
CNP0000460_TCAATCTTCATCACCC-1_1_1_1	CNP0000460_P03T	CNP0000460	DF.classifications_0.25_0.22_204	Singlet	pANN_0.25_0.22_204	0.0907310704960835
CNP0000460_TCAATCTTCCTTTCTC-1_1_1_1	CNP0000460_P03T	CNP0000460	DF.classifications_0.25_0.22_204	Singlet	pANN_0.25_0.22_204	0.129242819843342
CNP0000460_TCACAAGAGCTTCGCG-1_1_1_1	CNP0000460_P03T	CNP0000460	DF.classifications_0.25_0.22_204	Singlet	pANN_0.25_0.22_204	0.286553524804178
CNP0000460_TCACAAGAGGTGACCA-1_1_1_1	CNP0000460_P03T	CNP0000460	DF.classifications_0.25_0.22_204	Singlet	pANN_0.25_0.22_204	0.0926892950391645
CNP0000460_TCACAAGCAAGTCTAC-1_1_1_1	CNP0000460_P03T	CNP0000460	DF.classifications_0.25_0.22_204	Singlet	pANN_0.25_0.22_204	0.0881201044386423
CNP0000460_TCACAAGCAATCGGTT-1_1_1_1	CNP0000460_P03T	CNP0000460	DF.classifications_0.25_0.22_204	Singlet	pANN_0.25_0.22_204	0.12467362924282
CNP0000460_TCACAAGGTACTTGAC-1_1_1_1	CNP0000460_P03T	CNP0000460	DF.classifications_0.25_0.22_204	Singlet	pANN_0.25_0.22_204	0.345953002610966
CNP0000460_TCACAAGGTCAAAGCG-1_1_1_1	CNP0000460_P03T	CNP0000460	DF.classifications_0.25_0.22_204	Singlet	pANN_0.25_0.22_204	0.142297650130548
CNP0000460_TCACAAGGTCGAGTTT-1_1_1_1	CNP0000460_P03T	CNP0000460	DF.classifications_0.25_0.22_204	Singlet	pANN_0.25_0.22_204	0.139033942558747
CNP0000460_TCACAAGGTTGAGTTC-1_1_1_1	CNP0000460_P03T	CNP0000460	DF.classifications_0.25_0.22_204	Singlet	pANN_0.25_0.22_204	0.356396866840731
CNP0000460_TCACAAGTCAGCTCTC-1_1_1_1	CNP0000460_P03T	CNP0000460	DF.classifications_0.25_0.22_204	Singlet	pANN_0.25_0.22_204	0.254569190600522
CNP0000460_TCACAAGTCGGATGGA-1_1_1_1	CNP0000460_P03T	CNP0000460	DF.classifications_0.25_0.22_204	Singlet	pANN_0.25_0.22_204	0.105744125326371
CNP0000460_TCACAAGTCTGAAAGA-1_1_1_1	CNP0000460_P03T	CNP0000460	DF.classifications_0.25_0.22_204	Singlet	pANN_0.25_0.22_204	0.244125326370757
CNP0000460_TCACAAGTCTGTCTAT-1_1_1_1	CNP0000460_P03T	CNP0000460	DF.classifications_0.25_0.22_204	Singlet	pANN_0.25_0.22_204	0.107702349869452
CNP0000460_TCACGAAAGGCGACAT-1_1_1_1	CNP0000460_P03T	CNP0000460	DF.classifications_0.25_0.22_204	Singlet	pANN_0.25_0.22_204	0.360313315926893
CNP0000460_TCACGAAAGGTGATAT-1_1_1_1	CNP0000460_P03T	CNP0000460	DF.classifications_0.25_0.22_204	Singlet	pANN_0.25_0.22_204	0.25
CNP0000460_TCACGAAAGTACGATA-1_1_1_1	CNP0000460_P03T	CNP0000460	DF.classifications_0.25_0.22_204	Singlet	pANN_0.25_0.22_204	0.0972584856396867
CNP0000460_TCACGAAGTAAATGAC-1_1_1_1	CNP0000460_P03T	CNP0000460	DF.classifications_0.25_0.22_204	Singlet	pANN_0.25_0.22_204	0.35313315926893
CNP0000460_TCACGAAGTAGAGCTG-1_1_1_1	CNP0000460_P03T	CNP0000460	DF.classifications_0.25_0.22_204	Singlet	pANN_0.25_0.22_204	0.290469973890339
CNP0000460_TCACGAAGTAGCGCAA-1_1_1_1	CNP0000460_P03T	CNP0000460	DF.classifications_0.25_0.22_204	Singlet	pANN_0.25_0.22_204	0.272193211488251
CNP0000460_TCACGAAGTGTGGTTT-1_1_1_1	CNP0000460_P03T	CNP0000460	DF.classifications_0.25_0.22_204	Singlet	pANN_0.25_0.22_204	0.276109660574413
CNP0000460_TCACGAATCAAGGTAA-1_1_1_1	CNP0000460_P03T	CNP0000460	DF.classifications_0.25_0.22_204	Doublet	pANN_0.25_0.22_204	0.363577023498695
CNP0000460_TCACGAATCCGCGCAA-1_1_1_1	CNP0000460_P03T	CNP0000460	DF.classifications_0.25_0.22_204	Singlet	pANN_0.25_0.22_204	0.348563968668407
CNP0000460_TCACGAATCCGTACAA-1_1_1_1	CNP0000460_P03T	CNP0000460	DF.classifications_0.25_0.22_204	Singlet	pANN_0.25_0.22_204	0.0815926892950392
CNP0000460_TCAGATGAGAGCTTCT-1_1_1_1	CNP0000460_P03T	CNP0000460	DF.classifications_0.25_0.22_204	Singlet	pANN_0.25_0.22_204	0.113577023498695
CNP0000460_TCAGATGAGATCACGG-1_1_1_1	CNP0000460_P03T	CNP0000460	DF.classifications_0.25_0.22_204	Singlet	pANN_0.25_0.22_204	0.156657963446475
CNP0000460_TCAGATGCAAGCGCTC-1_1_1_1	CNP0000460_P03T	CNP0000460	DF.classifications_0.25_0.22_204	Singlet	pANN_0.25_0.22_204	0.106396866840731
CNP0000460_TCAGATGCAAGCTGGA-1_1_1_1	CNP0000460_P03T	CNP0000460	DF.classifications_0.25_0.22_204	Singlet	pANN_0.25_0.22_204	0.235639686684073
CNP0000460_TCAGATGGTCAGGACA-1_1_1_1	CNP0000460_P03T	CNP0000460	DF.classifications_0.25_0.22_204	Doublet	pANN_0.25_0.22_204	0.360966057441253
CNP0000460_TCAGATGGTCTCCCTA-1_1_1_1	CNP0000460_P03T	CNP0000460	DF.classifications_0.25_0.22_204	Singlet	pANN_0.25_0.22_204	0.350522193211488
CNP0000460_TCAGATGTCACGAAGG-1_1_1_1	CNP0000460_P03T	CNP0000460	DF.classifications_0.25_0.22_204	Singlet	pANN_0.25_0.22_204	0.100522193211488
CNP0000460_TCAGATGTCAGCCTAA-1_1_1_1	CNP0000460_P03T	CNP0000460	DF.classifications_0.25_0.22_204	Singlet	pANN_0.25_0.22_204	0.0953002610966057
CNP0000460_TCAGATGTCAGTTAGC-1_1_1_1	CNP0000460_P03T	CNP0000460	DF.classifications_0.25_0.22_204	Singlet	pANN_0.25_0.22_204	0.253916449086162
CNP0000460_TCAGATGTCCACGAAT-1_1_1_1	CNP0000460_P03T	CNP0000460	DF.classifications_0.25_0.22_204	Singlet	pANN_0.25_0.22_204	0.107702349869452
CNP0000460_TCAGATGTCGTTACGA-1_1_1_1	CNP0000460_P03T	CNP0000460	DF.classifications_0.25_0.22_204	Singlet	pANN_0.25_0.22_204	0.356396866840731
CNP0000460_TCAGATGTCTTTAGGG-1_1_1_1	CNP0000460_P03T	CNP0000460	DF.classifications_0.25_0.22_204	Singlet	pANN_0.25_0.22_204	0.285900783289817
CNP0000460_TCAGCAAAGAGCCCAA-1_1_1_1	CNP0000460_P03T	CNP0000460	DF.classifications_0.25_0.22_204	Singlet	pANN_0.25_0.22_204	0.109660574412533
CNP0000460_TCAGCAAAGCCACCTG-1_1_1_1	CNP0000460_P03T	CNP0000460	DF.classifications_0.25_0.22_204	Singlet	pANN_0.25_0.22_204	0.276109660574413
CNP0000460_TCAGCAAAGCTGCAAG-1_1_1_1	CNP0000460_P03T	CNP0000460	DF.classifications_0.25_0.22_204	Singlet	pANN_0.25_0.22_204	0.10313315926893
CNP0000460_TCAGCAAAGGATATAC-1_1_1_1	CNP0000460_P03T	CNP0000460	DF.classifications_0.25_0.22_204	Singlet	pANN_0.25_0.22_204	0.351827676240209
CNP0000460_TCAGCAAAGTGGGATC-1_1_1_1	CNP0000460_P03T	CNP0000460	DF.classifications_0.25_0.22_204	Singlet	pANN_0.25_0.22_204	0.234334203655352
CNP0000460_TCAGCAACAAGCGCTC-1_1_1_1	CNP0000460_P03T	CNP0000460	DF.classifications_0.25_0.22_204	Singlet	pANN_0.25_0.22_204	0.360313315926893
CNP0000460_TCAGCAACACTGTCGG-1_1_1_1	CNP0000460_P03T	CNP0000460	DF.classifications_0.25_0.22_204	Singlet	pANN_0.25_0.22_204	0.359660574412533
CNP0000460_TCAGCAAGTCCAGTGC-1_1_1_1	CNP0000460_P03T	CNP0000460	DF.classifications_0.25_0.22_204	Singlet	pANN_0.25_0.22_204	0.272193211488251
CNP0000460_TCAGCAAGTCGCATAT-1_1_1_1	CNP0000460_P03T	CNP0000460	DF.classifications_0.25_0.22_204	Singlet	pANN_0.25_0.22_204	0.119451697127937
CNP0000460_TCAGCAAGTCTCAACA-1_1_1_1	CNP0000460_P03T	CNP0000460	DF.classifications_0.25_0.22_204	Singlet	pANN_0.25_0.22_204	0.10313315926893
CNP0000460_TCAGCAAGTTCACGGC-1_1_1_1	CNP0000460_P03T	CNP0000460	DF.classifications_0.25_0.22_204	Singlet	pANN_0.25_0.22_204	0.357702349869452
CNP0000460_TCAGCAAGTTCGGGCT-1_1_1_1	CNP0000460_P03T	CNP0000460	DF.classifications_0.25_0.22_204	Singlet	pANN_0.25_0.22_204	0.300261096605744
CNP0000460_TCAGCAATCCCAAGTA-1_1_1_1	CNP0000460_P03T	CNP0000460	DF.classifications_0.25_0.22_204	Singlet	pANN_0.25_0.22_204	0.152088772845953
CNP0000460_TCAGCAATCGGTCCGA-1_1_1_1	CNP0000460_P03T	CNP0000460	DF.classifications_0.25_0.22_204	Singlet	pANN_0.25_0.22_204	0.205613577023499
CNP0000460_TCAGCTCAGACAAAGG-1_1_1_1	CNP0000460_P03T	CNP0000460	DF.classifications_0.25_0.22_204	Singlet	pANN_0.25_0.22_204	0.109007832898172
CNP0000460_TCAGCTCAGATGTTAG-1_1_1_1	CNP0000460_P03T	CNP0000460	DF.classifications_0.25_0.22_204	Singlet	pANN_0.25_0.22_204	0.27023498694517
CNP0000460_TCAGCTCCAGCCAATT-1_1_1_1	CNP0000460_P03T	CNP0000460	DF.classifications_0.25_0.22_204	Singlet	pANN_0.25_0.22_204	0.105744125326371
CNP0000460_TCAGCTCCATCACAAC-1_1_1_1	CNP0000460_P03T	CNP0000460	DF.classifications_0.25_0.22_204	Singlet	pANN_0.25_0.22_204	0.279373368146214
CNP0000460_TCAGCTCCATCGGACC-1_1_1_1	CNP0000460_P03T	CNP0000460	DF.classifications_0.25_0.22_204	Singlet	pANN_0.25_0.22_204	0.130548302872063
CNP0000460_TCAGCTCGTCCTCTTG-1_1_1_1	CNP0000460_P03T	CNP0000460	DF.classifications_0.25_0.22_204	Singlet	pANN_0.25_0.22_204	0.348563968668407
CNP0000460_TCAGCTCGTGATGTCT-1_1_1_1	CNP0000460_P03T	CNP0000460	DF.classifications_0.25_0.22_204	Singlet	pANN_0.25_0.22_204	0.087467362924282
CNP0000460_TCAGCTCTCTGCAAGT-1_1_1_1	CNP0000460_P03T	CNP0000460	DF.classifications_0.25_0.22_204	Singlet	pANN_0.25_0.22_204	0.29242819843342
CNP0000460_TCAGGATAGAGTACAT-1_1_1_1	CNP0000460_P03T	CNP0000460	DF.classifications_0.25_0.22_204	Singlet	pANN_0.25_0.22_204	0.152088772845953
CNP0000460_TCAGGATAGCCAGTTT-1_1_1_1	CNP0000460_P03T	CNP0000460	DF.classifications_0.25_0.22_204	Singlet	pANN_0.25_0.22_204	0.139686684073107
CNP0000460_TCAGGATAGCTGCAAG-1_1_1_1	CNP0000460_P03T	CNP0000460	DF.classifications_0.25_0.22_204	Singlet	pANN_0.25_0.22_204	0.265013054830287
CNP0000460_TCAGGATAGTCCGTAT-1_1_1_1	CNP0000460_P03T	CNP0000460	DF.classifications_0.25_0.22_204	Singlet	pANN_0.25_0.22_204	0.281331592689295
CNP0000460_TCAGGATCACGTAAGG-1_1_1_1	CNP0000460_P03T	CNP0000460	DF.classifications_0.25_0.22_204	Singlet	pANN_0.25_0.22_204	0.111618798955614
CNP0000460_TCAGGATGTATTCTCT-1_1_1_1	CNP0000460_P03T	CNP0000460	DF.classifications_0.25_0.22_204	Singlet	pANN_0.25_0.22_204	0.10378590078329
CNP0000460_TCAGGATTCACTTATC-1_1_1_1	CNP0000460_P03T	CNP0000460	DF.classifications_0.25_0.22_204	Singlet	pANN_0.25_0.22_204	0.349216710182768
CNP0000460_TCAGGATTCCCTTGCA-1_1_1_1	CNP0000460_P03T	CNP0000460	DF.classifications_0.25_0.22_204	Singlet	pANN_0.25_0.22_204	0.114882506527415
CNP0000460_TCAGGATTCGCATGGC-1_1_1_1	CNP0000460_P03T	CNP0000460	DF.classifications_0.25_0.22_204	Singlet	pANN_0.25_0.22_204	0.075065274151436
CNP0000460_TCAGGATTCGTTTATC-1_1_1_1	CNP0000460_P03T	CNP0000460	DF.classifications_0.25_0.22_204	Singlet	pANN_0.25_0.22_204	0.358355091383812
CNP0000460_TCAGGATTCTTGTACT-1_1_1_1	CNP0000460_P03T	CNP0000460	DF.classifications_0.25_0.22_204	Singlet	pANN_0.25_0.22_204	0.123368146214099
CNP0000460_TCAGGTAAGCCGCCTA-1_1_1_1	CNP0000460_P03T	CNP0000460	DF.classifications_0.25_0.22_204	Singlet	pANN_0.25_0.22_204	0.110313315926893
CNP0000460_TCAGGTAAGTAGGCCA-1_1_1_1	CNP0000460_P03T	CNP0000460	DF.classifications_0.25_0.22_204	Singlet	pANN_0.25_0.22_204	0.347258485639687
CNP0000460_TCAGGTAAGTCCTCCT-1_1_1_1	CNP0000460_P03T	CNP0000460	DF.classifications_0.25_0.22_204	Singlet	pANN_0.25_0.22_204	0.0966057441253264
CNP0000460_TCAGGTACAAATTGCC-1_1_1_1	CNP0000460_P03T	CNP0000460	DF.classifications_0.25_0.22_204	Singlet	pANN_0.25_0.22_204	0.356396866840731
CNP0000460_TCAGGTACAATCAGAA-1_1_1_1	CNP0000460_P03T	CNP0000460	DF.classifications_0.25_0.22_204	Singlet	pANN_0.25_0.22_204	0.33420365535248
CNP0000460_TCAGGTACACAGACAG-1_1_1_1	CNP0000460_P03T	CNP0000460	DF.classifications_0.25_0.22_204	Singlet	pANN_0.25_0.22_204	0.276762402088773
CNP0000460_TCAGGTACACCACCAG-1_1_1_1	CNP0000460_P03T	CNP0000460	DF.classifications_0.25_0.22_204	Singlet	pANN_0.25_0.22_204	0.345953002610966
CNP0000460_TCAGGTACACCGGAAA-1_1_1_1	CNP0000460_P03T	CNP0000460	DF.classifications_0.25_0.22_204	Singlet	pANN_0.25_0.22_204	0.356396866840731
CNP0000460_TCAGGTACACGACTCG-1_1_1_1	CNP0000460_P03T	CNP0000460	DF.classifications_0.25_0.22_204	Singlet	pANN_0.25_0.22_204	0.105744125326371
CNP0000460_TCAGGTACAGCTGTTA-1_1_1_1	CNP0000460_P03T	CNP0000460	DF.classifications_0.25_0.22_204	Singlet	pANN_0.25_0.22_204	0.357049608355091
CNP0000460_TCAGGTACATCCCACT-1_1_1_1	CNP0000460_P03T	CNP0000460	DF.classifications_0.25_0.22_204	Singlet	pANN_0.25_0.22_204	0.347258485639687
CNP0000460_TCAGGTAGTAAGGGCT-1_1_1_1	CNP0000460_P03T	CNP0000460	DF.classifications_0.25_0.22_204	Singlet	pANN_0.25_0.22_204	0.109007832898172
CNP0000460_TCAGGTAGTAGATTAG-1_1_1_1	CNP0000460_P03T	CNP0000460	DF.classifications_0.25_0.22_204	Singlet	pANN_0.25_0.22_204	0.35378590078329
CNP0000460_TCAGGTAGTATATCCG-1_1_1_1	CNP0000460_P03T	CNP0000460	DF.classifications_0.25_0.22_204	Singlet	pANN_0.25_0.22_204	0.0985639686684073
CNP0000460_TCAGGTAGTCATCCCT-1_1_1_1	CNP0000460_P03T	CNP0000460	DF.classifications_0.25_0.22_204	Singlet	pANN_0.25_0.22_204	0.0953002610966057
CNP0000460_TCAGGTATCACATAGC-1_1_1_1	CNP0000460_P03T	CNP0000460	DF.classifications_0.25_0.22_204	Singlet	pANN_0.25_0.22_204	0.35509138381201
CNP0000460_TCATTACAGACCGGAT-1_1_1_1	CNP0000460_P03T	CNP0000460	DF.classifications_0.25_0.22_204	Singlet	pANN_0.25_0.22_204	0.129895561357702
CNP0000460_TCATTACAGGCTCATT-1_1_1_1	CNP0000460_P03T	CNP0000460	DF.classifications_0.25_0.22_204	Singlet	pANN_0.25_0.22_204	0.359007832898172
CNP0000460_TCATTACAGTGCCAGA-1_1_1_1	CNP0000460_P03T	CNP0000460	DF.classifications_0.25_0.22_204	Singlet	pANN_0.25_0.22_204	0.12467362924282
CNP0000460_TCATTACCAATAAGCA-1_1_1_1	CNP0000460_P03T	CNP0000460	DF.classifications_0.25_0.22_204	Singlet	pANN_0.25_0.22_204	0.35378590078329
CNP0000460_TCATTACCACATAACC-1_1_1_1	CNP0000460_P03T	CNP0000460	DF.classifications_0.25_0.22_204	Singlet	pANN_0.25_0.22_204	0.338772845953003
CNP0000460_TCATTACCACGACTCG-1_1_1_1	CNP0000460_P03T	CNP0000460	DF.classifications_0.25_0.22_204	Singlet	pANN_0.25_0.22_204	0.134464751958225
CNP0000460_TCATTACCACGTAAGG-1_1_1_1	CNP0000460_P03T	CNP0000460	DF.classifications_0.25_0.22_204	Singlet	pANN_0.25_0.22_204	0.357702349869452
CNP0000460_TCATTACGTGACCAAG-1_1_1_1	CNP0000460_P03T	CNP0000460	DF.classifications_0.25_0.22_204	Singlet	pANN_0.25_0.22_204	0.350522193211488
CNP0000460_TCATTACGTTAAAGTG-1_1_1_1	CNP0000460_P03T	CNP0000460	DF.classifications_0.25_0.22_204	Singlet	pANN_0.25_0.22_204	0.116187989556136
CNP0000460_TCATTACGTTCACGGC-1_1_1_1	CNP0000460_P03T	CNP0000460	DF.classifications_0.25_0.22_204	Singlet	pANN_0.25_0.22_204	0.234986945169713
CNP0000460_TCATTACTCAACGCTA-1_1_1_1	CNP0000460_P03T	CNP0000460	DF.classifications_0.25_0.22_204	Singlet	pANN_0.25_0.22_204	0.157963446475196
CNP0000460_TCATTACTCACCACCT-1_1_1_1	CNP0000460_P03T	CNP0000460	DF.classifications_0.25_0.22_204	Singlet	pANN_0.25_0.22_204	0.0966057441253264
CNP0000460_TCATTACTCGGCATCG-1_1_1_1	CNP0000460_P03T	CNP0000460	DF.classifications_0.25_0.22_204	Singlet	pANN_0.25_0.22_204	0.129895561357702
CNP0000460_TCATTTGAGCGATCCC-1_1_1_1	CNP0000460_P03T	CNP0000460	DF.classifications_0.25_0.22_204	Singlet	pANN_0.25_0.22_204	0.139686684073107
CNP0000460_TCATTTGCAAACGTGG-1_1_1_1	CNP0000460_P03T	CNP0000460	DF.classifications_0.25_0.22_204	Singlet	pANN_0.25_0.22_204	0.345953002610966
CNP0000460_TCATTTGCACCGCTAG-1_1_1_1	CNP0000460_P03T	CNP0000460	DF.classifications_0.25_0.22_204	Singlet	pANN_0.25_0.22_204	0.120104438642298
CNP0000460_TCATTTGCATCTCCCA-1_1_1_1	CNP0000460_P03T	CNP0000460	DF.classifications_0.25_0.22_204	Singlet	pANN_0.25_0.22_204	0.0985639686684073
CNP0000460_TCATTTGGTATGAAAC-1_1_1_1	CNP0000460_P03T	CNP0000460	DF.classifications_0.25_0.22_204	Singlet	pANN_0.25_0.22_204	0.10443864229765
CNP0000460_TCATTTGGTCCGTCAG-1_1_1_1	CNP0000460_P03T	CNP0000460	DF.classifications_0.25_0.22_204	Singlet	pANN_0.25_0.22_204	0.113577023498695
CNP0000460_TCATTTGGTTACGGAG-1_1_1_1	CNP0000460_P03T	CNP0000460	DF.classifications_0.25_0.22_204	Singlet	pANN_0.25_0.22_204	0.221932114882507
CNP0000460_TCATTTGTCCCATTAT-1_1_1_1	CNP0000460_P03T	CNP0000460	DF.classifications_0.25_0.22_204	Singlet	pANN_0.25_0.22_204	0.10443864229765
CNP0000460_TCCACACAGCTTATCG-1_1_1_1	CNP0000460_P03T	CNP0000460	DF.classifications_0.25_0.22_204	Singlet	pANN_0.25_0.22_204	0.220626631853786
CNP0000460_TCCACACAGTTAACGA-1_1_1_1	CNP0000460_P03T	CNP0000460	DF.classifications_0.25_0.22_204	Singlet	pANN_0.25_0.22_204	0.127284595300261
CNP0000460_TCCACACCACGGATAG-1_1_1_1	CNP0000460_P03T	CNP0000460	DF.classifications_0.25_0.22_204	Singlet	pANN_0.25_0.22_204	0.300261096605744
CNP0000460_TCCACACCACGTCAGC-1_1_1_1	CNP0000460_P03T	CNP0000460	DF.classifications_0.25_0.22_204	Singlet	pANN_0.25_0.22_204	0.0868146214099217
CNP0000460_TCCACACCAGCATACT-1_1_1_1	CNP0000460_P03T	CNP0000460	DF.classifications_0.25_0.22_204	Doublet	pANN_0.25_0.22_204	0.367493472584856
CNP0000460_TCCACACGTATAGTAG-1_1_1_1	CNP0000460_P03T	CNP0000460	DF.classifications_0.25_0.22_204	Singlet	pANN_0.25_0.22_204	0.159921671018277
CNP0000460_TCCACACGTGCAGACA-1_1_1_1	CNP0000460_P03T	CNP0000460	DF.classifications_0.25_0.22_204	Singlet	pANN_0.25_0.22_204	0.356396866840731
CNP0000460_TCCACACGTGGTCCGT-1_1_1_1	CNP0000460_P03T	CNP0000460	DF.classifications_0.25_0.22_204	Singlet	pANN_0.25_0.22_204	0.357702349869452
CNP0000460_TCCACACGTTGAACTC-1_1_1_1	CNP0000460_P03T	CNP0000460	DF.classifications_0.25_0.22_204	Singlet	pANN_0.25_0.22_204	0.288511749347258
CNP0000460_TCCACACTCTACCAGA-1_1_1_1	CNP0000460_P03T	CNP0000460	DF.classifications_0.25_0.22_204	Singlet	pANN_0.25_0.22_204	0.163838120104439
CNP0000460_TCCCGATAGGGCATGT-1_1_1_1	CNP0000460_P03T	CNP0000460	DF.classifications_0.25_0.22_204	Singlet	pANN_0.25_0.22_204	0.108355091383812
CNP0000460_TCCCGATCAACAACCT-1_1_1_1	CNP0000460_P03T	CNP0000460	DF.classifications_0.25_0.22_204	Doublet	pANN_0.25_0.22_204	0.362924281984334
CNP0000460_TCCCGATCACAAGCCC-1_1_1_1	CNP0000460_P03T	CNP0000460	DF.classifications_0.25_0.22_204	Singlet	pANN_0.25_0.22_204	0.35443864229765
CNP0000460_TCCCGATCAGCAGTTT-1_1_1_1	CNP0000460_P03T	CNP0000460	DF.classifications_0.25_0.22_204	Doublet	pANN_0.25_0.22_204	0.360966057441253
CNP0000460_TCCCGATCAGTCACTA-1_1_1_1	CNP0000460_P03T	CNP0000460	DF.classifications_0.25_0.22_204	Singlet	pANN_0.25_0.22_204	0.107049608355091
CNP0000460_TCCCGATGTACCGCTG-1_1_1_1	CNP0000460_P03T	CNP0000460	DF.classifications_0.25_0.22_204	Singlet	pANN_0.25_0.22_204	0.132506527415144
CNP0000460_TCCCGATTCAAGATCC-1_1_1_1	CNP0000460_P03T	CNP0000460	DF.classifications_0.25_0.22_204	Singlet	pANN_0.25_0.22_204	0.112924281984334
CNP0000460_TCCCGATTCAGAGCTT-1_1_1_1	CNP0000460_P03T	CNP0000460	DF.classifications_0.25_0.22_204	Singlet	pANN_0.25_0.22_204	0.357049608355091
CNP0000460_TCCCGATTCTCAAGTG-1_1_1_1	CNP0000460_P03T	CNP0000460	DF.classifications_0.25_0.22_204	Singlet	pANN_0.25_0.22_204	0.150130548302872
CNP0000460_TCCCGATTCTCGCATC-1_1_1_1	CNP0000460_P03T	CNP0000460	DF.classifications_0.25_0.22_204	Singlet	pANN_0.25_0.22_204	0.259791122715405
CNP0000460_TCGAGGCAGCGATGAC-1_1_1_1	CNP0000460_P03T	CNP0000460	DF.classifications_0.25_0.22_204	Singlet	pANN_0.25_0.22_204	0.101827676240209
CNP0000460_TCGAGGCAGGGTTTCT-1_1_1_1	CNP0000460_P03T	CNP0000460	DF.classifications_0.25_0.22_204	Singlet	pANN_0.25_0.22_204	0.10313315926893
CNP0000460_TCGAGGCCATCACCCT-1_1_1_1	CNP0000460_P03T	CNP0000460	DF.classifications_0.25_0.22_204	Singlet	pANN_0.25_0.22_204	0.344647519582245
CNP0000460_TCGAGGCGTCTAGTGT-1_1_1_1	CNP0000460_P03T	CNP0000460	DF.classifications_0.25_0.22_204	Singlet	pANN_0.25_0.22_204	0.127937336814621
CNP0000460_TCGAGGCGTGTTAAGA-1_1_1_1	CNP0000460_P03T	CNP0000460	DF.classifications_0.25_0.22_204	Singlet	pANN_0.25_0.22_204	0.108355091383812
CNP0000460_TCGAGGCGTTCACCTC-1_1_1_1	CNP0000460_P03T	CNP0000460	DF.classifications_0.25_0.22_204	Singlet	pANN_0.25_0.22_204	0.0881201044386423
CNP0000460_TCGAGGCGTTGGGACA-1_1_1_1	CNP0000460_P03T	CNP0000460	DF.classifications_0.25_0.22_204	Singlet	pANN_0.25_0.22_204	0.120757180156658
CNP0000460_TCGAGGCTCAAGATCC-1_1_1_1	CNP0000460_P03T	CNP0000460	DF.classifications_0.25_0.22_204	Singlet	pANN_0.25_0.22_204	0.281331592689295
CNP0000460_TCGAGGCTCCCAGGTG-1_1_1_1	CNP0000460_P03T	CNP0000460	DF.classifications_0.25_0.22_204	Singlet	pANN_0.25_0.22_204	0.351174934725849
CNP0000460_TCGCGAGAGACCACGA-1_1_1_1	CNP0000460_P03T	CNP0000460	DF.classifications_0.25_0.22_204	Singlet	pANN_0.25_0.22_204	0.251305483028721
CNP0000460_TCGCGAGAGCCCGAAA-1_1_1_1	CNP0000460_P03T	CNP0000460	DF.classifications_0.25_0.22_204	Singlet	pANN_0.25_0.22_204	0.35443864229765
CNP0000460_TCGCGAGAGGCTAGAC-1_1_1_1	CNP0000460_P03T	CNP0000460	DF.classifications_0.25_0.22_204	Singlet	pANN_0.25_0.22_204	0.10509138381201
CNP0000460_TCGCGAGGTAGCTCCG-1_1_1_1	CNP0000460_P03T	CNP0000460	DF.classifications_0.25_0.22_204	Singlet	pANN_0.25_0.22_204	0.355744125326371
CNP0000460_TCGCGAGGTTCACCTC-1_1_1_1	CNP0000460_P03T	CNP0000460	DF.classifications_0.25_0.22_204	Singlet	pANN_0.25_0.22_204	0.310052219321149
CNP0000460_TCGCGAGTCAGCGACC-1_1_1_1	CNP0000460_P03T	CNP0000460	DF.classifications_0.25_0.22_204	Singlet	pANN_0.25_0.22_204	0.359007832898172
CNP0000460_TCGCGAGTCCACTCCA-1_1_1_1	CNP0000460_P03T	CNP0000460	DF.classifications_0.25_0.22_204	Singlet	pANN_0.25_0.22_204	0.300261096605744
CNP0000460_TCGCGAGTCGAATCCA-1_1_1_1	CNP0000460_P03T	CNP0000460	DF.classifications_0.25_0.22_204	Doublet	pANN_0.25_0.22_204	0.363577023498695
CNP0000460_TCGCGAGTCTGCGACG-1_1_1_1	CNP0000460_P03T	CNP0000460	DF.classifications_0.25_0.22_204	Singlet	pANN_0.25_0.22_204	0.0835509138381201
CNP0000460_TCGCGTTAGAGACTTA-1_1_1_1	CNP0000460_P03T	CNP0000460	DF.classifications_0.25_0.22_204	Doublet	pANN_0.25_0.22_204	0.362271540469974
CNP0000460_TCGCGTTAGCCCAGCT-1_1_1_1	CNP0000460_P03T	CNP0000460	DF.classifications_0.25_0.22_204	Singlet	pANN_0.25_0.22_204	0.0998694516971279
CNP0000460_TCGCGTTAGGCATGGT-1_1_1_1	CNP0000460_P03T	CNP0000460	DF.classifications_0.25_0.22_204	Singlet	pANN_0.25_0.22_204	0.100522193211488
CNP0000460_TCGCGTTAGGTGTGGT-1_1_1_1	CNP0000460_P03T	CNP0000460	DF.classifications_0.25_0.22_204	Singlet	pANN_0.25_0.22_204	0.0835509138381201
CNP0000460_TCGCGTTCAGGCTGAA-1_1_1_1	CNP0000460_P03T	CNP0000460	DF.classifications_0.25_0.22_204	Singlet	pANN_0.25_0.22_204	0.085509138381201
CNP0000460_TCGCGTTCATAGGATA-1_1_1_1	CNP0000460_P03T	CNP0000460	DF.classifications_0.25_0.22_204	Singlet	pANN_0.25_0.22_204	0.278067885117493
CNP0000460_TCGCGTTCATCGGGTC-1_1_1_1	CNP0000460_P03T	CNP0000460	DF.classifications_0.25_0.22_204	Singlet	pANN_0.25_0.22_204	0.0998694516971279
CNP0000460_TCGCGTTGTACAGTTC-1_1_1_1	CNP0000460_P03T	CNP0000460	DF.classifications_0.25_0.22_204	Singlet	pANN_0.25_0.22_204	0.349869451697128
CNP0000460_TCGCGTTGTCGTGGCT-1_1_1_1	CNP0000460_P03T	CNP0000460	DF.classifications_0.25_0.22_204	Singlet	pANN_0.25_0.22_204	0.161227154046997
CNP0000460_TCGCGTTGTGCACGAA-1_1_1_1	CNP0000460_P03T	CNP0000460	DF.classifications_0.25_0.22_204	Singlet	pANN_0.25_0.22_204	0.113577023498695
CNP0000460_TCGCGTTTCCTCAACC-1_1_1_1	CNP0000460_P03T	CNP0000460	DF.classifications_0.25_0.22_204	Singlet	pANN_0.25_0.22_204	0.0894255874673629
CNP0000460_TCGGGACAGCCACGTC-1_1_1_1	CNP0000460_P03T	CNP0000460	DF.classifications_0.25_0.22_204	Singlet	pANN_0.25_0.22_204	0.356396866840731
CNP0000460_TCGGGACAGCGTTTAC-1_1_1_1	CNP0000460_P03T	CNP0000460	DF.classifications_0.25_0.22_204	Singlet	pANN_0.25_0.22_204	0.135770234986945
CNP0000460_TCGGGACAGCTAGCCC-1_1_1_1	CNP0000460_P03T	CNP0000460	DF.classifications_0.25_0.22_204	Singlet	pANN_0.25_0.22_204	0.2911227154047
CNP0000460_TCGGGACAGTGCAAGC-1_1_1_1	CNP0000460_P03T	CNP0000460	DF.classifications_0.25_0.22_204	Singlet	pANN_0.25_0.22_204	0.18798955613577
CNP0000460_TCGGGACAGTGTGAAT-1_1_1_1	CNP0000460_P03T	CNP0000460	DF.classifications_0.25_0.22_204	Singlet	pANN_0.25_0.22_204	0.0953002610966057
CNP0000460_TCGGGACAGTTGTAGA-1_1_1_1	CNP0000460_P03T	CNP0000460	DF.classifications_0.25_0.22_204	Singlet	pANN_0.25_0.22_204	0.159268929503916
CNP0000460_TCGGGACCAATGGATA-1_1_1_1	CNP0000460_P03T	CNP0000460	DF.classifications_0.25_0.22_204	Singlet	pANN_0.25_0.22_204	0.266318537859008
CNP0000460_TCGGGACCACCGATAT-1_1_1_1	CNP0000460_P03T	CNP0000460	DF.classifications_0.25_0.22_204	Singlet	pANN_0.25_0.22_204	0.172323759791123
CNP0000460_TCGGGACCAGCCAGAA-1_1_1_1	CNP0000460_P03T	CNP0000460	DF.classifications_0.25_0.22_204	Singlet	pANN_0.25_0.22_204	0.259791122715405
CNP0000460_TCGGGACCATCACCCT-1_1_1_1	CNP0000460_P03T	CNP0000460	DF.classifications_0.25_0.22_204	Singlet	pANN_0.25_0.22_204	0.248694516971279
CNP0000460_TCGGGACGTTAGAACA-1_1_1_1	CNP0000460_P03T	CNP0000460	DF.classifications_0.25_0.22_204	Singlet	pANN_0.25_0.22_204	0.346605744125326
CNP0000460_TCGGGACGTTATCCGA-1_1_1_1	CNP0000460_P03T	CNP0000460	DF.classifications_0.25_0.22_204	Singlet	pANN_0.25_0.22_204	0.350522193211488
CNP0000460_TCGGGACTCAGCTCTC-1_1_1_1	CNP0000460_P03T	CNP0000460	DF.classifications_0.25_0.22_204	Singlet	pANN_0.25_0.22_204	0.351174934725849
CNP0000460_TCGGTAAAGATACACA-1_1_1_1	CNP0000460_P03T	CNP0000460	DF.classifications_0.25_0.22_204	Singlet	pANN_0.25_0.22_204	0.263054830287206
CNP0000460_TCGGTAAAGCAATCTC-1_1_1_1	CNP0000460_P03T	CNP0000460	DF.classifications_0.25_0.22_204	Singlet	pANN_0.25_0.22_204	0.246736292428198
CNP0000460_TCGGTAAAGCCACGTC-1_1_1_1	CNP0000460_P03T	CNP0000460	DF.classifications_0.25_0.22_204	Singlet	pANN_0.25_0.22_204	0.113577023498695
CNP0000460_TCGGTAAAGCTACCGC-1_1_1_1	CNP0000460_P03T	CNP0000460	DF.classifications_0.25_0.22_204	Singlet	pANN_0.25_0.22_204	0.209530026109661
CNP0000460_TCGGTAACATGCCCGA-1_1_1_1	CNP0000460_P03T	CNP0000460	DF.classifications_0.25_0.22_204	Singlet	pANN_0.25_0.22_204	0.345300261096606
CNP0000460_TCGGTAACATTCTTAC-1_1_1_1	CNP0000460_P03T	CNP0000460	DF.classifications_0.25_0.22_204	Singlet	pANN_0.25_0.22_204	0.357049608355091
CNP0000460_TCGGTAAGTCACAAGG-1_1_1_1	CNP0000460_P03T	CNP0000460	DF.classifications_0.25_0.22_204	Doublet	pANN_0.25_0.22_204	0.362271540469974
CNP0000460_TCGGTAAGTGCGCTTG-1_1_1_1	CNP0000460_P03T	CNP0000460	DF.classifications_0.25_0.22_204	Singlet	pANN_0.25_0.22_204	0.173629242819843
CNP0000460_TCGGTAAGTTGGTGGA-1_1_1_1	CNP0000460_P03T	CNP0000460	DF.classifications_0.25_0.22_204	Singlet	pANN_0.25_0.22_204	0.244778067885117
CNP0000460_TCGGTAAGTTTGCATG-1_1_1_1	CNP0000460_P03T	CNP0000460	DF.classifications_0.25_0.22_204	Singlet	pANN_0.25_0.22_204	0.0900783289817232
CNP0000460_TCGGTAATCCACTCCA-1_1_1_1	CNP0000460_P03T	CNP0000460	DF.classifications_0.25_0.22_204	Singlet	pANN_0.25_0.22_204	0.253263707571802
CNP0000460_TCGGTAATCCGAGCCA-1_1_1_1	CNP0000460_P03T	CNP0000460	DF.classifications_0.25_0.22_204	Singlet	pANN_0.25_0.22_204	0.360313315926893
CNP0000460_TCGGTAATCGTAGGTT-1_1_1_1	CNP0000460_P03T	CNP0000460	DF.classifications_0.25_0.22_204	Singlet	pANN_0.25_0.22_204	0.10313315926893
CNP0000460_TCGTACCAGAACTGTA-1_1_1_1	CNP0000460_P03T	CNP0000460	DF.classifications_0.25_0.22_204	Singlet	pANN_0.25_0.22_204	0.142950391644909
CNP0000460_TCGTACCAGGCATGGT-1_1_1_1	CNP0000460_P03T	CNP0000460	DF.classifications_0.25_0.22_204	Singlet	pANN_0.25_0.22_204	0.0953002610966057
CNP0000460_TCGTACCCACATCCGG-1_1_1_1	CNP0000460_P03T	CNP0000460	DF.classifications_0.25_0.22_204	Singlet	pANN_0.25_0.22_204	0.242167101827676
CNP0000460_TCGTACCCATGTCTCC-1_1_1_1	CNP0000460_P03T	CNP0000460	DF.classifications_0.25_0.22_204	Singlet	pANN_0.25_0.22_204	0.0900783289817232
CNP0000460_TCGTACCGTAACGCGA-1_1_1_1	CNP0000460_P03T	CNP0000460	DF.classifications_0.25_0.22_204	Singlet	pANN_0.25_0.22_204	0.356396866840731
CNP0000460_TCGTACCGTGTTAAGA-1_1_1_1	CNP0000460_P03T	CNP0000460	DF.classifications_0.25_0.22_204	Singlet	pANN_0.25_0.22_204	0.0842036553524804
CNP0000460_TCGTACCTCACCGTAA-1_1_1_1	CNP0000460_P03T	CNP0000460	DF.classifications_0.25_0.22_204	Singlet	pANN_0.25_0.22_204	0.357702349869452
CNP0000460_TCGTACCTCACTTACT-1_1_1_1	CNP0000460_P03T	CNP0000460	DF.classifications_0.25_0.22_204	Singlet	pANN_0.25_0.22_204	0.275456919060052
CNP0000460_TCGTACCTCAGCGATT-1_1_1_1	CNP0000460_P03T	CNP0000460	DF.classifications_0.25_0.22_204	Singlet	pANN_0.25_0.22_204	0.127284595300261
CNP0000460_TCGTACCTCTACCAGA-1_1_1_1	CNP0000460_P03T	CNP0000460	DF.classifications_0.25_0.22_204	Singlet	pANN_0.25_0.22_204	0.0946475195822454
CNP0000460_TCGTACCTCTTCCTTC-1_1_1_1	CNP0000460_P03T	CNP0000460	DF.classifications_0.25_0.22_204	Singlet	pANN_0.25_0.22_204	0.352480417754569
CNP0000460_TCGTAGAAGAATAGGG-1_1_1_1	CNP0000460_P03T	CNP0000460	DF.classifications_0.25_0.22_204	Singlet	pANN_0.25_0.22_204	0.10378590078329
CNP0000460_TCGTAGAAGCTAGTGG-1_1_1_1	CNP0000460_P03T	CNP0000460	DF.classifications_0.25_0.22_204	Singlet	pANN_0.25_0.22_204	0.351174934725849
CNP0000460_TCGTAGACAGGTCCAC-1_1_1_1	CNP0000460_P03T	CNP0000460	DF.classifications_0.25_0.22_204	Singlet	pANN_0.25_0.22_204	0.110313315926893
CNP0000460_TCGTAGAGTAACGACG-1_1_1_1	CNP0000460_P03T	CNP0000460	DF.classifications_0.25_0.22_204	Singlet	pANN_0.25_0.22_204	0.0939947780678851
CNP0000460_TCGTAGAGTCTCGTTC-1_1_1_1	CNP0000460_P03T	CNP0000460	DF.classifications_0.25_0.22_204	Singlet	pANN_0.25_0.22_204	0.0953002610966057
CNP0000460_TCGTAGAGTTACGCGC-1_1_1_1	CNP0000460_P03T	CNP0000460	DF.classifications_0.25_0.22_204	Singlet	pANN_0.25_0.22_204	0.230417754569191
CNP0000460_TCGTAGATCACCATAG-1_1_1_1	CNP0000460_P03T	CNP0000460	DF.classifications_0.25_0.22_204	Singlet	pANN_0.25_0.22_204	0.12402088772846
CNP0000460_TCGTAGATCTCGAGTA-1_1_1_1	CNP0000460_P03T	CNP0000460	DF.classifications_0.25_0.22_204	Singlet	pANN_0.25_0.22_204	0.29242819843342
CNP0000460_TCTATTGAGATGTCGG-1_1_1_1	CNP0000460_P03T	CNP0000460	DF.classifications_0.25_0.22_204	Singlet	pANN_0.25_0.22_204	0.355744125326371
CNP0000460_TCTATTGAGCAAATCA-1_1_1_1	CNP0000460_P03T	CNP0000460	DF.classifications_0.25_0.22_204	Singlet	pANN_0.25_0.22_204	0.0809399477806789
CNP0000460_TCTATTGAGTGCGTGA-1_1_1_1	CNP0000460_P03T	CNP0000460	DF.classifications_0.25_0.22_204	Singlet	pANN_0.25_0.22_204	0.349216710182768
CNP0000460_TCTATTGCAAGAAGAG-1_1_1_1	CNP0000460_P03T	CNP0000460	DF.classifications_0.25_0.22_204	Singlet	pANN_0.25_0.22_204	0.360313315926893
CNP0000460_TCTATTGCACATGGGA-1_1_1_1	CNP0000460_P03T	CNP0000460	DF.classifications_0.25_0.22_204	Singlet	pANN_0.25_0.22_204	0.287206266318538
CNP0000460_TCTATTGCACGAAACG-1_1_1_1	CNP0000460_P03T	CNP0000460	DF.classifications_0.25_0.22_204	Singlet	pANN_0.25_0.22_204	0.268276762402089
CNP0000460_TCTATTGCATTATCTC-1_1_1_1	CNP0000460_P03T	CNP0000460	DF.classifications_0.25_0.22_204	Singlet	pANN_0.25_0.22_204	0.355744125326371
CNP0000460_TCTATTGGTAAGAGAG-1_1_1_1	CNP0000460_P03T	CNP0000460	DF.classifications_0.25_0.22_204	Singlet	pANN_0.25_0.22_204	0.234334203655352
CNP0000460_TCTATTGGTCTCTCGT-1_1_1_1	CNP0000460_P03T	CNP0000460	DF.classifications_0.25_0.22_204	Singlet	pANN_0.25_0.22_204	0.330287206266319
CNP0000460_TCTATTGGTGCCTGCA-1_1_1_1	CNP0000460_P03T	CNP0000460	DF.classifications_0.25_0.22_204	Singlet	pANN_0.25_0.22_204	0.178198433420366
CNP0000460_TCTATTGTCACCATAG-1_1_1_1	CNP0000460_P03T	CNP0000460	DF.classifications_0.25_0.22_204	Singlet	pANN_0.25_0.22_204	0.280026109660574
CNP0000460_TCTATTGTCAGCGACC-1_1_1_1	CNP0000460_P03T	CNP0000460	DF.classifications_0.25_0.22_204	Singlet	pANN_0.25_0.22_204	0.161879895561358
CNP0000460_TCTATTGTCTCCTATA-1_1_1_1	CNP0000460_P03T	CNP0000460	DF.classifications_0.25_0.22_204	Singlet	pANN_0.25_0.22_204	0.127937336814621
CNP0000460_TCTCATAAGCACACAG-1_1_1_1	CNP0000460_P03T	CNP0000460	DF.classifications_0.25_0.22_204	Singlet	pANN_0.25_0.22_204	0.109660574412533
CNP0000460_TCTCATAAGCCGTCGT-1_1_1_1	CNP0000460_P03T	CNP0000460	DF.classifications_0.25_0.22_204	Singlet	pANN_0.25_0.22_204	0.278720626631854
CNP0000460_TCTCATAAGTGTGAAT-1_1_1_1	CNP0000460_P03T	CNP0000460	DF.classifications_0.25_0.22_204	Singlet	pANN_0.25_0.22_204	0.238903394255875
CNP0000460_TCTCATACAGTCGTGC-1_1_1_1	CNP0000460_P03T	CNP0000460	DF.classifications_0.25_0.22_204	Singlet	pANN_0.25_0.22_204	0.278067885117493
CNP0000460_TCTCATACATCGACGC-1_1_1_1	CNP0000460_P03T	CNP0000460	DF.classifications_0.25_0.22_204	Singlet	pANN_0.25_0.22_204	0.35509138381201
CNP0000460_TCTCATAGTCCAGTGC-1_1_1_1	CNP0000460_P03T	CNP0000460	DF.classifications_0.25_0.22_204	Singlet	pANN_0.25_0.22_204	0.136422976501305
CNP0000460_TCTCATATCACCCGAG-1_1_1_1	CNP0000460_P03T	CNP0000460	DF.classifications_0.25_0.22_204	Singlet	pANN_0.25_0.22_204	0.163838120104439
CNP0000460_TCTCATATCAGATAAG-1_1_1_1	CNP0000460_P03T	CNP0000460	DF.classifications_0.25_0.22_204	Singlet	pANN_0.25_0.22_204	0.114229765013055
CNP0000460_TCTCTAAAGACCCACC-1_1_1_1	CNP0000460_P03T	CNP0000460	DF.classifications_0.25_0.22_204	Singlet	pANN_0.25_0.22_204	0.237597911227154
CNP0000460_TCTCTAAGTCCAGTAT-1_1_1_1	CNP0000460_P03T	CNP0000460	DF.classifications_0.25_0.22_204	Singlet	pANN_0.25_0.22_204	0.269582245430809
CNP0000460_TCTCTAAGTCCGAAGA-1_1_1_1	CNP0000460_P03T	CNP0000460	DF.classifications_0.25_0.22_204	Singlet	pANN_0.25_0.22_204	0.0926892950391645
CNP0000460_TCTCTAAGTTGACGTT-1_1_1_1	CNP0000460_P03T	CNP0000460	DF.classifications_0.25_0.22_204	Singlet	pANN_0.25_0.22_204	0.107702349869452
CNP0000460_TCTCTAATCCAAGTAC-1_1_1_1	CNP0000460_P03T	CNP0000460	DF.classifications_0.25_0.22_204	Singlet	pANN_0.25_0.22_204	0.350522193211488
CNP0000460_TCTCTAATCGTTACAG-1_1_1_1	CNP0000460_P03T	CNP0000460	DF.classifications_0.25_0.22_204	Singlet	pANN_0.25_0.22_204	0.10313315926893
CNP0000460_TCTCTAATCTAGCACA-1_1_1_1	CNP0000460_P03T	CNP0000460	DF.classifications_0.25_0.22_204	Singlet	pANN_0.25_0.22_204	0.272845953002611
CNP0000460_TCTGAGAAGCTAGCCC-1_1_1_1	CNP0000460_P03T	CNP0000460	DF.classifications_0.25_0.22_204	Singlet	pANN_0.25_0.22_204	0.0946475195822454
CNP0000460_TCTGAGAAGCTCTCGG-1_1_1_1	CNP0000460_P03T	CNP0000460	DF.classifications_0.25_0.22_204	Singlet	pANN_0.25_0.22_204	0.203655352480418
CNP0000460_TCTGAGAGTACCATCA-1_1_1_1	CNP0000460_P03T	CNP0000460	DF.classifications_0.25_0.22_204	Singlet	pANN_0.25_0.22_204	0.350522193211488
CNP0000460_TCTGAGAGTAGGCATG-1_1_1_1	CNP0000460_P03T	CNP0000460	DF.classifications_0.25_0.22_204	Singlet	pANN_0.25_0.22_204	0.0789817232375979
CNP0000460_TCTGAGATCAACGCTA-1_1_1_1	CNP0000460_P03T	CNP0000460	DF.classifications_0.25_0.22_204	Singlet	pANN_0.25_0.22_204	0.349869451697128
CNP0000460_TCTGAGATCATTTGGG-1_1_1_1	CNP0000460_P03T	CNP0000460	DF.classifications_0.25_0.22_204	Singlet	pANN_0.25_0.22_204	0.115535248041775
CNP0000460_TCTGAGATCTGGTTCC-1_1_1_1	CNP0000460_P03T	CNP0000460	DF.classifications_0.25_0.22_204	Singlet	pANN_0.25_0.22_204	0.0933420365535248
CNP0000460_TCTGGAAAGCACAGGT-1_1_1_1	CNP0000460_P03T	CNP0000460	DF.classifications_0.25_0.22_204	Singlet	pANN_0.25_0.22_204	0.232375979112272
CNP0000460_TCTGGAAAGCCAGTAG-1_1_1_1	CNP0000460_P03T	CNP0000460	DF.classifications_0.25_0.22_204	Singlet	pANN_0.25_0.22_204	0.35443864229765
CNP0000460_TCTGGAACAATCTACG-1_1_1_1	CNP0000460_P03T	CNP0000460	DF.classifications_0.25_0.22_204	Singlet	pANN_0.25_0.22_204	0.129895561357702
CNP0000460_TCTGGAAGTGATAAAC-1_1_1_1	CNP0000460_P03T	CNP0000460	DF.classifications_0.25_0.22_204	Singlet	pANN_0.25_0.22_204	0.356396866840731
CNP0000460_TCTGGAATCGCTTGTC-1_1_1_1	CNP0000460_P03T	CNP0000460	DF.classifications_0.25_0.22_204	Singlet	pANN_0.25_0.22_204	0.280678851174935
CNP0000460_TCTGGAATCTAACCGA-1_1_1_1	CNP0000460_P03T	CNP0000460	DF.classifications_0.25_0.22_204	Singlet	pANN_0.25_0.22_204	0.265665796344648
CNP0000460_TCTTCGGAGCCACTAT-1_1_1_1	CNP0000460_P03T	CNP0000460	DF.classifications_0.25_0.22_204	Singlet	pANN_0.25_0.22_204	0.115535248041775
CNP0000460_TCTTCGGAGTACGACG-1_1_1_1	CNP0000460_P03T	CNP0000460	DF.classifications_0.25_0.22_204	Singlet	pANN_0.25_0.22_204	0.20757180156658
CNP0000460_TCTTCGGAGTTCGCGC-1_1_1_1	CNP0000460_P03T	CNP0000460	DF.classifications_0.25_0.22_204	Singlet	pANN_0.25_0.22_204	0.107049608355091
CNP0000460_TCTTCGGCAATAGAGT-1_1_1_1	CNP0000460_P03T	CNP0000460	DF.classifications_0.25_0.22_204	Singlet	pANN_0.25_0.22_204	0.150130548302872
CNP0000460_TCTTCGGCAGCATGAG-1_1_1_1	CNP0000460_P03T	CNP0000460	DF.classifications_0.25_0.22_204	Singlet	pANN_0.25_0.22_204	0.310704960835509
CNP0000460_TCTTCGGCAGGACCCT-1_1_1_1	CNP0000460_P03T	CNP0000460	DF.classifications_0.25_0.22_204	Singlet	pANN_0.25_0.22_204	0.247389033942559
CNP0000460_TCTTCGGCATTGGTAC-1_1_1_1	CNP0000460_P03T	CNP0000460	DF.classifications_0.25_0.22_204	Singlet	pANN_0.25_0.22_204	0.29242819843342
CNP0000460_TCTTCGGGTACCAGTT-1_1_1_1	CNP0000460_P03T	CNP0000460	DF.classifications_0.25_0.22_204	Singlet	pANN_0.25_0.22_204	0.122062663185379
CNP0000460_TCTTCGGGTACTTGAC-1_1_1_1	CNP0000460_P03T	CNP0000460	DF.classifications_0.25_0.22_204	Singlet	pANN_0.25_0.22_204	0.35509138381201
CNP0000460_TCTTCGGGTCTCTCTG-1_1_1_1	CNP0000460_P03T	CNP0000460	DF.classifications_0.25_0.22_204	Singlet	pANN_0.25_0.22_204	0.157963446475196
CNP0000460_TCTTCGGTCACCCGAG-1_1_1_1	CNP0000460_P03T	CNP0000460	DF.classifications_0.25_0.22_204	Singlet	pANN_0.25_0.22_204	0.0946475195822454
CNP0000460_TCTTCGGTCAGCACAT-1_1_1_1	CNP0000460_P03T	CNP0000460	DF.classifications_0.25_0.22_204	Singlet	pANN_0.25_0.22_204	0.359660574412533
CNP0000460_TCTTCGGTCGAGAGCA-1_1_1_1	CNP0000460_P03T	CNP0000460	DF.classifications_0.25_0.22_204	Singlet	pANN_0.25_0.22_204	0.352480417754569
CNP0000460_TCTTTCCAGGTTACCT-1_1_1_1	CNP0000460_P03T	CNP0000460	DF.classifications_0.25_0.22_204	Singlet	pANN_0.25_0.22_204	0.158616187989556
CNP0000460_TCTTTCCAGTGGGCTA-1_1_1_1	CNP0000460_P03T	CNP0000460	DF.classifications_0.25_0.22_204	Doublet	pANN_0.25_0.22_204	0.362924281984334
CNP0000460_TCTTTCCCAGATCTGT-1_1_1_1	CNP0000460_P03T	CNP0000460	DF.classifications_0.25_0.22_204	Singlet	pANN_0.25_0.22_204	0.357702349869452
CNP0000460_TCTTTCCCAGGGTACA-1_1_1_1	CNP0000460_P03T	CNP0000460	DF.classifications_0.25_0.22_204	Singlet	pANN_0.25_0.22_204	0.160574412532637
CNP0000460_TCTTTCCCAGTACACT-1_1_1_1	CNP0000460_P03T	CNP0000460	DF.classifications_0.25_0.22_204	Singlet	pANN_0.25_0.22_204	0.0848563968668407
CNP0000460_TCTTTCCGTCAAAGAT-1_1_1_1	CNP0000460_P03T	CNP0000460	DF.classifications_0.25_0.22_204	Singlet	pANN_0.25_0.22_204	0.175587467362924
CNP0000460_TCTTTCCGTCCAGTTA-1_1_1_1	CNP0000460_P03T	CNP0000460	DF.classifications_0.25_0.22_204	Singlet	pANN_0.25_0.22_204	0.35509138381201
CNP0000460_TCTTTCCTCAACTCTT-1_1_1_1	CNP0000460_P03T	CNP0000460	DF.classifications_0.25_0.22_204	Singlet	pANN_0.25_0.22_204	0.0887728459530026
CNP0000460_TCTTTCCTCCGCGGTA-1_1_1_1	CNP0000460_P03T	CNP0000460	DF.classifications_0.25_0.22_204	Singlet	pANN_0.25_0.22_204	0.0861618798955614
CNP0000460_TCTTTCCTCCTATTCA-1_1_1_1	CNP0000460_P03T	CNP0000460	DF.classifications_0.25_0.22_204	Singlet	pANN_0.25_0.22_204	0.245430809399478
CNP0000460_TCTTTCCTCCTTCAAT-1_1_1_1	CNP0000460_P03T	CNP0000460	DF.classifications_0.25_0.22_204	Singlet	pANN_0.25_0.22_204	0.275456919060052
CNP0000460_TCTTTCCTCTACTCAT-1_1_1_1	CNP0000460_P03T	CNP0000460	DF.classifications_0.25_0.22_204	Singlet	pANN_0.25_0.22_204	0.247389033942559
CNP0000460_TGAAAGAAGATCGGGT-1_1_1_1	CNP0000460_P03T	CNP0000460	DF.classifications_0.25_0.22_204	Singlet	pANN_0.25_0.22_204	0.355744125326371
CNP0000460_TGAAAGAAGCCCGAAA-1_1_1_1	CNP0000460_P03T	CNP0000460	DF.classifications_0.25_0.22_204	Singlet	pANN_0.25_0.22_204	0.233681462140992
CNP0000460_TGAAAGAAGCGTCTAT-1_1_1_1	CNP0000460_P03T	CNP0000460	DF.classifications_0.25_0.22_204	Singlet	pANN_0.25_0.22_204	0.0907310704960835
CNP0000460_TGAAAGAAGGCATGGT-1_1_1_1	CNP0000460_P03T	CNP0000460	DF.classifications_0.25_0.22_204	Singlet	pANN_0.25_0.22_204	0.35313315926893
CNP0000460_TGAAAGAAGTCAATAG-1_1_1_1	CNP0000460_P03T	CNP0000460	DF.classifications_0.25_0.22_204	Singlet	pANN_0.25_0.22_204	0.122062663185379
CNP0000460_TGAAAGACAAGCGCTC-1_1_1_1	CNP0000460_P03T	CNP0000460	DF.classifications_0.25_0.22_204	Singlet	pANN_0.25_0.22_204	0.20822454308094
CNP0000460_TGAAAGAGTAGAGTGC-1_1_1_1	CNP0000460_P03T	CNP0000460	DF.classifications_0.25_0.22_204	Singlet	pANN_0.25_0.22_204	0.31201044386423
CNP0000460_TGAAAGAGTTCCACGG-1_1_1_1	CNP0000460_P03T	CNP0000460	DF.classifications_0.25_0.22_204	Singlet	pANN_0.25_0.22_204	0.206266318537859
CNP0000460_TGAAAGATCAACACGT-1_1_1_1	CNP0000460_P03T	CNP0000460	DF.classifications_0.25_0.22_204	Singlet	pANN_0.25_0.22_204	0.102480417754569
CNP0000460_TGAAAGATCCGGCACA-1_1_1_1	CNP0000460_P03T	CNP0000460	DF.classifications_0.25_0.22_204	Singlet	pANN_0.25_0.22_204	0.342689295039165
CNP0000460_TGAAAGATCTCGGACG-1_1_1_1	CNP0000460_P03T	CNP0000460	DF.classifications_0.25_0.22_204	Singlet	pANN_0.25_0.22_204	0.132506527415144
CNP0000460_TGAAAGATCTCTGTCG-1_1_1_1	CNP0000460_P03T	CNP0000460	DF.classifications_0.25_0.22_204	Singlet	pANN_0.25_0.22_204	0.0953002610966057
CNP0000460_TGACAACAGAAACGCC-1_1_1_1	CNP0000460_P03T	CNP0000460	DF.classifications_0.25_0.22_204	Singlet	pANN_0.25_0.22_204	0.284595300261097
CNP0000460_TGACAACAGCTAACAA-1_1_1_1	CNP0000460_P03T	CNP0000460	DF.classifications_0.25_0.22_204	Singlet	pANN_0.25_0.22_204	0.355744125326371
CNP0000460_TGACAACCAATTGCTG-1_1_1_1	CNP0000460_P03T	CNP0000460	DF.classifications_0.25_0.22_204	Singlet	pANN_0.25_0.22_204	0.35378590078329
CNP0000460_TGACAACCACAGGCCT-1_1_1_1	CNP0000460_P03T	CNP0000460	DF.classifications_0.25_0.22_204	Singlet	pANN_0.25_0.22_204	0.289164490861619
CNP0000460_TGACAACGTACGACCC-1_1_1_1	CNP0000460_P03T	CNP0000460	DF.classifications_0.25_0.22_204	Singlet	pANN_0.25_0.22_204	0.298955613577023
CNP0000460_TGACAACGTAGAGTGC-1_1_1_1	CNP0000460_P03T	CNP0000460	DF.classifications_0.25_0.22_204	Singlet	pANN_0.25_0.22_204	0.275456919060052
CNP0000460_TGACAACGTCCATCCT-1_1_1_1	CNP0000460_P03T	CNP0000460	DF.classifications_0.25_0.22_204	Singlet	pANN_0.25_0.22_204	0.251305483028721
CNP0000460_TGACAACGTGGTCCGT-1_1_1_1	CNP0000460_P03T	CNP0000460	DF.classifications_0.25_0.22_204	Singlet	pANN_0.25_0.22_204	0.102480417754569
CNP0000460_TGACAACTCCAGATCA-1_1_1_1	CNP0000460_P03T	CNP0000460	DF.classifications_0.25_0.22_204	Singlet	pANN_0.25_0.22_204	0.130548302872063
CNP0000460_TGACAACTCGCGTTTC-1_1_1_1	CNP0000460_P03T	CNP0000460	DF.classifications_0.25_0.22_204	Singlet	pANN_0.25_0.22_204	0.35313315926893
CNP0000460_TGACAACTCGGAAATA-1_1_1_1	CNP0000460_P03T	CNP0000460	DF.classifications_0.25_0.22_204	Singlet	pANN_0.25_0.22_204	0.281984334203655
CNP0000460_TGACGGCAGACGACGT-1_1_1_1	CNP0000460_P03T	CNP0000460	DF.classifications_0.25_0.22_204	Singlet	pANN_0.25_0.22_204	0.130548302872063
CNP0000460_TGACGGCAGATCTGAA-1_1_1_1	CNP0000460_P03T	CNP0000460	DF.classifications_0.25_0.22_204	Singlet	pANN_0.25_0.22_204	0.0920365535248042
CNP0000460_TGACGGCAGCGACGTA-1_1_1_1	CNP0000460_P03T	CNP0000460	DF.classifications_0.25_0.22_204	Singlet	pANN_0.25_0.22_204	0.350522193211488
CNP0000460_TGACGGCAGCGCCTCA-1_1_1_1	CNP0000460_P03T	CNP0000460	DF.classifications_0.25_0.22_204	Singlet	pANN_0.25_0.22_204	0.0907310704960835
CNP0000460_TGACGGCAGGACCACA-1_1_1_1	CNP0000460_P03T	CNP0000460	DF.classifications_0.25_0.22_204	Singlet	pANN_0.25_0.22_204	0.357702349869452
CNP0000460_TGACGGCAGGATGTAT-1_1_1_1	CNP0000460_P03T	CNP0000460	DF.classifications_0.25_0.22_204	Singlet	pANN_0.25_0.22_204	0.154699738903394
CNP0000460_TGACGGCAGGGATCTG-1_1_1_1	CNP0000460_P03T	CNP0000460	DF.classifications_0.25_0.22_204	Singlet	pANN_0.25_0.22_204	0.347911227154047
CNP0000460_TGACGGCCAAGCCATT-1_1_1_1	CNP0000460_P03T	CNP0000460	DF.classifications_0.25_0.22_204	Singlet	pANN_0.25_0.22_204	0.0907310704960835
CNP0000460_TGACGGCCAGCGAACA-1_1_1_1	CNP0000460_P03T	CNP0000460	DF.classifications_0.25_0.22_204	Singlet	pANN_0.25_0.22_204	0.352480417754569
CNP0000460_TGACGGCGTGGTCCGT-1_1_1_1	CNP0000460_P03T	CNP0000460	DF.classifications_0.25_0.22_204	Singlet	pANN_0.25_0.22_204	0.357049608355091
CNP0000460_TGACGGCTCGAATGGG-1_1_1_1	CNP0000460_P03T	CNP0000460	DF.classifications_0.25_0.22_204	Singlet	pANN_0.25_0.22_204	0.135117493472585
CNP0000460_TGACGGCTCTGATACG-1_1_1_1	CNP0000460_P03T	CNP0000460	DF.classifications_0.25_0.22_204	Singlet	pANN_0.25_0.22_204	0.289817232375979
CNP0000460_TGACTAGAGAATGTGT-1_1_1_1	CNP0000460_P03T	CNP0000460	DF.classifications_0.25_0.22_204	Singlet	pANN_0.25_0.22_204	0.152088772845953
CNP0000460_TGACTAGAGCCAGAAC-1_1_1_1	CNP0000460_P03T	CNP0000460	DF.classifications_0.25_0.22_204	Singlet	pANN_0.25_0.22_204	0.116187989556136
CNP0000460_TGACTAGAGTGTCTCA-1_1_1_1	CNP0000460_P03T	CNP0000460	DF.classifications_0.25_0.22_204	Singlet	pANN_0.25_0.22_204	0.275456919060052
CNP0000460_TGACTAGCAGATGGCA-1_1_1_1	CNP0000460_P03T	CNP0000460	DF.classifications_0.25_0.22_204	Singlet	pANN_0.25_0.22_204	0.129895561357702
CNP0000460_TGACTAGCATAACCTG-1_1_1_1	CNP0000460_P03T	CNP0000460	DF.classifications_0.25_0.22_204	Singlet	pANN_0.25_0.22_204	0.122715404699739
CNP0000460_TGACTAGCATGTTCCC-1_1_1_1	CNP0000460_P03T	CNP0000460	DF.classifications_0.25_0.22_204	Singlet	pANN_0.25_0.22_204	0.0998694516971279
CNP0000460_TGACTAGCATTGAGCT-1_1_1_1	CNP0000460_P03T	CNP0000460	DF.classifications_0.25_0.22_204	Singlet	pANN_0.25_0.22_204	0.0920365535248042
CNP0000460_TGACTAGGTGATAAAC-1_1_1_1	CNP0000460_P03T	CNP0000460	DF.classifications_0.25_0.22_204	Singlet	pANN_0.25_0.22_204	0.110313315926893
CNP0000460_TGACTAGTCACTTCAT-1_1_1_1	CNP0000460_P03T	CNP0000460	DF.classifications_0.25_0.22_204	Doublet	pANN_0.25_0.22_204	0.362271540469974
CNP0000460_TGACTAGTCCCATTTA-1_1_1_1	CNP0000460_P03T	CNP0000460	DF.classifications_0.25_0.22_204	Singlet	pANN_0.25_0.22_204	0.283289817232376
CNP0000460_TGACTAGTCTTGTACT-1_1_1_1	CNP0000460_P03T	CNP0000460	DF.classifications_0.25_0.22_204	Singlet	pANN_0.25_0.22_204	0.0828981723237598
CNP0000460_TGACTTTAGTCCAGGA-1_1_1_1	CNP0000460_P03T	CNP0000460	DF.classifications_0.25_0.22_204	Singlet	pANN_0.25_0.22_204	0.266971279373368
CNP0000460_TGACTTTCAGGCGATA-1_1_1_1	CNP0000460_P03T	CNP0000460	DF.classifications_0.25_0.22_204	Singlet	pANN_0.25_0.22_204	0.0992167101827676
CNP0000460_TGACTTTCATGCCCGA-1_1_1_1	CNP0000460_P03T	CNP0000460	DF.classifications_0.25_0.22_204	Singlet	pANN_0.25_0.22_204	0.35378590078329
CNP0000460_TGACTTTCATTAGCCA-1_1_1_1	CNP0000460_P03T	CNP0000460	DF.classifications_0.25_0.22_204	Singlet	pANN_0.25_0.22_204	0.304830287206266
CNP0000460_TGACTTTGTATGGTTC-1_1_1_1	CNP0000460_P03T	CNP0000460	DF.classifications_0.25_0.22_204	Singlet	pANN_0.25_0.22_204	0.122715404699739
CNP0000460_TGACTTTGTCACCTAA-1_1_1_1	CNP0000460_P03T	CNP0000460	DF.classifications_0.25_0.22_204	Singlet	pANN_0.25_0.22_204	0.116187989556136
CNP0000460_TGACTTTGTTGAGGTG-1_1_1_1	CNP0000460_P03T	CNP0000460	DF.classifications_0.25_0.22_204	Singlet	pANN_0.25_0.22_204	0.357049608355091
CNP0000460_TGACTTTTCCAGATCA-1_1_1_1	CNP0000460_P03T	CNP0000460	DF.classifications_0.25_0.22_204	Singlet	pANN_0.25_0.22_204	0.0815926892950392
CNP0000460_TGACTTTTCCATGCTC-1_1_1_1	CNP0000460_P03T	CNP0000460	DF.classifications_0.25_0.22_204	Singlet	pANN_0.25_0.22_204	0.107702349869452
CNP0000460_TGACTTTTCCGCGGTA-1_1_1_1	CNP0000460_P03T	CNP0000460	DF.classifications_0.25_0.22_204	Singlet	pANN_0.25_0.22_204	0.27023498694517
CNP0000460_TGAGAGGAGCCCGAAA-1_1_1_1	CNP0000460_P03T	CNP0000460	DF.classifications_0.25_0.22_204	Singlet	pANN_0.25_0.22_204	0.356396866840731
CNP0000460_TGAGAGGAGGGCTTCC-1_1_1_1	CNP0000460_P03T	CNP0000460	DF.classifications_0.25_0.22_204	Singlet	pANN_0.25_0.22_204	0.0900783289817232
CNP0000460_TGAGAGGCAAACTGTC-1_1_1_1	CNP0000460_P03T	CNP0000460	DF.classifications_0.25_0.22_204	Singlet	pANN_0.25_0.22_204	0.261096605744125
CNP0000460_TGAGAGGCAGCCTATA-1_1_1_1	CNP0000460_P03T	CNP0000460	DF.classifications_0.25_0.22_204	Singlet	pANN_0.25_0.22_204	0.280026109660574
CNP0000460_TGAGAGGCAGCGTCCA-1_1_1_1	CNP0000460_P03T	CNP0000460	DF.classifications_0.25_0.22_204	Singlet	pANN_0.25_0.22_204	0.358355091383812
CNP0000460_TGAGAGGCAGGATTGG-1_1_1_1	CNP0000460_P03T	CNP0000460	DF.classifications_0.25_0.22_204	Singlet	pANN_0.25_0.22_204	0.12597911227154
CNP0000460_TGAGAGGCATGGATGG-1_1_1_1	CNP0000460_P03T	CNP0000460	DF.classifications_0.25_0.22_204	Singlet	pANN_0.25_0.22_204	0.344647519582245
CNP0000460_TGAGAGGGTCAAAGCG-1_1_1_1	CNP0000460_P03T	CNP0000460	DF.classifications_0.25_0.22_204	Singlet	pANN_0.25_0.22_204	0.210835509138381
CNP0000460_TGAGAGGGTCCGTGAC-1_1_1_1	CNP0000460_P03T	CNP0000460	DF.classifications_0.25_0.22_204	Singlet	pANN_0.25_0.22_204	0.35378590078329
CNP0000460_TGAGAGGGTGCAGTAG-1_1_1_1	CNP0000460_P03T	CNP0000460	DF.classifications_0.25_0.22_204	Singlet	pANN_0.25_0.22_204	0.348563968668407
CNP0000460_TGAGAGGTCAACCATG-1_1_1_1	CNP0000460_P03T	CNP0000460	DF.classifications_0.25_0.22_204	Singlet	pANN_0.25_0.22_204	0.0900783289817232
CNP0000460_TGAGAGGTCCCTAACC-1_1_1_1	CNP0000460_P03T	CNP0000460	DF.classifications_0.25_0.22_204	Singlet	pANN_0.25_0.22_204	0.341383812010444
CNP0000460_TGAGAGGTCGCCGTGA-1_1_1_1	CNP0000460_P03T	CNP0000460	DF.classifications_0.25_0.22_204	Singlet	pANN_0.25_0.22_204	0.120757180156658
CNP0000460_TGAGCATAGAGCTTCT-1_1_1_1	CNP0000460_P03T	CNP0000460	DF.classifications_0.25_0.22_204	Singlet	pANN_0.25_0.22_204	0.107702349869452
CNP0000460_TGAGCATAGCAGACTG-1_1_1_1	CNP0000460_P03T	CNP0000460	DF.classifications_0.25_0.22_204	Singlet	pANN_0.25_0.22_204	0.105744125326371
CNP0000460_TGAGCATCACGGTGTC-1_1_1_1	CNP0000460_P03T	CNP0000460	DF.classifications_0.25_0.22_204	Singlet	pANN_0.25_0.22_204	0.348563968668407
CNP0000460_TGAGCATCACGTCAGC-1_1_1_1	CNP0000460_P03T	CNP0000460	DF.classifications_0.25_0.22_204	Singlet	pANN_0.25_0.22_204	0.350522193211488
CNP0000460_TGAGCATGTGAGGGAG-1_1_1_1	CNP0000460_P03T	CNP0000460	DF.classifications_0.25_0.22_204	Singlet	pANN_0.25_0.22_204	0.186031331592689
CNP0000460_TGAGCATGTTATCACG-1_1_1_1	CNP0000460_P03T	CNP0000460	DF.classifications_0.25_0.22_204	Singlet	pANN_0.25_0.22_204	0.139686684073107
CNP0000460_TGAGCCGAGACACTAA-1_1_1_1	CNP0000460_P03T	CNP0000460	DF.classifications_0.25_0.22_204	Singlet	pANN_0.25_0.22_204	0.355744125326371
CNP0000460_TGAGCCGAGACTAAGT-1_1_1_1	CNP0000460_P03T	CNP0000460	DF.classifications_0.25_0.22_204	Doublet	pANN_0.25_0.22_204	0.362271540469974
CNP0000460_TGAGCCGAGTTGTAGA-1_1_1_1	CNP0000460_P03T	CNP0000460	DF.classifications_0.25_0.22_204	Singlet	pANN_0.25_0.22_204	0.148825065274151
CNP0000460_TGAGCCGCAAGAGGCT-1_1_1_1	CNP0000460_P03T	CNP0000460	DF.classifications_0.25_0.22_204	Singlet	pANN_0.25_0.22_204	0.16710182767624
CNP0000460_TGAGCCGCATGTTGAC-1_1_1_1	CNP0000460_P03T	CNP0000460	DF.classifications_0.25_0.22_204	Singlet	pANN_0.25_0.22_204	0.10443864229765
CNP0000460_TGAGCCGCATTGAGCT-1_1_1_1	CNP0000460_P03T	CNP0000460	DF.classifications_0.25_0.22_204	Singlet	pANN_0.25_0.22_204	0.22845953002611
CNP0000460_TGAGCCGGTCGCCATG-1_1_1_1	CNP0000460_P03T	CNP0000460	DF.classifications_0.25_0.22_204	Singlet	pANN_0.25_0.22_204	0.357049608355091
CNP0000460_TGAGCCGGTGTTGGGA-1_1_1_1	CNP0000460_P03T	CNP0000460	DF.classifications_0.25_0.22_204	Singlet	pANN_0.25_0.22_204	0.129895561357702
CNP0000460_TGAGCCGTCCACGTGG-1_1_1_1	CNP0000460_P03T	CNP0000460	DF.classifications_0.25_0.22_204	Singlet	pANN_0.25_0.22_204	0.180809399477807
CNP0000460_TGAGCCGTCCCGGATG-1_1_1_1	CNP0000460_P03T	CNP0000460	DF.classifications_0.25_0.22_204	Singlet	pANN_0.25_0.22_204	0.348563968668407
CNP0000460_TGAGCCGTCCCTTGCA-1_1_1_1	CNP0000460_P03T	CNP0000460	DF.classifications_0.25_0.22_204	Singlet	pANN_0.25_0.22_204	0.114882506527415
CNP0000460_TGAGCCGTCGTCCGTT-1_1_1_1	CNP0000460_P03T	CNP0000460	DF.classifications_0.25_0.22_204	Singlet	pANN_0.25_0.22_204	0.278067885117493
CNP0000460_TGAGCCGTCTTCAACT-1_1_1_1	CNP0000460_P03T	CNP0000460	DF.classifications_0.25_0.22_204	Singlet	pANN_0.25_0.22_204	0.35378590078329
CNP0000460_TGAGCCGTCTTGTCAT-1_1_1_1	CNP0000460_P03T	CNP0000460	DF.classifications_0.25_0.22_204	Singlet	pANN_0.25_0.22_204	0.356396866840731
CNP0000460_TGAGGGAAGGACGAAA-1_1_1_1	CNP0000460_P03T	CNP0000460	DF.classifications_0.25_0.22_204	Singlet	pANN_0.25_0.22_204	0.195169712793734
CNP0000460_TGAGGGACAAGCCATT-1_1_1_1	CNP0000460_P03T	CNP0000460	DF.classifications_0.25_0.22_204	Singlet	pANN_0.25_0.22_204	0.176240208877285
CNP0000460_TGAGGGAGTTATGCGT-1_1_1_1	CNP0000460_P03T	CNP0000460	DF.classifications_0.25_0.22_204	Singlet	pANN_0.25_0.22_204	0.0939947780678851
CNP0000460_TGAGGGAGTTATTCTC-1_1_1_1	CNP0000460_P03T	CNP0000460	DF.classifications_0.25_0.22_204	Singlet	pANN_0.25_0.22_204	0.289164490861619
CNP0000460_TGATTTCAGGCACATG-1_1_1_1	CNP0000460_P03T	CNP0000460	DF.classifications_0.25_0.22_204	Singlet	pANN_0.25_0.22_204	0.239556135770235
CNP0000460_TGATTTCAGTAGCCGA-1_1_1_1	CNP0000460_P03T	CNP0000460	DF.classifications_0.25_0.22_204	Singlet	pANN_0.25_0.22_204	0.358355091383812
CNP0000460_TGATTTCAGTCCCACG-1_1_1_1	CNP0000460_P03T	CNP0000460	DF.classifications_0.25_0.22_204	Singlet	pANN_0.25_0.22_204	0.35313315926893
CNP0000460_TGATTTCCAAATTGCC-1_1_1_1	CNP0000460_P03T	CNP0000460	DF.classifications_0.25_0.22_204	Singlet	pANN_0.25_0.22_204	0.150130548302872
CNP0000460_TGATTTCCATTACCTT-1_1_1_1	CNP0000460_P03T	CNP0000460	DF.classifications_0.25_0.22_204	Singlet	pANN_0.25_0.22_204	0.087467362924282
CNP0000460_TGATTTCGTTCGTCTC-1_1_1_1	CNP0000460_P03T	CNP0000460	DF.classifications_0.25_0.22_204	Singlet	pANN_0.25_0.22_204	0.0881201044386423
CNP0000460_TGATTTCGTTGATTCG-1_1_1_1	CNP0000460_P03T	CNP0000460	DF.classifications_0.25_0.22_204	Singlet	pANN_0.25_0.22_204	0.101827676240209
CNP0000460_TGATTTCTCCCAGGTG-1_1_1_1	CNP0000460_P03T	CNP0000460	DF.classifications_0.25_0.22_204	Singlet	pANN_0.25_0.22_204	0.120757180156658
CNP0000460_TGCACCTAGAAACCTA-1_1_1_1	CNP0000460_P03T	CNP0000460	DF.classifications_0.25_0.22_204	Singlet	pANN_0.25_0.22_204	0.0998694516971279
CNP0000460_TGCACCTAGAGGTAGA-1_1_1_1	CNP0000460_P03T	CNP0000460	DF.classifications_0.25_0.22_204	Singlet	pANN_0.25_0.22_204	0.218668407310705
CNP0000460_TGCACCTCACCATCCT-1_1_1_1	CNP0000460_P03T	CNP0000460	DF.classifications_0.25_0.22_204	Singlet	pANN_0.25_0.22_204	0.109660574412533
CNP0000460_TGCACCTGTCTCCACT-1_1_1_1	CNP0000460_P03T	CNP0000460	DF.classifications_0.25_0.22_204	Singlet	pANN_0.25_0.22_204	0.130548302872063
CNP0000460_TGCACCTGTGGCTCCA-1_1_1_1	CNP0000460_P03T	CNP0000460	DF.classifications_0.25_0.22_204	Singlet	pANN_0.25_0.22_204	0.272193211488251
CNP0000460_TGCACCTGTGGTGTAG-1_1_1_1	CNP0000460_P03T	CNP0000460	DF.classifications_0.25_0.22_204	Singlet	pANN_0.25_0.22_204	0.351174934725849
CNP0000460_TGCACCTTCGGCCGAT-1_1_1_1	CNP0000460_P03T	CNP0000460	DF.classifications_0.25_0.22_204	Singlet	pANN_0.25_0.22_204	0.12402088772846
CNP0000460_TGCCAAAAGGATGGAA-1_1_1_1	CNP0000460_P03T	CNP0000460	DF.classifications_0.25_0.22_204	Singlet	pANN_0.25_0.22_204	0.268929503916449
CNP0000460_TGCCAAACAACACCCG-1_1_1_1	CNP0000460_P03T	CNP0000460	DF.classifications_0.25_0.22_204	Singlet	pANN_0.25_0.22_204	0.0828981723237598
CNP0000460_TGCCAAACAATGGTCT-1_1_1_1	CNP0000460_P03T	CNP0000460	DF.classifications_0.25_0.22_204	Singlet	pANN_0.25_0.22_204	0.137728459530026
CNP0000460_TGCCAAACAATGTAAG-1_1_1_1	CNP0000460_P03T	CNP0000460	DF.classifications_0.25_0.22_204	Singlet	pANN_0.25_0.22_204	0.10378590078329
CNP0000460_TGCCAAACATTCTTAC-1_1_1_1	CNP0000460_P03T	CNP0000460	DF.classifications_0.25_0.22_204	Singlet	pANN_0.25_0.22_204	0.097911227154047
CNP0000460_TGCCAAATCAGAGCTT-1_1_1_1	CNP0000460_P03T	CNP0000460	DF.classifications_0.25_0.22_204	Singlet	pANN_0.25_0.22_204	0.286553524804178
CNP0000460_TGCCAAATCATCGCTC-1_1_1_1	CNP0000460_P03T	CNP0000460	DF.classifications_0.25_0.22_204	Singlet	pANN_0.25_0.22_204	0.14621409921671
CNP0000460_TGCCAAATCATCTGCC-1_1_1_1	CNP0000460_P03T	CNP0000460	DF.classifications_0.25_0.22_204	Singlet	pANN_0.25_0.22_204	0.349869451697128
CNP0000460_TGCCAAATCTCGCTTG-1_1_1_1	CNP0000460_P03T	CNP0000460	DF.classifications_0.25_0.22_204	Singlet	pANN_0.25_0.22_204	0.164490861618799
CNP0000460_TGCCCATAGCCTATGT-1_1_1_1	CNP0000460_P03T	CNP0000460	DF.classifications_0.25_0.22_204	Singlet	pANN_0.25_0.22_204	0.240208877284595
CNP0000460_TGCCCATAGTCGTTTG-1_1_1_1	CNP0000460_P03T	CNP0000460	DF.classifications_0.25_0.22_204	Singlet	pANN_0.25_0.22_204	0.120757180156658
CNP0000460_TGCCCATGTTTGCATG-1_1_1_1	CNP0000460_P03T	CNP0000460	DF.classifications_0.25_0.22_204	Singlet	pANN_0.25_0.22_204	0.358355091383812
CNP0000460_TGCCCATTCAACACGT-1_1_1_1	CNP0000460_P03T	CNP0000460	DF.classifications_0.25_0.22_204	Singlet	pANN_0.25_0.22_204	0.14621409921671
CNP0000460_TGCCCATTCACTTATC-1_1_1_1	CNP0000460_P03T	CNP0000460	DF.classifications_0.25_0.22_204	Singlet	pANN_0.25_0.22_204	0.303524804177546
CNP0000460_TGCCCATTCAGCTTAG-1_1_1_1	CNP0000460_P03T	CNP0000460	DF.classifications_0.25_0.22_204	Singlet	pANN_0.25_0.22_204	0.164490861618799
CNP0000460_TGCCCATTCTTGTACT-1_1_1_1	CNP0000460_P03T	CNP0000460	DF.classifications_0.25_0.22_204	Singlet	pANN_0.25_0.22_204	0.12597911227154
CNP0000460_TGCCCTAAGGACCACA-1_1_1_1	CNP0000460_P03T	CNP0000460	DF.classifications_0.25_0.22_204	Singlet	pANN_0.25_0.22_204	0.152088772845953
CNP0000460_TGCCCTAAGGTGTTAA-1_1_1_1	CNP0000460_P03T	CNP0000460	DF.classifications_0.25_0.22_204	Singlet	pANN_0.25_0.22_204	0.150783289817232
CNP0000460_TGCCCTACAAAGCAAT-1_1_1_1	CNP0000460_P03T	CNP0000460	DF.classifications_0.25_0.22_204	Singlet	pANN_0.25_0.22_204	0.12402088772846
CNP0000460_TGCCCTACAATCAGAA-1_1_1_1	CNP0000460_P03T	CNP0000460	DF.classifications_0.25_0.22_204	Singlet	pANN_0.25_0.22_204	0.349869451697128
CNP0000460_TGCCCTACATTGTGCA-1_1_1_1	CNP0000460_P03T	CNP0000460	DF.classifications_0.25_0.22_204	Singlet	pANN_0.25_0.22_204	0.0985639686684073
CNP0000460_TGCCCTAGTACAGTGG-1_1_1_1	CNP0000460_P03T	CNP0000460	DF.classifications_0.25_0.22_204	Singlet	pANN_0.25_0.22_204	0.285900783289817
CNP0000460_TGCCCTAGTCTCTTTA-1_1_1_1	CNP0000460_P03T	CNP0000460	DF.classifications_0.25_0.22_204	Singlet	pANN_0.25_0.22_204	0.0926892950391645
CNP0000460_TGCCCTAGTTCACGGC-1_1_1_1	CNP0000460_P03T	CNP0000460	DF.classifications_0.25_0.22_204	Singlet	pANN_0.25_0.22_204	0.0972584856396867
CNP0000460_TGCCCTAGTTGCGTTA-1_1_1_1	CNP0000460_P03T	CNP0000460	DF.classifications_0.25_0.22_204	Singlet	pANN_0.25_0.22_204	0.0900783289817232
CNP0000460_TGCCCTATCAGGTAAA-1_1_1_1	CNP0000460_P03T	CNP0000460	DF.classifications_0.25_0.22_204	Singlet	pANN_0.25_0.22_204	0.274804177545692
CNP0000460_TGCCCTATCCCATTTA-1_1_1_1	CNP0000460_P03T	CNP0000460	DF.classifications_0.25_0.22_204	Singlet	pANN_0.25_0.22_204	0.357049608355091
CNP0000460_TGCGCAGAGAAACGCC-1_1_1_1	CNP0000460_P03T	CNP0000460	DF.classifications_0.25_0.22_204	Singlet	pANN_0.25_0.22_204	0.142297650130548
CNP0000460_TGCGCAGAGAGTGACC-1_1_1_1	CNP0000460_P03T	CNP0000460	DF.classifications_0.25_0.22_204	Singlet	pANN_0.25_0.22_204	0.236945169712794
CNP0000460_TGCGCAGAGCGTCAAG-1_1_1_1	CNP0000460_P03T	CNP0000460	DF.classifications_0.25_0.22_204	Singlet	pANN_0.25_0.22_204	0.357702349869452
CNP0000460_TGCGCAGAGCTGCCCA-1_1_1_1	CNP0000460_P03T	CNP0000460	DF.classifications_0.25_0.22_204	Singlet	pANN_0.25_0.22_204	0.157963446475196
CNP0000460_TGCGCAGAGGGATACC-1_1_1_1	CNP0000460_P03T	CNP0000460	DF.classifications_0.25_0.22_204	Singlet	pANN_0.25_0.22_204	0.343994778067885
CNP0000460_TGCGCAGAGTGCCATT-1_1_1_1	CNP0000460_P03T	CNP0000460	DF.classifications_0.25_0.22_204	Singlet	pANN_0.25_0.22_204	0.357702349869452
CNP0000460_TGCGCAGCAAACGCGA-1_1_1_1	CNP0000460_P03T	CNP0000460	DF.classifications_0.25_0.22_204	Singlet	pANN_0.25_0.22_204	0.278067885117493
CNP0000460_TGCGCAGCATTTGCTT-1_1_1_1	CNP0000460_P03T	CNP0000460	DF.classifications_0.25_0.22_204	Singlet	pANN_0.25_0.22_204	0.349869451697128
CNP0000460_TGCGCAGGTTCGCGAC-1_1_1_1	CNP0000460_P03T	CNP0000460	DF.classifications_0.25_0.22_204	Singlet	pANN_0.25_0.22_204	0.357702349869452
CNP0000460_TGCGCAGTCAGCTCTC-1_1_1_1	CNP0000460_P03T	CNP0000460	DF.classifications_0.25_0.22_204	Singlet	pANN_0.25_0.22_204	0.0953002610966057
CNP0000460_TGCGCAGTCCGCAGTG-1_1_1_1	CNP0000460_P03T	CNP0000460	DF.classifications_0.25_0.22_204	Singlet	pANN_0.25_0.22_204	0.204308093994778
CNP0000460_TGCGCAGTCTAGAGTC-1_1_1_1	CNP0000460_P03T	CNP0000460	DF.classifications_0.25_0.22_204	Singlet	pANN_0.25_0.22_204	0.35509138381201
CNP0000460_TGCGGGTCAAGCCATT-1_1_1_1	CNP0000460_P03T	CNP0000460	DF.classifications_0.25_0.22_204	Singlet	pANN_0.25_0.22_204	0.101174934725849
CNP0000460_TGCGGGTCACTAGTAC-1_1_1_1	CNP0000460_P03T	CNP0000460	DF.classifications_0.25_0.22_204	Doublet	pANN_0.25_0.22_204	0.362271540469974
CNP0000460_TGCGGGTCAGATTGCT-1_1_1_1	CNP0000460_P03T	CNP0000460	DF.classifications_0.25_0.22_204	Singlet	pANN_0.25_0.22_204	0.20757180156658
CNP0000460_TGCGGGTCAGTATCTG-1_1_1_1	CNP0000460_P03T	CNP0000460	DF.classifications_0.25_0.22_204	Singlet	pANN_0.25_0.22_204	0.151436031331593
CNP0000460_TGCGGGTCAGTGGGAT-1_1_1_1	CNP0000460_P03T	CNP0000460	DF.classifications_0.25_0.22_204	Singlet	pANN_0.25_0.22_204	0.35443864229765
CNP0000460_TGCGGGTGTAAAGTCA-1_1_1_1	CNP0000460_P03T	CNP0000460	DF.classifications_0.25_0.22_204	Singlet	pANN_0.25_0.22_204	0.0966057441253264
CNP0000460_TGCGGGTGTCAAACTC-1_1_1_1	CNP0000460_P03T	CNP0000460	DF.classifications_0.25_0.22_204	Singlet	pANN_0.25_0.22_204	0.278067885117493
CNP0000460_TGCGGGTGTCAACATC-1_1_1_1	CNP0000460_P03T	CNP0000460	DF.classifications_0.25_0.22_204	Singlet	pANN_0.25_0.22_204	0.347911227154047
CNP0000460_TGCGGGTGTCAGATAA-1_1_1_1	CNP0000460_P03T	CNP0000460	DF.classifications_0.25_0.22_204	Singlet	pANN_0.25_0.22_204	0.283289817232376
CNP0000460_TGCGGGTGTCCATCCT-1_1_1_1	CNP0000460_P03T	CNP0000460	DF.classifications_0.25_0.22_204	Singlet	pANN_0.25_0.22_204	0.085509138381201
CNP0000460_TGCGGGTTCAATCACG-1_1_1_1	CNP0000460_P03T	CNP0000460	DF.classifications_0.25_0.22_204	Singlet	pANN_0.25_0.22_204	0.265665796344648
CNP0000460_TGCGGGTTCACCATAG-1_1_1_1	CNP0000460_P03T	CNP0000460	DF.classifications_0.25_0.22_204	Singlet	pANN_0.25_0.22_204	0.219973890339426
CNP0000460_TGCGGGTTCCCTAATT-1_1_1_1	CNP0000460_P03T	CNP0000460	DF.classifications_0.25_0.22_204	Singlet	pANN_0.25_0.22_204	0.35378590078329
CNP0000460_TGCGGGTTCGCTGATA-1_1_1_1	CNP0000460_P03T	CNP0000460	DF.classifications_0.25_0.22_204	Singlet	pANN_0.25_0.22_204	0.239556135770235
CNP0000460_TGCGGGTTCGGTGTCG-1_1_1_1	CNP0000460_P03T	CNP0000460	DF.classifications_0.25_0.22_204	Singlet	pANN_0.25_0.22_204	0.304177545691906
CNP0000460_TGCGGGTTCGTTTATC-1_1_1_1	CNP0000460_P03T	CNP0000460	DF.classifications_0.25_0.22_204	Singlet	pANN_0.25_0.22_204	0.10378590078329
CNP0000460_TGCGTGGAGATCCTGT-1_1_1_1	CNP0000460_P03T	CNP0000460	DF.classifications_0.25_0.22_204	Singlet	pANN_0.25_0.22_204	0.129895561357702
CNP0000460_TGCGTGGCATTGAGCT-1_1_1_1	CNP0000460_P03T	CNP0000460	DF.classifications_0.25_0.22_204	Singlet	pANN_0.25_0.22_204	0.174934725848564
CNP0000460_TGCGTGGTCAACCAAC-1_1_1_1	CNP0000460_P03T	CNP0000460	DF.classifications_0.25_0.22_204	Singlet	pANN_0.25_0.22_204	0.35509138381201
CNP0000460_TGCGTGGTCAGTTCGA-1_1_1_1	CNP0000460_P03T	CNP0000460	DF.classifications_0.25_0.22_204	Singlet	pANN_0.25_0.22_204	0.114882506527415
CNP0000460_TGCGTGGTCCAGAGGA-1_1_1_1	CNP0000460_P03T	CNP0000460	DF.classifications_0.25_0.22_204	Doublet	pANN_0.25_0.22_204	0.360966057441253
CNP0000460_TGCGTGGTCCGAGCCA-1_1_1_1	CNP0000460_P03T	CNP0000460	DF.classifications_0.25_0.22_204	Singlet	pANN_0.25_0.22_204	0.077023498694517
CNP0000460_TGCTACCAGTACTTGC-1_1_1_1	CNP0000460_P03T	CNP0000460	DF.classifications_0.25_0.22_204	Singlet	pANN_0.25_0.22_204	0.121409921671018
CNP0000460_TGCTACCAGTGCCATT-1_1_1_1	CNP0000460_P03T	CNP0000460	DF.classifications_0.25_0.22_204	Singlet	pANN_0.25_0.22_204	0.349216710182768
CNP0000460_TGCTACCCACAGACAG-1_1_1_1	CNP0000460_P03T	CNP0000460	DF.classifications_0.25_0.22_204	Singlet	pANN_0.25_0.22_204	0.261096605744125
CNP0000460_TGCTACCCAGTATCTG-1_1_1_1	CNP0000460_P03T	CNP0000460	DF.classifications_0.25_0.22_204	Singlet	pANN_0.25_0.22_204	0.0783289817232376
CNP0000460_TGCTACCGTAGAGTGC-1_1_1_1	CNP0000460_P03T	CNP0000460	DF.classifications_0.25_0.22_204	Singlet	pANN_0.25_0.22_204	0.191906005221932
CNP0000460_TGCTACCGTCCAGTAT-1_1_1_1	CNP0000460_P03T	CNP0000460	DF.classifications_0.25_0.22_204	Singlet	pANN_0.25_0.22_204	0.356396866840731
CNP0000460_TGCTACCGTGAACCTT-1_1_1_1	CNP0000460_P03T	CNP0000460	DF.classifications_0.25_0.22_204	Singlet	pANN_0.25_0.22_204	0.143603133159269
CNP0000460_TGCTACCTCATCACCC-1_1_1_1	CNP0000460_P03T	CNP0000460	DF.classifications_0.25_0.22_204	Singlet	pANN_0.25_0.22_204	0.357049608355091
CNP0000460_TGCTACCTCCAGTATG-1_1_1_1	CNP0000460_P03T	CNP0000460	DF.classifications_0.25_0.22_204	Singlet	pANN_0.25_0.22_204	0.16579634464752
CNP0000460_TGCTACCTCTGGTTCC-1_1_1_1	CNP0000460_P03T	CNP0000460	DF.classifications_0.25_0.22_204	Singlet	pANN_0.25_0.22_204	0.358355091383812
CNP0000460_TGCTGCTAGGCACATG-1_1_1_1	CNP0000460_P03T	CNP0000460	DF.classifications_0.25_0.22_204	Doublet	pANN_0.25_0.22_204	0.364882506527415
CNP0000460_TGCTGCTAGGCATGGT-1_1_1_1	CNP0000460_P03T	CNP0000460	DF.classifications_0.25_0.22_204	Singlet	pANN_0.25_0.22_204	0.349216710182768
CNP0000460_TGCTGCTAGGCCATAG-1_1_1_1	CNP0000460_P03T	CNP0000460	DF.classifications_0.25_0.22_204	Singlet	pANN_0.25_0.22_204	0.347258485639687
CNP0000460_TGCTGCTAGTAACCCT-1_1_1_1	CNP0000460_P03T	CNP0000460	DF.classifications_0.25_0.22_204	Singlet	pANN_0.25_0.22_204	0.112924281984334
CNP0000460_TGCTGCTCAAGCTGAG-1_1_1_1	CNP0000460_P03T	CNP0000460	DF.classifications_0.25_0.22_204	Singlet	pANN_0.25_0.22_204	0.35313315926893
CNP0000460_TGCTGCTCAGACGCAA-1_1_1_1	CNP0000460_P03T	CNP0000460	DF.classifications_0.25_0.22_204	Singlet	pANN_0.25_0.22_204	0.163185378590078
CNP0000460_TGCTGCTCATGGTCTA-1_1_1_1	CNP0000460_P03T	CNP0000460	DF.classifications_0.25_0.22_204	Singlet	pANN_0.25_0.22_204	0.35509138381201
CNP0000460_TGCTGCTGTAGAGGAA-1_1_1_1	CNP0000460_P03T	CNP0000460	DF.classifications_0.25_0.22_204	Singlet	pANN_0.25_0.22_204	0.116187989556136
CNP0000460_TGCTGCTGTCGCATAT-1_1_1_1	CNP0000460_P03T	CNP0000460	DF.classifications_0.25_0.22_204	Singlet	pANN_0.25_0.22_204	0.272845953002611
CNP0000460_TGCTGCTGTGTTAAGA-1_1_1_1	CNP0000460_P03T	CNP0000460	DF.classifications_0.25_0.22_204	Singlet	pANN_0.25_0.22_204	0.349869451697128
CNP0000460_TGCTGCTGTTCCACGG-1_1_1_1	CNP0000460_P03T	CNP0000460	DF.classifications_0.25_0.22_204	Singlet	pANN_0.25_0.22_204	0.0959530026109661
CNP0000460_TGCTGCTGTTCGCGAC-1_1_1_1	CNP0000460_P03T	CNP0000460	DF.classifications_0.25_0.22_204	Singlet	pANN_0.25_0.22_204	0.356396866840731
CNP0000460_TGCTGCTGTTGGTGGA-1_1_1_1	CNP0000460_P03T	CNP0000460	DF.classifications_0.25_0.22_204	Singlet	pANN_0.25_0.22_204	0.24934725848564
CNP0000460_TGCTGCTTCACAGGCC-1_1_1_1	CNP0000460_P03T	CNP0000460	DF.classifications_0.25_0.22_204	Singlet	pANN_0.25_0.22_204	0.351827676240209
CNP0000460_TGCTGCTTCACCTTAT-1_1_1_1	CNP0000460_P03T	CNP0000460	DF.classifications_0.25_0.22_204	Singlet	pANN_0.25_0.22_204	0.349869451697128
CNP0000460_TGCTGCTTCAGTTGAC-1_1_1_1	CNP0000460_P03T	CNP0000460	DF.classifications_0.25_0.22_204	Singlet	pANN_0.25_0.22_204	0.22976501305483
CNP0000460_TGCTGCTTCTACTCAT-1_1_1_1	CNP0000460_P03T	CNP0000460	DF.classifications_0.25_0.22_204	Singlet	pANN_0.25_0.22_204	0.349869451697128
CNP0000460_TGGACGCAGAAGATTC-1_1_1_1	CNP0000460_P03T	CNP0000460	DF.classifications_0.25_0.22_204	Singlet	pANN_0.25_0.22_204	0.106396866840731
CNP0000460_TGGACGCAGACAATAC-1_1_1_1	CNP0000460_P03T	CNP0000460	DF.classifications_0.25_0.22_204	Singlet	pANN_0.25_0.22_204	0.288511749347258
CNP0000460_TGGACGCAGACTACAA-1_1_1_1	CNP0000460_P03T	CNP0000460	DF.classifications_0.25_0.22_204	Singlet	pANN_0.25_0.22_204	0.0796344647519582
CNP0000460_TGGACGCAGGCGACAT-1_1_1_1	CNP0000460_P03T	CNP0000460	DF.classifications_0.25_0.22_204	Singlet	pANN_0.25_0.22_204	0.227154046997389
CNP0000460_TGGACGCCACCTCGGA-1_1_1_1	CNP0000460_P03T	CNP0000460	DF.classifications_0.25_0.22_204	Singlet	pANN_0.25_0.22_204	0.14621409921671
CNP0000460_TGGACGCCATTCCTCG-1_1_1_1	CNP0000460_P03T	CNP0000460	DF.classifications_0.25_0.22_204	Singlet	pANN_0.25_0.22_204	0.265013054830287
CNP0000460_TGGACGCGTCTCCCTA-1_1_1_1	CNP0000460_P03T	CNP0000460	DF.classifications_0.25_0.22_204	Singlet	pANN_0.25_0.22_204	0.172323759791123
CNP0000460_TGGACGCGTTCCAACA-1_1_1_1	CNP0000460_P03T	CNP0000460	DF.classifications_0.25_0.22_204	Singlet	pANN_0.25_0.22_204	0.326370757180157
CNP0000460_TGGACGCTCCACTCCA-1_1_1_1	CNP0000460_P03T	CNP0000460	DF.classifications_0.25_0.22_204	Singlet	pANN_0.25_0.22_204	0.10509138381201
CNP0000460_TGGACGCTCGACCAGC-1_1_1_1	CNP0000460_P03T	CNP0000460	DF.classifications_0.25_0.22_204	Singlet	pANN_0.25_0.22_204	0.201697127937337
CNP0000460_TGGACGCTCGATCCCT-1_1_1_1	CNP0000460_P03T	CNP0000460	DF.classifications_0.25_0.22_204	Singlet	pANN_0.25_0.22_204	0.351827676240209
CNP0000460_TGGACGCTCGTTTGCC-1_1_1_1	CNP0000460_P03T	CNP0000460	DF.classifications_0.25_0.22_204	Singlet	pANN_0.25_0.22_204	0.140339425587467
CNP0000460_TGGCCAGAGCTGATAA-1_1_1_1	CNP0000460_P03T	CNP0000460	DF.classifications_0.25_0.22_204	Singlet	pANN_0.25_0.22_204	0.232375979112272
CNP0000460_TGGCCAGAGGCACATG-1_1_1_1	CNP0000460_P03T	CNP0000460	DF.classifications_0.25_0.22_204	Singlet	pANN_0.25_0.22_204	0.35443864229765
CNP0000460_TGGCCAGAGGCTATCT-1_1_1_1	CNP0000460_P03T	CNP0000460	DF.classifications_0.25_0.22_204	Singlet	pANN_0.25_0.22_204	0.349869451697128
CNP0000460_TGGCCAGAGGTGCACA-1_1_1_1	CNP0000460_P03T	CNP0000460	DF.classifications_0.25_0.22_204	Singlet	pANN_0.25_0.22_204	0.161227154046997
CNP0000460_TGGCCAGAGTGAAGAG-1_1_1_1	CNP0000460_P03T	CNP0000460	DF.classifications_0.25_0.22_204	Singlet	pANN_0.25_0.22_204	0.272845953002611
CNP0000460_TGGCCAGGTACAGCAG-1_1_1_1	CNP0000460_P03T	CNP0000460	DF.classifications_0.25_0.22_204	Singlet	pANN_0.25_0.22_204	0.357702349869452
CNP0000460_TGGCCAGGTACTCAAC-1_1_1_1	CNP0000460_P03T	CNP0000460	DF.classifications_0.25_0.22_204	Singlet	pANN_0.25_0.22_204	0.0959530026109661
CNP0000460_TGGCCAGGTAGCTTGT-1_1_1_1	CNP0000460_P03T	CNP0000460	DF.classifications_0.25_0.22_204	Singlet	pANN_0.25_0.22_204	0.0900783289817232
CNP0000460_TGGCCAGGTCGGCTCA-1_1_1_1	CNP0000460_P03T	CNP0000460	DF.classifications_0.25_0.22_204	Singlet	pANN_0.25_0.22_204	0.345953002610966
CNP0000460_TGGCCAGGTTACGGAG-1_1_1_1	CNP0000460_P03T	CNP0000460	DF.classifications_0.25_0.22_204	Singlet	pANN_0.25_0.22_204	0.137075718015666
CNP0000460_TGGCCAGGTTTGACTG-1_1_1_1	CNP0000460_P03T	CNP0000460	DF.classifications_0.25_0.22_204	Singlet	pANN_0.25_0.22_204	0.35443864229765
CNP0000460_TGGCCAGTCACCCGAG-1_1_1_1	CNP0000460_P03T	CNP0000460	DF.classifications_0.25_0.22_204	Singlet	pANN_0.25_0.22_204	0.120104438642298
CNP0000460_TGGCCAGTCCTTGACC-1_1_1_1	CNP0000460_P03T	CNP0000460	DF.classifications_0.25_0.22_204	Singlet	pANN_0.25_0.22_204	0.355744125326371
CNP0000460_TGGCCAGTCGCGTAGC-1_1_1_1	CNP0000460_P03T	CNP0000460	DF.classifications_0.25_0.22_204	Singlet	pANN_0.25_0.22_204	0.10313315926893
CNP0000460_TGGCGCAAGAACAACT-1_1_1_1	CNP0000460_P03T	CNP0000460	DF.classifications_0.25_0.22_204	Singlet	pANN_0.25_0.22_204	0.240208877284595
CNP0000460_TGGCGCAAGCCACCTG-1_1_1_1	CNP0000460_P03T	CNP0000460	DF.classifications_0.25_0.22_204	Singlet	pANN_0.25_0.22_204	0.278720626631854
CNP0000460_TGGCGCAAGTCTCCTC-1_1_1_1	CNP0000460_P03T	CNP0000460	DF.classifications_0.25_0.22_204	Singlet	pANN_0.25_0.22_204	0.22845953002611
CNP0000460_TGGCGCAAGTGGTCCC-1_1_1_1	CNP0000460_P03T	CNP0000460	DF.classifications_0.25_0.22_204	Singlet	pANN_0.25_0.22_204	0.338772845953003
CNP0000460_TGGCGCACAATCGAAA-1_1_1_1	CNP0000460_P03T	CNP0000460	DF.classifications_0.25_0.22_204	Singlet	pANN_0.25_0.22_204	0.348563968668407
CNP0000460_TGGCGCACAGACACTT-1_1_1_1	CNP0000460_P03T	CNP0000460	DF.classifications_0.25_0.22_204	Singlet	pANN_0.25_0.22_204	0.237597911227154
CNP0000460_TGGCGCATCAGTTTGG-1_1_1_1	CNP0000460_P03T	CNP0000460	DF.classifications_0.25_0.22_204	Singlet	pANN_0.25_0.22_204	0.35313315926893
CNP0000460_TGGCGCATCATCACCC-1_1_1_1	CNP0000460_P03T	CNP0000460	DF.classifications_0.25_0.22_204	Singlet	pANN_0.25_0.22_204	0.357049608355091
CNP0000460_TGGCGCATCCATTCTA-1_1_1_1	CNP0000460_P03T	CNP0000460	DF.classifications_0.25_0.22_204	Singlet	pANN_0.25_0.22_204	0.0953002610966057
CNP0000460_TGGCTGGAGTTCGATC-1_1_1_1	CNP0000460_P03T	CNP0000460	DF.classifications_0.25_0.22_204	Singlet	pANN_0.25_0.22_204	0.10509138381201
CNP0000460_TGGCTGGAGTTTAGGA-1_1_1_1	CNP0000460_P03T	CNP0000460	DF.classifications_0.25_0.22_204	Singlet	pANN_0.25_0.22_204	0.179503916449086
CNP0000460_TGGCTGGCAAGACACG-1_1_1_1	CNP0000460_P03T	CNP0000460	DF.classifications_0.25_0.22_204	Singlet	pANN_0.25_0.22_204	0.0835509138381201
CNP0000460_TGGCTGGCAATGTAAG-1_1_1_1	CNP0000460_P03T	CNP0000460	DF.classifications_0.25_0.22_204	Singlet	pANN_0.25_0.22_204	0.359007832898172
CNP0000460_TGGCTGGCACCCATTC-1_1_1_1	CNP0000460_P03T	CNP0000460	DF.classifications_0.25_0.22_204	Singlet	pANN_0.25_0.22_204	0.31201044386423
CNP0000460_TGGCTGGCATCGGACC-1_1_1_1	CNP0000460_P03T	CNP0000460	DF.classifications_0.25_0.22_204	Singlet	pANN_0.25_0.22_204	0.150130548302872
CNP0000460_TGGCTGGGTACCGCTG-1_1_1_1	CNP0000460_P03T	CNP0000460	DF.classifications_0.25_0.22_204	Singlet	pANN_0.25_0.22_204	0.147519582245431
CNP0000460_TGGCTGGGTAGAGTGC-1_1_1_1	CNP0000460_P03T	CNP0000460	DF.classifications_0.25_0.22_204	Singlet	pANN_0.25_0.22_204	0.199738903394256
CNP0000460_TGGCTGGTCACTTACT-1_1_1_1	CNP0000460_P03T	CNP0000460	DF.classifications_0.25_0.22_204	Singlet	pANN_0.25_0.22_204	0.0809399477806789
CNP0000460_TGGCTGGTCCGATATG-1_1_1_1	CNP0000460_P03T	CNP0000460	DF.classifications_0.25_0.22_204	Singlet	pANN_0.25_0.22_204	0.345953002610966
CNP0000460_TGGCTGGTCCGTAGTA-1_1_1_1	CNP0000460_P03T	CNP0000460	DF.classifications_0.25_0.22_204	Singlet	pANN_0.25_0.22_204	0.140339425587467
CNP0000460_TGGCTGGTCCTCATTA-1_1_1_1	CNP0000460_P03T	CNP0000460	DF.classifications_0.25_0.22_204	Singlet	pANN_0.25_0.22_204	0.359660574412533
CNP0000460_TGGGAAGAGCCAGTTT-1_1_1_1	CNP0000460_P03T	CNP0000460	DF.classifications_0.25_0.22_204	Singlet	pANN_0.25_0.22_204	0.349869451697128
CNP0000460_TGGGAAGCAATTCCTT-1_1_1_1	CNP0000460_P03T	CNP0000460	DF.classifications_0.25_0.22_204	Singlet	pANN_0.25_0.22_204	0.35313315926893
CNP0000460_TGGGAAGCACGTAAGG-1_1_1_1	CNP0000460_P03T	CNP0000460	DF.classifications_0.25_0.22_204	Singlet	pANN_0.25_0.22_204	0.274151436031332
CNP0000460_TGGGAAGCAGGTCTCG-1_1_1_1	CNP0000460_P03T	CNP0000460	DF.classifications_0.25_0.22_204	Singlet	pANN_0.25_0.22_204	0.318537859007833
CNP0000460_TGGGAAGGTACATCCA-1_1_1_1	CNP0000460_P03T	CNP0000460	DF.classifications_0.25_0.22_204	Singlet	pANN_0.25_0.22_204	0.248694516971279
CNP0000460_TGGGAAGGTATATCCG-1_1_1_1	CNP0000460_P03T	CNP0000460	DF.classifications_0.25_0.22_204	Singlet	pANN_0.25_0.22_204	0.119451697127937
CNP0000460_TGGGAAGGTGTTCTTT-1_1_1_1	CNP0000460_P03T	CNP0000460	DF.classifications_0.25_0.22_204	Singlet	pANN_0.25_0.22_204	0.108355091383812
CNP0000460_TGGGAAGGTTGGGACA-1_1_1_1	CNP0000460_P03T	CNP0000460	DF.classifications_0.25_0.22_204	Singlet	pANN_0.25_0.22_204	0.112924281984334
CNP0000460_TGGGAAGTCACATACG-1_1_1_1	CNP0000460_P03T	CNP0000460	DF.classifications_0.25_0.22_204	Doublet	pANN_0.25_0.22_204	0.367493472584856
CNP0000460_TGGGAAGTCATTGCGA-1_1_1_1	CNP0000460_P03T	CNP0000460	DF.classifications_0.25_0.22_204	Singlet	pANN_0.25_0.22_204	0.351827676240209
CNP0000460_TGGGAAGTCGCCTGTT-1_1_1_1	CNP0000460_P03T	CNP0000460	DF.classifications_0.25_0.22_204	Singlet	pANN_0.25_0.22_204	0.244778067885117
CNP0000460_TGGGAAGTCTAACTCT-1_1_1_1	CNP0000460_P03T	CNP0000460	DF.classifications_0.25_0.22_204	Singlet	pANN_0.25_0.22_204	0.0985639686684073
CNP0000460_TGGGAAGTCTTCGGTC-1_1_1_1	CNP0000460_P03T	CNP0000460	DF.classifications_0.25_0.22_204	Singlet	pANN_0.25_0.22_204	0.347911227154047
CNP0000460_TGGGCGTAGATCTGAA-1_1_1_1	CNP0000460_P03T	CNP0000460	DF.classifications_0.25_0.22_204	Singlet	pANN_0.25_0.22_204	0.143603133159269
CNP0000460_TGGGCGTAGCATGGCA-1_1_1_1	CNP0000460_P03T	CNP0000460	DF.classifications_0.25_0.22_204	Singlet	pANN_0.25_0.22_204	0.131853785900783
CNP0000460_TGGGCGTAGCCACGCT-1_1_1_1	CNP0000460_P03T	CNP0000460	DF.classifications_0.25_0.22_204	Singlet	pANN_0.25_0.22_204	0.110966057441253
CNP0000460_TGGGCGTAGGCTACGA-1_1_1_1	CNP0000460_P03T	CNP0000460	DF.classifications_0.25_0.22_204	Singlet	pANN_0.25_0.22_204	0.302219321148825
CNP0000460_TGGGCGTCAATCAGAA-1_1_1_1	CNP0000460_P03T	CNP0000460	DF.classifications_0.25_0.22_204	Singlet	pANN_0.25_0.22_204	0.0861618798955614
CNP0000460_TGGGCGTCAGACTCGC-1_1_1_1	CNP0000460_P03T	CNP0000460	DF.classifications_0.25_0.22_204	Singlet	pANN_0.25_0.22_204	0.308746736292428
CNP0000460_TGGGCGTCAGATGAGC-1_1_1_1	CNP0000460_P03T	CNP0000460	DF.classifications_0.25_0.22_204	Singlet	pANN_0.25_0.22_204	0.225195822454308
CNP0000460_TGGGCGTGTAGCTCCG-1_1_1_1	CNP0000460_P03T	CNP0000460	DF.classifications_0.25_0.22_204	Singlet	pANN_0.25_0.22_204	0.35313315926893
CNP0000460_TGGGCGTGTTGACGTT-1_1_1_1	CNP0000460_P03T	CNP0000460	DF.classifications_0.25_0.22_204	Singlet	pANN_0.25_0.22_204	0.346605744125326
CNP0000460_TGGGCGTTCATTTGGG-1_1_1_1	CNP0000460_P03T	CNP0000460	DF.classifications_0.25_0.22_204	Singlet	pANN_0.25_0.22_204	0.0920365535248042
CNP0000460_TGGTTAGAGACATAAC-1_1_1_1	CNP0000460_P03T	CNP0000460	DF.classifications_0.25_0.22_204	Singlet	pANN_0.25_0.22_204	0.294386422976501
CNP0000460_TGGTTAGAGTAGATGT-1_1_1_1	CNP0000460_P03T	CNP0000460	DF.classifications_0.25_0.22_204	Singlet	pANN_0.25_0.22_204	0.107702349869452
CNP0000460_TGGTTAGAGTCATGCT-1_1_1_1	CNP0000460_P03T	CNP0000460	DF.classifications_0.25_0.22_204	Singlet	pANN_0.25_0.22_204	0.113577023498695
CNP0000460_TGGTTAGCACACTGCG-1_1_1_1	CNP0000460_P03T	CNP0000460	DF.classifications_0.25_0.22_204	Singlet	pANN_0.25_0.22_204	0.106396866840731
CNP0000460_TGGTTAGCAGATGGCA-1_1_1_1	CNP0000460_P03T	CNP0000460	DF.classifications_0.25_0.22_204	Singlet	pANN_0.25_0.22_204	0.343342036553525
CNP0000460_TGGTTAGCATGACATC-1_1_1_1	CNP0000460_P03T	CNP0000460	DF.classifications_0.25_0.22_204	Singlet	pANN_0.25_0.22_204	0.349216710182768
CNP0000460_TGGTTAGGTCCAGTTA-1_1_1_1	CNP0000460_P03T	CNP0000460	DF.classifications_0.25_0.22_204	Singlet	pANN_0.25_0.22_204	0.351827676240209
CNP0000460_TGGTTAGGTCGACTAT-1_1_1_1	CNP0000460_P03T	CNP0000460	DF.classifications_0.25_0.22_204	Singlet	pANN_0.25_0.22_204	0.295039164490862
CNP0000460_TGGTTAGTCATACGGT-1_1_1_1	CNP0000460_P03T	CNP0000460	DF.classifications_0.25_0.22_204	Singlet	pANN_0.25_0.22_204	0.358355091383812
CNP0000460_TGGTTAGTCCATGAGT-1_1_1_1	CNP0000460_P03T	CNP0000460	DF.classifications_0.25_0.22_204	Singlet	pANN_0.25_0.22_204	0.136422976501305
CNP0000460_TGGTTAGTCCCAACGG-1_1_1_1	CNP0000460_P03T	CNP0000460	DF.classifications_0.25_0.22_204	Singlet	pANN_0.25_0.22_204	0.163838120104439
CNP0000460_TGGTTCCAGAGACTTA-1_1_1_1	CNP0000460_P03T	CNP0000460	DF.classifications_0.25_0.22_204	Singlet	pANN_0.25_0.22_204	0.2088772845953
CNP0000460_TGGTTCCCAACGCACC-1_1_1_1	CNP0000460_P03T	CNP0000460	DF.classifications_0.25_0.22_204	Singlet	pANN_0.25_0.22_204	0.133159268929504
CNP0000460_TGGTTCCCACCGAAAG-1_1_1_1	CNP0000460_P03T	CNP0000460	DF.classifications_0.25_0.22_204	Doublet	pANN_0.25_0.22_204	0.360966057441253
CNP0000460_TGGTTCCCAGGCTGAA-1_1_1_1	CNP0000460_P03T	CNP0000460	DF.classifications_0.25_0.22_204	Singlet	pANN_0.25_0.22_204	0.153394255874674
CNP0000460_TGGTTCCCAGTATGCT-1_1_1_1	CNP0000460_P03T	CNP0000460	DF.classifications_0.25_0.22_204	Singlet	pANN_0.25_0.22_204	0.22911227154047
CNP0000460_TGGTTCCCAGTCGATT-1_1_1_1	CNP0000460_P03T	CNP0000460	DF.classifications_0.25_0.22_204	Singlet	pANN_0.25_0.22_204	0.357702349869452
CNP0000460_TGGTTCCCATATGCTG-1_1_1_1	CNP0000460_P03T	CNP0000460	DF.classifications_0.25_0.22_204	Singlet	pANN_0.25_0.22_204	0.107702349869452
CNP0000460_TGGTTCCCATGTCCTC-1_1_1_1	CNP0000460_P03T	CNP0000460	DF.classifications_0.25_0.22_204	Singlet	pANN_0.25_0.22_204	0.112924281984334
CNP0000460_TGGTTCCCATTGTGCA-1_1_1_1	CNP0000460_P03T	CNP0000460	DF.classifications_0.25_0.22_204	Singlet	pANN_0.25_0.22_204	0.100522193211488
CNP0000460_TGGTTCCGTAGAGTGC-1_1_1_1	CNP0000460_P03T	CNP0000460	DF.classifications_0.25_0.22_204	Singlet	pANN_0.25_0.22_204	0.351827676240209
CNP0000460_TGGTTCCGTAGGGTAC-1_1_1_1	CNP0000460_P03T	CNP0000460	DF.classifications_0.25_0.22_204	Singlet	pANN_0.25_0.22_204	0.0959530026109661
CNP0000460_TGGTTCCGTATTCGTG-1_1_1_1	CNP0000460_P03T	CNP0000460	DF.classifications_0.25_0.22_204	Singlet	pANN_0.25_0.22_204	0.342689295039165
CNP0000460_TGGTTCCGTGCACTTA-1_1_1_1	CNP0000460_P03T	CNP0000460	DF.classifications_0.25_0.22_204	Singlet	pANN_0.25_0.22_204	0.167754569190601
CNP0000460_TGGTTCCGTTGTACAC-1_1_1_1	CNP0000460_P03T	CNP0000460	DF.classifications_0.25_0.22_204	Singlet	pANN_0.25_0.22_204	0.10313315926893
CNP0000460_TGGTTCCGTTGTGGCC-1_1_1_1	CNP0000460_P03T	CNP0000460	DF.classifications_0.25_0.22_204	Singlet	pANN_0.25_0.22_204	0.357049608355091
CNP0000460_TGTATTCAGCGCTTAT-1_1_1_1	CNP0000460_P03T	CNP0000460	DF.classifications_0.25_0.22_204	Singlet	pANN_0.25_0.22_204	0.108355091383812
CNP0000460_TGTATTCAGCGTAATA-1_1_1_1	CNP0000460_P03T	CNP0000460	DF.classifications_0.25_0.22_204	Doublet	pANN_0.25_0.22_204	0.372715404699739
CNP0000460_TGTATTCAGCTCCCAG-1_1_1_1	CNP0000460_P03T	CNP0000460	DF.classifications_0.25_0.22_204	Singlet	pANN_0.25_0.22_204	0.211488250652742
CNP0000460_TGTATTCAGGCTACGA-1_1_1_1	CNP0000460_P03T	CNP0000460	DF.classifications_0.25_0.22_204	Singlet	pANN_0.25_0.22_204	0.357049608355091
CNP0000460_TGTATTCCAAATTGCC-1_1_1_1	CNP0000460_P03T	CNP0000460	DF.classifications_0.25_0.22_204	Singlet	pANN_0.25_0.22_204	0.345300261096606
CNP0000460_TGTATTCCAATTGCTG-1_1_1_1	CNP0000460_P03T	CNP0000460	DF.classifications_0.25_0.22_204	Singlet	pANN_0.25_0.22_204	0.137728459530026
CNP0000460_TGTATTCCACCGCTAG-1_1_1_1	CNP0000460_P03T	CNP0000460	DF.classifications_0.25_0.22_204	Singlet	pANN_0.25_0.22_204	0.296997389033943
CNP0000460_TGTATTCCAGTCGATT-1_1_1_1	CNP0000460_P03T	CNP0000460	DF.classifications_0.25_0.22_204	Singlet	pANN_0.25_0.22_204	0.144255874673629
CNP0000460_TGTATTCCAGTCTTCC-1_1_1_1	CNP0000460_P03T	CNP0000460	DF.classifications_0.25_0.22_204	Singlet	pANN_0.25_0.22_204	0.360313315926893
CNP0000460_TGTATTCCATAGGATA-1_1_1_1	CNP0000460_P03T	CNP0000460	DF.classifications_0.25_0.22_204	Singlet	pANN_0.25_0.22_204	0.211488250652742
CNP0000460_TGTATTCGTCCGACGT-1_1_1_1	CNP0000460_P03T	CNP0000460	DF.classifications_0.25_0.22_204	Singlet	pANN_0.25_0.22_204	0.0802872062663185
CNP0000460_TGTATTCGTGCAGTAG-1_1_1_1	CNP0000460_P03T	CNP0000460	DF.classifications_0.25_0.22_204	Singlet	pANN_0.25_0.22_204	0.35378590078329
CNP0000460_TGTATTCTCACATAGC-1_1_1_1	CNP0000460_P03T	CNP0000460	DF.classifications_0.25_0.22_204	Singlet	pANN_0.25_0.22_204	0.10313315926893
CNP0000460_TGTATTCTCATTCACT-1_1_1_1	CNP0000460_P03T	CNP0000460	DF.classifications_0.25_0.22_204	Singlet	pANN_0.25_0.22_204	0.286553524804178
CNP0000460_TGTCCCAAGCCCGAAA-1_1_1_1	CNP0000460_P03T	CNP0000460	DF.classifications_0.25_0.22_204	Singlet	pANN_0.25_0.22_204	0.263054830287206
CNP0000460_TGTCCCAAGCGCTCCA-1_1_1_1	CNP0000460_P03T	CNP0000460	DF.classifications_0.25_0.22_204	Singlet	pANN_0.25_0.22_204	0.113577023498695
CNP0000460_TGTCCCACAAGCTGAG-1_1_1_1	CNP0000460_P03T	CNP0000460	DF.classifications_0.25_0.22_204	Singlet	pANN_0.25_0.22_204	0.114882506527415
CNP0000460_TGTCCCACAATGAAAC-1_1_1_1	CNP0000460_P03T	CNP0000460	DF.classifications_0.25_0.22_204	Singlet	pANN_0.25_0.22_204	0.10313315926893
CNP0000460_TGTCCCACACATGTGT-1_1_1_1	CNP0000460_P03T	CNP0000460	DF.classifications_0.25_0.22_204	Singlet	pANN_0.25_0.22_204	0.102480417754569
CNP0000460_TGTCCCACAGACAGGT-1_1_1_1	CNP0000460_P03T	CNP0000460	DF.classifications_0.25_0.22_204	Singlet	pANN_0.25_0.22_204	0.0848563968668407
CNP0000460_TGTCCCACAGCTGGCT-1_1_1_1	CNP0000460_P03T	CNP0000460	DF.classifications_0.25_0.22_204	Singlet	pANN_0.25_0.22_204	0.107702349869452
CNP0000460_TGTCCCAGTCGAATCT-1_1_1_1	CNP0000460_P03T	CNP0000460	DF.classifications_0.25_0.22_204	Singlet	pANN_0.25_0.22_204	0.105744125326371
CNP0000460_TGTCCCAGTGCAGACA-1_1_1_1	CNP0000460_P03T	CNP0000460	DF.classifications_0.25_0.22_204	Singlet	pANN_0.25_0.22_204	0.352480417754569
CNP0000460_TGTCCCAGTTTAGCTG-1_1_1_1	CNP0000460_P03T	CNP0000460	DF.classifications_0.25_0.22_204	Singlet	pANN_0.25_0.22_204	0.105744125326371
CNP0000460_TGTCCCAGTTTGCATG-1_1_1_1	CNP0000460_P03T	CNP0000460	DF.classifications_0.25_0.22_204	Singlet	pANN_0.25_0.22_204	0.0718015665796345
CNP0000460_TGTCCCATCTGATTCT-1_1_1_1	CNP0000460_P03T	CNP0000460	DF.classifications_0.25_0.22_204	Singlet	pANN_0.25_0.22_204	0.335509138381201
CNP0000460_TGTGGTAAGACAAAGG-1_1_1_1	CNP0000460_P03T	CNP0000460	DF.classifications_0.25_0.22_204	Singlet	pANN_0.25_0.22_204	0.356396866840731
CNP0000460_TGTGGTAAGAGTGAGA-1_1_1_1	CNP0000460_P03T	CNP0000460	DF.classifications_0.25_0.22_204	Singlet	pANN_0.25_0.22_204	0.282637075718016
CNP0000460_TGTGGTAAGCCCAACC-1_1_1_1	CNP0000460_P03T	CNP0000460	DF.classifications_0.25_0.22_204	Singlet	pANN_0.25_0.22_204	0.0907310704960835
CNP0000460_TGTGGTAAGCCGATTT-1_1_1_1	CNP0000460_P03T	CNP0000460	DF.classifications_0.25_0.22_204	Singlet	pANN_0.25_0.22_204	0.345300261096606
CNP0000460_TGTGGTACACCACGTG-1_1_1_1	CNP0000460_P03T	CNP0000460	DF.classifications_0.25_0.22_204	Singlet	pANN_0.25_0.22_204	0.255221932114883
CNP0000460_TGTGGTACACTGTGTA-1_1_1_1	CNP0000460_P03T	CNP0000460	DF.classifications_0.25_0.22_204	Singlet	pANN_0.25_0.22_204	0.355744125326371
CNP0000460_TGTGGTAGTCGCTTCT-1_1_1_1	CNP0000460_P03T	CNP0000460	DF.classifications_0.25_0.22_204	Singlet	pANN_0.25_0.22_204	0.321801566579634
CNP0000460_TGTGGTAGTGCCTGCA-1_1_1_1	CNP0000460_P03T	CNP0000460	DF.classifications_0.25_0.22_204	Singlet	pANN_0.25_0.22_204	0.0731070496083551
CNP0000460_TGTGGTATCTCGTATT-1_1_1_1	CNP0000460_P03T	CNP0000460	DF.classifications_0.25_0.22_204	Singlet	pANN_0.25_0.22_204	0.110313315926893
CNP0000460_TGTGGTATCTTACCGC-1_1_1_1	CNP0000460_P03T	CNP0000460	DF.classifications_0.25_0.22_204	Singlet	pANN_0.25_0.22_204	0.12532637075718
CNP0000460_TGTGTTTAGAGCTGCA-1_1_1_1	CNP0000460_P03T	CNP0000460	DF.classifications_0.25_0.22_204	Singlet	pANN_0.25_0.22_204	0.350522193211488
CNP0000460_TGTGTTTAGGCTAGAC-1_1_1_1	CNP0000460_P03T	CNP0000460	DF.classifications_0.25_0.22_204	Singlet	pANN_0.25_0.22_204	0.0998694516971279
CNP0000460_TGTGTTTCAAATTGCC-1_1_1_1	CNP0000460_P03T	CNP0000460	DF.classifications_0.25_0.22_204	Singlet	pANN_0.25_0.22_204	0.097911227154047
CNP0000460_TGTGTTTCAATAACGA-1_1_1_1	CNP0000460_P03T	CNP0000460	DF.classifications_0.25_0.22_204	Singlet	pANN_0.25_0.22_204	0.290469973890339
CNP0000460_TGTGTTTCACGACTCG-1_1_1_1	CNP0000460_P03T	CNP0000460	DF.classifications_0.25_0.22_204	Singlet	pANN_0.25_0.22_204	0.110966057441253
CNP0000460_TGTGTTTCAGATGAGC-1_1_1_1	CNP0000460_P03T	CNP0000460	DF.classifications_0.25_0.22_204	Singlet	pANN_0.25_0.22_204	0.10313315926893
CNP0000460_TGTGTTTCATTGGCGC-1_1_1_1	CNP0000460_P03T	CNP0000460	DF.classifications_0.25_0.22_204	Singlet	pANN_0.25_0.22_204	0.101827676240209
CNP0000460_TGTGTTTGTAGCACGA-1_1_1_1	CNP0000460_P03T	CNP0000460	DF.classifications_0.25_0.22_204	Singlet	pANN_0.25_0.22_204	0.350522193211488
CNP0000460_TGTGTTTGTCCGTTAA-1_1_1_1	CNP0000460_P03T	CNP0000460	DF.classifications_0.25_0.22_204	Singlet	pANN_0.25_0.22_204	0.10378590078329
CNP0000460_TGTGTTTGTCGGCTCA-1_1_1_1	CNP0000460_P03T	CNP0000460	DF.classifications_0.25_0.22_204	Singlet	pANN_0.25_0.22_204	0.225195822454308
CNP0000460_TGTGTTTGTGAGTATA-1_1_1_1	CNP0000460_P03T	CNP0000460	DF.classifications_0.25_0.22_204	Singlet	pANN_0.25_0.22_204	0.237597911227154
CNP0000460_TGTGTTTTCATAAAGG-1_1_1_1	CNP0000460_P03T	CNP0000460	DF.classifications_0.25_0.22_204	Singlet	pANN_0.25_0.22_204	0.0887728459530026
CNP0000460_TGTGTTTTCCATGAGT-1_1_1_1	CNP0000460_P03T	CNP0000460	DF.classifications_0.25_0.22_204	Singlet	pANN_0.25_0.22_204	0.0822454308093995
CNP0000460_TGTGTTTTCTCAACTT-1_1_1_1	CNP0000460_P03T	CNP0000460	DF.classifications_0.25_0.22_204	Singlet	pANN_0.25_0.22_204	0.352480417754569
CNP0000460_TGTTCCGAGAAGGTGA-1_1_1_1	CNP0000460_P03T	CNP0000460	DF.classifications_0.25_0.22_204	Singlet	pANN_0.25_0.22_204	0.0900783289817232
CNP0000460_TGTTCCGAGGAACTGC-1_1_1_1	CNP0000460_P03T	CNP0000460	DF.classifications_0.25_0.22_204	Singlet	pANN_0.25_0.22_204	0.115535248041775
CNP0000460_TGTTCCGCAATGGAAT-1_1_1_1	CNP0000460_P03T	CNP0000460	DF.classifications_0.25_0.22_204	Singlet	pANN_0.25_0.22_204	0.267624020887728
CNP0000460_TGTTCCGCACTTGGAT-1_1_1_1	CNP0000460_P03T	CNP0000460	DF.classifications_0.25_0.22_204	Singlet	pANN_0.25_0.22_204	0.340078328981723
CNP0000460_TGTTCCGGTCTTCGTC-1_1_1_1	CNP0000460_P03T	CNP0000460	DF.classifications_0.25_0.22_204	Singlet	pANN_0.25_0.22_204	0.35313315926893
CNP0000460_TGTTCCGGTTGGTTTG-1_1_1_1	CNP0000460_P03T	CNP0000460	DF.classifications_0.25_0.22_204	Singlet	pANN_0.25_0.22_204	0.182114882506527
CNP0000460_TGTTCCGTCTCTAAGG-1_1_1_1	CNP0000460_P03T	CNP0000460	DF.classifications_0.25_0.22_204	Singlet	pANN_0.25_0.22_204	0.10378590078329
CNP0000460_TTAACTCAGAGTACAT-1_1_1_1	CNP0000460_P03T	CNP0000460	DF.classifications_0.25_0.22_204	Singlet	pANN_0.25_0.22_204	0.159921671018277
CNP0000460_TTAACTCAGATACACA-1_1_1_1	CNP0000460_P03T	CNP0000460	DF.classifications_0.25_0.22_204	Singlet	pANN_0.25_0.22_204	0.0959530026109661
CNP0000460_TTAACTCAGGCATGGT-1_1_1_1	CNP0000460_P03T	CNP0000460	DF.classifications_0.25_0.22_204	Singlet	pANN_0.25_0.22_204	0.33355091383812
CNP0000460_TTAACTCCAAGTTCTG-1_1_1_1	CNP0000460_P03T	CNP0000460	DF.classifications_0.25_0.22_204	Singlet	pANN_0.25_0.22_204	0.129895561357702
CNP0000460_TTAACTCCAGTATGCT-1_1_1_1	CNP0000460_P03T	CNP0000460	DF.classifications_0.25_0.22_204	Singlet	pANN_0.25_0.22_204	0.109007832898172
CNP0000460_TTAACTCGTCGCGTGT-1_1_1_1	CNP0000460_P03T	CNP0000460	DF.classifications_0.25_0.22_204	Singlet	pANN_0.25_0.22_204	0.359007832898172
CNP0000460_TTAACTCTCCTCAATT-1_1_1_1	CNP0000460_P03T	CNP0000460	DF.classifications_0.25_0.22_204	Singlet	pANN_0.25_0.22_204	0.141644908616188
CNP0000460_TTAACTCTCTCTTATG-1_1_1_1	CNP0000460_P03T	CNP0000460	DF.classifications_0.25_0.22_204	Singlet	pANN_0.25_0.22_204	0.351827676240209
CNP0000460_TTAGGACCACTCTGTC-1_1_1_1	CNP0000460_P03T	CNP0000460	DF.classifications_0.25_0.22_204	Doublet	pANN_0.25_0.22_204	0.362271540469974
CNP0000460_TTAGGACGTAAATGAC-1_1_1_1	CNP0000460_P03T	CNP0000460	DF.classifications_0.25_0.22_204	Singlet	pANN_0.25_0.22_204	0.14556135770235
CNP0000460_TTAGGACGTCCCTACT-1_1_1_1	CNP0000460_P03T	CNP0000460	DF.classifications_0.25_0.22_204	Singlet	pANN_0.25_0.22_204	0.289164490861619
CNP0000460_TTAGGACGTTCGTTGA-1_1_1_1	CNP0000460_P03T	CNP0000460	DF.classifications_0.25_0.22_204	Singlet	pANN_0.25_0.22_204	0.097911227154047
CNP0000460_TTAGGCAAGATCACGG-1_1_1_1	CNP0000460_P03T	CNP0000460	DF.classifications_0.25_0.22_204	Singlet	pANN_0.25_0.22_204	0.109660574412533
CNP0000460_TTAGGCAAGGCCCGTT-1_1_1_1	CNP0000460_P03T	CNP0000460	DF.classifications_0.25_0.22_204	Singlet	pANN_0.25_0.22_204	0.352480417754569
CNP0000460_TTAGGCACACTGCCAG-1_1_1_1	CNP0000460_P03T	CNP0000460	DF.classifications_0.25_0.22_204	Singlet	pANN_0.25_0.22_204	0.288511749347258
CNP0000460_TTAGGCACATCCTAGA-1_1_1_1	CNP0000460_P03T	CNP0000460	DF.classifications_0.25_0.22_204	Singlet	pANN_0.25_0.22_204	0.134464751958225
CNP0000460_TTAGGCACATCGGACC-1_1_1_1	CNP0000460_P03T	CNP0000460	DF.classifications_0.25_0.22_204	Singlet	pANN_0.25_0.22_204	0.175587467362924
CNP0000460_TTAGGCAGTGTGACCC-1_1_1_1	CNP0000460_P03T	CNP0000460	DF.classifications_0.25_0.22_204	Singlet	pANN_0.25_0.22_204	0.0953002610966057
CNP0000460_TTAGGCATCACCGTAA-1_1_1_1	CNP0000460_P03T	CNP0000460	DF.classifications_0.25_0.22_204	Singlet	pANN_0.25_0.22_204	0.111618798955614
CNP0000460_TTAGGCATCATTCACT-1_1_1_1	CNP0000460_P03T	CNP0000460	DF.classifications_0.25_0.22_204	Singlet	pANN_0.25_0.22_204	0.167754569190601
CNP0000460_TTAGGCATCCACTGGG-1_1_1_1	CNP0000460_P03T	CNP0000460	DF.classifications_0.25_0.22_204	Singlet	pANN_0.25_0.22_204	0.35443864229765
CNP0000460_TTAGGCATCGAATGGG-1_1_1_1	CNP0000460_P03T	CNP0000460	DF.classifications_0.25_0.22_204	Singlet	pANN_0.25_0.22_204	0.244125326370757
CNP0000460_TTAGGCATCTAACTTC-1_1_1_1	CNP0000460_P03T	CNP0000460	DF.classifications_0.25_0.22_204	Singlet	pANN_0.25_0.22_204	0.119451697127937
CNP0000460_TTAGTTCAGAACAACT-1_1_1_1	CNP0000460_P03T	CNP0000460	DF.classifications_0.25_0.22_204	Singlet	pANN_0.25_0.22_204	0.12402088772846
CNP0000460_TTAGTTCAGAAGATTC-1_1_1_1	CNP0000460_P03T	CNP0000460	DF.classifications_0.25_0.22_204	Doublet	pANN_0.25_0.22_204	0.361618798955614
CNP0000460_TTAGTTCAGCTCCTTC-1_1_1_1	CNP0000460_P03T	CNP0000460	DF.classifications_0.25_0.22_204	Singlet	pANN_0.25_0.22_204	0.0828981723237598
CNP0000460_TTAGTTCAGTGGACGT-1_1_1_1	CNP0000460_P03T	CNP0000460	DF.classifications_0.25_0.22_204	Singlet	pANN_0.25_0.22_204	0.173629242819843
CNP0000460_TTAGTTCAGTTCGATC-1_1_1_1	CNP0000460_P03T	CNP0000460	DF.classifications_0.25_0.22_204	Singlet	pANN_0.25_0.22_204	0.315274151436031
CNP0000460_TTAGTTCCAAAGCAAT-1_1_1_1	CNP0000460_P03T	CNP0000460	DF.classifications_0.25_0.22_204	Singlet	pANN_0.25_0.22_204	0.106396866840731
CNP0000460_TTAGTTCCAAGCTGGA-1_1_1_1	CNP0000460_P03T	CNP0000460	DF.classifications_0.25_0.22_204	Singlet	pANN_0.25_0.22_204	0.129242819843342
CNP0000460_TTAGTTCCACGCCAGT-1_1_1_1	CNP0000460_P03T	CNP0000460	DF.classifications_0.25_0.22_204	Singlet	pANN_0.25_0.22_204	0.344647519582245
CNP0000460_TTAGTTCCAGGAATGC-1_1_1_1	CNP0000460_P03T	CNP0000460	DF.classifications_0.25_0.22_204	Singlet	pANN_0.25_0.22_204	0.351827676240209
CNP0000460_TTAGTTCGTAAACACA-1_1_1_1	CNP0000460_P03T	CNP0000460	DF.classifications_0.25_0.22_204	Singlet	pANN_0.25_0.22_204	0.170365535248042
CNP0000460_TTAGTTCGTAAGGGAA-1_1_1_1	CNP0000460_P03T	CNP0000460	DF.classifications_0.25_0.22_204	Singlet	pANN_0.25_0.22_204	0.120757180156658
CNP0000460_TTAGTTCGTAGCTAAA-1_1_1_1	CNP0000460_P03T	CNP0000460	DF.classifications_0.25_0.22_204	Singlet	pANN_0.25_0.22_204	0.278720626631854
CNP0000460_TTAGTTCGTAGCTTGT-1_1_1_1	CNP0000460_P03T	CNP0000460	DF.classifications_0.25_0.22_204	Singlet	pANN_0.25_0.22_204	0.255874673629243
CNP0000460_TTAGTTCGTCCAACTA-1_1_1_1	CNP0000460_P03T	CNP0000460	DF.classifications_0.25_0.22_204	Singlet	pANN_0.25_0.22_204	0.101174934725849
CNP0000460_TTAGTTCTCAACACCA-1_1_1_1	CNP0000460_P03T	CNP0000460	DF.classifications_0.25_0.22_204	Singlet	pANN_0.25_0.22_204	0.110313315926893
CNP0000460_TTAGTTCTCATTGCGA-1_1_1_1	CNP0000460_P03T	CNP0000460	DF.classifications_0.25_0.22_204	Singlet	pANN_0.25_0.22_204	0.122062663185379
CNP0000460_TTAGTTCTCCCTCTTT-1_1_1_1	CNP0000460_P03T	CNP0000460	DF.classifications_0.25_0.22_204	Singlet	pANN_0.25_0.22_204	0.235639686684073
CNP0000460_TTAGTTCTCTACTTAC-1_1_1_1	CNP0000460_P03T	CNP0000460	DF.classifications_0.25_0.22_204	Singlet	pANN_0.25_0.22_204	0.235639686684073
CNP0000460_TTATGCTAGCTGAAAT-1_1_1_1	CNP0000460_P03T	CNP0000460	DF.classifications_0.25_0.22_204	Singlet	pANN_0.25_0.22_204	0.358355091383812
CNP0000460_TTATGCTAGGCATGTG-1_1_1_1	CNP0000460_P03T	CNP0000460	DF.classifications_0.25_0.22_204	Singlet	pANN_0.25_0.22_204	0.161227154046997
CNP0000460_TTATGCTAGTTGAGAT-1_1_1_1	CNP0000460_P03T	CNP0000460	DF.classifications_0.25_0.22_204	Singlet	pANN_0.25_0.22_204	0.121409921671018
CNP0000460_TTATGCTCAAGTACCT-1_1_1_1	CNP0000460_P03T	CNP0000460	DF.classifications_0.25_0.22_204	Singlet	pANN_0.25_0.22_204	0.102480417754569
CNP0000460_TTATGCTCACCTCGGA-1_1_1_1	CNP0000460_P03T	CNP0000460	DF.classifications_0.25_0.22_204	Singlet	pANN_0.25_0.22_204	0.282637075718016
CNP0000460_TTATGCTCAGAGTGTG-1_1_1_1	CNP0000460_P03T	CNP0000460	DF.classifications_0.25_0.22_204	Singlet	pANN_0.25_0.22_204	0.204960835509138
CNP0000460_TTATGCTGTAAACGCG-1_1_1_1	CNP0000460_P03T	CNP0000460	DF.classifications_0.25_0.22_204	Singlet	pANN_0.25_0.22_204	0.35443864229765
CNP0000460_TTATGCTGTACAGACG-1_1_1_1	CNP0000460_P03T	CNP0000460	DF.classifications_0.25_0.22_204	Singlet	pANN_0.25_0.22_204	0.12597911227154
CNP0000460_TTATGCTGTAGCGATG-1_1_1_1	CNP0000460_P03T	CNP0000460	DF.classifications_0.25_0.22_204	Singlet	pANN_0.25_0.22_204	0.0835509138381201
CNP0000460_TTATGCTGTCCGAGTC-1_1_1_1	CNP0000460_P03T	CNP0000460	DF.classifications_0.25_0.22_204	Singlet	pANN_0.25_0.22_204	0.0724543080939948
CNP0000460_TTATGCTGTGCCTGGT-1_1_1_1	CNP0000460_P03T	CNP0000460	DF.classifications_0.25_0.22_204	Singlet	pANN_0.25_0.22_204	0.0842036553524804
CNP0000460_TTATGCTTCGCCAGCA-1_1_1_1	CNP0000460_P03T	CNP0000460	DF.classifications_0.25_0.22_204	Singlet	pANN_0.25_0.22_204	0.101174934725849
CNP0000460_TTATGCTTCGTTACGA-1_1_1_1	CNP0000460_P03T	CNP0000460	DF.classifications_0.25_0.22_204	Singlet	pANN_0.25_0.22_204	0.0946475195822454
CNP0000460_TTATGCTTCTGGTTCC-1_1_1_1	CNP0000460_P03T	CNP0000460	DF.classifications_0.25_0.22_204	Singlet	pANN_0.25_0.22_204	0.140992167101828
CNP0000460_TTCCCAGAGACTCGGA-1_1_1_1	CNP0000460_P03T	CNP0000460	DF.classifications_0.25_0.22_204	Singlet	pANN_0.25_0.22_204	0.116840731070496
CNP0000460_TTCCCAGAGAGGACGG-1_1_1_1	CNP0000460_P03T	CNP0000460	DF.classifications_0.25_0.22_204	Singlet	pANN_0.25_0.22_204	0.215404699738903
CNP0000460_TTCCCAGAGCCAGTAG-1_1_1_1	CNP0000460_P03T	CNP0000460	DF.classifications_0.25_0.22_204	Singlet	pANN_0.25_0.22_204	0.120757180156658
CNP0000460_TTCCCAGAGCCATCGC-1_1_1_1	CNP0000460_P03T	CNP0000460	DF.classifications_0.25_0.22_204	Singlet	pANN_0.25_0.22_204	0.355744125326371
CNP0000460_TTCCCAGAGGATGTAT-1_1_1_1	CNP0000460_P03T	CNP0000460	DF.classifications_0.25_0.22_204	Singlet	pANN_0.25_0.22_204	0.097911227154047
CNP0000460_TTCCCAGAGTTCCACA-1_1_1_1	CNP0000460_P03T	CNP0000460	DF.classifications_0.25_0.22_204	Singlet	pANN_0.25_0.22_204	0.359660574412533
CNP0000460_TTCCCAGCAACCGCCA-1_1_1_1	CNP0000460_P03T	CNP0000460	DF.classifications_0.25_0.22_204	Singlet	pANN_0.25_0.22_204	0.0972584856396867
CNP0000460_TTCCCAGCAACTGCGC-1_1_1_1	CNP0000460_P03T	CNP0000460	DF.classifications_0.25_0.22_204	Singlet	pANN_0.25_0.22_204	0.35378590078329
CNP0000460_TTCCCAGCATAGGATA-1_1_1_1	CNP0000460_P03T	CNP0000460	DF.classifications_0.25_0.22_204	Singlet	pANN_0.25_0.22_204	0.100522193211488
CNP0000460_TTCCCAGGTATCGCAT-1_1_1_1	CNP0000460_P03T	CNP0000460	DF.classifications_0.25_0.22_204	Singlet	pANN_0.25_0.22_204	0.352480417754569
CNP0000460_TTCCCAGGTCACACGC-1_1_1_1	CNP0000460_P03T	CNP0000460	DF.classifications_0.25_0.22_204	Singlet	pANN_0.25_0.22_204	0.0913838120104439
CNP0000460_TTCCCAGGTTTAAGCC-1_1_1_1	CNP0000460_P03T	CNP0000460	DF.classifications_0.25_0.22_204	Singlet	pANN_0.25_0.22_204	0.304177545691906
CNP0000460_TTCCCAGTCAGCAACT-1_1_1_1	CNP0000460_P03T	CNP0000460	DF.classifications_0.25_0.22_204	Singlet	pANN_0.25_0.22_204	0.359007832898172
CNP0000460_TTCCCAGTCAGCTCTC-1_1_1_1	CNP0000460_P03T	CNP0000460	DF.classifications_0.25_0.22_204	Singlet	pANN_0.25_0.22_204	0.212793733681462
CNP0000460_TTCCCAGTCAGGATCT-1_1_1_1	CNP0000460_P03T	CNP0000460	DF.classifications_0.25_0.22_204	Singlet	pANN_0.25_0.22_204	0.277415143603133
CNP0000460_TTCCCAGTCGGCGCAT-1_1_1_1	CNP0000460_P03T	CNP0000460	DF.classifications_0.25_0.22_204	Singlet	pANN_0.25_0.22_204	0.112924281984334
CNP0000460_TTCGAAGCAAGTAGTA-1_1_1_1	CNP0000460_P03T	CNP0000460	DF.classifications_0.25_0.22_204	Singlet	pANN_0.25_0.22_204	0.193211488250653
CNP0000460_TTCGAAGCAGCCTATA-1_1_1_1	CNP0000460_P03T	CNP0000460	DF.classifications_0.25_0.22_204	Singlet	pANN_0.25_0.22_204	0.349869451697128
CNP0000460_TTCGAAGGTGCAACGA-1_1_1_1	CNP0000460_P03T	CNP0000460	DF.classifications_0.25_0.22_204	Singlet	pANN_0.25_0.22_204	0.0809399477806789
CNP0000460_TTCGAAGTCCTGTAGA-1_1_1_1	CNP0000460_P03T	CNP0000460	DF.classifications_0.25_0.22_204	Singlet	pANN_0.25_0.22_204	0.10313315926893
CNP0000460_TTCGAAGTCGGCGGTT-1_1_1_1	CNP0000460_P03T	CNP0000460	DF.classifications_0.25_0.22_204	Singlet	pANN_0.25_0.22_204	0.27154046997389
CNP0000460_TTCGAAGTCTAACCGA-1_1_1_1	CNP0000460_P03T	CNP0000460	DF.classifications_0.25_0.22_204	Singlet	pANN_0.25_0.22_204	0.29177545691906
CNP0000460_TTCGGTCAGACGCACA-1_1_1_1	CNP0000460_P03T	CNP0000460	DF.classifications_0.25_0.22_204	Singlet	pANN_0.25_0.22_204	0.342689295039165
CNP0000460_TTCGGTCAGCTTATCG-1_1_1_1	CNP0000460_P03T	CNP0000460	DF.classifications_0.25_0.22_204	Singlet	pANN_0.25_0.22_204	0.0985639686684073
CNP0000460_TTCGGTCCAAGCCCAC-1_1_1_1	CNP0000460_P03T	CNP0000460	DF.classifications_0.25_0.22_204	Singlet	pANN_0.25_0.22_204	0.263707571801567
CNP0000460_TTCGGTCCAGACACTT-1_1_1_1	CNP0000460_P03T	CNP0000460	DF.classifications_0.25_0.22_204	Singlet	pANN_0.25_0.22_204	0.184073107049608
CNP0000460_TTCGGTCGTACAGTTC-1_1_1_1	CNP0000460_P03T	CNP0000460	DF.classifications_0.25_0.22_204	Singlet	pANN_0.25_0.22_204	0.127284595300261
CNP0000460_TTCGGTCTCCGTCAAA-1_1_1_1	CNP0000460_P03T	CNP0000460	DF.classifications_0.25_0.22_204	Doublet	pANN_0.25_0.22_204	0.377284595300261
CNP0000460_TTCGGTCTCGCACTCT-1_1_1_1	CNP0000460_P03T	CNP0000460	DF.classifications_0.25_0.22_204	Singlet	pANN_0.25_0.22_204	0.128590078328982
CNP0000460_TTCGGTCTCGTTGCCT-1_1_1_1	CNP0000460_P03T	CNP0000460	DF.classifications_0.25_0.22_204	Singlet	pANN_0.25_0.22_204	0.100522193211488
CNP0000460_TTCTACAAGTGAATTG-1_1_1_1	CNP0000460_P03T	CNP0000460	DF.classifications_0.25_0.22_204	Singlet	pANN_0.25_0.22_204	0.0861618798955614
CNP0000460_TTCTACACACCGAATT-1_1_1_1	CNP0000460_P03T	CNP0000460	DF.classifications_0.25_0.22_204	Singlet	pANN_0.25_0.22_204	0.0946475195822454
CNP0000460_TTCTACACAGGACGTA-1_1_1_1	CNP0000460_P03T	CNP0000460	DF.classifications_0.25_0.22_204	Singlet	pANN_0.25_0.22_204	0.12467362924282
CNP0000460_TTCTACAGTTACTGAC-1_1_1_1	CNP0000460_P03T	CNP0000460	DF.classifications_0.25_0.22_204	Singlet	pANN_0.25_0.22_204	0.359660574412533
CNP0000460_TTCTACATCACTTATC-1_1_1_1	CNP0000460_P03T	CNP0000460	DF.classifications_0.25_0.22_204	Singlet	pANN_0.25_0.22_204	0.10509138381201
CNP0000460_TTCTACATCATAAAGG-1_1_1_1	CNP0000460_P03T	CNP0000460	DF.classifications_0.25_0.22_204	Singlet	pANN_0.25_0.22_204	0.296997389033943
CNP0000460_TTCTACATCTACCAGA-1_1_1_1	CNP0000460_P03T	CNP0000460	DF.classifications_0.25_0.22_204	Singlet	pANN_0.25_0.22_204	0.348563968668407
CNP0000460_TTCTACATCTGTCTCG-1_1_1_1	CNP0000460_P03T	CNP0000460	DF.classifications_0.25_0.22_204	Singlet	pANN_0.25_0.22_204	0.156657963446475
CNP0000460_TTCTACATCTGTTGAG-1_1_1_1	CNP0000460_P03T	CNP0000460	DF.classifications_0.25_0.22_204	Singlet	pANN_0.25_0.22_204	0.345953002610966
CNP0000460_TTCTCAACAAACTGCT-1_1_1_1	CNP0000460_P03T	CNP0000460	DF.classifications_0.25_0.22_204	Singlet	pANN_0.25_0.22_204	0.360313315926893
CNP0000460_TTCTCAACAAGTTAAG-1_1_1_1	CNP0000460_P03T	CNP0000460	DF.classifications_0.25_0.22_204	Singlet	pANN_0.25_0.22_204	0.342036553524804
CNP0000460_TTCTCAACAGACAAAT-1_1_1_1	CNP0000460_P03T	CNP0000460	DF.classifications_0.25_0.22_204	Doublet	pANN_0.25_0.22_204	0.368798955613577
CNP0000460_TTCTCAACAGGCGATA-1_1_1_1	CNP0000460_P03T	CNP0000460	DF.classifications_0.25_0.22_204	Singlet	pANN_0.25_0.22_204	0.349216710182768
CNP0000460_TTCTCAAGTAGCGTCC-1_1_1_1	CNP0000460_P03T	CNP0000460	DF.classifications_0.25_0.22_204	Singlet	pANN_0.25_0.22_204	0.12597911227154
CNP0000460_TTCTCAAGTATAAACG-1_1_1_1	CNP0000460_P03T	CNP0000460	DF.classifications_0.25_0.22_204	Singlet	pANN_0.25_0.22_204	0.355744125326371
CNP0000460_TTCTCAAGTGGCGAAT-1_1_1_1	CNP0000460_P03T	CNP0000460	DF.classifications_0.25_0.22_204	Singlet	pANN_0.25_0.22_204	0.148172323759791
CNP0000460_TTCTCAATCAAGGCTT-1_1_1_1	CNP0000460_P03T	CNP0000460	DF.classifications_0.25_0.22_204	Singlet	pANN_0.25_0.22_204	0.10313315926893
CNP0000460_TTCTCAATCGTATCAG-1_1_1_1	CNP0000460_P03T	CNP0000460	DF.classifications_0.25_0.22_204	Singlet	pANN_0.25_0.22_204	0.35443864229765
CNP0000460_TTCTCAATCTATCGCC-1_1_1_1	CNP0000460_P03T	CNP0000460	DF.classifications_0.25_0.22_204	Singlet	pANN_0.25_0.22_204	0.139033942558747
CNP0000460_TTCTCAATCTCTTGAT-1_1_1_1	CNP0000460_P03T	CNP0000460	DF.classifications_0.25_0.22_204	Singlet	pANN_0.25_0.22_204	0.101827676240209
CNP0000460_TTCTCAATCTGAAAGA-1_1_1_1	CNP0000460_P03T	CNP0000460	DF.classifications_0.25_0.22_204	Singlet	pANN_0.25_0.22_204	0.112271540469974
CNP0000460_TTCTCCTAGCTGTCTA-1_1_1_1	CNP0000460_P03T	CNP0000460	DF.classifications_0.25_0.22_204	Singlet	pANN_0.25_0.22_204	0.22845953002611
CNP0000460_TTCTCCTCAAGCGATG-1_1_1_1	CNP0000460_P03T	CNP0000460	DF.classifications_0.25_0.22_204	Singlet	pANN_0.25_0.22_204	0.085509138381201
CNP0000460_TTCTCCTCAGACACTT-1_1_1_1	CNP0000460_P03T	CNP0000460	DF.classifications_0.25_0.22_204	Singlet	pANN_0.25_0.22_204	0.289817232375979
CNP0000460_TTCTCCTCAGGCTGAA-1_1_1_1	CNP0000460_P03T	CNP0000460	DF.classifications_0.25_0.22_204	Singlet	pANN_0.25_0.22_204	0.158616187989556
CNP0000460_TTCTCCTGTATGCTTG-1_1_1_1	CNP0000460_P03T	CNP0000460	DF.classifications_0.25_0.22_204	Singlet	pANN_0.25_0.22_204	0.343342036553525
CNP0000460_TTCTCCTGTGCAACGA-1_1_1_1	CNP0000460_P03T	CNP0000460	DF.classifications_0.25_0.22_204	Singlet	pANN_0.25_0.22_204	0.0959530026109661
CNP0000460_TTCTCCTTCAGCGATT-1_1_1_1	CNP0000460_P03T	CNP0000460	DF.classifications_0.25_0.22_204	Singlet	pANN_0.25_0.22_204	0.128590078328982
CNP0000460_TTCTCCTTCCAGAGGA-1_1_1_1	CNP0000460_P03T	CNP0000460	DF.classifications_0.25_0.22_204	Singlet	pANN_0.25_0.22_204	0.110966057441253
CNP0000460_TTCTCCTTCGCCGTGA-1_1_1_1	CNP0000460_P03T	CNP0000460	DF.classifications_0.25_0.22_204	Singlet	pANN_0.25_0.22_204	0.284595300261097
CNP0000460_TTCTTAGAGAATCTCC-1_1_1_1	CNP0000460_P03T	CNP0000460	DF.classifications_0.25_0.22_204	Singlet	pANN_0.25_0.22_204	0.339425587467363
CNP0000460_TTCTTAGAGACTCGGA-1_1_1_1	CNP0000460_P03T	CNP0000460	DF.classifications_0.25_0.22_204	Singlet	pANN_0.25_0.22_204	0.0894255874673629
CNP0000460_TTCTTAGAGTTGTAGA-1_1_1_1	CNP0000460_P03T	CNP0000460	DF.classifications_0.25_0.22_204	Singlet	pANN_0.25_0.22_204	0.123368146214099
CNP0000460_TTCTTAGCAAGTTAAG-1_1_1_1	CNP0000460_P03T	CNP0000460	DF.classifications_0.25_0.22_204	Singlet	pANN_0.25_0.22_204	0.35313315926893
CNP0000460_TTCTTAGCACCAGGTC-1_1_1_1	CNP0000460_P03T	CNP0000460	DF.classifications_0.25_0.22_204	Singlet	pANN_0.25_0.22_204	0.340731070496084
CNP0000460_TTCTTAGCACGAGAGT-1_1_1_1	CNP0000460_P03T	CNP0000460	DF.classifications_0.25_0.22_204	Singlet	pANN_0.25_0.22_204	0.351174934725849
CNP0000460_TTCTTAGGTGTTCTTT-1_1_1_1	CNP0000460_P03T	CNP0000460	DF.classifications_0.25_0.22_204	Singlet	pANN_0.25_0.22_204	0.359660574412533
CNP0000460_TTCTTAGTCCAAAGTC-1_1_1_1	CNP0000460_P03T	CNP0000460	DF.classifications_0.25_0.22_204	Singlet	pANN_0.25_0.22_204	0.0783289817232376
CNP0000460_TTCTTAGTCCAGAGGA-1_1_1_1	CNP0000460_P03T	CNP0000460	DF.classifications_0.25_0.22_204	Singlet	pANN_0.25_0.22_204	0.164490861618799
CNP0000460_TTCTTAGTCTCTTGAT-1_1_1_1	CNP0000460_P03T	CNP0000460	DF.classifications_0.25_0.22_204	Singlet	pANN_0.25_0.22_204	0.097911227154047
CNP0000460_TTGAACGAGCTACCTA-1_1_1_1	CNP0000460_P03T	CNP0000460	DF.classifications_0.25_0.22_204	Singlet	pANN_0.25_0.22_204	0.0946475195822454
CNP0000460_TTGAACGCAAGTAGTA-1_1_1_1	CNP0000460_P03T	CNP0000460	DF.classifications_0.25_0.22_204	Singlet	pANN_0.25_0.22_204	0.257832898172324
CNP0000460_TTGAACGCATGGTTGT-1_1_1_1	CNP0000460_P03T	CNP0000460	DF.classifications_0.25_0.22_204	Singlet	pANN_0.25_0.22_204	0.296997389033943
CNP0000460_TTGAACGCATTGCGGC-1_1_1_1	CNP0000460_P03T	CNP0000460	DF.classifications_0.25_0.22_204	Singlet	pANN_0.25_0.22_204	0.116187989556136
CNP0000460_TTGAACGGTAACGCGA-1_1_1_1	CNP0000460_P03T	CNP0000460	DF.classifications_0.25_0.22_204	Singlet	pANN_0.25_0.22_204	0.35378590078329
CNP0000460_TTGAACGGTGGGTATG-1_1_1_1	CNP0000460_P03T	CNP0000460	DF.classifications_0.25_0.22_204	Singlet	pANN_0.25_0.22_204	0.139686684073107
CNP0000460_TTGAACGTCAAGAAGT-1_1_1_1	CNP0000460_P03T	CNP0000460	DF.classifications_0.25_0.22_204	Singlet	pANN_0.25_0.22_204	0.118798955613577
CNP0000460_TTGAACGTCACCACCT-1_1_1_1	CNP0000460_P03T	CNP0000460	DF.classifications_0.25_0.22_204	Singlet	pANN_0.25_0.22_204	0.357049608355091
CNP0000460_TTGAACGTCAGAGACG-1_1_1_1	CNP0000460_P03T	CNP0000460	DF.classifications_0.25_0.22_204	Singlet	pANN_0.25_0.22_204	0.233681462140992
CNP0000460_TTGAACGTCGCCATAA-1_1_1_1	CNP0000460_P03T	CNP0000460	DF.classifications_0.25_0.22_204	Singlet	pANN_0.25_0.22_204	0.346605744125326
CNP0000460_TTGAACGTCTATGTGG-1_1_1_1	CNP0000460_P03T	CNP0000460	DF.classifications_0.25_0.22_204	Singlet	pANN_0.25_0.22_204	0.107049608355091
CNP0000460_TTGACTTAGAGTGACC-1_1_1_1	CNP0000460_P03T	CNP0000460	DF.classifications_0.25_0.22_204	Singlet	pANN_0.25_0.22_204	0.0985639686684073
CNP0000460_TTGACTTAGCCTATGT-1_1_1_1	CNP0000460_P03T	CNP0000460	DF.classifications_0.25_0.22_204	Singlet	pANN_0.25_0.22_204	0.358355091383812
CNP0000460_TTGACTTCACTTACGA-1_1_1_1	CNP0000460_P03T	CNP0000460	DF.classifications_0.25_0.22_204	Singlet	pANN_0.25_0.22_204	0.346605744125326
CNP0000460_TTGACTTCAGTGGGAT-1_1_1_1	CNP0000460_P03T	CNP0000460	DF.classifications_0.25_0.22_204	Singlet	pANN_0.25_0.22_204	0.35509138381201
CNP0000460_TTGACTTGTAGCCTCG-1_1_1_1	CNP0000460_P03T	CNP0000460	DF.classifications_0.25_0.22_204	Singlet	pANN_0.25_0.22_204	0.200391644908616
CNP0000460_TTGACTTGTCAGGACA-1_1_1_1	CNP0000460_P03T	CNP0000460	DF.classifications_0.25_0.22_204	Singlet	pANN_0.25_0.22_204	0.343994778067885
CNP0000460_TTGACTTTCCGTCATC-1_1_1_1	CNP0000460_P03T	CNP0000460	DF.classifications_0.25_0.22_204	Doublet	pANN_0.25_0.22_204	0.366840731070496
CNP0000460_TTGCCGTAGATCCTGT-1_1_1_1	CNP0000460_P03T	CNP0000460	DF.classifications_0.25_0.22_204	Singlet	pANN_0.25_0.22_204	0.306135770234987
CNP0000460_TTGCCGTAGATGTGGC-1_1_1_1	CNP0000460_P03T	CNP0000460	DF.classifications_0.25_0.22_204	Singlet	pANN_0.25_0.22_204	0.161227154046997
CNP0000460_TTGCCGTAGCGATTCT-1_1_1_1	CNP0000460_P03T	CNP0000460	DF.classifications_0.25_0.22_204	Singlet	pANN_0.25_0.22_204	0.356396866840731
CNP0000460_TTGCCGTAGTGGTCCC-1_1_1_1	CNP0000460_P03T	CNP0000460	DF.classifications_0.25_0.22_204	Singlet	pANN_0.25_0.22_204	0.345300261096606
CNP0000460_TTGCCGTCAATCCGAT-1_1_1_1	CNP0000460_P03T	CNP0000460	DF.classifications_0.25_0.22_204	Singlet	pANN_0.25_0.22_204	0.108355091383812
CNP0000460_TTGCCGTCAGTACACT-1_1_1_1	CNP0000460_P03T	CNP0000460	DF.classifications_0.25_0.22_204	Singlet	pANN_0.25_0.22_204	0.0763707571801567
CNP0000460_TTGCCGTCATACGCCG-1_1_1_1	CNP0000460_P03T	CNP0000460	DF.classifications_0.25_0.22_204	Singlet	pANN_0.25_0.22_204	0.0861618798955614
CNP0000460_TTGCCGTCATTAACCG-1_1_1_1	CNP0000460_P03T	CNP0000460	DF.classifications_0.25_0.22_204	Singlet	pANN_0.25_0.22_204	0.129895561357702
CNP0000460_TTGCCGTGTATAAACG-1_1_1_1	CNP0000460_P03T	CNP0000460	DF.classifications_0.25_0.22_204	Singlet	pANN_0.25_0.22_204	0.259138381201044
CNP0000460_TTGCCGTGTCAAACTC-1_1_1_1	CNP0000460_P03T	CNP0000460	DF.classifications_0.25_0.22_204	Singlet	pANN_0.25_0.22_204	0.357049608355091
CNP0000460_TTGCCGTGTGCAACTT-1_1_1_1	CNP0000460_P03T	CNP0000460	DF.classifications_0.25_0.22_204	Singlet	pANN_0.25_0.22_204	0.350522193211488
CNP0000460_TTGCCGTGTTCAGACT-1_1_1_1	CNP0000460_P03T	CNP0000460	DF.classifications_0.25_0.22_204	Singlet	pANN_0.25_0.22_204	0.172976501305483
CNP0000460_TTGCCGTGTTGGTAAA-1_1_1_1	CNP0000460_P03T	CNP0000460	DF.classifications_0.25_0.22_204	Singlet	pANN_0.25_0.22_204	0.140992167101828
CNP0000460_TTGCCGTTCACCCTCA-1_1_1_1	CNP0000460_P03T	CNP0000460	DF.classifications_0.25_0.22_204	Singlet	pANN_0.25_0.22_204	0.138381201044386
CNP0000460_TTGCCGTTCAGCGACC-1_1_1_1	CNP0000460_P03T	CNP0000460	DF.classifications_0.25_0.22_204	Singlet	pANN_0.25_0.22_204	0.18668407310705
CNP0000460_TTGCCGTTCCACTGGG-1_1_1_1	CNP0000460_P03T	CNP0000460	DF.classifications_0.25_0.22_204	Singlet	pANN_0.25_0.22_204	0.10313315926893
CNP0000460_TTGCGTCAGCAATCTC-1_1_1_1	CNP0000460_P03T	CNP0000460	DF.classifications_0.25_0.22_204	Singlet	pANN_0.25_0.22_204	0.107049608355091
CNP0000460_TTGCGTCAGCCTCGTG-1_1_1_1	CNP0000460_P03T	CNP0000460	DF.classifications_0.25_0.22_204	Singlet	pANN_0.25_0.22_204	0.274151436031332
CNP0000460_TTGCGTCAGGAGCGAG-1_1_1_1	CNP0000460_P03T	CNP0000460	DF.classifications_0.25_0.22_204	Singlet	pANN_0.25_0.22_204	0.106396866840731
CNP0000460_TTGCGTCAGTGATCGG-1_1_1_1	CNP0000460_P03T	CNP0000460	DF.classifications_0.25_0.22_204	Singlet	pANN_0.25_0.22_204	0.175587467362924
CNP0000460_TTGCGTCGTCGTCTTC-1_1_1_1	CNP0000460_P03T	CNP0000460	DF.classifications_0.25_0.22_204	Singlet	pANN_0.25_0.22_204	0.281984334203655
CNP0000460_TTGCGTCGTTGGGACA-1_1_1_1	CNP0000460_P03T	CNP0000460	DF.classifications_0.25_0.22_204	Singlet	pANN_0.25_0.22_204	0.260443864229765
CNP0000460_TTGCGTCTCCAGTAGT-1_1_1_1	CNP0000460_P03T	CNP0000460	DF.classifications_0.25_0.22_204	Singlet	pANN_0.25_0.22_204	0.110966057441253
CNP0000460_TTGCGTCTCTTACCTA-1_1_1_1	CNP0000460_P03T	CNP0000460	DF.classifications_0.25_0.22_204	Singlet	pANN_0.25_0.22_204	0.232375979112272
CNP0000460_TTGGAACAGAGTTGGC-1_1_1_1	CNP0000460_P03T	CNP0000460	DF.classifications_0.25_0.22_204	Singlet	pANN_0.25_0.22_204	0.10443864229765
CNP0000460_TTGGAACAGCTGAACG-1_1_1_1	CNP0000460_P03T	CNP0000460	DF.classifications_0.25_0.22_204	Singlet	pANN_0.25_0.22_204	0.0972584856396867
CNP0000460_TTGGAACCATCGATTG-1_1_1_1	CNP0000460_P03T	CNP0000460	DF.classifications_0.25_0.22_204	Singlet	pANN_0.25_0.22_204	0.356396866840731
CNP0000460_TTGGAACCATCTATGG-1_1_1_1	CNP0000460_P03T	CNP0000460	DF.classifications_0.25_0.22_204	Singlet	pANN_0.25_0.22_204	0.178851174934726
CNP0000460_TTGGAACGTGCAGTAG-1_1_1_1	CNP0000460_P03T	CNP0000460	DF.classifications_0.25_0.22_204	Singlet	pANN_0.25_0.22_204	0.0933420365535248
CNP0000460_TTGGAACGTTCACGGC-1_1_1_1	CNP0000460_P03T	CNP0000460	DF.classifications_0.25_0.22_204	Singlet	pANN_0.25_0.22_204	0.221932114882507
CNP0000460_TTGGAACTCAGGCCCA-1_1_1_1	CNP0000460_P03T	CNP0000460	DF.classifications_0.25_0.22_204	Singlet	pANN_0.25_0.22_204	0.118798955613577
CNP0000460_TTGGAACTCGCACTCT-1_1_1_1	CNP0000460_P03T	CNP0000460	DF.classifications_0.25_0.22_204	Singlet	pANN_0.25_0.22_204	0.0835509138381201
CNP0000460_TTGGAACTCGGCGCAT-1_1_1_1	CNP0000460_P03T	CNP0000460	DF.classifications_0.25_0.22_204	Singlet	pANN_0.25_0.22_204	0.360313315926893
CNP0000460_TTGGCAAAGCGATAGC-1_1_1_1	CNP0000460_P03T	CNP0000460	DF.classifications_0.25_0.22_204	Singlet	pANN_0.25_0.22_204	0.097911227154047
CNP0000460_TTGGCAAAGCTCAACT-1_1_1_1	CNP0000460_P03T	CNP0000460	DF.classifications_0.25_0.22_204	Singlet	pANN_0.25_0.22_204	0.358355091383812
CNP0000460_TTGGCAAAGCTGAAAT-1_1_1_1	CNP0000460_P03T	CNP0000460	DF.classifications_0.25_0.22_204	Singlet	pANN_0.25_0.22_204	0.281331592689295
CNP0000460_TTGGCAAAGTTGTCGT-1_1_1_1	CNP0000460_P03T	CNP0000460	DF.classifications_0.25_0.22_204	Singlet	pANN_0.25_0.22_204	0.107049608355091
CNP0000460_TTGGCAACAAGCGATG-1_1_1_1	CNP0000460_P03T	CNP0000460	DF.classifications_0.25_0.22_204	Singlet	pANN_0.25_0.22_204	0.349869451697128
CNP0000460_TTGGCAACATCCGCGA-1_1_1_1	CNP0000460_P03T	CNP0000460	DF.classifications_0.25_0.22_204	Singlet	pANN_0.25_0.22_204	0.10378590078329
CNP0000460_TTGGCAAGTAGCGTGA-1_1_1_1	CNP0000460_P03T	CNP0000460	DF.classifications_0.25_0.22_204	Singlet	pANN_0.25_0.22_204	0.188642297650131
CNP0000460_TTGGCAAGTCATTAGC-1_1_1_1	CNP0000460_P03T	CNP0000460	DF.classifications_0.25_0.22_204	Singlet	pANN_0.25_0.22_204	0.109660574412533
CNP0000460_TTGGCAAGTCGGATCC-1_1_1_1	CNP0000460_P03T	CNP0000460	DF.classifications_0.25_0.22_204	Singlet	pANN_0.25_0.22_204	0.0998694516971279
CNP0000460_TTGGCAAGTGGTCCGT-1_1_1_1	CNP0000460_P03T	CNP0000460	DF.classifications_0.25_0.22_204	Singlet	pANN_0.25_0.22_204	0.115535248041775
CNP0000460_TTGGCAAGTTACGTCA-1_1_1_1	CNP0000460_P03T	CNP0000460	DF.classifications_0.25_0.22_204	Singlet	pANN_0.25_0.22_204	0.0998694516971279
CNP0000460_TTGGCAAGTTCCCGAG-1_1_1_1	CNP0000460_P03T	CNP0000460	DF.classifications_0.25_0.22_204	Singlet	pANN_0.25_0.22_204	0.290469973890339
CNP0000460_TTGGCAATCACAGGCC-1_1_1_1	CNP0000460_P03T	CNP0000460	DF.classifications_0.25_0.22_204	Singlet	pANN_0.25_0.22_204	0.33289817232376
CNP0000460_TTGGCAATCCCAACGG-1_1_1_1	CNP0000460_P03T	CNP0000460	DF.classifications_0.25_0.22_204	Singlet	pANN_0.25_0.22_204	0.197780678851175
CNP0000460_TTGGCAATCTCTTATG-1_1_1_1	CNP0000460_P03T	CNP0000460	DF.classifications_0.25_0.22_204	Singlet	pANN_0.25_0.22_204	0.101174934725849
CNP0000460_TTGGCAATCTTGGGTA-1_1_1_1	CNP0000460_P03T	CNP0000460	DF.classifications_0.25_0.22_204	Singlet	pANN_0.25_0.22_204	0.18733681462141
CNP0000460_TTGTAGGAGAAACGCC-1_1_1_1	CNP0000460_P03T	CNP0000460	DF.classifications_0.25_0.22_204	Singlet	pANN_0.25_0.22_204	0.349869451697128
CNP0000460_TTGTAGGCAGCTTAAC-1_1_1_1	CNP0000460_P03T	CNP0000460	DF.classifications_0.25_0.22_204	Singlet	pANN_0.25_0.22_204	0.252610966057441
CNP0000460_TTGTAGGCAGTTCATG-1_1_1_1	CNP0000460_P03T	CNP0000460	DF.classifications_0.25_0.22_204	Singlet	pANN_0.25_0.22_204	0.0913838120104439
CNP0000460_TTGTAGGCATAAGACA-1_1_1_1	CNP0000460_P03T	CNP0000460	DF.classifications_0.25_0.22_204	Singlet	pANN_0.25_0.22_204	0.114882506527415
CNP0000460_TTGTAGGCATGTAAGA-1_1_1_1	CNP0000460_P03T	CNP0000460	DF.classifications_0.25_0.22_204	Singlet	pANN_0.25_0.22_204	0.146866840731071
CNP0000460_TTGTAGGGTGTTCGAT-1_1_1_1	CNP0000460_P03T	CNP0000460	DF.classifications_0.25_0.22_204	Singlet	pANN_0.25_0.22_204	0.184725848563969
CNP0000460_TTGTAGGGTTAAAGTG-1_1_1_1	CNP0000460_P03T	CNP0000460	DF.classifications_0.25_0.22_204	Singlet	pANN_0.25_0.22_204	0.255221932114883
CNP0000460_TTGTAGGTCGGCGCTA-1_1_1_1	CNP0000460_P03T	CNP0000460	DF.classifications_0.25_0.22_204	Singlet	pANN_0.25_0.22_204	0.14621409921671
CNP0000460_TTGTAGGTCTCTAGGA-1_1_1_1	CNP0000460_P03T	CNP0000460	DF.classifications_0.25_0.22_204	Singlet	pANN_0.25_0.22_204	0.263707571801567
CNP0000460_TTGTAGGTCTGACCTC-1_1_1_1	CNP0000460_P03T	CNP0000460	DF.classifications_0.25_0.22_204	Singlet	pANN_0.25_0.22_204	0.296997389033943
CNP0000460_TTTACTGAGACAAGCC-1_1_1_1	CNP0000460_P03T	CNP0000460	DF.classifications_0.25_0.22_204	Singlet	pANN_0.25_0.22_204	0.35443864229765
CNP0000460_TTTACTGAGTGGTCCC-1_1_1_1	CNP0000460_P03T	CNP0000460	DF.classifications_0.25_0.22_204	Singlet	pANN_0.25_0.22_204	0.0939947780678851
CNP0000460_TTTACTGAGTGTGGCA-1_1_1_1	CNP0000460_P03T	CNP0000460	DF.classifications_0.25_0.22_204	Singlet	pANN_0.25_0.22_204	0.295039164490862
CNP0000460_TTTACTGCAAGAGTCG-1_1_1_1	CNP0000460_P03T	CNP0000460	DF.classifications_0.25_0.22_204	Singlet	pANN_0.25_0.22_204	0.0842036553524804
CNP0000460_TTTACTGCAATAGCAA-1_1_1_1	CNP0000460_P03T	CNP0000460	DF.classifications_0.25_0.22_204	Singlet	pANN_0.25_0.22_204	0.149477806788512
CNP0000460_TTTACTGCATGCAACT-1_1_1_1	CNP0000460_P03T	CNP0000460	DF.classifications_0.25_0.22_204	Singlet	pANN_0.25_0.22_204	0.116840731070496
CNP0000460_TTTACTGCATGTAAGA-1_1_1_1	CNP0000460_P03T	CNP0000460	DF.classifications_0.25_0.22_204	Singlet	pANN_0.25_0.22_204	0.109660574412533
CNP0000460_TTTACTGGTATGAAAC-1_1_1_1	CNP0000460_P03T	CNP0000460	DF.classifications_0.25_0.22_204	Singlet	pANN_0.25_0.22_204	0.116840731070496
CNP0000460_TTTACTGGTCGCGTGT-1_1_1_1	CNP0000460_P03T	CNP0000460	DF.classifications_0.25_0.22_204	Singlet	pANN_0.25_0.22_204	0.274804177545692
CNP0000460_TTTACTGGTCTGCAAT-1_1_1_1	CNP0000460_P03T	CNP0000460	DF.classifications_0.25_0.22_204	Singlet	pANN_0.25_0.22_204	0.140992167101828
CNP0000460_TTTATGCAGGATGGAA-1_1_1_1	CNP0000460_P03T	CNP0000460	DF.classifications_0.25_0.22_204	Singlet	pANN_0.25_0.22_204	0.349869451697128
CNP0000460_TTTATGCCAATGCCAT-1_1_1_1	CNP0000460_P03T	CNP0000460	DF.classifications_0.25_0.22_204	Singlet	pANN_0.25_0.22_204	0.142297650130548
CNP0000460_TTTATGCCACCACCAG-1_1_1_1	CNP0000460_P03T	CNP0000460	DF.classifications_0.25_0.22_204	Singlet	pANN_0.25_0.22_204	0.165143603133159
CNP0000460_TTTATGCCAGATGGCA-1_1_1_1	CNP0000460_P03T	CNP0000460	DF.classifications_0.25_0.22_204	Singlet	pANN_0.25_0.22_204	0.151436031331593
CNP0000460_TTTATGCCAGTCGATT-1_1_1_1	CNP0000460_P03T	CNP0000460	DF.classifications_0.25_0.22_204	Singlet	pANN_0.25_0.22_204	0.0920365535248042
CNP0000460_TTTATGCCATGGGACA-1_1_1_1	CNP0000460_P03T	CNP0000460	DF.classifications_0.25_0.22_204	Singlet	pANN_0.25_0.22_204	0.35313315926893
CNP0000460_TTTATGCGTCGGGTCT-1_1_1_1	CNP0000460_P03T	CNP0000460	DF.classifications_0.25_0.22_204	Singlet	pANN_0.25_0.22_204	0.100522193211488
CNP0000460_TTTATGCGTGTCCTCT-1_1_1_1	CNP0000460_P03T	CNP0000460	DF.classifications_0.25_0.22_204	Singlet	pANN_0.25_0.22_204	0.280026109660574
CNP0000460_TTTATGCTCAGTGCAT-1_1_1_1	CNP0000460_P03T	CNP0000460	DF.classifications_0.25_0.22_204	Singlet	pANN_0.25_0.22_204	0.342036553524804
CNP0000460_TTTATGCTCGGATGGA-1_1_1_1	CNP0000460_P03T	CNP0000460	DF.classifications_0.25_0.22_204	Singlet	pANN_0.25_0.22_204	0.136422976501305
CNP0000460_TTTATGCTCTAACTCT-1_1_1_1	CNP0000460_P03T	CNP0000460	DF.classifications_0.25_0.22_204	Singlet	pANN_0.25_0.22_204	0.140992167101828
CNP0000460_TTTCCTCAGATGCCTT-1_1_1_1	CNP0000460_P03T	CNP0000460	DF.classifications_0.25_0.22_204	Singlet	pANN_0.25_0.22_204	0.107702349869452
CNP0000460_TTTCCTCAGCCGTCGT-1_1_1_1	CNP0000460_P03T	CNP0000460	DF.classifications_0.25_0.22_204	Singlet	pANN_0.25_0.22_204	0.262402088772846
CNP0000460_TTTCCTCAGGAGTCTG-1_1_1_1	CNP0000460_P03T	CNP0000460	DF.classifications_0.25_0.22_204	Doublet	pANN_0.25_0.22_204	0.362924281984334
CNP0000460_TTTCCTCAGTGATCGG-1_1_1_1	CNP0000460_P03T	CNP0000460	DF.classifications_0.25_0.22_204	Singlet	pANN_0.25_0.22_204	0.122062663185379
CNP0000460_TTTCCTCGTAATAGCA-1_1_1_1	CNP0000460_P03T	CNP0000460	DF.classifications_0.25_0.22_204	Singlet	pANN_0.25_0.22_204	0.129895561357702
CNP0000460_TTTCCTCGTATCAGTC-1_1_1_1	CNP0000460_P03T	CNP0000460	DF.classifications_0.25_0.22_204	Singlet	pANN_0.25_0.22_204	0.159921671018277
CNP0000460_TTTCCTCGTCCTGCTT-1_1_1_1	CNP0000460_P03T	CNP0000460	DF.classifications_0.25_0.22_204	Doublet	pANN_0.25_0.22_204	0.361618798955614
CNP0000460_TTTCCTCTCAGTTTGG-1_1_1_1	CNP0000460_P03T	CNP0000460	DF.classifications_0.25_0.22_204	Singlet	pANN_0.25_0.22_204	0.283289817232376
CNP0000460_TTTCCTCTCCCTGACT-1_1_1_1	CNP0000460_P03T	CNP0000460	DF.classifications_0.25_0.22_204	Singlet	pANN_0.25_0.22_204	0.281984334203655
CNP0000460_TTTCCTCTCCTCGCAT-1_1_1_1	CNP0000460_P03T	CNP0000460	DF.classifications_0.25_0.22_204	Singlet	pANN_0.25_0.22_204	0.345953002610966
CNP0000460_TTTCCTCTCCTCTAGC-1_1_1_1	CNP0000460_P03T	CNP0000460	DF.classifications_0.25_0.22_204	Singlet	pANN_0.25_0.22_204	0.136422976501305
CNP0000460_TTTCCTCTCTTCGAGA-1_1_1_1	CNP0000460_P03T	CNP0000460	DF.classifications_0.25_0.22_204	Singlet	pANN_0.25_0.22_204	0.169712793733681
CNP0000460_TTTGCGCAGCGTTCCG-1_1_1_1	CNP0000460_P03T	CNP0000460	DF.classifications_0.25_0.22_204	Singlet	pANN_0.25_0.22_204	0.0953002610966057
CNP0000460_TTTGCGCCAATTCCTT-1_1_1_1	CNP0000460_P03T	CNP0000460	DF.classifications_0.25_0.22_204	Singlet	pANN_0.25_0.22_204	0.113577023498695
CNP0000460_TTTGCGCCACGGCGTT-1_1_1_1	CNP0000460_P03T	CNP0000460	DF.classifications_0.25_0.22_204	Singlet	pANN_0.25_0.22_204	0.105744125326371
CNP0000460_TTTGCGCCAGTCTTCC-1_1_1_1	CNP0000460_P03T	CNP0000460	DF.classifications_0.25_0.22_204	Singlet	pANN_0.25_0.22_204	0.10509138381201
CNP0000460_TTTGCGCCATCTGGTA-1_1_1_1	CNP0000460_P03T	CNP0000460	DF.classifications_0.25_0.22_204	Singlet	pANN_0.25_0.22_204	0.14556135770235
CNP0000460_TTTGCGCCATTCGACA-1_1_1_1	CNP0000460_P03T	CNP0000460	DF.classifications_0.25_0.22_204	Singlet	pANN_0.25_0.22_204	0.10378590078329
CNP0000460_TTTGCGCGTAGCGTGA-1_1_1_1	CNP0000460_P03T	CNP0000460	DF.classifications_0.25_0.22_204	Singlet	pANN_0.25_0.22_204	0.0939947780678851
CNP0000460_TTTGCGCGTTAAGACA-1_1_1_1	CNP0000460_P03T	CNP0000460	DF.classifications_0.25_0.22_204	Singlet	pANN_0.25_0.22_204	0.240208877284595
CNP0000460_TTTGCGCTCAATCACG-1_1_1_1	CNP0000460_P03T	CNP0000460	DF.classifications_0.25_0.22_204	Doublet	pANN_0.25_0.22_204	0.373368146214099
CNP0000460_TTTGCGCTCAGTGCAT-1_1_1_1	CNP0000460_P03T	CNP0000460	DF.classifications_0.25_0.22_204	Singlet	pANN_0.25_0.22_204	0.113577023498695
CNP0000460_TTTGCGCTCCTAGTGA-1_1_1_1	CNP0000460_P03T	CNP0000460	DF.classifications_0.25_0.22_204	Singlet	pANN_0.25_0.22_204	0.227154046997389
CNP0000460_TTTGCGCTCGGCTTGG-1_1_1_1	CNP0000460_P03T	CNP0000460	DF.classifications_0.25_0.22_204	Singlet	pANN_0.25_0.22_204	0.280678851174935
CNP0000460_TTTGGTTAGAAGGCCT-1_1_1_1	CNP0000460_P03T	CNP0000460	DF.classifications_0.25_0.22_204	Singlet	pANN_0.25_0.22_204	0.135770234986945
CNP0000460_TTTGGTTAGTGGTCCC-1_1_1_1	CNP0000460_P03T	CNP0000460	DF.classifications_0.25_0.22_204	Singlet	pANN_0.25_0.22_204	0.120104438642298
CNP0000460_TTTGGTTCAATGAAAC-1_1_1_1	CNP0000460_P03T	CNP0000460	DF.classifications_0.25_0.22_204	Singlet	pANN_0.25_0.22_204	0.243472584856397
CNP0000460_TTTGGTTCACATGACT-1_1_1_1	CNP0000460_P03T	CNP0000460	DF.classifications_0.25_0.22_204	Singlet	pANN_0.25_0.22_204	0.132506527415144
CNP0000460_TTTGGTTCACGGCCAT-1_1_1_1	CNP0000460_P03T	CNP0000460	DF.classifications_0.25_0.22_204	Singlet	pANN_0.25_0.22_204	0.319190600522193
CNP0000460_TTTGGTTCAGCGTAAG-1_1_1_1	CNP0000460_P03T	CNP0000460	DF.classifications_0.25_0.22_204	Singlet	pANN_0.25_0.22_204	0.0972584856396867
CNP0000460_TTTGGTTCATGGTCAT-1_1_1_1	CNP0000460_P03T	CNP0000460	DF.classifications_0.25_0.22_204	Singlet	pANN_0.25_0.22_204	0.347258485639687
CNP0000460_TTTGGTTGTGTCTGAT-1_1_1_1	CNP0000460_P03T	CNP0000460	DF.classifications_0.25_0.22_204	Singlet	pANN_0.25_0.22_204	0.351827676240209
CNP0000460_TTTGGTTGTTACAGAA-1_1_1_1	CNP0000460_P03T	CNP0000460	DF.classifications_0.25_0.22_204	Singlet	pANN_0.25_0.22_204	0.106396866840731
CNP0000460_TTTGGTTGTTGTCTTT-1_1_1_1	CNP0000460_P03T	CNP0000460	DF.classifications_0.25_0.22_204	Singlet	pANN_0.25_0.22_204	0.107049608355091
CNP0000460_TTTGGTTTCATCTGCC-1_1_1_1	CNP0000460_P03T	CNP0000460	DF.classifications_0.25_0.22_204	Singlet	pANN_0.25_0.22_204	0.293080939947781
CNP0000460_TTTGGTTTCCATGCTC-1_1_1_1	CNP0000460_P03T	CNP0000460	DF.classifications_0.25_0.22_204	Singlet	pANN_0.25_0.22_204	0.351827676240209
CNP0000460_TTTGGTTTCCGGCACA-1_1_1_1	CNP0000460_P03T	CNP0000460	DF.classifications_0.25_0.22_204	Singlet	pANN_0.25_0.22_204	0.0907310704960835
CNP0000460_TTTGGTTTCGCTAGCG-1_1_1_1	CNP0000460_P03T	CNP0000460	DF.classifications_0.25_0.22_204	Singlet	pANN_0.25_0.22_204	0.35378590078329
CNP0000460_TTTGTCACAGCAGTTT-1_1_1_1	CNP0000460_P03T	CNP0000460	DF.classifications_0.25_0.22_204	Singlet	pANN_0.25_0.22_204	0.0868146214099217
CNP0000460_TTTGTCAGTTCCTCCA-1_1_1_1	CNP0000460_P03T	CNP0000460	DF.classifications_0.25_0.22_204	Singlet	pANN_0.25_0.22_204	0.210182767624021
CNP0000460_TTTGTCATCACTCCTG-1_1_1_1	CNP0000460_P03T	CNP0000460	DF.classifications_0.25_0.22_204	Singlet	pANN_0.25_0.22_204	0.357049608355091
CNP0000460_TTTGTCATCATCATTC-1_1_1_1	CNP0000460_P03T	CNP0000460	DF.classifications_0.25_0.22_204	Singlet	pANN_0.25_0.22_204	0.351827676240209
